日期,成交股數,成交金額,開盤價,最高價,最低價,收盤價,漲跌價差,成交筆數,註記
109/01/02,"7,278,644","310,131,372",42.60,42.70,42.50,42.55, 0.00,"2,915",
109/01/03,"13,218,013","564,770,451",42.65,42.85,42.55,42.80,+0.25,"5,294",
109/01/06,"15,638,272","662,334,809",42.60,42.60,42.25,42.25,-0.55,"5,825",
109/01/07,"9,665,368","407,993,676",42.25,42.40,42.10,42.20,-0.05,"4,076",
109/01/08,"16,128,074","675,308,511",42.00,42.00,41.80,41.80,-0.40,"6,100",
109/01/09,"11,479,072","481,716,474",42.00,42.05,41.85,42.00,+0.20,"4,899",
109/01/10,"16,788,228","705,599,736",42.00,42.10,41.95,42.05,+0.05,"5,610",
109/01/13,"24,958,859","1,065,850,628",42.40,42.90,42.40,42.85,+0.80,"8,979",
109/01/14,"20,215,614","867,674,161",43.05,43.05,42.65,42.85, 0.00,"6,650",
109/01/15,"11,983,617","513,156,892",43.00,43.00,42.70,42.90,+0.05,"4,504",
109/01/16,"11,374,198","487,648,910",42.80,42.95,42.70,42.95,+0.05,"4,429",
109/01/17,"14,646,572","629,664,696",43.00,43.10,42.90,43.10,+0.15,"5,523",
109/01/20,"14,093,702","607,266,715",43.10,43.15,43.00,43.10, 0.00,"5,599",
109/01/30,"60,719,128","2,496,397,398",41.95,41.95,40.55,40.60,-2.50,"21,033",
109/01/31,"24,590,700","1,003,628,503",40.65,41.15,40.55,40.65,+0.05,"9,259",
109/02/03,"27,390,891","1,095,389,623",40.00,40.25,39.65,40.20,-0.45,"10,547",
109/02/04,"16,293,668","660,574,189",40.20,40.85,40.05,40.70,+0.50,"5,750",
109/02/05,"14,600,793","596,192,063",40.80,41.00,40.50,40.95,+0.25,"5,507",
109/02/06,"14,920,902","616,439,231",41.10,41.50,41.10,41.50,+0.55,"5,185",
109/02/07,"13,451,984","552,151,001",41.15,41.20,40.90,41.05,-0.45,"4,404",
109/02/10,"10,902,984","445,154,444",40.70,40.95,40.55,40.90,-0.15,"3,715",
109/02/11,"18,278,678","760,542,413",41.35,41.80,41.35,41.65,+0.75,"6,328",
109/02/12,"16,604,326","695,464,907",41.90,42.05,41.65,41.80,+0.15,"6,218",
109/02/13,"9,296,205","387,480,810",41.90,41.95,41.55,41.60,-0.20,"3,879",
109/02/14,"6,511,628","270,913,081",41.50,41.70,41.45,41.65,+0.05,"2,437",
109/02/17,"8,534,426","353,074,344",41.50,41.50,41.30,41.40,-0.25,"3,249",
109/02/18,"8,379,100","345,979,858",41.35,41.50,41.15,41.50,+0.10,"3,190",
109/02/19,"9,651,480","401,849,429",41.55,41.80,41.35,41.75,+0.25,"3,991",
109/02/20,"10,083,940","420,399,471",41.80,41.90,41.55,41.60,-0.15,"4,056",
109/02/21,"9,757,302","403,598,454",41.40,41.50,41.30,41.30,-0.30,"3,596",
109/02/24,"19,099,477","781,008,157",41.00,41.10,40.75,40.85,-0.45,"6,770",
109/02/25,"12,097,487","492,178,667",40.50,40.85,40.45,40.70,-0.15,"5,377",
109/02/26,"16,561,684","671,293,278",40.40,40.75,40.30,40.65,-0.05,"5,689",
109/02/27,"38,869,901","1,562,575,512",40.70,40.75,40.00,40.05,-0.60,"14,664",
109/03/02,"46,167,731","1,822,885,454",39.00,40.00,39.00,39.50,-0.55,"18,415",
109/03/03,"22,652,833","903,130,520",39.80,40.00,39.80,39.80,+0.30,"7,906",
109/03/04,"17,659,638","702,251,620",39.65,39.90,39.60,39.75,-0.05,"5,431",
109/03/05,"10,482,185","420,503,943",40.10,40.20,40.00,40.15,+0.40,"3,510",
109/03/06,"31,591,049","1,250,187,210",39.85,39.95,39.50,39.50,-0.65,"12,233",
109/03/09,"49,790,636","1,925,522,173",39.00,39.00,38.30,38.55,-0.95,"20,451",
109/03/10,"30,264,086","1,177,337,088",38.30,39.30,38.30,39.00,+0.45,"10,631",
109/03/11,"27,116,731","1,054,699,459",39.00,39.15,38.55,38.60,-0.40,"9,549",
109/03/12,"51,516,707","1,946,835,395",38.50,38.50,37.50,37.50,-1.10,"19,225",
109/03/13,"56,222,628","2,012,960,153",35.70,37.00,35.00,37.00,-0.50,"19,497",
109/03/16,"36,139,465","1,302,986,990",36.70,36.70,35.70,35.80,-1.20,"14,036",
109/03/17,"47,110,829","1,648,759,300",35.00,35.40,34.80,35.00,-0.80,"15,797",
109/03/18,"36,276,918","1,263,780,681",35.05,35.15,34.55,34.65,-0.35,"13,239",
109/03/19,"51,152,800","1,737,992,623",34.05,34.25,33.80,34.00,-0.65,"17,289",
109/03/20,"46,218,860","1,625,277,293",34.35,35.80,34.35,35.10,+1.10,"14,225",
109/03/23,"20,202,138","692,974,742",34.15,34.70,33.95,34.15,-0.95,"7,969",
109/03/24,"23,633,810","827,466,244",34.80,35.30,34.65,34.65,+0.50,"7,530",
109/03/25,"24,031,348","852,042,049",35.35,35.80,35.10,35.30,+0.65,"8,241",
109/03/26,"15,037,487","531,317,425",35.55,35.55,35.05,35.25,-0.05,"4,993",
109/03/27,"24,014,782","860,853,792",35.80,36.05,35.60,35.80,+0.55,"7,749",
109/03/30,"14,437,669","512,018,409",35.20,35.80,35.00,35.80, 0.00,"4,879",
109/03/31,"22,078,895","784,154,800",36.00,36.10,35.20,35.30,-0.50,"6,674",
109/04/01,"11,102,464","392,858,424",35.35,35.60,35.15,35.25,-0.05,"3,529",
109/04/06,"27,794,930","980,693,872",35.85,35.90,35.00,35.05,-0.20,"8,182",
109/04/07,"21,590,889","760,984,334",35.50,35.60,34.90,35.35,+0.30,"7,850",
109/04/08,"19,165,464","684,517,406",35.35,35.95,35.30,35.75,+0.40,"6,185",
109/04/09,"14,218,695","514,181,027",36.10,36.30,36.05,36.20,+0.45,"5,550",
109/04/10,"30,765,179","1,153,325,973",36.60,38.00,36.60,37.80,+1.60,"12,601",
109/04/13,"14,516,466","544,108,827",37.90,37.95,37.25,37.40,-0.40,"6,112",
109/04/14,"20,900,183","790,785,354",37.50,38.10,37.40,38.00,+0.60,"6,773",
109/04/15,"17,651,239","674,075,109",38.25,38.35,38.05,38.30,+0.30,"8,002",
109/04/16,"18,844,965","711,053,110",37.80,37.85,37.60,37.80,-0.50,"6,204",
109/04/17,"22,486,374","862,889,066",38.10,38.75,38.10,38.20,+0.40,"7,386",
109/04/20,"14,203,510","540,738,427",38.20,38.30,37.95,38.00,-0.20,"3,623",
109/04/21,"20,046,565","746,713,872",37.90,37.95,36.90,37.00,-1.00,"7,798",
109/04/22,"13,152,910","484,964,203",36.70,37.20,36.55,37.20,+0.20,"4,742",
109/04/23,"10,311,126","384,563,929",37.05,37.60,37.00,37.25,+0.05,"3,364",
109/04/24,"6,609,832","245,477,111",37.30,37.35,37.00,37.05,-0.20,"2,426",
109/04/27,"14,557,482","550,226,716",37.50,38.00,37.35,38.00,+0.95,"5,206",
109/04/28,"11,350,825","431,772,491",38.20,38.20,37.90,38.00, 0.00,"4,348",
109/04/29,"21,978,870","848,548,611",38.15,38.90,38.15,38.45,+0.45,"7,396",
109/04/30,"42,317,052","1,678,356,401",39.25,39.90,39.20,39.90,+1.45,"14,031",
109/05/04,"30,259,299","1,175,655,247",39.00,39.15,38.50,38.80,-1.10,"11,560",
109/05/05,"11,253,899","438,964,061",39.00,39.20,38.80,38.90,+0.10,"4,204",
109/05/06,"13,235,900","513,620,715",38.90,39.05,38.50,38.80,-0.10,"4,999",
109/05/07,"11,748,984","458,152,976",38.80,39.25,38.80,38.85,+0.05,"4,281",
109/05/08,"11,447,894","449,449,532",39.25,39.50,39.05,39.25,+0.40,"4,095",
109/05/11,"14,051,677","558,452,097",39.50,39.90,39.50,39.60,+0.35,"5,738",
109/05/12,"12,594,120","497,497,710",39.40,39.70,39.30,39.60, 0.00,"4,602",
109/05/13,"9,596,661","378,452,144",39.40,39.55,39.35,39.55,-0.05,"4,915",
109/05/14,"10,877,325","426,895,133",39.35,39.50,39.10,39.15,-0.40,"4,577",
109/05/15,"11,104,791","434,499,453",39.35,39.50,38.85,39.05,-0.10,"4,350",
109/05/18,"8,126,279","317,117,653",39.00,39.15,38.90,39.00,-0.05,"2,924",
109/05/19,"14,529,508","573,395,244",39.65,39.65,39.30,39.45,+0.45,"4,549",
109/05/20,"13,574,646","538,378,777",39.60,39.80,39.50,39.65,+0.20,"5,082",
109/05/21,"12,838,986","511,666,814",39.65,39.95,39.60,39.95,+0.30,"5,076",
109/05/22,"14,139,844","557,123,406",39.80,39.85,39.20,39.25,-0.70,"5,476",
109/05/25,"7,601,824","297,221,986",39.30,39.50,38.85,39.15,-0.10,"3,148",
109/05/26,"26,640,104","1,062,458,204",39.25,40.10,39.15,39.90,+0.75,"8,914",
109/05/27,"12,223,147","490,338,018",40.10,40.30,40.00,40.15,+0.25,"4,475",
109/05/28,"19,969,835","794,724,954",40.30,40.30,39.45,39.50,-0.65,"6,706",
109/05/29,"31,856,948","1,270,504,850",39.30,40.05,39.20,40.05,+0.55,"8,542",
109/06/01,"18,374,393","740,326,411",40.20,40.45,40.10,40.25,+0.20,"6,230",
109/06/02,"23,533,305","950,025,369",40.25,40.45,40.25,40.35,+0.10,"5,085",
109/06/03,"40,552,473","1,664,767,795",40.70,41.40,40.60,41.40,+1.05,"15,251",
109/06/04,"28,123,409","1,167,218,338",41.55,41.70,41.35,41.55,+0.15,"11,755",
109/06/05,"16,779,526","697,343,662",41.55,41.75,41.25,41.60,+0.05,"6,187",
109/06/08,"23,156,097","970,023,953",41.75,42.00,41.65,41.90,+0.30,"7,129",
109/06/09,"19,566,964","821,220,639",41.95,42.10,41.80,42.00,+0.10,"5,947",
109/06/10,"19,836,836","838,760,296",42.00,42.50,41.90,42.35,+0.35,"7,276",
109/06/11,"38,334,793","1,593,523,663",42.35,42.55,41.00,41.00,-1.35,"11,668",
109/06/12,"21,956,831","890,768,082",40.35,40.80,40.25,40.70,-0.30,"6,520",
109/06/15,"22,083,939","908,416,034",40.80,41.70,40.70,40.90,+0.20,"8,473",
109/06/16,"23,294,089","973,425,247",41.40,42.00,41.35,41.90,+1.00,"7,231",
109/06/17,"23,150,952","974,490,484",42.00,42.25,41.75,42.20,+0.30,"9,676",
109/06/18,"19,442,390","817,487,601",42.25,42.30,41.75,42.15,-0.05,"6,187",
109/06/19,"20,629,825","868,088,750",42.20,42.20,41.95,42.10,-0.05,"3,905",
109/06/22,"13,901,563","584,637,246",42.10,42.15,41.95,42.10, 0.00,"3,756",
109/06/23,"19,544,653","825,499,860",42.35,42.40,42.00,42.30,+0.20,"4,931",
109/06/24,"16,643,644","703,547,280",42.35,42.40,42.20,42.20,-0.10,"4,098",
109/06/29,"21,349,808","894,808,518",41.95,42.00,41.80,41.90,-0.30,"7,721",
109/06/30,"41,696,078","1,748,008,200",42.00,42.10,41.85,41.85,-0.05,"9,707",
109/07/01,"23,127,719","931,657,893",40.10,40.50,40.00,40.35,X0.00,"7,334",
109/07/02,"11,970,005","483,430,550",40.40,40.50,40.30,40.30,-0.05,"4,078",
109/07/03,"12,642,918","513,471,095",40.60,40.75,40.40,40.75,+0.45,"4,778",
109/07/06,"21,223,068","872,177,538",40.75,41.30,40.75,41.25,+0.50,"6,548",
109/07/07,"18,321,838","751,651,683",41.35,41.40,40.90,40.95,-0.30,"5,355",
109/07/08,"13,173,684","538,677,216",40.90,41.10,40.75,40.95, 0.00,"4,704",
109/07/09,"16,594,936","678,130,964",40.90,41.25,40.60,40.60,-0.35,"5,868",
109/07/10,"12,511,297","505,382,187",40.70,40.70,40.25,40.25,-0.35,"4,937",
109/07/13,"13,731,172","559,684,459",40.80,40.95,40.50,40.95,+0.70,"4,674",
109/07/14,"10,702,996","435,497,455",40.60,40.85,40.60,40.70,-0.25,"3,929",
109/07/15,"13,422,821","547,030,526",40.95,40.95,40.60,40.65,-0.05,"5,128",
109/07/16,"12,857,760","522,973,526",40.75,40.85,40.55,40.55,-0.10,"3,703",
109/07/17,"10,933,596","444,088,433",40.85,40.90,40.50,40.50,-0.05,"3,181",
109/07/20,"9,322,408","377,055,071",40.50,40.70,40.35,40.40,-0.10,"3,193",
109/07/21,"20,419,476","827,349,780",40.65,40.80,40.40,40.40, 0.00,"5,339",
109/07/22,"12,689,352","515,308,981",40.45,40.75,40.45,40.65,+0.25,"3,463",
109/07/23,"11,304,404","456,927,256",40.60,40.60,40.30,40.35,-0.30,"3,589",
109/07/24,"13,453,021","540,695,137",40.20,40.35,40.10,40.10,-0.25,"4,284",
109/07/27,"17,805,344","712,195,048",40.05,40.40,39.75,39.75,-0.35,"5,389",
109/07/28,"19,905,789","791,005,668",39.60,40.00,39.60,39.65,-0.10,"6,023",
109/07/29,"15,583,394","625,001,449",39.90,40.40,39.80,40.10,+0.45,"6,225",
109/07/30,"17,496,543","699,286,898",40.45,40.45,39.80,40.10, 0.00,"6,621",
109/07/31,"23,331,592","926,305,247",39.95,39.95,39.60,39.60,-0.50,"6,184",
109/08/03,"22,080,484","869,281,273",39.60,39.65,39.20,39.25,-0.35,"7,943",
109/08/04,"8,703,393","345,269,923",39.35,39.80,39.30,39.80,+0.55,"2,776",
109/08/05,"9,249,278","368,471,600",39.85,39.95,39.60,39.85,+0.05,"3,621",
109/08/06,"11,907,804","477,956,559",39.95,40.30,39.90,40.20,+0.35,"4,104",
109/08/07,"10,247,502","409,424,980",40.20,40.20,39.85,39.85,-0.35,"3,309",
109/08/10,"14,248,291","574,665,430",39.85,40.50,39.85,40.45,+0.60,"4,793",
109/08/11,"18,766,412","750,756,030",40.00,40.15,39.90,39.95,-0.50,"5,745",
109/08/12,"19,316,728","778,149,645",39.95,40.45,39.95,40.45,+0.50,"6,252",
109/08/13,"15,652,407","634,803,325",40.50,40.70,40.40,40.70,+0.25,"5,304",
109/08/14,"7,782,293","313,871,930",40.45,40.50,40.10,40.30,-0.40,"2,531",
109/08/17,"11,414,110","463,332,387",40.35,40.80,40.20,40.70,+0.40,"3,864",
109/08/18,"7,268,544","294,535,752",40.60,40.60,40.40,40.60,-0.10,"2,601",
109/08/19,"18,160,932","740,528,206",40.75,41.00,40.55,40.55,-0.05,"6,551",
109/08/20,"23,997,672","957,809,530",40.45,40.50,39.60,39.80,-0.75,"7,570",
109/08/21,"10,106,668","403,128,570",39.90,40.05,39.75,39.85,+0.05,"3,871",
109/08/24,"6,437,891","256,880,081",39.90,40.00,39.80,39.90,+0.05,"2,061",
109/08/25,"15,519,774","625,656,846",39.90,40.55,39.85,40.50,+0.60,"4,934",
109/08/26,"13,350,739","538,181,784",40.25,40.55,40.10,40.55,+0.05,"4,235",
109/08/27,"11,141,671","447,675,555",40.55,40.55,40.00,40.00,-0.55,"4,344",
109/08/28,"14,023,456","560,845,340",40.00,40.15,39.90,39.95,-0.05,"5,147",
109/08/31,"20,661,160","824,185,486",40.05,40.20,39.75,39.85,-0.10,"4,989",
109/09/01,"17,984,102","715,448,108",39.90,39.95,39.65,39.85, 0.00,"3,761",
109/09/02,"17,177,109","680,677,194",39.95,39.95,39.50,39.55,-0.30,"6,018",
109/09/03,"14,504,491","576,752,876",39.70,40.00,39.60,39.85,+0.30,"5,123",
109/09/04,"15,495,770","611,855,813",39.50,39.65,39.30,39.45,-0.40,"5,855",
109/09/07,"11,318,990","446,163,257",39.45,39.65,39.35,39.35,-0.10,"3,786",
109/09/08,"9,241,492","364,238,386",39.40,39.60,39.35,39.55,+0.20,"3,834",
109/09/09,"12,814,934","503,103,445",39.35,39.50,39.10,39.45,-0.10,"5,523",
109/09/10,"11,172,822","442,102,498",39.55,39.80,39.35,39.75,+0.30,"4,002",
109/09/11,"12,904,673","513,910,231",39.80,40.00,39.65,39.90,+0.15,"4,882",
109/09/14,"11,675,886","466,251,679",39.90,40.10,39.75,40.10,+0.20,"3,900",
109/09/15,"10,974,435","438,979,297",40.05,40.10,39.90,40.10, 0.00,"3,854",
109/09/16,"13,987,776","560,326,409",40.10,40.20,39.95,40.20,+0.10,"3,934",
109/09/17,"18,240,987","726,265,542",40.00,40.10,39.65,39.65,-0.55,"6,919",
109/09/18,"19,888,694","786,461,246",39.70,39.80,39.50,39.50,-0.15,"4,729",
109/09/21,"21,107,805","828,529,321",39.45,39.50,39.10,39.10,-0.40,"10,029",
109/09/22,"14,943,820","581,788,299",39.10,39.15,38.80,39.00,-0.10,"5,131",
109/09/23,"16,774,019","650,998,988",39.00,39.00,38.70,39.00, 0.00,"5,753",
109/09/24,"26,794,853","1,023,064,358",38.80,38.80,38.00,38.00,-1.00,"10,984",
109/09/25,"12,900,119","491,726,962",38.05,38.35,38.00,38.10,+0.10,"5,743",
109/09/28,"8,827,394","338,983,661",38.20,38.55,38.20,38.55,+0.45,"2,604",
109/09/29,"10,949,480","423,741,641",38.65,38.80,38.60,38.70,+0.15,"2,612",
109/09/30,"9,070,874","351,263,382",38.85,38.90,38.60,38.60,-0.10,"2,757",
109/10/05,"8,935,109","344,609,580",38.70,38.80,38.40,38.45,-0.15,"3,661",
109/10/06,"7,932,694","306,979,227",38.60,38.80,38.50,38.65,+0.20,"2,663",
109/10/07,"7,605,459","294,035,229",38.60,38.75,38.60,38.60,-0.05,"2,433",
109/10/08,"13,472,473","518,205,104",38.60,38.65,38.40,38.45,-0.15,"4,558",
109/10/12,"11,367,217","437,405,455",38.60,38.70,38.30,38.60,+0.15,"4,447",
109/10/13,"10,367,013","398,760,456",38.65,38.70,38.35,38.45,-0.15,"3,636",
109/10/14,"15,818,078","611,071,001",38.45,38.90,38.45,38.60,+0.15,"3,892",
109/10/15,"15,332,209","587,165,032",38.45,38.60,38.20,38.20,-0.40,"6,061",
109/10/16,"10,972,262","419,299,833",38.25,38.35,38.15,38.15,-0.05,"4,414",
109/10/19,"7,433,457","285,450,906",38.25,38.55,38.25,38.40,+0.25,"2,561",
109/10/20,"8,832,790","338,399,603",38.40,38.45,38.20,38.45,+0.05,"2,996",
109/10/21,"9,068,727","348,498,403",38.45,38.55,38.30,38.40,-0.05,"4,327",
109/10/22,"17,598,249","677,616,675",38.35,38.60,38.30,38.50,+0.10,"3,320",
109/10/23,"8,323,406","320,542,997",38.50,38.60,38.40,38.60,+0.10,"2,382",
109/10/26,"10,873,867","421,997,434",38.60,39.00,38.60,38.95,+0.35,"3,814",
109/10/27,"9,209,097","355,869,154",38.70,38.80,38.55,38.60,-0.35,"2,956",
109/10/28,"10,303,156","396,556,351",38.60,38.70,38.40,38.60, 0.00,"4,161",
109/10/29,"15,436,379","589,688,155",38.25,38.30,38.15,38.15,-0.45,"6,167",
109/10/30,"18,130,477","695,171,115",38.15,38.55,38.15,38.40,+0.25,"3,518",
109/11/02,"8,454,721","325,438,171",38.40,38.65,38.30,38.65,+0.25,"2,964",
109/11/03,"10,482,329","407,318,492",38.75,38.95,38.75,38.90,+0.25,"3,827",
109/11/04,"16,815,803","655,983,519",38.55,39.15,38.55,39.15,+0.25,"4,535",
109/11/05,"9,357,512","366,017,765",39.20,39.25,38.90,39.20,+0.05,"2,924",
109/11/06,"8,107,374","317,825,057",39.20,39.30,39.00,39.30,+0.10,"3,177",
109/11/09,"15,544,022","614,973,131",39.50,39.70,39.35,39.60,+0.30,"4,999",
109/11/10,"48,704,377","1,959,964,762",39.80,40.40,39.80,40.40,+0.80,"15,987",
109/11/11,"48,143,104","1,972,301,869",40.60,41.25,40.55,41.25,+0.85,"17,359",
109/11/12,"26,710,586","1,083,862,310",41.15,41.15,40.20,40.55,-0.70,"8,269",
109/11/13,"11,727,454","474,721,012",40.50,40.60,40.40,40.55, 0.00,"3,596",
109/11/16,"17,820,445","728,387,966",40.95,41.00,40.70,40.95,+0.40,"5,780",
109/11/17,"41,461,513","1,714,539,590",41.30,41.50,41.05,41.50,+0.55,"14,069",
109/11/18,"32,171,772","1,342,731,760",41.80,41.85,41.55,41.80,+0.30,"10,114",
109/11/19,"17,811,586","739,972,691",41.80,41.80,41.40,41.50,-0.30,"5,692",
109/11/20,"20,391,909","839,137,610",41.50,41.50,41.00,41.30,-0.20,"7,029",
109/11/23,"16,994,711","708,008,074",41.45,41.80,41.40,41.70,+0.40,"6,723",
109/11/24,"11,002,363","457,666,715",41.75,41.80,41.50,41.50,-0.20,"4,208",
109/11/25,"15,449,102","643,443,702",41.75,41.80,41.45,41.45,-0.05,"4,840",
109/11/26,"13,835,357","573,193,727",41.55,41.70,41.30,41.50,+0.05,"6,718",
109/11/27,"14,066,243","581,841,191",41.40,41.60,41.25,41.35,-0.15,"5,028",
109/11/30,"54,804,801","2,231,152,432",41.45,41.50,40.40,40.40,-0.95,"12,543",
109/12/01,"17,427,379","706,742,457",40.60,40.75,40.35,40.70,+0.30,"6,603",
109/12/02,"23,943,477","969,905,926",40.50,40.65,40.45,40.50,-0.20,"7,887",
109/12/03,"25,160,988","1,016,305,303",40.45,40.60,40.30,40.30,-0.20,"8,822",
109/12/04,"28,365,964","1,147,016,152",40.25,40.75,40.20,40.75,+0.45,"7,702",
109/12/07,"26,327,926","1,073,575,483",40.85,40.95,40.50,40.95,+0.20,"6,685",
109/12/08,"21,706,886","881,129,189",40.55,40.95,40.35,40.95, 0.00,"5,924",
109/12/09,"19,971,248","815,733,914",40.85,41.00,40.60,41.00,+0.05,"6,061",
109/12/10,"31,762,795","1,310,645,528",41.00,41.45,40.80,41.45,+0.45,"9,086",
109/12/11,"48,361,156","2,027,671,490",41.70,42.15,41.60,41.95,+0.50,"14,830",
109/12/14,"24,736,173","1,034,472,559",42.00,42.10,41.65,41.80,-0.15,"7,170",
109/12/15,"21,519,665","885,872,135",41.70,41.80,40.90,41.10,-0.70,"6,312",
109/12/16,"15,535,763","642,909,382",41.25,41.55,41.20,41.55,+0.45,"6,552",
109/12/17,"12,265,452","506,155,413",41.50,41.55,41.15,41.35,-0.20,"3,999",
109/12/18,"16,340,597","673,058,350",41.35,41.50,41.05,41.20,-0.15,"4,996",
109/12/21,"12,544,477","517,777,789",41.35,41.55,41.05,41.55,+0.35,"4,264",
109/12/22,"10,285,843","424,609,251",41.45,41.45,41.05,41.05,-0.50,"3,402",
109/12/23,"8,022,743","328,758,300",40.95,41.10,40.85,40.95,-0.10,"2,570",
109/12/24,"8,760,297","359,846,995",41.05,41.25,40.95,41.00,+0.05,"3,093",
109/12/25,"5,613,417","230,729,967",41.20,41.20,41.00,41.15,+0.15,"2,130",
109/12/28,"7,950,487","327,641,003",41.20,41.35,41.10,41.30,+0.15,"3,122",
109/12/29,"9,799,386","405,505,388",41.40,41.50,41.30,41.35,+0.05,"3,277",
109/12/30,"44,167,665","1,852,672,506",41.40,42.25,41.40,42.20,+0.85,"14,410",
109/12/31,"26,813,984","1,135,341,973",42.45,42.60,42.15,42.25,+0.05,"7,764",
110/01/04,"18,799,048","789,874,115",42.20,42.25,41.65,42.05,-0.20,"6,298",
110/01/05,"16,688,555","702,014,598",41.85,42.20,41.80,42.10,+0.05,"5,318",
110/01/06,"24,468,024","1,022,566,381",42.00,42.20,41.50,41.55,-0.55,"9,283",
110/01/07,"28,188,564","1,179,491,742",41.90,42.05,41.60,41.90,+0.35,"8,896",
110/01/08,"50,760,852","2,155,569,995",42.05,43.00,41.80,42.85,+0.95,"16,112",
110/01/11,"39,899,072","1,702,601,855",42.80,43.30,42.15,42.60,-0.25,"13,023",
110/01/12,"33,145,524","1,408,419,084",42.65,42.95,42.05,42.30,-0.30,"10,633",
110/01/13,"25,663,778","1,087,653,652",42.30,42.50,42.20,42.40,+0.10,"6,616",
110/01/14,"19,135,544","809,831,771",42.45,42.50,42.20,42.50,+0.10,"5,452",
110/01/15,"29,865,044","1,256,186,930",42.55,42.55,41.80,41.80,-0.70,"8,053",
110/01/18,"24,765,657","1,022,350,637",41.70,41.70,41.15,41.20,-0.60,"7,017",
110/01/19,"13,141,992","543,965,376",41.25,41.50,41.25,41.35,+0.15,"4,019",
110/01/20,"40,111,350","1,641,197,961",41.20,41.20,40.65,40.65,-0.70,"11,001",
110/01/21,"18,670,335","761,333,928",40.75,40.95,40.65,40.65, 0.00,"6,037",
110/01/22,"22,400,759","909,900,964",40.80,40.85,40.55,40.55,-0.10,"6,220",
110/01/25,"19,132,991","782,309,541",40.60,41.10,40.55,41.00,+0.45,"5,454",
110/01/26,"29,753,199","1,209,832,582",41.05,41.10,40.50,40.50,-0.50,"9,335",
110/01/27,"21,294,196","864,035,841",40.65,40.80,40.50,40.50, 0.00,"5,053",
110/01/28,"35,357,261","1,419,764,550",40.20,40.40,40.00,40.10,-0.40,"10,582",
110/01/29,"33,534,212","1,341,023,976",40.15,40.25,39.90,39.90,-0.20,"8,622",
110/02/01,"18,019,434","720,431,113",39.90,40.15,39.90,39.90, 0.00,"5,689",
110/02/02,"26,272,744","1,058,217,403",40.00,40.50,40.00,40.30,+0.40,"8,729",
110/02/03,"19,747,768","795,951,845",40.35,40.45,40.10,40.30, 0.00,"3,385",
110/02/04,"14,637,595","593,467,281",40.30,40.75,40.25,40.70,+0.40,"4,635",
110/02/05,"16,243,915","660,110,234",40.75,41.00,40.40,40.60,-0.10,"4,724",
110/02/17,"53,033,119","2,209,942,961",41.30,42.25,41.20,41.95,+1.35,"16,945",
110/02/18,"33,070,308","1,397,772,870",41.95,42.50,41.90,42.20,+0.25,"10,719",
110/02/19,"23,553,191","985,385,826",42.15,42.15,41.60,41.85,-0.35,"6,780",
110/02/22,"21,980,341","923,582,346",41.90,42.35,41.85,42.05,+0.20,"6,944",
110/02/23,"39,862,344","1,693,227,182",42.10,42.80,42.05,42.70,+0.65,"11,598",
110/02/24,"39,884,773","1,708,091,871",42.85,43.10,42.50,42.65,-0.05,"10,808",
110/02/25,"65,022,752","2,816,589,813",43.05,43.70,42.80,43.60,+0.95,"19,744",
110/02/26,"76,715,547","3,258,427,670",43.00,43.45,41.95,41.95,-1.65,"16,354",
110/03/02,"31,878,404","1,348,002,141",42.55,42.75,41.90,41.90,-0.05,"8,356",
110/03/03,"34,014,213","1,446,373,269",42.15,42.80,42.10,42.55,+0.65,"7,946",
110/03/04,"25,415,828","1,073,228,254",42.55,42.65,42.00,42.35,-0.20,"7,341",
110/03/05,"16,617,994","703,334,567",41.90,42.60,41.85,42.55,+0.20,"4,964",
110/03/08,"37,788,537","1,625,703,412",42.75,43.40,42.65,42.90,+0.35,"11,104",
110/03/09,"85,485,167","3,755,332,073",43.20,44.35,43.20,44.30,+1.40,"27,662",
110/03/10,"56,789,711","2,526,806,882",44.35,44.75,44.15,44.55,+0.25,"17,293",
110/03/11,"132,532,772","6,109,908,888",45.30,47.10,45.30,45.75,+1.20,"40,755",
110/03/12,"48,956,881","2,241,185,362",46.05,46.10,45.45,45.90,+0.15,"13,270",
110/03/15,"65,678,980","3,068,843,945",46.10,47.00,46.10,46.70,+0.80,"19,351",
110/03/16,"30,495,656","1,415,663,681",46.70,46.75,46.20,46.45,-0.25,"11,725",
110/03/17,"39,861,219","1,828,038,003",46.30,46.40,45.50,45.80,-0.65,"15,559",
110/03/18,"30,693,355","1,403,384,646",46.25,46.30,45.40,45.45,-0.35,"10,353",
110/03/19,"67,877,476","3,039,254,429",45.45,45.50,44.50,44.60,-0.85,"15,113",
110/03/22,"30,250,510","1,365,254,922",44.70,45.60,44.65,45.60,+1.00,"10,642",
110/03/23,"72,312,847","3,375,831,028",46.50,47.00,46.40,46.80,+1.20,"19,527",
110/03/24,"38,359,498","1,780,955,015",46.75,46.95,46.15,46.50,-0.30,"9,976",
110/03/25,"28,497,061","1,333,815,401",46.80,47.10,46.50,46.85,+0.35,"8,909",
110/03/26,"49,753,892","2,360,667,128",47.10,47.90,47.05,47.60,+0.75,"18,070",
110/03/29,"38,634,084","1,853,110,990",47.95,48.30,47.65,48.00,+0.40,"11,402",
110/03/30,"31,855,509","1,521,608,472",48.10,48.15,47.50,48.00, 0.00,"10,500",
110/03/31,"30,638,192","1,471,945,840",48.00,48.50,47.70,47.95,-0.05,"9,099",
110/04/01,"21,824,797","1,048,785,575",48.30,48.45,47.80,47.95, 0.00,"7,042",
110/04/06,"22,036,806","1,058,438,357",48.25,48.35,47.85,48.00,+0.05,"7,142",
110/04/07,"17,894,742","855,593,273",48.00,48.15,47.55,48.00, 0.00,"6,539",
110/04/08,"17,216,293","820,105,399",47.80,47.85,47.50,47.65,-0.35,"6,098",
110/04/09,"23,913,015","1,131,590,442",47.60,47.80,47.10,47.25,-0.40,"8,603",
110/04/12,"52,956,544","2,578,912,571",48.35,49.20,48.30,48.80,+1.55,"18,197",
110/04/13,"36,122,797","1,781,331,780",49.60,49.80,48.90,49.00,+0.20,"14,188",
110/04/14,"25,919,254","1,257,850,812",49.05,49.20,48.10,48.55,-0.45,"9,938",
110/04/15,"44,763,258","2,215,276,391",48.95,49.80,48.85,49.80,+1.25,"16,670",
110/04/16,"27,757,204","1,374,424,642",49.65,49.85,49.15,49.85,+0.05,"12,015",
110/04/19,"73,092,063","3,685,939,525",49.95,51.90,49.95,51.60,+1.75,"23,416",
110/04/20,"51,614,572","2,644,024,215",51.70,52.30,50.60,51.40,-0.20,"19,794",
110/04/21,"40,608,905","2,057,856,621",50.70,51.10,50.30,50.90,-0.50,"14,662",
110/04/22,"46,158,951","2,360,491,994",51.20,51.80,50.30,50.70,-0.20,"16,203",
110/04/23,"20,249,476","1,027,546,514",50.80,51.00,50.30,50.90,+0.20,"8,122",
110/04/26,"43,173,157","2,243,592,735",51.00,52.40,51.00,52.10,+1.20,"14,641",
110/04/27,"44,541,375","2,342,796,580",52.10,53.00,51.90,52.90,+0.80,"13,736",
110/04/28,"40,420,179","2,145,125,744",53.40,53.90,52.40,53.00,+0.10,"12,729",
110/04/29,"32,227,588","1,692,028,070",53.00,53.10,52.10,52.30,-0.70,"10,541",
110/05/03,"72,269,966","3,859,563,877",53.00,54.10,52.60,52.60,+0.30,"24,371",
110/05/04,"59,032,701","3,056,686,478",53.10,53.50,50.50,51.70,-0.90,"17,461",
110/05/05,"116,232,641","6,052,871,731",52.10,54.80,51.70,53.60,+1.90,"27,063",
110/05/06,"74,932,129","4,062,569,323",54.50,56.00,53.70,54.40,+0.80,"19,345",
110/05/07,"44,351,458","2,442,328,270",55.00,55.40,54.60,55.10,+0.70,"13,705",
110/05/10,"104,052,638","5,962,839,848",55.60,58.70,55.50,58.20,+3.10,"36,161",
110/05/11,"142,884,229","8,193,508,468",58.20,59.50,55.10,56.60,-1.60,"46,528",
110/05/12,"140,026,387","7,446,466,420",56.60,56.60,51.00,52.30,-4.30,"47,240",
110/05/13,"84,599,042","4,340,671,654",50.30,52.50,50.00,51.10,-1.20,"28,854",
110/05/14,"50,274,936","2,596,951,822",52.20,52.90,50.80,51.50,+0.40,"17,923",
110/05/17,"76,059,928","3,741,473,745",49.10,50.20,48.15,48.65,-2.85,"29,065",
110/05/18,"90,882,687","4,814,340,674",50.30,53.50,50.30,53.50,+4.85,"25,820",
110/05/19,"78,932,148","4,271,284,365",54.00,54.90,53.00,54.30,+0.80,"24,531",
110/05/20,"45,362,721","2,435,988,695",54.80,54.80,53.20,53.30,-1.00,"16,043",
110/05/21,"83,602,109","4,568,069,301",54.80,56.00,53.20,54.20,+0.90,"24,327",
110/05/24,"36,669,608","1,966,956,728",53.70,54.00,53.20,53.90,-0.30,"14,150",
110/05/25,"37,077,601","2,015,132,559",54.10,54.90,53.80,54.30,+0.40,"11,649",
110/05/26,"21,525,383","1,165,765,162",54.60,54.80,53.80,54.40,+0.10,"7,185",
110/05/27,"76,325,673","4,120,523,527",53.60,54.40,53.00,54.40, 0.00,"15,284",
110/05/28,"53,531,291","2,956,664,111",54.70,55.70,54.10,55.50,+1.10,"16,745",
110/05/31,"32,880,064","1,838,967,753",55.50,56.40,55.30,55.90,+0.40,"12,598",
110/06/01,"16,266,892","908,332,412",56.00,56.40,55.50,55.80,-0.10,"7,595",
110/06/02,"26,324,535","1,472,803,912",55.80,56.30,55.60,56.30,+0.50,"10,082",
110/06/03,"20,051,611","1,125,317,686",56.70,56.80,55.70,55.80,-0.50,"8,001",
110/06/04,"26,136,137","1,438,115,875",55.20,55.60,54.80,55.00,-0.80,"9,948",
110/06/07,"24,681,530","1,343,142,138",55.10,55.20,53.20,54.70,-0.30,"8,494",
110/06/08,"18,198,849","998,980,582",55.10,55.40,54.60,54.80,+0.10,"6,897",
110/06/09,"27,460,179","1,485,974,388",54.70,54.80,53.80,54.30,-0.50,"9,269",
110/06/10,"20,049,746","1,092,112,488",54.60,54.80,54.00,54.70,+0.40,"6,192",
110/06/11,"26,770,059","1,467,447,964",54.70,55.50,54.40,54.50,-0.20,"8,940",
110/06/15,"18,636,566","1,013,579,126",54.60,54.70,54.20,54.30,-0.20,"6,547",
110/06/16,"28,459,572","1,540,523,059",54.10,54.60,53.70,54.30, 0.00,"10,030",
110/06/17,"18,137,843","976,222,795",53.60,54.20,53.50,54.00,-0.30,"5,963",
110/06/18,"31,636,318","1,694,482,671",53.80,54.00,53.40,53.60,-0.40,"8,903",
110/06/21,"60,737,704","3,165,993,374",52.90,52.90,51.50,52.00,-1.60,"21,291",
110/06/22,"22,767,020","1,198,502,602",52.50,53.00,52.30,52.60,+0.60,"8,195",
110/06/23,"37,496,029","2,013,585,102",52.70,54.20,52.60,54.10,+1.50,"12,949",
110/06/24,"18,604,408","999,924,025",53.80,54.10,53.50,53.80,-0.30,"5,607",
110/06/25,"22,728,338","1,235,625,040",54.30,54.60,54.00,54.30,+0.50,"6,893",
110/06/28,"13,806,297","749,892,844",54.50,54.50,54.10,54.30, 0.00,"4,084",
110/06/29,"27,124,845","1,455,799,031",54.20,54.20,53.30,53.70,-0.60,"7,899",
110/06/30,"19,773,876","1,066,875,746",53.70,54.20,53.60,53.90,+0.20,"5,172",
110/07/01,"16,255,689","878,024,065",53.80,54.40,53.70,53.90, 0.00,"5,109",
110/07/02,"13,291,034","717,997,241",53.90,54.30,53.80,53.90, 0.00,"3,622",
110/07/05,"15,417,686","835,615,763",54.30,54.40,54.10,54.20,+0.30,"5,475",
110/07/06,"16,195,579","878,685,040",54.40,54.40,54.10,54.10,-0.10,"4,575",
110/07/07,"17,361,883","934,748,815",53.90,54.00,53.60,54.00,-0.10,"5,492",
110/07/08,"30,765,656","1,675,942,701",54.10,54.90,54.10,54.40,+0.40,"9,644",
110/07/09,"34,898,807","1,878,700,188",54.20,54.30,53.60,53.80,-0.60,"8,439",
110/07/12,"86,411,156","4,872,900,224",55.30,57.60,55.30,55.70,+1.90,"29,293",
110/07/13,"56,176,921","3,175,315,271",56.50,57.00,56.00,56.10,+0.40,"17,513",
110/07/14,"52,106,953","2,968,446,105",56.60,57.50,56.40,57.00,+0.90,"17,613",
110/07/15,"55,396,975","3,213,267,177",57.20,58.70,57.10,58.10,+1.10,"18,070",
110/07/16,"68,725,330","4,068,312,381",58.20,59.90,57.70,59.80,+1.70,"24,565",
110/07/19,"59,101,441","3,542,035,158",60.40,61.00,59.10,59.70,-0.10,"19,059",
110/07/20,"77,564,654","4,516,077,437",58.50,59.10,57.60,57.90,-1.80,"24,233",
110/07/21,"48,914,018","2,849,430,884",58.50,58.80,57.70,58.30,+0.40,"15,609",
110/07/22,"83,848,156","5,005,827,109",58.80,60.50,58.60,60.10,+1.80,"23,284",
110/07/23,"68,367,196","4,110,038,791",60.50,60.60,59.50,60.30,+0.20,"18,120",
110/07/26,"83,691,025","4,792,373,848",58.30,58.70,56.10,56.20,X0.00,"28,305",
110/07/27,"41,796,057","2,309,785,394",56.20,56.20,55.00,55.00,-1.20,"17,035",
110/07/28,"70,710,721","3,798,815,914",54.40,54.50,53.10,53.80,-1.20,"22,678",
110/07/29,"34,000,570","1,847,177,528",54.40,54.80,53.60,54.80,+1.00,"9,322",
110/07/30,"24,435,333","1,326,284,534",54.50,54.70,54.00,54.30,-0.50,"7,577",
110/08/02,"32,339,862","1,780,425,750",54.50,55.80,54.10,55.80,+1.50,"8,074",
110/08/03,"16,218,040","894,780,421",55.20,55.50,54.90,55.40,-0.40,"6,462",
110/08/04,"18,460,106","1,022,529,161",55.50,55.90,55.10,55.20,-0.20,"5,080",
110/08/05,"14,125,192","781,196,770",55.50,55.70,55.10,55.20, 0.00,"4,665",
110/08/06,"19,744,070","1,088,112,118",55.50,55.50,54.80,55.10,-0.10,"5,490",
110/08/09,"28,753,950","1,578,864,891",55.20,55.40,54.30,55.20,+0.10,"6,656",
110/08/10,"19,121,159","1,054,680,374",55.30,55.60,54.90,54.90,-0.30,"5,376",
110/08/11,"51,432,143","2,877,660,272",55.60,56.60,55.40,56.00,+1.10,"17,422",
110/08/12,"26,297,404","1,474,176,946",56.50,56.60,55.70,56.00, 0.00,"6,834",
110/08/13,"29,234,138","1,612,274,860",55.80,55.90,54.90,55.00,-1.00,"9,813",
110/08/16,"41,107,888","2,228,960,050",54.80,55.30,53.50,54.30,-0.70,"13,050",
110/08/17,"25,303,072","1,380,890,222",54.30,54.90,54.20,54.70,+0.40,"6,710",
110/08/18,"31,085,775","1,684,637,271",54.10,54.40,53.90,54.40,-0.30,"10,535",
110/08/19,"35,254,164","1,904,216,754",54.50,54.70,53.70,53.80,-0.60,"9,773",
110/08/20,"26,864,345","1,440,919,045",54.10,54.30,53.20,53.70,-0.10,"9,649",
110/08/23,"38,517,106","2,118,276,253",54.40,55.40,54.30,55.10,+1.40,"10,547",
110/08/24,"26,959,048","1,495,093,386",55.40,55.80,55.00,55.80,+0.70,"8,506",
110/08/25,"17,343,400","967,586,126",55.80,56.00,55.40,56.00,+0.20,"6,022",
110/08/26,"26,266,326","1,468,954,060",56.20,56.30,55.50,56.00, 0.00,"6,906",
110/08/27,"54,867,528","3,138,344,264",56.20,57.90,56.00,57.70,+1.70,"19,252",
110/08/30,"73,199,672","4,312,327,620",58.20,59.50,58.10,59.50,+1.80,"24,243",
110/08/31,"48,348,805","2,867,465,366",59.30,59.90,58.80,59.60,+0.10,"14,123",
110/09/01,"26,926,731","1,598,593,101",59.70,59.90,59.10,59.20,-0.40,"9,518",
110/09/02,"35,489,691","2,079,319,880",59.30,59.30,58.00,58.70,-0.50,"12,783",
110/09/03,"35,016,881","2,083,177,941",59.20,60.00,58.90,59.60,+0.90,"12,516",
110/09/06,"22,655,092","1,344,402,755",59.50,59.80,58.80,59.20,-0.40,"8,119",
110/09/07,"17,258,133","1,021,241,453",59.40,59.50,58.90,59.20, 0.00,"6,012",
110/09/08,"32,324,552","1,890,347,880",59.20,59.30,57.90,58.50,-0.70,"11,303",
110/09/09,"15,246,559","888,673,567",58.30,58.70,57.80,58.70,+0.20,"5,703",
110/09/10,"17,642,110","1,042,630,336",58.80,59.40,58.40,59.20,+0.50,"6,175",
110/09/13,"46,011,124","2,757,258,385",59.20,60.50,59.10,59.90,+0.70,"15,881",
110/09/14,"29,770,053","1,788,130,959",60.30,60.60,59.60,59.80,-0.10,"9,805",
110/09/15,"18,072,445","1,075,740,675",59.40,59.90,59.10,59.50,-0.30,"6,990",
110/09/16,"20,375,954","1,219,086,934",59.70,60.30,59.40,59.70,+0.20,"7,223",
110/09/17,"32,525,660","1,925,463,267",59.90,60.00,58.90,58.90,-0.80,"8,401",
110/09/22,"70,918,454","4,017,099,977",57.20,57.30,55.90,56.80,-2.10,"28,382",
110/09/23,"18,930,420","1,085,510,582",57.30,57.60,57.10,57.50,+0.70,"7,408",
110/09/24,"14,990,984","867,840,137",58.00,58.30,57.60,57.80,+0.30,"5,541",
110/09/27,"27,938,970","1,632,272,799",58.00,58.90,57.80,58.70,+0.90,"7,442",
110/09/28,"27,932,935","1,641,431,364",58.70,59.20,58.10,59.00,+0.30,"7,406",
110/09/29,"34,081,578","1,969,041,073",58.00,58.40,57.20,58.00,-1.00,"13,816",
110/09/30,"16,879,546","976,110,040",58.00,58.00,57.50,57.90,-0.10,"5,313",
110/10/01,"27,075,894","1,541,141,225",57.40,57.40,56.60,56.90,-1.00,"11,315",
110/10/04,"18,916,784","1,072,381,296",57.10,57.30,56.30,56.60,-0.30,"7,305",
110/10/05,"31,451,158","1,760,197,631",56.10,56.50,55.40,56.40,-0.20,"10,568",
110/10/06,"30,892,773","1,754,074,152",57.00,57.50,56.20,57.10,+0.70,"9,798",
110/10/07,"22,193,710","1,273,334,089",57.40,57.70,57.10,57.10, 0.00,"8,602",
110/10/08,"12,313,467","703,429,883",57.50,57.50,56.90,57.10, 0.00,"4,973",
110/10/12,"31,696,603","1,777,015,235",56.30,56.50,55.70,56.40,-0.70,"9,217",
110/10/13,"22,150,104","1,246,714,213",56.70,57.10,55.80,56.20,-0.20,"7,683",
110/10/14,"18,355,193","1,037,613,336",56.50,56.90,56.10,56.60,+0.40,"6,429",
110/10/15,"45,639,270","2,645,363,471",57.20,58.50,57.10,58.30,+1.70,"15,738",
110/10/18,"31,650,790","1,861,740,511",58.50,59.20,58.40,58.70,+0.40,"9,419",
110/10/19,"22,802,184","1,341,807,771",59.00,59.20,58.30,58.40,-0.30,"9,385",
110/10/20,"19,402,616","1,133,824,144",58.80,59.00,58.10,58.30,-0.10,"7,643",
110/10/21,"21,296,946","1,251,058,158",58.30,59.10,58.20,58.70,+0.40,"5,057",
110/10/22,"9,995,009","582,710,976",58.70,58.70,58.10,58.30,-0.40,"3,675",
110/10/25,"8,631,701","503,800,176",58.20,58.70,57.90,58.40,+0.10,"3,681",
110/10/26,"21,268,934","1,254,707,859",58.80,59.20,58.40,59.10,+0.70,"6,634",
110/10/27,"10,533,810","617,205,303",59.00,59.00,58.30,58.70,-0.40,"5,981",
110/10/28,"12,728,231","740,095,210",58.40,58.50,57.90,58.10,-0.60,"4,813",
110/10/29,"18,174,853","1,052,466,652",57.90,58.30,57.50,58.10, 0.00,"5,100",
110/11/01,"14,023,450","810,537,558",58.10,58.50,57.60,57.60,-0.50,"5,228",
110/11/02,"13,301,001","766,482,408",57.80,58.10,57.40,57.40,-0.20,"4,811",
110/11/03,"10,219,417","587,961,668",57.50,57.80,57.30,57.60,+0.20,"3,872",
110/11/04,"15,719,987","914,214,712",58.00,58.40,57.80,57.90,+0.30,"5,285",
110/11/05,"12,766,482","741,797,406",57.90,58.50,57.60,58.50,+0.60,"4,917",
110/11/08,"12,925,443","755,940,910",58.30,58.70,58.20,58.70,+0.20,"5,191",
110/11/09,"12,543,540","733,661,486",58.70,58.70,58.30,58.50,-0.20,"4,146",
110/11/10,"8,200,259","480,000,073",58.50,58.70,58.40,58.60,+0.10,"3,407",
110/11/11,"15,342,712","896,839,619",58.70,58.70,58.20,58.60, 0.00,"4,823",
110/11/12,"20,973,799","1,234,843,772",58.70,59.10,58.50,58.90,+0.30,"6,913",
110/11/15,"30,607,549","1,830,183,133",59.20,60.30,59.20,59.70,+0.80,"10,266",
110/11/16,"18,780,286","1,122,462,010",59.90,60.00,59.50,60.00,+0.30,"7,102",
110/11/17,"76,913,753","4,712,104,948",60.30,62.20,60.20,62.20,+2.20,"30,480",
110/11/18,"61,650,948","3,865,267,492",62.10,63.50,61.70,63.00,+0.80,"25,910",
110/11/19,"35,357,523","2,195,394,360",63.00,63.00,61.60,61.80,-1.20,"16,261",
110/11/22,"26,725,185","1,636,272,957",61.50,61.60,60.90,61.10,-0.70,"10,450",
110/11/23,"18,248,961","1,113,499,438",60.80,61.50,60.70,60.80,-0.30,"7,291",
110/11/24,"14,792,634","907,256,275",61.10,61.80,61.00,61.10,+0.30,"6,098",
110/11/25,"20,058,980","1,229,124,517",61.80,61.80,61.00,61.60,+0.50,"5,954",
110/11/26,"45,247,610","2,732,347,949",61.10,61.30,60.00,60.20,-1.40,"18,010",
110/11/29,"28,559,820","1,696,888,976",59.50,59.90,59.00,59.30,-0.90,"13,155",
110/11/30,"46,144,943","2,759,295,718",59.50,60.00,59.10,60.00,+0.70,"8,853",
110/12/01,"22,545,939","1,344,270,991",59.50,60.00,59.10,59.90,-0.10,"8,494",
110/12/02,"20,086,724","1,193,302,044",59.40,59.60,59.20,59.50,-0.40,"6,998",
110/12/03,"14,778,899","886,629,336",59.90,60.40,59.80,59.90,+0.40,"5,824",
110/12/06,"15,253,688","912,138,262",59.80,60.00,59.40,60.00,+0.10,"5,992",
110/12/07,"20,153,727","1,211,458,983",60.10,60.70,59.60,60.70,+0.70,"6,868",
110/12/08,"19,547,300","1,189,589,743",61.00,61.20,60.60,60.70, 0.00,"7,140",
110/12/09,"13,682,890","829,257,961",60.70,61.10,60.40,60.70, 0.00,"6,840",
110/12/10,"13,677,547","828,628,933",60.80,60.80,60.30,60.50,-0.20,"4,875",
110/12/13,"18,742,959","1,144,736,941",61.00,61.50,60.70,60.70,+0.20,"6,964",
110/12/14,"16,115,272","971,000,773",60.60,60.60,60.10,60.20,-0.50,"6,929",
110/12/15,"16,017,010","960,216,167",59.90,60.20,59.80,59.80,-0.40,"8,092",
110/12/16,"12,840,393","772,743,372",60.10,60.40,60.00,60.30,+0.50,"5,663",
110/12/17,"15,747,498","952,220,948",60.30,60.70,60.20,60.50,+0.20,"4,464",
110/12/20,"16,361,467","982,108,872",60.10,60.50,59.90,59.90,-0.60,"6,023",
110/12/21,"12,754,761","768,396,337",59.90,60.50,59.90,60.30,+0.40,"5,885",
110/12/22,"8,993,977","541,936,325",60.30,60.50,60.10,60.30, 0.00,"3,512",
110/12/23,"11,338,401","684,359,612",60.30,60.60,60.20,60.50,+0.20,"4,405",
110/12/24,"21,548,806","1,315,840,854",60.60,61.40,60.50,61.10,+0.60,"7,339",
110/12/27,"12,190,043","747,360,317",61.40,61.50,61.10,61.30,+0.20,"6,070",
110/12/28,"33,848,176","2,101,652,549",61.70,62.40,61.50,62.30,+1.00,"12,200",
110/12/29,"49,051,060","3,091,022,208",62.80,63.30,62.50,63.00,+0.70,"18,495",
110/12/30,"15,904,707","996,187,595",63.00,63.00,62.50,62.50,-0.50,"10,438",
111/01/03,"18,337,829","1,138,694,444",62.80,62.90,61.60,61.60,-0.90,"10,704",
111/01/04,"15,594,316","962,635,526",61.60,62.00,61.50,62.00,+0.40,"11,228",
111/01/05,"15,353,088","947,155,503",61.60,62.00,61.30,61.90,-0.10,"5,755",
111/01/06,"16,290,258","1,007,777,653",61.90,62.30,61.40,62.00,+0.10,"5,325",
111/01/07,"20,786,629","1,290,525,701",62.00,62.50,61.80,62.00, 0.00,"6,651",
111/01/10,"12,133,800","752,539,601",62.00,62.30,61.70,62.10,+0.10,"4,580",
111/01/11,"98,029,871","6,243,160,374",62.50,64.90,62.10,64.50,+2.40,"32,000",
111/01/12,"49,410,447","3,188,401,671",64.40,65.00,63.80,64.70,+0.20,"20,624",
111/01/13,"101,478,268","6,727,057,603",64.70,67.80,64.50,67.40,+2.70,"41,542",
111/01/14,"78,064,274","5,269,150,372",67.00,68.40,66.50,67.70,+0.30,"32,964",
111/01/17,"37,990,521","2,543,392,735",67.30,68.00,66.50,66.50,-1.20,"26,460",
111/01/18,"32,541,808","2,170,435,726",66.60,67.20,66.20,66.90,+0.40,"12,206",
111/01/19,"39,311,537","2,597,639,413",66.40,66.50,65.60,66.10,-0.80,"17,831",
111/01/20,"34,505,107","2,262,014,732",65.60,66.10,65.00,65.80,-0.30,"12,598",
111/01/21,"43,180,251","2,792,496,746",65.20,65.30,64.20,64.40,-1.40,"18,837",
111/01/24,"31,284,378","2,006,270,485",64.00,64.60,63.40,64.30,-0.10,"9,961",
111/01/25,"59,105,302","3,719,471,648",63.60,63.70,62.40,63.00,-1.30,"22,333",
111/01/26,"22,242,796","1,409,128,051",63.00,63.70,62.80,63.30,+0.30,"11,100",
111/02/07,"46,345,940","3,012,011,294",63.80,65.80,63.80,65.70,+2.40,"19,158",
111/02/08,"32,178,792","2,124,003,944",65.50,66.50,65.10,66.00,+0.30,"12,436",
111/02/09,"20,488,760","1,351,947,878",66.40,66.40,65.60,66.00, 0.00,"9,874",
111/02/10,"19,192,094","1,255,733,344",65.90,65.90,65.10,65.80,-0.20,"13,048",
111/02/11,"13,423,086","878,035,703",65.40,65.70,65.20,65.60,-0.20,"8,606",
111/02/14,"34,773,916","2,225,675,695",64.50,64.50,63.60,64.20,-1.40,"16,614",
111/02/15,"20,361,629","1,313,635,535",64.60,64.90,64.20,64.30,+0.10,"13,124",
111/02/16,"19,651,434","1,269,144,193",64.80,64.80,64.20,64.80,+0.50,"9,843",
111/02/17,"22,349,109","1,445,481,337",64.70,65.00,64.30,64.70,-0.10,"8,061",
111/02/18,"17,951,412","1,155,482,355",64.10,64.60,64.10,64.60,-0.10,"7,547",
111/02/21,"14,322,671","921,283,177",64.30,64.70,64.00,64.60, 0.00,"5,520",
111/02/22,"27,224,056","1,731,768,267",64.00,64.20,63.20,63.70,-0.90,"12,924",
111/02/23,"15,428,674","983,090,046",63.50,64.00,63.40,63.70, 0.00,"6,145",
111/02/24,"39,918,582","2,514,673,064",63.20,63.50,62.50,63.00,-0.70,"16,170",
111/02/25,"57,731,651","3,591,396,744",62.70,63.00,61.60,62.30,-0.70,"21,301",
111/03/01,"25,902,917","1,611,595,335",61.70,62.70,61.50,62.60,+0.30,"9,804",
111/03/02,"18,856,628","1,168,490,086",62.10,62.20,61.80,62.00,-0.60,"8,885",
111/03/03,"13,494,434","838,092,454",62.30,62.50,62.00,62.10,+0.10,"6,206",
111/03/04,"22,375,501","1,373,740,843",61.80,61.80,61.20,61.20,-0.90,"11,534",
111/03/07,"52,085,088","3,088,045,680",60.40,60.50,58.80,59.40,-1.80,"25,960",
111/03/08,"51,970,716","3,033,149,591",58.20,58.80,58.00,58.50,-0.90,"22,906",
111/03/09,"18,361,063","1,083,953,551",59.00,59.40,58.60,59.00,+0.50,"11,459",
111/03/10,"22,169,794","1,332,459,912",59.50,60.50,59.50,60.30,+1.30,"11,285",
111/03/11,"12,249,752","738,733,829",60.20,60.60,59.90,60.30, 0.00,"6,775",
111/03/14,"14,539,303","888,375,356",60.70,61.50,60.60,61.20,+0.90,"5,717",
111/03/15,"16,334,901","999,369,129",61.30,61.50,60.90,61.30,+0.10,"5,993",
111/03/16,"22,127,986","1,365,710,975",61.70,62.00,61.40,62.00,+0.70,"8,076",
111/03/17,"35,516,192","2,233,886,318",62.50,63.20,62.40,63.10,+1.10,"12,616",
111/03/18,"28,333,290","1,794,971,070",63.40,63.80,63.10,63.30,+0.20,"6,489",
111/03/21,"16,831,198","1,068,048,371",63.30,63.80,63.20,63.60,+0.30,"5,822",
111/03/22,"11,624,036","737,187,377",63.60,63.60,63.10,63.60, 0.00,"4,490",
111/03/23,"28,231,947","1,826,321,793",64.10,65.00,64.00,64.80,+1.20,"11,093",
111/03/24,"17,577,999","1,123,722,245",64.30,64.40,63.60,64.30,-0.50,"8,076",
111/03/25,"11,197,434","710,908,063",63.80,64.00,63.50,63.50,-0.80,"5,693",
111/03/28,"9,825,309","620,165,942",62.80,63.70,62.60,63.30,-0.20,"6,266",
111/03/29,"8,987,469","572,482,635",63.50,63.90,63.30,63.80,+0.50,"3,999",
111/03/30,"81,539,261","5,249,585,766",64.10,64.50,64.00,64.40,+0.60,"6,266",
111/03/31,"15,100,025","974,339,447",64.50,64.70,64.20,64.50,+0.10,"4,915",
111/04/01,"16,332,402","1,057,273,144",64.00,65.00,63.80,65.00,+0.50,"6,221",
111/04/06,"24,653,539","1,603,929,558",65.10,65.50,64.50,65.50,+0.50,"10,699",
111/04/07,"26,644,279","1,733,799,781",65.30,65.70,64.50,64.80,-0.70,"9,131",
111/04/08,"13,904,404","900,640,659",65.00,65.10,64.50,65.00,+0.20,"5,679",
111/04/11,"15,030,684","975,313,398",65.30,65.70,64.10,64.80,-0.20,"6,354",
111/04/12,"13,691,057","885,877,196",64.80,65.00,64.30,64.90,+0.10,"4,939",
111/04/13,"16,481,852","1,076,534,947",65.30,65.50,65.00,65.40,+0.50,"5,517",
111/04/14,"10,803,178","701,479,322",65.40,65.50,64.70,64.70,-0.70,"4,081",
111/04/15,"12,805,902","820,823,995",64.40,64.50,63.80,64.00,-0.70,"8,040",
111/04/18,"13,739,061","866,215,188",63.70,63.80,62.50,62.80,-1.20,"7,314",
111/04/19,"13,759,764","868,861,564",63.20,63.90,62.70,62.70,-0.10,"5,920",
111/04/20,"17,460,595","1,108,139,088",63.20,63.90,62.80,63.90,+1.20,"4,833",
111/04/21,"15,635,775","994,020,025",63.70,63.90,63.10,63.90, 0.00,"3,721",
111/04/22,"18,905,312","1,203,441,949",63.20,64.20,63.10,64.20,+0.30,"6,857",
111/04/25,"21,769,353","1,378,389,920",63.50,63.80,62.90,63.80,-0.40,"7,504",
111/04/26,"13,993,477","893,068,317",63.40,64.00,63.40,64.00,+0.20,"6,018",
111/04/27,"21,399,844","1,336,063,828",63.00,63.20,62.00,62.00,-2.00,"11,336",
111/04/28,"23,956,496","1,478,815,353",62.00,62.50,61.30,62.10,+0.10,"9,582",
111/04/29,"10,356,772","647,297,902",62.30,62.70,62.30,62.50,+0.40,"3,239",
111/05/03,"8,121,607","505,041,965",62.50,62.50,61.80,62.30,-0.20,"4,116",
111/05/04,"8,839,044","554,232,238",62.40,63.10,62.40,62.90,+0.60,"3,629",
111/05/05,"30,419,813","1,904,261,503",63.20,63.30,62.20,62.30,-0.60,"15,664",
111/05/06,"26,166,472","1,601,808,776",61.10,61.60,60.80,61.20,-1.10,"9,428",
111/05/09,"36,773,934","2,172,421,916",60.30,60.40,58.50,58.70,-2.50,"19,502",
111/05/10,"42,390,344","2,454,031,664",57.60,58.30,57.30,58.00,-0.70,"14,913",
111/05/11,"38,485,023","2,176,717,376",57.60,57.70,56.00,56.20,-1.80,"20,798",
111/05/12,"47,234,544","2,594,625,352",55.30,55.80,54.10,54.10,-2.10,"17,969",
111/05/13,"40,406,362","2,192,794,097",54.70,55.10,53.60,54.30,+0.20,"15,160",
111/05/16,"29,001,742","1,546,186,042",54.60,54.60,52.70,53.20,-1.10,"13,696",
111/05/17,"32,272,144","1,702,486,872",53.40,53.50,52.50,52.60,-0.60,"12,608",
111/05/18,"36,578,838","1,968,474,771",52.60,54.60,52.50,54.10,+1.50,"13,921",
111/05/19,"25,151,385","1,328,711,629",53.00,53.20,52.60,52.70,-1.40,"8,915",
111/05/20,"16,616,260","882,350,359",53.40,53.50,52.80,52.90,+0.20,"6,119",
111/05/23,"21,637,125","1,134,276,250",53.40,53.40,52.00,52.30,-0.60,"9,219",
111/05/24,"27,915,216","1,458,532,238",52.60,53.00,52.00,52.00,-0.30,"10,784",
111/05/25,"43,304,061","2,218,895,360",52.00,52.10,50.70,51.40,-0.60,"19,381",
111/05/26,"34,287,334","1,775,925,786",51.70,52.50,51.30,51.50,+0.10,"11,460",
111/05/27,"30,244,269","1,586,958,625",52.00,53.00,51.90,52.60,+1.10,"9,453",
111/05/30,"33,648,819","1,810,461,028",53.20,54.20,53.10,54.00,+1.40,"10,387",
111/05/31,"43,460,209","2,393,325,476",54.20,55.70,53.50,55.70,+1.70,"9,031",
111/06/01,"27,258,002","1,494,474,134",54.90,55.20,54.30,54.70,-1.00,"10,917",
111/06/02,"18,013,804","979,643,785",54.30,54.70,53.80,54.50,-0.20,"6,372",
111/06/06,"13,805,651","752,934,258",54.30,55.00,54.00,54.80,+0.30,"5,638",
111/06/07,"16,983,026","929,630,867",54.70,55.20,54.30,54.80, 0.00,"6,288",
111/06/08,"14,730,607","808,299,710",55.20,55.20,54.70,54.80, 0.00,"5,775",
111/06/09,"15,241,646","834,936,361",54.60,55.00,54.40,54.80, 0.00,"4,251",
111/06/10,"11,053,601","604,165,699",54.40,54.90,54.10,54.80, 0.00,"4,095",
111/06/13,"22,350,617","1,195,985,335",53.60,54.00,53.10,53.80,-1.00,"8,135",
111/06/14,"17,186,182","919,737,505",53.60,53.90,53.20,53.40,-0.40,"7,089",
111/06/15,"16,502,122","884,952,855",53.40,54.00,53.30,53.60,+0.20,"6,967",
111/06/16,"17,485,097","943,779,377",54.20,54.60,53.60,53.70,+0.10,"5,136",
111/06/17,"29,931,786","1,587,705,025",52.80,53.50,52.70,53.00,-0.70,"8,929",
111/06/20,"28,996,858","1,519,111,817",53.00,54.00,51.40,51.80,-1.20,"9,744",
111/06/21,"38,502,889","2,075,786,927",52.70,54.80,52.40,54.20,+2.40,"10,347",
111/06/22,"20,355,584","1,087,765,108",54.00,54.50,53.00,53.00,-1.20,"11,854",
111/06/23,"23,604,636","1,247,394,412",53.00,53.40,52.40,53.00, 0.00,"6,511",
111/06/24,"14,341,096","768,717,865",53.90,53.90,53.20,53.40,+0.40,"6,248",
111/06/27,"14,992,400","806,222,816",53.80,54.20,53.50,53.50,+0.10,"7,813",
111/06/28,"16,819,918","902,655,432",53.40,53.90,53.30,53.80,+0.30,"4,116",
111/06/29,"32,579,622","1,715,139,321",52.50,53.10,52.40,52.80,-1.00,"8,499",
111/06/30,"38,729,931","2,000,675,860",52.60,52.70,50.90,50.90,-1.90,"13,664",
111/07/01,"54,081,274","2,710,916,007",51.00,51.20,49.70,49.70,-1.20,"16,847",
111/07/04,"75,808,829","3,465,078,628",45.50,46.20,45.00,45.50,X0.00,"19,838",
111/07/05,"33,413,255","1,555,549,895",46.65,47.40,45.85,46.75,+1.25,"10,419",
111/07/06,"33,304,407","1,510,182,092",46.75,46.75,44.80,44.95,-1.80,"16,913",
111/07/07,"40,009,811","1,794,746,724",45.15,45.45,44.20,45.05,+0.10,"13,663",
111/07/08,"25,971,498","1,168,776,140",45.40,45.80,44.55,44.80,-0.25,"10,394",
111/07/11,"11,637,835","524,269,721",45.05,45.25,44.80,45.05,+0.25,"5,010",
111/07/12,"21,404,159","942,494,818",44.60,44.70,43.80,43.80,-1.25,"10,196",
111/07/13,"21,785,524","989,328,889",45.05,45.80,45.05,45.50,+1.70,"8,864",
111/07/14,"16,108,353","727,306,895",45.10,45.50,44.80,45.00,-0.50,"9,544",
111/07/15,"23,433,552","1,038,213,874",44.70,44.70,44.10,44.15,-0.85,"10,496",
111/07/18,"21,050,108","948,131,118",44.50,45.35,44.40,45.20,+1.05,"7,348",
111/07/19,"15,606,169","701,376,416",44.85,45.10,44.70,44.95,-0.25,"6,601",
111/07/20,"21,445,837","971,480,827",45.60,45.95,44.85,44.90,-0.05,"10,744",
111/07/21,"23,519,344","1,050,337,403",44.80,45.10,44.20,45.05,+0.15,"10,143",
111/07/22,"27,328,484","1,229,906,056",45.70,45.70,44.70,45.00,-0.05,"10,886",
111/07/25,"13,368,904","606,953,603",44.90,45.60,44.75,45.55,+0.55,"6,819",
111/07/26,"11,435,877","520,824,638",45.50,45.80,45.20,45.60,+0.05,"6,738",
111/07/27,"13,315,924","601,293,092",45.60,45.60,45.00,45.25,-0.35,"4,905",
111/07/28,"15,318,787","698,857,520",45.55,45.80,45.40,45.80,+0.55,"7,024",
111/07/29,"17,581,426","803,327,913",46.00,46.10,45.50,45.50,-0.30,"7,674",
111/08/01,"16,105,660","730,393,409",45.50,45.55,45.20,45.45,-0.05,"6,359",
111/08/02,"34,618,855","1,550,291,378",44.90,45.30,44.55,44.85,-0.60,"12,182",
111/08/03,"12,168,256","544,682,924",44.70,44.95,44.50,44.95,+0.10,"6,155",
111/08/04,"12,557,089","563,170,411",44.95,45.05,44.65,44.85,-0.10,"6,000",
111/08/05,"20,223,360","922,852,110",45.40,45.80,45.30,45.75,+0.90,"6,412",
111/08/08,"15,657,726","719,071,792",45.40,46.25,45.25,46.15,+0.40,"6,592",
111/08/09,"13,918,378","642,594,285",46.20,46.45,45.90,46.10,-0.05,"6,926",
111/08/10,"14,739,395","680,856,888",45.90,46.40,45.75,46.40,+0.30,"6,633",
111/08/11,"22,701,234","1,066,476,703",46.50,47.30,46.50,47.20,+0.80,"8,480",
111/08/12,"11,499,536","542,795,751",47.20,47.40,47.00,47.25,+0.05,"6,621",
111/08/15,"10,242,133","484,614,067",47.50,47.55,47.15,47.30,+0.05,"5,504",
111/08/16,"12,321,302","581,262,781",47.35,47.40,47.10,47.10,-0.20,"6,027",
111/08/17,"18,349,084","866,911,713",47.15,47.45,47.05,47.45,+0.35,"7,659",
111/08/18,"10,887,315","513,295,365",47.30,47.35,47.05,47.25,-0.20,"4,499",
111/08/19,"10,091,828","477,582,791",47.10,47.50,47.10,47.50,+0.25,"3,130",
111/08/22,"14,848,414","697,425,071",47.10,47.20,46.85,46.85,-0.65,"6,922",
111/08/23,"13,588,823","630,281,976",46.55,46.60,46.30,46.35,-0.50,"6,579",
111/08/24,"11,091,220","514,063,062",46.45,46.70,46.20,46.35, 0.00,"4,691",
111/08/25,"11,406,200","531,437,861",46.35,46.85,46.35,46.55,+0.20,"4,663",
111/08/26,"10,512,600","492,174,360",46.85,47.00,46.65,46.75,+0.20,"4,390",
111/08/29,"24,548,064","1,118,259,162",45.40,45.75,45.20,45.60,-1.15,"11,215",
111/08/30,"60,891,216","2,717,389,638",45.10,45.25,44.35,44.45,-1.15,"32,593",
111/08/31,"25,589,315","1,139,601,202",44.25,44.80,44.10,44.55,+0.10,"7,560",
111/09/01,"28,340,215","1,254,588,449",44.10,44.65,44.00,44.55, 0.00,"10,237",
111/09/02,"25,940,795","1,144,583,601",44.35,44.40,44.05,44.05,-0.50,"9,755",
111/09/05,"18,819,262","829,168,673",44.05,44.35,43.90,44.05, 0.00,"8,081",
111/09/06,"14,669,693","649,683,439",44.20,44.60,44.10,44.25,+0.20,"6,238",
111/09/07,"39,081,162","1,694,430,736",44.00,44.00,43.10,43.15,-1.10,"20,149",
111/09/08,"27,268,507","1,176,717,892",43.35,43.45,43.05,43.15, 0.00,"11,559",
111/09/12,"30,799,019","1,351,063,512",43.85,44.10,43.60,44.05,+0.90,"9,375",
111/09/13,"32,277,515","1,417,014,818",44.10,44.20,43.65,43.65,-0.40,"13,815",
111/09/14,"39,001,825","1,668,311,091",42.65,43.00,42.55,42.85,-0.80,"16,499",
111/09/15,"23,798,782","1,024,987,142",42.90,43.45,42.65,43.10,+0.25,"7,831",
111/09/16,"29,383,628","1,257,326,618",42.70,43.05,42.60,42.80,-0.30,"7,992",
111/09/19,"14,722,754","630,485,937",42.95,43.00,42.65,42.75,-0.05,"6,713",
111/09/20,"12,949,947","557,863,866",43.05,43.25,42.95,43.05,+0.30,"4,895",
111/09/21,"16,398,660","700,058,881",43.05,43.05,42.50,42.55,-0.50,"10,018",
111/09/22,"38,703,849","1,610,022,887",42.05,42.05,41.30,41.65,-0.90,"15,399",
111/09/23,"15,179,853","636,914,963",41.55,42.20,41.55,42.10,+0.45,"6,177",
111/09/26,"25,995,041","1,077,934,698",41.80,42.10,41.15,41.50,-0.60,"11,847",
111/09/27,"24,781,038","1,018,731,465",41.60,41.80,40.95,40.95,-0.55,"10,862",
111/09/28,"44,126,817","1,767,305,138",41.10,41.15,39.80,39.80,-1.15,"25,086",
111/09/29,"32,934,928","1,317,090,787",40.20,40.30,39.75,40.15,+0.35,"11,126",
111/09/30,"39,710,129","1,574,339,317",39.50,39.95,39.20,39.95,-0.20,"16,664",
111/10/03,"26,806,861","1,048,703,661",39.40,39.45,39.00,39.00,-0.95,"14,746",
111/10/04,"29,191,845","1,146,991,583",39.45,39.65,38.90,39.55,+0.55,"10,981",
111/10/05,"37,319,116","1,520,907,705",40.25,41.35,40.20,40.75,+1.20,"14,840",
111/10/06,"15,653,114","638,218,771",41.20,41.20,40.55,40.80,+0.05,"6,778",
111/10/07,"18,248,293","734,189,368",40.75,40.90,40.35,40.50,-0.30,"5,429",
111/10/11,"58,570,988","2,290,430,798",39.70,39.95,39.35,39.60,-0.90,"11,583",
111/10/12,"22,257,007","879,692,723",39.60,39.90,39.10,39.55,-0.05,"9,377",
111/10/13,"79,987,118","3,038,130,264",39.15,39.35,37.40,37.45,-2.10,"44,904",
111/10/14,"37,687,710","1,430,800,318",38.15,38.50,37.65,37.65,+0.20,"14,178",
111/10/17,"32,929,430","1,230,317,412",37.50,38.00,36.85,37.65, 0.00,"17,610",
111/10/18,"26,375,458","1,001,244,540",37.95,38.30,37.50,38.15,+0.50,"10,388",
111/10/19,"25,732,909","983,494,761",38.15,38.50,37.95,38.30,+0.15,"9,643",
111/10/20,"31,535,251","1,186,786,978",37.40,38.10,37.10,37.85,-0.45,"15,390",
111/10/21,"52,217,362","1,918,188,454",37.30,37.30,36.25,36.55,-1.30,"26,224",
111/10/24,"22,657,459","839,278,013",37.00,37.40,36.85,37.00,+0.45,"8,183",
111/10/25,"23,025,372","858,770,057",37.30,37.65,37.00,37.50,+0.50,"8,509",
111/10/26,"30,897,488","1,183,468,876",37.90,38.75,37.65,38.50,+1.00,"12,696",
111/10/27,"26,311,821","1,018,280,676",38.70,39.10,38.50,38.50, 0.00,"9,788",
111/10/28,"25,642,258","981,110,387",38.55,38.60,38.00,38.25,-0.25,"8,644",
111/10/31,"20,693,016","787,113,810",38.45,38.50,37.80,37.80,-0.45,"8,241",
111/11/01,"14,063,537","534,254,959",37.80,38.15,37.60,38.10,+0.30,"5,787",
111/11/02,"16,770,583","641,438,559",37.80,38.50,37.70,38.50,+0.40,"5,937",
111/11/03,"19,755,599","762,149,183",38.00,38.85,37.95,38.85,+0.35,"6,552",
111/11/04,"14,524,024","562,448,782",38.55,38.95,38.40,38.95,+0.10,"6,035",
111/11/07,"16,157,126","635,682,502",39.25,39.55,39.05,39.55,+0.60,"7,336",
111/11/08,"17,752,785","704,343,622",39.75,39.90,39.40,39.70,+0.15,"8,192",
111/11/09,"22,078,082","883,091,058",39.80,40.15,39.55,40.15,+0.45,"9,157",
111/11/10,"20,702,930","822,113,301",39.95,40.00,39.55,39.65,-0.50,"8,158",
111/11/11,"59,745,642","2,482,569,514",40.80,42.00,40.70,41.90,+2.25,"22,071",
111/11/14,"40,426,021","1,692,788,950",42.00,42.10,41.60,41.75,-0.15,"16,730",
111/11/15,"27,600,630","1,162,880,680",41.75,42.45,41.55,42.40,+0.65,"11,582",
111/11/16,"23,746,918","996,555,741",42.30,42.40,41.60,41.70,-0.70,"11,510",
111/11/17,"15,584,860","644,874,315",41.70,41.70,41.10,41.55,-0.15,"6,329",
111/11/18,"14,146,780","592,305,388",41.50,42.25,41.40,41.90,+0.35,"6,462",
111/11/21,"18,971,408","796,788,025",41.90,42.20,41.55,42.10,+0.20,"8,120",
111/11/22,"23,297,047","976,328,539",41.85,42.20,41.30,42.20,+0.10,"9,025",
111/11/23,"21,220,819","904,273,153",42.35,42.80,42.10,42.75,+0.55,"9,196",
111/11/24,"21,398,739","914,105,468",42.90,42.95,42.55,42.55,-0.20,"7,872",
111/11/25,"23,692,538","1,011,572,240",42.55,43.00,42.45,42.55, 0.00,"7,457",
111/11/28,"24,315,526","1,023,068,492",42.20,42.45,41.70,42.00,-0.55,"8,932",
111/11/29,"49,106,844","2,095,083,776",41.75,43.45,41.35,43.45,+1.45,"16,189",
111/11/30,"67,335,069","2,937,853,428",43.40,43.95,43.10,43.55,+0.10,"15,228",
111/12/01,"49,865,769","2,196,403,679",44.05,44.50,43.75,44.15,+0.60,"14,114",
111/12/02,"33,156,714","1,457,370,801",43.90,44.30,43.75,44.00,-0.15,"12,655",
111/12/05,"49,252,970","2,113,699,578",43.25,43.25,42.75,42.85,X0.00,"19,572",
111/12/06,"39,675,523","1,658,544,699",42.60,42.65,41.40,41.40,-1.45,"23,336",
111/12/07,"32,120,950","1,335,607,722",41.40,42.10,41.25,41.40, 0.00,"11,363",
111/12/08,"29,765,268","1,218,776,443",41.20,41.45,40.70,40.75,-0.65,"13,765",
111/12/09,"26,745,816","1,097,705,904",41.10,41.40,40.80,41.10,+0.35,"9,071",
111/12/12,"33,949,558","1,380,193,071",40.90,41.15,40.15,41.00,-0.10,"11,971",
111/12/13,"21,769,329","891,978,493",41.00,41.35,40.80,40.95,-0.05,"5,999",
111/12/14,"18,207,326","745,709,293",40.95,41.20,40.80,40.90,-0.05,"6,106",
111/12/15,"20,002,544","811,337,740",40.80,40.80,40.35,40.60,-0.30,"10,036",
111/12/16,"35,454,139","1,426,436,500",40.10,40.50,40.05,40.20,-0.40,"10,933",
111/12/19,"22,037,150","884,250,251",40.10,40.60,40.05,40.15,-0.05,"7,791",
111/12/20,"32,549,548","1,305,095,139",40.10,40.25,39.90,40.15, 0.00,"11,973",
111/12/21,"18,449,393","738,129,608",39.95,40.15,39.85,40.00,-0.15,"8,163",
111/12/22,"19,181,690","771,036,762",40.05,40.40,39.95,40.40,+0.40,"8,078",
111/12/23,"33,981,856","1,394,661,319",40.35,41.50,40.30,41.15,+0.75,"11,977",
111/12/26,"9,586,592","393,247,390",41.15,41.20,40.90,41.00,-0.15,"6,587",
111/12/27,"8,308,875","342,093,701",41.00,41.30,41.00,41.15,+0.15,"3,643",
111/12/28,"16,443,155","671,402,908",40.85,41.10,40.60,40.65,-0.50,"7,086",
111/12/29,"17,280,672","695,331,374",40.50,40.60,40.05,40.10,-0.55,"8,090",
111/12/30,"102,514,909","4,101,477,175",39.75,40.25,39.60,40.00,-0.10,"48,274",
112/01/03,"39,554,220","1,579,910,566",40.00,40.10,39.75,39.95,-0.05,"16,006",
112/01/04,"22,272,766","890,699,082",39.95,40.10,39.95,39.95, 0.00,"9,256",
112/01/05,"36,853,762","1,479,340,600",40.10,40.35,40.00,40.25,+0.30,"11,908",
112/01/06,"23,615,484","955,342,620",40.20,40.80,40.15,40.75,+0.50,"10,822",
112/01/09,"53,179,748","2,213,823,608",41.15,42.00,41.15,42.00,+1.25,"24,724",
112/01/10,"21,435,050","892,343,157",41.95,41.95,41.40,41.70,-0.30,"11,149",
112/01/11,"16,048,346","666,260,553",41.60,41.70,41.40,41.40,-0.30,"8,738",
112/01/12,"17,927,376","748,341,314",41.70,41.90,41.60,41.70,+0.30,"8,423",
112/01/13,"25,246,308","1,059,619,739",41.85,42.30,41.75,41.80,+0.10,"12,867",
112/01/16,"24,240,014","1,015,296,654",42.00,42.10,41.70,41.75,-0.05,"10,085",
112/01/17,"30,131,381","1,263,238,935",41.80,42.10,41.60,42.00,+0.25,"11,120",
112/01/30,"47,216,810","2,015,616,104",42.95,43.15,42.20,42.70,+0.70,"21,575",
112/01/31,"34,054,874","1,451,537,207",42.70,42.80,42.45,42.55,-0.15,"10,145",
112/02/01,"30,294,161","1,298,823,649",42.80,43.00,42.65,43.00,+0.45,"10,312",
112/02/02,"46,455,741","2,040,623,443",43.45,44.30,43.40,44.05,+1.05,"19,439",
112/02/03,"26,131,633","1,137,081,537",44.20,44.20,43.25,43.30,-0.75,"16,207",
112/02/06,"23,945,724","1,024,656,147",43.15,43.20,42.60,42.65,-0.65,"12,357",
112/02/07,"14,924,425","640,525,904",42.90,43.20,42.70,42.80,+0.15,"7,157",
112/02/08,"12,667,108","542,767,576",42.90,43.00,42.70,42.85,+0.05,"5,962",
112/02/09,"11,215,474","478,341,720",42.55,42.80,42.50,42.60,-0.25,"6,466",
112/02/10,"13,913,641","592,655,598",42.50,42.80,42.35,42.65,+0.05,"6,097",
112/02/13,"11,654,400","497,640,383",42.55,42.95,42.25,42.90,+0.25,"6,029",
112/02/14,"21,608,876","938,541,725",43.20,43.75,42.95,43.60,+0.70,"8,966",
112/02/15,"23,924,878","1,031,929,762",43.55,43.70,42.80,42.95,-0.65,"12,004",
112/02/16,"13,275,864","571,510,182",43.10,43.25,42.85,43.05,+0.10,"5,799",
112/02/17,"33,063,140","1,449,721,506",43.40,44.05,43.35,44.00,+0.95,"12,704",
112/02/20,"30,019,929","1,330,436,906",44.00,44.50,44.00,44.45,+0.45,"14,669",
112/02/21,"19,076,559","835,450,863",44.25,44.25,43.55,43.85,-0.60,"11,847",
112/02/22,"18,259,098","791,221,402",43.45,43.50,43.15,43.35,-0.50,"10,404",
112/02/23,"18,234,647","790,149,404",43.25,43.55,43.20,43.30,-0.05,"7,416",
112/02/24,"22,159,119","961,910,919",43.30,43.60,43.20,43.45,+0.15,"7,465",
112/03/01,"34,074,730","1,462,475,350",43.35,43.55,42.60,42.75,-0.70,"15,349",
112/03/02,"11,596,903","497,961,065",43.20,43.20,42.60,43.00,+0.25,"5,646",
112/03/03,"10,372,259","445,670,596",43.00,43.20,42.90,42.90,-0.10,"5,485",
112/03/06,"18,350,391","799,236,133",43.30,43.75,43.20,43.60,+0.70,"7,361",
112/03/07,"13,733,996","599,796,482",43.70,43.85,43.50,43.75,+0.15,"6,502",
112/03/08,"14,093,070","613,293,322",43.40,43.75,43.30,43.75, 0.00,"6,913",
112/03/09,"17,599,268","767,756,774",43.70,43.75,43.55,43.65,-0.10,"5,720",
112/03/10,"39,620,072","1,698,898,256",43.15,43.15,42.60,42.70,-0.95,"19,814",
112/03/13,"24,572,149","1,037,242,476",42.30,42.40,42.00,42.30,-0.40,"12,499",
112/03/14,"32,983,873","1,374,232,367",41.85,41.85,41.50,41.55,-0.75,"17,020",
112/03/15,"20,843,337","875,723,130",41.70,42.00,41.50,41.50,-0.05,"9,785",
112/03/16,"38,507,934","1,565,925,666",40.95,41.00,40.50,40.50,-1.00,"23,775",
112/03/17,"31,492,495","1,291,652,169",40.75,41.20,40.75,41.00,+0.50,"9,050",
112/03/20,"38,104,365","1,533,823,402",40.80,40.80,40.00,40.20,-0.80,"21,904",
112/03/21,"19,966,155","814,213,517",40.50,41.15,40.40,40.75,+0.55,"9,944",
112/03/22,"29,224,719","1,204,722,651",41.05,41.45,41.00,41.35,+0.60,"10,664",
112/03/23,"20,348,699","841,767,256",41.20,41.55,40.90,41.55,+0.20,"8,362",
112/03/24,"16,487,475","681,417,668",41.60,41.60,41.20,41.30,-0.25,"7,793",
112/03/27,"13,698,291","565,151,340",41.25,41.50,41.05,41.35,+0.05,"6,608",
112/03/28,"9,485,788","394,635,948",41.55,41.80,41.50,41.55,+0.20,"4,881",
112/03/29,"11,941,771","498,056,595",41.55,41.85,41.40,41.85,+0.30,"6,232",
112/03/30,"13,483,264","561,079,853",41.85,41.90,41.50,41.60,-0.25,"7,203",
112/03/31,"19,102,367","797,880,300",41.75,41.95,41.60,41.80,+0.20,"6,715",
112/04/06,"16,419,030","686,468,130",42.00,42.00,41.50,42.00,+0.20,"8,098",
112/04/07,"17,366,544","733,062,083",42.10,42.40,42.00,42.25,+0.25,"8,156",
112/04/10,"10,819,162","459,837,568",42.40,42.65,42.40,42.55,+0.30,"5,259",
112/04/11,"13,885,428","590,734,751",42.60,42.65,42.35,42.65,+0.10,"8,036",
112/04/12,"13,043,577","559,402,957",42.75,42.95,42.70,42.95,+0.30,"6,931",
112/04/13,"16,526,680","704,502,038",42.85,42.85,42.50,42.60,-0.35,"9,770",
112/04/14,"17,415,813","747,819,832",42.65,43.20,42.55,43.15,+0.55,"9,203",
112/04/17,"9,907,175","426,862,527",43.20,43.20,43.00,43.20,+0.05,"6,400",
112/04/18,"10,598,683","456,262,977",43.15,43.30,42.75,43.10,-0.10,"5,617",
112/04/19,"11,569,177","495,791,774",43.10,43.20,42.65,42.75,-0.35,"7,390",
112/04/20,"10,012,819","428,510,412",42.65,42.95,42.55,42.95,+0.20,"5,766",
112/04/21,"12,406,713","529,251,434",43.00,43.00,42.35,42.70,-0.25,"6,250",
112/04/24,"6,194,869","263,607,887",42.70,42.70,42.40,42.65,-0.05,"3,829",
112/04/25,"13,162,078","561,364,811",42.70,43.00,42.50,42.60,-0.05,"5,839",
112/04/26,"15,996,466","675,915,939",42.60,42.75,42.00,42.35,-0.25,"8,932",
112/04/27,"12,836,271","541,958,531",42.15,42.45,42.00,42.25,-0.10,"5,486",
112/04/28,"20,010,965","848,333,617",42.05,42.75,42.00,42.45,+0.20,"6,476",
112/05/02,"16,532,518","697,742,264",42.45,42.50,41.90,42.50,+0.05,"8,810",
112/05/03,"10,666,601","450,650,979",42.40,42.45,42.10,42.40,-0.10,"6,017",
112/05/04,"9,535,381","403,684,626",42.35,42.50,42.10,42.50,+0.10,"4,781",
112/05/05,"7,165,753","304,488,416",42.50,42.65,42.35,42.65,+0.15,"3,874",
112/05/08,"15,295,810","656,099,339",42.80,43.05,42.65,43.05,+0.40,"7,142",
112/05/09,"18,494,084","800,639,881",43.10,43.50,43.00,43.50,+0.45,"8,909",
112/05/10,"14,666,571","630,807,389",43.50,43.50,42.80,43.05,-0.45,"9,939",
112/05/11,"28,157,576","1,226,003,032",43.35,43.70,43.25,43.70,+0.65,"12,105",
112/05/12,"29,601,386","1,270,943,383",43.55,43.55,42.65,42.65,-1.05,"16,207",
112/05/15,"18,642,848","803,401,440",42.70,43.45,42.40,43.35,+0.70,"7,541",
112/05/16,"18,888,476","822,959,693",43.50,43.75,43.25,43.60,+0.25,"8,987",
112/05/17,"25,712,701","1,125,930,039",43.60,44.00,43.40,43.95,+0.35,"13,370",
112/05/18,"29,759,827","1,318,439,904",44.00,44.45,43.95,44.40,+0.45,"12,963",
112/05/19,"41,994,095","1,888,879,742",44.60,45.20,44.55,45.15,+0.75,"18,094",
112/05/22,"17,922,195","810,538,653",45.15,45.50,45.10,45.15, 0.00,"10,498",
112/05/23,"20,125,010","905,539,282",45.15,45.40,44.70,44.80,-0.35,"13,333",
112/05/24,"17,586,428","783,734,573",44.35,44.85,44.35,44.80, 0.00,"15,025",
112/05/25,"20,496,919","906,005,383",44.45,44.70,44.00,44.05,-0.75,"11,212",
112/05/26,"20,794,987","915,157,940",43.90,44.25,43.75,43.90,-0.15,"8,876",
112/05/29,"37,338,653","1,683,686,262",44.40,45.50,44.40,44.75,+0.85,"12,653",
112/05/30,"23,359,695","1,043,183,385",45.00,45.10,44.45,44.50,-0.25,"11,284",
112/05/31,"88,146,361","3,909,163,357",44.55,44.95,44.30,44.30,-0.20,"8,389",
112/06/01,"21,060,013","928,392,943",44.50,44.70,43.80,44.00,-0.30,"10,372",
112/06/02,"17,140,513","758,645,145",44.15,44.45,44.05,44.45,+0.45,"7,169",
112/06/05,"33,114,433","1,502,034,347",44.60,45.70,44.55,45.25,+0.80,"12,619",
112/06/06,"13,815,589","625,063,651",45.25,45.45,45.05,45.25, 0.00,"9,023",
112/06/07,"23,392,105","1,057,085,270",45.40,45.50,45.00,45.40,+0.15,"9,432",
112/06/08,"34,342,346","1,532,989,195",45.45,45.45,44.20,44.60,-0.80,"15,772",
112/06/09,"21,841,319","972,307,792",44.85,44.85,44.40,44.60, 0.00,"9,111",
112/06/12,"22,092,908","977,772,923",44.70,44.85,44.00,44.05,-0.55,"12,135",
112/06/13,"23,737,443","1,046,891,162",44.20,44.40,43.95,44.10,+0.05,"8,979",
112/06/14,"17,618,683","784,582,961",44.15,44.80,44.15,44.60,+0.50,"6,632",
112/06/15,"12,255,520","543,527,649",44.60,44.65,44.20,44.35,-0.25,"6,420",
112/06/16,"24,858,540","1,094,647,979",44.30,44.35,43.90,43.90,-0.45,"9,435",
112/06/19,"16,844,352","737,799,639",44.00,44.10,43.65,43.90, 0.00,"8,811",
112/06/20,"10,322,216","456,537,973",44.00,44.35,43.90,44.35,+0.45,"4,329",
112/06/21,"11,655,399","517,060,703",44.25,44.50,44.10,44.40,+0.05,"5,439",
112/06/26,"17,296,717","762,406,888",44.25,44.30,44.00,44.05,-0.35,"6,963",
112/06/27,"17,015,472","750,263,860",44.05,44.30,43.90,44.15,+0.10,"6,357",
112/06/28,"15,222,318","663,099,066",43.50,43.75,43.40,43.65,X0.00,"7,545",
112/06/29,"15,905,458","692,698,135",43.75,43.80,43.40,43.40,-0.25,"8,249",
112/06/30,"16,005,959","692,483,056",43.40,43.60,43.15,43.15,-0.25,"7,200",
112/07/03,"8,225,427","355,805,848",43.20,43.40,43.15,43.30,+0.15,"4,810",
112/07/04,"11,661,933","502,924,831",43.30,43.35,43.05,43.05,-0.25,"6,041",
112/07/05,"9,804,039","424,658,146",43.10,43.45,43.10,43.20,+0.15,"4,962",
112/07/06,"27,320,179","1,166,833,585",43.20,43.20,42.30,42.50,-0.70,"16,262",
112/07/07,"16,833,888","709,819,897",42.25,42.35,42.05,42.25,-0.25,"9,668",
112/07/10,"14,198,477","606,748,234",42.25,43.00,42.25,42.65,+0.40,"6,404",
112/07/11,"23,478,719","1,023,176,628",43.20,43.80,43.20,43.60,+0.95,"7,430",
112/07/12,"20,315,714","891,184,679",43.30,44.00,43.30,44.00,+0.40,"8,428",
112/07/13,"16,845,389","739,057,126",44.20,44.35,43.60,43.60,-0.40,"7,456",
112/07/14,"12,093,741","531,837,857",43.85,44.10,43.70,44.10,+0.50,"5,516",
112/07/17,"30,039,992","1,344,041,377",44.15,45.00,44.05,45.00,+0.90,"11,983",
112/07/18,"26,899,975","1,211,750,576",45.00,45.35,44.75,45.05,+0.05,"11,357",
112/07/19,"18,910,491","844,233,547",45.20,45.25,44.25,44.50,-0.55,"8,512",
112/07/20,"12,824,256","573,851,854",44.70,44.95,44.55,44.75,+0.25,"4,491",
112/07/21,"14,100,968","627,007,768",44.60,44.75,44.35,44.40,-0.35,"4,669",
112/07/24,"11,050,420","487,751,263",44.40,44.40,44.00,44.20,-0.20,"4,333",
112/07/25,"11,253,362","500,302,499",44.30,44.60,44.20,44.55,+0.35,"4,465",
112/07/26,"32,416,509","1,466,919,240",44.75,45.50,44.70,45.35,+0.80,"13,670",
112/07/27,"35,599,006","1,633,726,832",45.55,46.00,45.50,46.00,+0.65,"14,909",
112/07/28,"12,743,462","581,998,949",45.80,45.85,45.50,45.75,-0.25,"9,991",
112/07/31,"29,739,092","1,367,153,458",46.00,46.40,45.65,45.75, 0.00,"14,735",
112/08/01,"40,495,482","1,891,432,966",46.15,47.25,46.00,47.25,+1.50,"18,604",
112/08/02,"37,163,556","1,721,837,045",46.90,46.95,45.90,46.20,-1.05,"24,821",
112/08/04,"22,846,397","1,060,464,280",46.70,46.75,46.20,46.30,+0.10,"8,358",
112/08/07,"13,567,360","630,993,975",46.30,46.70,46.25,46.45,+0.15,"6,189",
112/08/08,"25,222,272","1,184,424,735",46.70,47.20,46.60,47.05,+0.60,"9,511",
112/08/09,"16,761,668","780,491,104",46.95,46.95,46.40,46.45,-0.60,"8,068",
112/08/10,"13,603,487","633,568,259",46.50,46.85,46.40,46.60,+0.15,"5,617",
112/08/11,"16,345,476","762,222,921",47.00,47.10,46.35,46.45,-0.15,"6,969",
112/08/14,"22,773,930","1,031,744,619",46.15,46.15,44.90,45.40,-1.05,"12,455",
112/08/15,"11,723,382","532,304,352",45.40,45.60,45.30,45.40, 0.00,"5,778",
112/08/16,"17,716,609","797,541,497",45.05,45.35,44.65,45.10,-0.30,"9,861",
112/08/17,"15,422,670","695,869,365",44.75,45.55,44.50,45.30,+0.20,"8,170",
112/08/18,"13,116,357","592,094,850",45.05,45.45,44.80,45.20,-0.10,"5,542",
112/08/21,"7,952,578","360,603,713",45.25,45.45,45.15,45.40,+0.20,"3,430",
112/08/22,"10,487,488","471,624,728",45.45,45.50,44.80,45.00,-0.40,"5,846",
112/08/23,"14,544,261","650,542,789",44.85,45.00,44.50,44.70,-0.30,"6,712",
112/08/24,"19,448,663","864,895,795",44.70,44.85,44.20,44.65,-0.05,"10,365",
112/08/25,"9,234,195","410,994,959",44.40,44.70,44.20,44.50,-0.15,"4,140",
112/08/28,"13,253,627","598,936,252",44.50,45.40,44.50,45.40,+0.90,"6,279",
112/08/29,"13,757,242","630,379,584",45.60,46.05,45.45,46.05,+0.65,"6,424",
112/08/30,"11,006,049","506,425,370",46.10,46.15,45.75,46.10,+0.05,"6,407",
112/08/31,"26,328,152","1,201,674,859",46.05,46.05,45.60,45.60,-0.50,"6,058",
112/09/01,"19,310,294","897,551,894",45.85,46.80,45.75,46.60,+1.00,"8,741",
112/09/04,"7,378,965","343,099,618",46.60,46.70,46.25,46.65,+0.05,"4,851",
112/09/05,"7,911,802","367,611,487",46.65,46.80,46.30,46.45,-0.20,"6,017",
112/09/06,"15,291,923","702,373,331",46.50,46.55,45.75,45.80,-0.65,"10,305",
112/09/07,"7,137,043","325,840,794",45.70,45.80,45.45,45.70,-0.10,"4,082",
112/09/08,"8,284,898","381,731,825",45.60,46.30,45.60,46.30,+0.60,"4,197",
112/09/11,"9,392,022","435,537,763",46.30,46.55,46.00,46.55,+0.25,"4,782",
112/09/12,"12,339,573","573,812,477",46.55,46.65,46.10,46.65,+0.10,"6,423",
112/09/13,"7,972,600","371,894,662",46.50,46.75,46.50,46.75,+0.10,"4,537",
112/09/14,"13,423,245","628,095,536",46.85,47.00,46.60,46.90,+0.15,"5,824",
112/09/15,"18,533,783","865,101,109",46.90,46.90,46.60,46.65,-0.25,"4,424",
112/09/18,"9,978,403","463,250,103",46.60,46.60,46.30,46.40,-0.25,"3,570",
112/09/19,"12,194,676","566,023,189",46.45,46.60,46.30,46.35,-0.05,"3,932",
112/09/20,"19,313,673","886,321,213",46.30,46.35,45.65,45.70,-0.65,"8,450",
112/09/21,"26,136,256","1,174,773,398",45.50,45.55,44.70,44.90,-0.80,"14,512",
112/09/22,"14,934,980","668,771,681",44.85,45.00,44.55,44.70,-0.20,"6,643",
112/09/25,"12,662,976","566,861,787",44.75,45.00,44.60,44.85,+0.15,"6,046",
112/09/26,"13,781,253","613,479,158",44.70,44.85,44.40,44.45,-0.40,"9,559",
112/09/27,"13,017,554","579,004,916",44.30,44.70,44.20,44.60,+0.15,"7,080",
112/09/28,"12,239,161","547,099,027",44.60,44.95,44.55,44.55,-0.05,"5,056",
112/10/02,"9,861,924","439,459,592",44.65,44.75,44.45,44.50,-0.05,"4,753",
112/10/03,"16,768,544","739,329,415",44.20,44.30,44.00,44.00,-0.50,"11,026",
112/10/04,"24,705,132","1,078,804,643",43.85,43.95,43.50,43.55,-0.45,"13,569",
112/10/05,"13,399,011","588,748,592",43.55,44.15,43.40,44.05,+0.50,"6,081",
112/10/06,"8,512,918","377,751,784",44.25,44.60,44.15,44.55,+0.50,"4,330",
112/10/11,"33,272,017","1,516,969,875",45.05,45.95,44.95,45.95,+1.40,"14,716",
112/10/12,"18,037,437","828,681,161",45.95,46.15,45.50,46.15,+0.20,"7,694",
112/10/13,"16,127,657","733,186,344",45.85,45.85,45.30,45.30,-0.85,"10,163",
112/10/16,"7,462,931","338,470,105",45.05,45.50,45.00,45.50,+0.20,"3,691",
112/10/17,"8,374,805","379,480,881",45.55,45.60,45.15,45.25,-0.25,"4,422",
112/10/18,"22,669,935","1,031,724,428",45.50,45.60,45.20,45.60,+0.35,"5,578",
112/10/19,"13,198,531","595,717,954",45.20,45.35,44.85,45.10,-0.50,"7,297",
112/10/20,"27,341,168","1,213,738,367",44.60,44.95,43.75,44.70,-0.40,"11,396",
112/10/23,"15,112,308","667,985,373",44.45,44.80,44.00,44.10,-0.60,"7,549",
112/10/24,"9,611,137","423,983,364",44.10,44.35,43.85,44.15,+0.05,"5,633",
112/10/25,"6,377,441","281,954,687",44.20,44.35,44.10,44.15, 0.00,"3,500",
112/10/26,"11,483,505","503,641,748",43.75,44.20,43.55,43.85,-0.30,"5,887",
112/10/27,"5,950,103","262,831,565",43.95,44.40,43.90,44.20,+0.35,"3,069",
112/10/30,"13,512,424","593,376,506",44.20,44.40,43.75,43.95,-0.25,"7,234",
112/10/31,"9,197,492","404,260,091",44.25,44.25,43.85,43.90,-0.05,"3,205",
112/11/01,"9,371,161","414,902,877",44.20,44.50,44.00,44.30,+0.40,"4,329",
112/11/02,"14,466,512","648,702,420",44.70,44.95,44.55,44.85,+0.55,"6,542",
112/11/03,"11,230,733","507,423,733",45.00,45.35,44.80,45.35,+0.50,"5,517",
112/11/06,"11,916,054","541,290,280",45.65,45.70,45.25,45.35, 0.00,"4,954",
112/11/07,"15,997,126","723,862,515",45.20,45.25,44.95,45.20,-0.15,"4,052",
112/11/08,"5,470,521","246,948,773",45.40,45.40,45.00,45.05,-0.15,"2,796",
112/11/09,"5,313,103","239,610,453",45.15,45.20,44.95,45.15,+0.10,"2,605",
112/11/10,"5,201,717","233,862,184",44.80,45.10,44.80,44.95,-0.20,"2,724",
112/11/13,"13,882,473","630,056,381",45.45,45.80,45.20,45.25,+0.30,"4,891",
112/11/14,"17,538,964","798,276,443",45.55,45.75,45.35,45.45,+0.20,"5,423",
112/11/15,"23,089,892","1,055,060,764",45.90,46.00,45.45,45.75,+0.30,"9,162",
112/11/16,"18,179,106","829,768,365",45.80,45.85,45.50,45.65,-0.10,"6,567",
112/11/17,"17,409,277","796,813,244",45.55,45.95,45.55,45.80,+0.15,"7,374",
112/11/20,"10,634,921","485,629,528",46.00,46.00,45.45,45.70,-0.10,"4,515",
112/11/21,"27,444,955","1,266,573,712",45.75,46.45,45.75,46.15,+0.45,"9,452",
112/11/22,"10,447,606","482,232,883",46.10,46.30,46.05,46.30,+0.15,"4,896",
112/11/23,"12,805,401","592,854,638",46.40,46.50,46.15,46.30, 0.00,"5,132",
112/11/24,"7,229,481","334,358,349",46.40,46.50,46.10,46.30, 0.00,"3,024",
112/11/27,"16,164,440","744,683,039",46.10,46.65,45.65,45.75,-0.55,"9,672",
112/11/28,"18,136,527","831,624,376",45.70,46.05,45.55,46.00,+0.25,"8,448",
112/11/29,"12,034,349","552,334,303",45.85,46.10,45.75,45.75,-0.25,"5,162",
112/11/30,"33,639,723","1,560,450,593",45.85,46.50,45.75,46.50,+0.75,"5,022",
112/12/01,"13,881,163","639,525,841",46.25,46.25,45.90,46.05,-0.45,"5,433",
112/12/04,"12,910,776","596,417,994",46.35,46.40,46.00,46.25,+0.20,"4,832",
112/12/05,"22,302,325","1,016,445,982",45.90,45.95,45.40,45.55,-0.70,"9,497",
112/12/06,"14,826,413","675,205,351",45.55,45.80,45.40,45.45,-0.10,"5,732",
112/12/07,"22,694,721","1,021,664,322",45.30,45.40,44.80,45.00,-0.45,"10,848",
112/12/08,"20,523,156","921,563,571",45.00,45.20,44.80,44.85,-0.15,"9,358",
112/12/11,"13,899,772","623,382,361",44.85,44.95,44.75,44.85, 0.00,"6,657",
112/12/12,"17,098,056","764,531,793",44.75,44.85,44.60,44.75,-0.10,"9,799",
112/12/13,"16,545,774","739,708,091",44.75,44.90,44.60,44.70,-0.05,"8,790",
112/12/14,"37,884,348","1,731,210,343",45.35,45.95,45.15,45.90,+1.20,"13,290",
112/12/15,"29,966,044","1,373,154,317",46.05,46.10,45.60,45.85,-0.05,"13,154",
112/12/18,"10,783,488","490,384,107",45.60,45.65,45.25,45.50,-0.35,"5,502",
112/12/19,"19,312,604","868,566,381",45.35,45.40,44.85,44.90,-0.60,"10,542",
112/12/20,"17,026,272","764,329,731",45.05,45.10,44.80,44.85,-0.05,"7,880",
112/12/21,"11,173,222","499,405,244",44.60,44.80,44.60,44.70,-0.15,"6,091",
112/12/22,"12,841,128","573,874,961",44.70,44.85,44.60,44.65,-0.05,"5,859",
112/12/25,"9,432,798","423,564,361",44.80,45.10,44.70,44.85,+0.20,"4,006",
112/12/26,"9,349,563","422,164,059",45.00,45.30,44.95,45.20,+0.35,"3,558",
112/12/27,"12,618,129","573,079,242",45.25,45.50,45.15,45.45,+0.25,"5,136",
112/12/28,"15,877,374","723,712,251",45.45,45.80,45.35,45.80,+0.35,"5,858",
112/12/29,"14,784,912","675,465,633",45.75,45.80,45.50,45.75,-0.05,"5,670",
113/01/02,"8,675,803","394,061,189",45.60,45.60,45.25,45.50,-0.25,"4,464",
113/01/03,"16,907,245","759,129,064",45.05,45.25,44.80,44.95,-0.55,"9,279",
113/01/04,"13,653,296","611,779,098",44.85,44.95,44.70,44.70,-0.25,"6,821",
113/01/05,"9,515,465","426,911,063",44.70,44.95,44.70,44.85,+0.15,"3,995",
113/01/08,"14,815,614","669,976,708",44.90,45.50,44.85,45.10,+0.25,"4,983",
113/01/09,"12,289,579","552,027,551",45.10,45.25,44.75,44.75,-0.35,"4,946",
113/01/10,"7,533,412","337,312,710",45.00,45.10,44.70,44.70,-0.05,"3,629",
113/01/11,"14,935,732","666,216,061",44.60,44.75,44.40,44.60,-0.10,"5,589",
113/01/12,"12,101,836","539,201,669",44.50,44.65,44.50,44.50,-0.10,"5,169",
113/01/15,"17,742,769","790,960,775",44.65,44.90,44.45,44.45,-0.05,"5,406",
113/01/16,"29,568,999","1,299,663,534",44.30,44.35,43.70,44.00,-0.45,"15,334",
113/01/17,"37,617,913","1,636,840,058",43.80,43.90,43.30,43.30,-0.70,"22,864",
113/01/18,"16,977,248","734,914,518",43.25,43.55,43.10,43.30, 0.00,"7,727",
113/01/19,"18,678,092","812,261,745",43.15,43.80,43.15,43.80,+0.50,"6,623",
113/01/22,"9,264,774","406,791,609",43.90,44.00,43.85,43.85,+0.05,"4,246",
113/01/23,"10,859,847","478,377,371",44.20,44.20,43.85,44.20,+0.35,"4,147",
113/01/24,"12,467,532","550,753,730",44.15,44.40,44.00,44.20, 0.00,"5,559",
113/01/25,"11,834,546","523,948,417",44.20,44.35,44.15,44.35,+0.15,"4,290",
113/01/26,"12,873,549","572,052,716",44.30,44.55,44.25,44.50,+0.15,"4,221",
113/01/29,"10,282,934","456,264,172",44.30,44.50,44.25,44.40,-0.10,"4,466",
113/01/30,"16,120,732","710,133,166",44.40,44.40,43.90,43.90,-0.50,"8,302",
113/01/31,"15,919,111","701,010,822",43.90,44.15,43.80,44.15,+0.25,"4,108",
113/02/01,"11,353,252","503,788,331",44.40,44.50,44.20,44.45,+0.30,"4,684",
113/02/02,"10,102,556","446,048,683",44.40,44.45,44.05,44.10,-0.35,"5,451",
113/02/05,"17,411,745","764,358,167",43.90,44.05,43.70,43.90,-0.20,"6,163",
113/02/15,"19,265,805","849,771,074",44.00,44.50,43.95,44.05,+0.15,"7,358",
113/02/16,"10,327,892","458,657,288",44.30,44.55,44.20,44.55,+0.50,"4,622",
113/02/19,"21,702,989","974,858,434",44.60,45.05,44.55,45.00,+0.45,"8,344",
113/02/20,"13,555,978","609,955,886",45.00,45.10,44.80,45.10,+0.10,"5,853",
113/02/21,"14,966,205","670,850,596",45.05,45.05,44.70,44.75,-0.35,"6,669",
113/02/22,"14,789,132","662,782,299",44.75,44.90,44.70,44.90,+0.15,"4,204",
113/02/23,"19,067,448","851,239,061",44.80,44.85,44.45,44.45,-0.45,"7,529",
113/02/26,"17,129,417","760,174,142",44.35,44.50,44.30,44.30,-0.15,"7,294",
113/02/27,"17,680,518","784,716,095",44.30,44.75,44.20,44.30, 0.00,"7,184",
113/02/29,"28,256,854","1,267,620,722",44.30,45.05,44.25,45.05,+0.75,"7,266",
113/03/01,"12,258,287","548,367,043",45.05,45.05,44.65,44.65,-0.40,"6,015",
113/03/04,"16,622,053","743,218,717",44.65,44.85,44.60,44.65, 0.00,"6,189",
113/03/05,"12,804,696","572,996,754",44.65,44.95,44.65,44.65, 0.00,"5,714",
113/03/06,"17,817,385","795,746,074",44.65,44.95,44.55,44.55,-0.10,"8,344",
113/03/07,"19,312,889","864,171,515",44.60,45.00,44.55,44.85,+0.30,"7,329",
113/03/08,"41,438,610","1,870,993,325",44.80,45.30,44.75,45.30,+0.45,"12,935",
113/03/11,"55,378,787","2,553,959,548",45.90,46.50,45.70,46.05,+0.75,"21,175",
113/03/12,"39,965,441","1,849,332,513",46.10,46.50,46.00,46.50,+0.45,"12,577",
113/03/13,"36,491,277","1,703,231,993",46.55,46.85,46.45,46.80,+0.30,"12,776",
113/03/14,"80,357,923","3,862,937,595",46.90,48.40,46.90,48.30,+1.50,"30,401",
113/03/15,"67,436,774","3,220,170,545",48.50,48.50,47.30,47.65,-0.65,"29,916",
113/03/18,"25,936,059","1,234,567,284",47.70,48.15,47.25,47.55,-0.10,"9,549",
113/03/19,"20,733,353","986,243,214",47.35,48.00,47.15,47.75,+0.20,"9,043",
113/03/20,"19,753,472","941,421,971",47.75,47.95,47.45,47.50,-0.25,"9,453",
113/03/21,"44,855,254","2,167,884,498",47.70,48.65,47.70,48.55,+1.05,"14,550",
113/03/22,"36,455,937","1,774,891,532",48.90,49.30,48.20,48.55, 0.00,"19,851",
113/03/25,"23,309,147","1,120,049,645",48.60,48.60,47.80,48.10,-0.45,"12,713",
113/03/26,"15,741,364","758,521,372",47.90,48.45,47.85,48.35,+0.25,"6,009",
113/03/27,"10,683,838","514,563,788",48.10,48.35,48.05,48.20,-0.15,"6,672",
113/03/28,"14,576,559","702,202,831",48.40,48.45,48.00,48.25,+0.05,"4,621",
113/03/29,"16,899,061","818,986,020",48.25,48.70,48.15,48.65,+0.40,"6,172",
113/04/01,"19,216,587","941,065,968",48.90,49.20,48.70,48.95,+0.30,"9,696",
113/04/02,"10,672,949","521,257,845",48.75,49.05,48.70,48.95, 0.00,"6,495",
113/04/03,"20,746,811","1,000,828,677",48.75,48.75,48.05,48.05,-0.90,"15,459",
113/04/08,"14,907,830","719,210,106",48.00,48.50,47.75,48.35,+0.30,"5,926",
113/04/09,"38,778,189","1,907,542,912",48.55,49.45,48.45,49.45,+1.10,"13,630",
113/04/10,"29,017,495","1,421,190,069",49.50,49.50,48.75,48.75,-0.70,"16,575",
113/04/11,"44,219,208","2,198,866,473",49.70,50.50,49.40,49.70,+0.95,"17,180",
113/04/12,"28,633,375","1,408,395,201",49.65,49.65,48.95,49.05,-0.65,"11,194",
113/04/15,"24,249,907","1,182,270,352",48.75,49.30,48.40,48.95,-0.10,"7,029",
113/04/16,"34,577,764","1,660,771,593",48.55,48.80,47.55,47.85,-1.10,"15,827",
113/04/17,"17,432,133","834,785,023",47.80,48.15,47.60,47.90,+0.05,"8,265",
113/04/18,"20,429,565","984,579,638",47.90,48.65,47.50,48.45,+0.55,"8,216",
113/04/19,"31,191,916","1,483,782,664",47.80,48.20,47.05,47.45,-1.00,"14,624",
113/04/22,"22,267,213","1,075,657,823",47.90,48.60,47.75,48.40,+0.95,"7,989",
113/04/23,"16,134,609","786,896,980",48.55,48.95,48.50,48.75,+0.35,"6,897",
113/04/24,"24,133,672","1,189,608,645",49.05,49.50,49.00,49.25,+0.50,"9,364",
113/04/25,"19,479,919","945,139,470",48.70,48.80,48.35,48.55,-0.70,"15,925",
113/04/26,"13,709,809","671,815,805",48.60,49.20,48.60,48.90,+0.35,"5,610",
113/04/29,"55,744,908","2,807,487,609",49.30,50.90,49.25,50.80,+1.90,"22,871",
113/04/30,"36,086,847","1,832,332,829",50.80,51.20,50.50,50.50,-0.30,"10,766",
113/05/02,"23,605,178","1,188,081,007",50.20,50.70,50.00,50.30,-0.20,"9,922",
113/05/03,"14,985,818","754,951,681",50.40,50.70,50.10,50.20,-0.10,"5,906",
113/05/06,"29,589,866","1,507,758,212",50.60,51.30,50.50,50.90,+0.70,"9,897",
113/05/07,"18,001,522","916,724,573",51.50,51.50,50.60,50.90, 0.00,"6,606",
113/05/08,"14,781,951","751,770,764",50.90,51.10,50.70,50.90, 0.00,"5,880",
113/05/09,"38,314,087","1,983,978,952",51.20,52.40,51.00,51.70,+0.80,"14,838",
113/05/10,"111,619,090","6,097,014,739",53.00,55.50,53.00,55.50,+3.80,"44,768",
113/05/13,"56,416,310","3,126,096,001",56.30,56.40,54.70,55.10,-0.40,"23,571",
113/05/14,"34,476,395","1,882,994,694",55.20,55.70,54.20,54.30,-0.80,"23,499",
113/05/15,"78,383,886","4,417,440,314",55.00,57.00,54.70,56.60,+2.30,"30,796",
113/05/16,"59,956,387","3,407,122,383",57.00,57.40,56.30,56.40,-0.20,"31,203",
113/05/17,"31,268,925","1,764,168,396",56.40,56.80,56.10,56.40, 0.00,"18,360",
113/05/20,"22,464,335","1,259,462,343",56.80,56.90,55.70,56.00,-0.40,"18,205",
113/05/21,"35,694,793","1,967,203,217",55.80,55.90,54.60,55.40,-0.60,"27,352",
113/05/22,"18,618,711","1,038,319,535",55.50,56.00,55.30,56.00,+0.60,"7,554",
113/05/23,"30,093,057","1,650,760,145",55.20,55.40,54.60,54.80,-1.20,"28,971",
113/05/24,"15,772,557","865,684,673",54.40,55.30,54.40,54.90,+0.10,"5,999",
113/05/27,"21,848,780","1,216,066,189",55.70,56.00,55.20,55.60,+0.70,"8,096",
113/05/28,"43,059,526","2,443,409,856",55.60,57.30,55.60,56.80,+1.20,"17,073",
113/05/29,"37,818,650","2,114,632,060",56.80,56.80,55.40,55.60,-1.20,"29,240",
113/05/30,"32,908,216","1,841,098,802",55.50,56.70,55.40,55.60, 0.00,"9,630",
113/05/31,"47,563,484","2,669,981,835",56.00,56.70,55.60,56.20,+0.60,"10,374",
113/06/03,"18,544,350","1,048,692,389",56.60,56.80,56.10,56.70,+0.50,"7,513",
113/06/04,"17,581,467","988,217,155",56.30,56.50,55.80,56.40,-0.30,"9,675",
113/06/05,"15,925,587","901,279,394",56.50,57.00,56.10,56.50,+0.10,"7,158",
113/06/06,"44,205,563","2,536,012,641",56.60,57.60,56.60,57.50,+1.00,"16,058",
113/06/07,"28,187,928","1,637,836,996",57.50,58.40,57.50,58.20,+0.70,"11,260",
113/06/11,"50,727,729","2,990,002,887",58.80,59.70,58.30,58.70,+0.50,"22,243",
113/06/12,"30,848,732","1,789,384,545",58.10,58.40,57.60,57.90,-0.80,"18,468",
113/06/13,"33,013,918","1,926,501,593",58.40,58.80,57.80,58.10,+0.20,"18,304",
113/06/14,"22,714,376","1,316,341,667",58.60,58.60,57.50,58.20,+0.10,"15,015",
113/06/17,"19,827,038","1,142,360,511",58.20,58.20,57.40,57.50,-0.70,"9,412",
113/06/18,"28,883,921","1,687,775,769",58.00,58.90,58.00,58.90,+1.40,"11,009",
113/06/19,"35,962,849","2,120,110,664",59.10,59.30,58.20,59.00,+0.10,"14,425",
113/06/20,"43,516,742","2,596,577,840",59.00,60.20,58.80,60.10,+1.10,"16,192",
113/06/21,"44,740,995","2,689,619,860",60.10,60.40,59.70,60.10, 0.00,"9,931",
113/06/24,"26,544,279","1,597,522,573",60.30,60.50,59.60,60.30,+0.20,"9,645",
113/06/25,"30,726,941","1,854,587,084",60.80,61.20,60.10,60.50,+0.20,"12,110",
113/06/26,"39,079,713","2,327,747,037",60.30,60.50,59.00,59.50,-1.00,"14,501",
113/06/27,"47,347,458","2,781,059,495",58.90,59.10,58.30,59.10,-0.40,"13,314",
113/06/28,"49,458,003","2,920,209,015",59.10,59.60,58.60,59.00,-0.10,"11,860",
113/07/01,"68,688,064","3,949,609,791",57.90,58.10,56.70,58.10,X0.00,"15,689",
113/07/02,"25,212,352","1,464,562,334",57.80,58.50,57.40,58.20,+0.10,"8,989",
113/07/03,"86,599,623","5,240,541,819",58.70,61.60,58.60,61.50,+3.30,"32,122",
113/07/04,"54,669,389","3,343,524,893",61.80,62.20,60.40,60.70,-0.80,"36,450",
113/07/05,"38,281,598","2,334,538,219",61.30,61.50,60.50,61.30,+0.60,"11,377",
113/07/08,"41,516,180","2,570,559,110",61.50,62.40,61.00,62.30,+1.00,"14,774",
113/07/09,"45,189,869","2,800,009,912",62.50,63.20,61.00,62.10,-0.20,"18,647",
113/07/10,"46,535,131","2,941,569,507",62.60,63.70,62.40,63.60,+1.50,"19,272",
113/07/11,"75,471,430","4,928,070,724",64.40,66.10,63.80,65.50,+1.90,"36,342",
113/07/12,"38,386,727","2,514,615,974",65.20,66.10,64.60,65.70,+0.20,"20,435",
113/07/15,"34,079,783","2,205,034,812",66.00,66.00,64.10,65.00,-0.70,"15,036",
113/07/16,"33,499,531","2,186,602,719",65.70,65.80,64.60,65.40,+0.40,"10,794",
113/07/17,"39,252,903","2,569,103,985",65.70,66.20,64.80,65.30,-0.10,"16,545",
113/07/18,"49,159,369","3,155,182,252",64.70,65.60,63.10,64.20,-1.10,"23,409",
113/07/19,"52,923,548","3,305,218,755",64.70,64.70,61.70,62.60,-1.60,"22,617",
113/07/22,"48,052,149","2,895,799,112",62.10,62.20,59.50,60.00,-2.60,"21,837",
113/07/23,"21,808,278","1,335,027,124",61.10,61.50,60.70,61.50,+1.50,"12,935",
113/07/26,"37,553,858","2,290,868,335",59.70,61.70,59.50,61.50, 0.00,"14,738",
113/07/29,"30,583,559","1,910,922,333",62.40,63.20,61.80,62.70,+1.20,"11,499",
113/07/30,"21,852,926","1,340,958,984",62.50,62.50,60.70,61.70,-1.00,"12,717",
113/07/31,"18,718,477","1,164,349,012",60.80,62.80,60.80,62.40,+0.70,"6,833",
113/08/01,"24,185,979","1,517,135,529",62.90,63.10,62.40,62.80,+0.40,"11,171",
113/08/02,"28,779,043","1,761,221,737",61.50,61.70,60.60,61.30,-1.50,"12,231",
113/08/05,"68,481,504","3,882,762,378",59.00,59.20,55.30,55.60,-5.70,"29,636",
113/08/06,"48,063,416","2,694,938,488",57.00,57.70,54.00,56.10,+0.50,"19,506",
113/08/07,"41,329,382","2,389,451,960",56.10,58.70,56.10,58.60,+2.50,"15,336",
113/08/08,"22,209,483","1,287,562,886",57.50,58.80,57.20,57.80,-0.80,"12,231",
113/08/09,"48,841,703","2,974,480,542",61.30,61.50,60.10,60.50,+2.70,"18,576",
113/08/12,"28,288,755","1,722,199,061",61.20,61.60,60.40,61.00,+0.50,"14,214",
113/08/13,"20,338,641","1,242,453,734",61.10,61.50,60.60,61.30,+0.30,"9,041",
113/08/14,"28,061,020","1,741,915,979",61.80,62.50,61.40,61.90,+0.60,"11,461",
113/08/15,"19,662,595","1,218,607,755",62.60,62.80,61.50,61.60,-0.30,"11,693",
113/08/16,"41,015,973","2,578,081,271",62.60,63.30,62.10,63.00,+1.40,"16,518",
113/08/19,"19,136,700","1,198,577,390",63.20,63.20,62.20,62.30,-0.70,"14,846",
113/08/20,"24,008,958","1,476,371,641",62.50,62.50,61.10,61.70,-0.60,"12,636",
113/08/21,"17,882,476","1,104,552,054",61.40,62.20,61.30,61.90,+0.20,"7,004",
113/08/22,"15,142,956","928,097,628",61.70,61.80,61.00,61.40,-0.50,"6,928",
113/08/23,"10,746,054","658,679,380",60.70,61.70,60.50,61.50,+0.10,"5,278",
113/08/26,"46,267,636","2,945,605,343",62.30,64.20,62.20,63.90,+2.40,"20,825",
113/08/27,"24,250,289","1,530,153,167",63.50,63.70,62.80,63.10,-0.80,"16,642",
113/08/28,"13,341,197","842,389,225",63.40,63.50,62.60,63.50,+0.40,"8,749",
113/08/29,"14,180,331","894,288,496",63.10,63.40,62.70,63.10,-0.40,"7,835",
113/08/30,"30,201,474","1,914,565,694",63.40,63.70,63.00,63.50,+0.40,"7,496",
113/09/02,"31,916,994","2,060,560,922",63.80,65.20,63.70,64.70,+1.20,"14,571",
113/09/03,"16,497,485","1,053,600,794",64.80,64.80,63.50,63.70,-1.00,"15,960",
113/09/04,"36,678,349","2,256,095,048",61.00,62.20,60.60,61.60,-2.10,"16,351",
113/09/05,"31,284,906","1,959,936,893",62.00,63.60,61.70,62.40,+0.80,"11,288",
113/09/06,"24,960,690","1,574,451,678",62.20,63.70,61.80,63.50,+1.10,"10,325",
113/09/09,"30,046,060","1,862,809,495",62.00,62.60,61.30,62.50,-1.00,"20,392",
113/09/10,"18,809,590","1,177,826,872",62.50,63.40,62.00,62.60,+0.10,"10,896",
113/09/11,"18,824,720","1,179,101,838",62.30,62.90,62.30,62.50,-0.10,"7,690",
113/09/12,"20,046,125","1,260,960,413",63.20,63.30,62.50,62.90,+0.40,"6,798",
113/09/13,"15,509,463","978,437,018",63.10,63.70,62.50,63.20,+0.30,"7,344",
113/09/16,"9,282,691","584,288,369",63.30,63.40,62.70,63.10,-0.10,"6,929",
113/09/18,"13,028,934","822,703,850",63.00,63.40,62.80,63.20,+0.10,"6,787",
113/09/19,"34,592,090","2,227,543,667",63.40,64.80,63.30,64.80,+1.60,"15,098",
113/09/20,"40,639,674","2,633,106,343",65.00,65.40,64.50,64.70,-0.10,"11,128",
113/09/23,"21,701,952","1,411,755,974",64.90,65.40,64.50,65.40,+0.70,"9,844",
113/09/24,"43,614,305","2,880,977,309",65.50,66.50,65.30,66.30,+0.90,"16,435",
113/09/25,"32,687,745","2,185,391,226",67.00,67.10,66.40,67.10,+0.80,"14,902",
113/09/26,"45,671,365","3,112,815,508",67.60,68.60,67.40,68.30,+1.20,"17,234",
113/09/27,"38,019,887","2,584,000,386",69.00,69.00,66.90,67.50,-0.80,"21,975",
113/09/30,"30,098,333","2,012,183,324",67.40,67.70,66.50,66.50,-1.00,"15,417",
113/10/01,"18,103,416","1,206,414,525",66.90,67.10,66.20,66.70,+0.20,"10,523",
113/10/04,"25,697,379","1,701,643,133",66.00,66.90,65.80,66.00,-0.70,"13,944",
113/10/07,"30,130,959","2,034,263,849",66.60,68.00,66.50,68.00,+2.00,"13,976",
113/10/08,"26,653,495","1,802,139,371",67.50,68.20,67.00,67.70,-0.30,"12,920",
113/10/09,"17,399,929","1,183,006,119",68.30,68.50,67.60,67.80,+0.10,"6,919",
113/10/11,"21,771,274","1,481,958,020",68.60,68.60,67.60,68.00,+0.20,"9,961",
113/10/14,"11,550,257","779,794,274",68.00,68.10,67.10,67.70,-0.30,"14,916",
113/10/15,"29,461,171","2,017,896,195",67.80,68.80,67.50,68.80,+1.10,"11,353",
113/10/16,"23,890,063","1,623,754,938",68.00,68.60,67.40,67.80,-1.00,"23,094",
113/10/17,"15,838,073","1,083,688,972",67.90,68.70,67.90,68.60,+0.80,"6,106",
113/10/18,"42,902,080","2,984,565,489",68.80,69.90,68.50,69.80,+1.20,"16,264",
113/10/21,"41,993,562","2,875,089,985",69.80,69.80,68.00,68.30,-1.50,"64,973",
113/10/22,"26,718,551","1,841,820,096",68.20,69.30,67.80,69.30,+1.00,"10,705",
113/10/23,"17,525,085","1,210,473,456",69.00,69.40,68.70,69.20,-0.10,"8,326",
113/10/24,"16,248,315","1,112,858,185",68.80,69.00,68.20,68.20,-1.00,"17,826",
113/10/25,"12,682,246","869,943,825",68.50,69.00,68.10,69.00,+0.80,"5,696",
113/10/28,"23,577,614","1,635,281,928",68.90,69.80,68.50,69.30,+0.30,"9,263",
113/10/29,"23,409,004","1,598,587,672",69.20,69.20,68.00,68.50,-0.80,"14,687",
113/10/30,"17,327,551","1,191,375,441",68.80,69.00,68.50,68.90,+0.40,"5,101",
113/11/01,"26,071,006","1,774,444,495",68.10,68.80,67.40,68.60,-0.30,"13,004",
113/11/04,"27,897,055","1,935,203,475",68.60,69.60,68.50,69.60,+1.00,"8,865",
113/11/05,"13,772,440","955,921,269",69.10,69.80,68.60,69.80,+0.20,"9,082",
113/11/06,"12,124,161","840,077,552",69.60,69.70,69.00,69.10,-0.70,"8,174",
113/11/07,"25,159,175","1,755,661,261",69.00,70.40,69.00,69.80,+0.70,"10,436",
113/11/08,"15,220,490","1,061,708,483",70.00,70.20,69.40,69.50,-0.30,"9,418",
113/11/11,"21,040,577","1,443,639,630",69.70,69.80,68.10,68.70,-0.80,"21,819",
113/11/12,"40,848,712","2,763,955,811",67.80,68.20,67.20,67.50,-1.20,"17,886",
113/11/13,"37,532,795","2,504,956,315",67.10,67.50,66.20,66.80,-0.70,"17,232",
113/11/14,"26,753,611","1,778,216,787",66.50,67.10,66.10,66.20,-0.60,"9,514",
113/11/15,"29,136,418","1,964,119,371",67.00,68.30,66.60,66.90,+0.70,"11,638",
113/11/18,"19,756,553","1,323,388,391",67.30,67.50,66.60,67.00,+0.10,"8,001",
113/11/19,"34,439,114","2,315,239,741",67.30,67.70,66.50,67.70,+0.70,"10,955",
113/11/20,"25,128,583","1,689,043,009",67.50,67.70,66.90,67.40,-0.30,"9,860",
113/11/21,"29,283,021","1,946,774,325",66.90,67.00,66.20,66.60,-0.80,"13,173",
113/11/22,"20,596,865","1,375,009,542",67.00,67.30,66.50,66.80,+0.20,"7,363",
113/11/25,"46,068,650","3,104,725,989",67.40,68.00,67.10,67.30,+0.50,"8,095",
113/11/26,"15,036,331","1,008,554,040",67.10,67.50,66.30,67.40,+0.10,"7,611",
113/11/27,"12,472,306","832,426,751",67.10,67.30,66.50,66.50,-0.90,"6,702",
113/11/28,"12,457,291","826,879,650",66.80,66.80,66.10,66.30,-0.20,"5,686",
113/11/29,"23,283,661","1,527,088,861",65.80,66.10,65.00,65.70,-0.60,"9,580",
113/12/02,"20,410,692","1,371,249,308",66.10,67.70,66.00,67.60,+1.90,"8,403",
113/12/03,"30,110,719","2,061,660,303",67.90,68.90,67.80,68.90,+1.30,"12,626",
113/12/04,"15,956,182","1,097,975,451",69.00,69.00,68.40,69.00,+0.10,"8,136",
113/12/05,"12,823,836","885,736,760",69.20,69.30,68.80,69.20,+0.20,"5,793",
113/12/06,"10,319,069","709,300,498",69.10,69.20,68.40,68.70,-0.50,"9,782",
113/12/09,"18,245,451","1,261,514,715",68.70,69.40,68.60,69.20,+0.50,"7,816",
113/12/10,"12,511,424","859,076,215",68.80,69.20,68.40,68.60,-0.60,"8,771",
113/12/11,"20,075,560","1,376,855,923",68.30,69.20,68.00,68.40,-0.20,"9,302",
113/12/12,"37,569,554","2,606,597,382",69.00,69.80,68.60,69.60,+1.20,"13,086",
113/12/13,"13,758,968","954,578,304",69.30,69.80,69.00,69.50,-0.10,"8,850",
113/12/16,"35,190,392","2,471,756,004",69.50,70.70,69.40,70.10,+0.60,"15,362",
113/12/17,"25,985,379","1,790,037,644",69.60,70.00,68.60,68.60,-1.50,"28,402",
113/12/18,"16,633,966","1,141,875,999",68.50,69.40,68.20,68.80,+0.20,"10,108",
113/12/19,"26,621,581","1,795,207,638",67.50,67.70,67.10,67.70,-1.10,"20,771",
113/12/20,"28,529,531","1,918,986,904",67.20,67.70,66.90,67.30,-0.40,"10,240",
113/12/23,"17,245,009","1,184,907,888",68.00,69.00,68.00,69.00,+1.70,"12,507",
113/12/24,"6,206,490","427,551,245",69.00,69.10,68.60,68.90,-0.10,"5,787",
113/12/25,"6,033,170","414,507,291",69.00,69.10,68.40,68.70,-0.20,"4,644",
113/12/26,"3,565,847","244,628,761",68.90,69.00,68.40,68.70, 0.00,"2,028",
113/12/27,"10,613,409","732,902,177",68.60,69.30,68.50,69.30,+0.60,"4,332",
113/12/30,"17,584,920","1,221,544,743",69.20,69.80,69.00,69.20,-0.10,"7,685",
113/12/31,"14,134,436","966,637,304",68.60,68.70,68.10,68.30,-0.90,"8,744",
114/01/02,"24,727,966","1,676,542,827",68.70,68.70,67.30,68.00,-0.30,"10,648",
114/01/03,"18,206,595","1,232,852,655",68.10,68.30,67.50,67.80,-0.20,"7,357",
114/01/06,"27,628,426","1,898,085,800",68.30,69.20,68.10,68.80,+1.00,"9,002",
114/01/07,"24,181,601","1,662,352,413",69.10,69.20,68.30,69.10,+0.30,"11,407",
114/01/08,"25,363,565","1,749,070,011",68.80,69.40,68.60,68.80,-0.30,"8,782",
114/01/09,"11,583,847","797,158,822",68.60,69.30,68.30,68.30,-0.50,"7,247",
114/01/10,"80,020,459","5,259,591,358",67.50,67.60,64.70,65.10,-3.20,"44,869",
114/01/13,"37,271,562","2,396,465,177",65.00,65.70,63.60,64.20,-0.90,"16,811",
114/01/14,"22,131,570","1,444,977,078",64.50,65.70,64.50,65.50,+1.30,"9,425",
114/01/15,"20,305,294","1,322,400,987",65.50,65.80,64.60,64.70,-0.80,"9,275",
114/01/16,"14,793,449","964,551,087",65.60,65.90,65.30,65.50,+0.80,"6,097",
114/01/17,"12,914,394","847,568,878",65.80,66.10,64.90,65.50, 0.00,"5,584",
114/01/20,"9,525,982","622,114,471",65.70,65.90,65.00,65.10,-0.40,"4,894",
114/01/21,"10,589,062","697,779,866",65.30,66.20,65.10,65.90,+0.80,"4,728",
114/01/22,"26,533,413","1,775,707,545",66.50,67.30,66.40,66.80,+0.90,"8,965",
114/02/03,"22,307,045","1,466,400,846",65.10,66.30,64.90,66.00,-0.80,"11,931",
114/02/04,"15,536,093","1,018,648,554",66.50,66.80,65.10,65.20,-0.80,"8,625",
114/02/05,"15,830,853","1,050,858,092",65.90,66.70,65.70,66.50,+1.30,"6,538",
114/02/06,"10,247,751","683,889,532",66.80,66.90,66.30,66.90,+0.40,"4,817",
114/02/07,"11,788,640","788,174,157",66.60,67.20,66.40,66.90, 0.00,"6,574",
114/02/10,"17,383,972","1,172,939,040",66.70,68.00,66.60,67.40,+0.50,"7,782",
114/02/11,"21,044,011","1,442,878,438",68.10,68.80,68.00,68.50,+1.10,"8,564",
114/02/12,"10,266,112","703,970,423",68.60,68.90,68.20,68.70,+0.20,"4,316",
114/02/13,"13,462,823","924,757,628",68.60,69.00,68.20,68.70, 0.00,"6,603",
114/02/14,"11,053,730","760,366,212",68.70,69.00,68.40,68.70, 0.00,"4,550",
114/02/17,"16,448,344","1,136,501,090",68.90,69.30,68.80,69.00,+0.30,"7,266",
114/02/18,"8,824,479","609,443,652",68.70,69.20,68.70,69.20,+0.20,"3,853",
114/02/19,"13,423,084","922,652,466",69.00,69.20,68.30,68.70,-0.50,"12,042",
114/02/20,"14,049,406","965,105,239",68.70,69.00,68.30,68.80,+0.10,"6,133",
114/02/21,"10,623,990","731,802,344",68.60,69.00,68.60,68.90,+0.10,"4,164",
114/02/24,"8,966,230","614,747,518",68.40,68.70,68.40,68.70,-0.20,"6,259",
114/02/25,"14,860,784","1,017,664,134",68.20,68.80,67.80,68.70, 0.00,"10,363",
114/02/26,"15,583,020","1,075,973,559",68.50,69.30,68.30,69.20,+0.50,"7,174",
114/02/27,"35,828,006","2,455,287,476",69.00,69.30,68.40,68.40,-0.80,"6,892",
114/03/03,"21,322,848","1,458,654,338",68.70,68.90,68.00,68.80,+0.40,"10,800",
114/03/04,"22,314,004","1,508,145,982",67.80,68.20,66.70,67.70,-1.10,"25,969",
114/03/05,"12,360,361","843,494,934",67.90,68.50,67.90,68.20,+0.50,"4,863",
114/03/06,"9,265,103","634,911,060",68.00,68.70,68.00,68.70,+0.50,"6,464",
114/03/07,"22,543,873","1,521,863,038",68.30,68.40,67.20,67.30,-1.40,"14,988",
114/03/10,"10,362,920","697,664,524",67.20,67.70,66.90,67.30, 0.00,"4,775",
114/03/11,"36,018,336","2,364,069,802",66.00,66.40,64.80,65.90,-1.40,"16,679",
114/03/12,"11,885,072","789,276,896",66.00,66.60,66.00,66.50,+0.60,"6,324",
114/03/13,"7,733,711","512,805,667",66.80,66.90,65.90,65.90,-0.60,"4,997",
114/03/14,"14,107,677","936,452,537",66.60,67.00,66.00,66.00,+0.10,"4,802",
114/03/17,"21,383,330","1,405,046,730",65.80,66.20,64.90,66.00, 0.00,"9,744",
114/03/18,"17,238,892","1,148,335,791",66.30,67.30,66.00,66.50,+0.50,"7,010",
114/03/19,"16,379,107","1,076,312,993",66.30,66.50,65.30,65.30,-1.20,"9,429",
114/03/20,"10,099,638","666,249,058",65.80,66.30,65.70,65.90,+0.60,"4,048",
114/03/21,"19,904,284","1,298,920,155",65.60,65.90,65.10,65.10,-0.80,"7,046",
114/03/24,"9,994,844","651,921,655",65.30,65.60,65.00,65.00,-0.10,"4,827",
114/03/25,"12,023,949","783,977,156",65.40,65.70,65.00,65.00, 0.00,"5,454",
114/03/26,"15,109,917","989,364,455",65.50,65.80,65.20,65.40,+0.40,"4,607",
114/03/27,"15,482,635","1,007,212,255",65.10,65.30,64.60,65.30,-0.10,"7,394",
114/03/28,"20,283,100","1,304,224,820",65.00,65.10,64.00,64.00,-1.30,"10,715",
114/03/31,"33,088,542","2,043,222,099",62.80,63.00,61.10,61.20,-2.80,"19,022",
114/04/01,"26,405,683","1,631,753,659",61.50,62.10,61.20,61.60,+0.40,"8,741",
114/04/02,"21,768,347","1,347,578,660",61.60,62.30,61.60,61.60, 0.00,"6,600",
114/04/07,"9,717,903","539,343,253",55.50,55.50,55.50,55.50,-6.10,"8,406",
114/04/08,"85,452,096","4,581,455,898",52.80,54.80,52.20,54.10,-1.40,"28,790",
114/04/09,"68,275,641","3,525,632,625",53.50,54.60,49.50,49.50,-4.60,"30,884",
114/04/10,"21,507,715","1,169,844,000",54.40,54.40,54.00,54.40,+4.90,"5,902",
114/04/11,"56,042,337","3,000,404,996",52.50,54.40,52.50,54.20,-0.20,"21,902",
114/04/14,"39,590,034","2,171,743,822",54.40,55.70,54.30,54.50,+0.30,"14,504",
114/04/15,"23,819,885","1,327,409,328",54.80,56.20,54.60,56.00,+1.50,"11,949",
114/04/16,"22,471,920","1,234,956,895",55.10,55.50,54.50,54.80,-1.20,"13,448",
114/04/17,"25,093,234","1,353,455,997",54.50,54.50,53.60,53.90,-0.90,"10,894",
114/04/18,"26,389,006","1,416,401,288",53.60,54.00,53.20,53.60,-0.30,"8,997",
114/04/21,"16,982,207","915,783,089",53.80,54.20,53.30,54.10,+0.50,"6,752",
114/04/22,"32,318,991","1,694,868,644",53.10,53.50,52.00,52.50,-1.60,"15,943",
114/04/23,"26,535,415","1,414,175,098",53.60,53.60,52.80,53.60,+1.10,"9,762",
114/04/24,"25,759,134","1,374,311,337",53.70,53.80,52.90,53.50,-0.10,"8,297",
114/04/25,"28,741,359","1,559,699,208",54.00,54.80,53.80,54.10,+0.60,"10,143",
114/04/28,"14,786,684","806,146,784",54.80,55.00,54.30,54.60,+0.50,"6,993",
114/04/29,"31,109,530","1,717,361,630",54.60,55.70,54.30,55.70,+1.10,"12,191",
114/04/30,"76,999,554","4,503,963,546",58.40,59.40,57.70,58.50,+2.80,"25,177",
114/05/02,"38,432,953","2,248,772,678",58.50,58.90,58.10,58.70,+0.20,"17,914",
114/05/05,"96,527,042","5,249,562,402",55.10,55.40,53.30,54.70,-4.00,"43,378",
114/05/06,"79,824,024","4,403,408,314",53.90,56.20,53.60,55.90,+1.20,"24,020",
114/05/07,"54,583,496","3,038,410,909",55.70,56.20,54.80,56.20,+0.30,"18,403",
114/05/08,"53,238,228","2,959,106,195",55.10,56.20,55.10,55.20,-1.00,"18,812",
114/05/09,"60,288,935","3,300,199,854",54.60,55.50,54.20,55.20, 0.00,"22,328",
114/05/12,"39,675,768","2,215,257,042",55.00,56.20,55.00,56.10,+0.90,"12,914",
114/05/13,"66,066,294","3,820,624,539",57.30,58.40,56.90,57.90,+1.80,"18,212",
114/05/14,"47,605,006","2,801,360,596",58.60,59.30,58.40,58.80,+0.90,"15,850",
114/05/15,"56,862,028","3,385,588,559",59.30,59.90,58.90,59.60,+0.80,"14,595",
114/05/16,"75,349,156","4,653,274,385",59.90,63.00,59.60,63.00,+3.40,"25,824",
114/05/19,"58,314,156","3,563,387,070",61.50,62.30,60.40,60.50,-2.50,"46,787",
114/05/20,"35,764,827","2,201,755,285",60.80,62.20,60.80,61.50,+1.00,"14,141",
114/05/21,"68,991,709","4,356,245,480",61.70,64.00,61.60,63.50,+2.00,"27,583",
114/05/22,"100,036,807","6,519,751,126",62.20,66.10,62.00,65.60,+2.10,"32,552",
114/05/23,"70,895,243","4,715,237,955",65.00,67.20,65.00,65.70,+0.10,"24,523",
114/05/26,"99,805,936","6,478,835,717",65.40,66.50,63.00,63.00,-2.70,"32,972",
114/05/27,"141,733,217","8,965,939,992",62.60,64.60,61.60,62.20,-0.80,"47,202",
114/05/28,"134,495,389","8,332,613,737",62.60,63.00,61.20,61.20,-1.00,"58,604",
114/05/29,"215,745,023","13,115,974,598",61.60,62.40,59.80,59.80,-1.40,"40,827",
114/06/02,"150,039,562","8,999,273,973",59.70,60.90,58.80,60.40,+0.60,"56,051",
114/06/03,"176,016,633","10,912,311,240",60.10,63.90,60.00,63.90,+3.50,"44,964",
114/06/04,"277,348,069","18,248,342,058",63.00,67.70,61.80,64.70,+0.80,"85,656",
114/06/05,"190,275,314","12,651,757,501",64.30,67.20,64.30,66.10,+1.40,"46,298",
114/06/06,"214,946,839","14,338,659,874",64.90,67.50,64.80,66.30,+0.20,"49,149",
114/06/09,"165,628,902","11,180,937,433",66.50,67.80,66.50,67.70,+1.40,"33,299",
114/06/10,"127,629,008","8,487,273,519",67.70,67.90,66.00,66.00,-1.70,"49,281",
114/06/11,"187,873,007","12,474,752,338",66.40,68.40,64.10,68.40,+2.40,"72,438",
114/06/12,"147,558,953","10,025,425,534",67.10,68.50,66.50,68.50,+0.10,"38,325",
114/06/13,"133,771,696","9,203,153,967",67.50,69.50,67.10,69.00,+0.50,"33,342",
114/06/16,"61,222,933","4,188,319,550",68.70,69.50,67.10,67.30,-1.70,"18,565",
114/06/17,"68,144,638","4,545,221,795",67.30,68.20,65.70,65.70,-1.60,"23,527",
114/06/18,"60,186,433","3,995,752,771",66.30,67.40,65.70,67.30,+1.60,"43,208",
114/06/19,"43,265,945","2,860,577,850",66.50,66.90,65.60,66.20,-1.10,"27,755",
114/06/20,"43,040,857","2,828,586,818",66.20,66.30,65.30,65.60,-0.60,"11,196",
114/06/23,"34,837,337","2,278,938,013",65.00,65.90,64.70,65.90,+0.30,"14,154",
114/06/24,"34,493,665","2,289,727,963",66.20,66.70,65.70,66.50,+0.60,"16,216",
114/06/25,"38,650,906","2,573,607,128",66.90,67.00,66.20,66.50, 0.00,"14,105",
114/06/26,"42,016,211","2,795,556,117",66.40,66.80,66.20,66.70,+0.20,"13,887",
114/06/27,"84,631,551","5,681,169,452",66.50,67.90,66.00,67.90,+1.20,"25,076",
114/06/30,"61,926,973","3,907,600,233",63.80,63.80,62.50,62.80,X0.00,"28,809",
114/07/01,"42,362,684","2,690,345,223",62.80,64.70,62.80,63.40,+0.60,"17,359",
114/07/02,"27,024,530","1,699,338,777",63.40,63.70,62.60,62.60,-0.80,"11,879",
114/07/03,"23,390,598","1,469,702,696",62.70,63.20,62.60,62.70,+0.10,"9,466",
114/07/04,"22,996,712","1,424,737,363",63.00,63.00,61.50,61.50,-1.20,"12,725",
114/07/07,"26,320,223","1,628,477,567",61.90,62.30,61.50,61.80,+0.30,"10,114",
114/07/08,"18,768,250","1,156,833,420",61.70,62.20,61.20,61.60,-0.20,"10,077",
114/07/09,"17,242,287","1,057,980,029",61.20,62.00,61.10,61.10,-0.50,"8,428",
114/07/10,"26,915,755","1,676,588,091",60.90,62.90,60.80,62.70,+1.60,"12,038",
114/07/11,"20,664,779","1,297,274,036",62.60,63.80,62.40,62.50,-0.20,"8,485",
114/07/14,"28,875,995","1,827,480,413",63.00,63.70,62.80,63.20,+0.70,"11,770",
114/07/15,"16,814,216","1,059,552,671",63.10,63.40,62.70,63.10,-0.10,"7,310",
114/07/16,"28,902,836","1,831,934,002",62.60,63.70,62.60,63.50,+0.40,"10,404",
114/07/17,"29,511,678","1,869,755,152",63.60,64.00,63.10,63.10,-0.40,"12,214",
114/07/18,"20,698,820","1,298,137,742",63.00,63.50,62.50,62.60,-0.50,"9,659",
114/07/21,"20,194,866","1,264,886,271",62.70,63.10,62.20,62.30,-0.30,"9,602",
114/07/22,"22,906,886","1,421,825,352",62.70,62.90,61.50,61.70,-0.60,"10,488",
114/07/23,"22,826,508","1,423,857,965",62.30,62.80,61.90,62.70,+1.00,"10,081",
114/07/24,"13,622,678","851,069,898",62.70,62.90,62.10,62.60,-0.10,"6,537",
114/07/25,"13,480,505","841,412,757",62.20,62.80,62.10,62.60, 0.00,"6,066",
114/07/28,"18,061,293","1,121,272,968",62.60,62.90,61.80,61.90,-0.70,"9,393",
114/07/29,"14,811,914","911,491,888",61.90,62.10,61.30,61.30,-0.60,"8,516",
114/07/30,"13,493,908","832,687,344",61.60,62.20,61.40,61.50,+0.20,"6,655",
114/07/31,"18,133,300","1,106,824,080",61.30,61.40,60.90,60.90,-0.60,"8,673",
114/08/01,"18,885,623","1,154,387,375",60.50,61.50,60.00,61.20,+0.30,"7,299",
114/08/04,"26,215,450","1,625,728,842",60.80,62.50,60.60,62.50,+1.30,"11,423",
114/08/05,"17,368,744","1,086,620,295",62.20,62.90,62.00,62.80,+0.30,"6,777",
114/08/06,"18,520,498","1,163,225,701",62.70,63.00,62.40,62.70,-0.10,"6,294",
114/08/07,"16,644,139","1,048,457,095",62.80,63.40,62.70,62.90,+0.20,"6,023",
114/08/08,"10,427,240","657,867,294",62.80,63.30,62.80,63.20,+0.30,"4,402",
114/08/11,"16,486,751","1,047,272,338",62.90,64.00,62.90,63.90,+0.70,"7,487",
114/08/12,"16,290,332","1,039,743,729",64.10,64.30,63.60,63.60,-0.30,"7,545",
114/08/13,"18,661,162","1,190,510,902",63.90,64.30,63.60,63.70,+0.10,"5,922",
114/08/14,"28,097,681","1,809,803,403",63.70,64.80,63.70,64.60,+0.90,"9,796",
114/08/15,"13,450,926","866,675,171",64.60,64.70,64.00,64.70,+0.10,"7,217",
114/08/18,"23,166,778","1,485,723,527",64.20,64.50,63.80,64.40,-0.30,"9,923",
114/08/19,"15,552,411","999,638,279",64.10,64.70,64.00,64.20,-0.20,"5,749",
114/08/20,"20,324,456","1,289,072,460",64.30,64.60,63.00,63.10,-1.10,"11,705",
114/08/21,"18,189,174","1,167,002,482",63.60,64.50,63.50,64.50,+1.40,"7,643",
114/08/22,"14,826,449","946,418,144",64.10,64.30,63.50,63.80,-0.70,"8,513",
114/08/25,"13,600,265","876,230,150",64.10,64.60,64.00,64.60,+0.80,"6,167",
114/08/26,"27,970,408","1,775,723,175",64.20,64.50,63.40,63.40,-1.20,"10,292",
114/08/27,"19,607,637","1,232,598,286",63.40,63.60,62.60,62.60,-0.80,"10,423",
114/08/28,"15,711,773","982,601,287",63.00,63.00,62.30,62.30,-0.30,"7,811",
114/08/29,"18,946,472","1,172,601,404",62.30,62.60,61.50,61.50,-0.80,"9,241",
114/09/01,"15,356,313","957,816,506",61.90,62.60,61.80,62.60,+1.10,"5,992",
114/09/02,"18,730,040","1,185,032,529",62.60,63.50,62.50,63.50,+0.90,"8,000",
114/09/03,"9,282,697","587,337,541",63.50,63.60,62.90,63.50, 0.00,"5,541",
114/09/04,"15,884,528","1,016,249,916",63.60,64.20,63.50,64.10,+0.60,"5,433",
114/09/05,"19,526,204","1,256,318,617",64.10,64.60,63.80,64.60,+0.50,"6,453",
114/09/08,"15,347,303","982,978,323",64.50,64.50,63.80,63.80,-0.80,"9,470",
114/09/09,"15,017,606","961,508,476",64.00,64.30,63.70,64.10,+0.30,"6,026",
114/09/10,"22,838,066","1,474,030,290",63.90,64.90,63.90,64.90,+0.80,"9,574",
114/09/11,"18,885,057","1,220,702,847",64.90,65.30,64.20,64.40,-0.50,"9,251",
114/09/12,"26,813,178","1,753,121,439",64.50,65.80,64.50,65.50,+1.10,"9,934",
114/09/15,"22,839,807","1,500,668,362",65.20,66.50,65.20,65.40,-0.10,"10,815",
114/09/16,"26,261,776","1,728,939,127",65.80,66.20,65.20,66.10,+0.70,"8,953",
114/09/17,"24,182,930","1,575,591,146",65.60,65.70,64.70,65.70,-0.40,"19,213",
114/09/18,"15,414,732","999,886,194",65.60,65.60,64.50,65.00,-0.70,"15,383",
114/09/19,"23,394,539","1,527,929,153",65.00,65.50,64.60,65.50,+0.50,"6,648",
114/09/22,"16,226,525","1,069,521,429",65.40,66.10,65.30,66.00,+0.50,"6,228",
114/09/23,"11,827,534","781,771,337",65.90,66.30,65.70,66.20,+0.20,"5,415",
114/09/24,"14,706,888","971,983,032",66.20,67.00,65.60,66.00,-0.20,"6,953",
114/09/25,"12,030,402","791,292,534",66.00,66.20,65.60,65.70,-0.30,"4,427",
114/09/26,"10,666,050","693,912,552",65.50,65.60,64.80,65.10,-0.60,"9,448",
114/09/30,"22,391,880","1,464,291,216",65.60,65.60,64.80,65.60,+0.50,"7,474",
114/10/01,"17,732,528","1,165,726,763",65.20,66.30,65.20,65.30,-0.30,"7,864",
114/10/02,"14,496,667","946,584,330",65.40,66.00,65.00,65.00,-0.30,"8,176",
114/10/03,"8,831,615","576,177,397",65.70,66.00,65.00,65.00, 0.00,"4,339",
114/10/07,"16,314,076","1,066,971,439",65.00,66.00,64.70,65.20,+0.20,"6,616",
114/10/08,"13,338,112","873,688,178",65.40,65.90,65.30,65.30,+0.10,"6,149",
114/10/09,"26,156,782","1,735,291,043",65.70,66.60,65.60,66.40,+1.10,"9,945",
114/10/13,"19,255,380","1,259,693,315",66.30,66.30,65.10,65.30,-1.10,"23,280",
114/10/14,"25,653,861","1,697,201,999",65.40,66.90,65.40,65.50,+0.20,"9,257",
114/10/15,"29,393,296","1,942,610,662",65.80,66.40,65.40,66.40,+0.90,"10,030",
114/10/16,"23,704,605","1,575,986,650",66.20,67.10,65.80,65.80,-0.60,"18,453",
114/10/17,"15,220,985","995,038,416",65.80,66.10,65.10,65.20,-0.60,"13,129",
114/10/20,"8,399,132","549,788,231",65.60,66.10,65.10,65.30,+0.10,"4,660",
114/10/21,"18,493,636","1,221,368,168",65.80,66.70,65.60,65.70,+0.40,"5,444",
114/10/22,"13,544,653","892,401,778",65.90,66.20,65.60,65.70, 0.00,"4,286",
114/10/23,"17,633,430","1,153,622,056",65.60,65.70,65.10,65.70, 0.00,"11,290",
114/10/27,"17,331,187","1,141,127,231",66.50,66.50,65.60,65.70, 0.00,"7,944",
114/10/28,"21,941,202","1,424,888,979",66.10,66.10,64.60,64.80,-0.90,"9,736",
114/10/29,"11,904,998","774,326,181",65.20,65.40,64.80,64.80, 0.00,"4,335",
114/10/30,"18,428,494","1,189,199,082",64.80,65.10,64.10,64.60,-0.20,"6,778",
114/10/31,"17,341,919","1,112,612,189",65.20,65.20,64.00,64.00,-0.60,"8,190",
114/11/03,"13,709,608","877,133,379",63.80,64.40,63.50,63.90,-0.10,"5,953",
114/11/04,"12,298,783","793,685,755",64.00,64.80,64.00,64.60,+0.70,"4,834",
114/11/05,"16,391,613","1,048,239,749",64.10,64.40,63.60,64.10,-0.50,"7,484",
114/11/06,"15,438,226","998,603,761",64.60,65.10,64.00,64.70,+0.60,"5,696",
114/11/07,"14,973,396","957,551,121",64.30,64.60,63.50,63.50,-1.20,"6,947",
114/11/10,"14,148,668","904,262,662",63.60,64.40,63.60,63.80,+0.30,"7,123",
114/11/11,"34,285,414","2,230,560,133",64.80,65.70,64.50,64.80,+1.00,"11,281",
114/11/12,"28,251,767","1,846,915,582",65.30,65.90,64.90,64.90,+0.10,"8,854",
114/11/13,"30,988,623","2,037,943,533",65.00,66.00,64.90,65.90,+1.00,"8,633",
114/11/14,"36,471,237","2,407,018,076",65.70,66.50,65.20,66.00,+0.10,"13,478",
114/11/17,"28,832,237","1,883,378,469",65.80,66.00,65.00,65.30,-0.70,"12,761",
114/11/18,"27,957,652","1,807,632,796",64.80,65.00,64.40,64.80,-0.50,"12,470",
114/11/19,"22,246,588","1,436,687,935",65.20,65.30,64.20,64.20,-0.60,"9,964",
114/11/20,"24,423,329","1,575,412,269",64.90,64.90,64.20,64.70,+0.50,"11,463",
114/11/21,"24,882,547","1,588,341,889",64.40,64.40,63.60,63.60,-1.10,"9,892",
114/11/24,"36,690,195","2,390,463,570",63.80,65.50,63.80,65.50,+1.90,"10,693",
114/11/25,"21,041,862","1,375,605,326",65.50,66.00,65.00,65.10,-0.40,"10,132",
114/11/26,"18,611,609","1,221,802,520",65.50,66.00,65.30,65.80,+0.70,"6,634",
114/11/27,"27,551,321","1,801,975,568",65.20,65.80,64.80,65.80, 0.00,"12,455",
114/11/28,"29,390,376","1,898,493,246",65.20,65.50,64.20,64.20,-1.60,"15,522",
114/12/01,"22,489,125","1,458,832,168",64.10,65.20,64.10,64.80,+0.60,"7,574",
114/12/02,"41,471,350","2,742,782,961",65.20,66.60,65.20,66.60,+1.80,"14,924",
114/12/03,"34,276,507","2,300,393,717",66.70,67.60,66.20,67.60,+1.00,"13,474",
114/12/04,"39,014,958","2,679,359,938",67.50,69.20,67.40,69.00,+1.40,"14,867",
114/12/05,"17,907,051","1,223,580,295",68.50,68.70,67.80,68.70,-0.30,"8,181",
114/12/08,"16,844,131","1,153,833,999",68.30,69.00,67.80,69.00,+0.30,"8,127",
114/12/09,"18,546,205","1,279,467,248",68.50,69.20,68.50,69.20,+0.20,"6,678",
114/12/10,"18,293,033","1,252,221,369",69.10,69.30,68.00,68.50,-0.70,"14,456",
114/12/11,"27,598,689","1,907,216,342",69.20,69.70,68.50,69.20,+0.70,"9,219",
114/12/12,"34,367,172","2,406,538,074",69.70,70.40,69.50,70.10,+0.90,"12,949",
114/12/15,"28,850,138","2,021,830,090",69.30,70.60,69.20,70.10, 0.00,"11,864",
114/12/16,"72,929,069","5,090,449,706",69.70,70.20,69.20,70.20,+0.10,"20,406",
114/12/17,"77,256,481","5,606,502,028",70.20,73.50,70.10,73.20,+3.00,"31,254",
114/12/18,"55,255,251","4,081,717,774",73.70,74.80,72.60,74.40,+1.20,"20,920",
114/12/19,"52,095,116","3,900,403,981",74.60,75.50,73.90,75.50,+1.10,"16,678",
114/12/22,"45,705,928","3,487,956,131",75.80,76.70,75.60,76.50,+1.00,"14,348",
114/12/23,"39,725,029","3,015,236,660",76.80,76.80,74.70,76.70,+0.20,"22,917",
114/12/24,"43,933,293","3,327,093,980",77.00,77.30,75.10,75.90,-0.80,"38,705",
114/12/26,"34,944,074","2,608,953,251",75.90,75.90,74.30,74.80,-1.10,"28,089",
114/12/29,"14,492,963","1,097,205,937",74.70,76.20,74.20,76.00,+1.20,"6,798",
114/12/30,"27,519,197","2,093,404,875",75.50,76.50,75.10,76.20,+0.20,"11,054",
114/12/31,"37,367,903","2,828,510,996",75.70,76.20,75.00,75.80,-0.40,"21,707",
115/01/02,"25,849,549","1,946,348,037",75.40,76.00,74.80,75.20,-0.60,"31,162",
115/01/05,"26,905,026","2,046,153,883",75.00,76.50,74.50,76.50,+1.30,"10,571",
115/01/06,"16,019,108","1,219,260,801",76.10,76.60,75.70,76.00,-0.50,"10,791",
115/01/07,"16,489,328","1,245,318,871",76.50,76.50,74.90,75.60,-0.40,"19,690",
115/01/08,"15,770,922","1,201,839,575",75.60,76.60,75.30,76.40,+0.80,"6,474",
115/01/09,"15,269,795","1,156,756,450",76.50,76.60,75.20,75.90,-0.50,"8,738",
115/01/12,"18,324,024","1,390,440,172",76.40,76.40,75.30,76.10,+0.20,"11,868",
115/01/13,"30,488,408","2,336,556,236",76.20,77.50,74.80,77.40,+1.30,"11,740",
115/01/14,"37,528,759","2,826,606,417",77.50,77.50,74.70,74.70,-2.70,"44,877",
115/01/15,"19,452,735","1,467,069,990",74.90,75.90,74.80,75.20,+0.50,"6,705",
115/01/16,"24,096,029","1,831,244,703",75.60,76.80,75.40,76.20,+1.00,"8,863",
115/01/19,"26,791,757","2,075,180,615",76.20,78.40,76.10,77.40,+1.20,"11,340",
115/01/20,"18,641,720","1,432,913,581",76.90,77.90,76.20,76.60,-0.80,"15,768",
115/01/21,"21,849,416","1,658,064,430",76.60,77.10,75.30,75.70,-0.90,"23,910",
115/01/22,"23,193,408","1,760,820,518",76.00,77.20,75.30,75.60,-0.10,"15,417",
115/01/23,"24,226,697","1,848,513,826",75.90,76.70,75.60,76.60,+1.00,"8,188",
115/01/26,"20,195,497","1,556,546,564",76.60,77.60,76.40,77.10,+0.50,"8,702",
115/01/27,"30,169,476","2,294,127,241",77.00,77.20,75.40,75.90,-1.20,"29,128",
115/01/28,"16,771,284","1,268,732,941",76.10,76.30,75.20,75.80,-0.10,"8,069",
115/01/29,"18,217,427","1,387,592,965",75.40,76.50,75.20,76.40,+0.60,"7,091",
115/01/30,"21,688,706","1,635,315,995",76.10,76.40,75.10,75.40,-1.00,"9,662",
115/02/02,"29,130,482","2,151,137,503",75.70,75.70,73.10,74.30,-1.10,"10,696",
115/02/03,"14,083,421","1,055,211,894",74.90,75.50,74.70,74.70,+0.40,"5,682",
115/02/04,"18,010,331","1,368,598,185",75.00,76.50,75.00,76.20,+1.50,"7,778",
115/02/05,"11,283,022","855,774,689",75.80,76.20,75.40,76.00,-0.20,"7,628",
115/02/06,"18,054,274","1,356,368,373",75.90,76.00,74.30,75.70,-0.30,"8,138",
115/02/09,"25,357,461","1,957,719,227",76.20,77.80,76.10,77.20,+1.50,"10,506",
115/02/10,"17,881,164","1,392,905,583",77.50,78.20,77.00,77.90,+0.70,"8,546",
115/02/11,"29,467,284","2,314,743,223",78.40,79.10,77.70,78.80,+0.90,"13,596",
115/02/23,"45,951,668","3,685,909,743",81.40,81.60,79.30,79.60,+0.80,"19,994",
115/02/24,"25,575,014","2,010,367,134",79.20,80.40,78.20,78.20,-1.40,"53,397",
115/02/25,"33,918,115","2,623,683,791",78.20,78.30,76.90,76.90,-1.30,"21,952",
115/02/26,"67,348,907","5,355,644,906",77.00,80.20,77.00,79.70,+2.80,"14,867",
115/03/02,"25,210,962","1,973,553,873",79.40,79.40,77.30,77.90,-1.80,"16,546",
115/03/03,"22,251,040","1,726,101,191",77.30,78.30,77.10,77.60,-0.30,"7,088",
115/03/04,"57,644,880","4,253,335,011",76.50,76.60,72.80,73.20,-4.40,"22,873",
115/03/05,"32,449,965","2,380,978,591",74.30,74.70,72.70,73.60,+0.40,"13,309",
115/03/06,"21,881,884","1,596,210,765",73.00,73.50,72.60,73.00,-0.60,"8,745",
115/03/09,"42,949,239","2,966,728,532",68.30,70.00,67.30,70.00,-3.00,"20,726",
115/03/10,"18,288,701","1,299,213,088",71.60,72.00,70.50,71.10,+1.10,"8,776",
115/03/11,"10,355,287","746,115,402",71.20,72.80,71.20,71.80,+0.70,"5,742",
115/03/12,"20,270,491","1,467,403,302",72.60,73.10,71.90,72.50,+0.70,"9,109",
115/03/13,"19,705,392","1,417,714,270",71.60,72.40,71.30,71.70,-0.80,"8,067",
115/03/16,"30,007,435","2,168,979,398",72.20,72.90,71.50,72.40,+0.70,"10,122",
115/03/17,"18,210,948","1,330,008,690",72.50,73.40,72.40,73.20,+0.80,"6,969",
115/03/18,"15,887,509","1,165,243,233",74.20,74.30,72.80,73.40,+0.20,"9,611",
115/03/19,"26,614,469","1,908,458,880",73.00,73.00,71.20,71.60,-1.80,"13,959",
115/03/20,"25,743,394","1,854,773,077",71.30,72.70,71.30,72.00,+0.40,"8,286",
115/03/23,"29,547,594","2,109,827,120",70.10,72.30,69.60,71.70,-0.30,"11,216",
115/03/24,"23,366,621","1,662,770,233",71.80,72.00,70.80,70.80,-0.90,"11,113",
115/03/25,"21,571,363","1,541,164,482",72.40,72.40,70.90,71.40,+0.60,"11,166",
115/03/26,"13,797,004","980,528,902",71.40,71.80,70.70,70.80,-0.60,"6,742",
115/03/27,"24,301,000","1,701,408,442",70.40,70.70,69.50,70.60,-0.20,"12,713",
115/03/30,"26,955,054","1,895,721,917",69.10,70.90,69.10,70.40,-0.20,"9,942",
115/03/31,"33,661,572","2,369,863,662",69.80,71.40,69.60,70.30,-0.10,"11,778",
115/04/01,"22,293,714","1,598,560,020",71.60,72.00,71.10,71.90,+1.60,"9,085",
115/04/02,"18,054,289","1,291,020,598",72.10,72.30,71.10,71.80,-0.10,"5,929",
115/04/07,"16,890,332","1,213,718,173",72.20,72.50,71.00,71.90,+0.10,"8,081",
115/04/08,"28,126,441","2,067,820,798",73.60,73.90,72.60,73.80,+1.90,"11,901",
115/04/09,"26,438,859","1,937,751,471",74.30,74.50,72.50,73.60,-0.20,"12,166",
115/04/10,"20,595,209","1,500,241,152",73.90,73.90,72.50,72.90,-0.70,"9,377",
115/04/13,"21,747,679","1,564,398,209",72.60,72.80,71.60,72.00,-0.90,"9,286",
115/04/14,"25,544,576","1,850,034,644",71.50,72.70,71.50,72.70,+0.70,"8,675",
115/04/15,"27,938,701","2,028,474,813",72.90,73.00,72.00,72.90,+0.20,"11,886",
115/04/16,"35,352,539","2,602,599,380",73.00,74.20,73.00,74.20,+1.30,"12,931",
115/04/17,"28,380,427","2,094,233,813",74.20,75.00,73.00,75.00,+0.80,"10,994",
115/04/20,"30,826,099","2,304,227,305",74.80,75.30,74.10,74.60,-0.40,"9,886",
115/04/21,"29,129,213","2,187,284,447",75.40,75.60,74.00,75.50,+0.90,"10,150",
115/04/22,"32,172,243","2,430,356,583",75.50,76.00,75.00,75.90,+0.40,"10,359",
115/04/23,"33,906,401","2,541,706,626",75.10,75.70,74.40,74.80,-1.10,"12,763",
115/04/24,"28,987,799","2,157,054,635",74.50,75.10,73.80,74.90,+0.10,"16,830",
115/04/27,"27,903,217","2,076,599,467",74.10,75.00,73.70,74.50,-0.40,"9,009",
115/04/28,"23,101,950","1,729,217,712",74.50,75.30,74.30,74.70,+0.20,"7,848",
115/04/29,"71,391,632","5,605,983,845",75.90,79.50,75.90,78.60,+3.90,"26,133",
115/04/30,"29,476,709","2,297,418,031",78.00,79.50,77.20,77.20,-1.40,"19,688",
115/05/04,"35,405,947","2,722,184,752",77.80,78.80,76.20,76.20,-1.00,"23,890",
115/05/05,"28,364,586","2,185,634,618",76.20,77.70,75.80,77.20,+1.00,"8,916",
115/05/06,"31,579,706","2,485,052,756",77.70,79.20,77.60,78.70,+1.50,"12,087",
115/05/07,"24,209,426","1,907,091,874",78.50,79.20,78.00,79.00,+0.30,"8,854",
115/05/08,"36,917,624","2,953,584,280",79.50,80.80,79.30,80.00,+1.00,"13,236",
115/05/11,"21,997,102","1,731,602,638",79.60,79.60,78.40,78.40,-1.60,"15,873",
115/05/12,"44,745,841","3,473,487,445",78.70,79.50,76.40,76.40,-2.00,"21,863",
115/05/13,"34,439,783","2,670,389,586",76.60,78.30,76.10,77.30,+0.90,"11,878",
115/05/14,"26,797,880","2,069,766,536",76.90,78.60,76.70,76.70,-0.60,"11,750",
115/05/15,"54,795,472","4,278,230,613",77.40,79.70,77.00,77.90,+1.20,"15,561",
115/05/18,"26,109,183","2,008,384,251",78.00,78.00,76.50,76.80,-1.10,"13,917",
115/05/19,"46,048,117","3,602,966,224",77.50,79.70,77.30,77.80,+1.00,"16,574",
115/05/20,"27,763,937","2,161,088,265",78.00,78.40,77.00,77.90,+0.10,"10,210",
115/05/21,"41,862,607","3,295,005,033",77.80,79.10,77.80,78.70,+0.80,"14,821",
115/05/22,"40,807,865","3,223,758,814",78.50,79.80,78.20,79.70,+1.00,"19,005",
