日期,成交股數,成交金額,開盤價,最高價,最低價,收盤價,漲跌價差,成交筆數,註記
109/01/02,"7,381,334","611,742,781",83.80,83.80,82.50,82.80,-0.40,"4,304",
109/01/03,"11,206,834","917,638,679",83.80,83.80,80.80,81.80,-1.00,"5,403",
109/01/06,"15,008,274","1,184,292,769",80.80,80.80,78.20,78.70,-3.10,"7,060",
109/01/07,"8,119,366","637,414,380",79.00,79.40,78.00,78.70, 0.00,"3,636",
109/01/08,"8,384,294","652,886,493",78.00,78.60,77.40,77.40,-1.30,"4,337",
109/01/09,"9,771,414","778,269,259",78.80,80.30,78.30,79.80,+2.40,"4,673",
109/01/10,"5,780,955","458,116,302",80.00,80.30,78.70,79.60,-0.20,"3,319",
109/01/13,"7,143,559","571,017,086",79.90,80.70,79.30,80.70,+1.10,"3,159",
109/01/14,"7,691,161","623,212,589",81.00,81.40,80.70,81.20,+0.50,"3,875",
109/01/15,"8,096,612","658,259,732",81.50,82.20,80.90,81.10,-0.10,"3,713",
109/01/16,"10,366,247","821,612,815",80.00,80.00,78.70,79.30,-1.80,"5,431",
109/01/17,"8,246,547","652,202,105",79.40,79.70,78.60,79.30, 0.00,"3,404",
109/01/20,"5,678,179","449,028,041",79.70,79.70,78.90,79.00,-0.30,"2,635",
109/01/30,"17,419,693","1,303,661,864",77.00,77.10,73.60,74.10,-4.90,"7,520",
109/01/31,"11,150,348","828,531,737",73.70,75.00,73.60,74.60,+0.50,"5,365",
109/02/03,"25,164,563","1,817,741,453",72.80,73.00,70.90,72.80,-1.80,"8,579",
109/02/04,"11,487,904","842,933,004",72.00,74.50,72.00,73.70,+0.90,"4,190",
109/02/05,"10,396,521","778,573,375",74.10,75.70,73.70,74.80,+1.10,"5,423",
109/02/06,"10,110,570","780,811,362",75.50,78.10,75.50,77.90,+3.10,"4,565",
109/02/07,"10,288,433","773,416,203",75.30,75.90,74.60,74.80,-3.10,"4,887",
109/02/10,"10,454,750","778,285,036",73.30,75.20,73.10,74.90,+0.10,"4,538",
109/02/11,"7,238,632","551,187,033",75.20,76.60,75.20,76.20,+1.30,"3,466",
109/02/12,"11,489,747","893,418,717",76.50,78.50,76.50,77.50,+1.30,"5,623",
109/02/13,"5,902,461","458,461,310",77.60,78.40,77.40,77.50, 0.00,"2,988",
109/02/14,"5,193,063","401,717,747",77.20,77.90,77.00,77.40,-0.10,"2,268",
109/02/17,"3,146,653","241,138,861",76.40,77.00,76.20,76.70,-0.70,"1,855",
109/02/18,"13,861,219","1,045,498,422",76.00,76.30,74.90,75.60,-1.10,"4,904",
109/02/19,"8,606,956","658,992,530",74.70,77.90,74.70,76.40,+0.80,"3,905",
109/02/20,"4,447,323","337,996,101",77.40,77.40,75.30,75.60,-0.80,"2,367",
109/02/21,"3,462,318","261,397,592",75.20,76.10,75.10,75.20,-0.40,"1,967",
109/02/24,"8,906,650","660,388,217",74.00,75.00,73.60,73.90,-1.30,"4,086",
109/02/25,"8,066,451","595,475,965",73.10,74.50,72.90,73.50,-0.40,"4,224",
109/02/26,"10,070,670","733,646,624",72.30,73.50,72.30,72.80,-0.70,"4,987",
109/02/27,"15,272,886","1,096,641,732",72.40,72.70,71.30,71.30,-1.50,"4,406",
109/03/02,"11,854,795","831,868,179",69.00,71.20,69.00,70.10,-1.20,"5,287",
109/03/03,"12,997,366","938,739,134",71.00,72.90,71.00,72.50,+2.40,"5,300",
109/03/04,"5,401,197","390,499,342",71.90,72.70,71.80,72.50, 0.00,"2,561",
109/03/05,"8,593,073","630,003,448",73.00,73.90,72.20,73.60,+1.10,"4,016",
109/03/06,"8,366,556","598,314,057",72.60,72.70,71.10,71.50,-2.10,"4,096",
109/03/09,"14,316,092","990,338,527",69.10,69.80,68.30,68.90,-2.60,"5,871",
109/03/10,"10,227,702","693,521,067",67.40,68.80,66.60,68.00,-0.90,"4,762",
109/03/11,"10,755,001","735,752,647",68.20,69.30,67.30,67.30,-0.70,"4,969",
109/03/12,"20,674,114","1,315,205,782",66.70,66.70,61.90,62.70,-4.60,"9,022",
109/03/13,"25,759,738","1,526,693,676",61.60,61.60,57.40,61.00,-1.70,"9,644",
109/03/16,"18,705,449","1,122,436,610",60.50,61.00,59.30,59.30,-1.70,"7,183",
109/03/17,"18,659,225","1,079,958,450",56.40,59.30,56.10,57.70,-1.60,"6,703",
109/03/18,"16,818,524","952,401,002",57.40,57.60,55.50,55.50,-2.20,"6,482",
109/03/19,"26,286,247","1,331,509,146",53.00,53.30,49.95,50.20,-5.30,"10,280",
109/03/20,"29,118,488","1,548,968,108",51.00,54.50,51.00,54.20,+4.00,"11,964",
109/03/23,"13,606,722","696,843,120",50.80,52.00,50.50,51.00,-3.20,"7,232",
109/03/24,"12,069,975","654,750,021",52.10,55.10,52.10,54.30,+3.30,"5,616",
109/03/25,"16,201,712","954,074,275",56.90,59.70,56.50,58.90,+4.60,"8,192",
109/03/26,"14,965,462","892,612,795",61.00,61.00,58.10,59.80,+0.90,"5,619",
109/03/27,"12,558,792","757,031,105",61.10,61.90,59.20,59.80, 0.00,"5,682",
109/03/30,"11,957,676","705,993,808",57.50,60.30,57.00,59.20,-0.60,"4,945",
109/03/31,"12,423,676","732,119,110",60.20,60.80,58.00,58.60,-0.60,"5,140",
109/04/01,"7,873,333","452,858,310",58.10,58.30,57.00,57.20,-1.40,"3,716",
109/04/06,"10,854,175","629,785,608",58.80,58.90,56.90,58.80,+1.60,"5,778",
109/04/07,"12,625,275","768,850,073",59.80,61.70,59.60,61.70,+2.90,"6,204",
109/04/08,"9,766,755","606,638,862",61.80,62.70,61.30,62.00,+0.30,"5,339",
109/04/09,"8,241,205","516,889,791",62.10,63.30,62.00,62.20,+0.20,"4,128",
109/04/10,"10,010,313","616,543,106",62.20,62.60,61.00,61.50,-0.70,"4,310",
109/04/13,"4,241,615","263,009,942",61.00,62.40,61.00,62.00,+0.50,"2,488",
109/04/14,"12,603,316","817,917,840",62.70,66.40,62.30,65.00,+3.00,"6,006",
109/04/15,"11,597,097","762,534,409",66.00,66.30,65.00,65.50,+0.50,"5,539",
109/04/16,"7,627,650","496,494,795",65.30,65.90,64.60,64.70,-0.80,"3,380",
109/04/17,"16,882,757","1,119,975,203",66.00,67.60,65.60,66.80,+2.10,"6,838",
109/04/20,"10,488,858","686,814,308",66.20,66.30,64.70,65.50,-1.30,"4,752",
109/04/21,"9,641,505","615,582,921",64.70,65.10,63.10,63.10,-2.40,"4,858",
109/04/22,"10,070,177","626,996,556",62.20,63.40,61.20,62.60,-0.50,"4,827",
109/04/23,"8,164,287","515,129,642",62.80,63.90,62.30,63.30,+0.70,"4,100",
109/04/24,"3,456,917","218,524,841",62.70,63.70,62.50,63.10,-0.20,"1,358",
109/04/27,"8,751,829","569,991,431",64.00,65.70,63.80,65.30,+2.20,"3,894",
109/04/28,"5,950,472","385,193,158",65.30,65.50,64.20,64.80,-0.50,"2,573",
109/04/29,"4,864,725","318,554,823",65.00,66.00,64.80,65.30,+0.50,"2,396",
109/04/30,"11,778,763","785,136,613",65.90,67.50,65.70,67.10,+1.80,"5,296",
109/05/04,"14,482,850","927,124,514",63.10,65.00,63.10,64.40,-2.70,"6,384",
109/05/05,"8,474,433","552,420,545",64.60,65.70,64.60,65.00,+0.60,"4,679",
109/05/06,"13,182,731","853,544,181",64.60,65.40,64.00,64.40,-0.60,"5,834",
109/05/07,"8,343,473","552,163,295",65.00,66.80,64.60,66.20,+1.80,"4,639",
109/05/08,"6,710,812","454,203,564",67.00,68.40,67.00,67.60,+1.40,"3,367",
109/05/11,"6,928,000","476,977,473",69.00,69.30,68.40,68.90,+1.30,"3,594",
109/05/12,"7,010,713","477,053,333",67.80,68.80,67.50,68.10,-0.80,"3,476",
109/05/13,"6,986,851","471,597,468",66.60,68.30,66.60,68.00,-0.10,"3,397",
109/05/14,"8,139,890","544,629,144",67.10,68.00,66.50,66.50,-1.50,"3,794",
109/05/15,"4,163,160","276,099,613",67.60,67.60,65.30,66.40,-0.10,"2,310",
109/05/18,"15,781,774","1,001,398,462",65.20,65.30,62.50,62.60,-3.80,"10,011",
109/05/19,"11,905,690","743,258,839",64.20,64.30,61.50,62.20,-0.40,"6,866",
109/05/20,"11,055,536","680,474,532",61.80,62.70,61.00,61.70,-0.50,"5,646",
109/05/21,"19,529,996","1,218,132,948",62.40,63.30,61.70,63.00,+1.30,"6,986",
109/05/22,"10,516,294","649,003,703",62.40,62.40,61.20,61.30,-1.70,"4,762",
109/05/25,"9,468,227","577,006,450",61.30,61.80,60.10,61.10,-0.20,"3,846",
109/05/26,"9,475,074","582,762,532",61.30,62.30,60.80,61.40,+0.30,"4,295",
109/05/27,"11,281,945","691,113,204",61.60,61.90,60.90,61.00,-0.40,"4,425",
109/05/28,"7,231,552","444,086,476",61.60,61.90,60.90,61.30,+0.30,"3,209",
109/05/29,"27,554,174","1,701,721,688",60.50,62.50,60.50,61.80,+0.50,"3,536",
109/06/01,"7,814,028","489,983,626",62.60,63.00,62.40,62.80,+1.00,"3,894",
109/06/02,"7,591,468","479,890,994",63.00,63.60,62.80,63.50,+0.70,"4,169",
109/06/03,"19,835,616","1,309,787,404",64.90,67.10,64.70,66.50,+3.00,"9,792",
109/06/04,"7,425,114","495,603,864",67.30,67.50,66.00,66.80,+0.30,"3,619",
109/06/05,"13,734,861","933,889,500",66.70,68.40,66.20,68.20,+1.40,"5,533",
109/06/08,"13,370,237","909,385,816",68.50,68.90,67.20,68.00,-0.20,"5,497",
109/06/09,"12,240,469","816,840,425",67.90,67.90,66.20,66.20,-1.80,"4,841",
109/06/10,"13,284,820","899,033,847",66.30,68.00,66.30,68.00,+1.80,"5,373",
109/06/11,"12,374,357","825,824,356",67.30,67.90,65.80,66.50,-1.50,"5,015",
109/06/12,"8,496,420","559,077,930",64.60,66.70,64.40,66.30,-0.20,"3,590",
109/06/15,"6,742,574","446,607,239",66.10,66.70,65.40,65.60,-0.70,"2,487",
109/06/16,"8,762,236","592,203,012",66.80,68.40,66.70,67.30,+1.70,"3,953",
109/06/17,"7,990,720","540,201,286",67.50,68.00,67.10,68.00,+0.70,"3,373",
109/06/18,"5,142,872","345,748,147",68.00,68.40,66.50,67.50,-0.50,"2,097",
109/06/19,"13,415,108","913,339,781",67.30,68.50,67.10,68.20,+0.70,"3,801",
109/06/22,"6,003,657","409,276,076",67.70,68.60,67.40,68.20, 0.00,"1,963",
109/06/23,"6,564,051","444,844,620",68.50,68.80,67.00,67.80,-0.40,"2,961",
109/06/24,"6,605,188","448,965,583",68.00,68.50,67.40,68.00,+0.20,"2,745",
109/06/29,"6,206,782","419,379,889",67.20,68.50,66.80,67.30,-0.70,"2,910",
109/06/30,"8,433,207","568,284,001",67.60,68.00,66.80,67.60,+0.30,"2,754",
109/07/01,"6,306,210","426,794,175",67.20,68.30,66.80,68.00,+0.40,"3,519",
109/07/02,"24,142,867","1,714,218,222",68.30,72.80,68.00,72.70,+4.70,"11,163",
109/07/03,"19,272,900","1,394,612,947",73.70,74.50,71.30,71.90,-0.80,"8,773",
109/07/06,"15,261,016","1,092,226,299",72.00,72.20,71.00,71.60,-0.30,"6,640",
109/07/07,"18,798,717","1,327,512,646",71.60,72.10,70.00,70.50,-1.10,"6,573",
109/07/08,"18,966,991","1,314,647,456",70.10,70.20,68.90,69.50,-1.00,"7,383",
109/07/09,"19,088,830","1,350,270,021",70.10,72.20,70.10,70.40,+0.90,"7,006",
109/07/10,"15,252,212","1,088,595,265",71.10,72.00,70.40,71.60,+1.20,"7,045",
109/07/13,"12,159,638","875,335,236",72.30,72.80,71.50,72.40,+0.80,"5,787",
109/07/14,"10,711,555","765,185,206",72.40,72.90,70.70,70.70,-1.70,"4,633",
109/07/15,"6,857,926","487,699,472",71.50,71.90,70.70,70.70, 0.00,"3,349",
109/07/16,"9,255,347","648,855,462",71.20,71.30,69.50,69.70,-1.00,"4,321",
109/07/17,"9,702,906","675,395,858",70.30,70.40,69.10,69.30,-0.40,"4,604",
109/07/20,"7,336,963","514,578,776",69.80,70.70,69.30,70.60,+1.30,"3,505",
109/07/21,"14,091,614","1,015,393,753",71.00,72.70,71.00,72.00,+1.40,"6,215",
109/07/22,"11,100,889","800,764,025",72.20,73.40,71.30,71.80,-0.20,"5,462",
109/07/23,"10,358,538","739,325,050",71.50,71.80,70.90,71.80, 0.00,"4,198",
109/07/24,"16,911,802","1,199,507,940",71.20,72.70,69.50,69.90,-1.90,"7,775",
109/07/27,"38,316,368","2,839,857,664",70.70,76.00,70.70,73.00,+3.10,"18,588",
109/07/28,"49,796,496","3,666,657,039",75.80,77.60,70.50,70.70,-2.30,"24,249",
109/07/29,"21,341,123","1,550,064,885",72.00,73.80,71.50,72.50,+1.80,"10,854",
109/07/30,"26,169,370","1,960,248,978",74.50,76.00,73.50,75.50,+3.00,"13,991",
109/07/31,"21,262,520","1,605,149,648",75.50,76.60,74.20,75.60,+0.10,"10,612",
109/08/03,"48,954,775","3,552,438,428",73.50,74.10,71.40,71.60,-4.00,"25,056",
109/08/04,"33,013,865","2,344,956,015",71.70,72.30,70.50,70.60,-1.00,"17,481",
109/08/05,"22,628,244","1,595,816,387",70.80,71.20,70.20,70.30,-0.30,"12,130",
109/08/06,"16,277,323","1,152,663,533",70.90,71.40,70.30,70.90,+0.60,"8,777",
109/08/07,"13,740,153","971,007,372",71.50,71.50,70.10,70.30,-0.60,"7,845",
109/08/10,"9,250,676","653,848,053",70.50,71.20,70.20,70.40,+0.10,"4,740",
109/08/11,"10,226,320","722,285,036",70.40,71.00,70.40,70.40, 0.00,"6,040",
109/08/12,"18,989,393","1,325,036,510",70.30,70.70,69.40,69.90,-0.50,"9,425",
109/08/13,"13,642,915","930,946,680",68.40,69.00,67.90,68.00,X0.00,"7,219",
109/08/14,"16,360,373","1,096,294,173",67.70,67.80,66.70,66.80,-1.20,"9,420",
109/08/17,"11,668,310","790,976,965",67.20,68.40,66.60,68.40,+1.60,"5,845",
109/08/18,"19,240,437","1,293,442,571",68.50,68.50,66.80,67.00,-1.40,"9,356",
109/08/19,"26,083,012","1,705,121,580",66.90,67.20,64.70,64.80,-2.20,"14,780",
109/08/20,"33,794,495","2,072,422,613",64.20,64.20,59.50,61.10,-3.70,"19,239",
109/08/21,"14,733,651","908,146,098",61.50,62.40,61.00,61.90,+0.80,"9,069",
109/08/24,"7,737,469","474,994,648",62.00,62.10,61.00,61.30,-0.60,"4,617",
109/08/25,"9,087,461","566,130,894",61.80,63.00,61.60,62.10,+0.80,"4,555",
109/08/26,"7,669,319","474,764,375",62.10,62.50,61.60,61.90,-0.20,"3,842",
109/08/27,"8,078,935","499,263,941",62.30,62.50,61.30,61.60,-0.30,"4,196",
109/08/28,"9,296,237","568,365,857",61.10,61.50,61.00,61.10,-0.50,"4,853",
109/08/31,"14,892,755","917,228,212",61.70,62.50,61.00,61.20,+0.10,"5,975",
109/09/01,"10,921,914","667,322,191",61.00,61.50,60.40,61.30,+0.10,"4,409",
109/09/02,"22,333,216","1,348,346,140",61.60,61.70,59.60,60.20,-1.10,"10,760",
109/09/03,"13,339,890","804,971,530",60.60,60.80,60.00,60.30,+0.10,"7,678",
109/09/04,"15,113,626","897,950,753",59.10,59.80,59.00,59.50,-0.80,"8,275",
109/09/07,"12,077,184","733,808,642",59.60,61.30,59.60,61.00,+1.50,"5,820",
109/09/08,"8,308,283","508,896,788",61.40,61.80,60.70,61.40,+0.40,"4,605",
109/09/09,"7,879,453","483,313,445",60.80,62.00,60.50,62.00,+0.60,"4,264",
109/09/10,"9,704,557","598,578,936",62.40,62.60,61.10,61.20,-0.80,"5,485",
109/09/11,"4,608,942","282,601,811",61.40,61.70,61.00,61.30,+0.10,"2,169",
109/09/14,"6,663,014","410,665,936",61.30,62.00,61.30,61.60,+0.30,"2,788",
109/09/15,"8,085,546","501,498,474",61.80,62.40,61.70,62.00,+0.40,"3,840",
109/09/16,"11,401,535","712,906,821",62.70,63.00,62.30,62.40,+0.40,"5,618",
109/09/17,"5,853,376","365,504,785",62.40,62.80,62.10,62.30,-0.10,"3,138",
109/09/18,"9,205,981","574,924,396",62.40,62.80,62.00,62.40,+0.10,"3,269",
109/09/21,"5,110,478","318,027,924",62.20,62.70,61.70,61.70,-0.70,"2,625",
109/09/22,"9,328,188","566,143,975",61.20,61.30,60.40,60.40,-1.30,"4,856",
109/09/23,"8,895,755","533,521,583",60.50,60.70,59.70,59.90,-0.50,"5,100",
109/09/24,"14,636,792","859,144,357",59.10,59.50,58.20,58.20,-1.70,"7,547",
109/09/25,"11,568,108","677,454,172",58.40,59.20,58.20,58.90,+0.70,"4,695",
109/09/28,"14,664,996","878,601,637",59.40,60.70,59.00,60.20,+1.30,"6,178",
109/09/29,"17,577,583","1,038,568,197",60.30,60.50,58.50,58.60,-1.60,"8,007",
109/09/30,"10,667,279","631,962,991",59.00,59.70,58.70,59.20,+0.60,"4,497",
109/10/05,"21,291,110","1,289,326,910",60.10,61.50,59.80,60.50,+1.30,"10,114",
109/10/06,"17,884,861","1,085,604,572",61.20,61.50,60.10,60.20,-0.30,"9,503",
109/10/07,"9,633,536","578,917,759",59.90,60.50,59.70,60.10,-0.10,"5,212",
109/10/08,"18,425,504","1,127,637,677",60.70,61.60,60.40,61.50,+1.40,"9,728",
109/10/12,"30,702,234","1,906,271,002",62.40,62.80,61.30,62.10,+0.60,"13,844",
109/10/13,"14,942,175","920,608,491",62.30,62.40,61.10,61.80,-0.30,"7,246",
109/10/14,"20,082,439","1,228,034,606",61.40,62.20,60.80,60.90,-0.90,"9,494",
109/10/15,"16,342,985","1,000,399,949",61.00,61.70,60.60,61.30,+0.40,"8,148",
109/10/16,"18,866,600","1,164,978,859",61.50,62.20,61.10,61.20,-0.10,"9,108",
109/10/19,"17,165,237","1,063,534,042",61.90,62.20,61.50,61.90,+0.70,"6,663",
109/10/20,"17,049,915","1,061,340,730",62.00,63.00,61.70,61.90, 0.00,"8,851",
109/10/21,"46,096,923","2,938,552,312",62.60,64.70,62.30,64.10,+2.20,"20,725",
109/10/22,"25,908,706","1,662,310,034",64.00,64.80,63.50,64.40,+0.30,"11,629",
109/10/23,"22,853,651","1,486,025,406",64.50,65.40,64.50,65.20,+0.80,"9,587",
109/10/26,"39,371,590","2,615,017,759",66.50,67.50,65.80,66.30,+1.10,"17,380",
109/10/27,"23,586,377","1,528,851,328",65.50,65.60,64.20,64.40,-1.90,"12,853",
109/10/28,"18,990,810","1,204,696,176",64.40,64.40,63.00,63.10,-1.30,"10,274",
109/10/29,"16,517,058","1,025,952,845",61.80,62.60,61.50,62.50,-0.60,"8,028",
109/10/30,"16,418,358","1,038,143,071",62.50,63.60,62.50,63.20,+0.70,"6,362",
109/11/02,"85,636,999","5,715,063,366",65.90,67.70,65.40,66.80,+3.60,"35,235",
109/11/03,"31,202,960","2,092,188,584",67.60,68.10,66.20,66.80, 0.00,"13,613",
109/11/04,"26,605,359","1,793,245,675",67.10,68.00,66.70,68.00,+1.20,"11,035",
109/11/05,"22,215,078","1,510,360,334",68.50,68.50,67.50,68.20,+0.20,"9,654",
109/11/06,"22,024,403","1,507,074,393",68.60,68.80,67.90,68.70,+0.50,"9,595",
109/11/09,"30,757,777","2,144,056,729",69.20,70.20,68.90,70.20,+1.50,"15,204",
109/11/10,"40,313,853","2,865,338,475",71.00,71.50,70.60,71.50,+1.30,"15,211",
109/11/11,"25,148,988","1,794,339,961",71.50,71.80,70.90,71.50, 0.00,"11,854",
109/11/12,"21,047,478","1,511,936,684",71.70,72.50,71.10,72.00,+0.50,"9,144",
109/11/13,"13,971,091","984,480,538",71.30,71.50,70.00,70.50,-1.50,"8,159",
109/11/16,"15,396,900","1,101,752,056",71.00,71.90,70.80,71.90,+1.40,"7,941",
109/11/17,"20,226,344","1,466,277,120",72.70,73.50,71.80,72.00,+0.10,"10,305",
109/11/18,"20,470,152","1,491,900,774",72.50,73.50,72.20,73.00,+1.00,"10,098",
109/11/19,"11,904,250","866,386,046",72.50,73.20,72.20,72.90,-0.10,"6,142",
109/11/20,"14,563,414","1,058,761,744",73.20,73.40,72.20,72.90, 0.00,"6,855",
109/11/23,"22,856,570","1,694,238,735",73.60,74.90,73.40,73.90,+1.00,"11,148",
109/11/24,"15,859,115","1,172,838,025",74.80,74.90,73.40,73.40,-0.50,"8,038",
109/11/25,"15,688,975","1,147,531,087",73.80,74.20,72.20,72.50,-0.90,"7,076",
109/11/26,"12,755,045","934,376,065",72.50,73.80,72.30,73.50,+1.00,"6,934",
109/11/27,"16,124,295","1,196,442,329",73.80,75.20,73.60,74.40,+0.90,"7,228",
109/11/30,"74,501,570","5,834,463,786",78.00,81.80,76.40,76.60,+2.20,"25,714",
109/12/01,"24,146,280","1,849,980,360",77.70,78.00,75.80,76.70,+0.10,"11,186",
109/12/02,"24,400,988","1,868,022,170",76.90,77.40,75.30,77.30,+0.60,"10,899",
109/12/03,"21,392,380","1,652,673,850",77.50,78.10,76.30,77.90,+0.60,"10,542",
109/12/04,"26,294,080","2,084,731,884",80.00,80.00,78.30,79.60,+1.70,"11,909",
109/12/07,"34,287,003","2,737,410,461",82.00,82.00,78.30,78.80,-0.80,"15,551",
109/12/08,"14,025,329","1,105,918,907",78.90,79.50,78.10,79.50,+0.70,"6,876",
109/12/09,"22,372,327","1,783,923,708",80.00,80.50,79.30,79.50, 0.00,"8,854",
109/12/10,"34,944,362","2,800,408,960",79.50,81.10,79.40,80.60,+1.10,"14,368",
109/12/11,"34,084,312","2,697,264,296",80.80,81.60,77.20,78.80,-1.80,"15,518",
109/12/14,"19,922,591","1,544,397,863",78.20,78.40,77.00,77.00,-1.80,"10,877",
109/12/15,"19,061,667","1,476,590,343",77.30,78.70,76.80,77.60,+0.60,"8,691",
109/12/16,"16,587,741","1,307,061,382",79.00,79.40,78.30,78.70,+1.10,"8,034",
109/12/17,"23,131,606","1,839,783,369",79.70,80.70,79.00,79.50,+0.80,"9,521",
109/12/18,"16,824,008","1,335,133,547",79.50,80.00,78.90,78.90,-0.60,"6,224",
109/12/21,"16,604,305","1,317,956,275",79.50,79.80,78.40,79.50,+0.60,"6,635",
109/12/22,"18,462,681","1,459,530,377",79.20,80.10,77.80,78.20,-1.30,"7,636",
109/12/23,"21,820,899","1,691,419,649",77.90,78.60,76.80,77.20,-1.00,"7,948",
109/12/24,"48,749,187","3,906,314,708",78.00,81.70,77.80,80.50,+3.30,"18,563",
109/12/25,"35,679,482","2,909,616,374",81.30,83.00,80.60,80.90,+0.40,"17,129",
109/12/28,"21,042,577","1,722,074,135",81.80,82.70,81.30,81.70,+0.80,"9,869",
109/12/29,"22,678,567","1,836,182,848",82.00,82.50,80.00,80.70,-1.00,"9,896",
109/12/30,"15,627,472","1,264,904,122",80.70,81.80,80.20,81.70,+1.00,"7,390",
109/12/31,"16,470,945","1,343,905,518",82.10,82.50,80.70,81.30,-0.40,"7,074",
110/01/04,"33,994,375","2,821,416,878",82.00,84.50,81.80,83.90,+2.60,"16,653",
110/01/05,"45,299,069","3,874,688,967",83.90,87.00,83.60,86.60,+2.70,"20,760",
110/01/06,"66,853,975","5,926,400,377",88.00,90.50,87.00,88.50,+1.90,"33,263",
110/01/07,"35,177,023","3,166,260,724",90.00,91.00,89.00,89.40,+0.90,"16,938",
110/01/08,"41,704,167","3,693,821,775",90.60,90.60,87.50,88.00,-1.40,"19,993",
110/01/11,"32,732,104","2,931,108,960",88.20,90.50,88.20,90.40,+2.40,"14,047",
110/01/12,"68,233,277","6,361,368,482",93.00,96.30,91.20,92.20,+1.80,"32,069",
110/01/13,"59,992,743","5,815,524,118",93.60,99.60,93.60,99.60,+7.40,"30,459",
110/01/14,"50,512,403","5,047,338,126",101.50,102.00,98.10,99.00,-0.60,"23,839",
110/01/15,"41,562,871","4,160,039,077",102.00,103.00,97.40,98.00,-1.00,"20,136",
110/01/18,"48,184,594","4,746,837,812",99.00,101.50,94.00,100.50,+2.50,"22,837",
110/01/19,"63,842,393","6,739,644,930",101.50,109.50,101.50,105.50,+5.00,"30,538",
110/01/20,"53,094,677","5,597,761,798",107.00,108.00,103.00,104.50,-1.00,"25,762",
110/01/21,"30,284,994","3,184,055,469",106.00,107.00,103.50,105.50,+1.00,"15,158",
110/01/22,"29,842,619","3,135,127,324",105.50,106.50,104.00,105.00,-0.50,"13,617",
110/01/25,"40,704,739","4,215,218,959",106.00,108.00,101.00,102.00,-3.00,"20,682",
110/01/26,"45,503,298","4,532,131,083",102.00,103.00,98.20,98.40,-3.60,"23,602",
110/01/27,"31,909,913","3,116,645,805",100.00,101.00,97.50,98.30,-0.10,"15,281",
110/01/28,"34,931,281","3,312,843,156",95.10,96.50,94.00,94.50,-3.80,"20,241",
110/01/29,"37,501,350","3,545,364,325",97.60,97.60,92.00,92.00,-2.50,"18,134",
110/02/01,"31,020,015","2,898,082,186",92.50,95.00,91.70,94.90,+2.90,"16,018",
110/02/02,"46,658,112","4,583,982,769",96.50,99.60,96.00,98.60,+3.70,"24,355",
110/02/03,"26,923,377","2,644,599,741",100.00,100.50,97.10,98.10,-0.50,"14,483",
110/02/04,"25,123,231","2,461,536,677",97.00,99.50,96.20,97.70,-0.40,"13,932",
110/02/05,"90,654,389","9,426,862,183",100.00,106.00,99.10,105.50,+7.80,"42,645",
110/02/17,"29,430,318","3,413,916,888",116.00,116.00,116.00,116.00,+10.50,"7,556",
110/02/18,"88,834,276","10,388,341,920",118.00,119.00,115.00,117.50,+1.50,"37,343",
110/02/19,"53,642,240","6,052,487,307",115.00,115.00,111.00,113.50,-4.00,"25,444",
110/02/22,"44,979,374","5,040,214,249",114.50,115.00,110.00,112.00,-1.50,"23,814",
110/02/23,"35,944,859","3,897,945,789",108.50,110.50,107.00,110.00,-2.00,"17,430",
110/02/24,"28,665,655","3,076,912,675",108.00,109.50,105.50,106.00,-4.00,"15,868",
110/02/25,"25,269,957","2,716,325,622",108.50,109.50,106.00,107.50,+1.50,"12,722",
110/02/26,"33,891,932","3,536,700,388",104.00,106.00,103.50,103.50,-4.00,"15,536",
110/03/02,"28,371,232","3,042,432,013",107.50,109.00,105.50,106.00,+2.50,"12,390",
110/03/03,"23,891,249","2,536,062,785",106.00,108.00,103.00,107.00,+1.00,"10,758",
110/03/04,"30,003,083","3,110,986,579",106.50,106.50,102.50,103.00,-4.00,"14,877",
110/03/05,"33,512,611","3,409,433,579",100.50,104.00,99.80,102.00,-1.00,"16,345",
110/03/08,"14,610,797","1,507,224,549",104.00,105.00,102.00,102.50,+0.50,"7,430",
110/03/09,"31,119,392","3,109,327,668",101.50,102.00,98.80,101.00,-1.50,"15,393",
110/03/10,"18,337,320","1,868,830,851",103.00,103.50,100.00,101.00, 0.00,"8,787",
110/03/11,"22,080,881","2,293,215,828",101.50,105.50,101.50,105.00,+4.00,"10,496",
110/03/12,"23,597,413","2,483,374,614",107.00,108.00,103.50,105.00, 0.00,"11,417",
110/03/15,"24,115,233","2,475,199,395",104.00,104.00,102.00,102.50,-2.50,"13,529",
110/03/16,"23,781,353","2,457,105,066",103.00,104.50,102.00,104.00,+1.50,"9,285",
110/03/17,"21,220,412","2,193,846,192",104.50,104.50,102.50,103.00,-1.00,"8,835",
110/03/18,"28,547,896","3,026,147,554",104.00,107.00,103.50,106.50,+3.50,"13,913",
110/03/19,"28,660,685","3,045,331,077",107.50,108.00,104.00,108.00,+1.50,"10,025",
110/03/22,"18,319,056","1,967,702,223",107.00,108.50,105.50,108.00, 0.00,"9,781",
110/03/23,"21,970,617","2,383,248,202",109.00,109.50,107.00,108.00, 0.00,"12,444",
110/03/24,"15,557,546","1,649,625,381",108.00,109.00,106.00,107.00,-1.00,"7,980",
110/03/25,"14,138,017","1,490,090,550",105.50,107.00,104.00,106.00,-1.00,"7,846",
110/03/26,"18,419,629","1,956,265,855",106.00,107.50,104.50,107.00,+1.00,"7,999",
110/03/29,"17,434,977","1,897,193,762",108.50,109.50,108.00,109.00,+2.00,"10,950",
110/03/30,"26,586,785","2,924,315,591",109.50,111.00,108.50,111.00,+2.00,"13,041",
110/03/31,"18,755,075","2,034,999,056",110.50,111.00,107.00,107.50,-3.50,"10,396",
110/04/01,"17,022,372","1,829,164,203",108.00,109.00,106.50,107.50, 0.00,"8,855",
110/04/06,"22,144,194","2,456,583,295",110.00,111.50,110.00,111.50,+4.00,"12,812",
110/04/07,"15,823,978","1,761,751,920",112.50,113.00,110.00,111.50, 0.00,"7,859",
110/04/08,"13,956,658","1,548,393,470",112.00,112.00,110.00,111.50, 0.00,"7,145",
110/04/09,"22,206,412","2,492,734,811",112.50,114.00,111.00,112.00,+0.50,"10,079",
110/04/12,"34,403,151","3,911,398,571",115.00,116.00,112.50,112.50,+0.50,"13,585",
110/04/13,"19,030,969","2,151,540,126",113.00,114.50,111.50,112.50, 0.00,"7,978",
110/04/14,"19,963,459","2,193,754,270",113.00,114.00,107.00,110.00,-2.50,"10,796",
110/04/15,"14,055,862","1,521,239,130",108.00,109.00,107.00,109.00,-1.00,"7,499",
110/04/16,"20,003,067","2,248,091,105",110.50,114.00,110.00,113.00,+4.00,"9,735",
110/04/19,"9,409,856","1,061,082,975",114.50,114.50,111.50,111.50,-1.50,"6,702",
110/04/20,"9,872,487","1,106,807,502",110.50,113.00,110.50,113.00,+1.50,"6,226",
110/04/21,"12,511,886","1,384,641,869",111.50,112.50,110.00,110.00,-3.00,"9,424",
110/04/22,"20,960,928","2,302,500,286",112.00,112.50,107.50,108.00,-2.00,"9,984",
110/04/23,"12,034,655","1,322,302,153",108.50,111.00,108.50,111.00,+3.00,"5,992",
110/04/26,"44,738,362","5,160,813,582",111.50,118.00,111.00,118.00,+7.00,"22,866",
110/04/27,"31,019,291","3,661,431,643",117.00,119.50,115.50,118.00, 0.00,"13,156",
110/04/28,"38,199,512","4,642,989,313",118.00,124.00,117.50,123.00,+5.00,"20,695",
110/04/29,"34,122,825","4,070,950,835",122.00,122.50,116.50,118.00,-5.00,"15,719",
110/05/03,"27,875,958","3,164,463,640",117.00,118.00,111.50,112.50,-5.50,"13,887",
110/05/04,"26,860,105","2,954,299,682",111.50,113.00,107.00,111.50,-1.00,"12,200",
110/05/05,"19,883,504","2,161,311,266",111.00,111.50,106.00,106.50,-5.00,"9,930",
110/05/06,"17,652,644","1,895,205,252",107.00,110.00,105.00,107.50,+1.00,"7,874",
110/05/07,"17,171,663","1,917,006,020",110.00,113.00,108.50,113.00,+5.50,"8,126",
110/05/10,"12,490,464","1,388,721,753",115.00,115.00,109.00,110.00,-3.00,"6,685",
110/05/11,"24,200,408","2,537,886,035",107.50,108.00,102.00,103.50,-6.50,"13,292",
110/05/12,"39,819,226","3,863,045,245",101.00,102.50,93.30,97.00,-6.50,"20,169",
110/05/13,"29,081,470","2,882,607,000",94.50,102.00,93.00,100.00,+3.00,"13,027",
110/05/14,"30,292,846","3,158,084,459",102.00,106.00,101.50,105.00,+5.00,"10,967",
110/05/17,"24,034,617","2,463,341,766",100.50,105.00,99.10,103.00,-2.00,"10,630",
110/05/18,"18,853,765","1,985,509,129",104.50,106.50,103.50,106.50,+3.50,"8,465",
110/05/19,"10,457,109","1,104,578,088",105.00,107.00,104.00,105.50,-1.00,"5,229",
110/05/20,"11,634,627","1,231,612,622",106.00,107.00,104.50,106.50,+1.00,"4,955",
110/05/21,"21,623,172","2,299,356,634",108.00,110.50,104.00,105.50,-1.00,"9,773",
110/05/24,"8,776,821","932,125,363",105.00,108.00,103.50,106.50,+1.00,"3,804",
110/05/25,"17,820,029","1,927,895,274",108.00,109.00,107.00,108.50,+2.00,"7,393",
110/05/26,"18,572,231","2,025,742,907",110.00,111.50,107.00,107.50,-1.00,"10,058",
110/05/27,"20,535,841","2,205,808,731",107.00,109.00,104.00,109.00,+1.50,"6,920",
110/05/28,"15,977,107","1,757,731,589",109.00,111.00,108.50,110.50,+1.50,"7,947",
110/05/31,"13,840,491","1,538,810,515",110.50,112.00,109.50,111.50,+1.00,"8,840",
110/06/01,"10,557,976","1,192,481,717",112.00,114.00,111.50,113.00,+1.50,"6,405",
110/06/02,"12,761,612","1,419,815,128",113.50,114.00,109.50,111.00,-2.00,"8,919",
110/06/03,"8,171,305","910,714,328",112.00,112.50,110.50,112.00,+1.00,"4,296",
110/06/04,"5,524,477","612,060,452",111.00,111.50,110.00,111.00,-1.00,"3,682",
110/06/07,"20,731,291","2,361,930,269",112.50,116.00,110.50,115.50,+4.50,"10,934",
110/06/08,"10,271,550","1,190,461,672",116.50,117.50,115.00,115.50, 0.00,"6,581",
110/06/09,"9,963,512","1,133,466,388",115.50,115.50,113.00,114.00,-1.50,"4,014",
110/06/10,"11,658,065","1,348,733,633",115.50,116.50,114.50,116.50,+2.50,"5,899",
110/06/11,"30,003,825","3,559,616,671",118.00,120.00,117.00,118.50,+2.00,"12,395",
110/06/15,"19,091,890","2,252,228,990",119.00,119.50,117.00,118.00,-0.50,"6,605",
110/06/16,"10,860,891","1,265,599,072",117.00,118.00,115.50,115.50,-2.50,"5,946",
110/06/17,"9,854,478","1,144,061,546",115.00,118.00,114.50,118.00,+2.50,"5,676",
110/06/18,"10,889,750","1,274,742,752",118.00,119.00,116.50,116.50,-1.50,"4,197",
110/06/21,"11,584,582","1,308,874,853",115.00,115.00,111.50,113.00,-3.50,"7,230",
110/06/22,"8,063,487","911,892,897",114.50,115.00,111.50,113.00, 0.00,"4,735",
110/06/23,"10,806,231","1,241,890,248",114.00,116.00,113.50,116.00,+3.00,"6,449",
110/06/24,"6,139,835","707,083,894",116.00,116.00,114.00,115.50,-0.50,"2,852",
110/06/25,"11,023,950","1,289,951,569",116.50,118.00,115.50,117.50,+2.00,"5,720",
110/06/28,"20,538,221","2,323,034,087",113.00,114.50,112.00,112.50,-5.00,"11,901",
110/06/29,"17,706,634","1,969,548,864",112.50,113.50,109.50,113.00,+0.50,"9,265",
110/06/30,"13,374,032","1,496,449,616",112.50,113.00,111.00,112.00,-1.00,"5,305",
110/07/01,"7,542,245","839,529,541",111.50,112.00,110.50,111.00,-1.00,"4,011",
110/07/02,"5,083,222","569,753,716",112.00,113.00,111.50,112.00,+1.00,"3,219",
110/07/05,"10,925,515","1,237,303,626",112.50,114.00,112.50,114.00,+2.00,"5,049",
110/07/06,"5,113,366","581,846,191",114.00,114.50,113.00,113.00,-1.00,"3,160",
110/07/07,"6,932,192","794,365,638",113.50,115.50,113.00,114.50,+1.50,"4,017",
110/07/08,"10,578,861","1,192,894,024",114.00,114.50,112.00,112.00,-2.50,"5,763",
110/07/09,"9,552,553","1,061,903,110",110.50,112.50,110.50,111.00,-1.00,"4,697",
110/07/12,"10,131,849","1,137,532,636",113.00,113.50,111.00,112.50,+1.50,"5,189",
110/07/13,"16,712,232","1,934,103,390",113.50,117.00,113.50,115.50,+3.00,"8,911",
110/07/14,"11,410,874","1,309,867,857",116.00,116.50,113.50,114.50,-1.00,"4,984",
110/07/15,"26,856,909","3,168,061,147",113.50,120.00,113.50,120.00,+5.50,"13,433",
110/07/16,"17,024,888","1,972,841,323",115.50,117.00,114.50,116.50,-3.50,"7,995",
110/07/19,"13,722,155","1,608,906,968",116.00,119.50,115.00,117.50,+1.00,"5,544",
110/07/20,"12,710,911","1,502,590,927",117.00,119.50,117.00,118.00,+0.50,"7,308",
110/07/21,"18,024,888","2,146,164,511",120.00,120.50,117.50,119.50,+1.50,"9,152",
110/07/22,"14,269,024","1,696,391,543",120.00,120.50,117.00,117.50,-2.00,"6,341",
110/07/23,"9,671,103","1,125,773,134",119.00,119.00,115.00,115.00,-2.50,"5,103",
110/07/26,"8,010,927","927,224,454",115.50,117.00,115.00,115.00, 0.00,"3,302",
110/07/27,"6,320,493","730,808,936",116.00,117.00,114.50,115.00, 0.00,"2,910",
110/07/28,"10,501,804","1,175,445,669",114.50,114.50,110.00,112.50,-2.50,"5,623",
110/07/29,"6,964,900","797,704,611",114.00,116.00,112.50,115.00,+2.50,"3,062",
110/07/30,"48,108,151","5,883,840,734",118.50,124.50,118.50,122.50,+7.50,"23,998",
110/08/02,"20,937,994","2,601,434,216",124.00,126.00,120.50,125.50,+3.00,"11,275",
110/08/03,"13,044,662","1,635,254,296",125.50,127.00,123.50,127.00,+1.50,"6,676",
110/08/04,"17,285,267","2,239,973,193",127.00,131.00,126.50,131.00,+4.00,"9,182",
110/08/05,"15,598,780","2,054,111,099",131.00,133.50,130.00,132.00,+1.00,"7,251",
110/08/06,"13,774,212","1,793,616,033",131.50,133.00,128.00,129.00,-3.00,"6,829",
110/08/09,"10,004,304","1,284,863,211",127.50,130.50,126.00,128.00,-1.00,"4,860",
110/08/10,"9,092,341","1,149,525,074",128.00,128.50,124.50,126.50,-1.50,"5,341",
110/08/11,"13,594,440","1,727,989,140",126.00,129.50,124.50,127.00,+0.50,"6,931",
110/08/12,"8,481,170","1,067,452,463",127.00,127.50,124.50,125.50,-1.50,"4,185",
110/08/13,"16,606,362","2,020,704,432",126.00,126.00,119.50,120.00,-5.50,"9,708",
110/08/16,"13,792,776","1,670,218,588",119.50,122.50,119.00,122.00,+2.00,"5,796",
110/08/17,"17,125,240","2,020,080,318",122.50,123.00,116.00,117.00,-5.00,"6,911",
110/08/18,"12,547,116","1,474,080,990",115.50,119.50,114.00,119.00,+2.00,"5,934",
110/08/19,"15,450,627","1,792,706,863",117.50,118.50,114.50,115.50,-3.50,"5,774",
110/08/20,"13,280,011","1,544,805,358",117.50,118.00,114.00,116.00,+0.50,"5,746",
110/08/23,"11,734,019","1,416,298,117",117.50,123.00,117.00,121.00,+5.00,"4,984",
110/08/24,"7,691,933","929,186,846",123.00,123.00,119.00,120.00,-1.00,"4,017",
110/08/25,"7,420,188","904,587,230",121.50,123.50,120.50,122.50,+2.50,"3,413",
110/08/26,"8,057,344","986,509,656",124.50,124.50,121.00,123.50,+1.00,"3,727",
110/08/27,"10,194,582","1,278,512,411",123.50,127.00,121.50,127.00,+3.50,"5,695",
110/08/30,"10,948,124","1,403,030,779",129.00,130.00,126.50,129.00,+2.00,"6,101",
110/08/31,"11,520,422","1,462,613,993",127.50,128.50,124.00,128.50,-0.50,"5,029",
110/09/01,"8,980,725","1,134,466,948",126.50,127.50,125.00,126.50,-2.00,"4,827",
110/09/02,"8,723,156","1,098,522,483",126.50,127.00,125.00,125.50,-1.00,"4,665",
110/09/03,"13,581,338","1,734,940,543",126.00,129.00,125.50,128.50,+3.00,"6,491",
110/09/06,"13,965,570","1,755,501,996",125.00,128.00,124.00,124.50,X0.00,"6,569",
110/09/07,"13,864,539","1,678,906,332",124.00,124.50,119.00,121.50,-3.00,"7,517",
110/09/08,"12,525,808","1,488,345,896",119.50,120.50,116.50,119.50,-2.00,"5,409",
110/09/09,"12,456,052","1,496,453,872",119.00,123.50,118.00,122.00,+2.50,"3,782",
110/09/10,"18,856,844","2,358,461,042",123.50,128.00,122.50,128.00,+6.00,"7,463",
110/09/13,"10,725,763","1,351,360,685",126.00,127.50,124.00,124.00,-4.00,"4,079",
110/09/14,"8,844,735","1,101,834,864",125.50,126.00,124.00,124.50,+0.50,"3,058",
110/09/15,"12,958,007","1,611,924,713",125.00,125.50,123.50,124.00,-0.50,"4,158",
110/09/16,"8,759,446","1,069,022,580",123.50,124.50,121.00,121.50,-2.50,"4,498",
110/09/17,"24,933,777","2,965,174,673",120.50,121.00,117.50,118.00,-3.50,"10,498",
110/09/22,"24,741,219","2,828,492,831",115.00,116.00,113.00,116.00,-2.00,"9,559",
110/09/23,"12,919,489","1,510,969,405",117.00,118.50,116.00,116.50,+0.50,"5,164",
110/09/24,"8,507,790","997,923,471",117.50,118.50,116.00,117.50,+1.00,"3,762",
110/09/27,"11,648,863","1,344,889,648",116.00,117.00,114.00,115.50,-2.00,"5,662",
110/09/28,"20,452,041","2,298,383,505",114.00,114.00,111.50,112.50,-3.00,"8,081",
110/09/29,"26,484,649","2,827,611,345",109.00,110.00,105.00,106.00,-6.50,"14,924",
110/09/30,"17,187,842","1,863,856,385",106.50,110.00,106.00,109.00,+3.00,"6,288",
110/10/01,"11,221,463","1,198,154,755",107.50,108.00,105.50,108.00,-1.00,"5,115",
110/10/04,"24,035,991","2,500,350,560",108.50,108.50,102.00,103.50,-4.50,"8,582",
110/10/05,"32,436,659","3,256,218,345",100.00,101.50,99.10,100.50,-3.00,"12,095",
110/10/06,"19,900,516","1,994,396,641",101.00,102.50,99.20,100.00,-0.50,"9,949",
110/10/07,"23,211,449","2,338,437,113",101.00,102.00,99.40,101.00,+1.00,"9,607",
110/10/08,"32,699,962","3,188,822,819",98.80,99.30,95.40,96.20,-4.80,"20,615",
110/10/12,"36,890,871","3,470,663,495",95.20,95.30,93.50,93.50,-2.70,"19,505",
110/10/13,"22,465,548","2,088,583,625",94.60,95.10,92.20,92.40,-1.10,"11,580",
110/10/14,"17,878,811","1,665,367,905",93.60,94.00,92.50,93.60,+1.20,"11,533",
110/10/15,"22,876,456","2,191,493,543",96.00,96.50,94.90,96.20,+2.60,"13,161",
110/10/18,"15,287,930","1,453,996,874",96.20,96.70,94.30,94.60,-1.60,"8,490",
110/10/19,"16,938,605","1,648,759,403",95.50,98.50,95.00,98.40,+3.80,"8,429",
110/10/20,"15,091,737","1,480,134,092",99.80,99.80,97.30,97.70,-0.70,"9,073",
110/10/21,"14,987,827","1,449,982,974",96.90,98.10,95.70,95.90,-1.80,"9,654",
110/10/22,"13,217,493","1,262,210,274",95.50,96.30,94.80,96.00,+0.10,"7,099",
110/10/25,"11,210,985","1,079,690,928",95.80,97.30,95.20,96.40,+0.40,"7,097",
110/10/26,"10,079,187","986,306,775",97.40,98.30,97.10,98.00,+1.60,"6,046",
110/10/27,"9,221,643","897,717,333",98.20,98.40,96.70,97.20,-0.80,"5,848",
110/10/28,"18,235,863","1,814,880,121",97.30,101.50,97.00,99.80,+2.60,"11,452",
110/10/29,"32,184,785","3,245,829,755",103.50,103.50,99.80,99.80, 0.00,"15,204",
110/11/01,"15,443,891","1,522,824,234",99.70,100.50,97.80,98.20,-1.60,"9,918",
110/11/02,"10,968,225","1,089,828,674",99.50,100.50,98.30,98.80,+0.60,"6,981",
110/11/03,"8,413,769","826,740,226",99.10,99.30,97.60,98.30,-0.50,"5,529",
110/11/04,"6,908,121","681,107,585",99.10,99.50,98.10,98.10,-0.20,"4,331",
110/11/05,"7,521,430","745,670,052",98.80,99.90,98.00,99.70,+1.60,"6,049",
110/11/08,"28,893,007","3,025,813,312",104.00,106.00,103.00,105.50,+5.80,"17,799",
110/11/09,"27,382,778","2,908,049,207",107.50,109.00,105.00,105.00,-0.50,"14,167",
110/11/10,"13,722,516","1,421,139,316",104.50,105.00,103.00,104.00,-1.00,"7,854",
110/11/11,"17,317,318","1,770,012,452",102.50,103.00,101.50,102.50,-1.50,"8,133",
110/11/12,"18,812,060","1,944,061,813",103.50,105.50,101.50,104.00,+1.50,"8,014",
110/11/15,"11,945,094","1,252,137,171",104.50,105.50,104.00,105.50,+1.50,"6,643",
110/11/16,"11,496,955","1,211,726,015",105.50,106.00,105.00,105.50, 0.00,"6,156",
110/11/17,"10,787,077","1,141,934,698",106.00,106.50,105.00,106.50,+1.00,"5,946",
110/11/18,"9,890,598","1,047,512,901",106.50,106.50,105.50,106.00,-0.50,"4,958",
110/11/19,"10,475,832","1,114,766,136",107.00,107.50,105.50,106.00, 0.00,"5,332",
110/11/22,"13,156,909","1,405,527,112",106.50,107.50,106.00,106.50,+0.50,"5,536",
110/11/23,"11,493,858","1,208,600,742",106.00,106.00,104.50,105.00,-1.50,"5,446",
110/11/24,"11,944,020","1,237,435,755",104.50,105.50,103.00,103.00,-2.00,"7,058",
110/11/25,"12,612,987","1,299,539,751",103.50,105.00,102.00,104.00,+1.00,"7,006",
110/11/26,"9,638,565","984,851,733",103.00,104.00,101.50,101.50,-2.50,"5,918",
110/11/29,"11,545,585","1,165,568,946",100.00,102.50,99.50,101.00,-0.50,"6,263",
110/11/30,"18,993,936","1,945,471,610",102.50,103.50,102.00,102.00,+1.00,"5,314",
110/12/01,"14,130,066","1,453,835,361",101.00,104.50,100.50,104.00,+2.00,"6,361",
110/12/02,"20,591,668","2,164,804,741",105.00,106.50,103.50,105.00,+1.00,"10,349",
110/12/03,"26,853,221","2,901,553,246",107.00,110.00,106.00,109.00,+4.00,"12,647",
110/12/06,"17,670,869","1,882,246,474",108.50,108.50,106.00,106.00,-3.00,"10,342",
110/12/07,"16,026,710","1,676,180,407",106.50,107.00,103.50,104.00,-2.00,"9,944",
110/12/08,"18,826,875","2,020,415,570",108.00,109.00,106.00,107.00,+3.00,"8,594",
110/12/09,"22,312,053","2,334,204,231",105.00,105.50,104.00,104.50,-2.50,"10,477",
110/12/10,"13,168,212","1,367,650,195",104.00,105.00,103.00,103.00,-1.50,"7,329",
110/12/13,"9,928,466","1,021,866,658",104.00,104.50,102.00,102.50,-0.50,"5,963",
110/12/14,"11,642,615","1,187,736,003",101.50,103.00,101.00,102.00,-0.50,"5,736",
110/12/15,"10,867,739","1,107,729,402",102.00,102.50,101.50,101.50,-0.50,"5,008",
110/12/16,"16,479,549","1,689,385,803",103.00,103.50,101.00,103.50,+2.00,"7,065",
110/12/17,"17,312,447","1,769,129,183",101.50,103.50,101.50,102.00,-1.50,"5,746",
110/12/20,"7,986,258","812,739,604",102.00,103.00,101.00,101.50,-0.50,"4,298",
110/12/21,"7,894,940","807,311,592",102.00,103.00,101.50,102.00,+0.50,"4,014",
110/12/22,"4,022,820","414,613,453",103.00,103.50,102.50,103.00,+1.00,"2,723",
110/12/23,"10,213,398","1,064,194,079",104.00,105.50,103.50,103.50,+0.50,"5,276",
110/12/24,"10,515,224","1,102,694,231",104.00,105.50,103.50,105.00,+1.50,"6,856",
110/12/27,"7,274,768","763,105,902",105.00,105.50,104.00,105.00, 0.00,"4,489",
110/12/28,"7,925,423","838,742,795",106.50,106.50,105.50,105.50,+0.50,"4,393",
110/12/29,"6,550,574","696,758,658",106.50,107.00,106.00,106.00,+0.50,"4,160",
110/12/30,"7,619,542","809,947,244",106.00,107.00,105.50,106.50,+0.50,"4,158",
111/01/03,"9,976,670","1,060,091,862",107.00,107.50,105.00,105.50,-1.00,"4,314",
111/01/04,"14,057,802","1,499,210,557",106.00,107.50,105.50,107.00,+1.50,"6,906",
111/01/05,"32,174,103","3,520,470,284",107.00,112.00,106.50,111.00,+4.00,"18,304",
111/01/06,"18,197,295","1,979,848,314",110.00,110.00,107.50,108.50,-2.50,"13,377",
111/01/07,"14,917,419","1,593,759,531",109.50,110.00,105.00,106.50,-2.00,"9,630",
111/01/10,"8,353,791","882,063,175",105.50,106.50,105.00,106.00,-0.50,"4,796",
111/01/11,"12,542,932","1,336,277,458",107.00,107.50,105.50,106.50,+0.50,"4,457",
111/01/12,"8,740,831","934,258,890",107.00,107.50,106.50,107.00,+0.50,"4,161",
111/01/13,"9,893,785","1,041,063,409",107.00,107.00,104.00,105.00,-2.00,"7,098",
111/01/14,"13,436,976","1,412,139,877",105.50,106.00,104.00,105.50,+0.50,"5,555",
111/01/17,"14,083,416","1,509,558,843",106.50,108.50,106.00,108.00,+2.50,"6,882",
111/01/18,"13,613,301","1,477,219,473",109.50,110.50,107.00,107.50,-0.50,"6,703",
111/01/19,"14,161,160","1,492,781,818",106.00,107.00,104.50,105.00,-2.50,"8,122",
111/01/20,"9,052,864","951,465,783",104.00,106.00,103.50,105.50,+0.50,"3,689",
111/01/21,"24,833,579","2,536,156,907",104.00,104.50,101.00,101.50,-4.00,"12,875",
111/01/24,"12,239,583","1,245,449,197",101.00,103.00,100.50,101.50, 0.00,"6,173",
111/01/25,"23,643,224","2,352,103,465",99.50,100.50,98.30,100.00,-1.50,"13,220",
111/01/26,"14,082,085","1,394,752,283",98.90,99.70,98.60,98.80,-1.20,"11,394",
111/02/07,"22,852,579","2,292,532,135",100.50,102.50,99.10,100.00,+1.20,"9,912",
111/02/08,"18,352,921","1,834,271,508",99.60,101.00,99.30,100.00, 0.00,"6,945",
111/02/09,"17,134,646","1,739,162,820",101.00,102.50,100.00,102.00,+2.00,"7,197",
111/02/10,"18,157,309","1,877,667,514",103.50,104.50,102.50,103.50,+1.50,"6,814",
111/02/11,"33,631,329","3,497,201,197",104.50,106.00,102.00,103.00,-0.50,"12,940",
111/02/14,"16,199,323","1,622,181,926",101.00,101.00,99.80,100.00,-3.00,"8,437",
111/02/15,"8,819,311","884,679,878",100.50,101.00,99.80,100.00, 0.00,"4,422",
111/02/16,"15,851,176","1,627,569,081",102.50,103.50,102.00,102.50,+2.50,"6,391",
111/02/17,"14,310,087","1,486,336,914",103.00,105.00,103.00,104.00,+1.50,"8,017",
111/02/18,"12,537,011","1,298,928,556",102.00,104.50,102.00,104.00, 0.00,"5,101",
111/02/21,"11,990,686","1,253,075,116",103.00,105.50,103.00,105.00,+1.00,"5,516",
111/02/22,"15,371,604","1,581,700,515",103.50,105.00,102.00,103.00,-2.00,"6,220",
111/02/23,"12,309,510","1,258,069,210",103.50,103.50,101.50,102.00,-1.00,"5,602",
111/02/24,"25,869,789","2,586,719,854",100.00,101.50,99.10,99.70,-2.30,"12,773",
111/02/25,"20,163,734","2,011,076,598",101.00,101.00,99.10,99.30,-0.40,"8,747",
111/03/01,"16,494,690","1,688,659,809",100.50,103.50,100.00,103.00,+3.70,"7,521",
111/03/02,"8,131,723","831,562,344",102.50,103.00,101.50,102.50,-0.50,"3,950",
111/03/03,"13,152,007","1,356,815,299",103.50,104.00,102.00,103.50,+1.00,"6,816",
111/03/04,"9,535,509","974,089,545",101.50,103.00,101.50,102.00,-1.50,"4,526",
111/03/07,"34,672,998","3,385,298,113",99.90,99.90,96.50,97.60,-4.40,"21,347",
111/03/08,"21,368,493","2,059,174,859",96.00,97.50,95.50,96.10,-1.50,"15,375",
111/03/09,"11,166,025","1,094,174,806",97.10,98.60,97.00,98.20,+2.10,"9,288",
111/03/10,"11,197,606","1,123,341,898",100.50,101.00,99.90,100.50,+2.30,"6,203",
111/03/11,"13,761,444","1,385,445,221",100.50,101.50,100.00,100.50, 0.00,"8,697",
111/03/14,"12,839,933","1,307,700,296",101.50,102.50,101.00,102.00,+1.50,"5,562",
111/03/15,"12,013,252","1,196,158,780",101.00,101.00,98.60,98.90,-3.10,"9,660",
111/03/16,"10,845,471","1,080,173,824",100.00,100.50,99.00,99.80,+0.90,"6,185",
111/03/17,"22,679,484","2,337,034,461",102.00,104.00,101.50,103.50,+3.70,"11,101",
111/03/18,"16,948,252","1,772,751,991",103.50,105.00,103.50,104.50,+1.00,"8,567",
111/03/21,"8,008,511","843,427,177",105.00,106.00,104.00,105.00,+0.50,"5,292",
111/03/22,"8,264,246","862,058,297",105.00,105.50,103.50,104.50,-0.50,"4,493",
111/03/23,"10,196,337","1,071,498,218",105.00,105.50,104.50,105.50,+1.00,"5,606",
111/03/24,"13,556,451","1,419,258,520",104.00,105.50,103.50,105.00,-0.50,"6,244",
111/03/25,"13,581,018","1,420,845,538",105.50,105.50,104.00,104.50,-0.50,"4,348",
111/03/28,"14,150,900","1,452,583,788",103.50,103.50,101.50,103.50,-1.00,"5,949",
111/03/29,"6,328,063","651,289,938",103.00,103.50,102.00,103.50, 0.00,"4,200",
111/03/30,"11,912,508","1,241,500,984",104.50,105.00,103.50,104.50,+1.00,"5,935",
111/03/31,"7,372,804","765,174,838",104.50,104.50,103.00,103.50,-1.00,"2,813",
111/04/01,"10,519,709","1,078,912,253",102.50,103.50,101.50,103.50, 0.00,"5,702",
111/04/06,"15,220,847","1,543,634,103",101.00,102.00,100.50,102.00,-1.50,"7,160",
111/04/07,"15,990,700","1,608,302,725",101.00,102.00,99.80,99.80,-2.20,"13,310",
111/04/08,"10,841,757","1,084,862,023",100.50,100.50,99.70,100.50,+0.70,"5,860",
111/04/11,"14,481,389","1,428,060,230",100.50,100.50,97.50,97.90,-2.60,"14,272",
111/04/12,"16,374,437","1,584,756,523",97.10,97.90,96.40,96.60,-1.30,"12,626",
111/04/13,"8,138,988","800,975,996",97.70,99.10,97.40,99.10,+2.50,"8,875",
111/04/14,"7,530,005","752,432,011",100.00,100.50,99.50,99.50,+0.40,"5,380",
111/04/15,"5,944,583","582,073,723",98.20,98.40,97.50,97.90,-1.60,"6,334",
111/04/18,"4,616,767","451,438,388",97.70,98.10,97.10,97.90, 0.00,"4,093",
111/04/19,"6,575,376","647,633,962",98.70,99.40,98.10,98.10,+0.20,"4,628",
111/04/20,"9,117,448","898,444,640",98.40,99.40,97.90,99.20,+1.10,"7,182",
111/04/21,"6,179,462","613,706,072",99.00,99.70,98.80,99.50,+0.30,"4,918",
111/04/22,"6,188,288","610,740,549",98.60,99.40,97.90,99.10,-0.40,"5,277",
111/04/25,"17,472,081","1,667,501,274",97.30,97.30,94.50,94.60,-4.50,"13,970",
111/04/26,"7,463,969","710,074,021",95.30,95.50,94.80,95.00,+0.40,"4,694",
111/04/27,"15,624,430","1,431,220,914",91.80,92.30,90.70,91.80,-3.20,"9,885",
111/04/28,"16,503,005","1,537,228,668",92.50,94.80,91.90,93.00,+1.20,"8,392",
111/04/29,"26,688,490","2,582,940,048",97.70,98.90,95.10,95.60,+2.60,"14,309",
111/05/03,"8,344,945","798,285,665",95.80,96.10,95.20,95.90,+0.30,"6,189",
111/05/04,"6,042,765","582,465,689",96.10,96.70,95.70,96.60,+0.70,"3,703",
111/05/05,"13,783,180","1,356,238,841",97.80,99.00,97.70,98.60,+2.00,"8,119",
111/05/06,"9,473,597","908,066,437",95.80,96.30,95.40,95.90,-2.70,"12,725",
111/05/09,"10,613,332","1,000,954,420",94.40,94.80,93.80,94.10,-1.80,"7,449",
111/05/10,"7,579,012","714,988,259",93.40,95.40,92.60,95.40,+1.30,"4,955",
111/05/11,"6,459,449","617,562,545",94.20,96.20,94.20,96.20,+0.80,"4,475",
111/05/12,"10,585,572","993,571,385",94.60,95.00,93.00,93.00,-3.20,"10,919",
111/05/13,"8,494,339","798,929,911",93.50,94.50,93.50,94.30,+1.30,"4,702",
111/05/16,"6,016,282","572,072,753",95.70,96.20,94.00,94.70,+0.40,"5,192",
111/05/17,"13,277,751","1,285,374,450",95.50,97.90,95.00,97.30,+2.60,"7,709",
111/05/18,"18,795,730","1,829,868,233",98.40,98.90,96.50,96.90,-0.40,"14,019",
111/05/19,"10,835,035","1,037,797,172",95.50,96.20,95.10,95.70,-1.20,"9,591",
111/05/20,"8,051,493","781,435,136",96.60,97.50,96.10,97.50,+1.80,"5,232",
111/05/23,"6,493,889","633,868,175",98.50,98.70,97.00,97.50, 0.00,"4,193",
111/05/24,"7,577,275","736,780,042",97.70,97.90,96.50,96.60,-0.90,"5,986",
111/05/25,"10,779,589","1,056,942,635",96.60,98.80,96.40,98.20,+1.60,"6,654",
111/05/26,"10,679,595","1,053,767,185",98.80,99.30,97.90,98.60,+0.40,"6,226",
111/05/27,"15,900,641","1,595,815,612",99.50,101.50,98.90,101.00,+2.40,"9,613",
111/05/30,"12,221,463","1,251,330,476",102.00,103.00,101.00,103.00,+2.00,"7,969",
111/05/31,"31,069,400","3,227,495,309",103.00,104.50,101.50,104.50,+1.50,"7,516",
111/06/01,"9,936,046","1,028,256,174",103.50,104.50,102.50,103.00,-1.50,"5,117",
111/06/02,"10,940,013","1,137,228,120",102.50,105.00,102.00,104.00,+1.00,"5,997",
111/06/06,"10,831,994","1,129,178,191",105.00,105.00,103.00,104.50,+0.50,"4,767",
111/06/07,"10,548,971","1,088,024,435",105.00,105.00,102.50,102.50,-2.00,"7,553",
111/06/08,"13,187,652","1,373,037,371",103.50,105.00,102.50,104.00,+1.50,"6,570",
111/06/09,"11,034,964","1,152,151,772",103.50,105.00,103.00,105.00,+1.00,"5,527",
111/06/10,"10,728,022","1,127,021,872",104.00,106.00,103.00,105.00, 0.00,"6,919",
111/06/13,"13,730,337","1,401,322,393",102.50,103.00,101.00,102.00,-3.00,"6,930",
111/06/14,"11,343,476","1,148,056,788",100.00,102.50,100.00,102.00, 0.00,"6,485",
111/06/15,"14,551,119","1,464,643,630",101.50,102.50,100.00,100.00,-2.00,"12,820",
111/06/16,"11,268,697","1,150,673,869",102.50,103.50,100.50,101.00,+1.00,"4,417",
111/06/17,"21,133,797","2,067,805,500",98.80,99.40,97.10,97.50,-3.50,"16,649",
111/06/20,"9,193,002","892,928,011",97.50,98.20,96.20,96.20,-1.30,"4,935",
111/06/21,"9,463,039","935,098,992",97.80,99.50,97.00,99.40,+3.20,"5,136",
111/06/22,"13,467,560","1,313,226,025",100.00,100.00,96.10,96.40,-3.00,"11,633",
111/06/23,"10,562,932","1,012,823,495",97.60,97.70,94.80,95.40,-1.00,"7,325",
111/06/24,"39,116,372","3,638,999,399",94.10,95.00,90.70,92.00,-3.40,"22,269",
111/06/27,"16,934,800","1,591,119,317",93.50,94.60,93.10,94.30,+2.30,"7,051",
111/06/28,"34,040,569","3,110,476,779",94.80,94.80,90.70,91.00,-3.30,"15,017",
111/06/29,"68,271,993","5,533,686,319",82.90,82.90,79.00,79.10,X0.00,"29,729",
111/06/30,"42,232,159","3,246,017,572",79.10,79.40,75.60,76.40,-2.70,"18,506",
111/07/01,"19,976,993","1,510,814,362",77.00,77.80,74.40,74.50,-1.90,"12,515",
111/07/04,"20,039,725","1,479,684,386",74.10,74.70,73.20,74.00,-0.50,"9,274",
111/07/05,"12,753,560","947,665,015",75.70,76.30,73.00,74.80,+0.80,"8,216",
111/07/06,"12,043,969","886,937,709",75.50,75.60,72.90,73.10,-1.70,"8,404",
111/07/07,"14,746,512","1,086,330,966",73.60,75.20,71.40,74.60,+1.50,"9,143",
111/07/08,"9,419,265","715,788,376",75.70,76.70,75.20,76.10,+1.50,"8,141",
111/07/11,"6,307,559","479,178,394",76.80,77.00,75.40,75.80,-0.30,"5,608",
111/07/12,"7,963,606","587,426,540",74.60,74.70,73.10,73.80,-2.00,"5,354",
111/07/13,"9,595,875","727,887,355",75.70,76.40,75.20,76.20,+2.40,"5,057",
111/07/14,"13,239,180","1,030,744,363",75.90,78.90,75.40,78.40,+2.20,"8,582",
111/07/15,"11,478,822","907,178,365",78.50,79.50,78.00,79.20,+0.80,"8,794",
111/07/18,"13,342,698","1,074,592,632",79.40,81.60,79.00,81.10,+1.90,"9,189",
111/07/19,"9,767,642","802,239,014",80.40,82.70,80.10,82.60,+1.50,"8,912",
111/07/20,"12,256,005","1,026,661,182",83.50,84.50,82.80,83.40,+0.80,"12,669",
111/07/21,"12,165,644","1,031,025,882",83.70,85.70,83.70,85.70,+2.30,"7,366",
111/07/22,"10,999,315","936,730,871",85.80,85.90,84.60,85.20,-0.50,"12,343",
111/07/25,"5,856,762","496,712,336",84.90,85.40,84.20,84.60,-0.60,"5,489",
111/07/26,"6,574,917","552,583,953",84.90,84.90,83.50,83.70,-0.90,"6,274",
111/07/27,"8,081,504","678,104,763",84.10,85.10,82.60,85.10,+1.40,"7,577",
111/07/28,"19,829,985","1,723,078,300",86.60,87.80,85.60,87.80,+2.70,"10,771",
111/07/29,"18,911,994","1,635,906,358",86.80,87.30,86.00,86.40,-1.40,"18,550",
111/08/01,"6,663,254","572,065,089",86.20,86.50,85.10,86.30,-0.10,"4,002",
111/08/02,"8,331,317","705,886,055",85.70,85.80,84.10,84.50,-1.80,"6,482",
111/08/03,"9,529,216","810,975,429",84.40,86.00,83.60,86.00,+1.50,"6,312",
111/08/04,"14,449,321","1,260,736,634",87.40,87.70,86.10,87.40,+1.40,"9,046",
111/08/05,"7,221,452","635,789,368",88.30,88.50,87.50,88.20,+0.80,"6,314",
111/08/08,"4,485,429","393,446,518",88.00,88.00,87.30,87.90,-0.30,"6,644",
111/08/09,"6,597,921","576,973,496",88.00,88.10,86.80,87.70,-0.20,"8,182",
111/08/10,"12,050,874","1,045,200,409",86.60,87.10,86.20,87.00,-0.70,"8,853",
111/08/11,"9,577,329","855,310,367",89.20,89.70,88.80,89.50,+2.50,"5,710",
111/08/12,"7,459,109","667,597,625",89.50,89.80,89.10,89.50, 0.00,"5,091",
111/08/15,"8,789,627","795,241,836",90.00,91.00,90.00,90.50,+1.00,"5,720",
111/08/16,"4,784,850","433,308,616",90.90,90.90,90.20,90.70,+0.20,"3,091",
111/08/17,"6,056,024","547,641,092",90.20,90.70,90.10,90.60,-0.10,"4,383",
111/08/18,"6,963,397","621,827,515",89.80,89.80,88.70,89.40,-1.20,"8,521",
111/08/19,"7,189,032","644,935,941",89.40,90.00,89.10,90.00,+0.60,"4,991",
111/08/22,"5,597,507","496,746,450",89.10,89.10,88.30,88.70,-1.30,"4,698",
111/08/23,"11,724,594","1,015,609,249",88.00,88.00,86.10,86.60,-2.10,"6,603",
111/08/24,"6,720,823","581,577,812",87.00,87.30,85.70,86.20,-0.40,"3,906",
111/08/25,"5,339,344","461,848,374",86.60,86.80,86.10,86.40,+0.20,"2,980",
111/08/26,"7,215,090","633,167,355",87.40,88.20,87.30,87.50,+1.10,"4,123",
111/08/29,"10,432,299","879,676,333",85.00,85.10,83.70,84.40,-3.10,"6,407",
111/08/30,"7,962,295","674,033,784",84.00,85.40,84.00,84.60,+0.20,"4,593",
111/08/31,"12,852,439","1,093,442,369",84.20,85.60,84.10,85.40,+0.80,"4,097",
111/09/01,"10,593,491","886,233,160",83.90,84.80,83.10,83.90,-1.50,"6,433",
111/09/02,"8,437,396","701,362,741",83.70,83.70,82.70,82.70,-1.20,"4,745",
111/09/05,"5,467,058","450,650,014",82.80,83.40,82.00,82.30,-0.40,"3,133",
111/09/06,"4,374,772","360,852,974",83.20,83.30,82.20,82.40,+0.10,"2,906",
111/09/07,"9,461,114","758,691,018",81.30,81.40,79.50,80.20,-2.20,"6,635",
111/09/08,"9,327,792","763,599,950",81.20,82.50,81.00,82.10,+1.90,"5,342",
111/09/12,"11,822,915","982,505,973",83.50,83.60,81.90,83.00,+0.90,"4,855",
111/09/13,"16,333,016","1,399,632,099",84.00,86.70,84.00,85.90,+2.90,"9,595",
111/09/14,"22,898,426","1,892,838,581",83.00,83.10,82.20,82.70,-3.20,"13,753",
111/09/15,"12,337,247","1,026,624,528",82.80,83.70,82.30,83.20,+0.50,"6,947",
111/09/16,"20,596,364","1,720,323,702",82.60,84.20,82.60,83.60,+0.40,"8,717",
111/09/19,"14,602,790","1,233,533,435",84.50,85.10,84.00,84.30,+0.70,"8,356",
111/09/20,"9,892,801","840,314,428",85.00,85.40,84.40,85.40,+1.10,"5,328",
111/09/21,"8,042,107","683,691,233",84.80,85.60,84.70,84.90,-0.50,"5,346",
111/09/22,"8,701,719","733,884,576",84.30,84.90,83.70,84.60,-0.30,"5,600",
111/09/23,"6,869,292","581,164,179",84.60,85.50,84.00,84.00,-0.60,"4,790",
111/09/26,"15,395,211","1,259,015,146",82.80,84.10,80.50,81.30,-2.70,"8,984",
111/09/27,"9,131,574","741,733,122",82.00,82.10,80.70,81.10,-0.20,"4,810",
111/09/28,"12,632,177","1,001,684,799",81.50,81.80,78.20,78.20,-2.90,"7,942",
111/09/29,"11,878,455","943,373,757",80.00,80.70,78.50,78.90,+0.70,"6,449",
111/09/30,"13,604,012","1,080,493,885",78.10,80.40,77.70,80.10,+1.20,"5,469",
111/10/03,"16,185,666","1,262,411,947",78.90,79.30,77.10,77.10,-3.00,"9,676",
111/10/04,"13,458,695","1,066,336,162",78.70,80.00,78.30,79.80,+2.70,"6,418",
111/10/05,"21,662,993","1,781,644,489",82.00,83.50,81.30,81.90,+2.10,"10,795",
111/10/06,"12,345,798","1,019,935,192",82.60,83.00,82.00,82.80,+0.90,"5,901",
111/10/07,"9,985,575","818,795,089",82.10,82.70,81.30,82.00,-0.80,"6,071",
111/10/11,"30,297,562","2,291,966,632",78.00,78.00,74.60,74.60,-7.40,"18,874",
111/10/12,"20,976,848","1,538,717,398",73.70,74.60,72.50,73.20,-1.40,"13,208",
111/10/13,"17,183,778","1,246,456,266",73.30,74.10,71.50,72.40,-0.80,"9,715",
111/10/14,"16,191,423","1,221,234,411",74.40,76.20,74.40,75.80,+3.40,"9,466",
111/10/17,"12,957,210","975,072,394",74.60,76.30,74.20,76.20,+0.40,"6,450",
111/10/18,"22,542,582","1,712,825,497",77.50,77.80,75.00,76.10,-0.10,"10,139",
111/10/19,"12,228,866","921,553,817",75.30,76.10,74.70,74.90,-1.20,"6,711",
111/10/20,"19,824,975","1,493,350,592",73.90,76.20,73.80,76.00,+1.10,"6,089",
111/10/21,"11,259,389","862,561,776",76.00,77.40,75.50,76.30,+0.30,"5,649",
111/10/24,"10,772,045","839,358,204",77.90,78.40,77.50,77.70,+1.40,"5,855",
111/10/25,"14,580,513","1,121,888,477",78.00,78.00,75.90,77.30,-0.40,"6,209",
111/10/26,"9,378,531","724,924,782",77.60,77.90,76.60,76.90,-0.40,"4,971",
111/10/27,"10,921,788","854,136,261",77.40,78.80,77.10,78.70,+1.80,"5,467",
111/10/28,"17,573,476","1,404,621,750",79.00,80.70,78.30,80.70,+2.00,"9,170",
111/10/31,"13,695,554","1,095,724,369",81.00,81.20,78.70,80.40,-0.30,"8,981",
111/11/01,"7,941,201","634,932,629",79.90,80.50,79.20,80.00,-0.40,"4,908",
111/11/02,"7,624,453","610,482,026",80.60,80.60,79.40,80.00, 0.00,"4,215",
111/11/03,"10,077,517","797,478,721",78.30,79.70,78.30,79.50,-0.50,"4,999",
111/11/04,"8,023,250","641,958,366",79.00,80.90,78.80,80.50,+1.00,"4,060",
111/11/07,"19,519,511","1,628,876,051",82.50,84.50,81.90,84.50,+4.00,"10,386",
111/11/08,"11,643,952","982,490,755",85.00,85.00,83.90,84.40,-0.10,"7,545",
111/11/09,"16,103,251","1,390,053,937",85.30,86.80,85.30,86.80,+2.40,"8,733",
111/11/10,"7,384,370","635,568,014",85.80,86.70,85.50,86.50,-0.30,"5,461",
111/11/11,"24,810,026","2,245,896,403",90.80,91.70,88.80,90.40,+3.90,"14,896",
111/11/14,"16,350,682","1,498,976,904",91.50,92.30,91.10,91.70,+1.30,"13,059",
111/11/15,"20,371,160","1,882,075,057",91.10,93.30,91.00,92.80,+1.10,"11,041",
111/11/16,"17,692,153","1,652,680,401",92.60,94.20,92.30,93.60,+0.80,"11,371",
111/11/17,"9,168,665","851,459,380",92.50,93.50,92.00,93.50,-0.10,"6,510",
111/11/18,"12,535,502","1,185,087,426",94.40,94.90,93.70,94.90,+1.40,"7,322",
111/11/21,"8,263,351","779,854,447",95.50,95.50,93.60,94.20,-0.70,"5,444",
111/11/22,"8,025,294","756,941,160",94.30,94.80,93.20,94.80,+0.60,"4,750",
111/11/23,"9,040,282","865,420,137",95.50,96.00,95.30,95.80,+1.00,"5,960",
111/11/24,"7,076,106","679,703,558",96.50,96.70,95.40,96.40,+0.60,"8,463",
111/11/25,"10,453,961","1,005,338,237",96.00,96.60,95.30,96.10,-0.30,"6,927",
111/11/28,"5,952,811","564,139,843",94.40,95.40,94.10,94.60,-1.50,"4,785",
111/11/29,"6,227,824","590,227,099",94.70,95.50,93.60,95.40,+0.80,"4,487",
111/11/30,"13,641,627","1,320,148,184",96.40,97.20,95.10,97.20,+1.80,"5,986",
111/12/01,"25,638,964","2,571,493,463",99.00,102.00,98.70,101.50,+4.30,"14,275",
111/12/02,"11,929,118","1,199,012,408",100.00,101.00,99.80,101.00,-0.50,"5,244",
111/12/05,"12,260,584","1,243,800,849",101.50,102.50,100.00,101.00, 0.00,"6,602",
111/12/06,"8,735,192","874,377,253",100.50,101.00,99.10,99.70,-1.30,"5,760",
111/12/07,"16,323,419","1,622,314,242",99.70,100.50,98.40,99.00,-0.70,"7,901",
111/12/08,"11,521,712","1,118,718,178",99.00,99.30,96.10,97.00,-2.00,"21,780",
111/12/09,"13,184,909","1,305,875,458",98.30,99.60,98.10,99.50,+2.50,"8,190",
111/12/12,"11,332,812","1,110,270,001",99.00,99.20,97.30,98.10,-1.40,"11,973",
111/12/13,"16,942,887","1,638,271,612",98.50,98.70,95.80,96.30,-1.80,"31,893",
111/12/14,"16,460,360","1,598,674,979",96.70,98.00,96.20,98.00,+1.70,"12,555",
111/12/15,"13,009,727","1,271,887,018",97.00,98.50,96.30,98.20,+0.20,"6,979",
111/12/16,"26,614,188","2,567,632,026",96.40,97.50,96.10,96.20,-2.00,"15,420",
111/12/19,"22,989,494","2,197,369,298",95.10,96.30,94.90,95.80,-0.40,"10,975",
111/12/20,"24,962,587","2,345,162,920",94.60,95.20,93.30,93.50,-2.30,"11,261",
111/12/21,"21,833,740","2,076,683,700",93.50,95.50,93.50,95.30,+1.80,"8,137",
111/12/22,"23,120,001","2,233,662,707",95.90,97.30,95.40,97.30,+2.00,"10,470",
111/12/23,"11,869,641","1,114,083,301",95.30,95.30,93.40,93.80,-3.50,"8,822",
111/12/26,"3,654,377","342,256,331",93.80,94.00,93.00,94.00,+0.20,"2,357",
111/12/27,"3,642,219","344,435,527",94.50,94.90,94.20,94.50,+0.50,"2,436",
111/12/28,"5,060,834","473,628,963",93.70,94.30,93.20,93.50,-1.00,"3,292",
111/12/29,"4,744,988","440,912,266",92.60,93.80,92.10,93.80,+0.30,"2,931",
111/12/30,"4,331,987","407,658,718",94.60,94.80,93.80,93.90,+0.10,"2,101",
112/01/03,"7,290,490","684,130,154",93.30,94.80,92.30,94.60,+0.70,"4,431",
112/01/04,"4,799,326","450,846,381",94.00,94.50,93.70,93.70,-0.90,"3,540",
112/01/05,"9,171,903","869,166,075",94.50,95.90,94.20,94.60,+0.90,"4,629",
112/01/06,"15,827,922","1,520,917,040",95.00,97.00,94.60,96.80,+2.20,"8,379",
112/01/09,"19,969,817","1,994,271,181",99.40,101.00,98.50,101.00,+4.20,"13,309",
112/01/10,"13,759,427","1,391,507,951",101.00,101.50,100.50,101.50,+0.50,"8,103",
112/01/11,"11,623,546","1,174,470,626",101.50,102.00,100.50,100.50,-1.00,"5,275",
112/01/12,"8,909,848","898,378,122",101.00,101.50,100.00,101.00,+0.50,"7,180",
112/01/13,"10,443,305","1,056,918,890",101.50,102.00,100.50,101.00, 0.00,"5,724",
112/01/16,"5,054,884","510,929,991",101.50,101.50,100.50,101.00, 0.00,"3,040",
112/01/17,"9,199,931","932,516,026",101.00,101.50,100.50,101.50,+0.50,"4,589",
112/01/30,"26,417,108","2,766,238,869",106.00,106.00,103.50,105.00,+3.50,"12,380",
112/01/31,"19,693,328","1,987,782,417",104.00,104.00,100.00,100.00,-5.00,"15,375",
112/02/01,"14,739,283","1,485,812,606",101.00,102.00,99.30,102.00,+2.00,"8,448",
112/02/02,"19,590,341","2,025,008,655",103.00,104.50,102.00,103.00,+1.00,"7,898",
112/02/03,"27,897,010","2,936,207,371",103.50,106.00,102.50,106.00,+3.00,"12,603",
112/02/06,"10,555,691","1,094,507,317",104.50,105.00,102.50,103.50,-2.50,"5,515",
112/02/07,"9,382,779","972,119,733",104.00,104.50,103.00,103.50, 0.00,"4,367",
112/02/08,"10,833,699","1,141,591,849",104.00,106.00,104.00,106.00,+2.50,"5,619",
112/02/09,"17,813,034","1,891,688,171",104.50,107.00,104.50,106.00, 0.00,"7,560",
112/02/10,"20,085,819","2,120,263,906",106.50,107.50,104.00,106.00, 0.00,"7,087",
112/02/13,"10,890,587","1,130,203,043",105.00,105.50,103.00,104.00,-2.00,"5,332",
112/02/14,"14,474,710","1,501,320,174",104.50,105.00,102.50,104.50,+0.50,"5,340",
112/02/15,"12,560,725","1,309,760,261",104.00,105.00,103.50,104.50, 0.00,"5,618",
112/02/16,"11,023,824","1,151,326,784",105.00,105.50,104.00,104.00,-0.50,"4,925",
112/02/17,"11,149,698","1,141,306,216",103.50,104.00,102.00,102.00,-2.00,"4,151",
112/02/20,"9,596,780","982,801,074",101.50,103.00,101.50,103.00,+1.00,"5,136",
112/02/21,"5,530,215","566,379,436",103.00,103.00,102.00,102.50,-0.50,"3,342",
112/02/22,"8,309,714","848,290,298",101.50,103.00,101.00,102.50, 0.00,"3,724",
112/02/23,"12,007,622","1,243,222,518",103.00,104.50,102.00,103.50,+1.00,"5,093",
112/02/24,"26,117,843","2,773,176,539",104.50,107.50,104.00,106.00,+2.50,"11,133",
112/03/01,"9,510,377","1,004,798,570",104.50,106.50,104.50,106.00, 0.00,"5,519",
112/03/02,"13,995,710","1,503,657,101",106.00,108.50,105.50,108.00,+2.00,"7,671",
112/03/03,"7,394,559","798,263,036",108.00,109.00,107.00,108.00, 0.00,"3,836",
112/03/06,"6,938,581","754,240,798",109.00,109.00,108.00,109.00,+1.00,"5,112",
112/03/07,"14,411,314","1,586,521,437",109.00,111.00,108.00,110.50,+1.50,"6,886",
112/03/08,"7,886,534","861,885,596",109.50,110.00,108.50,109.50,-1.00,"3,823",
112/03/09,"6,514,005","711,792,055",110.00,110.50,108.00,109.00,-0.50,"3,374",
112/03/10,"9,975,784","1,066,242,243",107.50,107.50,106.00,107.00,-2.00,"5,856",
112/03/13,"10,397,040","1,118,381,678",106.00,109.00,106.00,108.50,+1.50,"4,954",
112/03/14,"17,203,402","1,856,946,631",108.00,110.00,106.50,107.00,-1.50,"8,160",
112/03/15,"14,883,730","1,613,175,638",108.50,110.00,107.50,108.50,+1.50,"6,488",
112/03/16,"9,365,443","1,005,043,905",108.00,108.50,106.50,108.00,-0.50,"4,063",
112/03/17,"18,700,902","2,037,784,772",109.50,110.00,107.50,109.50,+1.50,"4,506",
112/03/20,"10,686,224","1,163,088,989",109.00,109.50,108.00,109.50, 0.00,"4,148",
112/03/21,"10,377,253","1,116,880,008",110.00,110.50,106.50,107.00,-2.50,"5,726",
112/03/22,"12,485,009","1,351,756,976",108.00,109.00,107.00,109.00,+2.00,"6,820",
112/03/23,"12,381,422","1,360,237,163",109.00,111.00,108.50,110.50,+1.50,"6,400",
112/03/24,"12,924,350","1,432,101,882",111.00,111.50,110.00,111.00,+0.50,"5,859",
112/03/27,"12,035,207","1,319,158,652",111.00,111.00,108.50,109.00,-2.00,"7,042",
112/03/28,"12,220,446","1,338,649,477",109.00,110.00,108.50,109.50,+0.50,"5,004",
112/03/29,"16,802,078","1,872,192,937",110.00,112.50,109.50,111.50,+2.00,"8,758",
112/03/30,"13,796,791","1,550,769,874",113.00,113.00,111.50,112.50,+1.00,"6,367",
112/03/31,"19,517,221","2,201,446,472",113.50,114.50,111.50,112.50, 0.00,"9,873",
112/04/06,"11,188,358","1,257,335,889",113.00,113.00,112.00,112.50, 0.00,"6,607",
112/04/07,"9,549,199","1,058,804,947",113.00,113.00,110.00,110.50,-2.00,"5,996",
112/04/10,"12,766,099","1,389,881,491",110.00,110.50,108.00,109.00,-1.50,"8,384",
112/04/11,"11,051,528","1,202,653,421",109.00,109.50,108.00,109.00, 0.00,"5,102",
112/04/12,"15,803,458","1,718,295,758",109.00,110.00,107.50,109.00, 0.00,"6,759",
112/04/13,"39,740,560","4,152,871,743",107.00,107.50,103.00,103.50,-5.50,"21,365",
112/04/14,"14,230,173","1,497,709,106",104.50,106.00,103.50,105.50,+2.00,"7,528",
112/04/17,"6,549,994","692,494,193",105.50,106.50,104.50,106.00,+0.50,"3,515",
112/04/18,"5,967,014","630,313,381",106.00,106.50,105.00,105.50,-0.50,"3,483",
112/04/19,"11,251,951","1,169,705,446",105.50,105.50,103.00,103.50,-2.00,"7,646",
112/04/20,"11,745,035","1,217,895,467",102.50,104.50,102.50,103.50, 0.00,"4,627",
112/04/21,"19,738,692","2,030,414,469",102.50,104.00,102.50,102.50,-1.00,"8,469",
112/04/24,"10,552,850","1,079,691,783",102.00,103.00,102.00,102.00,-0.50,"5,058",
112/04/25,"10,444,150","1,063,208,331",103.00,103.00,101.00,101.50,-0.50,"7,201",
112/04/26,"18,181,769","1,820,104,581",100.50,101.00,99.20,100.50,-1.00,"11,675",
112/04/27,"11,117,510","1,121,415,670",100.00,102.00,99.80,101.00,+0.50,"5,640",
112/04/28,"15,262,375","1,536,115,100",100.00,101.50,99.90,101.00, 0.00,"6,882",
112/05/02,"13,169,531","1,325,924,398",101.00,102.00,99.50,100.50,-0.50,"7,238",
112/05/03,"12,102,383","1,220,994,490",101.00,102.00,100.00,101.50,+1.00,"5,693",
112/05/04,"9,845,614","1,010,580,467",101.50,103.50,101.00,103.00,+1.50,"4,686",
112/05/05,"3,634,424","375,296,786",103.50,104.00,103.00,103.00, 0.00,"2,334",
112/05/08,"5,299,823","550,851,526",103.50,104.50,103.00,104.00,+1.00,"3,049",
112/05/09,"6,401,427","667,091,729",104.00,105.00,103.00,104.50,+0.50,"3,700",
112/05/10,"10,108,345","1,037,250,031",104.00,104.00,102.00,102.50,-2.00,"5,936",
112/05/11,"5,165,418","533,836,126",103.00,104.00,102.50,103.50,+1.00,"3,047",
112/05/12,"10,708,388","1,100,197,353",102.50,103.50,102.00,103.00,-0.50,"4,485",
112/05/15,"6,834,240","704,195,571",102.50,103.50,102.50,103.00, 0.00,"3,570",
112/05/16,"11,984,824","1,249,706,468",104.00,105.00,103.50,104.00,+1.00,"6,205",
112/05/17,"17,347,476","1,834,646,098",104.50,106.50,104.00,105.50,+1.50,"8,894",
112/05/18,"21,736,309","2,357,698,424",107.00,110.00,107.00,109.00,+3.50,"12,453",
112/05/19,"9,749,021","1,063,352,231",109.50,109.50,108.00,109.00, 0.00,"5,691",
112/05/22,"16,689,505","1,834,728,615",109.50,110.50,108.50,110.00,+1.00,"8,276",
112/05/23,"13,643,989","1,501,308,151",110.00,111.00,108.00,110.00, 0.00,"5,651",
112/05/24,"17,089,121","1,856,630,945",109.00,109.50,108.00,108.50,-1.50,"9,386",
112/05/25,"39,489,844","4,332,945,104",110.00,112.00,108.50,108.50, 0.00,"9,454",
112/05/26,"42,183,475","4,662,480,379",109.00,111.50,109.00,110.50,+2.00,"14,102",
112/05/29,"35,991,828","3,943,385,469",112.00,112.00,108.50,109.00,-1.50,"13,402",
112/05/30,"36,148,027","4,031,019,604",109.50,113.00,109.00,111.50,+2.50,"12,555",
112/05/31,"42,194,485","4,706,679,449",110.50,112.50,110.50,111.50, 0.00,"6,330",
112/06/01,"12,924,520","1,446,538,554",111.50,112.50,111.00,112.00,+0.50,"5,471",
112/06/02,"36,343,170","4,208,527,788",114.00,117.00,113.50,116.50,+4.50,"14,723",
112/06/05,"21,796,969","2,541,043,767",118.00,119.00,115.50,116.50, 0.00,"9,376",
112/06/06,"41,303,758","4,956,100,833",117.00,122.00,116.00,121.50,+5.00,"17,346",
112/06/07,"43,029,977","5,379,978,057",124.00,127.50,123.00,125.00,+3.50,"20,804",
112/06/08,"18,537,880","2,284,234,976",123.50,125.00,122.00,122.50,-2.50,"10,301",
112/06/09,"20,404,110","2,548,544,596",124.50,126.50,123.00,126.00,+3.50,"9,685",
112/06/12,"18,984,185","2,385,950,607",127.00,127.00,124.50,125.50,-0.50,"8,649",
112/06/13,"22,003,234","2,804,718,392",127.00,128.00,126.00,128.00,+2.50,"10,617",
112/06/14,"18,074,145","2,263,939,962",126.50,127.00,124.50,124.50,-3.50,"11,183",
112/06/15,"13,960,906","1,759,761,188",125.00,127.50,125.00,126.50,+2.00,"6,974",
112/06/16,"14,470,505","1,811,216,674",125.00,126.00,124.00,125.50,-1.00,"6,291",
112/06/19,"9,263,980","1,169,684,348",125.00,127.00,124.50,126.50,+1.00,"5,536",
112/06/20,"10,051,982","1,270,835,556",126.50,127.50,125.00,126.50, 0.00,"4,767",
112/06/21,"11,745,793","1,484,392,178",125.50,127.00,125.50,126.50, 0.00,"6,193",
112/06/26,"21,322,724","2,681,169,023",125.50,127.00,124.00,126.00,-0.50,"7,424",
112/06/27,"33,110,538","4,118,465,576",126.00,126.00,122.00,124.00,-2.00,"8,760",
112/06/28,"23,979,355","2,957,180,217",122.50,124.50,121.50,124.00, 0.00,"7,382",
112/06/29,"24,174,883","2,962,360,306",124.00,124.00,121.50,122.50,-1.50,"8,814",
112/06/30,"43,832,361","4,931,135,977",113.50,113.50,109.00,110.50,X0.00,"12,540",
112/07/03,"20,227,829","2,230,468,063",111.00,112.00,109.50,111.00,+0.50,"11,681",
112/07/04,"16,598,637","1,835,491,909",110.50,111.50,109.50,111.00, 0.00,"7,275",
112/07/05,"12,598,383","1,402,788,910",110.50,112.50,110.50,111.50,+0.50,"6,556",
112/07/06,"16,720,512","1,825,643,992",110.50,111.00,108.00,108.50,-3.00,"9,567",
112/07/07,"20,322,070","2,215,622,785",109.00,109.50,108.00,109.00,+0.50,"8,572",
112/07/10,"17,434,182","1,891,771,968",109.00,111.00,107.50,108.00,-1.00,"8,231",
112/07/11,"15,952,565","1,747,229,883",109.50,111.00,108.50,109.50,+1.50,"6,740",
112/07/12,"18,198,728","1,977,742,618",109.50,110.00,107.00,110.00,+0.50,"8,016",
112/07/13,"14,108,179","1,562,245,048",112.00,112.00,110.00,110.00, 0.00,"7,884",
112/07/14,"20,258,640","2,314,630,992",111.00,116.00,111.00,115.00,+5.00,"12,155",
112/07/17,"19,330,700","2,225,935,375",116.50,116.50,114.00,115.00, 0.00,"11,413",
112/07/18,"23,143,059","2,666,530,875",117.00,118.00,113.00,116.00,+1.00,"12,918",
112/07/19,"16,730,252","1,906,025,266",116.00,116.50,112.50,112.50,-3.50,"10,680",
112/07/20,"10,713,825","1,209,410,969",112.50,114.00,111.50,113.50,+1.00,"6,753",
112/07/21,"19,571,553","2,159,481,864",110.00,111.50,109.00,110.50,-3.00,"11,494",
112/07/24,"10,047,335","1,112,441,423",111.00,111.50,110.00,110.50, 0.00,"4,501",
112/07/25,"16,262,667","1,862,775,894",112.00,116.50,111.50,114.50,+4.00,"8,557",
112/07/26,"8,171,382","930,833,409",115.50,116.00,113.00,113.50,-1.00,"4,697",
112/07/27,"11,871,077","1,342,669,290",112.50,114.00,111.50,114.00,+0.50,"5,959",
112/07/28,"28,371,729","3,332,301,556",116.00,119.00,115.50,117.50,+3.50,"16,742",
112/07/31,"23,313,210","2,692,462,543",118.00,118.50,114.00,114.50,-3.00,"10,766",
112/08/01,"19,842,630","2,254,040,245",114.50,115.50,112.00,114.00,-0.50,"11,109",
112/08/02,"24,601,863","2,726,566,498",112.50,113.00,109.50,110.50,-3.50,"13,831",
112/08/04,"12,509,330","1,368,564,281",109.50,111.00,108.50,109.00,-1.50,"7,560",
112/08/07,"5,088,307","562,353,257",109.00,111.50,108.50,111.50,+2.50,"3,183",
112/08/08,"10,041,596","1,097,429,638",111.50,111.50,108.50,109.00,-2.50,"6,046",
112/08/09,"11,429,727","1,261,801,723",109.00,111.50,109.00,111.00,+2.00,"5,027",
112/08/10,"19,747,314","2,176,058,907",110.50,111.00,109.00,111.00, 0.00,"4,969",
112/08/11,"8,392,456","929,105,899",110.50,112.00,110.00,110.50,-0.50,"3,647",
112/08/14,"8,657,107","949,672,929",110.00,111.00,109.00,109.50,-1.00,"3,826",
112/08/15,"11,101,013","1,223,626,513",110.50,111.50,109.00,110.00,+0.50,"5,489",
112/08/16,"11,566,210","1,247,462,808",109.00,109.50,107.00,108.00,-2.00,"7,639",
112/08/17,"14,322,782","1,527,951,257",106.00,109.00,104.00,108.50,+0.50,"7,391",
112/08/18,"8,135,184","872,707,966",108.00,108.50,106.50,107.00,-1.50,"4,765",
112/08/21,"5,196,161","557,452,510",107.50,108.00,106.50,108.00,+1.00,"4,053",
112/08/22,"6,431,141","697,174,952",108.50,109.50,107.50,108.50,+0.50,"3,219",
112/08/23,"4,366,110","476,444,481",107.50,109.50,107.50,109.50,+1.00,"3,028",
112/08/24,"16,810,682","1,895,290,130",111.00,114.00,111.00,113.00,+3.50,"8,832",
112/08/25,"39,232,639","4,561,917,303",111.00,118.00,111.00,116.50,+3.50,"18,161",
112/08/28,"37,165,127","4,484,758,582",121.00,124.50,117.00,119.00,+2.50,"22,084",
112/08/29,"19,687,306","2,310,729,975",119.00,119.50,116.00,117.50,-1.50,"11,802",
112/08/30,"18,359,728","2,187,521,277",119.00,121.00,118.00,120.00,+2.50,"8,649",
112/08/31,"19,007,667","2,240,664,996",119.00,119.50,116.50,118.00,-2.00,"7,308",
112/09/01,"4,294,060","507,314,887",118.00,118.50,117.50,118.50,+0.50,"3,124",
112/09/04,"8,537,020","1,002,105,657",118.50,118.50,116.00,118.00,-0.50,"5,403",
112/09/05,"9,916,916","1,164,033,466",117.00,119.00,115.50,118.50,+0.50,"5,256",
112/09/06,"11,349,761","1,343,830,234",118.50,119.50,117.00,118.00,-0.50,"5,774",
112/09/07,"8,898,465","1,054,483,360",117.00,119.50,117.00,118.50,+0.50,"4,209",
112/09/08,"13,351,696","1,544,491,311",117.00,117.50,114.00,116.50,-2.00,"6,565",
112/09/11,"15,969,459","1,821,861,255",116.00,116.50,113.00,113.50,-3.00,"7,683",
112/09/12,"13,364,085","1,540,435,627",114.50,116.00,114.00,115.50,+2.00,"5,798",
112/09/13,"20,217,408","2,281,934,748",115.50,115.50,111.50,112.50,-3.00,"10,348",
112/09/14,"10,224,966","1,175,939,982",113.50,116.00,113.50,115.50,+3.00,"5,516",
112/09/15,"14,514,782","1,690,870,620",115.50,117.50,115.00,116.00,+0.50,"5,238",
112/09/18,"8,967,051","1,023,496,599",114.00,115.50,113.50,113.50,-2.50,"5,139",
112/09/19,"6,323,243","725,021,461",113.50,115.50,113.50,114.00,+0.50,"4,299",
112/09/20,"10,826,818","1,241,447,572",115.00,116.00,113.50,114.50,+0.50,"4,768",
112/09/21,"12,231,216","1,376,530,160",113.50,114.00,111.50,112.00,-2.50,"6,761",
112/09/22,"9,049,171","1,012,463,741",111.00,113.00,110.50,112.00, 0.00,"4,878",
112/09/25,"9,411,882","1,060,021,715",112.50,114.00,111.50,112.50,+0.50,"5,407",
112/09/26,"16,530,308","1,815,206,591",111.50,111.50,108.50,109.00,-3.50,"11,660",
112/09/27,"12,112,716","1,318,717,320",107.50,110.00,107.50,109.50,+0.50,"6,604",
112/09/28,"8,856,747","969,353,166",109.50,110.00,109.00,109.50, 0.00,"4,239",
112/10/02,"5,348,234","593,484,958",110.50,111.50,110.00,111.00,+1.50,"3,603",
112/10/03,"4,598,381","508,912,872",110.50,111.50,110.00,110.50,-0.50,"3,132",
112/10/04,"8,610,714","942,653,115",109.00,110.50,108.50,109.50,-1.00,"5,092",
112/10/05,"9,622,467","1,067,039,390",110.00,112.00,109.50,112.00,+2.50,"4,920",
112/10/06,"5,232,169","580,728,541",112.00,112.00,110.50,110.50,-1.50,"3,624",
112/10/11,"23,041,202","2,643,123,645",113.00,116.00,112.50,115.50,+5.00,"11,674",
112/10/12,"15,615,147","1,814,613,442",116.00,118.00,114.50,116.50,+1.00,"6,952",
112/10/13,"10,496,012","1,220,009,155",115.50,117.00,114.50,116.50, 0.00,"6,086",
112/10/16,"9,270,787","1,069,471,109",115.00,116.00,114.00,116.00,-0.50,"3,933",
112/10/17,"12,562,645","1,467,260,542",117.00,117.50,116.00,116.00, 0.00,"5,481",
112/10/18,"20,795,721","2,420,585,953",116.00,117.50,114.50,116.00, 0.00,"7,275",
112/10/19,"13,187,402","1,516,446,232",115.50,116.00,113.50,116.00, 0.00,"4,918",
112/10/20,"20,815,894","2,445,064,976",115.00,118.50,115.00,118.50,+2.50,"9,468",
112/10/23,"9,923,830","1,152,510,367",117.50,117.50,115.00,115.00,-3.50,"4,802",
112/10/24,"10,705,176","1,217,138,508",114.50,114.50,113.00,114.00,-1.00,"6,192",
112/10/25,"15,404,064","1,748,279,308",113.00,114.50,112.00,114.00, 0.00,"6,801",
112/10/26,"16,476,619","1,848,364,639",111.00,113.50,110.00,112.00,-2.00,"7,276",
112/10/27,"13,488,055","1,531,265,670",111.00,114.50,111.00,113.50,+1.50,"5,511",
112/10/30,"15,678,303","1,759,774,460",113.00,113.50,111.00,112.00,-1.50,"5,897",
112/10/31,"12,503,136","1,415,547,567",112.00,114.00,112.00,113.50,+1.50,"4,524",
112/11/01,"7,736,360","883,379,261",113.00,115.00,113.00,114.50,+1.00,"3,829",
112/11/02,"8,352,773","965,538,317",115.00,116.00,114.50,116.00,+1.50,"4,951",
112/11/03,"9,529,354","1,113,050,125",116.50,117.50,116.00,117.50,+1.50,"4,340",
112/11/06,"13,806,296","1,637,903,280",118.50,119.50,117.50,118.50,+1.00,"7,327",
112/11/07,"6,978,576","818,317,880",118.00,118.50,116.50,117.50,-1.00,"3,241",
112/11/08,"4,908,665","576,864,725",117.00,118.50,116.50,117.50, 0.00,"2,439",
112/11/09,"5,936,369","699,831,470",117.00,118.50,117.00,118.00,+0.50,"2,624",
112/11/10,"4,999,302","587,015,943",117.50,118.00,116.50,117.50,-0.50,"2,998",
112/11/13,"26,087,351","3,183,109,916",120.50,123.50,120.00,122.50,+5.00,"13,368",
112/11/14,"13,626,723","1,681,243,372",123.50,124.00,122.00,123.50,+1.00,"7,053",
112/11/15,"22,806,686","2,865,741,511",125.00,127.00,124.50,126.00,+2.50,"11,638",
112/11/16,"10,675,265","1,335,132,893",126.00,126.00,124.00,125.00,-1.00,"6,066",
112/11/17,"6,858,583","858,266,275",124.50,126.00,124.00,125.50,+0.50,"3,907",
112/11/20,"7,344,950","910,055,933",125.00,125.00,123.00,124.00,-1.50,"4,198",
112/11/21,"20,869,365","2,645,589,621",124.50,128.00,124.00,127.00,+3.00,"9,817",
112/11/22,"7,870,143","995,514,765",125.50,127.00,125.50,126.50,-0.50,"5,958",
112/11/23,"6,524,393","828,327,111",126.00,127.50,126.00,127.00,+0.50,"3,379",
112/11/24,"6,825,180","866,983,681",127.00,128.00,126.50,126.50,-0.50,"3,184",
112/11/27,"8,090,362","1,024,789,902",126.50,128.00,126.00,126.00,-0.50,"4,141",
112/11/28,"10,784,284","1,355,161,387",126.00,126.50,125.00,125.50,-0.50,"4,773",
112/11/29,"13,711,845","1,741,560,133",125.50,128.00,125.00,127.00,+1.50,"5,456",
112/11/30,"19,196,027","2,449,038,870",127.00,128.00,126.00,128.00,+1.00,"5,693",
112/12/01,"9,913,888","1,266,726,599",127.00,128.50,126.50,128.00, 0.00,"4,884",
112/12/04,"12,762,171","1,657,946,265",129.00,131.00,129.00,130.00,+2.00,"6,551",
112/12/05,"11,959,111","1,544,707,825",129.00,130.00,128.00,129.50,-0.50,"4,702",
112/12/06,"8,223,323","1,057,158,325",128.50,129.00,127.00,129.00,-0.50,"4,587",
112/12/07,"9,652,737","1,221,808,969",129.00,129.00,125.50,126.50,-2.50,"4,741",
112/12/08,"14,457,055","1,870,620,054",128.00,130.50,127.50,129.50,+3.00,"6,024",
112/12/11,"10,308,034","1,343,233,696",130.00,131.50,129.00,131.00,+1.50,"4,440",
112/12/12,"9,137,338","1,188,695,013",131.00,131.50,129.00,129.50,-1.50,"3,840",
112/12/13,"7,058,633","917,116,915",129.50,131.00,129.00,130.00,+0.50,"3,039",
112/12/14,"13,735,853","1,825,545,290",132.00,133.50,131.00,133.50,+3.50,"7,446",
112/12/15,"15,429,867","2,035,310,895",133.50,134.00,131.00,131.00,-2.50,"5,646",
112/12/18,"9,756,798","1,282,463,442",129.00,133.00,129.00,131.50,+0.50,"4,459",
112/12/19,"10,788,553","1,411,151,765",131.50,132.00,130.00,131.50, 0.00,"5,591",
112/12/20,"15,216,866","2,005,702,527",133.00,133.50,130.50,131.50, 0.00,"5,751",
112/12/21,"11,802,905","1,533,743,593",129.50,131.00,128.50,130.00,-1.50,"4,360",
112/12/22,"8,935,416","1,168,712,283",130.50,132.00,129.50,131.50,+1.50,"3,345",
112/12/25,"5,178,664","677,972,347",131.50,132.00,130.00,131.00,-0.50,"2,840",
112/12/26,"5,268,272","697,317,358",132.00,133.50,132.00,132.50,+1.50,"2,756",
112/12/27,"7,427,383","990,771,380",133.00,134.00,132.50,133.50,+1.00,"3,950",
112/12/28,"6,918,912","932,916,030",134.00,135.50,134.00,135.50,+2.00,"4,177",
112/12/29,"8,366,075","1,124,699,570",136.00,136.50,133.00,135.00,-0.50,"3,799",
113/01/02,"12,019,110","1,601,195,172",134.50,135.00,132.00,133.50,-1.50,"4,510",
113/01/03,"25,860,847","3,278,358,187",130.50,130.50,125.50,126.50,-7.00,"14,047",
113/01/04,"8,411,551","1,067,838,819",126.50,128.00,126.00,127.00,+0.50,"4,548",
113/01/05,"12,260,548","1,548,164,796",127.00,127.50,125.00,126.50,-0.50,"6,355",
113/01/08,"8,384,360","1,059,101,480",126.50,128.00,125.50,126.00,-0.50,"3,880",
113/01/09,"12,994,852","1,641,701,014",128.00,128.00,125.50,126.50,+0.50,"4,482",
113/01/10,"9,430,462","1,181,506,117",126.00,126.50,124.00,126.50, 0.00,"5,615",
113/01/11,"6,357,339","797,646,581",126.50,126.50,125.00,125.50,-1.00,"3,987",
113/01/12,"5,057,703","634,965,474",126.00,126.00,125.00,126.00,+0.50,"3,241",
113/01/15,"6,009,656","757,331,965",128.00,128.00,125.00,125.50,-0.50,"2,952",
113/01/16,"10,910,099","1,362,946,921",124.50,126.50,123.00,125.50, 0.00,"5,159",
113/01/17,"14,052,084","1,753,668,592",124.00,126.00,123.50,125.00,-0.50,"5,732",
113/01/18,"12,981,022","1,643,098,101",125.00,128.50,123.00,127.00,+2.00,"6,050",
113/01/19,"21,835,527","2,845,390,044",131.00,131.50,129.00,131.00,+4.00,"7,989",
113/01/22,"16,701,370","2,223,735,636",131.50,134.50,131.00,134.50,+3.50,"8,572",
113/01/23,"9,511,051","1,281,763,985",135.50,135.50,134.00,134.50, 0.00,"5,719",
113/01/24,"5,075,759","680,751,878",135.00,135.50,133.50,134.00,-0.50,"3,521",
113/01/25,"8,724,990","1,187,299,879",134.50,137.00,134.00,137.00,+3.00,"5,904",
113/01/26,"6,023,550","824,386,230",137.00,138.00,136.00,137.00, 0.00,"3,450",
113/01/29,"3,413,937","467,449,120",137.00,137.50,136.50,137.00, 0.00,"2,560",
113/01/30,"6,893,913","938,854,703",137.00,137.00,135.00,136.00,-1.00,"3,612",
113/01/31,"8,079,753","1,096,794,079",135.00,136.50,134.50,136.00, 0.00,"3,793",
113/02/01,"13,577,327","1,806,455,965",135.00,135.00,132.00,133.00,-3.00,"6,436",
113/02/02,"16,768,274","2,180,708,224",132.00,132.50,129.00,129.50,-3.50,"9,670",
113/02/05,"11,087,795","1,427,842,809",128.00,130.50,126.50,130.00,+0.50,"6,009",
113/02/15,"15,478,578","2,099,552,241",136.50,137.00,134.00,135.50,+5.50,"8,652",
113/02/16,"20,623,924","2,876,703,700",140.00,144.00,135.50,137.00,+1.50,"12,373",
113/02/19,"7,086,840","966,673,075",137.00,138.00,135.50,136.00,-1.00,"4,346",
113/02/20,"9,486,788","1,294,700,263",135.50,137.50,135.00,137.00,+1.00,"5,297",
113/02/21,"8,458,363","1,161,021,439",136.50,138.00,136.00,137.50,+0.50,"3,788",
113/02/22,"8,756,502","1,216,122,616",138.00,140.50,138.00,138.50,+1.00,"4,883",
113/02/23,"14,529,747","2,053,436,961",140.00,143.00,139.00,141.50,+3.00,"8,916",
113/02/26,"8,066,268","1,139,129,826",141.00,142.00,140.00,141.50, 0.00,"4,922",
113/02/27,"9,964,087","1,382,709,663",140.50,141.00,138.00,138.00,-3.50,"5,941",
113/02/29,"12,239,939","1,692,216,482",135.50,140.00,135.50,139.00,+1.00,"4,908",
113/03/01,"8,617,355","1,195,650,395",139.00,140.00,137.50,138.00,-1.00,"4,408",
113/03/04,"13,246,671","1,874,157,199",139.00,142.50,139.00,141.50,+3.50,"7,885",
113/03/05,"13,825,064","1,988,928,811",141.50,145.00,141.50,144.50,+3.00,"7,357",
113/03/06,"16,828,102","2,477,953,871",144.50,149.50,144.00,149.00,+4.50,"9,292",
113/03/07,"45,000,014","7,074,230,070",155.00,163.50,152.50,163.50,+14.50,"19,777",
113/03/08,"74,505,531","12,446,975,260",177.00,177.00,157.00,159.50,-4.00,"44,874",
113/03/11,"26,235,961","4,046,230,229",159.00,159.00,152.00,154.00,-5.50,"16,886",
113/03/12,"14,017,278","2,188,976,014",154.00,158.00,153.00,157.50,+3.50,"8,414",
113/03/13,"18,553,200","2,927,571,039",158.50,160.00,155.50,158.50,+1.00,"10,099",
113/03/14,"15,313,367","2,353,423,453",156.50,157.00,152.00,154.00,-4.50,"9,738",
113/03/15,"23,988,333","3,662,058,069",150.50,154.50,149.00,153.00,-1.00,"8,617",
113/03/18,"15,685,745","2,456,412,511",153.50,158.50,153.50,158.00,+5.00,"8,227",
113/03/19,"19,427,660","3,080,019,343",158.00,160.50,155.50,160.00,+2.00,"10,371",
113/03/20,"15,452,841","2,442,499,829",158.50,161.00,156.00,156.50,-3.50,"8,998",
113/03/21,"16,675,102","2,648,301,269",157.50,161.00,156.50,160.00,+3.50,"7,465",
113/03/22,"10,993,503","1,744,739,870",160.00,160.00,157.50,159.00,-1.00,"5,950",
113/03/25,"11,869,094","1,862,733,076",159.00,159.00,155.50,157.50,-1.50,"5,846",
113/03/26,"12,618,089","1,969,046,351",157.50,159.00,153.00,157.00,-0.50,"6,102",
113/03/27,"18,508,769","2,849,082,107",155.00,156.00,152.50,154.00,-3.00,"8,983",
113/03/28,"17,817,174","2,748,139,703",155.00,156.00,152.50,155.00,+1.00,"9,834",
113/03/29,"32,110,306","5,102,679,004",154.00,163.00,152.00,161.00,+6.00,"16,264",
113/04/01,"26,235,319","3,994,826,449",159.50,160.00,150.00,150.00,-11.00,"26,079",
113/04/02,"17,175,803","2,631,105,852",151.50,155.50,151.00,153.50,+3.50,"8,821",
113/04/03,"14,631,687","2,248,103,413",154.00,155.00,152.00,154.50,+1.00,"6,119",
113/04/08,"15,550,071","2,386,021,398",157.00,157.00,151.50,153.00,-1.50,"6,935",
113/04/09,"12,511,039","1,936,948,924",154.00,157.00,152.50,156.00,+3.00,"6,648",
113/04/10,"18,823,083","2,973,830,944",157.50,159.00,156.50,158.50,+2.50,"8,674",
113/04/11,"14,976,639","2,361,685,445",156.00,159.00,156.00,159.00,+0.50,"5,789",
113/04/12,"15,093,493","2,413,976,677",158.00,161.00,158.00,160.50,+1.50,"6,619",
113/04/15,"15,814,033","2,507,667,157",157.00,162.00,155.50,160.00,-0.50,"8,261",
113/04/16,"21,541,037","3,322,467,429",156.50,158.50,152.50,153.00,-7.00,"12,584",
113/04/17,"10,789,929","1,666,395,989",153.00,156.00,152.00,156.00,+3.00,"6,134",
113/04/18,"19,873,050","3,023,501,395",155.00,155.00,151.00,151.00,-5.00,"9,797",
113/04/19,"36,366,490","5,318,299,921",148.50,150.00,143.50,146.00,-5.00,"16,425",
113/04/22,"15,790,307","2,281,410,796",145.50,146.00,141.50,144.50,-1.50,"9,166",
113/04/23,"12,863,839","1,888,318,384",151.00,151.00,144.50,145.00,+0.50,"6,762",
113/04/24,"12,613,213","1,872,909,857",147.00,151.00,147.00,148.00,+3.00,"6,117",
113/04/25,"12,781,034","1,855,623,417",146.00,147.00,143.00,145.00,-3.00,"5,817",
113/04/26,"15,489,714","2,222,182,134",144.00,145.50,142.00,142.50,-2.50,"8,455",
113/04/29,"9,734,617","1,426,021,489",143.50,147.50,143.50,147.00,+4.50,"6,219",
113/04/30,"11,555,621","1,705,667,617",146.00,149.00,146.00,148.00,+1.00,"6,557",
113/05/02,"15,655,077","2,254,722,417",144.50,145.50,142.00,144.50,-3.50,"8,770",
113/05/03,"10,252,738","1,514,104,330",146.00,148.50,145.50,148.00,+3.50,"5,797",
113/05/06,"9,382,134","1,391,513,944",150.00,150.00,146.50,148.00, 0.00,"6,143",
113/05/07,"10,506,863","1,581,317,577",149.50,151.50,149.00,151.00,+3.00,"6,560",
113/05/08,"9,802,721","1,464,632,167",150.00,150.50,148.00,150.50,-0.50,"5,305",
113/05/09,"8,600,178","1,276,704,456",149.00,150.00,147.00,148.00,-2.50,"4,400",
113/05/10,"15,084,420","2,278,422,230",149.50,153.50,148.50,151.50,+3.50,"7,717",
113/05/13,"12,683,599","1,891,309,291",151.50,153.00,147.50,148.00,-3.50,"8,060",
113/05/14,"6,956,875","1,040,428,260",148.00,150.50,148.00,149.00,+1.00,"3,612",
113/05/15,"10,717,256","1,630,054,231",150.00,153.50,150.00,151.00,+2.00,"6,924",
113/05/16,"8,757,215","1,327,517,781",153.00,154.00,150.00,150.00,-1.00,"5,192",
113/05/17,"6,697,814","1,012,842,930",148.50,152.50,148.50,151.50,+1.50,"3,898",
113/05/20,"6,328,823","959,739,205",151.50,152.50,150.00,152.00,+0.50,"3,875",
113/05/21,"8,439,878","1,296,609,703",152.00,154.50,152.00,154.00,+2.00,"5,599",
113/05/22,"8,605,655","1,337,165,364",155.00,156.50,154.00,155.50,+1.50,"6,084",
113/05/23,"17,583,352","2,810,400,780",155.50,161.50,155.50,161.50,+6.00,"11,226",
113/05/24,"10,455,024","1,673,905,789",159.50,161.50,158.00,159.50,-2.00,"5,638",
113/05/27,"16,398,953","2,696,627,677",162.00,166.00,161.50,165.50,+6.00,"15,589",
113/05/28,"9,848,407","1,620,051,954",167.00,167.50,163.00,164.00,-1.50,"8,466",
113/05/29,"9,932,469","1,624,502,830",164.00,165.50,162.00,163.00,-1.00,"5,757",
113/05/30,"15,086,352","2,395,043,270",159.50,161.00,157.00,158.50,-4.50,"9,127",
113/05/31,"37,533,215","5,906,161,260",159.00,161.00,156.00,157.00,-1.50,"9,266",
113/06/03,"12,915,604","2,072,094,499",158.00,162.00,157.50,161.00,+4.00,"7,133",
113/06/04,"13,467,313","2,146,671,622",160.00,161.00,158.00,159.50,-1.50,"7,930",
113/06/05,"13,837,743","2,179,629,050",158.50,159.00,156.50,157.00,-2.50,"6,640",
113/06/06,"11,518,779","1,843,146,687",159.00,162.00,158.50,160.00,+3.00,"6,628",
113/06/07,"7,689,711","1,225,012,934",160.00,160.50,158.00,159.50,-0.50,"4,359",
113/06/11,"13,404,998","2,136,192,916",158.00,161.00,157.00,160.00,+0.50,"5,700",
113/06/12,"9,000,759","1,460,349,645",160.00,163.00,159.50,162.50,+2.50,"5,777",
113/06/13,"11,673,571","1,931,040,473",166.00,167.50,164.00,164.00,+1.50,"7,084",
113/06/14,"6,823,929","1,125,082,518",164.50,166.00,163.00,166.00,+2.00,"6,258",
113/06/17,"8,526,997","1,422,478,835",166.00,169.00,165.00,167.00,+1.00,"13,138",
113/06/18,"13,697,295","2,321,242,019",166.50,171.50,166.00,171.00,+4.00,"13,831",
113/06/19,"18,881,244","3,370,951,556",174.00,181.00,173.50,179.00,+8.00,"21,460",
113/06/20,"9,248,619","1,646,670,908",180.00,180.00,177.00,178.00,-1.00,"6,840",
113/06/21,"16,811,016","2,933,745,902",174.50,176.50,173.00,174.50,-3.50,"7,596",
113/06/24,"12,009,997","2,076,745,328",173.00,175.00,171.50,172.50,-2.00,"7,117",
113/06/25,"20,782,417","3,484,602,940",166.00,170.00,163.00,169.00,-3.50,"10,864",
113/06/26,"15,170,640","2,614,705,013",167.50,175.00,167.50,172.50,+3.50,"9,735",
113/06/27,"15,225,314","2,608,422,073",169.00,173.00,169.00,172.00,-0.50,"6,649",
113/06/28,"18,670,371","3,156,029,649",169.00,171.00,167.50,168.50,-3.50,"9,501",
113/07/01,"21,560,822","3,540,301,176",162.00,166.00,161.50,164.50,X0.00,"12,306",
113/07/02,"24,936,380","4,010,880,382",165.00,166.00,159.00,159.00,-5.50,"14,307",
113/07/03,"13,917,568","2,235,426,035",161.50,163.00,159.50,160.50,+1.50,"7,358",
113/07/04,"11,225,528","1,848,070,210",162.50,166.00,162.50,166.00,+5.50,"6,906",
113/07/05,"7,482,565","1,252,512,528",167.50,169.00,165.00,168.50,+2.50,"6,137",
113/07/08,"10,165,520","1,746,442,988",168.50,173.00,167.50,172.50,+4.00,"7,742",
113/07/09,"25,649,324","4,551,703,206",174.00,180.00,172.50,180.00,+7.50,"16,376",
113/07/10,"14,120,718","2,536,936,906",181.00,183.00,176.50,179.50,-0.50,"10,671",
113/07/11,"26,272,926","4,960,863,270",182.50,193.50,180.00,193.50,+14.00,"18,153",
113/07/12,"43,836,748","7,879,820,889",188.00,188.00,175.00,177.50,-16.00,"52,073",
113/07/15,"17,614,412","3,154,893,494",180.00,181.50,177.00,179.50,+2.00,"9,105",
113/07/16,"16,730,545","2,986,383,096",177.50,180.00,176.00,179.00,-0.50,"8,743",
113/07/17,"28,254,613","5,163,514,805",177.50,188.00,176.50,182.50,+3.50,"15,203",
113/07/18,"24,777,818","4,324,251,894",175.50,179.00,170.50,176.00,-6.50,"23,644",
113/07/19,"27,132,503","4,632,748,512",172.50,174.50,168.00,171.00,-5.00,"13,666",
113/07/22,"20,661,394","3,411,664,056",168.50,169.00,163.00,164.00,-7.00,"11,792",
113/07/23,"17,567,531","3,024,605,891",168.00,175.00,167.50,172.50,+8.50,"10,077",
113/07/26,"50,516,812","7,862,558,869",155.50,157.00,155.50,155.50,-17.00,"31,839",
113/07/29,"22,441,599","3,461,508,461",156.00,157.00,152.00,153.50,-2.00,"13,001",
113/07/30,"20,009,854","3,049,592,529",151.00,157.00,149.00,155.50,+2.00,"10,317",
113/07/31,"20,559,941","3,102,731,895",152.50,154.00,149.50,150.00,-5.50,"11,880",
113/08/01,"14,799,693","2,274,577,177",154.00,155.50,152.00,153.50,+3.50,"8,568",
113/08/02,"27,006,613","3,927,420,597",147.50,150.00,143.00,143.50,-10.00,"20,498",
113/08/05,"30,934,642","4,059,003,649",133.50,135.00,129.50,130.00,-13.50,"18,753",
113/08/06,"29,208,207","3,947,082,425",136.50,138.50,129.00,137.50,+7.50,"15,643",
113/08/07,"27,262,392","3,915,398,863",141.50,146.00,139.00,145.50,+8.00,"19,063",
113/08/08,"22,538,326","3,120,866,918",139.00,140.50,136.00,138.00,-7.50,"16,590",
113/08/09,"21,953,997","3,184,098,773",142.50,148.50,141.00,145.50,+7.50,"14,717",
113/08/12,"20,648,117","3,099,319,124",145.50,152.00,145.50,148.50,+3.00,"14,227",
113/08/13,"13,211,632","1,978,598,507",148.50,151.50,147.00,149.00,+0.50,"8,674",
113/08/14,"22,804,769","3,546,322,965",151.00,157.00,151.00,156.00,+7.00,"13,574",
113/08/15,"17,050,576","2,594,113,941",154.50,155.00,151.00,151.00,-5.00,"12,398",
113/08/16,"15,008,133","2,321,660,522",155.50,157.00,153.50,153.50,+2.50,"7,916",
113/08/19,"12,376,211","1,896,127,486",154.50,154.50,151.50,154.00,+0.50,"6,625",
113/08/20,"10,454,899","1,621,348,811",156.00,156.00,154.00,155.00,+1.00,"6,100",
113/08/21,"14,873,492","2,266,160,096",153.00,154.50,151.50,152.50,-2.50,"9,424",
113/08/22,"13,296,266","1,992,696,246",152.50,152.50,148.50,150.00,-2.50,"8,523",
113/08/23,"15,667,186","2,324,880,878",147.50,150.50,146.50,150.50,+0.50,"8,623",
113/08/26,"13,577,362","2,034,214,926",151.00,152.00,147.50,148.00,-2.50,"7,672",
113/08/27,"8,908,619","1,310,245,662",147.00,148.50,146.00,147.00,-1.00,"5,420",
113/08/28,"10,209,101","1,540,058,270",148.00,153.00,147.00,152.00,+5.00,"6,449",
113/08/29,"10,691,541","1,624,158,233",149.50,153.50,149.00,152.00, 0.00,"6,054",
113/08/30,"13,091,557","2,007,498,143",152.50,155.00,152.00,153.50,+1.50,"6,507",
113/09/02,"8,500,099","1,303,115,745",155.50,156.50,152.00,153.00,-0.50,"5,267",
113/09/03,"7,064,674","1,073,915,165",152.50,153.50,151.00,151.50,-1.50,"4,491",
113/09/04,"20,267,352","2,914,348,942",142.50,146.00,140.50,143.50,-8.00,"12,511",
113/09/05,"7,399,656","1,070,420,362",145.00,146.00,143.50,143.50, 0.00,"4,883",
113/09/06,"7,403,372","1,059,583,291",144.00,145.00,141.50,141.50,-2.00,"3,967",
113/09/09,"12,456,487","1,762,859,624",138.00,143.00,137.50,142.00,+0.50,"5,759",
113/09/10,"9,582,301","1,383,151,716",143.00,146.00,142.50,144.50,+2.50,"5,416",
113/09/11,"11,482,771","1,629,663,264",143.50,144.00,141.00,142.00,-2.50,"5,684",
113/09/12,"15,082,196","2,228,213,084",146.00,149.50,146.00,147.50,+5.50,"7,890",
113/09/13,"9,239,184","1,358,870,926",147.50,148.00,146.00,147.00,-0.50,"5,496",
113/09/16,"21,579,299","3,323,846,319",153.00,156.00,151.50,154.00,+7.00,"13,019",
113/09/18,"32,408,356","4,913,922,812",152.50,155.50,149.00,152.50,-1.50,"15,884",
113/09/19,"26,227,934","3,945,850,238",150.50,152.50,148.00,152.00,-0.50,"11,145",
113/09/20,"35,560,956","5,487,106,093",156.00,157.00,152.50,154.50,+2.50,"11,131",
113/09/23,"17,546,019","2,731,973,932",155.00,157.00,153.00,157.00,+2.50,"7,493",
113/09/24,"19,958,563","3,099,783,991",155.00,157.00,152.00,157.00, 0.00,"7,399",
113/09/25,"24,871,084","3,918,611,565",158.00,159.00,156.00,158.50,+1.50,"11,933",
113/09/26,"25,492,960","4,092,820,439",158.00,162.50,158.00,162.50,+4.00,"14,707",
113/09/27,"26,717,769","4,280,778,448",163.00,163.50,159.00,159.00,-3.50,"13,118",
113/09/30,"18,567,667","2,841,712,091",155.00,156.50,151.00,151.00,-8.00,"13,241",
113/10/01,"10,581,957","1,613,154,820",150.50,154.50,150.50,151.50,+0.50,"5,955",
113/10/04,"18,726,163","2,830,526,352",150.00,153.50,149.00,151.00,-0.50,"9,117",
113/10/07,"14,192,404","2,185,155,542",153.00,155.00,152.00,155.00,+4.00,"6,710",
113/10/08,"12,059,586","1,838,529,784",152.50,153.00,151.50,153.00,-2.00,"5,480",
113/10/09,"10,363,308","1,595,411,010",153.00,155.50,153.00,154.00,+1.00,"5,471",
113/10/11,"12,079,296","1,878,256,051",155.00,157.00,153.50,155.00,+1.00,"7,007",
113/10/14,"18,333,189","2,899,573,093",156.00,160.50,155.00,158.00,+3.00,"8,601",
113/10/15,"35,033,115","5,784,878,276",159.50,169.00,158.50,168.50,+10.50,"24,014",
113/10/16,"34,622,911","5,734,312,622",163.50,169.00,163.00,165.00,-3.50,"20,582",
113/10/17,"14,981,316","2,466,127,763",166.00,166.50,163.00,165.50,+0.50,"11,128",
113/10/18,"35,763,630","5,939,126,513",173.00,173.00,161.00,163.50,-2.00,"21,378",
113/10/21,"17,040,956","2,762,066,802",164.00,164.50,161.00,161.50,-2.00,"17,710",
113/10/22,"15,332,720","2,501,643,154",161.50,164.50,161.00,164.00,+2.50,"7,361",
113/10/23,"11,816,761","1,916,304,909",164.00,164.50,161.00,161.50,-2.50,"7,141",
113/10/24,"9,582,797","1,536,159,946",161.00,162.50,159.00,159.00,-2.50,"7,187",
113/10/25,"9,439,424","1,525,006,806",159.00,163.00,159.00,162.00,+3.00,"5,863",
113/10/28,"10,599,930","1,704,904,561",162.50,163.50,159.50,161.00,-1.00,"6,415",
113/10/29,"17,401,397","2,737,637,420",159.50,159.50,155.50,158.50,-2.50,"9,336",
113/10/30,"14,852,374","2,348,755,580",158.50,160.00,157.00,157.00,-1.50,"7,406",
113/11/01,"31,210,216","4,701,897,731",145.50,155.00,145.00,154.00,-3.00,"16,433",
113/11/04,"12,753,341","1,951,856,249",154.50,155.50,151.50,152.50,-1.50,"8,519",
113/11/05,"17,713,580","2,646,352,206",150.00,150.50,148.00,150.00,-2.50,"12,454",
113/11/06,"13,491,251","2,057,773,528",151.00,154.50,150.50,152.00,+2.00,"7,392",
113/11/07,"15,701,217","2,449,581,370",151.50,158.00,151.00,156.00,+4.00,"8,717",
113/11/08,"13,412,479","2,105,394,691",158.00,159.50,155.00,155.50,-0.50,"8,179",
113/11/11,"8,077,521","1,264,819,438",155.00,159.00,153.50,157.50,+2.00,"5,295",
113/11/12,"15,428,832","2,371,717,241",154.00,155.00,152.50,152.50,-5.00,"9,272",
113/11/13,"28,179,875","4,473,409,488",152.50,162.50,152.50,157.00,+4.50,"14,975",
113/11/14,"20,519,971","3,159,969,655",156.00,156.50,152.00,154.00,-3.00,"14,641",
113/11/15,"20,817,673","3,265,001,217",154.00,159.50,153.50,155.00,+1.00,"9,641",
113/11/18,"17,860,620","2,723,094,989",155.00,155.50,150.50,151.50,-3.50,"10,552",
113/11/19,"25,193,141","3,920,966,762",158.00,159.50,153.00,154.50,+3.00,"10,136",
113/11/20,"15,599,226","2,426,551,408",155.50,157.00,154.50,155.00,+0.50,"7,718",
113/11/21,"13,432,508","2,051,199,409",153.00,154.00,150.00,153.50,-1.50,"7,113",
113/11/22,"12,232,117","1,916,288,379",155.50,158.00,155.50,156.50,+3.00,"6,713",
113/11/25,"11,487,835","1,802,034,668",158.00,158.50,156.00,156.00,-0.50,"6,791",
113/11/26,"7,976,775","1,237,485,625",155.00,156.00,154.50,155.00,-1.00,"4,413",
113/11/27,"13,087,074","1,989,161,810",154.50,155.00,150.50,150.50,-4.50,"8,569",
113/11/28,"17,410,032","2,572,468,473",151.00,151.50,146.00,147.00,-3.50,"10,882",
113/11/29,"11,717,231","1,764,559,901",146.50,152.50,146.00,151.50,+4.50,"5,672",
113/12/02,"11,201,667","1,726,771,838",152.50,155.50,152.50,154.50,+3.00,"5,714",
113/12/03,"17,881,943","2,794,088,629",157.00,159.00,154.50,155.00,+0.50,"11,324",
113/12/04,"18,060,698","2,817,057,121",155.00,158.00,153.50,158.00,+3.00,"7,621",
113/12/05,"16,654,443","2,621,899,667",158.50,159.00,156.00,157.50,-0.50,"7,808",
113/12/06,"21,024,420","3,375,498,988",158.50,162.00,158.00,159.50,+2.00,"13,375",
113/12/09,"6,697,941","1,069,148,052",160.00,161.00,158.50,160.00,+0.50,"6,848",
113/12/10,"9,895,247","1,565,998,521",159.00,159.00,157.50,158.00,-2.00,"5,570",
113/12/11,"11,412,013","1,789,761,872",155.50,158.00,155.00,156.00,-2.00,"5,042",
113/12/12,"14,233,171","2,237,762,810",155.00,159.50,155.00,157.00,+1.00,"6,523",
113/12/13,"10,552,004","1,674,626,832",156.50,160.00,156.50,158.50,+1.50,"6,056",
113/12/16,"18,192,040","2,932,949,911",160.00,163.00,159.50,160.50,+2.00,"8,936",
113/12/17,"14,559,779","2,308,817,644",159.00,160.50,157.00,158.00,-2.50,"7,677",
113/12/18,"11,571,033","1,862,414,920",159.00,162.00,159.00,161.00,+3.00,"6,699",
113/12/19,"10,891,916","1,742,283,714",158.00,161.00,157.50,161.00, 0.00,"6,525",
113/12/20,"24,344,757","3,860,417,024",159.50,161.50,157.50,157.50,-3.50,"7,302",
113/12/23,"9,870,942","1,591,217,105",158.50,162.50,158.50,160.50,+3.00,"5,410",
113/12/24,"15,136,250","2,496,371,405",162.00,166.50,162.00,164.50,+4.00,"10,341",
113/12/25,"7,896,462","1,310,773,471",165.50,167.00,165.00,165.50,+1.00,"6,139",
113/12/26,"5,287,633","872,280,808",165.50,166.00,163.50,165.00,-0.50,"4,289",
113/12/27,"6,215,148","1,030,379,801",164.50,166.50,164.50,165.00, 0.00,"3,994",
113/12/30,"8,547,285","1,407,445,616",164.00,166.00,163.50,163.50,-1.50,"17,277",
113/12/31,"5,569,469","901,501,596",162.00,163.00,161.00,162.00,-1.50,"4,783",
114/01/02,"7,539,709","1,214,066,539",161.50,163.00,160.00,160.50,-1.50,"4,528",
114/01/03,"6,091,629","985,946,882",163.00,164.00,160.50,161.00,+0.50,"4,139",
114/01/06,"13,633,360","2,271,369,227",163.50,167.50,163.50,166.00,+5.00,"8,949",
114/01/07,"33,766,821","5,872,892,314",169.50,178.00,168.00,175.00,+9.00,"19,487",
114/01/08,"18,188,901","3,143,845,840",175.00,175.00,171.00,171.50,-3.50,"13,359",
114/01/09,"13,116,195","2,207,736,334",172.50,174.00,165.50,166.00,-5.50,"12,421",
114/01/10,"10,794,988","1,812,746,452",165.00,170.00,165.00,168.50,+2.50,"6,658",
114/01/13,"15,674,224","2,559,933,138",166.00,167.50,161.50,162.50,-6.00,"12,067",
114/01/14,"13,553,076","2,190,083,694",160.50,163.50,160.00,161.00,-1.50,"6,951",
114/01/15,"12,483,220","2,009,363,303",161.00,164.00,159.50,161.50,+0.50,"7,665",
114/01/16,"16,764,372","2,794,793,676",166.50,169.00,165.00,165.00,+3.50,"14,586",
114/01/17,"13,290,615","2,198,652,041",166.50,167.00,163.50,166.00,+1.00,"14,449",
114/01/20,"15,868,606","2,715,284,405",166.50,173.00,166.50,172.00,+6.00,"11,134",
114/01/21,"9,983,273","1,715,577,435",171.00,173.00,170.50,172.00, 0.00,"7,157",
114/01/22,"24,592,967","4,336,313,948",175.00,178.50,172.00,177.00,+5.00,"25,000",
114/02/03,"38,085,027","6,165,330,201",161.00,166.00,160.00,161.00,-16.00,"33,915",
114/02/04,"20,365,409","3,236,325,000",161.50,163.00,157.00,157.50,-3.50,"13,155",
114/02/05,"16,100,978","2,598,102,617",159.50,163.00,159.50,161.50,+4.00,"8,451",
114/02/06,"8,723,500","1,414,804,236",161.50,164.50,161.00,161.00,-0.50,"5,505",
114/02/07,"16,082,502","2,643,622,996",161.00,165.50,161.00,164.50,+3.50,"8,361",
114/02/10,"20,326,706","3,373,505,306",163.00,168.00,162.00,166.50,+2.00,"12,101",
114/02/11,"14,454,374","2,423,630,640",165.50,169.00,165.50,167.50,+1.00,"12,481",
114/02/12,"9,277,224","1,543,474,275",167.00,168.00,165.50,165.50,-2.00,"5,881",
114/02/13,"21,569,937","3,652,521,736",164.50,172.00,164.50,170.50,+5.00,"10,332",
114/02/14,"29,872,962","5,190,016,650",173.00,176.00,171.00,175.00,+4.50,"14,060",
114/02/17,"18,177,793","3,224,319,557",174.00,179.50,173.50,178.00,+3.00,"17,049",
114/02/18,"11,486,533","2,051,659,937",177.00,181.00,177.00,179.00,+1.00,"8,660",
114/02/19,"25,009,033","4,593,590,401",178.50,186.00,178.50,183.50,+4.50,"29,048",
114/02/20,"23,976,297","4,314,295,142",184.00,185.00,177.50,179.50,-4.00,"32,059",
114/02/21,"18,621,112","3,348,165,289",178.50,182.50,176.50,181.00,+1.50,"9,544",
114/02/24,"19,227,150","3,376,446,781",177.50,178.00,174.00,176.00,-5.00,"13,874",
114/02/25,"20,640,502","3,617,723,060",171.50,177.50,171.00,176.50,+0.50,"9,326",
114/02/26,"21,997,617","3,828,437,723",173.50,176.00,172.00,175.50,-1.00,"11,567",
114/02/27,"25,604,789","4,392,078,427",175.00,175.50,169.00,171.00,-4.50,"13,075",
114/03/03,"16,892,605","2,800,942,492",164.00,167.50,163.50,165.50,-5.50,"10,448",
114/03/04,"23,185,996","3,782,628,549",161.00,166.00,160.00,164.00,-1.50,"13,383",
114/03/05,"18,334,501","3,064,904,633",166.00,169.00,165.00,166.00,+2.00,"10,094",
114/03/06,"10,776,336","1,796,366,813",168.00,169.50,165.50,166.00, 0.00,"5,962",
114/03/07,"9,563,346","1,562,247,578",163.00,165.50,162.50,162.50,-3.50,"6,593",
114/03/10,"8,738,897","1,411,849,570",162.50,163.50,160.50,161.00,-1.50,"5,956",
114/03/11,"20,412,803","3,174,349,813",155.00,158.50,153.00,156.00,-5.00,"14,756",
114/03/12,"17,381,498","2,771,981,892",156.50,162.00,156.00,159.00,+3.00,"9,102",
114/03/13,"14,070,022","2,242,328,789",162.50,164.00,157.50,157.50,-1.50,"8,578",
114/03/14,"12,773,625","1,993,741,167",158.50,160.00,155.00,155.00,-2.50,"7,738",
114/03/17,"11,021,933","1,743,132,299",157.50,159.50,157.00,157.50,+2.50,"6,491",
114/03/18,"11,501,944","1,843,326,975",159.50,161.00,159.00,160.50,+3.00,"5,857",
114/03/19,"8,946,301","1,423,921,027",160.00,161.50,158.00,158.00,-2.50,"6,103",
114/03/20,"10,781,170","1,749,820,447",159.00,164.00,159.00,162.50,+4.50,"6,907",
114/03/21,"17,022,585","2,747,378,931",164.00,164.00,160.00,161.00,-1.50,"5,568",
114/03/24,"7,679,904","1,235,068,776",162.50,163.00,159.50,160.50,-0.50,"3,758",
114/03/25,"7,552,074","1,215,684,381",162.00,163.00,159.50,160.50, 0.00,"4,907",
114/03/26,"4,763,585","769,044,144",161.50,162.50,160.50,161.50,+1.00,"2,523",
114/03/27,"16,531,059","2,576,823,142",158.00,158.50,154.50,156.50,-5.00,"10,184",
114/03/28,"19,750,467","2,981,134,932",153.50,154.00,149.00,150.50,-6.00,"13,990",
114/03/31,"20,413,953","2,948,379,776",143.50,147.50,143.00,143.00,-7.50,"12,487",
114/04/01,"18,797,217","2,776,776,829",144.00,151.00,143.50,149.50,+6.50,"8,257",
114/04/02,"10,464,997","1,565,591,790",148.50,151.00,148.50,149.00,-0.50,"5,652",
114/04/07,"3,495,914","470,200,054",134.50,134.50,134.50,134.50,-14.50,"2,973",
114/04/08,"38,948,626","4,898,321,171",122.50,130.50,122.50,127.50,-7.00,"17,305",
114/04/09,"29,069,206","3,416,076,117",122.00,123.00,115.00,115.00,-12.50,"16,024",
114/04/10,"4,118,754","521,022,306",126.50,126.50,126.50,126.50,+11.50,"1,638",
114/04/11,"37,478,264","4,808,059,445",123.00,136.00,121.50,134.50,+8.00,"24,416",
114/04/14,"25,882,885","3,472,657,760",132.50,138.00,131.50,132.50,-2.00,"14,840",
114/04/15,"12,295,841","1,663,224,514",133.50,137.50,132.00,135.50,+3.00,"7,261",
114/04/16,"7,901,054","1,054,860,456",133.50,135.00,132.00,133.50,-2.00,"5,626",
114/04/17,"14,506,307","1,875,868,520",130.00,131.50,127.00,129.50,-4.00,"8,988",
114/04/18,"8,670,469","1,126,413,872",130.50,131.50,128.50,129.00,-0.50,"5,200",
114/04/21,"4,236,679","546,561,231",128.50,130.00,128.00,128.50,-0.50,"3,814",
114/04/22,"7,457,057","962,235,414",128.00,131.50,127.00,127.50,-1.00,"5,521",
114/04/23,"10,645,862","1,443,627,588",132.50,137.50,132.00,137.50,+10.00,"6,756",
114/04/24,"12,638,340","1,697,628,480",136.50,136.50,132.50,132.50,-5.00,"6,096",
114/04/25,"16,148,130","2,237,934,846",139.00,141.50,137.00,137.50,+5.00,"7,787",
114/04/28,"7,185,184","986,619,410",138.00,138.50,136.00,137.00,-0.50,"4,180",
114/04/29,"10,476,042","1,440,897,118",137.00,138.50,135.50,138.50,+1.50,"5,200",
114/04/30,"8,460,839","1,151,848,241",137.00,137.50,135.50,135.50,-3.00,"5,317",
114/05/02,"10,541,198","1,460,782,325",138.00,139.50,137.00,139.00,+3.50,"6,071",
114/05/05,"9,589,642","1,307,752,390",139.00,140.50,134.00,134.00,-5.00,"7,539",
114/05/06,"18,349,347","2,524,769,168",135.00,141.00,134.50,136.50,+2.50,"10,449",
114/05/07,"13,344,006","1,809,527,863",137.00,138.00,134.50,135.50,-1.00,"5,817",
114/05/08,"7,339,324","1,008,075,221",135.50,138.50,135.50,137.50,+2.00,"3,933",
114/05/09,"6,530,062","899,873,243",137.50,139.00,136.00,137.50, 0.00,"3,670",
114/05/12,"7,840,342","1,105,451,611",139.00,142.50,138.50,142.00,+4.50,"5,431",
114/05/13,"11,159,890","1,621,583,970",147.00,147.00,144.00,145.00,+3.00,"5,580",
114/05/14,"12,235,602","1,823,270,574",148.00,150.00,147.50,150.00,+5.00,"6,544",
114/05/15,"9,665,900","1,445,764,009",150.00,151.00,147.50,150.50,+0.50,"5,379",
114/05/16,"10,461,519","1,535,378,483",148.50,149.00,145.50,147.00,-3.50,"8,905",
114/05/19,"14,806,043","2,114,863,282",145.00,146.00,141.50,142.00,-5.00,"8,806",
114/05/20,"8,445,898","1,221,048,733",144.00,146.00,144.00,144.00,+2.00,"4,709",
114/05/21,"7,328,934","1,062,067,262",144.50,146.00,144.00,144.50,+0.50,"4,948",
114/05/22,"6,933,166","1,005,923,852",145.00,147.00,144.00,145.00,+0.50,"3,952",
114/05/23,"6,866,997","981,723,391",145.00,145.50,142.00,142.50,-2.50,"4,145",
114/05/26,"4,279,141","613,676,296",142.00,144.50,141.00,144.00,+1.50,"3,501",
114/05/27,"8,204,156","1,163,132,941",143.50,143.50,141.00,141.50,-2.50,"4,834",
114/05/28,"8,948,194","1,275,730,565",145.00,145.00,141.00,142.00,+0.50,"4,530",
114/05/29,"31,149,090","4,344,487,723",141.50,142.50,138.00,138.00,-4.00,"12,480",
114/06/02,"15,766,550","2,126,760,721",136.50,138.50,133.00,134.50,-3.50,"9,428",
114/06/03,"21,396,786","2,881,838,548",136.00,137.00,133.50,133.50,-1.00,"9,403",
114/06/04,"17,117,347","2,381,534,549",136.50,140.50,136.50,140.00,+6.50,"8,530",
114/06/05,"11,826,503","1,669,258,783",139.00,142.50,139.00,139.50,-0.50,"6,525",
114/06/06,"7,049,419","980,216,538",139.00,141.00,138.00,139.00,-0.50,"5,976",
114/06/09,"8,035,448","1,125,880,921",140.00,141.50,139.00,140.00,+1.00,"4,695",
114/06/10,"15,797,976","2,252,549,550",141.50,143.50,141.50,142.50,+2.50,"6,736",
114/06/11,"16,593,825","2,410,867,152",145.00,147.00,144.00,145.50,+3.00,"7,826",
114/06/12,"13,187,580","1,904,007,685",147.00,147.00,142.50,145.00,-0.50,"6,802",
114/06/13,"13,759,259","1,973,814,473",142.50,145.50,141.00,143.50,-1.50,"6,544",
114/06/16,"10,005,171","1,450,593,688",143.00,146.00,143.00,145.00,+1.50,"4,266",
114/06/17,"12,563,993","1,857,080,295",146.00,149.00,146.00,148.00,+3.00,"6,791",
114/06/18,"11,059,800","1,643,831,297",147.00,150.00,146.50,148.00, 0.00,"7,276",
114/06/19,"8,570,802","1,255,340,823",147.50,149.50,145.00,146.00,-2.00,"5,218",
114/06/20,"11,364,281","1,642,726,595",145.50,147.00,143.50,144.50,-1.50,"4,083",
114/06/23,"13,172,978","1,915,534,544",142.50,147.00,142.00,147.00,+2.50,"6,572",
114/06/24,"14,908,375","2,223,800,978",149.50,150.00,148.00,149.50,+2.50,"6,463",
114/06/25,"12,437,991","1,892,575,976",150.50,153.00,150.00,153.00,+3.50,"7,947",
114/06/26,"16,379,418","2,486,897,785",151.50,153.00,150.00,152.50,-0.50,"8,183",
114/06/27,"20,832,642","3,125,622,540",151.00,152.00,148.50,150.00,-2.50,"9,175",
114/06/30,"19,277,350","2,858,022,253",150.00,150.00,147.50,147.50,-2.50,"7,224",
114/07/01,"22,081,037","3,238,711,345",147.00,149.00,145.00,145.50,-2.00,"11,959",
114/07/02,"54,051,499","7,624,577,002",140.50,144.00,138.00,141.50,X0.00,"17,053",
114/07/03,"35,655,750","5,155,269,263",147.50,148.00,143.00,144.00,+2.50,"13,749",
114/07/04,"25,515,571","3,739,090,228",145.00,148.00,144.00,147.00,+3.00,"10,062",
114/07/07,"15,172,004","2,200,907,159",146.50,148.50,143.00,144.00,-3.00,"7,955",
114/07/08,"8,246,115","1,176,680,073",142.50,144.00,141.50,143.00,-1.00,"4,789",
114/07/09,"14,002,364","2,031,107,027",143.00,146.50,142.50,146.50,+3.50,"6,117",
114/07/10,"16,429,244","2,463,569,474",145.50,151.50,145.50,150.00,+3.50,"8,405",
114/07/11,"11,800,194","1,768,659,574",148.50,151.00,148.00,150.00, 0.00,"4,805",
114/07/14,"7,679,584","1,147,216,952",149.00,150.50,148.00,148.50,-1.50,"3,824",
114/07/15,"9,133,908","1,365,605,346",147.00,150.50,146.50,150.50,+2.00,"4,449",
114/07/16,"12,261,347","1,858,502,209",150.00,153.00,149.00,151.00,+0.50,"6,061",
114/07/17,"9,574,170","1,455,457,730",151.50,153.00,151.00,151.50,+0.50,"4,301",
114/07/18,"14,682,168","2,261,777,214",153.50,155.00,153.00,154.00,+2.50,"7,345",
114/07/21,"10,711,764","1,633,853,618",153.00,153.50,151.50,152.50,-1.50,"6,022",
114/07/22,"12,041,401","1,835,094,220",151.00,154.50,150.00,151.00,-1.50,"6,459",
114/07/23,"12,179,890","1,869,010,514",152.00,154.50,152.00,153.50,+2.50,"5,058",
114/07/24,"11,211,190","1,731,959,840",154.00,155.50,152.50,155.50,+2.00,"5,481",
114/07/25,"8,223,788","1,263,229,049",154.50,155.00,152.00,153.50,-2.00,"5,151",
114/07/28,"10,584,646","1,636,670,333",154.00,155.50,153.00,154.50,+1.00,"4,450",
114/07/29,"5,103,625","785,997,500",154.00,155.00,153.50,153.50,-1.00,"3,291",
114/07/30,"11,434,456","1,738,164,513",154.00,155.00,151.00,152.00,-1.50,"7,619",
114/07/31,"12,413,007","1,889,581,322",150.50,154.00,149.50,152.50,+0.50,"5,255",
114/08/01,"41,643,134","6,096,121,834",143.50,152.50,141.50,152.50, 0.00,"20,942",
114/08/04,"18,382,020","2,710,586,357",148.50,148.50,146.00,147.50,-5.00,"11,966",
114/08/05,"16,238,931","2,387,834,514",148.00,149.00,146.00,146.50,-1.00,"10,988",
114/08/06,"9,936,452","1,442,316,731",145.00,146.00,144.00,145.00,-1.50,"8,092",
114/08/07,"13,007,310","1,929,370,971",147.50,149.50,147.00,148.00,+3.00,"8,261",
114/08/08,"13,956,901","2,096,134,274",150.00,152.00,149.00,149.00,+1.00,"10,091",
114/08/11,"21,029,184","3,193,284,430",150.50,154.50,149.50,151.00,+2.00,"12,899",
114/08/12,"13,628,980","2,039,808,773",152.50,152.50,148.00,148.00,-3.00,"8,719",
114/08/13,"14,965,181","2,223,024,609",150.00,150.50,147.00,148.50,+0.50,"7,031",
114/08/14,"9,006,189","1,332,908,655",147.50,149.00,147.00,148.00,-0.50,"5,519",
114/08/15,"7,370,441","1,093,957,142",148.50,149.00,148.00,148.00, 0.00,"4,186",
114/08/18,"12,992,053","1,943,381,906",149.00,151.00,148.50,150.50,+2.50,"5,584",
114/08/19,"11,423,760","1,701,663,087",151.00,151.50,148.00,148.50,-2.00,"6,670",
114/08/20,"13,288,900","1,927,790,157",148.00,148.50,144.00,145.00,-3.50,"11,143",
114/08/21,"9,998,809","1,441,082,816",144.00,145.50,143.50,144.00,-1.00,"7,893",
114/08/22,"6,626,054","953,429,175",144.00,145.00,143.00,143.50,-0.50,"4,054",
114/08/25,"9,338,119","1,378,809,063",146.50,149.00,146.50,148.50,+5.00,"5,444",
114/08/26,"14,089,287","2,098,192,637",148.00,149.50,147.50,149.00,+0.50,"3,113",
114/08/27,"9,205,320","1,386,243,743",150.00,151.50,150.00,150.50,+1.50,"5,211",
114/08/28,"10,402,892","1,541,518,525",149.50,150.00,147.00,147.50,-3.00,"6,711",
114/08/29,"18,217,103","2,764,139,168",149.00,153.50,149.00,151.00,+3.50,"9,831",
114/09/01,"21,915,571","3,385,943,306",152.00,157.00,151.00,156.00,+5.00,"15,632",
114/09/02,"29,904,783","4,726,705,970",156.50,160.50,156.00,157.00,+1.00,"18,879",
114/09/03,"8,823,983","1,375,850,109",156.50,157.00,154.00,157.00, 0.00,"16,040",
114/09/04,"10,227,356","1,585,818,202",156.50,157.00,153.50,154.00,-3.00,"6,901",
114/09/05,"6,327,710","984,283,951",155.00,156.50,154.50,156.00,+2.00,"3,656",
114/09/08,"45,515,535","7,624,959,530",166.00,171.50,162.00,171.50,+15.50,"28,888",
114/09/09,"53,554,441","8,912,196,790",170.00,170.00,164.00,167.00,-4.50,"41,301",
114/09/10,"26,755,403","4,541,532,913",169.50,172.00,168.50,169.00,+2.00,"14,788",
114/09/11,"16,367,032","2,758,528,958",170.00,172.00,166.00,166.50,-2.50,"10,449",
114/09/12,"10,981,447","1,828,390,085",168.00,168.50,165.00,167.00,+0.50,"8,443",
114/09/15,"8,720,930","1,452,935,387",167.50,168.00,165.00,166.50,-0.50,"6,392",
114/09/16,"14,161,573","2,395,570,022",168.50,170.50,167.50,169.50,+3.00,"10,246",
114/09/17,"8,848,743","1,493,756,453",170.00,170.00,167.50,169.00,-0.50,"7,654",
114/09/18,"20,541,736","3,504,195,694",170.50,173.50,169.00,170.00,+1.00,"9,267",
114/09/19,"17,710,680","3,019,648,552",171.50,172.50,169.50,170.00, 0.00,"8,084",
114/09/22,"19,848,632","3,395,837,638",171.50,173.50,169.00,172.50,+2.50,"11,417",
114/09/23,"26,525,378","4,640,518,997",177.50,177.50,173.50,174.50,+2.00,"11,820",
114/09/24,"17,175,394","2,955,457,491",175.00,175.50,171.00,172.00,-2.50,"9,313",
114/09/25,"14,660,779","2,514,166,482",173.00,173.50,170.00,172.00, 0.00,"6,956",
114/09/26,"17,434,303","2,907,166,808",170.50,170.50,165.50,165.50,-6.50,"11,129",
114/09/30,"27,435,998","4,512,242,012",166.00,166.50,163.00,164.00,-1.50,"13,507",
114/10/01,"14,445,819","2,368,678,727",166.00,166.50,162.50,163.00,-1.00,"8,975",
114/10/02,"16,420,365","2,713,159,696",165.50,166.50,163.50,164.50,+1.50,"8,194",
114/10/03,"21,196,448","3,536,489,489",166.00,169.00,165.00,165.50,+1.00,"8,950",
114/10/07,"37,598,260","6,522,071,687",169.00,176.50,168.50,173.50,+8.00,"18,597",
114/10/08,"22,202,991","3,864,934,702",173.00,175.50,171.00,174.50,+1.00,"14,300",
114/10/09,"26,056,899","4,654,777,601",180.00,181.50,176.00,179.00,+4.50,"21,523",
114/10/13,"23,359,719","4,026,505,971",173.50,174.50,171.00,173.00,-6.00,"25,329",
114/10/14,"26,312,905","4,544,215,029",175.00,176.50,168.50,169.50,-3.50,"13,426",
114/10/15,"21,690,968","3,796,777,502",172.00,178.00,170.00,178.00,+8.50,"12,006",
114/10/16,"53,001,009","9,963,266,158",180.00,191.50,180.00,191.50,+13.50,"31,396",
114/10/17,"43,134,582","8,460,371,168",191.50,199.50,189.50,196.00,+4.50,"27,309",
114/10/20,"24,539,310","4,846,189,177",193.50,200.50,191.00,200.00,+4.00,"21,159",
114/10/21,"25,981,186","5,102,846,204",200.00,200.00,194.00,195.00,-5.00,"31,616",
114/10/22,"18,468,497","3,546,532,160",191.50,193.50,190.50,193.00,-2.00,"10,561",
114/10/23,"18,906,201","3,679,418,637",191.50,196.50,190.00,196.00,+3.00,"9,977",
114/10/27,"31,093,761","6,273,392,811",202.00,205.00,198.00,202.50,+6.50,"17,403",
114/10/28,"21,533,507","4,329,934,617",199.50,203.00,198.00,203.00,+0.50,"10,993",
114/10/29,"43,197,354","9,306,544,526",205.00,222.50,204.50,221.00,+18.00,"30,358",
114/10/30,"46,443,915","10,386,573,530",220.00,227.50,219.00,225.00,+4.00,"49,882",
114/10/31,"54,452,771","13,230,329,914",225.50,247.50,225.00,247.50,+22.50,"43,550",
114/11/03,"40,987,691","10,095,477,504",248.50,251.00,242.50,246.00,-1.50,"26,587",
114/11/04,"38,818,042","9,423,822,762",248.50,251.50,237.00,239.00,-7.00,"38,041",
114/11/05,"33,504,726","7,828,068,488",230.00,238.50,230.00,235.00,-4.00,"26,501",
114/11/06,"25,136,478","5,932,599,302",239.50,241.50,233.50,234.00,-1.00,"21,056",
114/11/07,"20,331,388","4,655,994,967",231.00,233.00,226.50,228.50,-5.50,"15,378",
114/11/10,"22,657,022","5,190,294,138",229.00,232.00,227.00,228.50, 0.00,"11,936",
114/11/11,"18,882,037","4,308,535,484",230.00,232.00,226.00,228.00,-0.50,"13,344",
114/11/12,"16,586,706","3,770,104,195",227.00,229.50,225.00,227.00,-1.00,"10,978",
114/11/13,"20,996,920","4,818,443,634",227.00,233.50,225.50,231.50,+4.50,"13,288",
114/11/14,"21,031,089","4,690,521,900",224.50,225.00,220.50,222.50,-9.00,"18,186",
114/11/17,"24,986,658","5,544,102,630",224.00,225.50,219.50,220.00,-2.50,"14,488",
114/11/18,"27,179,570","5,857,417,808",220.00,222.50,212.00,215.00,-5.00,"18,472",
114/11/19,"42,363,137","8,865,144,735",211.00,212.50,206.00,209.50,-5.50,"21,874",
114/11/20,"39,495,694","8,600,656,018",213.00,222.50,210.50,222.50,+13.00,"21,646",
114/11/21,"33,914,940","7,068,364,435",210.00,212.00,206.00,209.00,-13.50,"22,419",
114/11/24,"33,678,009","7,120,402,934",212.00,215.00,210.00,210.50,+1.50,"13,240",
114/11/25,"23,999,776","5,102,637,789",216.50,218.00,209.50,212.00,+1.50,"13,720",
114/11/26,"20,380,365","4,446,419,239",217.00,221.50,214.50,217.50,+5.50,"14,051",
114/11/27,"37,855,605","8,683,056,166",223.50,234.50,223.50,230.50,+13.00,"25,650",
114/11/28,"25,774,907","5,873,994,672",229.00,230.50,225.00,229.50,-1.00,"16,307",
114/12/01,"28,174,890","6,373,952,083",227.00,230.00,223.00,224.50,-5.00,"16,669",
114/12/02,"23,665,451","5,434,750,129",228.50,233.50,227.00,228.50,+4.00,"14,318",
114/12/03,"16,274,697","3,723,470,375",233.00,233.00,226.50,229.00,+0.50,"10,560",
114/12/04,"17,856,159","4,057,962,087",231.00,231.00,225.00,228.00,-1.00,"10,088",
114/12/05,"13,666,668","3,124,829,766",227.50,231.00,224.50,231.00,+3.00,"8,790",
114/12/08,"23,767,419","5,623,489,955",233.00,238.50,233.00,237.50,+6.50,"16,770",
114/12/09,"25,895,726","6,242,062,656",238.50,245.00,236.50,240.00,+2.50,"21,857",
114/12/10,"19,559,684","4,765,068,860",240.50,246.50,239.00,244.50,+4.50,"15,834",
114/12/11,"17,621,624","4,312,833,603",247.00,247.50,243.00,244.50, 0.00,"15,227",
114/12/12,"13,651,605","3,326,840,639",245.50,248.00,241.50,243.50,-1.00,"23,163",
114/12/15,"18,212,287","4,272,427,990",237.50,237.50,232.50,234.00,-9.50,"24,946",
114/12/16,"23,224,868","5,325,947,969",231.00,234.50,226.00,229.00,-5.00,"16,029",
114/12/17,"14,265,332","3,252,279,794",226.00,230.50,226.00,228.50,-0.50,"9,732",
114/12/18,"16,464,087","3,649,207,496",223.00,224.50,219.50,222.00,-6.50,"14,517",
114/12/19,"23,088,421","5,263,190,040",227.50,229.50,224.50,229.50,+7.50,"8,880",
114/12/22,"16,911,163","3,932,249,458",234.00,235.00,231.00,232.00,+2.50,"8,761",
114/12/23,"16,419,720","3,849,579,679",232.00,236.00,231.50,234.50,+2.50,"8,958",
114/12/24,"19,221,744","4,509,194,741",237.00,237.50,230.50,234.50, 0.00,"12,125",
114/12/26,"17,100,843","4,074,468,275",235.00,240.50,233.50,240.50,+6.00,"10,079",
114/12/29,"25,589,500","6,340,784,791",245.00,253.00,240.00,251.00,+10.50,"27,933",
114/12/30,"15,115,627","3,756,065,314",249.50,251.00,244.00,249.00,-2.00,"21,553",
114/12/31,"18,701,048","4,694,730,581",247.50,255.00,246.00,250.50,+1.50,"22,383",
115/01/02,"24,219,119","6,227,577,620",253.00,264.00,250.00,258.00,+7.50,"43,799",
115/01/05,"22,769,643","5,921,223,185",263.50,264.00,251.50,263.50,+5.50,"24,203",
115/01/06,"29,433,817","7,967,863,551",270.50,273.50,267.00,271.50,+8.00,"22,574",
115/01/07,"29,114,025","8,055,491,884",277.50,281.50,273.50,275.00,+3.50,"32,098",
115/01/08,"21,053,115","5,726,661,926",275.50,276.50,268.00,273.50,-1.50,"27,325",
115/01/09,"17,928,197","4,831,620,413",273.00,274.00,261.50,272.00,-1.50,"23,528",
115/01/12,"24,777,955","7,029,714,853",280.00,296.00,275.00,283.00,+11.00,"24,188",
115/01/13,"28,537,797","8,292,625,525",289.00,294.50,287.00,289.50,+6.50,"37,683",
115/01/14,"18,621,487","5,441,089,032",290.50,295.00,287.00,294.50,+5.00,"22,032",
115/01/15,"15,934,987","4,669,771,907",294.50,298.50,288.50,298.50,+4.00,"15,977",
115/01/16,"29,088,654","8,779,918,811",301.50,308.50,298.00,303.50,+5.00,"22,449",
115/01/19,"18,992,941","5,705,715,867",303.50,306.00,296.50,299.00,-4.50,"19,364",
115/01/20,"15,394,474","4,544,087,543",292.50,299.00,292.00,296.00,-3.00,"12,905",
115/01/21,"20,850,621","6,118,441,121",295.00,298.00,290.00,291.00,-5.00,"14,016",
115/01/22,"20,996,469","6,297,969,987",300.00,305.50,294.00,298.00,+7.00,"13,781",
115/01/23,"25,150,591","7,704,235,370",303.00,313.00,298.50,307.50,+9.50,"27,767",
115/01/26,"15,664,949","4,870,658,108",308.50,315.00,306.00,312.00,+4.50,"16,714",
115/01/27,"12,417,082","3,837,613,802",314.50,314.50,306.50,306.50,-5.50,"12,893",
115/01/28,"21,034,864","6,599,466,031",312.50,317.00,310.50,314.00,+7.50,"11,960",
115/01/29,"20,052,932","6,239,675,066",314.00,317.50,308.50,310.00,-4.00,"16,318",
115/01/30,"25,945,896","7,742,982,144",305.00,305.50,295.50,297.00,-13.00,"19,898",
115/02/02,"13,901,958","4,061,005,832",294.00,298.00,288.50,292.00,-5.00,"14,836",
115/02/03,"20,529,840","6,192,231,437",303.50,306.50,296.50,302.00,+10.00,"21,936",
115/02/04,"12,752,984","3,853,629,144",302.00,304.00,299.50,302.50,+0.50,"15,490",
115/02/05,"39,739,328","11,278,734,850",294.00,296.00,279.00,284.00,-18.50,"39,501",
115/02/06,"53,071,048","16,138,450,140",303.00,309.00,298.00,304.50,+20.50,"34,923",
115/02/09,"35,712,116","11,625,601,480",319.50,330.00,316.50,327.00,+22.50,"46,636",
115/02/10,"34,343,709","11,956,446,883",358.00,359.00,341.50,344.00,+17.00,"26,681",
115/02/11,"21,200,491","7,434,683,043",350.00,356.50,345.00,354.50,+10.50,"17,610",
115/02/23,"41,310,197","14,769,572,898",376.00,376.00,348.00,349.00,-5.50,"31,050",
115/02/24,"34,632,289","12,927,642,109",360.00,383.00,358.50,381.50,+32.50,"25,764",
115/02/25,"29,544,065","11,403,083,229",385.00,392.00,378.50,389.00,+7.50,"21,584",
115/02/26,"40,211,654","15,587,210,616",388.00,394.00,381.00,387.50,-1.50,"19,112",
115/03/02,"26,177,963","9,735,168,997",358.50,382.00,358.50,370.50,-17.00,"29,085",
115/03/03,"30,596,470","11,088,855,855",366.00,377.50,354.50,359.50,-11.00,"33,302",
115/03/04,"34,857,620","11,578,386,721",341.00,347.00,325.50,327.50,-32.00,"36,474",
115/03/05,"34,618,546","12,146,378,693",343.50,357.00,342.50,353.50,+26.00,"24,641",
115/03/06,"13,941,486","4,786,847,811",346.00,349.50,339.00,342.00,-11.50,"18,767",
115/03/09,"31,312,536","9,776,621,007",308.00,320.00,308.00,320.00,-22.00,"27,675",
115/03/10,"25,037,912","8,517,467,685",336.00,348.00,332.50,335.50,+15.50,"20,339",
115/03/11,"16,983,297","5,853,063,388",346.00,347.00,340.50,345.50,+10.00,"15,319",
115/03/12,"17,240,300","5,804,270,338",341.00,348.00,331.00,335.00,-10.50,"19,381",
115/03/13,"14,244,185","4,810,664,187",334.00,343.00,326.50,341.50,+6.50,"11,627",
115/03/16,"12,359,954","4,192,049,340",343.50,347.00,335.00,337.50,-4.00,"14,315",
115/03/17,"12,206,096","4,171,070,167",343.00,345.50,339.00,342.00,+4.50,"10,214",
115/03/18,"27,008,427","9,645,833,321",348.00,363.00,348.00,357.50,+15.50,"25,020",
115/03/19,"18,102,299","6,305,209,188",347.50,353.00,340.50,347.00,-10.50,"19,623",
115/03/20,"22,723,737","7,838,784,228",348.00,352.00,340.50,344.00,-3.00,"14,115",
115/03/23,"15,488,450","5,071,613,808",319.00,331.00,318.50,329.50,-14.50,"16,051",
115/03/24,"10,933,076","3,660,863,435",338.00,341.00,329.00,332.50,+3.00,"9,703",
115/03/25,"16,820,631","5,929,024,139",349.50,357.50,347.00,352.00,+19.50,"15,986",
115/03/26,"19,941,819","7,191,078,917",353.00,366.00,352.50,359.00,+7.00,"19,454",
115/03/27,"17,087,472","5,942,922,234",347.50,354.00,342.50,353.50,-5.50,"15,599",
115/03/30,"16,289,398","5,671,455,629",343.00,355.00,342.00,353.50, 0.00,"12,798",
115/03/31,"27,274,107","9,105,007,764",342.00,345.00,328.50,328.50,-25.00,"22,695",
115/04/01,"18,680,325","6,642,583,373",345.00,361.00,344.50,361.00,+32.50,"20,707",
115/04/02,"24,470,659","8,925,309,806",375.50,375.50,356.00,361.00, 0.00,"21,446",
115/04/07,"14,027,586","4,962,953,492",361.50,366.00,348.50,352.00,-9.00,"17,148",
115/04/08,"25,746,033","9,745,870,611",364.00,385.00,364.00,383.00,+31.00,"25,565",
115/04/09,"21,207,383","8,273,304,369",387.00,394.50,381.00,392.00,+9.00,"18,901",
115/04/10,"17,172,884","6,718,399,520",390.00,397.50,385.00,393.00,+1.00,"15,614",
115/04/13,"25,890,114","10,798,205,189",415.50,428.00,403.00,417.50,+24.50,"27,451",
115/04/14,"19,084,721","8,165,679,444",430.00,437.00,421.00,424.00,+6.50,"22,391",
115/04/15,"30,888,147","13,815,468,711",431.50,460.00,431.00,446.50,+22.50,"28,950",
115/04/16,"23,542,998","10,494,365,423",450.00,453.00,436.00,450.50,+4.00,"25,880",
115/04/17,"25,602,127","11,510,459,299",441.00,463.00,437.50,442.00,-8.50,"28,290",
115/04/20,"22,395,591","10,399,840,744",457.00,473.00,454.50,461.50,+19.50,"22,341",
115/04/21,"17,685,768","8,318,708,410",467.00,476.00,461.00,472.00,+10.50,"18,643",
115/04/22,"17,019,631","7,953,811,065",462.00,473.00,460.50,465.00,-7.00,"21,660",
115/04/23,"26,843,992","12,728,191,619",474.50,497.50,456.00,464.50,-0.50,"31,770",
115/04/24,"27,381,879","13,360,922,959",467.50,500.00,467.50,496.00,+31.50,"32,927",
115/04/27,"30,165,500","15,215,417,653",517.00,523.00,495.50,495.50,-0.50,"35,994",
115/04/28,"22,748,609","11,276,179,093",489.00,510.00,483.50,495.50, 0.00,"25,861",
115/04/29,"22,424,827","10,813,591,596",487.00,492.00,472.50,488.50,-7.00,"38,781",
115/04/30,"36,584,546","18,048,556,588",490.50,512.00,478.00,478.00,-10.50,"41,278",
115/05/04,"27,594,760","14,320,863,146",497.00,525.00,497.00,525.00,+47.00,"26,941",
115/05/05,"38,106,905","20,078,034,386",525.00,544.00,519.00,520.00,-5.00,"54,584",
115/05/06,"31,498,923","16,598,707,124",541.00,544.00,514.00,524.00,+4.00,"34,671",
115/05/07,"24,883,728","13,544,812,207",548.00,558.00,534.00,540.00,+16.00,"30,873",
115/05/08,"23,722,301","12,355,793,802",524.00,529.00,511.00,516.00,-24.00,"48,029",
115/05/11,"22,625,012","12,026,456,309",526.00,546.00,513.00,537.00,+21.00,"26,831",
115/05/12,"30,939,967","17,308,709,039",537.00,579.00,533.00,555.00,+18.00,"36,657",
115/05/13,"24,676,716","13,487,001,314",535.00,557.00,534.00,548.00,-7.00,"29,835",
115/05/14,"14,595,546","8,075,575,087",555.00,564.00,548.00,548.00, 0.00,"19,929",
115/05/15,"18,822,126","10,366,558,361",555.00,564.00,537.00,547.00,-1.00,"25,267",
115/05/18,"26,645,271","13,555,518,566",529.00,529.00,500.00,510.00,-37.00,"58,935",
115/05/19,"36,960,604","17,726,412,015",490.00,495.50,472.00,472.00,-38.00,"73,579",
115/05/20,"25,742,575","12,196,107,276",465.00,481.50,465.00,476.00,+4.00,"28,693",
115/05/21,"19,822,547","10,040,987,143",499.00,511.00,496.50,510.00,+34.00,"23,695",
115/05/22,"31,183,324","17,204,233,478",535.00,561.00,524.00,561.00,+51.00,"41,443",
