日期,成交股數,成交金額,開盤價,最高價,最低價,收盤價,漲跌價差,成交筆數,註記
109/01/02,"2,258,338","310,144,644",138.50,139.00,136.50,137.50,-0.50,"1,379",
109/01/03,"2,412,415","329,277,855",137.50,138.00,135.50,136.50,-1.00,"1,591",
109/01/06,"3,738,147","506,695,551",137.00,137.50,134.50,135.00,-1.50,"1,666",
109/01/07,"5,445,314","751,124,711",136.50,139.00,136.50,138.50,+3.50,"2,696",
109/01/08,"3,474,094","474,592,378",137.50,137.50,135.50,136.50,-2.00,"1,864",
109/01/09,"2,297,829","315,193,979",137.50,138.00,136.00,137.00,+0.50,"1,456",
109/01/10,"2,911,278","399,135,215",137.50,138.50,136.00,137.50,+0.50,"1,904",
109/01/13,"5,206,716","727,605,583",139.50,140.50,138.50,140.00,+2.50,"2,846",
109/01/14,"5,313,380","753,565,460",140.50,142.50,140.50,142.50,+2.50,"2,778",
109/01/15,"3,531,305","503,815,310",142.50,143.50,141.50,142.50, 0.00,"2,147",
109/01/16,"2,397,339","342,074,477",143.00,143.00,141.50,143.00,+0.50,"1,418",
109/01/17,"2,245,659","319,600,391",143.50,143.50,141.50,142.50,-0.50,"1,257",
109/01/20,"1,475,465","210,071,995",143.00,143.50,142.00,142.50, 0.00,872,
109/01/30,"13,458,137","1,745,041,810",133.50,134.00,128.50,128.50,-14.00,"7,367",
109/01/31,"8,288,630","1,052,765,028",128.50,129.50,125.50,127.00,-1.50,"4,135",
109/02/03,"8,794,413","1,072,301,172",122.50,123.00,120.00,122.50,-4.50,"4,650",
109/02/04,"5,261,674","670,593,620",125.00,129.00,124.50,128.00,+5.50,"2,919",
109/02/05,"5,359,175","691,479,813",129.50,130.50,126.00,129.50,+1.50,"2,848",
109/02/06,"3,607,255","473,152,262",130.50,132.00,129.50,132.00,+2.50,"2,189",
109/02/07,"4,717,184","604,704,126",131.00,131.00,126.50,126.50,-5.50,"2,963",
109/02/10,"5,352,068","662,744,086",123.00,126.50,121.00,126.00,-0.50,"3,004",
109/02/11,"3,129,401","393,920,927",126.00,127.00,125.00,126.00, 0.00,"2,114",
109/02/12,"4,532,998","567,465,246",125.50,127.00,123.50,126.00, 0.00,"2,417",
109/02/13,"3,749,703","474,704,281",126.50,128.00,126.00,126.00, 0.00,"2,110",
109/02/14,"2,486,413","310,867,227",125.50,125.50,124.00,125.50,-0.50,"1,622",
109/02/17,"4,059,089","517,198,981",126.00,129.00,125.00,128.50,+3.00,"2,342",
109/02/18,"2,938,766","377,626,418",128.00,129.00,128.00,128.00,-0.50,"1,799",
109/02/19,"2,448,992","314,896,457",128.50,129.50,127.50,128.00, 0.00,"1,835",
109/02/20,"7,011,499","882,789,374",128.50,128.50,124.50,124.50,-3.50,"3,745",
109/02/21,"3,437,534","428,037,502",125.50,125.50,124.00,124.50, 0.00,"2,118",
109/02/24,"9,863,597","1,189,650,237",122.00,122.50,119.00,120.00,-4.50,"5,846",
109/02/25,"7,906,442","933,713,312",116.00,120.00,115.50,118.00,-2.00,"4,493",
109/02/26,"6,380,626","748,285,368",116.50,118.00,116.50,117.00,-1.00,"4,129",
109/02/27,"6,549,317","759,757,272",117.00,118.00,115.00,115.00,-2.00,"3,597",
109/03/02,"9,369,736","1,060,610,370",113.50,116.00,110.00,114.00,-1.00,"4,452",
109/03/03,"5,181,561","603,940,637",116.50,117.50,116.00,116.00,+2.00,"2,990",
109/03/04,"5,471,539","626,640,234",116.00,116.50,113.50,114.50,-1.50,"2,768",
109/03/05,"5,494,412","644,904,056",116.00,118.50,116.00,118.00,+3.50,"2,439",
109/03/06,"7,944,034","915,515,400",116.50,117.00,114.00,114.50,-3.50,"3,355",
109/03/09,"12,752,997","1,381,551,426",110.00,111.00,107.00,107.00,-7.50,"7,037",
109/03/10,"9,895,216","1,034,192,612",102.00,107.00,102.00,106.00,-1.00,"5,676",
109/03/11,"8,699,304","939,430,847",108.00,110.00,106.00,106.00, 0.00,"4,735",
109/03/12,"10,443,943","1,064,050,686",106.50,106.50,100.00,101.50,-4.50,"5,446",
109/03/13,"15,277,843","1,425,813,321",95.10,97.40,91.50,97.40,-4.10,"8,916",
109/03/16,"9,021,499","855,605,596",96.50,96.50,93.20,94.00,-3.40,"5,761",
109/03/17,"15,107,341","1,339,717,531",89.00,91.40,87.10,87.30,-6.70,"9,469",
109/03/18,"11,706,164","1,020,155,493",87.90,89.00,86.20,86.30,-1.00,"6,359",
109/03/19,"12,109,335","947,410,264",80.30,80.90,77.70,77.70,-8.60,"5,583",
109/03/20,"14,511,478","1,201,147,681",78.90,85.40,78.50,85.40,+7.70,"7,955",
109/03/23,"9,145,594","730,603,261",79.80,81.50,77.00,80.10,-5.30,"4,908",
109/03/24,"7,244,256","633,631,628",84.60,88.10,84.50,87.10,+7.00,"3,924",
109/03/25,"10,233,842","945,202,064",93.20,93.90,90.50,91.00,+3.90,"6,363",
109/03/26,"11,089,229","1,041,181,956",92.10,97.60,90.50,96.50,+5.50,"6,590",
109/03/27,"9,494,763","937,468,759",99.60,102.00,96.10,96.70,+0.20,"6,087",
109/03/30,"6,280,926","584,423,897",92.70,94.60,91.30,93.70,-3.00,"4,016",
109/03/31,"10,993,526","1,020,565,492",94.60,96.20,91.50,91.50,-2.20,"5,881",
109/04/01,"5,266,259","484,732,030",91.00,93.00,90.70,92.30,+0.80,"3,535",
109/04/06,"13,263,691","1,198,997,714",90.00,91.50,89.20,91.10,-1.20,"7,114",
109/04/07,"11,693,784","1,106,159,295",93.90,95.70,93.50,94.50,+3.40,"6,022",
109/04/08,"5,893,365","562,170,415",94.00,96.50,93.90,96.10,+1.60,"3,711",
109/04/09,"4,980,647","478,306,891",97.30,97.40,95.10,96.30,+0.20,"3,194",
109/04/10,"4,398,938","426,073,562",96.10,98.20,95.30,98.20,+1.90,"2,839",
109/04/13,"3,132,152","303,929,044",98.40,98.50,96.30,96.40,-1.80,"2,233",
109/04/14,"5,867,064","577,277,864",96.40,100.00,95.80,100.00,+3.60,"3,833",
109/04/15,"7,298,999","743,013,897",101.50,103.00,100.00,102.00,+2.00,"4,445",
109/04/16,"6,890,016","685,577,100",99.80,100.50,98.50,99.60,-2.40,"4,239",
109/04/17,"6,213,986","627,072,975",101.50,102.50,99.30,99.50,-0.10,"3,880",
109/04/20,"2,962,445","297,448,645",100.50,101.00,99.70,101.00,+1.50,"1,780",
109/04/21,"7,083,625","694,469,325",99.20,100.00,96.40,96.50,-4.50,"4,992",
109/04/22,"4,487,265","431,806,479",95.50,97.10,95.20,97.00,+0.50,"3,303",
109/04/23,"3,269,079","319,966,264",97.20,99.00,97.10,97.90,+0.90,"2,166",
109/04/24,"3,457,320","342,689,597",99.80,99.80,98.50,98.70,+0.80,"2,404",
109/04/27,"3,721,978","374,210,956",100.50,101.50,99.40,101.00,+2.30,"2,142",
109/04/28,"4,663,344","477,609,595",102.00,103.50,101.00,103.00,+2.00,"2,820",
109/04/29,"10,709,380","1,164,950,180",104.50,112.00,104.00,111.00,+8.00,"6,735",
109/04/30,"10,325,331","1,178,918,870",112.50,116.00,112.50,114.50,+3.50,"6,006",
109/05/04,"9,531,472","1,041,701,920",110.50,110.50,108.00,108.50,-6.00,"5,518",
109/05/05,"6,184,206","683,597,106",109.00,112.00,109.00,110.50,+2.00,"3,348",
109/05/06,"6,704,528","750,617,164",110.00,114.00,108.50,113.00,+2.50,"4,333",
109/05/07,"4,861,981","547,026,691",112.50,113.50,111.50,113.00, 0.00,"2,979",
109/05/08,"3,776,728","426,851,620",114.50,114.50,111.50,113.00, 0.00,"2,501",
109/05/11,"5,636,021","655,171,457",114.00,117.50,113.50,116.50,+3.50,"3,668",
109/05/12,"3,868,544","448,014,648",116.00,116.50,115.00,116.00,-0.50,"2,614",
109/05/13,"4,414,496","505,442,008",113.50,116.50,112.50,116.50,+0.50,"2,561",
109/05/14,"6,373,618","728,698,974",116.00,116.00,112.50,113.00,-3.50,"3,401",
109/05/15,"6,746,901","757,276,252",114.00,115.00,110.00,112.50,-0.50,"2,818",
109/05/18,"2,560,498","285,933,276",111.00,113.00,110.50,111.50,-1.00,"1,610",
109/05/19,"4,010,029","452,331,277",114.00,114.00,111.50,113.00,+1.50,"2,245",
109/05/20,"4,600,876","519,703,348",113.00,113.50,112.50,113.00, 0.00,"1,234",
109/05/21,"3,933,489","448,885,984",113.50,115.00,113.00,114.00,+1.00,"2,211",
109/05/22,"3,205,699","359,400,288",113.50,113.50,111.00,111.50,-2.50,"2,136",
109/05/25,"5,252,823","597,926,036",113.00,115.50,111.00,115.50,+4.00,"2,791",
109/05/26,"5,386,367","634,514,306",117.00,118.50,116.50,117.50,+2.00,"3,427",
109/05/27,"3,209,073","374,909,541",118.00,119.00,116.00,116.00,-1.50,"1,842",
109/05/28,"4,323,100","505,254,741",118.00,118.00,115.50,116.50,+0.50,"2,114",
109/05/29,"5,032,029","587,221,422",115.50,118.00,115.00,116.50, 0.00,"1,866",
109/06/01,"3,863,981","458,950,739",117.50,120.00,117.00,119.00,+2.50,"2,620",
109/06/02,"2,738,186","327,308,211",119.50,120.50,118.50,119.00, 0.00,"1,735",
109/06/03,"6,286,766","763,690,808",121.00,123.00,120.00,122.50,+3.50,"4,023",
109/06/04,"5,845,489","719,229,636",123.00,124.00,121.50,124.00,+1.50,"3,449",
109/06/05,"2,290,148","282,913,852",124.50,124.50,123.00,123.50,-0.50,"1,556",
109/06/08,"4,072,289","505,119,944",124.50,125.00,123.00,124.50,+1.00,"1,882",
109/06/09,"3,925,365","492,976,647",125.50,126.50,124.50,126.00,+1.50,"2,445",
109/06/10,"5,564,707","716,964,539",126.00,130.50,125.50,129.50,+3.50,"3,555",
109/06/11,"7,343,811","937,674,248",130.00,130.50,125.00,125.00,-4.50,"4,119",
109/06/12,"5,807,797","712,742,207",121.00,125.00,120.00,124.00,-1.00,"3,379",
109/06/15,"4,033,874","498,764,502",125.00,125.00,122.50,123.00,-1.00,"2,290",
109/06/16,"4,116,616","521,008,514",124.50,128.00,124.00,127.50,+4.50,"2,559",
109/06/17,"3,007,698","383,934,976",128.50,129.00,126.50,127.00,-0.50,"2,037",
109/06/18,"3,454,895","440,839,955",128.00,128.50,126.00,128.00,+1.00,"1,822",
109/06/19,"4,683,846","596,889,788",128.50,129.00,127.00,127.00,-1.00,"2,164",
109/06/22,"5,671,334","722,869,895",127.00,128.50,126.50,128.00,+1.00,"2,936",
109/06/23,"7,589,262","902,564,440",119.50,120.50,117.00,118.50,X0.00,"4,593",
109/06/24,"2,656,984","317,077,559",119.50,120.00,118.50,119.00,+0.50,"1,662",
109/06/29,"6,385,609","758,429,689",118.50,120.00,117.50,120.00,+1.00,"2,083",
109/06/30,"5,930,010","730,060,082",120.50,125.00,120.00,125.00,+5.00,"2,596",
109/07/01,"4,007,604","504,613,104",125.00,127.00,125.00,126.00,+1.00,"2,119",
109/07/02,"5,517,922","701,789,514",126.50,128.00,126.00,126.50,+0.50,"2,508",
109/07/03,"2,591,599","329,117,863",128.00,128.00,126.50,127.00,+0.50,"1,484",
109/07/06,"3,748,386","481,390,294",127.50,129.00,127.00,129.00,+2.00,"2,092",
109/07/07,"3,864,613","495,259,256",130.00,131.00,126.50,128.50,-0.50,"2,126",
109/07/08,"2,512,251","321,881,628",128.50,128.50,127.50,128.00,-0.50,"1,512",
109/07/09,"2,251,002","288,266,256",128.50,129.00,127.50,127.50,-0.50,"1,398",
109/07/10,"3,956,050","495,255,748",127.00,127.00,124.00,125.00,-2.50,"2,012",
109/07/13,"2,243,096","281,546,096",126.00,126.50,125.00,125.50,+0.50,"1,267",
109/07/14,"3,116,366","385,421,384",125.00,125.00,122.50,123.50,-2.00,"1,748",
109/07/15,"3,109,831","384,305,609",124.00,125.00,122.50,123.50, 0.00,"1,651",
109/07/16,"3,150,712","391,600,626",123.50,126.00,123.00,123.50, 0.00,"1,645",
109/07/17,"2,966,896","365,391,104",124.00,125.00,122.00,123.00,-0.50,"1,525",
109/07/20,"2,157,224","266,607,583",123.00,124.50,122.00,124.00,+1.00,"1,003",
109/07/21,"2,426,054","304,775,906",124.50,126.00,124.50,126.00,+2.00,"1,587",
109/07/22,"1,662,727","209,299,829",126.00,126.50,125.50,126.00, 0.00,"1,049",
109/07/23,"1,563,422","195,921,672",126.00,126.00,124.50,125.00,-1.00,843,
109/07/24,"3,180,550","396,265,200",124.50,126.00,123.00,123.00,-2.00,"1,630",
109/07/27,"2,873,174","354,515,471",123.00,124.50,122.50,123.00, 0.00,"1,230",
109/07/28,"4,245,279","516,773,038",122.00,123.00,120.50,121.50,-1.50,"2,058",
109/07/29,"3,747,804","464,791,088",121.00,125.50,120.50,124.50,+3.00,"1,975",
109/07/30,"2,312,387","286,551,465",125.00,125.00,123.00,124.50, 0.00,"1,121",
109/07/31,"1,868,782","230,160,022",124.00,124.50,122.50,122.50,-2.00,"1,258",
109/08/03,"4,236,235","513,359,006",121.50,122.00,120.50,121.00,-1.50,"2,503",
109/08/04,"3,567,338","436,788,205",122.00,123.50,121.00,123.50,+2.50,"1,900",
109/08/05,"3,307,185","410,395,625",122.50,125.50,122.00,125.50,+2.00,"2,410",
109/08/06,"3,248,495","407,446,593",126.00,127.00,124.00,125.50, 0.00,"1,990",
109/08/07,"1,885,605","234,851,300",125.00,125.50,124.00,124.00,-1.50,"1,206",
109/08/10,"2,450,894","306,061,273",123.50,126.00,123.50,124.00, 0.00,"1,221",
109/08/11,"2,599,453","324,098,172",124.50,125.50,124.00,124.00, 0.00,"1,466",
109/08/12,"1,593,628","197,467,372",124.00,124.50,123.00,124.00, 0.00,"1,110",
109/08/13,"17,169,961","2,267,034,792",126.00,135.50,125.50,132.50,+8.50,"10,054",
109/08/14,"6,178,653","814,774,375",133.00,134.00,130.00,132.00,-0.50,"3,845",
109/08/17,"5,631,908","759,008,080",132.50,136.00,132.50,136.00,+4.00,"3,302",
109/08/18,"6,065,987","829,830,713",137.50,139.00,135.00,135.00,-1.00,"3,829",
109/08/19,"5,009,657","686,117,509",135.00,139.00,134.50,138.00,+3.00,"3,365",
109/08/20,"8,220,818","1,091,449,832",137.00,137.50,128.00,132.50,-5.50,"5,336",
109/08/21,"3,770,618","506,274,312",134.50,136.00,132.50,134.00,+1.50,"2,644",
109/08/24,"1,836,049","244,254,459",134.00,134.00,132.00,132.50,-1.50,"1,365",
109/08/25,"3,079,304","415,743,040",134.00,136.00,133.00,135.50,+3.00,"1,996",
109/08/26,"1,292,245","174,497,575",135.00,136.00,134.00,135.00,-0.50,"1,014",
109/08/27,"2,949,452","394,155,668",135.00,135.50,132.50,134.00,-1.00,"1,571",
109/08/28,"4,182,889","550,680,063",132.50,133.00,128.00,132.50,-1.50,"2,545",
109/08/31,"3,794,278","494,854,252",134.00,134.00,129.50,129.50,-3.00,"1,916",
109/09/01,"3,995,254","509,799,012",129.50,130.00,126.50,127.50,-2.00,"2,477",
109/09/02,"4,630,801","594,868,709",128.50,131.00,127.00,129.00,+1.50,"2,181",
109/09/03,"5,675,901","746,850,526",130.00,133.00,130.00,131.50,+2.50,"2,426",
109/09/04,"4,196,353","541,102,590",129.00,130.50,128.00,129.00,-2.50,"1,816",
109/09/07,"2,169,187","283,373,132",129.50,132.00,128.50,130.50,+1.50,"1,290",
109/09/08,"2,263,793","297,905,761",131.50,132.00,130.50,132.00,+1.50,"1,620",
109/09/09,"2,831,426","368,001,806",129.50,131.00,129.00,130.50,-1.50,"1,747",
109/09/10,"2,220,758","287,531,540",130.50,131.00,128.50,129.00,-1.50,"1,439",
109/09/11,"1,895,183","244,763,290",129.00,130.50,128.00,130.00,+1.00,"1,317",
109/09/14,"2,024,530","261,456,900",130.50,130.50,128.50,130.00, 0.00,"1,438",
109/09/15,"1,990,345","258,063,350",130.00,130.50,129.00,130.00, 0.00,"1,560",
109/09/16,"3,762,743","499,357,670",130.00,134.00,130.00,134.00,+4.00,"2,444",
109/09/17,"2,224,940","293,568,580",133.50,133.50,131.00,132.00,-2.00,"1,658",
109/09/18,"3,093,862","411,086,606",132.50,133.50,131.50,133.50,+1.50,"1,572",
109/09/21,"3,277,851","439,908,934",133.00,135.00,132.00,135.00,+1.50,"1,835",
109/09/22,"3,977,077","522,587,609",134.00,134.00,130.50,130.50,-4.50,"2,358",
109/09/23,"1,487,337","193,944,453",131.50,132.00,129.50,130.50, 0.00,"1,098",
109/09/24,"5,245,205","663,174,417",128.00,129.00,125.00,126.00,-4.50,"3,143",
109/09/25,"2,539,616","322,166,025",128.00,128.50,125.00,126.50,+0.50,"1,498",
109/09/28,"1,938,645","247,860,369",127.00,128.50,126.50,128.50,+2.00,"1,117",
109/09/29,"2,168,132","280,685,083",129.50,130.00,128.50,129.50,+1.00,"1,002",
109/09/30,"2,609,204","341,579,724",130.00,131.50,129.00,131.00,+1.50,"1,162",
109/10/05,"2,765,517","362,503,227",131.50,132.50,129.50,131.50,+0.50,"1,814",
109/10/06,"4,153,470","556,593,727",132.50,135.00,132.00,134.00,+2.50,"2,739",
109/10/07,"2,064,546","276,598,618",134.00,134.50,133.00,133.50,-0.50,"1,173",
109/10/08,"2,888,399","388,093,626",134.00,135.00,133.00,135.00,+1.50,"1,501",
109/10/12,"4,332,652","589,910,172",136.00,137.00,135.00,137.00,+2.00,"2,365",
109/10/13,"2,357,657","317,873,518",136.00,136.50,134.00,134.50,-2.50,"1,166",
109/10/14,"3,466,764","468,265,246",136.00,136.50,133.50,135.00,+0.50,"1,600",
109/10/15,"2,563,719","345,674,565",135.00,136.00,133.50,135.00, 0.00,"1,367",
109/10/16,"2,932,731","399,260,185",136.00,137.00,135.00,135.50,+0.50,"1,589",
109/10/19,"3,817,404","522,487,664",135.50,138.00,135.00,137.50,+2.00,"1,980",
109/10/20,"3,668,481","507,212,378",138.00,139.00,137.00,139.00,+1.50,"1,864",
109/10/21,"3,973,301","551,853,058",139.50,139.50,138.00,139.00, 0.00,"1,466",
109/10/22,"1,672,995","230,333,810",137.50,138.50,137.00,138.00,-1.00,989,
109/10/23,"10,102,380","1,433,624,090",140.00,144.00,139.50,144.00,+6.00,"4,868",
109/10/26,"3,768,818","544,345,874",144.00,145.00,143.00,145.00,+1.00,"2,595",
109/10/27,"2,429,994","347,531,908",143.50,144.00,142.00,143.50,-1.50,"1,468",
109/10/28,"2,962,846","416,335,649",142.50,143.00,139.50,140.00,-3.50,"2,055",
109/10/29,"2,712,125","377,140,019",137.00,140.50,137.00,139.50,-0.50,"1,668",
109/10/30,"3,102,396","430,164,269",139.00,139.50,137.50,138.50,-1.00,"1,428",
109/11/02,"3,556,148","500,756,961",138.50,142.00,138.00,141.00,+2.50,"1,800",
109/11/03,"3,284,821","469,333,462",141.00,145.00,140.00,144.00,+3.00,"1,832",
109/11/04,"3,311,068","484,579,586",144.00,148.00,143.50,147.00,+3.00,"2,387",
109/11/05,"4,220,800","625,471,494",147.50,149.50,146.50,147.50,+0.50,"1,937",
109/11/06,"2,864,120","426,596,306",147.50,150.00,147.00,150.00,+2.50,"2,057",
109/11/09,"5,796,414","892,901,446",152.00,157.50,151.00,154.50,+4.50,"3,707",
109/11/10,"5,173,330","819,960,134",157.50,160.00,156.50,159.00,+4.50,"3,650",
109/11/11,"6,781,483","1,092,353,390",159.00,162.50,158.50,161.50,+2.50,"4,070",
109/11/12,"4,459,980","718,561,014",163.00,163.00,160.00,161.00,-0.50,"2,066",
109/11/13,"6,190,650","978,639,909",159.00,160.00,157.00,159.00,-2.00,"2,781",
109/11/16,"4,209,586","683,212,706",159.00,164.00,159.00,163.00,+4.00,"2,833",
109/11/17,"3,845,548","637,018,500",163.00,167.50,163.00,167.50,+4.50,"2,522",
109/11/18,"3,492,456","577,046,247",165.50,167.00,164.00,166.00,-1.50,"2,424",
109/11/19,"2,508,513","417,079,070",166.00,167.50,165.00,166.00, 0.00,"1,603",
109/11/20,"4,917,523","803,626,269",165.50,166.00,162.00,163.00,-3.00,"2,283",
109/11/23,"2,745,280","454,677,752",164.00,167.00,163.50,166.00,+3.00,"1,787",
109/11/24,"3,809,199","632,090,145",165.00,167.50,164.50,166.50,+0.50,"1,753",
109/11/25,"6,029,843","967,386,622",165.50,166.50,158.00,159.50,-7.00,"4,466",
109/11/26,"3,877,088","624,603,355",159.50,163.00,158.50,162.50,+3.00,"2,509",
109/11/27,"2,499,014","401,028,152",163.00,163.00,159.50,160.50,-2.00,"1,874",
109/11/30,"9,909,383","1,553,754,011",160.50,160.50,156.00,156.00,-4.50,"3,639",
109/12/01,"2,439,319","385,968,557",156.50,159.50,156.00,159.50,+3.50,"1,744",
109/12/02,"3,431,088","552,028,551",160.00,162.00,159.00,161.50,+2.00,"2,018",
109/12/03,"4,357,318","687,948,800",160.50,161.00,156.50,158.00,-3.50,"3,273",
109/12/04,"2,676,105","426,779,861",159.00,160.50,158.00,159.00,+1.00,"1,819",
109/12/07,"2,981,406","471,178,141",159.00,159.50,157.00,158.50,-0.50,"1,893",
109/12/08,"3,118,950","485,646,247",157.00,158.00,154.50,156.50,-2.00,"2,308",
109/12/09,"1,538,859","240,287,418",157.00,157.00,155.50,156.50, 0.00,"1,186",
109/12/10,"1,866,944","289,006,475",155.00,155.50,154.00,155.00,-1.50,"1,459",
109/12/11,"2,400,390","372,348,966",155.00,157.50,153.50,155.00, 0.00,"1,724",
109/12/14,"3,002,957","457,431,189",154.00,155.00,151.50,152.00,-3.00,"1,972",
109/12/15,"5,207,916","816,861,678",153.00,158.00,152.50,158.00,+6.00,"2,982",
109/12/16,"5,012,543","805,743,623",159.00,163.00,157.50,163.00,+5.00,"3,414",
109/12/17,"6,120,365","1,008,176,718",163.00,166.00,163.00,165.00,+2.00,"3,749",
109/12/18,"5,461,474","889,694,076",164.00,164.50,161.50,164.00,-1.00,"2,225",
109/12/21,"2,440,507","403,343,634",163.50,166.00,162.50,166.00,+2.00,"1,770",
109/12/22,"2,196,447","359,294,485",165.50,165.50,160.50,162.50,-3.50,"1,687",
109/12/23,"2,218,714","355,672,477",161.50,161.50,159.50,159.50,-3.00,"1,138",
109/12/24,"1,948,687","314,738,305",160.00,163.50,160.00,160.50,+1.00,"1,308",
109/12/25,"1,092,038","175,694,052",161.50,162.50,159.50,160.00,-0.50,700,
109/12/28,"2,116,275","344,864,101",160.50,165.00,160.00,162.50,+2.50,"1,627",
109/12/29,"2,143,893","353,235,773",162.50,165.50,162.00,165.50,+3.00,"1,561",
109/12/30,"1,687,158","280,795,752",165.50,167.50,164.50,167.00,+1.50,"1,492",
109/12/31,"2,342,195","395,460,199",167.00,170.50,167.00,168.00,+1.00,"1,776",
110/01/04,"1,815,139","303,589,386",166.00,170.00,165.50,167.50,-0.50,"1,388",
110/01/05,"1,646,298","273,412,425",168.00,168.00,165.50,166.00,-1.50,"1,096",
110/01/06,"3,541,364","589,409,793",165.50,170.00,164.00,165.50,-0.50,"2,192",
110/01/07,"2,056,804","346,308,910",167.00,169.50,166.50,169.00,+3.50,"1,395",
110/01/08,"2,236,437","380,022,617",169.00,171.50,168.00,170.00,+1.00,"1,588",
110/01/11,"1,967,362","332,694,935",168.50,171.00,167.00,170.00, 0.00,"1,430",
110/01/12,"2,206,534","369,213,776",170.50,170.50,165.50,168.00,-2.00,"1,640",
110/01/13,"4,101,623","700,540,062",168.00,172.00,167.00,172.00,+4.00,"2,330",
110/01/14,"2,908,676","505,514,931",172.00,175.50,170.50,172.50,+0.50,"2,069",
110/01/15,"2,291,101","391,875,540",173.00,173.00,169.50,170.00,-2.50,"1,658",
110/01/18,"2,292,369","385,422,640",170.00,170.50,166.00,168.50,-1.50,"1,472",
110/01/19,"3,218,841","546,401,190",167.50,173.00,167.50,168.50, 0.00,"1,708",
110/01/20,"4,483,985","754,728,176",168.50,171.00,166.50,168.00,-0.50,"2,481",
110/01/21,"2,562,046","429,276,467",168.50,169.50,166.50,166.50,-1.50,"1,960",
110/01/22,"2,856,643","477,739,421",166.50,168.50,165.00,168.00,+1.50,"1,971",
110/01/25,"2,035,502","341,820,933",168.50,169.50,166.00,169.00,+1.00,"1,549",
110/01/26,"4,783,898","784,472,160",168.50,169.00,162.50,162.50,-6.50,"3,816",
110/01/27,"3,597,703","582,069,993",163.00,164.00,160.50,161.00,-1.50,"2,010",
110/01/28,"4,259,161","680,225,998",161.00,162.50,158.00,159.50,-1.50,"2,707",
110/01/29,"5,572,773","866,801,065",158.00,159.00,154.00,155.00,-4.50,"3,659",
110/02/01,"4,737,887","734,478,010",152.50,159.00,150.50,158.00,+3.00,"2,970",
110/02/02,"3,107,532","503,567,989",157.50,164.50,157.00,163.00,+5.00,"2,206",
110/02/03,"2,128,165","344,211,209",161.50,162.50,160.00,162.50,-0.50,"1,017",
110/02/04,"2,748,523","450,990,133",162.50,166.00,161.00,164.00,+1.50,"1,966",
110/02/05,"2,678,794","436,413,226",163.00,165.00,161.00,164.00, 0.00,"1,721",
110/02/17,"7,608,730","1,302,411,430",167.50,174.50,167.50,172.50,+8.50,"4,759",
110/02/18,"3,535,480","612,930,474",172.50,175.00,171.50,173.50,+1.00,"2,259",
110/02/19,"4,107,944","714,261,006",174.00,176.00,171.50,174.50,+1.00,"2,729",
110/02/22,"5,063,140","872,818,681",173.50,175.00,170.50,170.50,-4.00,"2,635",
110/02/23,"5,047,328","879,650,489",171.00,177.00,169.50,175.50,+5.00,"2,937",
110/02/24,"3,705,160","654,386,911",175.00,178.00,175.00,176.50,+1.00,"2,152",
110/02/25,"4,969,193","896,323,353",178.00,182.00,176.50,180.50,+4.00,"3,174",
110/02/26,"7,581,817","1,315,625,373",179.50,179.50,171.50,172.00,-8.50,"4,095",
110/03/02,"4,257,552","732,554,843",174.00,175.00,170.00,170.00,-2.00,"2,731",
110/03/03,"3,046,006","528,647,327",172.50,175.00,170.50,174.50,+4.50,"1,744",
110/03/04,"4,029,396","691,928,841",174.00,174.00,170.00,172.00,-2.50,"2,010",
110/03/05,"3,995,016","672,789,475",168.50,170.00,166.00,170.00,-2.00,"2,797",
110/03/08,"3,584,084","610,575,090",170.50,172.50,169.00,170.50,+0.50,"1,719",
110/03/09,"2,644,207","456,714,467",170.50,174.50,170.00,173.50,+3.00,"1,585",
110/03/10,"2,530,241","446,038,978",174.00,177.50,174.00,177.00,+3.50,"1,862",
110/03/11,"8,343,028","1,549,971,415",178.50,191.00,178.00,190.00,+13.00,"5,843",
110/03/12,"4,947,409","910,484,114",188.50,189.00,180.50,182.50,-7.50,"3,684",
110/03/15,"4,404,028","817,959,472",182.00,188.00,182.00,187.50,+5.00,"2,468",
110/03/16,"6,170,379","1,183,663,844",190.00,195.00,188.00,191.50,+4.00,"3,362",
110/03/17,"2,911,864","556,873,284",190.50,193.00,190.00,191.00,-0.50,"2,084",
110/03/18,"3,728,770","718,893,714",191.00,195.50,190.00,190.50,-0.50,"2,339",
110/03/19,"5,647,057","1,051,005,056",188.50,189.50,183.50,187.00,-3.50,"3,285",
110/03/22,"2,576,313","474,063,259",186.00,186.50,182.50,183.00,-4.00,"2,090",
110/03/23,"1,518,906","278,427,150",183.50,185.00,182.00,183.00, 0.00,"1,153",
110/03/24,"1,648,409","296,878,185",182.00,184.50,181.00,184.50,+1.50,"1,000",
110/03/25,"1,300,333","238,825,986",184.00,185.50,182.50,184.00,-0.50,890,
110/03/26,"4,355,891","828,481,918",187.00,192.00,187.00,191.50,+7.50,"2,917",
110/03/29,"3,780,716","731,649,180",194.50,195.00,191.50,194.00,+2.50,"2,219",
110/03/30,"4,228,484","834,795,483",195.00,200.00,193.50,199.50,+5.50,"3,184",
110/03/31,"2,619,506","516,499,720",199.00,199.00,196.00,197.00,-2.50,"1,716",
110/04/01,"1,886,214","370,348,379",196.00,198.00,195.00,197.00, 0.00,"1,556",
110/04/06,"1,952,903","389,295,715",199.50,200.50,196.50,199.50,+2.50,"1,559",
110/04/07,"1,495,896","296,058,055",197.50,199.00,196.50,199.00,-0.50,"1,193",
110/04/08,"3,330,106","658,241,051",199.50,201.00,196.00,198.00,-1.00,"1,908",
110/04/09,"4,505,340","899,641,906",203.00,203.00,198.00,199.50,+1.50,"1,451",
110/04/12,"3,635,380","736,624,927",200.00,204.50,200.00,202.50,+3.00,"1,905",
110/04/13,"1,541,024","312,923,593",202.50,204.00,202.00,203.00,+0.50,"1,086",
110/04/14,"2,886,851","589,331,838",204.00,206.00,202.50,204.50,+1.50,"1,762",
110/04/15,"1,860,860","385,092,464",205.00,209.50,205.00,209.50,+5.00,"1,484",
110/04/16,"4,182,002","867,070,465",210.00,210.00,204.50,210.00,+0.50,"2,663",
110/04/19,"3,647,960","752,665,643",208.00,208.00,204.50,205.50,-4.50,"1,888",
110/04/20,"1,986,475","405,058,523",204.00,205.00,203.00,204.00,-1.50,"1,780",
110/04/21,"3,270,298","652,516,619",203.00,203.00,198.50,199.50,-4.50,"2,834",
110/04/22,"2,843,707","570,227,848",198.50,202.50,198.50,200.50,+1.00,"1,982",
110/04/23,"2,576,310","521,814,699",201.00,205.00,200.00,204.00,+3.50,"1,764",
110/04/26,"3,277,418","658,737,032",202.50,203.00,197.50,203.00,-1.00,"2,392",
110/04/27,"1,701,502","343,118,391",201.50,203.00,201.00,202.00,-1.00,"1,126",
110/04/28,"1,532,697","306,760,500",201.00,201.00,199.50,201.00,-1.00,"1,492",
110/04/29,"2,720,687","545,532,677",199.00,202.00,197.50,202.00,+1.00,"1,455",
110/05/03,"2,415,018","480,142,357",199.50,201.50,197.00,197.50,-4.50,"2,088",
110/05/04,"3,872,988","763,850,464",198.50,200.00,194.50,197.50, 0.00,"3,022",
110/05/05,"2,325,360","462,436,236",198.00,200.50,197.50,198.00,+0.50,"1,524",
110/05/06,"2,100,801","419,078,770",197.50,201.50,197.50,200.00,+2.00,"1,507",
110/05/07,"1,237,125","250,453,512",201.50,203.50,200.50,203.50,+3.50,"1,102",
110/05/10,"2,680,512","543,885,658",205.00,205.00,201.00,203.50, 0.00,"1,524",
110/05/11,"2,908,614","583,596,779",201.50,203.00,198.00,200.00,-3.50,"2,152",
110/05/12,"7,305,568","1,377,907,000",198.50,199.00,180.00,188.00,-12.00,"5,952",
110/05/13,"3,993,934","740,270,743",187.50,187.50,181.00,186.00,-2.00,"3,106",
110/05/14,"4,841,539","948,413,351",189.00,200.00,188.00,195.50,+9.50,"3,548",
110/05/17,"5,789,759","1,086,480,827",189.50,193.50,183.50,187.00,-8.50,"4,568",
110/05/18,"6,080,345","1,193,767,839",190.50,200.00,190.00,197.00,+10.00,"3,522",
110/05/19,"3,984,318","798,543,837",198.00,205.00,197.00,201.50,+4.50,"2,687",
110/05/20,"3,178,569","638,425,605",199.50,202.50,198.00,202.00,+0.50,"1,982",
110/05/21,"2,850,845","582,582,155",202.50,206.50,201.50,205.50,+3.50,"2,065",
110/05/24,"2,274,263","470,503,696",205.00,209.00,203.00,209.00,+3.50,"1,794",
110/05/25,"2,695,646","552,871,233",205.50,207.00,204.00,204.00,-5.00,"1,762",
110/05/26,"2,716,895","558,340,541",205.00,207.00,204.00,205.50,+1.50,"1,358",
110/05/27,"8,939,574","1,874,985,330",205.00,212.50,201.00,212.50,+7.00,"3,319",
110/05/28,"2,764,579","579,454,020",210.00,211.00,208.00,209.50,-3.00,"2,369",
110/05/31,"2,705,739","563,091,071",209.50,210.50,205.50,208.50,-1.00,"1,899",
110/06/01,"1,408,440","294,110,736",208.50,209.50,207.50,209.50,+1.00,"1,159",
110/06/02,"2,755,827","566,923,910",208.50,209.00,203.50,205.00,-4.50,"2,404",
110/06/03,"1,105,178","226,902,654",205.00,206.00,204.00,206.00,+1.00,909,
110/06/04,"1,237,199","255,183,219",205.00,207.50,204.00,207.00,+1.00,925,
110/06/07,"1,477,897","301,145,331",206.50,207.00,201.00,204.50,-2.50,"1,308",
110/06/08,"808,442","164,969,652",205.50,205.50,203.00,204.00,-0.50,752,
110/06/09,"955,386","193,987,599",204.50,204.50,202.00,203.00,-1.00,822,
110/06/10,"1,398,389","285,207,238",205.00,205.00,202.50,204.50,+1.50,970,
110/06/11,"1,728,262","355,847,918",205.00,207.00,204.50,207.00,+2.50,"1,281",
110/06/15,"1,560,970","323,016,735",208.00,208.00,205.50,207.50,+0.50,"1,379",
110/06/16,"42,597,103","8,378,681,603",203.00,204.00,200.00,200.00,-7.50,"4,628",
110/06/17,"3,950,404","786,753,189",198.50,201.00,196.00,200.50,+0.50,"3,059",
110/06/18,"6,057,023","1,215,960,583",199.50,202.00,199.50,200.50, 0.00,"1,598",
110/06/21,"3,242,921","648,463,695",199.00,201.50,198.50,200.50, 0.00,"1,937",
110/06/22,"3,742,529","756,997,771",200.00,203.50,199.50,201.50,+1.00,"1,930",
110/06/23,"5,742,910","1,180,451,042",203.00,208.00,202.00,205.50,+4.00,"3,123",
110/06/24,"4,628,836","967,479,708",205.50,210.00,205.50,210.00,+4.50,"2,025",
110/06/25,"3,430,379","716,193,946",210.00,211.00,205.50,207.00,-3.00,"2,111",
110/06/28,"2,586,037","531,223,150",207.00,207.50,203.50,204.00,-3.00,"1,783",
110/06/29,"2,243,087","455,381,478",203.50,204.50,202.00,202.50,-1.50,"1,839",
110/06/30,"3,362,035","680,880,292",204.00,205.00,201.50,202.50, 0.00,"2,112",
110/07/01,"2,059,687","413,175,323",201.50,203.00,199.00,201.00,-1.50,"2,053",
110/07/02,"1,839,134","370,055,497",200.00,202.00,199.50,201.50,+0.50,"1,464",
110/07/05,"3,290,370","675,779,033",203.50,207.00,203.00,207.00,+5.50,"1,740",
110/07/06,"1,541,237","320,000,631",206.00,208.50,206.00,208.50,+1.50,"1,189",
110/07/07,"5,179,075","1,086,596,624",210.00,211.00,208.50,210.00,+1.50,"2,130",
110/07/08,"5,113,975","1,082,161,617",212.00,213.50,210.00,212.50,+2.50,"1,910",
110/07/09,"2,092,277","435,781,035",210.50,211.00,206.50,208.50,-4.00,"1,864",
110/07/12,"1,244,057","263,301,333",210.50,213.00,209.50,211.00,+2.50,"1,085",
110/07/13,"3,076,987","662,264,752",213.50,217.00,212.50,216.00,+5.00,"2,266",
110/07/14,"2,418,917","525,097,726",219.00,220.00,215.00,216.00, 0.00,"1,917",
110/07/15,"1,448,503","316,220,402",216.50,219.00,215.50,219.00,+3.00,"1,068",
110/07/16,"1,878,110","413,353,783",217.00,221.00,217.00,221.00,+2.00,"1,348",
110/07/19,"1,893,909","414,389,458",217.00,221.00,216.50,221.00, 0.00,"1,526",
110/07/20,"3,461,629","743,590,674",219.50,219.50,211.50,214.00,-7.00,"2,808",
110/07/21,"2,855,405","618,469,044",215.00,218.50,215.00,216.50,+2.50,"1,705",
110/07/22,"2,418,555","530,574,910",218.00,222.00,216.50,219.00,+2.50,"1,593",
110/07/23,"2,096,158","465,056,139",220.00,223.00,219.00,222.50,+3.50,"1,444",
110/07/26,"2,634,335","591,367,600",222.00,226.50,222.00,224.00,+1.50,"2,072",
110/07/27,"3,789,822","845,915,068",225.50,229.50,219.50,220.00,-4.00,"3,150",
110/07/28,"2,766,072","602,208,035",219.00,223.00,215.00,218.50,-1.50,"2,310",
110/07/29,"2,602,128","577,896,314",223.00,224.00,219.00,224.00,+5.50,"1,643",
110/07/30,"4,291,083","990,000,316",225.50,233.50,225.00,231.50,+7.50,"2,979",
110/08/02,"3,733,691","875,255,701",232.00,237.00,230.50,237.00,+5.50,"2,753",
110/08/03,"3,312,169","777,648,243",238.50,240.00,232.00,234.00,-3.00,"2,650",
110/08/04,"3,588,651","846,092,756",236.00,237.00,233.00,236.00,+2.00,"2,345",
110/08/05,"2,822,865","621,390,011",221.50,222.00,217.00,218.50,X0.00,"2,931",
110/08/06,"2,916,309","634,944,067",218.00,220.00,215.50,218.00,-0.50,"1,634",
110/08/09,"3,384,352","738,165,743",219.00,222.00,213.00,221.00,+3.00,"2,212",
110/08/10,"4,832,124","1,102,699,375",222.50,232.00,222.00,227.50,+6.50,"3,331",
110/08/11,"3,725,140","856,946,081",227.50,234.00,225.00,230.00,+2.50,"3,005",
110/08/12,"2,214,939","506,955,724",228.50,231.50,227.00,229.50,-0.50,"1,576",
110/08/13,"2,876,166","665,498,319",230.50,234.00,228.50,233.00,+3.50,"2,221",
110/08/16,"2,986,092","684,424,747",230.00,234.50,225.00,227.00,-6.00,"2,643",
110/08/17,"2,317,362","525,406,025",226.00,228.50,224.00,226.50,-0.50,"1,624",
110/08/18,"3,449,028","795,403,314",228.50,233.50,226.00,231.00,+4.50,"2,862",
110/08/19,"4,060,603","919,613,653",230.00,233.00,223.00,225.50,-5.50,"3,322",
110/08/20,"5,508,198","1,284,500,422",230.00,235.50,229.00,233.00,+7.50,"3,912",
110/08/23,"4,253,285","1,029,147,450",237.00,245.50,235.00,243.50,+10.50,"3,411",
110/08/24,"3,102,389","759,574,162",249.00,249.00,238.50,247.00,+3.50,"2,583",
110/08/25,"2,417,490","591,780,248",247.50,248.00,242.00,244.50,-2.50,"2,140",
110/08/26,"3,844,507","959,895,434",243.00,254.00,239.50,254.00,+9.50,"3,177",
110/08/27,"5,882,630","1,526,032,639",249.00,263.50,249.00,263.00,+9.00,"3,872",
110/08/30,"4,142,627","1,094,419,832",261.00,267.50,260.00,266.00,+3.00,"2,767",
110/08/31,"4,136,353","1,094,553,003",264.00,267.00,260.50,266.50,+0.50,"2,684",
110/09/01,"2,669,040","698,837,484",267.00,267.00,259.00,260.50,-6.00,"2,608",
110/09/02,"4,284,460","1,116,676,069",260.50,264.50,257.50,259.50,-1.00,"2,944",
110/09/03,"3,723,083","957,065,626",257.50,259.00,254.50,256.50,-3.00,"3,552",
110/09/06,"4,171,499","1,050,623,953",254.50,256.00,247.50,253.50,-3.00,"3,872",
110/09/07,"2,391,698","615,016,772",254.50,260.50,254.00,258.00,+4.50,"2,207",
110/09/08,"2,810,143","722,548,372",257.00,259.50,252.00,259.50,+1.50,"2,294",
110/09/09,"2,150,241","564,740,157",259.50,265.00,256.50,264.50,+5.00,"2,142",
110/09/10,"3,827,259","1,026,247,266",265.50,271.50,264.00,266.50,+2.00,"3,941",
110/09/13,"3,129,508","852,463,222",267.00,275.00,266.50,272.00,+5.50,"3,190",
110/09/14,"4,093,813","1,145,980,328",274.00,283.50,272.00,281.00,+9.00,"4,069",
110/09/15,"3,965,743","1,094,017,975",278.00,278.50,272.00,277.00,-4.00,"3,871",
110/09/16,"4,649,761","1,263,733,994",278.00,281.50,268.00,268.50,-8.50,"5,248",
110/09/17,"9,728,132","2,513,662,390",266.00,267.00,255.00,255.50,-13.00,"8,753",
110/09/22,"11,982,557","2,936,034,979",242.00,250.50,241.00,249.00,-6.50,"9,069",
110/09/23,"4,492,641","1,140,985,996",251.00,258.00,250.50,254.00,+5.00,"3,647",
110/09/24,"3,488,360","884,646,316",256.00,260.00,250.50,252.00,-2.00,"3,343",
110/09/27,"5,510,804","1,362,161,988",249.50,251.50,245.50,247.00,-5.00,"4,850",
110/09/28,"5,965,036","1,461,573,938",245.00,250.00,242.00,246.00,-1.00,"4,247",
110/09/29,"6,966,291","1,671,162,575",243.50,246.50,237.00,240.00,-6.00,"6,491",
110/09/30,"4,095,077","1,006,753,642",244.00,249.00,241.50,246.00,+6.00,"3,004",
110/10/01,"4,941,324","1,177,178,519",246.00,246.00,234.00,237.00,-9.00,"5,694",
110/10/04,"3,159,434","746,242,352",240.50,241.00,233.00,235.00,-2.00,"2,713",
110/10/05,"7,111,023","1,616,568,186",233.50,233.50,223.00,229.50,-5.50,"6,334",
110/10/06,"5,432,903","1,237,566,212",237.50,237.50,224.50,226.50,-3.00,"3,930",
110/10/07,"5,915,974","1,386,044,003",232.00,238.00,228.50,234.00,+7.50,"3,572",
110/10/08,"3,315,958","783,164,118",234.50,239.00,232.50,236.00,+2.00,"3,130",
110/10/12,"5,483,415","1,269,173,948",237.00,238.00,226.00,234.00,-2.00,"3,990",
110/10/13,"2,478,537","573,525,694",232.50,237.00,228.00,231.50,-2.50,"2,006",
110/10/14,"2,347,869","537,256,923",231.00,232.00,226.50,229.50,-2.00,"2,236",
110/10/15,"2,884,782","673,457,577",232.50,235.50,229.50,233.50,+4.00,"2,380",
110/10/18,"3,306,937","781,619,098",236.50,241.00,233.00,234.50,+1.00,"2,535",
110/10/19,"2,265,781","539,163,441",238.50,240.00,236.00,237.50,+3.00,"1,885",
110/10/20,"3,758,696","900,254,880",239.50,241.00,236.50,240.50,+3.00,"2,259",
110/10/21,"5,182,185","1,256,745,633",242.50,245.00,239.50,244.00,+3.50,"2,937",
110/10/22,"4,383,827","1,060,558,269",245.50,245.50,239.50,242.00,-2.00,"2,233",
110/10/25,"1,868,940","454,728,152",242.00,246.00,241.00,245.00,+3.00,"1,007",
110/10/26,"5,943,717","1,517,746,544",247.00,260.50,245.50,256.00,+11.00,"4,552",
110/10/27,"7,001,660","1,838,921,286",257.50,270.50,257.00,270.50,+14.50,"7,768",
110/10/28,"6,850,768","1,842,833,873",269.50,273.00,265.50,268.50,-2.00,"3,996",
110/10/29,"5,160,613","1,355,901,738",268.50,269.00,257.00,266.00,-2.50,"7,178",
110/11/01,"3,857,385","1,049,186,740",270.00,276.00,267.50,275.00,+9.00,"3,801",
110/11/02,"2,899,420","782,792,099",275.00,275.00,267.00,269.50,-5.50,"4,855",
110/11/03,"3,423,037","902,033,050",268.00,270.00,261.50,263.00,-6.50,"2,827",
110/11/04,"3,289,659","858,606,541",264.50,266.50,259.00,260.50,-2.50,"2,393",
110/11/05,"1,721,614","453,803,680",260.00,266.00,257.50,265.00,+4.50,"1,749",
110/11/08,"3,276,987","857,366,819",265.00,266.00,259.00,261.50,-3.50,"3,642",
110/11/09,"2,806,812","728,954,411",259.50,263.00,257.50,260.50,-1.00,"2,226",
110/11/10,"6,536,426","1,649,154,280",257.00,257.00,250.50,251.00,-9.50,"4,988",
110/11/11,"1,790,745","460,245,012",252.00,259.00,251.00,257.50,+6.50,"1,705",
110/11/12,"2,140,385","541,996,200",258.00,258.50,251.00,252.00,-5.50,"2,725",
110/11/15,"3,659,686","912,143,391",253.00,253.00,247.00,248.50,-3.50,"3,666",
110/11/16,"1,954,013","491,656,045",250.50,253.00,250.00,252.00,+3.50,"1,890",
110/11/17,"2,096,005","525,168,434",250.00,252.00,249.00,251.00,-1.00,"1,853",
110/11/18,"2,581,475","657,412,270",253.00,256.50,251.50,253.50,+2.50,"2,073",
110/11/19,"1,803,198","453,366,801",255.00,255.50,250.00,251.00,-2.50,"1,764",
110/11/22,"2,969,024","731,677,812",250.00,250.50,244.50,246.00,-5.00,"3,817",
110/11/23,"1,964,671","482,211,207",245.00,247.50,241.50,246.00, 0.00,"1,754",
110/11/24,"1,676,445","413,533,880",244.00,248.50,244.00,246.50,+0.50,"1,885",
110/11/25,"1,781,066","440,287,627",248.50,249.00,246.00,247.00,+0.50,"1,475",
110/11/26,"2,314,154","565,574,987",245.00,246.50,243.00,243.00,-4.00,"2,621",
110/11/29,"1,946,655","470,672,352",241.50,244.00,239.50,242.00,-1.00,"1,883",
110/11/30,"7,192,146","1,770,822,338",242.00,249.50,242.00,247.00,+5.00,"3,155",
110/12/01,"3,283,944","817,291,117",247.00,251.50,244.00,251.00,+4.00,"2,551",
110/12/02,"2,657,377","670,540,559",251.00,255.00,248.50,253.50,+2.50,"2,550",
110/12/03,"1,870,711","479,439,867",256.00,258.00,255.00,255.50,+2.00,"3,345",
110/12/06,"2,025,152","518,804,312",254.00,258.00,252.50,256.50,+1.00,"2,292",
110/12/07,"3,397,095","871,881,423",255.50,260.00,251.50,260.00,+3.50,"7,735",
110/12/08,"2,216,906","582,024,386",264.00,264.50,259.50,263.50,+3.50,"4,298",
110/12/09,"2,417,426","624,084,019",259.50,260.50,255.50,259.50,-4.00,"9,010",
110/12/10,"2,034,924","524,096,800",259.00,260.00,256.00,256.50,-3.00,"1,393",
110/12/13,"2,271,582","585,129,686",260.00,260.50,255.50,255.50,-1.00,"1,976",
110/12/14,"2,723,458","681,171,047",253.50,255.00,248.00,250.00,-5.50,"3,884",
110/12/15,"1,730,799","433,015,184",250.50,253.50,247.50,250.50,+0.50,"1,489",
110/12/16,"2,045,239","513,370,760",249.00,254.50,248.50,251.50,+1.00,"1,321",
110/12/17,"2,562,993","649,013,013",250.00,254.50,250.00,254.50,+3.00,"1,372",
110/12/20,"3,922,997","982,192,016",251.00,255.00,248.00,249.50,-5.00,"3,456",
110/12/21,"1,805,095","451,563,137",249.00,252.00,248.00,250.50,+1.00,"1,341",
110/12/22,"758,747","189,950,248",250.50,252.00,249.00,251.00,+0.50,756,
110/12/23,"937,232","235,732,417",250.00,252.50,250.00,252.50,+1.50,909,
110/12/24,"961,956","244,979,697",253.00,256.00,253.00,255.00,+2.50,"1,167",
110/12/27,"853,178","218,331,971",255.00,257.00,253.50,255.50,+0.50,"1,149",
110/12/28,"2,679,133","699,317,780",257.00,264.50,256.50,264.00,+8.50,"2,525",
110/12/29,"1,528,653","405,664,041",264.00,267.00,262.50,266.00,+2.00,"2,198",
110/12/30,"1,512,382","402,135,949",268.00,270.00,263.00,263.50,-2.50,"4,112",
111/01/03,"2,420,231","650,445,788",266.50,272.00,266.00,268.00,+4.50,"2,943",
111/01/04,"1,569,679","415,571,825",268.50,269.00,261.00,264.00,-4.00,"6,219",
111/01/05,"2,434,271","650,357,983",260.50,269.50,259.50,268.50,+4.50,"1,892",
111/01/06,"1,900,287","508,081,984",268.00,271.00,263.50,267.00,-1.50,"5,563",
111/01/07,"1,709,605","452,250,226",265.50,267.50,260.00,265.00,-2.00,"3,277",
111/01/10,"1,357,116","354,833,455",261.00,263.50,260.50,261.50,-3.50,"3,693",
111/01/11,"1,668,485","441,675,006",262.00,266.50,260.50,266.50,+5.00,"2,409",
111/01/12,"2,556,044","683,642,599",265.00,269.00,265.00,268.50,+2.00,"5,765",
111/01/13,"3,750,376","1,012,163,616",266.00,273.50,265.00,271.00,+2.50,"4,198",
111/01/14,"8,492,055","2,160,680,345",265.00,267.50,250.00,253.00,-18.00,"16,074",
111/01/17,"3,184,618","801,585,760",251.00,256.50,250.00,252.00,-1.00,"3,699",
111/01/18,"3,445,908","884,103,146",255.00,259.00,252.00,256.50,+4.50,"2,606",
111/01/19,"2,447,521","626,372,664",256.50,258.50,252.00,257.50,+1.00,"2,373",
111/01/20,"1,173,563","302,060,340",257.50,258.50,256.00,257.50, 0.00,"1,550",
111/01/21,"2,544,043","642,682,555",257.00,257.00,250.50,252.50,-5.00,"3,882",
111/01/24,"3,807,557","939,556,994",248.00,251.00,243.50,248.00,-4.50,"4,335",
111/01/25,"3,710,661","901,621,352",243.50,247.00,240.50,244.00,-4.00,"4,312",
111/01/26,"2,338,856","585,533,522",245.00,253.00,245.00,251.50,+7.50,"2,577",
111/02/07,"4,408,791","1,103,625,853",247.50,252.50,246.50,252.00,+0.50,"3,582",
111/02/08,"5,115,720","1,333,773,249",254.50,264.00,252.50,260.50,+8.50,"4,609",
111/02/09,"2,950,331","774,457,470",263.00,264.00,260.00,263.50,+3.00,"4,975",
111/02/10,"3,719,557","990,268,895",265.50,269.00,262.50,269.00,+5.50,"3,270",
111/02/11,"3,983,107","1,071,278,796",267.00,272.50,263.00,272.50,+3.50,"3,410",
111/02/14,"2,694,763","717,274,365",270.50,270.50,263.00,266.50,-6.00,"14,208",
111/02/15,"2,825,744","762,558,624",269.00,271.50,267.00,269.00,+2.50,"2,546",
111/02/16,"2,052,131","554,052,467",270.00,271.50,268.50,269.00, 0.00,"6,060",
111/02/17,"3,508,635","940,768,962",269.00,272.50,265.50,267.50,-1.50,"5,309",
111/02/18,"1,467,261","386,742,034",266.00,266.00,263.00,263.00,-4.50,"5,881",
111/02/21,"1,097,145","288,395,526",261.50,265.00,260.00,264.00,+1.00,"1,102",
111/02/22,"2,438,889","631,550,318",260.50,262.00,257.50,259.00,-5.00,"2,594",
111/02/23,"2,469,489","651,130,837",261.00,266.00,261.00,263.00,+4.00,"1,929",
111/02/24,"2,882,757","748,968,597",263.00,263.00,258.00,258.50,-4.50,"3,194",
111/02/25,"6,138,496","1,553,929,820",256.50,262.50,251.00,251.00,-7.50,"5,561",
111/03/01,"3,765,166","967,770,004",248.50,261.00,248.50,260.50,+9.50,"3,002",
111/03/02,"1,375,500","354,965,883",259.00,259.50,256.50,258.00,-2.50,"1,444",
111/03/03,"1,455,382","375,535,991",258.50,259.50,257.00,258.50,+0.50,"1,346",
111/03/04,"3,081,061","776,434,223",255.00,255.00,250.50,251.00,-7.50,"3,928",
111/03/07,"4,526,602","1,100,996,095",247.00,247.00,240.50,240.50,-10.50,"6,478",
111/03/08,"5,853,251","1,367,462,731",233.00,240.00,230.50,232.50,-8.00,"7,046",
111/03/09,"3,132,365","736,968,177",234.00,238.00,234.00,235.00,+2.50,"3,386",
111/03/10,"3,645,979","888,224,130",242.00,245.00,241.50,244.50,+9.50,"2,644",
111/03/11,"2,622,659","629,906,621",244.00,244.00,238.00,238.50,-6.00,"3,021",
111/03/14,"1,832,730","437,269,825",238.00,242.00,236.00,238.50, 0.00,"2,110",
111/03/15,"4,598,705","1,074,428,280",238.00,238.00,232.00,233.00,-5.50,"3,942",
111/03/16,"5,628,001","1,289,008,681",231.50,234.50,224.00,230.00,-3.00,"6,229",
111/03/17,"5,126,541","1,235,760,828",238.00,243.50,238.00,241.00,+11.00,"4,294",
111/03/18,"4,630,618","1,136,084,438",243.00,247.50,242.50,246.00,+5.00,"2,692",
111/03/21,"2,365,222","589,111,840",247.50,251.50,246.00,248.50,+2.50,"2,161",
111/03/22,"1,253,361","313,898,711",247.00,251.50,247.00,251.00,+2.50,"1,124",
111/03/23,"1,819,571","461,323,231",251.50,255.00,251.50,255.00,+4.00,"1,800",
111/03/24,"1,253,565","316,200,576",252.50,254.00,251.00,252.50,-2.50,"2,081",
111/03/25,"2,430,063","605,732,465",252.00,252.00,248.00,248.00,-4.50,"1,843",
111/03/28,"3,327,697","803,991,275",245.50,246.00,239.00,242.00,-6.00,"3,802",
111/03/29,"2,995,631","718,636,397",245.50,251.00,243.50,251.00,+9.00,"1,700",
111/03/30,"3,884,872","939,116,942",251.50,255.50,251.50,254.00,+3.00,"2,101",
111/03/31,"2,955,153","752,025,741",257.00,257.50,252.00,253.50,-0.50,"1,800",
111/04/01,"2,998,872","755,401,101",250.00,253.50,249.00,253.00,-0.50,"3,981",
111/04/06,"3,953,923","1,013,260,170",250.00,260.00,250.00,260.00,+7.00,"3,026",
111/04/07,"3,430,693","880,723,845",255.50,259.00,255.50,256.00,-4.00,"4,367",
111/04/08,"2,480,439","629,971,566",256.00,258.00,253.00,253.00,-3.00,"2,934",
111/04/11,"4,759,916","1,162,905,093",251.50,254.00,240.50,242.00,-11.00,"5,106",
111/04/12,"3,849,392","944,029,818",248.00,248.00,242.00,245.50,+3.50,"3,754",
111/04/13,"4,389,982","1,087,070,086",248.00,248.50,245.00,248.50,+3.00,"2,383",
111/04/14,"1,812,374","458,323,073",249.00,255.00,248.50,254.00,+5.50,"2,111",
111/04/15,"1,438,505","357,375,271",253.00,253.00,246.00,247.00,-7.00,"2,722",
111/04/18,"1,384,575","339,953,840",244.50,247.00,243.00,247.00, 0.00,"1,931",
111/04/19,"1,210,553","299,073,798",245.50,249.00,245.00,247.50,+0.50,"1,020",
111/04/20,"3,820,312","934,787,904",247.00,247.00,241.00,243.50,-4.00,"3,003",
111/04/21,"4,029,575","991,142,526",246.50,250.00,244.00,246.50,+3.00,"2,828",
111/04/22,"5,934,161","1,441,129,119",243.50,244.00,240.00,242.50,-4.00,"3,176",
111/04/25,"5,036,189","1,203,798,981",239.00,240.50,236.50,236.50,-6.00,"5,407",
111/04/26,"5,511,157","1,314,289,847",236.00,245.00,232.50,245.00,+8.50,"3,675",
111/04/27,"3,898,864","917,556,043",239.50,239.50,232.50,234.50,-10.50,"4,586",
111/04/28,"4,072,879","957,046,086",235.50,237.00,232.50,236.00,+1.50,"3,491",
111/04/29,"2,110,519","499,472,491",236.00,238.50,235.00,236.50,+0.50,"2,191",
111/05/03,"2,333,839","552,979,684",234.00,240.00,231.50,239.00,+2.50,"2,671",
111/05/04,"2,072,678","503,539,011",241.00,244.50,239.00,244.00,+5.00,"2,335",
111/05/05,"2,778,675","678,983,042",246.00,248.50,242.00,242.00,-2.00,"4,031",
111/05/06,"2,770,431","652,871,775",238.00,240.00,234.00,236.50,-5.50,"3,926",
111/05/09,"3,726,376","849,403,487",232.00,233.50,225.00,225.00,-11.50,"5,554",
111/05/10,"10,288,953","2,212,120,827",214.00,220.00,212.00,215.50,-9.50,"9,637",
111/05/11,"6,853,231","1,453,071,777",215.00,218.50,209.50,212.50,-3.00,"6,740",
111/05/12,"8,656,784","1,747,188,419",208.00,209.00,198.50,199.50,-13.00,"9,414",
111/05/13,"10,467,742","2,032,980,395",200.00,200.00,191.50,192.50,-7.00,"11,625",
111/05/16,"6,980,722","1,349,700,700",195.00,198.00,191.00,193.00,+0.50,"6,184",
111/05/17,"5,841,454","1,138,760,130",195.50,197.50,192.50,194.50,+1.50,"5,127",
111/05/18,"10,073,331","2,048,152,167",196.00,209.00,196.00,207.00,+12.50,"7,855",
111/05/19,"5,295,802","1,068,443,495",201.00,204.50,197.00,204.50,-2.50,"5,708",
111/05/20,"3,772,156","772,911,901",204.50,206.50,203.00,205.00,+0.50,"3,568",
111/05/23,"3,030,198","621,012,291",205.50,207.50,203.00,205.50,+0.50,"2,424",
111/05/24,"2,610,890","534,639,821",205.00,208.50,202.50,202.50,-3.00,"2,546",
111/05/25,"3,370,735","689,210,386",204.50,207.00,202.50,204.50,+2.00,"2,584",
111/05/26,"7,333,919","1,478,662,097",206.50,208.00,198.00,199.00,-5.50,"6,412",
111/05/27,"4,843,120","1,007,136,530",200.50,212.00,200.50,210.00,+11.00,"4,453",
111/05/30,"4,502,326","969,347,097",213.00,218.00,211.50,215.50,+5.50,"13,722",
111/05/31,"10,620,143","2,361,931,118",221.50,225.00,218.00,225.00,+9.50,"5,413",
111/06/01,"3,706,543","826,295,827",225.00,226.00,220.00,222.50,-2.50,"7,030",
111/06/02,"2,300,547","511,667,219",219.00,225.50,218.00,222.50, 0.00,"4,205",
111/06/06,"2,293,088","509,158,206",225.00,225.50,218.50,222.50, 0.00,"3,928",
111/06/07,"2,379,271","528,254,091",220.50,224.50,219.50,223.00,+0.50,"2,067",
111/06/08,"3,257,592","747,212,321",225.00,231.50,224.50,231.00,+8.00,"3,072",
111/06/09,"3,154,608","725,077,524",231.00,234.00,227.50,228.50,-2.50,"5,072",
111/06/10,"3,595,028","793,473,903",226.00,226.50,222.50,223.50,-5.00,"3,249",
111/06/13,"3,578,684","786,843,267",219.00,222.00,217.00,221.00,-2.50,"2,661",
111/06/14,"3,825,636","830,656,221",218.00,220.00,215.00,217.50,-3.50,"3,081",
111/06/15,"4,439,923","1,001,427,138",219.00,229.00,218.00,226.50,+9.00,"3,414",
111/06/16,"6,829,218","1,569,389,117",230.00,235.50,225.00,227.00,+0.50,"7,038",
111/06/17,"5,126,725","1,126,086,666",222.00,224.50,218.00,218.50,-8.50,"6,947",
111/06/20,"3,724,926","815,306,260",221.50,223.50,216.00,216.00,-2.50,"3,019",
111/06/21,"3,812,296","845,601,088",219.50,225.50,217.50,224.50,+8.50,"2,800",
111/06/22,"5,022,579","1,025,477,632",208.50,210.50,200.50,202.50,X0.00,"8,499",
111/06/23,"3,743,324","756,190,277",206.00,206.00,199.50,203.00,+0.50,"5,196",
111/06/24,"3,999,197","821,115,701",205.00,207.50,202.50,205.00,+2.00,"3,817",
111/06/27,"4,152,435","873,662,564",206.00,214.00,204.50,212.50,+7.50,"3,760",
111/06/28,"3,379,682","724,792,002",212.50,217.00,211.00,214.50,+2.00,"4,909",
111/06/29,"4,499,644","970,531,258",212.00,217.50,211.50,217.00,+2.50,"5,187",
111/06/30,"5,150,110","1,063,109,777",217.00,218.00,208.00,208.50,-8.50,"6,087",
111/07/01,"16,773,347","3,255,397,779",197.00,198.50,188.00,189.00,-19.50,"12,583",
111/07/04,"7,397,566","1,391,208,042",187.50,194.00,183.50,188.00,-1.00,"6,007",
111/07/05,"5,092,864","965,881,156",192.00,193.00,186.50,191.00,+3.00,"3,467",
111/07/06,"6,975,961","1,339,450,182",192.50,195.50,190.00,190.50,-0.50,"4,546",
111/07/07,"6,107,200","1,169,602,340",192.50,194.00,187.00,192.00,+1.50,"3,742",
111/07/08,"6,622,902","1,272,572,984",192.50,193.50,189.50,192.50,+0.50,"4,052",
111/07/11,"3,139,613","604,376,407",193.00,195.00,190.50,192.00,-0.50,"2,340",
111/07/12,"3,694,751","689,913,179",190.00,191.00,185.00,188.00,-4.00,"3,468",
111/07/13,"5,491,066","1,044,351,731",190.00,191.50,189.00,190.00,+2.00,"3,026",
111/07/14,"3,190,769","608,796,698",191.00,192.50,189.00,192.50,+2.50,"1,945",
111/07/15,"7,711,390","1,432,050,651",192.00,192.00,181.50,185.50,-7.00,"6,517",
111/07/18,"12,699,646","2,361,183,462",185.00,190.00,184.00,186.50,+1.00,"3,423",
111/07/19,"9,416,621","1,775,795,806",189.00,192.00,185.50,187.50,+1.00,"5,169",
111/07/20,"7,471,111","1,417,872,163",190.00,191.50,187.50,191.00,+3.50,"4,054",
111/07/21,"5,378,819","1,048,374,266",193.00,197.00,192.00,197.00,+6.00,"3,898",
111/07/22,"4,953,073","986,008,807",197.50,201.00,194.50,201.00,+4.00,"4,466",
111/07/25,"3,823,603","760,738,097",199.50,201.50,197.50,199.00,-2.00,"3,140",
111/07/26,"5,813,514","1,180,285,854",201.50,205.00,201.00,202.50,+3.50,"4,013",
111/07/27,"3,287,414","663,436,689",201.50,204.00,201.00,203.50,+1.00,"2,509",
111/07/28,"2,648,107","540,148,225",204.00,206.00,202.50,204.00,+0.50,"2,274",
111/07/29,"5,726,337","1,190,808,160",206.00,211.50,205.00,211.50,+7.50,"3,964",
111/08/01,"2,997,244","634,964,302",212.50,213.00,208.00,213.00,+1.50,"2,498",
111/08/02,"4,940,870","1,049,755,129",210.50,214.00,210.00,213.00, 0.00,"3,234",
111/08/03,"6,042,491","1,236,935,502",211.00,211.00,203.00,203.50,-9.50,"5,881",
111/08/04,"3,840,382","787,096,613",204.50,207.00,203.00,204.50,+1.00,"2,752",
111/08/05,"3,898,728","832,445,925",208.00,216.00,207.50,216.00,+11.50,"3,643",
111/08/08,"2,994,010","651,241,099",215.00,219.00,214.00,219.00,+3.00,"3,106",
111/08/09,"2,967,230","652,913,992",219.50,222.00,217.50,220.00,+1.00,"3,301",
111/08/10,"2,628,290","578,812,922",219.50,221.50,218.00,221.00,+1.00,"9,082",
111/08/11,"5,932,671","1,302,989,073",224.50,225.50,217.50,218.50,-2.50,"12,551",
111/08/12,"2,664,894","592,819,409",220.50,224.50,218.50,223.50,+5.00,"2,955",
111/08/15,"3,225,530","730,749,897",225.50,228.50,225.00,226.00,+2.50,"2,849",
111/08/16,"1,925,002","430,363,734",224.50,225.00,222.00,224.50,-1.50,"1,882",
111/08/17,"2,873,950","644,946,623",223.00,227.00,222.00,225.00,+0.50,"5,823",
111/08/18,"2,147,057","475,560,057",223.50,223.50,220.00,222.00,-3.00,"6,838",
111/08/19,"2,338,570","513,076,397",220.50,222.00,218.00,219.00,-3.00,"5,334",
111/08/22,"1,729,974","375,790,952",216.50,218.50,215.50,217.50,-1.50,"1,856",
111/08/23,"3,632,154","775,133,302",215.50,216.50,212.50,213.00,-4.50,"2,493",
111/08/24,"4,075,665","864,141,812",214.50,214.50,209.50,212.00,-1.00,"3,196",
111/08/25,"1,838,994","395,157,105",214.50,216.50,213.00,215.50,+3.50,"1,723",
111/08/26,"4,439,627","972,509,157",217.50,221.00,217.00,220.00,+4.50,"2,009",
111/08/29,"13,274,135","2,672,267,499",211.00,212.50,198.50,199.00,-21.00,"15,973",
111/08/30,"7,829,981","1,567,536,533",199.00,202.50,197.00,200.50,+1.50,"5,377",
111/08/31,"6,326,382","1,250,742,523",198.00,199.50,195.50,197.00,-3.50,"5,033",
111/09/01,"6,222,097","1,199,192,516",193.50,194.00,191.00,193.00,-4.00,"7,277",
111/09/02,"8,667,683","1,642,105,355",190.50,192.00,187.50,188.50,-4.50,"7,862",
111/09/05,"5,299,978","1,001,641,984",187.00,192.50,184.50,190.00,+1.50,"4,622",
111/09/06,"2,953,271","569,688,090",192.00,195.00,190.50,192.50,+2.50,"2,844",
111/09/07,"4,344,620","818,704,641",190.00,191.50,187.00,187.50,-5.00,"5,566",
111/09/08,"5,984,721","1,152,921,328",190.00,194.50,189.00,193.50,+6.00,"3,221",
111/09/12,"4,552,121","905,650,552",199.00,200.50,197.00,200.00,+6.50,"3,356",
111/09/13,"3,149,757","638,409,366",201.50,205.00,201.50,202.00,+2.00,"2,787",
111/09/14,"4,901,290","962,044,120",195.50,197.50,193.50,196.50,-5.50,"4,157",
111/09/15,"2,901,622","574,530,739",195.50,201.00,194.00,199.50,+3.00,"2,619",
111/09/16,"4,480,816","884,507,743",197.00,199.50,197.00,197.00,-2.50,"2,348",
111/09/19,"2,281,654","451,645,232",197.00,199.50,195.50,198.50,+1.50,"1,931",
111/09/20,"2,891,858","570,834,913",199.00,199.00,195.50,197.50,-1.00,"2,405",
111/09/21,"2,267,241","446,397,066",196.00,198.00,195.50,197.50, 0.00,"2,223",
111/09/22,"3,635,733","700,504,119",193.50,195.00,190.00,192.00,-5.50,"3,875",
111/09/23,"1,891,633","367,919,818",195.00,197.00,192.50,193.00,+1.00,"2,017",
111/09/26,"4,716,520","876,607,114",189.00,189.50,184.00,185.50,-7.50,"6,294",
111/09/27,"2,449,266","454,627,285",186.00,187.50,184.00,186.00,+0.50,"3,121",
111/09/28,"3,778,901","691,785,422",187.50,188.00,181.50,181.50,-4.50,"4,122",
111/09/29,"2,775,720","507,204,295",184.50,185.00,181.50,182.50,+1.00,"2,654",
111/09/30,"3,743,117","677,087,373",180.00,184.00,178.00,182.50, 0.00,"3,035",
111/10/03,"1,841,703","330,239,495",179.00,181.50,178.00,179.00,-3.50,"3,200",
111/10/04,"2,745,874","509,990,830",182.50,188.00,182.50,186.50,+7.50,"2,248",
111/10/05,"4,845,805","923,636,163",190.00,192.00,189.50,190.00,+3.50,"2,532",
111/10/06,"1,788,685","340,492,354",191.50,192.00,189.00,190.00, 0.00,"3,227",
111/10/07,"2,723,381","508,797,587",188.50,189.50,185.50,186.50,-3.50,"2,096",
111/10/11,"5,666,300","1,006,471,247",179.50,180.50,175.50,176.00,-10.50,"7,033",
111/10/12,"3,410,762","599,622,606",175.00,178.50,173.50,178.00,+2.00,"3,540",
111/10/13,"9,450,752","1,594,536,904",174.50,177.00,165.00,165.50,-12.50,"11,180",
111/10/14,"4,149,474","711,661,270",170.50,173.50,170.00,170.50,+5.00,"3,277",
111/10/17,"4,463,163","762,259,591",169.50,173.00,167.00,172.00,+1.50,"2,787",
111/10/18,"3,659,846","636,924,007",173.50,175.50,172.00,175.00,+3.00,"2,423",
111/10/19,"2,698,824","469,670,248",175.50,177.50,171.50,172.00,-3.00,"2,996",
111/10/20,"7,365,638","1,234,994,463",168.50,170.00,166.00,168.50,-3.50,"4,560",
111/10/21,"4,574,280","760,152,840",167.00,169.50,163.50,164.50,-4.00,"4,371",
111/10/24,"10,184,686","1,627,527,684",167.50,168.50,156.00,157.00,-7.50,"9,329",
111/10/25,"19,997,323","2,896,233,106",153.50,154.50,141.50,141.50,-15.50,"19,744",
111/10/26,"14,486,869","2,055,611,787",141.50,144.00,139.00,143.00,+1.50,"9,516",
111/10/27,"9,072,382","1,353,753,239",145.00,152.50,144.00,150.00,+7.00,"7,132",
111/10/28,"8,045,358","1,220,992,590",150.00,155.50,148.00,149.50,-0.50,"7,775",
111/10/31,"9,967,566","1,464,910,375",151.00,151.50,143.50,149.00,-0.50,"7,402",
111/11/01,"7,683,142","1,183,707,590",153.00,156.00,150.50,154.50,+5.50,"5,136",
111/11/02,"7,858,544","1,192,776,663",154.00,154.50,150.00,151.50,-3.00,"5,716",
111/11/03,"3,947,499","603,756,897",149.00,154.50,149.00,154.00,+2.50,"2,922",
111/11/04,"5,964,437","923,874,138",151.00,157.50,151.00,157.50,+3.50,"3,846",
111/11/07,"6,627,400","1,049,391,111",157.00,161.00,155.50,159.50,+2.00,"4,149",
111/11/08,"8,537,194","1,414,551,616",160.50,169.00,160.50,166.00,+6.50,"6,359",
111/11/09,"6,464,774","1,089,286,100",166.00,170.00,165.00,169.50,+3.50,"4,530",
111/11/10,"4,196,320","705,923,456",167.00,171.00,166.00,168.50,-1.00,"3,425",
111/11/11,"8,554,709","1,490,086,374",178.50,180.00,171.00,173.00,+4.50,"5,932",
111/11/14,"16,671,329","3,101,264,636",176.00,190.00,174.50,190.00,+17.00,"10,755",
111/11/15,"10,842,084","2,080,639,894",192.50,195.00,187.50,195.00,+5.00,"14,640",
111/11/16,"8,999,246","1,693,735,680",191.00,192.00,185.50,187.50,-7.50,"16,922",
111/11/17,"5,966,699","1,102,313,678",188.00,188.00,182.50,185.50,-2.00,"4,640",
111/11/18,"4,036,594","748,629,182",185.50,188.50,183.50,185.50, 0.00,"3,235",
111/11/21,"6,350,478","1,162,855,025",182.50,186.00,180.50,186.00,+0.50,"3,898",
111/11/22,"3,247,824","599,737,820",184.50,187.50,183.00,184.50,-1.50,"2,790",
111/11/23,"3,740,255","702,820,951",185.50,189.50,185.50,188.50,+4.00,"3,097",
111/11/24,"3,455,618","659,638,460",191.50,192.00,190.00,191.50,+3.00,"3,477",
111/11/25,"3,297,758","636,752,207",192.00,195.50,191.00,192.50,+1.00,"3,439",
111/11/28,"4,440,416","844,786,630",189.50,193.00,186.50,191.00,-1.50,"4,901",
111/11/29,"3,903,615","743,556,965",188.50,192.50,187.00,192.50,+1.50,"3,249",
111/11/30,"11,137,322","2,213,612,244",191.50,201.50,191.00,201.50,+9.00,"7,129",
111/12/01,"9,505,302","1,939,742,734",204.00,207.50,201.00,205.00,+3.50,"6,548",
111/12/02,"8,389,518","1,753,178,435",205.00,211.50,204.50,211.50,+6.50,"7,213",
111/12/05,"5,881,838","1,249,445,080",212.00,214.50,209.50,212.00,+0.50,"5,968",
111/12/06,"8,997,812","1,924,073,326",210.00,217.00,208.50,214.50,+2.50,"8,228",
111/12/07,"5,826,155","1,223,398,665",214.00,214.00,207.00,208.00,-6.50,"11,101",
111/12/08,"6,203,941","1,281,090,162",206.00,212.00,200.00,210.00,+2.00,"8,883",
111/12/09,"5,627,228","1,192,553,479",211.00,214.00,210.00,212.50,+2.50,"5,052",
111/12/12,"3,009,782","635,894,571",213.00,213.00,209.50,210.50,-2.00,"3,116",
111/12/13,"4,721,144","999,099,735",211.50,214.00,208.50,209.50,-1.00,"5,708",
111/12/14,"6,234,970","1,326,556,849",211.50,215.50,209.00,213.50,+4.00,"4,463",
111/12/15,"7,684,447","1,664,360,733",214.00,219.50,212.00,219.50,+6.00,"4,874",
111/12/16,"7,388,838","1,587,187,471",214.50,217.00,213.50,214.50,-5.00,"11,865",
111/12/19,"3,861,846","839,931,438",213.00,220.00,213.00,218.00,+3.50,"2,931",
111/12/20,"5,914,811","1,273,941,955",216.50,219.00,213.00,213.50,-4.50,"7,391",
111/12/21,"6,410,266","1,403,048,906",215.00,221.00,215.00,219.50,+6.00,"4,630",
111/12/22,"4,956,336","1,074,543,716",220.00,220.00,214.50,215.50,-4.00,"25,004",
111/12/23,"2,710,924","584,993,880",214.50,217.50,213.50,216.50,+1.00,"9,543",
111/12/26,"1,933,124","416,983,078",217.00,217.50,214.50,215.50,-1.00,"3,005",
111/12/27,"2,494,882","547,216,350",217.00,220.50,216.50,219.50,+4.00,"2,370",
111/12/28,"5,009,347","1,125,889,658",217.50,218.50,215.00,215.00,-4.50,"10,506",
111/12/29,"5,487,109","1,159,822,245",211.50,215.50,207.50,214.00,-1.00,"12,356",
111/12/30,"2,420,834","525,285,820",215.00,218.50,215.00,217.00,+3.00,"3,584",
112/01/03,"2,583,833","556,807,177",215.00,218.00,213.00,217.00, 0.00,"6,173",
112/01/04,"5,845,600","1,291,936,410",219.00,223.50,217.50,223.00,+6.00,"18,180",
112/01/05,"4,281,343","953,015,034",222.00,226.00,220.00,220.00,-3.00,"14,896",
112/01/06,"3,814,947","849,246,581",223.00,225.00,219.50,224.00,+4.00,"11,497",
112/01/09,"6,307,360","1,439,651,289",225.00,231.00,224.50,231.00,+7.00,"6,739",
112/01/10,"4,108,338","950,512,369",232.00,233.00,229.50,233.00,+2.00,"4,154",
112/01/11,"4,610,971","1,065,916,121",234.00,235.00,229.00,229.50,-3.50,"18,670",
112/01/12,"4,217,951","959,373,265",231.00,232.00,224.50,226.00,-3.50,"9,374",
112/01/13,"5,123,171","1,140,716,797",227.50,228.50,220.00,222.00,-4.00,"9,511",
112/01/16,"5,854,281","1,345,359,539",225.00,232.50,224.50,231.50,+9.50,"4,769",
112/01/17,"3,128,932","720,918,795",230.50,233.00,229.00,230.00,-1.50,"3,416",
112/01/30,"11,460,232","2,735,860,479",241.50,243.50,233.00,240.00,+10.00,"7,263",
112/01/31,"10,713,881","2,447,046,000",236.50,237.00,225.00,225.00,-15.00,"10,314",
112/02/01,"7,175,971","1,669,103,583",231.00,235.00,228.00,234.50,+9.50,"5,461",
112/02/02,"4,711,795","1,092,935,698",235.50,235.50,230.00,231.00,-3.50,"4,015",
112/02/03,"2,790,110","644,882,670",231.00,233.50,230.00,230.00,-1.00,"2,595",
112/02/06,"4,147,288","938,644,135",225.50,229.50,222.50,227.50,-2.50,"4,011",
112/02/07,"2,609,349","597,345,811",228.50,231.00,227.50,227.50, 0.00,"2,160",
112/02/08,"1,492,829","342,704,798",230.00,231.00,228.00,230.50,+3.00,"1,695",
112/02/09,"2,521,034","582,460,175",228.00,233.00,228.00,230.50, 0.00,"2,073",
112/02/10,"2,184,140","507,719,030",229.00,234.00,229.00,233.00,+2.50,"2,352",
112/02/13,"2,801,259","650,263,042",234.00,234.50,230.00,232.00,-1.00,"2,654",
112/02/14,"2,332,135","543,388,748",233.50,234.00,231.50,234.00,+2.00,"2,073",
112/02/15,"2,921,794","683,371,962",234.00,235.00,233.00,234.50,+0.50,"2,484",
112/02/16,"3,869,481","898,895,235",235.50,235.50,230.50,231.50,-3.00,"3,551",
112/02/17,"3,275,819","757,748,659",230.50,233.00,230.00,231.50, 0.00,"1,917",
112/02/20,"3,393,076","782,496,279",231.00,232.00,229.50,231.00,-0.50,"2,422",
112/02/21,"2,427,187","555,454,657",231.00,231.00,227.00,228.50,-2.50,"3,056",
112/02/22,"3,230,667","732,663,517",227.00,228.50,225.00,228.00,-0.50,"3,123",
112/02/23,"5,203,442","1,174,681,700",227.00,228.00,224.00,225.00,-3.00,"4,671",
112/02/24,"11,920,356","2,663,293,191",229.00,229.00,218.50,225.50,+0.50,"8,764",
112/03/01,"5,738,064","1,297,792,943",219.00,229.50,219.00,229.00,+3.50,"4,432",
112/03/02,"2,553,782","580,787,538",229.50,230.00,226.00,226.00,-3.00,"2,796",
112/03/03,"3,029,868","687,087,900",228.50,230.50,225.00,226.00, 0.00,"2,826",
112/03/06,"1,938,957","442,095,838",228.50,229.00,226.50,228.00,+2.00,"1,783",
112/03/07,"4,787,119","1,105,538,466",228.00,233.00,228.00,232.00,+4.00,"3,738",
112/03/08,"3,024,606","702,360,035",230.50,234.00,230.50,232.50,+0.50,"3,621",
112/03/09,"4,639,097","1,088,490,166",234.50,237.00,233.00,234.50,+2.00,"3,275",
112/03/10,"5,342,718","1,225,172,450",232.50,233.50,226.00,227.00,-7.50,"6,106",
112/03/13,"5,475,824","1,268,286,874",229.50,235.00,225.50,234.50,+7.50,"4,474",
112/03/14,"4,386,976","1,009,466,035",230.50,232.50,228.00,229.50,-5.00,"7,509",
112/03/15,"2,640,210","609,153,953",231.00,232.50,229.50,229.50, 0.00,"1,963",
112/03/16,"4,173,055","950,899,361",228.00,229.50,226.00,228.00,-1.50,"2,953",
112/03/17,"4,166,931","958,406,098",229.50,231.00,228.50,230.00,+2.00,"2,155",
112/03/20,"1,540,648","354,195,227",231.50,231.50,228.00,231.00,+1.00,"1,898",
112/03/21,"2,073,793","475,421,439",231.50,232.00,227.50,229.00,-2.00,"2,220",
112/03/22,"3,066,240","714,567,642",230.50,235.00,229.00,234.00,+5.00,"2,769",
112/03/23,"2,188,281","515,790,203",233.50,237.50,232.50,237.00,+3.00,"2,626",
112/03/24,"4,013,525","930,102,792",236.00,236.00,230.50,232.00,-5.00,"10,022",
112/03/27,"2,323,586","541,194,436",231.00,234.50,230.50,233.00,+1.00,"2,072",
112/03/28,"1,177,014","274,610,380",234.00,234.50,232.50,233.00, 0.00,"3,637",
112/03/29,"5,090,959","1,152,313,223",224.00,228.50,224.00,228.50,-4.50,"9,816",
112/03/30,"3,927,059","884,795,952",228.00,228.00,224.00,225.50,-3.00,"5,760",
112/03/31,"5,588,792","1,242,538,223",224.50,225.00,220.00,223.50,-2.00,"5,978",
112/04/06,"3,138,930","696,606,540",224.00,225.00,220.00,220.50,-3.00,"4,116",
112/04/07,"1,753,410","391,696,055",221.50,225.00,221.00,223.50,+3.00,"1,917",
112/04/10,"2,408,253","539,414,504",224.00,225.50,223.00,224.00,+0.50,"2,426",
112/04/11,"2,796,355","637,547,239",227.50,229.50,226.50,228.00,+4.00,"2,826",
112/04/12,"1,545,985","351,900,601",228.00,229.00,226.00,228.00, 0.00,"2,765",
112/04/13,"2,765,244","631,259,899",226.00,230.50,226.00,229.50,+1.50,"2,152",
112/04/14,"4,233,488","983,444,619",231.50,233.50,229.50,233.50,+4.00,"3,297",
112/04/17,"2,584,996","594,103,245",231.50,232.00,228.50,230.00,-3.50,"5,459",
112/04/18,"1,411,491","324,034,159",228.50,230.50,228.00,230.00, 0.00,"1,574",
112/04/19,"1,884,961","429,869,830",229.00,229.50,227.00,229.00,-1.00,"3,123",
112/04/20,"1,715,090","388,712,102",228.00,229.50,225.00,225.00,-4.00,"2,061",
112/04/21,"2,171,973","490,554,449",226.00,228.00,224.00,225.50,+0.50,"2,121",
112/04/24,"1,041,733","233,494,359",224.00,226.00,221.00,226.00,+0.50,"1,465",
112/04/25,"2,103,218","469,185,400",226.50,227.50,221.00,222.00,-4.00,"2,742",
112/04/26,"2,673,880","599,150,045",221.00,226.00,220.50,224.50,+2.50,"2,404",
112/04/27,"3,583,312","789,660,691",223.00,224.00,218.00,220.00,-4.50,"5,773",
112/04/28,"2,167,357","483,094,515",221.50,224.00,221.00,223.00,+3.00,"1,748",
112/05/02,"1,820,681","409,414,616",224.50,226.50,223.00,225.00,+2.00,"2,262",
112/05/03,"1,508,573","336,010,160",224.00,224.00,221.50,222.50,-2.50,"2,821",
112/05/04,"1,867,662","413,151,567",221.00,222.50,220.50,221.00,-1.50,"2,864",
112/05/05,"2,861,685","628,812,659",222.00,222.00,218.50,220.50,-0.50,"3,278",
112/05/08,"2,179,777","490,682,562",222.50,226.50,222.50,226.00,+5.50,"2,230",
112/05/09,"1,367,860","307,254,793",225.00,226.50,223.50,224.00,-2.00,"6,162",
112/05/10,"2,158,707","485,287,150",226.00,227.50,223.00,225.00,+1.00,"1,813",
112/05/11,"2,238,005","502,972,968",226.00,227.00,223.50,224.50,-0.50,"1,667",
112/05/12,"3,335,052","744,312,201",225.50,226.50,221.50,222.00,-2.50,"2,913",
112/05/15,"8,903,388","1,875,530,222",221.00,221.00,206.00,209.00,-13.00,"14,258",
112/05/16,"5,935,496","1,232,506,077",208.00,209.50,206.00,208.00,-1.00,"7,500",
112/05/17,"5,105,631","1,087,182,839",208.00,216.00,207.00,214.00,+6.00,"4,831",
112/05/18,"5,137,822","1,110,905,562",216.00,218.50,212.00,218.00,+4.00,"4,082",
112/05/19,"5,691,258","1,234,294,547",220.00,222.50,214.00,216.00,-2.00,"5,782",
112/05/22,"4,241,156","910,312,598",213.00,216.50,212.50,215.00,-1.00,"4,552",
112/05/23,"3,462,674","742,550,795",215.50,216.50,213.50,213.50,-1.50,"3,218",
112/05/24,"3,484,257","731,965,077",212.50,213.00,209.00,210.00,-3.50,"4,665",
112/05/25,"7,614,002","1,560,360,267",208.00,208.50,202.00,206.00,-4.00,"9,091",
112/05/26,"3,889,808","801,939,459",205.00,208.00,204.50,206.00, 0.00,"5,868",
112/05/29,"6,238,893","1,286,449,753",206.50,211.00,201.00,210.50,+4.50,"6,420",
112/05/30,"3,928,010","813,207,270",210.50,210.50,205.50,207.00,-3.50,"5,854",
112/05/31,"29,212,529","5,924,983,630",205.00,206.50,202.50,202.50,-4.50,"10,319",
112/06/01,"3,114,827","637,603,937",204.00,205.50,203.50,204.50,+2.00,"3,508",
112/06/02,"4,204,211","861,388,740",202.50,206.00,202.50,205.00,+0.50,"3,468",
112/06/05,"3,034,772","631,565,238",206.50,210.00,206.50,206.50,+1.50,"3,459",
112/06/06,"1,456,892","303,948,747",206.50,209.50,206.50,209.00,+2.50,"1,996",
112/06/07,"3,500,624","743,896,398",210.00,213.50,209.50,213.00,+4.00,"3,842",
112/06/08,"1,937,090","409,109,432",212.00,213.00,210.00,210.00,-3.00,"2,491",
112/06/09,"1,898,051","400,351,859",212.00,212.00,208.50,211.50,+1.50,"2,214",
112/06/12,"2,665,239","561,624,049",213.50,214.00,209.00,209.00,-2.50,"3,049",
112/06/13,"8,372,093","1,719,150,822",207.50,210.50,204.00,204.00,-5.00,"11,902",
112/06/14,"3,628,132","754,460,764",205.50,210.00,205.50,208.50,+4.50,"3,697",
112/06/15,"4,175,688","857,709,736",207.50,208.00,204.50,205.50,-3.00,"6,493",
112/06/16,"3,841,709","789,532,289",206.50,208.00,204.50,205.00,-0.50,"3,440",
112/06/19,"2,306,397","475,389,278",204.00,208.00,203.00,207.00,+2.00,"2,881",
112/06/20,"2,487,504","512,116,431",207.50,207.50,205.00,205.00,-2.00,"2,775",
112/06/21,"5,210,175","1,050,169,334",201.00,203.00,200.00,201.50,-3.50,"9,104",
112/06/26,"3,478,567","699,114,763",199.50,202.00,199.50,202.00,+0.50,"5,500",
112/06/27,"2,666,395","536,492,879",201.00,203.00,200.00,201.00,-1.00,"3,431",
112/06/28,"1,553,499","313,885,199",201.00,203.00,200.50,203.00,+2.00,"2,062",
112/06/29,"3,345,181","684,808,824",205.00,207.00,203.00,204.00,+1.00,"3,146",
112/06/30,"3,304,952","671,825,853",202.50,204.50,202.00,204.00, 0.00,"2,850",
112/07/03,"1,659,826","340,822,750",203.50,206.50,203.50,205.50,+1.50,"1,909",
112/07/04,"4,632,253","973,292,540",206.50,212.00,206.50,210.00,+4.50,"4,388",
112/07/05,"3,041,369","639,137,956",210.00,212.00,209.00,210.00, 0.00,"3,465",
112/07/06,"5,532,656","1,136,786,321",207.00,208.00,204.00,204.00,-6.00,"5,460",
112/07/07,"4,739,866","954,717,899",201.00,203.00,201.00,201.00,-3.00,"7,190",
112/07/10,"2,003,954","404,087,556",202.00,203.50,200.50,201.50,+0.50,"2,397",
112/07/11,"2,222,792","452,768,324",203.00,204.50,202.00,204.50,+3.00,"2,048",
112/07/12,"3,786,871","767,222,883",202.50,204.50,202.00,202.50,-2.00,"3,134",
112/07/13,"3,612,104","738,474,966",202.50,206.50,202.50,203.50,+1.00,"3,493",
112/07/14,"6,805,571","1,432,710,280",206.00,213.00,206.00,212.00,+8.50,"6,216",
112/07/17,"4,956,952","1,063,461,407",213.00,216.00,212.50,215.00,+3.00,"5,023",
112/07/18,"4,436,691","940,297,942",214.50,214.50,210.00,211.00,-4.00,"4,051",
112/07/19,"3,610,485","766,601,715",212.00,214.00,211.50,212.00,+1.00,"2,711",
112/07/20,"7,276,997","1,515,378,182",211.00,211.00,206.50,206.50,-5.50,"5,236",
112/07/21,"4,405,366","898,688,303",205.00,206.00,203.00,204.00,-2.50,"5,898",
112/07/24,"3,699,081","756,966,477",205.00,207.00,202.50,205.00,+1.00,"3,325",
112/07/25,"5,571,142","1,150,946,914",206.00,208.00,204.00,207.50,+2.50,"3,175",
112/07/26,"4,306,497","880,928,148",206.00,207.00,203.50,203.50,-4.00,"5,366",
112/07/27,"6,505,090","1,336,071,715",205.00,208.50,204.00,204.50,+1.00,"4,618",
112/07/28,"4,790,801","984,095,508",204.50,206.50,204.00,205.00,+0.50,"3,676",
112/07/31,"7,506,323","1,562,333,034",207.00,209.00,206.50,208.00,+3.00,"5,843",
112/08/01,"5,565,132","1,115,269,792",200.00,203.00,199.00,202.50,X0.00,"6,531",
112/08/02,"4,924,706","987,979,341",201.00,202.00,199.00,201.00,-1.50,"6,102",
112/08/04,"9,956,507","1,944,374,990",198.00,199.00,194.00,194.00,-7.00,"15,060",
112/08/07,"8,931,981","1,681,745,820",192.50,192.50,184.00,187.50,-6.50,"13,819",
112/08/08,"8,996,662","1,675,730,073",188.00,189.50,184.50,185.00,-2.50,"8,994",
112/08/09,"3,106,617","577,410,109",184.50,187.00,184.50,186.50,+1.50,"3,446",
112/08/10,"3,313,426","621,573,443",187.00,190.00,186.00,187.00,+0.50,"3,493",
112/08/11,"3,269,822","612,783,506",188.50,190.00,186.00,186.00,-1.00,"4,064",
112/08/14,"12,467,353","2,178,739,276",181.50,181.50,173.00,173.50,-12.50,"19,406",
112/08/15,"12,532,779","2,133,311,421",172.50,173.00,168.00,170.00,-3.50,"13,198",
112/08/16,"10,787,383","1,866,547,831",170.00,176.00,169.00,174.00,+4.00,"8,122",
112/08/17,"7,850,275","1,407,680,051",172.50,183.00,171.00,181.50,+7.50,"7,935",
112/08/18,"7,452,038","1,345,852,427",181.00,182.50,179.00,180.00,-1.50,"5,058",
112/08/21,"3,609,267","643,074,943",179.00,180.00,176.00,179.00,-1.00,"4,454",
112/08/22,"2,798,635","498,997,363",178.50,179.50,177.50,177.50,-1.50,"2,941",
112/08/23,"3,829,723","666,538,132",177.50,177.50,172.50,174.00,-3.50,"6,244",
112/08/24,"2,101,595","370,592,852",174.50,177.50,173.50,177.00,+3.00,"2,259",
112/08/25,"3,924,629","698,810,501",176.50,179.50,175.00,178.00,+1.00,"2,634",
112/08/28,"3,332,193","604,890,147",178.50,184.00,176.50,181.50,+3.50,"3,522",
112/08/29,"4,095,666","726,582,374",177.00,179.50,175.00,178.50,-3.00,"5,145",
112/08/30,"3,188,745","565,239,882",178.50,179.50,176.00,177.00,-1.50,"4,641",
112/08/31,"4,854,521","863,885,522",176.50,180.00,176.50,177.50,+0.50,"3,505",
112/09/01,"4,679,709","831,391,448",176.00,179.00,175.50,178.50,+1.00,"3,089",
112/09/04,"2,606,883","469,793,632",178.50,181.50,177.50,181.50,+3.00,"2,931",
112/09/05,"2,113,106","379,187,897",180.50,181.00,179.00,179.00,-2.50,"3,248",
112/09/06,"2,920,011","522,769,511",178.50,180.00,178.00,179.50,+0.50,"2,987",
112/09/07,"4,581,668","805,036,485",177.00,178.00,174.00,174.50,-5.00,"8,905",
112/09/08,"4,811,963","829,364,547",171.50,174.00,170.50,172.50,-2.00,"6,725",
112/09/11,"3,535,281","618,447,289",173.50,176.50,173.00,175.00,+2.50,"2,901",
112/09/12,"2,768,840","484,673,344",174.50,176.00,173.00,176.00,+1.00,"2,621",
112/09/13,"2,553,927","449,992,564",175.50,177.00,174.50,177.00,+1.00,"2,535",
112/09/14,"2,630,697","469,492,461",177.50,180.00,177.00,180.00,+3.00,"2,805",
112/09/15,"5,923,371","1,083,513,128",182.50,185.00,182.00,182.50,+2.50,"4,589",
112/09/18,"2,439,393","445,957,703",182.00,184.00,181.50,183.00,+0.50,"3,137",
112/09/19,"3,171,753","581,606,853",182.50,184.50,182.00,184.00,+1.00,"3,124",
112/09/20,"3,245,727","586,717,910",184.00,184.00,179.00,180.00,-4.00,"3,889",
112/09/21,"4,145,030","731,535,033",179.00,180.00,175.50,175.50,-4.50,"6,066",
112/09/22,"2,761,508","488,329,388",174.00,179.00,174.00,177.50,+2.00,"2,304",
112/09/25,"2,715,500","493,093,122",178.50,183.00,178.00,181.50,+4.00,"2,558",
112/09/26,"2,987,935","540,459,070",182.00,183.00,179.50,180.00,-1.50,"8,997",
112/09/27,"3,662,937","669,956,499",180.00,184.00,178.50,184.00,+4.00,"3,343",
112/09/28,"4,317,792","785,305,655",184.00,184.50,180.50,181.00,-3.00,"3,028",
112/10/02,"2,950,537","533,562,775",181.00,182.00,178.50,181.00, 0.00,"2,336",
112/10/03,"1,915,931","344,397,168",179.50,181.00,179.00,179.00,-2.00,"2,653",
112/10/04,"3,862,173","682,395,138",179.50,179.50,175.50,177.00,-2.00,"4,428",
112/10/05,"1,945,442","345,759,247",178.00,179.00,177.00,177.50,+0.50,"2,180",
112/10/06,"1,657,451","296,793,163",179.50,180.00,178.00,178.00,+0.50,"2,055",
112/10/11,"6,585,354","1,210,661,980",182.00,186.50,181.00,183.50,+5.50,"5,782",
112/10/12,"3,970,845","724,541,488",183.50,184.00,180.00,183.50, 0.00,"6,766",
112/10/13,"3,141,182","575,129,021",182.00,184.00,182.00,183.00,-0.50,"2,200",
112/10/16,"2,152,104","392,573,707",182.00,183.00,181.50,182.50,-0.50,"2,001",
112/10/17,"2,487,858","453,271,006",182.50,184.00,181.00,181.00,-1.50,"2,013",
112/10/18,"2,756,311","492,977,405",180.50,182.00,178.00,179.00,-2.00,"3,624",
112/10/19,"2,362,935","420,364,643",177.00,179.00,177.00,179.00, 0.00,"3,062",
112/10/20,"6,226,357","1,085,307,241",177.00,177.50,172.00,174.00,-5.00,"7,118",
112/10/23,"4,394,431","756,212,527",171.50,173.50,170.50,172.00,-2.00,"4,793",
112/10/24,"3,527,055","602,586,009",169.50,172.50,169.50,171.00,-1.00,"4,245",
112/10/25,"2,153,385","374,306,053",172.50,175.00,172.00,173.50,+2.50,"2,243",
112/10/26,"6,012,740","1,034,315,900",172.00,174.00,171.00,171.50,-2.00,"4,256",
112/10/27,"7,620,646","1,358,365,523",173.50,180.50,173.00,179.00,+7.50,"4,636",
112/10/30,"3,427,993","607,933,404",177.50,179.00,176.00,177.50,-1.50,"3,220",
112/10/31,"2,726,613","480,051,507",177.50,178.50,174.50,175.50,-2.00,"2,866",
112/11/01,"2,615,147","455,505,322",176.00,176.50,173.50,173.50,-2.00,"3,098",
112/11/02,"2,340,751","414,763,641",176.50,178.50,176.00,176.50,+3.00,"2,278",
112/11/03,"1,959,280","349,886,960",178.50,179.50,177.50,178.50,+2.00,"2,006",
112/11/06,"3,186,585","577,034,653",179.00,182.50,178.50,181.00,+2.50,"2,897",
112/11/07,"2,805,835","509,895,976",181.00,182.50,180.00,182.00,+1.00,"2,519",
112/11/08,"2,731,149","490,850,475",182.00,182.00,178.50,179.00,-3.00,"3,288",
112/11/09,"1,531,536","273,170,148",179.50,180.00,177.50,178.00,-1.00,"5,080",
112/11/10,"5,124,191","890,505,711",175.00,175.00,173.00,173.50,-4.50,"7,652",
112/11/13,"3,337,188","579,222,439",175.00,175.50,172.00,172.50,-1.00,"4,548",
112/11/14,"2,423,152","421,223,996",174.50,175.00,173.00,173.00,+0.50,"3,679",
112/11/15,"5,085,584","885,788,961",173.50,175.00,173.00,175.00,+2.00,"4,968",
112/11/16,"4,631,246","814,729,672",174.00,177.00,174.00,176.50,+1.50,"3,821",
112/11/17,"4,079,065","726,042,746",176.50,179.00,176.00,177.50,+1.00,"3,900",
112/11/20,"2,534,957","448,994,041",177.00,178.50,175.00,178.00,+0.50,"3,407",
112/11/21,"5,727,309","1,033,597,282",178.50,182.00,177.00,181.00,+3.00,"5,221",
112/11/22,"2,551,331","463,402,126",179.50,182.50,179.50,182.50,+1.50,"3,164",
112/11/23,"2,495,927","454,802,567",182.00,184.00,181.00,182.00,-0.50,"2,551",
112/11/24,"3,731,439","686,818,285",183.00,185.00,182.50,184.50,+2.50,"4,622",
112/11/27,"4,654,272","859,831,150",184.50,187.00,182.50,183.50,-1.00,"4,124",
112/11/28,"5,267,428","974,587,716",185.00,186.50,182.50,185.00,+1.50,"4,265",
112/11/29,"2,227,156","409,805,181",185.00,186.00,183.00,183.00,-2.00,"8,219",
112/11/30,"7,075,731","1,311,785,145",184.50,186.00,183.00,186.00,+3.00,"3,805",
112/12/01,"4,553,080","833,570,638",184.00,184.50,182.00,182.50,-3.50,"4,047",
112/12/04,"3,759,190","686,138,907",183.50,185.00,181.00,181.50,-1.00,"3,233",
112/12/05,"4,698,463","847,369,788",180.00,181.00,179.00,181.00,-0.50,"4,424",
112/12/06,"1,856,403","335,978,695",181.00,182.50,180.00,180.00,-1.00,"2,953",
112/12/07,"3,835,768","688,428,441",178.50,181.00,178.50,179.00,-1.00,"5,187",
112/12/08,"4,774,274","867,526,569",181.00,183.50,180.50,181.00,+2.00,"3,296",
112/12/11,"5,386,445","962,610,376",180.50,180.50,178.00,178.50,-2.50,"5,627",
112/12/12,"3,699,213","663,872,078",180.00,180.50,178.50,179.00,+0.50,"3,156",
112/12/13,"6,422,574","1,134,307,057",178.00,179.00,175.00,175.50,-3.50,"8,634",
112/12/14,"5,743,970","1,022,001,487",175.50,179.50,175.50,179.50,+4.00,"3,850",
112/12/15,"11,117,765","2,063,578,344",181.00,188.00,181.00,187.50,+8.00,"9,721",
112/12/18,"6,454,172","1,217,886,525",189.00,191.50,186.00,186.50,-1.00,"8,818",
112/12/19,"3,167,277","590,688,269",186.50,188.00,184.50,186.50, 0.00,"3,291",
112/12/20,"3,297,106","613,100,331",188.00,188.50,184.50,185.00,-1.50,"4,735",
112/12/21,"4,250,365","793,071,453",185.00,187.50,183.50,187.50,+2.50,"3,300",
112/12/22,"3,332,377","621,905,933",187.00,188.50,185.50,186.50,-1.00,"3,911",
112/12/25,"1,920,719","358,665,125",187.50,187.50,185.50,186.50, 0.00,"1,614",
112/12/26,"2,586,858","489,367,237",188.00,190.00,187.00,189.00,+2.50,"3,122",
112/12/27,"2,753,294","524,136,953",189.00,191.00,188.50,190.50,+1.50,"3,227",
112/12/28,"4,977,243","938,868,326",190.00,190.50,187.00,189.50,-1.00,"3,384",
112/12/29,"5,028,597","964,738,683",190.00,193.00,189.00,193.00,+3.50,"4,217",
113/01/02,"4,516,341","869,712,741",192.50,194.00,190.50,194.00,+1.00,"3,404",
113/01/03,"4,345,925","831,516,135",192.00,193.00,190.00,192.00,-2.00,"4,177",
113/01/04,"4,821,938","936,382,591",192.50,195.50,191.50,195.50,+3.50,"4,338",
113/01/05,"3,531,987","678,621,644",195.00,195.50,190.00,190.00,-5.50,"4,531",
113/01/08,"4,873,628","913,994,123",191.00,191.00,186.00,186.00,-4.00,"6,208",
113/01/09,"3,900,837","718,115,582",187.00,187.00,182.50,182.50,-3.50,"5,827",
113/01/10,"2,471,628","453,860,375",184.50,185.00,182.00,183.00,+0.50,"2,660",
113/01/11,"1,600,432","297,266,695",184.50,187.00,183.50,186.00,+3.00,"2,041",
113/01/12,"2,071,498","383,016,240",185.50,186.50,183.50,184.50,-1.50,"2,465",
113/01/15,"2,159,377","398,203,559",186.00,186.50,183.50,184.00,-0.50,"3,010",
113/01/16,"3,062,361","557,129,095",183.00,183.50,180.50,182.00,-2.00,"4,676",
113/01/17,"7,164,514","1,285,438,437",181.00,181.50,178.50,178.50,-3.50,"8,855",
113/01/18,"5,035,200","895,110,504",178.50,179.50,177.00,177.00,-1.50,"5,845",
113/01/19,"4,468,626","801,139,606",178.00,180.50,178.00,179.50,+2.50,"4,110",
113/01/22,"3,333,705","599,067,507",179.50,181.00,178.00,180.00,+0.50,"3,211",
113/01/23,"3,312,675","598,813,893",181.00,181.50,179.50,181.00,+1.00,"2,333",
113/01/24,"3,953,486","708,431,474",181.00,182.00,178.00,178.00,-3.00,"6,824",
113/01/25,"4,181,030","752,470,712",178.50,181.00,178.50,179.50,+1.50,"3,097",
113/01/26,"3,706,705","661,320,223",179.00,179.50,177.00,177.50,-2.00,"6,175",
113/01/29,"3,797,753","679,573,401",177.50,180.00,177.00,179.00,+1.50,"2,799",
113/01/30,"10,324,340","1,808,695,889",178.00,178.50,174.00,174.00,-5.00,"17,737",
113/01/31,"3,437,396","598,230,009",173.00,175.00,173.00,174.00, 0.00,"5,070",
113/02/01,"5,000,418","873,514,019",174.50,176.00,173.00,175.00,+1.00,"4,608",
113/02/02,"4,777,849","833,843,318",175.00,175.50,174.00,174.50,-0.50,"4,895",
113/02/05,"4,844,370","837,913,393",174.00,174.00,171.00,174.00,-0.50,"7,525",
113/02/15,"8,402,730","1,434,219,056",171.00,172.00,170.00,170.00,-4.00,"14,840",
113/02/16,"10,326,700","1,756,250,168",170.00,173.00,168.00,171.00,+1.00,"13,635",
113/02/19,"4,450,900","773,130,335",173.00,175.00,172.00,174.00,+3.00,"4,748",
113/02/20,"3,793,909","669,037,999",174.50,177.50,174.50,177.50,+3.50,"3,955",
113/02/21,"4,567,496","805,239,281",177.50,178.50,175.00,176.00,-1.50,"4,922",
113/02/22,"3,387,611","596,712,282",176.50,177.50,175.00,176.00, 0.00,"3,352",
113/02/23,"3,039,308","536,438,703",175.50,177.50,175.00,176.00, 0.00,"2,968",
113/02/26,"5,160,152","895,524,351",176.00,176.50,172.50,173.00,-3.00,"6,729",
113/02/27,"4,679,745","809,459,434",174.00,176.00,172.00,172.00,-1.00,"5,058",
113/02/29,"4,695,155","814,704,670",172.00,175.00,171.00,174.50,+2.50,"3,716",
113/03/01,"4,257,649","739,033,023",174.50,175.00,172.50,174.00,-0.50,"3,740",
113/03/04,"2,511,207","436,051,830",173.00,174.00,173.00,174.00, 0.00,"3,037",
113/03/05,"2,948,783","512,883,442",173.50,175.00,173.00,173.50,-0.50,"3,339",
113/03/06,"5,688,555","995,023,486",173.00,176.50,172.50,175.00,+1.50,"3,605",
113/03/07,"4,307,031","750,186,435",174.00,175.00,173.00,175.00, 0.00,"4,478",
113/03/08,"5,632,198","969,764,715",173.50,174.00,171.00,172.50,-2.50,"7,905",
113/03/11,"2,780,998","482,716,636",172.00,174.50,171.50,174.50,+2.00,"2,887",
113/03/12,"3,159,587","552,807,275",174.50,176.00,173.50,176.00,+1.50,"3,765",
113/03/13,"4,660,112","818,970,616",175.00,177.50,174.00,176.00, 0.00,"4,426",
113/03/14,"7,139,506","1,276,709,985",176.50,180.50,176.50,179.00,+3.00,"6,504",
113/03/15,"6,991,746","1,232,803,118",178.00,178.00,174.50,177.00,-2.00,"6,671",
113/03/18,"3,056,096","534,372,140",176.00,176.50,174.00,174.00,-3.00,"3,979",
113/03/19,"4,315,661","745,615,783",173.00,174.00,172.00,172.50,-1.50,"4,749",
113/03/20,"3,661,909","630,641,394",172.00,173.00,171.50,172.00,-0.50,"3,989",
113/03/21,"5,205,402","913,606,510",173.50,177.00,173.00,176.50,+4.50,"4,308",
113/03/22,"6,930,320","1,190,060,276",174.00,174.50,170.50,171.50,-5.00,"9,462",
113/03/25,"2,433,532","420,018,624",170.50,174.00,170.50,174.00,+2.50,"2,733",
113/03/26,"5,099,604","876,466,076",172.00,174.00,170.50,172.00,-2.00,"5,669",
113/03/27,"1,755,600","301,913,574",171.50,172.50,171.50,172.00, 0.00,"2,408",
113/03/28,"5,131,347","886,588,964",173.50,175.00,171.50,171.50,-0.50,"4,862",
113/03/29,"1,802,575","310,420,423",172.00,173.00,171.50,172.00,+0.50,"2,022",
113/04/01,"4,787,846","838,104,521",173.00,176.00,173.00,175.50,+3.50,"4,088",
113/04/02,"3,949,586","695,651,986",176.50,177.50,175.00,176.00,+0.50,"7,543",
113/04/03,"6,531,975","1,144,502,099",175.00,176.00,174.00,175.50,-0.50,"4,511",
113/04/08,"3,808,824","670,766,516",174.00,178.00,174.00,176.00,+0.50,"3,869",
113/04/09,"6,991,569","1,244,184,688",177.00,179.00,176.00,178.50,+2.50,"5,070",
113/04/10,"5,969,573","1,070,691,585",179.00,180.50,178.00,178.50, 0.00,"11,000",
113/04/11,"3,620,119","636,689,658",177.50,178.00,174.50,175.50,-3.00,"4,050",
113/04/12,"3,620,782","632,871,061",175.00,175.50,174.00,174.50,-1.00,"3,827",
113/04/15,"2,959,803","513,240,250",173.00,174.50,172.50,173.00,-1.50,"3,343",
113/04/16,"6,137,674","1,048,135,776",172.00,173.00,170.00,170.00,-3.00,"7,909",
113/04/17,"4,502,721","766,589,629",170.50,171.00,169.50,170.50,+0.50,"4,579",
113/04/18,"4,391,328","755,840,446",171.00,173.00,170.50,172.00,+1.50,"3,534",
113/04/19,"9,022,439","1,517,101,754",170.50,171.50,165.00,168.00,-4.00,"12,339",
113/04/22,"4,708,084","808,334,636",169.50,173.00,168.00,172.50,+4.50,"3,688",
113/04/23,"3,590,814","621,307,355",173.00,174.00,172.00,173.00,+0.50,"3,000",
113/04/24,"4,151,697","716,413,353",174.00,174.00,171.00,173.50,+0.50,"3,469",
113/04/25,"2,513,705","431,158,534",172.00,172.50,171.00,171.00,-2.50,"2,384",
113/04/26,"7,889,485","1,331,736,989",170.50,171.00,167.50,168.00,-3.00,"12,304",
113/04/29,"8,745,883","1,500,516,709",167.50,174.00,167.00,174.00,+6.00,"6,248",
113/04/30,"4,055,125","702,432,031",173.00,175.00,172.50,172.50,-1.50,"2,745",
113/05/02,"7,019,476","1,201,125,838",171.50,173.50,170.00,170.50,-2.00,"3,951",
113/05/03,"4,091,612","706,318,809",171.50,173.50,171.50,172.00,+1.50,"3,123",
113/05/06,"3,492,885","603,037,554",173.00,174.00,171.50,173.00,+1.00,"3,059",
113/05/07,"12,926,364","2,180,478,807",171.50,172.50,168.00,168.00,-5.00,"15,503",
113/05/08,"45,416,903","6,969,515,652",151.50,158.50,151.50,152.00,-16.00,"57,075",
113/05/09,"27,085,819","4,135,532,920",152.50,155.50,150.00,150.00,-2.00,"29,457",
113/05/10,"19,032,115","2,899,216,126",150.50,153.50,150.50,153.00,+3.00,"12,138",
113/05/13,"14,449,102","2,267,840,490",153.00,159.00,153.00,157.00,+4.00,"13,724",
113/05/14,"16,991,968","2,590,991,301",150.50,154.50,148.50,153.00,-4.00,"18,396",
113/05/15,"13,506,672","2,074,337,140",153.00,155.50,152.00,153.00, 0.00,"10,493",
113/05/16,"10,414,145","1,597,932,872",154.00,154.50,152.50,153.00, 0.00,"7,207",
113/05/17,"5,495,764","839,144,916",152.50,153.50,152.00,152.50,-0.50,"5,424",
113/05/20,"11,358,219","1,771,887,459",153.50,158.00,153.00,156.00,+3.50,"7,973",
113/05/21,"5,874,638","912,877,902",155.50,156.50,154.50,155.00,-1.00,"5,907",
113/05/22,"8,642,949","1,338,757,599",155.50,157.00,153.50,154.50,-0.50,"7,284",
113/05/23,"11,972,232","1,812,694,264",153.00,154.00,150.50,150.50,-4.00,"17,356",
113/05/24,"7,030,206","1,059,470,466",149.00,152.00,149.00,150.50, 0.00,"7,488",
113/05/27,"8,722,026","1,336,626,681",152.00,154.50,151.50,154.00,+3.50,"5,438",
113/05/28,"9,462,822","1,472,257,778",155.00,157.00,154.00,155.00,+1.00,"9,566",
113/05/29,"5,219,732","810,508,115",156.00,157.00,154.50,155.00, 0.00,"5,565",
113/05/30,"7,349,288","1,130,743,487",153.50,154.50,153.00,153.00,-2.00,"4,722",
113/05/31,"30,391,508","4,643,297,820",151.50,156.00,151.50,152.00,-1.00,"9,782",
113/06/03,"7,671,257","1,193,050,308",154.00,156.50,153.50,156.00,+4.00,"6,064",
113/06/04,"4,631,121","713,068,226",155.00,155.50,153.00,153.50,-2.50,"5,190",
113/06/05,"4,157,533","646,712,788",154.00,156.50,154.00,155.50,+2.00,"3,986",
113/06/06,"6,510,473","1,004,581,840",156.00,156.00,153.50,154.00,-1.50,"5,641",
113/06/07,"6,109,638","937,800,922",153.50,154.50,153.00,153.00,-1.00,"6,583",
113/06/11,"14,363,889","2,179,620,229",152.50,153.00,150.50,151.50,-1.50,"9,815",
113/06/12,"7,939,294","1,217,206,894",151.50,154.50,151.50,153.50,+2.00,"5,092",
113/06/13,"8,529,563","1,323,524,541",155.00,156.00,154.00,155.00,+1.50,"5,603",
113/06/14,"4,981,764","776,416,760",155.50,156.50,155.00,156.50,+1.50,"3,732",
113/06/17,"10,028,110","1,607,019,658",157.00,161.50,156.50,161.00,+4.50,"9,468",
113/06/18,"5,868,112","944,214,962",161.50,162.00,159.50,161.50,+0.50,"5,817",
113/06/19,"9,271,053","1,488,570,894",162.50,162.50,159.00,160.50,-1.00,"6,973",
113/06/20,"7,938,330","1,290,321,271",162.00,164.00,161.50,163.00,+2.50,"7,345",
113/06/21,"18,994,762","3,065,505,193",162.50,163.50,160.50,160.50,-2.50,"7,870",
113/06/24,"11,996,765","1,907,143,133",160.50,161.50,158.50,158.50,-2.00,"5,895",
113/06/25,"14,429,298","2,264,808,725",160.00,161.00,156.00,156.00,-2.50,"8,149",
113/06/26,"9,989,265","1,563,209,378",156.00,159.00,155.50,155.50,-0.50,"4,920",
113/06/27,"16,508,226","2,530,570,241",154.50,155.00,152.50,152.50,-3.00,"13,114",
113/06/28,"9,889,954","1,518,080,975",153.50,154.50,153.00,153.50,+1.00,"5,478",
113/07/01,"10,040,029","1,568,324,752",154.50,158.00,154.00,155.50,+2.00,"6,796",
113/07/02,"5,985,777","926,715,583",154.50,156.00,153.50,155.00,-0.50,"5,094",
113/07/03,"21,012,901","3,289,091,166",156.00,158.00,154.50,156.00,+1.00,"7,976",
113/07/04,"9,349,775","1,483,313,400",157.50,160.50,157.00,158.00,+2.00,"6,312",
113/07/05,"5,190,062","816,125,209",158.50,159.00,156.50,157.00,-1.00,"4,768",
113/07/08,"4,781,633","753,426,286",157.00,158.50,156.00,158.50,+1.50,"4,024",
113/07/09,"6,743,803","1,061,086,126",158.00,158.50,156.00,157.50,-1.00,"4,849",
113/07/10,"6,013,193","950,518,876",158.00,159.00,157.00,158.00,+0.50,"4,330",
113/07/11,"13,253,335","2,116,739,375",158.00,162.00,157.00,160.50,+2.50,"8,566",
113/07/12,"12,345,515","2,018,117,214",160.50,165.00,160.00,163.50,+3.00,"9,081",
113/07/15,"8,651,174","1,418,909,574",164.00,165.50,162.00,164.50,+1.00,"7,187",
113/07/16,"9,004,636","1,471,287,606",165.00,165.00,162.50,163.50,-1.00,"7,842",
113/07/17,"12,188,921","1,982,283,089",163.50,164.00,161.00,162.00,-1.50,"9,072",
113/07/18,"13,542,302","2,088,325,343",154.00,156.00,153.00,154.50,X0.00,"11,281",
113/07/19,"11,998,728","1,810,811,068",154.00,154.00,150.00,150.50,-4.00,"13,235",
113/07/22,"11,393,035","1,673,355,088",150.00,150.00,145.50,147.00,-3.50,"12,570",
113/07/23,"6,733,875","1,010,134,833",148.00,151.50,148.00,151.50,+4.50,"5,190",
113/07/26,"5,566,498","828,351,830",148.00,150.00,147.50,149.00,-2.50,"5,741",
113/07/29,"4,400,450","656,122,412",150.00,151.50,148.00,148.50,-0.50,"4,093",
113/07/30,"6,657,462","980,382,317",149.00,149.50,145.50,149.50,+1.00,"5,504",
113/07/31,"6,478,786","981,132,357",149.00,152.00,149.00,152.00,+2.50,"4,203",
113/08/01,"4,108,250","627,158,210",152.50,153.50,151.50,153.50,+1.50,"3,511",
113/08/02,"8,688,562","1,295,556,064",151.00,151.00,148.00,148.50,-5.00,"7,310",
113/08/05,"14,351,956","2,000,278,283",145.00,145.00,136.50,138.00,-10.50,"16,981",
113/08/06,"9,135,289","1,255,410,793",141.00,141.00,134.50,137.50,-0.50,"8,378",
113/08/07,"5,533,258","781,731,746",137.50,143.00,137.50,143.00,+5.50,"5,120",
113/08/08,"5,700,691","801,395,680",140.00,142.50,139.00,140.00,-3.00,"4,318",
113/08/09,"8,962,018","1,281,619,400",141.50,144.00,141.00,143.00,+3.00,"5,063",
113/08/12,"5,481,001","802,160,676",144.00,147.50,143.50,147.50,+4.50,"3,567",
113/08/13,"2,335,393","344,126,753",148.00,149.00,146.50,147.50, 0.00,"2,477",
113/08/14,"5,337,717","792,767,821",148.50,149.50,147.50,148.50,+1.00,"3,120",
113/08/15,"3,741,872","551,624,062",149.50,149.50,146.00,146.00,-2.50,"4,010",
113/08/16,"5,894,381","874,905,609",148.00,150.00,147.00,148.50,+2.50,"3,429",
113/08/19,"2,604,295","386,844,991",148.50,149.50,147.50,149.00,+0.50,"2,731",
113/08/20,"3,071,393","455,643,668",149.50,150.00,147.50,148.00,-1.00,"3,387",
113/08/21,"5,643,342","830,991,593",148.00,148.00,146.50,148.00, 0.00,"3,663",
113/08/22,"6,898,319","1,004,580,213",148.00,148.00,144.50,145.50,-2.50,"9,261",
113/08/23,"6,783,824","972,066,771",144.00,144.50,142.00,143.50,-2.00,"5,890",
113/08/26,"12,378,559","1,835,624,088",145.00,151.00,144.50,148.50,+5.00,"7,977",
113/08/27,"5,687,936","835,194,800",147.50,148.00,146.00,147.50,-1.00,"6,491",
113/08/28,"7,572,021","1,099,900,974",147.50,149.00,144.00,144.50,-3.00,"9,499",
113/08/29,"5,377,445","770,840,842",143.00,144.50,142.50,144.00,-0.50,"4,913",
113/08/30,"7,161,915","1,040,757,781",144.50,146.00,144.00,145.50,+1.50,"4,140",
113/09/02,"4,256,264","617,530,826",145.50,146.00,144.00,145.50, 0.00,"3,347",
113/09/03,"4,899,885","714,139,386",145.50,147.00,144.00,147.00,+1.50,"3,107",
113/09/04,"6,386,084","911,902,194",142.50,144.00,141.50,143.00,-4.00,"7,807",
113/09/05,"4,484,447","637,666,539",143.00,143.50,141.00,141.50,X0.00,"5,717",
113/09/06,"3,378,687","480,139,946",141.50,143.50,140.00,143.50,+2.00,"3,272",
113/09/09,"3,830,856","540,609,422",140.50,142.00,140.00,142.00,-1.50,"3,970",
113/09/10,"13,914,033","1,915,508,454",141.50,142.00,136.00,136.50,-5.50,"17,807",
113/09/11,"7,515,341","1,031,172,280",136.50,139.00,136.00,137.50,+1.00,"5,941",
113/09/12,"5,167,810","714,330,537",139.00,139.50,136.50,139.00,+1.50,"4,374",
113/09/13,"5,637,273","793,406,327",138.00,142.00,138.00,142.00,+3.00,"3,876",
113/09/16,"4,610,809","655,876,744",142.00,143.50,141.50,142.00, 0.00,"3,438",
113/09/18,"12,571,676","1,786,675,455",142.00,143.50,141.00,142.50,+0.50,"5,181",
113/09/19,"8,530,118","1,230,710,861",142.50,145.50,142.00,145.00,+2.50,"4,551",
113/09/20,"11,813,429","1,717,977,860",146.00,146.50,143.50,146.00,+1.00,"6,602",
113/09/23,"6,685,284","968,974,328",146.50,146.50,144.00,145.00,-1.00,"4,052",
113/09/24,"6,326,980","919,170,701",144.50,146.00,143.50,146.00,+1.00,"3,796",
113/09/25,"21,757,616","3,351,185,067",148.00,158.50,147.50,155.50,+9.50,"15,560",
113/09/26,"13,173,876","2,009,736,548",154.00,155.00,151.00,152.00,-3.50,"9,146",
113/09/27,"50,937,557","8,300,794,106",158.00,166.00,158.00,163.50,+11.50,"27,272",
113/09/30,"25,552,473","4,200,024,190",164.50,167.00,162.50,163.50, 0.00,"16,328",
113/10/01,"15,369,855","2,455,551,765",163.50,163.50,158.50,158.50,-5.00,"10,609",
113/10/04,"17,798,801","2,875,136,733",160.50,164.00,159.50,161.50,+3.00,"10,388",
113/10/07,"18,539,051","3,033,261,823",163.00,165.50,161.00,165.00,+3.50,"10,683",
113/10/08,"19,674,923","3,222,095,411",164.50,167.00,161.00,163.00,-2.00,"15,117",
113/10/09,"14,862,913","2,356,850,170",163.00,163.00,156.00,157.50,-5.50,"20,522",
113/10/11,"13,637,457","2,090,581,312",156.00,156.50,152.00,152.00,-5.50,"12,135",
113/10/14,"7,665,389","1,188,551,510",152.50,157.00,152.00,156.50,+4.50,"5,853",
113/10/15,"11,377,733","1,758,684,838",155.00,156.50,153.00,154.50,-2.00,"5,823",
113/10/16,"12,687,582","1,961,811,762",154.00,156.00,153.00,155.00,+0.50,"5,787",
113/10/17,"2,797,231","434,779,470",156.00,157.00,155.00,155.00, 0.00,"2,598",
113/10/18,"4,953,478","775,387,444",157.00,158.00,155.50,156.50,+1.50,"4,642",
113/10/21,"10,718,668","1,676,175,202",158.00,158.00,155.00,156.00,-0.50,"5,858",
113/10/22,"6,494,486","1,015,720,290",156.50,157.50,155.00,156.50,+0.50,"5,703",
113/10/23,"5,962,077","926,082,226",156.50,157.00,154.50,154.50,-2.00,"4,405",
113/10/24,"4,879,450","753,817,758",154.00,155.50,153.50,154.50, 0.00,"3,464",
113/10/25,"4,421,547","680,664,479",154.50,155.50,153.00,153.50,-1.00,"3,957",
113/10/28,"3,170,130","485,778,917",153.50,154.00,152.50,153.50, 0.00,"3,108",
113/10/29,"5,875,248","888,150,343",153.00,153.50,150.00,151.00,-2.50,"5,864",
113/10/30,"6,415,594","968,325,454",152.50,152.50,150.00,151.50,+0.50,"3,610",
113/11/01,"15,291,021","2,241,206,455",147.50,148.50,144.00,148.00,-3.50,"13,220",
113/11/04,"3,704,090","549,956,548",148.00,149.50,147.50,148.50,+0.50,"3,084",
113/11/05,"3,336,513","496,260,086",147.00,149.50,147.00,149.00,+0.50,"2,670",
113/11/06,"5,226,647","768,546,970",149.00,149.50,146.00,146.50,-2.50,"5,891",
113/11/07,"5,370,351","786,664,490",146.00,148.00,145.50,147.00,+0.50,"5,150",
113/11/08,"7,130,518","1,072,106,112",149.00,153.00,148.50,149.00,+2.00,"5,826",
113/11/11,"10,099,934","1,459,880,776",147.50,147.50,142.50,145.00,-4.00,"10,932",
113/11/12,"44,884,168","5,872,924,760",131.00,133.00,130.50,130.50,-14.50,"53,042",
113/11/13,"29,405,135","3,738,329,931",128.50,129.50,125.00,127.00,-3.50,"24,691",
113/11/14,"19,545,595","2,446,824,027",128.00,128.00,123.50,123.50,-3.50,"19,673",
113/11/15,"17,149,698","2,103,627,378",123.00,125.00,121.00,121.50,-2.00,"18,128",
113/11/18,"11,997,722","1,450,181,306",120.50,122.50,119.50,121.00,-0.50,"10,325",
113/11/19,"12,060,298","1,489,121,512",123.00,125.00,122.00,124.00,+3.00,"7,197",
113/11/20,"8,784,266","1,072,629,909",123.00,123.50,121.50,122.00,-2.00,"8,766",
113/11/21,"6,625,485","808,156,035",121.00,123.00,120.50,122.00, 0.00,"5,633",
113/11/22,"4,750,169","583,133,354",122.50,124.00,122.00,122.00, 0.00,"4,433",
113/11/25,"12,356,022","1,509,719,123",123.00,124.00,121.50,122.00, 0.00,"6,359",
113/11/26,"5,219,850","644,845,441",122.00,125.00,121.00,123.50,+1.50,"4,536",
113/11/27,"6,996,023","861,025,616",123.50,124.50,122.00,122.50,-1.00,"5,699",
113/11/28,"7,866,561","951,006,825",122.50,123.50,120.00,121.00,-1.50,"7,267",
113/11/29,"13,275,356","1,575,344,139",119.50,120.00,117.50,118.50,-2.50,"9,572",
113/12/02,"6,609,848","801,572,392",120.00,122.50,119.50,121.50,+3.00,"5,776",
113/12/03,"5,337,624","655,699,829",122.00,123.50,121.50,123.00,+1.50,"3,976",
113/12/04,"6,817,907","834,395,160",123.50,124.00,121.00,122.50,-0.50,"5,972",
113/12/05,"3,243,061","397,623,235",123.00,123.50,122.00,123.00,+0.50,"3,471",
113/12/06,"4,767,870","583,943,132",122.50,123.50,122.00,123.00, 0.00,"4,394",
113/12/09,"7,026,485","851,133,657",123.00,124.00,120.50,121.00,-2.00,"8,057",
113/12/10,"22,283,038","2,805,484,720",124.00,129.00,122.50,123.00,+2.00,"14,630",
113/12/11,"8,498,161","1,035,956,000",122.00,123.00,121.00,122.00,-1.00,"8,192",
113/12/12,"5,125,886","621,425,032",122.00,122.50,120.50,120.50,-1.50,"4,773",
113/12/13,"8,387,807","999,535,265",120.50,121.00,118.00,118.50,-2.00,"9,611",
113/12/16,"17,173,189","1,982,234,636",118.50,119.00,113.50,114.00,-4.50,"17,984",
113/12/17,"22,684,431","2,556,425,137",112.00,114.50,111.50,111.50,-2.50,"15,913",
113/12/18,"20,235,170","2,270,456,783",111.50,115.00,110.50,112.00,+0.50,"11,236",
113/12/19,"12,805,453","1,424,507,476",110.50,112.00,109.50,112.00, 0.00,"7,895",
113/12/20,"13,595,757","1,520,169,228",111.50,113.50,111.00,111.00,-1.00,"6,691",
113/12/23,"10,704,557","1,205,823,227",112.00,114.00,112.00,112.00,+1.00,"6,664",
113/12/24,"7,248,419","819,369,885",112.50,114.50,112.00,112.00, 0.00,"5,559",
113/12/25,"5,393,720","601,776,845",113.00,113.50,111.00,111.00,-1.00,"5,036",
113/12/26,"6,087,028","682,145,963",112.00,113.00,111.50,112.00,+1.00,"4,288",
113/12/27,"3,246,133","365,267,012",112.50,113.00,111.50,112.50,+0.50,"2,808",
113/12/30,"16,720,645","1,919,551,233",113.00,116.00,112.00,115.00,+2.50,"8,628",
113/12/31,"15,515,191","1,765,480,805",114.50,115.50,112.50,113.00,-2.00,"7,487",
114/01/02,"23,147,240","2,757,961,667",113.50,121.50,113.50,120.50,+7.50,"15,374",
114/01/03,"14,199,677","1,659,642,211",120.00,120.50,114.50,117.00,-3.50,"10,665",
114/01/06,"10,322,950","1,209,301,841",117.50,118.00,116.00,117.00, 0.00,"7,335",
114/01/07,"8,671,915","1,021,072,247",117.50,120.50,115.50,116.50,-0.50,"6,724",
114/01/08,"6,081,270","711,409,458",116.50,118.00,116.00,116.50, 0.00,"7,180",
114/01/09,"10,551,065","1,207,308,720",116.50,117.50,112.50,113.00,-3.50,"8,574",
114/01/10,"5,700,457","640,470,070",112.50,114.00,111.50,112.50,-0.50,"5,198",
114/01/13,"9,130,582","1,011,311,973",112.00,112.00,110.00,110.00,-2.50,"7,902",
114/01/14,"8,255,962","928,397,041",110.50,113.50,110.50,113.00,+3.00,"5,079",
114/01/15,"5,268,208","595,768,694",112.50,115.00,111.50,112.50,-0.50,"4,487",
114/01/16,"4,335,786","494,831,423",113.50,115.00,113.50,114.00,+1.50,"3,264",
114/01/17,"12,744,245","1,444,473,708",113.50,115.50,112.00,112.50,-1.50,"7,922",
114/01/20,"4,283,153","480,921,061",113.00,113.00,111.50,112.50, 0.00,"3,885",
114/01/21,"5,811,758","663,084,244",112.50,115.00,112.50,115.00,+2.50,"3,543",
114/01/22,"4,010,675","461,178,559",115.50,115.50,114.00,115.50,+0.50,"3,654",
114/02/03,"15,564,221","1,845,712,148",114.50,120.00,114.00,120.00,+4.50,"9,493",
114/02/04,"14,673,705","1,717,674,320",120.00,120.00,115.00,115.00,-5.00,"6,634",
114/02/05,"5,167,844","600,490,514",116.50,118.00,115.50,115.50,+0.50,"4,378",
114/02/06,"3,441,375","404,456,105",116.50,118.50,115.50,118.50,+3.00,"3,261",
114/02/07,"3,458,282","407,652,593",118.00,119.00,117.00,118.00,-0.50,"3,933",
114/02/10,"4,744,119","563,400,876",118.00,120.00,118.00,118.00, 0.00,"4,438",
114/02/11,"14,600,266","1,791,862,481",120.00,124.00,119.50,122.50,+4.50,"10,432",
114/02/12,"8,950,049","1,094,884,171",122.50,125.00,120.50,122.00,-0.50,"6,993",
114/02/13,"6,296,761","777,854,833",123.00,124.50,121.50,124.00,+2.00,"5,085",
114/02/14,"11,525,602","1,459,614,083",124.50,127.50,123.50,126.50,+2.50,"8,992",
114/02/17,"6,890,619","877,541,429",127.50,128.50,126.50,127.50,+1.00,"5,521",
114/02/18,"3,393,787","430,080,961",127.50,127.50,126.00,127.00,-0.50,"3,642",
114/02/19,"6,036,288","767,745,116",127.00,128.00,126.00,127.50,+0.50,"4,561",
114/02/20,"3,571,813","455,650,067",126.50,128.50,126.50,127.50, 0.00,"3,285",
114/02/21,"5,793,207","746,038,222",128.00,129.50,127.50,129.00,+1.50,"5,250",
114/02/24,"4,627,003","596,397,649",128.00,130.00,128.00,128.50,-0.50,"3,930",
114/02/25,"6,328,029","803,975,855",127.50,128.00,126.00,127.00,-1.50,"5,029",
114/02/26,"14,852,316","1,847,007,097",127.00,127.00,123.00,125.50,-1.50,"11,493",
114/02/27,"12,577,602","1,576,357,069",125.00,126.50,124.00,126.00,+0.50,"6,175",
114/03/03,"10,459,567","1,336,323,838",124.00,129.00,124.00,129.00,+3.00,"7,536",
114/03/04,"9,795,337","1,244,248,426",127.00,128.00,125.50,128.00,-1.00,"6,223",
114/03/05,"6,880,738","878,645,023",127.50,129.00,127.00,127.00,-1.00,"5,047",
114/03/06,"7,878,396","995,645,183",127.00,128.50,125.50,125.50,-1.50,"5,250",
114/03/07,"5,287,680","664,206,843",125.50,126.50,125.00,125.00,-0.50,"4,505",
114/03/10,"6,794,343","847,191,293",125.50,126.00,124.00,124.00,-1.00,"5,511",
114/03/11,"11,907,396","1,429,702,087",120.00,122.00,118.50,121.00,-3.00,"10,201",
114/03/12,"4,661,362","566,554,245",121.00,122.00,120.50,121.50,+0.50,"3,425",
114/03/13,"3,679,669","447,239,349",122.50,122.50,121.00,121.00,-0.50,"2,971",
114/03/14,"4,980,388","609,641,354",122.00,123.50,121.50,122.50,+1.50,"3,106",
114/03/17,"5,544,316","676,087,648",122.50,123.00,121.00,122.50, 0.00,"4,632",
114/03/18,"6,506,028","809,708,173",123.00,125.50,122.50,124.50,+2.00,"3,818",
114/03/19,"6,264,530","776,982,257",125.00,126.00,123.00,123.50,-1.00,"4,899",
114/03/20,"10,967,342","1,341,951,211",124.00,125.00,121.50,121.50,-2.00,"7,497",
114/03/21,"6,664,778","819,803,963",121.50,123.50,121.00,123.50,+2.00,"2,932",
114/03/24,"2,555,155","313,493,529",123.00,123.50,122.00,123.00,-0.50,"2,634",
114/03/25,"4,675,016","571,742,031",123.50,124.00,121.00,123.00, 0.00,"3,841",
114/03/26,"3,469,048","427,085,399",122.50,124.00,122.00,124.00,+1.00,"2,642",
114/03/27,"4,349,309","534,930,318",122.50,123.50,122.00,123.50,-0.50,"2,711",
114/03/28,"4,832,067","588,115,614",123.00,123.50,120.50,121.50,-2.00,"4,497",
114/03/31,"12,152,953","1,432,539,439",121.00,121.50,116.00,116.00,-5.50,"12,007",
114/04/01,"7,180,976","846,212,070",117.00,119.50,116.50,119.00,+3.00,"5,619",
114/04/02,"5,457,471","650,332,447",118.50,121.50,116.50,121.00,+2.00,"4,491",
114/04/07,"1,811,864","197,493,176",109.00,109.00,109.00,109.00,-12.00,"5,092",
114/04/08,"17,274,434","1,772,460,310",100.50,105.00,100.50,104.50,-4.50,"13,338",
114/04/09,"20,555,147","2,033,554,906",102.50,104.00,94.30,94.30,-10.20,"17,876",
114/04/10,"7,755,817","802,075,469",103.50,103.50,102.00,103.50,+9.20,"4,092",
114/04/11,"10,725,090","1,114,259,033",102.00,108.00,99.60,108.00,+4.50,"8,432",
114/04/14,"9,023,658","994,307,590",108.00,112.00,108.00,112.00,+4.00,"6,213",
114/04/15,"5,785,636","661,682,205",112.50,116.00,111.50,116.00,+4.00,"4,609",
114/04/16,"7,322,669","831,179,721",114.50,115.00,112.50,113.50,-2.50,"6,401",
114/04/17,"6,403,275","708,959,299",112.00,112.50,108.00,111.50,-2.00,"6,713",
114/04/18,"3,096,291","348,783,881",112.00,114.00,111.00,113.00,+1.50,"2,393",
114/04/21,"5,749,985","638,766,500",112.50,113.50,110.00,111.00,-2.00,"5,816",
114/04/22,"5,026,504","551,055,626",109.00,110.50,108.50,109.50,-1.50,"3,577",
114/04/23,"3,459,944","389,131,981",111.50,113.50,111.00,113.00,+3.50,"2,852",
114/04/24,"2,280,278","256,041,083",113.00,113.50,111.50,111.50,-1.50,"2,162",
114/04/25,"4,618,887","529,279,474",114.00,115.50,113.50,114.00,+2.50,"3,508",
114/04/28,"2,029,383","232,144,384",114.50,115.00,113.50,114.50,+0.50,"1,925",
114/04/29,"3,112,859","357,114,255",114.50,115.50,113.50,114.50, 0.00,"2,576",
114/04/30,"9,934,136","1,140,134,883",114.50,116.50,113.50,114.50, 0.00,"4,314",
114/05/02,"5,952,712","685,745,493",115.00,116.50,113.50,116.50,+2.00,"3,738",
114/05/05,"5,801,979","677,951,500",118.00,118.00,115.50,116.50, 0.00,"4,264",
114/05/06,"5,268,273","620,900,310",117.00,118.50,116.50,118.00,+1.50,"3,328",
114/05/07,"5,401,437","642,479,163",118.50,120.00,117.50,117.50,-0.50,"3,799",
114/05/08,"3,656,793","432,501,675",117.50,119.50,117.50,118.00,+0.50,"2,250",
114/05/09,"4,883,986","584,951,472",118.50,121.00,117.50,120.50,+2.50,"3,643",
114/05/12,"4,703,375","576,949,546",121.50,123.50,121.00,122.00,+1.50,"4,020",
114/05/13,"5,187,289","639,495,015",123.00,124.50,122.50,122.50,+0.50,"3,832",
114/05/14,"7,782,814","965,710,653",124.00,126.00,122.50,125.00,+2.50,"4,977",
114/05/15,"5,213,010","645,295,892",123.50,125.00,123.00,124.00,-1.00,"3,361",
114/05/16,"10,142,138","1,286,528,975",124.50,128.00,124.50,126.50,+2.50,"6,247",
114/05/19,"6,676,232","837,212,888",125.00,126.50,124.00,125.50,-1.00,"5,020",
114/05/20,"5,460,842","684,643,994",125.50,127.00,124.50,124.50,-1.00,"4,740",
114/05/21,"13,849,989","1,758,829,359",124.50,128.00,124.50,127.50,+3.00,"7,657",
114/05/22,"12,126,046","1,557,998,521",127.50,129.50,126.50,128.00,+0.50,"6,255",
114/05/23,"19,143,844","2,495,095,659",129.50,133.50,128.00,128.50,+0.50,"12,710",
114/05/26,"19,974,260","2,518,323,544",127.50,129.50,124.00,124.00,-4.50,"12,647",
114/05/27,"26,630,836","3,297,373,852",124.00,127.00,122.50,122.50,-1.50,"10,050",
114/05/28,"23,741,572","2,910,240,238",123.50,124.50,121.00,122.50, 0.00,"9,710",
114/05/29,"35,511,773","4,349,032,264",123.50,125.00,121.50,121.50,-1.00,"9,414",
114/06/02,"24,707,538","3,015,053,598",120.50,123.50,119.00,120.50,-1.00,"10,733",
114/06/03,"26,499,136","3,189,401,228",121.00,122.50,119.00,120.00,-0.50,"11,052",
114/06/04,"26,939,709","3,319,018,516",121.00,126.00,119.00,124.50,+4.50,"11,295",
114/06/05,"10,259,227","1,249,657,580",124.00,124.00,121.00,122.00,-2.50,"6,978",
114/06/06,"4,964,195","603,148,670",121.50,123.50,120.50,121.00,-1.00,"3,302",
114/06/09,"6,967,002","851,367,032",121.50,123.50,121.50,122.00,+1.00,"3,574",
114/06/10,"5,557,201","679,188,240",122.00,123.00,121.50,122.50,+0.50,"3,811",
114/06/11,"6,481,844","786,929,793",121.50,122.50,120.00,122.50, 0.00,"4,077",
114/06/12,"4,373,280","534,401,069",122.50,123.00,121.00,123.00,+0.50,"2,786",
114/06/13,"5,385,442","660,453,921",123.00,124.00,122.00,122.00,-1.00,"3,090",
114/06/16,"5,838,569","710,095,692",122.00,122.50,120.50,122.50,+0.50,"3,668",
114/06/17,"7,585,654","916,286,782",123.00,123.00,120.00,121.50,-1.00,"5,441",
114/06/18,"4,551,873","551,987,562",120.50,122.00,120.50,121.00,-0.50,"3,280",
114/06/19,"4,703,383","567,677,104",121.00,122.00,119.50,119.50,-1.50,"3,093",
114/06/20,"6,900,160","828,872,382",120.00,121.50,119.50,120.00,+0.50,"2,678",
114/06/23,"5,000,912","595,031,195",118.50,121.00,117.00,121.00,+1.00,"4,129",
114/06/24,"6,159,657","752,721,984",121.50,123.00,120.50,123.00,+2.00,"3,574",
114/06/25,"4,822,210","590,666,964",123.00,123.00,121.50,123.00, 0.00,"2,892",
114/06/26,"7,374,296","921,400,839",123.00,126.00,123.00,125.00,+2.00,"4,878",
114/06/27,"4,450,847","560,803,090",125.00,126.50,125.00,126.50,+1.50,"3,527",
114/06/30,"4,765,711","601,547,646",126.50,127.00,125.00,126.50, 0.00,"2,693",
114/07/01,"9,667,607","1,223,658,291",126.00,128.50,124.50,126.50, 0.00,"7,803",
114/07/02,"7,086,401","909,416,246",126.00,129.00,126.00,129.00,+2.50,"4,827",
114/07/03,"7,725,809","1,003,028,037",129.00,131.00,129.00,130.00,+1.00,"4,772",
114/07/04,"7,016,476","908,499,700",130.50,131.00,128.50,130.00, 0.00,"5,452",
114/07/07,"4,094,352","526,540,361",130.00,130.00,127.00,128.50,-1.50,"4,567",
114/07/08,"3,175,414","406,485,268",129.00,129.00,127.00,128.50, 0.00,"2,571",
114/07/09,"4,022,506","515,419,698",128.00,129.00,127.50,128.50, 0.00,"2,775",
114/07/10,"3,906,536","503,672,004",128.50,129.50,128.00,129.50,+1.00,"2,676",
114/07/11,"9,178,574","1,164,926,237",128.00,128.50,126.00,127.00,-2.50,"6,473",
114/07/14,"6,030,490","768,521,884",127.50,128.00,126.00,128.00,+1.00,"3,156",
114/07/15,"4,620,551","596,487,541",128.00,130.00,127.50,130.00,+2.00,"3,232",
114/07/16,"7,035,923","914,605,273",129.00,131.00,128.50,130.00, 0.00,"4,475",
114/07/17,"5,978,724","780,302,877",130.00,131.00,129.50,130.50,+0.50,"4,115",
114/07/18,"6,982,521","902,647,016",131.00,131.00,128.50,129.50,-1.00,"5,214",
114/07/21,"4,556,647","590,036,748",129.50,130.00,129.00,129.50, 0.00,"3,082",
114/07/22,"6,329,073","814,008,690",129.50,130.00,127.50,128.50,-1.00,"4,341",
114/07/23,"5,140,597","666,826,422",128.50,130.50,128.50,130.50,+2.00,"3,213",
114/07/24,"2,481,438","323,185,177",130.50,131.00,129.50,130.50, 0.00,"2,063",
114/07/25,"3,249,372","421,405,579",130.00,130.50,129.00,129.50,-1.00,"2,692",
114/07/28,"3,570,775","459,975,726",130.00,130.00,128.00,128.50,-1.00,"3,087",
114/07/29,"8,204,407","1,043,803,240",128.50,129.00,126.50,126.50,-2.00,"6,247",
114/07/30,"6,258,396","742,606,792",120.00,120.00,118.00,118.00,X0.00,"7,885",
114/07/31,"6,098,715","711,742,899",118.00,118.50,116.00,116.00,-2.00,"6,677",
114/08/01,"4,554,497","525,122,860",114.50,116.50,113.50,115.00,-1.00,"5,145",
114/08/04,"3,293,529","380,875,807",115.00,116.50,114.00,116.00,+1.00,"3,057",
114/08/05,"3,521,831","406,509,358",116.00,116.50,115.00,115.00,-1.00,"4,285",
114/08/06,"4,066,835","462,614,567",114.00,114.50,112.50,114.00,-1.00,"5,160",
114/08/07,"3,198,602","366,945,353",114.00,115.50,113.50,114.50,+0.50,"3,267",
114/08/08,"2,844,893","325,392,669",114.50,115.00,114.00,114.00,-0.50,"3,189",
114/08/11,"2,988,587","340,201,458",114.00,114.50,113.00,114.00, 0.00,"3,310",
114/08/12,"3,312,887","381,505,143",114.50,116.00,113.50,115.00,+1.00,"2,696",
114/08/13,"8,177,786","954,426,100",116.00,118.50,115.00,118.50,+3.50,"4,942",
114/08/14,"8,702,044","1,052,251,671",119.00,122.50,118.00,120.50,+2.00,"5,630",
114/08/15,"3,659,351","434,050,130",121.00,121.00,118.00,118.00,-2.50,"3,369",
114/08/18,"3,473,086","412,187,709",118.00,119.50,118.00,118.50,+0.50,"2,252",
114/08/19,"2,746,915","326,392,167",118.50,119.50,118.00,118.50, 0.00,"2,148",
114/08/20,"4,445,257","517,651,421",119.00,119.50,115.00,115.00,-3.50,"5,530",
114/08/21,"2,216,596","259,587,133",116.50,118.00,116.50,116.50,+1.50,"1,771",
114/08/22,"2,228,088","257,599,316",116.50,116.50,115.00,115.00,-1.50,"2,901",
114/08/25,"1,847,979","216,350,086",116.50,117.50,116.50,117.50,+2.50,"2,242",
114/08/26,"3,917,279","455,481,870",117.00,117.00,116.00,116.00,-1.50,"2,221",
114/08/27,"6,213,731","726,181,409",118.00,119.00,115.50,116.00, 0.00,"4,352",
114/08/28,"5,648,853","654,220,965",116.00,117.00,115.00,115.50,-0.50,"5,627",
114/08/29,"6,682,084","782,811,530",117.00,118.50,116.50,116.50,+1.00,"4,824",
114/09/01,"6,768,365","784,924,702",116.50,118.00,115.00,115.00,-1.50,"4,833",
114/09/02,"2,987,449","346,627,536",115.50,117.00,115.50,115.50,+0.50,"2,530",
114/09/03,"4,367,559","509,754,219",116.50,118.00,116.00,116.00,+0.50,"2,892",
114/09/04,"4,059,883","476,428,544",116.50,118.00,116.50,117.00,+1.00,"2,817",
114/09/05,"2,878,236","335,725,484",118.00,118.00,116.00,116.50,-0.50,"2,386",
114/09/08,"2,520,393","294,632,366",117.50,117.50,116.50,116.50, 0.00,"2,318",
114/09/09,"3,064,712","358,637,095",117.00,117.50,116.50,117.00,+0.50,"2,573",
114/09/10,"4,591,151","532,336,585",117.00,117.00,115.50,115.50,-1.50,"4,853",
114/09/11,"3,848,667","444,486,411",116.00,116.00,115.00,115.50, 0.00,"3,665",
114/09/12,"5,271,299","604,570,357",116.00,116.00,114.00,114.50,-1.00,"6,228",
114/09/15,"2,585,602","297,065,753",114.50,115.50,114.50,114.50, 0.00,"2,493",
114/09/16,"5,961,622","678,776,963",115.00,115.00,113.00,114.50, 0.00,"6,796",
114/09/17,"5,478,394","634,163,766",114.00,117.00,114.00,115.50,+1.00,"3,754",
114/09/18,"4,716,412","551,294,193",116.50,117.50,115.50,117.00,+1.50,"3,757",
114/09/19,"7,841,857","930,860,242",117.00,119.50,117.00,119.50,+2.50,"5,050",
114/09/22,"3,144,655","373,513,638",119.50,120.00,118.00,119.00,-0.50,"2,681",
114/09/23,"3,892,352","459,537,476",119.00,119.50,117.50,118.00,-1.00,"3,356",
114/09/24,"3,780,961","445,238,544",117.50,118.50,117.00,118.00, 0.00,"2,645",
114/09/25,"3,782,873","443,101,778",118.00,118.50,116.00,117.00,-1.00,"3,797",
114/09/26,"5,081,197","585,556,402",117.00,117.00,114.50,115.00,-2.00,"5,445",
114/09/30,"15,208,702","1,704,818,545",113.50,114.00,111.00,111.50,-3.50,"14,026",
114/10/01,"9,667,550","1,069,641,653",110.50,112.50,109.50,109.50,-2.00,"8,968",
114/10/02,"13,896,940","1,482,715,873",109.50,109.50,105.00,106.00,-3.50,"16,550",
114/10/03,"9,219,022","1,003,438,197",106.00,110.50,105.50,108.00,+2.00,"7,226",
114/10/07,"9,636,187","1,032,334,767",109.00,109.00,105.00,107.50,-0.50,"7,945",
114/10/08,"6,668,502","721,754,023",108.00,109.50,106.50,108.50,+1.00,"4,244",
114/10/09,"6,503,518","698,268,759",108.50,109.00,106.50,107.00,-1.50,"5,587",
114/10/13,"5,714,158","605,574,534",105.50,107.00,105.00,105.50,-1.50,"6,004",
114/10/14,"7,061,206","762,413,819",106.50,110.50,105.50,106.50,+1.00,"5,463",
114/10/15,"6,169,552","668,357,366",107.00,109.50,107.00,107.50,+1.00,"4,296",
114/10/16,"4,661,789","498,450,815",108.00,108.50,106.00,106.00,-1.50,"4,297",
114/10/17,"5,341,953","569,043,214",106.50,108.00,106.00,106.00, 0.00,"4,337",
114/10/20,"4,373,623","461,502,543",106.50,106.50,105.00,105.00,-1.00,"4,036",
114/10/21,"10,723,093","1,116,630,762",106.00,106.00,103.00,103.00,-2.00,"12,319",
114/10/22,"5,075,054","527,499,614",104.00,104.50,103.00,104.00,+1.00,"4,245",
114/10/23,"4,182,764","436,014,486",103.50,105.00,103.00,104.50,+0.50,"3,705",
114/10/27,"6,098,667","646,549,628",105.50,107.00,105.00,106.00,+1.50,"4,570",
114/10/28,"4,643,627","492,362,528",106.00,107.00,105.50,105.50,-0.50,"3,721",
114/10/29,"4,446,187","468,715,306",106.00,107.00,104.00,104.50,-1.00,"4,465",
114/10/30,"5,369,794","558,029,768",104.00,105.00,103.00,104.50, 0.00,"5,376",
114/10/31,"6,490,118","668,816,524",104.00,104.00,102.50,103.00,-1.50,"6,718",
114/11/03,"8,937,061","908,353,354",103.00,103.00,100.50,102.00,-1.00,"7,667",
114/11/04,"3,438,867","350,626,574",102.00,103.00,101.50,101.50,-0.50,"3,199",
114/11/05,"5,648,444","570,868,483",101.00,102.00,100.00,101.50, 0.00,"5,688",
114/11/06,"6,221,490","645,607,410",103.00,105.00,102.50,103.50,+2.00,"4,368",
114/11/07,"3,885,321","404,622,467",103.50,105.00,103.00,104.00,+0.50,"2,967",
114/11/10,"2,793,819","288,074,214",104.00,104.00,102.50,103.00,-1.00,"2,985",
114/11/11,"5,426,506","566,666,758",104.50,105.50,103.50,103.50,+0.50,"4,046",
114/11/12,"4,264,022","441,665,659",103.00,104.50,102.50,103.50, 0.00,"3,351",
114/11/13,"6,220,592","639,982,747",103.50,103.50,102.50,102.50,-1.00,"4,639",
114/11/14,"5,155,053","523,798,275",102.00,102.50,101.00,101.50,-1.00,"5,695",
114/11/17,"7,434,516","747,483,306",101.50,101.50,100.00,100.50,-1.00,"6,537",
114/11/18,"10,775,702","1,073,640,748",100.00,100.50,98.50,100.00,-0.50,"9,597",
114/11/19,"7,070,245","708,043,915",100.00,102.00,99.30,100.00, 0.00,"5,859",
114/11/20,"5,664,793","572,316,887",100.50,101.50,99.70,101.50,+1.50,"4,595",
114/11/21,"7,831,361","797,540,438",100.50,103.00,100.00,103.00,+1.50,"4,477",
114/11/24,"14,506,650","1,517,534,993",103.50,106.00,103.00,105.00,+2.00,"5,677",
114/11/25,"5,950,978","619,351,701",104.00,105.00,103.50,104.50,-0.50,"4,181",
114/11/26,"8,428,543","869,583,680",104.50,104.50,102.50,103.50,-1.00,"5,620",
114/11/27,"7,686,987","791,049,304",103.00,104.00,102.00,104.00,+0.50,"4,633",
114/11/28,"5,089,296","522,613,056",103.00,103.50,102.00,103.00,-1.00,"3,791",
114/12/01,"6,025,240","614,895,096",103.00,103.50,101.00,101.50,-1.50,"4,341",
114/12/02,"3,756,503","383,040,023",102.50,103.00,101.50,101.50, 0.00,"2,955",
114/12/03,"5,836,127","588,464,555",101.50,102.00,100.50,100.50,-1.00,"5,015",
114/12/04,"5,029,763","505,716,093",100.00,101.00,100.00,101.00,+0.50,"3,280",
114/12/05,"2,349,620","236,527,863",101.50,101.50,100.50,100.50,-0.50,"2,499",
114/12/08,"7,347,029","743,028,976",100.50,102.00,100.00,101.00,+0.50,"5,478",
114/12/09,"5,207,666","523,489,557",100.50,101.00,100.00,100.50,-0.50,"3,928",
114/12/10,"7,378,927","740,436,155",100.50,101.50,99.50,101.50,+1.00,"5,023",
114/12/11,"7,266,654","737,012,361",101.50,103.00,100.50,101.50, 0.00,"5,111",
114/12/12,"7,853,331","806,746,938",102.00,103.50,101.50,102.00,+0.50,"4,907",
114/12/15,"5,541,374","563,649,558",102.00,102.50,101.00,101.50,-0.50,"3,674",
114/12/16,"9,852,929","1,012,763,160",101.00,104.50,101.00,104.50,+3.00,"7,040",
114/12/17,"17,468,600","1,835,104,790",104.00,107.50,103.50,103.50,-1.00,"10,349",
114/12/18,"10,837,410","1,143,995,456",103.50,107.00,103.50,106.50,+3.00,"7,064",
114/12/19,"49,513,653","5,411,425,828",106.00,110.00,106.00,110.00,+3.50,"10,746",
114/12/22,"17,149,662","1,859,739,525",109.50,109.50,107.00,108.50,-1.50,"7,571",
114/12/23,"15,806,988","1,738,853,741",108.50,111.00,108.50,110.50,+2.00,"6,852",
114/12/24,"14,166,261","1,581,765,800",111.00,112.50,110.50,112.00,+1.50,"5,326",
114/12/26,"12,375,530","1,375,867,999",112.00,112.00,109.50,111.50,-0.50,"3,983",
114/12/29,"6,848,250","746,165,318",111.50,111.50,108.00,108.50,-3.00,"6,564",
114/12/30,"10,579,093","1,129,322,910",108.00,108.50,105.50,107.50,-1.00,"6,742",
114/12/31,"15,896,456","1,682,478,373",107.50,108.00,105.50,105.50,-2.00,"6,769",
115/01/02,"17,836,069","1,874,867,339",106.50,107.50,104.00,104.00,-1.50,"7,238",
115/01/05,"13,064,500","1,353,188,086",104.00,105.50,102.50,103.00,-1.00,"7,434",
115/01/06,"9,203,229","971,003,061",103.00,106.50,103.00,105.50,+2.50,"4,911",
115/01/07,"7,280,702","766,783,212",105.50,106.50,104.50,105.00,-0.50,"3,817",
115/01/08,"7,193,834","763,860,221",105.00,107.00,105.00,106.00,+1.00,"3,537",
115/01/09,"8,426,010","885,269,849",106.00,107.00,104.00,105.00,-1.00,"3,867",
115/01/12,"5,890,653","613,591,591",105.00,105.50,103.50,104.00,-1.00,"4,033",
115/01/13,"8,713,098","923,735,254",106.00,108.50,105.00,105.50,+1.50,"4,615",
115/01/14,"4,069,159","428,179,467",106.00,106.00,104.50,105.00,-0.50,"3,091",
115/01/15,"6,202,954","649,560,732",105.50,106.50,104.00,104.50,-0.50,"4,554",
115/01/16,"6,332,674","660,072,067",105.00,105.50,103.50,104.00,-0.50,"4,644",
115/01/19,"8,517,457","887,652,748",104.00,106.00,103.50,103.50,-0.50,"4,918",
115/01/20,"5,882,359","617,436,840",104.50,106.00,104.00,104.50,+1.00,"3,582",
115/01/21,"5,603,365","584,227,417",104.00,105.50,103.50,103.50,-1.00,"4,370",
115/01/22,"4,201,301","441,591,716",104.50,105.50,104.50,105.00,+1.50,"2,480",
115/01/23,"3,444,198","363,686,578",105.00,106.00,105.00,106.00,+1.00,"2,707",
115/01/26,"4,802,732","510,984,198",106.00,107.00,105.00,107.00,+1.00,"3,220",
115/01/27,"4,907,658","523,487,277",107.00,108.00,106.00,106.00,-1.00,"3,681",
115/01/28,"8,170,721","857,275,718",106.50,106.50,104.00,105.00,-1.00,"4,481",
115/01/29,"5,539,137","579,106,275",105.00,105.50,104.00,104.00,-1.00,"3,452",
115/01/30,"9,192,430","959,251,231",104.50,105.50,104.00,104.00, 0.00,"3,783",
115/02/02,"6,122,844","629,868,353",104.50,104.50,102.00,103.00,-1.00,"4,422",
115/02/03,"4,714,389","491,057,408",103.00,105.00,103.00,104.50,+1.50,"2,406",
115/02/04,"5,479,740","575,721,420",104.00,106.00,104.00,105.00,+0.50,"2,407",
115/02/05,"3,308,350","348,995,298",105.00,106.00,104.50,106.00,+1.00,"2,260",
115/02/06,"4,629,726","484,650,791",105.50,105.50,103.50,105.00,-1.00,"2,623",
115/02/09,"2,313,449","243,739,664",105.50,106.00,105.00,105.50,+0.50,"1,907",
115/02/10,"4,756,161","501,848,582",106.00,106.00,105.00,105.50, 0.00,"2,928",
115/02/11,"7,239,578","772,829,306",106.00,107.50,106.00,107.00,+1.50,"4,509",
115/02/23,"9,979,043","1,087,805,798",108.00,110.00,107.50,109.00,+2.00,"6,307",
115/02/24,"5,895,271","631,097,813",109.50,109.50,106.00,106.50,-2.50,"5,781",
115/02/25,"10,564,842","1,108,356,709",106.00,106.50,103.50,105.50,-1.00,"7,061",
115/02/26,"8,595,010","898,597,527",105.50,106.00,104.00,104.00,-1.50,"4,389",
115/03/02,"8,201,616","845,543,094",104.00,105.00,102.50,102.50,-1.50,"6,272",
115/03/03,"6,027,450","616,698,141",103.00,103.50,101.50,102.50, 0.00,"4,732",
115/03/04,"10,414,028","1,044,703,745",101.00,101.50,99.60,100.00,-2.50,"8,584",
115/03/05,"6,206,043","624,661,410",101.00,101.50,100.00,100.00, 0.00,"4,213",
115/03/06,"5,786,896","587,293,655",100.00,102.50,99.80,101.00,+1.00,"3,640",
115/03/09,"10,374,932","1,024,216,885",98.10,99.50,97.10,99.50,-1.50,"9,359",
115/03/10,"8,292,184","856,170,134",101.50,104.50,101.00,104.00,+4.50,"5,051",
115/03/11,"4,280,742","444,151,578",104.50,105.00,103.00,103.50,-0.50,"3,137",
115/03/12,"5,450,714","554,546,828",102.50,102.50,101.50,101.50,-2.00,"4,015",
115/03/13,"7,181,621","733,617,656",100.50,103.00,100.50,102.00,+0.50,"3,282",
115/03/16,"12,355,370","1,304,395,980",103.00,107.00,103.00,105.50,+3.50,"6,740",
115/03/17,"2,952,926","312,086,865",105.50,106.50,105.00,105.50, 0.00,"2,699",
115/03/18,"6,587,794","705,879,365",106.50,108.00,106.50,107.50,+2.00,"4,404",
115/03/19,"4,174,917","442,991,302",106.50,107.00,105.50,106.00,-1.50,"2,677",
115/03/20,"5,377,058","570,801,192",105.50,106.50,105.00,106.50,+0.50,"2,460",
115/03/23,"4,371,541","456,475,781",105.00,105.00,103.50,104.50,-2.00,"2,991",
115/03/24,"4,934,846","516,704,260",105.50,106.00,103.50,104.50, 0.00,"2,446",
115/03/25,"4,908,457","521,858,359",106.00,107.00,105.00,107.00,+2.50,"3,060",
115/03/26,"8,909,233","970,379,963",108.50,109.50,107.50,109.00,+2.00,"5,598",
115/03/27,"16,038,210","1,784,113,421",108.50,113.50,108.50,113.00,+4.00,"10,277",
115/03/30,"9,990,328","1,107,692,275",110.50,112.00,110.00,111.00,-2.00,"5,137",
115/03/31,"10,271,361","1,139,810,768",112.00,113.00,109.00,109.50,-1.50,"5,949",
115/04/01,"5,545,842","606,297,145",111.00,111.00,108.50,109.00,-0.50,"3,442",
115/04/02,"4,783,000","514,028,365",109.50,109.50,106.50,107.50,-1.50,"3,323",
115/04/07,"7,613,061","819,748,374",107.50,108.50,106.50,108.50,+1.00,"3,155",
115/04/08,"3,775,842","412,218,550",109.00,110.00,108.50,109.50,+1.00,"2,826",
115/04/09,"4,924,301","535,525,158",109.00,109.50,108.00,108.50,-1.00,"2,665",
115/04/10,"4,644,004","500,910,874",108.50,109.50,107.00,107.00,-1.50,"3,333",
115/04/13,"8,185,697","895,459,445",108.00,110.50,108.00,110.00,+3.00,"4,240",
115/04/14,"13,312,796","1,503,412,365",111.00,114.00,110.50,113.00,+3.00,"7,432",
115/04/15,"12,198,440","1,418,577,516",113.50,117.50,113.50,116.50,+3.50,"7,707",
115/04/16,"9,334,588","1,085,613,893",118.00,118.50,115.00,116.50, 0.00,"6,751",
115/04/17,"6,782,660","796,600,949",117.00,118.00,116.00,118.00,+1.50,"4,233",
115/04/20,"13,299,452","1,584,179,461",118.50,121.00,116.50,120.00,+2.00,"7,285",
115/04/21,"9,628,477","1,140,372,963",121.00,121.00,117.50,117.50,-2.50,"4,951",
115/04/22,"12,927,806","1,550,887,263",118.00,121.00,117.50,121.00,+3.50,"5,847",
115/04/23,"10,738,130","1,286,872,351",120.00,121.00,118.00,121.00, 0.00,"6,149",
115/04/24,"12,124,686","1,475,951,585",122.00,123.00,120.50,121.50,+0.50,"6,057",
115/04/27,"7,682,688","904,047,052",120.50,121.00,116.00,116.00,-5.50,"6,084",
115/04/28,"4,107,360","480,515,287",116.00,118.00,115.00,118.00,+2.00,"2,915",
115/04/29,"6,859,683","806,017,162",116.50,119.00,116.00,118.50,+0.50,"3,487",
115/04/30,"4,947,482","574,110,621",117.50,118.50,115.00,115.50,-3.00,"3,756",
115/05/04,"6,192,597","709,887,777",116.50,116.50,113.50,115.00,-0.50,"4,493",
115/05/05,"4,124,985","473,843,878",115.50,115.50,114.00,115.00, 0.00,"2,617",
115/05/06,"4,646,681","538,970,558",115.50,117.00,115.00,116.00,+1.00,"3,008",
115/05/07,"5,843,837","672,408,304",116.00,117.00,114.50,114.50,-1.50,"3,713",
115/05/08,"11,385,514","1,271,407,044",115.50,115.50,110.50,112.50,-2.00,"7,431",
115/05/11,"6,063,393","678,136,421",112.00,113.00,111.00,112.00,-0.50,"3,814",
115/05/12,"10,668,810","1,171,790,323",111.50,112.00,109.00,109.50,-2.50,"7,751",
115/05/13,"8,684,794","939,030,150",111.00,111.00,107.00,107.50,-2.00,"6,821",
115/05/14,"5,812,983","628,758,076",107.50,109.50,107.50,108.00,+0.50,"3,859",
115/05/15,"8,390,402","902,063,403",108.50,109.50,106.00,106.00,-2.00,"6,038",
115/05/18,"15,438,955","1,697,387,479",106.50,112.00,106.00,110.00,+4.00,"6,556",
115/05/19,"6,140,789","678,624,845",110.00,111.50,109.50,110.00, 0.00,"3,660",
115/05/20,"9,406,383","1,047,815,583",111.50,112.50,111.00,111.00,+1.00,"6,109",
115/05/21,"8,456,153","948,283,345",111.50,113.00,110.00,112.00,+1.00,"5,262",
115/05/22,"10,269,084","1,149,599,091",112.00,113.50,111.00,111.00,-1.00,"5,219",
