日期,成交股數,成交金額,開盤價,最高價,最低價,收盤價,漲跌價差,成交筆數,註記
109/01/02,"7,847,175","1,358,399,625",171.00,175.00,170.00,175.00,+7.00,"5,682",
109/01/03,"7,772,132","1,347,025,204",177.50,178.00,169.50,171.50,-3.50,"5,238",
109/01/06,"2,382,958","404,089,402",170.00,171.00,168.50,170.00,-1.50,"1,604",
109/01/07,"6,863,208","1,132,721,492",172.00,172.50,162.00,162.00,-8.00,"4,724",
109/01/08,"4,033,239","657,104,674",158.50,165.50,158.00,165.00,+3.00,"2,740",
109/01/09,"5,416,929","903,897,023",166.00,168.50,164.00,168.00,+3.00,"3,342",
109/01/10,"4,697,637","782,603,742",170.50,171.00,164.00,165.50,-2.50,"3,146",
109/01/13,"2,675,453","445,768,057",167.50,168.00,164.50,168.00,+2.50,"1,736",
109/01/14,"5,346,838","909,460,694",169.00,173.00,167.50,168.50,+0.50,"3,714",
109/01/15,"4,804,539","807,454,091",169.00,169.50,166.00,168.00,-0.50,"3,185",
109/01/16,"3,190,523","538,726,387",169.00,170.50,167.50,168.50,+0.50,"2,203",
109/01/17,"6,814,597","1,175,129,281",170.00,174.00,170.00,173.50,+5.00,"4,660",
109/01/20,"5,288,416","917,215,884",175.00,175.50,171.50,174.00,+0.50,"3,212",
109/01/30,"7,846,957","1,275,915,163",167.00,167.50,158.00,159.00,-15.00,"5,355",
109/01/31,"5,199,056","848,304,147",161.00,165.50,161.00,163.00,+4.00,"3,441",
109/02/03,"6,575,091","1,042,129,424",158.50,165.00,151.00,164.00,+1.00,"4,377",
109/02/04,"6,144,910","1,030,640,200",164.00,171.00,162.00,171.00,+7.00,"4,115",
109/02/05,"6,116,006","1,056,829,038",171.00,175.00,168.50,173.50,+2.50,"4,064",
109/02/06,"5,316,297","934,750,272",175.00,177.50,174.50,176.00,+2.50,"3,402",
109/02/07,"9,352,465","1,650,064,169",177.00,179.50,173.50,174.00,-2.00,"5,665",
109/02/10,"10,084,321","1,803,615,737",173.00,181.50,170.50,181.50,+7.50,"6,523",
109/02/11,"9,742,242","1,786,625,882",184.00,186.00,181.00,184.00,+2.50,"6,849",
109/02/12,"10,818,988","1,999,065,304",186.00,189.50,181.00,183.00,-1.00,"7,193",
109/02/13,"7,100,043","1,285,135,197",183.50,184.50,178.50,179.50,-3.50,"4,947",
109/02/14,"4,398,721","795,439,065",180.00,182.50,179.00,182.50,+3.00,"3,208",
109/02/17,"4,799,215","870,835,937",181.00,184.00,179.50,183.50,+1.00,"3,312",
109/02/18,"4,909,960","890,038,730",183.00,185.00,180.00,180.50,-3.00,"3,190",
109/02/19,"4,340,194","792,226,002",181.00,184.50,181.00,182.00,+1.50,"3,274",
109/02/20,"8,661,611","1,603,756,424",183.50,188.00,182.50,183.50,+1.50,"5,776",
109/02/21,"5,610,855","1,022,167,820",183.50,186.50,179.50,179.50,-4.00,"4,146",
109/02/24,"5,812,053","1,016,708,891",176.50,177.50,173.00,176.00,-3.50,"4,102",
109/02/25,"4,049,767","710,318,259",174.50,177.50,172.50,175.50,-0.50,"2,762",
109/02/26,"5,019,954","870,539,042",174.00,175.50,171.50,171.50,-4.00,"3,472",
109/02/27,"8,680,755","1,447,536,509",172.50,174.50,163.50,163.50,-8.00,"5,499",
109/03/02,"6,307,770","1,021,758,440",160.00,165.50,158.00,162.00,-1.50,"4,027",
109/03/03,"5,954,515","988,653,505",166.00,167.50,163.50,165.50,+3.50,"3,514",
109/03/04,"4,559,308","758,363,797",165.00,168.50,162.50,168.50,+3.00,"2,985",
109/03/05,"9,883,686","1,739,472,434",172.50,179.00,171.50,179.00,+10.50,"6,338",
109/03/06,"5,509,422","970,827,116",177.50,179.00,173.00,178.00,-1.00,"3,839",
109/03/09,"6,904,774","1,183,329,806",174.00,175.50,168.00,168.00,-10.00,"4,648",
109/03/10,"4,730,544","799,822,286",165.50,172.00,165.00,171.00,+3.00,"3,317",
109/03/11,"5,659,014","981,935,894",173.00,176.00,171.50,172.50,+1.50,"3,378",
109/03/12,"10,202,941","1,684,847,824",172.50,172.50,159.50,164.00,-8.50,"6,474",
109/03/13,"13,247,528","2,108,736,704",150.00,170.00,150.00,169.00,+5.00,"8,197",
109/03/16,"6,361,189","1,067,628,618",168.50,172.50,163.00,163.00,-6.00,"4,450",
109/03/17,"10,554,712","1,754,948,404",156.00,169.50,156.00,168.50,+5.50,"6,414",
109/03/18,"9,022,798","1,526,143,170",171.50,172.50,165.00,165.50,-3.00,"5,920",
109/03/19,"11,555,389","1,788,672,461",165.00,165.50,149.00,149.00,-16.50,"7,154",
109/03/20,"23,792,050","3,629,574,100",153.50,161.00,140.50,152.00,+3.00,"13,759",
109/03/23,"11,110,339","1,534,524,102",139.50,142.00,137.00,137.00,-15.00,"6,439",
109/03/24,"11,866,300","1,685,643,900",140.50,145.00,138.50,144.00,+7.00,"8,386",
109/03/25,"11,728,755","1,783,185,515",150.00,155.50,148.00,154.00,+10.00,"7,854",
109/03/26,"6,539,012","993,700,860",152.00,155.00,148.00,155.00,+1.00,"4,470",
109/03/27,"8,192,809","1,293,783,704",158.00,161.00,155.00,156.50,+1.50,"5,481",
109/03/30,"4,444,941","691,963,678",152.00,158.00,151.00,158.00,+1.50,"2,970",
109/03/31,"6,998,518","1,130,049,934",160.00,163.50,158.00,163.00,+5.00,"4,307",
109/04/01,"6,395,246","1,052,821,949",167.00,167.00,161.00,166.50,+3.50,"4,015",
109/04/06,"9,270,224","1,597,389,424",169.50,176.00,167.50,176.00,+9.50,"6,299",
109/04/07,"10,970,559","1,936,571,021",176.50,181.00,172.50,174.50,-1.50,"6,609",
109/04/08,"6,321,692","1,114,925,325",177.00,179.00,174.00,177.50,+3.00,"3,934",
109/04/09,"5,426,793","950,392,275",179.50,180.50,172.50,174.50,-3.00,"4,109",
109/04/10,"10,597,399","1,890,060,522",175.50,181.00,175.00,178.50,+4.00,"5,783",
109/04/13,"4,506,562","806,935,974",180.00,182.00,175.50,178.00,-0.50,"2,825",
109/04/14,"4,703,471","846,166,219",181.00,183.00,178.50,179.50,+1.50,"2,710",
109/04/15,"5,783,214","1,058,130,948",182.50,185.00,180.50,183.00,+3.50,"3,543",
109/04/16,"7,967,413","1,476,941,499",184.00,188.50,182.00,188.00,+5.00,"4,427",
109/04/17,"19,219,874","3,877,657,696",195.00,206.50,194.00,206.00,+18.00,"12,058",
109/04/20,"18,753,378","3,647,553,454",200.00,201.50,191.50,193.00,-13.00,"11,486",
109/04/21,"13,037,695","2,433,033,380",192.00,194.50,181.00,184.00,-9.00,"9,153",
109/04/22,"9,777,545","1,811,819,623",184.50,188.00,181.50,186.50,+2.50,"6,724",
109/04/23,"11,966,475","2,303,940,750",189.50,198.00,189.00,190.00,+3.50,"8,437",
109/04/24,"8,956,046","1,732,399,470",190.00,196.00,188.50,195.00,+5.00,"5,828",
109/04/27,"9,537,049","1,879,382,317",199.00,201.50,194.00,196.50,+1.50,"5,146",
109/04/28,"18,327,276","3,817,920,236",199.50,216.00,198.00,212.50,+16.00,"11,508",
109/04/29,"20,917,230","4,647,951,890",215.50,229.00,213.50,223.50,+11.00,"12,961",
109/04/30,"8,799,430","1,926,727,451",220.00,226.00,216.00,217.50,-6.00,"6,056",
109/05/04,"7,595,711","1,581,840,906",209.50,212.00,206.00,208.50,-9.00,"5,003",
109/05/05,"7,534,951","1,583,020,670",209.00,215.50,206.50,209.50,+1.00,"5,184",
109/05/06,"6,747,882","1,428,139,484",208.00,215.00,207.50,212.50,+3.00,"4,318",
109/05/07,"4,476,666","947,958,526",211.50,216.00,209.50,211.50,-1.00,"2,851",
109/05/08,"5,225,762","1,094,756,758",214.00,214.50,207.00,209.50,-2.00,"3,635",
109/05/11,"4,316,436","907,883,124",212.00,214.00,207.50,209.00,-0.50,"2,757",
109/05/12,"6,640,696","1,351,501,815",206.50,207.50,201.00,204.50,-4.50,"4,450",
109/05/13,"4,716,530","975,182,491",204.00,209.50,203.50,209.50,+5.00,"3,471",
109/05/14,"7,617,639","1,620,951,996",209.50,216.00,208.00,211.00,+1.50,"5,440",
109/05/15,"5,724,789","1,214,115,575",214.50,217.00,208.00,209.00,-2.00,"3,952",
109/05/18,"11,068,156","2,412,746,008",210.00,225.00,209.50,218.00,+9.00,"7,516",
109/05/19,"7,815,648","1,674,883,024",222.00,224.50,210.00,212.00,-6.00,"5,780",
109/05/20,"4,186,307","892,271,034",213.00,215.50,210.50,215.00,+3.00,"3,041",
109/05/21,"3,161,850","687,350,162",217.00,220.00,216.00,216.50,+1.50,"2,468",
109/05/22,"4,649,717","1,014,053,589",216.00,221.50,214.50,217.50,+1.00,"3,369",
109/05/25,"10,969,885","2,475,790,240",219.00,230.00,217.50,229.00,+11.50,"6,730",
109/05/26,"5,544,724","1,275,351,916",230.00,234.00,227.50,229.00, 0.00,"3,962",
109/05/27,"3,178,298","731,874,742",233.50,235.00,225.50,229.00, 0.00,"2,540",
109/05/28,"9,884,078","2,362,920,330",235.50,247.00,231.50,236.00,+7.00,"7,381",
109/05/29,"6,912,542","1,646,146,200",234.50,241.50,231.00,241.50,+5.50,"3,693",
109/06/01,"3,389,496","820,466,032",245.00,245.00,239.50,242.50,+1.00,"2,620",
109/06/02,"11,222,211","2,579,606,530",239.50,242.50,222.50,228.00,-14.50,"8,102",
109/06/03,"8,714,815","1,955,637,204",228.00,228.50,222.50,223.50,-4.50,"5,643",
109/06/04,"6,358,115","1,427,095,146",224.00,227.50,221.00,227.00,+3.50,"4,550",
109/06/05,"4,579,053","1,027,373,890",226.00,227.00,223.00,223.50,-3.50,"3,104",
109/06/08,"12,800,472","2,752,429,536",219.00,220.50,212.00,213.00,-10.50,"8,311",
109/06/09,"8,986,010","1,903,750,110",209.00,217.50,209.00,209.50,-3.50,"5,962",
109/06/10,"6,768,013","1,452,590,847",210.00,218.00,209.50,217.50,+8.00,"4,771",
109/06/11,"7,863,633","1,756,191,026",217.00,227.00,216.50,223.50,+6.00,"5,846",
109/06/12,"5,373,009","1,198,916,521",219.00,227.00,216.00,226.50,+3.00,"4,223",
109/06/15,"3,603,428","802,882,660",226.00,227.00,219.00,220.50,-6.00,"2,746",
109/06/16,"3,459,833","779,189,425",223.50,227.00,222.00,226.50,+6.00,"2,491",
109/06/17,"3,388,081","756,985,644",226.50,227.50,221.00,224.50,-2.00,"2,611",
109/06/18,"2,281,327","507,938,921",225.00,225.00,220.50,223.00,-1.50,"1,676",
109/06/19,"8,627,082","1,985,920,756",222.50,234.00,222.50,230.00,+7.00,"5,306",
109/06/22,"2,049,262","468,368,998",229.00,230.50,226.50,229.00,-1.00,"1,600",
109/06/23,"2,577,856","586,379,100",230.00,234.00,225.00,225.00,-4.00,"1,976",
109/06/24,"3,156,590","714,984,849",227.00,230.50,223.50,223.50,-1.50,"2,391",
109/06/29,"4,100,080","924,152,505",219.00,228.00,218.50,225.50,+2.00,"2,178",
109/06/30,"3,693,920","843,483,260",227.50,231.00,224.00,228.00,+2.50,"2,354",
109/07/01,"3,776,363","875,844,853",228.50,234.50,228.00,230.50,+2.50,"2,592",
109/07/02,"4,856,075","1,140,092,800",233.00,237.50,228.00,237.50,+7.00,"3,210",
109/07/03,"8,184,264","1,989,149,654",242.50,245.50,239.00,242.00,+4.50,"3,844",
109/07/06,"7,733,943","1,998,896,465",250.00,266.00,248.00,256.50,+14.50,"5,147",
109/07/07,"5,530,574","1,430,731,700",261.50,267.50,253.50,256.50, 0.00,"4,227",
109/07/08,"4,148,031","1,056,392,405",256.50,259.50,251.50,255.50,-1.00,"2,934",
109/07/09,"3,204,056","828,993,392",257.50,262.00,255.00,258.00,+2.50,"2,423",
109/07/10,"3,031,613","775,340,991",260.00,260.50,252.00,255.00,-3.00,"2,313",
109/07/13,"3,653,477","955,022,497",256.50,264.50,256.00,261.50,+6.50,"2,653",
109/07/14,"2,600,428","670,669,852",260.00,261.50,256.00,259.00,-2.50,"1,869",
109/07/15,"4,137,977","1,063,491,669",263.00,267.00,252.50,252.50,-6.50,"3,192",
109/07/16,"4,670,211","1,144,529,364",247.50,249.00,241.50,241.50,-11.00,"3,255",
109/07/17,"3,803,394","908,116,660",239.00,245.00,235.50,236.50,-5.00,"2,756",
109/07/20,"2,544,380","604,116,820",237.50,241.00,231.00,237.50,+1.00,"1,833",
109/07/21,"2,629,688","639,166,996",242.00,245.50,241.50,242.00,+4.50,"2,063",
109/07/22,"3,273,310","807,943,570",244.00,249.50,243.00,247.00,+5.00,"2,206",
109/07/23,"2,706,712","651,214,092",243.00,244.00,238.00,240.50,X0.00,"1,934",
109/07/24,"2,845,272","683,092,964",240.50,243.50,236.50,236.50,-4.00,"1,924",
109/07/27,"2,242,290","533,807,410",237.00,242.00,235.00,235.00,-1.50,"1,685",
109/07/28,"3,573,792","825,995,160",234.50,237.00,226.00,229.00,-6.00,"2,819",
109/07/29,"4,158,817","971,289,544",227.50,239.00,227.50,232.00,+3.00,"2,680",
109/07/30,"3,247,813","755,690,429",234.00,236.00,231.50,232.00, 0.00,"2,352",
109/07/31,"2,572,211","595,502,054",233.00,235.00,229.50,229.50,-2.50,"1,666",
109/08/03,"4,513,160","1,063,251,512",232.00,240.50,231.50,233.00,+3.50,"3,334",
109/08/04,"4,583,757","1,107,027,722",237.50,245.50,235.50,245.50,+12.50,"3,322",
109/08/05,"3,890,865","968,419,155",247.50,251.00,247.00,247.00,+1.50,"2,712",
109/08/06,"3,473,042","834,763,206",248.50,249.50,236.50,237.00,-10.00,"2,711",
109/08/07,"4,777,445","1,093,380,225",230.50,234.50,226.00,226.00,-11.00,"3,853",
109/08/10,"3,286,315","727,581,430",226.00,226.00,218.00,220.00,-6.00,"2,392",
109/08/11,"8,093,063","1,713,915,940",218.50,220.50,207.00,209.00,-11.00,"5,653",
109/08/12,"5,617,160","1,200,992,220",208.00,216.50,207.50,215.00,+6.00,"3,904",
109/08/13,"6,483,488","1,406,123,570",217.00,221.00,209.50,220.00,+5.00,"4,684",
109/08/14,"7,392,805","1,673,392,431",224.00,228.50,222.00,228.50,+8.50,"4,013",
109/08/17,"6,386,443","1,502,953,491",229.00,239.00,226.00,238.00,+9.50,"4,213",
109/08/18,"4,140,652","978,246,066",235.00,239.50,233.50,235.00,-3.00,"2,744",
109/08/19,"3,392,781","801,027,911",236.50,240.00,232.00,232.50,-2.50,"2,402",
109/08/20,"5,911,765","1,330,392,983",230.00,233.50,220.00,222.00,-10.50,"3,691",
109/08/21,"3,692,082","842,613,196",228.00,232.00,223.50,228.00,+6.00,"2,533",
109/08/24,"6,413,629","1,534,880,012",228.00,244.00,225.50,244.00,+16.00,"4,435",
109/08/25,"5,351,775","1,283,677,950",245.50,248.00,236.50,237.50,-6.50,"3,914",
109/08/26,"9,115,417","2,094,213,456",236.00,236.00,227.50,230.00,-7.50,"4,162",
109/08/27,"4,452,586","1,047,835,710",230.50,239.50,230.50,236.00,+6.00,"3,340",
109/08/28,"6,542,243","1,573,385,189",234.50,243.00,232.00,241.00,+5.00,"3,570",
109/08/31,"7,972,550","1,883,351,140",241.00,242.00,232.50,234.00,-7.00,"3,561",
109/09/01,"3,985,664","944,505,704",234.50,239.50,234.00,237.00,+3.00,"1,918",
109/09/02,"3,328,685","793,563,985",238.00,240.00,236.50,240.00,+3.00,"1,583",
109/09/03,"2,837,458","667,439,672",240.00,241.50,233.00,233.50,-6.50,"2,228",
109/09/04,"4,349,062","987,961,260",222.00,232.50,220.00,230.00,-3.50,"3,135",
109/09/07,"2,321,902","525,468,484",229.00,230.00,223.50,224.00,-6.00,"1,660",
109/09/08,"3,603,486","802,251,791",224.50,227.00,220.50,222.50,-1.50,"2,168",
109/09/09,"3,390,571","737,080,826",217.50,220.00,215.50,218.50,-4.00,"2,557",
109/09/10,"5,310,658","1,202,214,234",225.00,231.50,220.50,222.00,+3.50,"3,580",
109/09/11,"3,822,869","829,714,573",219.00,223.00,215.50,215.50,-6.50,"2,780",
109/09/14,"4,038,759","889,019,723",219.00,223.00,217.50,218.50,+3.00,"2,316",
109/09/15,"6,706,748","1,481,887,529",221.00,223.00,218.50,220.50,+2.00,"2,160",
109/09/16,"1,975,305","436,120,052",221.50,223.00,219.00,219.50,-1.00,"1,619",
109/09/17,"3,014,589","655,601,313",218.00,220.00,216.00,216.00,-3.50,"2,144",
109/09/18,"2,431,771","532,082,620",217.00,220.50,216.50,219.50,+3.50,"1,675",
109/09/21,"1,565,447","341,666,446",218.50,219.50,216.00,218.00,-1.50,"1,198",
109/09/22,"1,838,294","401,650,886",217.50,221.00,216.50,216.50,-1.50,"1,526",
109/09/23,"6,513,202","1,369,384,526",217.00,218.00,207.00,210.00,-6.50,"4,425",
109/09/24,"6,698,147","1,397,209,490",207.00,214.00,202.00,206.50,-3.50,"4,633",
109/09/25,"3,709,605","778,155,448",208.00,213.00,206.00,211.50,+5.00,"2,713",
109/09/28,"5,076,106","1,108,526,108",215.00,221.00,214.00,219.00,+7.50,"3,256",
109/09/29,"4,974,974","1,100,655,754",218.50,225.50,218.00,221.00,+2.00,"3,410",
109/09/30,"2,696,946","599,035,533",221.00,224.50,219.50,222.50,+1.50,"2,068",
109/10/05,"6,216,290","1,381,792,765",225.00,229.50,218.00,218.50,-4.00,"3,600",
109/10/06,"3,825,702","854,003,090",222.50,227.00,219.50,226.00,+7.50,"2,626",
109/10/07,"3,399,239","750,876,819",223.50,225.00,219.00,219.00,-7.00,"2,579",
109/10/08,"2,732,368","598,150,140",220.00,222.00,217.00,219.00, 0.00,"1,968",
109/10/12,"2,722,415","594,142,254",218.50,221.00,215.50,217.50,-1.50,"1,929",
109/10/13,"2,175,717","472,445,523",215.00,221.00,213.00,219.00,+1.50,"1,615",
109/10/14,"2,291,951","505,945,720",217.50,223.00,217.50,220.00,+1.00,"1,608",
109/10/15,"1,647,895","362,022,400",218.50,221.50,217.50,221.50,+1.50,"1,229",
109/10/16,"1,853,466","407,428,088",222.00,223.00,218.00,218.00,-3.50,"1,428",
109/10/19,"1,468,517","324,627,740",219.00,223.00,217.50,221.00,+3.00,"1,260",
109/10/20,"1,177,909","261,680,889",221.00,224.00,220.00,222.00,+1.00,933,
109/10/21,"1,519,341","334,121,838",221.50,223.50,218.00,218.00,-4.00,"1,211",
109/10/22,"2,369,588","508,650,508",217.50,219.00,212.00,214.00,-4.00,"1,764",
109/10/23,"4,476,615","937,254,150",214.00,214.50,208.00,208.50,-5.50,"3,116",
109/10/26,"2,342,768","497,699,281",211.50,214.50,210.00,214.00,+5.50,"1,595",
109/10/27,"2,350,663","492,235,903",211.00,212.00,208.00,210.00,-4.00,"1,773",
109/10/28,"1,278,683","266,854,696",209.00,210.00,207.50,209.00,-1.00,"1,009",
109/10/29,"1,908,914","392,231,561",205.00,208.50,203.00,206.50,-2.50,"1,412",
109/10/30,"1,723,517","358,878,333",207.00,209.50,206.50,207.50,+1.00,"1,080",
109/11/02,"1,237,976","257,076,176",208.00,210.50,206.00,206.00,-1.50,880,
109/11/03,"1,143,151","238,839,993",208.00,210.00,207.50,209.50,+3.50,886,
109/11/04,"1,460,532","307,357,032",209.00,213.00,208.00,210.50,+1.00,"1,214",
109/11/05,"1,035,129","219,645,510",211.00,213.50,211.00,212.00,+1.50,867,
109/11/06,"1,413,157","301,500,484",211.50,214.50,211.50,214.50,+2.50,"1,043",
109/11/09,"1,395,975","302,827,140",215.50,218.00,215.00,217.50,+3.00,"1,132",
109/11/10,"3,080,959","676,071,702",220.00,223.00,216.00,217.50, 0.00,"2,075",
109/11/11,"1,912,749","414,236,092",216.50,220.00,211.50,220.00,+2.50,"1,510",
109/11/12,"8,001,900","1,822,745,868",223.50,234.50,222.00,223.00,+3.00,"5,820",
109/11/13,"3,405,431","777,724,800",226.00,231.00,224.00,229.50,+6.50,"2,610",
109/11/16,"4,746,787","1,123,970,264",236.00,239.00,232.50,239.00,+9.50,"3,595",
109/11/17,"4,775,047","1,155,617,847",241.00,245.00,238.50,244.00,+5.00,"3,708",
109/11/18,"3,175,228","775,976,484",240.50,246.00,240.00,246.00,+2.00,"2,331",
109/11/19,"2,922,787","714,688,882",246.00,249.50,240.50,242.50,-3.50,"2,432",
109/11/20,"1,329,181","323,266,078",243.50,245.50,242.00,243.50,+1.00,"1,042",
109/11/23,"2,826,171","671,946,588",243.50,243.50,235.50,237.50,-6.00,"2,067",
109/11/24,"1,230,363","290,531,492",238.00,239.00,234.50,236.50,-1.00,"1,062",
109/11/25,"3,930,991","904,251,657",234.00,236.00,228.00,228.00,-8.50,"3,171",
109/11/26,"3,831,285","897,957,870",229.00,237.00,229.00,237.00,+9.00,"3,093",
109/11/27,"2,468,249","593,335,599",237.00,243.50,235.00,243.50,+6.50,"1,978",
109/11/30,"4,233,657","1,015,128,982",245.00,247.00,237.00,239.00,-4.50,"1,770",
109/12/01,"2,171,465","526,248,463",238.00,244.50,237.00,243.00,+4.00,"1,739",
109/12/02,"1,715,884","418,256,294",243.00,245.50,239.50,245.00,+2.00,"1,181",
109/12/03,"4,675,848","1,168,734,383",248.00,253.50,243.50,252.00,+7.00,"3,076",
109/12/04,"2,858,715","712,702,617",248.50,251.50,247.50,250.00,-2.00,"1,960",
109/12/07,"2,703,377","687,176,194",251.50,258.00,249.00,256.00,+6.00,"2,055",
109/12/08,"2,484,722","644,959,659",256.00,262.50,254.00,259.00,+3.00,"1,791",
109/12/09,"1,683,880","436,441,160",259.00,262.50,257.00,259.00, 0.00,"1,194",
109/12/10,"5,483,588","1,468,240,364",265.00,273.00,260.50,265.00,+6.00,"3,866",
109/12/11,"5,749,846","1,579,576,867",269.50,279.00,268.50,277.00,+12.00,"4,077",
109/12/14,"4,878,363","1,385,286,743",274.00,289.50,273.00,285.00,+8.00,"3,995",
109/12/15,"5,162,810","1,488,626,572",280.50,293.00,280.50,288.00,+3.00,"4,047",
109/12/16,"5,604,782","1,668,523,457",290.00,306.00,288.00,305.00,+17.00,"4,038",
109/12/17,"7,708,501","2,244,200,405",300.00,304.00,285.50,287.50,-17.50,"5,950",
109/12/18,"4,507,547","1,326,588,282",290.00,298.50,289.00,293.50,+6.00,"3,287",
109/12/21,"3,605,627","1,035,677,819",293.50,293.50,284.50,287.50,-6.00,"2,560",
109/12/22,"1,731,942","497,010,466",285.50,290.50,284.50,285.50,-2.00,"1,422",
109/12/23,"1,874,232","532,826,329",284.00,288.00,282.00,285.50, 0.00,"1,569",
109/12/24,"1,443,984","417,111,877",285.00,293.00,285.00,289.00,+3.50,"1,244",
109/12/25,"620,154","179,317,973",290.00,293.00,287.00,287.50,-1.50,631,
109/12/28,"3,980,773","1,187,908,701",288.50,304.00,288.50,298.50,+11.00,"3,518",
109/12/29,"2,780,051","845,535,332",301.00,308.00,300.00,306.50,+8.00,"2,607",
109/12/30,"3,335,946","1,043,958,145",310.00,317.00,306.50,316.00,+9.50,"3,007",
109/12/31,"2,739,062","862,027,756",315.50,320.50,308.00,316.00, 0.00,"1,946",
110/01/04,"3,339,846","1,016,754,002",313.50,324.00,299.50,301.00,-15.00,"2,817",
110/01/05,"3,856,313","1,147,799,767",302.00,302.50,295.00,297.50,-3.50,"3,325",
110/01/06,"3,124,661","920,822,522",295.50,300.50,290.50,296.00,-1.50,"2,449",
110/01/07,"2,604,119","771,850,099",298.00,299.50,294.00,296.00, 0.00,"1,879",
110/01/08,"2,878,558","843,578,238",294.00,296.00,290.50,291.50,-4.50,"2,342",
110/01/11,"4,374,088","1,285,517,911",293.00,297.50,289.00,294.00,+2.50,"3,443",
110/01/12,"2,829,991","818,323,804",293.00,294.00,287.00,287.00,-7.00,"2,407",
110/01/13,"4,900,366","1,423,101,702",289.00,293.50,285.50,291.50,+4.50,"3,819",
110/01/14,"3,322,016","944,772,174",290.00,291.00,282.50,282.50,-9.00,"2,885",
110/01/15,"3,719,201","1,042,926,227",283.50,287.50,275.50,277.00,-5.50,"3,168",
110/01/18,"2,649,162","739,753,822",277.00,284.00,273.50,282.00,+5.00,"2,194",
110/01/19,"1,192,601","337,049,400",281.00,285.00,280.50,283.00,+1.00,"1,146",
110/01/20,"2,188,616","616,203,059",280.00,286.00,277.00,281.00,-2.00,"1,858",
110/01/21,"3,274,330","941,771,637",284.50,291.50,283.00,285.50,+4.50,"2,686",
110/01/22,"3,349,041","969,855,660",283.50,294.00,281.00,291.50,+6.00,"2,898",
110/01/25,"2,437,891","707,727,816",291.50,295.00,287.00,288.50,-3.00,"2,100",
110/01/26,"3,091,524","904,683,195",294.50,297.00,287.50,291.00,+2.50,"2,633",
110/01/27,"2,167,612","626,774,458",292.00,295.00,286.00,288.00,-3.00,"1,510",
110/01/28,"4,444,313","1,220,501,390",282.00,283.00,270.00,273.00,-15.00,"3,619",
110/01/29,"8,162,593","2,240,923,367",272.50,278.00,268.50,269.50,-3.50,"3,562",
110/02/01,"4,855,183","1,333,984,654",274.00,277.50,271.00,275.00,+5.50,"2,566",
110/02/02,"4,834,045","1,382,881,110",274.00,293.00,274.00,293.00,+18.00,"3,835",
110/02/03,"3,245,371","921,840,066",291.00,291.00,280.00,280.50,-12.50,"2,457",
110/02/04,"3,029,295","827,436,000",273.50,277.00,270.00,272.00,-8.50,"2,731",
110/02/05,"1,645,796","448,611,444",273.00,275.50,271.00,271.50,-0.50,"1,412",
110/02/17,"6,145,487","1,635,108,673",265.00,272.00,258.50,269.50,-2.00,"4,680",
110/02/18,"2,115,408","581,832,859",269.50,278.00,269.50,275.50,+6.00,"1,654",
110/02/19,"2,148,549","593,088,809",274.50,280.00,271.00,275.50, 0.00,"1,919",
110/02/22,"2,600,904","715,887,258",279.50,281.00,271.50,274.00,-1.50,"1,893",
110/02/23,"1,566,367","426,289,158",272.00,274.00,270.50,272.00,-2.00,"1,430",
110/02/24,"2,776,196","753,165,694",275.00,278.00,267.00,268.50,-3.50,"2,238",
110/02/25,"1,475,677","400,414,720",271.00,275.00,269.00,272.00,+3.50,"1,322",
110/02/26,"3,813,084","1,001,756,414",272.00,272.00,260.00,262.50,-9.50,"3,023",
110/03/02,"2,849,810","769,905,396",268.00,274.00,266.00,266.50,+4.00,"2,160",
110/03/03,"3,060,338","803,154,062",270.00,270.00,258.00,265.50,-1.00,"2,584",
110/03/04,"3,817,009","983,150,092",265.00,265.00,253.50,256.50,-9.00,"2,665",
110/03/05,"2,498,401","629,470,119",250.00,259.00,246.50,256.00,-0.50,"2,338",
110/03/08,"2,135,077","556,410,621",258.00,264.00,257.50,259.50,+3.50,"1,432",
110/03/09,"1,428,208","360,885,625",258.50,258.50,250.00,251.00,-8.50,"1,312",
110/03/10,"1,717,545","440,695,856",256.00,263.00,252.00,253.50,+2.50,"1,482",
110/03/11,"1,403,014","356,957,636",256.00,256.50,251.00,254.50,+1.00,"1,102",
110/03/12,"2,817,436","733,517,123",255.50,264.00,255.00,262.50,+8.00,"2,166",
110/03/15,"1,150,101","300,688,693",262.00,264.00,258.00,262.00,-0.50,960,
110/03/16,"1,292,507","342,797,502",263.00,266.50,261.50,265.50,+3.50,"1,268",
110/03/17,"2,014,474","534,190,185",261.00,267.50,261.00,265.50, 0.00,"1,702",
110/03/18,"2,446,410","647,549,790",265.50,268.00,261.00,262.50,-3.00,"1,851",
110/03/19,"4,321,172","1,170,238,859",265.00,275.00,264.00,273.50,+11.00,"3,410",
110/03/22,"3,148,781","842,806,778",273.50,274.00,265.50,266.00,-7.50,"2,625",
110/03/23,"1,853,277","499,161,819",266.00,272.00,265.00,269.00,+3.00,"1,533",
110/03/24,"1,365,572","367,707,076",268.00,272.50,266.00,268.00,-1.00,"1,162",
110/03/25,"2,604,407","692,942,364",266.00,270.50,261.00,270.00,+2.00,"1,907",
110/03/26,"2,441,372","649,933,335",269.00,270.00,263.00,268.00,-2.00,"1,983",
110/03/29,"4,203,065","1,164,025,450",270.50,280.00,267.50,279.50,+11.50,"3,304",
110/03/30,"1,994,582","554,136,656",277.00,279.50,275.00,278.50,-1.00,"1,533",
110/03/31,"3,546,922","984,882,663",278.50,282.00,275.00,276.00,-2.50,"1,624",
110/04/01,"2,963,476","829,658,129",275.00,285.00,275.00,275.50,-0.50,"2,355",
110/04/06,"2,129,539","591,004,844",279.00,279.50,273.00,276.00,+0.50,"1,413",
110/04/07,"1,627,326","454,465,799",279.00,280.50,276.50,279.50,+3.50,"1,510",
110/04/08,"2,121,832","592,114,091",275.00,283.00,275.00,277.00,-2.50,"1,633",
110/04/09,"1,301,390","364,393,769",279.00,283.00,278.00,279.50,+2.50,"1,182",
110/04/12,"2,203,575","600,304,210",279.00,280.50,270.00,270.50,-9.00,"1,858",
110/04/13,"1,595,598","432,039,506",271.50,274.50,266.00,266.00,-4.50,"1,399",
110/04/14,"1,586,607","422,873,288",267.00,269.50,264.50,266.00, 0.00,"1,189",
110/04/15,"1,129,204","300,896,865",269.00,269.50,265.00,267.50,+1.50,874,
110/04/16,"1,958,400","536,802,146",267.50,278.00,267.50,275.50,+8.00,"1,544",
110/04/19,"2,581,785","710,090,550",273.50,278.50,272.00,273.50,-2.00,"1,118",
110/04/20,"942,638","258,993,502",273.00,276.00,272.50,276.00,+2.50,797,
110/04/21,"1,375,448","374,509,362",273.50,276.00,270.50,271.00,-5.00,"1,226",
110/04/22,"2,506,638","695,668,493",274.50,284.00,274.00,275.00,+4.00,"2,164",
110/04/23,"5,142,286","1,474,241,888",278.00,291.50,276.00,291.50,+16.50,"4,523",
110/04/26,"6,664,505","1,961,091,968",290.00,299.50,286.00,296.00,+4.50,"4,420",
110/04/27,"4,164,191","1,231,832,620",295.50,299.50,291.00,296.00, 0.00,"2,083",
110/04/28,"3,861,142","1,165,885,978",297.00,306.00,295.00,303.50,+7.50,"3,498",
110/04/29,"4,861,374","1,523,754,237",306.00,320.00,304.00,318.00,+14.50,"4,302",
110/05/03,"6,412,630","2,005,915,388",310.00,318.50,302.50,315.50,-2.50,"3,438",
110/05/04,"4,269,204","1,305,611,582",315.50,323.00,291.50,303.00,-12.50,"3,309",
110/05/05,"2,341,884","694,417,973",300.00,304.50,289.00,291.00,-12.00,"2,301",
110/05/06,"2,528,758","732,888,325",291.00,302.50,285.50,291.00, 0.00,"1,835",
110/05/07,"1,926,707","563,294,441",295.00,301.50,289.00,290.00,-1.00,"1,739",
110/05/10,"1,366,612","394,510,265",295.00,298.00,285.00,285.50,-4.50,"1,197",
110/05/11,"4,056,489","1,071,491,944",275.00,275.00,257.00,259.00,-26.50,"3,161",
110/05/12,"5,780,840","1,524,569,662",257.50,274.00,251.50,264.00,+5.00,"5,104",
110/05/13,"3,315,127","888,734,356",264.00,273.00,255.50,269.50,+5.50,"3,866",
110/05/14,"3,471,010","953,694,201",265.00,284.00,265.00,271.50,+2.00,"2,868",
110/05/17,"2,603,588","701,172,401",265.00,273.00,260.50,273.00,+1.50,"1,859",
110/05/18,"3,653,533","1,051,161,800",281.00,295.00,276.50,295.00,+22.00,"3,153",
110/05/19,"2,462,327","732,098,168",296.00,303.00,293.50,295.50,+0.50,"2,204",
110/05/20,"1,721,386","507,679,215",288.50,300.50,288.00,295.50, 0.00,"1,589",
110/05/21,"1,553,510","461,221,944",298.00,303.50,291.00,295.00,-0.50,"1,355",
110/05/24,"2,048,157","620,264,387",297.00,307.50,295.00,307.50,+12.50,"2,134",
110/05/25,"1,668,140","509,037,748",303.00,309.00,302.50,303.00,-4.50,"1,635",
110/05/26,"1,212,879","364,678,353",305.00,306.50,296.50,300.00,-3.00,"1,166",
110/05/27,"3,713,764","1,101,142,720",299.00,304.00,295.00,295.00,-5.00,"1,488",
110/05/28,"1,818,792","532,192,494",294.50,296.00,289.00,293.00,-2.00,"1,682",
110/05/31,"2,151,139","650,681,568",294.50,307.50,294.00,307.50,+14.50,"1,741",
110/06/01,"854,599","262,253,793",305.00,310.50,305.00,306.50,-1.00,900,
110/06/02,"1,109,340","335,473,157",312.00,312.00,296.50,297.00,-9.50,"1,089",
110/06/03,"1,792,335","525,320,483",295.00,297.00,290.50,293.00,-4.00,"1,707",
110/06/04,"1,083,298","314,678,829",288.00,292.00,288.00,291.00,-2.00,844,
110/06/07,"2,715,770","779,792,792",285.50,294.50,281.00,293.50,+2.50,"2,186",
110/06/08,"1,792,926","514,395,290",293.50,294.50,283.50,286.50,-7.00,"1,727",
110/06/09,"1,484,429","424,579,983",281.50,288.50,281.50,288.00,+1.50,"1,262",
110/06/10,"1,816,462","529,608,372",288.00,295.50,287.00,292.50,+4.50,"1,424",
110/06/11,"2,002,211","591,845,990",291.00,298.00,289.50,295.00,+2.50,"1,511",
110/06/15,"1,796,883","534,385,716",295.00,300.50,293.00,298.00,+3.00,"1,320",
110/06/16,"1,507,061","446,439,363",295.50,302.00,293.50,295.00,-3.00,"1,174",
110/06/17,"1,186,291","347,618,234",288.00,296.00,288.00,293.00,-2.00,"1,192",
110/06/18,"3,636,973","1,070,433,760",293.50,297.00,290.00,295.00,+2.00,"2,034",
110/06/21,"1,796,438","530,765,591",295.00,299.50,290.00,298.00,+3.00,"1,378",
110/06/22,"1,653,581","493,848,989",298.50,300.50,293.00,300.00,+2.00,"1,398",
110/06/23,"3,672,168","1,143,623,294",302.00,316.00,300.50,315.50,+15.50,"3,550",
110/06/24,"1,742,773","549,021,323",315.00,318.00,312.50,314.00,-1.50,"1,144",
110/06/25,"5,061,590","1,677,562,853",318.50,342.00,318.00,331.00,+17.00,"4,645",
110/06/28,"2,777,255","921,383,649",331.50,337.00,327.00,331.00, 0.00,"1,987",
110/06/29,"2,553,396","844,509,819",335.00,337.50,325.00,330.00,-1.00,"2,173",
110/06/30,"2,103,629","694,030,788",330.00,333.00,327.00,330.50,+0.50,"1,329",
110/07/01,"1,816,355","584,055,493",329.50,330.50,313.00,320.00,-10.50,"1,614",
110/07/02,"2,751,049","902,877,970",325.00,335.00,324.00,326.00,+6.00,"1,892",
110/07/05,"1,538,742","499,767,735",330.00,330.50,320.00,328.00,+2.00,"1,451",
110/07/06,"1,831,062","614,832,727",331.00,340.50,329.00,334.50,+6.50,"1,660",
110/07/07,"2,529,535","837,157,071",329.00,336.00,322.50,332.50,-2.00,"2,213",
110/07/08,"2,033,604","674,174,111",329.00,336.00,325.50,334.50,+2.00,"1,334",
110/07/09,"1,395,993","462,444,547",327.00,334.00,326.50,331.00,-3.50,"1,060",
110/07/12,"1,562,145","531,414,399",335.50,347.00,329.00,342.00,+11.00,"1,441",
110/07/13,"3,106,698","1,084,683,006",345.00,354.00,342.00,349.50,+7.50,"2,531",
110/07/14,"4,447,378","1,484,481,724",349.00,349.00,326.50,335.00,-14.50,"3,453",
110/07/15,"1,932,342","658,473,694",334.50,347.00,332.00,347.00,+12.00,"1,428",
110/07/16,"1,966,595","680,387,136",342.00,350.50,339.00,350.00,+3.00,"1,252",
110/07/19,"1,559,273","530,769,053",342.00,346.00,337.50,340.00,-10.00,"1,413",
110/07/20,"934,945","322,833,024",338.00,352.00,337.50,343.00,+3.00,984,
110/07/21,"1,064,314","365,974,636",343.50,350.00,338.00,341.50,-1.50,"1,026",
110/07/22,"1,306,863","448,973,444",347.00,350.50,339.00,341.00,-0.50,"1,005",
110/07/23,"1,658,926","559,290,413",340.00,346.00,332.00,337.50,-3.50,"1,534",
110/07/26,"692,354","235,575,114",338.00,343.50,337.50,341.50,+4.00,662,
110/07/27,"1,158,161","388,027,821",345.00,345.00,330.00,335.50,-6.00,"1,148",
110/07/28,"1,218,016","398,901,254",335.00,335.00,325.00,327.50,-8.00,"1,158",
110/07/29,"1,178,199","393,895,435",334.00,341.00,329.00,335.50,+8.00,"1,052",
110/07/30,"1,248,837","409,712,377",329.00,339.00,325.00,326.00,-9.50,828,
110/08/02,"2,590,834","825,614,003",313.00,325.00,310.00,323.00,-3.00,"2,043",
110/08/03,"1,087,868","359,347,756",334.00,337.00,324.00,331.50,+8.50,972,
110/08/04,"471,437","157,588,097",335.00,338.00,330.50,332.00,+0.50,460,
110/08/05,"929,747","310,419,257",335.00,336.00,331.00,333.00,+1.00,796,
110/08/06,"1,146,152","381,387,371",329.00,337.00,328.50,332.50,-0.50,915,
110/08/09,"1,318,822","425,069,111",323.00,328.00,315.00,325.50,X0.00,"1,174",
110/08/10,"510,702","166,785,150",329.00,329.00,325.00,327.50,+2.00,472,
110/08/11,"873,661","283,786,558",322.00,329.00,322.00,325.00,-2.50,795,
110/08/12,"645,149","212,245,002",321.50,331.50,321.50,330.00,+5.00,657,
110/08/13,"3,993,231","1,193,460,467",310.00,310.00,297.00,297.00,-33.00,"2,618",
110/08/16,"8,124,594","2,194,331,265",273.00,276.50,267.50,267.50,-29.50,"4,326",
110/08/17,"7,299,496","1,966,109,193",267.50,274.50,262.00,271.00,+3.50,"5,365",
110/08/18,"4,918,352","1,368,578,603",273.50,288.00,268.00,286.00,+15.00,"3,636",
110/08/19,"4,772,046","1,357,594,081",283.00,290.50,279.50,289.00,+3.00,"2,776",
110/08/20,"2,108,320","600,878,625",282.50,288.00,282.50,284.50,-4.50,"1,378",
110/08/23,"1,847,922","531,755,886",287.00,291.50,284.00,288.00,+3.50,"1,248",
110/08/24,"2,457,864","728,050,120",295.00,299.00,290.00,296.00,+8.00,"1,759",
110/08/25,"1,942,995","568,548,048",290.00,297.50,290.00,293.50,-2.50,"1,187",
110/08/26,"2,217,737","637,644,473",291.50,293.50,283.00,288.00,-5.50,"1,467",
110/08/27,"1,675,508","486,128,788",286.00,294.00,285.00,291.50,+3.50,"1,143",
110/08/30,"2,355,626","675,944,225",291.50,292.00,284.50,287.00,-4.50,"1,164",
110/08/31,"4,609,856","1,278,696,665",285.00,285.00,272.50,280.50,-6.50,"2,497",
110/09/01,"3,152,293","880,244,908",273.50,284.00,273.50,280.00,-0.50,"2,034",
110/09/02,"8,342,477","2,399,109,309",278.00,303.00,277.00,285.00,+5.00,"3,977",
110/09/03,"3,409,592","962,705,278",284.50,288.00,276.50,283.00,-2.00,"2,238",
110/09/06,"1,989,095","572,312,897",289.50,290.50,282.00,286.50,+3.50,"1,385",
110/09/07,"3,769,806","1,049,655,283",288.50,289.50,268.50,278.00,-8.50,"2,923",
110/09/08,"2,562,008","703,455,015",279.00,281.00,271.50,273.00,-5.00,"1,520",
110/09/09,"1,203,750","332,543,265",271.00,280.00,271.00,276.00,+3.00,956,
110/09/10,"2,351,746","643,271,514",273.50,276.50,270.00,276.00, 0.00,"1,244",
110/09/13,"8,751,741","2,385,633,888",276.00,281.00,271.50,275.50,-0.50,803,
110/09/14,"1,286,940","358,472,971",280.00,280.00,276.00,278.50,+3.00,873,
110/09/15,"2,684,459","729,311,925",275.50,278.00,269.50,269.50,-9.00,"1,770",
110/09/16,"3,588,685","963,676,061",269.50,272.00,267.50,268.00,-1.50,"1,617",
110/09/17,"4,032,421","1,078,043,749",266.00,271.00,264.00,266.00,-2.00,"1,868",
110/09/22,"2,736,793","733,465,373",261.00,271.50,260.50,269.50,+3.50,"1,772",
110/09/23,"3,082,431","837,627,017",268.00,275.00,267.00,271.00,+1.50,"1,432",
110/09/24,"1,299,680","356,784,032",271.00,276.00,271.00,274.50,+3.50,753,
110/09/27,"1,520,734","415,860,466",272.00,277.00,271.00,271.50,-3.00,948,
110/09/28,"1,380,955","369,170,528",270.00,271.50,263.50,267.50,-4.00,"1,210",
110/09/29,"2,441,133","644,186,824",264.00,270.00,262.00,262.00,-5.50,"1,905",
110/09/30,"1,606,718","423,224,980",263.00,269.00,262.00,263.00,+1.00,788,
110/10/01,"5,085,032","1,293,234,207",261.50,267.00,251.50,254.00,-9.00,"3,611",
110/10/04,"3,194,184","800,228,188",254.50,258.50,243.00,247.50,-6.50,"2,318",
110/10/05,"1,418,082","347,303,043",247.50,248.00,241.00,246.50,-1.00,"1,503",
110/10/06,"4,011,431","937,494,889",248.50,250.00,226.00,229.00,-17.50,"4,041",
110/10/07,"5,052,434","1,253,909,628",247.00,251.50,242.50,250.50,+21.50,"3,009",
110/10/08,"2,881,722","735,840,647",245.00,260.00,245.00,257.50,+7.00,"2,305",
110/10/12,"3,258,409","836,459,529",250.50,260.00,249.00,257.50, 0.00,"2,454",
110/10/13,"2,028,916","524,346,141",259.00,265.00,252.50,255.50,-2.00,"1,811",
110/10/14,"1,161,079","292,761,448",257.00,259.50,247.50,251.50,-4.00,"1,077",
110/10/15,"3,009,940","737,692,386",254.00,255.00,242.00,245.00,-6.50,"2,994",
110/10/18,"4,113,602","968,118,037",250.00,250.50,232.00,233.00,-12.00,"2,897",
110/10/19,"2,514,704","600,213,627",235.50,243.00,233.00,241.00,+8.00,"2,126",
110/10/20,"2,138,624","504,818,840",239.50,240.50,234.00,236.50,-4.50,"1,563",
110/10/21,"1,486,423","351,854,008",236.50,238.50,234.50,236.50, 0.00,"1,084",
110/10/22,"2,170,500","518,095,848",236.00,242.00,236.00,240.50,+4.00,873,
110/10/25,"1,056,376","248,411,691",240.00,240.00,234.00,234.00,-6.50,965,
110/10/26,"3,014,784","733,313,297",237.00,246.50,235.50,245.00,+11.00,"1,565",
110/10/27,"4,531,546","1,132,769,061",242.50,254.50,242.50,250.00,+5.00,"2,505",
110/10/28,"3,248,280","808,850,577",248.50,253.00,244.00,248.00,-2.00,"1,840",
110/10/29,"3,747,069","915,322,299",248.00,251.50,242.00,243.50,-4.50,"1,537",
110/11/01,"2,160,647","542,628,772",249.50,254.50,247.00,252.00,+8.50,"1,819",
110/11/02,"2,703,399","686,221,299",255.00,261.00,249.00,251.00,-1.00,"3,050",
110/11/03,"3,796,646","987,426,845",252.00,265.00,252.00,260.50,+9.50,"2,974",
110/11/04,"5,622,860","1,518,106,191",260.50,274.50,260.00,271.50,+11.00,"5,882",
110/11/05,"9,050,959","2,594,055,091",276.50,298.00,274.00,283.00,+11.50,"6,873",
110/11/08,"4,949,855","1,406,474,373",286.50,291.00,279.00,282.50,-0.50,"4,490",
110/11/09,"3,313,311","948,774,355",283.00,290.00,281.00,290.00,+7.50,"2,253",
110/11/10,"4,364,492","1,277,904,527",280.50,298.00,280.50,296.00,+6.00,"3,699",
110/11/11,"2,125,205","619,839,823",292.00,295.50,289.50,291.00,-5.00,"1,603",
110/11/12,"4,149,012","1,167,444,050",277.00,289.00,273.50,288.00,-3.00,"3,488",
110/11/15,"3,240,706","911,539,741",282.50,287.00,279.00,280.50,-7.50,"4,400",
110/11/16,"4,428,803","1,294,229,645",280.00,297.00,280.00,292.00,+11.50,"3,531",
110/11/17,"1,984,623","582,530,584",300.00,300.00,290.00,291.50,-0.50,"1,788",
110/11/18,"1,203,034","352,405,957",289.50,295.50,289.00,294.00,+2.50,"1,008",
110/11/19,"1,393,475","407,083,438",290.00,295.50,290.00,292.00,-2.00,"1,288",
110/11/22,"931,679","272,225,029",290.50,296.00,288.50,292.00, 0.00,"1,979",
110/11/23,"1,575,205","462,932,507",288.00,297.50,287.00,295.00,+3.00,"1,994",
110/11/24,"2,190,085","662,512,923",295.50,311.00,295.50,300.00,+5.00,"1,875",
110/11/25,"836,969","252,626,602",301.50,305.00,299.00,301.00,+1.00,856,
110/11/26,"1,093,799","328,029,700",299.00,305.00,296.00,299.50,-1.50,"1,541",
110/11/29,"1,695,020","493,490,350",287.00,295.00,286.50,290.50,-9.00,"1,975",
110/11/30,"2,747,608","799,294,208",291.00,297.50,288.50,288.50,-2.00,"2,664",
110/12/01,"1,309,403","383,316,480",288.00,297.00,288.00,295.00,+6.50,"1,130",
110/12/02,"2,054,963","592,010,367",290.00,294.00,284.00,284.00,-11.00,"5,862",
110/12/03,"2,748,531","766,440,470",285.50,289.00,276.00,277.00,-7.00,"7,731",
110/12/06,"1,629,454","460,552,089",277.00,286.00,276.00,283.50,+6.50,"1,551",
110/12/07,"3,042,500","870,971,785",283.50,294.00,280.50,293.00,+9.50,"2,323",
110/12/08,"1,404,097","414,654,943",291.00,297.50,290.50,296.50,+3.50,"1,439",
110/12/09,"2,007,930","605,471,976",296.50,305.00,294.00,302.50,+6.00,"1,763",
110/12/10,"1,655,587","502,499,825",301.00,307.00,297.00,304.00,+1.50,"5,038",
110/12/13,"1,304,675","391,601,552",304.00,307.00,295.50,297.00,-7.00,"5,850",
110/12/14,"2,200,080","653,270,602",294.50,302.50,290.00,298.00,+1.00,"1,698",
110/12/15,"1,485,721","436,473,310",298.00,301.00,290.50,292.50,-5.50,"1,295",
110/12/16,"6,870,186","1,907,917,481",281.00,283.00,275.00,275.50,-17.00,"5,321",
110/12/17,"9,317,503","2,417,290,779",269.00,270.00,252.50,257.50,-18.00,"6,541",
110/12/20,"4,227,369","1,100,612,575",256.00,263.00,253.50,260.50,+3.00,"3,192",
110/12/21,"1,744,585","453,656,980",260.00,262.50,258.50,259.00,-1.50,"1,440",
110/12/22,"2,051,739","530,426,390",261.50,266.50,256.00,257.50,-1.50,"2,033",
110/12/23,"2,431,211","634,166,395",261.00,265.00,255.50,260.00,+2.50,"2,158",
110/12/24,"1,079,087","279,765,022",260.00,262.50,258.50,259.00,-1.00,"1,065",
110/12/27,"1,042,412","270,878,454",261.00,263.50,258.50,259.50,+0.50,995,
110/12/28,"1,414,879","370,300,278",258.00,264.00,258.00,262.00,+2.50,"1,194",
110/12/29,"965,104","251,315,025",264.00,264.00,259.50,259.50,-2.50,"1,054",
110/12/30,"1,145,775","298,154,956",260.50,261.50,259.50,260.00,+0.50,"1,154",
111/01/03,"1,025,150","268,169,866",263.00,263.00,260.00,261.00,+1.00,"1,268",
111/01/04,"1,947,663","515,541,150",262.00,268.00,261.00,266.50,+5.50,"1,877",
111/01/05,"3,347,146","906,835,975",267.00,275.00,262.50,274.00,+7.50,"3,035",
111/01/06,"2,144,713","573,482,684",269.00,271.00,265.00,266.00,-8.00,"2,025",
111/01/07,"1,600,265","417,837,816",268.00,268.50,259.00,259.00,-7.00,"1,350",
111/01/10,"5,037,023","1,288,072,688",266.00,270.00,256.50,262.50,+3.50,"2,657",
111/01/11,"2,021,707","527,747,065",266.00,267.00,257.50,257.50,-5.00,"1,849",
111/01/12,"2,395,861","612,122,454",259.50,260.00,253.00,255.50,-2.00,"2,604",
111/01/13,"2,506,157","657,148,490",259.00,266.00,256.00,266.00,+10.50,"2,237",
111/01/14,"1,055,539","276,126,432",264.00,265.00,259.50,260.00,-6.00,"2,526",
111/01/17,"1,589,370","425,097,245",258.00,270.50,258.00,270.50,+10.50,"1,614",
111/01/18,"1,184,293","319,648,853",268.50,273.50,267.50,269.00,-1.50,"1,714",
111/01/19,"1,049,924","281,358,498",269.00,270.00,266.00,267.50,-1.50,"1,407",
111/01/20,"1,962,786","494,569,734",268.00,269.00,262.00,263.50,-4.00,"2,906",
111/01/21,"1,669,430","436,257,640",261.50,265.00,257.00,263.50, 0.00,"2,207",
111/01/24,"1,526,106","400,677,135",260.00,266.50,255.00,266.00,+2.50,"1,656",
111/01/25,"4,200,440","1,149,534,481",263.50,279.00,263.50,274.50,+8.50,"4,414",
111/01/26,"2,905,330","781,126,252",277.00,279.00,265.00,265.00,-9.50,"11,565",
111/02/07,"3,802,528","989,605,087",257.50,269.50,257.00,258.50,-6.50,"6,878",
111/02/08,"2,574,049","672,119,781",258.50,263.50,258.50,260.50,+2.00,"1,778",
111/02/09,"1,508,880","398,380,673",261.00,267.00,260.50,264.50,+4.00,"1,296",
111/02/10,"1,778,506","482,447,830",265.00,275.00,265.00,274.50,+10.00,"1,945",
111/02/11,"1,114,013","301,040,234",272.50,273.00,267.50,271.50,-3.00,"1,283",
111/02/14,"1,629,260","422,976,387",269.00,269.00,256.00,256.00,-15.50,"2,468",
111/02/15,"847,659","220,295,933",261.50,262.00,258.00,259.50,+3.50,838,
111/02/16,"2,241,453","607,459,376",265.00,274.50,262.50,274.00,+14.50,"2,036",
111/02/17,"1,263,451","345,027,460",277.00,277.50,270.00,272.50,-1.50,"1,518",
111/02/18,"860,012","235,281,927",270.00,275.00,268.50,275.00,+2.50,"1,041",
111/02/21,"860,905","233,746,018",272.00,274.00,266.50,273.00,-2.00,"1,816",
111/02/22,"1,386,971","365,602,551",267.00,270.50,260.00,262.00,-11.00,"3,273",
111/02/23,"581,242","154,455,221",266.00,268.50,264.00,265.00,+3.00,622,
111/02/24,"1,958,961","502,904,312",260.00,266.00,253.00,254.50,-10.50,"2,445",
111/02/25,"1,361,667","345,111,265",256.50,258.00,250.50,252.00,-2.50,"1,249",
111/03/01,"1,816,930","478,776,871",258.50,267.00,255.50,267.00,+15.00,"1,536",
111/03/02,"1,073,904","281,566,037",262.00,265.00,260.00,262.00,-5.00,907,
111/03/03,"1,366,992","361,632,948",263.00,267.00,260.00,267.00,+5.00,"1,147",
111/03/04,"2,343,429","600,692,520",261.00,262.00,253.50,253.50,-13.50,"2,468",
111/03/07,"3,560,112","856,777,254",247.00,251.00,236.00,237.00,-16.50,"3,286",
111/03/08,"4,108,084","946,747,374",225.00,239.50,225.00,226.50,-10.50,"5,375",
111/03/09,"2,830,862","648,443,817",230.00,236.00,225.00,228.00,+1.50,"4,111",
111/03/10,"2,145,283","505,992,032",232.00,240.50,232.00,235.50,+7.50,"3,828",
111/03/11,"2,450,749","572,193,714",235.50,238.00,231.00,234.50,-1.00,"3,698",
111/03/14,"1,505,334","347,353,152",234.50,238.00,227.00,229.50,-5.00,"2,454",
111/03/15,"1,648,933","364,358,485",228.50,228.50,218.00,219.00,-10.50,"2,414",
111/03/16,"1,957,293","428,650,067",221.50,226.50,214.00,219.50,+0.50,"2,618",
111/03/17,"2,718,962","636,057,704",230.50,237.00,230.00,236.50,+17.00,"3,420",
111/03/18,"6,251,731","1,372,981,498",236.00,236.00,213.50,216.00,-20.50,"7,018",
111/03/21,"3,839,491","841,092,684",217.00,222.00,217.00,219.00,+3.00,"4,883",
111/03/22,"3,120,368","676,778,838",218.00,224.00,213.50,217.50,-1.50,"2,673",
111/03/23,"2,479,002","536,716,133",217.50,220.00,213.50,216.50,-1.00,"2,259",
111/03/24,"2,436,989","525,265,949",216.50,217.50,213.50,215.50,-1.00,"4,500",
111/03/25,"4,958,204","1,023,462,501",214.00,215.00,203.00,203.00,-12.50,"5,751",
111/03/28,"5,314,386","1,069,201,080",200.00,205.00,196.00,204.00,+1.00,"5,918",
111/03/29,"2,006,504","412,487,137",204.00,207.50,202.50,207.00,+3.00,"4,118",
111/03/30,"6,191,994","1,317,366,600",209.00,217.00,208.00,215.00,+8.00,"6,104",
111/03/31,"6,919,965","1,545,546,363",220.50,230.00,218.50,222.50,+7.50,"6,317",
111/04/01,"5,838,874","1,329,273,258",221.00,231.00,218.00,230.00,+7.50,"7,188",
111/04/06,"6,048,067","1,424,982,298",230.00,239.00,229.00,238.50,+8.50,"6,666",
111/04/07,"3,800,002","883,125,737",236.00,238.00,229.50,231.00,-7.50,"4,716",
111/04/08,"3,281,764","745,875,769",230.00,233.00,223.50,226.00,-5.00,"4,948",
111/04/11,"4,287,285","940,603,100",230.00,233.00,216.50,216.50,-9.50,"10,701",
111/04/12,"3,575,831","772,041,753",214.00,221.50,211.50,215.00,-1.50,"4,485",
111/04/13,"1,863,288","411,447,213",219.50,224.00,216.50,222.00,+7.00,"5,152",
111/04/14,"1,603,744","361,217,456",220.50,227.50,219.50,226.00,+4.00,"2,544",
111/04/15,"1,478,569","333,363,085",226.50,228.00,222.50,224.00,-2.00,"2,056",
111/04/18,"901,125","198,506,879",220.00,224.00,218.00,219.00,-5.00,"3,974",
111/04/19,"1,509,858","338,465,602",219.50,227.50,219.50,221.50,+2.50,"2,406",
111/04/20,"1,681,664","376,453,991",221.50,226.00,221.50,223.00,+1.50,"1,898",
111/04/21,"1,077,504","244,589,261",225.00,230.00,225.00,225.50,+2.50,"2,714",
111/04/22,"1,330,006","295,138,793",220.50,225.00,219.00,221.50,-4.00,"2,882",
111/04/25,"1,682,282","356,845,621",217.00,218.50,209.50,211.00,-10.50,"6,296",
111/04/26,"2,268,587","498,902,070",214.50,224.00,214.00,221.00,+10.00,"3,549",
111/04/27,"2,739,781","589,032,846",210.50,218.50,210.50,215.50,-5.50,"6,278",
111/04/28,"1,519,718","333,297,021",217.00,222.50,217.00,219.50,+4.00,"3,832",
111/04/29,"5,540,965","1,283,285,165",224.50,238.00,223.00,233.00,+13.50,"6,048",
111/05/03,"2,845,479","658,938,266",233.50,234.50,228.00,232.50,-0.50,"4,204",
111/05/04,"2,002,977","467,838,411",235.00,236.00,230.00,234.00,+1.50,"3,872",
111/05/05,"1,676,258","393,586,466",238.00,239.50,232.00,232.00,-2.00,"2,899",
111/05/06,"2,168,531","487,448,498",224.00,227.00,222.00,226.00,-6.00,"3,552",
111/05/09,"1,870,870","412,309,124",218.50,224.00,218.00,218.50,-7.50,"2,750",
111/05/10,"4,185,494","867,528,656",211.00,213.00,203.50,207.00,-11.50,"12,047",
111/05/11,"5,707,473","1,235,760,484",207.00,222.00,207.00,219.00,+12.00,"6,231",
111/05/12,"3,852,580","861,020,574",215.00,228.00,215.00,223.50,+4.50,"3,068",
111/05/13,"4,915,914","1,137,629,967",227.50,236.50,221.00,234.50,+11.00,"4,736",
111/05/16,"2,993,569","706,627,717",238.50,239.00,233.50,235.50,+1.00,"3,733",
111/05/17,"3,824,032","871,885,245",232.50,234.00,225.00,225.50,-10.00,"15,308",
111/05/18,"2,180,999","500,446,515",226.50,231.50,226.50,230.00,+4.50,"2,780",
111/05/19,"2,936,416","668,925,993",225.00,234.50,223.00,225.00,-5.00,"4,538",
111/05/20,"2,353,774","520,783,202",226.00,226.50,218.50,218.50,-6.50,"4,904",
111/05/23,"2,351,918","507,964,686",221.50,221.50,213.00,213.50,-5.00,"2,163",
111/05/24,"2,152,577","460,974,645",215.50,217.50,211.00,211.00,-2.50,"1,683",
111/05/25,"2,339,794","495,901,454",211.00,215.00,208.00,213.00,+2.00,"1,915",
111/05/26,"4,059,739","852,149,034",214.00,218.00,206.00,206.00,-7.00,"3,731",
111/05/27,"2,639,336","550,636,178",212.00,212.00,206.50,208.00,+2.00,"2,606",
111/05/30,"4,023,567","880,607,402",210.00,224.00,210.00,217.50,+9.50,"3,440",
111/05/31,"5,975,104","1,362,411,972",220.00,232.00,218.00,232.00,+14.50,"4,320",
111/06/01,"2,406,371","547,877,800",228.00,233.00,225.50,225.50,-6.50,"5,273",
111/06/02,"1,637,406","370,431,839",224.00,228.50,222.00,226.00,+0.50,"1,757",
111/06/06,"2,228,234","488,430,827",221.00,221.50,215.00,219.50,-6.50,"4,736",
111/06/07,"2,686,056","594,904,289",217.00,225.00,216.00,223.50,+4.00,"4,959",
111/06/08,"4,058,341","928,037,183",228.50,233.00,226.00,228.50,+5.00,"5,022",
111/06/09,"3,989,006","925,254,735",226.50,234.00,226.50,234.00,+5.50,"2,993",
111/06/10,"5,457,043","1,305,436,515",231.00,245.00,228.50,242.00,+8.00,"7,143",
111/06/13,"3,574,472","850,352,781",236.00,241.50,235.00,236.00,-6.00,"3,807",
111/06/14,"4,152,134","991,660,025",236.50,244.00,235.00,238.00,+2.00,"6,171",
111/06/15,"4,153,147","999,124,291",240.00,244.00,238.00,240.00,+2.00,"7,501",
111/06/16,"6,763,398","1,672,909,100",245.00,254.00,242.00,242.50,+2.50,"11,566",
111/06/17,"4,536,706","1,050,392,022",238.50,240.00,227.00,227.50,-15.00,"8,339",
111/06/20,"4,548,432","1,065,830,436",228.50,238.00,228.00,233.50,+6.00,"4,959",
111/06/21,"5,479,840","1,350,017,374",236.00,252.00,235.50,252.00,+18.50,"4,867",
111/06/22,"3,593,414","886,279,310",248.00,253.00,240.00,245.00,-7.00,"6,958",
111/06/23,"3,698,962","897,311,794",249.00,249.00,238.00,240.00,-5.00,"8,725",
111/06/24,"2,545,073","619,163,363",244.50,247.50,239.00,242.50,+2.50,"5,754",
111/06/27,"3,101,044","767,796,629",246.00,251.00,243.00,245.50,+3.00,"6,746",
111/06/28,"1,776,573","432,023,648",245.50,248.50,239.50,240.50,-5.00,"7,516",
111/06/29,"2,122,750","513,999,960",238.50,244.50,237.00,243.50,+3.00,"4,384",
111/06/30,"2,885,491","690,490,495",241.00,243.00,235.50,238.50,-5.00,"5,931",
111/07/01,"4,423,118","974,305,090",234.00,235.50,215.00,215.00,-23.50,"10,582",
111/07/04,"5,394,485","1,103,038,557",210.50,214.50,199.50,204.00,-11.00,"7,462",
111/07/05,"6,295,586","1,325,036,171",208.00,214.00,205.50,213.00,+9.00,"8,065",
111/07/06,"3,847,642","811,626,489",212.00,217.50,207.50,208.00,-5.00,"6,570",
111/07/07,"6,212,862","1,358,732,304",214.00,225.00,213.00,222.00,+14.00,"6,313",
111/07/08,"3,807,559","879,183,577",228.50,235.00,227.00,230.00,+8.00,"9,631",
111/07/11,"2,937,705","663,638,629",232.50,234.00,220.50,222.00,-8.00,"6,891",
111/07/12,"2,898,664","612,689,428",219.00,219.00,208.00,211.50,-10.50,"7,467",
111/07/13,"3,954,742","905,981,163",219.00,232.50,219.00,232.50,+21.00,"3,441",
111/07/14,"8,276,195","1,997,565,807",226.00,252.50,223.50,249.00,+16.50,"9,150",
111/07/15,"10,260,044","2,544,386,546",243.00,253.00,243.00,247.00,-2.00,"9,513",
111/07/18,"8,049,948","2,080,161,320",249.50,265.00,249.50,265.00,+18.00,"10,216",
111/07/19,"3,532,925","915,124,700",260.00,262.00,256.00,260.00,-5.00,"4,688",
111/07/20,"7,090,284","1,807,933,308",260.50,265.00,251.00,253.50,-6.50,"20,589",
111/07/21,"4,057,676","1,024,470,560",256.00,259.00,249.00,250.50,-3.00,"7,157",
111/07/22,"3,198,401","793,866,077",250.00,253.00,245.50,248.00,-2.50,"6,649",
111/07/25,"2,696,863","674,517,868",244.00,252.50,244.00,249.50,+1.50,"3,807",
111/07/26,"1,537,076","377,426,651",247.00,248.50,243.00,245.00,-4.50,"3,965",
111/07/27,"1,885,628","463,233,599",244.00,247.50,242.50,247.00,+2.00,"4,610",
111/07/28,"3,403,225","849,542,448",251.00,254.50,244.00,248.00,+1.00,"6,330",
111/07/29,"3,459,820","865,554,389",254.50,257.00,246.00,248.00, 0.00,"5,258",
111/08/01,"4,546,265","1,151,761,388",248.50,257.50,243.50,253.00,+5.00,"8,435",
111/08/02,"5,610,741","1,434,300,009",249.00,258.50,248.50,255.00,+2.00,"4,500",
111/08/03,"3,085,816","789,173,864",257.50,261.50,252.00,253.00,-2.00,"2,613",
111/08/04,"4,746,056","1,213,339,645",253.00,260.50,250.00,253.50,X0.00,"3,727",
111/08/05,"4,175,187","1,080,201,009",258.00,262.00,255.00,257.50,+4.00,"7,760",
111/08/08,"3,863,909","1,014,760,485",257.50,267.50,256.00,261.50,+4.00,"8,368",
111/08/09,"11,195,096","3,087,388,107",261.50,286.50,259.50,280.00,+18.50,"10,922",
111/08/10,"7,450,276","2,070,642,392",277.50,283.00,273.50,280.00, 0.00,"9,482",
111/08/11,"9,148,133","2,523,002,412",285.50,287.00,268.00,278.50,-1.50,"17,253",
111/08/12,"5,690,162","1,568,335,890",278.50,278.50,271.50,276.50,-2.00,"7,336",
111/08/15,"3,306,971","920,134,490",277.00,283.00,272.50,279.00,+2.50,"2,862",
111/08/16,"3,576,913","999,518,612",279.00,283.00,275.00,279.50,+0.50,"3,290",
111/08/17,"3,922,506","1,104,335,951",279.00,285.00,277.00,284.50,+5.00,"3,692",
111/08/18,"3,809,155","1,082,990,174",280.50,286.50,280.50,285.50,+1.00,"3,381",
111/08/19,"5,618,409","1,610,048,470",287.00,295.00,281.50,283.00,-2.50,"7,197",
111/08/22,"3,675,050","1,019,296,097",278.00,281.00,273.00,276.50,-6.50,"3,554",
111/08/23,"3,065,196","845,104,279",271.00,279.00,270.50,275.50,-1.00,"16,472",
111/08/24,"1,937,917","532,685,632",276.00,278.50,272.00,273.50,-2.00,"2,214",
111/08/25,"3,591,792","1,021,774,352",276.00,289.00,276.00,287.50,+14.00,"3,417",
111/08/26,"3,319,066","951,491,391",288.00,291.00,283.00,285.50,-2.00,"3,699",
111/08/29,"1,681,203","464,533,313",276.00,280.00,272.00,276.00,-9.50,"3,948",
111/08/30,"3,082,298","880,692,187",276.50,290.00,276.50,286.50,+10.50,"2,831",
111/08/31,"3,575,786","1,009,232,939",282.00,287.00,278.00,283.50,-3.00,"9,317",
111/09/01,"8,739,850","2,318,213,942",272.50,274.50,256.00,266.00,-17.50,"16,191",
111/09/02,"6,560,706","1,715,226,826",261.00,264.50,257.00,262.00,-4.00,"5,236",
111/09/05,"3,528,156","933,389,896",264.00,269.50,261.00,263.50,+1.50,"3,333",
111/09/06,"2,684,486","708,704,838",266.50,271.00,258.50,262.00,-1.50,"3,328",
111/09/07,"3,812,330","1,003,930,723",259.50,268.00,258.00,264.00,+2.00,"3,957",
111/09/08,"4,032,531","1,089,023,554",268.00,273.00,265.00,270.50,+6.50,"3,579",
111/09/12,"5,614,171","1,598,583,033",280.00,288.50,278.00,284.50,+14.00,"4,593",
111/09/13,"3,019,695","849,702,646",289.00,289.00,278.50,280.00,-4.50,"5,472",
111/09/14,"3,744,141","1,063,331,633",272.50,288.00,272.50,286.50,+6.50,"4,034",
111/09/15,"3,388,726","968,929,975",286.50,289.50,281.50,284.50,-2.00,"3,695",
111/09/16,"3,043,803","865,103,771",280.50,286.50,280.50,284.00,-0.50,"3,056",
111/09/19,"2,217,144","622,945,830",284.50,284.50,276.50,281.00,-3.00,"1,923",
111/09/20,"4,021,945","1,160,081,149",285.00,291.50,282.00,290.50,+9.50,"3,599",
111/09/21,"2,133,592","605,875,522",288.00,288.50,281.50,282.50,-8.00,"3,206",
111/09/22,"3,856,786","1,104,131,440",278.50,290.00,278.00,287.00,+4.50,"3,006",
111/09/23,"2,883,258","817,614,369",287.00,289.50,278.50,282.50,-4.50,"2,778",
111/09/26,"3,195,953","876,435,734",279.00,279.00,269.00,274.00,-8.50,"4,745",
111/09/27,"2,928,524","816,982,774",279.00,283.00,273.50,279.50,+5.50,"2,684",
111/09/28,"4,046,994","1,086,262,314",284.00,284.00,262.00,262.00,-17.50,"11,100",
111/09/29,"4,341,832","1,182,275,118",270.00,275.00,269.50,272.00,+10.00,"4,234",
111/09/30,"2,759,946","743,146,021",266.00,274.50,262.50,272.50,+0.50,"4,749",
111/10/03,"2,437,514","650,692,231",267.00,271.50,263.00,266.50,-6.00,"4,809",
111/10/04,"4,258,755","1,197,901,189",276.00,284.00,276.00,283.00,+16.50,"3,747",
111/10/05,"4,901,259","1,410,732,173",286.00,291.00,284.00,285.00,+2.00,"3,305",
111/10/06,"2,545,442","733,035,504",287.00,290.00,283.50,289.00,+4.00,"2,423",
111/10/07,"4,397,311","1,263,337,528",287.50,292.00,283.00,286.00,-3.00,"7,600",
111/10/11,"4,186,833","1,146,226,171",278.50,283.00,268.00,270.50,-15.50,"11,990",
111/10/12,"4,078,772","1,080,251,488",271.50,271.50,259.00,266.50,-4.00,"10,295",
111/10/13,"3,001,959","774,503,453",266.50,268.50,252.00,254.50,-12.00,"11,198",
111/10/14,"4,385,659","1,113,267,289",261.00,262.50,247.00,247.50,-7.00,"4,026",
111/10/17,"5,540,059","1,346,847,072",243.00,250.00,237.50,243.50,-4.00,"4,423",
111/10/18,"3,034,343","754,910,841",249.00,252.00,245.00,249.00,+5.50,"2,551",
111/10/19,"2,658,235","648,561,721",247.00,248.50,241.50,241.50,-7.50,"2,568",
111/10/20,"5,232,304","1,215,364,036",234.00,235.50,229.00,233.00,-8.50,"3,605",
111/10/21,"5,845,609","1,332,705,957",227.50,232.50,225.00,225.00,-8.00,"4,640",
111/10/24,"3,313,297","754,242,032",230.00,231.50,224.00,225.50,+0.50,"3,431",
111/10/25,"3,528,295","782,748,230",222.50,225.00,218.00,221.00,-4.50,"2,710",
111/10/26,"8,487,090","1,801,472,052",220.00,220.00,207.00,215.50,-5.50,"6,000",
111/10/27,"10,857,129","2,506,121,078",228.00,236.50,223.00,233.00,+17.50,"7,245",
111/10/28,"3,929,369","929,629,713",231.00,239.50,231.00,237.00,+4.00,"3,762",
111/10/31,"3,871,492","939,871,843",240.50,245.50,239.50,243.00,+6.00,"3,839",
111/11/01,"1,994,618","485,544,870",240.50,248.00,240.00,244.00,+1.00,"2,735",
111/11/02,"1,650,230","399,280,894",244.00,245.50,239.00,242.50,-1.50,"2,230",
111/11/03,"2,184,500","536,348,258",238.50,249.00,237.00,247.50,+5.00,"1,853",
111/11/04,"1,831,764","454,204,271",244.00,252.00,243.50,250.00,+2.50,"1,807",
111/11/07,"2,954,150","734,507,468",249.00,251.50,245.00,249.50,-0.50,"3,187",
111/11/08,"1,937,133","487,672,162",252.00,255.00,248.00,249.00,-0.50,"2,044",
111/11/09,"2,091,478","531,028,828",253.00,256.00,251.50,254.00,+5.00,"2,590",
111/11/10,"4,180,064","1,022,134,290",250.00,251.00,239.50,245.00,-9.00,"8,112",
111/11/11,"4,114,597","1,069,567,698",260.00,263.00,255.00,261.50,+16.50,"3,404",
111/11/14,"3,280,683","838,414,668",262.50,262.50,253.00,254.00,-7.50,"3,623",
111/11/15,"2,154,046","550,128,779",256.50,258.00,252.00,256.50,+2.50,"1,827",
111/11/16,"2,698,844","701,245,514",259.50,262.50,255.50,261.00,+4.50,"2,421",
111/11/17,"1,974,977","516,726,666",264.00,266.00,258.50,259.00,-2.00,"1,730",
111/11/18,"2,134,312","555,902,810",261.00,263.50,257.00,259.50,+0.50,"1,736",
111/11/21,"2,278,187","585,235,705",255.50,260.50,252.50,256.50,-3.00,"1,903",
111/11/22,"2,026,408","525,205,629",256.50,263.00,254.00,260.50,+4.00,"1,554",
111/11/23,"1,062,945","279,072,258",262.00,264.50,261.00,262.50,+2.00,931,
111/11/24,"2,405,403","644,534,454",266.00,271.00,263.50,269.00,+6.50,"2,062",
111/11/25,"1,354,878","362,703,538",271.00,272.00,264.50,265.50,-3.50,"1,189",
111/11/28,"1,013,882","269,428,648",260.50,269.00,260.50,266.50,+1.00,994,
111/11/29,"974,109","260,686,453",268.50,270.00,266.00,268.00,+1.50,944,
111/11/30,"2,871,065","779,156,178",272.00,274.50,269.00,271.50,+3.50,"1,763",
111/12/01,"2,502,952","687,464,371",279.00,279.50,271.50,272.00,+0.50,"2,087",
111/12/02,"6,467,526","1,684,786,146",269.50,270.50,255.50,259.00,-13.00,"5,361",
111/12/05,"4,860,747","1,251,734,853",259.50,261.00,254.50,258.00,-1.00,"3,188",
111/12/06,"3,395,089","883,712,210",258.50,262.50,255.50,260.00,+2.00,"2,353",
111/12/07,"3,796,779","956,100,554",259.00,259.00,248.00,248.50,-11.50,"3,304",
111/12/08,"2,286,250","567,319,371",252.00,252.00,245.00,248.50, 0.00,"1,901",
111/12/09,"3,077,518","764,583,343",253.50,253.50,244.00,250.50,+2.00,"3,110",
111/12/12,"1,829,977","454,874,170",248.50,251.00,246.00,249.00,-1.50,"1,431",
111/12/13,"2,110,720","529,298,302",252.50,254.50,247.00,248.00,-1.00,"1,626",
111/12/14,"2,428,032","620,387,020",251.00,258.00,249.50,258.00,+10.00,"2,075",
111/12/15,"2,074,456","541,170,438",258.00,263.00,256.50,262.50,+4.50,"2,027",
111/12/16,"2,190,528","560,462,868",256.50,260.00,254.00,255.00,-7.50,"1,589",
111/12/19,"790,355","201,391,576",251.50,257.00,251.00,256.00,+1.00,738,
111/12/20,"1,745,165","437,051,757",254.00,257.50,245.50,245.50,-10.50,"1,674",
111/12/21,"1,873,281","473,144,725",249.50,255.00,249.00,253.00,+7.50,"1,525",
111/12/22,"1,165,955","297,361,192",256.00,257.50,253.00,254.00,+1.00,"1,106",
111/12/23,"4,084,703","976,758,271",247.00,248.50,233.00,237.50,-16.50,"4,063",
111/12/26,"2,276,657","535,908,629",235.00,239.00,232.00,236.50,-1.00,"2,185",
111/12/27,"1,486,730","355,430,962",239.00,240.50,237.50,238.00,+1.50,"1,400",
111/12/28,"1,756,108","412,880,513",238.00,240.00,232.50,233.50,-4.50,"1,512",
111/12/29,"1,327,742","308,130,836",230.00,234.00,230.00,232.50,-1.00,"1,372",
111/12/30,"951,849","225,426,190",235.50,239.00,234.50,234.50,+2.00,"1,124",
112/01/03,"1,553,903","374,326,358",238.00,243.00,237.50,242.00,+7.50,"1,622",
112/01/04,"1,982,277","483,266,669",243.50,246.50,241.00,244.50,+2.50,"2,693",
112/01/05,"2,398,785","593,042,923",247.00,249.00,243.50,248.50,+4.00,"2,174",
112/01/06,"4,782,624","1,215,173,269",250.00,257.50,248.50,255.50,+7.00,"4,796",
112/01/09,"6,112,690","1,508,430,168",253.00,254.00,243.00,248.00,-7.50,"7,274",
112/01/10,"4,213,122","1,070,979,110",249.50,258.50,249.00,253.00,+5.00,"3,484",
112/01/11,"2,235,529","566,912,942",254.00,257.00,251.50,253.50,+0.50,"1,709",
112/01/12,"2,098,490","533,231,146",254.00,256.00,251.50,253.00,-0.50,"1,731",
112/01/13,"2,790,485","687,422,468",256.00,256.00,243.00,243.00,-10.00,"2,561",
112/01/16,"2,014,284","496,966,549",246.00,248.00,244.00,247.50,+4.50,"1,474",
112/01/17,"1,772,928","445,117,907",247.00,253.00,247.00,252.50,+5.00,"1,556",
112/01/30,"5,448,701","1,387,080,939",262.00,262.00,250.50,251.50,-1.00,"3,658",
112/01/31,"5,733,009","1,422,873,035",252.00,257.50,243.00,243.50,-8.00,"3,980",
112/02/01,"4,523,130","1,119,193,730",248.50,251.50,245.00,247.50,+4.00,"3,398",
112/02/02,"5,289,118","1,339,791,966",252.50,257.00,250.00,255.50,+8.00,"3,761",
112/02/03,"2,267,372","579,324,008",257.50,258.00,251.50,256.50,+1.00,"1,926",
112/02/06,"1,762,621","453,906,454",256.50,259.50,253.50,257.50,+1.00,"1,651",
112/02/07,"7,520,697","2,011,402,791",260.00,273.50,259.00,273.00,+15.50,"6,155",
112/02/08,"4,881,504","1,336,629,045",275.50,277.50,270.50,274.00,+1.00,"3,030",
112/02/09,"2,667,414","729,338,766",274.50,275.50,270.50,274.00, 0.00,"2,241",
112/02/10,"3,859,262","1,050,161,193",275.00,275.50,267.50,273.50,-0.50,"4,470",
112/02/13,"1,685,637","456,430,456",272.50,273.00,268.50,271.00,-2.50,"2,398",
112/02/14,"2,715,519","747,785,209",275.00,277.00,272.00,277.00,+6.00,"2,868",
112/02/15,"2,873,254","791,745,475",274.50,279.50,273.50,274.50,-2.50,"3,643",
112/02/16,"3,174,150","891,989,054",279.00,285.00,276.00,283.50,+9.00,"2,573",
112/02/17,"5,392,072","1,537,964,961",281.50,290.00,280.50,283.00,-0.50,"4,977",
112/02/20,"3,056,729","846,126,147",283.00,283.00,274.00,276.50,-6.50,"6,938",
112/02/21,"1,585,247","437,101,705",276.50,278.50,274.00,276.50, 0.00,"1,469",
112/02/22,"3,168,127","863,522,082",272.00,276.00,268.00,276.00,-0.50,"2,438",
112/02/23,"3,418,993","954,831,021",275.00,284.50,274.50,283.50,+7.50,"2,644",
112/02/24,"3,225,453","917,868,415",284.00,288.00,279.50,283.00,-0.50,"2,418",
112/03/01,"3,386,898","962,445,139",272.00,290.00,272.00,287.50,+4.50,"5,040",
112/03/02,"2,141,201","610,972,027",288.00,291.50,283.00,284.50,-3.00,"1,822",
112/03/03,"2,493,246","714,688,196",290.00,290.00,284.00,285.50,+1.00,"1,722",
112/03/06,"6,397,552","1,937,584,848",292.00,309.00,290.50,305.50,+20.00,"5,295",
112/03/07,"7,040,317","2,167,857,001",311.00,317.50,301.50,303.50,-2.00,"9,862",
112/03/08,"3,224,573","962,774,271",301.00,302.00,295.00,300.00,-3.50,"2,934",
112/03/09,"3,388,187","1,031,750,232",303.00,306.50,302.50,305.50,+5.50,"2,862",
112/03/10,"3,807,692","1,143,849,773",299.50,308.00,297.00,298.00,-7.50,"6,533",
112/03/13,"3,312,144","982,718,066",296.00,301.00,291.50,300.50,+2.50,"3,472",
112/03/14,"4,698,545","1,369,375,925",292.00,295.00,289.50,290.50,-10.00,"5,506",
112/03/15,"5,453,737","1,655,208,602",295.00,309.00,294.50,302.00,+11.50,"4,714",
112/03/16,"5,074,202","1,501,083,435",302.00,304.50,292.00,295.50,-6.50,"10,709",
112/03/17,"4,490,528","1,333,152,049",300.50,301.00,292.50,294.50,-1.00,"3,634",
112/03/20,"2,208,032","648,303,022",297.50,298.00,291.50,294.50, 0.00,"2,218",
112/03/21,"5,750,770","1,747,562,477",297.00,308.00,297.00,304.50,+10.00,"4,522",
112/03/22,"4,783,968","1,479,972,182",306.50,312.50,304.00,309.50,+5.00,"5,426",
112/03/23,"2,077,377","647,032,711",309.00,313.50,308.00,313.00,+3.50,"2,559",
112/03/24,"3,472,759","1,093,820,783",315.00,319.00,310.00,315.50,+2.50,"4,409",
112/03/27,"3,218,064","989,132,538",317.00,317.00,304.00,305.00,-10.50,"10,086",
112/03/28,"5,492,473","1,677,047,901",308.00,312.00,301.50,305.50,+0.50,"2,781",
112/03/29,"1,846,556","566,104,045",310.00,311.00,303.50,307.00,+1.50,"1,649",
112/03/30,"4,011,015","1,246,001,849",308.50,313.00,307.00,312.00,+5.00,"2,399",
112/03/31,"5,404,522","1,710,146,582",312.00,319.00,311.00,319.00,+7.00,"2,848",
112/04/06,"7,459,507","2,357,835,339",317.00,323.50,305.50,316.50,-2.50,"5,491",
112/04/07,"3,932,799","1,226,553,244",321.50,323.50,306.50,309.00,-7.50,"3,666",
112/04/10,"3,302,303","1,012,150,301",307.50,309.00,303.50,308.50,-0.50,"2,469",
112/04/11,"4,100,394","1,274,232,295",309.50,313.50,307.50,311.50,+3.00,"2,680",
112/04/12,"3,304,963","1,032,103,050",314.00,314.00,309.50,313.00,+1.50,"2,645",
112/04/13,"4,536,562","1,384,758,175",315.50,316.50,301.50,302.50,-10.50,"3,778",
112/04/14,"3,125,031","975,582,107",305.50,316.00,304.50,315.50,+13.00,"2,994",
112/04/17,"1,968,449","616,791,600",315.50,315.50,311.50,313.00,-2.50,"2,211",
112/04/18,"2,373,324","744,203,846",314.50,316.50,308.00,313.50,+0.50,"1,946",
112/04/19,"2,449,240","780,543,788",315.50,322.50,315.50,319.50,+6.00,"3,234",
112/04/20,"4,602,016","1,398,235,963",316.00,316.00,298.00,298.50,-21.00,"5,175",
112/04/21,"3,980,937","1,173,541,833",300.00,302.00,289.00,295.50,-3.00,"2,899",
112/04/24,"1,399,102","415,982,762",293.00,300.00,291.50,298.50,+3.00,"1,338",
112/04/25,"2,630,494","761,111,719",295.00,297.50,286.50,287.50,-11.00,"2,383",
112/04/26,"3,755,467","1,093,358,600",290.00,293.50,285.00,292.50,+5.00,"2,605",
112/04/27,"3,462,238","1,005,637,864",288.50,294.50,287.00,289.00,-3.50,"2,827",
112/04/28,"2,436,502","722,752,247",293.50,299.00,291.00,299.00,+10.00,"1,777",
112/05/02,"2,460,452","736,132,932",304.50,304.50,297.00,298.00,-1.00,"2,242",
112/05/03,"3,009,267","883,261,483",293.00,296.50,288.50,295.00,-3.00,"2,384",
112/05/04,"2,239,179","664,711,064",291.50,299.50,291.50,298.00,+3.00,"1,577",
112/05/05,"5,361,083","1,551,856,604",295.50,295.50,285.50,288.50,-9.50,"3,922",
112/05/08,"2,370,380","698,362,846",290.50,297.00,290.50,295.00,+6.50,"1,695",
112/05/09,"2,241,296","657,977,337",295.00,296.00,291.50,292.50,-2.50,"1,500",
112/05/10,"2,020,920","579,074,955",288.00,289.50,283.50,286.50,-6.00,"2,079",
112/05/11,"2,287,578","645,044,613",285.00,287.00,279.50,282.00,-4.50,"2,152",
112/05/12,"2,256,792","646,448,018",284.50,288.50,281.00,288.00,+6.00,"2,736",
112/05/15,"2,102,708","603,881,824",285.00,292.50,283.50,287.50,-0.50,"2,000",
112/05/16,"2,216,544","653,160,588",292.00,296.50,290.50,295.50,+8.00,"2,083",
112/05/17,"2,018,949","597,998,300",297.00,300.00,294.00,295.50, 0.00,"1,995",
112/05/18,"2,183,418","651,130,568",299.50,301.00,296.50,296.50,+1.00,"1,764",
112/05/19,"3,115,040","907,093,112",298.00,299.50,287.50,291.00,-5.50,"3,574",
112/05/22,"2,660,860","754,209,294",289.00,289.00,281.00,284.00,-7.00,"2,817",
112/05/23,"1,433,521","412,310,193",286.50,289.00,286.00,286.00,+2.00,"1,287",
112/05/24,"1,819,894","514,768,822",287.00,287.50,281.00,283.00,-3.00,"1,775",
112/05/25,"4,416,716","1,297,839,535",287.00,298.50,283.50,295.50,+12.50,"3,253",
112/05/26,"10,731,861","3,455,188,737",313.00,325.00,310.00,325.00,+29.50,"5,746",
112/05/29,"9,468,808","3,368,803,251",357.50,357.50,346.50,357.50,+32.50,"3,005",
112/05/30,"17,296,251","6,236,458,543",374.00,378.50,346.50,354.00,-3.50,"12,533",
112/05/31,"9,987,402","3,526,990,380",358.00,364.50,343.50,353.00,-1.00,"7,189",
112/06/01,"8,853,883","3,010,191,116",347.00,347.50,336.50,342.00,-11.00,"6,469",
112/06/02,"6,963,175","2,383,466,445",335.50,348.00,333.00,343.00,+1.00,"5,001",
112/06/05,"3,186,993","1,098,470,008",341.00,348.00,339.00,345.00,+2.00,"2,574",
112/06/06,"6,825,309","2,419,989,167",347.00,359.50,345.50,354.00,+9.00,"4,846",
112/06/07,"4,111,261","1,455,797,058",357.00,358.50,349.00,355.50,+1.50,"3,356",
112/06/08,"5,280,103","1,809,483,293",349.00,352.50,339.50,339.50,-16.00,"3,801",
112/06/09,"2,938,927","1,011,667,985",343.00,349.00,341.00,343.00,+3.50,"2,398",
112/06/12,"2,379,647","829,436,778",347.50,354.50,342.00,348.50,+5.50,"2,053",
112/06/13,"4,003,823","1,433,783,920",352.00,364.00,350.00,359.00,+10.50,"3,599",
112/06/14,"3,743,175","1,371,575,835",358.50,370.00,358.50,370.00,+11.00,"2,661",
112/06/15,"5,399,056","2,041,104,164",376.00,385.00,370.00,382.00,+12.00,"4,477",
112/06/16,"7,342,959","2,674,393,989",382.00,382.00,356.50,363.00,-19.00,"6,327",
112/06/19,"2,745,116","999,724,523",360.00,367.50,355.50,364.50,+1.50,"2,153",
112/06/20,"1,951,049","700,682,246",362.50,363.50,356.00,359.00,-5.50,"1,950",
112/06/21,"2,958,577","1,051,971,215",359.00,359.00,352.00,358.00,-1.00,"2,388",
112/06/26,"4,500,583","1,547,051,022",333.00,350.50,329.00,350.00,-8.00,"3,236",
112/06/27,"2,163,240","745,543,300",345.50,350.50,341.00,341.00,-9.00,"1,911",
112/06/28,"2,368,611","814,617,472",347.50,353.00,339.00,341.00, 0.00,"2,114",
112/06/29,"2,326,451","804,273,108",343.50,348.00,342.50,347.00,+6.00,"1,882",
112/06/30,"2,041,581","709,760,942",345.00,350.50,340.50,349.00,+2.00,"1,545",
112/07/03,"5,189,079","1,908,814,769",353.00,374.00,349.50,367.50,+18.50,"4,523",
112/07/04,"2,761,304","1,026,074,777",365.50,376.00,365.50,370.50,+3.00,"2,489",
112/07/05,"2,201,135","818,568,298",368.50,376.00,364.00,371.00,+0.50,"2,133",
112/07/06,"3,186,689","1,154,408,915",361.00,368.00,358.00,361.00,-10.00,"3,395",
112/07/07,"3,910,702","1,381,474,408",349.00,359.00,348.50,351.00,-10.00,"3,255",
112/07/10,"2,153,499","767,799,483",353.00,361.50,349.00,357.50,+6.50,"1,983",
112/07/11,"2,733,594","1,009,164,691",361.00,372.50,360.00,369.50,+12.00,"2,643",
112/07/12,"6,378,626","2,460,857,966",367.00,392.50,367.00,390.00,+20.50,"6,147",
112/07/13,"6,315,013","2,598,757,511",392.00,421.50,392.00,408.50,+18.50,"6,525",
112/07/14,"4,247,528","1,692,600,915",408.50,410.00,386.00,403.00,-5.50,"5,090",
112/07/17,"3,027,375","1,198,077,875",396.00,400.00,391.50,394.50,-8.50,"3,252",
112/07/18,"2,904,094","1,144,158,730",394.00,399.00,385.00,394.00,-0.50,"2,658",
112/07/19,"3,340,024","1,293,555,407",396.00,397.50,383.00,385.50,-8.50,"3,175",
112/07/20,"2,227,442","853,206,743",380.00,385.00,380.00,384.00,-1.50,"1,990",
112/07/21,"2,965,062","1,139,364,760",376.00,390.00,373.00,389.00,+5.00,"2,620",
112/07/24,"3,101,768","1,241,584,330",387.50,406.00,387.00,401.50,+12.50,"3,221",
112/07/25,"2,414,889","966,892,519",404.00,405.50,393.00,400.00,-1.50,"2,353",
112/07/26,"1,803,715","718,548,259",401.00,408.00,393.00,394.50,-5.50,"1,982",
112/07/27,"5,153,685","1,955,660,684",393.50,398.00,368.00,382.50,-12.00,"5,267",
112/07/28,"2,722,016","1,057,797,477",382.50,394.00,378.00,390.00,+7.50,"2,640",
112/07/31,"3,953,567","1,552,010,347",396.50,410.00,380.50,382.00,-8.00,"3,657",
112/08/01,"7,729,049","3,106,890,260",420.00,420.00,388.00,394.50,+12.50,"6,516",
112/08/02,"5,620,836","2,110,223,650",385.00,387.00,366.00,366.00,X0.00,"5,478",
112/08/04,"3,105,054","1,156,848,048",367.00,380.00,361.00,369.00,+3.00,"2,863",
112/08/07,"3,412,362","1,329,991,157",378.00,397.50,373.50,390.00,+21.00,"3,389",
112/08/08,"3,149,552","1,235,992,401",403.00,403.00,385.00,388.00,-2.00,"3,561",
112/08/09,"2,383,983","919,065,065",390.00,397.50,378.50,380.00,-8.00,"2,875",
112/08/10,"2,469,195","903,117,025",375.00,377.00,361.00,366.00,-14.00,"3,038",
112/08/11,"3,641,882","1,393,717,342",376.00,388.50,375.50,384.00,+18.00,"3,534",
112/08/14,"3,227,574","1,247,895,647",383.50,396.00,375.00,385.00,+1.00,"3,286",
112/08/15,"3,216,275","1,253,694,394",396.00,399.50,381.00,384.00,-1.00,"3,393",
112/08/16,"5,508,739","2,165,343,913",395.00,398.50,385.00,398.50,+14.50,"5,014",
112/08/17,"3,885,255","1,553,826,376",398.00,404.00,392.00,403.00,+4.50,"3,456",
112/08/18,"5,288,062","2,166,966,960",405.00,420.00,398.50,411.50,+8.50,"4,779",
112/08/21,"6,711,888","2,908,712,131",418.50,452.50,411.50,452.50,+41.00,"5,925",
112/08/22,"12,972,151","6,037,496,904",464.50,481.50,442.00,473.00,+20.50,"15,042",
112/08/23,"6,467,886","3,035,077,818",465.00,475.50,465.00,468.00,-5.00,"6,050",
112/08/24,"8,284,083","4,155,202,466",481.00,514.00,477.00,514.00,+46.00,"18,346",
112/08/25,"7,682,116","3,672,031,402",489.00,500.00,466.00,472.00,-42.00,"8,103",
112/08/28,"3,850,215","1,840,677,762",472.00,486.00,466.00,480.00,+8.00,"4,078",
112/08/29,"3,823,354","1,803,903,380",475.50,481.50,463.00,473.50,-6.50,"5,158",
112/08/30,"2,829,770","1,355,021,220",480.00,484.00,474.00,477.00,+3.50,"3,007",
112/08/31,"4,101,016","1,977,938,438",480.50,492.00,478.00,478.00,+1.00,"3,206",
112/09/01,"2,962,137","1,393,351,250",483.00,483.50,462.50,470.00,-8.00,"5,514",
112/09/04,"3,091,746","1,448,499,853",478.00,478.00,463.50,470.00, 0.00,"2,852",
112/09/05,"2,977,456","1,411,988,316",470.50,481.00,469.00,472.00,+2.00,"3,033",
112/09/06,"2,067,603","981,904,485",477.00,479.00,470.00,477.00,+5.00,"1,930",
112/09/07,"2,106,418","989,926,191",472.50,473.00,466.50,470.00,-7.00,"2,427",
112/09/08,"3,069,432","1,411,101,220",464.00,465.00,455.50,460.50,-9.50,"3,274",
112/09/11,"1,890,270","858,961,111",463.00,464.50,449.00,455.00,-5.50,"2,230",
112/09/12,"2,150,738","974,043,011",453.50,458.50,443.50,452.50,-2.50,"2,314",
112/09/13,"3,754,611","1,680,715,673",448.00,454.00,441.00,454.00,+1.50,"3,377",
112/09/14,"7,889,073","3,775,886,712",452.50,488.50,452.50,482.50,+28.50,"7,326",
112/09/15,"15,239,892","7,596,604,159",480.50,504.00,480.50,503.00,+20.50,"8,581",
112/09/18,"4,228,474","2,096,578,214",495.00,502.00,491.00,493.50,-9.50,"3,797",
112/09/19,"6,983,086","3,580,199,011",494.50,534.00,492.00,503.00,+9.50,"8,826",
112/09/20,"7,742,875","3,708,435,248",499.50,500.00,468.50,472.00,-31.00,"7,995",
112/09/21,"7,526,138","3,437,551,079",463.00,468.50,451.50,453.50,-18.50,"7,002",
112/09/22,"4,546,293","2,085,887,657",448.00,468.00,445.00,463.50,+10.00,"4,092",
112/09/25,"5,994,790","2,909,358,372",475.00,493.50,474.00,481.50,+18.00,"5,252",
112/09/26,"3,664,363","1,786,855,472",477.50,491.50,477.00,486.50,+5.00,"3,523",
112/09/27,"3,853,487","1,862,159,959",480.00,490.50,472.00,486.50, 0.00,"3,878",
112/09/28,"5,320,246","2,608,041,933",484.50,497.00,481.50,493.00,+6.50,"3,896",
112/10/02,"3,662,644","1,843,237,904",496.00,513.00,496.00,500.00,+7.00,"5,057",
112/10/03,"3,347,542","1,631,266,417",495.50,499.50,481.50,482.00,-18.00,"3,819",
112/10/04,"4,736,891","2,263,606,433",476.00,491.50,466.00,490.50,+8.50,"4,368",
112/10/05,"7,138,734","3,652,119,808",505.00,521.00,498.00,516.00,+25.50,"7,176",
112/10/06,"3,834,233","1,998,350,236",515.00,527.00,510.00,522.00,+6.00,"4,056",
112/10/11,"6,915,141","3,747,099,838",542.00,552.00,532.00,536.00,+14.00,"6,706",
112/10/12,"3,740,133","1,980,434,804",534.00,540.00,523.00,530.00,-6.00,"4,391",
112/10/13,"4,496,815","2,448,713,668",535.00,551.00,531.00,545.00,+15.00,"4,358",
112/10/16,"2,187,543","1,173,397,535",540.00,548.00,528.00,534.00,-11.00,"4,032",
112/10/17,"2,780,722","1,473,271,504",540.00,542.00,523.00,526.00,-8.00,"2,834",
112/10/18,"8,737,615","4,289,295,581",495.00,511.00,481.00,484.00,-42.00,"8,806",
112/10/19,"6,946,967","3,435,007,265",477.00,500.00,477.00,496.00,+12.00,"6,007",
112/10/20,"3,096,953","1,548,317,293",486.00,507.00,486.00,507.00,+11.00,"3,004",
112/10/23,"2,442,124","1,229,788,392",511.00,514.00,498.50,500.00,-7.00,"2,427",
112/10/24,"3,502,705","1,755,275,608",504.00,511.00,490.00,511.00,+11.00,"3,191",
112/10/25,"2,089,228","1,065,296,600",511.00,517.00,505.00,506.00,-5.00,"2,258",
112/10/26,"2,248,719","1,119,096,913",494.50,508.00,491.00,491.00,-15.00,"2,563",
112/10/27,"3,830,933","1,934,111,297",495.50,514.00,489.00,511.00,+20.00,"3,383",
112/10/30,"1,528,633","779,638,643",513.00,517.00,505.00,507.00,-4.00,"1,699",
112/10/31,"4,352,071","2,238,619,611",515.00,528.00,497.50,498.50,-8.50,"4,403",
112/11/01,"4,185,538","2,083,621,495",508.00,508.00,492.50,497.50,-1.00,"3,506",
112/11/02,"2,938,674","1,505,591,137",504.00,522.00,503.00,511.00,+13.50,"2,743",
112/11/03,"4,908,653","2,613,662,726",522.00,539.00,512.00,536.00,+25.00,"4,949",
112/11/06,"2,318,159","1,249,926,767",540.00,545.00,534.00,535.00,-1.00,"2,837",
112/11/07,"2,661,757","1,449,648,317",534.00,550.00,526.00,550.00,+15.00,"2,889",
112/11/08,"2,457,621","1,361,340,360",547.00,562.00,546.00,554.00,+4.00,"2,741",
112/11/09,"1,870,719","1,035,176,840",552.00,560.00,546.00,554.00, 0.00,"2,082",
112/11/10,"2,723,725","1,493,436,746",554.00,558.00,540.00,545.00,-9.00,"3,697",
112/11/13,"4,401,871","2,363,154,394",540.00,549.00,530.00,533.00,-12.00,"6,933",
112/11/14,"3,711,320","1,971,231,317",541.00,543.00,524.00,524.00,-9.00,"3,435",
112/11/15,"5,370,048","2,916,755,227",538.00,556.00,533.00,534.00,+10.00,"4,861",
112/11/16,"3,486,345","1,843,522,716",534.00,542.00,523.00,525.00,-9.00,"3,186",
112/11/17,"2,161,568","1,153,630,319",525.00,542.00,523.00,532.00,+7.00,"2,237",
112/11/20,"5,005,067","2,769,074,561",542.00,560.00,536.00,555.00,+23.00,"4,783",
112/11/21,"4,555,954","2,579,720,154",556.00,576.00,556.00,560.00,+5.00,"4,628",
112/11/22,"2,376,796","1,324,367,068",560.00,566.00,548.00,562.00,+2.00,"2,465",
112/11/23,"2,215,174","1,224,144,358",564.00,564.00,546.00,549.00,-13.00,"2,959",
112/11/24,"1,807,474","979,666,390",551.00,551.00,539.00,540.00,-9.00,"2,218",
112/11/27,"1,968,419","1,048,133,043",540.00,547.00,527.00,527.00,-13.00,"2,587",
112/11/28,"2,991,266","1,599,364,216",525.00,543.00,522.00,538.00,+11.00,"2,787",
112/11/29,"3,126,532","1,693,507,009",537.00,554.00,533.00,538.00, 0.00,"3,112",
112/11/30,"4,605,262","2,451,219,419",541.00,541.00,526.00,533.00,-5.00,"3,623",
112/12/01,"1,694,746","909,053,629",528.00,543.00,528.00,536.00,+3.00,"1,810",
112/12/04,"4,177,752","2,180,826,771",536.00,536.00,515.00,521.00,-15.00,"5,083",
112/12/05,"2,710,646","1,425,682,077",525.00,531.00,520.00,527.00,+6.00,"2,498",
112/12/06,"2,425,778","1,293,646,791",532.00,537.00,528.00,534.00,+7.00,"2,273",
112/12/07,"1,666,745","879,807,807",539.00,539.00,524.00,528.00,-6.00,"1,830",
112/12/08,"1,805,968","967,662,878",536.00,540.00,532.00,532.00,+4.00,"1,755",
112/12/11,"2,612,205","1,389,999,410",532.00,538.00,526.00,533.00,+1.00,"2,262",
112/12/12,"3,581,020","1,905,301,476",543.00,549.00,525.00,526.00,-7.00,"3,349",
112/12/13,"5,336,822","2,790,162,298",526.00,535.00,516.00,533.00,+7.00,"5,287",
112/12/14,"3,206,084","1,712,119,221",539.00,545.00,526.00,530.00,-3.00,"3,071",
112/12/15,"5,810,727","2,981,232,878",527.00,532.00,506.00,506.00,-24.00,"6,823",
112/12/18,"3,322,499","1,692,073,697",502.00,516.00,498.00,514.00,+8.00,"2,950",
112/12/19,"1,816,652","931,294,884",510.00,517.00,507.00,512.00,-2.00,"1,775",
112/12/20,"7,179,726","3,558,411,690",511.00,511.00,486.50,496.00,-16.00,"8,163",
112/12/21,"4,727,658","2,311,127,170",483.50,495.50,483.50,488.50,-7.50,"4,963",
112/12/22,"2,654,261","1,309,795,466",490.50,504.00,488.50,489.50,+1.00,"2,768",
112/12/25,"1,330,614","662,361,337",495.00,501.00,494.50,498.00,+8.50,"1,555",
112/12/26,"2,373,282","1,203,494,355",500.00,511.00,496.50,510.00,+12.00,"2,583",
112/12/27,"2,826,930","1,460,292,679",510.00,521.00,510.00,519.00,+9.00,"2,754",
112/12/28,"2,689,634","1,407,041,183",520.00,527.00,519.00,523.00,+4.00,"2,592",
112/12/29,"1,513,002","786,107,754",523.00,526.00,514.00,523.00, 0.00,"1,731",
113/01/02,"3,136,639","1,570,259,629",525.00,525.00,492.50,493.50,-29.50,"4,276",
113/01/03,"4,015,096","1,957,640,468",486.00,494.50,481.00,490.00,-3.50,"4,083",
113/01/04,"1,613,858","792,569,707",491.00,496.00,488.00,491.00,+1.00,"1,621",
113/01/05,"2,495,974","1,232,589,060",491.00,502.00,486.50,486.50,-4.50,"2,514",
113/01/08,"2,073,770","1,027,751,797",492.00,499.50,489.50,496.50,+10.00,"2,141",
113/01/09,"4,460,587","2,300,638,540",508.00,522.00,508.00,516.00,+19.50,"4,258",
113/01/10,"1,382,870","705,419,561",511.00,518.00,506.00,508.00,-8.00,"1,584",
113/01/11,"2,652,282","1,374,173,777",518.00,524.00,509.00,520.00,+12.00,"2,851",
113/01/12,"2,390,089","1,220,912,678",513.00,517.00,505.00,510.00,-10.00,"3,352",
113/01/15,"1,905,160","983,333,014",522.00,522.00,508.00,516.00,+6.00,"2,985",
113/01/16,"1,445,884","740,665,163",511.00,518.00,509.00,513.00,-3.00,"1,532",
113/01/17,"2,564,998","1,307,016,247",506.00,515.00,506.00,509.00,-4.00,"2,056",
113/01/18,"2,153,614","1,089,438,049",510.00,514.00,502.00,504.00,-5.00,"1,680",
113/01/19,"1,942,377","998,869,160",510.00,520.00,506.00,517.00,+13.00,"2,100",
113/01/22,"3,970,319","2,130,609,619",528.00,543.00,519.00,542.00,+25.00,"4,622",
113/01/23,"2,767,511","1,461,370,341",539.00,541.00,522.00,522.00,-20.00,"3,030",
113/01/24,"1,839,402","959,575,703",520.00,526.00,516.00,522.00, 0.00,"1,713",
113/01/25,"1,848,091","958,549,117",521.00,530.00,513.00,513.00,-9.00,"2,483",
113/01/26,"1,104,240","566,321,391",512.00,516.00,509.00,510.00,-3.00,"1,364",
113/01/29,"1,299,603","673,579,270",510.00,524.00,508.00,519.00,+9.00,"1,414",
113/01/30,"2,338,352","1,206,700,263",519.00,522.00,511.00,515.00,-4.00,"2,124",
113/01/31,"2,361,768","1,247,930,910",516.00,533.00,514.00,529.00,+14.00,"2,782",
113/02/01,"2,662,752","1,434,203,367",533.00,544.00,529.00,542.00,+13.00,"3,184",
113/02/02,"3,589,295","1,993,265,812",548.00,564.00,542.00,562.00,+20.00,"4,167",
113/02/05,"2,841,038","1,550,368,794",553.00,559.00,536.00,548.00,-14.00,"4,516",
113/02/15,"12,182,567","6,301,254,444",530.00,539.00,498.00,539.00,-9.00,"10,894",
113/02/16,"3,807,147","2,102,033,530",539.00,558.00,539.00,558.00,+19.00,"4,096",
113/02/19,"3,841,425","2,166,489,688",561.00,570.00,554.00,564.00,+6.00,"3,924",
113/02/20,"3,315,023","1,887,292,677",561.00,580.00,559.00,569.00,+5.00,"3,948",
113/02/21,"2,987,196","1,638,717,484",555.00,561.00,542.00,547.00,-22.00,"4,208",
113/02/22,"4,347,276","2,328,747,230",550.00,555.00,526.00,535.00,-12.00,"4,983",
113/02/23,"3,028,269","1,629,757,016",545.00,550.00,531.00,532.00,-3.00,"2,941",
113/02/26,"6,298,390","3,278,955,327",535.00,544.00,514.00,520.00,-12.00,"6,110",
113/02/27,"6,291,991","3,170,976,229",515.00,518.00,500.00,502.00,-18.00,"7,489",
113/02/29,"5,187,190","2,632,545,872",505.00,519.00,498.00,519.00,+17.00,"4,262",
113/03/01,"2,979,475","1,511,002,708",510.00,512.00,504.00,504.00,-15.00,"4,315",
113/03/04,"2,158,331","1,103,073,030",509.00,516.00,508.00,508.00,+4.00,"2,646",
113/03/05,"3,302,461","1,697,355,551",509.00,520.00,505.00,514.00,+6.00,"3,316",
113/03/06,"2,523,374","1,294,096,989",509.00,517.00,503.00,515.00,+1.00,"2,610",
113/03/07,"4,367,994","2,237,285,763",511.00,529.00,504.00,507.00,-8.00,"4,059",
113/03/08,"8,924,138","4,424,795,116",515.00,517.00,484.50,491.00,-16.00,"9,257",
113/03/11,"5,163,625","2,518,108,782",485.00,496.50,476.50,491.00, 0.00,"4,753",
113/03/12,"8,278,451","3,936,318,458",478.00,486.50,468.00,475.50,-15.50,"10,314",
113/03/13,"6,053,959","2,822,943,611",472.00,475.50,462.00,465.00,-10.50,"7,325",
113/03/14,"5,475,272","2,551,683,354",467.00,473.50,460.00,465.50,+0.50,"4,014",
113/03/15,"5,496,297","2,504,829,898",459.00,465.00,450.50,454.00,-11.50,"5,585",
113/03/18,"5,031,196","2,303,632,334",458.00,468.00,453.00,457.50,+3.50,"5,121",
113/03/19,"3,870,783","1,742,691,057",455.50,459.00,444.00,444.00,-13.50,"5,187",
113/03/20,"7,309,258","3,229,346,022",446.00,453.00,437.50,437.50,-6.50,"7,374",
113/03/21,"7,505,117","3,423,768,035",445.50,464.50,444.00,459.00,+21.50,"6,860",
113/03/22,"7,371,698","3,530,782,290",468.00,484.00,465.00,481.00,+22.00,"7,022",
113/03/25,"2,740,643","1,305,397,211",486.00,486.00,471.00,475.00,-6.00,"3,816",
113/03/26,"3,198,396","1,500,711,403",480.00,480.00,463.50,465.50,-9.50,"3,722",
113/03/27,"3,158,230","1,442,406,109",460.00,466.50,452.00,453.00,-12.50,"3,943",
113/03/28,"2,384,149","1,089,788,154",451.00,462.00,448.00,458.50,+5.50,"2,526",
113/03/29,"1,467,629","678,353,642",458.50,466.00,458.00,463.00,+4.50,"1,709",
113/04/01,"2,128,143","983,534,588",465.50,470.00,458.00,460.50,-2.50,"2,406",
113/04/02,"2,645,137","1,212,878,461",466.00,471.00,451.50,456.00,-4.50,"3,067",
113/04/03,"2,226,258","1,017,274,710",454.50,463.50,449.00,461.00,+5.00,"2,288",
113/04/08,"3,018,234","1,413,363,406",457.00,477.00,457.00,466.00,+5.00,"3,675",
113/04/09,"3,704,127","1,756,979,924",498.00,498.00,462.50,465.00,-1.00,"4,113",
113/04/10,"3,022,767","1,443,313,551",468.50,482.50,466.00,476.00,+11.00,"3,633",
113/04/11,"3,147,584","1,503,739,898",476.00,484.00,472.50,473.00,-3.00,"3,520",
113/04/12,"4,531,880","2,085,032,080",468.50,471.50,456.00,456.00,-17.00,"5,267",
113/04/15,"4,911,960","2,156,122,488",450.00,451.50,431.00,431.00,-25.00,"6,993",
113/04/16,"4,415,313","1,856,303,779",431.00,431.00,415.50,416.50,-14.50,"5,352",
113/04/17,"4,283,937","1,763,708,376",409.50,420.00,407.50,408.00,-8.50,"5,937",
113/04/18,"3,816,125","1,547,641,265",404.50,412.00,401.50,409.00,+1.00,"4,453",
113/04/19,"4,608,298","1,839,847,250",402.00,406.50,387.00,401.00,-8.00,"5,258",
113/04/22,"3,323,592","1,290,878,910",395.50,399.50,383.00,384.50,-16.50,"4,320",
113/04/23,"6,595,342","2,669,533,470",397.00,410.50,394.00,405.00,+20.50,"5,364",
113/04/24,"4,101,715","1,704,367,337",425.50,427.00,408.00,412.00,+7.00,"4,097",
113/04/25,"2,400,974","978,040,606",410.00,415.00,401.00,401.00,-11.00,"2,978",
113/04/26,"5,021,390","2,123,287,775",405.00,432.00,405.00,428.00,+27.00,"4,748",
113/04/29,"7,682,176","3,488,151,340",450.00,467.00,447.00,447.50,+19.50,"7,525",
113/04/30,"6,150,678","2,868,835,592",448.00,482.00,448.00,461.50,+14.00,"7,253",
113/05/02,"4,963,458","2,323,865,528",456.00,478.00,452.00,469.00,+7.50,"5,027",
113/05/03,"7,370,581","3,315,426,603",470.00,470.50,435.50,442.50,-26.50,"7,683",
113/05/06,"3,748,237","1,713,814,250",450.00,464.50,446.00,458.50,+16.00,"4,146",
113/05/07,"3,617,548","1,614,508,683",458.00,460.00,440.00,446.00,-12.50,"3,961",
113/05/08,"3,760,072","1,668,621,724",446.00,455.00,438.00,445.00,-1.00,"3,450",
113/05/09,"2,922,848","1,313,154,311",443.50,454.50,442.00,444.00,-1.00,"3,067",
113/05/10,"6,469,378","3,008,330,321",455.00,475.00,454.50,461.50,+17.50,"6,398",
113/05/13,"2,934,760","1,338,307,570",461.50,463.00,450.00,454.00,-7.50,"3,413",
113/05/14,"3,312,484","1,549,838,762",462.50,472.00,462.50,470.00,+16.00,"3,671",
113/05/15,"2,040,752","958,460,861",468.50,474.00,461.50,469.50,-0.50,"2,617",
113/05/16,"9,267,355","4,574,780,176",485.00,504.00,484.50,494.50,+25.00,"9,052",
113/05/17,"4,857,838","2,428,846,330",493.50,505.00,489.00,499.50,+5.00,"4,788",
113/05/20,"3,265,999","1,637,803,760",500.00,506.00,496.50,504.00,+4.50,"3,052",
113/05/21,"3,027,080","1,515,556,670",504.00,505.00,495.00,500.00,-4.00,"2,794",
113/05/22,"2,396,534","1,214,133,669",498.00,512.00,498.00,506.00,+6.00,"2,635",
113/05/23,"3,452,070","1,758,558,281",506.00,515.00,500.00,510.00,+4.00,"3,215",
113/05/24,"3,691,626","1,900,409,450",510.00,526.00,506.00,512.00,+2.00,"5,025",
113/05/27,"2,430,390","1,255,959,574",513.00,523.00,511.00,514.00,+2.00,"4,383",
113/05/28,"2,551,214","1,292,584,824",515.00,518.00,502.00,502.00,-12.00,"4,888",
113/05/29,"6,585,127","3,436,142,348",497.50,535.00,493.00,527.00,+25.00,"7,274",
113/05/30,"4,510,824","2,387,094,306",520.00,536.00,517.00,525.00,-2.00,"4,835",
113/05/31,"5,720,387","2,917,497,822",524.00,529.00,504.00,504.00,-21.00,"9,323",
113/06/03,"2,686,167","1,404,764,235",520.00,530.00,511.00,525.00,+21.00,"2,852",
113/06/04,"4,877,936","2,599,213,728",525.00,537.00,525.00,535.00,+10.00,"4,852",
113/06/05,"2,991,124","1,583,742,682",531.00,539.00,522.00,528.00,-7.00,"4,136",
113/06/06,"9,393,607","5,143,089,435",554.00,560.00,534.00,544.00,+16.00,"7,670",
113/06/07,"4,920,215","2,613,016,016",540.00,540.00,522.00,532.00,-12.00,"7,684",
113/06/11,"3,961,430","2,101,307,345",545.00,548.00,524.00,529.00,-3.00,"3,512",
113/06/12,"2,951,337","1,592,046,006",526.00,548.00,525.00,536.00,+7.00,"2,889",
113/06/13,"4,228,035","2,303,040,921",547.00,554.00,537.00,543.00,+7.00,"3,512",
113/06/14,"6,356,349","3,557,360,673",581.00,581.00,546.00,556.00,+13.00,"6,320",
113/06/17,"2,272,209","1,236,347,956",557.00,559.00,539.00,543.00,-13.00,"3,282",
113/06/18,"1,334,394","724,590,384",543.00,549.00,536.00,545.00,+2.00,"1,618",
113/06/19,"1,977,683","1,087,241,247",550.00,554.00,543.00,552.00,+7.00,"2,140",
113/06/20,"1,553,948","858,544,559",552.00,558.00,548.00,553.00,+1.00,"1,716",
113/06/21,"2,941,497","1,636,672,965",551.00,563.00,549.00,555.00,+2.00,"2,732",
113/06/24,"1,431,614","778,169,460",555.00,557.00,537.00,537.00,-18.00,"2,446",
113/06/25,"2,770,273","1,458,266,242",531.00,534.00,521.00,532.00,-5.00,"3,057",
113/06/26,"1,346,964","719,442,381",528.00,540.00,526.00,535.00,+3.00,"1,544",
113/06/27,"1,329,211","710,054,877",529.00,539.00,529.00,535.00, 0.00,"1,428",
113/06/28,"3,155,486","1,750,328,678",541.00,562.00,541.00,555.00,+20.00,"3,418",
113/07/01,"2,203,571","1,219,234,912",555.00,563.00,547.00,549.00,-6.00,"2,645",
113/07/02,"1,885,147","1,030,393,129",546.00,554.00,538.00,551.00,+2.00,"2,029",
113/07/03,"1,307,900","715,554,157",552.00,556.00,543.00,543.00,-8.00,"1,582",
113/07/04,"3,587,306","2,039,910,987",554.00,574.00,550.00,571.00,+28.00,"3,932",
113/07/05,"1,836,123","1,030,181,874",569.00,570.00,557.00,557.00,-14.00,"3,367",
113/07/08,"2,772,627","1,549,920,034",557.00,565.00,547.00,563.00,+6.00,"2,516",
113/07/09,"2,014,456","1,135,604,265",560.00,570.00,559.00,567.00,+4.00,"2,112",
113/07/10,"1,580,257","903,819,917",570.00,576.00,564.00,575.00,+8.00,"2,034",
113/07/11,"2,270,485","1,311,858,798",576.00,583.00,573.00,578.00,+3.00,"2,087",
113/07/12,"2,964,456","1,701,103,680",578.00,588.00,566.00,571.00,-7.00,"2,639",
113/07/15,"3,574,143","1,955,939,736",571.00,571.00,539.00,542.00,-29.00,"4,773",
113/07/16,"2,111,320","1,143,639,990",542.00,548.00,535.00,544.00,+2.00,"2,262",
113/07/17,"2,184,187","1,158,614,682",540.00,545.00,523.00,526.00,-18.00,"3,487",
113/07/18,"4,516,090","2,267,467,803",515.00,515.00,497.00,503.00,-23.00,"5,550",
113/07/19,"3,876,472","1,967,371,179",501.00,523.00,495.00,521.00,+18.00,"4,092",
113/07/22,"3,919,908","2,001,579,583",516.00,528.00,501.00,511.00,-10.00,"3,549",
113/07/23,"3,523,316","1,794,709,433",518.00,522.00,501.00,512.00,+1.00,"3,828",
113/07/26,"4,003,347","2,022,391,191",485.00,516.00,485.00,511.00,-1.00,"3,400",
113/07/29,"2,935,455","1,522,515,844",522.00,536.00,503.00,505.00,-6.00,"3,435",
113/07/30,"1,803,048","911,978,746",505.00,512.00,497.50,510.00,+5.00,"2,624",
113/07/31,"2,132,920","1,074,382,971",498.00,511.00,496.00,507.00,X0.00,"1,959",
113/08/01,"2,287,009","1,194,384,156",521.00,528.00,515.00,520.00,+13.00,"2,584",
113/08/02,"2,326,556","1,172,789,567",510.00,521.00,495.00,496.00,-24.00,"2,725",
113/08/05,"2,566,698","1,161,478,183",470.00,470.00,446.50,446.50,-49.50,"3,564",
113/08/06,"3,612,585","1,635,202,667",465.00,468.50,426.50,453.50,+7.00,"3,780",
113/08/07,"5,432,903","2,662,538,231",451.50,498.50,450.00,495.50,+42.00,"4,479",
113/08/08,"3,148,659","1,559,961,935",489.50,511.00,489.50,491.00,-4.50,"3,181",
113/08/09,"3,840,240","1,912,324,767",502.00,505.00,491.00,493.00,+2.00,"3,305",
113/08/12,"2,345,792","1,198,473,653",495.50,518.00,495.50,509.00,+16.00,"2,590",
113/08/13,"1,562,350","792,100,644",512.00,515.00,502.00,502.00,-7.00,"1,646",
113/08/14,"1,906,255","963,750,500",512.00,515.00,501.00,502.00, 0.00,"2,631",
113/08/15,"1,495,183","753,686,936",506.00,511.00,500.00,500.00,-2.00,"1,329",
113/08/16,"3,476,424","1,798,324,518",509.00,524.00,505.00,515.00,+15.00,"3,200",
113/08/19,"940,623","491,628,082",519.00,525.00,518.00,525.00,+10.00,"1,311",
113/08/20,"2,143,826","1,149,881,367",530.00,545.00,528.00,533.00,+8.00,"2,956",
113/08/21,"1,218,494","645,476,824",535.00,537.00,526.00,530.00,-3.00,"1,626",
113/08/22,"1,028,720","536,998,900",530.00,533.00,518.00,520.00,-10.00,"1,329",
113/08/23,"1,500,507","771,499,668",520.00,520.00,511.00,515.00,-5.00,"2,040",
113/08/26,"1,161,140","604,307,077",516.00,528.00,512.00,519.00,+4.00,"1,502",
113/08/27,"1,189,113","623,591,538",519.00,532.00,516.00,522.00,+3.00,"1,233",
113/08/28,"1,208,016","620,455,995",523.00,524.00,510.00,510.00,-12.00,"2,139",
113/08/29,"984,190","502,821,555",510.00,517.00,502.00,514.00,+4.00,"1,192",
113/08/30,"3,062,253","1,567,662,540",517.00,524.00,508.00,508.00,-6.00,"2,192",
113/09/02,"5,069,459","2,691,258,916",519.00,540.00,515.00,531.00,+23.00,"4,370",
113/09/03,"1,901,419","1,000,502,383",529.00,532.00,521.00,527.00,-4.00,"2,039",
113/09/04,"2,870,811","1,450,839,601",504.00,517.00,498.00,502.00,-25.00,"3,233",
113/09/05,"2,665,708","1,383,002,265",512.00,528.00,507.00,514.00,+12.00,"2,365",
113/09/06,"3,200,708","1,655,789,975",516.00,525.00,503.00,520.00,+6.00,"3,026",
113/09/09,"1,456,263","745,295,542",507.00,517.00,507.00,515.00,-5.00,"1,521",
113/09/10,"2,189,642","1,109,205,942",517.00,520.00,495.00,495.00,-20.00,"2,488",
113/09/11,"2,053,233","1,020,831,986",499.00,504.00,494.00,494.50,-0.50,"2,218",
113/09/12,"3,721,436","1,924,792,335",505.00,524.00,505.00,518.00,+23.50,"3,447",
113/09/13,"1,665,497","871,532,274",516.00,526.00,515.00,526.00,+8.00,"1,913",
113/09/16,"4,562,459","2,471,077,593",529.00,552.00,521.00,550.00,+24.00,"5,186",
113/09/18,"2,506,204","1,333,027,262",546.00,547.00,520.00,521.00,-29.00,"3,562",
113/09/19,"2,484,563","1,331,129,745",523.00,547.00,519.00,547.00,+26.00,"2,794",
113/09/20,"2,932,211","1,609,345,306",552.00,559.00,543.00,545.00,-2.00,"2,677",
113/09/23,"2,317,657","1,285,223,872",545.00,562.00,545.00,552.00,+7.00,"2,751",
113/09/24,"2,353,995","1,312,120,599",550.00,566.00,546.00,566.00,+14.00,"2,834",
113/09/25,"7,880,765","4,383,215,783",580.00,583.00,543.00,550.00,-16.00,"7,163",
113/09/26,"7,883,511","4,259,976,436",546.00,555.00,530.00,532.00,-18.00,"6,891",
113/09/27,"4,526,106","2,454,145,896",542.00,548.00,536.00,542.00,+10.00,"4,025",
113/09/30,"3,029,800","1,620,333,951",530.00,545.00,528.00,532.00,-10.00,"2,403",
113/10/01,"2,313,696","1,213,298,065",532.00,536.00,517.00,524.00,-8.00,"2,533",
113/10/04,"5,374,120","2,722,413,414",515.00,528.00,492.00,492.00,-32.00,"5,052",
113/10/07,"3,974,192","2,026,616,934",507.00,521.00,502.00,506.00,+14.00,"3,504",
113/10/08,"5,994,674","3,066,475,080",495.50,520.00,495.50,520.00,+14.00,"4,869",
113/10/09,"5,886,532","3,178,029,248",533.00,549.00,529.00,532.00,+12.00,"6,006",
113/10/11,"2,275,294","1,211,906,857",527.00,538.00,525.00,537.00,+5.00,"2,300",
113/10/14,"2,606,058","1,430,966,413",533.00,557.00,532.00,556.00,+19.00,"3,195",
113/10/15,"2,998,098","1,662,453,601",562.00,562.00,546.00,558.00,+2.00,"3,035",
113/10/16,"2,962,421","1,625,990,907",546.00,555.00,536.00,554.00,-4.00,"2,994",
113/10/17,"2,465,150","1,341,441,184",554.00,554.00,540.00,543.00,-11.00,"2,526",
113/10/18,"5,449,083","3,093,041,776",553.00,576.00,553.00,569.00,+26.00,"5,475",
113/10/21,"3,812,997","2,190,548,880",563.00,582.00,563.00,578.00,+9.00,"3,947",
113/10/22,"3,737,675","2,162,085,813",573.00,586.00,568.00,586.00,+8.00,"3,434",
113/10/23,"2,865,641","1,629,703,581",580.00,585.00,563.00,565.00,-21.00,"3,848",
113/10/24,"2,218,262","1,258,040,090",562.00,573.00,556.00,570.00,+5.00,"2,169",
113/10/25,"5,449,030","3,223,903,056",580.00,596.00,577.00,596.00,+26.00,"5,396",
113/10/28,"4,289,118","2,497,076,105",590.00,598.00,573.00,573.00,-23.00,"4,727",
113/10/29,"4,521,159","2,506,025,031",567.00,567.00,549.00,553.00,-20.00,"4,588",
113/10/30,"4,432,910","2,466,095,740",553.00,568.00,548.00,552.00,-1.00,"3,781",
113/11/01,"4,620,793","2,525,485,322",530.00,553.00,530.00,553.00,+1.00,"3,441",
113/11/04,"2,964,068","1,606,704,695",553.00,553.00,535.00,542.00,-11.00,"3,095",
113/11/05,"3,862,502","2,120,968,088",539.00,556.00,539.00,551.00,+9.00,"3,156",
113/11/06,"5,616,413","3,223,054,307",568.00,586.00,559.00,574.00,+23.00,"5,574",
113/11/07,"4,473,589","2,612,522,745",572.00,594.00,570.00,588.00,+14.00,"6,405",
113/11/08,"9,124,830","5,369,133,743",594.00,603.00,579.00,584.00,-4.00,"6,984",
113/11/11,"3,285,616","1,916,769,892",587.00,599.00,572.00,579.00,-5.00,"5,027",
113/11/12,"3,462,271","1,971,107,778",575.00,576.00,564.00,564.00,-15.00,"3,947",
113/11/13,"8,029,567","4,812,371,781",567.00,617.00,567.00,608.00,+44.00,"7,679",
113/11/14,"4,974,241","3,024,217,484",608.00,622.00,593.00,594.00,-14.00,"5,161",
113/11/15,"2,938,458","1,758,198,787",600.00,606.00,591.00,600.00,+6.00,"2,889",
113/11/18,"3,970,727","2,372,942,136",600.00,606.00,590.00,592.00,-8.00,"3,401",
113/11/19,"2,247,514","1,358,439,667",605.00,612.00,596.00,606.00,+14.00,"2,223",
113/11/20,"4,204,044","2,595,501,608",606.00,626.00,605.00,625.00,+19.00,"4,234",
113/11/21,"5,380,345","3,357,242,227",616.00,638.00,606.00,630.00,+5.00,"5,097",
113/11/22,"5,209,057","3,367,331,724",633.00,662.00,633.00,640.00,+10.00,"8,915",
113/11/25,"6,613,545","4,309,480,623",646.00,666.00,640.00,640.00, 0.00,"6,460",
113/11/26,"3,665,012","2,353,740,006",642.00,653.00,632.00,632.00,-8.00,"3,821",
113/11/27,"8,213,811","5,418,535,074",637.00,675.00,637.00,658.00,+26.00,"7,859",
113/11/28,"4,396,733","2,861,191,595",659.00,669.00,642.00,647.00,-11.00,"13,044",
113/11/29,"4,082,417","2,659,178,062",635.00,663.00,634.00,657.00,+10.00,"3,725",
113/12/02,"12,850,120","9,052,549,187",651.00,722.00,651.00,704.00,+47.00,"9,640",
113/12/03,"6,926,459","4,903,866,724",718.00,718.00,699.00,708.00,+4.00,"6,334",
113/12/04,"6,189,540","4,457,873,081",703.00,735.00,703.00,735.00,+27.00,"6,062",
113/12/05,"8,829,575","6,291,338,604",730.00,733.00,703.00,709.00,-26.00,"8,566",
113/12/06,"6,979,389","4,982,929,994",720.00,725.00,704.00,705.00,-4.00,"6,584",
113/12/09,"6,887,078","4,969,531,952",701.00,733.00,701.00,720.00,+15.00,"6,275",
113/12/10,"7,572,105","5,391,684,146",718.00,734.00,699.00,706.00,-14.00,"6,353",
113/12/11,"10,129,731","7,410,047,336",708.00,745.00,708.00,730.00,+24.00,"9,478",
113/12/12,"6,898,219","5,012,823,450",740.00,746.00,712.00,712.00,-18.00,"6,880",
113/12/13,"11,713,996","8,702,866,051",719.00,762.00,719.00,746.00,+34.00,"10,130",
113/12/16,"8,400,916","6,257,800,067",752.00,765.00,730.00,736.00,-10.00,"8,476",
113/12/17,"4,781,948","3,508,898,314",734.00,741.00,725.00,740.00,+4.00,"4,927",
113/12/18,"4,764,059","3,466,264,822",733.00,737.00,718.00,735.00,-5.00,"4,751",
113/12/19,"6,600,977","4,857,086,005",715.00,755.00,714.00,742.00,+7.00,"6,800",
113/12/20,"10,810,607","8,283,211,667",740.00,787.00,740.00,757.00,+15.00,"9,508",
113/12/23,"3,755,120","2,855,479,012",769.00,772.00,750.00,763.00,+6.00,"4,177",
113/12/24,"4,097,990","3,124,982,903",767.00,774.00,753.00,755.00,-8.00,"4,664",
113/12/25,"2,934,466","2,234,702,724",765.00,774.00,752.00,760.00,+5.00,"3,414",
113/12/26,"2,037,551","1,543,245,929",763.00,765.00,753.00,754.00,-6.00,"2,706",
113/12/27,"4,043,832","3,130,656,364",754.00,784.00,754.00,777.00,+23.00,"4,856",
113/12/30,"1,589,992","1,216,783,315",773.00,775.00,760.00,761.00,-16.00,"2,997",
113/12/31,"3,477,710","2,683,706,411",758.00,787.00,756.00,773.00,+12.00,"3,687",
114/01/02,"5,227,858","3,969,736,075",769.00,784.00,745.00,754.00,-19.00,"7,065",
114/01/03,"4,391,132","3,337,108,537",761.00,767.00,749.00,766.00,+12.00,"4,272",
114/01/06,"4,477,816","3,437,499,705",780.00,781.00,754.00,774.00,+8.00,"4,890",
114/01/07,"4,098,054","3,152,007,540",776.00,782.00,762.00,766.00,-8.00,"3,901",
114/01/08,"16,413,396","12,766,426,743",785.00,806.00,755.00,768.00,+2.00,"14,575",
114/01/09,"5,001,095","3,789,507,177",771.00,780.00,743.00,743.00,-25.00,"6,547",
114/01/10,"6,603,539","4,818,479,874",746.00,746.00,721.00,729.00,-14.00,"8,219",
114/01/13,"8,128,016","5,730,453,229",715.00,728.00,690.00,699.00,-30.00,"8,673",
114/01/14,"6,584,927","4,777,955,699",700.00,743.00,695.00,737.00,+38.00,"6,607",
114/01/15,"4,196,892","3,048,656,476",735.00,740.00,717.00,724.00,-13.00,"4,376",
114/01/16,"4,476,931","3,308,841,935",748.00,752.00,728.00,731.00,+7.00,"4,633",
114/01/17,"2,935,624","2,138,672,270",731.00,737.00,718.00,734.00,+3.00,"3,174",
114/01/20,"2,443,232","1,789,131,374",728.00,739.00,726.00,736.00,+2.00,"2,689",
114/01/21,"3,470,625","2,582,273,480",736.00,751.00,732.00,743.00,+7.00,"3,574",
114/01/22,"6,744,630","5,112,487,754",749.00,768.00,741.00,763.00,+20.00,"6,648",
114/02/03,"9,908,554","6,958,189,384",700.00,725.00,688.00,714.00,-49.00,"12,616",
114/02/04,"7,324,330","5,346,365,599",729.00,741.00,720.00,734.00,+20.00,"6,796",
114/02/05,"4,899,965","3,696,419,804",744.00,760.00,740.00,759.00,+25.00,"4,847",
114/02/06,"4,765,786","3,607,246,271",765.00,770.00,747.00,759.00, 0.00,"4,685",
114/02/07,"5,059,615","3,879,606,752",760.00,778.00,755.00,774.00,+15.00,"6,102",
114/02/10,"4,587,907","3,488,711,020",781.00,781.00,750.00,755.00,-19.00,"6,529",
114/02/11,"4,844,210","3,724,061,323",760.00,778.00,759.00,773.00,+18.00,"5,163",
114/02/12,"6,525,803","4,900,070,452",782.00,782.00,732.00,732.00,-41.00,"12,366",
114/02/13,"6,080,201","4,436,059,684",728.00,741.00,722.00,725.00,-7.00,"6,839",
114/02/14,"4,589,555","3,329,193,728",725.00,737.00,716.00,725.00, 0.00,"5,072",
114/02/17,"5,114,368","3,822,119,437",729.00,758.00,729.00,758.00,+33.00,"6,314",
114/02/18,"2,983,648","2,256,022,746",764.00,767.00,745.00,758.00, 0.00,"4,357",
114/02/19,"14,131,004","10,108,669,208",700.00,726.00,700.00,713.00,-45.00,"16,240",
114/02/20,"7,878,586","5,630,994,871",721.00,724.00,706.00,706.00,-7.00,"9,146",
114/02/21,"9,820,888","7,063,216,390",720.00,733.00,707.00,721.00,+15.00,"8,902",
114/02/24,"10,247,928","7,156,104,405",698.00,709.00,679.00,705.00,-16.00,"12,818",
114/02/25,"8,004,664","5,497,343,940",700.00,705.00,678.00,680.00,-25.00,"12,986",
114/02/26,"5,105,560","3,526,446,148",677.00,697.00,676.00,695.00,+15.00,"5,492",
114/02/27,"8,291,139","5,615,210,320",700.00,705.00,669.00,673.00,-22.00,"10,945",
114/03/03,"7,377,245","4,886,286,216",658.00,673.00,656.00,656.00,-17.00,"8,447",
114/03/04,"7,697,350","5,168,651,346",648.00,682.00,648.00,681.00,+25.00,"7,685",
114/03/05,"4,865,577","3,326,127,057",690.00,692.00,673.00,687.00,+6.00,"5,013",
114/03/06,"6,926,137","4,810,598,217",681.00,705.00,681.00,695.00,+8.00,"6,700",
114/03/07,"9,028,042","6,047,229,512",681.00,686.00,662.00,662.00,-33.00,"10,572",
114/03/10,"7,258,471","4,762,066,479",658.00,665.00,649.00,649.00,-13.00,"7,152",
114/03/11,"5,422,055","3,384,731,760",630.00,634.00,613.00,634.00,-15.00,"7,241",
114/03/12,"3,952,710","2,536,900,225",635.00,651.00,635.00,639.00,+5.00,"4,412",
114/03/13,"5,680,807","3,714,659,093",653.00,665.00,645.00,650.00,+11.00,"5,689",
114/03/14,"9,123,037","5,752,807,237",641.00,646.00,605.00,639.00,-11.00,"8,372",
114/03/17,"3,918,577","2,567,231,852",653.00,661.00,647.00,653.00,+14.00,"3,932",
114/03/18,"3,873,778","2,571,225,266",660.00,669.00,657.00,667.00,+14.00,"3,875",
114/03/19,"3,636,487","2,369,092,291",665.00,669.00,642.00,644.00,-23.00,"6,749",
114/03/20,"3,793,477","2,461,663,377",654.00,660.00,642.00,642.00,-2.00,"4,096",
114/03/21,"4,636,102","3,056,270,495",650.00,664.00,647.00,663.00,+21.00,"4,168",
114/03/24,"2,031,542","1,327,888,163",667.00,668.00,643.00,643.00,-20.00,"3,297",
114/03/25,"2,950,105","1,940,986,836",655.00,664.00,652.00,659.00,+16.00,"3,185",
114/03/26,"1,907,968","1,250,486,959",656.00,665.00,648.00,655.00,-4.00,"2,556",
114/03/27,"5,739,169","3,593,393,509",632.00,635.00,616.00,634.00,-21.00,"7,182",
114/03/28,"4,749,603","2,913,620,977",610.00,627.00,607.00,610.00,-24.00,"6,176",
114/03/31,"5,335,222","3,119,172,340",586.00,598.00,576.00,576.00,-34.00,"7,119",
114/04/01,"2,476,238","1,454,122,420",591.00,592.00,580.00,589.00,+13.00,"3,123",
114/04/02,"3,315,470","1,957,682,487",595.00,607.00,582.00,589.00, 0.00,"3,795",
114/04/07,"660,647","350,803,557",531.00,531.00,531.00,531.00,-58.00,"1,290",
114/04/08,"7,442,893","3,573,763,423",478.00,489.00,478.00,478.00,-53.00,"7,523",
114/04/09,"11,599,946","5,163,920,654",442.00,466.00,430.50,435.00,-43.00,"11,296",
114/04/10,"828,819","396,589,591",478.50,478.50,478.50,478.50,+43.50,"1,063",
114/04/11,"11,233,578","5,583,051,971",480.50,512.00,465.00,509.00,+30.50,"9,724",
114/04/14,"8,958,676","4,727,216,826",529.00,539.00,519.00,525.00,+16.00,"7,991",
114/04/15,"4,733,890","2,547,420,948",525.00,550.00,516.00,546.00,+21.00,"5,024",
114/04/16,"4,435,834","2,357,089,283",544.00,545.00,521.00,521.00,-25.00,"5,449",
114/04/17,"3,648,221","1,903,047,636",526.00,529.00,514.00,523.00,+2.00,"3,778",
114/04/18,"1,866,954","982,579,349",526.00,535.00,519.00,525.00,+2.00,"2,076",
114/04/21,"2,468,865","1,262,912,459",523.00,523.00,505.00,506.00,-19.00,"3,047",
114/04/22,"4,295,903","2,105,037,025",490.00,500.00,482.50,484.00,-22.00,"5,530",
114/04/23,"3,826,690","1,938,630,771",505.00,513.00,499.00,507.00,+23.00,"3,774",
114/04/24,"3,283,066","1,701,346,350",522.00,524.00,513.00,516.00,+9.00,"3,322",
114/04/25,"7,909,049","4,322,187,413",540.00,557.00,536.00,552.00,+36.00,"7,129",
114/04/28,"4,625,243","2,589,932,486",565.00,568.00,554.00,555.00,+3.00,"4,650",
114/04/29,"6,837,384","3,990,022,843",560.00,598.00,557.00,598.00,+43.00,"7,186",
114/04/30,"4,362,459","2,582,444,142",593.00,597.00,586.00,594.00,-4.00,"3,961",
114/05/02,"8,430,256","5,261,234,250",610.00,646.00,608.00,621.00,+27.00,"9,044",
114/05/05,"4,989,270","3,066,486,176",623.00,629.00,600.00,612.00,-9.00,"5,320",
114/05/06,"7,025,766","4,478,332,753",615.00,649.00,610.00,638.00,+26.00,"7,425",
114/05/07,"6,607,863","4,246,524,938",650.00,664.00,627.00,632.00,-6.00,"8,715",
114/05/08,"4,428,316","2,850,208,482",647.00,652.00,635.00,648.00,+16.00,"4,255",
114/05/09,"14,469,504","9,827,756,369",676.00,709.00,661.00,666.00,+18.00,"14,566",
114/05/12,"5,291,455","3,596,676,400",685.00,695.00,670.00,674.00,+8.00,"5,576",
114/05/13,"5,539,818","3,800,457,005",698.00,699.00,678.00,681.00,+7.00,"5,109",
114/05/14,"7,726,710","5,442,733,494",691.00,718.00,686.00,718.00,+37.00,"9,123",
114/05/15,"4,397,393","3,165,541,494",718.00,725.00,713.00,724.00,+6.00,"5,096",
114/05/16,"2,718,411","1,943,438,694",714.00,720.00,711.00,716.00,-8.00,"3,859",
114/05/19,"4,254,912","3,023,376,064",711.00,722.00,701.00,705.00,-11.00,"4,072",
114/05/20,"3,192,502","2,256,484,534",715.00,719.00,701.00,704.00,-1.00,"3,828",
114/05/21,"6,352,540","4,627,406,470",707.00,738.00,707.00,735.00,+31.00,"8,420",
114/05/22,"4,595,935","3,378,776,044",730.00,743.00,723.00,743.00,+8.00,"5,272",
114/05/23,"4,147,955","3,042,238,043",744.00,756.00,723.00,726.00,-17.00,"6,298",
114/05/26,"3,504,336","2,578,618,107",725.00,747.00,723.00,727.00,+1.00,"4,377",
114/05/27,"2,829,872","2,049,294,957",725.00,732.00,718.00,721.00,-6.00,"3,234",
114/05/28,"4,604,887","3,404,426,690",735.00,748.00,732.00,736.00,+15.00,"5,041",
114/05/29,"5,620,879","4,192,249,990",750.00,752.00,741.00,745.00,+9.00,"4,494",
114/06/02,"4,347,890","3,176,065,342",742.00,746.00,718.00,725.00,-20.00,"4,833",
114/06/03,"3,541,966","2,586,533,355",730.00,741.00,723.00,724.00,-1.00,"3,912",
114/06/04,"5,394,292","3,968,454,117",733.00,748.00,724.00,733.00,+9.00,"5,052",
114/06/05,"3,575,380","2,612,827,130",730.00,737.00,726.00,733.00, 0.00,"3,789",
114/06/06,"3,717,877","2,699,070,504",737.00,739.00,719.00,723.00,-10.00,"4,566",
114/06/09,"4,230,320","3,112,491,542",730.00,747.00,726.00,737.00,+14.00,"4,435",
114/06/10,"8,842,961","6,808,057,487",740.00,790.00,737.00,786.00,+49.00,"11,797",
114/06/11,"6,282,179","5,031,890,839",795.00,809.00,792.00,805.00,+19.00,"8,284",
114/06/12,"3,588,380","2,875,477,274",803.00,812.00,793.00,795.00,-10.00,"5,054",
114/06/13,"3,852,008","3,076,740,485",800.00,807.00,788.00,797.00,+2.00,"5,224",
114/06/16,"2,828,270","2,229,391,342",790.00,796.00,783.00,787.00,-10.00,"4,496",
114/06/17,"8,212,880","6,249,284,718",791.00,791.00,747.00,749.00,-38.00,"13,037",
114/06/18,"6,003,036","4,431,851,869",745.00,754.00,729.00,730.00,-19.00,"9,355",
114/06/19,"4,697,416","3,379,520,946",728.00,734.00,713.00,715.00,-15.00,"6,895",
114/06/20,"5,117,310","3,659,041,891",718.00,731.00,703.00,713.00,-2.00,"5,999",
114/06/23,"3,062,879","2,177,700,519",704.00,720.00,699.00,714.00,+1.00,"4,140",
114/06/24,"4,379,998","3,179,894,287",730.00,736.00,721.00,723.00,+9.00,"4,692",
114/06/25,"4,383,417","3,255,842,035",734.00,749.00,734.00,743.00,+20.00,"5,792",
114/06/26,"3,554,212","2,655,045,558",754.00,756.00,740.00,743.00, 0.00,"4,086",
114/06/27,"3,025,568","2,226,669,967",744.00,748.00,729.00,732.00,-11.00,"4,367",
114/06/30,"3,124,944","2,279,641,576",732.00,739.00,725.00,730.00,-2.00,"3,608",
114/07/01,"8,326,535","6,374,889,420",736.00,787.00,736.00,763.00,+33.00,"10,167",
114/07/02,"5,103,811","3,907,777,760",763.00,778.00,758.00,768.00,+5.00,"5,795",
114/07/03,"4,376,081","3,388,138,152",770.00,781.00,762.00,781.00,+13.00,"5,075",
114/07/04,"3,155,380","2,440,042,103",785.00,787.00,766.00,768.00,-13.00,"4,453",
114/07/07,"5,079,116","3,753,481,464",769.00,769.00,727.00,738.00,-30.00,"7,506",
114/07/08,"3,748,907","2,829,213,932",738.00,762.00,738.00,760.00,+22.00,"4,638",
114/07/09,"10,960,427","8,678,929,863",791.00,798.00,780.00,796.00,+36.00,"11,888",
114/07/10,"6,766,592","5,462,914,495",799.00,819.00,791.00,813.00,+17.00,"8,553",
114/07/11,"6,429,137","5,117,210,880",812.00,813.00,782.00,797.00,-16.00,"8,907",
114/07/14,"4,911,412","3,785,275,094",791.00,791.00,759.00,761.00,-36.00,"9,368",
114/07/15,"4,502,120","3,492,120,017",765.00,780.00,765.00,776.00,+15.00,"5,266",
114/07/16,"4,056,789","3,144,145,470",772.00,783.00,769.00,769.00,-7.00,"4,868",
114/07/17,"4,686,304","3,579,005,278",776.00,783.00,750.00,764.00,-5.00,"6,961",
114/07/18,"5,365,465","4,240,426,718",775.00,808.00,768.00,798.00,+34.00,"7,944",
114/07/21,"4,081,305","3,241,665,127",808.00,808.00,784.00,793.00,-5.00,"5,635",
114/07/22,"4,587,677","3,606,204,267",799.00,805.00,769.00,769.00,-24.00,"6,996",
114/07/23,"5,022,396","3,931,573,263",786.00,800.00,770.00,777.00,+8.00,"5,861",
114/07/24,"3,345,988","2,607,439,749",783.00,790.00,773.00,773.00,-4.00,"4,093",
114/07/25,"3,396,865","2,670,326,519",780.00,793.00,772.00,793.00,+20.00,"4,226",
114/07/28,"8,102,654","6,747,026,752",795.00,857.00,791.00,851.00,+58.00,"13,132",
114/07/29,"5,546,904","4,742,203,455",853.00,864.00,846.00,852.00,+1.00,"7,344",
114/07/30,"7,049,482","6,081,723,642",857.00,885.00,843.00,843.00,X0.00,"12,673",
114/07/31,"6,490,127","5,728,885,274",841.00,901.00,841.00,892.00,+49.00,"8,799",
114/08/01,"5,475,385","4,818,139,396",871.00,889.00,867.00,884.00,-8.00,"7,279",
114/08/04,"3,739,411","3,289,857,640",876.00,886.00,870.00,885.00,+1.00,"4,813",
114/08/05,"7,526,926","6,845,536,147",895.00,930.00,893.00,901.00,+16.00,"9,939",
114/08/06,"5,310,970","4,805,454,892",903.00,923.00,892.00,901.00, 0.00,"10,059",
114/08/07,"8,153,810","7,782,427,891",920.00,986.00,910.00,975.00,+74.00,"13,718",
114/08/08,"7,966,670","7,823,935,302",975.00,"1,000.00",966.00,989.00,+14.00,"9,663",
114/08/11,"4,537,164","4,562,229,516",989.00,"1,020.00",988.00,"1,020.00",+31.00,"7,070",
114/08/12,"3,006,813","3,064,329,171","1,030.00","1,030.00","1,010.00","1,020.00", 0.00,"4,531",
114/08/13,"4,106,241","4,276,347,828","1,030.00","1,060.00","1,020.00","1,045.00",+25.00,"5,911",
114/08/14,"4,438,452","4,596,601,520","1,055.00","1,055.00","1,015.00","1,035.00",-10.00,"5,909",
114/08/15,"2,980,015","3,089,731,735","1,025.00","1,050.00","1,005.00","1,035.00", 0.00,"3,975",
114/08/18,"4,732,042","5,065,417,405","1,045.00","1,085.00","1,040.00","1,080.00",+45.00,"5,944",
114/08/19,"5,321,561","5,461,058,535","1,075.00","1,075.00","1,005.00","1,015.00",-65.00,"9,948",
114/08/20,"7,411,887","7,202,959,044",967.00,993.00,956.00,956.00,-59.00,"14,387",
114/08/21,"6,187,186","5,888,353,496",961.00,966.00,940.00,950.00,-6.00,"11,762",
114/08/22,"4,128,896","3,931,133,735",964.00,970.00,940.00,940.00,-10.00,"6,709",
114/08/25,"4,316,425","4,150,411,615",961.00,972.00,950.00,962.00,+22.00,"6,605",
114/08/26,"5,767,906","5,574,288,193",962.00,987.00,942.00,981.00,+19.00,"7,634",
114/08/27,"3,013,775","2,970,501,149",983.00,994.00,976.00,983.00,+2.00,"4,795",
114/08/28,"3,010,774","2,971,902,995",986.00,996.00,974.00,984.00,+1.00,"4,244",
114/08/29,"5,508,276","5,606,899,869",997.00,"1,045.00",997.00,"1,015.00",+31.00,"7,086",
114/09/01,"8,356,646","8,177,192,985","1,035.00","1,050.00",935.00,944.00,-71.00,"15,048",
114/09/02,"4,337,024","4,153,443,196",957.00,968.00,945.00,963.00,+19.00,"5,708",
114/09/03,"3,399,440","3,278,094,337",961.00,975.00,952.00,970.00,+7.00,"4,576",
114/09/04,"3,496,523","3,421,692,850",985.00,990.00,961.00,975.00,+5.00,"4,941",
114/09/05,"4,434,047","4,477,155,807",995.00,"1,025.00",992.00,"1,020.00",+45.00,"6,968",
114/09/08,"4,486,950","4,583,037,495","1,035.00","1,035.00","1,000.00","1,020.00", 0.00,"6,440",
114/09/09,"3,806,219","3,907,972,560","1,025.00","1,040.00","1,010.00","1,020.00", 0.00,"4,817",
114/09/10,"7,250,097","7,885,285,849","1,050.00","1,110.00","1,050.00","1,090.00",+70.00,"9,867",
114/09/11,"9,416,506","10,695,945,755","1,100.00","1,170.00","1,090.00","1,120.00",+30.00,"34,741",
114/09/12,"4,094,679","4,545,456,610","1,140.00","1,145.00","1,085.00","1,105.00",-15.00,"9,769",
114/09/15,"3,199,619","3,451,501,565","1,100.00","1,105.00","1,060.00","1,070.00",-35.00,"7,861",
114/09/16,"3,652,277","3,944,128,665","1,070.00","1,105.00","1,060.00","1,070.00", 0.00,"5,732",
114/09/17,"3,018,891","3,220,309,430","1,070.00","1,085.00","1,050.00","1,065.00",-5.00,"4,910",
114/09/18,"2,852,245","3,061,063,571","1,060.00","1,090.00","1,055.00","1,080.00",+15.00,"4,232",
114/09/19,"7,175,640","7,414,547,910","1,080.00","1,085.00","1,010.00","1,015.00",-65.00,"18,269",
114/09/22,"5,683,298","5,655,703,367","1,015.00","1,020.00",985.00,989.00,-26.00,"15,129",
114/09/23,"4,067,579","4,101,486,022",992.00,"1,020.00",992.00,"1,005.00",+16.00,"5,832",
114/09/24,"2,737,685","2,751,695,883","1,015.00","1,020.00",988.00,"1,005.00", 0.00,"4,036",
114/09/25,"3,363,127","3,310,107,682",992.00,995.00,975.00,976.00,-29.00,"12,273",
114/09/26,"5,294,217","5,218,742,555",999.00,"1,010.00",970.00,984.00,+8.00,"8,391",
114/09/30,"6,773,964","7,097,647,200","1,020.00","1,070.00","1,010.00","1,045.00",+61.00,"10,470",
114/10/01,"4,080,004","4,270,523,120","1,060.00","1,065.00","1,030.00","1,040.00",-5.00,"5,255",
114/10/02,"5,171,322","5,514,716,075","1,075.00","1,090.00","1,035.00","1,075.00",+35.00,"7,439",
114/10/03,"4,868,875","5,345,381,139","1,085.00","1,115.00","1,070.00","1,105.00",+30.00,"7,367",
114/10/07,"6,300,071","6,648,172,550","1,115.00","1,130.00","1,020.00","1,025.00",-80.00,"16,211",
114/10/08,"3,286,879","3,421,571,410","1,035.00","1,055.00","1,025.00","1,045.00",+20.00,"5,102",
114/10/09,"3,446,722","3,655,489,210","1,070.00","1,080.00","1,040.00","1,050.00",+5.00,"5,072",
114/10/13,"4,085,523","4,181,629,015","1,005.00","1,040.00","1,000.00","1,035.00",-15.00,"6,328",
114/10/14,"5,082,279","5,202,073,160","1,050.00","1,055.00","1,000.00","1,000.00",-35.00,"7,357",
114/10/15,"4,825,391","4,862,045,298","1,000.00","1,020.00",987.00,"1,020.00",+20.00,"6,488",
114/10/16,"3,729,673","3,747,620,000","1,025.00","1,030.00",998.00,"1,000.00",-20.00,"6,028",
114/10/17,"7,283,305","7,076,291,793","1,000.00","1,005.00",954.00,956.00,-44.00,"24,504",
114/10/20,"3,125,920","3,060,078,448",966.00,992.00,966.00,979.00,+23.00,"6,346",
114/10/21,"4,167,477","4,032,713,101",976.00,977.00,960.00,960.00,-19.00,"11,696",
114/10/22,"13,065,307","11,846,196,904",926.00,934.00,884.00,904.00,-56.00,"32,195",
114/10/23,"5,763,013","5,353,035,977",904.00,945.00,904.00,934.00,+30.00,"10,775",
114/10/27,"4,805,585","4,632,058,738",970.00,971.00,956.00,962.00,+28.00,"8,529",
114/10/28,"4,823,859","4,684,943,916",959.00,987.00,959.00,965.00,+3.00,"8,869",
114/10/29,"4,580,387","4,467,562,801",970.00,990.00,964.00,973.00,+8.00,"7,888",
114/10/30,"7,378,885","7,434,452,652",987.00,"1,030.00",983.00,"1,020.00",+47.00,"13,951",
114/10/31,"10,011,411","10,784,205,800","1,055.00","1,105.00","1,035.00","1,080.00",+60.00,"19,032",
114/11/03,"4,831,461","5,198,147,055","1,075.00","1,090.00","1,065.00","1,075.00",-5.00,"8,058",
114/11/04,"12,623,495","14,707,424,740","1,145.00","1,180.00","1,120.00","1,150.00",+75.00,"20,390",
114/11/05,"10,947,428","11,613,892,040","1,095.00","1,100.00","1,035.00","1,045.00",-105.00,"20,663",
114/11/06,"5,986,345","6,377,614,835","1,060.00","1,085.00","1,045.00","1,055.00",+10.00,"8,177",
114/11/07,"7,291,182","7,440,285,735","1,065.00","1,080.00","1,000.00","1,005.00",-50.00,"13,885",
114/11/10,"5,938,489","5,960,426,534",994.00,"1,030.00",992.00,998.00,-7.00,"9,916",
114/11/11,"5,088,593","5,045,456,564","1,010.00","1,010.00",979.00,979.00,-19.00,"14,017",
114/11/12,"5,791,879","5,669,031,086",985.00,999.00,957.00,983.00,+4.00,"13,848",
114/11/13,"3,018,194","2,969,770,852",980.00,996.00,974.00,980.00,-3.00,"6,204",
114/11/14,"5,212,674","5,150,472,380",965.00,"1,005.00",965.00,983.00,+3.00,"8,707",
114/11/17,"3,518,543","3,520,451,073",999.00,"1,020.00",985.00,998.00,+15.00,"7,327",
114/11/18,"9,752,781","9,149,513,531",996.00,996.00,919.00,921.00,-77.00,"26,787",
114/11/19,"4,332,190","3,998,842,472",912.00,940.00,912.00,914.00,-7.00,"7,851",
114/11/20,"4,158,187","3,949,850,309",958.00,964.00,938.00,945.00,+31.00,"7,475",
114/11/21,"6,647,068","5,986,305,598",913.00,919.00,888.00,907.00,-38.00,"15,867",
114/11/24,"5,409,211","5,060,736,164",914.00,952.00,911.00,944.00,+37.00,"7,311",
114/11/25,"5,354,797","5,135,571,416",966.00,971.00,939.00,965.00,+21.00,"8,406",
114/11/26,"3,873,724","3,822,523,801",985.00,999.00,975.00,999.00,+34.00,"7,792",
114/11/27,"8,314,814","8,666,550,755","1,025.00","1,080.00","1,015.00","1,030.00",+31.00,"15,923",
114/11/28,"4,688,223","4,808,715,030","1,030.00","1,040.00","1,010.00","1,025.00",-5.00,"7,259",
114/12/01,"7,069,203","7,281,765,005","1,035.00","1,060.00","1,000.00","1,020.00",-5.00,"8,605",
114/12/02,"6,741,724","7,077,912,750","1,045.00","1,075.00","1,035.00","1,050.00",+30.00,"8,763",
114/12/03,"6,774,557","6,819,841,677","1,060.00","1,065.00",985.00,986.00,-64.00,"19,051",
114/12/04,"4,742,665","4,618,387,931",989.00,992.00,965.00,965.00,-21.00,"15,090",
114/12/05,"4,700,921","4,587,461,642",974.00,995.00,951.00,990.00,+25.00,"9,923",
114/12/08,"4,168,557","4,115,348,034",994.00,"1,005.00",977.00,977.00,-13.00,"8,303",
114/12/09,"10,648,469","10,834,244,503",994.00,"1,055.00",991.00,995.00,+18.00,"16,793",
114/12/10,"12,245,842","13,193,120,350","1,045.00","1,090.00","1,045.00","1,090.00",+95.00,"24,377",
114/12/11,"16,597,109","19,253,357,130","1,120.00","1,195.00","1,115.00","1,135.00",+45.00,"28,884",
114/12/12,"5,584,329","6,373,395,570","1,160.00","1,160.00","1,120.00","1,155.00",+20.00,"9,521",
114/12/15,"9,081,714","10,638,471,450","1,100.00","1,215.00","1,095.00","1,210.00",+55.00,"15,757",
114/12/16,"8,153,657","9,478,142,245","1,185.00","1,190.00","1,130.00","1,160.00",-50.00,"16,385",
114/12/17,"6,644,754","7,843,664,980","1,160.00","1,205.00","1,140.00","1,185.00",+25.00,"10,097",
114/12/18,"4,629,909","5,429,810,565","1,165.00","1,185.00","1,155.00","1,180.00",-5.00,"6,489",
114/12/19,"6,311,693","7,439,714,885","1,200.00","1,210.00","1,165.00","1,175.00",-5.00,"8,429",
114/12/22,"4,448,509","5,201,361,690","1,180.00","1,215.00","1,145.00","1,170.00",-5.00,"7,879",
114/12/23,"3,032,302","3,598,565,835","1,175.00","1,205.00","1,170.00","1,185.00",+15.00,"5,657",
114/12/24,"4,707,677","5,677,653,305","1,200.00","1,230.00","1,185.00","1,190.00",+5.00,"8,457",
114/12/26,"2,702,035","3,237,164,655","1,205.00","1,215.00","1,180.00","1,215.00",+25.00,"5,185",
114/12/29,"3,297,684","3,980,759,400","1,230.00","1,230.00","1,185.00","1,215.00", 0.00,"6,546",
114/12/30,"2,071,470","2,483,425,040","1,200.00","1,210.00","1,190.00","1,190.00",-25.00,"4,305",
114/12/31,"3,320,103","3,924,799,740","1,190.00","1,195.00","1,165.00","1,185.00",-5.00,"7,519",
115/01/02,"4,120,258","4,764,707,735","1,190.00","1,190.00","1,145.00","1,145.00",-40.00,"11,041",
115/01/05,"5,294,117","6,256,405,230","1,145.00","1,200.00","1,145.00","1,185.00",+40.00,"7,329",
115/01/06,"6,798,559","8,394,245,910","1,195.00","1,270.00","1,185.00","1,240.00",+55.00,"12,897",
115/01/07,"4,013,280","4,861,299,360","1,265.00","1,265.00","1,190.00","1,205.00",-35.00,"8,406",
115/01/08,"7,786,306","9,656,480,519","1,235.00","1,270.00","1,195.00","1,265.00",+60.00,"11,302",
115/01/09,"9,091,786","11,380,652,640","1,250.00","1,320.00","1,210.00","1,215.00",-50.00,"14,157",
115/01/12,"4,120,740","4,959,339,110","1,235.00","1,240.00","1,180.00","1,205.00",-10.00,"7,907",
115/01/13,"4,446,910","5,295,539,975","1,225.00","1,245.00","1,170.00","1,180.00",-25.00,"10,340",
115/01/14,"3,274,971","3,965,142,725","1,205.00","1,225.00","1,185.00","1,215.00",+35.00,"5,245",
115/01/15,"7,324,019","9,189,020,100","1,225.00","1,285.00","1,215.00","1,240.00",+25.00,"10,160",
115/01/16,"3,473,159","4,297,930,990","1,265.00","1,270.00","1,220.00","1,230.00",-10.00,"6,086",
115/01/19,"4,631,438","5,474,751,990","1,230.00","1,235.00","1,160.00","1,165.00",-65.00,"15,759",
115/01/20,"3,573,823","4,261,251,853","1,165.00","1,220.00","1,160.00","1,185.00",+20.00,"5,154",
115/01/21,"3,893,637","4,620,058,965","1,175.00","1,230.00","1,150.00","1,150.00",-35.00,"8,423",
115/01/22,"7,228,506","8,349,187,990","1,185.00","1,195.00","1,125.00","1,150.00", 0.00,"10,133",
115/01/23,"4,301,221","5,013,380,310","1,175.00","1,190.00","1,145.00","1,175.00",+25.00,"6,579",
115/01/26,"4,773,611","5,486,401,285","1,185.00","1,185.00","1,135.00","1,150.00",-25.00,"9,958",
115/01/27,"3,771,267","4,411,664,885","1,160.00","1,195.00","1,155.00","1,155.00",+5.00,"5,684",
115/01/28,"3,406,180","3,973,258,445","1,180.00","1,190.00","1,150.00","1,170.00",+15.00,"6,755",
115/01/29,"4,811,517","5,623,079,220","1,165.00","1,195.00","1,135.00","1,170.00", 0.00,"8,746",
115/01/30,"4,328,349","4,889,050,220","1,175.00","1,180.00","1,110.00","1,115.00",-55.00,"11,945",
115/02/02,"4,368,011","4,977,238,780","1,100.00","1,160.00","1,100.00","1,140.00",+25.00,"7,408",
115/02/03,"5,512,844","6,538,168,795","1,190.00","1,205.00","1,160.00","1,185.00",+45.00,"10,800",
115/02/04,"3,351,774","3,917,622,970","1,155.00","1,190.00","1,140.00","1,185.00", 0.00,"6,189",
115/02/05,"3,576,402","4,112,151,480","1,170.00","1,185.00","1,125.00","1,125.00",-60.00,"9,405",
115/02/06,"5,997,300","6,942,039,280","1,125.00","1,195.00","1,090.00","1,190.00",+65.00,"11,093",
115/02/09,"8,165,564","10,446,468,375","1,270.00","1,305.00","1,245.00","1,305.00",+115.00,"20,508",
115/02/10,"9,630,459","13,137,197,460","1,365.00","1,395.00","1,325.00","1,390.00",+85.00,"15,944",
115/02/11,"7,612,726","10,842,388,375","1,355.00","1,455.00","1,355.00","1,450.00",+60.00,"12,284",
115/02/23,"7,796,001","10,943,691,810","1,475.00","1,480.00","1,355.00","1,400.00",-50.00,"14,085",
115/02/24,"3,441,769","4,862,593,915","1,405.00","1,440.00","1,385.00","1,405.00",+5.00,"6,754",
115/02/25,"4,862,429","7,087,602,720","1,410.00","1,495.00","1,405.00","1,450.00",+45.00,"8,436",
115/02/26,"5,719,491","8,113,457,350","1,450.00","1,460.00","1,400.00","1,400.00",-50.00,"11,296",
115/03/02,"4,142,561","5,844,537,320","1,360.00","1,435.00","1,360.00","1,415.00",+15.00,"6,011",
115/03/03,"4,810,084","6,940,928,660","1,415.00","1,475.00","1,415.00","1,420.00",+5.00,"8,059",
115/03/04,"5,102,273","6,760,425,930","1,360.00","1,380.00","1,290.00","1,305.00",-115.00,"14,370",
115/03/05,"4,477,821","6,258,603,705","1,375.00","1,435.00","1,350.00","1,420.00",+115.00,"8,918",
115/03/06,"6,338,751","9,360,000,880","1,435.00","1,515.00","1,415.00","1,465.00",+45.00,"11,356",
115/03/09,"5,813,708","7,865,151,440","1,355.00","1,380.00","1,330.00","1,380.00",-85.00,"11,782",
115/03/10,"5,374,084","7,672,020,655","1,430.00","1,455.00","1,400.00","1,435.00",+55.00,"7,850",
115/03/11,"4,197,255","6,256,262,779","1,505.00","1,515.00","1,465.00","1,485.00",+50.00,"7,291",
115/03/12,"4,026,146","5,959,729,121","1,470.00","1,510.00","1,445.00","1,505.00",+20.00,"7,758",
115/03/13,"6,551,351","9,503,071,545","1,480.00","1,490.00","1,420.00","1,420.00",-85.00,"14,302",
115/03/16,"4,426,977","6,206,293,105","1,435.00","1,445.00","1,380.00","1,390.00",-30.00,"11,423",
115/03/17,"3,563,204","5,159,444,565","1,420.00","1,465.00","1,420.00","1,455.00",+65.00,"6,575",
115/03/18,"8,456,080","13,172,891,465","1,470.00","1,600.00","1,465.00","1,600.00",+145.00,"16,754",
115/03/19,"7,188,691","11,445,614,540","1,585.00","1,620.00","1,560.00","1,590.00",-10.00,"10,524",
115/03/20,"5,787,071","9,414,436,075","1,610.00","1,675.00","1,580.00","1,610.00",+20.00,"8,270",
115/03/23,"3,284,775","5,160,806,550","1,540.00","1,610.00","1,535.00","1,565.00",-45.00,"7,369",
115/03/24,"4,590,394","7,162,730,540","1,600.00","1,610.00","1,515.00","1,535.00",-30.00,"7,342",
115/03/25,"6,912,402","11,429,706,845","1,580.00","1,685.00","1,580.00","1,685.00",+150.00,"11,830",
115/03/26,"7,062,091","12,018,485,940","1,690.00","1,750.00","1,660.00","1,675.00",-10.00,"10,191",
115/03/27,"4,485,957","7,351,432,015","1,625.00","1,670.00","1,600.00","1,655.00",-20.00,"7,962",
115/03/30,"3,927,435","6,352,029,895","1,620.00","1,650.00","1,590.00","1,635.00",-20.00,"7,455",
115/03/31,"6,030,444","9,267,998,168","1,600.00","1,610.00","1,495.00","1,510.00",-125.00,"15,562",
115/04/01,"4,304,379","7,001,411,990","1,585.00","1,660.00","1,575.00","1,660.00",+150.00,"10,534",
115/04/02,"3,328,016","5,422,781,290","1,670.00","1,685.00","1,580.00","1,590.00",-70.00,"7,468",
115/04/07,"3,376,820","5,529,887,570","1,660.00","1,685.00","1,600.00","1,615.00",+25.00,"6,208",
115/04/08,"5,374,240","9,294,478,295","1,680.00","1,765.00","1,680.00","1,710.00",+95.00,"10,819",
115/04/09,"3,271,100","5,621,112,190","1,730.00","1,760.00","1,670.00","1,690.00",-20.00,"7,866",
115/04/10,"5,713,072","10,367,894,935","1,750.00","1,855.00","1,720.00","1,835.00",+145.00,"13,912",
115/04/13,"2,933,873","5,348,383,290","1,820.00","1,855.00","1,785.00","1,820.00",-15.00,"5,922",
115/04/14,"4,059,621","7,663,781,760","1,885.00","1,910.00","1,850.00","1,890.00",+70.00,"6,661",
115/04/15,"7,294,130","14,661,888,290","1,900.00","2,075.00","1,870.00","1,970.00",+80.00,"13,799",
115/04/16,"3,884,881","7,855,307,600","2,025.00","2,050.00","1,975.00","2,035.00",+65.00,"6,922",
115/04/17,"3,419,131","7,100,942,455","2,035.00","2,110.00","2,020.00","2,070.00",+35.00,"6,659",
115/04/20,"4,046,599","8,166,168,755","2,045.00","2,060.00","1,995.00","2,005.00",-65.00,"13,990",
115/04/21,"6,399,329","13,739,829,545","2,100.00","2,205.00","2,060.00","2,190.00",+185.00,"12,669",
115/04/22,"4,732,097","10,369,281,940","2,150.00","2,250.00","2,130.00","2,200.00",+10.00,"10,105",
115/04/23,"6,588,511","13,900,285,926","2,220.00","2,230.00","2,010.00","2,080.00",-120.00,"19,026",
115/04/24,"5,127,676","10,883,355,076","2,105.00","2,170.00","2,050.00","2,140.00",+60.00,"10,529",
115/04/27,"4,986,548","10,848,678,485","2,205.00","2,225.00","2,105.00","2,175.00",+35.00,"10,241",
115/04/28,"5,955,672","13,595,882,245","2,250.00","2,340.00","2,195.00","2,295.00",+120.00,"11,822",
115/04/29,"4,561,794","10,098,961,145","2,245.00","2,270.00","2,190.00","2,210.00",-85.00,"12,873",
115/04/30,"3,775,578","8,579,401,800","2,225.00","2,315.00","2,215.00","2,280.00",+70.00,"7,942",
115/05/04,"4,412,365","10,867,783,650","2,380.00","2,505.00","2,360.00","2,505.00",+225.00,"8,673",
115/05/05,"3,474,551","8,659,162,545","2,520.00","2,550.00","2,440.00","2,495.00",-10.00,"9,749",
115/05/06,"6,256,364","15,328,800,450","2,545.00","2,620.00","2,325.00","2,485.00",-10.00,"15,075",
115/05/07,"3,820,023","9,611,011,291","2,495.00","2,560.00","2,465.00","2,560.00",+75.00,"8,532",
115/05/08,"10,934,471","25,609,223,875","2,400.00","2,425.00","2,305.00","2,375.00",-185.00,"41,060",
115/05/11,"8,849,256","22,816,501,252","2,490.00","2,610.00","2,485.00","2,590.00",+215.00,"20,375",
115/05/12,"6,056,908","15,608,777,104","2,675.00","2,695.00","2,520.00","2,525.00",-65.00,"15,641",
115/05/13,"4,119,903","10,199,950,164","2,510.00","2,555.00","2,435.00","2,435.00",-90.00,"12,781",
115/05/14,"7,660,332","20,426,738,501","2,625.00","2,675.00","2,605.00","2,675.00",+240.00,"14,280",
115/05/15,"7,039,823","17,949,880,315","2,640.00","2,640.00","2,500.00","2,505.00",-170.00,"20,540",
115/05/18,"3,138,457","7,784,039,070","2,375.00","2,530.00","2,375.00","2,495.00",-10.00,"8,250",
115/05/19,"4,254,714","10,279,446,455","2,460.00","2,505.00","2,375.00","2,390.00",-105.00,"12,507",
115/05/20,"4,381,174","10,465,339,855","2,330.00","2,475.00","2,325.00","2,355.00",-35.00,"11,487",
115/05/21,"5,468,981","13,657,335,635","2,480.00","2,530.00","2,450.00","2,480.00",+125.00,"9,117",
115/05/22,"2,750,416","6,848,463,020","2,535.00","2,535.00","2,450.00","2,470.00",-10.00,"8,399",
