日期,成交股數,成交金額,開盤價,最高價,最低價,收盤價,漲跌價差,成交筆數,註記
109/01/02,"2,797,693","313,544,451",112.50,113.00,111.50,112.50,+0.50,"1,036",
109/01/03,"4,297,975","482,319,675",112.50,112.50,112.00,112.50, 0.00,"1,900",
109/01/06,"4,203,858","467,414,647",112.00,112.00,110.50,110.50,-2.00,"2,259",
109/01/07,"11,932,990","1,308,443,900",110.50,111.00,109.00,109.50,-1.00,"3,839",
109/01/08,"6,060,571","662,027,810",109.50,110.00,108.50,109.50, 0.00,"2,877",
109/01/09,"5,292,412","582,516,997",109.50,110.50,109.00,110.00,+0.50,"2,625",
109/01/10,"3,697,896","405,982,560",110.00,110.00,109.50,109.50,-0.50,"1,564",
109/01/13,"13,509,666","1,468,769,904",109.50,110.00,108.00,109.00,-0.50,"4,194",
109/01/14,"5,593,979","607,050,211",108.50,109.00,108.00,108.50,-0.50,"3,074",
109/01/15,"7,583,824","817,435,316",108.50,108.50,107.50,108.00,-0.50,"3,180",
109/01/16,"4,056,168","438,316,812",108.00,108.50,107.50,108.00, 0.00,"2,052",
109/01/17,"3,290,668","357,388,625",108.00,109.00,108.00,109.00,+1.00,"1,242",
109/01/20,"2,866,907","311,929,363",109.00,109.00,108.50,108.50,-0.50,"1,194",
109/01/30,"9,538,226","1,025,677,408",108.50,109.00,107.00,107.00,-1.50,"4,170",
109/01/31,"6,893,194","742,936,952",107.00,108.50,107.00,107.00, 0.00,"2,214",
109/02/03,"3,786,612","407,973,386",107.00,108.00,107.00,108.00,+1.00,"2,224",
109/02/04,"3,209,736","345,878,988",107.50,108.00,107.50,107.50,-0.50,"1,207",
109/02/05,"4,594,312","496,548,340",107.50,108.50,107.50,108.00,+0.50,"2,237",
109/02/06,"3,477,076","377,627,284",108.50,109.00,108.00,108.50,+0.50,"1,690",
109/02/07,"3,251,917","350,435,036",108.50,108.50,107.50,107.50,-1.00,"1,930",
109/02/10,"3,426,491","369,697,766",108.00,108.00,107.50,108.00,+0.50,"1,715",
109/02/11,"2,712,988","292,924,204",108.00,108.50,107.50,107.50,-0.50,"1,485",
109/02/12,"7,132,170","766,595,360",107.50,108.00,107.00,107.00,-0.50,"3,051",
109/02/13,"2,611,001","281,274,097",107.50,108.00,107.50,108.00,+1.00,"1,047",
109/02/14,"2,201,294","238,675,046",108.00,109.00,107.50,109.00,+1.00,"1,078",
109/02/17,"2,302,888","251,108,723",108.50,109.50,108.50,109.50,+0.50,"1,399",
109/02/18,"3,847,643","419,675,587",109.50,109.50,108.50,108.50,-1.00,"1,971",
109/02/19,"3,114,523","338,791,507",109.00,109.50,108.50,108.50, 0.00,"1,407",
109/02/20,"4,392,107","478,188,663",109.00,109.50,108.50,108.50, 0.00,"1,173",
109/02/21,"3,985,815","432,493,835",109.00,109.00,108.00,108.50, 0.00,"1,482",
109/02/24,"10,409,416","1,115,882,699",108.00,108.50,106.50,106.50,-2.00,"4,716",
109/02/25,"4,708,502","501,056,214",106.50,107.00,106.00,106.50, 0.00,"2,495",
109/02/26,"7,730,537","816,787,922",106.00,106.50,105.00,105.50,-1.00,"4,195",
109/02/27,"5,159,121","542,521,246",105.00,105.50,105.00,105.00,-0.50,"2,425",
109/03/02,"11,591,409","1,199,298,036",104.50,104.50,102.50,103.00,-2.00,"6,215",
109/03/03,"7,240,224","751,259,100",103.50,104.50,103.00,104.50,+1.50,"2,696",
109/03/04,"5,486,465","581,564,255",104.00,107.00,104.00,107.00,+2.50,"2,663",
109/03/05,"4,649,568","500,020,608",107.00,108.50,107.00,108.50,+1.50,"2,273",
109/03/06,"6,259,884","664,234,134",107.50,107.50,105.00,106.00,-2.50,"2,927",
109/03/09,"6,704,491","697,867,564",104.50,104.50,103.50,104.00,-2.00,"4,331",
109/03/10,"6,513,824","682,886,918",103.00,106.50,103.00,106.00,+2.00,"3,798",
109/03/11,"4,511,865","474,207,750",105.50,105.50,104.50,105.50,-0.50,"2,388",
109/03/12,"6,640,280","692,242,400",104.50,105.50,103.50,105.50, 0.00,"3,604",
109/03/13,"11,906,875","1,215,918,000",103.00,105.00,99.20,105.00,-0.50,"5,771",
109/03/16,"4,853,727","501,888,711",104.50,104.50,103.00,103.50,-1.50,"2,562",
109/03/17,"10,298,482","1,056,632,146",102.00,104.50,101.00,103.00,-0.50,"4,372",
109/03/18,"11,731,057","1,185,341,257",102.50,102.50,99.80,101.00,-2.00,"5,758",
109/03/19,"10,029,881","995,226,972",98.50,101.00,97.80,100.00,-1.00,"4,825",
109/03/20,"12,596,060","1,262,069,700",100.50,101.50,99.80,99.90,-0.10,"4,188",
109/03/23,"8,860,534","870,820,134",98.30,99.30,98.00,98.00,-1.90,"2,702",
109/03/24,"8,145,744","808,485,956",98.10,100.50,98.00,98.70,+0.70,"3,499",
109/03/25,"5,358,801","540,594,602",99.30,102.00,99.30,102.00,+3.30,"2,412",
109/03/26,"4,218,637","426,260,474",102.00,102.50,100.50,100.50,-1.50,"1,452",
109/03/27,"8,286,259","836,803,269",102.00,102.00,100.50,101.50,+1.00,"2,893",
109/03/30,"4,391,956","439,149,656",100.00,101.00,99.50,100.00,-1.50,"2,051",
109/03/31,"5,206,380","520,542,500",100.50,101.00,99.50,99.90,-0.10,"1,859",
109/04/01,"8,405,030","829,772,060",99.70,99.80,98.10,98.10,-1.80,"4,006",
109/04/06,"5,379,941","538,322,041",98.40,101.00,98.30,101.00,+2.90,"3,162",
109/04/07,"6,732,088","686,070,499",101.50,102.50,101.00,102.50,+1.50,"2,459",
109/04/08,"5,399,794","555,009,169",102.00,103.50,101.50,103.50,+1.00,"2,391",
109/04/09,"4,527,740","468,425,460",103.50,104.00,103.00,104.00,+0.50,"1,912",
109/04/10,"2,295,137","238,782,299",104.00,104.50,103.50,104.50,+0.50,"1,214",
109/04/13,"2,257,974","235,571,770",104.50,105.00,104.00,104.00,-0.50,"1,493",
109/04/14,"4,659,570","492,074,920",104.00,106.50,104.00,106.00,+2.00,"2,195",
109/04/15,"4,164,973","442,647,108",106.00,107.00,106.00,106.50,+0.50,"2,412",
109/04/16,"4,452,271","471,841,079",106.00,107.00,105.50,105.50,-1.00,"2,134",
109/04/17,"3,853,859","410,718,054",106.00,107.50,106.00,106.00,+0.50,"1,775",
109/04/20,"2,694,791","287,361,637",106.00,107.00,106.00,107.00,+1.00,902,
109/04/21,"4,537,835","482,667,414",106.50,107.00,106.00,106.00,-1.00,"2,660",
109/04/22,"2,365,386","249,657,916",105.50,106.00,105.00,106.00, 0.00,961,
109/04/23,"3,088,110","325,058,660",106.00,106.50,104.50,105.50,-0.50,"1,140",
109/04/24,"2,064,120","219,062,720",106.00,106.50,105.50,106.00,+0.50,"1,054",
109/04/27,"3,458,968","371,535,544",107.00,108.00,107.00,108.00,+2.00,"1,597",
109/04/28,"2,553,944","274,599,452",108.00,108.00,107.00,108.00, 0.00,937,
109/04/29,"4,875,198","522,263,277",107.00,107.50,106.50,106.50,-1.50,"2,665",
109/04/30,"4,142,100","445,261,745",107.00,108.00,106.50,107.50,+1.00,"2,359",
109/05/04,"6,103,029","651,140,135",105.50,108.00,105.00,108.00,+0.50,"3,703",
109/05/05,"2,665,957","287,337,356",107.50,108.00,107.50,107.50,-0.50,"1,685",
109/05/06,"3,716,509","398,405,463",107.50,107.50,107.00,107.00,-0.50,"2,276",
109/05/07,"1,259,605","135,377,025",107.50,108.00,107.00,107.50,+0.50,643,
109/05/08,"2,495,770","269,107,271",107.50,108.50,107.50,107.50, 0.00,"1,049",
109/05/11,"1,690,471","183,027,868",108.50,108.50,108.00,108.00,+0.50,"1,008",
109/05/12,"2,067,017","222,228,336",107.50,108.00,107.00,107.00,-1.00,"1,146",
109/05/13,"1,861,116","200,501,961",108.00,108.00,107.50,107.50,+0.50,831,
109/05/14,"1,714,338","183,701,330",107.50,107.50,107.00,107.00,-0.50,762,
109/05/15,"1,802,532","193,937,956",108.00,108.00,107.00,107.50,+0.50,803,
109/05/18,"3,300,171","354,666,468",107.00,108.00,107.00,107.50, 0.00,"1,115",
109/05/19,"3,220,001","347,724,278",108.50,108.50,107.50,108.00,+0.50,"1,453",
109/05/20,"2,671,887","288,078,796",108.00,108.50,107.50,107.50,-0.50,"1,394",
109/05/21,"4,041,182","434,782,055",108.00,108.00,107.00,107.50, 0.00,"1,505",
109/05/22,"2,895,207","309,934,746",107.50,108.00,106.50,106.50,-1.00,"1,423",
109/05/25,"2,630,375","280,368,798",107.00,107.50,106.00,107.50,+1.00,"1,254",
109/05/26,"2,244,451","241,512,708",107.50,108.00,107.00,107.50, 0.00,"1,120",
109/05/27,"2,495,650","267,796,866",107.50,108.00,107.00,107.50, 0.00,"1,366",
109/05/28,"2,809,452","301,337,316",107.50,107.50,107.00,107.50, 0.00,"1,469",
109/05/29,"10,176,301","1,089,286,851",107.00,107.50,106.00,107.50, 0.00,"2,755",
109/06/01,"6,019,707","644,311,391",107.50,108.00,106.50,106.50,-1.00,"2,014",
109/06/02,"6,177,500","658,076,500",107.00,107.00,106.00,107.00,+0.50,"2,448",
109/06/03,"4,476,015","483,145,118",107.00,108.50,107.00,108.50,+1.50,"2,400",
109/06/04,"3,027,751","326,763,810",108.00,108.50,107.50,108.00,-0.50,"1,562",
109/06/05,"3,137,140","337,762,620",108.00,108.50,107.50,107.50,-0.50,"1,543",
109/06/08,"3,071,552","331,757,616",108.00,108.50,107.50,108.50,+1.00,"1,688",
109/06/09,"2,728,445","294,286,828",108.00,108.50,107.50,107.50,-1.00,"1,641",
109/06/10,"3,046,501","329,489,347",108.00,108.50,107.50,108.50,+1.00,"1,803",
109/06/11,"3,932,442","424,152,236",108.00,108.50,107.00,107.50,-1.00,"1,776",
109/06/12,"3,548,709","381,780,572",107.00,108.00,107.00,107.50, 0.00,"1,796",
109/06/15,"5,426,823","580,123,137",107.50,108.00,106.00,106.00,-1.50,"3,013",
109/06/16,"3,999,538","430,531,321",107.00,108.50,107.00,107.50,+1.50,"1,703",
109/06/17,"3,384,557","364,512,872",107.50,108.00,107.50,108.00,+0.50,"1,650",
109/06/18,"3,396,392","365,249,625",108.00,108.50,107.00,107.50,-0.50,"1,384",
109/06/19,"11,072,114","1,188,819,246",107.50,108.50,106.50,107.00,-0.50,"4,281",
109/06/22,"2,459,829","264,430,032",107.50,108.00,107.00,107.50,+0.50,685,
109/06/23,"4,203,377","451,764,019",107.50,108.00,107.00,107.00,-0.50,"1,715",
109/06/24,"3,891,826","419,684,208",107.50,108.00,107.50,108.00,+1.00,"1,517",
109/06/29,"2,670,513","289,165,917",107.50,108.50,107.50,108.50,+0.50,"1,400",
109/06/30,"5,751,194","632,153,414",108.50,110.50,108.00,110.50,+2.00,"2,010",
109/07/01,"6,410,949","719,395,288",111.00,113.00,111.00,112.00,+1.50,"2,086",
109/07/02,"8,763,605","990,397,470",112.50,114.00,112.00,114.00,+2.00,"2,247",
109/07/03,"6,697,273","769,057,746",114.50,115.50,114.00,115.00,+1.00,"2,190",
109/07/06,"11,195,347","1,285,772,709",115.00,116.00,114.00,115.50,+0.50,"3,113",
109/07/07,"7,433,286","857,984,229",115.50,116.00,115.00,115.00,-0.50,"3,054",
109/07/08,"5,467,989","630,668,735",115.00,116.00,114.50,115.50,+0.50,"1,725",
109/07/09,"5,913,239","683,601,485",115.50,116.00,115.00,115.50, 0.00,"2,154",
109/07/10,"8,564,578","991,104,970",115.50,116.50,115.00,116.00,+0.50,"2,807",
109/07/13,"7,684,664","891,467,665",116.00,116.50,115.50,116.00, 0.00,"1,925",
109/07/14,"6,454,264","748,308,476",116.00,116.50,115.50,116.00, 0.00,"1,695",
109/07/15,"10,687,010","1,240,745,150",116.00,116.50,115.50,116.00, 0.00,"3,311",
109/07/16,"10,485,791","1,209,138,674",116.00,116.00,114.00,114.00,-2.00,"2,964",
109/07/17,"8,904,851","962,607,259",109.00,109.00,107.50,107.50,X0.00,"3,311",
109/07/20,"3,709,537","397,587,210",107.50,107.50,106.50,107.50, 0.00,"1,382",
109/07/21,"5,189,150","555,643,740",107.50,108.00,106.50,106.50,-1.00,"2,043",
109/07/22,"2,511,543","268,428,601",106.50,107.00,106.50,107.00,+0.50,"1,021",
109/07/23,"3,426,505","364,620,295",106.50,107.00,106.00,106.50,-0.50,"1,195",
109/07/24,"4,411,768","467,969,778",106.00,106.50,106.00,106.00,-0.50,"1,382",
109/07/27,"4,314,945","454,996,179",106.00,106.50,105.00,105.00,-1.00,"1,850",
109/07/28,"4,373,150","457,922,250",104.00,105.50,104.00,104.50,-0.50,"1,855",
109/07/29,"2,098,463","219,619,338",104.50,105.00,104.50,105.00,+0.50,"1,157",
109/07/30,"3,596,780","377,444,781",105.00,105.50,104.50,105.00, 0.00,"1,328",
109/07/31,"2,370,584","248,960,601",105.50,105.50,104.50,105.00, 0.00,727,
109/08/03,"3,193,065","333,600,325",105.00,105.00,104.00,104.00,-1.00,"1,305",
109/08/04,"3,287,446","342,314,088",104.50,105.00,104.00,104.00, 0.00,"1,614",
109/08/05,"4,133,372","430,647,560",104.50,105.00,103.50,104.50,+0.50,"1,577",
109/08/06,"4,168,198","432,797,170",104.50,105.00,103.50,104.00,-0.50,"1,945",
109/08/07,"5,666,381","587,252,124",103.50,104.00,103.00,103.50,-0.50,"1,639",
109/08/10,"6,313,168","651,499,863",103.50,104.00,103.00,103.00,-0.50,"1,766",
109/08/11,"6,114,545","628,270,876",103.00,103.50,102.50,102.50,-0.50,"3,122",
109/08/12,"5,846,554","601,200,812",103.00,103.00,102.50,103.00,+0.50,"2,083",
109/08/13,"3,182,836","328,727,007",103.50,103.50,103.00,103.50,+0.50,"1,422",
109/08/14,"5,085,673","523,957,645",103.00,103.50,102.50,103.00,-0.50,"1,722",
109/08/17,"1,344,613","138,925,252",103.00,103.50,103.00,103.50,+0.50,726,
109/08/18,"3,000,713","309,426,776",103.50,103.50,103.00,103.00,-0.50,"1,443",
109/08/19,"3,985,796","412,213,875",103.00,104.00,103.00,103.00, 0.00,"1,842",
109/08/20,"3,999,006","410,849,118",103.00,103.50,102.50,102.50,-0.50,"1,626",
109/08/21,"7,118,310","730,451,930",103.00,103.00,102.00,103.00,+0.50,"2,108",
109/08/24,"1,627,348","167,175,344",103.00,103.00,102.50,102.50,-0.50,648,
109/08/25,"5,021,367","514,320,074",102.50,103.00,102.00,102.00,-0.50,"1,905",
109/08/26,"3,262,546","334,536,238",102.00,103.00,102.00,102.50,+0.50,805,
109/08/27,"2,394,321","244,832,563",102.50,103.00,102.00,102.50, 0.00,949,
109/08/28,"1,825,588","186,739,755",102.50,103.00,102.00,102.50, 0.00,974,
109/08/31,"8,829,392","899,130,156",102.50,103.00,101.50,101.50,-1.00,"3,044",
109/09/01,"7,233,573","732,818,946",102.00,102.00,101.00,101.50, 0.00,"1,722",
109/09/02,"6,116,742","618,433,684",101.50,101.50,100.50,101.50, 0.00,"2,879",
109/09/03,"4,170,727","421,398,764",101.50,101.50,100.50,101.00,-0.50,"1,426",
109/09/04,"2,128,741","214,460,198",100.50,101.00,100.50,101.00, 0.00,"1,233",
109/09/07,"2,150,685","216,371,685",101.00,101.00,100.50,101.00, 0.00,"1,294",
109/09/08,"2,174,855","218,756,855",100.50,101.00,100.00,100.50,-0.50,"1,445",
109/09/09,"6,413,868","641,289,808",100.50,101.00,99.70,100.00,-0.50,"3,478",
109/09/10,"5,484,505","548,201,332",100.00,100.50,99.80,100.00, 0.00,"2,288",
109/09/11,"4,166,596","417,084,577",100.00,101.00,99.80,100.50,+0.50,"1,703",
109/09/14,"2,793,654","280,321,054",100.50,100.50,100.00,100.50, 0.00,"1,569",
109/09/15,"5,608,814","560,834,484",100.00,100.50,99.60,100.00,-0.50,"1,986",
109/09/16,"4,298,719","429,589,000",100.00,100.00,99.70,100.00, 0.00,"2,002",
109/09/17,"3,872,654","386,834,500",100.00,100.50,99.70,99.70,-0.30,"2,129",
109/09/18,"6,828,323","679,725,045",99.70,100.00,99.40,99.50,-0.20,"2,260",
109/09/21,"4,553,803","451,505,274",99.50,99.50,98.90,98.90,-0.60,"3,375",
109/09/22,"3,790,285","373,908,115",98.90,98.90,98.40,98.60,-0.30,"2,342",
109/09/23,"5,816,103","569,896,218",98.30,98.40,97.80,97.80,-0.80,"3,651",
109/09/24,"8,621,499","833,470,903",97.70,97.70,96.40,96.40,-1.40,"5,224",
109/09/25,"3,468,011","335,305,347",96.50,97.00,96.30,96.70,+0.30,"2,304",
109/09/28,"3,354,530","325,551,559",97.10,97.30,96.80,97.10,+0.40,"1,739",
109/09/29,"4,422,684","429,600,479",97.50,97.80,96.90,97.00,-0.10,"1,859",
109/09/30,"4,206,811","407,485,467",97.20,97.40,96.60,96.60,-0.40,"2,671",
109/10/05,"2,306,291","222,854,767",97.00,97.10,96.50,96.50,-0.10,"1,677",
109/10/06,"1,897,619","183,747,470",96.80,97.00,96.60,97.00,+0.50,"1,283",
109/10/07,"2,806,916","272,248,522",97.20,97.40,96.80,96.80,-0.20,"1,717",
109/10/08,"2,806,379","271,289,403",96.80,97.10,96.50,96.90,+0.10,"1,748",
109/10/12,"2,804,615","270,952,648",97.00,97.10,96.20,96.60,-0.30,"1,963",
109/10/13,"3,562,538","341,707,768",96.60,96.60,95.70,96.00,-0.60,"2,568",
109/10/14,"2,364,180","227,594,958",96.20,96.60,96.00,96.40,+0.40,"1,120",
109/10/15,"4,052,284","388,518,918",96.40,96.50,95.60,96.00,-0.40,"2,405",
109/10/16,"3,260,149","311,287,407",96.00,96.30,95.00,95.00,-1.00,"2,483",
109/10/19,"3,790,975","364,031,879",95.60,96.80,95.50,95.50,+0.50,"2,081",
109/10/20,"2,076,131","198,849,976",96.10,96.30,95.50,95.60,+0.10,"1,384",
109/10/21,"2,590,104","249,365,553",96.20,96.70,96.00,96.40,+0.80,"1,439",
109/10/22,"5,084,672","497,326,523",96.40,98.50,96.40,98.50,+2.10,"2,398",
109/10/23,"2,788,125","271,927,950",98.50,98.60,97.00,97.60,-0.90,"1,956",
109/10/26,"1,666,797","163,613,881",97.70,98.40,97.70,98.40,+0.80,"1,570",
109/10/27,"2,247,228","220,360,318",98.30,98.40,97.90,98.00,-0.40,"2,851",
109/10/28,"1,762,210","172,575,189",98.00,98.10,97.70,98.10,+0.10,"1,701",
109/10/29,"2,100,769","204,379,571",97.90,97.90,97.00,97.00,-1.10,"1,807",
109/10/30,"3,797,815","369,370,076",97.50,97.80,96.00,97.70,+0.70,"1,743",
109/11/02,"1,216,784","118,739,616",97.70,98.00,97.00,97.80,+0.10,871,
109/11/03,"2,337,524","228,796,822",98.10,98.40,97.30,97.80, 0.00,"4,152",
109/11/04,"1,400,252","137,008,114",97.80,98.30,97.30,97.90,+0.10,786,
109/11/05,"2,581,863","254,141,243",98.30,98.90,97.90,98.60,+0.70,"2,529",
109/11/06,"4,273,383","424,729,601",98.60,100.00,98.20,100.00,+1.40,"3,114",
109/11/09,"2,380,185","238,689,898",100.50,101.00,100.00,100.50,+0.50,"1,664",
109/11/10,"3,488,769","349,765,514",100.50,101.00,99.70,99.70,-0.80,"1,947",
109/11/11,"4,397,192","437,607,375",100.00,100.00,99.30,99.50,-0.20,"2,381",
109/11/12,"3,235,828","321,873,452",99.50,100.00,99.30,99.50, 0.00,"1,504",
109/11/13,"3,275,264","324,655,357",99.50,99.50,98.90,99.10,-0.40,"2,128",
109/11/16,"4,324,435","429,342,512",99.00,100.00,98.90,99.50,+0.40,"2,731",
109/11/17,"5,286,237","524,040,187",99.30,99.70,98.40,99.00,-0.50,"3,286",
109/11/18,"3,746,167","373,050,867",99.00,99.90,99.00,99.70,+0.70,"2,203",
109/11/19,"4,070,289","405,744,173",99.70,100.50,99.40,99.50,-0.20,"2,436",
109/11/20,"2,820,687","280,536,991",99.70,100.00,99.20,99.30,-0.20,"1,705",
109/11/23,"3,644,300","363,091,782",100.00,100.50,99.30,99.50,+0.20,"1,998",
109/11/24,"2,499,640","247,939,461",99.60,99.70,99.00,99.10,-0.40,"2,017",
109/11/25,"4,254,527","420,478,680",99.50,99.50,98.50,98.70,-0.40,"2,594",
109/11/26,"2,212,320","218,915,346",98.70,99.60,98.60,99.60,+0.90,"1,592",
109/11/27,"3,461,541","343,444,562",99.40,99.60,99.00,99.20,-0.40,"2,382",
109/11/30,"14,216,244","1,385,671,074",99.20,99.40,97.10,97.10,-2.10,"2,970",
109/12/01,"2,399,837","235,434,333",97.80,98.30,97.80,98.30,+1.20,"1,779",
109/12/02,"4,082,211","398,999,588",97.90,98.20,97.60,97.70,-0.60,"2,873",
109/12/03,"5,995,791","582,321,102",97.60,97.60,97.00,97.00,-0.70,"4,739",
109/12/04,"3,126,294","305,717,157",97.40,98.20,97.40,97.60,+0.60,"2,153",
109/12/07,"3,934,912","385,170,379",98.30,98.30,97.60,97.60, 0.00,"2,738",
109/12/08,"2,950,546","288,188,482",97.60,98.00,97.20,97.80,+0.20,"2,284",
109/12/09,"3,192,126","312,568,002",97.80,98.30,97.60,97.80, 0.00,"1,954",
109/12/10,"3,069,806","301,332,694",97.80,98.50,97.80,97.90,+0.10,"1,905",
109/12/11,"3,267,213","321,606,429",98.30,98.80,98.00,98.60,+0.70,"2,214",
109/12/14,"3,403,805","337,440,399",98.90,99.60,98.60,99.00,+0.40,"2,433",
109/12/15,"2,291,005","225,551,134",98.90,99.00,98.00,98.50,-0.50,"1,748",
109/12/16,"3,519,820","347,846,503",98.90,99.40,98.20,99.20,+0.70,"2,468",
109/12/17,"2,059,874","203,972,569",99.10,99.20,98.70,99.20, 0.00,"1,304",
109/12/18,"2,819,797","280,041,970",99.20,99.60,99.00,99.30,+0.10,"1,520",
109/12/21,"1,873,425","185,807,006",99.50,99.50,98.70,99.40,+0.10,"1,288",
109/12/22,"1,768,177","175,133,167",99.10,99.30,98.70,99.00,-0.40,"1,230",
109/12/23,"1,375,348","135,519,870",98.60,98.80,98.30,98.60,-0.40,887,
109/12/24,"1,721,595","169,666,759",98.60,99.00,98.40,98.50,-0.10,893,
109/12/25,"1,349,927","133,194,531",98.60,99.00,98.50,98.80,+0.30,834,
109/12/28,"1,813,906","179,516,571",98.80,99.50,98.50,99.50,+0.70,"1,384",
109/12/29,"1,743,564","172,703,314",99.50,99.50,98.90,99.00,-0.50,"1,227",
109/12/30,"3,134,733","312,014,383",99.10,99.90,99.00,99.70,+0.70,"2,227",
109/12/31,"2,788,537","276,625,743",99.70,99.70,98.90,98.90,-0.80,"1,411",
110/01/04,"2,591,839","256,136,460",98.70,99.20,98.50,98.70,-0.20,"1,699",
110/01/05,"2,526,754","249,935,054",99.10,99.40,98.60,99.20,+0.50,"1,387",
110/01/06,"3,377,226","332,856,130",98.80,99.10,98.10,98.60,-0.60,"2,526",
110/01/07,"2,497,819","245,790,290",98.20,99.00,98.10,98.30,-0.30,"1,842",
110/01/08,"5,409,766","536,057,573",98.30,99.50,98.20,99.50,+1.20,"3,270",
110/01/11,"4,375,651","433,467,216",99.40,99.40,98.80,99.40,-0.10,"2,473",
110/01/12,"4,425,863","439,233,171",99.30,99.50,98.80,99.40, 0.00,"2,214",
110/01/13,"4,613,645","458,562,745",99.40,99.70,99.20,99.50,+0.10,"2,490",
110/01/14,"3,731,328","371,275,375",99.50,99.70,99.30,99.60,+0.10,"2,334",
110/01/15,"4,607,473","457,165,403",99.30,99.50,98.80,99.10,-0.50,"1,885",
110/01/18,"3,499,537","344,904,704",99.10,99.40,98.20,98.70,-0.40,"1,948",
110/01/19,"2,053,324","201,940,350",98.40,98.60,98.20,98.20,-0.50,"1,392",
110/01/20,"6,271,960","612,229,926",98.10,98.30,97.00,97.30,-0.90,"3,928",
110/01/21,"3,550,811","345,628,359",97.40,97.70,97.20,97.20,-0.10,"2,257",
110/01/22,"3,873,726","375,050,152",97.80,97.90,96.60,96.70,-0.50,"2,643",
110/01/25,"2,958,812","288,141,436",96.70,98.10,96.70,97.80,+1.10,"1,826",
110/01/26,"3,778,026","366,376,128",97.70,97.70,96.60,97.40,-0.40,"2,358",
110/01/27,"3,297,281","319,939,787",97.70,97.90,96.60,96.60,-0.80,"1,826",
110/01/28,"3,438,414","333,073,252",96.80,97.60,96.50,97.20,+0.60,"2,406",
110/01/29,"5,208,826","501,840,750",96.50,96.80,96.00,96.20,-1.00,"2,788",
110/02/01,"1,881,617","182,000,546",96.50,97.30,96.30,96.50,+0.30,"1,546",
110/02/02,"1,985,326","191,846,883",96.30,97.10,96.00,96.80,+0.30,"1,400",
110/02/03,"2,803,517","270,425,374",96.80,96.90,96.20,96.30,-0.50,"1,602",
110/02/04,"2,171,526","208,980,567",96.10,96.80,96.00,96.30, 0.00,"1,614",
110/02/05,"2,424,304","234,481,959",95.90,97.70,95.90,97.20,+0.90,"1,724",
110/02/17,"5,558,685","536,376,014",96.30,97.00,96.00,96.60,-0.60,"4,106",
110/02/18,"4,210,467","407,188,040",96.60,97.70,96.40,96.40,-0.20,"2,598",
110/02/19,"3,589,450","345,294,225",96.40,96.60,96.00,96.20,-0.20,"2,466",
110/02/22,"3,501,011","337,342,642",96.30,96.80,96.10,96.20, 0.00,"2,474",
110/02/23,"4,527,634","441,263,023",96.20,98.10,96.20,98.00,+1.80,"2,786",
110/02/24,"3,877,860","381,032,047",98.00,98.90,98.00,98.00, 0.00,"2,395",
110/02/25,"3,094,566","305,736,848",98.30,99.00,98.20,99.00,+1.00,"2,343",
110/02/26,"8,615,916","839,207,486",99.00,99.00,97.00,97.10,-1.90,"4,039",
110/03/02,"3,389,196","330,922,467",97.50,98.00,97.30,97.30,+0.20,"2,147",
110/03/03,"5,841,381","576,736,362",98.00,99.00,97.80,98.90,+1.60,"3,314",
110/03/04,"5,475,971","535,667,846",98.60,98.80,97.10,98.00,-0.90,"3,529",
110/03/05,"2,635,862","257,617,980",97.40,98.30,97.20,97.80,-0.20,"1,860",
110/03/08,"3,335,073","326,222,298",98.00,98.70,97.50,97.60,-0.20,"1,855",
110/03/09,"2,961,448","291,336,202",98.30,98.70,97.70,98.60,+1.00,"1,996",
110/03/10,"3,289,110","325,328,019",98.80,99.20,98.60,99.20,+0.60,"2,256",
110/03/11,"3,555,685","352,383,139",99.10,99.50,98.80,98.80,-0.40,"1,939",
110/03/12,"1,828,695","180,973,739",99.50,99.50,98.80,98.90,+0.10,"1,289",
110/03/15,"3,377,758","332,153,323",98.80,98.90,98.10,98.10,-0.80,"2,085",
110/03/16,"3,358,081","331,951,429",98.50,99.20,98.40,98.80,+0.70,"2,306",
110/03/17,"3,945,811","389,239,237",99.10,99.20,98.10,98.70,-0.10,"2,753",
110/03/18,"3,432,713","339,315,258",98.80,99.30,98.30,98.60,-0.10,"2,046",
110/03/19,"6,339,281","621,548,512",99.00,99.00,97.80,97.80,-0.80,"2,982",
110/03/22,"2,421,852","236,615,180",97.80,98.00,97.30,97.80, 0.00,"1,649",
110/03/23,"1,561,322","152,364,374",97.80,97.90,97.50,97.50,-0.30,"1,277",
110/03/24,"2,032,700","198,248,817",97.50,98.00,97.40,97.50, 0.00,"1,399",
110/03/25,"2,426,613","236,720,338",97.50,97.90,97.30,97.50, 0.00,"1,660",
110/03/26,"1,784,596","174,957,758",97.50,98.50,97.50,98.50,+1.00,"1,471",
110/03/29,"3,409,425","335,380,270",98.50,98.80,98.00,98.80,+0.30,"2,118",
110/03/30,"3,166,214","312,212,119",98.70,98.90,98.30,98.90,+0.10,"1,827",
110/03/31,"4,021,474","395,696,595",98.90,99.00,98.20,98.20,-0.70,"1,812",
110/04/01,"1,750,292","172,228,716",98.20,98.90,98.20,98.20, 0.00,"1,146",
110/04/06,"2,534,967","249,776,700",98.60,99.00,98.30,98.70,+0.50,"1,604",
110/04/07,"2,384,661","235,656,085",98.90,99.00,98.70,99.00,+0.30,"1,741",
110/04/08,"3,683,053","362,579,615",98.70,98.90,98.20,98.30,-0.70,"2,234",
110/04/09,"2,395,341","235,509,776",98.30,98.70,98.10,98.20,-0.10,"1,573",
110/04/12,"2,868,736","281,231,847",98.20,98.20,98.00,98.00,-0.20,"2,203",
110/04/13,"1,791,758","176,338,383",98.60,98.60,98.20,98.50,+0.50,"1,516",
110/04/14,"3,459,803","341,819,508",98.70,99.00,98.50,98.70,+0.20,"2,174",
110/04/15,"2,314,312","228,580,594",98.80,99.00,98.60,98.90,+0.20,"1,558",
110/04/16,"2,790,531","276,316,950",99.00,99.20,98.90,99.20,+0.30,"1,952",
110/04/19,"3,140,527","312,010,766",99.20,99.80,99.00,99.80,+0.60,"2,075",
110/04/20,"4,413,365","444,263,595",100.00,101.50,99.90,101.50,+1.70,"2,741",
110/04/21,"4,078,075","411,185,432",101.50,101.50,100.50,100.50,-1.00,"1,899",
110/04/22,"3,288,389","331,204,864",101.00,101.50,100.50,101.00,+0.50,"1,860",
110/04/23,"2,824,929","284,562,806",101.00,101.50,100.50,101.00, 0.00,"1,617",
110/04/26,"2,926,130","294,971,511",101.00,101.50,100.50,101.00, 0.00,"2,102",
110/04/27,"2,870,551","289,250,571",101.00,101.00,100.50,101.00, 0.00,"1,772",
110/04/28,"4,203,222","422,377,801",101.00,101.00,100.00,100.50,-0.50,"1,979",
110/04/29,"2,698,321","270,361,558",100.00,100.50,100.00,100.00,-0.50,"1,326",
110/05/03,"2,901,445","289,150,037",100.00,100.50,99.30,99.80,-0.20,"1,781",
110/05/04,"4,934,300","491,635,043",100.00,100.50,99.00,99.10,-0.70,"2,463",
110/05/05,"3,252,873","322,501,488",99.50,99.60,98.70,99.00,-0.10,"1,744",
110/05/06,"4,804,101","479,747,378",99.20,100.50,99.10,100.00,+1.00,"2,405",
110/05/07,"3,310,814","332,968,709",100.50,101.00,100.00,100.50,+0.50,"1,784",
110/05/10,"3,774,957","376,967,311",101.00,101.00,100.00,100.50, 0.00,"1,667",
110/05/11,"4,515,844","453,560,464",100.50,101.00,100.00,100.50, 0.00,"2,671",
110/05/12,"12,404,063","1,227,319,684",100.50,101.00,95.50,98.40,-2.10,"5,545",
110/05/13,"10,122,777","990,535,859",98.40,98.70,97.00,97.30,-1.10,"5,195",
110/05/14,"5,335,638","525,560,786",97.60,99.70,97.40,99.70,+2.40,"2,612",
110/05/17,"7,524,373","744,906,449",98.00,99.60,98.00,99.60,-0.10,"3,383",
110/05/18,"4,765,237","475,732,422",98.80,100.50,98.80,100.50,+0.90,"2,359",
110/05/19,"3,014,889","301,752,673",99.10,100.50,99.10,100.50, 0.00,"1,885",
110/05/20,"4,035,239","403,563,812",99.60,100.50,99.20,100.50, 0.00,"1,896",
110/05/21,"2,506,015","252,328,998",101.00,101.00,100.00,101.00,+0.50,"1,376",
110/05/24,"1,618,286","161,667,002",100.50,100.50,99.50,100.00,-1.00,996,
110/05/25,"2,372,136","237,449,644",99.70,100.50,99.50,100.00, 0.00,"1,366",
110/05/26,"2,447,720","243,656,598",99.70,99.90,99.20,99.70,-0.30,"1,443",
110/05/27,"10,294,351","1,011,863,719",99.20,99.20,98.00,98.00,-1.70,"3,388",
110/05/28,"2,823,324","280,410,751",98.80,99.70,98.50,99.70,+1.70,"1,741",
110/05/31,"3,286,311","328,896,606",100.00,100.50,99.40,100.50,+0.80,"2,431",
110/06/01,"2,453,345","245,974,461",100.00,101.00,99.60,100.00,-0.50,"1,887",
110/06/02,"2,261,286","227,639,743",100.00,101.00,99.80,101.00,+1.00,"1,800",
110/06/03,"1,810,065","182,121,055",100.50,101.00,100.00,100.50,-0.50,"1,196",
110/06/04,"2,582,833","260,509,866",100.50,101.50,100.00,101.00,+0.50,"1,654",
110/06/07,"2,065,041","209,100,171",101.00,101.50,100.50,101.00, 0.00,"1,409",
110/06/08,"3,166,311","323,756,421",101.50,102.50,101.50,102.50,+1.50,"1,921",
110/06/09,"2,185,135","224,430,586",102.50,103.00,102.00,102.50, 0.00,"1,401",
110/06/10,"2,636,290","271,785,861",102.50,103.50,102.00,103.50,+1.00,"1,696",
110/06/11,"2,614,919","270,593,243",103.50,104.00,103.00,103.50, 0.00,"1,613",
110/06/15,"1,700,525","175,133,577",103.50,104.00,102.50,102.50,-1.00,"1,275",
110/06/16,"2,967,527","304,907,346",102.50,103.00,102.00,102.50, 0.00,"2,194",
110/06/17,"1,276,198","130,599,893",102.50,102.50,102.00,102.50, 0.00,739,
110/06/18,"6,622,574","671,441,874",102.00,102.50,101.00,101.00,-1.50,"2,236",
110/06/21,"1,677,208","170,051,594",101.00,102.00,101.00,101.50,+0.50,"1,051",
110/06/22,"2,201,265","223,679,927",101.50,102.50,101.00,101.50, 0.00,"1,075",
110/06/23,"2,949,081","301,632,901",102.00,103.00,102.00,102.00,+0.50,"1,774",
110/06/24,"1,710,281","175,069,028",102.50,103.00,102.00,102.00, 0.00,"1,038",
110/06/25,"2,063,559","211,461,844",102.50,103.00,102.00,102.50,+0.50,"1,228",
110/06/28,"1,344,126","137,536,725",102.50,103.00,102.00,102.00,-0.50,998,
110/06/29,"2,991,778","305,820,082",102.00,102.50,101.50,102.50,+0.50,"1,972",
110/06/30,"2,142,934","218,875,184",102.50,102.50,102.00,102.00,-0.50,"1,201",
110/07/01,"3,372,665","344,377,389",102.00,103.00,101.50,102.00, 0.00,"1,994",
110/07/02,"2,984,192","305,265,783",102.00,103.00,101.50,102.00, 0.00,"1,575",
110/07/05,"1,906,552","195,178,559",102.50,103.00,102.00,102.50,+0.50,"1,232",
110/07/06,"1,758,138","179,923,159",102.50,103.00,102.00,102.00,-0.50,"1,053",
110/07/07,"1,499,557","153,280,020",102.00,102.50,101.50,102.50,+0.50,"1,097",
110/07/08,"2,121,669","217,193,218",102.50,103.00,102.00,102.50, 0.00,"1,311",
110/07/09,"2,013,645","206,405,783",102.00,103.00,102.00,103.00,+0.50,"1,127",
110/07/12,"2,820,737","287,690,873",102.50,103.00,101.50,102.00,-1.00,"2,266",
110/07/13,"2,742,703","280,963,476",102.50,103.00,102.00,103.00,+1.00,"1,750",
110/07/14,"1,111,383","113,730,072",103.00,103.00,102.00,102.50,-0.50,701,
110/07/15,"1,737,538","177,983,493",103.00,103.00,102.00,102.50, 0.00,"1,253",
110/07/16,"1,958,896","200,163,178",102.50,103.00,102.00,102.00,-0.50,"1,318",
110/07/19,"1,627,404","166,285,958",102.00,102.50,102.00,102.50,+0.50,"1,162",
110/07/20,"695,133","71,037,511",102.50,102.50,102.00,102.00,-0.50,639,
110/07/21,"1,281,957","131,210,457",102.00,102.50,102.00,102.50,+0.50,"1,158",
110/07/22,"3,100,099","319,494,230",102.50,103.50,102.00,103.50,+1.00,"1,753",
110/07/23,"1,647,735","170,816,888",103.50,104.00,103.50,104.00,+0.50,"1,054",
110/07/26,"1,851,097","191,841,638",104.00,104.50,103.50,103.50,-0.50,979,
110/07/27,"1,429,822","148,578,209",104.00,104.00,103.50,104.00,+0.50,"1,131",
110/07/28,"2,701,595","280,444,399",104.00,104.00,103.00,104.00, 0.00,"1,552",
110/07/29,"1,803,269","187,997,556",104.00,104.50,103.50,104.50,+0.50,"1,141",
110/07/30,"1,716,252","178,730,380",104.50,104.50,104.00,104.00,-0.50,875,
110/08/02,"3,044,914","319,147,069",104.50,105.00,104.00,105.00,+1.00,"1,555",
110/08/03,"2,968,984","313,806,441",105.50,106.00,105.00,106.00,+1.00,"1,709",
110/08/04,"5,484,937","585,765,446",106.00,107.00,106.00,107.00,+1.00,"2,114",
110/08/05,"13,319,981","1,442,291,971",107.00,109.50,107.00,108.50,+1.50,"5,721",
110/08/06,"8,324,901","899,567,068",108.50,108.50,107.50,108.00,-0.50,"2,406",
110/08/09,"4,533,528","485,838,732",108.00,108.00,106.50,107.00,-1.00,"1,973",
110/08/10,"4,048,554","432,525,122",107.50,107.50,106.00,107.00, 0.00,"1,547",
110/08/11,"4,817,209","515,052,556",106.50,107.00,106.00,107.00, 0.00,"2,112",
110/08/12,"3,491,462","372,872,337",107.00,107.00,106.50,107.00, 0.00,"1,285",
110/08/13,"5,777,889","611,493,910",106.50,106.50,105.00,106.00,-1.00,"1,981",
110/08/16,"5,217,467","546,989,370",105.00,105.50,104.50,105.00,-1.00,"2,159",
110/08/17,"8,277,347","862,085,451",104.50,105.00,103.50,105.00, 0.00,"3,232",
110/08/18,"2,988,860","312,123,192",104.50,105.00,104.00,105.00, 0.00,"1,439",
110/08/19,"5,740,676","594,397,046",104.00,104.50,103.00,103.00,-2.00,"2,456",
110/08/20,"9,126,940","927,591,324",102.50,103.00,101.00,101.50,-1.50,"4,205",
110/08/23,"18,142,415","1,747,196,686",96.10,96.90,96.00,96.90,X0.00,"11,573",
110/08/24,"8,232,623","801,663,665",97.50,98.00,96.90,98.00,+1.10,"4,811",
110/08/25,"5,231,965","511,483,970",98.30,98.50,97.30,97.80,-0.20,"3,938",
110/08/26,"3,281,961","322,005,801",98.00,98.60,97.70,98.50,+0.70,"1,897",
110/08/27,"3,244,677","320,560,968",98.50,99.10,98.20,99.10,+0.60,"1,593",
110/08/30,"3,572,950","354,886,042",99.40,99.80,98.60,99.70,+0.60,"2,140",
110/08/31,"4,967,064","498,187,634",99.60,101.00,99.10,101.00,+1.30,"1,758",
110/09/01,"4,672,842","463,258,161",100.00,100.50,98.40,99.00,-2.00,"3,183",
110/09/02,"3,535,520","347,976,194",99.00,99.10,98.00,98.50,-0.50,"2,645",
110/09/03,"2,542,284","250,458,948",98.80,99.00,98.20,98.90,+0.40,"1,391",
110/09/06,"2,889,794","285,072,067",99.00,99.00,98.30,98.60,-0.30,"1,591",
110/09/07,"2,747,754","270,923,432",98.50,98.90,98.40,98.50,-0.10,"1,335",
110/09/08,"3,428,945","339,021,665",98.80,99.30,98.50,99.30,+0.80,"1,755",
110/09/09,"2,220,428","218,896,955",99.00,99.00,98.40,98.50,-0.80,"1,152",
110/09/10,"2,279,738","225,796,265",98.50,99.40,98.50,99.40,+0.90,"1,335",
110/09/13,"1,879,968","186,027,084",99.40,99.40,98.70,99.30,-0.10,"1,357",
110/09/14,"1,971,344","195,119,016",99.40,99.40,98.80,99.00,-0.30,"1,514",
110/09/15,"1,983,086","196,676,635",99.00,99.40,98.90,99.20,+0.20,"1,683",
110/09/16,"2,336,948","231,185,624",99.20,99.40,98.70,99.00,-0.20,"1,559",
110/09/17,"6,592,272","657,614,533",99.00,100.50,99.00,99.50,+0.50,"2,535",
110/09/22,"4,129,552","406,158,401",98.60,98.80,98.00,98.60,-0.90,"3,070",
110/09/23,"2,170,261","215,768,157",98.80,99.80,98.60,99.60,+1.00,"1,528",
110/09/24,"1,466,133","146,112,540",99.90,100.00,99.30,99.80,+0.20,"1,008",
110/09/27,"2,117,842","210,686,438",99.70,99.80,99.10,99.70,-0.10,"1,173",
110/09/28,"1,852,193","183,731,991",99.40,99.60,98.50,99.60,-0.10,"1,237",
110/09/29,"3,165,045","312,919,687",99.10,99.30,98.50,99.30,-0.30,"2,193",
110/09/30,"2,834,546","280,222,539",98.60,99.30,98.50,98.90,-0.40,"1,148",
110/10/01,"4,531,162","445,424,021",98.50,98.70,98.10,98.60,-0.30,"2,574",
110/10/04,"2,553,878","251,612,081",98.60,99.00,98.10,98.80,+0.20,"1,667",
110/10/05,"3,206,896","317,659,062",98.70,99.50,98.30,99.20,+0.40,"2,092",
110/10/06,"3,470,329","342,817,398",99.30,99.30,98.30,99.20, 0.00,"2,706",
110/10/07,"3,087,161","306,437,049",99.20,99.60,98.80,99.20, 0.00,"2,048",
110/10/08,"2,561,079","253,189,850",98.80,99.30,98.70,98.90,-0.30,"2,035",
110/10/12,"4,750,707","467,793,131",98.50,99.00,97.60,99.00,+0.10,"2,222",
110/10/13,"2,854,666","281,307,127",99.20,99.30,98.20,98.80,-0.20,"1,790",
110/10/14,"1,836,373","180,852,306",99.00,99.00,98.30,98.30,-0.50,"1,168",
110/10/15,"1,944,323","191,521,435",98.30,98.80,98.30,98.60,+0.30,"1,262",
110/10/18,"2,847,535","280,193,993",98.60,98.70,98.10,98.30,-0.30,"1,666",
110/10/19,"3,752,753","368,461,967",98.50,98.50,98.00,98.10,-0.20,"2,300",
110/10/20,"4,305,283","422,067,965",98.20,98.40,97.80,98.40,+0.30,"2,031",
110/10/21,"5,617,341","552,449,803",98.50,98.50,98.00,98.40, 0.00,"1,321",
110/10/22,"2,418,213","237,447,951",98.30,98.40,98.00,98.40, 0.00,"1,442",
110/10/25,"936,237","92,041,692",98.30,98.50,98.10,98.40, 0.00,711,
110/10/26,"4,700,177","462,571,033",98.60,98.60,98.20,98.40, 0.00,"1,359",
110/10/27,"2,014,397","197,781,851",98.30,98.40,98.00,98.10,-0.30,"1,194",
110/10/28,"1,520,445","149,386,648",98.40,98.40,98.10,98.20,+0.10,"1,063",
110/10/29,"5,436,065","533,445,280",98.20,98.40,97.90,98.10,-0.10,"1,602",
110/11/01,"1,854,235","182,172,880",98.20,98.40,98.10,98.40,+0.30,"1,122",
110/11/02,"2,556,019","250,769,529",98.50,98.50,98.00,98.00,-0.40,"1,578",
110/11/03,"1,815,299","178,154,608",98.00,98.40,98.00,98.40,+0.40,"1,317",
110/11/04,"1,720,723","169,218,618",98.40,98.50,98.10,98.40, 0.00,"1,113",
110/11/05,"2,913,774","287,583,412",98.30,99.10,98.20,99.10,+0.70,"1,770",
110/11/08,"2,862,699","282,399,149",98.90,98.90,98.30,98.80,-0.30,"3,195",
110/11/09,"2,865,390","282,965,678",98.70,99.00,98.50,98.80, 0.00,"1,721",
110/11/10,"1,972,897","195,205,188",98.80,99.10,98.70,99.10,+0.30,"1,266",
110/11/11,"2,124,768","210,782,971",99.10,99.60,98.80,99.50,+0.40,"1,566",
110/11/12,"1,777,959","176,893,572",99.50,99.70,99.10,99.70,+0.20,"1,421",
110/11/15,"2,171,481","216,379,467",99.70,99.90,99.30,99.70, 0.00,"2,839",
110/11/16,"2,857,455","285,114,760",99.80,100.00,99.30,100.00,+0.30,"2,070",
110/11/17,"2,449,523","244,955,492",100.00,100.50,99.50,100.50,+0.50,"1,878",
110/11/18,"2,044,118","204,982,958",100.50,100.50,99.90,100.50, 0.00,"1,318",
110/11/19,"2,619,607","261,749,938",100.50,100.50,99.50,100.00,-0.50,"1,530",
110/11/22,"1,500,186","148,985,709",100.00,100.00,99.10,99.10,-0.90,"1,099",
110/11/23,"1,839,809","182,142,137",99.10,99.60,98.50,99.20,+0.10,"1,401",
110/11/24,"1,343,172","132,729,225",99.10,99.40,98.70,98.70,-0.50,"1,672",
110/11/25,"1,467,597","144,726,942",98.80,99.00,98.50,98.80,+0.10,"1,213",
110/11/26,"2,648,119","260,247,984",98.50,98.80,98.10,98.10,-0.70,"1,994",
110/11/29,"1,723,931","169,357,883",98.10,98.60,98.00,98.20,+0.10,"1,360",
110/11/30,"12,514,260","1,219,643,544",98.20,98.50,97.00,97.00,-1.20,"4,381",
110/12/01,"3,059,160","299,702,029",97.40,98.50,97.30,98.30,+1.30,"2,381",
110/12/02,"2,758,918","272,020,874",98.10,99.00,98.00,98.80,+0.50,"1,615",
110/12/03,"1,627,898","160,190,436",98.30,98.70,98.20,98.30,-0.50,"1,620",
110/12/06,"2,003,966","196,429,737",98.00,98.30,97.50,98.00,-0.30,"1,467",
110/12/07,"2,350,264","230,942,601",98.00,98.60,98.00,98.60,+0.60,"1,505",
110/12/08,"1,708,589","168,495,046",99.00,99.00,98.40,98.60, 0.00,"1,234",
110/12/09,"1,475,485","145,500,724",98.60,98.80,98.40,98.80,+0.20,878,
110/12/10,"1,280,650","126,060,739",98.50,98.60,98.20,98.30,-0.50,837,
110/12/13,"2,233,021","219,187,906",98.40,98.50,98.00,98.00,-0.30,"1,822",
110/12/14,"1,342,077","131,624,739",98.00,98.40,97.90,98.10,+0.10,968,
110/12/15,"2,781,489","273,377,165",98.00,98.60,97.80,98.10, 0.00,"1,097",
110/12/16,"2,882,253","283,911,819",98.30,98.80,98.00,98.60,+0.50,"1,291",
110/12/17,"3,397,987","335,686,124",98.60,98.90,98.50,98.90,+0.30,897,
110/12/20,"2,260,932","222,745,305",98.50,98.80,98.30,98.40,-0.50,"1,410",
110/12/21,"3,527,812","348,640,986",98.50,99.10,98.40,98.80,+0.40,"1,378",
110/12/22,"2,045,635","203,009,275",99.00,99.50,99.00,99.20,+0.40,"1,061",
110/12/23,"2,072,358","206,184,512",99.10,99.60,99.10,99.50,+0.30,"1,539",
110/12/24,"2,076,958","206,915,277",99.60,99.80,99.30,99.80,+0.30,"1,447",
110/12/27,"2,511,347","250,799,072",99.80,100.50,99.50,99.90,+0.10,"2,710",
110/12/28,"2,289,701","229,352,976",99.90,100.50,99.80,100.50,+0.60,"1,457",
110/12/29,"2,426,234","243,265,754",100.50,100.50,99.80,100.50, 0.00,"1,241",
110/12/30,"1,724,228","172,611,467",100.50,100.50,99.80,100.00,-0.50,"1,666",
111/01/03,"3,540,736","355,951,636",101.00,101.50,100.00,100.50,+0.50,"3,392",
111/01/04,"3,298,089","327,902,743",100.00,100.50,99.00,99.20,-1.30,"5,911",
111/01/05,"3,200,396","317,942,935",99.10,99.70,98.80,99.70,+0.50,"1,597",
111/01/06,"2,726,691","270,456,519",99.70,99.70,99.00,99.20,-0.50,"1,610",
111/01/07,"1,303,114","129,501,144",99.50,99.50,99.20,99.50,+0.30,"1,400",
111/01/10,"1,877,589","187,060,610",99.80,100.00,99.30,99.80,+0.30,"1,205",
111/01/11,"2,002,640","199,959,038",99.90,100.00,99.60,100.00,+0.20,"1,318",
111/01/12,"1,874,358","187,524,154",100.00,100.50,99.80,100.50,+0.50,"1,320",
111/01/13,"2,741,631","275,022,428",100.50,100.50,100.00,100.50, 0.00,"1,801",
111/01/14,"2,087,242","210,069,044",100.50,101.00,100.00,101.00,+0.50,"1,437",
111/01/17,"1,642,338","164,727,154",100.50,101.00,100.00,100.00,-1.00,"1,214",
111/01/18,"1,239,852","124,259,454",100.50,100.50,100.00,100.00, 0.00,"1,304",
111/01/19,"2,235,589","224,558,569",100.50,101.00,100.00,101.00,+1.00,"1,678",
111/01/20,"3,380,288","338,112,344",100.50,101.00,99.60,99.90,-1.10,"4,339",
111/01/21,"3,858,775","384,128,873",99.90,100.50,99.20,100.00,+0.10,"3,688",
111/01/24,"1,266,581","126,991,983",99.60,100.50,99.40,100.50,+0.50,978,
111/01/25,"3,829,394","381,668,256",99.50,100.50,99.00,100.50, 0.00,"3,170",
111/01/26,"1,995,347","199,347,309",100.00,100.50,99.70,99.70,-0.80,"1,813",
111/02/07,"3,819,688","383,593,388",99.50,101.00,99.50,101.00,+1.30,"2,263",
111/02/08,"2,382,924","240,011,820",100.50,101.00,100.00,100.50,-0.50,"1,441",
111/02/09,"3,053,960","309,705,095",100.50,102.00,100.50,102.00,+1.50,"2,107",
111/02/10,"3,585,457","369,146,624",102.00,103.50,102.00,103.50,+1.50,"2,420",
111/02/11,"2,972,355","306,212,128",103.00,103.50,102.50,103.00,-0.50,"1,615",
111/02/14,"2,334,341","240,174,885",103.00,104.00,102.00,103.00, 0.00,"1,655",
111/02/15,"3,118,608","323,224,140",103.50,104.00,103.00,103.50,+0.50,"1,883",
111/02/16,"3,502,128","366,160,083",103.50,105.00,103.50,105.00,+1.50,"2,354",
111/02/17,"4,659,378","490,675,334",105.00,106.00,104.50,105.00, 0.00,"2,606",
111/02/18,"2,323,125","244,272,787",105.00,105.50,104.50,105.00, 0.00,"1,492",
111/02/21,"2,899,001","305,661,747",104.50,106.00,104.00,106.00,+1.00,"1,414",
111/02/22,"4,195,019","441,203,802",105.50,106.00,104.50,106.00, 0.00,"2,080",
111/02/23,"3,684,352","392,247,252",106.00,107.00,105.50,107.00,+1.00,"2,379",
111/02/24,"6,257,044","658,998,208",106.50,107.00,104.00,105.00,-2.00,"3,857",
111/02/25,"11,239,657","1,170,286,894",104.50,106.00,103.50,103.50,-1.50,"3,659",
111/03/01,"5,181,947","546,586,929",104.50,106.50,104.50,105.50,+2.00,"3,049",
111/03/02,"3,709,062","391,925,687",106.00,106.50,104.50,106.00,+0.50,"1,933",
111/03/03,"2,093,295","221,476,516",106.00,106.00,105.00,106.00, 0.00,"1,548",
111/03/04,"1,704,206","179,504,140",105.50,106.00,105.00,105.50,-0.50,"1,365",
111/03/07,"4,908,753","513,171,087",104.50,106.00,103.50,105.00,-0.50,"3,106",
111/03/08,"4,052,819","424,544,436",104.50,105.50,104.00,105.00, 0.00,"3,508",
111/03/09,"2,217,586","233,205,845",105.00,105.50,104.50,105.50,+0.50,"1,271",
111/03/10,"2,696,610","285,563,851",105.00,106.50,105.00,106.50,+1.00,"1,396",
111/03/11,"2,052,386","216,928,564",106.00,106.00,105.00,106.00,-0.50,"1,495",
111/03/14,"2,115,079","223,868,312",105.50,106.00,105.50,106.00, 0.00,"1,268",
111/03/15,"2,374,609","251,264,891",106.00,106.00,105.50,106.00, 0.00,"1,713",
111/03/16,"5,281,749","562,926,096",106.00,107.00,105.50,107.00,+1.00,"3,277",
111/03/17,"6,625,697","708,722,535",107.50,108.50,105.50,106.00,-1.00,"4,109",
111/03/18,"7,616,845","803,250,286",106.00,107.00,105.00,105.00,-1.00,"2,373",
111/03/21,"1,614,043","169,874,706",106.00,106.00,104.50,105.50,+0.50,"1,279",
111/03/22,"2,910,512","304,147,169",105.00,105.50,104.00,105.00,-0.50,"1,987",
111/03/23,"2,459,712","257,535,982",105.00,105.50,104.00,105.00, 0.00,"1,437",
111/03/24,"5,331,840","565,961,139",104.50,107.00,104.50,106.50,+1.50,"3,554",
111/03/25,"1,917,017","202,839,545",106.00,106.00,105.50,106.00,-0.50,"1,246",
111/03/28,"2,960,489","311,314,207",105.00,105.50,104.50,105.50,-0.50,"1,608",
111/03/29,"941,677","99,229,301",105.50,105.50,105.00,105.50, 0.00,"1,168",
111/03/30,"1,990,268","210,025,296",105.50,106.00,105.00,105.50, 0.00,"1,411",
111/03/31,"1,720,703","181,238,575",105.50,106.00,105.00,105.00,-0.50,721,
111/04/01,"1,798,468","189,077,845",105.00,105.50,104.50,105.50,+0.50,"1,205",
111/04/06,"2,635,327","277,220,944",105.50,105.50,104.50,105.50, 0.00,"1,761",
111/04/07,"3,025,999","319,384,909",105.00,106.00,105.00,105.50, 0.00,"1,693",
111/04/08,"2,364,006","250,733,044",106.00,106.50,105.50,106.00,+0.50,"2,190",
111/04/11,"5,387,310","574,399,415",106.00,107.00,106.00,106.50,+0.50,"2,831",
111/04/12,"3,280,949","349,954,577",106.50,107.00,106.00,107.00,+0.50,"2,695",
111/04/13,"2,410,852","256,417,517",107.00,107.00,106.00,106.50,-0.50,"2,467",
111/04/14,"1,331,325","141,430,789",106.50,107.00,106.00,106.00,-0.50,710,
111/04/15,"1,651,095","174,566,938",106.00,106.50,105.00,105.50,-0.50,"2,218",
111/04/18,"2,600,461","275,357,642",105.00,106.50,105.00,106.00,+0.50,"2,233",
111/04/19,"4,347,606","463,207,799",106.00,107.00,106.00,106.00, 0.00,"2,276",
111/04/20,"8,694,172","935,696,385",106.50,108.50,106.00,108.50,+2.50,"5,085",
111/04/21,"2,602,940","280,659,080",108.00,108.50,107.50,108.00,-0.50,"2,002",
111/04/22,"2,466,805","266,076,590",107.00,108.50,107.00,108.50,+0.50,"2,419",
111/04/25,"3,137,644","337,201,796",107.50,108.00,107.00,107.50,-1.00,"2,754",
111/04/26,"4,562,492","493,993,256",107.50,109.00,107.50,109.00,+1.50,"2,981",
111/04/27,"3,880,869","420,966,101",108.50,109.00,108.00,108.00,-1.00,"2,293",
111/04/28,"6,240,090","676,775,596",108.00,109.00,108.00,109.00,+1.00,"3,345",
111/04/29,"2,305,107","250,490,103",108.50,109.00,108.00,108.50,-0.50,"2,014",
111/05/03,"2,914,805","313,032,135",108.00,108.50,106.50,107.00,-1.50,"2,681",
111/05/04,"3,203,236","338,614,533",107.00,107.00,105.00,105.50,-1.50,"1,972",
111/05/05,"1,883,908","199,121,080",106.00,106.50,105.00,105.50, 0.00,"1,780",
111/05/06,"3,077,105","325,371,734",105.00,106.50,105.00,106.00,+0.50,"2,296",
111/05/09,"2,677,943","282,377,168",105.00,106.00,105.00,105.50,-0.50,"2,112",
111/05/10,"5,455,580","582,044,412",105.50,107.50,105.00,107.00,+1.50,"3,190",
111/05/11,"3,334,671","357,195,736",106.00,107.50,106.00,107.50,+0.50,"2,311",
111/05/12,"4,178,870","447,040,963",107.50,107.50,106.00,106.50,-1.00,"2,478",
111/05/13,"2,547,035","271,410,549",106.50,107.00,106.00,106.50, 0.00,"2,058",
111/05/16,"1,899,052","202,701,326",107.00,107.00,106.00,106.50, 0.00,"1,950",
111/05/17,"2,195,951","234,051,697",107.00,107.00,106.00,106.50, 0.00,"1,595",
111/05/18,"6,951,653","745,973,243",106.00,108.00,105.50,107.50,+1.00,"3,480",
111/05/19,"4,857,354","522,397,186",107.50,108.00,107.00,108.00,+0.50,"2,959",
111/05/20,"3,425,739","368,756,230",108.00,108.00,107.00,108.00, 0.00,"2,540",
111/05/23,"4,294,639","461,319,372",108.00,108.00,107.00,107.00,-1.00,"1,888",
111/05/24,"4,384,384","469,808,565",107.00,107.50,106.50,107.00, 0.00,"1,941",
111/05/25,"5,348,818","573,157,352",107.50,108.00,106.50,107.50,+0.50,"2,834",
111/05/26,"6,488,175","702,066,187",107.50,109.00,107.00,108.50,+1.00,"3,153",
111/05/27,"6,304,044","681,479,844",108.50,109.00,107.50,108.00,-0.50,"3,225",
111/05/30,"4,924,800","529,548,383",108.00,108.00,107.00,108.00, 0.00,"2,643",
111/05/31,"11,093,043","1,195,808,858",107.50,108.00,107.00,108.00, 0.00,"2,052",
111/06/01,"3,099,467","332,759,368",108.00,108.00,107.00,107.00,-1.00,"1,287",
111/06/02,"1,557,517","167,218,821",107.00,108.00,106.50,107.50,+0.50,882,
111/06/06,"1,741,714","187,691,347",108.00,108.00,107.00,108.00,+0.50,"1,081",
111/06/07,"2,197,258","236,049,161",107.50,108.00,107.00,107.50,-0.50,"1,346",
111/06/08,"1,721,476","185,669,995",107.00,108.00,107.00,108.00,+0.50,"1,124",
111/06/09,"4,079,983","437,238,358",107.50,108.00,106.50,107.50,-0.50,"1,735",
111/06/10,"3,427,166","365,405,316",106.50,107.50,106.00,106.50,-1.00,"1,231",
111/06/13,"4,013,213","424,809,826",106.00,106.50,105.00,106.00,-0.50,"2,147",
111/06/14,"2,460,400","261,888,385",106.00,107.00,105.50,106.50,+0.50,"1,492",
111/06/15,"3,229,305","346,066,285",106.50,107.50,106.00,107.00,+0.50,"2,169",
111/06/16,"2,243,935","240,006,292",107.50,107.50,106.50,107.00, 0.00,"1,140",
111/06/17,"5,982,176","635,115,175",106.00,107.50,106.00,106.00,-1.00,"1,613",
111/06/20,"3,502,908","375,029,348",106.50,107.50,106.50,107.00,+1.00,"1,697",
111/06/21,"7,013,011","757,084,384",107.50,108.50,107.00,108.50,+1.50,"3,280",
111/06/22,"3,926,687","425,456,148",108.00,109.00,107.50,108.50, 0.00,"2,046",
111/06/23,"7,533,540","821,465,383",109.00,109.50,108.00,109.00,+0.50,"2,573",
111/06/24,"7,161,494","787,028,712",109.00,110.50,109.00,110.50,+1.50,"3,365",
111/06/27,"4,501,310","494,603,629",110.00,110.50,109.50,109.50,-1.00,"2,251",
111/06/28,"2,964,144","325,282,589",109.50,110.00,109.00,110.00,+0.50,"1,719",
111/06/29,"5,960,970","654,836,585",109.00,110.50,109.00,110.00, 0.00,"3,599",
111/06/30,"5,950,083","645,434,607",109.50,110.00,107.50,108.00,-2.00,"2,427",
111/07/01,"6,951,662","754,682,334",108.00,109.00,107.00,109.00,+1.00,"3,038",
111/07/04,"10,682,731","1,173,069,245",109.00,110.50,109.00,109.50,+0.50,"3,807",
111/07/05,"12,524,967","1,371,135,700",110.00,110.50,108.50,109.00,-0.50,"2,678",
111/07/06,"14,332,377","1,565,930,087",109.50,110.00,108.50,109.00, 0.00,"4,074",
111/07/07,"10,543,129","1,144,479,582",109.00,109.50,108.00,108.00,-1.00,"3,539",
111/07/08,"9,439,014","977,429,451",103.50,104.50,102.50,103.00,X0.00,"3,533",
111/07/11,"3,367,471","348,715,517",103.00,104.00,103.00,103.50,+0.50,"2,142",
111/07/12,"5,746,135","596,584,136",103.50,104.50,103.00,104.00,+0.50,"2,233",
111/07/13,"5,074,403","528,045,157",104.00,105.00,103.50,104.00, 0.00,"2,832",
111/07/14,"4,887,918","513,638,665",104.00,105.50,104.00,105.50,+1.50,"2,023",
111/07/15,"5,114,246","535,881,795",104.50,105.50,104.00,105.00,-0.50,"1,617",
111/07/18,"7,718,615","801,221,077",104.00,104.50,103.00,103.50,-1.50,"3,367",
111/07/19,"13,728,212","1,379,019,928",103.00,103.50,99.00,99.10,-4.40,"6,665",
111/07/20,"9,469,217","931,628,511",99.10,99.10,98.10,98.20,-0.90,"6,651",
111/07/21,"4,191,773","413,386,916",99.20,99.20,98.10,99.10,+0.90,"2,532",
111/07/22,"3,445,041","341,095,068",99.30,99.40,98.40,99.10, 0.00,"1,606",
111/07/25,"2,298,641","230,097,790",99.40,100.50,99.30,100.50,+1.40,"1,500",
111/07/26,"4,566,731","459,213,766",100.50,101.50,100.00,100.50, 0.00,"2,183",
111/07/27,"7,051,122","720,082,022",101.00,103.00,100.50,102.00,+1.50,"2,921",
111/07/28,"2,408,596","244,977,560",102.00,102.50,101.00,101.50,-0.50,"1,274",
111/07/29,"2,627,841","266,820,258",102.00,102.00,101.00,101.50, 0.00,953,
111/08/01,"2,555,735","259,244,442",101.50,101.50,101.00,101.50, 0.00,"1,435",
111/08/02,"6,010,243","613,036,041",101.00,103.00,100.50,102.00,+0.50,"2,943",
111/08/03,"5,648,560","576,282,683",102.00,103.50,101.00,101.50,-0.50,"2,661",
111/08/04,"3,375,371","342,667,499",102.00,102.50,100.50,102.00,+0.50,"1,407",
111/08/05,"3,137,409","318,959,812",102.00,102.00,101.00,101.50,-0.50,"1,449",
111/08/08,"3,300,659","334,276,671",101.50,102.00,100.50,101.50, 0.00,"1,404",
111/08/09,"2,027,970","205,310,581",102.00,102.00,101.00,101.00,-0.50,"1,545",
111/08/10,"3,337,483","338,516,836",101.00,102.00,100.50,102.00,+1.00,"1,462",
111/08/11,"3,623,236","368,708,511",102.00,102.50,101.00,101.50,-0.50,"1,397",
111/08/12,"3,033,599","307,409,438",102.00,102.00,101.00,101.50, 0.00,"1,742",
111/08/15,"2,238,798","227,724,869",101.50,102.00,101.00,101.50, 0.00,"1,295",
111/08/16,"2,912,972","296,063,117",102.00,102.00,101.00,101.50, 0.00,"1,601",
111/08/17,"3,964,010","401,914,169",102.00,102.00,101.00,101.50, 0.00,"2,187",
111/08/18,"2,414,911","243,557,543",101.50,101.50,100.50,101.00,-0.50,"1,636",
111/08/19,"2,677,115","268,889,667",101.00,101.00,100.00,100.00,-1.00,"1,847",
111/08/22,"3,143,244","316,121,164",100.50,101.50,100.00,101.00,+1.00,"1,923",
111/08/23,"2,491,122","249,745,614",101.00,101.00,100.00,100.00,-1.00,"1,392",
111/08/24,"5,909,692","592,315,735",100.50,100.50,99.90,100.50,+0.50,"2,243",
111/08/25,"5,151,635","515,039,741",100.50,101.00,99.60,99.90,-0.60,"4,104",
111/08/26,"2,376,626","237,571,649",100.50,100.50,99.80,99.90, 0.00,"1,220",
111/08/29,"4,334,662","432,005,333",99.70,100.50,99.10,99.80,-0.10,"2,771",
111/08/30,"3,449,516","343,394,532",99.80,99.90,99.30,99.80, 0.00,"2,110",
111/08/31,"7,161,610","711,824,186",99.90,99.90,99.00,99.60,-0.20,"2,853",
111/09/01,"8,291,519","816,697,862",99.10,99.20,98.10,98.30,-1.30,"6,245",
111/09/02,"3,044,158","299,855,777",99.20,99.20,98.20,98.20,-0.10,"2,288",
111/09/05,"1,417,510","139,909,771",98.70,99.20,98.40,98.50,+0.30,"1,148",
111/09/06,"2,730,527","269,772,143",99.10,99.70,98.40,98.70,+0.20,"1,436",
111/09/07,"3,349,782","329,258,426",98.70,98.70,98.10,98.20,-0.50,"2,345",
111/09/08,"1,952,134","192,670,954",98.70,99.00,98.20,99.00,+0.80,"1,203",
111/09/12,"4,355,097","429,978,183",100.00,100.00,98.20,98.40,-0.60,"2,979",
111/09/13,"4,054,782","399,058,282",99.00,99.10,98.20,98.30,-0.10,"2,775",
111/09/14,"9,488,340","924,841,147",98.00,98.00,97.10,97.20,-1.10,"7,251",
111/09/15,"4,126,293","402,631,465",97.70,98.20,97.10,97.50,+0.30,"2,247",
111/09/16,"7,373,262","716,599,320",97.40,97.60,97.00,97.00,-0.50,"3,021",
111/09/19,"3,882,963","376,576,251",97.80,97.80,96.70,96.70,-0.30,"3,263",
111/09/20,"5,114,495","494,161,951",97.40,97.40,96.30,96.80,+0.10,"3,382",
111/09/21,"2,802,232","272,471,262",97.00,97.60,96.80,97.20,+0.40,"2,007",
111/09/22,"4,847,132","466,021,519",96.70,97.40,96.00,96.00,-1.20,"4,094",
111/09/23,"1,492,309","143,912,921",96.40,96.80,96.10,96.50,+0.50,"1,279",
111/09/26,"4,156,944","400,137,471",96.40,97.00,95.60,96.50, 0.00,"1,901",
111/09/27,"3,807,934","368,491,112",96.70,97.20,96.20,97.00,+0.50,"1,690",
111/09/28,"6,203,463","601,658,400",97.10,97.70,96.00,97.40,+0.40,"2,353",
111/09/29,"7,152,562","690,783,565",97.50,97.50,95.80,96.90,-0.50,"3,850",
111/09/30,"7,540,779","721,833,751",96.60,96.90,95.00,95.60,-1.30,"3,951",
111/10/03,"3,692,869","352,879,600",95.50,96.10,95.00,95.60, 0.00,"1,997",
111/10/04,"4,768,261","453,588,091",96.00,96.20,95.00,95.00,-0.60,"3,139",
111/10/05,"4,261,375","404,125,768",95.00,95.40,94.60,94.70,-0.30,"3,136",
111/10/06,"3,855,999","364,454,759",95.30,95.30,94.30,94.40,-0.30,"2,319",
111/10/07,"6,331,632","590,440,812",94.30,94.40,92.90,93.20,-1.20,"5,387",
111/10/11,"4,857,091","450,635,861",92.70,93.30,92.10,92.90,-0.30,"2,883",
111/10/12,"3,081,819","288,992,483",93.00,94.30,93.00,93.70,+0.80,"1,617",
111/10/13,"4,295,184","401,106,000",93.80,94.30,92.90,93.20,-0.50,"2,188",
111/10/14,"6,500,249","599,696,250",93.80,94.20,91.20,91.50,-1.70,"4,796",
111/10/17,"2,319,407","213,405,009",91.50,92.70,91.10,92.10,+0.60,"1,893",
111/10/18,"1,686,983","155,787,049",92.50,92.70,92.10,92.20,+0.10,"1,322",
111/10/19,"5,006,747","458,436,855",92.30,92.80,91.00,91.00,-1.20,"3,086",
111/10/20,"9,773,120","898,794,706",90.50,92.70,90.40,92.50,+1.50,"3,249",
111/10/21,"3,171,571","293,765,110",92.10,93.30,92.10,92.90,+0.40,"1,320",
111/10/24,"4,673,701","432,292,022",93.50,93.50,91.90,92.50,-0.40,"2,045",
111/10/25,"5,744,808","536,402,365",93.40,94.70,92.20,94.60,+2.10,"2,653",
111/10/26,"3,772,150","356,996,179",94.60,95.40,94.00,94.60, 0.00,"2,738",
111/10/27,"4,446,212","419,163,221",95.30,95.40,93.60,94.30,-0.30,"2,241",
111/10/28,"2,603,160","245,703,807",95.30,95.30,94.00,94.30, 0.00,"1,141",
111/10/31,"2,768,052","263,230,916",94.40,95.40,94.30,95.10,+0.80,"1,344",
111/11/01,"2,014,196","190,933,651",95.30,95.40,94.20,94.40,-0.70,"1,146",
111/11/02,"2,224,223","209,259,002",94.90,95.00,93.70,94.10,-0.30,"1,367",
111/11/03,"2,690,081","251,154,906",93.60,94.30,92.80,93.30,-0.80,"1,623",
111/11/04,"3,338,270","311,823,351",92.80,94.70,92.20,94.70,+1.40,"1,744",
111/11/07,"3,570,132","331,819,349",94.00,94.10,92.70,93.00,-1.70,"2,688",
111/11/08,"2,807,068","264,090,536",93.60,94.80,93.40,94.30,+1.30,"1,703",
111/11/09,"2,414,099","228,787,674",95.20,95.20,94.30,94.90,+0.60,"1,725",
111/11/10,"1,438,383","135,662,061",94.90,95.00,94.00,94.00,-0.90,"1,069",
111/11/11,"3,643,471","345,208,600",94.90,95.20,94.20,95.00,+1.00,"1,891",
111/11/14,"4,539,168","431,842,073",95.30,95.60,94.50,94.90,-0.10,"2,343",
111/11/15,"4,135,102","389,073,813",94.90,94.90,93.80,94.00,-0.90,"2,173",
111/11/16,"5,399,886","502,370,935",93.70,93.70,92.70,92.70,-1.30,"3,559",
111/11/17,"3,846,758","354,481,863",92.90,93.00,92.00,92.10,-0.60,"3,454",
111/11/18,"5,333,571","494,049,311",92.50,93.80,91.90,93.80,+1.70,"3,148",
111/11/21,"5,105,163","470,026,518",93.50,93.50,91.80,91.90,-1.90,"4,217",
111/11/22,"3,284,215","300,769,290",92.20,92.20,91.30,91.80,-0.10,"3,039",
111/11/23,"2,228,155","205,218,778",92.00,92.40,91.70,92.00,+0.20,"1,795",
111/11/24,"2,568,016","239,103,357",92.70,93.60,92.60,93.30,+1.30,"1,926",
111/11/25,"3,425,948","320,935,192",93.40,94.10,93.20,94.10,+0.80,"2,658",
111/11/28,"3,173,808","295,595,241",93.50,93.70,92.70,93.00,-1.10,"2,201",
111/11/29,"2,332,664","218,831,954",94.00,94.40,93.10,94.00,+1.00,"1,626",
111/11/30,"10,531,151","1,003,091,015",94.00,95.50,93.90,95.50,+1.50,"2,330",
111/12/01,"3,169,499","299,224,714",95.40,95.40,93.80,94.10,-1.40,"2,436",
111/12/02,"1,794,473","168,818,323",94.10,94.60,93.50,94.60,+0.50,"1,166",
111/12/05,"2,100,524","197,982,896",94.20,94.60,93.90,94.30,-0.30,"1,384",
111/12/06,"2,764,469","259,224,544",94.20,94.40,93.50,93.50,-0.80,"1,699",
111/12/07,"3,898,684","370,145,727",93.80,95.40,93.60,95.40,+1.90,"2,225",
111/12/08,"2,219,476","210,619,942",95.40,95.40,94.30,95.30,-0.10,"1,560",
111/12/09,"1,836,424","174,835,912",95.30,95.50,94.90,95.40,+0.10,"1,192",
111/12/12,"1,676,290","159,735,214",95.40,95.90,94.60,95.90,+0.50,"1,126",
111/12/13,"3,752,933","355,332,168",95.90,95.90,94.10,95.10,-0.80,"2,229",
111/12/14,"2,657,875","253,608,107",95.20,95.80,95.00,95.40,+0.30,"1,340",
111/12/15,"2,182,300","207,383,361",95.50,96.00,94.60,94.70,-0.70,"1,423",
111/12/16,"5,178,051","488,177,150",94.20,95.20,93.90,94.10,-0.60,"1,864",
111/12/19,"1,988,471","187,026,695",93.60,94.40,93.60,94.20,+0.10,"1,166",
111/12/20,"3,066,894","287,809,198",93.90,94.30,93.60,93.60,-0.60,"2,062",
111/12/21,"1,619,165","152,624,982",93.60,94.70,93.60,94.30,+0.70,964,
111/12/22,"880,337","83,340,760",94.70,94.80,94.20,94.80,+0.50,599,
111/12/23,"2,514,198","237,073,025",94.50,94.90,93.60,94.80, 0.00,"1,489",
111/12/26,"935,861","88,493,097",94.80,94.90,94.30,94.80, 0.00,924,
111/12/27,"919,788","87,103,420",94.90,95.00,94.50,94.80, 0.00,771,
111/12/28,"1,922,179","181,078,433",94.50,94.60,93.90,94.20,-0.60,"1,442",
111/12/29,"1,788,592","168,706,618",94.10,94.80,94.00,94.50,+0.30,"1,047",
111/12/30,"742,114","70,436,046",95.00,95.20,94.60,94.70,+0.20,611,
112/01/03,"1,682,254","159,449,463",94.50,95.50,93.80,95.40,+0.70,"1,446",
112/01/04,"1,634,636","156,448,105",95.40,96.00,95.20,95.90,+0.50,"1,006",
112/01/05,"1,278,111","122,461,896",96.00,96.00,95.60,95.90, 0.00,969,
112/01/06,"1,128,726","108,460,565",96.00,96.20,95.90,96.20,+0.30,963,
112/01/09,"4,154,173","405,498,812",97.00,98.20,96.90,98.20,+2.00,"2,828",
112/01/10,"2,574,865","252,387,491",98.20,98.40,97.30,98.30,+0.10,"1,902",
112/01/11,"4,890,790","469,608,515",98.30,98.50,95.50,95.50,-2.80,"6,204",
112/01/12,"4,708,001","445,221,988",95.70,96.00,94.20,94.70,-0.80,"3,863",
112/01/13,"2,333,858","222,358,839",95.40,95.90,94.70,95.20,+0.50,"1,708",
112/01/16,"2,073,680","198,649,053",95.70,96.50,95.20,95.90,+0.70,"1,677",
112/01/17,"2,786,371","265,822,219",96.20,96.20,95.20,95.20,-0.70,"1,682",
112/01/30,"8,941,647","860,584,332",97.30,97.40,94.60,96.80,+1.60,"4,638",
112/01/31,"6,261,018","594,473,659",96.50,96.50,94.60,94.60,-2.20,"3,354",
112/02/01,"2,314,264","219,581,209",94.90,95.20,94.50,95.10,+0.50,"1,514",
112/02/02,"2,610,570","248,162,781",95.40,95.50,94.70,95.00,-0.10,"1,744",
112/02/03,"2,665,313","253,425,982",95.40,95.60,94.70,95.20,+0.20,"1,913",
112/02/06,"2,775,083","263,932,466",95.20,95.60,94.90,94.90,-0.30,"1,988",
112/02/07,"2,495,994","238,100,366",95.10,95.60,94.80,95.60,+0.70,"1,740",
112/02/08,"1,378,467","131,652,154",95.50,95.80,95.10,95.40,-0.20,"1,212",
112/02/09,"1,944,198","185,708,585",95.40,95.80,95.30,95.60,+0.20,"1,393",
112/02/10,"2,165,161","207,516,583",95.30,96.30,95.30,95.90,+0.30,"1,569",
112/02/13,"2,837,528","273,473,195",95.70,96.70,95.50,96.70,+0.80,"1,828",
112/02/14,"2,031,838","196,179,279",96.70,97.00,96.30,96.50,-0.20,"1,524",
112/02/15,"2,059,284","197,538,307",96.70,96.80,95.50,95.90,-0.60,"1,897",
112/02/16,"2,291,597","220,778,037",96.20,96.70,96.10,96.20,+0.30,"1,411",
112/02/17,"1,693,711","163,415,041",96.20,96.70,95.90,96.60,+0.40,"1,000",
112/02/20,"1,481,038","143,264,096",96.60,96.90,96.30,96.90,+0.30,"1,146",
112/02/21,"1,657,210","160,227,019",97.20,97.20,96.40,96.80,-0.10,971,
112/02/22,"2,759,806","267,739,208",96.60,97.50,96.00,97.20,+0.40,"1,860",
112/02/23,"1,680,792","163,732,883",97.40,97.70,96.90,97.60,+0.40,"1,195",
112/02/24,"4,892,924","473,912,582",97.80,97.90,96.60,96.60,-1.00,"1,769",
112/03/01,"4,758,426","456,311,732",96.20,96.70,95.50,95.50,-1.10,"3,335",
112/03/02,"2,234,196","215,418,606",95.60,97.00,95.50,96.80,+1.30,"1,406",
112/03/03,"1,349,933","130,975,193",96.90,97.30,96.50,97.20,+0.40,"1,097",
112/03/06,"2,609,057","255,649,221",97.60,98.20,97.40,98.20,+1.00,"1,700",
112/03/07,"1,883,165","184,726,912",98.10,98.30,97.70,98.20, 0.00,"1,425",
112/03/08,"2,711,273","266,549,459",97.90,98.60,97.80,98.60,+0.40,"1,666",
112/03/09,"2,482,972","244,487,479",98.60,98.70,98.20,98.50,-0.10,"1,670",
112/03/10,"3,949,750","385,452,568",98.20,98.20,97.10,97.80,-0.70,"2,662",
112/03/13,"3,577,095","350,383,068",97.50,98.40,97.30,98.00,+0.20,"1,902",
112/03/14,"4,524,580","441,758,080",97.00,98.30,96.80,97.70,-0.30,"4,031",
112/03/15,"3,580,707","350,518,776",97.80,98.20,97.60,97.80,+0.10,"2,277",
112/03/16,"2,691,101","264,188,595",98.00,98.50,97.50,98.40,+0.60,"1,795",
112/03/17,"8,067,187","798,968,686",98.40,99.70,98.10,99.00,+0.60,"2,813",
112/03/20,"1,949,439","192,898,022",99.40,99.40,98.30,99.40,+0.40,"2,889",
112/03/21,"2,234,187","220,984,487",99.10,99.70,98.50,98.50,-0.90,"2,309",
112/03/22,"2,009,906","199,110,964",99.00,99.50,98.70,99.10,+0.60,"1,354",
112/03/23,"2,197,160","218,464,609",99.40,99.70,99.00,99.50,+0.40,"1,341",
112/03/24,"2,481,893","248,186,202",99.70,100.50,99.00,100.50,+1.00,"1,610",
112/03/27,"1,886,716","189,133,393",100.50,100.50,99.90,100.50, 0.00,"1,497",
112/03/28,"3,197,014","320,015,636",100.50,100.50,99.80,100.00,-0.50,"2,458",
112/03/29,"2,246,183","225,338,245",100.00,100.50,100.00,100.50,+0.50,"1,348",
112/03/30,"2,056,347","206,863,091",100.50,101.00,100.00,101.00,+0.50,"1,257",
112/03/31,"1,990,188","201,302,152",101.00,101.50,101.00,101.00, 0.00,"1,211",
112/04/06,"3,533,086","356,145,198",101.00,101.50,100.00,101.50,+0.50,"3,448",
112/04/07,"1,541,584","157,067,951",101.50,102.00,101.50,101.50, 0.00,"1,511",
112/04/10,"3,126,119","320,752,264",101.50,103.00,101.50,103.00,+1.50,"2,209",
112/04/11,"3,166,252","328,543,968",103.00,104.00,103.00,104.00,+1.00,"2,187",
112/04/12,"3,760,024","390,005,488",104.00,104.00,103.00,104.00, 0.00,"2,003",
112/04/13,"2,489,767","257,900,373",104.00,104.00,103.00,103.50,-0.50,"1,623",
112/04/14,"2,658,953","278,024,440",103.50,105.00,103.00,105.00,+1.50,"2,015",
112/04/17,"2,914,948","305,425,743",105.00,105.00,104.00,105.00, 0.00,"2,132",
112/04/18,"2,169,945","227,639,369",105.00,105.50,104.50,105.00, 0.00,"1,602",
112/04/19,"2,925,488","305,527,631",105.00,105.00,104.00,104.00,-1.00,"2,135",
112/04/20,"6,100,550","625,738,724",104.00,104.00,101.50,103.00,-1.00,"3,555",
112/04/21,"3,955,415","405,423,186",102.00,103.00,102.00,102.50,-0.50,"2,837",
112/04/24,"1,718,875","176,850,947",103.00,103.50,102.50,103.00,+0.50,"1,036",
112/04/25,"2,964,683","305,527,525",103.50,104.00,102.50,103.00, 0.00,"2,198",
112/04/26,"4,871,897","504,275,207",103.00,104.00,103.00,104.00,+1.00,"2,753",
112/04/27,"2,576,070","266,217,871",103.50,104.00,103.00,103.50,-0.50,"2,137",
112/04/28,"1,448,185","149,799,105",103.50,104.00,103.00,103.50, 0.00,846,
112/05/02,"2,138,338","220,794,779",104.00,104.00,102.50,103.00,-0.50,"1,793",
112/05/03,"1,723,737","177,411,252",103.50,103.50,102.50,103.00, 0.00,"1,678",
112/05/04,"4,682,335","484,872,571",103.50,105.00,102.50,104.50,+1.50,"2,654",
112/05/05,"3,492,174","362,725,846",104.00,104.50,103.50,104.50, 0.00,"2,327",
112/05/08,"2,160,638","224,908,774",104.50,104.50,103.50,104.00,-0.50,"1,468",
112/05/09,"3,105,781","320,942,609",104.00,104.00,103.00,103.50,-0.50,"1,928",
112/05/10,"3,102,863","320,568,328",103.50,104.00,103.00,103.50, 0.00,"2,124",
112/05/11,"1,424,126","147,104,844",103.50,103.50,103.00,103.50, 0.00,"1,161",
112/05/12,"2,348,447","241,626,205",103.00,103.50,102.50,103.00,-0.50,"1,757",
112/05/15,"2,214,749","228,025,632",102.50,103.50,102.00,103.50,+0.50,"1,455",
112/05/16,"2,870,550","297,134,645",103.50,104.00,103.00,103.50, 0.00,"1,859",
112/05/17,"5,948,762","621,651,825",103.50,105.00,103.00,104.50,+1.00,"3,752",
112/05/18,"3,138,600","327,565,513",104.50,105.00,104.00,104.00,-0.50,"1,858",
112/05/19,"4,374,585","455,200,667",104.00,104.50,103.50,104.00, 0.00,"2,115",
112/05/22,"3,768,122","390,758,161",104.00,104.00,103.00,104.00, 0.00,"2,403",
112/05/23,"4,364,554","450,901,508",104.00,104.00,102.50,104.00, 0.00,"2,426",
112/05/24,"4,011,529","414,564,640",103.50,104.00,102.50,104.00, 0.00,"2,787",
112/05/25,"6,910,310","709,445,562",103.50,104.00,102.00,102.50,-1.50,"3,694",
112/05/26,"5,150,117","527,209,000",102.00,103.00,102.00,103.00,+0.50,"3,712",
112/05/29,"4,359,328","446,686,248",103.00,103.50,102.00,103.00, 0.00,"2,961",
112/05/30,"6,572,072","675,270,193",103.00,103.50,102.00,103.50,+0.50,"4,048",
112/05/31,"17,146,814","1,773,541,571",103.50,103.50,102.50,103.50, 0.00,"2,792",
112/06/01,"3,729,657","383,606,901",103.50,103.50,102.50,103.00,-0.50,"2,510",
112/06/02,"4,924,053","511,787,391",103.00,104.50,103.00,104.00,+1.00,"2,355",
112/06/05,"2,449,026","253,678,610",104.00,104.50,103.00,103.50,-0.50,"1,798",
112/06/06,"4,692,109","487,667,555",103.50,104.50,103.50,104.00,+0.50,"2,423",
112/06/07,"3,144,740","326,643,027",104.50,104.50,103.50,104.00, 0.00,"1,917",
112/06/08,"2,101,845","217,720,907",103.50,104.00,103.00,103.50,-0.50,"1,220",
112/06/09,"1,907,905","197,181,752",104.00,104.00,103.00,103.00,-0.50,"1,195",
112/06/12,"3,296,386","339,063,604",103.00,103.50,102.50,102.50,-0.50,"1,733",
112/06/13,"4,496,793","463,910,346",102.50,103.50,102.50,103.00,+0.50,"1,893",
112/06/14,"2,810,798","289,028,506",103.50,103.50,102.50,102.50,-0.50,"1,698",
112/06/15,"5,560,099","571,320,258",103.00,103.00,102.50,103.00,+0.50,"3,464",
112/06/16,"6,461,238","664,719,243",103.00,103.50,102.50,102.50,-0.50,"2,869",
112/06/19,"3,590,242","370,399,197",102.50,103.50,102.50,103.50,+1.00,"2,045",
112/06/20,"4,654,092","478,437,571",103.50,103.50,102.50,102.50,-1.00,"2,405",
112/06/21,"5,494,545","560,613,992",103.00,103.00,101.50,101.50,-1.00,"3,135",
112/06/26,"4,542,239","459,490,938",101.50,101.50,100.50,101.00,-0.50,"2,417",
112/06/27,"5,033,129","505,814,400",101.00,101.00,100.00,100.00,-1.00,"2,713",
112/06/28,"4,874,966","488,402,717",100.00,100.50,99.90,100.00, 0.00,"2,431",
112/06/29,"6,806,198","685,501,085",100.50,101.00,100.00,100.50,+0.50,"2,683",
112/06/30,"10,099,047","970,461,475",96.30,97.10,95.60,95.60,X0.00,"7,903",
112/07/03,"7,019,189","668,462,634",95.80,96.10,94.90,95.00,-0.60,"6,958",
112/07/04,"5,780,076","546,867,868",95.00,95.00,94.40,94.50,-0.50,"4,940",
112/07/05,"4,834,140","456,331,262",94.50,95.50,94.00,94.10,-0.40,"5,120",
112/07/06,"5,295,925","497,067,969",94.00,94.30,93.50,93.60,-0.50,"5,528",
112/07/07,"3,921,081","366,119,249",93.80,94.10,93.10,93.50,-0.10,"3,634",
112/07/10,"3,911,130","366,313,246",93.90,94.20,93.30,93.50, 0.00,"2,794",
112/07/11,"2,237,162","211,014,069",94.20,94.60,94.10,94.40,+0.90,"1,975",
112/07/12,"3,545,399","333,601,684",94.40,94.40,93.80,94.20,-0.20,"3,453",
112/07/13,"3,438,001","323,478,084",94.70,94.70,93.80,93.80,-0.40,"2,945",
112/07/14,"4,154,702","394,362,769",94.40,95.30,94.10,95.10,+1.30,"2,705",
112/07/17,"2,834,788","268,618,415",95.60,95.60,94.40,94.50,-0.60,"2,778",
112/07/18,"3,521,565","332,050,501",94.50,95.00,93.90,94.10,-0.40,"2,632",
112/07/19,"3,271,480","308,047,606",94.10,94.50,93.80,94.20,+0.10,"2,312",
112/07/20,"2,692,228","253,745,681",94.60,94.60,94.10,94.40,+0.20,"1,719",
112/07/21,"2,410,262","227,279,987",94.60,94.60,94.10,94.10,-0.30,"1,810",
112/07/24,"2,935,671","276,044,890",94.30,94.40,93.90,93.90,-0.20,"2,056",
112/07/25,"1,923,326","181,203,515",94.30,94.50,94.00,94.50,+0.60,"1,668",
112/07/26,"2,362,953","223,359,380",94.70,94.70,94.20,94.50, 0.00,"1,560",
112/07/27,"1,951,152","184,987,213",94.70,95.00,94.60,94.90,+0.40,"1,676",
112/07/28,"2,170,220","206,052,302",94.90,95.10,94.70,95.00,+0.10,"1,740",
112/07/31,"5,461,721","516,558,796",95.30,95.40,94.40,94.40,-0.60,"2,300",
112/08/01,"2,421,739","229,468,961",94.60,95.00,94.50,94.90,+0.50,"1,628",
112/08/02,"4,286,225","403,709,131",94.90,94.90,94.00,94.10,-0.80,"3,628",
112/08/04,"2,051,864","193,135,417",94.20,94.30,94.00,94.10, 0.00,"1,840",
112/08/07,"2,324,943","218,994,057",94.30,94.50,94.10,94.10, 0.00,"1,656",
112/08/08,"4,847,147","455,135,835",94.10,94.20,93.80,93.80,-0.30,"3,244",
112/08/09,"3,761,014","352,449,868",93.90,94.00,93.60,93.80, 0.00,"2,691",
112/08/10,"3,251,074","305,370,621",93.80,94.40,93.60,94.10,+0.30,"2,263",
112/08/11,"1,942,794","183,325,455",94.00,94.60,94.00,94.30,+0.20,"1,344",
112/08/14,"2,197,486","206,580,012",94.30,94.40,93.80,93.80,-0.50,"1,860",
112/08/15,"1,927,803","180,956,537",93.90,94.30,93.70,93.70,-0.10,"1,385",
112/08/16,"2,529,785","237,463,766",93.70,94.20,93.50,93.90,+0.20,"2,329",
112/08/17,"3,120,608","292,521,066",93.60,93.90,93.60,93.80,-0.10,"2,316",
112/08/18,"1,963,307","184,396,829",94.00,94.10,93.80,93.90,+0.10,"1,404",
112/08/21,"2,261,561","212,503,078",94.10,94.10,93.80,94.00,+0.10,"1,535",
112/08/22,"3,677,067","344,087,704",94.00,94.00,93.20,93.50,-0.50,"3,251",
112/08/23,"2,418,849","225,909,936",93.50,93.60,93.30,93.50, 0.00,"2,478",
112/08/24,"2,121,211","198,627,591",93.50,93.90,93.40,93.60,+0.10,"1,431",
112/08/25,"2,505,702","234,421,627",93.60,94.20,93.30,93.30,-0.30,"1,946",
112/08/28,"1,406,517","131,431,264",93.40,93.60,93.30,93.60,+0.30,"1,095",
112/08/29,"1,707,309","160,209,083",93.60,94.10,93.50,94.10,+0.50,"1,130",
112/08/30,"2,496,383","234,732,903",94.10,94.40,93.70,94.10, 0.00,"1,692",
112/08/31,"7,579,307","707,620,919",94.10,94.10,93.20,93.20,-0.90,"3,247",
112/09/01,"1,669,982","156,543,886",93.80,94.00,93.50,93.90,+0.70,"1,084",
112/09/04,"2,076,372","194,741,767",93.80,94.00,93.60,94.00,+0.10,"1,273",
112/09/05,"1,784,164","167,350,750",94.00,94.00,93.60,93.60,-0.40,"1,670",
112/09/06,"2,407,800","225,280,100",94.00,94.00,93.40,93.40,-0.20,"2,042",
112/09/07,"2,809,586","262,210,740",93.40,93.60,93.20,93.30,-0.10,"2,207",
112/09/08,"2,621,469","244,652,697",93.40,93.70,93.10,93.50,+0.20,"1,914",
112/09/11,"2,173,445","203,660,064",93.70,94.00,93.40,94.00,+0.50,"1,357",
112/09/12,"2,887,384","272,585,353",94.00,94.60,93.90,94.60,+0.60,"1,873",
112/09/13,"1,317,101","124,565,589",94.70,94.80,94.40,94.70,+0.10,"1,351",
112/09/14,"2,288,349","217,091,048",94.90,95.00,94.70,95.00,+0.30,"1,806",
112/09/15,"6,436,772","614,978,593",95.00,96.00,94.70,95.60,+0.60,"2,643",
112/09/18,"1,207,203","114,905,694",95.60,95.70,95.00,95.20,-0.40,"1,376",
112/09/19,"1,324,706","126,032,083",95.20,95.70,94.80,95.50,+0.30,"1,102",
112/09/20,"1,860,639","177,068,931",95.50,95.50,95.00,95.00,-0.50,"1,456",
112/09/21,"4,897,918","460,050,969",94.70,94.70,93.60,93.80,-1.20,"4,048",
112/09/22,"2,387,862","224,097,317",93.80,94.20,93.70,93.70,-0.10,"1,878",
112/09/25,"1,859,515","174,919,447",94.00,94.50,93.90,94.00,+0.30,"1,304",
112/09/26,"2,683,668","253,056,678",93.80,94.60,93.80,94.60,+0.60,"1,439",
112/09/27,"1,996,964","187,787,718",94.70,94.70,93.80,93.90,-0.70,"1,786",
112/09/28,"1,404,603","132,624,808",94.30,94.60,94.10,94.60,+0.70,"1,076",
112/10/02,"1,865,461","175,747,770",94.60,94.60,94.00,94.20,-0.40,"1,709",
112/10/03,"1,403,955","131,863,030",94.00,94.00,93.80,93.90,-0.30,"1,415",
112/10/04,"2,611,730","244,521,828",93.80,93.90,93.50,93.50,-0.40,"2,482",
112/10/05,"2,285,421","215,477,372",94.00,94.50,93.80,94.40,+0.90,"1,636",
112/10/06,"1,612,170","151,709,728",94.60,94.60,93.90,94.20,-0.20,"1,406",
112/10/11,"6,888,787","657,424,051",95.30,95.90,94.60,95.90,+1.70,"4,431",
112/10/12,"3,876,490","371,592,442",96.10,96.20,95.30,96.20,+0.30,"2,800",
112/10/13,"4,144,131","394,980,278",95.40,95.80,94.80,95.60,-0.60,"3,566",
112/10/16,"4,785,588","457,644,644",95.60,96.10,95.00,95.80,+0.20,"2,701",
112/10/17,"6,918,670","662,311,912",95.90,96.20,95.10,95.40,-0.40,"3,418",
112/10/18,"10,181,542","974,368,981",95.90,96.20,95.20,95.60,+0.20,"3,498",
112/10/19,"5,439,429","516,348,151",95.10,95.60,94.60,94.90,-0.70,"3,303",
112/10/20,"5,784,939","545,672,442",94.50,95.00,94.20,94.20,-0.70,"3,299",
112/10/23,"2,346,954","221,178,720",94.50,94.60,94.10,94.40,+0.20,"1,656",
112/10/24,"2,529,620","239,614,574",94.40,95.00,94.30,94.80,+0.40,"1,909",
112/10/25,"3,008,661","285,442,946",94.90,95.10,94.60,94.90,+0.10,"1,803",
112/10/26,"3,252,984","308,463,275",94.80,95.40,94.40,94.80,-0.10,"1,859",
112/10/27,"3,062,815","291,917,454",94.90,95.50,94.90,95.50,+0.70,"1,894",
112/10/30,"3,663,979","347,854,446",95.60,95.70,94.70,95.00,-0.50,"2,574",
112/10/31,"3,737,734","356,500,391",94.80,95.80,94.80,95.80,+0.80,"1,815",
112/11/01,"4,894,303","471,091,536",95.70,96.50,95.60,96.30,+0.50,"3,269",
112/11/02,"4,416,417","426,670,168",96.50,97.00,96.20,96.60,+0.30,"2,647",
112/11/03,"3,673,198","355,821,406",96.60,97.00,96.50,97.00,+0.40,"2,311",
112/11/06,"5,163,700","503,229,336",97.40,97.70,97.10,97.70,+0.70,"2,880",
112/11/07,"3,233,297","314,926,025",97.70,97.80,97.10,97.20,-0.50,"2,084",
112/11/08,"3,905,278","383,014,326",97.70,98.40,97.30,98.30,+1.10,"2,163",
112/11/09,"3,482,812","342,824,179",98.30,98.70,98.00,98.40,+0.10,"2,355",
112/11/10,"2,200,839","215,752,572",98.30,98.30,97.80,97.90,-0.50,"3,670",
112/11/13,"3,456,011","335,674,398",97.90,98.00,96.70,97.10,-0.80,"2,239",
112/11/14,"2,019,099","196,473,343",97.60,97.60,97.10,97.30,+0.20,"1,216",
112/11/15,"4,546,007","443,698,223",98.30,98.40,97.20,97.50,+0.20,"2,525",
112/11/16,"3,827,813","374,254,675",98.00,98.10,97.40,98.00,+0.50,"1,831",
112/11/17,"3,780,721","370,064,331",98.00,98.40,97.40,97.70,-0.30,"2,323",
112/11/20,"2,233,919","217,810,933",98.10,98.10,97.30,97.70, 0.00,"1,429",
112/11/21,"4,983,312","489,518,564",97.70,98.50,97.50,98.30,+0.60,"2,915",
112/11/22,"3,686,745","362,559,542",98.40,98.60,98.10,98.30, 0.00,"2,802",
112/11/23,"3,830,250","376,633,602",98.00,98.80,97.90,98.40,+0.10,"2,161",
112/11/24,"7,025,159","693,430,875",98.40,99.20,98.20,98.30,-0.10,"3,525",
112/11/27,"7,703,522","763,262,482",98.30,99.70,98.30,98.50,+0.20,"3,585",
112/11/28,"7,663,880","757,827,165",98.90,99.30,98.40,98.40,-0.10,"3,547",
112/11/29,"7,159,613","709,368,193",98.80,99.40,98.80,98.90,+0.50,"3,308",
112/11/30,"9,815,218","968,071,231",98.90,99.40,98.40,98.40,-0.50,"2,796",
112/12/01,"5,882,957","581,627,137",98.50,99.30,98.40,99.20,+0.80,"3,759",
112/12/04,"9,258,644","927,433,187",99.10,101.00,99.10,99.80,+0.60,"4,586",
112/12/05,"6,977,541","700,988,973",100.50,101.00,100.00,100.50,+0.70,"3,361",
112/12/06,"4,903,923","493,205,037",101.00,101.50,100.00,100.00,-0.50,"3,749",
112/12/07,"2,791,505","277,744,766",100.00,100.50,99.20,99.40,-0.60,"2,361",
112/12/08,"2,619,738","259,582,914",99.70,99.70,98.80,99.10,-0.30,"1,862",
112/12/11,"2,315,880","227,929,194",99.10,99.20,98.10,98.50,-0.60,"2,307",
112/12/12,"2,524,432","249,084,981",99.20,99.20,98.50,98.70,+0.20,"1,615",
112/12/13,"1,882,067","185,585,244",99.10,99.10,98.30,98.40,-0.30,"1,465",
112/12/14,"2,668,371","263,580,869",99.40,99.40,98.30,98.90,+0.50,"1,984",
112/12/15,"5,949,619","584,734,076",99.20,99.20,97.80,98.40,-0.50,"3,748",
112/12/18,"2,203,131","215,817,519",98.30,98.30,97.80,98.10,-0.30,"1,876",
112/12/19,"2,328,251","227,749,623",97.80,98.00,97.60,98.00,-0.10,"1,922",
112/12/20,"3,141,451","307,359,092",98.00,98.10,97.60,98.10,+0.10,"2,164",
112/12/21,"3,256,426","317,479,350",97.60,97.80,97.30,97.60,-0.50,"2,637",
112/12/22,"2,531,164","246,361,913",97.30,97.70,97.20,97.20,-0.40,"1,592",
112/12/25,"1,653,093","160,820,934",97.30,97.60,97.00,97.50,+0.30,"1,324",
112/12/26,"1,846,196","180,412,446",97.90,98.20,97.50,97.80,+0.30,"1,266",
112/12/27,"2,131,688","209,189,724",98.10,98.50,97.70,98.30,+0.50,"1,670",
112/12/28,"1,858,226","183,155,871",98.20,98.80,98.10,98.80,+0.50,"1,556",
112/12/29,"2,615,837","257,285,338",98.50,98.70,97.90,98.60,-0.20,"1,843",
113/01/02,"2,349,301","232,276,763",98.50,99.50,98.40,99.50,+0.90,"1,518",
113/01/03,"1,881,143","185,470,006",98.70,99.00,98.40,98.90,-0.60,"1,689",
113/01/04,"1,496,185","147,510,757",98.90,98.90,98.20,98.90, 0.00,"1,215",
113/01/05,"1,113,854","109,612,479",98.60,98.90,98.20,98.50,-0.40,"1,055",
113/01/08,"1,319,893","130,399,346",98.70,99.00,98.40,99.00,+0.50,"1,165",
113/01/09,"1,392,094","137,773,962",99.00,99.10,98.80,99.10,+0.10,"1,227",
113/01/10,"1,965,533","194,284,277",99.30,99.30,98.50,98.80,-0.30,"1,344",
113/01/11,"2,866,451","285,200,283",99.30,99.80,99.00,99.70,+0.90,"2,153",
113/01/12,"1,893,071","188,567,439",100.00,100.00,99.20,99.80,+0.10,"1,568",
113/01/15,"2,068,587","205,171,448",99.80,99.80,98.90,99.10,-0.70,"2,992",
113/01/16,"3,304,282","324,555,796",98.60,98.70,98.00,98.00,-1.10,"3,462",
113/01/17,"4,551,789","443,319,856",97.60,98.00,97.10,97.20,-0.80,"3,616",
113/01/18,"2,510,120","244,468,280",97.20,97.70,97.20,97.30,+0.10,"1,819",
113/01/19,"3,689,178","358,972,225",97.00,97.60,96.90,97.30, 0.00,"1,748",
113/01/22,"1,858,687","181,394,902",97.80,98.10,97.30,97.60,+0.30,"1,190",
113/01/23,"2,338,238","227,774,203",98.00,98.00,97.20,97.30,-0.30,"1,420",
113/01/24,"2,519,514","245,280,991",97.40,98.10,97.20,97.30, 0.00,"1,342",
113/01/25,"2,087,752","203,551,494",97.80,98.00,97.30,97.60,+0.30,"1,339",
113/01/26,"1,480,843","145,203,398",97.40,98.40,97.40,98.40,+0.80,"1,085",
113/01/29,"1,169,383","114,920,178",98.00,98.60,97.80,98.60,+0.20,"1,001",
113/01/30,"2,055,326","201,970,668",98.60,98.60,97.90,98.50,-0.10,"1,346",
113/01/31,"2,244,020","219,912,447",98.30,98.40,97.90,98.00,-0.50,868,
113/02/01,"2,819,643","278,003,893",98.50,98.80,98.10,98.70,+0.70,"1,653",
113/02/02,"1,620,683","159,493,354",98.70,98.80,98.20,98.30,-0.40,"1,434",
113/02/05,"1,786,031","175,304,744",97.90,98.50,97.80,98.50,+0.20,"1,340",
113/02/15,"3,304,759","323,980,556",97.80,98.50,97.70,98.00,-0.50,"2,436",
113/02/16,"2,920,153","285,969,577",98.00,98.10,97.70,98.00, 0.00,"1,702",
113/02/19,"3,103,890","303,876,283",98.00,98.10,97.70,98.00, 0.00,"2,089",
113/02/20,"1,716,106","169,066,016",98.00,98.70,98.00,98.60,+0.60,"1,136",
113/02/21,"4,458,121","443,621,654",98.90,100.00,98.80,100.00,+1.40,"3,178",
113/02/22,"3,139,915","313,467,681",100.00,100.00,99.60,99.90,-0.10,"2,067",
113/02/23,"1,900,619","189,214,944",99.70,99.80,99.30,99.40,-0.50,"2,917",
113/02/26,"2,588,563","258,154,272",99.10,99.90,99.10,99.90,+0.50,"1,907",
113/02/27,"2,870,762","285,236,152",99.50,99.90,99.10,99.10,-0.80,"2,366",
113/02/29,"11,205,155","1,108,787,535",99.10,99.30,98.50,99.00,-0.10,"3,640",
113/03/01,"3,373,067","331,979,879",98.40,98.80,98.20,98.40,-0.60,"2,402",
113/03/04,"2,511,096","247,078,110",98.00,98.90,98.00,98.10,-0.30,"1,827",
113/03/05,"2,877,898","282,105,739",98.10,98.50,97.80,97.90,-0.20,"2,208",
113/03/06,"2,288,340","225,106,555",98.40,98.70,98.00,98.50,+0.60,"1,798",
113/03/07,"4,495,322","440,467,109",98.00,98.30,97.90,97.90,-0.60,"2,883",
113/03/08,"2,787,886","273,694,874",97.60,98.40,97.60,98.40,+0.50,"1,989",
113/03/11,"2,043,173","201,975,272",98.80,99.00,98.50,98.80,+0.40,"1,534",
113/03/12,"3,157,970","312,278,298",98.80,99.20,98.60,98.90,+0.10,"2,272",
113/03/13,"4,791,397","476,681,661",98.60,99.80,98.60,99.60,+0.70,"3,078",
113/03/14,"3,553,218","353,905,616",99.50,99.80,99.20,99.80,+0.20,"3,758",
113/03/15,"9,330,720","928,264,034",99.80,100.00,99.30,99.30,-0.50,"4,017",
113/03/18,"3,048,972","303,991,792",99.30,100.00,99.30,99.60,+0.30,"2,091",
113/03/19,"5,374,126","531,689,156",99.30,99.30,98.50,98.50,-1.10,"6,259",
113/03/20,"4,082,165","403,151,757",98.50,99.10,98.50,98.60,+0.10,"2,791",
113/03/21,"3,209,144","318,873,048",99.20,99.60,98.70,99.40,+0.80,"2,107",
113/03/22,"4,120,617","410,779,281",99.80,99.90,99.40,99.90,+0.50,"2,768",
113/03/25,"1,479,428","147,418,115",99.30,99.90,99.30,99.90, 0.00,"2,925",
113/03/26,"5,899,018","591,751,170",99.90,101.00,99.60,100.50,+0.60,"3,115",
113/03/27,"4,837,694","490,645,205",100.50,102.00,100.50,102.00,+1.50,"3,515",
113/03/28,"6,495,745","665,592,774",102.50,103.50,101.50,102.00, 0.00,"3,000",
113/03/29,"4,319,926","444,148,611",102.00,103.00,102.00,103.00,+1.00,"2,505",
113/04/01,"5,315,656","550,673,832",103.00,104.00,102.50,104.00,+1.00,"2,881",
113/04/02,"5,005,718","519,625,692",103.50,104.00,103.50,104.00, 0.00,"3,239",
113/04/03,"5,993,516","619,621,935",103.00,104.00,102.50,103.00,-1.00,"2,369",
113/04/08,"5,992,124","619,569,766",102.50,104.00,102.50,104.00,+1.00,"3,636",
113/04/09,"3,715,163","385,875,633",103.50,104.00,103.50,104.00, 0.00,"2,190",
113/04/10,"4,143,685","430,500,039",103.50,104.00,103.50,104.00, 0.00,"2,396",
113/04/11,"4,225,970","438,496,235",103.50,104.00,103.00,104.00, 0.00,"2,275",
113/04/12,"5,505,282","573,145,219",103.00,104.50,103.00,104.50,+0.50,"2,540",
113/04/15,"4,117,978","429,186,224",104.00,104.50,104.00,104.00,-0.50,"1,970",
113/04/16,"5,039,805","517,106,104",103.50,104.00,102.00,102.00,-2.00,"3,278",
113/04/17,"4,857,054","496,701,126",102.50,103.00,101.50,102.00, 0.00,"3,001",
113/04/18,"8,785,726","906,168,951",102.00,103.50,101.00,103.50,+1.50,"2,891",
113/04/19,"9,230,675","942,585,892",102.50,102.50,101.50,102.00,-1.50,"3,554",
113/04/22,"12,489,096","1,300,332,200",103.00,105.00,102.50,104.50,+2.50,"5,583",
113/04/23,"8,491,292","880,183,229",103.50,104.50,103.00,103.00,-1.50,"2,842",
113/04/24,"10,575,720","1,086,261,260",103.50,104.00,102.00,102.00,-1.00,"4,035",
113/04/25,"5,053,869","518,963,007",102.00,103.50,102.00,102.50,+0.50,"1,993",
113/04/26,"3,839,239","397,116,265",102.50,104.00,102.50,103.50,+1.00,"2,104",
113/04/29,"3,622,366","376,120,776",103.50,104.00,103.00,104.00,+0.50,"1,717",
113/04/30,"4,677,469","486,338,242",103.50,104.50,103.50,104.00, 0.00,"2,345",
113/05/02,"6,768,723","704,009,968",104.00,104.50,103.00,104.00, 0.00,"3,080",
113/05/03,"4,836,151","504,781,858",104.00,104.50,104.00,104.50,+0.50,"2,044",
113/05/06,"4,912,351","514,523,192",104.50,105.00,104.00,105.00,+0.50,"2,742",
113/05/07,"4,827,634","505,256,625",104.50,105.00,104.00,104.50,-0.50,"2,545",
113/05/08,"4,710,901","493,448,881",105.00,105.00,104.50,105.00,+0.50,"2,118",
113/05/09,"3,570,983","374,183,029",104.50,105.00,104.50,105.00, 0.00,"1,689",
113/05/10,"4,476,000","469,304,707",105.00,105.00,104.50,105.00, 0.00,"1,937",
113/05/13,"2,379,103","250,662,920",105.00,105.50,105.00,105.50,+0.50,"1,917",
113/05/14,"3,164,758","332,126,040",105.50,105.50,104.50,104.50,-1.00,"2,250",
113/05/15,"3,898,309","410,205,793",105.00,105.50,105.00,105.00,+0.50,"2,468",
113/05/16,"6,274,676","663,169,626",105.50,106.00,105.00,105.50,+0.50,"2,833",
113/05/17,"2,872,679","304,103,432",105.50,106.00,105.50,106.00,+0.50,"1,718",
113/05/20,"5,559,936","589,041,044",106.00,106.50,105.50,106.00, 0.00,"2,195",
113/05/21,"4,113,109","433,904,738",106.00,106.00,105.00,105.50,-0.50,"1,660",
113/05/22,"7,443,478","792,669,762",106.00,107.00,105.50,107.00,+1.50,"3,445",
113/05/23,"5,662,528","605,868,809",106.00,107.50,106.00,107.00, 0.00,"2,755",
113/05/24,"3,697,413","394,737,744",107.00,107.00,106.00,106.50,-0.50,"1,938",
113/05/27,"10,138,027","1,076,037,693",106.00,107.00,105.50,105.50,-1.00,"4,108",
113/05/28,"7,505,383","789,542,440",105.50,106.00,104.50,105.00,-0.50,"3,697",
113/05/29,"12,408,826","1,284,895,080",104.50,105.00,102.50,103.00,-2.00,"3,540",
113/05/30,"9,827,163","1,026,488,273",102.50,105.50,102.50,104.50,+1.50,"4,290",
113/05/31,"19,514,743","2,065,679,993",104.50,106.50,104.50,105.50,+1.00,"7,742",
113/06/03,"13,902,285","1,480,990,156",105.50,107.50,105.00,106.50,+1.00,"7,704",
113/06/04,"6,917,043","739,121,054",106.00,107.50,106.00,106.50, 0.00,"3,877",
113/06/05,"5,428,558","581,080,859",106.50,107.50,106.50,107.00,+0.50,"2,329",
113/06/06,"4,979,191","531,568,997",106.50,107.00,106.50,106.50,-0.50,"2,614",
113/06/07,"5,404,234","578,050,596",106.50,107.50,106.50,107.00,+0.50,"2,870",
113/06/11,"5,831,167","622,815,409",106.50,107.50,106.50,107.00, 0.00,"2,426",
113/06/12,"3,337,922","355,077,740",106.50,107.00,106.00,106.00,-1.00,"2,079",
113/06/13,"4,346,727","463,251,043",106.50,107.00,106.00,106.00, 0.00,"1,895",
113/06/14,"5,131,176","548,779,553",106.50,107.50,106.50,107.50,+1.50,"2,032",
113/06/17,"4,159,970","446,111,800",106.50,107.50,106.50,107.50, 0.00,"2,559",
113/06/18,"3,731,463","400,584,153",107.50,107.50,107.00,107.50, 0.00,"1,959",
113/06/19,"6,188,922","660,951,312",107.00,107.50,106.50,106.50,-1.00,"3,832",
113/06/20,"8,531,315","907,093,594",106.50,107.00,105.50,106.50, 0.00,"3,035",
113/06/21,"32,471,114","3,433,886,700",106.50,107.00,104.00,106.00,-0.50,"5,505",
113/06/24,"6,256,455","667,490,311",106.00,107.00,105.50,107.00,+1.00,"2,443",
113/06/25,"5,583,307","591,978,743",107.00,107.50,105.50,106.50,-0.50,"2,370",
113/06/26,"4,483,226","475,034,890",106.00,106.50,105.50,106.00,-0.50,"1,943",
113/06/27,"5,692,808","601,571,418",105.50,106.00,105.00,106.00, 0.00,"2,097",
113/06/28,"41,716,170","4,467,808,250",106.00,108.00,105.50,107.00,+1.00,"7,992",
113/07/01,"38,936,777","4,244,914,824",107.00,110.00,107.00,109.00,+2.00,"7,496",
113/07/02,"41,803,062","4,615,610,462",108.00,111.50,107.50,111.50,+2.50,"8,180",
113/07/03,"45,032,019","5,048,129,977",111.50,114.50,108.50,112.50,+1.00,"10,053",
113/07/04,"40,256,778","4,467,834,895",111.00,112.50,109.00,111.00,-1.50,"16,480",
113/07/05,"51,369,653","5,846,406,244",111.00,116.00,109.50,116.00,+5.00,"12,802",
113/07/08,"33,784,196","3,498,704,368",105.00,106.50,102.00,102.50,X0.00,"15,485",
113/07/09,"14,170,243","1,440,979,943",103.00,103.50,101.00,101.00,-1.50,"8,196",
113/07/10,"11,809,215","1,193,642,469",101.50,102.00,100.50,102.00,+1.00,"6,113",
113/07/11,"9,468,388","957,325,232",102.00,102.00,100.50,101.00,-1.00,"5,248",
113/07/12,"9,507,233","961,994,265",101.00,102.00,100.50,101.00, 0.00,"3,944",
113/07/15,"9,026,290","910,121,831",101.50,101.50,100.50,101.00, 0.00,"5,060",
113/07/16,"8,327,302","841,803,898",101.50,102.00,100.50,101.00, 0.00,"3,604",
113/07/17,"11,738,467","1,196,255,458",101.00,102.50,101.00,102.00,+1.00,"4,259",
113/07/18,"25,433,620","2,621,387,111",102.50,104.50,102.00,104.00,+2.00,"5,486",
113/07/19,"7,606,022","785,959,598",102.50,104.00,102.50,103.50,-0.50,"2,839",
113/07/22,"11,638,660","1,203,521,067",103.50,104.50,102.50,103.50, 0.00,"4,312",
113/07/23,"9,132,616","955,190,111",103.50,105.50,103.50,105.50,+2.00,"2,489",
113/07/26,"8,806,049","925,748,269",104.50,106.00,104.00,106.00,+0.50,"2,857",
113/07/29,"7,295,095","763,429,256",106.00,106.00,104.00,104.50,-1.50,"2,317",
113/07/30,"9,161,124","958,961,388",104.50,105.50,103.50,105.50,+1.00,"3,343",
113/07/31,"5,332,365","560,872,036",105.00,105.50,104.50,105.50, 0.00,"1,290",
113/08/01,"7,387,731","777,607,359",105.00,106.00,104.50,105.50, 0.00,"2,221",
113/08/02,"10,049,709","1,059,547,839",104.50,106.00,104.00,106.00,+0.50,"3,518",
113/08/05,"26,117,864","2,718,869,147",104.50,106.00,102.00,106.00, 0.00,"6,555",
113/08/06,"24,923,272","2,706,846,193",106.00,111.00,105.50,110.50,+4.50,"7,354",
113/08/07,"10,213,253","1,099,451,790",108.00,110.00,106.50,108.00,-2.50,"4,377",
113/08/08,"8,967,519","959,749,739",106.50,108.00,106.00,107.00,-1.00,"4,239",
113/08/09,"7,560,631","808,617,345",106.50,107.50,106.00,107.50,+0.50,"3,169",
113/08/12,"6,543,453","697,968,790",107.50,108.00,105.50,107.50, 0.00,"3,620",
113/08/13,"5,775,402","616,942,356",107.50,107.50,106.00,107.50, 0.00,"2,712",
113/08/14,"7,498,597","811,861,095",107.50,109.00,107.00,109.00,+1.50,"2,882",
113/08/15,"7,108,588","767,732,422",109.00,109.00,107.00,108.50,-0.50,"3,338",
113/08/16,"7,899,025","851,760,493",109.50,109.50,107.00,107.50,-1.00,"3,252",
113/08/19,"6,456,727","703,442,367",108.00,109.50,107.50,109.50,+2.00,"2,259",
113/08/20,"5,790,948","632,076,779",109.50,110.50,108.00,108.50,-1.00,"2,929",
113/08/21,"5,826,833","637,463,692",109.00,110.00,108.50,110.00,+1.50,"2,788",
113/08/22,"4,659,354","511,188,743",109.50,110.00,109.00,110.00, 0.00,"2,329",
113/08/23,"6,907,664","764,516,699",110.50,111.50,109.50,111.50,+1.50,"2,840",
113/08/26,"4,568,189","501,843,383",111.00,111.00,109.00,110.00,-1.50,"2,564",
113/08/27,"5,389,102","598,445,610",109.50,112.00,109.00,112.00,+2.00,"2,689",
113/08/28,"4,852,057","541,405,324",111.50,112.00,110.50,111.50,-0.50,"1,987",
113/08/29,"5,112,911","568,528,098",111.50,112.00,110.50,111.00,-0.50,"2,409",
113/08/30,"6,476,329","724,294,090",111.50,112.00,111.00,112.00,+1.00,"1,671",
113/09/02,"4,135,308","464,796,345",112.00,113.00,111.50,113.00,+1.00,"2,103",
113/09/03,"4,968,394","555,596,742",112.50,112.50,111.00,112.00,-1.00,"2,015",
113/09/04,"12,982,882","1,451,264,519",110.00,113.00,110.00,112.00, 0.00,"4,516",
113/09/05,"6,045,862","681,659,702",112.00,113.50,111.50,113.00,+1.00,"2,764",
113/09/06,"6,915,223","788,973,430",112.50,115.00,112.00,115.00,+2.00,"2,775",
113/09/09,"6,992,639","800,304,950",113.50,115.00,113.50,115.00, 0.00,"3,036",
113/09/10,"4,923,553","563,654,722",114.00,115.00,113.50,115.00, 0.00,"2,564",
113/09/11,"7,091,966","818,385,429",115.00,116.00,114.50,115.00, 0.00,"3,005",
113/09/12,"7,590,974","874,686,569",116.00,116.00,114.00,115.00, 0.00,"3,025",
113/09/13,"5,292,673","608,422,448",115.00,115.50,114.00,115.50,+0.50,"1,980",
113/09/16,"3,779,963","436,568,421",115.50,116.00,114.50,116.00,+0.50,"2,083",
113/09/18,"11,970,618","1,391,202,777",115.50,116.50,115.00,116.50,+0.50,"3,530",
113/09/19,"12,984,039","1,509,110,990",116.00,117.00,115.50,116.00,-0.50,"2,915",
113/09/20,"13,296,998","1,545,665,974",116.00,116.50,115.00,116.50,+0.50,"2,222",
113/09/23,"10,317,926","1,213,962,315",116.50,118.50,116.50,118.50,+2.00,"2,850",
113/09/24,"15,209,360","1,795,530,402",118.00,119.00,117.00,118.50, 0.00,"3,430",
113/09/25,"18,991,623","2,204,523,787",118.50,119.00,114.00,116.50,-2.00,"6,067",
113/09/26,"14,931,352","1,735,137,043",116.50,117.50,114.50,117.50,+1.00,"3,687",
113/09/27,"12,569,641","1,462,974,219",117.50,117.50,115.50,116.50,-1.00,"3,338",
113/09/30,"6,624,469","764,632,708",116.50,116.50,115.00,115.00,-1.50,"2,237",
113/10/01,"9,610,225","1,103,185,687",115.00,115.50,113.50,115.50,+0.50,"3,797",
113/10/04,"9,956,843","1,123,716,607",114.50,115.00,111.50,112.50,-3.00,"4,054",
113/10/07,"8,287,654","925,407,975",112.50,112.50,110.50,112.50, 0.00,"2,704",
113/10/08,"10,264,761","1,150,570,054",111.50,113.50,110.50,112.50, 0.00,"3,106",
113/10/09,"4,988,163","560,886,768",112.00,113.00,111.50,113.00,+0.50,"2,087",
113/10/11,"2,840,177","318,412,730",113.00,113.00,111.50,112.00,-1.00,"1,454",
113/10/14,"5,037,776","564,872,302",112.00,112.50,111.00,112.50,+0.50,"1,618",
113/10/15,"4,312,381","484,589,975",112.50,113.00,112.00,112.50, 0.00,"2,173",
113/10/16,"5,513,828","617,221,531",112.00,112.50,111.00,112.50, 0.00,"2,534",
113/10/17,"5,367,224","612,387,446",113.50,115.00,113.00,114.00,+1.50,"2,109",
113/10/18,"3,993,942","456,891,875",114.00,115.00,114.00,114.50,+0.50,"1,709",
113/10/21,"3,456,201","393,778,315",115.00,115.00,113.50,113.50,-1.00,"1,807",
113/10/22,"4,599,089","523,186,707",113.50,114.50,112.00,114.00,+0.50,"1,989",
113/10/23,"7,251,575","820,140,053",113.50,114.00,112.00,114.00, 0.00,"2,915",
113/10/24,"3,663,536","416,679,290",113.00,114.00,113.00,114.00, 0.00,"1,103",
113/10/25,"1,891,162","214,853,438",113.50,114.00,113.00,114.00, 0.00,"1,061",
113/10/28,"2,711,418","307,908,207",113.50,114.50,113.00,113.00,-1.00,"1,277",
113/10/29,"5,080,836","582,879,619",113.00,115.50,113.00,115.50,+2.50,"2,067",
113/10/30,"5,191,423","591,816,739",115.50,115.50,113.50,113.50,-2.00,"1,472",
113/11/01,"7,673,406","871,629,603",113.00,115.00,112.50,113.50, 0.00,"2,399",
113/11/04,"4,022,922","460,290,701",113.50,115.00,113.50,114.50,+1.00,"1,787",
113/11/05,"3,888,650","447,847,627",114.50,115.50,114.00,115.50,+1.00,"1,589",
113/11/06,"3,753,794","428,502,921",115.00,115.00,113.50,114.00,-1.50,"1,962",
113/11/07,"3,494,573","396,648,688",113.00,114.50,112.50,113.50,-0.50,"1,656",
113/11/08,"3,984,581","449,186,085",113.50,114.00,112.00,113.00,-0.50,"1,850",
113/11/11,"4,062,157","463,166,374",113.00,114.50,112.50,114.50,+1.50,"2,173",
113/11/12,"6,679,535","761,446,609",113.50,115.00,113.50,113.50,-1.00,"2,084",
113/11/13,"5,621,341","644,524,073",113.50,115.50,113.00,114.50,+1.00,"2,143",
113/11/14,"5,800,064","664,482,355",114.50,115.50,114.00,114.00,-0.50,"2,246",
113/11/15,"12,728,515","1,438,081,279",114.50,116.50,111.00,111.00,-3.00,"5,018",
113/11/18,"9,323,014","1,036,712,768",111.00,113.00,110.50,111.00, 0.00,"4,316",
113/11/19,"10,237,335","1,138,388,059",111.50,112.50,109.00,112.50,+1.50,"3,643",
113/11/20,"7,783,335","868,129,465",111.50,112.00,110.50,112.00,-0.50,"3,997",
113/11/21,"6,551,735","732,802,331",111.00,113.00,110.50,112.50,+0.50,"2,626",
113/11/22,"5,133,384","579,690,187",112.50,114.00,112.50,113.00,+0.50,"1,953",
113/11/25,"9,400,187","1,077,529,776",113.50,115.00,113.00,115.00,+2.00,"2,477",
113/11/26,"2,277,285","259,641,654",114.50,115.00,113.50,113.50,-1.50,"1,084",
113/11/27,"2,840,600","325,487,439",113.50,115.00,113.50,115.00,+1.50,"1,834",
113/11/28,"3,298,856","374,651,087",114.50,115.00,113.00,113.00,-2.00,"2,534",
113/11/29,"3,561,438","403,257,232",112.50,114.00,112.00,113.00, 0.00,"1,383",
113/12/02,"4,609,315","526,612,783",113.50,115.00,113.50,114.00,+1.00,"1,418",
113/12/03,"12,838,838","1,441,529,271",114.50,115.00,111.00,112.50,-1.50,"6,353",
113/12/04,"12,315,964","1,377,552,198",112.00,113.00,110.50,113.00,+0.50,"4,704",
113/12/05,"6,812,024","765,471,529",112.50,113.50,111.50,112.00,-1.00,"2,765",
113/12/06,"6,189,961","701,344,646",112.00,114.00,112.00,113.50,+1.50,"2,646",
113/12/09,"2,808,059","320,574,523",114.00,114.50,113.00,114.50,+1.00,"1,347",
113/12/10,"5,763,366","657,346,793",114.00,115.00,113.00,114.00,-0.50,"2,247",
113/12/11,"3,469,518","395,865,214",114.00,115.00,113.50,114.00, 0.00,"1,690",
113/12/12,"3,674,793","419,288,986",114.00,115.00,113.50,114.00, 0.00,"2,003",
113/12/13,"5,487,240","628,107,215",113.50,115.00,113.50,114.50,+0.50,"2,532",
113/12/16,"8,757,716","1,019,439,459",114.50,117.00,114.50,117.00,+2.50,"3,277",
113/12/17,"10,804,355","1,253,895,280",116.00,117.50,115.00,116.00,-1.00,"3,888",
113/12/18,"8,084,623","936,691,757",115.50,116.50,115.00,116.00, 0.00,"3,801",
113/12/19,"8,936,072","1,032,103,109",115.00,116.00,114.50,116.00, 0.00,"4,199",
113/12/20,"12,591,285","1,432,142,963",115.50,115.50,113.00,113.00,-3.00,"4,879",
113/12/23,"7,288,654","838,674,665",114.00,115.50,113.50,115.50,+2.50,"2,864",
113/12/24,"7,116,054","815,145,921",115.50,115.50,113.50,114.50,-1.00,"2,617",
113/12/25,"4,916,584","566,750,213",115.00,116.00,114.50,115.50,+1.00,"1,854",
113/12/26,"3,081,981","352,635,636",115.50,116.00,114.00,114.50,-1.00,"2,050",
113/12/27,"2,065,817","236,792,594",114.00,115.00,114.00,114.50, 0.00,"1,090",
113/12/30,"2,815,854","320,844,583",114.50,115.00,113.50,113.50,-1.00,"1,821",
113/12/31,"4,224,736","479,070,419",113.00,114.00,113.00,113.50, 0.00,"1,850",
114/01/02,"10,949,769","1,229,136,841",113.50,114.00,111.50,112.50,-1.00,"4,452",
114/01/03,"9,793,396","1,094,986,911",112.50,113.00,111.50,112.00,-0.50,"4,000",
114/01/06,"10,444,971","1,177,245,767",112.50,113.50,112.00,113.00,+1.00,"3,461",
114/01/07,"12,330,430","1,380,251,407",113.50,113.50,111.50,111.50,-1.50,"3,530",
114/01/08,"10,899,741","1,211,061,499",111.50,112.00,110.50,111.00,-0.50,"5,440",
114/01/09,"2,769,754","310,377,104",111.50,112.50,111.00,112.00,+1.00,"1,554",
114/01/10,"3,714,633","414,092,183",112.00,112.00,111.00,111.00,-1.00,"1,750",
114/01/13,"5,957,011","663,824,384",111.00,112.00,110.50,111.50,+0.50,"2,687",
114/01/14,"4,348,110","487,189,735",111.50,113.00,111.00,112.50,+1.00,"1,617",
114/01/15,"4,119,650","458,858,077",112.50,112.50,111.00,111.00,-1.50,"2,377",
114/01/16,"5,948,577","661,387,740",111.50,112.00,110.50,111.00, 0.00,"2,571",
114/01/17,"5,022,081","560,857,672",111.00,112.00,110.50,112.00,+1.00,"2,124",
114/01/20,"4,205,752","466,186,159",112.00,112.50,110.50,110.50,-1.50,"2,254",
114/01/21,"3,156,239","349,668,792",110.50,111.50,110.00,111.00,+0.50,"1,763",
114/01/22,"4,493,340","495,738,204",111.00,111.50,110.00,110.00,-1.00,"1,954",
114/02/03,"6,070,793","675,587,452",109.50,112.50,109.50,111.50,+1.50,"2,865",
114/02/04,"4,781,612","537,104,084",112.00,113.00,111.50,112.50,+1.00,"2,025",
114/02/05,"4,332,050","486,456,068",113.00,113.50,111.50,112.00,-0.50,"2,366",
114/02/06,"3,151,759","353,863,139",112.00,113.00,111.50,112.50,+0.50,"1,808",
114/02/07,"3,098,920","347,229,772",112.00,112.50,111.50,112.00,-0.50,"1,604",
114/02/10,"3,155,543","352,459,748",111.50,112.50,111.50,111.50,-0.50,"1,795",
114/02/11,"4,580,024","508,900,898",112.00,112.50,110.50,111.00,-0.50,"2,298",
114/02/12,"5,592,148","629,029,007",111.50,113.00,111.50,112.50,+1.50,"2,593",
114/02/13,"4,717,613","529,801,816",113.00,113.50,111.50,112.00,-0.50,"2,431",
114/02/14,"4,236,274","475,684,355",112.00,113.00,111.50,112.50,+0.50,"3,812",
114/02/17,"4,073,729","458,015,622",112.50,113.00,112.00,112.00,-0.50,"2,775",
114/02/18,"3,517,656","395,757,717",112.00,113.00,112.00,112.50,+0.50,"1,893",
114/02/19,"5,812,931","652,598,043",112.50,113.00,111.50,112.00,-0.50,"2,970",
114/02/20,"4,567,719","514,089,664",112.00,113.50,112.00,112.00, 0.00,"2,094",
114/02/21,"4,608,752","522,990,738",113.00,114.00,112.50,113.50,+1.50,"1,861",
114/02/24,"3,425,767","389,360,368",113.00,114.50,113.00,113.50, 0.00,"1,375",
114/02/25,"6,063,136","689,919,639",113.00,114.50,113.00,113.50, 0.00,"2,253",
114/02/26,"6,382,226","726,355,393",114.00,114.50,113.50,113.50, 0.00,"2,903",
114/02/27,"10,072,469","1,156,901,420",114.00,115.50,114.00,114.50,+1.00,"3,222",
114/03/03,"5,872,966","681,902,359",115.00,117.00,115.00,116.50,+2.00,"3,100",
114/03/04,"6,725,533","775,235,204",115.50,116.00,114.50,115.00,-1.50,"3,332",
114/03/05,"4,429,528","510,763,937",115.50,116.00,115.00,115.00, 0.00,"1,811",
114/03/06,"6,767,050","787,438,157",115.00,117.00,115.00,116.50,+1.50,"2,675",
114/03/07,"5,524,671","647,332,491",117.00,118.00,116.50,117.00,+0.50,"2,554",
114/03/10,"3,557,532","415,702,087",117.00,117.50,116.50,116.50,-0.50,"13,870",
114/03/11,"6,713,817","783,219,159",115.50,117.50,115.50,116.50, 0.00,"2,878",
114/03/12,"6,318,951","740,765,643",117.00,117.50,116.50,117.00,+0.50,"2,891",
114/03/13,"4,493,564","525,766,217",117.00,117.50,116.00,117.00, 0.00,"2,134",
114/03/14,"4,361,627","510,732,186",117.50,117.50,116.50,117.00, 0.00,"1,625",
114/03/17,"6,695,701","778,778,727",117.00,117.50,115.50,116.00,-1.00,"2,698",
114/03/18,"4,366,208","508,825,223",116.00,117.00,115.50,117.00,+1.00,"1,819",
114/03/19,"3,443,575","401,215,439",117.00,117.00,116.00,116.50,-0.50,"2,047",
114/03/20,"4,434,445","520,085,827",116.50,117.50,116.00,117.50,+1.00,"2,094",
114/03/21,"8,415,598","993,904,108",117.50,118.50,117.00,118.50,+1.00,"2,300",
114/03/24,"2,825,823","334,308,328",118.00,118.50,117.50,118.50, 0.00,"1,999",
114/03/25,"3,470,254","407,960,241",118.50,119.00,117.00,117.00,-1.50,"2,009",
114/03/26,"2,479,320","291,454,623",117.00,118.00,116.50,118.00,+1.00,"1,296",
114/03/27,"2,563,362","301,851,372",117.50,118.00,117.00,118.00, 0.00,"1,477",
114/03/28,"3,551,183","417,624,739",117.50,118.00,117.00,117.50,-0.50,"1,891",
114/03/31,"6,682,347","781,276,259",116.00,118.00,116.00,116.50,-1.00,"2,953",
114/04/01,"6,092,652","710,216,747",116.50,117.50,116.00,116.00,-0.50,"2,612",
114/04/02,"4,765,477","553,446,113",116.00,116.50,115.50,116.00, 0.00,"1,991",
114/04/07,"15,347,869","1,720,016,518",109.50,113.50,109.00,113.00,-3.00,"5,522",
114/04/08,"25,110,748","2,815,929,117",115.00,116.00,110.00,113.00, 0.00,"7,395",
114/04/09,"34,936,131","4,060,243,002",111.50,119.00,111.00,115.00,+2.00,"10,133",
114/04/10,"27,084,097","3,199,843,774",116.00,120.50,114.00,119.00,+4.00,"9,179",
114/04/11,"17,095,172","2,015,721,102",119.00,120.00,116.50,117.00,-2.00,"7,327",
114/04/14,"10,194,528","1,184,207,927",116.50,118.00,115.00,115.00,-2.00,"3,678",
114/04/15,"11,555,766","1,325,861,247",115.00,116.00,114.00,114.50,-0.50,"4,695",
114/04/16,"19,602,441","2,296,988,890",114.50,118.50,114.50,118.00,+3.50,"6,574",
114/04/17,"12,354,246","1,427,661,342",117.50,117.50,114.50,114.50,-3.50,"3,941",
114/04/18,"6,124,399","698,241,464",115.50,115.50,113.50,113.50,-1.00,"2,416",
114/04/21,"7,919,342","903,309,445",113.00,115.50,113.00,113.50, 0.00,"2,792",
114/04/22,"5,791,542","656,636,899",113.50,114.50,112.50,113.00,-0.50,"2,727",
114/04/23,"13,149,751","1,499,624,103",113.00,115.50,113.00,114.50,+1.50,"3,638",
114/04/24,"6,493,153","739,629,426",114.00,114.50,113.50,114.00,-0.50,"2,709",
114/04/25,"9,390,417","1,065,835,983",114.50,114.50,113.00,113.00,-1.00,"3,908",
114/04/28,"4,425,059","499,532,750",113.00,113.50,112.50,112.50,-0.50,"3,222",
114/04/29,"5,476,319","619,109,400",113.00,114.00,112.50,113.00,+0.50,"2,992",
114/04/30,"3,696,032","420,247,773",113.00,114.50,113.00,113.50,+0.50,"1,773",
114/05/02,"3,087,840","351,000,767",113.50,114.00,113.50,113.50, 0.00,"2,141",
114/05/05,"5,457,888","625,851,550",113.50,115.00,113.50,114.50,+1.00,"3,255",
114/05/06,"6,558,280","757,236,696",115.00,116.00,114.50,115.00,+0.50,"3,917",
114/05/07,"8,516,498","986,925,754",115.50,117.00,115.00,115.50,+0.50,"3,882",
114/05/08,"13,668,407","1,557,428,641",115.50,116.00,113.50,113.50,-2.00,"5,336",
114/05/09,"7,490,478","852,183,929",113.50,114.50,113.00,113.50, 0.00,"2,864",
114/05/12,"7,375,381","846,736,872",114.00,115.50,114.00,114.50,+1.00,"3,800",
114/05/13,"5,956,495","679,264,053",114.50,115.00,113.50,113.50,-1.00,"2,642",
114/05/14,"7,814,921","885,685,292",114.00,114.50,113.00,113.00,-0.50,"4,660",
114/05/15,"10,109,540","1,155,697,033",113.50,115.00,113.50,114.50,+1.50,"3,293",
114/05/16,"4,274,488","488,523,563",115.00,115.00,114.00,114.00,-0.50,"2,424",
114/05/19,"4,896,396","558,712,130",114.00,115.00,113.50,114.00, 0.00,"2,360",
114/05/20,"9,185,009","1,059,009,415",114.50,116.00,114.50,115.00,+1.00,"3,823",
114/05/21,"6,147,989","710,835,572",115.50,116.00,115.00,115.50,+0.50,"3,527",
114/05/22,"8,857,508","1,032,753,362",115.50,117.50,115.50,116.50,+1.00,"4,006",
114/05/23,"9,478,289","1,108,165,679",116.50,118.00,115.50,117.00,+0.50,"3,493",
114/05/26,"8,414,939","986,433,843",117.00,118.00,116.50,117.00, 0.00,"3,438",
114/05/27,"12,148,299","1,418,319,433",117.00,118.00,115.50,116.00,-1.00,"4,051",
114/05/28,"11,577,996","1,344,770,323",116.00,117.00,115.50,116.00, 0.00,"3,725",
114/05/29,"25,266,910","2,892,388,586",116.50,117.00,114.00,114.00,-2.00,"6,518",
114/06/02,"15,754,494","1,790,119,517",113.50,115.00,113.00,113.50,-0.50,"5,717",
114/06/03,"28,114,950","3,176,459,655",114.50,114.50,112.50,112.50,-1.00,"5,761",
114/06/04,"16,186,702","1,825,649,045",113.00,113.50,112.50,112.50, 0.00,"5,024",
114/06/05,"7,459,044","850,276,623",112.50,114.50,112.50,114.00,+1.50,"3,113",
114/06/06,"7,974,639","914,827,142",114.00,115.50,114.00,114.50,+0.50,"2,525",
114/06/09,"3,105,651","355,414,515",114.50,115.00,114.00,114.50, 0.00,"1,788",
114/06/10,"5,420,555","626,056,183",115.00,116.00,114.50,115.50,+1.00,"2,270",
114/06/11,"4,870,604","563,978,492",115.00,116.00,115.00,116.00,+0.50,"1,659",
114/06/12,"3,043,073","352,090,718",116.00,116.50,115.50,115.50,-0.50,"1,455",
114/06/13,"5,661,904","657,516,923",115.50,117.00,115.50,116.00,+0.50,"2,718",
114/06/16,"5,287,324","617,494,066",116.50,117.50,116.00,117.00,+1.00,"2,143",
114/06/17,"6,546,457","765,577,332",117.50,118.00,116.50,116.50,-0.50,"2,604",
114/06/18,"10,024,637","1,181,865,353",116.50,119.00,116.50,118.50,+2.00,"4,626",
114/06/19,"5,861,829","687,896,658",117.50,118.00,117.00,117.50,-1.00,"3,339",
114/06/20,"12,991,222","1,528,031,945",117.50,118.50,117.00,117.50, 0.00,"3,462",
114/06/23,"7,491,668","872,143,512",117.50,118.00,116.00,116.50,-1.00,"3,328",
114/06/24,"30,063,376","3,427,479,270",117.00,117.00,112.50,112.50,-4.00,"6,893",
114/06/25,"22,453,570","2,583,365,468",112.50,116.50,112.50,116.00,+3.50,"6,233",
114/06/26,"30,137,221","3,446,483,620",115.50,116.00,113.50,114.00,-2.00,"6,595",
114/06/27,"10,590,057","1,221,256,584",114.50,116.00,114.00,116.00,+2.00,"3,896",
114/06/30,"21,612,358","2,494,511,934",114.50,116.50,114.50,115.00,-1.00,"4,794",
114/07/01,"22,713,211","2,618,461,899",116.00,116.50,114.50,114.50,-0.50,"5,465",
114/07/02,"14,829,425","1,695,949,912",115.00,115.50,113.50,114.50, 0.00,"4,878",
114/07/03,"16,823,072","1,935,218,662",114.50,116.00,114.00,116.00,+1.50,"7,212",
114/07/04,"13,401,855","1,557,095,510",116.50,117.00,115.50,116.50,+0.50,"4,204",
114/07/07,"27,935,573","3,182,553,200",116.00,116.50,113.00,113.00,-3.50,"7,069",
114/07/08,"18,438,853","2,100,218,325",113.50,115.00,113.00,113.00, 0.00,"4,846",
114/07/09,"50,013,825","5,351,315,993",109.00,109.50,106.00,106.50,X0.00,"13,173",
114/07/10,"12,302,825","1,319,589,555",107.00,108.00,106.50,107.00,+0.50,"3,829",
114/07/11,"12,354,454","1,321,246,924",107.50,107.50,106.50,107.00, 0.00,"4,892",
114/07/14,"13,946,274","1,505,892,760",107.50,109.00,107.00,108.00,+1.00,"6,004",
114/07/15,"15,685,396","1,679,817,814",108.00,108.50,106.50,107.00,-1.00,"7,842",
114/07/16,"11,162,663","1,188,912,236",106.50,107.00,106.00,106.50,-0.50,"5,425",
114/07/17,"7,763,353","827,025,814",107.00,107.50,106.00,106.50, 0.00,"3,479",
114/07/18,"9,186,707","977,193,752",107.00,107.50,106.00,106.00,-0.50,"3,205",
114/07/21,"11,035,968","1,167,762,063",106.50,106.50,105.00,106.50,+0.50,"5,172",
114/07/22,"9,329,252","988,655,545",106.50,106.50,105.50,106.00,-0.50,"3,988",
114/07/23,"8,185,206","875,417,798",106.50,107.50,106.00,107.00,+1.00,"2,988",
114/07/24,"7,539,511","804,509,715",107.50,107.50,106.00,107.00, 0.00,"2,451",
114/07/25,"10,622,967","1,125,762,485",107.00,107.50,105.50,105.50,-1.50,"3,799",
114/07/28,"3,738,157","396,908,450",106.00,106.50,105.50,106.00,+0.50,"1,323",
114/07/29,"4,508,988","478,684,156",106.00,107.00,105.50,106.00, 0.00,"1,621",
114/07/30,"7,260,156","776,237,623",106.50,107.50,106.00,107.50,+1.50,"2,256",
114/07/31,"9,876,989","1,048,223,652",107.00,107.50,105.50,105.50,-2.00,"2,938",
114/08/01,"3,340,229","354,000,232",105.50,106.50,105.50,106.00,+0.50,"1,804",
114/08/04,"3,037,081","323,822,476",106.00,107.00,106.00,107.00,+1.00,"1,407",
114/08/05,"2,999,711","319,824,941",106.50,107.00,106.50,106.50,-0.50,"2,345",
114/08/06,"2,642,452","282,846,676",107.00,107.50,107.00,107.00,+0.50,"1,456",
114/08/07,"5,136,652","548,221,825",107.00,107.50,106.00,106.50,-0.50,"2,371",
114/08/08,"4,453,496","477,903,025",107.00,108.00,106.50,107.50,+1.00,"2,450",
114/08/11,"5,278,885","566,051,682",107.50,108.00,106.50,106.50,-1.00,"3,280",
114/08/12,"9,298,172","999,464,144",107.50,108.00,107.00,107.00,+0.50,"4,112",
114/08/13,"6,052,406","646,101,683",108.00,108.00,106.50,106.50,-0.50,"3,220",
114/08/14,"7,809,922","831,521,359",107.00,107.50,106.00,106.00,-0.50,"5,228",
114/08/15,"4,277,444","457,456,450",106.50,107.50,106.00,107.00,+1.00,"2,705",
114/08/18,"7,651,360","826,145,725",107.00,108.50,107.00,108.50,+1.50,"3,344",
114/08/19,"4,013,179","434,524,967",108.50,109.00,108.00,108.00,-0.50,"2,033",
114/08/20,"6,558,013","710,299,617",108.50,109.00,108.00,108.00, 0.00,"3,499",
114/08/21,"6,700,784","727,153,544",109.00,109.00,108.00,108.50,+0.50,"2,965",
114/08/22,"6,233,058","673,383,408",108.50,109.00,107.50,108.00,-0.50,"2,837",
114/08/25,"8,897,588","954,020,999",108.50,108.50,106.50,107.00,-1.00,"4,199",
114/08/26,"4,654,355","496,254,932",106.50,107.00,106.50,106.50,-0.50,"2,001",
114/08/27,"5,413,634","575,438,091",106.50,107.00,106.00,106.00,-0.50,"3,303",
114/08/28,"5,238,065","556,392,046",106.50,107.00,106.00,106.00, 0.00,"3,096",
114/08/29,"7,097,195","753,063,724",106.50,106.50,105.50,106.50,+0.50,"2,848",
114/09/01,"3,301,607","351,128,756",106.50,107.00,106.00,106.50, 0.00,"2,155",
114/09/02,"3,176,594","339,525,858",107.00,107.50,106.50,107.00,+0.50,"1,999",
114/09/03,"2,863,492","304,734,867",107.00,107.00,106.00,106.50,-0.50,"1,819",
114/09/04,"2,592,789","275,576,172",106.50,106.50,106.00,106.50, 0.00,"1,906",
114/09/05,"3,146,225","334,170,968",106.50,107.00,106.00,106.00,-0.50,"2,215",
114/09/08,"4,429,691","472,924,328",106.00,107.00,106.00,107.00,+1.00,"2,142",
114/09/09,"3,293,441","353,550,267",107.00,108.00,107.00,107.50,+0.50,"1,887",
114/09/10,"5,212,159","557,539,599",107.00,107.50,106.50,107.00,-0.50,"2,895",
114/09/11,"3,161,051","337,981,673",107.00,107.50,106.50,106.50,-0.50,"1,924",
114/09/12,"3,825,815","409,213,783",107.00,107.50,106.50,107.50,+1.00,"1,919",
114/09/15,"4,382,860","469,292,502",107.00,107.50,106.50,107.00,-0.50,"2,374",
114/09/16,"6,992,140","745,616,310",107.50,107.50,106.00,106.50,-0.50,"3,430",
114/09/17,"5,325,855","565,882,090",106.50,107.00,106.00,106.00,-0.50,"3,303",
114/09/18,"5,497,265","584,413,055",106.50,106.50,106.00,106.50,+0.50,"2,665",
114/09/19,"14,147,254","1,495,926,855",106.00,106.50,105.50,105.50,-1.00,"5,797",
114/09/22,"4,962,692","527,199,763",106.50,107.00,105.50,106.00,+0.50,"2,541",
114/09/23,"7,455,960","790,851,990",106.00,106.50,105.50,106.00, 0.00,"4,568",
114/09/24,"5,549,010","590,623,377",106.50,107.00,106.00,106.50,+0.50,"3,039",
114/09/25,"5,250,017","557,415,916",107.00,107.00,106.00,106.00,-0.50,"3,626",
114/09/26,"7,105,290","757,883,375",106.50,107.00,106.00,107.00,+1.00,"2,981",
114/09/30,"15,269,777","1,649,518,525",107.00,109.00,106.50,109.00,+2.00,"5,661",
114/10/01,"11,212,419","1,211,197,543",108.50,109.00,107.00,108.50,-0.50,"4,164",
114/10/02,"11,199,310","1,219,601,250",108.50,109.50,108.00,108.50, 0.00,"3,564",
114/10/03,"7,559,617","821,801,445",109.00,109.00,108.00,109.00,+0.50,"3,204",
114/10/07,"7,258,549","794,983,590",108.50,110.00,108.50,110.00,+1.00,"3,474",
114/10/08,"8,687,328","958,958,673",110.00,111.00,109.50,110.50,+0.50,"3,024",
114/10/09,"7,437,451","819,511,388",111.00,111.00,109.50,110.50, 0.00,"3,200",
114/10/13,"6,113,099","673,181,043",110.00,110.50,109.00,110.50, 0.00,"2,607",
114/10/14,"6,953,267","770,020,719",110.00,111.50,110.00,110.50, 0.00,"2,445",
114/10/15,"11,090,112","1,213,428,914",110.50,111.00,108.50,109.00,-1.50,"4,671",
114/10/16,"8,599,435","942,916,515",109.50,110.00,109.00,110.00,+1.00,"2,787",
114/10/17,"9,193,968","1,021,498,648",110.00,112.00,110.00,111.50,+1.50,"2,774",
114/10/20,"6,211,761","691,664,509",111.50,112.00,110.50,111.50, 0.00,"2,361",
114/10/21,"2,356,622","261,998,085",111.50,111.50,111.00,111.00,-0.50,"1,584",
114/10/22,"5,613,899","626,757,890",111.00,112.00,111.00,112.00,+1.00,"2,294",
114/10/23,"2,906,396","325,422,641",111.50,112.50,111.00,112.50,+0.50,"1,694",
114/10/27,"6,524,963","727,555,966",112.50,112.50,111.00,111.00,-1.50,"3,084",
114/10/28,"5,360,724","596,560,291",111.50,112.00,110.50,111.50,+0.50,"2,681",
114/10/29,"4,295,462","475,888,706",111.50,111.50,110.00,111.00,-0.50,"2,858",
114/10/30,"8,850,628","973,028,942",111.00,111.00,109.00,110.00,-1.00,"3,703",
114/10/31,"6,481,673","712,075,009",110.00,110.50,109.50,109.50,-0.50,"2,294",
114/11/03,"6,112,543","676,658,222",110.00,111.50,109.50,110.50,+1.00,"2,633",
114/11/04,"8,504,243","941,813,256",110.50,111.50,110.00,110.50, 0.00,"2,812",
114/11/05,"5,105,894","560,171,099",111.00,111.00,109.00,109.50,-1.00,"2,554",
114/11/06,"6,114,345","670,682,570",110.00,110.50,109.00,110.00,+0.50,"2,787",
114/11/07,"7,884,510","873,075,216",110.50,111.50,109.50,111.00,+1.00,"2,741",
114/11/10,"5,716,708","633,587,651",111.00,111.50,110.00,110.50,-0.50,"2,245",
114/11/11,"3,660,239","404,098,938",111.00,111.00,110.00,110.00,-0.50,"1,626",
114/11/12,"7,272,361","808,993,597",110.50,112.00,110.50,111.00,+1.00,"2,483",
114/11/13,"12,394,834","1,351,460,961",110.50,111.00,108.50,108.50,-2.50,"5,843",
114/11/14,"3,549,182","385,935,278",108.50,109.50,108.00,108.50, 0.00,"1,935",
114/11/17,"6,124,601","663,413,062",109.00,109.50,107.50,108.00,-0.50,"2,828",
114/11/18,"7,100,603","762,574,386",108.00,108.50,107.00,107.00,-1.00,"3,538",
114/11/19,"6,342,585","678,665,150",108.00,108.00,106.50,106.50,-0.50,"3,305",
114/11/20,"4,131,616","445,959,954",107.00,108.50,107.00,108.00,+1.50,"1,897",
114/11/21,"5,312,556","571,604,984",107.50,108.50,107.00,107.00,-1.00,"2,692",
114/11/24,"9,703,592","1,048,990,478",107.50,109.00,107.50,108.00,+1.00,"3,400",
114/11/25,"8,515,680","921,046,320",108.00,109.00,107.50,107.50,-0.50,"3,376",
114/11/26,"7,069,877","770,097,003",108.50,109.50,108.00,109.00,+1.50,"3,357",
114/11/27,"8,336,817","902,822,274",108.50,109.00,107.50,108.50,-0.50,"3,989",
114/11/28,"3,716,959","402,255,021",108.00,109.00,108.00,108.00,-0.50,"1,713",
114/12/01,"3,651,329","392,901,499",108.00,108.50,107.00,107.00,-1.00,"1,849",
114/12/02,"6,206,486","663,039,517",107.50,107.50,106.50,106.50,-0.50,"2,901",
114/12/03,"6,934,149","737,132,605",106.50,107.00,106.00,106.00,-0.50,"4,183",
114/12/04,"7,611,925","804,801,262",106.00,106.50,105.50,105.50,-0.50,"4,427",
114/12/05,"6,674,706","704,350,658",105.50,106.00,105.00,105.00,-0.50,"3,699",
114/12/08,"7,469,014","787,549,037",106.00,106.50,105.00,105.00, 0.00,"4,379",
114/12/09,"11,204,942","1,172,682,257",105.00,105.50,104.00,104.50,-0.50,"6,452",
114/12/10,"9,407,864","987,397,375",104.50,106.00,104.50,104.50, 0.00,"4,281",
114/12/11,"8,373,665","884,994,895",105.00,106.00,105.00,106.00,+1.50,"3,032",
114/12/12,"6,163,528","651,657,075",106.50,106.50,105.50,105.50,-0.50,"2,667",
114/12/15,"6,374,474","670,450,848",105.50,106.00,105.00,105.00,-0.50,"4,086",
114/12/16,"7,865,179","828,940,275",105.00,106.00,105.00,105.00, 0.00,"3,662",
114/12/17,"8,475,079","888,914,344",105.50,105.50,104.00,104.50,-0.50,"5,543",
114/12/18,"15,659,818","1,643,653,566",104.50,106.00,104.00,104.50, 0.00,"6,505",
114/12/19,"49,771,303","5,264,092,731",104.50,106.50,104.00,106.00,+1.50,"8,472",
114/12/22,"46,503,852","4,980,383,834",106.50,107.50,106.50,107.00,+1.00,"7,615",
114/12/23,"39,630,238","4,227,841,686",107.00,107.50,106.00,106.50,-0.50,"7,042",
114/12/24,"36,659,780","3,937,396,682",106.50,108.50,106.00,108.50,+2.00,"4,602",
114/12/26,"37,964,160","4,175,237,903",107.50,111.50,107.00,111.50,+3.00,"9,174",
114/12/29,"8,977,968","988,800,789",110.00,111.00,109.50,109.50,-2.00,"5,222",
114/12/30,"8,496,756","933,330,177",108.50,110.50,108.50,110.50,+1.00,"4,465",
114/12/31,"8,641,987","944,923,498",110.00,110.50,108.50,108.50,-2.00,"3,944",
115/01/02,"8,165,146","880,417,613",109.00,109.50,107.00,108.00,-0.50,"4,020",
115/01/05,"7,810,532","839,456,160",108.00,108.50,107.00,107.00,-1.00,"4,243",
115/01/06,"7,679,216","824,128,394",107.50,108.00,106.50,107.00, 0.00,"4,269",
115/01/07,"6,288,569","673,653,663",107.50,107.50,106.50,107.00, 0.00,"3,598",
115/01/08,"5,489,504","586,716,953",107.00,107.50,106.50,107.00, 0.00,"3,299",
115/01/09,"6,826,300","733,520,678",107.00,108.00,107.00,107.50,+0.50,"3,052",
115/01/12,"7,123,747","763,462,608",107.50,108.00,106.50,107.50, 0.00,"3,451",
115/01/13,"6,253,129","670,451,006",107.50,108.00,107.00,107.00,-0.50,"3,056",
115/01/14,"6,473,694","694,902,907",107.00,108.00,107.00,107.50,+0.50,"3,187",
115/01/15,"5,839,183","630,395,563",107.50,108.50,107.50,108.00,+0.50,"2,940",
115/01/16,"4,872,358","525,217,730",108.00,108.50,107.00,108.00, 0.00,"2,567",
115/01/19,"4,855,090","525,214,250",107.50,108.50,107.50,108.50,+0.50,"2,312",
115/01/20,"4,230,876","456,247,553",108.50,108.50,107.50,107.50,-1.00,"2,226",
115/01/21,"6,860,436","736,846,333",108.00,108.00,107.00,107.50, 0.00,"3,505",
115/01/22,"5,556,536","596,665,169",107.50,108.00,107.00,107.50, 0.00,"1,990",
115/01/23,"6,431,791","690,245,042",108.00,108.00,107.00,107.50, 0.00,"2,876",
115/01/26,"5,640,075","605,427,233",107.50,108.00,107.00,107.50, 0.00,"2,161",
115/01/27,"8,620,989","920,677,640",107.00,107.50,106.50,106.50,-1.00,"4,098",
115/01/28,"6,205,966","659,956,197",106.50,107.00,106.00,106.00,-0.50,"3,234",
115/01/29,"7,596,599","805,518,877",106.50,107.00,105.50,105.50,-0.50,"3,549",
115/01/30,"6,489,844","685,051,945",106.00,106.00,105.50,105.50, 0.00,"3,049",
115/02/02,"5,818,178","612,460,741",106.00,106.00,105.00,105.00,-0.50,"3,475",
115/02/03,"3,823,709","401,893,932",105.00,105.50,105.00,105.00, 0.00,"2,565",
115/02/04,"3,973,255","416,615,914",105.00,105.50,104.50,104.50,-0.50,"2,892",
115/02/05,"4,618,171","485,048,961",105.00,105.50,104.50,105.00,+0.50,"2,122",
115/02/06,"3,659,176","384,801,226",105.00,105.50,104.50,105.50,+0.50,"2,261",
115/02/09,"5,121,050","539,090,315",105.50,106.00,105.00,105.00,-0.50,"2,361",
115/02/10,"5,091,298","537,933,363",105.50,106.00,105.00,105.50,+0.50,"2,754",
115/02/11,"6,865,700","731,223,834",106.00,107.00,105.50,106.50,+1.00,"4,056",
115/02/23,"10,217,023","1,097,450,207",107.50,108.00,107.00,107.50,+1.00,"5,562",
115/02/24,"8,055,045","867,982,551",107.50,108.00,107.50,108.00,+0.50,"4,024",
115/02/25,"10,123,860","1,094,697,060",108.00,108.50,107.50,108.50,+0.50,"4,676",
115/02/26,"12,478,656","1,345,644,897",108.50,109.00,107.50,107.50,-1.00,"4,585",
115/03/02,"16,576,938","1,787,869,648",107.00,108.50,106.50,108.50,+1.00,"6,946",
115/03/03,"11,840,390","1,280,494,229",108.00,109.00,107.50,108.50, 0.00,"3,724",
115/03/04,"16,243,007","1,748,212,999",108.00,108.50,107.00,108.00,-0.50,"5,029",
115/03/05,"10,528,958","1,132,064,187",108.00,108.50,106.50,107.50,-0.50,"4,625",
115/03/06,"6,906,820","744,982,622",107.50,108.50,107.00,108.00,+0.50,"3,914",
115/03/09,"10,195,264","1,091,986,566",106.50,107.50,106.50,107.50,-0.50,"3,680",
115/03/10,"4,370,025","467,911,015",108.00,108.00,106.50,106.50,-1.00,"2,018",
115/03/11,"6,501,887","692,825,909",107.00,107.50,106.00,106.00,-0.50,"3,226",
115/03/12,"8,983,379","952,476,553",106.00,106.50,105.50,106.00, 0.00,"3,621",
115/03/13,"8,753,112","933,546,432",106.00,107.00,106.00,106.50,+0.50,"5,180",
115/03/16,"6,231,586","670,563,311",107.00,108.00,107.00,108.00,+1.50,"3,150",
115/03/17,"9,826,896","1,070,471,155",108.50,109.50,108.00,109.50,+1.50,"4,093",
115/03/18,"12,357,014","1,352,773,268",109.50,110.00,108.50,110.00,+0.50,"4,528",
115/03/19,"5,129,561","559,765,513",109.50,109.50,108.50,109.50,-0.50,"2,495",
115/03/20,"5,753,047","626,936,811",109.00,109.50,108.50,109.00,-0.50,"1,727",
115/03/23,"8,067,689","878,630,367",108.00,109.50,108.00,109.00, 0.00,"3,064",
115/03/24,"6,453,818","706,730,171",109.00,110.00,109.00,109.50,+0.50,"2,446",
115/03/25,"8,624,445","943,501,422",109.50,110.00,109.00,109.00,-0.50,"3,604",
115/03/26,"3,742,610","408,460,193",109.50,109.50,109.00,109.00, 0.00,"1,593",
115/03/27,"4,957,883","541,136,157",109.00,109.50,108.50,109.50,+0.50,"1,894",
115/03/30,"7,589,944","828,757,503",108.50,110.00,108.50,109.00,-0.50,"2,500",
115/03/31,"8,695,326","948,520,303",109.00,109.50,108.50,109.00, 0.00,"2,962",
115/04/01,"4,627,575","505,168,192",109.00,109.50,108.50,109.50,+0.50,"1,998",
115/04/02,"5,673,613","620,395,720",109.50,109.50,109.00,109.50, 0.00,"2,753",
115/04/07,"4,637,689","507,099,166",109.50,109.50,109.00,109.50, 0.00,"2,357",
115/04/08,"7,390,361","806,440,694",109.50,109.50,108.50,109.50, 0.00,"2,780",
115/04/09,"8,240,555","903,223,724",109.50,110.00,109.00,110.00,+0.50,"2,784",
115/04/10,"5,163,546","567,259,220",110.00,110.00,109.50,110.00, 0.00,"1,754",
115/04/13,"6,925,622","761,072,229",110.00,110.00,109.50,110.00, 0.00,"3,092",
115/04/14,"7,076,354","777,442,055",110.00,110.00,109.50,110.00, 0.00,"3,249",
115/04/15,"7,576,249","832,291,495",110.00,110.00,109.50,110.00, 0.00,"3,544",
115/04/16,"7,856,615","863,400,094",110.00,110.00,109.50,110.00, 0.00,"3,339",
115/04/17,"19,150,988","2,130,428,837",110.00,112.50,109.50,112.50,+2.50,"5,338",
115/04/20,"24,297,796","2,769,058,467",112.50,115.50,112.00,113.50,+1.00,"5,474",
115/04/21,"18,949,635","2,144,250,623",113.50,114.00,112.00,113.50, 0.00,"5,143",
115/04/22,"13,624,309","1,533,922,932",113.50,113.50,111.50,113.00,-0.50,"4,378",
115/04/23,"11,129,262","1,243,888,994",112.00,112.50,111.00,112.00,-1.00,"4,243",
115/04/24,"22,407,532","2,522,853,365",112.00,113.50,111.50,113.00,+1.00,"2,860",
115/04/27,"8,125,273","912,497,200",112.50,113.00,112.00,112.00,-1.00,"2,582",
115/04/28,"8,864,913","988,259,157",112.50,112.50,111.00,111.00,-1.00,"2,272",
115/04/29,"11,327,069","1,263,214,521",111.00,112.00,111.00,112.00,+1.00,"2,684",
115/04/30,"7,770,207","867,324,447",111.50,112.00,111.00,111.50,-0.50,"1,920",
115/05/04,"7,422,343","823,068,082",111.50,111.50,110.50,110.50,-1.00,"3,231",
115/05/05,"10,665,139","1,179,314,172",110.50,111.00,110.00,110.50, 0.00,"2,984",
115/05/06,"5,488,889","605,247,297",110.50,110.50,110.00,110.00,-0.50,"2,443",
115/05/07,"6,207,390","684,093,233",110.50,110.50,110.00,110.00, 0.00,"2,826",
115/05/08,"7,901,444","869,840,758",110.00,110.50,109.50,110.00, 0.00,"2,922",
115/05/11,"7,510,510","826,969,818",110.00,110.50,109.50,110.00, 0.00,"2,954",
115/05/12,"5,413,979","596,241,171",110.00,110.50,110.00,110.00, 0.00,"2,360",
115/05/13,"20,239,399","2,262,067,255",110.00,113.00,109.50,112.00,+2.00,"4,110",
115/05/14,"20,362,934","2,322,053,517",111.50,115.00,111.50,115.00,+3.00,"5,555",
115/05/15,"12,738,088","1,463,775,419",115.00,115.50,114.50,114.50,-0.50,"2,966",
115/05/18,"12,851,766","1,473,428,680",114.50,115.50,114.00,114.00,-0.50,"2,527",
115/05/19,"26,432,009","3,062,287,500",114.00,117.50,113.50,116.50,+2.50,"5,982",
115/05/20,"12,474,682","1,443,274,310",116.50,116.50,115.00,115.00,-1.50,"3,251",
115/05/21,"16,231,532","1,853,883,715",115.00,115.00,113.00,113.50,-1.50,"6,718",
115/05/22,"17,110,847","1,922,997,849",113.50,113.50,111.50,112.00,-1.50,"6,254",
