日期,成交股數,成交金額,開盤價,最高價,最低價,收盤價,漲跌價差,成交筆數,註記
109/01/02,"6,939,981","166,483,631",24.00,24.10,23.90,24.00,+0.10,"2,776",
109/01/03,"12,353,288","297,066,562",24.05,24.10,23.95,24.10,+0.10,"4,588",
109/01/06,"7,042,674","168,013,648",24.00,24.05,23.80,23.80,-0.30,"2,860",
109/01/07,"7,693,624","182,729,049",23.80,23.90,23.70,23.70,-0.10,"2,813",
109/01/08,"9,122,876","215,112,563",23.70,23.70,23.50,23.55,-0.15,"3,264",
109/01/09,"8,137,459","192,771,679",23.55,23.80,23.55,23.75,+0.20,"2,678",
109/01/10,"7,270,995","173,053,308",23.80,23.90,23.70,23.85,+0.10,"2,641",
109/01/13,"9,763,148","233,843,312",23.90,24.00,23.85,24.00,+0.15,"3,499",
109/01/14,"7,882,342","189,103,445",24.00,24.05,23.90,24.05,+0.05,"2,815",
109/01/15,"10,148,530","243,659,270",24.00,24.05,23.90,24.05, 0.00,"3,816",
109/01/16,"5,347,528","128,220,314",24.00,24.05,23.90,24.00,-0.05,"2,025",
109/01/17,"6,731,978","161,615,748",24.00,24.05,23.95,24.05,+0.05,"2,351",
109/01/20,"6,941,985","166,941,590",24.00,24.10,24.00,24.05, 0.00,"3,045",
109/01/30,"39,414,010","916,838,686",23.45,23.50,23.00,23.00,-1.05,"14,037",
109/01/31,"18,198,559","421,782,518",23.00,23.35,23.00,23.10,+0.10,"6,449",
109/02/03,"19,364,728","445,579,951",23.00,23.15,22.85,23.00,-0.10,"6,489",
109/02/04,"13,835,398","320,972,938",23.00,23.40,22.95,23.20,+0.20,"4,646",
109/02/05,"10,362,337","241,028,538",23.20,23.40,23.05,23.25,+0.05,"3,258",
109/02/06,"12,028,716","281,527,262",23.25,23.50,23.20,23.35,+0.10,"3,369",
109/02/07,"7,882,927","183,554,161",23.30,23.35,23.20,23.30,-0.05,"3,049",
109/02/10,"11,393,229","266,049,698",23.25,23.45,23.20,23.45,+0.15,"3,466",
109/02/11,"6,370,492","149,371,122",23.40,23.50,23.30,23.45, 0.00,"2,467",
109/02/12,"5,236,019","122,596,182",23.40,23.45,23.35,23.45, 0.00,"2,570",
109/02/13,"8,813,253","206,310,464",23.35,23.45,23.35,23.40,-0.05,"2,988",
109/02/14,"6,221,213","145,529,640",23.35,23.45,23.35,23.45,+0.05,"2,341",
109/02/17,"6,014,263","140,121,117",23.35,23.35,23.20,23.35,-0.10,"2,682",
109/02/18,"7,446,292","173,556,410",23.25,23.45,23.20,23.45,+0.10,"2,956",
109/02/19,"8,112,007","190,442,559",23.45,23.55,23.35,23.50,+0.05,"3,146",
109/02/20,"8,685,741","202,878,205",23.50,23.50,23.30,23.30,-0.20,"3,830",
109/02/21,"9,537,984","221,846,933",23.30,23.40,23.20,23.20,-0.10,"4,349",
109/02/24,"15,245,702","351,357,286",23.10,23.15,23.00,23.00,-0.20,"6,351",
109/02/25,"13,970,823","320,862,679",23.00,23.00,22.90,22.95,-0.05,"6,433",
109/02/26,"19,514,784","446,659,263",22.90,22.95,22.85,22.85,-0.10,"7,437",
109/02/27,"16,708,738","383,118,024",22.85,23.00,22.85,23.00,+0.15,"5,243",
109/03/02,"19,482,263","444,909,081",22.75,22.95,22.75,22.90,-0.10,"6,814",
109/03/03,"12,117,980","278,080,490",22.95,23.00,22.85,23.00,+0.10,"3,883",
109/03/04,"14,096,692","325,694,558",23.00,23.20,22.95,23.20,+0.20,"3,576",
109/03/05,"8,007,708","185,932,277",23.20,23.30,23.10,23.30,+0.10,"2,815",
109/03/06,"17,960,395","411,331,710",23.15,23.20,22.85,22.90,-0.40,"6,869",
109/03/09,"30,241,309","680,560,742",22.70,22.75,22.40,22.40,-0.50,"14,097",
109/03/10,"17,919,916","399,626,379",22.30,22.45,22.20,22.35,-0.05,"6,376",
109/03/11,"21,766,453","484,743,393",22.30,22.40,22.20,22.35, 0.00,"8,517",
109/03/12,"33,757,335","726,858,360",22.20,22.20,21.30,21.40,-0.95,"15,952",
109/03/13,"72,221,523","1,447,221,543",20.20,20.30,19.65,20.20,-1.20,"24,141",
109/03/16,"31,513,002","632,969,927",20.20,20.25,20.00,20.00,-0.20,"11,505",
109/03/17,"46,625,543","911,368,667",19.80,19.80,19.40,19.50,-0.50,"17,044",
109/03/18,"35,354,413","686,222,119",19.50,19.65,19.25,19.30,-0.20,"13,030",
109/03/19,"52,484,394","978,254,846",19.00,19.05,18.35,18.60,-0.70,"17,128",
109/03/20,"52,775,496","1,024,370,353",18.70,19.80,18.70,19.80,+1.20,"14,985",
109/03/23,"22,825,663","432,998,578",18.80,19.15,18.70,18.90,-0.90,"8,975",
109/03/24,"27,364,002","527,835,486",19.65,19.65,19.00,19.05,+0.15,"7,600",
109/03/25,"24,722,266","479,414,825",19.30,19.50,19.25,19.40,+0.35,"8,784",
109/03/26,"18,023,210","351,014,012",19.50,19.70,19.25,19.55,+0.15,"5,919",
109/03/27,"21,317,668","414,916,474",19.60,19.65,19.35,19.40,-0.15,"9,344",
109/03/30,"20,238,054","384,554,775",19.05,19.10,18.85,19.00,-0.40,"6,506",
109/03/31,"23,102,361","438,804,708",19.10,19.15,18.90,18.95,-0.05,"6,533",
109/04/01,"25,482,019","480,920,161",19.00,19.00,18.80,18.80,-0.15,"10,236",
109/04/06,"24,482,206","466,697,210",19.10,19.25,18.85,19.25,+0.45,"6,001",
109/04/07,"16,015,578","309,310,726",19.50,19.50,19.20,19.30,+0.05,"5,294",
109/04/08,"19,420,509","378,999,930",19.35,19.60,19.35,19.55,+0.25,"6,582",
109/04/09,"14,680,937","287,156,263",19.60,19.70,19.50,19.50,-0.05,"5,758",
109/04/10,"12,690,752","249,245,157",19.55,19.70,19.50,19.70,+0.20,"4,721",
109/04/13,"9,095,860","178,300,685",19.70,19.70,19.50,19.55,-0.15,"3,942",
109/04/14,"17,362,473","341,950,291",19.60,19.75,19.55,19.75,+0.20,"4,869",
109/04/15,"23,388,609","466,678,230",19.85,20.00,19.80,20.00,+0.25,"9,837",
109/04/16,"25,155,502","496,318,490",19.95,20.00,19.65,19.75,-0.25,"8,301",
109/04/17,"19,880,745","394,602,122",19.75,20.00,19.75,19.75, 0.00,"6,544",
109/04/20,"14,181,789","278,747,346",19.75,19.90,19.55,19.60,-0.15,"5,876",
109/04/21,"24,477,290","470,500,272",19.50,19.55,19.10,19.10,-0.50,"11,211",
109/04/22,"17,866,816","339,675,823",19.00,19.15,18.85,19.15,+0.05,"7,848",
109/04/23,"12,990,975","248,409,886",19.15,19.30,19.00,19.15, 0.00,"4,309",
109/04/24,"9,550,654","183,170,171",19.15,19.25,19.05,19.15, 0.00,"4,737",
109/04/27,"19,287,380","376,293,850",19.35,19.70,19.30,19.50,+0.35,"6,820",
109/04/28,"13,906,838","271,707,530",19.65,19.65,19.45,19.55,+0.05,"5,000",
109/04/29,"23,251,526","460,053,065",19.60,19.90,19.55,19.85,+0.30,"8,133",
109/04/30,"37,550,070","750,255,964",19.95,20.10,19.85,20.00,+0.15,"10,457",
109/05/04,"26,299,642","512,346,320",19.45,19.65,19.35,19.55,-0.45,"9,152",
109/05/05,"14,606,111","288,744,451",19.60,20.00,19.60,19.80,+0.25,"5,505",
109/05/06,"15,813,548","310,350,760",19.80,19.80,19.50,19.55,-0.25,"6,837",
109/05/07,"13,959,657","273,746,430",19.60,19.70,19.55,19.55, 0.00,"5,044",
109/05/08,"14,611,151","287,895,168",19.75,19.80,19.60,19.65,+0.10,"4,458",
109/05/11,"18,569,257","368,954,140",19.80,19.95,19.80,19.85,+0.20,"5,863",
109/05/12,"16,441,116","322,884,182",19.70,19.75,19.60,19.60,-0.25,"6,627",
109/05/13,"15,238,466","299,339,470",19.60,19.85,19.55,19.85,+0.25,"4,938",
109/05/14,"15,552,701","305,005,609",19.80,19.80,19.55,19.55,-0.30,"5,982",
109/05/15,"9,592,766","188,108,886",19.70,19.70,19.55,19.55, 0.00,"3,765",
109/05/18,"9,392,146","184,563,951",19.55,19.75,19.55,19.65,+0.10,"3,321",
109/05/19,"16,378,853","324,305,670",19.90,19.90,19.70,19.80,+0.15,"5,612",
109/05/20,"15,227,504","302,358,598",19.85,19.90,19.80,19.90,+0.10,"5,103",
109/05/21,"17,229,473","342,422,232",19.85,19.95,19.80,19.90, 0.00,"4,577",
109/05/22,"17,897,882","351,862,697",19.85,19.90,19.60,19.60,-0.30,"6,344",
109/05/25,"9,582,148","187,902,413",19.70,19.75,19.50,19.65,+0.05,"3,456",
109/05/26,"18,714,247","371,685,750",19.80,19.90,19.70,19.90,+0.25,"5,304",
109/05/27,"12,380,922","245,943,317",19.90,19.90,19.80,19.90, 0.00,"4,326",
109/05/28,"21,784,768","434,041,656",19.90,20.00,19.85,19.95,+0.05,"5,939",
109/05/29,"35,848,123","710,963,570",19.90,19.95,19.80,19.80,-0.15,"4,980",
109/06/01,"22,733,886","455,054,670",19.90,20.10,19.85,20.10,+0.30,"8,144",
109/06/02,"22,805,901","462,766,280",20.10,20.40,20.05,20.40,+0.30,"7,227",
109/06/03,"33,489,885","696,389,639",20.70,20.95,20.55,20.90,+0.50,"11,160",
109/06/04,"26,257,399","548,252,841",21.10,21.10,20.70,20.95,+0.05,"8,109",
109/06/05,"19,206,498","402,447,808",20.95,21.00,20.90,21.00,+0.05,"6,969",
109/06/08,"24,770,663","523,343,916",21.00,21.20,21.00,21.20,+0.20,"7,381",
109/06/09,"20,115,368","427,942,706",21.25,21.35,21.20,21.30,+0.10,"6,369",
109/06/10,"18,816,583","398,979,463",21.30,21.30,21.10,21.20,-0.10,"5,504",
109/06/11,"20,589,453","432,976,013",21.20,21.20,20.80,20.90,-0.30,"7,418",
109/06/12,"17,152,033","352,080,351",20.60,20.65,20.35,20.65,-0.25,"5,884",
109/06/15,"20,650,629","422,490,625",20.45,20.55,20.35,20.35,-0.30,"6,786",
109/06/16,"14,935,204","310,208,651",20.45,20.95,20.40,20.80,+0.45,"4,826",
109/06/17,"12,004,418","249,890,096",20.80,20.95,20.60,20.95,+0.15,"5,012",
109/06/18,"18,841,584","388,330,068",20.90,20.95,20.50,20.55,-0.40,"6,156",
109/06/19,"32,599,705","670,543,654",20.75,20.80,20.50,20.50,-0.05,"4,257",
109/06/22,"13,540,719","277,857,039",20.50,20.60,20.45,20.55,+0.05,"4,431",
109/06/23,"14,362,718","295,991,161",20.55,20.75,20.45,20.75,+0.20,"3,455",
109/06/24,"14,079,790","293,244,333",20.75,20.95,20.70,20.85,+0.10,"3,569",
109/06/29,"13,537,602","278,069,802",20.65,20.70,20.50,20.55,-0.30,"4,477",
109/06/30,"14,165,529","293,006,192",20.60,20.80,20.55,20.70,+0.15,"3,062",
109/07/01,"11,867,137","244,681,532",20.65,20.75,20.55,20.60,-0.10,"4,291",
109/07/02,"9,740,933","200,668,864",20.60,20.70,20.55,20.55,-0.05,"3,438",
109/07/03,"9,817,632","203,167,258",20.60,20.75,20.60,20.75,+0.20,"3,323",
109/07/06,"16,997,206","355,186,452",20.80,21.00,20.75,21.00,+0.25,"5,067",
109/07/07,"15,537,383","323,257,286",21.00,21.05,20.75,20.75,-0.25,"4,968",
109/07/08,"15,633,051","324,889,882",20.75,20.85,20.70,20.85,+0.10,"4,106",
109/07/09,"22,559,321","471,458,847",20.90,21.25,20.70,20.85, 0.00,"5,879",
109/07/10,"14,233,729","294,938,559",20.85,20.85,20.65,20.70,-0.15,"4,340",
109/07/13,"13,185,468","273,134,594",20.70,20.80,20.60,20.70, 0.00,"3,558",
109/07/14,"11,183,179","230,859,376",20.70,20.75,20.60,20.60,-0.10,"3,012",
109/07/15,"15,644,866","326,122,060",20.70,20.95,20.65,20.90,+0.30,"5,241",
109/07/16,"12,924,477","270,563,202",21.00,21.05,20.85,20.90, 0.00,"3,777",
109/07/17,"7,495,050","156,673,290",21.00,21.00,20.80,20.90, 0.00,"2,534",
109/07/20,"9,308,926","193,605,091",20.85,20.85,20.75,20.80,-0.10,"2,771",
109/07/21,"25,606,187","529,815,928",20.75,20.80,20.60,20.60,-0.20,"7,286",
109/07/22,"17,125,724","353,742,038",20.60,20.70,20.60,20.70,+0.10,"4,761",
109/07/23,"14,800,420","305,597,696",20.65,20.70,20.60,20.70, 0.00,"4,340",
109/07/24,"21,544,000","435,800,799",20.20,20.35,20.15,20.15,X0.00,"6,777",
109/07/27,"16,331,473","327,274,810",20.10,20.15,20.00,20.00,-0.15,"6,176",
109/07/28,"17,279,046","342,358,575",19.80,19.90,19.65,19.90,-0.10,"6,031",
109/07/29,"9,685,677","193,135,986",19.90,20.00,19.90,19.90, 0.00,"4,212",
109/07/30,"11,624,730","231,020,139",19.90,20.00,19.80,19.90, 0.00,"4,288",
109/07/31,"12,976,862","257,527,892",19.95,19.95,19.80,19.80,-0.10,"4,595",
109/08/03,"15,298,604","301,309,227",19.80,19.80,19.60,19.60,-0.20,"5,707",
109/08/04,"8,460,409","167,351,073",19.65,19.90,19.60,19.85,+0.25,"3,100",
109/08/05,"10,660,617","212,750,740",19.85,20.00,19.85,20.00,+0.15,"4,185",
109/08/06,"14,783,909","295,946,780",20.00,20.10,19.90,20.10,+0.10,"5,186",
109/08/07,"15,065,446","300,086,794",20.00,20.10,19.80,19.95,-0.15,"4,850",
109/08/10,"8,630,190","172,948,270",20.00,20.10,19.95,20.10,+0.15,"3,053",
109/08/11,"14,298,991","289,116,420",20.10,20.30,20.10,20.20,+0.10,"4,613",
109/08/12,"8,770,716","176,412,551",20.15,20.25,20.05,20.20, 0.00,"3,165",
109/08/13,"8,980,030","181,052,938",20.20,20.20,20.10,20.20, 0.00,"3,021",
109/08/14,"11,579,393","233,691,751",20.10,20.30,20.00,20.20, 0.00,"3,735",
109/08/17,"16,405,359","333,363,925",20.20,20.40,20.20,20.40,+0.20,"4,310",
109/08/18,"12,050,478","246,209,890",20.45,20.50,20.35,20.50,+0.10,"4,076",
109/08/19,"10,065,423","204,568,381",20.45,20.50,20.20,20.25,-0.25,"4,427",
109/08/20,"21,875,689","435,491,396",20.05,20.15,19.80,19.80,-0.45,"7,914",
109/08/21,"11,326,866","227,100,020",20.00,20.10,19.95,20.00,+0.20,"3,643",
109/08/24,"6,508,394","130,328,480",20.00,20.10,20.00,20.00, 0.00,"2,799",
109/08/25,"9,858,698","197,497,060",20.00,20.10,20.00,20.00, 0.00,"4,038",
109/08/26,"13,623,112","272,613,440",20.00,20.10,19.85,20.10,+0.10,"3,951",
109/08/27,"6,266,656","125,451,720",20.05,20.10,19.95,20.05,-0.05,"2,388",
109/08/28,"10,457,785","208,995,350",19.95,20.10,19.90,20.00,-0.05,"3,882",
109/08/31,"20,645,836","411,905,270",20.05,20.15,19.90,19.90,-0.10,"3,694",
109/09/01,"17,472,880","349,693,100",20.00,20.10,19.90,20.00,+0.10,"3,654",
109/09/02,"11,770,748","235,749,294",20.00,20.10,19.95,20.10,+0.10,"3,890",
109/09/03,"11,277,235","226,663,718",20.10,20.15,20.00,20.15,+0.05,"3,708",
109/09/04,"10,788,684","216,210,475",20.05,20.10,20.00,20.00,-0.15,"3,114",
109/09/07,"81,078,415","1,683,087,365",20.05,21.10,20.05,21.00,+1.00,"20,561",
109/09/08,"24,414,659","510,293,907",21.00,21.10,20.75,20.90,-0.10,"9,230",
109/09/09,"20,526,293","427,349,094",20.75,21.00,20.55,21.00,+0.10,"6,340",
109/09/10,"14,675,026","305,913,349",21.00,21.05,20.65,20.90,-0.10,"3,897",
109/09/11,"13,793,781","288,299,093",20.90,21.00,20.80,20.95,+0.05,"4,981",
109/09/14,"13,806,399","288,967,196",20.95,21.00,20.85,20.95, 0.00,"4,313",
109/09/15,"18,195,868","380,909,268",20.95,21.00,20.85,20.95, 0.00,"4,081",
109/09/16,"14,398,683","301,091,064",20.95,21.00,20.85,21.00,+0.05,"4,085",
109/09/17,"14,790,961","309,470,514",21.00,21.00,20.85,20.90,-0.10,"3,690",
109/09/18,"23,993,224","498,461,389",20.90,20.95,20.70,20.70,-0.20,"4,182",
109/09/21,"7,756,630","161,235,648",20.75,20.90,20.70,20.70, 0.00,"2,590",
109/09/22,"16,904,101","350,057,851",20.75,20.85,20.60,20.60,-0.10,"4,224",
109/09/23,"15,052,705","308,390,991",20.60,20.70,20.35,20.55,-0.05,"4,489",
109/09/24,"28,253,718","567,853,253",20.35,20.40,20.00,20.00,-0.55,"8,233",
109/09/25,"11,078,662","222,755,680",20.15,20.20,20.00,20.15,+0.15,"3,271",
109/09/28,"9,284,160","189,187,884",20.20,20.45,20.20,20.45,+0.30,"3,125",
109/09/29,"26,289,797","542,903,307",20.50,20.75,20.50,20.60,+0.15,"4,897",
109/09/30,"15,561,179","319,723,668",20.70,20.70,20.45,20.45,-0.15,"3,711",
109/10/05,"10,180,349","209,968,223",20.70,20.75,20.50,20.60,+0.15,"3,027",
109/10/06,"16,665,467","345,300,792",20.60,20.80,20.60,20.75,+0.15,"5,847",
109/10/07,"10,978,364","227,282,053",20.75,20.75,20.65,20.65,-0.10,"3,734",
109/10/08,"7,069,304","146,059,515",20.70,20.75,20.55,20.65, 0.00,"2,419",
109/10/12,"14,749,987","302,069,915",20.60,20.65,20.35,20.50,-0.15,"4,553",
109/10/13,"9,779,523","199,767,595",20.45,20.55,20.30,20.55,+0.05,"3,206",
109/10/14,"16,004,193","330,821,746",20.60,20.75,20.55,20.70,+0.15,"3,183",
109/10/15,"12,154,277","248,581,418",20.65,20.70,20.30,20.40,-0.30,"3,657",
109/10/16,"7,906,946","162,435,797",20.55,20.65,20.45,20.45,+0.05,"2,524",
109/10/19,"10,781,521","222,341,151",20.45,20.70,20.45,20.60,+0.15,"3,350",
109/10/20,"11,477,173","236,923,821",20.60,20.70,20.60,20.70,+0.10,"3,528",
109/10/21,"16,474,320","338,532,906",20.70,20.75,20.35,20.55,-0.15,"5,336",
109/10/22,"11,829,486","242,935,819",20.55,20.65,20.45,20.55, 0.00,"2,815",
109/10/23,"8,542,867","175,225,325",20.55,20.60,20.45,20.50,-0.05,"2,363",
109/10/26,"12,279,042","253,500,319",20.60,20.70,20.50,20.70,+0.20,"4,977",
109/10/27,"16,104,821","332,908,275",20.60,20.70,20.60,20.70, 0.00,"3,847",
109/10/28,"12,808,510","264,471,397",20.60,20.75,20.55,20.55,-0.15,"4,811",
109/10/29,"16,861,192","344,350,803",20.45,20.55,20.30,20.40,-0.15,"5,482",
109/10/30,"21,069,051","427,273,673",20.30,20.40,20.10,20.30,-0.10,"4,644",
109/11/02,"9,793,901","200,179,343",20.30,20.50,20.30,20.50,+0.20,"3,041",
109/11/03,"11,052,226","227,276,692",20.50,20.65,20.50,20.60,+0.10,"2,954",
109/11/04,"8,493,762","174,989,871",20.50,20.65,20.50,20.65,+0.05,"2,622",
109/11/05,"9,896,013","204,412,749",20.65,20.70,20.55,20.70,+0.05,"3,463",
109/11/06,"9,949,118","205,383,011",20.70,20.70,20.55,20.70, 0.00,"2,796",
109/11/09,"14,632,702","302,770,865",20.75,20.75,20.60,20.70, 0.00,"4,007",
109/11/10,"19,634,900","407,766,510",20.70,20.80,20.70,20.80,+0.10,"5,781",
109/11/11,"65,559,517","1,393,996,266",20.90,21.75,20.85,21.75,+0.95,"20,485",
109/11/12,"38,102,575","820,142,737",21.70,21.75,21.40,21.60,-0.15,"9,844",
109/11/13,"15,530,625","334,656,007",21.60,21.65,21.45,21.60, 0.00,"5,774",
109/11/16,"26,593,306","574,202,429",21.60,21.70,21.50,21.60, 0.00,"7,192",
109/11/17,"35,570,393","777,751,992",21.65,22.00,21.65,21.95,+0.35,"12,624",
109/11/18,"27,006,781","593,246,911",21.95,22.00,21.90,22.00,+0.05,"10,514",
109/11/19,"22,059,271","484,426,326",22.00,22.00,21.90,22.00, 0.00,"6,181",
109/11/20,"19,900,893","437,443,296",22.00,22.00,21.90,22.00, 0.00,"6,277",
109/11/23,"38,808,267","873,054,282",22.05,22.70,22.00,22.65,+0.65,"13,504",
109/11/24,"24,490,711","556,614,854",22.75,22.90,22.55,22.65, 0.00,"7,730",
109/11/25,"49,797,915","1,145,845,427",22.70,23.25,22.70,23.05,+0.40,"17,142",
109/11/26,"26,331,632","607,454,722",23.10,23.25,22.95,23.10,+0.05,"9,284",
109/11/27,"38,736,116","899,115,388",23.20,23.30,23.05,23.15,+0.05,"14,981",
109/11/30,"78,259,450","1,803,444,051",23.25,23.55,22.80,22.80,-0.35,"13,473",
110/01/04,"39,225,786","980,693,271",24.90,25.20,24.90,24.95,+0.20,"11,332",
110/01/05,"184,376,509","4,774,323,878",25.15,26.40,25.10,26.00,+1.05,"54,718",
110/01/06,"103,147,812","2,680,180,499",26.50,26.80,25.20,25.50,-0.50,"35,750",
110/01/07,"52,269,322","1,334,938,757",25.70,25.90,25.35,25.70,+0.20,"14,363",
110/01/08,"56,491,757","1,461,826,289",25.95,26.15,25.50,26.00,+0.30,"17,077",
110/01/11,"29,988,375","773,384,743",26.00,26.05,25.60,25.90,-0.10,"10,362",
110/01/12,"45,016,298","1,140,510,344",25.75,25.75,25.15,25.30,-0.60,"14,591",
110/01/13,"41,467,607","1,051,919,920",25.30,25.55,25.15,25.55,+0.25,"13,719",
110/01/14,"34,269,792","870,144,549",25.70,25.75,25.25,25.30,-0.25,"12,922",
110/01/15,"47,128,490","1,178,323,973",25.30,25.40,24.85,24.90,-0.40,"14,113",
110/01/18,"36,783,128","893,033,955",24.70,24.70,24.10,24.25,-0.65,"14,523",
110/01/19,"22,801,703","555,011,251",24.35,24.55,24.25,24.30,+0.05,"7,581",
110/01/20,"54,351,457","1,284,529,255",24.15,24.15,23.35,23.45,-0.85,"20,187",
110/01/21,"25,068,520","594,197,034",23.40,23.95,23.40,23.60,+0.15,"8,604",
110/01/22,"29,117,020","685,347,016",23.60,23.80,23.20,23.65,+0.05,"9,360",
110/01/25,"23,434,064","560,065,107",23.70,24.20,23.40,23.95,+0.30,"10,319",
110/01/26,"24,037,073","569,241,502",23.90,23.95,23.55,23.70,-0.25,"7,854",
110/01/27,"23,514,869","556,621,150",23.90,24.00,23.55,23.55,-0.15,"6,985",
110/01/28,"36,013,867","838,518,475",23.30,23.45,23.15,23.30,-0.25,"12,747",
110/01/29,"33,857,935","783,825,131",23.25,23.55,22.95,22.95,-0.35,"9,950",
110/02/01,"18,847,727","438,251,036",23.00,23.40,23.00,23.20,+0.25,"6,161",
110/02/02,"27,411,737","647,945,396",23.20,23.90,23.20,23.80,+0.60,"8,276",
110/02/03,"28,250,158","666,475,306",23.80,23.85,23.40,23.65,-0.15,"7,382",
110/02/04,"24,265,967","566,597,299",23.40,23.55,23.20,23.20,-0.45,"8,038",
110/02/05,"14,926,034","348,879,288",23.25,23.50,23.20,23.40,+0.20,"5,220",
110/02/17,"36,095,860","862,360,720",23.50,24.10,23.50,24.00,+0.60,"13,090",
110/02/18,"37,302,157","910,537,252",24.20,24.55,24.15,24.40,+0.40,"13,642",
110/02/19,"33,225,307","812,913,353",24.50,24.60,24.30,24.60,+0.20,"11,810",
110/02/22,"31,205,922","768,107,991",24.70,24.90,24.45,24.45,-0.15,"11,350",
110/02/23,"75,716,445","1,907,276,616",24.80,25.45,24.80,25.30,+0.85,"24,725",
110/02/24,"50,843,982","1,282,345,297",25.55,25.70,24.85,25.05,-0.25,"15,984",
110/02/25,"36,963,180","931,153,291",25.25,25.35,25.05,25.30,+0.25,"11,548",
110/02/26,"57,174,454","1,422,259,506",25.10,25.20,24.70,24.75,-0.55,"14,671",
110/03/02,"26,825,274","666,254,853",25.00,25.20,24.60,24.65,-0.10,"9,803",
110/03/03,"55,220,261","1,378,048,125",24.80,25.10,24.65,25.05,+0.40,"14,460",
110/03/04,"56,331,570","1,413,972,882",25.10,25.40,24.85,25.00,-0.05,"15,336",
110/03/05,"28,969,207","722,404,311",24.70,25.10,24.65,24.95,-0.05,"9,125",
110/03/08,"36,241,317","911,922,786",25.00,25.35,25.00,25.10,+0.15,"10,264",
110/03/09,"88,552,463","2,269,734,170",25.40,25.90,25.35,25.70,+0.60,"28,677",
110/03/10,"48,934,014","1,259,435,173",25.90,25.95,25.55,25.75,+0.05,"16,351",
110/03/11,"57,675,254","1,489,350,733",25.90,25.90,25.65,25.80,+0.05,"15,865",
110/03/12,"32,527,169","840,085,556",25.90,25.95,25.75,25.90,+0.10,"9,756",
110/03/15,"24,343,646","624,386,402",25.85,25.90,25.50,25.65,-0.25,"8,348",
110/03/16,"30,599,194","780,458,738",25.65,25.70,25.40,25.50,-0.15,"11,640",
110/03/17,"37,767,226","966,814,531",25.65,25.70,25.50,25.65,+0.15,"11,782",
110/03/18,"26,448,001","676,867,604",25.75,25.80,25.45,25.45,-0.20,"8,535",
110/03/19,"40,171,855","1,008,630,296",25.35,25.40,25.00,25.10,-0.35,"11,157",
110/03/22,"26,379,326","661,534,035",25.10,25.20,24.90,25.15,+0.05,"9,379",
110/03/23,"23,243,282","584,023,697",25.15,25.30,25.00,25.10,-0.05,"6,717",
110/03/24,"20,303,792","502,009,446",25.10,25.15,24.90,25.00,-0.10,"6,329",
110/03/25,"20,597,331","516,076,438",24.95,25.25,24.90,25.00, 0.00,"8,373",
110/03/26,"19,970,136","500,031,433",25.00,25.10,24.95,25.05,+0.05,"6,148",
110/03/29,"37,607,546","957,836,649",25.20,25.60,25.15,25.55,+0.50,"12,383",
110/03/30,"41,861,320","1,073,715,336",25.60,25.80,25.45,25.80,+0.25,"14,660",
110/03/31,"50,747,605","1,310,786,556",25.80,25.95,25.70,25.90,+0.10,"15,103",
110/04/01,"46,818,961","1,212,079,542",26.00,26.00,25.75,25.80,-0.10,"11,703",
110/04/06,"32,305,454","836,323,644",25.90,26.00,25.80,25.95,+0.15,"11,445",
110/04/07,"177,633,896","4,739,085,413",26.00,27.15,25.95,26.90,+0.95,"52,496",
110/04/08,"203,017,728","5,663,438,959",27.30,28.25,27.30,28.15,+1.25,"60,523",
110/04/09,"109,947,901","3,066,276,268",28.25,28.40,27.45,27.95,-0.20,"32,487",
110/04/12,"162,983,278","4,800,329,829",28.80,29.95,28.75,29.60,+1.65,"53,245",
110/04/13,"209,474,973","6,382,977,020",30.30,31.00,29.85,30.20,+0.60,"64,851",
110/04/14,"482,434,385","15,693,772,212",31.30,33.20,31.25,32.95,+2.75,"130,645",
110/04/15,"315,016,917","10,437,972,078",33.10,33.60,32.45,33.00,+0.05,"93,419",
110/04/16,"351,411,712","12,298,211,196",33.85,35.75,33.70,35.15,+2.15,"113,612",
110/04/19,"398,532,415","15,025,603,555",36.80,38.65,36.50,38.65,+3.50,"135,663",
110/04/20,"431,636,739","16,399,131,281",38.80,39.10,36.65,39.00,+0.35,"141,744",
110/04/21,"278,002,487","10,721,146,557",38.40,39.30,37.80,38.50,-0.50,"100,249",
110/04/22,"541,814,671","21,909,916,152",39.40,41.95,37.85,38.90,+0.40,"175,782",
110/04/23,"291,301,990","11,119,147,336",39.60,40.00,36.80,38.10,-0.80,"97,801",
110/04/26,"296,191,366","11,721,856,293",38.50,40.20,38.30,40.00,+1.90,"87,425",
110/04/27,"234,068,114","9,216,710,767",40.00,40.15,38.80,39.10,-0.90,"81,640",
110/04/28,"188,020,229","7,200,638,511",38.65,38.95,38.00,38.20,-0.90,"63,415",
110/04/29,"350,487,793","13,872,463,038",39.50,40.15,38.70,39.30,+1.10,"101,791",
110/05/03,"363,817,423","14,412,583,784",40.00,40.95,38.50,38.55,-0.75,"103,461",
110/05/04,"378,682,864","13,768,515,351",38.90,39.35,34.70,36.25,-2.30,"108,661",
110/05/05,"422,219,772","16,407,241,296",37.15,39.85,36.80,39.25,+3.00,"128,981",
110/05/06,"607,177,007","24,779,149,968",40.20,42.00,39.05,41.00,+1.75,"181,746",
110/05/07,"290,480,533","11,816,358,671",41.95,41.95,39.55,41.20,+0.20,"92,594",
110/05/10,"598,969,406","26,025,770,036",41.60,45.00,40.55,45.00,+3.80,"194,813",
110/05/11,"808,923,532","35,589,356,159",43.70,46.75,40.55,42.00,-3.00,"273,185",
110/05/12,"722,798,697","28,374,191,752",42.55,43.75,37.80,38.35,-3.65,"196,093",
110/05/13,"554,505,005","20,360,555,111",35.80,38.50,34.80,36.60,-1.75,"155,223",
110/05/14,"464,334,831","16,407,107,014",37.50,37.75,33.70,34.85,-1.75,"135,772",
110/05/17,"389,660,803","12,637,653,166",32.50,34.35,31.40,31.65,-3.20,"102,406",
110/05/18,"123,544,505","4,248,105,582",34.00,34.80,33.60,34.80,+3.15,"33,431",
110/05/19,"536,621,415","20,023,726,133",36.00,38.25,35.80,37.80,+3.00,"160,506",
110/05/20,"429,600,261","15,537,025,043",36.60,37.70,34.60,35.15,-2.65,"140,589",
110/05/21,"398,343,003","14,249,589,292",35.85,37.10,34.45,36.20,+1.05,"116,077",
110/05/24,"241,239,189","8,602,829,094",35.40,36.50,35.10,35.50,-0.70,"74,390",
110/05/25,"252,319,196","8,796,372,257",35.85,36.10,34.20,34.45,-1.05,"87,450",
110/05/26,"187,570,404","6,423,555,545",34.55,34.90,33.65,34.85,+0.40,"60,609",
110/05/27,"204,422,182","7,151,020,089",35.00,35.60,34.50,34.60,-0.25,"57,518",
110/05/28,"396,917,410","14,550,296,425",36.00,37.35,35.70,36.55,+1.95,"122,714",
110/05/31,"424,576,169","16,121,972,370",37.70,39.10,36.45,36.95,+0.40,"141,839",
110/06/01,"191,210,116","7,068,863,350",37.40,37.70,36.20,37.35,+0.40,"60,613",
110/06/02,"510,200,107","19,792,597,056",37.90,39.80,37.30,39.50,+2.15,"157,571",
110/06/03,"322,183,566","12,600,694,516",39.75,39.85,38.60,38.80,-0.70,"95,755",
110/06/04,"172,869,870","6,673,868,307",38.50,39.40,38.00,38.05,-0.75,"60,158",
110/06/07,"186,879,281","6,985,811,559",38.40,38.55,36.20,37.30,-0.75,"61,694",
110/06/08,"95,059,305","3,554,966,404",37.20,38.00,37.10,37.20,-0.10,"30,293",
110/06/09,"228,299,365","8,245,836,083",37.05,37.35,35.30,36.10,-1.10,"79,340",
110/06/10,"178,092,426","6,364,270,330",36.10,36.55,35.05,36.15,+0.05,"54,064",
110/06/11,"152,766,032","5,554,450,942",36.40,37.10,35.80,36.15, 0.00,"45,089",
110/06/15,"171,242,414","6,115,214,475",36.15,36.30,35.35,35.85,-0.30,"54,681",
110/06/16,"143,531,767","5,163,912,069",35.70,36.65,35.45,35.50,-0.35,"47,367",
110/06/17,"127,653,186","4,546,136,456",35.05,36.30,35.05,35.45,-0.05,"39,926",
110/06/18,"157,041,761","5,567,400,766",35.80,35.95,35.00,35.00,-0.45,"42,670",
110/06/21,"147,587,971","5,078,571,117",35.00,35.20,34.00,34.30,-0.70,"57,248",
110/06/22,"312,181,508","11,247,457,989",34.95,37.00,34.80,36.15,+1.85,"95,446",
110/06/23,"178,862,303","6,408,350,505",36.55,36.85,35.10,35.40,-0.75,"54,452",
110/06/24,"102,941,515","3,704,694,338",35.80,36.40,35.65,35.80,+0.40,"29,649",
110/06/25,"102,827,719","3,720,961,722",36.80,36.85,35.70,35.75,-0.05,"34,892",
110/06/28,"297,852,055","10,982,728,653",36.10,37.75,36.00,37.45,+1.70,"96,996",
110/06/29,"415,486,720","15,779,287,038",37.65,38.80,37.10,37.75,+0.30,"135,988",
110/06/30,"643,189,465","25,449,201,360",38.50,40.70,38.40,39.60,+1.85,"215,559",
110/07/01,"417,157,122","16,656,813,151",40.65,41.35,38.65,39.10,-0.50,"144,829",
110/07/02,"202,966,854","7,990,326,456",39.60,40.15,38.80,38.95,-0.15,"69,505",
110/07/05,"238,868,607","9,578,587,843",39.95,40.80,39.55,39.90,+0.95,"82,103",
110/07/06,"138,886,895","5,554,150,835",40.65,40.65,39.65,39.70,-0.20,"50,917",
110/07/07,"237,239,838","9,148,164,769",39.55,39.85,38.00,38.05,-1.65,"92,921",
110/07/08,"151,502,693","5,788,996,914",38.20,38.80,37.50,38.75,+0.70,"53,476",
110/07/09,"112,385,902","4,267,966,872",38.00,38.35,37.70,38.05,-0.70,"37,843",
110/07/12,"124,509,281","4,797,287,176",39.45,39.45,37.80,37.90,-0.15,"44,167",
110/07/13,"156,744,164","5,822,445,978",38.20,38.40,36.50,36.50,-1.40,"63,837",
110/07/14,"120,746,327","4,341,135,366",36.40,36.85,35.50,35.90,-0.60,"44,408",
110/07/15,"80,161,837","2,932,809,207",36.25,37.10,36.05,37.00,+1.10,"29,481",
110/07/16,"75,612,897","2,752,920,438",36.70,36.75,36.20,36.35,-0.65,"27,709",
110/07/19,"95,745,158","3,481,184,210",36.20,36.95,36.00,36.60,+0.25,"33,399",
110/07/20,"130,658,011","4,732,911,097",36.75,37.10,35.80,36.05,-0.55,"43,922",
110/07/21,"142,252,952","5,049,801,866",36.35,36.60,34.90,35.10,-0.95,"53,140",
110/07/22,"83,196,833","2,944,927,883",35.50,35.95,35.00,35.20,+0.10,"25,637",
110/07/23,"77,640,339","2,788,395,537",35.60,36.30,35.35,36.30,+1.10,"26,550",
110/07/26,"57,031,398","2,057,493,207",36.65,36.65,35.70,35.80,-0.50,"23,035",
110/07/27,"54,069,216","1,913,897,463",35.95,36.05,35.20,35.20,-0.60,"21,657",
110/07/28,"66,170,519","2,330,321,666",35.15,35.75,34.80,35.30,+0.10,"24,872",
110/07/29,"67,395,083","2,424,558,295",35.60,36.45,35.20,36.30,+1.00,"22,981",
110/07/30,"119,482,521","4,399,592,306",36.60,37.10,36.35,36.35,+0.05,"38,614",
110/09/01,"121,328,565","4,631,912,313",38.25,38.65,37.75,37.75,-0.40,"40,639",
110/09/02,"80,065,104","2,996,328,837",38.00,38.10,37.00,37.00,-0.75,"27,663",
110/09/03,"56,921,802","2,139,240,202",37.40,37.95,37.20,37.45,+0.45,"18,699",
110/09/06,"260,811,157","10,066,914,606",37.85,39.10,37.65,38.85,+1.40,"82,253",
110/09/07,"144,136,715","5,565,199,769",39.00,39.10,38.15,38.50,-0.35,"43,395",
110/09/08,"144,905,602","5,540,200,253",38.50,39.20,37.35,37.60,-0.90,"48,864",
110/09/09,"71,659,534","2,723,830,139",37.45,38.35,37.35,38.35,+0.75,"23,887",
110/09/10,"193,942,603","7,573,383,040",38.50,39.30,38.45,39.10,+0.75,"58,958",
110/09/13,"274,667,075","10,969,087,759",39.20,40.20,39.15,40.05,+0.95,"82,972",
110/09/14,"152,552,433","6,064,177,086",40.10,40.35,39.35,39.85,-0.20,"47,548",
110/09/15,"111,554,006","4,369,552,429",39.65,39.65,38.80,39.25,-0.60,"37,276",
110/09/16,"109,394,207","4,235,077,390",39.40,39.50,38.40,38.50,-0.75,"36,016",
110/09/17,"148,354,900","5,646,700,625",38.50,38.90,37.80,37.80,-0.70,"44,305",
110/09/22,"159,671,723","5,809,126,101",36.00,36.80,35.90,36.30,-1.50,"55,253",
110/09/23,"120,848,019","4,395,681,756",36.80,37.00,36.00,36.15,-0.15,"38,105",
110/09/24,"120,880,537","4,368,919,203",36.45,36.50,36.00,36.00,-0.15,"38,032",
110/09/27,"81,337,263","2,933,013,048",36.10,36.40,35.90,35.95,-0.05,"25,441",
110/09/28,"64,944,106","2,320,657,077",35.95,36.00,35.60,35.75,-0.20,"25,237",
110/09/29,"98,299,054","3,468,072,689",35.25,35.60,35.10,35.20,-0.55,"37,321",
110/09/30,"79,164,177","2,851,325,986",35.40,36.40,35.35,36.30,+1.10,"26,768",
110/10/01,"89,533,085","3,212,259,928",36.05,36.25,35.55,35.85,-0.45,"25,715",
110/10/04,"107,922,379","3,798,011,855",36.00,36.05,35.00,35.00,-0.85,"36,972",
110/10/05,"98,790,544","3,461,680,532",34.85,35.60,34.55,35.60,+0.60,"24,623",
110/10/06,"63,564,587","2,232,115,182",35.65,35.70,34.90,35.05,-0.55,"21,236",
110/10/07,"149,455,005","5,147,487,036",34.80,34.90,34.10,34.50,-0.55,"58,144",
110/10/08,"165,478,114","5,570,372,341",34.65,34.70,33.05,33.20,-1.30,"71,582",
110/10/12,"70,910,007","2,356,454,731",33.05,33.65,32.80,33.40,+0.20,"26,976",
110/10/13,"88,597,353","2,895,561,952",33.45,33.70,32.25,32.40,-1.00,"37,902",
110/10/14,"41,631,096","1,362,941,266",32.65,33.10,32.50,32.75,+0.35,"15,653",
110/10/15,"41,845,449","1,386,990,934",33.20,33.40,32.80,33.20,+0.45,"15,501",
110/10/18,"40,097,170","1,345,261,572",33.45,33.80,33.40,33.65,+0.45,"13,197",
110/10/19,"35,515,396","1,190,837,950",33.65,33.80,33.40,33.45,-0.20,"10,531",
110/10/20,"55,975,618","1,894,509,955",33.95,34.30,33.50,33.55,+0.10,"21,406",
110/10/21,"40,522,369","1,372,788,525",33.70,34.20,33.45,33.90,+0.35,"13,716",
110/10/22,"42,377,438","1,415,781,066",34.00,34.00,33.15,33.30,-0.60,"14,490",
110/10/25,"21,247,493","707,160,556",33.25,33.45,33.00,33.30, 0.00,"7,720",
110/10/26,"56,601,263","1,911,019,023",33.55,33.95,33.45,33.75,+0.45,"11,140",
110/10/27,"28,145,705","955,136,025",33.90,34.05,33.80,33.90,+0.15,"10,523",
110/10/28,"35,748,089","1,210,529,233",33.95,34.05,33.70,33.70,-0.20,"11,083",
110/10/29,"36,232,277","1,217,341,819",33.70,33.90,33.35,33.60,-0.10,"11,957",
110/11/01,"46,542,843","1,555,919,407",33.80,33.90,33.20,33.40,-0.20,"17,599",
110/11/02,"45,392,614","1,521,577,336",33.50,34.00,33.20,33.20,-0.20,"15,913",
110/11/03,"25,151,922","841,077,979",33.30,33.65,33.25,33.50,+0.30,"9,978",
110/11/04,"44,877,494","1,495,450,459",33.70,33.75,33.05,33.25,-0.25,"14,913",
110/11/05,"43,823,404","1,446,659,616",33.25,33.30,32.90,33.10,-0.15,"15,989",
110/11/08,"98,530,499","3,367,203,723",33.55,34.50,33.50,34.40,+1.30,"34,666",
110/11/09,"70,663,793","2,445,742,509",34.70,34.85,34.20,34.50,+0.10,"26,896",
110/11/10,"34,144,227","1,166,573,422",34.45,34.45,34.00,34.10,-0.40,"11,875",
110/11/11,"80,281,448","2,766,117,400",34.25,35.00,33.95,34.35,+0.25,"24,661",
110/11/12,"39,299,148","1,346,811,527",34.50,34.70,34.10,34.25,-0.10,"11,806",
110/11/15,"47,861,773","1,613,428,336",34.25,34.30,33.55,33.65,-0.60,"19,306",
110/11/16,"71,424,698","2,368,137,655",33.50,33.55,33.00,33.15,-0.50,"29,034",
110/11/17,"39,565,984","1,309,333,206",33.15,33.30,33.00,33.05,-0.10,"14,829",
110/11/18,"56,901,059","1,879,047,557",33.10,33.20,32.90,32.95,-0.10,"20,640",
110/11/19,"61,271,219","2,004,980,976",32.95,32.95,32.55,32.60,-0.35,"28,059",
110/11/22,"50,388,550","1,637,387,226",32.50,32.75,32.30,32.60, 0.00,"18,423",
110/11/23,"74,326,648","2,466,365,340",32.70,33.55,32.65,33.10,+0.50,"23,591",
110/11/24,"63,766,794","2,149,615,944",33.35,33.95,33.20,33.80,+0.70,"22,708",
110/11/25,"42,073,228","1,424,381,291",34.00,34.20,33.60,33.80, 0.00,"14,737",
110/11/26,"48,983,393","1,626,873,570",33.60,33.70,33.00,33.05,-0.75,"16,104",
110/11/29,"30,719,598","1,007,437,917",32.85,33.05,32.50,32.90,-0.15,"11,651",
110/11/30,"65,165,591","2,129,942,835",32.95,33.00,32.55,32.55,-0.35,"15,085",
110/12/01,"23,981,590","791,264,094",32.50,33.20,32.50,33.10,+0.55,"9,724",
110/12/02,"57,958,031","1,948,980,643",33.10,33.95,33.10,33.90,+0.80,"19,838",
110/12/03,"49,878,738","1,697,845,479",34.00,34.30,33.80,34.10,+0.20,"16,830",
110/12/06,"26,548,317","901,286,515",33.95,34.20,33.70,33.90,-0.20,"12,716",
110/12/07,"54,876,730","1,877,983,806",34.00,34.35,33.95,34.35,+0.45,"15,757",
110/12/08,"52,550,307","1,809,462,800",34.50,34.85,34.10,34.10,-0.25,"19,750",
110/12/09,"24,551,223","841,824,481",34.35,34.50,34.10,34.35,+0.25,"10,160",
110/12/10,"31,299,498","1,076,945,288",34.55,34.70,34.20,34.20,-0.15,"11,715",
110/12/13,"56,122,955","1,946,271,166",34.40,34.90,34.35,34.60,+0.40,"18,091",
110/12/14,"34,357,940","1,174,198,178",34.50,34.50,34.00,34.10,-0.50,"14,675",
110/12/15,"22,254,310","761,124,170",34.20,34.35,34.00,34.25,+0.15,"11,548",
110/12/16,"23,314,172","799,747,574",34.35,34.50,34.10,34.35,+0.10,"9,805",
110/12/17,"187,761,229","6,635,653,546",34.50,35.70,34.40,35.45,+1.10,"53,959",
110/12/20,"115,622,690","4,149,410,955",35.90,36.35,35.60,35.60,+0.15,"37,043",
110/12/21,"77,727,591","2,753,772,235",35.45,35.85,34.80,35.70,+0.10,"25,502",
110/12/22,"51,997,863","1,853,843,999",35.70,35.80,35.50,35.65,-0.05,"12,365",
110/12/23,"58,411,810","2,067,024,780",35.60,35.65,35.10,35.50,-0.15,"18,136",
110/12/24,"26,979,171","960,596,441",35.80,35.90,35.40,35.55,+0.05,"12,256",
110/12/27,"22,686,073","802,085,971",35.55,35.60,35.25,35.25,-0.30,"9,179",
110/12/28,"23,449,248","823,115,305",35.40,35.45,35.15,35.40,+0.15,"7,735",
110/12/29,"35,115,917","1,235,691,044",35.40,35.40,35.10,35.25,-0.15,"12,432",
110/12/30,"18,184,351","642,563,361",35.30,35.40,35.25,35.35,+0.10,"6,357",
111/01/03,"34,469,943","1,208,657,986",35.50,35.55,34.85,35.00,-0.35,"14,031",
111/01/04,"46,180,281","1,594,237,989",35.00,35.00,34.35,34.45,-0.55,"19,402",
111/01/05,"20,541,091","713,871,495",34.45,34.90,34.45,34.85,+0.40,"7,181",
111/01/06,"21,801,664","756,157,401",34.85,34.85,34.50,34.80,-0.05,"7,005",
111/01/07,"22,474,040","780,741,051",34.80,35.00,34.60,34.80, 0.00,"6,859",
111/01/10,"18,912,462","658,478,467",34.65,34.95,34.60,34.90,+0.10,"6,817",
111/01/11,"30,006,008","1,039,060,826",34.80,34.90,34.50,34.55,-0.35,"7,926",
111/01/12,"25,999,766","902,315,054",34.55,34.85,34.55,34.85,+0.30,"8,365",
111/01/13,"61,109,168","2,163,938,042",34.90,35.60,34.90,35.50,+0.65,"18,503",
111/01/14,"27,399,687","959,746,635",35.45,35.45,34.80,35.20,-0.30,"14,390",
111/01/17,"15,737,536","548,653,276",34.90,35.00,34.75,35.00,-0.20,"6,332",
111/01/18,"24,793,948","861,306,436",34.90,35.00,34.60,34.60,-0.40,"12,032",
111/01/19,"39,259,077","1,342,159,274",34.35,34.35,34.05,34.05,-0.55,"15,756",
111/01/20,"23,376,496","799,076,177",34.05,34.40,34.00,34.15,+0.10,"7,105",
111/01/21,"34,043,380","1,154,996,179",34.05,34.25,33.80,33.85,-0.30,"11,286",
111/01/24,"29,995,532","1,001,482,036",33.70,33.70,33.25,33.45,-0.40,"12,145",
111/01/25,"41,584,144","1,390,796,594",33.50,33.75,33.30,33.45, 0.00,"15,618",
111/01/26,"24,063,050","809,268,032",33.45,33.75,33.45,33.65,+0.20,"10,181",
111/02/07,"46,231,805","1,568,420,966",33.50,34.25,33.40,34.25,+0.60,"15,615",
111/02/08,"48,681,847","1,673,088,255",34.25,34.60,34.00,34.50,+0.25,"14,353",
111/02/09,"33,909,249","1,181,146,888",34.70,35.00,34.65,34.95,+0.45,"14,031",
111/02/10,"65,997,753","2,334,503,833",35.10,35.70,34.95,35.65,+0.70,"22,761",
111/02/11,"42,943,632","1,532,765,204",35.60,35.90,35.50,35.70,+0.05,"15,027",
111/02/14,"31,753,043","1,120,792,363",35.45,35.55,35.10,35.50,-0.20,"15,535",
111/02/15,"25,201,716","889,072,951",35.55,35.55,35.00,35.05,-0.45,"13,027",
111/02/16,"27,501,782","974,131,764",35.35,35.65,35.20,35.45,+0.40,"11,514",
111/02/17,"25,011,819","889,076,062",35.70,35.80,35.35,35.55,+0.10,"7,917",
111/02/18,"27,756,299","988,299,982",35.40,35.75,35.35,35.65,+0.10,"8,899",
111/02/21,"106,731,378","3,881,757,366",35.65,36.65,35.50,36.45,+0.80,"32,484",
111/02/22,"58,606,996","2,107,472,409",36.50,36.50,35.60,36.15,-0.30,"26,136",
111/02/23,"25,692,867","926,334,697",36.00,36.40,35.80,36.05,-0.10,"10,429",
111/02/24,"53,247,962","1,885,066,162",35.80,35.80,35.15,35.25,-0.80,"21,721",
111/02/25,"48,711,199","1,741,427,814",35.45,36.00,35.30,36.00,+0.75,"15,195",
111/03/01,"192,591,898","7,325,988,065",38.00,38.65,37.40,37.95,+1.95,"75,426",
111/03/02,"161,699,341","6,202,621,553",38.25,38.80,37.95,38.30,+0.35,"60,593",
111/03/03,"83,968,799","3,247,609,444",38.90,38.95,38.55,38.60,+0.30,"29,983",
111/03/04,"67,511,715","2,601,704,073",38.55,38.75,38.30,38.40,-0.20,"34,586",
111/03/07,"169,196,742","6,524,468,500",38.45,39.20,37.55,39.00,+0.60,"64,879",
111/03/08,"157,398,911","5,978,481,734",38.85,39.15,36.90,37.40,-1.60,"66,773",
111/03/09,"54,471,648","2,062,233,550",37.75,38.20,37.40,37.95,+0.55,"29,788",
111/03/10,"53,175,185","2,034,165,018",38.35,38.40,38.10,38.30,+0.35,"21,194",
111/03/11,"41,965,287","1,613,789,538",38.30,38.70,38.30,38.45,+0.15,"14,849",
111/03/14,"49,001,000","1,900,106,831",38.70,38.90,38.65,38.80,+0.35,"17,537",
111/03/15,"44,209,537","1,707,720,671",39.00,39.00,38.30,38.70,-0.10,"17,303",
111/03/16,"50,958,281","1,966,418,097",39.00,39.00,38.20,38.55,-0.15,"24,326",
111/03/17,"45,732,405","1,772,134,090",38.90,38.90,38.55,38.85,+0.30,"15,287",
111/03/18,"61,727,023","2,408,525,113",38.90,39.20,38.80,39.05,+0.20,"19,217",
111/03/21,"109,300,138","4,360,534,762",39.60,40.25,39.60,39.75,+0.70,"43,855",
111/03/22,"75,825,589","3,024,263,686",40.10,40.15,39.45,39.80,+0.05,"27,756",
111/03/23,"54,848,383","2,185,840,897",39.90,40.00,39.60,40.00,+0.20,"21,011",
111/03/24,"52,693,118","2,108,471,815",40.00,40.15,39.85,40.00, 0.00,"21,501",
111/03/25,"56,999,363","2,282,103,200",40.15,40.20,39.95,40.00, 0.00,"19,522",
111/03/28,"45,820,483","1,814,678,873",39.85,40.00,39.15,40.00, 0.00,"20,864",
111/03/29,"54,333,668","2,146,043,648",39.85,39.90,39.35,39.40,-0.60,"23,367",
111/03/30,"80,655,863","3,129,843,106",39.25,39.25,38.35,38.95,-0.45,"37,453",
111/03/31,"30,303,522","1,179,934,431",38.90,39.15,38.65,38.95, 0.00,"13,992",
111/04/01,"36,343,157","1,417,749,977",38.70,39.20,38.50,39.20,+0.25,"11,595",
111/04/06,"36,688,721","1,435,623,850",39.20,39.35,38.90,39.35,+0.15,"15,055",
111/04/07,"43,366,591","1,694,546,143",39.05,39.60,38.75,38.80,-0.55,"23,590",
111/04/08,"30,094,082","1,174,793,324",39.00,39.20,38.85,39.20,+0.40,"11,638",
111/04/11,"30,760,423","1,209,696,627",39.40,39.50,39.10,39.40,+0.20,"13,558",
111/04/12,"37,304,164","1,466,618,202",39.40,39.55,39.05,39.35,-0.05,"16,787",
111/04/13,"28,139,883","1,112,327,931",39.45,39.65,39.40,39.50,+0.15,"11,769",
111/04/14,"23,006,838","910,122,187",39.65,39.70,39.40,39.50, 0.00,"10,939",
111/04/15,"29,615,662","1,170,557,218",39.50,39.70,39.40,39.55,+0.05,"11,627",
111/04/18,"55,212,356","2,139,783,636",39.50,39.55,38.40,38.50,-1.05,"27,076",
111/04/19,"23,355,043","902,599,035",38.60,38.80,38.55,38.60,+0.10,"12,287",
111/04/20,"42,370,915","1,625,594,586",38.75,38.80,38.25,38.30,-0.30,"17,246",
111/04/21,"49,910,717","1,898,570,440",38.35,38.45,37.80,37.80,-0.50,"26,260",
111/04/22,"48,037,989","1,812,844,344",37.70,38.05,37.55,37.60,-0.20,"17,681",
111/04/25,"73,031,069","2,688,773,549",37.30,37.35,36.60,36.60,-1.00,"30,178",
111/04/26,"76,597,037","2,778,110,001",36.60,36.80,36.10,36.10,-0.50,"25,842",
111/04/27,"63,208,253","2,245,093,353",35.70,35.70,35.30,35.60,-0.50,"24,903",
111/04/28,"35,435,137","1,274,904,872",35.65,36.20,35.60,36.05,+0.45,"12,285",
111/04/29,"22,574,731","816,111,892",36.25,36.35,36.05,36.10,+0.05,"8,438",
111/05/03,"21,701,934","778,070,886",36.10,36.15,35.50,36.00,-0.10,"9,071",
111/05/04,"15,756,428","568,855,773",36.20,36.20,36.00,36.05,+0.05,"6,699",
111/05/05,"20,289,028","739,037,045",36.40,36.60,36.25,36.35,+0.30,"8,987",
111/05/06,"26,353,658","943,657,116",35.90,35.90,35.60,35.80,-0.55,"11,022",
111/05/09,"38,253,854","1,343,208,373",35.50,35.50,35.00,35.00,-0.80,"17,696",
111/05/10,"35,945,411","1,242,861,571",34.65,34.80,34.20,34.60,-0.40,"15,873",
111/05/11,"37,327,091","1,283,190,845",34.60,34.80,34.20,34.20,-0.40,"17,642",
111/05/12,"56,673,912","1,905,035,635",34.00,34.15,33.20,33.20,-1.00,"25,906",
111/05/13,"32,137,484","1,073,846,111",33.25,33.70,33.25,33.35,+0.15,"14,515",
111/05/16,"28,696,594","955,166,665",33.65,33.65,33.10,33.20,-0.15,"13,089",
111/05/17,"33,521,613","1,110,831,501",33.40,33.45,33.00,33.00,-0.20,"15,616",
111/05/18,"31,265,063","1,044,634,060",33.10,33.65,33.05,33.55,+0.55,"13,482",
111/05/19,"46,477,649","1,534,156,303",33.15,33.20,32.90,32.95,-0.60,"23,550",
111/05/20,"19,723,046","657,181,649",33.10,33.45,33.00,33.35,+0.40,"8,394",
111/05/23,"26,123,928","875,977,470",33.65,33.65,33.35,33.55,+0.20,"9,525",
111/05/24,"25,518,783","860,278,188",33.60,33.95,33.55,33.55, 0.00,"10,743",
111/05/25,"19,372,860","653,985,106",33.65,33.90,33.55,33.85,+0.30,"8,862",
111/05/26,"23,794,809","810,592,307",33.95,34.20,33.90,34.05,+0.20,"10,236",
111/05/27,"28,387,222","972,532,196",34.25,34.45,33.90,34.40,+0.35,"10,492",
111/05/30,"34,500,570","1,189,053,172",34.50,34.65,34.30,34.50,+0.10,"14,595",
111/05/31,"55,645,931","1,918,688,844",34.45,34.65,34.20,34.65,+0.15,"11,345",
111/06/01,"28,494,051","976,423,525",34.40,34.45,34.15,34.15,-0.50,"15,458",
111/06/02,"25,731,934","869,760,984",33.90,33.95,33.70,33.75,-0.40,"12,384",
111/06/06,"28,128,588","962,998,297",33.75,34.65,33.65,34.65,+0.90,"11,110",
111/06/07,"26,233,406","908,349,258",34.55,34.80,34.40,34.75,+0.10,"10,751",
111/06/08,"16,138,350","561,072,284",34.75,34.90,34.65,34.75, 0.00,"6,970",
111/06/09,"14,149,326","488,103,549",34.60,34.65,34.40,34.50,-0.25,"6,976",
111/06/10,"17,887,660","616,788,196",34.30,34.65,34.20,34.50, 0.00,"5,894",
111/06/13,"27,120,902","921,086,511",33.95,34.15,33.80,34.00,-0.50,"9,632",
111/06/14,"29,299,827","993,102,440",33.95,34.10,33.70,34.00, 0.00,"9,474",
111/06/15,"25,080,577","851,674,980",34.00,34.20,33.80,33.80,-0.20,"11,095",
111/06/16,"25,717,930","870,499,029",34.15,34.15,33.55,33.55,-0.25,"9,236",
111/06/17,"48,915,126","1,624,857,380",33.50,33.50,33.10,33.15,-0.40,"13,618",
111/06/20,"55,208,138","1,798,065,506",33.15,33.30,32.15,32.15,-1.00,"24,214",
111/06/21,"62,231,629","1,984,903,107",32.20,32.30,31.50,31.85,-0.30,"23,733",
111/06/22,"54,521,064","1,705,974,350",31.90,31.95,31.00,31.00,-0.85,"21,771",
111/06/23,"132,154,137","3,915,440,131",30.65,30.90,29.00,29.00,-2.00,"52,158",
111/06/24,"79,123,709","2,296,283,341",29.00,29.40,28.70,29.00, 0.00,"36,826",
111/06/27,"39,891,304","1,178,330,208",29.25,29.65,29.25,29.45,+0.45,"14,504",
111/06/28,"40,195,633","1,166,339,589",29.30,29.35,28.80,29.20,-0.25,"17,627",
111/06/29,"35,634,754","1,037,961,106",29.00,29.35,28.85,29.10,-0.10,"13,305",
111/06/30,"49,674,139","1,420,917,760",29.10,29.15,28.45,28.45,-0.65,"22,751",
111/07/01,"35,253,573","1,012,042,910",28.45,28.95,28.35,28.70,+0.25,"15,550",
111/07/04,"35,326,126","1,013,404,047",28.75,28.95,28.40,28.65,-0.05,"13,883",
111/07/05,"34,020,987","990,985,243",29.15,29.50,28.90,29.20,+0.55,"17,611",
111/07/06,"32,077,532","932,100,475",29.30,29.30,29.00,29.00,-0.20,"12,358",
111/07/07,"32,498,996","943,904,433",29.10,29.25,28.65,29.05,+0.05,"10,849",
111/07/08,"27,361,679","804,241,970",29.20,29.60,29.15,29.35,+0.30,"11,811",
111/07/11,"20,179,456","589,077,270",29.35,29.45,29.10,29.10,-0.25,"8,068",
111/07/12,"29,259,510","845,195,029",29.10,29.15,28.80,28.90,-0.20,"12,007",
111/07/13,"44,617,014","1,293,625,812",29.10,29.20,28.90,29.05,+0.15,"15,536",
111/07/14,"30,629,102","888,658,130",29.05,29.25,28.70,29.25,+0.20,"10,662",
111/07/15,"39,719,603","1,149,879,298",29.15,29.15,28.85,28.95,-0.30,"15,838",
111/07/18,"66,893,199","1,964,924,501",29.00,30.65,28.75,30.65,+1.70,"18,947",
111/07/19,"64,403,059","1,942,500,588",30.05,30.50,29.70,30.25,-0.40,"27,766",
111/07/20,"58,921,197","1,788,144,987",30.25,30.50,30.10,30.50,+0.25,"20,080",
111/07/21,"72,413,731","2,193,039,470",30.35,30.50,29.90,30.50, 0.00,"20,621",
111/07/22,"67,015,793","2,056,277,103",30.50,30.80,30.30,30.80,+0.30,"17,704",
111/07/25,"114,240,827","3,556,190,836",30.75,31.35,30.65,31.30,+0.50,"31,537",
111/07/26,"120,587,065","3,368,401,050",27.75,28.10,27.65,27.85,X0.00,"33,259",
111/07/27,"48,882,440","1,349,526,919",27.90,27.90,27.50,27.60,-0.25,"22,790",
111/07/28,"41,723,635","1,145,401,518",27.60,27.80,27.30,27.35,-0.25,"22,498",
111/07/29,"23,392,242","645,930,086",27.60,27.70,27.40,27.70,+0.35,"9,111",
111/08/01,"47,203,836","1,339,533,345",27.80,28.65,27.80,28.60,+0.90,"18,221",
111/08/02,"35,983,769","1,017,604,146",28.20,28.50,28.10,28.35,-0.25,"15,570",
111/08/03,"28,544,329","801,934,954",28.30,28.45,28.00,28.05,-0.30,"11,247",
111/08/04,"25,736,682","717,075,957",28.05,28.10,27.70,27.85,-0.20,"10,526",
111/08/05,"18,482,618","520,986,291",28.10,28.30,28.00,28.30,+0.45,"6,866",
111/08/08,"25,084,149","702,122,035",28.30,28.30,27.85,27.95,-0.35,"9,035",
111/08/09,"14,245,466","398,622,201",27.95,28.15,27.80,28.00,+0.05,"5,684",
111/08/10,"14,642,266","409,927,955",28.00,28.10,27.80,28.00, 0.00,"5,271",
111/08/11,"28,286,180","801,055,561",28.20,28.50,28.10,28.45,+0.45,"8,966",
111/08/12,"28,490,436","820,931,616",28.45,29.00,28.45,28.75,+0.30,"13,033",
111/08/15,"27,059,322","788,894,961",29.00,29.30,28.85,29.15,+0.40,"12,287",
111/08/16,"17,421,158","506,940,464",29.20,29.30,29.00,29.00,-0.15,"9,051",
111/08/17,"21,153,229","617,445,747",29.00,29.40,28.95,29.20,+0.20,"7,729",
111/08/18,"14,833,133","431,768,493",29.10,29.20,28.90,29.20, 0.00,"6,847",
111/08/19,"14,754,032","429,985,254",29.10,29.25,29.00,29.20, 0.00,"5,926",
111/08/22,"15,629,212","453,117,240",29.00,29.10,28.90,29.00,-0.20,"6,455",
111/08/23,"14,123,481","406,958,280",28.95,28.95,28.70,28.80,-0.20,"5,776",
111/08/24,"14,989,540","435,334,972",28.80,29.20,28.80,29.05,+0.25,"5,744",
111/08/25,"9,784,195","285,051,981",29.10,29.25,29.05,29.15,+0.10,"4,555",
111/08/26,"12,719,504","371,670,784",29.20,29.40,29.10,29.25,+0.10,"6,076",
111/08/29,"18,015,614","519,156,150",28.60,29.00,28.60,28.80,-0.45,"7,543",
111/08/30,"20,318,664","586,771,866",28.80,29.10,28.65,29.00,+0.20,"7,817",
111/08/31,"19,032,432","550,575,221",28.85,29.10,28.75,28.95,-0.05,"5,533",
111/09/01,"18,805,028","537,233,529",28.70,28.75,28.40,28.55,-0.40,"10,046",
111/09/02,"15,827,654","452,591,228",28.65,28.80,28.55,28.55, 0.00,"6,022",
111/09/05,"17,192,584","496,627,253",28.70,29.00,28.55,29.00,+0.45,"6,078",
111/09/06,"18,358,364","534,833,382",29.20,29.25,29.00,29.20,+0.20,"7,823",
111/09/07,"29,935,184","869,035,929",29.20,29.55,28.75,28.75,-0.45,"13,713",
111/09/08,"28,603,791","834,951,203",29.00,29.35,28.85,29.25,+0.50,"9,383",
111/09/12,"22,307,208","660,807,938",29.70,29.90,29.35,29.70,+0.45,"8,680",
111/09/13,"22,119,695","656,185,707",29.65,29.80,29.45,29.80,+0.10,"7,671",
111/09/14,"20,100,273","590,478,407",29.25,29.60,29.20,29.30,-0.50,"10,720",
111/09/15,"20,365,950","599,875,787",29.35,29.65,29.15,29.50,+0.20,"7,380",
111/09/16,"46,247,638","1,358,222,128",29.20,29.50,29.15,29.35,-0.15,"7,461",
111/09/19,"19,739,833","580,408,728",29.45,29.65,29.25,29.30,-0.05,"9,064",
111/09/20,"47,793,673","1,369,500,541",29.15,29.25,28.45,28.60,-0.70,"22,104",
111/09/21,"48,487,853","1,363,081,503",28.40,28.45,27.90,28.35,-0.25,"24,680",
111/09/22,"38,129,410","1,059,441,580",27.95,28.45,27.50,28.45,+0.10,"18,931",
111/09/23,"25,610,892","714,441,514",28.00,28.05,27.80,27.85,-0.60,"11,047",
111/09/26,"34,309,764","931,410,811",27.50,27.55,27.00,27.10,-0.75,"15,474",
111/09/27,"28,640,190","770,638,959",27.10,27.20,26.70,26.80,-0.30,"12,960",
111/09/28,"25,975,185","692,843,647",26.80,27.20,26.50,26.65,-0.15,"12,247",
111/09/29,"20,500,336","550,046,477",26.80,27.00,26.70,27.00,+0.35,"8,081",
111/09/30,"23,522,077","626,797,078",26.95,26.95,26.40,26.70,-0.30,"8,435",
111/10/03,"16,342,702","432,241,577",26.45,26.65,26.20,26.45,-0.25,"7,430",
111/10/04,"25,646,913","694,623,617",26.65,27.40,26.65,27.20,+0.75,"9,267",
111/10/05,"21,319,083","586,964,190",27.30,27.75,27.25,27.60,+0.40,"8,548",
111/10/06,"18,216,337","505,155,214",27.80,27.85,27.45,27.80,+0.20,"6,077",
111/10/07,"13,780,423","380,893,366",27.65,27.80,27.50,27.55,-0.25,"5,652",
111/10/11,"31,527,427","865,658,783",27.10,27.70,27.00,27.35,-0.20,"9,771",
111/10/12,"17,360,305","474,824,770",27.35,27.55,27.05,27.50,+0.15,"6,565",
111/10/13,"21,497,266","582,712,527",27.40,27.55,26.90,26.90,-0.60,"8,664",
111/10/14,"20,089,488","544,417,171",27.25,27.35,26.90,26.90, 0.00,"7,330",
111/10/17,"27,646,593","741,183,297",26.80,27.10,26.40,27.05,+0.15,"12,270",
111/10/18,"25,871,607","703,084,241",27.20,27.40,27.00,27.20,+0.15,"10,580",
111/10/19,"35,416,577","974,330,757",27.20,27.75,27.10,27.45,+0.25,"13,329",
111/10/20,"74,123,737","2,081,790,695",27.00,28.60,26.90,28.60,+1.15,"15,139",
111/10/21,"20,997,634","588,592,069",28.10,28.20,27.80,28.05,-0.55,"9,361",
111/10/24,"18,187,417","509,489,615",28.15,28.20,27.75,28.00,-0.05,"7,732",
111/10/25,"24,342,086","664,817,612",27.45,27.55,27.05,27.25,-0.75,"9,615",
111/10/26,"13,607,182","371,896,462",27.30,27.50,27.15,27.30,+0.05,"5,140",
111/10/27,"21,879,843","595,918,294",27.35,27.65,27.05,27.05,-0.25,"8,375",
111/10/28,"20,778,714","557,722,224",27.00,27.15,26.60,27.15,+0.10,"10,364",
111/10/31,"15,849,006","425,873,096",27.00,27.10,26.75,26.85,-0.30,"6,494",
111/11/01,"16,129,383","434,278,973",26.85,27.10,26.75,27.00,+0.15,"4,207",
111/11/02,"15,164,307","410,071,326",26.90,27.20,26.85,27.20,+0.20,"5,722",
111/11/03,"13,455,151","361,526,060",26.80,27.00,26.75,26.85,-0.35,"6,905",
111/11/04,"20,385,690","543,836,599",26.65,26.80,26.55,26.75,-0.10,"8,333",
111/11/07,"20,557,326","555,213,385",26.80,27.15,26.80,27.15,+0.40,"8,280",
111/11/08,"19,259,627","526,490,798",27.25,27.45,27.15,27.40,+0.25,"7,220",
111/11/09,"21,420,367","592,097,637",27.40,27.80,27.35,27.80,+0.40,"7,610",
111/11/10,"11,604,259","320,252,352",27.65,27.80,27.45,27.55,-0.25,"4,686",
111/11/11,"32,709,459","913,023,011",27.80,28.10,27.65,28.00,+0.45,"10,907",
111/11/14,"55,581,031","1,592,511,180",28.15,29.00,28.05,28.95,+0.95,"18,041",
111/11/15,"33,436,967","968,335,119",28.65,29.15,28.45,29.10,+0.15,"12,086",
111/11/16,"25,204,201","725,473,781",28.90,29.05,28.60,28.80,-0.30,"10,999",
111/11/17,"20,618,369","585,637,155",28.40,28.60,28.30,28.40,-0.40,"6,339",
111/11/18,"22,558,111","637,884,286",28.30,28.55,28.05,28.40, 0.00,"7,987",
111/11/21,"27,463,148","789,821,927",28.20,29.00,28.20,29.00,+0.60,"10,761",
111/11/22,"20,769,688","601,054,922",28.90,29.00,28.65,29.00, 0.00,"7,391",
111/11/23,"19,255,986","557,888,478",29.00,29.05,28.85,29.00, 0.00,"6,963",
111/11/24,"50,505,418","1,479,264,839",29.05,29.50,29.00,29.20,+0.20,"15,500",
111/11/25,"37,340,863","1,089,925,997",29.30,29.60,28.75,28.75,-0.45,"11,547",
111/11/28,"44,258,352","1,249,940,180",28.40,28.65,27.90,27.90,-0.85,"14,589",
111/11/29,"36,571,664","1,047,730,899",28.10,28.95,28.10,28.70,+0.80,"10,854",
111/11/30,"53,209,958","1,548,254,899",28.60,29.20,28.60,29.15,+0.45,"12,435",
111/12/01,"34,737,926","1,015,921,190",29.30,29.45,29.05,29.25,+0.10,"8,894",
111/12/02,"24,639,006","716,991,158",28.80,29.30,28.80,29.00,-0.25,"8,247",
111/12/05,"31,481,300","914,393,319",28.80,29.25,28.55,29.20,+0.20,"10,247",
111/12/06,"32,191,716","935,913,186",29.10,29.40,28.80,29.00,-0.20,"8,636",
111/12/07,"22,847,981","664,662,797",28.80,29.25,28.80,29.00, 0.00,"6,706",
111/12/08,"23,911,342","692,112,974",29.00,29.10,28.80,28.95,-0.05,"7,058",
111/12/09,"20,380,183","590,262,589",28.85,29.05,28.85,29.05,+0.10,"6,087",
111/12/12,"22,354,224","645,402,167",29.00,29.05,28.55,29.00,-0.05,"5,829",
111/12/13,"45,307,736","1,325,253,979",29.15,29.50,28.90,29.15,+0.15,"11,013",
111/12/14,"27,940,311","814,380,983",29.35,29.35,29.00,29.05,-0.10,"8,654",
111/12/15,"42,946,792","1,259,788,637",29.30,29.70,29.10,29.25,+0.20,"13,352",
111/12/16,"108,322,954","3,156,063,257",29.05,29.45,28.75,29.40,+0.15,"25,273",
111/12/19,"112,143,065","3,193,925,397",29.00,29.15,28.30,28.30,-1.10,"24,798",
111/12/20,"104,913,472","3,004,288,762",28.45,29.15,28.40,28.45,+0.15,"19,922",
111/12/21,"143,600,094","4,237,354,340",28.85,29.75,28.75,29.70,+1.25,"33,061",
111/12/22,"157,162,296","4,793,000,035",29.85,30.85,29.45,30.65,+0.95,"38,663",
111/12/23,"37,215,614","1,135,105,395",30.25,30.70,30.05,30.70,+0.05,"14,788",
111/12/26,"18,954,307","581,009,749",30.70,30.90,30.45,30.60,-0.10,"7,605",
111/12/27,"20,310,264","617,114,702",30.60,30.70,30.20,30.30,-0.30,"9,218",
111/12/28,"33,085,835","1,009,151,718",30.35,30.60,30.20,30.60,+0.30,"10,906",
111/12/29,"31,542,106","944,088,394",30.40,30.40,29.70,29.95,-0.65,"13,328",
111/12/30,"17,979,482","537,812,275",29.95,30.15,29.80,29.80,-0.15,"4,945",
112/01/03,"26,159,669","785,733,425",29.85,30.30,29.50,30.25,+0.45,"8,055",
112/01/04,"22,137,060","662,970,527",30.05,30.15,29.80,29.90,-0.35,"6,882",
112/01/05,"11,071,455","332,145,821",30.10,30.10,29.90,30.00,+0.10,"4,458",
112/01/06,"10,458,703","314,444,990",29.95,30.15,29.90,30.15,+0.15,"3,999",
112/01/09,"39,036,956","1,199,358,684",30.30,30.95,30.15,30.95,+0.80,"16,988",
112/01/10,"20,218,536","623,252,131",30.80,31.00,30.70,30.85,-0.10,"8,153",
112/01/11,"13,428,484","412,831,385",30.95,31.00,30.65,30.70,-0.15,"4,925",
112/01/12,"30,598,924","950,505,597",30.90,31.30,30.85,31.05,+0.35,"11,069",
112/01/13,"25,974,340","809,606,846",31.15,31.40,31.00,31.05, 0.00,"10,811",
112/01/16,"15,882,093","494,350,226",31.20,31.45,30.85,31.05, 0.00,"7,229",
112/01/17,"17,002,167","529,148,287",31.05,31.20,30.95,31.20,+0.15,"6,395",
112/01/30,"57,449,512","1,834,299,140",32.00,32.10,31.55,32.10,+0.90,"21,456",
112/01/31,"31,412,465","1,002,373,776",32.00,32.30,31.65,31.65,-0.45,"13,387",
112/02/01,"21,026,740","670,983,703",31.60,32.15,31.60,32.00,+0.35,"8,671",
112/02/02,"23,585,718","751,739,236",32.00,32.05,31.70,31.95,-0.05,"9,070",
112/02/03,"16,517,867","519,661,798",31.80,31.80,31.30,31.40,-0.55,"8,812",
112/02/06,"17,745,857","553,270,992",31.30,31.50,31.05,31.05,-0.35,"7,931",
112/02/07,"14,756,222","462,610,166",31.20,31.55,31.15,31.45,+0.40,"6,998",
112/02/08,"11,984,093","376,982,133",31.45,31.55,31.30,31.45, 0.00,"6,228",
112/02/09,"8,984,170","281,697,280",31.30,31.45,31.20,31.30,-0.15,"4,778",
112/02/10,"10,813,574","337,551,353",31.15,31.35,31.05,31.25,-0.05,"4,746",
112/02/13,"11,185,509","350,331,868",31.15,31.50,31.05,31.45,+0.20,"4,934",
112/02/14,"11,450,260","360,534,363",31.60,31.60,31.40,31.45, 0.00,"5,092",
112/02/15,"15,690,008","492,835,804",31.55,31.65,31.20,31.35,-0.10,"6,899",
112/02/16,"16,281,847","514,284,331",31.65,31.75,31.40,31.60,+0.25,"6,309",
112/02/17,"10,015,739","316,464,602",31.55,31.70,31.45,31.70,+0.10,"5,022",
112/02/20,"16,095,249","512,688,803",31.70,32.00,31.50,32.00,+0.30,"7,028",
112/02/21,"27,921,378","894,467,143",32.00,32.15,31.75,32.10,+0.10,"9,425",
112/02/22,"11,105,553","354,109,320",31.90,32.00,31.75,31.95,-0.15,"4,960",
112/02/23,"14,901,525","475,446,832",31.95,32.00,31.80,31.80,-0.15,"6,062",
112/02/24,"33,548,887","1,056,633,413",31.90,31.95,31.40,31.40,-0.40,"8,147",
112/03/01,"44,144,547","1,347,780,374",31.00,31.10,30.30,30.30,-1.10,"22,069",
112/03/02,"21,962,621","670,110,553",30.35,30.80,30.20,30.65,+0.35,"9,523",
112/03/03,"11,642,232","357,035,590",30.65,30.85,30.55,30.70,+0.05,"5,348",
112/03/06,"14,010,538","431,777,665",30.90,30.95,30.70,30.80,+0.10,"5,802",
112/03/07,"17,149,028","530,967,963",30.75,31.15,30.70,31.10,+0.30,"7,830",
112/03/08,"21,107,971","656,269,971",31.00,31.30,30.90,31.20,+0.10,"7,948",
112/03/09,"18,108,786","558,787,337",31.20,31.30,30.75,30.75,-0.45,"9,330",
112/03/10,"20,135,850","616,026,295",30.55,30.75,30.50,30.60,-0.15,"9,332",
112/03/13,"20,561,633","636,195,009",30.55,31.15,30.50,31.00,+0.40,"9,679",
112/03/14,"15,390,221","474,361,288",30.70,31.00,30.70,30.70,-0.30,"6,993",
112/03/15,"18,687,509","574,690,024",30.70,30.90,30.65,30.70, 0.00,"9,021",
112/03/16,"16,859,454","516,710,178",30.90,30.90,30.55,30.60,-0.10,"6,062",
112/03/17,"45,418,281","1,422,755,341",30.85,31.55,30.75,31.45,+0.85,"12,364",
112/03/20,"12,874,766","401,284,031",31.50,31.50,31.00,31.20,-0.25,"10,941",
112/03/21,"10,115,274","315,234,366",31.20,31.30,31.00,31.20, 0.00,"5,731",
112/03/22,"12,071,217","375,930,146",31.40,31.40,31.05,31.20, 0.00,"6,838",
112/03/23,"12,481,157","388,930,625",31.25,31.30,31.00,31.25,+0.05,"5,767",
112/03/24,"15,105,781","470,072,451",31.40,31.40,31.05,31.10,-0.15,"6,597",
112/03/27,"16,115,493","498,004,318",31.10,31.15,30.80,30.90,-0.20,"8,189",
112/03/28,"16,208,943","500,058,412",30.90,31.00,30.70,30.85,-0.05,"7,404",
112/03/29,"10,354,663","320,413,194",30.85,31.00,30.80,31.00,+0.15,"5,416",
112/03/30,"8,497,525","262,862,574",31.00,31.00,30.85,31.00, 0.00,"3,954",
112/03/31,"17,654,284","548,073,536",31.00,31.30,30.90,30.90,-0.10,"5,522",
112/04/06,"15,532,356","478,445,852",31.00,31.05,30.70,30.80,-0.10,"9,296",
112/04/07,"6,992,209","215,522,068",30.85,30.90,30.75,30.80, 0.00,"4,946",
112/04/10,"14,210,800","439,080,861",30.95,31.10,30.80,30.90,+0.10,"6,876",
112/04/11,"16,668,363","514,770,134",31.00,31.00,30.80,30.90, 0.00,"8,553",
112/04/12,"22,050,645","684,096,407",30.95,31.10,30.90,31.10,+0.20,"9,742",
112/04/13,"35,327,407","1,108,455,870",31.20,31.50,31.15,31.45,+0.35,"15,699",
112/04/14,"35,042,725","1,089,076,587",31.45,31.50,30.90,31.10,-0.35,"15,258",
112/04/17,"27,832,854","856,776,598",31.10,31.10,30.65,30.75,-0.35,"16,473",
112/04/18,"12,723,013","390,355,974",30.80,30.80,30.60,30.70,-0.05,"7,334",
112/04/19,"21,211,550","646,848,912",30.70,30.80,30.35,30.45,-0.25,"12,103",
112/04/20,"9,454,149","287,037,117",30.35,30.50,30.20,30.45, 0.00,"5,256",
112/04/21,"16,315,318","493,630,154",30.45,30.50,30.15,30.15,-0.30,"8,350",
112/04/24,"11,017,620","331,024,620",30.15,30.15,30.00,30.05,-0.10,"6,314",
112/04/25,"24,348,638","727,423,013",30.20,30.20,29.70,29.75,-0.30,"12,381",
112/04/26,"30,936,253","905,877,316",29.65,29.70,29.15,29.30,-0.45,"16,172",
112/04/27,"35,087,033","1,014,105,077",29.15,29.20,28.70,28.90,-0.40,"18,877",
112/04/28,"19,537,698","568,339,075",29.00,29.20,28.90,29.10,+0.20,"7,773",
112/05/02,"17,545,412","513,292,788",29.10,29.40,29.10,29.30,+0.20,"9,383",
112/05/03,"14,298,146","416,491,190",29.25,29.30,29.05,29.15,-0.15,"8,008",
112/05/04,"17,823,100","517,719,345",29.10,29.15,29.00,29.10,-0.05,"9,893",
112/05/05,"18,639,303","540,814,943",29.10,29.20,28.90,29.10, 0.00,"10,621",
112/05/08,"15,205,328","444,877,534",29.15,29.35,29.10,29.30,+0.20,"6,834",
112/05/09,"19,586,771","572,640,100",29.20,29.35,29.05,29.35,+0.05,"7,402",
112/05/10,"11,429,052","334,718,454",29.35,29.35,29.20,29.35, 0.00,"5,587",
112/05/11,"8,848,553","258,240,015",29.35,29.40,29.10,29.15,-0.20,"4,378",
112/05/12,"13,616,951","395,203,648",29.15,29.20,28.95,29.00,-0.15,"7,715",
112/05/15,"13,247,417","385,147,577",28.90,29.20,28.85,29.15,+0.15,"5,677",
112/05/16,"13,542,308","395,423,334",29.15,29.25,29.05,29.20,+0.05,"5,946",
112/05/17,"23,802,306","702,126,327",29.20,29.70,29.10,29.60,+0.40,"10,875",
112/05/18,"16,654,448","494,578,911",29.60,29.80,29.55,29.70,+0.10,"6,049",
112/05/19,"17,793,373","528,157,527",29.80,29.85,29.50,29.60,-0.10,"6,840",
112/05/22,"24,576,214","734,699,858",29.55,30.00,29.55,30.00,+0.40,"9,377",
112/05/23,"18,721,646","561,069,539",30.00,30.05,29.90,29.90,-0.10,"7,143",
112/05/24,"16,628,345","497,089,018",29.95,30.00,29.70,29.95,+0.05,"8,349",
112/05/25,"24,059,750","711,455,752",29.75,29.80,29.40,29.40,-0.55,"10,301",
112/05/26,"25,402,709","744,367,734",29.20,29.45,29.05,29.20,-0.20,"11,747",
112/05/29,"29,404,348","858,807,876",29.30,29.50,29.05,29.05,-0.15,"12,066",
112/05/30,"34,605,866","1,005,635,534",29.10,29.20,29.00,29.00,-0.05,"16,337",
112/05/31,"62,110,579","1,805,684,044",29.00,29.40,29.00,29.00, 0.00,"10,066",
112/06/01,"15,969,844","465,919,639",29.15,29.25,29.05,29.10,+0.10,"6,262",
112/06/02,"16,519,407","485,250,707",29.25,29.45,29.15,29.40,+0.30,"6,512",
112/06/05,"15,653,431","464,502,274",29.40,29.80,29.40,29.60,+0.20,"6,737",
112/06/06,"16,249,951","485,213,629",29.65,29.95,29.65,29.90,+0.30,"7,256",
112/06/07,"14,233,980","425,515,195",29.95,29.95,29.85,29.90, 0.00,"7,177",
112/06/08,"10,098,299","300,663,826",29.85,29.90,29.70,29.75,-0.15,"5,639",
112/06/09,"12,176,037","362,891,570",29.85,29.90,29.70,29.75, 0.00,"5,674",
112/06/12,"9,339,338","277,222,786",29.75,29.80,29.60,29.65,-0.10,"5,062",
112/06/13,"13,570,073","402,285,893",29.65,29.80,29.50,29.60,-0.05,"6,285",
112/06/14,"13,487,162","401,084,584",29.60,29.90,29.60,29.65,+0.05,"5,573",
112/06/15,"12,015,326","356,220,977",29.70,29.80,29.55,29.65, 0.00,"5,626",
112/06/16,"22,840,427","679,199,768",29.65,29.85,29.60,29.75,+0.10,"5,805",
112/06/19,"12,248,513","364,962,583",29.75,29.90,29.65,29.85,+0.10,"5,176",
112/06/20,"13,780,636","410,424,237",29.85,29.85,29.70,29.75,-0.10,"5,401",
112/06/21,"15,121,559","448,748,400",29.75,29.80,29.60,29.65,-0.10,"7,266",
112/06/26,"22,140,886","656,784,862",29.65,29.80,29.45,29.60,-0.05,"6,281",
112/06/27,"12,845,117","381,990,632",29.55,29.85,29.50,29.75,+0.15,"5,811",
112/06/28,"12,459,397","370,150,484",29.70,29.85,29.60,29.70,-0.05,"5,178",
112/06/29,"17,464,255","517,887,270",29.75,29.80,29.50,29.65,-0.05,"6,876",
112/06/30,"26,412,202","778,870,952",29.50,29.65,29.40,29.40,-0.25,"9,611",
112/07/03,"15,472,021","459,359,337",29.40,29.90,29.40,29.80,+0.40,"5,573",
112/07/04,"17,663,610","522,906,697",29.60,29.75,29.50,29.55,-0.25,"7,292",
112/07/05,"11,305,517","333,878,678",29.55,29.65,29.50,29.50,-0.05,"5,516",
112/07/06,"37,809,512","1,098,259,643",29.35,29.35,28.90,28.95,-0.55,"19,738",
112/07/07,"20,170,305","578,332,441",28.90,28.90,28.55,28.65,-0.30,"11,514",
112/07/10,"10,662,094","307,164,747",28.75,29.00,28.70,28.70,+0.05,"5,890",
112/07/11,"8,464,769","244,484,199",28.75,29.05,28.75,28.85,+0.15,"4,348",
112/07/12,"11,480,624","331,122,541",28.80,28.95,28.70,28.85, 0.00,"6,332",
112/07/13,"13,160,392","382,953,481",28.95,29.25,28.95,29.05,+0.20,"5,577",
112/07/14,"14,493,546","422,961,122",29.25,29.30,29.05,29.15,+0.10,"6,622",
112/07/17,"16,581,885","484,408,760",29.15,29.30,29.10,29.30,+0.15,"6,144",
112/07/18,"17,368,142","507,594,660",29.15,29.35,29.10,29.20,-0.10,"7,774",
112/07/19,"20,880,029","609,738,665",29.15,29.30,29.10,29.30,+0.10,"9,183",
112/07/20,"27,659,195","813,308,494",29.20,29.55,29.15,29.45,+0.15,"8,145",
112/07/21,"27,178,910","795,343,302",29.45,29.50,29.10,29.25,-0.20,"10,513",
112/07/24,"27,455,132","805,344,595",29.25,29.40,29.20,29.40,+0.15,"7,421",
112/07/25,"20,834,768","612,647,816",29.40,29.55,29.35,29.35,-0.05,"7,824",
112/07/26,"28,554,620","811,663,120",28.20,28.65,28.10,28.55,X0.00,"13,464",
112/07/27,"34,125,938","969,576,132",28.60,28.60,28.30,28.45,-0.10,"17,222",
112/07/28,"26,087,181","735,807,146",28.45,28.45,28.10,28.20,-0.25,"18,202",
112/07/31,"34,320,235","960,628,666",28.20,28.20,27.90,27.95,-0.25,"16,540",
112/08/01,"20,836,292","585,979,524",28.05,28.30,27.95,28.15,+0.20,"8,904",
112/08/02,"43,233,403","1,211,279,898",28.10,28.35,27.85,28.00,-0.15,"18,102",
112/08/04,"18,065,922","508,725,685",28.00,28.30,27.95,28.30,+0.30,"7,143",
112/08/07,"18,004,937","510,562,081",28.30,28.50,28.25,28.50,+0.20,"6,631",
112/08/08,"19,112,701","540,130,358",28.50,28.50,28.15,28.25,-0.25,"8,360",
112/08/09,"22,288,090","625,048,335",28.25,28.25,27.90,28.15,-0.10,"11,808",
112/08/10,"25,014,428","697,794,898",28.10,28.10,27.80,27.90,-0.25,"11,684",
112/08/11,"22,670,840","629,140,861",27.95,28.00,27.65,27.65,-0.25,"14,641",
112/08/14,"29,353,164","800,313,116",27.75,27.75,27.15,27.20,-0.45,"15,886",
112/08/15,"21,453,664","584,457,642",27.50,27.50,27.10,27.10,-0.10,"13,108",
112/08/16,"31,343,379","843,079,940",27.05,27.05,26.80,26.85,-0.25,"19,182",
112/08/17,"36,654,430","971,034,052",26.80,26.80,26.20,26.60,-0.25,"20,340",
112/08/18,"28,038,967","760,303,769",26.65,27.30,26.65,27.20,+0.60,"10,983",
112/08/21,"12,652,796","343,535,227",27.20,27.35,27.05,27.10,-0.10,"6,236",
112/08/22,"20,184,138","540,675,324",27.30,27.30,26.65,26.70,-0.40,"12,934",
112/08/23,"24,741,358","657,898,334",26.80,26.90,26.50,26.60,-0.10,"12,528",
112/08/24,"22,566,794","599,018,239",26.60,26.70,26.50,26.50,-0.10,"11,421",
112/08/25,"25,438,468","669,306,794",26.55,26.60,26.20,26.30,-0.20,"13,615",
112/08/28,"16,162,338","427,577,894",26.30,26.55,26.30,26.50,+0.20,"6,891",
112/08/29,"30,596,025","803,267,008",26.50,26.50,26.15,26.40,-0.10,"14,182",
112/08/30,"19,971,648","529,464,028",26.50,26.60,26.40,26.55,+0.15,"6,771",
112/08/31,"43,989,827","1,166,745,676",26.65,26.70,26.50,26.50,-0.05,"8,774",
112/09/01,"16,873,365","450,483,101",26.55,26.85,26.50,26.70,+0.20,"6,697",
112/09/04,"15,698,271","423,422,844",26.70,27.10,26.70,27.05,+0.35,"7,068",
112/09/05,"11,626,661","314,287,588",27.00,27.10,26.90,27.10,+0.05,"6,188",
112/09/06,"15,033,433","404,776,887",27.10,27.20,26.80,26.80,-0.30,"9,468",
112/09/07,"17,627,505","467,704,657",26.80,26.80,26.45,26.50,-0.30,"10,317",
112/09/08,"14,491,412","382,040,430",26.50,26.50,26.30,26.35,-0.15,"8,501",
112/09/11,"17,198,624","451,491,581",26.35,26.35,26.20,26.25,-0.10,"9,563",
112/09/12,"15,788,677","415,448,464",26.40,26.40,26.25,26.30,+0.05,"7,520",
112/09/13,"10,823,694","285,327,185",26.35,26.45,26.25,26.35,+0.05,"5,167",
112/09/14,"15,410,427","409,329,346",26.55,26.70,26.40,26.60,+0.25,"5,991",
112/09/15,"47,952,039","1,274,493,538",26.70,26.85,26.40,26.60, 0.00,"13,819",
112/09/18,"13,847,520","370,386,973",26.60,26.85,26.60,26.75,+0.15,"6,025",
112/09/19,"11,423,179","303,749,314",26.75,26.80,26.50,26.50,-0.25,"7,452",
112/09/20,"10,878,223","288,708,098",26.60,26.65,26.50,26.50, 0.00,"6,449",
112/09/21,"32,750,121","856,903,498",26.50,26.50,26.05,26.15,-0.35,"17,302",
112/09/22,"17,761,169","464,860,726",26.20,26.25,26.10,26.20,+0.05,"8,097",
112/09/25,"12,038,382","315,236,071",26.30,26.30,26.10,26.20, 0.00,"6,309",
112/09/26,"20,876,975","543,840,238",26.10,26.15,26.00,26.05,-0.15,"12,374",
112/09/27,"53,847,455","1,369,242,645",25.80,25.80,25.30,25.45,-0.60,"31,317",
112/09/28,"38,978,773","978,420,287",25.40,25.40,25.00,25.25,-0.20,"20,506",
112/10/02,"30,117,285","755,958,467",25.25,25.25,25.00,25.25, 0.00,"16,676",
112/10/03,"29,799,187","742,616,002",25.00,25.15,24.85,24.85,-0.40,"16,587",
112/10/04,"39,538,661","960,502,501",24.70,24.70,24.20,24.25,-0.60,"23,398",
112/10/05,"29,445,039","720,677,654",24.30,24.60,24.10,24.55,+0.30,"11,648",
112/10/06,"16,233,111","398,270,472",24.50,24.65,24.35,24.65,+0.10,"7,847",
112/10/11,"34,777,703","851,576,123",24.65,24.65,24.35,24.60,-0.05,"14,088",
112/10/12,"22,794,188","565,158,895",24.75,24.95,24.50,24.85,+0.25,"8,793",
112/10/13,"17,515,449","434,958,317",24.80,24.95,24.70,24.85, 0.00,"7,682",
112/10/16,"17,848,890","439,346,261",24.70,24.75,24.40,24.75,-0.10,"7,995",
112/10/17,"25,094,062","616,075,445",24.70,24.75,24.35,24.75, 0.00,"11,754",
112/10/18,"80,358,960","1,977,665,925",24.75,24.85,24.10,24.85,+0.10,"20,932",
112/10/19,"28,512,991","695,639,053",24.50,24.60,24.30,24.50,-0.35,"14,994",
112/10/20,"43,723,152","1,047,811,309",24.20,24.20,23.80,23.90,-0.60,"20,959",
112/10/23,"19,459,865","463,769,938",23.90,23.95,23.80,23.80,-0.10,"11,331",
112/10/24,"24,888,806","587,165,681",23.80,23.85,23.50,23.60,-0.20,"14,876",
112/10/25,"36,656,866","885,706,976",23.50,24.40,23.50,24.40,+0.80,"12,548",
112/10/26,"24,710,110","596,085,918",24.10,24.30,23.90,24.05,-0.35,"10,426",
112/10/27,"14,924,958","359,175,878",23.95,24.20,23.95,24.00,-0.05,"6,906",
112/10/30,"13,517,898","326,293,752",24.05,24.25,24.05,24.10,+0.10,"5,852",
112/10/31,"14,387,494","346,831,149",24.10,24.20,24.00,24.15,+0.05,"5,707",
112/11/01,"13,048,312","315,381,296",24.25,24.35,24.05,24.05,-0.10,"6,262",
112/11/02,"13,294,254","323,076,930",24.30,24.40,24.20,24.25,+0.20,"6,484",
112/11/03,"15,939,860","391,299,599",24.30,24.70,24.30,24.55,+0.30,"7,257",
112/11/06,"38,781,928","974,053,030",25.20,25.50,24.90,25.00,+0.45,"14,957",
112/11/07,"27,086,909","667,134,767",24.80,24.80,24.50,24.80,-0.20,"11,785",
112/11/08,"24,835,831","609,795,654",24.80,24.80,24.45,24.60,-0.20,"9,733",
112/11/09,"20,199,478","494,001,542",24.50,24.60,24.30,24.55,-0.05,"8,223",
112/11/10,"20,166,095","495,157,642",24.45,24.70,24.40,24.65,+0.10,"8,658",
112/11/13,"19,007,807","466,452,029",24.70,24.80,24.45,24.50,-0.15,"8,754",
112/11/14,"21,477,944","524,706,031",24.55,24.55,24.30,24.55,+0.05,"10,039",
112/11/15,"40,356,826","1,002,251,212",24.75,24.95,24.65,24.95,+0.40,"13,260",
112/11/16,"25,220,426","634,872,669",25.10,25.35,25.05,25.20,+0.25,"10,783",
112/11/17,"19,668,529","495,023,502",25.20,25.25,25.00,25.20, 0.00,"8,879",
112/11/20,"17,917,874","453,219,642",25.35,25.45,25.20,25.30,+0.10,"7,819",
112/11/21,"55,356,001","1,416,108,325",25.45,25.80,25.40,25.70,+0.40,"19,144",
112/11/22,"46,253,833","1,177,315,585",25.70,25.80,25.25,25.80,+0.10,"23,176",
112/11/23,"55,340,023","1,412,964,096",25.65,25.80,25.35,25.80, 0.00,"21,843",
112/11/24,"74,508,863","1,907,802,764",25.65,25.90,25.30,25.90,+0.10,"21,207",
112/11/27,"71,623,031","1,856,244,479",25.85,26.15,25.60,26.15,+0.25,"15,772",
112/11/28,"72,044,590","1,879,742,706",26.10,26.20,25.85,26.10,-0.05,"18,981",
112/11/29,"70,538,706","1,837,926,782",26.10,26.20,25.85,26.20,+0.10,"16,850",
112/11/30,"119,640,844","3,118,223,274",26.15,26.20,25.85,26.20, 0.00,"19,544",
112/12/01,"58,835,474","1,523,968,943",25.90,26.00,25.80,26.00,-0.20,"16,670",
112/12/04,"42,348,946","1,095,604,331",26.00,26.05,25.75,26.05,+0.05,"12,479",
112/12/05,"29,358,901","763,639,612",25.95,26.10,25.85,26.10,+0.05,"9,235",
112/12/06,"21,697,216","568,061,828",26.10,26.30,25.95,26.25,+0.15,"6,710",
112/12/07,"16,947,539","442,201,002",26.20,26.25,26.05,26.05,-0.20,"6,107",
112/12/08,"20,638,102","536,964,513",26.10,26.10,25.90,26.10,+0.05,"6,210",
112/12/11,"46,055,628","1,183,214,941",26.05,26.10,25.45,25.70,-0.40,"15,514",
112/12/12,"38,097,940","969,568,181",25.70,25.75,25.30,25.45,-0.25,"17,974",
112/12/13,"43,385,840","1,090,340,452",25.45,25.45,25.00,25.15,-0.30,"17,963",
112/12/14,"42,349,117","1,072,012,239",25.30,25.50,25.15,25.40,+0.25,"14,846",
112/12/15,"111,412,992","2,921,277,019",25.50,26.45,25.50,26.45,+1.05,"33,247",
112/12/18,"71,834,579","1,922,670,312",26.95,27.10,26.50,26.65,+0.20,"27,532",
112/12/19,"42,808,587","1,133,348,890",26.65,26.75,26.15,26.65, 0.00,"15,779",
112/12/20,"37,921,804","1,008,827,634",26.90,26.90,26.50,26.55,-0.10,"11,521",
112/12/21,"26,084,491","692,755,772",26.35,26.70,26.35,26.60,+0.05,"8,033",
112/12/22,"29,308,303","780,894,764",26.65,26.75,26.50,26.75,+0.15,"7,892",
112/12/25,"17,161,725","460,123,151",26.75,26.95,26.70,26.85,+0.10,"7,628",
112/12/26,"12,772,447","342,861,364",26.90,26.95,26.75,26.90,+0.05,"5,773",
112/12/27,"19,181,617","515,363,071",26.90,26.95,26.75,26.90, 0.00,"7,136",
112/12/28,"20,037,423","539,611,072",26.90,27.00,26.80,27.00,+0.10,"7,232",
112/12/29,"17,185,226","463,159,653",27.00,27.00,26.85,27.00, 0.00,"5,920",
113/01/02,"15,122,616","407,063,462",27.00,27.00,26.75,27.00, 0.00,"5,696",
113/01/03,"22,461,245","598,165,484",26.80,26.85,26.50,26.70,-0.30,"8,603",
113/01/04,"16,991,813","452,831,617",26.65,26.70,26.55,26.70, 0.00,"5,074",
113/01/05,"15,820,982","421,857,384",26.70,26.70,26.60,26.70, 0.00,"4,464",
113/01/08,"12,554,087","334,042,344",26.70,26.85,26.50,26.50,-0.20,"6,126",
113/01/09,"27,189,051","710,720,084",26.55,26.60,26.00,26.00,-0.50,"12,586",
113/01/10,"12,891,074","333,009,949",25.95,25.95,25.70,25.85,-0.15,"5,158",
113/01/11,"13,642,462","352,008,564",25.80,25.90,25.70,25.80,-0.05,"6,372",
113/01/12,"12,980,393","335,391,223",25.70,25.95,25.70,25.80, 0.00,"5,845",
113/01/15,"8,589,762","222,443,037",25.95,26.00,25.80,25.80, 0.00,"4,355",
113/01/16,"27,036,209","686,200,286",25.60,25.70,25.20,25.20,-0.60,"14,846",
113/01/17,"35,350,979","883,040,713",25.20,25.25,24.80,24.80,-0.40,"20,160",
113/01/18,"15,769,966","392,266,911",24.80,25.05,24.80,24.80, 0.00,"9,284",
113/01/19,"24,562,653","605,711,915",24.65,24.80,24.55,24.65,-0.15,"12,951",
113/01/22,"12,620,818","312,575,954",24.65,24.85,24.60,24.75,+0.10,"7,084",
113/01/23,"19,557,412","484,694,622",24.75,24.95,24.75,24.80,+0.05,"8,370",
113/01/24,"14,121,991","354,166,555",24.85,25.20,24.85,25.15,+0.35,"6,143",
113/01/25,"11,576,189","289,949,760",25.10,25.15,25.00,25.10,-0.05,"6,431",
113/01/26,"13,385,064","336,793,827",25.00,25.30,24.95,25.25,+0.15,"5,694",
113/01/29,"10,633,222","270,766,857",25.25,25.60,25.25,25.45,+0.20,"5,403",
113/01/30,"15,487,369","389,207,069",25.50,25.50,25.05,25.05,-0.40,"7,426",
113/01/31,"24,153,292","604,092,438",25.00,25.15,24.85,25.15,+0.10,"8,479",
113/02/01,"10,454,143","263,715,168",25.25,25.40,25.15,25.25,+0.10,"4,321",
113/02/02,"11,323,743","284,316,496",25.20,25.25,25.00,25.15,-0.10,"5,274",
113/02/05,"18,525,273","461,597,340",25.00,25.05,24.85,24.85,-0.30,"9,703",
113/02/15,"27,651,116","682,368,448",24.85,24.90,24.50,24.60,-0.25,"14,466",
113/02/16,"13,036,873","324,322,709",24.60,25.00,24.60,24.90,+0.30,"6,499",
113/02/19,"18,409,124","464,641,600",24.95,25.40,24.90,25.40,+0.50,"7,917",
113/02/20,"9,608,971","242,784,727",25.40,25.45,25.20,25.30,-0.10,"6,167",
113/02/21,"9,610,323","242,299,280",25.30,25.30,25.15,25.25,-0.05,"5,320",
113/02/22,"9,797,347","246,762,140",25.25,25.30,25.10,25.15,-0.10,"5,756",
113/02/23,"11,788,956","295,534,273",25.15,25.20,25.00,25.00,-0.15,"7,247",
113/02/26,"11,636,613","290,024,249",24.90,25.00,24.90,24.90,-0.10,"7,561",
113/02/27,"25,827,537","637,061,075",24.80,24.80,24.60,24.65,-0.25,"16,109",
113/02/29,"30,942,107","761,112,691",24.65,24.70,24.55,24.60,-0.05,"11,764",
113/03/01,"28,763,732","701,771,141",24.55,24.60,24.35,24.45,-0.15,"15,362",
113/03/04,"27,917,613","674,254,203",24.30,24.35,24.10,24.20,-0.25,"17,298",
113/03/05,"23,721,358","571,700,653",24.10,24.25,24.05,24.05,-0.15,"13,471",
113/03/06,"23,388,729","563,171,545",24.05,24.20,24.00,24.05, 0.00,"11,774",
113/03/07,"26,866,350","643,282,574",24.00,24.05,23.90,23.95,-0.10,"16,595",
113/03/08,"27,869,780","668,524,541",23.90,24.10,23.80,24.10,+0.15,"12,660",
113/03/11,"13,120,309","315,273,902",24.10,24.10,24.00,24.05,-0.05,"7,618",
113/03/12,"12,026,770","290,029,632",24.10,24.15,24.05,24.15,+0.10,"6,625",
113/03/13,"29,749,868","710,538,920",24.00,24.05,23.80,23.95,-0.20,"15,943",
113/03/14,"20,976,460","503,430,978",23.95,24.10,23.80,24.05,+0.10,"9,586",
113/03/15,"31,883,012","761,343,617",24.00,24.05,23.85,23.85,-0.20,"9,580",
113/03/18,"26,830,128","635,153,738",23.85,23.90,23.50,23.70,-0.15,"15,405",
113/03/19,"19,136,301","452,650,904",23.60,23.75,23.55,23.65,-0.05,"9,972",
113/03/20,"23,521,283","554,474,090",23.60,23.70,23.50,23.50,-0.15,"13,280",
113/03/21,"17,760,918","421,832,095",23.50,23.95,23.50,23.85,+0.35,"9,116",
113/03/22,"15,700,765","374,804,699",23.80,24.00,23.80,23.95,+0.10,"8,098",
113/03/25,"13,682,868","326,067,506",23.95,24.00,23.75,23.85,-0.10,"7,264",
113/03/26,"17,277,226","413,366,684",23.85,24.05,23.80,24.00,+0.15,"7,034",
113/03/27,"13,434,352","321,597,178",24.00,24.05,23.90,23.90,-0.10,"6,729",
113/03/28,"13,424,960","320,345,548",23.85,23.95,23.80,23.80,-0.10,"6,598",
113/03/29,"10,688,093","255,562,279",23.85,24.00,23.85,23.90,+0.10,"4,450",
113/04/01,"10,550,737","252,886,450",23.95,24.00,23.90,24.00,+0.10,"5,161",
113/04/02,"22,416,583","542,112,002",24.00,24.30,24.00,24.30,+0.30,"9,521",
113/04/03,"54,395,075","1,338,194,319",24.60,25.00,24.35,24.65,+0.35,"17,926",
113/04/08,"47,508,274","1,181,549,617",24.65,25.00,24.55,25.00,+0.35,"16,869",
113/04/09,"111,950,977","2,887,986,152",25.20,26.10,25.05,26.05,+1.05,"38,448",
113/04/10,"47,712,730","1,232,120,617",26.15,26.25,25.55,25.60,-0.45,"27,154",
113/04/11,"31,303,119","793,634,547",25.50,25.60,25.25,25.30,-0.30,"11,677",
113/04/12,"27,490,595","684,435,824",25.05,25.05,24.80,24.85,-0.45,"12,558",
113/04/15,"33,799,087","834,976,995",24.80,25.15,24.55,24.55,-0.30,"13,061",
113/04/16,"24,856,303","603,582,584",24.45,24.50,24.20,24.25,-0.30,"11,831",
113/04/17,"24,995,690","609,566,393",24.25,24.50,24.25,24.45,+0.20,"12,994",
113/04/18,"32,876,013","814,620,797",24.55,25.00,24.50,24.80,+0.35,"12,656",
113/04/19,"37,129,365","908,430,022",24.80,24.85,24.20,24.45,-0.35,"14,950",
113/04/22,"22,757,632","562,719,397",24.80,24.95,24.55,24.70,+0.25,"7,729",
113/04/23,"19,548,141","486,273,308",24.85,25.05,24.70,24.85,+0.15,"7,727",
113/04/24,"12,487,975","309,592,386",24.90,24.95,24.70,24.75,-0.10,"5,863",
113/04/25,"11,951,239","293,239,193",24.60,24.65,24.40,24.55,-0.20,"5,308",
113/04/26,"14,606,689","359,396,260",24.45,24.70,24.45,24.55, 0.00,"5,574",
113/04/29,"22,753,506","567,339,788",24.65,25.00,24.65,25.00,+0.45,"9,159",
113/04/30,"23,346,622","581,953,014",24.95,25.10,24.85,24.85,-0.15,"9,013",
113/05/02,"12,738,862","317,470,258",24.85,25.00,24.80,24.95,+0.10,"5,787",
113/05/03,"22,598,120","567,006,538",25.00,25.25,24.95,24.95, 0.00,"9,328",
113/05/06,"15,815,388","395,931,414",25.10,25.15,24.85,25.10,+0.15,"6,881",
113/05/07,"13,703,295","342,721,982",25.15,25.25,24.90,24.90,-0.20,"5,343",
113/05/08,"25,080,214","619,465,699",24.95,24.95,24.55,24.75,-0.15,"9,616",
113/05/09,"16,676,605","412,140,473",24.65,24.90,24.60,24.60,-0.15,"5,629",
113/05/10,"10,836,600","267,484,187",24.60,24.80,24.55,24.80,+0.20,"4,841",
113/05/13,"16,057,050","398,765,680",24.70,25.00,24.70,24.85,+0.05,"5,226",
113/05/14,"18,964,122","474,630,705",24.90,25.10,24.90,25.00,+0.15,"8,587",
113/05/15,"22,656,647","564,556,308",25.00,25.10,24.75,24.75,-0.25,"8,982",
113/05/16,"36,474,339","915,773,718",25.00,25.20,24.95,25.15,+0.40,"11,411",
113/05/17,"11,945,366","299,711,405",25.15,25.20,25.00,25.05,-0.10,"5,305",
113/05/20,"23,245,238","585,712,942",25.15,25.30,25.10,25.25,+0.20,"8,890",
113/05/21,"15,844,346","395,343,888",25.25,25.25,24.85,24.90,-0.35,"6,971",
113/05/22,"45,540,051","1,124,589,978",24.95,25.05,24.60,24.60,-0.30,"20,213",
113/05/23,"44,513,760","1,080,346,668",24.50,24.60,24.15,24.15,-0.45,"22,188",
113/05/24,"29,989,779","721,707,565",24.15,24.20,24.00,24.00,-0.15,"13,371",
113/05/27,"38,708,000","928,008,413",24.05,24.10,23.90,23.90,-0.10,"18,002",
113/05/28,"20,097,391","485,504,235",24.00,24.25,23.95,24.20,+0.30,"8,538",
113/05/29,"35,708,352","858,498,725",24.20,24.25,23.95,23.95,-0.25,"14,688",
113/05/30,"30,548,300","728,969,868",23.90,23.95,23.80,23.85,-0.10,"16,664",
113/05/31,"62,039,220","1,475,723,634",23.85,23.90,23.75,23.75,-0.10,"18,009",
113/06/03,"25,249,695","600,241,623",23.80,23.90,23.65,23.80,+0.05,"11,451",
113/06/04,"31,385,207","742,160,479",23.70,23.75,23.60,23.60,-0.20,"15,993",
113/06/05,"27,100,639","639,095,155",23.60,23.65,23.55,23.55,-0.05,"12,639",
113/06/06,"30,816,378","725,814,092",23.55,23.65,23.50,23.50,-0.05,"15,072",
113/06/07,"25,908,004","612,203,077",23.50,23.75,23.50,23.70,+0.20,"9,914",
113/06/11,"50,003,705","1,173,345,636",23.50,23.65,23.35,23.35,-0.35,"26,742",
113/06/12,"25,588,851","597,609,245",23.35,23.45,23.30,23.30,-0.05,"13,640",
113/06/13,"30,560,574","712,899,505",23.45,23.50,23.25,23.30, 0.00,"15,560",
113/06/14,"24,611,351","572,402,577",23.30,23.35,23.20,23.25,-0.05,"14,018",
113/06/17,"16,043,192","376,418,267",23.25,23.60,23.25,23.45,+0.20,"8,107",
113/06/18,"21,144,628","495,287,555",23.45,23.55,23.35,23.40,-0.05,"9,734",
113/06/19,"22,157,349","520,519,847",23.50,23.60,23.40,23.50,+0.10,"10,524",
113/06/20,"27,377,487","648,625,123",23.60,23.75,23.60,23.70,+0.20,"11,600",
113/06/21,"74,534,422","1,763,619,874",23.80,23.85,23.60,23.60,-0.10,"13,295",
113/06/24,"24,036,185","563,388,466",23.60,23.60,23.35,23.40,-0.20,"15,496",
113/06/25,"25,759,715","600,069,050",23.45,23.50,23.25,23.30,-0.10,"13,925",
113/06/26,"42,913,247","992,829,404",23.30,23.30,23.05,23.05,-0.25,"29,404",
113/06/27,"24,672,956","569,197,473",23.00,23.15,23.00,23.05, 0.00,"13,319",
113/06/28,"20,548,725","475,039,770",23.05,23.20,23.05,23.10,+0.05,"8,378",
113/07/01,"15,622,404","360,720,431",23.15,23.15,23.05,23.05,-0.05,"8,245",
113/07/02,"27,973,665","643,883,314",23.05,23.10,23.00,23.00,-0.05,"15,442",
113/07/03,"18,676,791","430,901,111",23.05,23.15,23.00,23.10,+0.10,"8,926",
113/07/04,"22,618,528","529,251,270",23.20,23.50,23.15,23.50,+0.40,"9,027",
113/07/05,"13,207,464","310,415,260",23.55,23.60,23.40,23.55,+0.05,"6,181",
113/07/08,"17,707,252","414,898,471",23.55,23.55,23.35,23.50,-0.05,"7,356",
113/07/09,"18,521,309","430,661,277",23.40,23.45,23.20,23.20,-0.30,"9,595",
113/07/10,"30,856,148","711,443,486",23.10,23.15,23.00,23.05,-0.15,"16,226",
113/07/11,"20,316,860","468,217,184",23.05,23.10,23.00,23.05, 0.00,"11,524",
113/07/12,"20,580,801","476,156,262",23.00,23.30,23.00,23.10,+0.05,"8,061",
113/07/15,"16,525,258","384,585,408",23.15,23.40,23.15,23.40,+0.30,"6,812",
113/07/16,"19,946,317","462,766,732",23.40,23.40,23.10,23.10,-0.30,"8,845",
113/07/17,"13,537,040","315,529,185",23.15,23.35,23.15,23.35,+0.25,"6,473",
113/07/18,"28,665,145","672,935,658",23.45,23.60,23.30,23.50,+0.15,"9,928",
113/07/19,"23,006,377","534,801,707",23.45,23.50,23.10,23.35,-0.15,"9,661",
113/07/22,"26,656,885","615,581,558",23.25,23.30,23.00,23.10,-0.25,"10,016",
113/07/23,"15,919,457","368,668,567",23.10,23.25,23.10,23.15,+0.05,"5,681",
113/07/26,"36,383,643","832,601,448",23.05,23.05,22.80,22.90,+0.10,"16,738",
113/07/29,"13,869,620","317,609,380",23.00,23.00,22.85,22.90, 0.00,"6,706",
113/07/30,"18,738,558","430,896,988",22.95,23.10,22.90,23.10,+0.20,"7,617",
113/07/31,"17,731,681","409,985,110",23.10,23.20,22.95,23.20,+0.10,"5,495",
113/08/01,"14,824,029","343,591,321",23.20,23.30,23.10,23.15,-0.05,"6,191",
113/08/02,"25,597,092","587,321,530",23.10,23.10,22.85,23.00,-0.15,"11,165",
113/08/05,"53,512,535","1,178,360,761",22.70,22.75,21.60,21.95,-1.05,"27,634",
113/08/06,"45,704,377","997,307,556",21.95,22.15,21.35,22.10,+0.15,"17,343",
113/08/07,"19,936,779","443,582,344",22.00,22.40,22.00,22.30,+0.20,"7,957",
113/08/08,"16,782,823","370,682,085",22.00,22.25,21.95,22.10,-0.20,"6,670",
113/08/09,"36,853,367","825,261,774",22.20,22.60,22.20,22.30,+0.20,"8,447",
113/08/12,"15,479,716","346,080,302",22.30,22.60,22.25,22.25,-0.05,"6,125",
113/08/13,"15,025,493","332,799,628",22.30,22.30,22.05,22.10,-0.15,"6,375",
113/08/14,"47,213,442","1,079,683,425",22.40,23.20,22.35,22.70,+0.60,"16,721",
113/08/15,"32,278,068","725,325,750",23.00,23.10,22.25,22.30,-0.40,"15,644",
113/08/16,"28,400,117","633,058,917",22.50,22.50,22.20,22.30, 0.00,"13,680",
113/08/19,"30,939,564","681,768,231",22.30,22.30,22.00,22.00,-0.30,"15,937",
113/08/20,"17,686,883","388,373,097",22.05,22.05,21.90,21.95,-0.05,"9,638",
113/08/21,"14,053,712","309,125,988",22.00,22.10,21.90,21.95, 0.00,"6,268",
113/08/22,"18,417,358","410,094,128",22.05,22.45,22.00,22.30,+0.35,"6,512",
113/08/23,"8,370,630","185,391,061",22.20,22.25,22.05,22.15,-0.15,"5,033",
113/08/26,"10,788,138","240,397,122",22.20,22.35,22.15,22.35,+0.20,"4,642",
113/08/27,"12,321,185","274,929,858",22.25,22.40,22.15,22.40,+0.05,"4,967",
113/08/28,"11,119,546","248,184,651",22.40,22.45,22.25,22.35,-0.05,"4,538",
113/08/29,"10,019,587","223,188,813",22.35,22.35,22.20,22.30,-0.05,"4,535",
113/08/30,"34,158,544","761,315,659",22.30,22.45,22.25,22.25,-0.05,"6,004",
113/09/02,"9,909,856","219,832,492",22.35,22.40,22.10,22.10,-0.15,"5,169",
113/09/03,"20,871,291","458,219,395",22.15,22.15,21.90,21.90,-0.20,"10,465",
113/09/04,"44,537,477","942,679,107",21.40,21.50,21.00,21.20,-0.70,"24,644",
113/09/05,"20,325,105","429,026,734",21.20,21.25,21.05,21.10,-0.10,"10,871",
113/09/06,"21,362,435","447,225,197",21.10,21.10,20.75,21.05,-0.05,"11,071",
113/09/09,"26,175,690","537,154,932",20.60,20.70,20.35,20.55,-0.50,"13,939",
113/09/10,"18,130,439","370,496,559",20.55,20.60,20.40,20.40,-0.15,"10,873",
113/09/11,"26,944,252","544,108,428",20.40,20.40,20.10,20.20,-0.20,"14,556",
113/09/12,"20,209,879","414,419,714",20.30,20.70,20.25,20.65,+0.45,"8,518",
113/09/13,"17,074,125","357,845,717",20.65,21.10,20.60,21.05,+0.40,"7,424",
113/09/16,"20,619,298","441,626,175",21.10,21.60,21.00,21.40,+0.35,"9,113",
113/09/18,"20,055,667","432,064,040",21.40,21.65,21.35,21.60,+0.20,"10,464",
113/09/19,"20,558,079","437,281,194",21.30,21.40,21.10,21.30,-0.30,"8,884",
113/09/20,"75,849,274","1,609,257,657",21.30,21.55,21.15,21.15,-0.15,"8,945",
113/09/23,"18,223,237","387,050,598",21.20,21.35,21.10,21.25,+0.10,"5,917",
113/09/24,"19,416,238","410,998,549",21.15,21.35,21.00,21.30,+0.05,"8,131",
113/09/25,"39,871,895","867,574,430",21.50,21.90,21.50,21.85,+0.55,"12,317",
113/09/26,"19,141,563","417,539,677",21.95,21.95,21.70,21.75,-0.10,"7,087",
113/09/27,"99,589,936","2,268,759,515",21.95,23.45,21.85,23.10,+1.35,"33,409",
113/09/30,"82,827,032","1,934,465,067",23.45,23.80,23.05,23.15,+0.05,"26,459",
113/10/01,"28,730,641","668,025,978",23.50,23.50,23.05,23.35,+0.20,"10,538",
113/10/04,"75,454,876","1,789,905,624",23.80,23.90,23.60,23.70,+0.35,"18,295",
113/10/07,"44,770,424","1,062,547,115",23.70,23.80,23.60,23.80,+0.10,"12,277",
113/10/08,"49,913,591","1,183,860,139",23.70,23.95,23.60,23.70,-0.10,"10,755",
113/10/09,"42,777,033","986,293,652",23.70,23.80,22.70,22.70,-1.00,"23,190",
113/10/11,"11,193,045","255,398,178",22.85,23.00,22.70,22.70, 0.00,"5,484",
113/10/14,"17,254,368","387,025,176",22.80,22.80,22.25,22.35,-0.35,"9,124",
113/10/15,"21,237,543","473,685,300",22.40,22.45,22.10,22.35, 0.00,"7,664",
113/10/16,"26,134,516","584,227,643",22.40,22.65,22.15,22.15,-0.20,"9,046",
113/10/17,"18,814,308","423,062,008",22.20,22.65,22.20,22.45,+0.30,"5,471",
113/10/18,"25,826,375","589,781,851",22.60,23.00,22.45,22.95,+0.50,"8,888",
113/10/21,"19,725,939","448,301,144",23.20,23.20,22.60,22.60,-0.35,"8,689",
113/10/22,"16,531,563","369,962,354",22.60,22.60,22.30,22.40,-0.20,"8,419",
113/10/23,"9,392,372","209,991,151",22.40,22.55,22.30,22.30,-0.10,"4,723",
113/10/24,"9,199,797","204,723,884",22.25,22.40,22.10,22.25,-0.05,"4,267",
113/10/25,"9,590,081","215,516,187",22.30,22.55,22.30,22.55,+0.30,"4,092",
113/10/28,"12,101,634","273,950,552",22.55,22.80,22.40,22.75,+0.20,"5,298",
113/10/29,"15,248,709","342,948,992",22.70,22.70,22.35,22.60,-0.15,"6,765",
113/10/30,"13,078,091","293,888,032",22.60,22.65,22.35,22.50,-0.10,"3,915",
113/11/01,"30,942,614","696,655,804",22.30,22.85,22.15,22.70,+0.20,"8,874",
113/11/04,"12,056,591","273,605,314",22.55,22.80,22.50,22.70, 0.00,"4,791",
113/11/05,"15,873,228","362,115,144",22.70,22.90,22.70,22.90,+0.20,"5,601",
113/11/06,"19,935,841","457,645,360",22.85,23.10,22.65,23.10,+0.20,"6,648",
113/11/07,"27,953,534","651,458,321",23.15,23.60,23.10,23.15,+0.05,"10,127",
113/11/08,"20,734,627","482,953,972",23.25,23.40,23.10,23.25,+0.10,"9,510",
113/11/11,"17,238,881","397,115,388",23.20,23.20,22.80,23.20,-0.05,"9,196",
113/11/12,"33,845,413","758,426,878",22.75,22.80,22.30,22.30,-0.90,"15,328",
113/11/13,"16,208,845","362,301,334",22.20,22.50,22.15,22.45,+0.15,"5,493",
113/11/14,"14,872,731","330,334,099",22.35,22.40,22.10,22.25,-0.20,"6,239",
113/11/15,"20,638,791","457,975,832",22.20,22.45,22.05,22.05,-0.20,"7,737",
113/11/18,"17,878,955","400,042,340",22.15,22.55,22.05,22.45,+0.40,"6,321",
113/11/19,"13,724,422","306,535,099",22.35,22.50,22.25,22.35,-0.10,"5,897",
113/11/20,"13,951,434","310,824,624",22.30,22.40,22.10,22.30,-0.05,"5,577",
113/11/21,"11,631,195","257,115,666",22.15,22.20,22.05,22.05,-0.25,"5,652",
113/11/22,"7,605,004","168,612,164",22.20,22.30,22.10,22.10,+0.05,"3,606",
113/11/25,"31,054,212","692,292,096",22.40,22.55,22.15,22.30,+0.20,"5,781",
113/11/26,"8,425,476","186,800,617",22.20,22.35,22.10,22.10,-0.20,"4,070",
113/11/27,"20,080,959","440,274,138",22.10,22.15,21.75,21.75,-0.35,"11,147",
113/11/28,"12,948,299","280,481,402",21.85,21.90,21.50,21.75, 0.00,"6,308",
113/11/29,"24,531,691","522,809,244",21.55,21.55,21.20,21.20,-0.55,"11,377",
113/12/02,"15,083,506","320,293,877",21.20,21.45,21.20,21.20, 0.00,"7,473",
113/12/03,"15,310,646","327,904,666",21.30,21.55,21.25,21.55,+0.35,"6,389",
113/12/04,"13,579,616","292,378,716",21.55,21.65,21.40,21.65,+0.10,"5,694",
113/12/05,"13,081,564","278,886,331",21.65,21.65,21.20,21.20,-0.45,"7,283",
113/12/06,"11,785,394","249,973,638",21.35,21.35,21.10,21.15,-0.05,"5,922",
113/12/09,"16,212,465","341,470,212",21.10,21.20,21.00,21.00,-0.15,"7,584",
113/12/10,"14,652,047","308,715,969",21.05,21.30,21.00,21.00, 0.00,"5,827",
113/12/11,"20,768,554","432,029,960",21.00,21.00,20.65,20.80,-0.20,"10,672",
113/12/12,"23,334,577","481,484,333",20.80,20.85,20.50,20.50,-0.30,"11,878",
113/12/13,"23,998,590","486,333,556",20.50,20.50,20.20,20.25,-0.25,"11,075",
113/12/16,"32,950,030","661,796,068",20.25,20.30,20.00,20.25, 0.00,"14,761",
113/12/17,"22,916,601","459,301,965",20.15,20.15,20.00,20.00,-0.25,"9,436",
113/12/18,"19,955,986","400,215,292",20.00,20.15,20.00,20.05,+0.05,"8,337",
113/12/19,"20,484,664","408,638,652",20.00,20.05,19.80,19.95,-0.10,"12,029",
113/12/20,"29,604,279","588,676,841",19.90,19.95,19.80,19.90,-0.05,"12,005",
113/12/23,"18,208,344","363,712,179",19.95,20.10,19.90,20.00,+0.10,"8,262",
113/12/24,"14,439,950","288,924,096",20.05,20.15,19.95,19.95,-0.05,"7,224",
113/12/25,"12,916,610","257,887,826",20.00,20.05,19.90,19.95, 0.00,"6,580",
113/12/26,"11,002,444","220,311,664",20.00,20.10,19.95,20.00,+0.05,"4,733",
113/12/27,"12,481,252","249,050,945",20.00,20.00,19.90,20.00, 0.00,"5,567",
113/12/30,"14,977,560","298,119,792",20.00,20.00,19.85,19.85,-0.15,"7,916",
113/12/31,"20,805,980","408,638,120",19.80,19.85,19.55,19.65,-0.20,"12,000",
114/01/02,"30,378,568","585,075,449",19.60,19.60,19.15,19.25,-0.40,"17,090",
114/01/03,"27,101,517","517,072,941",19.25,19.25,19.00,19.00,-0.25,"15,599",
114/01/06,"29,238,621","560,804,735",19.00,19.45,18.90,19.30,+0.30,"12,756",
114/01/07,"32,352,817","615,401,234",19.25,19.25,18.95,18.95,-0.35,"17,540",
114/01/08,"28,241,881","530,869,388",18.95,19.00,18.70,18.90,-0.05,"15,676",
114/01/09,"27,003,676","504,212,689",18.85,18.85,18.60,18.60,-0.30,"15,920",
114/01/10,"33,520,579","615,765,042",18.55,18.60,18.25,18.30,-0.30,"15,755",
114/01/13,"48,332,042","870,962,615",18.25,18.25,17.85,18.10,-0.20,"19,430",
114/01/14,"28,218,194","517,592,614",18.10,18.50,18.10,18.35,+0.25,"10,606",
114/01/15,"37,068,360","697,213,679",18.35,19.05,18.35,18.70,+0.35,"14,013",
114/01/16,"24,876,285","470,868,545",19.00,19.05,18.80,18.90,+0.20,"8,366",
114/01/17,"53,776,928","1,045,825,855",19.10,19.75,19.05,19.55,+0.65,"19,878",
114/01/20,"27,232,505","530,415,508",19.60,19.65,19.30,19.55, 0.00,"9,597",
114/01/21,"44,996,448","903,260,384",19.70,20.30,19.60,20.10,+0.55,"16,463",
114/01/22,"26,750,653","538,422,467",20.30,20.35,20.00,20.15,+0.05,"11,806",
114/02/03,"31,118,855","622,726,790",19.95,20.25,19.80,20.00,-0.15,"12,552",
114/02/04,"22,961,907","453,497,742",20.15,20.15,19.60,19.60,-0.40,"10,694",
114/02/05,"18,616,294","368,240,574",19.80,20.00,19.60,19.60, 0.00,"7,515",
114/02/06,"12,828,932","255,328,124",19.90,20.00,19.70,19.90,+0.30,"5,080",
114/02/07,"13,310,340","261,841,623",19.90,19.90,19.55,19.65,-0.25,"7,187",
114/02/10,"36,254,580","727,786,493",19.65,20.30,19.65,20.05,+0.40,"14,573",
114/02/11,"23,497,814","469,460,001",20.15,20.20,19.80,19.90,-0.15,"8,894",
114/02/12,"18,589,980","373,355,347",20.00,20.20,19.90,20.10,+0.20,"6,724",
114/02/13,"120,177,322","2,568,400,954",20.20,22.10,20.10,21.90,+1.80,"44,973",
114/02/14,"253,873,876","5,791,576,949",22.00,23.50,21.70,23.25,+1.35,"79,438",
114/02/17,"92,131,837","2,117,507,737",23.40,23.45,22.60,22.85,-0.40,"33,765",
114/02/18,"54,862,821","1,230,548,472",22.65,22.75,22.20,22.40,-0.45,"27,837",
114/02/19,"36,727,240","825,490,406",22.45,22.80,22.35,22.35,-0.05,"13,247",
114/02/20,"38,165,462","868,648,801",22.60,23.10,22.55,22.65,+0.30,"13,421",
114/02/21,"41,318,713","944,938,316",22.80,23.10,22.65,23.00,+0.35,"14,403",
114/02/24,"50,197,231","1,159,290,166",22.95,23.40,22.75,23.20,+0.20,"16,056",
114/02/25,"112,923,974","2,663,755,019",23.10,23.90,23.00,23.90,+0.70,"31,417",
114/02/26,"60,977,700","1,448,522,972",23.95,24.00,23.60,23.80,-0.10,"19,680",
114/02/27,"120,171,446","2,905,453,499",23.90,24.35,23.80,24.35,+0.55,"33,648",
114/03/03,"77,384,598","1,842,489,852",23.60,24.10,23.35,24.00,-0.35,"27,866",
114/03/04,"53,253,946","1,253,073,057",23.75,23.80,23.30,23.60,-0.40,"20,301",
114/03/05,"59,777,275","1,432,007,376",23.60,24.20,23.45,24.10,+0.50,"21,156",
114/03/06,"74,807,763","1,816,768,274",24.20,24.60,24.00,24.25,+0.15,"25,046",
114/03/07,"35,985,075","872,584,323",24.15,24.50,24.00,24.25, 0.00,"12,916",
114/03/10,"91,963,434","2,266,474,749",24.35,24.90,24.20,24.70,+0.45,"31,274",
114/03/11,"58,566,887","1,417,210,281",24.45,24.55,23.85,24.30,-0.40,"22,017",
114/03/12,"39,161,631","942,263,958",24.40,24.60,23.85,24.15,-0.15,"15,287",
114/03/13,"36,073,810","857,020,662",24.15,24.15,23.55,23.70,-0.45,"15,494",
114/03/14,"43,882,740","1,061,724,451",23.80,24.30,23.75,24.30,+0.60,"15,219",
114/03/17,"25,307,198","608,894,531",24.20,24.25,23.90,24.10,-0.20,"10,075",
114/03/18,"23,786,106","574,177,861",24.15,24.25,24.00,24.15,+0.05,"7,308",
114/03/19,"25,554,793","614,715,816",24.00,24.20,23.90,24.10,-0.05,"8,978",
114/03/20,"40,574,135","984,250,502",24.30,24.35,24.05,24.35,+0.25,"10,235",
114/03/21,"66,994,196","1,598,829,767",24.35,24.35,23.60,23.80,-0.55,"13,879",
114/03/24,"24,470,845","581,656,369",23.80,23.95,23.60,23.70,-0.10,"7,502",
114/03/25,"38,119,227","887,459,964",23.90,23.95,23.05,23.10,-0.60,"14,696",
114/03/26,"28,303,667","653,030,007",23.10,23.35,22.85,23.20,+0.10,"11,823",
114/03/27,"19,104,914","445,077,546",23.10,23.45,23.00,23.45,+0.25,"7,140",
114/03/28,"29,608,047","682,285,854",23.55,23.55,22.80,23.00,-0.45,"11,475",
114/03/31,"34,614,540","781,113,769",22.65,22.95,22.40,22.40,-0.60,"12,438",
114/04/01,"21,468,340","491,197,295",22.50,23.10,22.50,22.95,+0.55,"8,346",
114/04/02,"18,803,897","428,703,062",23.00,23.05,22.65,22.85,-0.10,"6,868",
114/04/07,"14,067,068","289,784,674",20.60,20.60,20.60,20.60,-2.25,"9,637",
114/04/08,"62,571,960","1,282,566,522",21.10,21.10,20.10,20.45,-0.15,"21,870",
114/04/09,"94,847,793","1,834,049,049",19.90,20.10,18.80,19.00,-1.45,"36,081",
114/04/10,"14,896,609","311,338,769",20.90,20.90,20.90,20.90,+1.90,"5,424",
114/04/11,"51,928,593","1,061,812,178",20.80,20.80,20.25,20.45,-0.45,"15,985",
114/04/14,"40,232,225","851,491,176",20.90,21.60,20.80,21.15,+0.70,"14,479",
114/04/15,"14,982,100","320,581,851",21.20,21.50,21.20,21.35,+0.20,"6,700",
114/04/16,"23,594,035","492,641,691",21.05,21.20,20.65,20.90,-0.45,"14,350",
114/04/17,"14,305,922","295,226,783",20.90,20.90,20.50,20.50,-0.40,"7,845",
114/04/18,"12,897,683","263,372,763",20.55,20.60,20.30,20.40,-0.10,"6,440",
114/04/21,"15,444,538","309,971,018",20.40,20.40,20.00,20.00,-0.40,"7,246",
114/04/22,"12,936,051","259,936,612",19.95,20.30,19.80,20.20,+0.20,"5,322",
114/04/23,"14,498,705","297,824,934",20.40,20.65,20.30,20.65,+0.45,"5,640",
114/04/24,"10,830,627","222,407,321",20.60,20.70,20.45,20.50,-0.15,"4,856",
114/04/25,"16,622,631","339,633,929",20.55,20.70,20.30,20.30,-0.20,"8,823",
114/04/28,"15,375,590","314,362,944",20.40,20.65,20.30,20.45,+0.15,"5,979",
114/04/29,"17,178,993","352,786,179",20.50,20.70,20.25,20.65,+0.20,"6,476",
114/04/30,"15,354,413","315,393,115",20.45,20.65,20.40,20.65, 0.00,"5,375",
114/05/02,"11,930,039","246,043,783",20.65,20.70,20.45,20.70,+0.05,"4,701",
114/05/05,"33,291,137","703,965,684",20.90,21.35,20.85,21.15,+0.45,"12,145",
114/05/06,"48,246,768","1,060,390,455",21.50,22.25,21.45,21.90,+0.75,"15,055",
114/05/07,"22,987,467","500,831,015",21.95,22.10,21.50,21.55,-0.35,"10,127",
114/05/08,"18,804,620","401,277,325",21.55,21.60,21.25,21.25,-0.30,"6,701",
114/05/09,"21,045,671","445,196,634",21.20,21.40,20.90,21.30,+0.05,"8,947",
114/05/12,"14,199,934","303,691,425",21.40,21.55,21.25,21.35,+0.05,"6,090",
114/05/13,"17,971,677","383,162,425",21.45,21.50,21.15,21.40,+0.05,"6,905",
114/05/14,"15,623,192","334,718,135",21.50,21.55,21.30,21.50,+0.10,"6,846",
114/05/15,"24,281,668","514,503,985",21.40,21.45,21.00,21.30,-0.20,"9,280",
114/05/16,"20,241,576","425,487,002",21.00,21.10,20.95,21.00,-0.30,"8,751",
114/05/19,"25,901,143","545,648,923",21.00,21.25,20.85,21.10,+0.10,"9,399",
114/05/20,"27,322,287","586,834,727",21.20,21.65,21.15,21.65,+0.55,"8,730",
114/05/21,"36,495,461","769,666,118",21.55,21.55,20.95,21.05,-0.60,"14,108",
114/05/22,"33,790,373","697,506,492",21.05,21.05,20.40,20.45,-0.60,"14,831",
114/05/23,"38,337,027","776,354,875",20.50,20.55,20.05,20.30,-0.15,"12,887",
114/05/26,"24,557,341","495,409,173",20.30,20.45,20.05,20.20,-0.10,"10,866",
114/05/27,"21,785,290","438,353,089",20.10,20.35,20.00,20.00,-0.20,"9,957",
114/05/28,"26,576,248","532,270,586",20.20,20.25,19.95,20.05,+0.05,"11,516",
114/05/29,"76,493,045","1,515,445,324",20.15,20.15,19.75,19.75,-0.30,"18,765",
114/06/02,"46,970,119","901,325,999",19.70,19.70,19.05,19.20,-0.55,"20,856",
114/06/03,"20,758,980","400,790,708",19.20,19.50,19.20,19.25,+0.05,"9,140",
114/06/04,"26,676,035","515,352,470",19.35,19.50,19.20,19.20,-0.05,"10,156",
114/06/05,"15,076,702","293,467,663",19.30,19.65,19.20,19.40,+0.20,"6,987",
114/06/06,"16,040,409","313,867,446",19.45,19.65,19.40,19.55,+0.15,"7,196",
114/06/09,"16,072,373","312,175,526",19.75,19.75,19.25,19.35,-0.20,"8,587",
114/06/10,"20,639,313","401,328,754",19.40,19.60,19.35,19.40,+0.05,"6,987",
114/06/11,"15,220,144","295,612,383",19.45,19.50,19.30,19.50,+0.10,"5,781",
114/06/12,"14,744,033","286,446,050",19.50,19.60,19.35,19.45,-0.05,"5,567",
114/06/13,"26,124,756","501,292,921",19.25,19.30,19.05,19.20,-0.25,"11,417",
114/06/16,"15,262,764","292,665,194",19.20,19.25,19.00,19.20, 0.00,"6,466",
114/06/17,"13,858,507","265,304,325",19.20,19.30,19.10,19.10,-0.10,"6,471",
114/06/18,"16,612,135","318,123,369",19.10,19.25,19.10,19.10, 0.00,"7,876",
114/06/19,"26,110,809","495,317,935",19.10,19.20,18.90,18.95,-0.15,"12,495",
114/06/20,"43,765,803","819,119,548",18.95,19.00,18.60,18.65,-0.30,"16,853",
114/06/23,"24,610,125","452,564,654",18.50,18.55,18.25,18.45,-0.20,"12,059",
114/06/24,"19,168,347","361,712,033",18.70,18.95,18.65,18.90,+0.45,"6,910",
114/06/25,"16,909,546","318,332,048",19.00,19.05,18.75,18.75,-0.15,"7,643",
114/06/26,"23,759,048","450,453,526",18.85,19.10,18.80,19.00,+0.25,"8,129",
114/06/27,"18,374,682","350,294,090",19.00,19.20,19.00,19.10,+0.10,"6,300",
114/06/30,"17,184,001","323,316,828",18.95,19.00,18.75,18.80,-0.30,"6,861",
114/07/01,"18,315,728","348,118,004",18.80,19.15,18.75,19.00,+0.20,"6,551",
114/07/02,"14,174,210","266,298,229",18.75,18.90,18.70,18.80,-0.20,"6,551",
114/07/03,"31,110,202","599,029,002",18.85,19.40,18.85,19.40,+0.60,"10,124",
114/07/04,"12,865,826","248,524,804",19.50,19.60,19.20,19.25,-0.15,"5,731",
114/07/07,"14,653,487","278,057,160",19.25,19.25,18.85,19.00,-0.25,"6,790",
114/07/08,"21,737,857","408,250,175",18.95,18.95,18.65,18.80,-0.20,"8,682",
114/07/09,"17,969,957","338,521,800",18.80,18.95,18.70,18.90,+0.10,"6,491",
114/07/10,"13,205,016","248,925,877",18.80,18.95,18.75,18.95,+0.05,"5,808",
114/07/11,"14,431,591","271,956,917",18.95,18.95,18.80,18.80,-0.15,"5,863",
114/07/14,"14,148,916","266,830,811",18.80,18.95,18.75,18.85,+0.05,"4,897",
114/07/15,"22,518,830","424,135,017",18.80,18.95,18.75,18.90,+0.05,"5,892",
114/07/16,"15,521,575","292,516,210",18.80,18.95,18.75,18.80,-0.10,"6,556",
114/07/17,"22,215,529","425,169,029",18.85,19.25,18.85,19.25,+0.45,"7,256",
114/07/18,"17,349,042","331,926,211",19.30,19.35,19.00,19.00,-0.25,"7,164",
114/07/21,"14,793,985","283,905,950",19.05,19.30,19.05,19.20,+0.20,"5,756",
114/07/22,"21,751,556","420,293,719",19.25,19.55,19.15,19.25,+0.05,"7,291",
114/07/23,"53,102,884","1,049,006,213",19.40,20.00,19.35,20.00,+0.75,"17,904",
114/07/24,"20,149,600","395,626,950",19.75,19.80,19.45,19.65,X0.00,"7,000",
114/07/25,"19,916,900","393,703,102",19.65,20.00,19.55,19.65, 0.00,"5,988",
114/07/28,"22,130,143","429,781,135",19.65,19.70,19.25,19.40,-0.25,"7,515",
114/07/29,"14,948,596","289,355,290",19.40,19.60,19.20,19.20,-0.20,"5,722",
114/07/30,"27,013,062","530,522,496",19.35,19.80,19.25,19.80,+0.60,"8,852",
114/07/31,"23,758,072","464,021,627",19.90,19.90,19.35,19.45,-0.35,"6,852",
114/08/01,"25,232,330","485,283,970",19.30,19.40,19.15,19.25,-0.20,"9,313",
114/08/04,"19,973,621","379,195,870",19.15,19.20,18.75,19.15,-0.10,"7,494",
114/08/05,"14,082,537","270,223,907",19.15,19.35,19.10,19.25,+0.10,"5,094",
114/08/06,"14,389,836","276,961,230",19.30,19.35,19.15,19.20,-0.05,"4,998",
114/08/07,"13,052,690","251,383,652",19.25,19.35,19.20,19.20, 0.00,"4,643",
114/08/08,"15,971,268","306,523,863",19.20,19.35,19.10,19.15,-0.05,"5,885",
114/08/11,"18,728,321","360,755,846",19.15,19.40,19.05,19.35,+0.20,"6,131",
114/08/12,"20,436,238","398,560,428",19.35,19.60,19.35,19.50,+0.15,"5,839",
114/08/13,"40,149,423","787,384,006",19.55,19.80,19.45,19.65,+0.15,"10,133",
114/08/14,"27,777,279","549,102,877",19.70,19.85,19.60,19.85,+0.20,"7,188",
114/08/15,"66,102,150","1,338,392,712",20.00,20.60,19.80,20.50,+0.65,"20,733",
114/08/18,"38,340,388","783,057,657",20.50,20.65,20.20,20.40,-0.10,"11,731",
114/08/19,"23,386,839","472,364,769",20.30,20.40,20.05,20.20,-0.20,"8,215",
114/08/20,"28,303,543","567,157,327",20.15,20.20,19.85,20.15,-0.05,"9,789",
114/08/21,"23,921,872","488,788,897",20.30,20.60,20.25,20.35,+0.20,"7,739",
114/08/22,"19,610,688","395,691,205",20.35,20.35,20.05,20.15,-0.20,"6,185",
114/08/25,"24,156,917","493,442,417",20.30,20.60,20.25,20.40,+0.25,"8,057",
114/08/26,"54,873,189","1,103,953,080",20.30,20.40,20.00,20.10,-0.30,"8,291",
114/08/27,"32,125,185","657,043,630",20.25,20.65,20.25,20.30,+0.20,"9,535",
114/08/28,"20,766,777","419,712,244",20.30,20.35,20.10,20.15,-0.15,"7,082",
114/08/29,"27,042,680","548,189,226",20.35,20.55,20.05,20.10,-0.05,"8,065",
114/09/01,"25,581,160","510,036,249",20.10,20.10,19.80,19.95,-0.15,"9,926",
114/09/02,"17,668,435","349,911,306",20.00,20.00,19.70,19.75,-0.20,"7,637",
114/09/03,"43,372,023","851,537,798",19.75,20.00,19.40,19.70,-0.05,"13,693",
114/09/04,"73,534,819","1,472,051,767",20.25,20.65,19.70,19.85,+0.15,"21,116",
114/09/05,"34,348,117","673,903,658",19.90,20.00,19.50,19.55,-0.30,"12,821",
114/09/08,"23,049,873","450,095,801",19.55,19.70,19.40,19.55, 0.00,"8,264",
114/09/09,"25,191,006","491,655,639",19.60,19.70,19.40,19.50,-0.05,"7,999",
114/09/10,"27,796,625","541,074,979",19.50,19.60,19.30,19.45,-0.05,"9,466",
114/09/11,"37,113,376","715,767,620",19.45,19.50,19.15,19.15,-0.30,"14,546",
114/09/12,"20,665,965","400,181,917",19.25,19.45,19.25,19.35,+0.20,"6,595",
114/09/15,"20,410,046","394,107,859",19.35,19.50,19.20,19.25,-0.10,"7,202",
114/09/16,"18,840,268","362,324,535",19.25,19.35,19.20,19.20,-0.05,"7,007",
114/09/17,"25,765,468","497,119,809",19.20,19.50,19.20,19.20, 0.00,"7,673",
114/09/18,"25,566,451","496,587,588",19.40,19.55,19.35,19.35,+0.15,"7,775",
114/09/19,"31,801,375","616,498,280",19.40,19.45,19.25,19.40,+0.05,"7,073",
114/09/22,"19,147,946","372,090,116",19.45,19.50,19.35,19.45,+0.05,"6,107",
114/09/23,"21,143,800","412,677,895",19.55,19.70,19.45,19.45, 0.00,"6,680",
114/09/24,"14,126,037","273,831,428",19.40,19.50,19.30,19.35,-0.10,"5,154",
114/09/25,"36,055,478","708,756,466",19.40,19.90,19.35,19.65,+0.30,"9,576",
114/09/26,"16,315,223","318,497,596",19.70,19.70,19.45,19.55,-0.10,"6,621",
114/09/30,"25,383,401","495,439,747",19.60,19.75,19.40,19.40,-0.15,"6,887",
114/10/01,"17,307,140","335,084,985",19.50,19.50,19.30,19.30,-0.10,"6,064",
114/10/02,"26,867,907","517,242,751",19.40,19.40,19.20,19.20,-0.10,"9,119",
114/10/03,"28,341,416","540,182,107",19.20,19.25,19.00,19.00,-0.20,"11,206",
114/10/07,"31,936,866","606,038,397",19.00,19.10,18.90,18.95,-0.05,"13,230",
114/10/08,"20,312,316","384,972,323",19.00,19.05,18.90,19.00,+0.05,"10,301",
114/10/09,"28,908,915","549,003,085",19.05,19.10,18.90,19.00, 0.00,"10,038",
114/10/13,"36,803,467","689,677,469",18.80,19.00,18.50,19.00, 0.00,"14,713",
114/10/14,"35,961,529","680,503,628",19.00,19.05,18.85,18.85,-0.15,"13,145",
114/10/15,"28,125,288","527,600,542",18.90,19.00,18.70,18.70,-0.15,"13,718",
114/10/16,"14,791,589","278,955,138",18.75,18.95,18.75,18.80,+0.10,"6,370",
114/10/17,"28,677,661","547,652,543",18.85,19.30,18.80,19.05,+0.25,"8,548",
114/10/20,"19,458,848","368,302,244",19.10,19.10,18.85,18.90,-0.15,"8,705",
114/10/21,"25,707,367","484,285,947",19.05,19.10,18.75,18.75,-0.15,"10,868",
114/10/22,"13,189,671","247,988,347",18.80,18.90,18.70,18.80,+0.05,"5,825",
114/10/23,"11,986,557","226,163,474",18.80,18.95,18.70,18.90,+0.10,"4,978",
114/10/27,"19,528,691","369,704,372",18.95,19.10,18.85,18.95,+0.05,"7,373",
114/10/28,"20,286,094","384,252,571",19.00,19.10,18.85,18.95, 0.00,"7,044",
114/10/29,"19,031,654","357,538,160",18.95,18.95,18.70,18.75,-0.20,"9,883",
114/10/30,"16,995,678","318,835,763",18.85,18.90,18.70,18.75, 0.00,"7,275",
114/10/31,"23,939,894","445,854,841",18.75,18.75,18.60,18.60,-0.15,"11,522",
114/11/03,"30,331,295","557,202,719",18.55,18.60,18.30,18.35,-0.25,"14,475",
114/11/04,"36,004,463","655,980,808",18.35,18.45,18.15,18.15,-0.20,"15,956",
114/11/05,"30,945,347","558,311,761",18.05,18.15,17.90,18.10,-0.05,"11,703",
114/11/06,"24,008,764","438,161,098",18.25,18.35,18.15,18.25,+0.15,"8,242",
114/11/07,"19,445,212","354,778,418",18.25,18.35,18.20,18.20,-0.05,"7,335",
114/11/10,"23,716,055","430,610,520",18.25,18.30,18.10,18.15,-0.05,"8,723",
114/11/11,"20,981,804","381,344,448",18.20,18.30,18.10,18.15, 0.00,"7,681",
114/11/12,"23,377,417","424,873,861",18.20,18.25,18.10,18.15, 0.00,"8,095",
114/11/13,"30,001,530","542,762,840",18.15,18.25,18.05,18.05,-0.10,"12,397",
114/11/14,"29,812,766","536,706,364",18.00,18.10,17.85,18.00,-0.05,"12,233",
114/11/17,"33,088,985","593,527,166",18.05,18.15,17.90,17.95,-0.05,"12,983",
114/11/18,"30,165,145","535,413,781",17.85,17.85,17.60,17.75,-0.20,"14,837",
114/11/19,"26,447,815","467,581,010",17.85,17.85,17.65,17.70,-0.05,"13,336",
114/11/20,"21,732,400","385,183,224",17.70,17.85,17.60,17.75,+0.05,"10,001",
114/11/21,"30,308,652","536,795,375",17.75,17.90,17.65,17.65,-0.10,"12,434",
114/11/24,"59,303,070","1,065,633,753",17.70,18.05,17.70,18.05,+0.40,"11,121",
114/11/25,"23,582,662","421,676,243",18.00,18.10,17.80,17.80,-0.25,"10,007",
114/11/26,"30,542,902","554,883,691",18.00,18.35,18.00,18.15,+0.35,"10,218",
114/11/27,"17,631,184","320,111,799",18.10,18.25,18.05,18.20,+0.05,"7,864",
114/11/28,"20,627,809","376,607,334",18.20,18.35,18.10,18.25,+0.05,"5,947",
114/12/01,"34,932,825","649,755,177",18.25,18.80,18.25,18.60,+0.35,"11,471",
114/12/02,"27,585,460","517,762,162",18.55,18.85,18.50,18.85,+0.25,"9,568",
114/12/03,"42,447,647","803,100,771",18.85,19.05,18.70,19.05,+0.20,"11,866",
114/12/04,"22,240,224","419,969,657",19.05,19.05,18.75,18.90,-0.15,"9,465",
114/12/05,"16,831,451","314,350,373",18.80,18.85,18.60,18.70,-0.20,"6,451",
114/12/08,"20,504,149","380,931,850",18.60,18.70,18.45,18.60,-0.10,"8,764",
114/12/09,"15,288,666","282,332,520",18.55,18.60,18.40,18.45,-0.15,"6,330",
114/12/10,"14,113,999","258,965,476",18.40,18.45,18.30,18.30,-0.15,"6,647",
114/12/11,"22,324,807","408,313,140",18.45,18.45,18.20,18.35,+0.05,"7,539",
114/12/12,"27,705,052","517,643,482",18.45,18.80,18.45,18.75,+0.40,"9,560",
114/12/15,"52,464,268","996,856,198",18.90,19.15,18.75,18.95,+0.20,"18,981",
114/12/16,"34,791,127","647,280,135",18.70,18.75,18.50,18.55,-0.40,"12,497",
114/12/17,"27,909,107","515,618,493",18.55,18.65,18.40,18.40,-0.15,"11,562",
114/12/18,"23,782,271","434,965,814",18.40,18.50,18.20,18.25,-0.15,"11,568",
114/12/19,"48,984,890","913,805,786",18.35,18.85,18.30,18.85,+0.60,"9,303",
114/12/22,"25,838,549","481,953,848",18.75,18.80,18.50,18.80,-0.05,"9,441",
114/12/23,"17,108,681","318,890,076",18.80,18.80,18.60,18.60,-0.20,"8,283",
114/12/24,"12,109,757","225,600,343",18.60,18.75,18.55,18.55,-0.05,"4,988",
114/12/26,"18,595,368","349,183,379",18.60,18.85,18.60,18.85,+0.30,"7,250",
114/12/29,"60,243,510","1,157,339,644",18.90,19.40,18.90,19.10,+0.25,"19,867",
114/12/30,"46,365,584","893,603,015",19.15,19.40,19.05,19.25,+0.15,"15,458",
114/12/31,"24,063,141","459,449,579",19.30,19.35,19.00,19.00,-0.25,"9,457",
115/01/02,"34,913,742","656,631,683",19.00,19.05,18.70,18.75,-0.25,"12,949",
115/01/05,"37,619,279","702,653,698",18.80,18.90,18.55,18.60,-0.15,"14,973",
115/01/06,"35,377,879","657,191,518",18.70,18.90,18.45,18.50,-0.10,"12,048",
115/01/07,"101,684,058","1,947,995,426",18.65,19.45,18.60,19.45,+0.95,"27,970",
115/01/08,"66,522,178","1,289,493,896",19.70,19.80,19.10,19.15,-0.30,"23,449",
115/01/09,"37,821,812","718,146,869",19.15,19.20,18.90,19.00,-0.15,"12,609",
115/01/12,"78,551,494","1,532,028,521",19.00,19.80,18.95,19.55,+0.55,"22,471",
115/01/13,"49,327,083","963,179,169",19.75,19.80,19.35,19.45,-0.10,"16,589",
115/01/14,"32,319,099","627,477,673",19.50,19.65,19.35,19.40,-0.05,"13,220",
115/01/15,"52,937,751","1,032,653,713",19.50,19.75,19.35,19.45,+0.05,"15,976",
115/01/16,"35,619,206","687,956,862",19.55,19.55,19.20,19.25,-0.20,"15,141",
115/01/19,"76,962,008","1,502,517,582",19.25,19.70,19.05,19.65,+0.40,"21,074",
115/01/20,"60,139,762","1,158,942,791",19.65,19.65,19.15,19.15,-0.50,"21,633",
115/01/21,"45,828,256","869,858,922",19.10,19.15,18.90,18.95,-0.20,"17,910",
115/01/22,"26,848,265","510,660,045",19.15,19.25,18.90,19.00,+0.05,"10,470",
115/01/23,"31,336,983","598,733,844",19.10,19.25,18.95,19.15,+0.15,"9,268",
115/01/26,"84,072,223","1,640,638,954",19.20,19.70,19.15,19.65,+0.50,"22,379",
115/01/27,"55,309,475","1,080,161,142",19.75,19.95,19.35,19.35,-0.30,"16,511",
115/01/28,"50,011,925","972,943,697",19.35,19.60,19.25,19.60,+0.25,"18,032",
115/01/29,"252,713,280","5,230,386,940",19.85,21.35,19.80,20.70,+1.10,"69,458",
115/01/30,"236,123,663","4,953,077,734",20.80,21.55,20.35,20.75,+0.05,"66,244",
115/02/02,"192,450,174","4,078,771,548",21.05,21.60,20.80,21.10,+0.35,"48,592",
115/02/03,"101,402,876","2,123,888,902",21.40,21.40,20.60,20.65,-0.45,"30,048",
115/02/04,"87,524,982","1,830,266,041",20.65,21.25,20.15,20.95,+0.30,"20,924",
115/02/05,"45,958,882","961,660,180",21.15,21.30,20.80,20.95, 0.00,"12,092",
115/02/06,"52,135,532","1,062,843,880",20.80,20.80,20.25,20.40,-0.55,"17,123",
115/02/09,"37,219,118","756,461,137",20.60,20.60,20.20,20.35,-0.05,"12,517",
115/02/10,"22,843,383","466,809,618",20.45,20.50,20.25,20.50,+0.15,"8,245",
115/02/11,"59,286,404","1,237,444,083",20.60,21.10,20.60,20.90,+0.40,"19,688",
115/02/23,"63,018,582","1,292,615,686",20.75,20.80,20.35,20.45,-0.45,"19,860",
115/02/24,"59,288,807","1,220,937,979",20.60,20.75,20.45,20.70,+0.25,"15,741",
115/02/25,"100,937,430","2,119,549,406",20.70,21.25,20.50,21.25,+0.55,"30,186",
115/02/26,"78,353,095","1,626,268,275",21.25,21.25,20.60,20.75,-0.50,"22,760",
115/03/02,"60,300,240","1,223,716,134",20.40,20.60,20.15,20.25,-0.50,"23,086",
115/03/03,"51,448,686","1,032,210,551",20.10,20.40,19.90,20.05,-0.20,"17,313",
115/03/04,"72,826,233","1,407,534,357",19.80,19.80,19.10,19.20,-0.85,"29,588",
115/03/05,"42,848,353","829,741,073",19.60,19.60,19.20,19.30,+0.10,"16,852",
115/03/06,"34,595,686","679,618,864",19.10,19.90,19.10,19.90,+0.60,"13,247",
115/03/09,"63,581,338","1,213,339,314",19.15,19.30,18.80,19.15,-0.75,"24,718",
115/03/10,"27,186,409","523,176,731",19.40,19.40,19.15,19.20,+0.05,"11,534",
115/03/11,"32,462,569","633,165,002",19.25,19.65,19.20,19.50,+0.30,"12,707",
115/03/12,"39,253,278","759,866,613",19.30,19.50,19.25,19.35,-0.15,"15,428",
115/03/13,"37,371,335","714,620,367",19.30,19.30,19.05,19.10,-0.25,"18,118",
115/03/16,"34,663,112","664,360,462",19.20,19.35,19.05,19.15,+0.05,"17,393",
115/03/17,"26,521,663","510,850,467",19.25,19.40,19.15,19.25,+0.10,"12,634",
115/03/18,"38,922,831","756,623,950",19.40,19.65,19.30,19.30,+0.05,"16,322",
115/03/19,"106,377,004","2,008,050,462",19.00,19.05,18.80,18.80,-0.50,"38,713",
115/03/20,"103,794,732","2,023,444,632",19.10,19.80,19.05,19.45,+0.65,"24,407",
115/03/23,"79,823,450","1,549,466,198",19.80,19.85,19.05,19.05,-0.40,"33,736",
115/03/24,"32,030,731","616,989,753",19.35,19.45,19.10,19.20,+0.15,"10,162",
115/03/25,"33,739,623","652,848,179",19.50,19.55,19.25,19.30,+0.10,"9,730",
115/03/26,"72,875,137","1,437,932,332",19.45,19.95,19.35,19.75,+0.45,"23,172",
115/03/27,"25,813,963","507,145,423",19.75,19.85,19.50,19.60,-0.15,"9,709",
115/03/30,"65,473,196","1,259,444,333",19.25,19.55,19.10,19.15,-0.45,"22,365",
115/03/31,"72,974,061","1,390,868,705",19.00,19.40,18.85,18.90,-0.25,"18,972",
115/04/01,"40,566,754","784,384,471",19.25,19.50,19.10,19.50,+0.60,"13,977",
115/04/02,"28,468,476","554,681,251",19.60,19.60,19.35,19.50, 0.00,"11,167",
115/04/07,"31,431,951","614,541,636",19.50,19.75,19.40,19.50, 0.00,"9,551",
115/04/08,"47,760,443","947,712,717",19.80,19.95,19.55,19.95,+0.45,"16,508",
115/04/09,"59,320,306","1,193,288,861",20.00,20.20,19.95,20.20,+0.25,"20,365",
115/04/10,"45,397,376","919,028,237",20.30,20.55,19.95,20.05,-0.15,"15,408",
115/04/13,"28,986,249","582,193,660",20.05,20.20,19.85,20.20,+0.15,"9,830",
115/04/14,"50,312,489","1,026,483,113",20.20,20.50,20.10,20.50,+0.30,"18,133",
115/04/15,"41,024,349","827,620,911",20.50,20.55,20.05,20.10,-0.40,"14,277",
115/04/16,"46,230,149","924,795,926",20.25,20.25,19.85,19.95,-0.15,"13,719",
115/04/17,"26,198,191","524,920,517",20.05,20.15,19.95,20.10,+0.15,"9,067",
115/04/20,"30,077,882","599,759,542",20.15,20.25,19.85,19.85,-0.25,"10,621",
115/04/21,"24,046,561","475,538,409",19.90,19.90,19.70,19.75,-0.10,"9,615",
115/04/22,"31,504,597","617,025,011",19.75,19.90,19.50,19.55,-0.20,"12,879",
115/04/23,"67,365,176","1,290,077,675",19.40,19.45,19.00,19.15,-0.40,"23,065",
115/04/24,"44,297,648","841,446,440",19.15,19.15,18.90,19.00,-0.15,"15,858",
115/04/27,"62,381,780","1,172,065,986",18.80,18.90,18.70,18.75,-0.25,"22,241",
115/04/28,"51,436,294","964,852,917",18.75,18.90,18.70,18.75, 0.00,"16,010",
115/04/29,"45,039,230","851,228,641",18.75,19.05,18.70,19.00,+0.25,"12,420",
115/04/30,"40,997,251","769,966,990",18.90,18.95,18.70,18.75,-0.25,"13,646",
115/05/04,"46,067,008","860,464,612",18.80,18.85,18.60,18.60,-0.15,"17,695",
115/05/05,"35,494,297","658,682,930",18.60,18.70,18.45,18.60, 0.00,"13,183",
115/05/06,"58,218,566","1,087,084,542",18.60,18.95,18.50,18.80,+0.20,"17,009",
115/05/07,"50,917,229","955,765,084",18.80,18.95,18.65,18.85,+0.05,"17,029",
115/05/08,"37,205,235","694,657,964",18.85,18.85,18.60,18.75,-0.10,"14,707",
115/05/11,"49,013,720","913,500,424",18.85,18.85,18.55,18.60,-0.15,"17,259",
115/05/12,"46,640,683","865,317,917",18.80,18.80,18.50,18.50,-0.10,"17,423",
115/05/13,"41,687,479","765,783,793",18.50,18.55,18.30,18.40,-0.10,"13,953",
115/05/14,"36,358,341","667,063,222",18.50,18.50,18.30,18.30,-0.10,"16,484",
115/05/15,"37,246,255","678,314,068",18.30,18.30,18.15,18.15,-0.15,"17,316",
115/05/18,"31,852,704","578,385,237",18.15,18.30,18.05,18.20,+0.05,"11,573",
115/05/19,"33,372,479","609,117,393",18.35,18.45,18.10,18.20, 0.00,"11,717",
115/05/20,"28,371,293","514,185,173",18.25,18.25,18.05,18.10,-0.10,"11,959",
115/05/21,"30,241,493","550,173,944",18.30,18.30,18.10,18.20,+0.10,"11,573",
115/05/22,"33,263,080","603,860,544",18.25,18.25,18.10,18.15,-0.05,"14,750",
