日期,成交股數,成交金額,開盤價,最高價,最低價,收盤價,漲跌價差,成交筆數,註記
109/01/02,"8,125,141","893,625,010",110.50,110.50,109.50,109.50,-0.50,"4,381",
109/01/03,"7,416,848","815,942,140",110.00,110.50,109.50,110.50,+1.00,"3,749",
109/01/06,"5,303,895","584,685,334",110.50,110.50,110.00,110.00,-0.50,"3,455",
109/01/07,"14,171,476","1,548,507,360",110.00,110.00,108.50,109.50,-0.50,"4,984",
109/01/08,"9,437,253","1,033,219,156",109.50,110.00,109.00,109.00,-0.50,"4,282",
109/01/09,"7,520,338","824,788,180",109.50,110.00,109.00,109.50,+0.50,"3,306",
109/01/10,"5,737,892","628,623,120",109.50,110.00,109.00,109.50, 0.00,"2,447",
109/01/13,"14,512,141","1,586,617,010",109.50,110.00,108.50,110.00,+0.50,"5,056",
109/01/14,"11,104,620","1,214,396,700",109.50,110.00,108.50,109.50,-0.50,"3,394",
109/01/15,"12,586,074","1,371,458,056",109.00,109.50,108.50,109.00,-0.50,"3,990",
109/01/16,"9,307,953","1,015,946,788",109.00,109.50,108.50,109.50,+0.50,"3,843",
109/01/17,"8,286,953","905,833,314",109.50,110.00,109.00,109.50, 0.00,"4,534",
109/01/20,"7,200,798","788,526,780",109.50,110.00,109.00,109.50, 0.00,"3,640",
109/01/30,"17,655,824","1,911,198,316",108.50,109.00,108.00,108.50,-1.00,"8,598",
109/01/31,"15,411,293","1,665,544,879",107.50,109.00,107.50,108.00,-0.50,"4,871",
109/02/03,"12,973,281","1,397,347,629",107.50,108.00,107.00,108.00, 0.00,"4,187",
109/02/04,"13,601,163","1,468,086,658",107.50,108.50,107.00,108.00, 0.00,"3,820",
109/02/05,"7,127,971","770,713,796",108.00,108.50,108.00,108.00, 0.00,"3,972",
109/02/06,"5,967,464","648,023,076",108.50,109.00,108.50,108.50,+0.50,"3,177",
109/02/07,"7,526,636","818,778,824",109.00,109.00,108.50,109.00,+0.50,"3,456",
109/02/10,"6,295,322","683,774,098",109.00,109.00,108.00,109.00, 0.00,"1,938",
109/02/11,"3,888,202","423,045,518",109.00,109.50,108.50,108.50,-0.50,"2,328",
109/02/12,"6,959,768","756,506,712",109.00,109.00,108.50,108.50, 0.00,"3,995",
109/02/13,"5,627,386","613,788,715",109.00,109.50,108.50,109.50,+1.00,"2,219",
109/02/14,"3,179,443","347,651,480",109.50,109.50,109.00,109.00,-0.50,"1,629",
109/02/17,"4,673,114","511,748,540",109.00,110.00,109.00,110.00,+1.00,"2,587",
109/02/18,"2,812,057","308,516,270",109.50,110.00,109.50,109.50,-0.50,"1,511",
109/02/19,"4,873,771","535,965,810",110.00,110.50,109.50,110.00,+0.50,"2,980",
109/02/20,"6,727,345","738,687,950",110.00,110.50,109.50,109.50,-0.50,"2,391",
109/02/21,"4,980,603","546,017,984",109.50,110.00,109.50,109.50, 0.00,"2,503",
109/02/24,"7,465,889","813,186,401",109.50,109.50,108.50,108.50,-1.00,"3,528",
109/02/25,"5,278,040","572,515,860",108.50,109.00,108.00,108.50, 0.00,"2,789",
109/02/26,"6,856,707","742,485,172",108.00,109.00,108.00,108.00,-0.50,"2,980",
109/02/27,"8,037,695","869,523,873",108.00,108.50,108.00,108.00, 0.00,"3,419",
109/03/02,"11,114,123","1,198,189,784",107.50,108.00,107.00,108.00,0.00,"5,404",
109/03/03,"7,103,100","768,666,801",108.00,109.00,108.00,108.00,0.00,"3,841",
109/03/04,"4,698,670","510,727,030",108.50,109.00,108.00,109.00,1.00,"2,270",
109/03/05,"6,645,546","729,312,060",109.50,110.00,109.00,110.00,1.00,"3,373",
109/03/06,"7,553,751","822,981,359",109.50,110.00,108.50,108.50,-1.50,"3,564",
109/03/09,"9,024,036","972,349,388",108.00,108.00,107.50,107.50,-1.00,"5,297",
109/03/10,"10,880,267","1,171,306,836",107.00,108.50,107.00,107.50,0.00,"5,150",
109/03/11,"9,091,040","980,907,272",108.00,108.50,107.50,108.50,1.00,"4,928",
109/03/12,"16,766,527","1,803,569,093",108.00,108.50,107.00,107.50,-1.00,"8,050",
109/03/13,"34,147,652","3,571,200,112",106.50,107.00,103.00,106.00,-1.50,"15,490",
109/03/16,"16,463,671","1,734,459,698",106.50,107.00,105.00,105.00,-1.00,"7,028",
109/03/17,"22,133,575","2,333,180,950",104.00,107.00,103.50,107.00,2.00,"9,644",
109/03/18,"17,985,225","1,907,565,380",107.00,107.00,105.00,106.50,-0.50,"6,317",
109/03/19,"24,486,593","2,551,305,384",104.00,106.00,103.50,105.50,-1.00,"9,548",
109/03/20,"24,679,658","2,611,256,248",106.00,106.50,104.50,106.50,1.00,"7,872",
109/03/23,"14,916,932","1,574,636,251",105.00,106.00,104.50,105.50,-1.00,"4,646",
109/03/24,"16,253,605","1,741,902,630",106.50,108.00,106.00,107.00,1.50,"7,409",
109/03/25,"9,847,227","1,060,759,834",107.00,108.50,107.00,108.00,1.00,"4,160",
109/03/26,"6,411,652","691,459,040",108.00,109.00,107.50,107.50,-0.50,"2,796",
109/03/27,"7,273,843","781,080,588",108.00,108.00,107.00,107.50,0.00,"3,410",
109/03/30,"6,517,201","694,513,507",106.50,107.00,106.00,106.50,-1.00,"2,435",
109/03/31,"8,431,751","903,221,857",107.00,107.50,106.50,107.50,1.00,"2,352",
109/04/01,"11,966,862","1,286,213,122",107.50,108.00,107.00,107.00,-0.50,"3,597",
109/04/06,"7,513,316","809,690,978",108.00,108.00,107.00,108.00,+1.00,"3,018",
109/04/07,"8,796,428","945,382,724",108.00,108.00,107.00,107.50,-0.50,"3,269",
109/04/08,"5,668,113","610,659,204",107.50,108.00,107.00,108.00,+0.50,"2,174",
109/04/09,"5,748,576","616,490,394",107.50,107.50,107.00,107.00,-1.00,"2,348",
109/04/10,"9,457,688","1,018,995,804",107.50,108.00,107.00,108.00,+1.00,"3,195",
109/04/13,"6,173,698","666,532,884",108.00,108.50,107.50,108.00, 0.00,"2,047",
109/04/14,"8,416,559","912,759,104",108.50,108.50,108.00,108.50,+0.50,"3,483",
109/04/15,"11,627,585","1,261,873,765",109.00,109.00,108.00,109.00,+0.50,"4,074",
109/04/16,"8,541,891","923,756,127",108.50,109.00,108.00,108.00,-1.00,"3,973",
109/04/17,"6,409,933","695,968,182",108.50,109.00,108.00,108.50,+0.50,"3,363",
109/04/20,"7,909,536","861,764,924",108.50,109.50,108.50,109.00,+0.50,"3,415",
109/04/21,"9,206,783","998,301,905",109.00,109.50,108.00,108.50,-0.50,"3,840",
109/04/22,"6,687,437","724,222,895",108.00,109.00,107.50,109.00,+0.50,"2,147",
109/04/23,"6,629,422","718,806,998",108.50,109.00,108.00,109.00, 0.00,"2,145",
109/04/24,"4,632,768","502,790,312",109.00,109.00,108.00,108.50,-0.50,"1,818",
109/04/27,"5,408,436","591,179,024",109.00,109.50,109.00,109.50,+1.00,"2,270",
109/04/28,"5,086,238","556,214,029",109.50,109.50,109.00,109.50, 0.00,"2,772",
109/04/29,"6,578,610","722,236,766",109.50,110.00,109.00,110.00,+0.50,"3,923",
109/04/30,"8,916,427","978,232,213",110.00,110.00,109.50,109.50,-0.50,"4,742",
109/05/04,"8,679,779","940,528,757",108.00,109.00,108.00,109.00,-0.50,"3,870",
109/05/05,"4,527,838","494,758,218",109.00,109.50,109.00,109.00, 0.00,"2,936",
109/05/06,"6,254,989","684,008,222",109.50,109.50,109.00,109.50,+0.50,"3,145",
109/05/07,"5,621,611","614,503,374",109.50,110.00,109.00,109.00,-0.50,"3,004",
109/05/08,"21,851,610","2,410,267,100",110.00,111.50,109.50,110.00,+1.00,"3,843",
109/05/11,"5,093,599","561,392,390",110.50,111.00,110.00,110.00, 0.00,"2,786",
109/05/12,"4,715,049","518,373,890",110.00,110.50,109.50,110.00, 0.00,"2,415",
109/05/13,"4,542,908","499,393,380",110.00,110.50,109.50,110.00, 0.00,"1,821",
109/05/14,"3,616,369","397,045,090",110.00,110.00,109.50,110.00, 0.00,"1,758",
109/05/15,"5,178,243","568,691,730",110.00,110.50,109.50,109.50,-0.50,"2,056",
109/05/18,"8,188,535","902,769,045",109.50,111.00,109.50,110.50,+1.00,"3,255",
109/05/19,"7,118,181","789,793,091",111.50,111.50,110.50,111.00,+0.50,"2,603",
109/05/20,"5,522,356","614,697,016",111.00,111.50,111.00,111.50,+0.50,"2,883",
109/05/21,"5,396,999","600,133,389",111.50,111.50,110.50,111.50, 0.00,"2,675",
109/05/22,"11,160,959","1,243,492,449",111.00,112.00,110.50,111.00,-0.50,"2,452",
109/05/25,"4,554,250","504,404,250",111.50,111.50,110.50,110.50,-0.50,"1,666",
109/05/26,"4,452,308","493,889,688",111.00,111.50,110.50,111.00,+0.50,"1,821",
109/05/27,"7,453,560","822,519,600",111.00,111.00,110.00,110.00,-1.00,"2,833",
109/05/28,"6,454,371","712,001,471",110.00,111.00,110.00,110.50,+0.50,"2,822",
109/05/29,"18,409,288","2,034,098,794",110.50,111.50,110.00,110.50, 0.00,"3,522",
109/06/01,"6,093,580","678,359,880",111.50,111.50,111.00,111.50,+1.00,"2,514",
109/06/02,"3,669,244","409,886,655",111.50,112.00,111.00,112.00,+0.50,"1,917",
109/06/03,"9,939,657","1,116,541,084",112.00,113.00,111.50,112.50,+0.50,"4,972",
109/06/04,"6,799,376","767,425,045",113.00,113.50,112.50,113.00,+0.50,"2,798",
109/06/05,"3,318,639","374,043,841",113.00,113.00,112.50,112.50,-0.50,"1,698",
109/06/08,"8,791,319","991,205,841",112.50,113.00,112.00,113.00,+0.50,"2,856",
109/06/09,"8,683,700","976,933,214",112.50,113.00,112.00,113.00, 0.00,"3,675",
109/06/10,"9,580,081","1,080,405,070",113.00,113.00,112.50,113.00, 0.00,"4,277",
109/06/11,"9,720,519","1,095,741,847",112.50,113.00,112.50,112.50,-0.50,"4,362",
109/06/12,"7,951,392","893,460,565",112.00,113.00,111.50,113.00,+0.50,"3,431",
109/06/15,"11,366,240","1,275,994,880",112.50,113.00,111.50,111.50,-1.50,"3,895",
109/06/16,"7,734,585","871,240,751",112.00,113.00,112.00,112.50,+1.00,"2,830",
109/06/17,"6,040,576","681,394,771",113.00,113.00,112.50,113.00,+0.50,"3,849",
109/06/18,"7,360,447","829,683,011",113.00,113.00,112.50,112.50,-0.50,"2,798",
109/06/19,"13,986,807","1,582,151,691",113.00,113.50,112.50,113.00,+0.50,"3,010",
109/06/22,"5,903,305","668,902,465",113.00,113.50,113.00,113.50,+0.50,"1,870",
109/06/23,"12,015,584","1,367,155,741",113.50,114.00,113.00,114.00,+0.50,"3,685",
109/06/24,"12,762,507","1,459,016,298",114.00,114.50,114.00,114.50,+0.50,"4,844",
109/06/29,"11,362,138","1,302,710,710",114.50,115.00,114.00,115.00,+0.50,"5,027",
109/06/30,"21,528,572","2,500,617,352",115.00,117.00,115.00,117.00,+2.00,"7,524",
109/07/01,"18,156,651","2,118,102,516",116.50,117.00,116.00,116.50,-0.50,"6,873",
109/07/02,"29,091,278","3,248,470,692",111.50,114.00,110.50,114.00,X0.00,"11,791",
109/07/03,"8,767,500","988,841,000",114.00,114.00,112.00,112.00,-2.00,"4,527",
109/07/06,"11,953,494","1,337,179,996",112.00,112.50,111.50,112.00, 0.00,"5,570",
109/07/07,"14,418,708","1,607,600,296",112.00,112.00,111.00,111.50,-0.50,"5,305",
109/07/08,"15,765,820","1,757,383,980",111.50,112.00,111.00,112.00,+0.50,"4,387",
109/07/09,"13,087,494","1,452,954,519",112.00,112.00,110.50,110.50,-1.50,"6,066",
109/07/10,"7,696,315","853,464,965",111.00,111.50,110.50,111.00,+0.50,"2,742",
109/07/13,"10,185,501","1,126,901,111",111.00,111.50,110.50,110.50,-0.50,"3,574",
109/07/14,"11,484,818","1,266,529,840",111.00,111.00,110.00,110.00,-0.50,"3,441",
109/07/15,"34,285,902","3,763,125,220",110.00,110.50,109.00,109.50,-0.50,"5,663",
109/07/16,"13,943,215","1,529,744,150",110.50,110.50,109.00,109.50, 0.00,"4,069",
109/07/17,"7,189,110","789,861,100",110.00,110.50,109.50,109.50, 0.00,"2,143",
109/07/20,"5,143,854","566,546,820",110.00,110.50,109.50,110.00,+0.50,"1,593",
109/07/21,"6,993,417","768,668,870",110.00,110.50,109.50,110.00, 0.00,"2,453",
109/07/22,"7,991,257","877,242,270",110.00,110.00,109.50,110.00, 0.00,"2,397",
109/07/23,"7,332,642","801,178,120",109.50,110.00,109.00,109.00,-1.00,"2,992",
109/07/24,"5,930,117","647,988,274",109.00,109.50,109.00,109.00, 0.00,"3,308",
109/07/27,"12,172,684","1,321,185,649",108.50,109.00,108.00,108.00,-1.00,"4,507",
109/07/28,"9,263,451","1,002,840,659",108.00,109.00,107.50,108.50,+0.50,"3,495",
109/07/29,"7,047,757","768,226,013",109.00,109.50,108.50,108.50, 0.00,"3,406",
109/07/30,"4,250,156","462,106,504",108.50,109.50,108.50,108.50, 0.00,"1,646",
109/07/31,"7,544,055","825,055,491",109.50,109.50,108.50,109.50,+1.00,"2,057",
109/08/03,"8,471,919","919,957,667",109.00,109.50,108.00,108.00,-1.50,"4,041",
109/08/04,"4,972,486","539,801,474",108.50,109.00,108.00,108.50,+0.50,"2,347",
109/08/05,"4,954,888","537,813,792",109.00,109.50,108.00,108.00,-0.50,"2,660",
109/08/06,"3,325,191","361,624,857",108.50,109.00,108.00,109.00,+1.00,"1,903",
109/08/07,"5,560,968","604,768,512",108.50,109.00,108.00,109.00, 0.00,"2,654",
109/08/10,"3,510,154","382,072,786",109.00,109.50,108.50,108.50,-0.50,"2,461",
109/08/11,"5,792,982","629,949,038",109.00,109.00,108.50,108.50, 0.00,"3,551",
109/08/12,"4,547,838","494,498,842",109.00,109.00,108.00,109.00,+0.50,"3,001",
109/08/13,"3,972,010","434,290,050",109.50,109.50,109.00,109.50,+0.50,"2,286",
109/08/14,"4,148,947","451,587,223",109.00,109.50,108.50,109.00,-0.50,"2,105",
109/08/17,"4,250,202","463,272,518",109.00,109.50,108.50,108.50,-0.50,"2,544",
109/08/18,"4,215,336","458,893,624",109.00,109.00,108.50,109.00,+0.50,"2,722",
109/08/19,"5,607,802","612,554,286",109.50,109.50,109.00,109.00, 0.00,"3,190",
109/08/20,"6,434,005","700,825,545",108.50,109.50,108.50,109.00, 0.00,"3,114",
109/08/21,"5,463,458","597,148,073",109.00,109.50,108.50,109.50,+0.50,"3,494",
109/08/24,"2,043,464","223,317,769",109.50,109.50,109.00,109.00,-0.50,"1,613",
109/08/25,"4,642,834","507,001,906",109.00,109.50,109.00,109.00, 0.00,"3,397",
109/08/26,"6,699,286","730,566,674",109.00,109.50,108.50,109.00, 0.00,"3,245",
109/08/27,"3,651,955","399,034,533",109.00,109.50,109.00,109.50,+0.50,"2,524",
109/08/28,"4,132,089","449,890,201",109.00,109.50,108.50,109.00,-0.50,"2,637",
109/08/31,"6,885,457","747,808,813",109.00,109.00,108.50,108.50,-0.50,"2,351",
109/09/01,"5,746,939","625,370,351",109.00,109.00,108.50,109.00,+0.50,"2,219",
109/09/02,"6,262,564","679,622,976",109.00,109.00,108.00,108.50,-0.50,"3,638",
109/09/03,"4,612,112","501,088,708",108.50,109.00,108.00,109.00,+0.50,"2,486",
109/09/04,"5,948,698","643,979,082",108.00,108.50,108.00,108.50,-0.50,"3,046",
109/09/07,"4,558,400","493,292,344",108.50,108.50,108.00,108.50, 0.00,"2,318",
109/09/08,"4,867,390","528,153,510",108.50,109.00,108.00,109.00,+0.50,"2,689",
109/09/09,"5,289,879","574,153,811",108.50,109.00,108.00,108.50,-0.50,"2,994",
109/09/10,"3,603,750","391,703,750",108.50,109.00,108.00,109.00,+0.50,"1,885",
109/09/11,"3,675,532","399,649,988",108.50,109.00,108.50,109.00, 0.00,"2,234",
109/09/14,"4,317,927","469,317,543",108.50,109.00,108.00,109.00, 0.00,"2,525",
109/09/15,"3,480,148","378,240,632",108.50,109.00,108.00,109.00, 0.00,"2,146",
109/09/16,"3,813,649","415,024,741",109.00,109.00,108.50,109.00, 0.00,"2,504",
109/09/17,"4,295,875","466,797,875",108.50,109.00,108.50,109.00, 0.00,"2,349",
109/09/18,"7,516,240","817,985,160",108.50,109.00,108.00,109.00, 0.00,"2,391",
109/09/21,"4,172,523","452,645,190",108.50,109.00,108.00,108.50,-0.50,"2,080",
109/09/22,"4,209,865","455,447,307",108.50,108.50,108.00,108.00,-0.50,"2,468",
109/09/23,"6,487,439","700,255,412",108.00,108.50,107.50,107.50,-0.50,"3,716",
109/09/24,"10,510,656","1,127,329,378",107.50,108.00,107.00,107.00,-0.50,"6,591",
109/09/25,"9,077,801","973,344,059",107.50,107.50,106.50,107.50,+0.50,"3,293",
109/09/28,"5,595,350","602,853,800",107.50,108.00,107.00,108.00,+0.50,"2,698",
109/09/29,"6,309,564","683,658,164",108.00,108.50,107.50,108.50,+0.50,"2,566",
109/09/30,"9,443,488","1,014,054,428",108.50,108.50,106.50,107.00,-1.50,"4,064",
109/10/05,"6,115,661","655,120,974",107.00,107.50,106.50,107.00, 0.00,"2,883",
109/10/06,"5,009,845","539,804,260",107.50,108.00,107.00,108.00,+1.00,"2,679",
109/10/07,"11,761,225","1,259,015,645",107.50,108.00,106.50,106.50,-1.50,"4,795",
109/10/08,"7,531,643","806,861,556",107.00,107.50,106.50,107.50,+1.00,"3,535",
109/10/12,"4,209,966","451,313,273",107.50,107.50,107.00,107.00,-0.50,"2,739",
109/10/13,"4,427,353","474,561,885",107.00,107.50,106.50,107.50,+0.50,"2,765",
109/10/14,"4,742,230","508,955,691",107.50,107.50,107.00,107.50, 0.00,"2,443",
109/10/15,"9,339,786","995,919,102",107.00,107.50,106.50,106.50,-1.00,"5,774",
109/10/16,"5,127,011","546,583,177",106.50,107.00,106.50,106.50, 0.00,"3,519",
109/10/19,"4,889,755","521,647,285",106.50,107.00,106.50,107.00,+0.50,"3,418",
109/10/20,"3,209,597","342,338,879",107.00,107.00,106.50,106.50,-0.50,"2,375",
109/10/21,"5,517,630","589,740,910",107.00,107.50,106.50,107.00,+0.50,"3,176",
109/10/22,"3,413,554","365,695,278",107.00,107.50,106.50,107.00, 0.00,"2,034",
109/10/23,"3,455,241","370,669,872",107.00,107.50,107.00,107.50,+0.50,"2,186",
109/10/26,"5,423,582","586,221,180",107.50,108.50,107.50,108.50,+1.00,"3,624",
109/10/27,"7,943,352","864,016,791",108.00,109.50,108.00,109.00,+0.50,"2,994",
109/10/28,"5,025,995","545,472,385",108.50,109.00,108.00,108.50,-0.50,"3,352",
109/10/29,"5,115,718","551,224,394",108.00,108.00,107.50,107.50,-1.00,"3,384",
109/10/30,"7,628,637","819,321,400",107.50,108.00,107.00,107.00,-0.50,"4,724",
109/11/02,"8,131,379","882,690,062",108.00,109.50,107.50,109.50,+2.50,"5,274",
109/11/03,"7,580,978","828,526,610",109.50,109.50,109.00,109.50, 0.00,"5,165",
109/11/04,"3,504,811","382,976,013",109.00,109.50,109.00,109.50, 0.00,"3,223",
109/11/05,"6,541,354","716,291,991",109.50,110.00,109.00,110.00,+0.50,"3,212",
109/11/06,"5,093,971","557,628,583",109.50,110.00,109.00,109.50,-0.50,"3,059",
109/11/09,"5,411,829","593,093,749",109.50,110.00,109.00,110.00,+0.50,"2,737",
109/11/10,"6,433,358","704,828,684",110.00,110.00,109.00,110.00, 0.00,"2,937",
109/11/11,"7,194,019","789,544,925",110.00,110.00,109.50,110.00, 0.00,"4,969",
109/11/12,"4,426,471","486,681,555",110.00,110.50,109.50,110.00, 0.00,"2,059",
109/11/13,"5,774,856","632,865,548",109.50,110.00,109.00,110.00, 0.00,"3,068",
109/11/16,"6,870,576","751,991,239",109.50,110.00,109.00,109.50,-0.50,"4,365",
109/11/17,"8,249,369","902,878,214",109.00,110.00,108.50,110.00,+0.50,"4,452",
109/11/18,"5,449,294","598,224,350",110.00,110.00,109.50,110.00, 0.00,"3,188",
109/11/19,"6,210,131","681,303,968",110.00,110.00,109.50,110.00, 0.00,"2,994",
109/11/20,"7,353,752","804,992,416",110.00,110.00,109.00,109.50,-0.50,"3,321",
109/11/23,"8,676,191","955,625,649",110.00,110.50,109.50,110.50,+1.00,"4,277",
109/11/24,"4,932,117","540,779,262",110.00,110.00,109.50,109.50,-1.00,"3,121",
109/11/25,"6,899,982","753,830,333",110.00,110.00,108.50,109.00,-0.50,"4,851",
109/11/26,"8,611,752","939,587,521",109.00,110.00,108.50,109.50,+0.50,"5,155",
109/11/27,"5,181,020","567,562,410",109.50,110.00,109.00,109.50, 0.00,"3,100",
109/11/30,"20,710,752","2,250,287,590",109.50,110.00,108.50,108.50,-1.00,"3,578",
109/12/01,"6,246,343","680,041,849",108.50,109.50,108.50,109.00,+0.50,"4,101",
109/12/02,"8,279,221","900,953,150",108.50,109.50,108.50,109.00, 0.00,"3,907",
109/12/03,"6,799,695","739,082,003",109.00,109.00,108.50,108.50,-0.50,"4,451",
109/12/04,"6,774,426","739,906,266",109.50,109.50,109.00,109.50,+1.00,"3,833",
109/12/07,"9,323,251","1,014,566,625",109.50,109.50,108.50,108.50,-1.00,"5,090",
109/12/08,"6,133,358","667,826,495",108.50,109.50,108.50,109.50,+1.00,"4,347",
109/12/09,"9,418,308","1,022,571,631",109.00,109.00,108.00,108.50,-1.00,"4,492",
109/12/10,"5,029,951","545,808,373",108.00,109.00,108.00,108.50, 0.00,"2,249",
109/12/11,"6,596,981","714,299,794",108.50,108.50,108.00,108.50, 0.00,"4,497",
109/12/14,"5,650,460","613,565,086",108.50,109.00,108.00,108.50, 0.00,"2,635",
109/12/15,"5,936,047","645,241,678",108.50,109.00,108.00,109.00,+0.50,"3,999",
109/12/16,"8,048,519","877,537,348",108.50,109.50,108.50,109.50,+0.50,"5,665",
109/12/17,"6,088,506","665,241,088",109.00,109.50,109.00,109.50, 0.00,"3,532",
109/12/18,"8,552,514","934,909,809",109.50,109.50,109.00,109.50, 0.00,"3,742",
109/12/21,"6,770,582","740,899,774",109.50,110.00,109.00,109.50, 0.00,"4,421",
109/12/22,"5,640,757","615,857,751",109.50,109.50,109.00,109.00,-0.50,"4,112",
109/12/23,"9,592,260","1,043,465,263",109.00,109.50,108.00,108.50,-0.50,"3,208",
109/12/24,"7,604,760","822,977,120",108.50,109.00,108.00,108.00,-0.50,"3,850",
109/12/25,"8,715,662","945,414,602",108.50,109.00,108.00,108.50,+0.50,"4,220",
109/12/28,"7,444,198","813,677,314",108.50,109.50,108.50,109.50,+1.00,"3,972",
109/12/29,"4,735,442","515,432,217",109.50,109.50,108.50,109.00,-0.50,"2,469",
109/12/30,"7,229,132","791,745,385",109.00,110.00,109.00,110.00,+1.00,"3,914",
109/12/31,"7,149,092","781,733,469",110.00,110.00,109.00,109.00,-1.00,"2,685",
110/01/04,"8,022,757","876,444,280",109.00,109.50,109.00,109.00, 0.00,"3,676",
110/01/05,"6,176,722","674,179,757",109.00,109.50,108.50,109.50,+0.50,"2,977",
110/01/06,"9,003,411","981,592,305",109.00,109.50,108.50,109.50, 0.00,"4,931",
110/01/07,"5,445,667","594,480,394",109.00,109.50,109.00,109.00,-0.50,"3,787",
110/01/08,"11,533,683","1,262,573,837",109.00,110.00,109.00,110.00,+1.00,"6,194",
110/01/11,"14,095,893","1,556,172,671",110.00,111.00,109.50,111.00,+1.00,"7,029",
110/01/12,"9,262,639","1,028,189,975",111.00,111.50,110.50,111.00, 0.00,"4,352",
110/01/13,"10,047,070","1,118,733,173",111.00,111.50,111.00,111.50,+0.50,"6,251",
110/01/14,"6,254,032","698,809,455",111.50,112.00,111.50,112.00,+0.50,"3,483",
110/01/15,"7,883,392","879,882,359",112.00,112.50,111.00,111.00,-1.00,"4,346",
110/01/18,"5,316,014","591,133,245",111.00,111.50,111.00,111.00, 0.00,"3,207",
110/01/19,"5,330,628","592,670,262",111.00,111.50,111.00,111.00, 0.00,"3,289",
110/01/20,"16,123,429","1,766,767,279",110.50,111.00,109.00,109.00,-2.00,"8,591",
110/01/21,"10,792,150","1,178,412,533",109.00,110.00,108.50,108.50,-0.50,"4,463",
110/01/22,"8,747,144","950,075,254",109.00,109.00,108.50,108.50, 0.00,"5,304",
110/01/25,"8,309,911","906,974,150",108.50,109.50,108.50,109.00,+0.50,"3,838",
110/01/26,"7,493,306","814,218,478",109.00,109.50,108.50,108.50,-0.50,"4,751",
110/01/27,"8,272,693","902,313,095",109.00,109.50,108.50,109.00,+0.50,"3,842",
110/01/28,"10,511,343","1,142,809,502",109.00,109.50,108.00,109.00, 0.00,"4,825",
110/01/29,"12,488,478","1,351,883,452",108.50,109.00,108.00,108.00,-1.00,"5,532",
110/02/01,"10,320,192","1,124,171,553",108.50,109.50,108.00,109.00,+1.00,"4,642",
110/02/02,"5,436,724","591,152,602",108.50,109.00,108.50,109.00, 0.00,"3,063",
110/02/03,"7,957,893","865,353,326",108.50,109.00,108.00,109.00, 0.00,"3,070",
110/02/04,"8,634,837","935,219,268",108.50,109.00,108.00,108.00,-1.00,"4,044",
110/02/05,"6,938,077","751,747,826",108.50,109.00,108.00,108.50,+0.50,"3,867",
110/02/17,"12,888,297","1,400,238,066",109.00,109.00,108.00,108.50, 0.00,"7,238",
110/02/18,"9,196,100","998,839,485",108.50,109.00,108.00,108.50, 0.00,"5,369",
110/02/19,"8,841,583","961,836,174",108.50,109.00,108.50,109.00,+0.50,"4,007",
110/02/22,"9,460,286","1,028,451,456",109.00,109.00,108.50,108.50,-0.50,"5,717",
110/02/23,"11,844,545","1,290,281,198",108.50,109.50,108.50,109.50,+1.00,"6,371",
110/02/24,"9,063,460","994,046,614",109.50,110.00,109.50,109.50, 0.00,"3,413",
110/02/25,"13,557,827","1,490,954,562",110.00,110.50,109.50,110.50,+1.00,"7,203",
110/02/26,"17,815,908","1,958,535,032",110.50,111.00,109.00,109.50,-1.00,"5,738",
110/03/02,"8,483,179","931,651,687",110.00,110.50,109.50,109.50, 0.00,"3,346",
110/03/03,"13,720,148","1,509,816,528",110.00,110.50,109.50,109.50, 0.00,"5,524",
110/03/04,"11,399,517","1,248,945,254",110.00,110.50,109.00,109.50, 0.00,"4,456",
110/03/05,"7,447,337","816,976,263",109.50,110.00,109.00,110.00,+0.50,"3,930",
110/03/08,"11,185,758","1,232,086,725",110.50,111.00,109.50,110.00, 0.00,"4,607",
110/03/09,"6,252,786","689,886,778",110.50,111.00,110.00,110.50,+0.50,"3,377",
110/03/10,"5,164,962","569,808,297",110.50,111.00,110.00,110.50, 0.00,"3,223",
110/03/11,"7,771,663","858,830,080",110.50,111.00,110.00,111.00,+0.50,"3,483",
110/03/12,"3,476,424","384,973,054",111.00,111.00,110.50,111.00, 0.00,"2,896",
110/03/15,"4,972,386","549,328,463",110.50,111.00,110.00,110.50,-0.50,"3,163",
110/03/16,"5,479,795","606,528,303",110.50,111.00,110.50,110.50, 0.00,"3,514",
110/03/17,"10,073,880","1,113,816,255",110.50,111.00,110.00,110.50, 0.00,"4,948",
110/03/18,"6,058,762","671,192,966",110.50,111.00,110.50,111.00,+0.50,"3,779",
110/03/19,"18,081,756","1,990,759,019",110.50,111.00,110.00,110.00,-1.00,"5,419",
110/03/22,"6,105,179","673,329,859",110.50,110.50,110.00,110.50,+0.50,"3,668",
110/03/23,"5,515,105","610,649,498",110.50,111.00,110.50,111.00,+0.50,"3,325",
110/03/24,"5,244,085","581,029,326",111.00,111.00,110.50,111.00, 0.00,"3,291",
110/03/25,"7,969,652","886,812,236",111.00,111.50,110.50,111.50,+0.50,"4,191",
110/03/26,"6,403,678","712,127,478",111.50,111.50,111.00,111.50, 0.00,"4,283",
110/03/29,"6,261,309","699,443,107",111.50,112.00,111.00,112.00,+0.50,"4,045",
110/03/30,"9,244,606","1,031,846,539",112.00,112.00,111.00,111.50,-0.50,"4,724",
110/03/31,"14,972,033","1,671,193,839",111.50,112.00,111.00,111.50, 0.00,"6,056",
110/04/01,"6,740,101","751,802,681",111.50,112.00,111.00,111.50, 0.00,"2,557",
110/04/06,"9,341,521","1,043,771,539",111.50,112.00,111.00,112.00,+0.50,"3,805",
110/04/07,"10,886,200","1,221,506,719",112.00,112.50,112.00,112.00, 0.00,"4,254",
110/04/08,"10,448,194","1,165,555,240",112.00,112.50,111.00,111.00,-1.00,"4,689",
110/04/09,"13,032,865","1,453,850,770",111.50,112.00,111.00,112.00,+1.00,"3,250",
110/04/12,"8,757,741","974,713,870",111.50,112.00,111.00,111.00,-1.00,"3,985",
110/04/13,"6,059,380","676,842,982",111.50,112.00,111.00,112.00,+1.00,"2,994",
110/04/14,"33,443,011","3,780,256,408",111.50,114.00,111.50,113.00,+1.00,"12,522",
110/04/15,"14,842,620","1,685,137,432",113.00,114.00,113.00,114.00,+1.00,"5,137",
110/04/16,"11,145,692","1,270,593,189",114.00,114.50,113.50,114.00, 0.00,"4,672",
110/04/19,"8,096,199","924,826,547",114.00,114.50,113.50,114.50,+0.50,"4,366",
110/04/20,"8,448,533","969,846,836",114.50,115.00,114.00,115.00,+0.50,"4,286",
110/04/21,"8,731,707","998,561,986",115.00,115.00,114.00,114.50,-0.50,"4,412",
110/04/22,"10,113,479","1,155,744,543",114.00,115.00,114.00,114.50, 0.00,"4,523",
110/04/23,"6,008,121","685,420,144",114.50,114.50,113.50,114.00,-0.50,"3,041",
110/04/26,"7,984,617","908,708,383",114.00,114.00,113.50,114.00, 0.00,"4,295",
110/04/27,"9,052,808","1,027,280,477",114.00,114.00,113.00,114.00, 0.00,"4,917",
110/04/28,"8,236,811","934,603,322",114.00,114.00,113.00,114.00, 0.00,"3,880",
110/04/29,"4,395,048","500,211,693",113.50,114.00,113.00,114.00, 0.00,"1,848",
110/05/03,"8,922,642","1,009,923,266",113.50,114.00,113.00,113.00,-1.00,"4,774",
110/05/04,"16,564,013","1,875,496,023",113.50,114.00,112.00,112.50,-0.50,"7,324",
110/05/05,"8,427,612","919,659,993",112.50,113.00,112.00,112.00,-0.50,"2,812",
110/05/06,"6,075,496","684,808,368",112.50,113.00,112.50,113.00,+1.00,"2,089",
110/05/07,"3,789,759","429,326,621",113.00,113.50,113.00,113.50,+0.50,"1,923",
110/05/10,"5,860,314","666,016,189",114.00,114.00,113.00,114.00,+0.50,"2,099",
110/05/11,"11,134,649","1,268,648,051",113.50,114.50,113.00,114.50,+0.50,"5,524",
110/05/12,"28,105,749","3,164,511,238",114.00,114.50,108.50,112.50,-2.00,"9,312",
110/05/13,"14,032,730","1,565,570,874",112.00,112.50,111.00,111.00,-1.50,"6,919",
110/05/14,"11,044,619","1,244,396,946",111.50,113.50,111.00,113.50,+2.50,"3,618",
110/05/17,"10,119,521","1,137,432,673",112.00,113.50,111.50,112.50,-1.00,"4,597",
110/05/18,"12,191,840","1,375,373,980",112.00,113.50,112.00,113.50,+1.00,"2,738",
110/05/19,"4,735,767","534,379,005",113.00,113.50,112.50,112.50,-1.00,"2,415",
110/05/20,"8,454,222","955,386,269",112.50,113.50,112.00,113.50,+1.00,"3,107",
110/05/21,"12,701,109","1,447,252,095",113.50,114.50,113.50,114.50,+1.00,"3,844",
110/05/24,"7,474,259","825,076,289",113.50,113.50,112.50,113.00,-1.50,"2,892",
110/05/25,"5,988,587","680,435,601",113.00,114.00,113.00,114.00,+1.00,"2,379",
110/05/26,"4,988,672","565,645,430",113.50,114.00,113.00,113.00,-1.00,"1,976",
110/05/27,"25,269,697","2,835,812,459",113.50,113.50,112.00,112.00,-1.00,"5,093",
110/05/28,"6,806,221","770,411,816",113.00,113.50,112.50,113.00,+1.00,"2,813",
110/05/31,"5,823,926","660,860,480",113.50,114.00,113.00,113.50,+0.50,"3,220",
110/06/01,"2,107,933","239,414,178",113.50,114.00,113.00,113.50, 0.00,"1,317",
110/06/02,"3,814,802","434,155,727",113.50,114.00,113.50,114.00,+0.50,"2,831",
110/06/03,"3,620,647","411,892,811",114.00,114.50,113.00,114.00, 0.00,"1,942",
110/06/04,"4,233,014","481,804,915",113.50,114.00,113.50,114.00, 0.00,"2,218",
110/06/07,"3,625,182","412,386,593",114.00,114.00,113.00,114.00, 0.00,"2,194",
110/06/08,"3,876,905","442,711,013",114.50,114.50,113.50,114.50,+0.50,"2,200",
110/06/09,"3,313,703","378,329,093",114.00,114.50,114.00,114.00,-0.50,"1,871",
110/06/10,"3,276,473","374,185,944",114.00,114.50,113.50,114.50,+0.50,"1,505",
110/06/11,"5,394,857","618,165,756",114.50,115.00,114.00,114.50, 0.00,"2,414",
110/06/15,"4,556,068","521,730,193",114.50,115.00,114.00,114.50, 0.00,"2,822",
110/06/16,"6,114,741","700,353,301",114.00,115.00,114.00,115.00,+0.50,"3,461",
110/06/17,"3,789,193","432,619,381",114.00,114.50,114.00,114.50,-0.50,"2,061",
110/06/18,"11,998,910","1,365,396,977",114.00,114.50,113.50,113.50,-1.00,"2,802",
110/06/21,"3,949,200","448,702,298",113.50,114.00,113.00,113.50, 0.00,"2,024",
110/06/22,"5,105,460","583,325,697",114.00,114.50,113.50,114.00,+0.50,"2,611",
110/06/23,"6,331,204","723,755,942",114.00,115.00,113.50,114.50,+0.50,"3,715",
110/06/24,"3,201,956","365,751,331",114.50,115.00,114.00,114.00,-0.50,"1,905",
110/06/25,"3,595,766","410,915,430",114.00,114.50,114.00,114.50,+0.50,"1,983",
110/06/28,"3,212,081","367,361,830",114.50,115.00,114.00,114.00,-0.50,"1,941",
110/06/29,"3,868,951","441,780,061",114.00,114.50,114.00,114.00, 0.00,"2,440",
110/06/30,"6,548,859","747,506,712",114.00,114.50,113.50,114.00, 0.00,"3,783",
110/07/01,"6,066,475","690,325,248",114.00,114.50,113.50,113.50,-0.50,"2,191",
110/07/02,"5,726,782","651,745,439",113.50,114.00,113.50,114.00,+0.50,"2,884",
110/07/05,"3,890,349","444,651,533",114.50,114.50,114.00,114.50,+0.50,"2,459",
110/07/06,"5,095,903","581,640,199",114.00,114.50,113.50,114.00,-0.50,"2,978",
110/07/07,"2,982,174","339,593,981",114.00,114.50,113.50,114.00, 0.00,"1,977",
110/07/08,"3,532,627","403,046,395",114.00,114.50,113.50,114.00, 0.00,"1,925",
110/07/09,"3,365,023","383,606,099",113.50,114.50,113.50,114.50,+0.50,"1,811",
110/07/12,"4,022,706","458,433,129",114.50,114.50,113.50,113.50,-1.00,"2,767",
110/07/13,"6,646,422","760,116,696",114.00,114.50,113.50,114.50,+1.00,"3,125",
110/07/14,"4,986,890","569,569,846",114.50,114.50,114.00,114.50, 0.00,"3,048",
110/07/15,"4,547,053","519,454,210",114.00,114.50,114.00,114.50, 0.00,"3,344",
110/07/16,"6,736,131","771,707,946",114.00,115.00,113.50,115.00,+0.50,"2,829",
110/07/19,"4,194,678","480,657,559",114.00,115.00,114.00,115.00, 0.00,"1,954",
110/07/20,"3,558,570","408,712,114",114.50,115.00,114.50,115.00, 0.00,"2,214",
110/07/21,"5,743,208","659,842,883",114.50,115.00,114.50,115.00, 0.00,"3,732",
110/07/22,"7,339,414","847,476,465",115.00,116.00,115.00,116.00,+1.00,"3,831",
110/07/23,"5,456,431","630,102,694",115.50,116.00,115.00,115.00,-1.00,"2,434",
110/07/26,"3,644,788","419,048,241",115.00,115.50,114.50,115.00, 0.00,"2,571",
110/07/27,"4,573,562","527,261,559",115.00,115.50,114.50,115.50,+0.50,"2,611",
110/07/28,"7,657,293","884,278,751",115.50,116.00,114.50,116.00,+0.50,"3,437",
110/07/29,"6,801,833","789,887,234",115.50,116.50,115.50,116.50,+0.50,"2,954",
110/07/30,"6,739,120","777,713,019",116.50,116.50,115.00,115.00,-1.50,"1,862",
110/08/02,"10,788,602","1,253,341,171",115.50,116.50,115.50,116.50,+1.50,"4,552",
110/08/03,"9,736,099","1,136,802,183",116.50,117.00,116.50,117.00,+0.50,"3,384",
110/08/04,"10,806,763","1,263,893,603",117.00,117.50,116.50,117.50,+0.50,"6,676",
110/08/05,"14,648,251","1,722,754,886",117.50,118.00,117.00,118.00,+0.50,"7,197",
110/08/06,"10,410,916","1,226,357,629",118.00,118.00,117.50,117.50,-0.50,"5,258",
110/08/09,"5,314,393","623,545,974",117.50,118.00,117.00,117.50, 0.00,"2,759",
110/08/10,"8,366,657","983,743,630",118.00,118.00,117.00,118.00,+0.50,"2,560",
110/08/11,"9,196,210","1,083,831,366",118.00,118.00,117.50,118.00, 0.00,"4,644",
110/08/12,"9,635,724","1,136,249,279",118.00,118.50,117.50,118.00, 0.00,"3,731",
110/08/13,"7,504,024","880,602,565",118.00,118.00,116.50,117.50,-0.50,"3,128",
110/08/16,"8,928,653","1,047,098,143",117.50,117.50,117.00,117.50, 0.00,"2,870",
110/08/17,"10,532,333","1,235,706,067",117.50,117.50,117.00,117.50, 0.00,"4,151",
110/08/18,"6,759,004","792,885,624",117.50,117.50,117.00,117.50, 0.00,"3,253",
110/08/19,"9,364,648","1,093,023,300",117.50,117.50,116.00,116.50,-1.00,"4,417",
110/08/20,"11,439,355","1,330,555,386",116.50,117.00,115.50,116.00,-0.50,"3,883",
110/08/23,"8,672,807","1,004,847,182",116.00,116.50,115.50,115.50,-0.50,"4,419",
110/08/24,"15,045,116","1,737,291,136",115.50,116.00,115.00,115.50, 0.00,"6,289",
110/08/25,"38,067,644","4,195,279,189",110.50,111.00,109.00,110.00,X0.00,"19,357",
110/08/26,"12,577,816","1,384,395,820",110.00,110.50,109.50,110.00, 0.00,"7,805",
110/08/27,"8,184,230","901,416,590",110.00,110.50,109.50,110.00, 0.00,"4,400",
110/08/30,"11,303,719","1,252,822,858",110.50,111.50,110.00,111.00,+1.00,"4,599",
110/08/31,"21,352,143","2,388,412,192",111.50,112.50,111.00,112.00,+1.00,"5,552",
110/09/01,"12,457,265","1,384,759,581",112.00,112.50,110.50,110.50,-1.50,"6,119",
110/09/02,"4,436,113","491,492,842",110.50,111.50,110.50,111.00,+0.50,"3,462",
110/09/03,"6,338,398","704,374,257",111.00,111.50,111.00,111.00, 0.00,"3,005",
110/09/06,"7,988,155","886,942,924",111.00,111.50,110.50,111.00, 0.00,"3,377",
110/09/07,"7,017,259","780,043,630",111.00,111.50,111.00,111.00, 0.00,"2,994",
110/09/08,"11,028,642","1,223,320,461",111.50,111.50,110.50,111.00, 0.00,"5,809",
110/09/09,"4,151,613","459,394,910",111.00,111.50,110.50,110.50,-0.50,"3,082",
110/09/10,"4,127,802","456,913,024",110.50,111.00,110.50,110.50, 0.00,"2,901",
110/09/13,"6,019,221","666,557,780",111.00,111.00,110.50,111.00,+0.50,"3,826",
110/09/14,"6,762,838","751,288,286",111.00,111.50,110.50,111.00, 0.00,"3,860",
110/09/15,"7,423,667","825,068,264",111.00,112.00,111.00,111.00, 0.00,"4,219",
110/09/16,"6,648,849","739,588,372",111.00,111.50,111.00,111.50,+0.50,"3,586",
110/09/17,"10,931,739","1,214,221,514",111.50,111.50,111.00,111.00,-0.50,"4,207",
110/09/22,"11,797,083","1,304,670,176",110.50,111.50,110.00,111.00, 0.00,"5,485",
110/09/23,"5,812,313","645,487,988",111.00,111.50,111.00,111.00, 0.00,"2,867",
110/09/24,"3,364,442","374,417,298",111.50,111.50,111.00,111.50,+0.50,"2,288",
110/09/27,"3,690,011","410,271,237",111.50,111.50,111.00,111.00,-0.50,"2,633",
110/09/28,"5,455,630","606,033,689",111.00,111.50,111.00,111.00, 0.00,"3,471",
110/09/29,"10,155,312","1,126,996,953",111.00,111.50,110.50,111.50,+0.50,"6,218",
110/09/30,"11,464,460","1,269,565,700",111.00,111.50,110.50,110.50,-1.00,"4,617",
110/10/01,"10,252,552","1,133,015,805",110.50,111.00,110.00,110.50, 0.00,"6,209",
110/10/04,"6,200,228","687,155,625",111.00,111.00,110.50,111.00,+0.50,"4,491",
110/10/05,"7,094,734","785,245,140",111.00,111.00,110.50,110.50,-0.50,"4,945",
110/10/06,"9,501,790","1,053,082,527",110.50,111.00,110.50,111.00,+0.50,"5,188",
110/10/07,"6,669,287","742,335,941",111.50,111.50,111.00,111.50,+0.50,"4,120",
110/10/08,"11,788,953","1,315,862,115",111.00,112.00,111.00,111.50, 0.00,"5,337",
110/10/12,"17,617,765","1,955,653,538",111.00,111.50,110.50,111.50, 0.00,"5,446",
110/10/13,"8,630,453","958,876,712",111.50,111.50,110.50,111.50, 0.00,"4,038",
110/10/14,"7,693,695","851,652,419",111.50,111.50,110.50,110.50,-1.00,"4,310",
110/10/15,"9,402,789","1,040,901,277",110.50,111.00,110.50,111.00,+0.50,"5,639",
110/10/18,"6,135,622","680,676,627",111.00,111.50,110.50,111.00, 0.00,"2,798",
110/10/19,"5,076,302","565,023,261",111.00,111.50,111.00,111.50,+0.50,"3,112",
110/10/20,"7,605,974","843,282,382",111.00,111.50,110.50,111.00,-0.50,"4,456",
110/10/21,"7,803,462","863,610,836",111.00,111.50,110.50,110.50,-0.50,"3,660",
110/10/22,"7,113,481","789,685,509",110.50,111.50,110.50,111.50,+1.00,"3,047",
110/10/25,"11,124,619","1,235,432,530",111.00,111.50,110.50,111.00,-0.50,"4,000",
110/10/26,"12,529,042","1,387,192,285",111.00,111.00,110.50,110.50,-0.50,"4,756",
110/10/27,"5,329,947","589,615,940",110.50,111.00,110.50,110.50, 0.00,"2,562",
110/10/28,"9,383,021","1,036,542,912",111.00,111.00,110.00,110.00,-0.50,"4,885",
110/10/29,"7,601,467","839,734,403",110.50,111.00,110.00,110.50,+0.50,"2,924",
110/11/01,"6,706,689","743,029,031",111.00,111.00,110.50,111.00,+0.50,"4,542",
110/11/02,"7,517,574","831,303,731",111.00,111.00,110.00,110.50,-0.50,"3,767",
110/11/03,"8,510,462","939,341,816",110.50,111.00,110.00,110.50, 0.00,"3,619",
110/11/04,"5,701,579","630,781,509",110.50,111.00,110.50,111.00,+0.50,"2,477",
110/11/05,"6,743,383","747,402,674",111.00,111.00,110.50,111.00, 0.00,"3,892",
110/11/08,"8,772,390","974,953,243",111.00,111.50,110.50,111.50,+0.50,"3,427",
110/11/09,"6,241,780","694,477,421",111.00,111.50,110.50,111.50, 0.00,"2,651",
110/11/10,"8,634,462","964,460,421",111.50,112.00,111.00,112.00,+0.50,"3,676",
110/11/11,"10,837,310","1,213,588,513",112.00,112.50,111.00,112.50,+0.50,"2,705",
110/11/12,"7,550,072","848,292,076",112.00,112.50,112.00,112.50, 0.00,"2,957",
110/11/15,"11,246,753","1,268,227,745",112.50,113.00,112.00,113.00,+0.50,"4,006",
110/11/16,"10,373,910","1,177,476,391",113.00,114.00,112.50,114.00,+1.00,"4,348",
110/11/17,"8,005,862","914,690,841",114.00,114.50,113.50,114.50,+0.50,"3,771",
110/11/18,"4,900,612","561,967,781",114.50,115.00,114.00,115.00,+0.50,"2,760",
110/11/19,"9,844,580","1,114,630,387",114.50,115.00,112.50,113.00,-2.00,"6,745",
110/11/22,"5,631,423","634,573,595",113.00,113.50,112.50,112.50,-0.50,"2,273",
110/11/23,"5,483,892","619,975,177",113.00,114.00,112.50,113.50,+1.00,"2,911",
110/11/24,"2,802,664","318,264,074",113.50,114.00,113.00,113.50, 0.00,"1,720",
110/11/25,"4,392,112","497,666,527",113.50,114.00,113.00,113.50, 0.00,"2,428",
110/11/26,"8,042,354","908,405,675",113.00,114.00,112.50,113.00,-0.50,"3,638",
110/11/29,"5,044,668","568,124,951",112.50,113.00,112.00,112.50,-0.50,"2,962",
110/11/30,"24,404,354","2,737,791,969",112.50,113.00,112.00,112.00,-0.50,"5,112",
110/12/01,"8,357,457","942,502,269",112.00,113.00,112.00,113.00,+1.00,"4,539",
110/12/02,"6,135,520","696,156,355",113.00,114.00,112.50,114.00,+1.00,"3,930",
110/12/03,"4,955,844","563,012,079",113.50,114.00,113.00,113.50,-0.50,"2,726",
110/12/06,"3,216,170","365,891,701",113.50,114.00,113.00,114.00,+0.50,"3,046",
110/12/07,"4,561,393","519,340,873",114.00,114.00,113.50,114.00, 0.00,"2,563",
110/12/08,"5,398,432","616,548,616",114.00,114.50,113.50,114.00, 0.00,"2,454",
110/12/09,"2,821,373","322,185,884",114.50,114.50,113.50,114.50,+0.50,"1,827",
110/12/10,"2,891,891","329,958,535",114.00,114.50,113.50,114.00,-0.50,"2,006",
110/12/13,"4,187,236","475,988,782",114.00,114.50,113.50,113.50,-0.50,"2,007",
110/12/14,"4,497,555","511,439,476",114.00,114.00,113.50,114.00,+0.50,"1,871",
110/12/15,"7,621,234","870,898,565",114.00,114.50,113.50,114.00, 0.00,"3,509",
110/12/16,"6,265,184","717,989,989",114.50,115.00,114.00,114.50,+0.50,"3,202",
110/12/17,"7,288,045","837,589,964",115.00,115.00,114.00,115.00,+0.50,"3,432",
110/12/20,"6,016,925","689,696,328",114.00,115.00,114.00,115.00, 0.00,"2,535",
110/12/21,"8,291,340","956,754,338",115.00,116.00,114.50,115.50,+0.50,"4,429",
110/12/22,"2,966,422","342,893,794",115.50,116.00,115.00,115.50, 0.00,"1,854",
110/12/23,"11,384,646","1,313,828,402",116.00,116.00,114.50,115.50, 0.00,"4,397",
110/12/24,"7,853,663","907,665,919",115.50,116.00,115.00,115.50, 0.00,"3,363",
110/12/27,"4,560,268","528,763,131",115.50,116.50,115.50,116.00,+0.50,"2,561",
110/12/28,"6,137,878","712,477,207",116.00,116.50,115.50,116.00, 0.00,"2,998",
110/12/29,"9,054,971","1,054,407,587",116.50,117.00,116.00,116.50,+0.50,"3,042",
110/12/30,"4,167,113","484,876,427",116.50,116.50,116.00,116.50, 0.00,"2,518",
111/01/03,"6,900,842","797,618,088",116.50,116.50,114.50,115.50,-1.00,"3,151",
111/01/04,"11,435,555","1,317,507,259",115.50,116.00,114.50,115.50, 0.00,"4,494",
111/01/05,"4,299,714","496,088,426",115.00,115.50,115.00,115.50, 0.00,"2,216",
111/01/06,"4,038,682","465,955,166",116.00,116.00,115.00,115.50, 0.00,"2,087",
111/01/07,"4,419,073","511,058,035",115.50,116.00,115.00,115.50, 0.00,"2,197",
111/01/10,"5,523,279","641,013,628",115.50,116.50,115.00,116.50,+1.00,"2,756",
111/01/11,"7,542,028","878,869,579",116.50,117.00,116.00,116.50, 0.00,"4,155",
111/01/12,"6,200,007","724,296,510",116.50,117.00,116.00,117.00,+0.50,"2,966",
111/01/13,"5,399,203","633,094,872",117.00,117.50,116.50,117.50,+0.50,"2,907",
111/01/14,"5,514,209","647,785,723",117.50,118.00,117.00,117.50, 0.00,"2,266",
111/01/17,"4,269,447","499,567,385",117.50,117.50,116.50,117.00,-0.50,"2,211",
111/01/18,"3,687,733","432,336,351",117.00,117.50,116.50,117.50,+0.50,"2,206",
111/01/19,"9,923,785","1,154,071,136",117.00,117.50,115.50,117.00,-0.50,"8,122",
111/01/20,"7,936,492","924,092,534",117.00,117.50,116.00,116.50,-0.50,"3,565",
111/01/21,"5,788,011","674,220,709",116.50,117.00,116.00,117.00,+0.50,"2,636",
111/01/24,"6,985,813","817,226,989",116.50,117.50,116.00,117.00, 0.00,"2,544",
111/01/25,"8,658,607","1,010,110,905",116.00,117.00,116.00,117.00, 0.00,"3,532",
111/01/26,"6,591,163","772,686,559",117.00,117.50,116.50,117.50,+0.50,"3,195",
111/02/07,"11,096,988","1,310,204,277",118.00,118.50,117.50,118.50,+1.00,"6,345",
111/02/08,"7,055,695","834,915,157",118.50,119.00,118.00,118.00,-0.50,"2,671",
111/02/09,"9,533,932","1,128,595,741",118.50,119.00,118.00,118.50,+0.50,"3,877",
111/02/10,"6,645,924","790,745,748",119.00,119.50,118.50,119.50,+1.00,"3,677",
111/02/11,"5,308,950","633,348,278",119.00,120.00,118.50,119.50, 0.00,"2,571",
111/02/14,"6,018,505","717,602,142",119.00,120.00,118.50,120.00,+0.50,"3,912",
111/02/15,"5,265,758","631,010,908",120.00,120.00,119.50,120.00, 0.00,"2,967",
111/02/16,"7,266,163","875,560,485",120.00,121.00,120.00,121.00,+1.00,"4,775",
111/02/17,"9,972,466","1,211,092,354",121.50,122.00,121.00,121.50,+0.50,"6,168",
111/02/18,"10,386,896","1,267,446,891",121.50,123.00,121.00,122.00,+0.50,"4,928",
111/02/21,"7,751,020","951,678,473",122.00,123.50,121.50,123.50,+1.50,"5,164",
111/02/22,"11,692,660","1,436,978,085",123.00,123.50,122.50,123.50, 0.00,"5,576",
111/02/23,"16,311,578","2,033,455,085",123.50,126.00,123.50,125.50,+2.00,"8,265",
111/02/24,"17,141,004","2,134,237,625",125.00,125.50,124.00,124.50,-1.00,"8,514",
111/02/25,"16,707,368","2,082,195,230",124.00,125.00,124.00,124.50, 0.00,"6,643",
111/03/01,"12,845,752","1,598,770,244",125.00,125.50,124.00,124.50, 0.00,"6,584",
111/03/02,"14,720,427","1,817,921,070",125.00,125.00,122.50,123.50,-1.00,"7,377",
111/03/03,"11,058,997","1,354,817,748",123.50,124.00,122.00,122.50,-1.00,"7,471",
111/03/04,"8,028,327","983,219,687",122.50,123.00,122.00,123.00,+0.50,"4,144",
111/03/07,"18,175,988","2,201,855,733",122.00,122.50,120.50,121.00,-2.00,"14,084",
111/03/08,"11,857,541","1,437,535,437",120.00,122.50,120.00,122.00,+1.00,"5,479",
111/03/09,"4,846,163","591,189,077",122.00,122.50,121.50,122.50,+0.50,"5,177",
111/03/10,"5,892,819","723,045,904",122.50,123.00,122.50,123.00,+0.50,"3,035",
111/03/11,"7,858,459","960,553,244",122.50,122.50,122.00,122.50,-0.50,"5,756",
111/03/14,"5,981,535","734,605,168",122.50,123.00,122.50,123.00,+0.50,"3,267",
111/03/15,"14,584,229","1,805,436,431",123.00,125.00,122.00,125.00,+2.00,"5,483",
111/03/16,"10,113,332","1,265,725,260",124.00,126.00,124.00,126.00,+1.00,"5,361",
111/03/17,"16,568,719","2,087,205,135",126.00,127.50,125.00,125.50,-0.50,"8,700",
111/03/18,"14,222,899","1,793,315,823",126.00,126.50,125.00,126.50,+1.00,"3,974",
111/03/21,"9,854,091","1,244,514,121",125.50,127.00,125.00,126.50, 0.00,"3,583",
111/03/22,"6,987,974","879,656,447",126.50,126.50,125.00,126.50, 0.00,"4,058",
111/03/23,"6,711,069","844,300,959",126.00,126.50,125.00,126.50, 0.00,"3,855",
111/03/24,"8,353,453","1,057,025,586",125.50,127.00,125.50,127.00,+0.50,"5,345",
111/03/25,"9,481,803","1,206,001,853",126.00,128.00,126.00,128.00,+1.00,"4,539",
111/03/28,"8,068,685","1,027,222,206",127.00,128.00,126.50,128.00, 0.00,"3,612",
111/03/29,"6,107,134","775,983,435",127.50,128.00,126.50,127.00,-1.00,"2,773",
111/03/30,"9,627,825","1,221,797,807",127.50,127.50,126.50,127.00, 0.00,"5,201",
111/03/31,"5,734,826","728,234,428",127.00,127.50,126.50,127.00, 0.00,"1,929",
111/04/01,"8,187,331","1,035,194,315",126.50,127.00,126.00,127.00, 0.00,"2,894",
111/04/06,"10,164,223","1,284,828,145",127.00,127.00,126.00,127.00, 0.00,"5,763",
111/04/07,"13,580,537","1,723,545,509",127.00,127.50,126.50,127.00, 0.00,"5,552",
111/04/08,"10,377,720","1,322,255,376",127.50,128.00,126.50,128.00,+1.00,"4,781",
111/04/11,"12,486,786","1,610,549,089",128.00,130.00,128.00,130.00,+2.00,"6,657",
111/04/12,"7,169,928","922,519,627",129.00,129.50,128.00,128.50,-1.50,"2,995",
111/04/13,"5,636,769","723,132,282",129.00,129.00,128.00,128.50, 0.00,"3,479",
111/04/14,"7,556,797","980,187,865",128.50,130.00,128.50,130.00,+1.50,"4,317",
111/04/15,"3,946,144","510,959,675",129.50,130.00,129.00,129.50,-0.50,"2,849",
111/04/18,"5,302,627","685,973,744",128.50,130.00,128.50,130.00,+0.50,"3,205",
111/04/19,"6,415,796","834,051,232",130.00,130.50,129.50,129.50,-0.50,"5,758",
111/04/20,"7,058,429","917,976,453",129.00,131.00,129.00,131.00,+1.50,"4,345",
111/04/21,"4,362,904","571,549,088",131.00,131.50,130.50,131.00, 0.00,"2,467",
111/04/22,"4,627,462","605,677,024",130.50,131.50,130.50,131.50,+0.50,"3,664",
111/04/25,"7,300,701","955,834,956",131.00,131.50,130.50,131.50, 0.00,"4,230",
111/04/26,"5,457,218","719,131,019",131.00,132.00,131.00,132.00,+0.50,"3,040",
111/04/27,"7,377,217","974,625,455",131.50,132.50,131.50,132.00, 0.00,"4,652",
111/04/28,"15,385,289","2,017,820,304",132.00,132.50,130.00,131.50,-0.50,"6,049",
111/04/29,"11,922,605","1,555,266,634",131.00,131.50,129.50,131.00,-0.50,"3,864",
111/05/03,"18,966,881","2,435,628,100",130.00,130.50,127.00,127.50,-3.50,"9,484",
111/05/04,"18,093,845","2,248,833,749",126.50,126.50,123.50,124.00,-3.50,"14,024",
111/05/05,"13,508,135","1,691,571,251",125.00,126.00,124.50,125.00,+1.00,"5,181",
111/05/06,"15,952,952","2,014,950,561",124.00,127.50,123.50,126.50,+1.50,"11,198",
111/05/09,"10,443,415","1,306,257,515",126.00,126.50,124.00,125.00,-1.50,"4,630",
111/05/10,"12,340,425","1,542,294,145",125.00,125.50,124.00,124.50,-0.50,"4,613",
111/05/11,"8,456,698","1,056,448,713",124.50,126.00,124.00,125.00,+0.50,"3,391",
111/05/12,"8,405,603","1,044,669,031",125.00,125.50,124.00,124.00,-1.00,"4,580",
111/05/13,"7,893,307","982,254,080",124.50,125.50,123.50,124.00, 0.00,"3,244",
111/05/16,"7,793,767","969,312,428",125.00,125.50,124.00,124.00, 0.00,"4,365",
111/05/17,"7,473,130","927,133,628",124.50,124.50,123.50,123.50,-0.50,"3,591",
111/05/18,"13,561,397","1,684,846,148",124.00,125.50,123.50,125.00,+1.50,"6,678",
111/05/19,"9,032,928","1,123,855,317",125.00,125.00,123.50,124.50,-0.50,"3,961",
111/05/20,"6,157,447","765,534,635",124.50,124.50,124.00,124.50, 0.00,"3,317",
111/05/23,"8,794,677","1,092,165,911",125.00,125.00,123.50,123.50,-1.00,"3,510",
111/05/24,"8,922,711","1,108,084,593",124.00,124.50,123.50,124.00,+0.50,"3,159",
111/05/25,"11,832,771","1,475,028,767",124.00,125.50,124.00,125.00,+1.00,"5,135",
111/05/26,"15,258,715","1,931,060,307",125.00,128.00,124.50,127.50,+2.50,"5,685",
111/05/27,"12,691,797","1,596,023,172",127.50,128.00,124.50,125.50,-2.00,"6,414",
111/05/30,"11,933,527","1,501,444,734",126.00,127.00,125.00,127.00,+1.50,"5,997",
111/05/31,"23,958,885","3,024,714,171",126.50,127.00,125.00,127.00, 0.00,"5,431",
111/06/01,"10,600,003","1,330,528,073",126.50,126.50,125.00,125.00,-2.00,"5,202",
111/06/02,"11,967,957","1,498,814,225",125.50,126.50,124.50,125.00, 0.00,"5,239",
111/06/06,"12,889,116","1,616,827,482",126.00,126.50,124.50,126.00,+1.00,"6,012",
111/06/07,"10,556,869","1,328,623,688",126.00,126.50,125.00,125.50,-0.50,"3,960",
111/06/08,"7,896,502","999,551,755",126.00,127.00,126.00,126.50,+1.00,"4,226",
111/06/09,"6,071,439","766,411,387",126.50,127.00,126.00,126.00,-0.50,"3,318",
111/06/10,"8,902,909","1,117,850,819",126.00,126.50,125.00,125.00,-1.00,"4,621",
111/06/13,"8,828,952","1,099,971,196",125.50,125.50,124.00,125.00, 0.00,"4,634",
111/06/14,"6,600,190","822,743,317",125.00,125.00,124.00,124.50,-0.50,"3,386",
111/06/15,"8,864,124","1,107,040,538",124.50,126.00,124.00,125.00,+0.50,"5,286",
111/06/16,"8,345,695","1,039,403,624",126.00,126.00,124.00,124.00,-1.00,"4,657",
111/06/17,"13,989,190","1,746,516,470",124.00,125.50,124.00,125.00,+1.00,"4,702",
111/06/20,"7,680,835","959,786,287",125.00,126.00,124.00,125.00, 0.00,"4,141",
111/06/21,"12,353,042","1,558,046,799",125.50,126.50,125.00,126.50,+1.50,"5,263",
111/06/22,"8,600,555","1,084,651,060",126.50,126.50,125.50,125.50,-1.00,"5,689",
111/06/23,"16,658,038","2,109,457,817",126.50,127.00,126.00,127.00,+1.50,"4,826",
111/06/24,"19,150,549","2,455,846,519",126.50,130.00,126.00,129.00,+2.00,"7,290",
111/06/27,"9,749,678","1,260,062,831",129.50,130.00,128.50,128.50,-0.50,"5,507",
111/06/28,"6,975,789","899,134,867",128.50,129.50,128.50,129.00,+0.50,"2,461",
111/06/29,"20,943,249","2,719,419,583",129.00,130.50,128.50,130.50,+1.50,"9,042",
111/06/30,"33,698,034","4,121,246,795",124.00,124.50,121.00,122.00,X0.00,"14,502",
111/07/01,"20,105,503","2,477,834,660",122.00,125.00,120.00,124.00,+2.00,"10,486",
111/07/04,"17,388,184","2,204,272,603",125.00,128.00,124.50,126.50,+2.50,"7,951",
111/07/05,"15,884,241","2,017,531,075",127.50,128.00,125.50,127.00,+0.50,"6,313",
111/07/06,"15,540,463","1,985,650,713",128.00,128.50,127.00,128.00,+1.00,"6,322",
111/07/07,"24,861,941","3,185,819,534",128.00,129.50,126.50,127.50,-0.50,"7,979",
111/07/08,"15,579,477","1,951,516,912",127.00,127.00,124.50,124.50,-3.00,"6,867",
111/07/11,"9,882,350","1,220,909,405",125.00,125.50,123.00,124.00,-0.50,"6,893",
111/07/12,"15,213,048","1,868,625,485",123.50,124.50,122.00,122.50,-1.50,"7,492",
111/07/13,"22,621,422","2,797,689,689",122.50,125.00,122.50,124.00,+1.50,"5,833",
111/07/14,"17,810,379","2,191,969,318",125.00,125.00,122.00,123.00,-1.00,"6,061",
111/07/15,"8,507,617","1,042,483,635",122.50,123.00,122.00,123.00, 0.00,"5,523",
111/07/18,"18,399,457","2,260,313,831",124.00,124.00,122.00,123.00, 0.00,"5,832",
111/07/19,"17,236,434","2,096,910,069",123.00,123.50,120.50,121.50,-1.50,"8,220",
111/07/20,"12,246,032","1,472,978,105",121.50,122.00,120.00,120.00,-1.50,"9,811",
111/07/21,"6,963,743","831,155,925",119.50,120.00,119.00,119.50,-0.50,"5,361",
111/07/22,"9,338,499","1,105,402,059",119.00,119.50,117.50,118.50,-1.00,"7,355",
111/07/25,"5,918,709","708,513,896",118.50,120.50,118.50,120.00,+1.50,"3,307",
111/07/26,"6,596,930","788,922,452",120.00,120.00,119.00,120.00, 0.00,"3,055",
111/07/27,"10,031,369","1,215,251,595",119.50,122.50,119.50,121.50,+1.50,"3,845",
111/07/28,"4,016,417","487,859,707",121.50,122.00,121.00,121.50, 0.00,"2,256",
111/07/29,"5,844,447","709,642,465",122.00,122.50,121.00,121.50, 0.00,"2,461",
111/08/01,"6,700,795","816,095,385",122.50,122.50,121.00,122.00,+0.50,"2,618",
111/08/02,"12,966,774","1,586,105,305",122.00,123.00,121.50,122.50,+0.50,"3,825",
111/08/03,"8,325,671","1,011,964,974",121.50,122.50,121.00,121.50,-1.00,"3,371",
111/08/04,"6,295,185","761,202,751",121.50,122.00,120.00,120.50,-1.00,"2,904",
111/08/05,"6,376,233","775,705,445",121.00,122.00,121.00,122.00,+1.50,"2,389",
111/08/08,"5,830,105","712,188,673",122.00,122.50,121.00,122.50,+0.50,"4,344",
111/08/09,"5,118,595","625,634,278",122.00,122.50,121.50,122.50, 0.00,"2,975",
111/08/10,"6,524,614","800,104,002",122.50,123.00,122.00,122.50, 0.00,"3,493",
111/08/11,"15,504,946","1,931,528,532",123.50,126.00,123.50,125.00,+2.50,"5,497",
111/08/12,"6,396,575","797,355,818",125.00,125.50,124.00,125.00, 0.00,"3,645",
111/08/15,"6,656,130","831,138,807",125.00,125.50,124.50,124.50,-0.50,"2,629",
111/08/16,"7,528,320","932,701,843",125.00,125.00,123.00,123.50,-1.00,"5,142",
111/08/17,"9,326,142","1,146,900,280",124.00,124.50,122.00,123.00,-0.50,"5,220",
111/08/18,"6,836,983","836,873,681",123.00,123.00,122.00,122.50,-0.50,"2,937",
111/08/19,"8,303,885","1,008,386,382",122.00,122.50,121.00,121.50,-1.00,"5,390",
111/08/22,"5,861,822","715,351,633",121.00,123.00,121.00,123.00,+1.50,"2,975",
111/08/23,"4,454,970","546,637,469",123.00,123.00,122.00,122.50,-0.50,"2,274",
111/08/24,"6,035,328","737,700,502",122.50,122.50,122.00,122.00,-0.50,"2,903",
111/08/25,"5,116,044","623,772,727",122.00,122.50,121.50,122.00, 0.00,"2,443",
111/08/26,"5,517,045","674,283,767",122.00,122.50,121.50,122.00, 0.00,"3,382",
111/08/29,"8,052,542","984,899,557",122.00,123.50,121.00,123.00,+1.00,"3,728",
111/08/30,"7,005,118","858,662,352",122.50,123.50,122.00,122.50,-0.50,"3,742",
111/08/31,"12,414,868","1,507,446,730",122.00,122.50,121.00,121.00,-1.50,"5,407",
111/09/01,"8,633,263","1,042,661,411",121.00,121.50,120.50,121.00, 0.00,"4,782",
111/09/02,"8,049,749","976,490,450",121.00,122.00,120.50,121.00, 0.00,"3,584",
111/09/05,"6,482,718","788,603,227",121.00,122.00,121.00,122.00,+1.00,"3,116",
111/09/06,"5,731,873","696,947,212",122.00,122.00,121.00,121.50,-0.50,"3,392",
111/09/07,"6,664,880","804,078,220",121.00,121.50,120.00,120.50,-1.00,"4,744",
111/09/08,"5,582,159","673,888,765",120.50,121.00,120.00,121.00,+0.50,"2,794",
111/09/12,"9,008,537","1,092,384,730",122.00,122.00,120.00,121.00, 0.00,"3,653",
111/09/13,"6,287,805","760,267,952",121.00,121.50,120.50,121.00, 0.00,"3,084",
111/09/14,"6,928,400","830,265,014",120.00,120.50,119.50,119.50,-1.50,"5,359",
111/09/15,"8,519,368","1,017,359,280",119.50,120.00,119.00,119.00,-0.50,"6,475",
111/09/16,"16,323,152","1,928,240,634",118.50,119.00,117.50,118.00,-1.00,"8,756",
111/09/19,"5,487,371","648,512,987",118.00,119.00,118.00,118.00, 0.00,"3,651",
111/09/20,"5,068,034","599,434,589",118.50,119.00,118.00,118.00, 0.00,"3,430",
111/09/21,"6,307,599","741,294,581",118.00,118.00,117.00,117.50,-0.50,"5,594",
111/09/22,"7,369,824","857,181,767",116.50,117.00,116.00,116.00,-1.50,"6,238",
111/09/23,"11,304,397","1,301,385,697",116.50,116.50,114.50,115.00,-1.00,"9,489",
111/09/26,"8,585,255","991,925,761",114.50,117.00,113.50,116.50,+1.50,"5,245",
111/09/27,"3,740,177","435,118,171",117.00,117.50,116.00,116.00,-0.50,"2,949",
111/09/28,"11,905,525","1,380,433,840",117.00,117.00,114.00,116.50,+0.50,"6,056",
111/09/29,"13,419,823","1,554,374,294",117.00,117.50,115.00,116.00,-0.50,"6,352",
111/09/30,"9,562,893","1,094,989,512",115.00,115.50,114.00,114.00,-2.00,"5,520",
111/10/03,"16,983,673","1,901,382,771",113.00,113.50,111.00,111.50,-2.50,"12,290",
111/10/04,"11,550,567","1,290,405,748",112.50,113.00,111.00,112.00,+0.50,"6,820",
111/10/05,"9,587,839","1,070,913,177",112.00,112.50,111.50,111.50,-0.50,"6,473",
111/10/06,"9,803,106","1,086,807,302",111.50,111.50,110.50,110.50,-1.00,"7,007",
111/10/07,"9,329,537","1,029,849,913",110.00,111.00,109.50,110.50, 0.00,"4,669",
111/10/11,"11,699,511","1,279,003,947",109.50,110.00,109.00,109.00,-1.50,"7,720",
111/10/12,"8,380,445","918,174,229",109.00,110.00,108.50,110.00,+1.00,"4,631",
111/10/13,"8,770,607","959,713,611",109.50,110.00,109.00,109.00,-1.00,"5,068",
111/10/14,"11,170,051","1,217,003,072",109.50,110.00,108.00,109.00, 0.00,"6,212",
111/10/17,"6,716,236","731,356,306",108.50,109.50,108.00,109.00, 0.00,"3,424",
111/10/18,"8,746,488","951,226,947",109.50,109.50,108.00,108.50,-0.50,"4,955",
111/10/19,"10,398,480","1,121,882,741",108.50,109.00,107.00,107.50,-1.00,"9,358",
111/10/20,"17,993,735","1,917,827,097",107.00,107.50,105.50,107.00,-0.50,"7,052",
111/10/21,"4,840,566","521,253,414",107.50,108.00,107.00,108.00,+1.00,"2,734",
111/10/24,"8,837,506","951,200,012",108.00,108.50,107.00,107.50,-0.50,"4,272",
111/10/25,"19,617,999","2,139,603,177",108.00,110.50,107.00,110.50,+3.00,"7,807",
111/10/26,"12,225,617","1,335,247,803",110.00,110.50,108.50,108.50,-2.00,"4,714",
111/10/27,"12,604,183","1,380,471,174",109.00,110.50,108.50,109.50,+1.00,"5,280",
111/10/28,"6,799,632","743,527,890",109.50,110.00,109.00,109.00,-0.50,"3,251",
111/10/31,"9,274,900","1,028,689,498",110.00,111.50,109.50,111.00,+2.00,"5,118",
111/11/01,"5,272,581","579,328,366",110.50,110.50,109.50,109.50,-1.50,"4,039",
111/11/02,"8,446,297","916,976,034",109.00,109.00,108.00,108.50,-1.00,"4,183",
111/11/03,"5,181,876","561,797,853",108.50,109.00,108.00,108.50, 0.00,"2,578",
111/11/04,"11,310,355","1,218,833,184",107.50,108.50,107.00,108.50, 0.00,"5,902",
111/11/07,"6,285,270","678,671,324",108.50,109.00,107.50,108.00,-0.50,"4,603",
111/11/08,"4,464,896","483,154,961",108.00,108.50,108.00,108.50,+0.50,"3,710",
111/11/09,"11,374,417","1,237,176,140",108.00,109.50,108.00,109.00,+0.50,"5,237",
111/11/10,"6,601,952","717,022,338",108.50,109.50,108.00,108.50,-0.50,"3,988",
111/11/11,"13,541,837","1,479,619,335",109.50,110.00,108.50,109.50,+1.00,"5,513",
111/11/14,"20,744,675","2,268,604,292",109.50,110.50,108.50,109.50, 0.00,"7,251",
111/11/15,"12,134,584","1,323,894,461",109.50,110.00,108.50,109.00,-0.50,"5,633",
111/11/16,"13,565,041","1,472,132,554",108.50,109.00,108.00,108.50,-0.50,"6,813",
111/11/17,"11,295,474","1,220,319,942",108.50,109.00,107.50,108.00,-0.50,"5,611",
111/11/18,"6,707,063","727,180,846",108.00,109.00,108.00,109.00,+1.00,"4,152",
111/11/21,"5,224,639","568,428,459",109.00,109.50,108.50,109.00, 0.00,"3,911",
111/11/22,"6,114,127","663,048,960",109.00,109.00,108.00,108.50,-0.50,"3,814",
111/11/23,"5,494,580","599,782,550",109.00,109.50,108.50,109.00,+0.50,"3,747",
111/11/24,"6,435,724","707,470,935",109.50,110.50,109.00,110.00,+1.00,"3,386",
111/11/25,"20,032,864","2,244,946,967",110.00,114.00,110.00,112.50,+2.50,"7,890",
111/11/28,"10,951,451","1,218,125,312",111.50,112.00,110.50,110.50,-2.00,"3,989",
111/11/29,"9,200,148","1,031,333,609",110.50,113.00,110.50,112.00,+1.50,"4,869",
111/11/30,"14,536,167","1,644,644,325",112.00,113.50,111.50,113.50,+1.50,"3,907",
115/05/04,"7,034,370","956,482,317",137.00,137.50,135.50,135.50,-0.50,"4,468",
115/05/05,"5,345,021","726,003,770",135.50,136.00,135.00,136.00,+0.50,"3,344",
115/05/06,"13,304,748","1,812,870,919",137.00,137.00,135.50,136.00, 0.00,"4,497",
115/05/07,"14,117,194","1,917,773,920",135.50,136.50,135.50,135.50,-0.50,"5,234",
115/05/08,"9,445,587","1,286,473,078",136.00,136.50,135.50,136.50,+1.00,"4,622",
115/05/11,"6,670,769","906,026,444",136.50,136.50,135.50,135.50,-1.00,"4,491",
115/05/12,"9,747,882","1,325,630,455",135.50,136.50,135.50,135.50, 0.00,"4,636",
115/05/13,"14,252,707","1,952,786,554",136.50,137.50,135.50,137.50,+2.00,"5,278",
115/05/14,"17,475,344","2,405,555,615",136.50,138.00,136.50,137.50, 0.00,"5,090",
115/05/15,"8,852,265","1,219,121,722",137.50,138.00,137.00,138.00,+0.50,"3,850",
115/05/18,"7,713,190","1,061,218,763",138.00,138.00,137.00,137.00,-1.00,"3,939",
115/05/19,"52,962,314","7,512,958,005",137.00,144.00,137.00,142.50,+5.50,"16,907",
115/05/20,"23,148,337","3,257,671,571",142.50,143.50,139.00,139.00,-3.50,"9,020",
115/05/21,"14,521,452","2,011,344,787",139.00,140.00,137.50,137.50,-1.50,"6,711",
115/05/22,"8,350,262","1,145,565,690",137.50,138.00,137.00,137.00,-0.50,"5,028",
112/01/03,"7,432,689","835,471,675",113.00,113.50,111.50,113.00, 0.00,"3,505",
112/01/04,"5,612,226","637,626,525",113.50,114.00,113.00,113.50,+0.50,"2,782",
112/01/05,"7,316,532","830,057,754",113.50,114.00,113.00,114.00,+0.50,"3,820",
112/01/06,"5,075,751","577,151,741",114.00,114.00,113.50,114.00, 0.00,"3,168",
112/01/09,"8,261,894","945,596,599",114.50,115.00,113.50,115.00,+1.00,"5,230",
112/01/10,"9,052,980","1,037,407,553",115.00,115.00,114.00,115.00, 0.00,"3,839",
112/01/11,"8,652,903","987,790,015",115.00,115.00,113.50,114.00,-1.00,"5,150",
112/01/12,"7,646,730","868,898,492",114.00,114.50,113.00,113.50,-0.50,"4,552",
112/01/13,"4,911,658","559,861,935",114.00,114.50,113.50,114.00,+0.50,"2,644",
112/01/16,"10,014,296","1,144,935,013",114.00,115.00,113.50,115.00,+1.00,"3,771",
112/01/17,"7,705,727","879,778,540",114.50,115.00,114.00,114.00,-1.00,"3,482",
112/01/30,"31,597,638","3,611,583,252",115.50,115.50,113.00,114.50,+0.50,"10,657",
112/01/31,"17,598,197","1,990,385,328",114.50,114.50,112.50,112.50,-2.00,"7,937",
112/02/01,"16,944,328","1,900,148,047",112.50,113.00,111.50,112.50, 0.00,"9,822",
112/02/02,"12,804,247","1,437,569,401",112.00,113.00,111.50,112.00,-0.50,"5,667",
112/02/03,"9,424,549","1,061,020,767",112.00,113.50,112.00,113.00,+1.00,"4,844",
112/02/06,"6,529,642","736,131,005",112.50,113.50,112.00,112.50,-0.50,"3,860",
112/02/07,"9,053,359","1,021,404,422",113.00,113.50,112.50,112.50, 0.00,"4,353",
112/02/08,"11,680,678","1,315,995,762",112.50,113.00,112.50,112.50, 0.00,"5,207",
112/02/09,"11,603,895","1,305,114,551",112.50,113.00,112.00,112.50, 0.00,"4,273",
112/02/10,"7,562,109","851,948,645",112.00,113.00,112.00,113.00,+0.50,"3,088",
112/02/13,"7,011,727","794,107,192",113.00,113.50,112.50,113.50,+0.50,"3,747",
112/02/14,"9,828,413","1,116,880,773",114.00,114.50,113.00,114.00,+0.50,"3,941",
112/02/15,"8,842,450","1,003,067,987",114.00,114.00,113.00,113.50,-0.50,"4,253",
112/02/16,"7,314,449","833,478,144",113.50,114.50,113.50,114.00,+0.50,"4,458",
112/02/17,"7,814,533","888,038,299",114.00,114.00,113.50,113.50,-0.50,"3,939",
112/02/20,"5,065,190","580,130,868",114.00,115.00,113.50,115.00,+1.50,"3,404",
112/02/21,"2,348,363","268,879,986",114.50,115.00,114.00,114.50,-0.50,"1,997",
112/02/22,"7,347,486","844,048,069",114.50,115.50,114.00,115.00,+0.50,"3,721",
112/02/23,"7,556,467","871,908,086",115.00,116.00,114.50,115.50,+0.50,"3,890",
112/02/24,"11,225,604","1,296,005,855",115.50,116.00,115.00,115.50, 0.00,"3,562",
112/03/01,"12,267,308","1,412,750,161",115.50,115.50,114.50,115.00,-0.50,"6,256",
112/03/02,"9,393,511","1,091,848,574",115.00,117.00,115.00,116.50,+1.50,"5,297",
112/03/03,"5,505,918","647,004,082",117.00,118.00,116.50,117.50,+1.00,"4,052",
112/03/06,"6,778,657","802,861,322",118.00,119.00,117.50,118.00,+0.50,"4,976",
112/03/07,"7,441,643","880,616,240",118.00,119.00,117.50,118.50,+0.50,"4,399",
112/03/08,"9,876,887","1,171,332,349",118.00,119.00,118.00,119.00,+0.50,"4,929",
112/03/09,"7,700,813","914,201,911",119.00,119.50,118.00,118.50,-0.50,"3,885",
112/03/10,"7,282,463","856,121,613",118.50,118.50,117.00,117.50,-1.00,"5,414",
112/03/13,"12,245,759","1,449,327,049",117.00,119.50,116.50,119.00,+1.50,"5,246",
112/03/14,"8,326,688","982,574,631",118.00,118.50,117.50,117.50,-1.50,"4,077",
112/03/15,"7,339,595","871,937,564",118.00,119.50,118.00,119.00,+1.50,"4,667",
112/03/16,"5,982,473","711,872,831",118.50,119.50,118.50,119.00, 0.00,"2,958",
112/03/17,"12,591,555","1,491,340,227",119.00,119.50,118.00,118.00,-1.00,"5,415",
112/03/20,"4,159,865","494,750,271",118.50,119.50,118.00,119.00,+1.00,"2,654",
112/03/21,"3,974,614","472,941,324",119.00,119.50,118.50,118.50,-0.50,"2,614",
112/03/22,"4,248,428","506,844,869",119.00,119.50,118.50,119.50,+1.00,"3,181",
112/03/23,"6,471,204","776,455,178",119.50,120.50,119.50,120.00,+0.50,"3,901",
112/03/24,"5,456,328","653,754,048",120.00,120.50,119.50,119.50,-0.50,"3,396",
112/03/27,"5,465,258","655,520,342",120.00,120.50,119.50,120.00,+0.50,"2,829",
112/03/28,"7,007,110","837,027,567",120.00,120.00,119.00,119.50,-0.50,"3,074",
112/03/29,"6,271,576","751,136,625",120.00,120.00,119.00,120.00,+0.50,"2,767",
112/03/30,"5,251,566","629,514,829",120.00,120.00,119.50,120.00, 0.00,"3,200",
112/03/31,"4,787,286","573,408,412",120.00,120.50,119.50,119.50,-0.50,"2,597",
112/04/06,"9,138,013","1,097,898,974",120.00,120.50,119.50,120.50,+1.00,"5,592",
112/04/07,"5,158,962","623,545,055",120.50,121.00,120.00,121.00,+0.50,"3,455",
112/04/10,"5,894,121","719,452,154",121.00,122.50,121.00,122.50,+1.50,"4,392",
112/04/11,"9,210,198","1,127,483,307",122.50,123.00,121.50,123.00,+0.50,"4,567",
112/04/12,"12,492,309","1,538,124,650",123.00,124.00,122.50,123.00, 0.00,"5,523",
112/04/13,"12,607,601","1,558,104,915",123.00,124.00,122.50,124.00,+1.00,"6,874",
112/04/14,"11,173,534","1,388,092,101",124.00,125.00,123.50,124.50,+0.50,"6,579",
112/04/17,"9,056,401","1,129,734,011",124.50,125.50,123.50,125.50,+1.00,"5,405",
112/04/18,"9,350,920","1,174,365,374",125.00,126.00,125.00,126.00,+0.50,"5,181",
112/04/19,"7,576,493","949,817,645",126.00,126.00,124.50,124.50,-1.50,"5,299",
112/04/20,"8,924,387","1,111,855,616",124.50,125.00,124.00,125.00,+0.50,"4,432",
112/04/21,"11,409,564","1,433,566,763",124.50,126.00,124.50,126.00,+1.00,"6,236",
112/04/24,"6,734,040","849,009,217",125.50,126.50,125.50,126.00, 0.00,"3,289",
112/04/25,"10,247,563","1,291,752,942",126.00,126.50,125.50,126.00, 0.00,"4,782",
112/04/26,"14,081,467","1,781,398,819",126.00,127.00,125.50,127.00,+1.00,"8,106",
112/04/27,"9,193,135","1,162,239,184",126.50,127.00,126.00,126.50,-0.50,"6,003",
112/04/28,"6,766,985","857,721,205",126.50,127.00,126.00,127.00,+0.50,"3,270",
112/05/02,"7,919,515","995,206,255",126.50,127.00,125.00,125.50,-1.50,"5,238",
112/05/03,"4,105,963","514,246,576",125.00,125.50,124.50,125.50, 0.00,"3,074",
112/05/04,"5,747,001","723,886,538",125.00,126.50,125.00,126.50,+1.00,"3,236",
112/05/05,"2,810,613","354,745,105",126.50,126.50,125.50,126.50, 0.00,"2,516",
112/05/08,"4,126,558","521,112,241",126.50,126.50,126.00,126.50, 0.00,"2,866",
112/05/09,"5,167,665","652,264,304",126.00,126.50,126.00,126.50, 0.00,"3,499",
112/05/10,"4,941,058","622,340,998",126.50,127.00,125.50,126.00,-0.50,"3,097",
112/05/11,"4,874,868","613,357,100",126.00,126.00,125.50,126.00, 0.00,"3,263",
112/05/12,"11,563,089","1,444,066,321",125.50,125.50,124.50,125.00,-1.00,"5,646",
112/05/15,"6,128,217","766,230,106",124.50,125.50,124.50,125.50,+0.50,"3,396",
112/05/16,"6,378,220","801,437,395",125.00,126.00,125.00,126.00,+0.50,"4,002",
112/05/17,"9,922,613","1,255,106,336",125.50,127.00,125.50,127.00,+1.00,"6,104",
112/05/18,"9,120,815","1,156,527,216",126.50,127.50,126.50,126.50,-0.50,"4,366",
112/05/19,"7,485,118","950,669,674",127.00,127.50,126.50,127.50,+1.00,"3,843",
112/05/22,"11,770,945","1,478,815,566",127.00,127.00,125.00,125.50,-2.00,"6,301",
112/05/23,"9,055,148","1,137,946,240",125.50,126.50,125.00,126.50,+1.00,"4,901",
112/05/24,"9,303,946","1,168,437,922",125.50,126.50,125.00,126.50, 0.00,"5,720",
112/05/25,"16,178,254","2,043,864,097",125.50,128.00,125.00,128.00,+1.50,"7,257",
112/05/26,"19,932,434","2,511,374,952",126.50,127.00,125.00,127.00,-1.00,"8,620",
112/05/29,"17,449,177","2,188,326,387",126.00,126.50,125.00,126.00,-1.00,"7,280",
112/05/30,"18,412,850","2,301,585,791",125.50,126.00,124.50,125.50,-0.50,"7,575",
112/05/31,"30,805,993","3,867,703,847",125.00,126.00,124.50,126.00,+0.50,"5,934",
112/06/01,"9,489,375","1,185,918,649",125.50,126.00,124.50,125.00,-1.00,"4,346",
112/06/02,"11,674,521","1,460,537,897",125.00,126.00,124.50,125.50,+0.50,"4,860",
112/06/05,"5,577,131","698,057,401",125.50,125.50,125.00,125.00,-0.50,"4,016",
112/06/06,"9,414,424","1,180,712,396",125.50,126.00,125.00,125.50,+0.50,"4,997",
112/06/07,"6,803,177","851,706,421",126.00,126.00,125.00,125.00,-0.50,"3,730",
112/06/08,"6,330,386","792,287,838",125.50,125.50,125.00,125.00, 0.00,"3,195",
112/06/09,"6,727,622","845,340,890",125.50,126.00,125.00,125.50,+0.50,"3,426",
112/06/12,"4,206,879","527,803,124",126.00,126.00,125.00,125.00,-0.50,"2,848",
112/06/13,"7,512,052","942,051,020",125.00,126.00,125.00,125.50,+0.50,"3,437",
112/06/14,"6,119,906","767,907,681",125.50,126.00,125.00,125.50, 0.00,"2,920",
112/06/15,"3,977,969","498,547,042",125.50,126.00,125.00,125.50, 0.00,"2,883",
112/06/16,"10,539,400","1,323,862,096",125.50,126.00,125.00,125.50, 0.00,"3,613",
112/06/19,"6,150,164","773,154,230",125.50,126.00,125.00,125.50, 0.00,"3,647",
112/06/20,"8,229,120","1,033,070,947",125.50,126.00,125.00,126.00,+0.50,"4,804",
112/06/21,"8,030,994","1,009,024,244",125.50,126.00,125.00,126.00, 0.00,"4,541",
112/06/26,"8,770,165","1,092,269,708",126.00,126.00,124.00,124.00,-2.00,"5,811",
112/06/27,"11,025,948","1,351,914,643",124.00,124.00,122.00,122.00,-2.00,"7,995",
112/06/28,"12,201,006","1,483,721,251",122.00,122.50,121.00,121.50,-0.50,"7,651",
112/06/29,"15,713,740","1,847,345,112",117.00,118.00,117.00,117.50,X0.00,"10,391",
112/06/30,"11,472,794","1,340,052,351",117.50,117.50,116.00,116.50,-1.00,"8,905",
112/07/03,"11,503,869","1,330,214,063",116.50,117.00,115.00,115.00,-1.50,"10,561",
112/07/04,"8,987,681","1,033,103,053",114.00,116.00,114.00,115.50,+0.50,"6,292",
112/07/05,"8,417,914","971,963,047",115.50,116.50,115.00,115.00,-0.50,"7,228",
112/07/06,"8,588,326","987,525,781",115.50,115.50,114.50,115.00, 0.00,"8,162",
112/07/07,"7,644,556","874,670,270",115.00,115.00,114.00,114.50,-0.50,"6,268",
112/07/10,"5,796,580","662,942,726",114.50,115.00,114.00,114.00,-0.50,"5,274",
112/07/11,"6,306,725","725,982,016",114.50,115.50,114.50,115.00,+1.00,"3,294",
112/07/12,"4,965,800","570,460,350",115.00,115.50,114.50,115.00, 0.00,"3,836",
112/07/13,"6,585,802","758,516,617",115.50,115.50,115.00,115.00, 0.00,"3,703",
112/07/14,"7,552,412","876,558,886",115.50,116.50,115.00,116.50,+1.50,"4,323",
112/07/17,"4,631,243","538,814,385",117.00,117.00,116.00,116.50, 0.00,"4,106",
112/07/18,"9,694,951","1,117,901,181",116.00,116.50,115.00,115.00,-1.50,"7,797",
112/07/19,"9,365,756","1,082,741,397",116.00,116.50,115.00,115.00, 0.00,"5,679",
112/07/20,"4,966,049","574,251,042",115.50,116.00,115.50,115.50,+0.50,"3,168",
112/07/21,"8,109,506","938,939,743",116.00,116.50,115.50,115.50, 0.00,"4,051",
112/07/24,"7,483,319","866,608,884",116.00,116.00,115.50,116.00,+0.50,"4,026",
112/07/25,"5,956,152","691,805,793",116.00,116.50,115.50,116.50,+0.50,"3,436",
112/07/26,"4,934,023","575,107,607",116.50,117.00,116.00,117.00,+0.50,"3,360",
112/07/27,"4,688,851","547,108,764",117.00,117.00,116.50,116.50,-0.50,"3,671",
112/07/28,"5,209,567","607,714,941",116.50,117.00,116.00,116.50, 0.00,"3,157",
112/07/31,"8,059,795","937,171,060",117.00,117.00,116.00,116.00,-0.50,"4,917",
112/08/01,"3,638,953","423,176,117",116.00,116.50,116.00,116.50,+0.50,"2,877",
112/08/02,"6,336,605","735,838,036",116.00,116.50,116.00,116.00,-0.50,"4,204",
112/08/04,"4,936,765","574,139,452",116.00,116.50,116.00,116.50,+0.50,"3,846",
112/08/07,"5,870,973","682,532,679",116.00,116.50,116.00,116.00,-0.50,"4,159",
112/08/08,"8,079,978","941,332,757",116.50,117.00,116.00,116.50,+0.50,"4,354",
112/08/09,"6,128,841","716,581,807",116.50,117.00,116.50,117.00,+0.50,"4,159",
112/08/10,"9,890,646","1,162,181,462",117.00,118.00,117.00,118.00,+1.00,"5,439",
112/08/11,"5,018,393","593,174,356",118.00,118.50,118.00,118.00, 0.00,"3,544",
112/08/14,"7,274,259","853,089,734",118.00,118.50,117.00,117.00,-1.00,"4,598",
112/08/15,"3,887,559","455,662,000",118.00,118.00,117.00,117.00, 0.00,"2,855",
112/08/16,"8,370,425","984,596,259",117.00,118.00,117.00,118.00,+1.00,"5,729",
112/08/17,"8,468,820","991,421,615",117.50,117.50,116.50,116.50,-1.50,"5,755",
112/08/18,"9,023,828","1,059,521,010",117.00,118.00,116.50,117.50,+1.00,"3,898",
112/08/21,"5,181,959","608,073,789",117.50,118.00,117.00,117.00,-0.50,"3,448",
112/08/22,"5,706,064","668,015,716",117.00,117.50,116.50,116.50,-0.50,"3,556",
112/08/23,"3,276,400","382,797,407",117.00,117.50,116.50,116.50, 0.00,"2,530",
112/08/24,"6,308,978","740,207,639",116.50,118.00,116.50,117.50,+1.00,"3,237",
112/08/25,"4,990,856","584,192,343",117.50,118.00,116.50,116.50,-1.00,"3,483",
112/08/28,"2,340,880","274,291,470",117.00,117.50,116.50,117.00,+0.50,"1,937",
112/08/29,"3,105,154","365,135,626",117.00,118.00,117.00,117.50,+0.50,"2,255",
112/08/30,"6,053,467","710,384,117",117.50,118.00,117.00,117.00,-0.50,"3,339",
112/08/31,"17,081,756","1,988,003,614",117.50,117.50,116.00,116.00,-1.00,"5,967",
112/09/01,"3,829,691","446,847,596",116.00,117.00,116.00,116.50,+0.50,"3,183",
112/09/04,"3,895,767","456,667,812",116.50,117.50,116.00,117.50,+1.00,"2,920",
112/09/05,"3,548,659","415,786,932",117.50,117.50,117.00,117.00,-0.50,"2,641",
112/09/06,"4,222,287","494,836,859",117.50,117.50,117.00,117.00, 0.00,"2,987",
112/09/07,"5,786,818","677,621,925",117.00,117.50,116.50,117.00, 0.00,"3,831",
112/09/08,"3,645,276","425,689,247",117.00,117.00,116.50,116.50,-0.50,"3,064",
112/09/11,"3,652,072","426,604,695",116.50,117.00,116.50,117.00,+0.50,"2,767",
112/09/12,"4,477,926","523,404,493",117.00,117.50,116.50,117.00, 0.00,"3,117",
112/09/13,"6,110,112","713,039,307",117.00,117.50,116.50,116.50,-0.50,"4,144",
112/09/14,"5,474,249","639,871,478",117.00,117.00,116.50,117.00,+0.50,"3,359",
112/09/15,"10,395,037","1,219,634,538",117.00,117.50,116.50,117.50,+0.50,"3,305",
112/09/18,"2,077,036","243,526,921",117.00,117.50,117.00,117.00,-0.50,"2,121",
112/09/19,"4,579,776","536,519,666",117.00,118.00,117.00,117.00, 0.00,"3,065",
112/09/20,"5,393,485","631,315,913",117.00,117.50,116.50,117.00, 0.00,"3,592",
112/09/21,"4,394,526","512,692,672",117.00,117.50,116.50,116.50,-0.50,"3,124",
112/09/22,"5,597,824","652,959,379",116.50,117.00,116.50,117.00,+0.50,"3,231",
112/09/25,"2,566,800","299,660,433",117.00,117.00,116.50,116.50,-0.50,"2,461",
112/09/26,"6,647,980","773,186,163",116.50,117.00,116.00,116.00,-0.50,"5,185",
112/09/27,"6,179,964","718,877,523",116.00,116.50,116.00,116.50,+0.50,"3,688",
112/09/28,"4,642,771","539,909,887",116.50,117.00,116.00,116.00,-0.50,"2,936",
112/10/02,"5,201,489","606,125,367",116.50,117.00,116.00,116.50,+0.50,"3,654",
112/10/03,"4,217,338","490,162,762",116.50,116.50,116.00,116.00,-0.50,"3,643",
112/10/04,"9,114,400","1,053,174,778",116.00,116.00,115.00,115.00,-1.00,"6,921",
112/10/05,"8,673,229","999,731,252",115.00,116.00,115.00,115.00, 0.00,"5,866",
112/10/06,"4,870,533","563,050,414",115.50,116.00,115.50,115.50,+0.50,"4,119",
112/10/11,"11,058,754","1,284,826,972",116.50,116.50,115.50,116.50,+1.00,"6,268",
112/10/12,"6,193,227","720,317,785",117.00,117.00,116.00,116.50, 0.00,"3,769",
112/10/13,"7,305,443","847,567,273",116.00,116.50,115.50,116.00,-0.50,"5,113",
112/10/16,"4,918,143","572,002,196",116.00,116.50,116.00,116.50,+0.50,"3,613",
112/10/17,"6,185,616","719,124,199",116.50,117.00,116.00,116.50, 0.00,"4,140",
112/10/18,"4,967,667","577,067,646",116.50,116.50,116.00,116.00,-0.50,"3,280",
112/10/19,"6,960,347","807,518,038",116.00,116.50,115.50,116.00, 0.00,"5,394",
112/10/20,"9,764,168","1,129,127,538",115.50,116.00,115.50,115.50,-0.50,"4,919",
112/10/23,"4,662,210","539,001,700",115.50,116.00,115.50,115.50, 0.00,"3,871",
112/10/24,"5,461,432","631,085,415",115.50,116.00,115.50,115.50, 0.00,"4,234",
112/10/25,"5,091,328","588,340,165",115.50,116.00,115.50,115.50, 0.00,"3,996",
112/10/26,"7,427,115","855,386,264",115.50,116.00,115.00,115.00,-0.50,"5,090",
112/10/27,"8,965,338","1,035,596,733",115.50,116.00,115.00,115.50,+0.50,"3,791",
112/10/30,"7,451,912","860,989,016",116.00,116.00,115.50,115.50, 0.00,"3,865",
112/10/31,"8,161,602","944,405,251",116.00,116.00,115.50,116.00,+0.50,"4,662",
112/11/01,"8,244,406","961,994,156",116.00,117.50,115.50,117.00,+1.00,"4,502",
112/11/02,"10,342,739","1,214,481,969",117.00,118.00,116.50,118.00,+1.00,"4,653",
112/11/03,"7,870,355","926,160,901",118.00,118.50,117.00,117.50,-0.50,"3,919",
112/11/06,"7,351,367","865,937,287",118.00,118.50,117.50,117.50, 0.00,"3,508",
112/11/07,"6,026,907","709,629,316",117.50,118.00,117.50,118.00,+0.50,"3,697",
112/11/08,"6,041,143","714,088,679",118.00,118.50,118.00,118.50,+0.50,"3,686",
112/11/09,"6,451,474","760,296,544",118.50,118.50,117.50,117.50,-1.00,"3,150",
112/11/10,"5,481,990","643,993,421",117.50,118.00,117.00,117.00,-0.50,"3,788",
112/11/13,"7,934,123","928,207,728",117.50,118.00,116.50,116.50,-0.50,"4,106",
112/11/14,"6,332,374","739,230,717",117.00,117.50,116.50,116.50, 0.00,"3,089",
112/11/15,"13,275,551","1,559,742,792",117.00,118.00,117.00,118.00,+1.50,"6,114",
112/11/16,"13,096,981","1,541,175,670",118.00,118.50,117.00,117.00,-1.00,"5,226",
112/11/17,"8,168,798","959,222,964",117.50,118.00,117.00,117.00, 0.00,"4,933",
112/11/20,"7,939,194","932,597,382",117.00,118.00,117.00,118.00,+1.00,"3,934",
112/11/21,"8,164,988","963,967,016",117.50,118.50,117.50,118.00, 0.00,"4,898",
112/11/22,"4,070,620","481,139,835",118.00,118.50,117.50,118.00, 0.00,"2,626",
112/11/23,"3,955,589","468,280,104",118.00,118.50,118.00,118.50,+0.50,"2,938",
112/11/24,"6,149,571","730,920,797",118.50,119.00,118.00,119.00,+0.50,"3,517",
112/11/27,"7,084,959","849,683,560",119.00,120.50,119.00,120.00,+1.00,"4,882",
112/11/28,"11,668,176","1,402,267,395",120.00,121.00,119.50,119.50,-0.50,"5,533",
112/11/29,"7,701,920","925,541,955",119.50,121.00,119.50,120.00,+0.50,"4,339",
112/11/30,"15,453,522","1,848,713,623",120.00,120.50,119.50,119.50,-0.50,"3,554",
112/12/01,"4,521,081","542,033,531",119.00,120.50,119.00,120.00,+0.50,"3,222",
112/12/04,"5,478,033","661,627,488",120.00,121.00,120.00,121.00,+1.00,"3,937",
112/12/05,"5,823,318","705,485,097",121.00,121.50,120.00,121.50,+0.50,"3,647",
112/12/06,"6,473,310","790,723,107",122.00,122.50,121.50,122.00,+0.50,"4,263",
112/12/07,"3,814,968","462,813,862",122.00,122.00,121.00,121.00,-1.00,"2,579",
112/12/08,"4,345,607","525,018,486",121.00,121.50,120.50,120.50,-0.50,"2,231",
112/12/11,"6,031,339","723,422,121",120.50,120.50,119.50,120.00,-0.50,"3,219",
112/12/12,"3,691,572","442,451,850",120.00,120.00,119.50,120.00, 0.00,"2,006",
112/12/13,"3,211,264","384,379,680",120.00,120.50,119.50,119.50,-0.50,"2,260",
112/12/14,"9,860,120","1,180,935,939",120.00,120.50,119.00,119.50, 0.00,"6,498",
112/12/15,"19,912,050","2,361,875,566",119.50,120.00,118.00,118.50,-1.00,"10,644",
112/12/18,"6,557,181","775,459,887",118.50,119.00,118.00,118.50, 0.00,"5,684",
112/12/19,"4,401,963","520,376,040",118.00,118.50,118.00,118.50, 0.00,"3,656",
112/12/20,"6,116,669","725,853,747",118.50,119.00,118.00,118.50, 0.00,"4,024",
112/12/21,"7,105,917","838,653,109",118.50,118.50,117.50,118.00,-0.50,"6,240",
112/12/22,"4,923,320","580,325,187",118.50,118.50,117.50,117.50,-0.50,"4,557",
112/12/25,"6,201,656","729,780,799",118.00,118.50,117.50,118.00,+0.50,"4,719",
112/12/26,"5,254,762","622,856,927",118.00,119.00,118.00,119.00,+1.00,"3,339",
112/12/27,"5,636,661","671,703,372",118.50,119.50,118.50,119.50,+0.50,"3,323",
112/12/28,"6,064,416","725,515,455",119.00,120.00,119.00,120.00,+0.50,"3,781",
112/12/29,"4,859,555","583,361,997",120.00,120.50,119.50,120.00, 0.00,"2,582",
113/01/02,"3,974,997","477,660,560",120.00,120.50,119.50,120.50,+0.50,"2,548",
113/01/03,"6,672,628","798,470,452",120.00,120.50,119.00,120.00,-0.50,"3,229",
113/01/04,"5,970,464","712,931,993",119.50,120.00,119.00,119.00,-1.00,"3,412",
113/01/05,"2,828,126","337,512,529",119.50,119.50,119.00,119.50,+0.50,"2,022",
113/01/08,"7,409,768","889,672,868",119.50,120.50,119.00,120.50,+1.00,"3,707",
113/01/09,"4,239,464","509,498,959",120.50,120.50,120.00,120.00,-0.50,"2,582",
113/01/10,"3,566,057","428,086,721",120.00,120.50,120.00,120.00, 0.00,"2,094",
113/01/11,"4,348,319","522,999,680",120.00,120.50,120.00,120.50,+0.50,"2,082",
113/01/12,"2,500,737","300,288,744",120.50,120.50,120.00,120.00,-0.50,"1,777",
113/01/15,"5,644,137","680,007,071",120.00,121.00,120.00,120.50,+0.50,"2,364",
113/01/16,"9,787,101","1,170,751,287",120.00,120.50,119.00,119.00,-1.50,"4,532",
113/01/17,"11,855,193","1,409,128,084",119.00,119.50,118.50,118.50,-0.50,"6,488",
113/01/18,"5,233,817","621,412,609",118.50,119.00,118.50,118.50, 0.00,"2,459",
113/01/19,"6,808,929","810,620,600",118.50,120.00,118.50,119.00,+0.50,"2,975",
113/01/22,"4,120,826","492,312,677",119.50,120.00,119.00,119.00, 0.00,"2,707",
113/01/23,"5,072,226","605,032,103",119.50,120.00,119.00,119.50,+0.50,"2,499",
113/01/24,"3,804,057","455,746,340",119.50,120.00,119.50,120.00,+0.50,"2,757",
113/01/25,"4,258,240","510,560,174",120.00,120.50,119.50,120.00, 0.00,"2,322",
113/01/26,"3,456,662","413,898,434",120.00,120.00,119.50,119.50,-0.50,"2,345",
113/01/29,"5,194,149","623,696,847",119.50,120.50,119.50,120.00,+0.50,"3,342",
113/01/30,"6,154,870","736,530,964",120.00,120.00,119.50,119.50,-0.50,"3,465",
113/01/31,"6,179,887","736,328,911",119.00,119.50,119.00,119.00,-0.50,"2,885",
113/02/01,"9,377,955","1,121,239,266",119.00,120.00,119.00,120.00,+1.00,"3,469",
113/02/02,"6,901,707","829,413,975",120.00,120.50,119.50,120.50,+0.50,"2,862",
113/02/05,"10,407,366","1,258,259,444",120.00,121.50,120.00,121.50,+1.00,"5,146",
113/02/15,"12,581,480","1,527,211,311",121.50,122.00,121.00,121.00,-0.50,"7,159",
113/02/16,"5,706,846","692,726,113",121.50,122.00,121.00,122.00,+1.00,"3,854",
113/02/19,"7,084,595","865,478,014",121.50,122.50,121.50,122.00, 0.00,"4,358",
113/02/20,"4,999,913","610,996,745",122.00,122.50,122.00,122.50,+0.50,"3,535",
113/02/21,"6,347,557","778,269,021",122.50,123.00,122.50,122.50, 0.00,"3,367",
113/02/22,"7,161,559","875,810,091",122.50,123.00,122.00,122.00,-0.50,"3,420",
113/02/23,"3,705,825","452,713,595",122.00,122.50,122.00,122.00, 0.00,"2,648",
113/02/26,"4,406,922","538,458,131",122.00,122.50,122.00,122.00, 0.00,"3,047",
113/02/27,"19,735,403","2,392,073,805",122.00,122.50,120.50,121.00,-1.00,"7,917",
113/02/29,"19,972,112","2,408,824,974",120.00,121.00,120.00,120.50,-0.50,"5,156",
113/03/01,"3,856,042","466,682,322",120.50,121.50,120.50,121.00,+0.50,"2,509",
113/03/04,"5,769,848","701,229,337",121.00,122.00,121.00,121.50,+0.50,"3,381",
113/03/05,"6,445,335","781,496,466",121.50,122.00,121.00,121.00,-0.50,"3,827",
113/03/06,"7,048,460","855,804,910",121.00,122.00,121.00,121.50,+0.50,"3,112",
113/03/07,"4,604,992","557,718,688",121.00,121.50,121.00,121.00,-0.50,"4,011",
113/03/08,"5,873,450","708,837,862",120.50,121.00,120.50,120.50,-0.50,"4,110",
113/03/11,"6,754,314","816,405,422",120.50,121.50,120.50,121.50,+1.00,"3,563",
113/03/12,"6,169,623","750,627,831",122.00,122.00,121.50,121.50, 0.00,"3,512",
113/03/13,"7,364,358","892,746,858",121.00,121.50,121.00,121.00,-0.50,"4,322",
113/03/14,"6,182,112","752,808,764",121.00,122.00,121.00,122.00,+1.00,"3,675",
113/03/15,"14,426,940","1,764,743,684",122.00,122.50,121.50,122.50,+0.50,"4,639",
113/03/18,"6,184,682","759,259,761",122.50,123.00,122.00,123.00,+0.50,"4,250",
113/03/19,"12,397,203","1,522,657,343",122.50,123.50,122.00,123.00, 0.00,"4,724",
113/03/20,"10,885,532","1,341,062,760",122.50,124.00,122.50,123.00, 0.00,"5,136",
113/03/21,"8,713,847","1,075,901,991",123.00,124.00,122.50,123.50,+0.50,"4,649",
113/03/22,"7,703,787","952,373,649",123.00,124.00,123.00,124.00,+0.50,"4,203",
113/03/25,"5,178,290","642,668,370",123.50,124.50,123.50,124.50,+0.50,"3,360",
113/03/26,"9,121,397","1,141,210,173",124.50,125.50,124.00,125.50,+1.00,"5,171",
113/03/27,"15,793,465","1,996,197,027",125.50,127.00,125.50,127.00,+1.50,"7,906",
113/03/28,"15,209,746","1,916,592,764",126.50,127.00,125.00,125.50,-1.50,"7,010",
113/03/29,"9,841,682","1,243,757,216",125.50,127.00,125.00,126.00,+0.50,"4,306",
113/04/01,"5,398,730","682,088,930",126.00,127.00,125.50,126.50,+0.50,"3,357",
113/04/02,"9,063,575","1,148,734,894",126.50,127.00,126.00,126.50, 0.00,"4,852",
113/04/03,"11,572,754","1,453,828,146",126.50,126.50,125.00,125.00,-1.50,"5,760",
113/04/08,"8,615,029","1,086,423,181",125.00,126.50,125.00,126.50,+1.50,"4,963",
113/04/09,"4,329,268","544,664,186",126.00,126.50,125.50,125.50,-1.00,"2,684",
113/04/10,"5,385,898","677,596,932",125.50,126.00,125.50,126.00,+0.50,"2,861",
113/04/11,"8,750,782","1,102,233,226",125.50,126.50,125.00,126.50,+0.50,"4,718",
113/04/12,"7,038,841","885,293,482",125.50,126.50,125.50,125.50,-1.00,"3,825",
113/04/15,"8,618,090","1,086,315,615",125.50,126.50,125.50,126.00,+0.50,"4,472",
113/04/16,"15,012,320","1,875,782,643",125.50,126.00,124.00,124.50,-1.50,"7,469",
113/04/17,"14,243,095","1,766,212,280",125.00,125.00,123.50,123.50,-1.00,"7,418",
113/04/18,"11,558,960","1,434,644,127",123.50,124.50,123.00,124.00,+0.50,"4,279",
113/04/19,"17,936,520","2,206,893,907",123.50,124.00,122.50,123.00,-1.00,"9,141",
113/04/22,"15,744,405","1,967,155,032",123.50,125.50,123.00,125.50,+2.50,"6,504",
113/04/23,"11,701,907","1,468,354,770",125.50,126.00,125.00,125.00,-0.50,"5,072",
113/04/24,"13,693,974","1,709,757,617",125.50,126.00,124.00,124.50,-0.50,"5,941",
113/04/25,"11,325,897","1,402,684,792",125.00,125.00,123.50,123.50,-1.00,"5,047",
113/04/26,"4,395,913","544,460,168",123.50,124.50,123.50,123.50, 0.00,"2,842",
113/04/29,"7,472,825","931,865,654",124.00,125.50,124.00,124.50,+1.00,"3,868",
113/04/30,"7,351,741","912,616,787",124.50,125.00,124.00,124.00,-0.50,"3,545",
113/05/02,"10,580,058","1,310,826,255",124.00,125.00,123.50,124.00, 0.00,"5,178",
113/05/03,"7,149,708","889,068,445",124.00,125.00,124.00,124.00, 0.00,"4,143",
113/05/06,"5,110,920","636,449,555",124.50,125.00,124.00,124.50,+0.50,"3,225",
113/05/07,"7,203,035","901,361,058",124.50,125.50,124.50,125.50,+1.00,"3,881",
113/05/08,"19,511,854","2,461,672,165",125.50,127.00,125.00,126.50,+1.00,"6,303",
113/05/09,"7,048,870","888,293,131",126.00,126.50,125.50,126.00,-0.50,"2,762",
113/05/10,"6,008,036","754,017,564",125.50,126.00,125.00,125.50,-0.50,"2,859",
113/05/13,"7,730,339","973,433,990",125.50,126.50,125.00,126.50,+1.00,"3,808",
113/05/14,"5,888,188","739,211,234",126.50,126.50,125.00,125.50,-1.00,"3,333",
113/05/15,"6,529,092","820,530,604",125.50,126.00,125.00,125.50, 0.00,"3,198",
113/05/16,"9,866,122","1,242,026,989",126.00,126.50,125.50,125.50, 0.00,"4,668",
113/05/17,"5,417,390","682,250,377",125.50,126.50,125.50,126.00,+0.50,"2,590",
113/05/20,"9,182,133","1,158,445,097",126.00,126.50,125.50,126.50,+0.50,"4,230",
113/05/21,"6,414,638","809,452,918",126.00,126.50,125.50,126.50, 0.00,"3,151",
113/05/22,"13,748,752","1,743,297,986",126.50,127.00,126.00,127.00,+0.50,"8,512",
113/05/23,"17,596,938","2,239,907,469",126.50,128.00,126.00,127.00, 0.00,"7,680",
113/05/24,"18,186,831","2,317,198,089",127.00,128.00,126.00,127.00, 0.00,"7,755",
113/05/27,"30,602,883","3,877,412,756",127.00,128.00,125.00,125.00,-2.00,"10,011",
113/05/28,"22,698,464","2,868,604,219",126.00,127.50,125.50,126.00,+1.00,"9,929",
113/05/29,"25,103,470","3,152,480,354",126.00,127.00,125.00,125.00,-1.00,"9,402",
113/05/30,"22,337,083","2,809,010,846",125.00,126.50,125.00,126.00,+1.00,"7,226",
113/05/31,"48,588,763","6,183,477,206",125.50,128.00,125.50,128.00,+2.00,"17,272",
113/06/03,"26,519,927","3,357,862,224",127.50,128.00,125.50,127.00,-1.00,"12,029",
113/06/04,"19,131,824","2,433,598,926",126.00,128.00,126.00,127.00, 0.00,"7,699",
113/06/05,"17,426,285","2,224,590,357",127.50,128.00,126.50,127.00, 0.00,"8,507",
113/06/06,"8,944,591","1,139,707,067",127.00,128.00,126.50,127.50,+0.50,"5,157",
113/06/07,"8,268,776","1,048,898,108",127.00,127.50,126.50,126.50,-1.00,"4,589",
113/06/11,"9,963,706","1,261,064,300",126.00,127.00,126.00,126.50, 0.00,"5,374",
113/06/12,"8,466,844","1,072,879,336",126.50,127.00,126.00,126.50, 0.00,"3,710",
113/06/13,"10,009,190","1,268,756,255",126.50,127.00,126.50,126.50, 0.00,"5,320",
113/06/14,"8,974,902","1,144,043,935",127.00,128.00,126.50,128.00,+1.50,"5,208",
113/06/17,"6,007,961","766,566,911",127.50,128.00,127.00,127.50,-0.50,"2,785",
113/06/18,"5,801,601","741,840,751",128.00,128.00,127.00,128.00,+0.50,"3,606",
113/06/19,"10,309,673","1,313,962,081",128.00,128.00,127.00,127.50,-0.50,"5,221",
113/06/20,"10,403,078","1,318,004,930",127.00,127.50,126.00,126.50,-1.00,"5,021",
113/06/21,"15,011,402","1,890,052,889",127.00,127.00,125.50,125.50,-1.00,"6,884",
113/06/24,"7,680,500","967,193,340",125.50,126.50,125.50,126.50,+1.00,"4,512",
113/06/25,"9,456,378","1,191,990,778",126.50,127.00,125.50,126.00,-0.50,"5,996",
113/06/26,"11,236,294","1,413,000,419",126.00,126.50,125.00,125.50,-0.50,"5,650",
113/06/27,"10,551,718","1,326,308,405",125.00,126.00,125.00,126.00,+0.50,"5,304",
113/06/28,"12,073,236","1,520,983,301",126.00,126.50,125.50,125.50,-0.50,"4,416",
113/07/01,"14,758,694","1,865,307,260",126.00,127.00,126.00,126.50,+1.00,"5,953",
113/07/02,"17,509,999","2,200,801,747",126.00,126.50,125.00,125.50,-1.00,"8,275",
113/07/03,"16,145,545","2,024,248,102",125.50,126.00,125.00,125.50, 0.00,"7,910",
113/07/04,"66,210,609","7,854,555,602",119.00,119.50,118.00,118.50,X0.00,"41,323",
113/07/05,"17,209,232","2,056,545,670",119.00,120.00,119.00,120.00,+1.50,"11,488",
113/07/08,"21,968,788","2,613,203,815",120.00,120.00,118.50,119.00,-1.00,"12,534",
113/07/09,"11,250,953","1,335,740,072",119.00,119.50,118.50,119.00, 0.00,"7,798",
113/07/10,"13,055,600","1,545,864,459",119.00,119.00,118.00,118.50,-0.50,"10,256",
113/07/11,"9,233,618","1,095,154,664",118.50,119.00,118.00,118.50, 0.00,"6,393",
113/07/12,"9,178,224","1,088,710,659",118.50,119.00,118.00,118.50, 0.00,"5,196",
113/07/15,"13,865,055","1,655,192,457",119.00,120.00,118.50,119.50,+1.00,"5,616",
113/07/16,"18,293,962","2,194,553,392",119.50,120.50,119.50,119.50, 0.00,"6,214",
113/07/17,"12,377,481","1,484,324,948",120.00,120.50,119.50,119.50, 0.00,"5,452",
113/07/18,"22,203,116","2,675,972,923",120.00,121.00,119.50,120.50,+1.00,"6,483",
113/07/19,"11,396,263","1,372,813,881",120.00,121.00,119.50,121.00,+0.50,"5,613",
113/07/22,"12,741,276","1,533,541,916",120.00,121.00,119.50,120.50,-0.50,"6,239",
113/07/23,"17,170,990","2,090,973,648",120.50,122.50,120.50,121.50,+1.00,"6,571",
113/07/26,"16,001,625","1,955,664,501",121.50,123.00,121.50,122.50,+1.00,"6,683",
113/07/29,"12,138,224","1,478,304,330",122.50,123.00,121.00,121.50,-1.00,"4,716",
113/07/30,"10,455,973","1,267,923,904",121.50,122.50,121.00,121.00,-0.50,"5,357",
113/07/31,"9,135,672","1,109,118,319",121.50,122.00,121.00,121.50,+0.50,"2,626",
113/08/01,"9,327,982","1,131,525,015",122.00,122.00,121.00,121.50, 0.00,"4,225",
113/08/02,"21,792,139","2,658,433,730",121.00,123.00,121.00,123.00,+1.50,"7,139",
113/08/05,"28,478,078","3,450,125,337",121.50,122.50,119.50,121.50,-1.50,"13,342",
113/08/06,"16,386,453","1,988,484,678",121.50,122.00,120.50,122.00,+0.50,"6,382",
113/08/07,"20,302,167","2,475,826,659",121.50,123.50,120.50,121.50,-0.50,"8,439",
113/08/08,"11,110,264","1,349,335,599",121.00,122.00,121.00,121.50, 0.00,"5,808",
113/08/09,"14,353,372","1,749,804,318",121.00,122.50,121.00,122.00,+0.50,"7,742",
113/08/12,"7,157,808","872,246,329",122.00,122.50,121.50,121.50,-0.50,"5,249",
113/08/13,"7,963,042","967,544,079",122.00,122.00,121.00,122.00,+0.50,"4,419",
113/08/14,"10,480,002","1,280,412,261",122.00,122.50,121.50,122.50,+0.50,"4,776",
113/08/15,"10,641,152","1,306,806,355",123.00,123.00,122.50,123.00,+0.50,"5,370",
113/08/16,"12,972,047","1,606,116,823",123.50,124.00,123.50,124.00,+1.00,"6,715",
113/08/19,"5,726,885","707,078,288",124.00,124.00,123.00,123.50,-0.50,"4,396",
113/08/20,"6,609,846","815,878,408",124.00,124.00,123.00,123.50, 0.00,"4,828",
113/08/21,"8,708,102","1,073,876,510",123.50,124.00,123.00,123.50, 0.00,"5,561",
113/08/22,"7,873,647","974,320,918",123.50,124.00,123.00,124.00,+0.50,"4,827",
113/08/23,"8,912,692","1,105,668,498",124.00,125.00,123.50,124.00, 0.00,"4,619",
113/08/26,"6,977,624","865,366,447",124.50,125.00,123.50,124.00, 0.00,"4,041",
113/08/27,"7,697,085","952,307,107",123.50,124.50,123.00,124.50,+0.50,"3,838",
113/08/28,"8,483,082","1,052,913,670",124.50,124.50,123.50,124.00,-0.50,"4,214",
113/08/29,"6,475,821","801,107,553",124.00,124.50,123.50,123.50,-0.50,"3,567",
113/08/30,"10,595,756","1,314,443,194",124.00,124.50,123.50,124.00,+0.50,"3,445",
113/09/02,"3,524,502","437,796,316",124.00,124.50,124.00,124.00, 0.00,"2,778",
113/09/03,"6,267,207","779,425,132",124.50,125.00,124.00,124.00, 0.00,"3,268",
113/09/04,"13,943,161","1,711,426,715",123.00,123.50,122.00,122.00,-2.00,"9,024",
113/09/05,"5,108,015","630,641,485",123.50,124.00,123.00,123.00,+1.00,"3,151",
113/09/06,"5,815,479","719,436,239",123.50,124.00,123.00,124.00,+1.00,"3,415",
113/09/09,"5,845,112","721,213,146",123.00,124.00,123.00,123.50,-0.50,"3,672",
113/09/10,"5,031,195","623,476,956",123.50,124.00,123.50,124.00,+0.50,"2,475",
113/09/11,"5,881,138","729,562,176",124.00,124.50,123.50,123.50,-0.50,"3,638",
113/09/12,"5,031,239","625,925,860",124.50,124.50,124.00,124.50,+1.00,"2,571",
113/09/13,"2,105,818","262,036,313",124.50,124.50,124.00,124.50, 0.00,"1,520",
113/09/16,"5,179,127","646,363,309",125.00,125.00,124.50,125.00,+0.50,"3,686",
113/09/18,"5,401,935","674,631,851",125.00,125.00,124.50,125.00, 0.00,"3,899",
113/09/19,"5,368,583","671,506,339",125.00,125.50,124.50,125.00, 0.00,"3,354",
113/09/20,"16,895,211","2,123,518,576",125.50,126.00,125.00,126.00,+1.00,"6,569",
113/09/23,"7,091,936","895,994,613",126.00,126.50,125.50,126.50,+0.50,"3,877",
113/09/24,"6,932,665","876,104,460",127.00,127.00,126.00,126.50, 0.00,"3,599",
113/09/25,"9,385,710","1,189,414,873",127.00,127.00,126.50,126.50, 0.00,"4,451",
113/09/26,"7,343,559","931,855,467",127.00,127.00,126.50,127.00,+0.50,"4,387",
113/09/27,"5,577,045","708,000,886",127.50,127.50,126.50,126.50,-0.50,"2,989",
113/09/30,"7,992,842","1,008,613,522",126.50,127.00,125.50,125.50,-1.00,"4,633",
113/10/01,"6,988,884","878,157,724",125.50,126.00,125.00,126.00,+0.50,"2,606",
113/10/04,"10,034,176","1,248,816,103",124.00,125.00,124.00,124.50,-1.50,"5,805",
113/10/07,"9,586,915","1,188,906,166",124.50,125.00,123.50,124.00,-0.50,"6,383",
113/10/08,"16,636,045","2,044,349,397",123.50,124.00,122.50,122.50,-1.50,"7,161",
113/10/09,"6,085,742","748,687,706",123.00,124.00,122.50,122.50, 0.00,"4,226",
113/10/11,"5,652,364","694,969,385",122.50,123.50,122.50,122.50, 0.00,"3,408",
113/10/14,"6,302,323","773,495,490",123.00,123.50,122.50,122.50, 0.00,"3,153",
113/10/15,"9,939,406","1,227,551,409",123.00,124.00,122.50,123.50,+1.00,"5,241",
113/10/16,"9,968,077","1,224,376,014",123.00,123.50,122.50,122.50,-1.00,"6,384",
113/10/17,"10,623,791","1,302,367,569",122.50,123.50,122.00,122.50, 0.00,"5,061",
113/10/18,"8,827,539","1,088,825,297",123.00,124.00,122.50,124.00,+1.50,"3,929",
113/10/21,"8,194,198","1,007,149,520",124.00,124.00,122.50,122.50,-1.50,"4,874",
113/10/22,"7,732,145","948,563,282",122.50,123.00,122.00,123.00,+0.50,"4,070",
113/10/23,"11,479,917","1,402,996,679",123.00,123.00,122.00,122.00,-1.00,"6,542",
113/10/24,"8,111,685","989,903,865",122.00,122.50,121.50,122.00, 0.00,"4,299",
113/10/25,"5,247,378","640,522,806",122.50,122.50,121.50,122.00, 0.00,"3,461",
113/10/28,"5,109,269","624,913,428",122.00,123.00,121.50,122.50,+0.50,"3,237",
113/10/29,"7,609,458","929,050,166",122.50,122.50,121.50,122.50, 0.00,"3,983",
113/10/30,"7,757,863","946,649,557",122.00,122.50,121.50,122.00,-0.50,"3,146",
113/11/01,"9,181,686","1,119,334,459",122.00,122.50,121.50,122.00, 0.00,"5,718",
113/11/04,"4,108,775","502,115,777",122.00,122.50,122.00,122.50,+0.50,"2,743",
113/11/05,"4,830,643","593,069,045",122.50,123.00,122.00,123.00,+0.50,"3,207",
113/11/06,"5,466,204","671,694,227",123.00,123.50,122.50,122.50,-0.50,"3,612",
113/11/07,"4,409,350","540,528,358",122.50,123.00,122.00,123.00,+0.50,"2,480",
113/11/08,"7,933,564","976,144,540",123.00,123.50,122.50,123.00, 0.00,"3,571",
113/11/11,"3,666,009","451,318,192",123.00,123.50,122.50,123.00, 0.00,"2,559",
113/11/12,"10,257,508","1,258,867,076",123.00,123.00,122.50,122.50,-0.50,"3,788",
113/11/13,"9,114,398","1,121,270,585",122.50,123.50,122.00,123.50,+1.00,"3,673",
113/11/14,"6,013,364","738,764,749",123.00,123.50,122.50,122.50,-1.00,"2,748",
113/11/15,"5,220,229","641,510,577",123.00,123.50,122.50,122.50, 0.00,"2,880",
113/11/18,"4,508,766","553,172,812",123.00,123.00,122.50,122.50, 0.00,"2,977",
113/11/19,"5,205,555","641,209,971",123.00,123.50,122.50,123.50,+1.00,"3,006",
113/11/20,"5,782,061","711,113,310",123.00,123.50,122.50,122.50,-1.00,"3,290",
113/11/21,"4,900,024","602,305,019",122.50,123.50,122.50,123.00,+0.50,"2,746",
113/11/22,"4,001,852","492,888,217",123.00,123.50,123.00,123.00, 0.00,"2,751",
113/11/25,"15,567,279","1,925,172,630",124.00,124.50,123.50,123.50,+0.50,"4,120",
113/11/26,"4,823,592","597,620,521",123.50,124.50,123.50,124.00,+0.50,"2,688",
113/11/27,"6,554,585","811,288,842",123.50,124.50,123.50,123.50,-0.50,"3,679",
113/11/28,"4,890,093","604,915,802",124.00,124.00,123.50,123.50, 0.00,"3,195",
113/11/29,"6,329,007","779,249,858",123.00,124.00,123.00,123.00,-0.50,"2,132",
113/12/02,"6,248,451","770,858,306",123.50,124.00,123.00,123.00, 0.00,"3,263",
113/12/03,"7,478,029","925,481,814",123.50,124.00,123.50,123.50,+0.50,"4,106",
113/12/04,"4,993,361","620,306,496",124.00,124.50,123.50,124.50,+1.00,"2,949",
113/12/05,"3,376,295","419,612,798",124.50,124.50,124.00,124.00,-0.50,"2,904",
113/12/06,"4,172,969","518,961,718",124.50,124.50,124.00,124.50,+0.50,"2,765",
113/12/09,"4,469,420","556,649,802",124.00,125.00,124.00,124.50, 0.00,"3,261",
113/12/10,"4,416,369","550,329,774",124.00,125.00,124.00,124.50, 0.00,"3,198",
113/12/11,"9,521,439","1,177,896,226",124.50,124.50,123.50,123.50,-1.00,"3,721",
113/12/12,"4,221,005","522,596,502",123.50,124.00,123.50,123.50, 0.00,"2,251",
113/12/13,"6,415,236","792,873,908",123.50,124.00,123.00,123.50, 0.00,"3,340",
113/12/16,"6,437,909","794,757,978",123.50,124.00,123.00,123.00,-0.50,"3,461",
113/12/17,"10,222,760","1,266,142,807",123.50,124.50,123.50,123.50,+0.50,"3,229",
113/12/18,"5,666,177","702,950,640",123.50,124.50,123.50,124.00,+0.50,"3,572",
113/12/19,"6,244,250","772,812,898",123.50,124.00,123.50,123.50,-0.50,"3,866",
113/12/20,"9,231,753","1,137,877,859",123.50,124.00,123.00,123.00,-0.50,"4,475",
113/12/23,"6,092,927","756,092,415",123.50,124.50,123.00,124.50,+1.50,"3,537",
113/12/24,"7,045,496","873,165,487",124.50,124.50,123.50,123.50,-1.00,"3,166",
113/12/25,"2,197,077","272,341,007",124.00,124.50,123.50,124.00,+0.50,"1,685",
113/12/26,"2,090,195","259,692,512",124.00,124.50,124.00,124.00, 0.00,"1,528",
113/12/27,"3,286,421","408,359,961",124.00,124.50,124.00,124.50,+0.50,"1,569",
113/12/30,"3,454,358","428,699,454",124.00,124.50,124.00,124.00,-0.50,"2,152",
113/12/31,"8,648,857","1,068,783,896",124.00,124.50,123.00,123.50,-0.50,"3,216",
114/01/02,"10,306,331","1,266,524,257",123.50,124.00,122.50,123.00,-0.50,"7,253",
114/01/03,"2,915,039","358,180,784",123.00,123.50,122.50,122.50,-0.50,"1,913",
114/01/06,"6,414,285","793,122,573",123.00,124.00,123.00,123.50,+1.00,"3,696",
114/01/07,"5,105,180","630,312,259",124.00,124.00,123.00,123.00,-0.50,"2,733",
114/01/08,"7,683,360","950,879,028",123.50,124.50,123.00,123.50,+0.50,"3,213",
114/01/09,"5,516,189","679,885,540",123.50,124.00,123.00,123.00,-0.50,"2,392",
114/01/10,"6,084,755","747,749,976",123.00,123.50,122.50,123.00, 0.00,"3,111",
114/01/13,"8,494,653","1,042,969,975",122.50,123.00,122.50,123.00, 0.00,"3,847",
114/01/14,"4,605,748","567,503,608",123.00,123.50,123.00,123.50,+0.50,"1,919",
114/01/15,"4,608,940","567,992,374",123.50,123.50,123.00,123.50, 0.00,"2,396",
114/01/16,"4,221,329","521,669,847",123.50,124.00,123.00,124.00,+0.50,"2,417",
114/01/17,"4,008,341","496,377,036",123.50,124.00,123.50,124.00, 0.00,"2,146",
114/01/20,"2,315,725","286,369,187",124.00,124.00,123.50,123.50,-0.50,"1,911",
114/01/21,"3,793,832","468,402,675",123.50,124.00,123.00,123.50, 0.00,"2,535",
114/01/22,"7,509,147","931,972,658",124.00,124.50,123.50,124.50,+1.00,"2,774",
114/02/03,"13,563,731","1,694,358,393",124.50,125.50,124.00,125.50,+1.00,"7,093",
114/02/04,"9,420,479","1,179,712,417",125.50,126.00,125.00,125.00,-0.50,"3,470",
114/02/05,"9,252,015","1,163,884,757",126.00,126.00,125.00,126.00,+1.00,"4,267",
114/02/06,"5,363,667","674,787,624",126.00,126.00,125.00,126.00, 0.00,"2,711",
114/02/07,"5,883,700","738,414,260",125.50,126.00,125.00,126.00, 0.00,"3,586",
114/02/10,"5,767,450","723,277,303",125.50,126.00,125.00,125.50,-0.50,"3,501",
114/02/11,"3,242,743","407,348,660",125.50,126.00,125.50,125.50, 0.00,"1,891",
114/02/12,"7,279,185","917,725,195",126.00,126.50,125.50,126.00,+0.50,"3,121",
114/02/13,"6,377,921","803,150,653",126.00,126.50,125.50,125.50,-0.50,"3,434",
114/02/14,"3,679,507","462,526,072",126.00,126.00,125.50,125.50, 0.00,"1,949",
114/02/17,"4,777,332","600,702,275",126.00,126.00,125.50,126.00,+0.50,"3,909",
114/02/18,"6,498,055","819,549,683",126.00,126.50,125.50,126.50,+0.50,"3,493",
114/02/19,"9,494,724","1,200,058,042",126.50,127.00,126.00,126.50, 0.00,"4,155",
114/02/20,"3,365,924","425,110,272",126.50,126.50,126.00,126.50, 0.00,"1,831",
114/02/21,"4,725,293","598,827,612",126.50,127.00,126.00,127.00,+0.50,"2,098",
114/02/24,"5,750,325","729,114,357",126.50,127.00,126.00,127.00, 0.00,"2,644",
114/02/25,"3,801,957","481,420,330",126.50,127.00,126.50,126.50,-0.50,"2,313",
114/02/26,"7,932,147","1,007,801,476",126.50,127.50,126.50,127.50,+1.00,"4,359",
114/02/27,"18,345,818","2,344,528,996",128.00,128.00,127.00,128.00,+0.50,"4,797",
114/03/03,"11,729,616","1,504,333,243",128.00,128.50,127.50,128.50,+0.50,"5,217",
114/03/04,"8,866,292","1,132,495,339",128.50,128.50,127.00,127.00,-1.50,"3,772",
114/03/05,"6,411,264","818,252,630",127.50,128.00,127.00,127.50,+0.50,"3,696",
114/03/06,"6,077,362","777,322,587",128.00,128.00,127.50,128.00,+0.50,"3,338",
114/03/07,"8,553,758","1,093,713,040",128.00,128.50,127.50,128.00, 0.00,"4,852",
114/03/10,"6,582,677","842,509,350",128.00,128.50,127.50,128.00, 0.00,"4,416",
114/03/11,"13,396,049","1,708,271,188",127.50,128.50,127.00,127.50,-0.50,"5,520",
114/03/12,"6,534,893","836,727,505",127.50,128.50,127.50,128.00,+0.50,"2,833",
114/03/13,"4,235,306","543,226,545",128.50,128.50,128.00,128.50,+0.50,"2,252",
114/03/14,"17,334,314","2,222,641,700",128.50,129.00,127.00,128.50, 0.00,"5,274",
114/03/17,"6,452,280","826,687,120",128.00,128.50,127.50,128.00,-0.50,"3,345",
114/03/18,"14,530,222","1,871,592,010",128.50,129.50,128.50,129.00,+1.00,"3,637",
114/03/19,"5,635,892","725,654,660",129.00,129.00,128.50,128.50,-0.50,"3,249",
114/03/20,"9,501,344","1,225,824,126",129.00,129.50,128.50,129.00,+0.50,"3,061",
114/03/21,"15,728,454","2,038,271,021",129.00,130.00,128.50,130.00,+1.00,"4,704",
114/03/24,"4,353,886","562,824,461",130.00,130.00,129.00,129.00,-1.00,"3,303",
114/03/25,"4,376,771","565,130,173",129.50,129.50,128.50,129.00, 0.00,"2,631",
114/03/26,"3,238,189","417,527,075",129.50,129.50,128.50,129.00, 0.00,"2,092",
114/03/27,"6,784,470","879,219,840",129.00,130.00,128.50,130.00,+1.00,"3,492",
114/03/28,"5,297,359","687,479,124",129.50,130.00,129.00,130.00, 0.00,"3,364",
114/03/31,"16,340,579","2,103,181,655",129.00,129.50,128.00,128.50,-1.50,"5,740",
114/04/01,"9,281,123","1,203,257,442",129.00,130.00,129.00,130.00,+1.50,"4,376",
114/04/02,"8,540,026","1,108,327,565",129.50,130.00,129.00,130.00, 0.00,"4,058",
114/04/07,"53,166,902","6,601,387,520",123.00,127.00,122.00,124.00,-6.00,"29,634",
114/04/08,"31,091,480","3,927,016,586",125.50,127.50,125.00,127.00,+3.00,"14,101",
114/04/09,"36,791,910","4,679,317,177",126.00,129.00,125.00,126.00,-1.00,"13,686",
114/04/10,"40,541,465","5,160,870,468",129.00,129.50,126.00,127.00,+1.00,"15,933",
114/04/11,"21,437,083","2,748,701,431",127.50,129.00,127.00,128.50,+1.50,"7,845",
114/04/14,"12,946,305","1,655,999,960",128.00,129.00,127.00,127.50,-1.00,"6,132",
114/04/15,"13,223,379","1,699,613,372",128.00,129.00,127.50,129.00,+1.50,"5,068",
114/04/16,"13,905,736","1,788,371,637",128.50,129.50,128.00,128.50,-0.50,"5,447",
114/04/17,"7,183,217","922,959,415",129.00,129.00,128.00,128.00,-0.50,"3,062",
114/04/18,"5,919,358","759,093,166",129.00,129.00,127.50,128.00, 0.00,"2,738",
114/04/21,"5,882,174","750,527,201",128.00,128.50,127.00,127.00,-1.00,"2,981",
114/04/22,"14,128,378","1,813,911,597",128.00,129.00,127.00,128.00,+1.00,"4,524",
114/04/23,"11,780,905","1,504,040,709",128.50,129.00,127.00,127.50,-0.50,"5,214",
114/04/24,"11,573,631","1,468,586,368",127.50,128.00,126.50,127.00,-0.50,"6,524",
114/04/25,"11,392,576","1,444,176,795",127.00,127.50,126.50,126.50,-0.50,"5,539",
114/04/28,"13,807,967","1,757,975,656",127.00,128.00,126.50,128.00,+1.50,"4,040",
114/04/29,"12,357,252","1,590,454,542",128.00,129.00,127.50,129.00,+1.00,"5,090",
114/04/30,"9,612,531","1,242,629,718",129.00,129.50,128.50,129.50,+0.50,"4,365",
114/05/02,"9,213,877","1,183,376,043",129.50,129.50,128.00,128.50,-1.00,"5,256",
114/05/05,"12,195,175","1,575,013,034",129.00,129.50,128.50,129.50,+1.00,"4,943",
114/05/06,"18,341,108","2,385,556,684",129.50,130.50,129.50,130.00,+0.50,"7,161",
114/05/07,"15,242,178","1,991,509,841",130.50,131.00,130.00,131.00,+1.00,"5,466",
114/05/08,"8,336,258","1,084,725,741",131.00,131.00,129.50,129.50,-1.50,"2,965",
114/05/09,"10,652,384","1,386,717,036",129.50,131.00,129.00,131.00,+1.50,"5,271",
114/05/12,"8,339,676","1,090,456,517",131.00,131.00,130.00,131.00, 0.00,"4,096",
114/05/13,"8,793,922","1,144,665,530",130.00,131.00,130.00,130.00,-1.00,"3,849",
114/05/14,"13,276,914","1,718,816,653",130.50,130.50,129.00,129.50,-0.50,"7,177",
114/05/15,"11,032,044","1,439,276,988",129.50,131.00,129.00,131.00,+1.50,"5,651",
114/05/16,"6,692,420","877,326,314",131.00,131.50,130.50,131.00, 0.00,"2,942",
114/05/19,"6,851,528","898,356,409",131.00,131.50,130.50,131.00, 0.00,"2,921",
114/05/20,"10,512,474","1,384,395,080",131.50,132.00,131.50,131.50,+0.50,"4,852",
114/05/21,"9,099,804","1,200,524,389",132.00,132.50,131.50,132.50,+1.00,"5,026",
114/05/22,"11,357,970","1,507,842,106",132.00,133.00,132.00,133.00,+0.50,"6,209",
114/05/23,"5,551,099","737,306,184",133.00,133.00,132.00,133.00, 0.00,"2,977",
114/05/26,"9,775,428","1,297,242,197",133.00,133.00,132.00,133.00, 0.00,"5,386",
114/05/27,"13,014,563","1,719,420,352",133.00,133.00,131.50,131.50,-1.50,"5,308",
114/05/28,"12,822,050","1,687,758,485",131.50,132.50,131.00,132.00,+0.50,"6,362",
114/05/29,"31,870,641","4,145,048,515",132.50,132.50,129.50,129.50,-2.50,"9,333",
114/06/02,"13,518,946","1,762,674,678",130.00,131.50,129.50,131.50,+2.00,"5,645",
114/06/03,"24,767,539","3,230,898,854",131.50,132.00,130.00,130.00,-1.50,"5,893",
114/06/04,"11,262,493","1,461,126,896",130.50,130.50,129.50,129.50,-0.50,"4,466",
114/06/05,"7,123,973","925,691,556",129.50,130.50,129.50,130.00,+0.50,"3,359",
114/06/06,"6,622,827","863,265,095",130.50,131.00,130.00,130.00, 0.00,"2,705",
114/06/09,"11,649,583","1,534,492,692",130.00,132.50,130.00,132.50,+2.50,"5,798",
114/06/10,"9,441,844","1,253,353,144",132.00,133.00,131.50,133.00,+0.50,"4,574",
114/06/11,"7,462,063","991,361,640",132.50,133.00,132.50,133.00, 0.00,"4,465",
114/06/12,"10,010,424","1,337,610,594",133.00,134.00,132.50,134.00,+1.00,"5,173",
114/06/13,"12,124,892","1,631,371,809",133.00,135.00,133.00,135.00,+1.00,"5,960",
114/06/16,"11,307,356","1,537,512,756",135.00,137.00,134.50,136.00,+1.00,"5,190",
114/06/17,"8,479,390","1,155,213,949",136.00,137.00,135.50,136.50,+0.50,"4,569",
114/06/18,"7,910,603","1,079,508,739",136.00,137.00,135.50,137.00,+0.50,"5,400",
114/06/19,"8,576,951","1,168,350,274",136.00,137.00,135.50,136.50,-0.50,"7,059",
114/06/20,"8,480,841","1,156,964,305",136.00,137.00,136.00,136.50, 0.00,"3,593",
114/06/23,"7,056,649","961,071,143",136.00,136.50,135.50,136.50, 0.00,"4,602",
114/06/24,"9,146,311","1,246,586,042",136.50,137.00,135.50,135.50,-1.00,"4,899",
114/06/25,"7,233,408","988,489,072",136.50,137.00,136.00,137.00,+1.50,"4,135",
114/06/26,"10,565,064","1,442,035,221",136.50,137.00,135.50,137.00, 0.00,"5,946",
114/06/27,"10,364,811","1,415,571,124",136.50,137.50,136.00,136.50,-0.50,"5,631",
114/06/30,"10,927,688","1,481,700,918",136.50,136.50,135.00,135.00,-1.50,"5,954",
114/07/01,"16,903,244","2,294,373,958",135.50,137.00,134.50,135.00, 0.00,"7,052",
114/07/02,"13,146,527","1,777,375,766",135.00,136.00,134.50,134.50,-0.50,"5,462",
114/07/03,"27,198,117","3,540,750,204",130.00,131.00,129.50,131.00,X0.00,"13,269",
114/07/04,"26,203,580","3,421,739,813",131.00,132.50,130.00,130.50,-0.50,"9,382",
114/07/07,"18,681,792","2,419,727,615",130.50,131.00,128.50,130.00,-0.50,"10,813",
114/07/08,"9,835,210","1,269,025,769",130.50,130.50,128.50,129.00,-1.00,"6,481",
114/07/09,"7,662,811","984,086,148",129.00,129.00,128.00,128.00,-1.00,"5,576",
114/07/10,"9,424,678","1,219,762,880",128.50,130.00,128.50,130.00,+2.00,"4,828",
114/07/11,"12,444,981","1,622,873,640",130.00,131.00,129.50,130.50,+0.50,"4,970",
114/07/14,"11,272,359","1,470,662,199",130.50,131.00,130.00,130.50, 0.00,"4,041",
114/07/15,"7,622,550","988,033,663",130.00,130.50,129.00,129.50,-1.00,"4,807",
114/07/16,"8,750,037","1,138,561,854",129.50,130.50,129.00,130.50,+1.00,"4,865",
114/07/17,"6,667,194","869,806,562",130.50,131.00,129.50,130.50, 0.00,"3,740",
114/07/18,"12,284,180","1,591,419,527",130.50,131.00,129.00,129.00,-1.50,"7,140",
114/07/21,"8,898,883","1,151,245,221",130.00,130.50,129.00,129.00, 0.00,"4,483",
114/07/22,"9,691,629","1,259,728,952",129.50,130.50,129.00,130.50,+1.50,"4,317",
114/07/23,"12,122,640","1,579,201,192",130.50,131.00,129.50,130.00,-0.50,"4,046",
114/07/24,"10,755,462","1,392,575,299",129.50,130.00,129.00,129.50,-0.50,"5,049",
114/07/25,"7,159,447","925,945,148",130.00,130.50,129.00,129.00,-0.50,"4,131",
114/07/28,"6,486,662","838,102,400",129.50,129.50,128.50,129.50,+0.50,"3,509",
114/07/29,"8,007,148","1,034,390,038",129.50,129.50,128.50,129.00,-0.50,"3,058",
114/07/30,"8,203,525","1,062,649,916",130.00,130.00,129.00,129.50,+0.50,"3,185",
114/07/31,"9,099,952","1,174,909,674",129.00,129.50,128.50,129.00,-0.50,"3,795",
114/08/01,"6,845,260","888,492,661",129.00,130.50,129.00,129.50,+0.50,"3,574",
114/08/04,"9,794,605","1,279,243,438",129.50,131.00,129.50,131.00,+1.50,"4,490",
114/08/05,"11,087,344","1,460,250,833",131.00,132.00,130.50,132.00,+1.00,"4,656",
114/08/06,"15,357,757","2,039,484,058",132.50,133.50,132.00,132.50,+0.50,"6,932",
114/08/07,"10,237,314","1,359,122,221",132.50,133.50,132.00,132.50, 0.00,"5,466",
114/08/08,"9,747,792","1,301,377,681",132.50,134.00,132.00,134.00,+1.50,"4,892",
114/08/11,"9,390,401","1,260,864,092",133.50,135.00,133.50,134.50,+0.50,"5,150",
114/08/12,"10,353,496","1,395,826,409",134.50,135.00,134.00,135.00,+0.50,"6,312",
114/08/13,"7,327,432","986,337,502",134.50,135.00,134.00,134.50,-0.50,"4,002",
114/08/14,"9,851,316","1,330,977,727",134.50,136.00,134.00,134.50, 0.00,"4,249",
114/08/15,"7,406,712","1,002,220,813",135.50,136.00,134.50,135.00,+0.50,"7,307",
114/08/18,"10,480,289","1,428,283,998",134.50,137.00,134.50,137.00,+2.00,"6,038",
114/08/19,"9,192,997","1,263,928,136",136.50,138.00,136.00,138.00,+1.00,"6,238",
114/08/20,"9,072,180","1,240,019,473",138.00,138.00,136.00,136.50,-1.50,"5,972",
114/08/21,"7,732,211","1,062,178,686",137.00,138.00,136.50,137.50,+1.00,"4,552",
114/08/22,"7,448,257","1,016,790,190",137.50,137.50,136.00,136.00,-1.50,"4,548",
114/08/25,"8,387,570","1,135,575,636",136.00,136.50,135.00,135.50,-0.50,"7,107",
114/08/26,"39,816,147","5,319,650,918",134.50,134.50,133.50,133.50,-2.00,"8,524",
114/08/27,"6,658,576","889,385,586",133.50,134.50,133.00,134.00,+0.50,"6,712",
114/08/28,"8,097,705","1,080,854,818",134.50,134.50,133.00,133.00,-1.00,"5,620",
114/08/29,"7,636,184","1,015,516,055",133.50,134.00,132.50,132.50,-0.50,"5,616",
114/09/01,"4,168,582","557,621,038",133.50,134.50,133.00,134.00,+1.50,"3,169",
114/09/02,"3,857,749","519,610,021",134.00,135.00,134.00,135.00,+1.00,"3,378",
114/09/03,"4,953,867","666,351,828",134.50,135.50,134.00,134.00,-1.00,"4,023",
114/09/04,"4,219,408","567,880,842",135.00,135.00,134.00,135.00,+1.00,"2,641",
114/09/05,"4,359,568","586,308,660",135.00,135.50,134.00,134.50,-0.50,"3,889",
114/09/08,"3,700,203","497,572,768",134.50,135.00,134.00,134.50, 0.00,"3,316",
114/09/09,"5,381,846","726,909,115",134.50,135.50,134.00,135.50,+1.00,"3,397",
114/09/10,"3,854,003","521,385,279",135.00,136.00,134.50,135.50, 0.00,"3,393",
114/09/11,"6,070,812","819,431,547",135.00,136.00,134.50,134.50,-1.00,"3,871",
114/09/12,"3,949,051","533,867,995",135.50,136.00,134.50,135.50,+1.00,"3,155",
114/09/15,"4,591,025","619,569,596",135.50,135.50,134.50,135.00,-0.50,"3,170",
114/09/16,"4,855,293","651,859,115",134.50,135.00,134.00,134.00,-1.00,"3,548",
114/09/17,"4,109,871","551,764,122",134.50,135.00,134.00,134.50,+0.50,"3,237",
114/09/18,"4,681,040","627,012,617",134.50,135.00,133.50,134.00,-0.50,"3,454",
114/09/19,"12,197,563","1,632,887,577",134.00,134.50,133.50,134.00, 0.00,"4,362",
114/09/22,"3,656,760","488,878,449",134.50,134.50,133.50,133.50,-0.50,"3,156",
114/09/23,"3,398,690","453,934,829",133.50,134.00,133.00,133.50, 0.00,"2,622",
114/09/24,"3,981,283","533,238,760",134.00,134.50,133.50,134.50,+1.00,"2,941",
114/09/25,"4,944,064","660,989,146",134.50,134.50,133.50,133.50,-1.00,"3,546",
114/09/26,"7,779,071","1,043,921,584",133.50,135.00,133.00,134.50,+1.00,"4,260",
114/09/30,"13,067,472","1,747,979,017",135.00,135.00,133.00,133.50,-1.00,"6,713",
114/10/01,"3,436,616","460,321,185",134.00,134.50,133.50,134.50,+1.00,"2,810",
114/10/02,"5,670,600","755,976,122",134.00,134.00,133.00,133.00,-1.50,"5,064",
114/10/03,"7,990,150","1,062,935,513",133.50,134.00,132.50,133.00, 0.00,"6,314",
114/10/07,"5,858,385","780,163,474",133.00,134.00,132.50,133.00, 0.00,"4,313",
114/10/08,"4,057,417","541,340,326",134.00,134.00,133.00,133.50,+0.50,"3,105",
114/10/09,"5,673,544","753,823,988",133.00,133.50,132.50,133.00,-0.50,"4,750",
114/10/13,"12,798,892","1,691,638,176",133.00,133.00,131.50,132.50,-0.50,"7,981",
114/10/14,"6,655,304","880,982,473",132.00,133.00,132.00,132.50, 0.00,"4,812",
114/10/15,"10,324,494","1,362,543,652",132.00,132.50,131.50,131.50,-1.00,"7,868",
114/10/16,"5,152,506","679,390,882",132.00,132.50,131.50,132.00,+0.50,"4,159",
114/10/17,"4,328,971","575,011,593",133.00,133.00,132.50,133.00,+1.00,"2,857",
114/10/20,"3,741,036","498,030,400",133.00,133.50,133.00,133.00, 0.00,"2,596",
114/10/21,"2,450,203","326,200,028",133.50,133.50,133.00,133.00, 0.00,"2,263",
114/10/22,"4,024,371","536,319,580",133.00,133.50,133.00,133.50,+0.50,"2,361",
114/10/23,"4,409,010","588,794,218",133.00,134.00,133.00,134.00,+0.50,"2,517",
114/10/27,"15,556,431","2,061,520,100",134.00,134.00,131.50,132.00,-2.00,"8,507",
114/10/28,"11,442,918","1,509,697,197",132.50,133.00,131.50,132.00, 0.00,"6,509",
114/10/29,"6,248,913","825,008,627",132.00,133.00,131.50,132.00, 0.00,"3,629",
114/10/30,"15,289,270","2,008,439,172",132.50,132.50,130.50,131.50,-0.50,"9,907",
114/10/31,"5,591,706","734,142,333",132.00,132.00,130.50,131.00,-0.50,"3,462",
114/11/03,"7,294,635","961,556,824",132.00,133.00,131.00,131.50,+0.50,"4,105",
114/11/04,"9,169,494","1,202,133,580",131.50,132.50,130.50,131.00,-0.50,"6,671",
114/11/05,"6,226,844","815,653,793",131.50,132.00,130.00,132.00,+1.00,"4,931",
114/11/06,"6,378,943","841,144,491",132.00,132.50,131.50,131.50,-0.50,"3,656",
114/11/07,"7,556,137","1,000,396,055",131.00,133.00,130.50,132.50,+1.00,"4,218",
114/11/10,"3,283,589","436,018,483",132.50,133.00,132.00,133.00,+0.50,"2,885",
114/11/11,"3,614,970","478,160,771",133.00,133.00,132.00,132.00,-1.00,"2,934",
114/11/12,"4,592,030","608,415,212",132.50,133.00,132.00,132.00, 0.00,"2,939",
114/11/13,"4,788,323","630,890,736",132.50,133.00,131.50,131.50,-0.50,"3,287",
114/11/14,"3,660,640","482,203,257",132.00,132.50,131.50,131.50, 0.00,"2,858",
114/11/17,"5,391,252","712,644,935",131.50,133.00,131.50,132.00,+0.50,"3,347",
114/11/18,"6,053,297","794,356,803",131.50,132.00,131.00,131.00,-1.00,"4,756",
114/11/19,"4,596,572","602,653,744",131.50,132.00,130.50,130.50,-0.50,"3,456",
114/11/20,"4,198,494","552,949,791",131.50,132.00,131.00,132.00,+1.50,"3,064",
114/11/21,"8,288,673","1,092,637,429",132.00,132.50,131.00,131.50,-0.50,"5,338",
114/11/24,"22,763,312","3,005,429,631",132.00,133.00,131.50,132.00,+0.50,"4,830",
114/11/25,"7,643,993","1,001,773,528",131.50,132.00,130.50,131.00,-1.00,"5,773",
114/11/26,"5,541,939","725,286,524",131.00,131.50,130.50,131.00, 0.00,"3,993",
114/11/27,"4,231,967","553,511,172",130.50,131.00,130.50,131.00, 0.00,"3,867",
114/11/28,"4,642,104","606,536,135",130.50,131.00,130.50,130.50,-0.50,"3,080",
114/12/01,"8,706,958","1,134,270,994",131.00,131.00,130.00,130.00,-0.50,"6,460",
114/12/02,"6,489,747","844,621,718",130.00,130.50,130.00,130.00, 0.00,"4,750",
114/12/03,"5,307,480","690,998,591",130.50,130.50,130.00,130.00, 0.00,"3,224",
114/12/04,"5,849,550","759,256,883",130.00,130.50,129.50,129.50,-0.50,"5,961",
114/12/05,"5,326,443","693,858,929",130.00,131.00,129.50,130.00,+0.50,"3,045",
114/12/08,"5,794,848","751,768,200",130.00,130.50,129.50,129.50,-0.50,"5,097",
114/12/09,"4,855,718","630,360,245",130.00,130.00,129.50,130.00,+0.50,"3,269",
114/12/10,"4,102,826","532,254,138",130.00,130.00,129.50,129.50,-0.50,"3,034",
114/12/11,"4,890,917","635,447,665",130.00,130.50,129.50,130.00,+0.50,"3,077",
114/12/12,"2,748,568","358,358,170",130.50,130.50,130.00,130.50,+0.50,"2,411",
114/12/15,"4,079,929","532,140,050",130.00,131.00,130.00,130.50, 0.00,"3,320",
114/12/16,"5,928,159","771,510,927",130.00,130.50,129.50,130.50, 0.00,"3,953",
114/12/17,"4,591,685","597,095,394",130.50,130.50,129.50,129.50,-1.00,"3,335",
114/12/18,"3,774,049","490,523,086",129.50,130.50,129.50,130.00,+0.50,"2,691",
114/12/19,"6,555,589","857,268,740",130.00,131.00,129.50,131.00,+1.00,"2,632",
114/12/22,"3,586,382","468,376,007",130.50,131.00,130.00,130.50,-0.50,"2,874",
114/12/23,"4,036,752","527,094,008",130.50,131.00,130.00,130.50, 0.00,"2,352",
114/12/24,"1,880,723","245,750,018",130.50,131.00,130.50,130.50, 0.00,"1,929",
114/12/26,"2,608,396","341,731,200",130.50,131.50,130.50,131.50,+1.00,"2,228",
114/12/29,"4,345,885","572,266,974",131.00,132.00,131.00,132.00,+0.50,"2,937",
114/12/30,"7,082,027","930,248,710",132.00,132.00,131.00,131.00,-1.00,"3,822",
114/12/31,"3,577,446","468,472,712",131.50,132.00,130.50,130.50,-0.50,"2,059",
115/01/02,"3,280,560","432,341,601",131.50,132.00,131.00,132.00,+1.50,"2,621",
115/01/05,"12,120,071","1,605,544,881",131.50,133.00,131.50,133.00,+1.00,"5,679",
115/01/06,"8,300,884","1,102,070,155",133.00,133.50,132.50,132.50,-0.50,"3,943",
115/01/07,"12,265,952","1,631,601,889",132.00,133.50,132.00,133.00,+0.50,"4,126",
115/01/08,"8,267,695","1,104,339,802",133.00,134.00,133.00,133.50,+0.50,"5,082",
115/01/09,"7,532,788","1,004,852,519",133.00,134.00,132.50,133.50, 0.00,"3,446",
115/01/12,"4,675,744","624,093,129",133.00,134.00,132.50,133.50, 0.00,"3,013",
115/01/13,"7,371,394","984,694,481",133.50,134.00,133.50,133.50, 0.00,"3,523",
115/01/14,"8,342,270","1,111,515,707",133.50,134.00,133.00,133.00,-0.50,"3,838",
115/01/15,"9,960,620","1,330,819,718",133.50,134.00,133.00,133.50,+0.50,"4,822",
115/01/16,"11,627,152","1,551,027,951",133.50,134.00,133.00,133.00,-0.50,"4,711",
115/01/19,"5,721,459","764,889,692",133.50,134.00,133.00,134.00,+1.00,"3,653",
115/01/20,"5,248,675","699,252,626",133.50,134.00,133.00,133.00,-1.00,"3,368",
115/01/21,"7,233,783","962,903,265",133.50,133.50,132.50,133.00, 0.00,"4,231",
115/01/22,"5,944,197","791,602,380",133.00,133.50,133.00,133.00, 0.00,"3,403",
115/01/23,"4,912,354","657,065,892",133.50,134.00,133.50,134.00,+1.00,"2,659",
115/01/26,"5,242,192","701,838,345",134.00,134.00,133.50,134.00, 0.00,"3,605",
115/01/27,"12,944,781","1,726,463,082",134.00,134.50,133.00,133.00,-1.00,"6,182",
115/01/28,"9,198,979","1,228,572,319",133.50,134.00,133.00,133.50,+0.50,"4,850",
115/01/29,"10,812,122","1,447,373,920",133.50,134.50,133.50,133.50, 0.00,"4,984",
115/01/30,"14,876,701","1,987,910,055",133.50,134.50,133.00,133.50, 0.00,"5,594",
115/02/02,"9,498,933","1,265,500,304",134.00,134.00,133.00,133.00,-0.50,"4,220",
115/02/03,"8,630,642","1,152,542,134",133.50,134.00,133.00,133.50,+0.50,"4,134",
115/02/04,"9,442,628","1,257,924,640",133.50,134.00,133.00,133.00,-0.50,"3,060",
115/02/05,"14,671,057","1,949,268,838",133.00,133.50,132.50,132.50,-0.50,"5,472",
115/02/06,"14,291,200","1,893,352,634",132.50,133.00,132.00,133.00,+0.50,"6,079",
115/02/09,"13,612,468","1,804,927,802",133.00,133.50,132.00,132.00,-1.00,"7,303",
115/02/10,"10,118,128","1,341,444,313",132.00,133.00,132.00,132.50,+0.50,"5,504",
115/02/11,"12,766,659","1,699,926,612",133.50,133.50,132.50,133.00,+0.50,"5,567",
115/02/23,"20,818,265","2,796,712,024",134.00,135.00,133.50,135.00,+2.00,"9,565",
115/02/24,"13,698,888","1,848,742,221",134.50,135.50,134.50,135.50,+0.50,"5,596",
115/02/25,"11,403,066","1,543,428,430",135.00,136.00,135.00,136.00,+0.50,"7,327",
115/02/26,"28,350,784","3,816,507,739",136.00,136.00,134.00,134.00,-2.00,"6,765",
115/03/02,"29,855,024","4,073,469,101",135.00,138.00,134.50,138.00,+4.00,"10,710",
115/03/03,"16,705,526","2,298,133,633",137.50,138.00,137.00,138.00, 0.00,"6,509",
115/03/04,"24,052,951","3,266,267,745",137.00,137.50,135.00,135.50,-2.50,"8,133",
115/03/05,"13,682,066","1,863,195,641",136.50,137.00,135.00,137.00,+1.50,"5,090",
115/03/06,"10,736,942","1,462,739,951",136.50,137.00,135.50,136.50,-0.50,"4,741",
115/03/09,"16,719,113","2,267,460,817",134.50,136.50,134.50,136.00,-0.50,"7,554",
115/03/10,"12,620,421","1,708,114,907",137.00,137.00,134.50,135.00,-1.00,"5,523",
115/03/11,"9,955,734","1,351,969,682",136.00,137.00,135.00,135.50,+0.50,"5,228",
115/03/12,"10,749,443","1,460,999,317",135.00,136.50,135.00,136.00,+0.50,"4,048",
115/03/13,"7,695,995","1,047,302,524",136.00,136.50,135.50,136.00, 0.00,"3,890",
115/03/16,"7,297,448","997,686,108",136.50,137.50,136.00,136.50,+0.50,"4,046",
115/03/17,"9,033,043","1,232,327,970",137.00,137.50,136.00,137.00,+0.50,"4,656",
115/03/18,"9,172,060","1,257,487,632",137.50,137.50,136.50,137.50,+0.50,"3,707",
115/03/19,"11,884,394","1,613,619,386",137.00,137.00,135.00,135.50,-2.00,"6,023",
115/03/20,"23,873,382","3,214,434,303",136.00,136.50,134.00,134.00,-1.50,"6,951",
115/03/23,"16,555,906","2,213,276,639",133.00,135.00,133.00,134.00, 0.00,"7,328",
115/03/24,"7,532,900","1,011,214,310",134.00,135.00,134.00,134.00, 0.00,"3,895",
115/03/25,"7,037,041","949,449,461",135.50,136.00,134.00,135.00,+1.00,"4,343",
115/03/26,"5,075,813","683,522,818",135.50,135.50,134.00,134.50,-0.50,"3,280",
115/03/27,"4,920,140","660,841,376",134.50,135.00,134.00,134.00,-0.50,"3,548",
115/03/30,"9,437,500","1,262,807,922",133.50,134.50,133.00,134.00, 0.00,"5,297",
115/03/31,"14,694,148","1,958,314,134",133.50,134.00,133.00,133.00,-1.00,"6,434",
115/04/01,"10,640,824","1,422,175,984",134.00,134.50,133.00,134.00,+1.00,"4,957",
115/04/02,"7,496,636","1,003,897,223",134.50,134.50,133.50,134.00, 0.00,"4,188",
115/04/07,"5,891,657","786,980,892",134.00,134.00,133.00,134.00, 0.00,"4,465",
115/04/08,"7,745,262","1,038,576,098",134.50,135.00,133.50,134.00, 0.00,"3,869",
115/04/09,"11,347,359","1,522,782,061",134.00,135.00,133.00,135.00,+1.00,"4,936",
115/04/10,"6,895,110","931,117,928",135.00,135.50,134.50,135.50,+0.50,"4,254",
115/04/13,"6,623,731","891,266,849",135.00,135.00,134.00,134.50,-1.00,"3,719",
115/04/14,"12,027,425","1,617,988,231",135.00,135.00,134.00,135.00,+0.50,"5,174",
115/04/15,"8,257,459","1,113,412,035",135.00,135.50,134.00,135.50,+0.50,"4,564",
115/04/16,"10,487,078","1,426,679,111",136.00,136.50,135.00,136.50,+1.00,"6,066",
115/04/17,"9,367,318","1,283,755,934",137.00,137.50,136.50,137.50,+1.00,"4,606",
115/04/20,"12,592,681","1,731,618,603",137.50,138.00,137.00,137.00,-0.50,"5,779",
115/04/21,"9,234,545","1,267,276,360",137.50,138.00,136.50,137.00, 0.00,"4,267",
115/04/22,"14,255,586","1,944,798,723",137.50,137.50,135.50,136.50,-0.50,"4,259",
115/04/23,"5,431,646","738,112,933",136.00,136.50,135.50,136.00,-0.50,"3,442",
115/04/24,"8,991,028","1,216,377,623",136.00,136.00,135.00,135.50,-0.50,"5,158",
115/04/27,"17,233,286","2,358,213,535",135.00,138.00,135.00,137.00,+1.50,"6,937",
115/04/28,"17,891,541","2,454,922,372",137.50,138.00,136.50,137.00, 0.00,"4,388",
115/04/29,"9,810,472","1,335,541,647",137.50,137.50,135.50,136.50,-0.50,"5,483",
115/04/30,"9,821,487","1,336,283,081",136.00,137.00,135.50,136.00,-0.50,"4,672",
115/05/04,"7,034,370","956,482,317",137.00,137.50,135.50,135.50,-0.50,"4,468",
115/05/05,"5,345,021","726,003,770",135.50,136.00,135.00,136.00,+0.50,"3,344",
115/05/06,"13,304,748","1,812,870,919",137.00,137.00,135.50,136.00, 0.00,"4,497",
115/05/07,"14,117,194","1,917,773,920",135.50,136.50,135.50,135.50,-0.50,"5,234",
115/05/08,"9,445,587","1,286,473,078",136.00,136.50,135.50,136.50,+1.00,"4,622",
115/05/11,"6,670,769","906,026,444",136.50,136.50,135.50,135.50,-1.00,"4,491",
115/05/12,"9,747,882","1,325,630,455",135.50,136.50,135.50,135.50, 0.00,"4,636",
115/05/13,"14,252,707","1,952,786,554",136.50,137.50,135.50,137.50,+2.00,"5,278",
115/05/14,"17,475,344","2,405,555,615",136.50,138.00,136.50,137.50, 0.00,"5,090",
115/05/15,"8,852,265","1,219,121,722",137.50,138.00,137.00,138.00,+0.50,"3,850",
115/05/18,"7,713,190","1,061,218,763",138.00,138.00,137.00,137.00,-1.00,"3,939",
115/05/19,"52,962,314","7,512,958,005",137.00,144.00,137.00,142.50,+5.50,"16,907",
115/05/20,"23,148,337","3,257,671,571",142.50,143.50,139.00,139.00,-3.50,"9,020",
115/05/21,"14,521,452","2,011,344,787",139.00,140.00,137.50,137.50,-1.50,"6,711",
115/05/22,"8,350,262","1,145,565,690",137.50,138.00,137.00,137.00,-0.50,"5,028",
