日期,成交股數,成交金額,開盤價,最高價,最低價,收盤價,漲跌價差,成交筆數,註記
109/01/02,"748,103","173,295,328",233.00,233.00,230.00,232.00,+0.50,597,
109/01/03,"934,964","217,813,612",232.50,234.00,231.50,234.00,+2.00,793,
109/01/06,"806,290","186,933,990",232.50,233.00,230.50,232.50,-1.50,651,
109/01/07,"1,263,692","295,350,428",233.00,235.00,231.50,235.00,+2.50,803,
109/01/08,"883,233","205,505,196",234.00,234.00,231.50,232.00,-3.00,632,
109/01/09,"705,496","165,049,564",232.00,235.00,232.00,235.00,+3.00,520,
109/01/10,"1,740,511","410,684,809",235.00,239.00,234.50,234.50,-0.50,"1,020",
109/01/13,"705,098","166,033,971",234.50,236.50,234.00,235.50,+1.00,560,
109/01/14,"1,074,050","253,482,761",236.50,238.00,234.50,236.00,+0.50,630,
109/01/15,"1,204,494","281,570,338",234.50,235.00,232.50,234.00,-2.00,774,
109/01/16,"1,189,282","278,893,988",233.00,235.50,233.00,235.00,+1.00,687,
109/01/17,"953,615","224,103,025",235.00,235.50,234.00,235.50,+0.50,578,
109/01/20,"680,459","160,696,127",235.50,237.00,234.50,236.00,+0.50,528,
109/01/30,"3,625,841","815,889,265",234.00,234.00,219.00,222.50,-13.50,"2,546",
109/01/31,"1,580,182","356,120,768",226.00,227.50,223.50,224.00,+1.50,"1,061",
109/02/03,"1,559,167","345,244,477",220.00,224.00,217.00,221.50,-2.50,"1,205",
109/02/04,"1,326,150","294,368,800",219.50,224.00,219.00,222.00,+0.50,"1,050",
109/02/05,"1,283,475","284,000,206",223.50,223.50,220.00,221.00,-1.00,978,
109/02/06,"1,706,693","378,974,846",223.00,225.50,220.50,221.50,+0.50,853,
109/02/07,"658,717","146,360,523",221.00,223.50,220.50,223.00,+1.50,520,
109/02/10,"1,234,944","270,334,233",219.00,220.00,217.00,219.50,-3.50,768,
109/02/11,"1,164,576","256,148,673",219.50,222.00,219.00,219.00,-0.50,694,
109/02/12,"1,272,558","279,658,468",219.00,221.50,218.50,219.50,+0.50,922,
109/02/13,"1,848,186","404,408,734",220.00,220.50,218.00,218.00,-1.50,"1,143",
109/02/14,"814,105","177,903,995",218.00,220.00,217.50,219.00,+1.00,669,
109/02/17,"683,678","147,989,457",217.50,217.50,216.00,216.00,-3.00,592,
109/02/18,"1,336,877","285,903,688",215.50,215.50,211.00,215.50,-0.50,884,
109/02/19,"2,614,038","567,986,808",215.00,220.00,215.00,217.00,+1.50,661,
109/02/20,"826,472","178,944,676",218.50,218.50,215.50,216.00,-1.00,618,
109/02/21,"1,179,999","253,170,785",215.00,215.50,213.50,214.50,-1.50,656,
109/02/24,"1,272,784","270,219,492",212.00,213.50,211.00,213.00,-1.50,"1,003",
109/02/25,"1,013,388","213,949,756",210.00,212.50,210.00,211.00,-2.00,853,
109/02/26,"1,552,353","325,730,983",208.50,211.50,208.50,209.50,-1.50,"1,220",
109/02/27,"2,532,019","523,487,920",208.50,209.00,206.00,206.00,-3.50,"1,360",
109/03/02,"3,047,600","616,359,220",201.50,203.50,201.50,202.00,-4.00,"2,019",
109/03/03,"1,274,425","259,354,200",204.00,205.00,202.50,203.00,+1.00,"1,056",
109/03/04,"1,550,202","317,444,410",202.00,207.00,202.00,204.00,+1.00,"1,113",
109/03/05,"1,613,731","329,551,355",205.00,206.50,203.00,203.00,-1.00,"1,149",
109/03/06,"1,804,621","364,484,865",203.00,204.00,201.00,202.00,-1.00,"1,384",
109/03/09,"2,922,395","583,273,395",200.00,201.00,198.00,199.50,-2.50,"2,071",
109/03/10,"3,393,156","675,202,356",197.50,202.00,196.50,200.00,+0.50,"2,201",
109/03/11,"2,898,452","574,765,948",199.00,200.00,197.00,197.50,-2.50,"2,113",
109/03/12,"3,716,542","727,441,816",197.00,198.00,193.00,197.00,-0.50,"2,874",
109/03/13,"5,474,019","1,017,281,621",188.00,193.00,182.00,190.00,-7.00,"3,802",
109/03/16,"3,407,192","635,387,100",184.50,191.00,182.50,185.00,-5.00,"2,575",
109/03/17,"4,168,725","770,321,335",182.00,187.00,181.50,185.00, 0.00,"2,691",
109/03/18,"3,354,908","619,861,421",185.00,187.00,183.00,186.00,+1.00,"2,380",
109/03/19,"4,848,006","851,686,044",176.00,180.00,172.00,173.00,-13.00,"3,435",
109/03/20,"6,218,261","1,086,910,436",173.50,179.00,173.00,175.00,+2.00,"3,803",
109/03/23,"2,624,353","449,874,470",170.00,175.50,167.00,170.50,-4.50,"1,771",
109/03/24,"3,235,792","575,989,976",175.00,181.00,173.00,178.00,+7.50,"2,171",
109/03/25,"4,179,269","758,289,542",181.00,184.00,180.00,180.00,+2.00,"2,664",
109/03/26,"3,132,884","581,004,808",183.00,188.00,182.00,186.00,+6.00,"2,353",
109/03/27,"3,925,087","752,201,704",190.50,195.00,188.00,192.00,+6.00,"2,666",
109/03/30,"2,619,378","503,594,454",191.50,194.50,189.00,193.00,+1.00,"2,096",
109/03/31,"3,862,647","770,025,146",195.50,204.50,193.00,204.50,+11.50,"2,293",
109/04/01,"3,115,402","621,516,998",202.00,202.50,198.00,198.00,-6.50,"2,203",
109/04/06,"2,825,566","552,753,068",198.50,198.50,192.50,197.00,-1.00,"2,165",
109/04/07,"2,663,639","524,284,883",199.50,201.00,194.00,196.00,-1.00,"1,814",
109/04/08,"2,582,920","506,175,740",196.00,198.00,195.00,195.50,-0.50,"1,687",
109/04/09,"1,961,702","385,746,640",197.00,199.00,195.00,195.00,-0.50,"1,362",
109/04/10,"1,395,738","273,841,985",195.00,197.50,195.00,197.50,+2.50,"1,007",
109/04/13,"1,019,632","201,026,312",197.50,198.00,196.00,196.50,-1.00,765,
109/04/14,"2,301,616","457,129,124",197.00,199.50,197.00,198.50,+2.00,"1,260",
109/04/15,"2,634,098","523,729,540",199.50,199.50,198.00,198.50, 0.00,"1,701",
109/04/16,"2,294,849","450,697,602",196.00,198.00,195.50,196.50,-2.00,"1,464",
109/04/17,"2,980,446","592,317,518",198.50,200.50,197.00,198.00,+1.50,"1,867",
109/04/20,"1,141,044","225,144,712",198.00,198.00,197.00,197.00,-1.00,930,
109/04/21,"2,932,328","568,430,943",197.00,197.00,191.50,193.50,-3.50,"2,339",
109/04/22,"2,054,402","395,000,585",192.50,193.50,190.50,193.50, 0.00,"1,503",
109/04/23,"1,736,527","337,160,524",193.00,196.00,193.00,193.50, 0.00,"1,195",
109/04/24,"1,259,408","243,955,060",193.50,195.00,193.00,193.00,-0.50,983,
109/04/27,"1,411,950","277,641,600",195.00,198.00,194.50,197.00,+4.00,"1,016",
109/04/28,"1,475,058","293,407,063",198.00,200.00,197.00,199.00,+2.00,"1,115",
109/04/29,"1,591,363","320,679,996",199.50,202.50,199.50,202.50,+3.50,"1,276",
109/04/30,"3,246,172","655,227,820",203.00,203.50,200.00,202.50, 0.00,"1,903",
109/05/04,"2,626,489","516,334,289",195.00,198.50,195.00,198.50,-4.00,"1,796",
109/05/05,"1,550,498","307,809,280",198.50,199.50,197.50,198.00,-0.50,"1,005",
109/05/06,"1,629,663","320,226,111",197.50,198.00,195.50,196.00,-2.00,"1,303",
109/05/07,"1,145,321","226,155,058",197.00,199.00,196.00,197.00,+1.00,941,
109/05/08,"1,920,994","383,777,794",199.00,201.00,198.00,200.50,+3.50,"1,483",
109/05/11,"1,800,128","362,908,856",202.50,203.00,200.00,202.00,+1.50,"1,374",
109/05/12,"1,540,807","308,453,514",200.00,201.50,198.50,201.00,-1.00,"1,167",
109/05/13,"1,240,638","249,935,876",201.00,202.50,200.00,201.50,+0.50,841,
109/05/14,"5,516,016","1,137,882,312",201.00,209.00,201.00,208.00,+6.50,"3,858",
109/05/15,"4,274,300","884,785,800",209.00,210.00,203.50,207.00,-1.00,"3,153",
109/05/18,"2,020,262","410,992,686",204.00,206.00,202.00,202.00,-5.00,"1,530",
109/05/19,"3,685,308","771,691,180",207.00,211.00,205.00,210.50,+8.50,"2,595",
109/05/20,"3,195,130","664,824,331",211.50,213.00,205.50,205.50,-5.00,"2,340",
109/05/21,"2,910,014","599,705,381",206.00,207.50,205.00,206.50,+1.00,"1,944",
109/05/22,"1,548,584","317,062,720",206.50,206.50,203.00,204.50,-2.00,"1,109",
109/05/25,"1,180,216","242,022,496",205.00,206.00,203.00,206.00,+1.50,842,
109/05/26,"1,849,968","385,343,876",208.00,210.00,206.50,207.50,+1.50,"1,511",
109/05/27,"872,384","180,997,785",207.50,209.00,206.00,208.00,+0.50,687,
109/05/28,"1,841,450","384,977,817",209.50,210.00,208.00,209.00,+1.00,"1,319",
109/05/29,"3,410,937","714,430,270",207.50,210.50,206.00,210.50,+1.50,"1,197",
109/06/01,"1,391,156","293,176,760",212.00,212.00,209.50,210.00,-0.50,"1,166",
109/06/02,"2,011,818","430,015,552",210.50,215.00,210.50,214.00,+4.00,"1,519",
109/06/03,"2,133,059","461,126,256",216.00,217.50,215.00,216.50,+2.50,"1,601",
109/06/04,"2,113,515","457,150,484",218.50,218.50,215.00,217.00,+0.50,"1,443",
109/06/05,"1,915,827","418,114,786",217.50,219.00,217.00,219.00,+2.00,"1,412",
109/06/08,"3,101,083","681,344,908",220.00,221.50,218.50,220.00,+1.00,"2,009",
109/06/09,"2,649,290","583,219,206",220.00,221.00,219.00,220.50,+0.50,"1,363",
109/06/10,"4,594,246","1,032,407,710",220.50,227.50,219.50,225.00,+4.50,"3,112",
109/06/11,"4,719,463","1,081,253,564",225.00,231.50,224.00,229.50,+4.50,"2,849",
109/06/12,"3,702,635","837,415,875",225.00,228.00,221.00,226.00,-3.50,"2,882",
109/06/15,"3,973,893","897,870,425",223.50,227.00,223.50,225.00,-1.00,"2,905",
109/06/16,"4,409,585","1,010,045,045",226.00,231.00,225.50,230.00,+5.00,"2,579",
109/06/17,"3,885,129","894,543,212",230.50,232.00,228.50,231.00,+1.00,"1,879",
109/06/18,"3,851,729","895,244,086",231.50,235.00,229.50,235.00,+4.00,"1,837",
109/06/19,"6,795,486","1,605,863,429",232.50,240.00,232.50,236.50,+1.50,"2,867",
109/06/22,"5,986,460","1,450,015,240",243.00,245.00,237.50,245.00,+8.50,"3,051",
109/06/23,"7,637,819","1,883,200,655",245.00,249.00,243.50,246.50,+1.50,"3,831",
109/06/24,"8,938,457","2,014,793,566",227.00,228.50,222.50,223.50,X0.00,"4,453",
109/06/29,"6,731,039","1,454,775,274",219.00,220.50,214.00,215.50,-8.00,"3,843",
109/06/30,"3,329,722","719,988,396",218.00,220.00,214.00,216.00,+0.50,"1,807",
109/07/01,"2,121,502","457,764,434",216.50,219.00,214.50,216.00, 0.00,"1,794",
109/07/02,"2,278,910","494,677,660",218.50,219.00,216.00,218.00,+2.00,"1,248",
109/07/03,"1,948,770","422,503,360",218.50,219.50,216.00,216.50,-1.50,"1,504",
109/07/06,"2,771,569","603,961,776",217.50,219.50,216.50,218.50,+2.00,"1,765",
109/07/07,"5,153,001","1,138,735,979",220.00,223.50,218.50,221.50,+3.00,"2,393",
109/07/08,"2,933,403","658,690,852",222.00,226.00,221.00,225.50,+4.00,"1,974",
109/07/09,"2,645,527","589,940,494",226.50,228.00,221.00,221.00,-4.50,"1,791",
109/07/10,"2,274,590","498,898,120",222.50,223.00,218.00,218.00,-3.00,"1,791",
109/07/13,"1,943,667","425,270,073",220.00,220.50,218.00,219.00,+1.00,"1,383",
109/07/14,"1,432,183","312,676,894",219.00,220.00,217.50,217.50,-1.50,821,
109/07/15,"2,564,972","557,817,891",219.00,219.50,216.00,217.50, 0.00,"1,782",
109/07/16,"4,093,893","895,277,498",219.50,221.50,217.00,219.50,+2.00,"2,258",
109/07/17,"2,028,540","446,436,260",222.50,223.00,218.50,220.00,+0.50,"1,529",
109/07/20,"3,230,600","721,124,900",222.00,225.00,221.00,224.50,+4.50,"2,462",
109/07/21,"2,709,048","608,711,264",225.50,226.50,223.00,224.50, 0.00,"1,807",
109/07/22,"2,010,525","451,473,600",224.50,225.50,223.50,224.50, 0.00,"1,237",
109/07/23,"2,814,821","631,667,225",225.00,226.00,222.50,225.00,+0.50,"2,012",
109/07/24,"3,506,821","771,583,120",224.00,224.50,218.00,218.00,-7.00,"2,733",
109/07/27,"2,869,609","617,489,606",218.00,221.00,213.00,214.00,-4.00,"2,253",
109/07/28,"2,040,965","439,647,940",213.50,217.00,213.00,216.00,+2.00,"1,456",
109/07/29,"3,090,742","665,362,908",217.00,217.00,213.50,214.50,-1.50,"1,192",
109/07/30,"1,759,275","379,160,246",215.00,217.50,214.00,215.00,+0.50,"1,044",
109/07/31,"2,199,171","474,019,107",214.00,216.50,214.00,216.50,+1.50,"1,121",
109/08/03,"1,896,770","405,844,378",215.50,216.50,213.00,213.00,-3.50,"1,507",
109/08/04,"1,225,823","262,285,945",213.50,215.00,212.50,214.50,+1.50,855,
109/08/05,"8,880,719","1,977,373,024",217.00,226.50,216.50,224.50,+10.00,"5,240",
109/08/06,"6,363,970","1,446,500,015",228.00,230.00,224.50,228.00,+3.50,"3,154",
109/08/07,"4,380,112","1,001,168,182",228.50,230.50,225.50,230.00,+2.00,"3,141",
109/08/10,"3,192,254","736,326,920",230.50,232.50,228.50,230.50,+0.50,"2,388",
109/08/11,"2,961,289","682,066,181",232.00,233.00,228.50,229.50,-1.00,"2,048",
109/08/12,"5,152,702","1,168,886,854",230.00,231.50,222.00,227.00,-2.50,"3,320",
109/08/13,"15,401,680","3,659,389,380",231.00,243.00,231.00,242.00,+15.00,"9,092",
109/08/14,"6,825,597","1,667,395,168",243.00,247.50,240.00,245.00,+3.00,"5,066",
109/08/17,"5,802,343","1,455,926,395",247.00,253.50,245.00,251.50,+6.50,"4,243",
109/08/18,"4,495,044","1,132,792,588",251.00,255.00,246.00,253.50,+2.00,"2,921",
109/08/19,"4,583,010","1,174,874,511",255.00,259.50,253.00,253.50, 0.00,"3,162",
109/08/20,"4,605,020","1,132,730,400",251.50,253.00,240.50,246.00,-7.50,"3,184",
109/08/21,"3,347,702","831,913,933",253.50,253.50,245.50,249.50,+3.50,"2,390",
109/08/24,"2,393,322","592,210,034",247.50,251.00,245.00,247.50,-2.00,"1,712",
109/08/25,"2,188,396","541,822,812",247.00,248.50,246.50,248.00,+0.50,"1,500",
109/08/26,"2,386,239","599,891,989",248.00,253.50,247.00,253.00,+5.00,"1,517",
109/08/27,"2,948,283","732,466,684",253.00,253.50,245.50,249.00,-4.00,"2,053",
109/08/28,"1,895,826","469,135,696",248.00,250.50,245.50,247.00,-2.00,"1,493",
109/08/31,"2,433,896","595,507,728",247.50,248.50,243.00,243.00,-4.00,"1,461",
109/09/01,"2,752,696","677,280,172",243.00,248.00,242.50,246.50,+3.50,"1,427",
109/09/02,"3,255,440","795,809,240",245.50,246.50,241.00,246.50, 0.00,"2,154",
109/09/03,"5,939,654","1,508,631,459",249.00,259.00,247.50,252.50,+6.00,"4,271",
109/09/04,"2,988,968","739,780,564",247.50,249.00,245.50,248.50,-4.00,"2,063",
109/09/07,"1,133,724","279,762,451",248.00,248.00,245.00,247.50,-1.00,921,
109/09/08,"2,231,350","553,887,800",248.00,250.00,245.50,250.00,+2.50,"1,525",
109/09/09,"1,620,708","399,518,376",246.50,247.50,245.00,247.50,-2.50,"1,284",
109/09/10,"4,451,603","1,136,999,343",252.00,258.50,252.00,254.50,+7.00,"3,025",
109/09/11,"2,301,362","577,614,862",253.50,254.00,249.00,251.50,-3.00,"1,797",
109/09/14,"1,986,350","503,019,250",252.00,256.50,250.50,256.00,+4.50,"1,342",
109/09/15,"2,665,259","681,543,545",255.00,257.00,254.00,256.50,+0.50,"2,166",
109/09/16,"2,006,867","514,472,638",258.00,258.00,254.50,256.00,-0.50,"1,510",
109/09/17,"1,185,284","303,862,420",255.00,257.50,254.00,256.00, 0.00,"1,026",
109/09/18,"3,580,902","920,184,848",256.00,258.50,253.00,258.50,+2.50,"1,719",
109/09/21,"2,391,097","615,569,332",254.50,259.50,254.50,257.00,-1.50,"1,591",
109/09/22,"2,198,857","567,016,749",256.00,260.00,255.00,258.00,+1.00,"1,601",
109/09/23,"1,436,300","371,054,900",257.00,260.00,256.00,259.00,+1.00,"1,107",
109/09/24,"2,995,417","758,320,501",256.00,256.50,251.00,253.50,-5.50,"2,119",
109/09/25,"2,304,144","573,662,474",253.50,254.50,245.50,246.50,-7.00,"1,677",
109/09/28,"1,603,992","403,125,486",248.00,253.00,248.00,252.00,+5.50,999,
109/09/29,"1,488,454","372,068,812",252.00,253.00,248.00,249.50,-2.50,835,
109/09/30,"4,064,113","1,028,812,247",253.00,254.00,250.00,253.50,+4.00,980,
109/10/05,"2,432,583","603,827,167",253.50,254.00,245.00,247.00,-6.50,"1,831",
109/10/06,"1,895,542","468,769,131",248.00,249.00,245.50,247.50,+0.50,"1,468",
109/10/07,"1,587,310","393,215,570",246.00,249.00,246.00,247.00,-0.50,"1,129",
109/10/08,"1,296,292","324,043,000",248.00,251.00,248.00,251.00,+4.00,953,
109/10/12,"2,345,039","591,588,328",251.00,254.00,250.50,254.00,+3.00,"1,394",
109/10/13,"2,431,917","602,294,361",252.50,253.00,246.00,247.50,-6.50,"1,937",
109/10/14,"2,149,362","527,799,711",246.00,247.50,242.50,246.50,-1.00,"1,434",
109/10/15,"1,814,367","441,856,853",244.00,246.00,242.50,243.00,-3.50,"1,302",
109/10/16,"1,165,721","283,323,331",244.00,245.50,242.00,242.50,-0.50,806,
109/10/19,"1,584,894","384,531,848",243.00,244.00,241.50,242.00,-0.50,"1,113",
109/10/20,"3,299,176","783,831,564",241.00,241.50,236.00,237.50,-4.50,"2,313",
109/10/21,"3,456,880","830,319,460",237.00,243.50,236.50,242.00,+4.50,"2,728",
109/10/22,"2,181,627","522,028,734",240.00,242.50,236.00,241.50,-0.50,"1,667",
109/10/23,"2,504,696","609,310,267",241.50,246.00,241.50,242.50,+1.00,"1,670",
109/10/26,"7,161,437","1,804,038,036",251.50,258.50,247.50,247.50,+5.00,"4,938",
109/10/27,"2,430,510","600,867,991",245.50,249.00,244.50,248.50,+1.00,"1,623",
109/10/28,"3,124,052","780,753,028",246.50,252.00,246.50,249.50,+1.00,"2,201",
109/10/29,"2,699,126","662,445,893",246.00,248.00,243.50,245.50,-4.00,"1,921",
109/10/30,"3,237,185","789,588,030",243.50,248.00,242.00,242.50,-3.00,"1,790",
109/11/02,"1,542,365","372,165,128",242.50,244.00,240.00,242.00,-0.50,966,
109/11/03,"1,538,225","373,623,760",243.50,244.00,242.00,243.00,+1.00,"1,201",
109/11/04,"2,130,574","514,669,729",243.00,243.50,239.50,242.00,-1.00,"1,377",
109/11/05,"1,060,117","258,127,691",243.00,245.00,242.00,243.00,+1.00,902,
109/11/06,"2,079,889","507,828,956",245.00,245.00,242.00,245.00,+2.00,"1,454",
109/11/09,"2,786,172","692,756,199",247.50,251.00,246.00,251.00,+6.00,"1,978",
109/11/10,"4,809,543","1,164,093,364",247.50,248.00,240.50,241.50,-9.50,"3,594",
109/11/11,"5,769,312","1,408,520,964",240.50,248.50,238.50,248.50,+7.00,"3,515",
109/11/12,"10,044,580","2,463,822,080",243.50,250.00,243.00,244.00,-4.50,"6,764",
109/11/13,"3,670,707","901,350,511",243.00,247.00,242.00,246.00,+2.00,"2,674",
109/11/16,"5,508,672","1,372,447,076",247.50,250.50,247.00,249.50,+3.50,"3,503",
109/11/17,"3,691,582","927,472,790",250.00,253.00,249.50,250.00,+0.50,"2,755",
109/11/18,"4,694,445","1,184,930,944",253.00,255.00,250.50,251.50,+1.50,"3,294",
109/11/19,"3,521,174","884,014,693",252.00,252.50,248.50,251.00,-0.50,"2,507",
109/11/20,"3,308,831","823,430,336",250.00,251.50,248.00,248.50,-2.50,"2,309",
109/11/23,"2,834,878","711,477,476",249.50,252.00,249.00,251.00,+2.50,"2,012",
109/11/24,"2,485,099","623,281,325",251.00,252.50,249.50,249.50,-1.50,"2,044",
109/11/25,"2,334,896","584,094,811",250.50,251.00,249.00,250.50,+1.00,"1,390",
109/11/26,"1,739,018","437,041,065",251.00,252.50,250.00,251.50,+1.00,"1,260",
109/11/27,"1,612,486","405,017,281",252.50,252.50,250.50,251.50, 0.00,"1,386",
109/11/30,"5,129,742","1,280,876,744",251.50,252.50,249.00,249.00,-2.50,"1,856",
109/12/01,"2,043,249","508,368,834",249.50,250.50,248.00,248.50,-0.50,"1,535",
109/12/02,"2,539,609","634,634,047",250.00,251.00,249.00,249.50,+1.00,"1,639",
109/12/03,"3,052,618","758,941,216",250.00,250.50,247.00,247.00,-2.50,"2,476",
109/12/04,"2,716,605","680,009,263",248.50,252.00,248.00,251.50,+4.50,"2,314",
109/12/07,"5,070,543","1,291,722,400",252.50,258.00,252.00,254.00,+2.50,"3,853",
109/12/08,"4,400,939","1,130,738,070",255.50,258.00,255.00,258.00,+4.00,"3,325",
109/12/09,"5,407,405","1,417,143,787",259.00,265.00,256.50,264.00,+6.00,"3,962",
109/12/10,"5,020,982","1,294,276,731",260.00,261.50,254.00,257.00,-7.00,"4,076",
109/12/11,"2,760,547","701,793,993",257.00,258.00,251.00,255.00,-2.00,"2,168",
109/12/14,"2,399,279","613,777,116",255.00,257.00,253.00,255.50,+0.50,"1,869",
109/12/15,"2,201,656","559,413,772",254.00,257.00,253.00,253.00,-2.50,"1,774",
109/12/16,"1,248,875","318,239,733",255.00,256.00,253.50,255.00,+2.00,975,
109/12/17,"1,592,216","404,906,765",255.00,256.00,253.50,253.50,-1.50,"1,143",
109/12/18,"2,329,142","590,855,427",253.50,255.00,253.00,253.00,-0.50,"1,487",
109/12/21,"2,307,730","577,628,564",252.00,252.50,248.50,251.50,-1.50,"1,981",
109/12/22,"2,049,703","511,731,572",250.00,251.50,248.50,249.00,-2.50,"1,628",
109/12/23,"1,266,343","314,855,369",249.00,250.00,247.50,249.00, 0.00,"1,000",
109/12/24,"1,488,877","370,263,508",248.50,249.50,248.00,248.50,-0.50,"1,229",
109/12/25,"1,748,776","435,268,368",250.00,251.00,247.50,248.00,-0.50,"1,337",
109/12/28,"1,529,758","381,752,251",249.50,250.50,248.50,250.00,+2.00,"1,200",
109/12/29,"982,252","245,952,826",250.00,251.50,250.00,250.50,+0.50,889,
109/12/30,"1,642,306","411,948,326",251.00,252.50,249.50,252.50,+2.00,"1,394",
109/12/31,"1,744,522","438,314,221",252.50,253.00,250.50,250.50,-2.00,"1,096",
110/01/04,"1,543,835","388,227,478",250.50,252.50,250.00,251.00,+0.50,"1,246",
110/01/05,"1,964,047","494,746,615",251.00,253.00,250.50,253.00,+2.00,"1,487",
110/01/06,"3,000,993","759,269,874",254.00,255.00,250.00,254.00,+1.00,"2,109",
110/01/07,"7,328,733","1,902,971,328",255.00,265.50,252.50,261.50,+7.50,"5,291",
110/01/08,"11,156,512","3,057,871,094",265.00,280.00,264.50,279.50,+18.00,"8,543",
110/01/11,"6,356,183","1,797,264,087",282.50,287.50,279.00,283.50,+4.00,"4,939",
110/01/12,"5,029,335","1,420,981,673",285.00,287.00,280.00,281.00,-2.50,"3,889",
110/01/13,"6,698,336","1,936,185,107",285.00,295.00,283.00,288.50,+7.50,"5,399",
110/01/14,"4,930,667","1,422,748,869",289.50,291.50,284.50,288.00,-0.50,"3,968",
110/01/15,"4,650,572","1,340,771,485",289.00,291.50,283.50,287.00,-1.00,"3,524",
110/01/18,"3,294,668","930,725,873",286.00,286.00,279.00,283.00,-4.00,"2,536",
110/01/19,"2,685,373","762,702,237",283.00,285.00,282.00,285.00,+2.00,"2,077",
110/01/20,"4,824,980","1,343,503,058",284.00,285.00,275.00,276.00,-9.00,"4,236",
110/01/21,"3,632,168","1,017,334,721",278.00,282.00,277.50,282.00,+6.00,"2,571",
110/01/22,"4,862,635","1,386,411,480",282.00,288.50,280.00,284.50,+2.50,"3,261",
110/01/25,"5,262,857","1,513,906,351",284.50,291.50,282.00,290.00,+5.50,"3,696",
110/01/26,"3,703,221","1,063,135,254",291.00,292.50,284.00,284.00,-6.00,"2,731",
110/01/27,"7,013,745","2,028,851,787",287.00,294.00,287.00,293.00,+9.00,"4,642",
110/01/28,"3,679,673","1,063,576,591",288.00,291.50,285.50,288.50,-4.50,"2,867",
110/01/29,"3,799,006","1,092,114,177",289.50,291.00,284.00,286.50,-2.00,"2,603",
110/02/01,"2,121,899","601,360,235",285.00,285.00,280.50,283.50,-3.00,"1,786",
110/02/02,"3,979,870","1,138,171,426",285.00,287.50,283.50,285.50,+2.00,"2,512",
110/02/03,"3,803,968","1,097,929,632",288.50,291.00,285.00,288.50,+3.00,"2,457",
110/02/04,"2,048,286","589,712,295",288.50,290.00,287.00,287.00,-1.50,"1,532",
110/02/05,"1,356,592","390,820,467",289.50,290.00,287.00,288.50,+1.50,"1,299",
110/02/17,"5,457,855","1,590,824,856",294.00,295.00,289.00,289.50,+1.00,"3,839",
110/02/18,"3,521,376","1,016,485,876",289.50,290.50,287.00,289.00,-0.50,"2,359",
110/02/19,"3,391,598","983,782,232",289.50,292.50,288.50,290.00,+1.00,"2,153",
110/02/22,"4,971,387","1,450,978,657",291.50,295.00,290.00,290.00, 0.00,"3,044",
110/02/23,"3,955,042","1,147,621,647",290.00,291.50,288.50,290.50,+0.50,"2,535",
110/02/24,"10,153,508","3,061,494,193",291.00,309.50,291.00,300.50,+10.00,"8,026",
110/02/25,"5,608,341","1,708,083,049",308.50,311.00,301.00,305.50,+5.00,"4,148",
110/02/26,"6,820,543","2,069,175,057",300.50,307.50,299.00,304.00,-1.50,"4,257",
110/03/02,"7,460,046","2,319,997,009",310.00,315.00,307.00,307.50,+3.50,"5,713",
110/03/03,"5,638,849","1,767,812,711",311.00,317.50,306.00,316.50,+9.00,"4,323",
110/03/04,"4,967,106","1,553,040,037",315.00,316.50,309.00,313.50,-3.00,"3,507",
110/03/05,"3,740,280","1,160,098,272",309.00,311.50,307.00,311.00,-2.50,"2,717",
110/03/08,"4,034,353","1,277,540,250",312.00,319.50,312.00,315.50,+4.50,"3,119",
110/03/09,"3,424,129","1,072,630,653",318.50,318.50,309.00,313.00,-2.50,"2,736",
110/03/10,"3,131,852","983,208,055",316.00,316.50,312.00,312.50,-0.50,"2,164",
110/03/11,"4,926,181","1,565,132,382",315.00,319.50,314.50,317.50,+5.00,"2,715",
110/03/12,"6,197,534","1,998,850,134",319.00,326.50,316.50,323.50,+6.00,"4,626",
110/03/15,"3,290,723","1,065,694,733",322.50,328.00,319.00,326.00,+2.50,"2,744",
110/03/16,"4,881,679","1,622,658,596",329.50,338.00,329.00,331.00,+5.00,"4,168",
110/03/17,"4,898,982","1,598,191,000",331.00,332.50,322.00,325.50,-5.50,"4,679",
110/03/18,"16,013,639","5,729,022,762",358.00,358.00,355.00,358.00,+32.50,"7,540",
110/03/19,"25,023,758","9,343,398,774",368.00,386.00,360.00,377.50,+19.50,"19,067",
110/03/22,"10,243,426","3,819,326,709",382.00,382.00,368.00,368.50,-9.00,"9,623",
110/03/23,"4,938,513","1,812,738,966",373.00,373.00,365.00,365.50,-3.00,"4,782",
110/03/24,"5,326,976","1,961,029,822",366.50,377.00,365.00,366.00,+0.50,"4,391",
110/03/25,"3,647,014","1,328,217,274",367.00,368.50,362.00,365.00,-1.00,"3,630",
110/03/26,"3,895,392","1,423,286,999",366.50,368.00,363.50,365.00, 0.00,"3,659",
110/03/29,"4,498,435","1,668,272,998",366.50,375.00,364.00,374.00,+9.00,"4,139",
110/03/30,"4,234,618","1,591,712,829",377.00,379.50,374.00,377.00,+3.00,"3,634",
110/03/31,"3,831,657","1,432,979,191",377.00,377.50,372.00,372.50,-4.50,"3,186",
110/04/01,"2,278,593","847,821,573",374.00,374.50,370.50,371.50,-1.00,"2,137",
110/04/06,"3,355,370","1,247,498,939",376.50,376.50,369.00,369.00,-2.50,"3,490",
110/04/07,"3,229,846","1,195,414,364",370.00,373.00,368.00,371.50,+2.50,"2,419",
110/04/08,"3,331,605","1,238,921,319",369.00,374.50,368.00,374.50,+3.00,"2,971",
110/04/09,"2,720,640","1,012,081,449",373.50,374.50,370.50,371.50,-3.00,"2,643",
110/04/12,"3,564,726","1,335,664,719",378.00,378.00,372.50,374.50,+3.00,"3,083",
110/04/13,"4,249,291","1,586,320,027",374.50,377.00,368.50,370.50,-4.00,"3,537",
110/04/14,"3,186,758","1,176,528,078",370.50,372.00,365.00,370.50, 0.00,"3,252",
110/04/15,"2,392,472","887,040,944",370.00,373.00,367.50,373.00,+2.50,"2,219",
110/04/16,"8,756,821","3,346,924,125",372.50,391.00,372.00,388.00,+15.00,"7,947",
110/04/19,"5,850,884","2,296,239,879",395.50,398.00,385.50,385.50,-2.50,"5,816",
110/04/20,"3,161,264","1,213,808,238",384.00,387.50,381.00,383.00,-2.50,"3,000",
110/04/21,"4,512,096","1,704,633,447",381.00,381.50,376.00,376.50,-6.50,"4,188",
110/04/22,"5,210,094","1,946,881,861",377.50,378.00,370.00,373.50,-3.00,"4,675",
110/04/23,"3,783,100","1,418,167,357",372.00,378.00,370.00,378.00,+4.50,"3,042",
110/04/26,"3,432,798","1,302,529,473",378.00,381.00,377.50,380.00,+2.00,"2,755",
110/04/27,"4,752,950","1,781,064,522",378.50,380.00,372.50,375.00,-5.00,"4,294",
110/04/28,"2,404,370","896,065,424",374.50,375.50,371.50,372.00,-3.00,"2,023",
110/04/29,"2,580,844","970,399,505",372.00,378.00,372.00,376.00,+4.00,"2,239",
110/05/03,"3,522,560","1,332,491,875",372.50,381.00,372.50,376.50,+0.50,"3,148",
110/05/04,"4,136,648","1,554,763,398",378.00,380.00,370.50,378.00,+1.50,"3,637",
110/05/05,"5,064,244","1,936,104,422",378.00,386.00,373.50,380.50,+2.50,"4,206",
110/05/06,"7,510,977","2,889,287,454",380.00,394.00,379.00,380.50, 0.00,"6,503",
110/05/07,"5,570,888","2,163,456,094",382.50,392.00,382.00,391.00,+10.50,"5,205",
110/05/10,"4,856,771","1,889,653,782",392.00,393.50,385.50,387.00,-4.00,"4,296",
110/05/11,"7,857,312","2,913,294,339",380.00,380.50,361.00,367.50,-19.50,"8,197",
110/05/12,"10,202,970","3,680,278,806",366.00,374.00,335.00,361.50,-6.00,"8,524",
110/05/13,"13,024,839","4,934,323,220",376.00,386.00,367.00,379.50,+18.00,"9,701",
110/05/14,"6,567,278","2,515,127,823",382.00,393.00,374.00,380.00,+0.50,"5,644",
110/05/17,"7,344,185","2,719,856,952",362.50,378.50,362.50,368.00,-12.00,"6,324",
110/05/18,"6,730,324","2,551,123,608",370.00,384.50,369.50,384.00,+16.00,"5,276",
110/05/19,"15,831,565","6,342,561,822",390.00,413.00,384.50,409.50,+25.50,"14,365",
110/05/20,"16,816,813","6,856,770,619",413.00,428.00,394.00,397.00,-12.50,"15,011",
110/05/21,"8,806,299","3,468,726,960",402.00,408.00,388.00,392.50,-4.50,"8,523",
110/05/24,"3,372,424","1,313,879,251",390.50,393.00,386.00,390.00,-2.50,"3,454",
110/05/25,"4,656,378","1,818,738,650",392.00,395.00,388.50,390.50,+0.50,"4,388",
110/05/26,"3,391,925","1,337,922,909",390.50,399.00,389.00,397.50,+7.00,"3,543",
110/05/27,"5,227,025","2,038,067,862",398.50,398.50,388.00,388.00,-9.50,"3,659",
110/05/28,"3,660,247","1,426,005,363",393.00,393.00,387.00,391.50,+3.50,"3,618",
110/05/31,"2,523,805","993,425,443",392.50,396.00,390.50,395.00,+3.50,"2,693",
110/06/01,"3,207,839","1,280,738,442",399.00,403.00,395.00,403.00,+8.00,"3,532",
110/06/02,"4,243,388","1,682,161,560",404.00,404.50,391.50,393.50,-9.50,"4,274",
110/06/03,"3,440,477","1,346,407,694",393.00,395.00,389.50,392.00,-1.50,"3,555",
110/06/04,"1,634,816","636,909,608",390.00,390.00,388.50,390.00,-2.00,"1,806",
110/06/07,"3,046,314","1,175,641,577",389.00,390.00,380.50,388.00,-2.00,"3,370",
110/06/08,"2,382,947","926,279,579",390.00,390.00,386.00,390.00,+2.00,"2,354",
110/06/09,"3,713,502","1,437,290,553",390.00,390.50,385.00,386.00,-4.00,"3,504",
110/06/10,"4,125,457","1,596,251,088",389.50,390.00,385.50,385.50,-0.50,"3,372",
110/06/11,"3,777,359","1,449,498,142",385.50,388.00,382.00,383.00,-2.50,"3,738",
110/06/15,"2,732,942","1,045,652,414",384.00,385.00,381.00,383.50,+0.50,"2,617",
110/06/16,"3,911,292","1,516,564,031",384.50,390.50,384.50,388.00,+4.50,"3,666",
110/06/17,"1,931,899","746,156,223",385.00,388.00,384.00,388.00, 0.00,"2,045",
110/06/18,"4,331,962","1,671,187,042",388.50,389.00,385.00,385.00,-3.00,"2,705",
110/06/21,"3,692,679","1,419,671,089",385.00,387.50,383.00,383.00,-2.00,"2,907",
110/06/22,"7,122,960","2,701,788,431",383.00,388.00,375.00,375.00,-8.00,"7,394",
110/06/23,"6,027,232","2,250,796,852",375.00,376.50,370.50,374.00,-1.00,"6,005",
110/06/24,"2,773,343","1,038,800,063",375.00,377.00,372.00,373.50,-0.50,"2,546",
110/06/25,"7,508,970","2,782,809,912",375.00,375.00,367.00,367.00,-6.50,"8,168",
110/06/28,"3,833,847","1,417,633,777",368.50,374.00,365.00,372.50,+5.50,"3,864",
110/06/29,"2,055,985","763,606,976",373.00,374.00,370.00,370.00,-2.50,"2,371",
110/06/30,"2,816,626","1,048,580,801",371.50,375.00,370.00,371.50,+1.50,"2,224",
110/07/01,"3,047,527","1,125,010,014",370.50,373.50,367.00,367.00,-4.50,"3,657",
110/07/02,"2,784,692","1,027,695,104",368.50,372.00,367.00,371.00,+4.00,"1,935",
110/07/05,"2,277,970","854,862,842",373.00,377.00,372.00,376.00,+5.00,"2,388",
110/07/06,"1,725,473","649,912,709",378.00,378.00,375.50,376.00, 0.00,"1,782",
110/07/07,"3,024,828","1,093,882,483",376.00,379.50,375.50,379.00,+3.00,"1,949",
110/07/08,"2,254,131","858,421,053",382.00,382.00,379.00,381.00,+2.00,"2,030",
110/07/09,"4,340,260","1,630,154,699",380.00,381.50,372.50,373.00,-8.00,"4,274",
110/07/12,"2,432,415","925,699,347",379.00,382.00,377.00,381.00,+8.00,"2,438",
110/07/13,"3,713,239","1,400,981,144",378.50,382.50,374.50,376.50,-4.50,"3,550",
110/07/14,"3,007,483","1,117,664,797",378.50,379.00,376.00,379.00,+2.50,"2,119",
110/07/15,"1,667,991","632,010,335",379.00,380.50,378.00,378.50,-0.50,"1,558",
110/07/16,"3,262,006","1,208,691,564",377.00,378.50,374.00,376.00,-2.50,"2,717",
110/07/19,"2,528,664","936,246,288",374.00,374.00,371.00,372.00,-4.00,"2,881",
110/07/20,"2,003,629","743,875,111",370.50,373.50,370.00,371.00,-1.00,"2,115",
110/07/21,"2,908,939","1,067,718,511",373.00,373.50,369.50,370.50,-0.50,"2,620",
110/07/22,"6,398,816","2,340,619,907",368.00,372.00,365.00,365.50,-5.00,"6,709",
110/07/23,"10,360,160","3,688,482,007",360.00,362.00,353.50,354.50,-11.00,"12,797",
110/07/26,"3,982,860","1,403,129,945",354.50,357.50,351.00,354.50, 0.00,"4,292",
110/07/27,"4,405,883","1,571,437,205",352.00,359.50,351.50,359.00,+4.50,"3,608",
110/07/28,"5,061,632","1,799,050,910",358.50,358.50,353.00,353.50,-5.50,"4,508",
110/07/29,"6,074,852","2,143,169,616",354.00,356.50,351.50,352.50,-1.00,"4,777",
110/07/30,"7,315,405","2,576,617,142",354.00,357.00,351.00,351.00,-1.50,"5,954",
110/08/02,"11,588,615","3,695,589,365",315.00,323.00,312.00,319.50,X0.00,"9,074",
110/08/03,"5,992,679","1,933,416,059",322.00,329.00,319.00,324.50,+5.00,"5,343",
110/08/04,"4,224,119","1,357,369,103",323.00,325.00,319.00,324.00,-0.50,"4,019",
110/08/05,"4,567,967","1,473,817,336",324.00,326.00,320.00,321.00,-3.00,"3,718",
110/08/06,"3,177,982","1,022,885,075",320.50,325.00,318.00,323.50,+2.50,"2,696",
110/08/09,"2,106,089","678,674,934",324.00,324.00,320.50,322.00,-1.50,"1,774",
110/08/10,"3,775,621","1,202,028,921",319.00,320.50,317.00,319.50,-2.50,"3,531",
110/08/11,"5,101,751","1,639,313,757",320.00,323.00,318.50,323.00,+3.50,"3,768",
110/08/12,"6,410,653","2,067,941,993",329.00,329.50,319.00,319.00,-4.00,"5,195",
110/08/13,"3,098,491","986,588,134",320.00,320.50,316.50,316.50,-2.50,"2,971",
110/08/16,"3,597,471","1,133,702,735",318.00,319.00,313.00,315.00,-1.50,"3,370",
110/08/17,"4,585,254","1,459,947,414",319.00,321.00,316.50,318.00,+3.00,"3,505",
110/08/18,"4,068,366","1,284,475,718",317.50,318.50,312.00,317.50,-0.50,"3,374",
110/08/19,"3,616,549","1,131,898,828",316.00,316.50,311.00,311.00,-6.50,"3,487",
110/08/20,"3,326,166","1,034,611,711",312.00,313.50,307.00,312.00,+1.00,"2,934",
110/08/23,"2,134,947","676,931,828",316.00,319.00,314.50,317.50,+5.50,"2,045",
110/08/24,"1,495,799","473,510,080",319.50,319.50,315.00,315.00,-2.50,"1,607",
110/08/25,"932,567","296,369,322",316.00,318.50,316.00,318.50,+3.50,"1,070",
110/08/26,"1,348,685","428,778,964",319.50,319.50,316.00,319.00,+0.50,"1,481",
110/08/27,"1,188,312","376,712,554",317.00,317.50,316.00,317.50,-1.50,"1,433",
110/08/30,"2,388,330","758,574,240",318.00,319.50,315.50,319.00,+1.50,"1,946",
110/08/31,"2,832,531","911,517,719",317.50,324.00,317.00,324.00,+5.00,"2,054",
110/09/01,"1,585,107","509,701,745",322.00,323.00,320.00,321.00,-3.00,"1,665",
110/09/02,"1,839,922","586,088,822",321.00,322.50,316.00,316.00,-5.00,"2,064",
110/09/03,"1,572,830","502,734,637",318.00,321.00,317.00,319.50,+3.50,"1,468",
110/09/06,"1,767,770","571,452,247",319.00,324.50,319.00,323.00,+3.50,"1,936",
110/09/07,"1,923,800","616,606,492",322.50,324.50,319.00,319.00,-4.00,"1,887",
110/09/08,"2,470,104","783,606,025",319.00,321.00,315.00,317.00,-2.00,"2,408",
110/09/09,"1,317,509","416,863,387",315.50,318.50,313.50,316.00,-1.00,"1,167",
110/09/10,"1,877,647","595,692,072",319.00,319.50,316.00,316.00, 0.00,"2,071",
110/09/13,"1,354,702","432,848,402",318.00,322.00,317.50,320.00,+4.00,"1,436",
110/09/14,"2,297,382","741,542,519",322.50,324.00,320.50,322.50,+2.50,"2,123",
110/09/15,"2,292,837","741,079,623",323.50,325.00,322.00,322.50, 0.00,"2,779",
110/09/16,"2,109,691","685,482,722",324.50,326.00,323.00,326.00,+3.50,"1,927",
110/09/17,"3,538,607","1,156,543,963",327.00,329.00,326.00,326.00, 0.00,"2,360",
110/09/22,"2,764,165","897,499,397",321.00,328.50,320.50,328.50,+2.50,"2,438",
110/09/23,"1,927,492","639,416,390",331.00,333.00,329.00,331.50,+3.00,"2,755",
110/09/24,"2,989,429","1,006,014,723",334.00,338.00,333.00,337.00,+5.50,"2,805",
110/09/27,"2,615,504","888,112,323",338.00,341.00,337.00,340.50,+3.50,"2,306",
110/09/28,"2,085,528","704,762,470",339.00,340.50,335.00,338.50,-2.00,"1,941",
110/09/29,"2,851,394","942,556,144",333.00,334.50,327.50,328.50,-10.00,"3,038",
110/09/30,"2,109,923","688,436,225",329.00,329.50,325.00,325.50,-3.00,"1,706",
110/10/01,"2,303,097","739,883,311",325.00,325.50,319.00,320.50,-5.00,"2,446",
110/10/04,"1,726,868","558,384,452",323.00,325.00,322.00,324.00,+3.50,"1,512",
110/10/05,"1,669,499","539,325,814",321.00,327.00,320.50,324.00, 0.00,"2,993",
110/10/06,"1,939,610","626,175,667",326.00,326.00,321.00,323.00,-1.00,"1,658",
110/10/07,"4,014,197","1,339,088,516",327.00,337.00,327.00,337.00,+14.00,"3,426",
110/10/08,"2,375,201","801,896,701",334.00,339.00,333.00,338.00,+1.00,"2,310",
110/10/12,"2,585,960","875,195,757",338.50,342.00,333.50,338.00, 0.00,"2,223",
110/10/13,"3,558,066","1,218,007,082",340.00,345.00,338.50,343.50,+5.50,"3,213",
110/10/14,"3,621,372","1,217,244,328",344.00,344.50,332.00,333.50,-10.00,"3,423",
110/10/15,"1,912,148","640,930,410",336.00,337.50,333.50,334.00,+0.50,"1,602",
110/10/18,"1,558,916","525,171,805",336.00,339.00,335.50,335.50,+1.50,"1,459",
110/10/19,"1,834,276","620,110,844",338.00,339.50,336.50,339.00,+3.50,"1,669",
110/10/20,"3,822,174","1,318,102,599",341.00,348.00,339.50,344.50,+5.50,"4,020",
110/10/21,"3,944,419","1,376,356,769",347.00,351.00,346.50,349.00,+4.50,"3,106",
110/10/22,"3,971,431","1,406,102,344",353.00,356.00,350.50,356.00,+7.00,"3,464",
110/10/25,"2,967,735","1,054,830,844",354.50,359.50,352.00,353.00,-3.00,"3,805",
110/10/26,"3,213,174","1,145,057,154",354.50,358.50,352.00,356.50,+3.50,"2,445",
110/10/27,"1,428,018","508,987,281",355.50,358.50,354.50,357.50,+1.00,"1,330",
110/10/28,"1,795,370","639,105,379",357.00,359.00,354.00,354.00,-3.50,"1,664",
110/10/29,"2,454,931","864,345,205",354.00,356.50,350.50,353.00,-1.00,"2,157",
110/11/01,"1,160,036","410,773,052",354.00,356.00,352.00,355.00,+2.00,"1,305",
110/11/02,"1,802,179","642,475,351",356.00,358.00,356.00,356.00,+1.00,"1,525",
110/11/03,"2,935,011","1,046,959,240",360.00,360.00,354.00,356.00, 0.00,"1,889",
110/11/04,"1,986,124","710,477,269",358.50,360.00,356.00,359.00,+3.00,"1,996",
110/11/05,"2,837,869","1,028,360,639",359.00,364.50,358.00,364.50,+5.50,"2,877",
110/11/08,"4,144,163","1,537,504,775",369.00,374.50,367.00,371.50,+7.00,"4,087",
110/11/09,"3,555,230","1,331,201,627",373.00,376.00,371.50,375.50,+4.00,"3,945",
110/11/10,"3,349,109","1,256,728,734",372.00,378.00,371.00,377.50,+2.00,"3,403",
110/11/11,"7,233,445","2,640,375,605",362.50,368.50,362.00,365.00,-12.50,"7,342",
110/11/12,"4,065,547","1,467,702,716",365.00,365.00,357.00,360.00,-5.00,"4,211",
110/11/15,"2,916,852","1,045,017,740",360.50,361.50,356.00,359.00,-1.00,"3,173",
110/11/16,"3,759,750","1,332,801,984",358.00,358.00,353.00,354.50,-4.50,"4,275",
110/11/17,"2,287,341","815,027,956",353.50,358.00,353.00,357.50,+3.00,"2,288",
110/11/18,"2,413,058","866,522,638",355.50,361.00,355.50,359.50,+2.00,"2,354",
110/11/19,"1,739,374","627,206,164",362.50,363.00,359.00,360.50,+1.00,"1,706",
110/11/22,"2,247,427","800,885,967",359.50,359.50,354.50,356.00,-4.50,"2,319",
110/11/23,"2,243,370","793,610,600",355.00,356.50,352.50,352.50,-3.50,"2,166",
110/11/24,"1,350,968","480,564,041",354.00,358.50,353.50,355.00,+2.50,"1,449",
110/11/25,"1,497,294","538,313,961",358.00,361.00,356.00,361.00,+6.00,"1,745",
110/11/26,"1,770,230","632,461,682",361.00,361.00,355.50,356.00,-5.00,"1,785",
110/11/29,"2,242,520","794,464,485",354.50,357.50,351.50,355.50,-0.50,"2,285",
110/11/30,"5,065,435","1,796,365,063",354.50,360.50,352.50,352.50,-3.00,"2,535",
110/12/01,"2,121,689","764,835,488",356.00,361.00,355.00,360.00,+7.50,"2,127",
110/12/02,"2,095,716","759,863,400",360.00,364.00,359.00,363.50,+3.50,"2,098",
110/12/03,"2,419,172","882,751,812",363.50,367.00,362.50,365.50,+2.00,"2,071",
110/12/06,"1,621,751","588,833,462",363.50,365.00,361.00,365.00,-0.50,"1,629",
110/12/07,"1,559,434","569,100,318",361.00,367.00,361.00,366.50,+1.50,"1,532",
110/12/08,"4,018,970","1,456,534,933",367.00,368.00,360.00,360.00,-6.50,"3,619",
110/12/09,"2,223,270","811,458,422",363.50,367.00,361.00,367.00,+7.00,"2,040",
110/12/10,"2,269,340","837,887,324",370.00,371.50,367.50,368.00,+1.00,"2,271",
110/12/13,"2,432,743","895,526,636",369.00,370.50,365.50,366.50,-1.50,"2,070",
110/12/14,"1,834,971","672,016,219",365.50,367.00,363.00,366.50, 0.00,"1,756",
110/12/15,"1,785,108","651,410,096",367.00,367.50,363.00,364.50,-2.00,"1,770",
110/12/16,"3,585,874","1,319,703,988",368.00,369.50,367.00,367.00,+2.50,"2,701",
110/12/17,"3,269,820","1,202,026,585",367.00,370.00,366.00,366.50,-0.50,"2,494",
110/12/20,"1,915,112","703,599,498",365.50,369.50,364.50,367.00,+0.50,"1,672",
110/12/21,"2,244,736","830,454,533",368.00,371.00,367.00,370.50,+3.50,"2,207",
110/12/22,"1,992,637","737,869,006",372.00,372.50,368.50,370.00,-0.50,"1,864",
110/12/23,"1,863,846","690,645,606",370.00,371.50,369.50,371.00,+1.00,"1,725",
110/12/24,"1,377,692","510,683,781",372.00,373.50,369.00,370.00,-1.00,"1,423",
110/12/27,"1,503,807","559,138,468",370.50,373.00,369.00,372.50,+2.50,"1,638",
110/12/28,"1,390,630","518,518,192",373.50,374.00,372.00,373.50,+1.00,"1,508",
110/12/29,"1,069,548","399,257,938",374.50,374.50,372.50,373.50, 0.00,"1,258",
110/12/30,"2,780,143","1,044,369,436",374.50,377.00,373.50,376.00,+2.50,"2,315",
111/01/03,"1,760,993","658,418,572",377.00,377.50,371.50,373.50,-2.50,"1,963",
111/01/04,"3,386,987","1,276,069,713",375.00,378.50,373.50,377.00,+3.50,"2,979",
111/01/05,"4,379,616","1,666,810,782",377.50,385.00,377.00,380.50,+3.50,"4,327",
111/01/06,"2,161,995","820,102,650",378.00,381.50,377.00,380.00,-0.50,"2,088",
111/01/07,"2,463,698","928,648,234",382.00,382.50,373.00,377.50,-2.50,"2,492",
111/01/10,"1,451,783","546,430,038",376.50,378.50,374.50,378.50,+1.00,"1,547",
111/01/11,"3,153,396","1,193,889,799",379.50,383.00,377.00,378.00,-0.50,"2,601",
111/01/12,"1,714,310","646,154,652",379.50,380.00,375.00,378.00, 0.00,"1,631",
111/01/13,"1,922,084","724,672,865",378.50,379.00,375.50,378.00, 0.00,"1,678",
111/01/14,"2,130,778","798,854,098",377.00,377.50,372.00,377.50,-0.50,"2,172",
111/01/17,"1,019,923","384,564,796",377.00,378.50,375.50,378.00,+0.50,"1,172",
111/01/18,"1,971,553","749,284,326",377.50,381.00,376.50,380.00,+2.00,"2,109",
111/01/19,"1,322,336","501,228,607",378.00,381.00,377.50,378.00,-2.00,"1,431",
111/01/20,"1,680,377","635,874,729",378.00,379.50,377.00,378.50,+0.50,"1,139",
111/01/21,"2,566,698","964,688,297",377.50,377.50,374.00,377.00,-1.50,"2,497",
111/01/24,"6,280,013","2,304,384,317",373.50,373.50,364.00,364.50,-12.50,"7,337",
111/01/25,"5,480,482","1,965,190,982",361.00,362.50,355.00,360.00,-4.50,"6,021",
111/01/26,"2,099,594","755,569,451",358.00,362.00,358.00,359.50,-0.50,"3,471",
111/02/07,"2,332,076","843,843,881",361.00,364.50,359.50,364.00,+4.50,"2,521",
111/02/08,"1,230,210","447,266,932",362.50,364.50,362.00,363.50,-0.50,"1,336",
111/02/09,"2,502,113","910,356,888",363.00,366.00,362.00,366.00,+2.50,"2,210",
111/02/10,"1,306,176","480,568,839",366.00,370.00,366.00,370.00,+4.00,"1,302",
111/02/11,"1,309,229","481,203,251",366.50,368.50,366.00,367.50,-2.50,"1,287",
111/02/14,"1,383,564","502,389,736",365.00,365.50,361.50,363.00,-4.50,"1,496",
111/02/15,"1,119,255","406,897,923",363.00,365.50,362.00,362.50,-0.50,"1,359",
111/02/16,"1,217,548","447,420,080",366.00,369.00,365.00,369.00,+6.50,"1,337",
111/02/17,"2,008,907","745,644,784",370.50,373.50,369.00,371.50,+2.50,"1,994",
111/02/18,"877,277","325,845,944",369.00,372.50,367.50,372.00,+0.50,"1,080",
111/02/21,"2,016,712","756,981,110",370.00,378.50,370.00,378.50,+6.50,"2,361",
111/02/22,"2,457,058","923,157,894",377.00,378.00,373.00,377.50,-1.00,"2,453",
111/02/23,"1,899,157","718,519,534",377.00,381.50,376.50,377.50, 0.00,"2,045",
111/02/24,"2,908,046","1,082,048,703",373.50,376.50,369.50,371.00,-6.50,"3,436",
111/02/25,"2,637,329","978,028,366",371.00,373.50,368.50,371.50,+0.50,"2,499",
111/03/01,"3,078,403","1,148,971,621",369.50,376.50,369.50,373.50,+2.00,"2,862",
111/03/02,"2,263,600","845,222,456",370.50,375.00,370.50,373.00,-0.50,"1,795",
111/03/03,"2,710,167","1,026,285,038",374.00,380.50,374.00,380.00,+7.00,"2,624",
111/03/04,"3,559,454","1,347,539,630",377.00,381.50,376.00,376.00,-4.00,"2,950",
111/03/07,"5,278,981","1,922,331,156",372.00,372.50,359.00,364.00,-12.00,"5,918",
111/03/08,"4,715,983","1,690,988,395",360.00,364.50,355.00,358.50,-5.50,"5,110",
111/03/09,"2,466,525","886,497,803",361.00,361.50,357.00,360.00,+1.50,"2,264",
111/03/10,"3,067,823","1,126,302,164",367.00,369.00,365.00,366.50,+6.50,"2,585",
111/03/11,"3,540,869","1,313,700,537",369.00,374.00,368.00,371.50,+5.00,"3,147",
111/03/14,"5,039,951","1,840,370,292",368.50,369.50,360.00,369.50,-2.00,"4,505",
111/03/15,"3,387,034","1,238,177,240",368.00,368.50,362.00,368.00,-1.50,"2,916",
111/03/16,"6,476,023","2,427,929,676",369.00,379.00,368.00,379.00,+11.00,"5,324",
111/03/17,"13,730,301","5,180,549,909",384.00,384.50,369.50,377.00,-2.00,"12,511",
111/03/18,"6,780,241","2,536,919,938",377.00,381.00,371.00,372.50,-4.50,"5,682",
111/03/21,"4,148,775","1,551,933,955",372.50,376.00,371.50,374.50,+2.00,"3,751",
111/03/22,"4,279,175","1,588,499,704",371.50,373.50,368.00,372.00,-2.50,"4,159",
111/03/23,"2,321,366","864,626,540",371.50,374.00,371.00,372.50,+0.50,"2,493",
111/03/24,"2,155,366","806,239,792",372.50,376.00,372.50,373.00,+0.50,"2,728",
111/03/25,"4,312,414","1,617,347,745",375.50,377.00,372.50,374.00,+1.00,"3,046",
111/03/28,"2,735,861","1,026,792,938",373.00,378.00,372.00,378.00,+4.00,"2,665",
111/03/29,"1,466,383","552,397,675",379.00,379.50,375.50,376.00,-2.00,"2,572",
111/03/30,"2,435,510","914,769,235",376.00,377.00,374.00,375.50,-0.50,"2,530",
111/03/31,"1,796,406","673,077,286",375.00,376.50,373.50,373.50,-2.00,"1,717",
111/04/01,"1,798,334","668,505,459",371.00,373.50,369.00,373.50, 0.00,"2,113",
111/04/06,"3,505,203","1,288,693,560",368.50,371.00,366.00,367.50,-6.00,"4,699",
111/04/07,"3,952,558","1,433,810,590",365.00,366.00,360.50,360.50,-7.00,"5,377",
111/04/08,"2,005,550","727,480,214",361.50,364.50,361.00,364.50,+4.00,"3,121",
111/04/11,"4,673,528","1,675,170,522",364.50,365.50,356.50,356.50,-8.00,"6,915",
111/04/12,"5,366,220","1,877,932,961",352.50,353.00,348.50,349.00,-7.50,"8,348",
111/04/13,"3,198,755","1,132,218,367",350.00,356.50,349.50,354.50,+5.50,"4,263",
111/04/14,"1,669,554","598,334,367",359.50,360.00,355.00,357.00,+2.50,"2,406",
111/04/15,"1,260,888","448,390,561",356.00,357.00,354.00,356.50,-0.50,"2,669",
111/04/18,"1,599,012","568,219,638",354.50,358.00,352.00,355.00,-1.50,"2,802",
111/04/19,"1,843,035","660,468,935",355.00,360.00,355.00,357.00,+2.00,"2,253",
111/04/20,"1,973,235","709,924,760",359.00,361.50,358.00,359.50,+2.50,"2,626",
111/04/21,"1,972,311","709,530,258",362.00,362.50,358.50,358.50,-1.00,"2,746",
111/04/22,"1,907,628","688,182,874",358.50,364.00,357.00,363.00,+4.50,"2,722",
111/04/25,"2,314,902","825,744,620",357.50,358.50,355.50,356.00,-7.00,"3,504",
111/04/26,"1,532,830","550,912,853",357.00,362.00,357.00,358.00,+2.00,"2,482",
111/04/27,"1,830,938","648,894,396",353.50,356.00,353.00,355.00,-3.00,"3,343",
111/04/28,"2,045,957","726,768,588",355.50,357.00,353.50,356.50,+1.50,"2,823",
111/04/29,"1,823,180","651,948,489",357.00,359.00,357.00,357.00,+0.50,"2,263",
111/05/03,"1,442,249","517,285,849",355.50,362.50,354.00,362.00,+5.00,"2,378",
111/05/04,"1,250,857","452,926,921",363.00,364.00,360.50,361.50,-0.50,"1,796",
111/05/05,"1,617,137","590,558,115",364.00,366.50,363.50,366.00,+4.50,"2,716",
111/05/06,"2,543,504","912,942,352",359.50,361.50,357.50,358.00,-8.00,"3,587",
111/05/09,"2,209,351","785,060,454",355.00,359.00,352.50,356.50,-1.50,"3,206",
111/05/10,"4,598,180","1,596,548,675",350.00,351.50,343.00,350.00,-6.50,"6,140",
111/05/11,"2,080,282","724,861,225",348.00,351.00,346.00,349.50,-0.50,"3,149",
111/05/12,"5,320,857","1,806,361,092",344.00,344.00,336.50,338.00,-11.50,"8,453",
111/05/13,"4,389,947","1,457,749,983",338.00,338.50,328.50,332.50,-5.50,"6,074",
111/05/16,"2,691,494","895,886,492",336.00,337.00,330.00,332.00,-0.50,"3,635",
111/05/17,"2,817,596","942,796,115",336.50,338.00,332.00,332.50,+0.50,"3,325",
111/05/18,"3,148,266","1,048,744,450",333.50,335.50,332.00,332.00,-0.50,"3,949",
111/05/19,"3,894,924","1,261,013,919",326.50,326.50,321.50,325.00,-7.00,"5,524",
111/05/20,"2,963,337","959,321,956",326.00,326.50,322.00,324.00,-1.00,"4,373",
111/05/23,"2,418,484","786,342,974",327.00,328.00,323.00,323.50,-0.50,"2,790",
111/05/24,"1,866,632","603,390,366",324.00,326.00,322.00,322.00,-1.50,"2,135",
111/05/25,"2,106,226","687,310,695",324.00,328.00,323.50,327.00,+5.00,"2,320",
111/05/26,"2,031,883","659,959,810",329.50,329.50,323.00,323.50,-3.50,"2,614",
111/05/27,"1,846,358","605,351,535",325.00,329.50,323.50,329.00,+5.50,"1,988",
111/05/30,"3,111,488","1,047,159,403",333.00,338.50,331.00,338.50,+9.50,"3,227",
111/05/31,"5,336,677","1,820,043,209",338.50,343.00,334.00,341.50,+3.00,"2,611",
111/06/01,"2,101,557","723,397,192",342.50,346.00,340.00,343.00,+1.50,"2,115",
111/06/02,"1,191,458","408,626,256",340.50,345.00,340.00,342.50,-0.50,"1,574",
111/06/06,"2,768,051","944,506,273",343.00,344.50,340.00,340.00,-2.50,"2,690",
111/06/07,"2,084,692","707,888,748",340.00,342.00,337.00,339.00,-1.00,"2,297",
111/06/08,"4,410,192","1,496,860,634",343.50,343.50,336.50,338.50,-0.50,"2,988",
111/06/09,"3,251,858","1,087,909,264",338.00,338.00,333.00,333.00,-5.50,"3,428",
111/06/10,"1,853,202","610,844,910",332.50,332.50,328.00,329.00,-4.00,"2,485",
111/06/13,"2,555,252","830,986,073",324.00,328.50,322.50,327.00,-2.00,"3,011",
111/06/14,"3,917,085","1,273,077,011",324.00,328.50,322.50,325.00,-2.00,"3,760",
111/06/15,"2,011,664","657,833,618",326.50,332.00,324.50,325.00, 0.00,"2,633",
111/06/16,"1,722,812","562,713,181",329.50,329.50,324.00,324.50,-0.50,"2,009",
111/06/17,"3,694,684","1,190,781,557",321.50,324.00,319.00,323.00,-1.50,"2,613",
111/06/20,"3,292,851","1,051,273,430",324.00,324.00,316.50,320.00,-3.00,"3,447",
111/06/21,"3,149,373","1,034,660,196",324.00,332.00,321.00,332.00,+12.00,"2,665",
111/06/22,"2,820,026","917,808,361",333.00,334.00,321.50,321.50,-10.50,"2,983",
111/06/23,"2,349,772","761,908,468",324.00,326.50,321.50,325.00,+3.50,"2,162",
111/06/24,"2,651,621","862,596,035",328.00,329.00,322.50,326.00,+1.00,"2,317",
111/06/27,"1,858,172","610,453,386",328.50,330.50,326.50,328.50,+2.50,"1,943",
111/06/28,"2,081,789","679,157,432",328.50,330.00,324.00,326.00,-2.50,"2,169",
111/06/29,"2,637,586","854,942,310",322.50,326.50,322.00,324.00,-2.00,"2,220",
111/06/30,"6,152,299","1,919,925,804",320.00,320.50,308.50,310.50,-13.50,"6,348",
111/07/01,"3,977,428","1,234,675,851",311.00,315.00,308.00,309.50,-1.00,"3,825",
111/07/04,"3,912,114","1,189,133,548",310.00,312.50,300.00,301.50,-8.00,"4,522",
111/07/05,"2,428,614","739,566,567",307.00,309.00,301.50,304.50,+3.00,"2,357",
111/07/06,"2,870,266","864,123,644",307.00,307.50,298.00,298.00,-6.50,"3,729",
111/07/07,"3,127,587","942,152,696",300.00,305.50,296.00,302.50,+4.50,"2,972",
111/07/08,"2,147,896","656,568,022",303.50,308.00,303.50,305.00,+2.50,"2,228",
111/07/11,"1,932,038","597,387,172",310.00,311.00,308.00,309.50,+4.50,"2,023",
111/07/12,"2,849,598","869,995,506",307.50,308.00,302.00,306.50,-3.00,"2,856",
111/07/13,"3,059,104","960,858,797",313.50,317.50,311.00,313.00,+6.50,"2,869",
111/07/14,"1,965,704","610,500,673",312.00,313.50,309.50,312.50,-0.50,"2,912",
111/07/15,"1,506,838","469,590,136",314.00,314.50,310.00,310.00,-2.50,"1,912",
111/07/18,"4,182,165","1,289,138,125",310.50,311.50,303.50,308.50,-1.50,"3,975",
111/07/19,"4,460,505","1,389,054,207",309.00,314.00,308.00,312.00,+3.50,"2,794",
111/07/20,"2,631,681","833,450,125",315.00,318.50,314.50,316.00,+4.00,"2,874",
111/07/21,"3,599,734","1,149,122,961",316.00,323.00,316.00,322.00,+6.00,"3,190",
111/07/22,"3,686,537","1,193,396,102",323.50,327.00,318.00,326.00,+4.00,"3,584",
111/07/25,"3,116,714","1,010,103,692",323.00,326.50,320.50,326.00, 0.00,"2,817",
111/07/26,"3,454,435","1,115,313,989",325.50,325.50,321.00,323.00,-3.00,"2,921",
111/07/27,"4,833,461","1,555,838,724",323.50,324.50,319.50,322.50,-0.50,"3,510",
111/07/28,"6,562,789","2,106,505,049",324.00,325.00,319.00,319.00,-3.50,"6,369",
111/07/29,"8,279,637","2,325,774,511",277.00,284.00,277.00,281.50,X0.00,"7,675",
111/08/01,"3,167,254","888,866,725",281.00,283.00,278.00,282.50,+1.00,"3,383",
111/08/02,"5,131,707","1,426,232,761",280.00,280.50,275.50,277.50,-5.00,"6,052",
111/08/03,"2,184,743","610,715,155",278.00,281.00,277.00,281.00,+3.50,"2,169",
111/08/04,"1,667,137","468,197,363",281.00,282.50,279.00,281.00, 0.00,"1,904",
111/08/05,"2,103,080","591,674,856",283.00,283.00,279.50,282.00,+1.00,"2,574",
111/08/08,"1,888,759","532,595,431",282.00,284.00,280.50,283.50,+1.50,"1,960",
111/08/09,"2,492,507","701,402,060",283.50,283.50,280.00,281.00,-2.50,"2,906",
111/08/10,"2,734,618","759,411,852",278.50,279.00,277.00,277.00,-4.00,"3,176",
111/08/11,"2,416,434","680,516,424",281.50,282.50,279.50,282.00,+5.00,"2,175",
111/08/12,"10,944,358","2,858,762,278",261.00,264.50,257.50,262.00,-20.00,"14,100",
111/08/15,"8,343,849","2,124,689,833",260.50,261.00,252.00,252.50,-9.50,"11,028",
111/08/16,"6,585,988","1,662,840,280",250.50,255.50,248.00,254.50,+2.00,"6,404",
111/08/17,"5,355,943","1,372,067,002",256.50,258.00,254.00,258.00,+3.50,"4,843",
111/08/18,"4,499,769","1,166,745,452",255.50,263.00,255.00,262.50,+4.50,"4,345",
111/08/19,"3,594,741","947,439,885",262.50,265.50,261.00,264.50,+2.00,"3,980",
111/08/22,"3,445,408","913,847,562",262.50,267.50,262.50,267.50,+3.00,"3,229",
111/08/23,"3,838,589","1,006,784,675",265.00,266.00,260.50,260.50,-7.00,"3,602",
111/08/24,"4,466,536","1,141,512,630",261.00,261.00,253.50,254.00,-6.50,"5,801",
111/08/25,"3,359,908","853,026,511",256.00,257.00,252.00,255.50,+1.50,"3,899",
111/08/26,"2,486,501","640,494,872",257.00,258.50,256.00,258.50,+3.00,"2,702",
111/08/29,"2,650,055","670,028,121",251.50,255.00,251.00,253.00,-5.50,"3,792",
111/08/30,"2,737,563","700,162,632",256.00,258.00,253.00,257.00,+4.00,"2,493",
111/08/31,"3,510,282","895,350,760",254.00,256.00,254.00,255.00,-2.00,"1,990",
111/09/01,"2,605,604","658,022,209",253.50,254.00,251.00,252.50,-2.50,"2,916",
111/09/02,"1,705,235","433,711,090",255.00,256.00,253.00,253.50,+1.00,"1,893",
111/09/05,"2,041,465","524,646,488",255.50,259.00,254.50,258.00,+4.50,"2,399",
111/09/06,"2,127,433","546,976,354",260.00,261.00,254.00,255.00,-3.00,"2,446",
111/09/07,"8,072,073","1,977,891,393",252.50,253.00,241.00,242.00,-13.00,"10,705",
111/09/08,"3,942,390","975,028,810",245.00,249.50,243.50,249.00,+7.00,"3,363",
111/09/12,"3,214,616","812,162,339",251.00,254.50,250.50,254.00,+5.00,"3,552",
111/09/13,"2,539,521","652,086,706",256.00,259.50,255.00,256.50,+2.50,"2,404",
111/09/14,"2,149,708","542,496,287",249.50,254.50,248.50,252.50,-4.00,"5,139",
111/09/15,"1,769,464","450,236,070",254.00,256.50,252.50,254.00,+1.50,"1,588",
111/09/16,"5,564,479","1,421,352,896",251.50,257.00,251.50,256.50,+2.50,"2,851",
111/09/19,"2,169,709","551,838,146",257.00,257.50,253.00,254.50,-2.00,"1,986",
111/09/20,"2,720,421","690,114,289",256.00,256.50,252.00,253.50,-1.00,"1,885",
111/09/21,"3,870,649","964,981,148",251.50,253.00,248.00,249.00,-4.50,"3,545",
111/09/22,"3,808,597","933,326,898",245.00,247.00,242.00,246.50,-2.50,"3,718",
111/09/23,"1,376,700","338,901,310",245.00,248.00,244.00,246.00,-0.50,"1,613",
111/09/26,"3,616,962","867,100,400",242.50,244.00,238.00,238.50,-7.50,"4,125",
111/09/27,"2,286,918","554,264,984",240.50,246.00,240.00,242.00,+3.50,"2,221",
111/09/28,"3,586,616","853,957,031",241.50,243.50,236.00,237.50,-4.50,"3,352",
111/09/29,"2,322,792","552,645,348",242.00,242.00,236.00,237.50, 0.00,"2,315",
111/09/30,"3,721,783","868,733,973",235.00,235.00,231.50,234.00,-3.50,"3,249",
111/10/03,"1,824,593","424,297,536",228.50,235.50,228.50,234.00, 0.00,"2,140",
111/10/04,"2,924,823","700,029,684",235.00,241.50,234.50,240.00,+6.00,"2,775",
111/10/05,"2,724,553","666,788,524",242.50,247.00,242.00,244.00,+4.00,"3,099",
111/10/06,"2,751,152","670,660,182",243.50,246.50,241.00,244.00, 0.00,"3,081",
111/10/07,"5,141,376","1,202,055,038",241.50,242.50,230.50,231.00,-13.00,"7,318",
111/10/11,"4,705,023","1,059,921,448",227.00,227.00,223.50,225.00,-6.00,"4,562",
111/10/12,"2,643,821","608,895,172",228.50,233.00,226.50,231.50,+6.50,"2,338",
111/10/13,"2,147,751","495,546,516",229.50,232.00,228.50,231.00,-0.50,"3,315",
111/10/14,"1,898,841","440,759,201",235.00,235.00,231.00,231.00, 0.00,"1,879",
111/10/17,"2,999,633","693,066,247",227.50,233.00,227.50,232.00,+1.00,"2,387",
111/10/18,"3,476,543","819,464,614",234.50,238.00,232.00,236.50,+4.50,"3,228",
111/10/19,"3,207,142","764,522,214",235.50,240.00,234.00,239.00,+2.50,"3,033",
111/10/20,"5,136,266","1,191,843,274",235.00,236.00,230.00,232.00,-7.00,"4,481",
111/10/21,"2,266,657","521,048,804",232.00,232.50,228.00,229.00,-3.00,"2,516",
111/10/24,"2,015,966","465,264,742",231.00,232.00,229.00,231.00,+2.00,"1,942",
111/10/25,"2,168,826","502,442,105",233.00,234.00,230.50,231.50,+0.50,"2,119",
111/10/26,"2,391,437","560,715,113",234.00,236.00,231.50,235.50,+4.00,"2,399",
111/10/27,"2,272,627","531,650,300",237.00,238.00,232.50,233.00,-2.50,"3,683",
111/10/28,"1,422,612","332,827,145",233.00,235.00,232.00,234.00,+1.00,"1,300",
111/10/31,"1,714,300","404,842,063",235.50,237.50,234.50,236.00,+2.00,"1,300",
111/11/01,"1,180,782","278,293,409",236.00,237.00,234.50,236.00, 0.00,"1,358",
111/11/02,"1,758,737","415,397,717",233.00,238.00,233.00,237.50,+1.50,"1,715",
111/11/03,"2,124,606","499,224,000",235.00,236.00,232.50,235.50,-2.00,"1,802",
111/11/04,"3,387,296","786,442,853",233.00,235.00,229.50,234.50,-1.00,"3,138",
111/11/07,"2,540,037","600,823,533",236.50,238.00,234.00,237.50,+3.00,"2,323",
111/11/08,"2,277,450","549,002,607",239.50,242.00,239.00,242.00,+4.50,"2,325",
111/11/09,"2,299,377","561,574,483",243.50,245.50,242.00,244.50,+2.50,"2,335",
111/11/10,"1,374,505","331,506,106",241.00,242.50,240.00,241.00,-3.50,"1,816",
111/11/11,"4,079,214","1,009,785,670",248.00,251.00,244.50,249.00,+8.00,"3,787",
111/11/14,"2,567,589","639,079,388",250.00,250.50,247.50,248.00,-1.00,"6,688",
111/11/15,"2,277,860","570,174,596",248.00,252.50,247.00,252.00,+4.00,"2,375",
111/11/16,"2,240,003","564,946,252",251.50,254.00,250.50,252.00, 0.00,"2,432",
111/11/17,"2,133,922","539,256,719",252.00,254.50,250.00,254.00,+2.00,"2,137",
111/11/18,"1,938,346","493,024,951",253.00,256.00,252.00,256.00,+2.00,"2,116",
111/11/21,"3,096,422","796,032,448",257.00,259.00,254.00,258.00,+2.00,"2,725",
111/11/22,"4,135,350","1,074,772,822",259.00,261.50,255.00,261.00,+3.00,"3,830",
111/11/23,"4,098,977","1,086,654,590",261.50,267.00,260.50,265.00,+4.00,"4,172",
111/11/24,"3,879,611","1,040,568,653",267.00,270.00,266.00,267.50,+2.50,"4,266",
111/11/25,"4,379,325","1,168,973,434",270.00,271.50,265.00,265.00,-2.50,"6,903",
111/11/28,"4,314,240","1,151,406,930",263.00,270.00,259.00,265.50,+0.50,"3,495",
111/11/29,"3,852,961","1,032,044,455",266.00,270.00,264.00,267.00,+1.50,"3,000",
111/11/30,"8,448,075","2,249,641,258",267.00,269.00,265.50,266.00,-1.00,"2,049",
111/12/01,"3,001,202","814,146,199",270.00,273.50,267.00,271.50,+5.50,"3,175",
111/12/02,"3,420,955","940,957,106",273.00,277.00,271.00,277.00,+5.50,"3,962",
111/12/05,"2,781,834","781,038,575",276.50,283.00,275.00,283.00,+6.00,"3,171",
111/12/06,"2,576,757","717,036,541",281.50,281.50,275.50,277.50,-5.50,"3,457",
111/12/07,"2,872,973","785,281,213",275.00,275.50,271.50,272.00,-5.50,"3,306",
111/12/08,"2,304,129","618,779,874",272.00,274.00,266.00,268.00,-4.00,"2,478",
111/12/09,"2,122,759","569,529,101",269.50,270.00,266.00,268.50,+0.50,"1,912",
111/12/12,"2,782,864","746,827,108",266.00,273.00,262.00,273.00,+4.50,"2,251",
111/12/13,"2,381,783","638,987,276",271.00,271.50,266.50,267.50,-5.50,"2,270",
111/12/14,"2,154,742","586,784,070",270.50,273.50,269.50,273.00,+5.50,"2,061",
111/12/15,"2,093,881","562,155,030",272.00,272.50,266.50,267.00,-6.00,"2,452",
111/12/16,"7,730,223","2,046,477,184",264.00,267.00,262.00,265.50,-1.50,"3,976",
111/12/19,"6,590,655","1,741,419,160",263.00,267.00,261.50,264.00,-1.50,"3,410",
111/12/20,"8,704,555","2,338,533,531",267.00,271.00,266.00,269.00,+5.00,"4,715",
111/12/21,"6,678,649","1,774,652,519",269.00,269.00,263.50,266.00,-3.00,"3,438",
111/12/22,"6,299,993","1,732,657,286",270.50,278.00,269.00,275.50,+9.50,"4,035",
111/12/23,"1,392,124","377,696,632",272.00,273.00,270.00,271.00,-4.50,"3,150",
111/12/26,"769,795","209,459,167",272.00,273.00,271.00,272.00,+1.00,966,
111/12/27,"783,547","213,192,661",272.50,273.50,270.00,270.00,-2.00,"1,032",
111/12/28,"1,085,371","292,036,774",268.00,270.00,268.00,269.00,-1.00,"1,306",
111/12/29,"1,449,013","387,651,543",267.50,270.50,264.50,269.00, 0.00,"1,448",
111/12/30,"779,565","209,610,512",270.00,270.00,268.50,268.50,-0.50,787,
112/01/03,"1,059,032","284,470,109",267.00,271.00,266.00,270.00,+1.50,"1,183",
112/01/04,"758,191","204,187,204",271.50,271.50,268.50,268.50,-1.50,919,
112/01/05,"1,172,450","319,143,902",271.00,275.00,271.00,271.00,+2.50,"1,367",
112/01/06,"636,361","172,536,177",272.00,273.00,270.00,271.50,+0.50,"1,142",
112/01/09,"1,488,904","407,980,318",273.50,275.50,272.50,275.00,+3.50,"1,599",
112/01/10,"2,052,079","555,049,110",274.00,274.00,269.50,269.50,-5.50,"2,807",
112/01/11,"1,533,081","413,463,290",270.50,271.50,269.00,269.00,-0.50,"1,496",
112/01/12,"1,740,063","462,401,417",270.00,270.50,263.50,265.00,-4.00,"3,049",
112/01/13,"1,099,357","293,912,243",267.50,268.50,265.50,268.00,+3.00,"1,350",
112/01/16,"1,030,455","277,500,333",269.00,271.00,268.00,269.00,+1.00,"1,299",
112/01/17,"1,353,368","363,731,113",270.00,270.50,268.00,268.00,-1.00,"1,430",
112/01/30,"4,610,365","1,276,257,803",275.00,280.00,273.50,280.00,+12.00,"4,223",
112/01/31,"3,068,286","843,069,764",280.00,280.50,271.50,272.00,-8.00,"3,947",
112/02/01,"1,156,202","317,249,804",274.50,276.00,272.50,275.00,+3.00,"1,330",
112/02/02,"1,574,014","436,826,339",277.00,279.00,275.00,278.50,+3.50,"1,906",
112/02/03,"1,337,453","371,547,958",278.00,279.00,275.50,278.00,-0.50,"1,581",
112/02/06,"1,865,103","515,391,433",274.50,279.00,274.00,276.00,-2.00,"1,884",
112/02/07,"1,759,182","487,363,997",276.00,279.00,275.00,278.00,+2.00,"1,666",
112/02/08,"1,829,676","508,439,535",278.00,279.50,276.50,277.50,-0.50,"1,985",
112/02/09,"1,263,622","349,477,472",276.50,277.50,276.00,276.00,-1.50,"1,373",
112/02/10,"2,888,553","783,502,722",273.50,274.00,270.00,270.00,-6.00,"4,225",
112/02/13,"1,589,268","434,654,429",270.50,275.00,270.00,274.50,+4.50,"1,677",
112/02/14,"1,161,677","321,396,581",276.50,278.00,276.00,276.50,+2.00,"1,563",
112/02/15,"1,228,376","339,430,340",277.50,277.50,275.50,276.00,-0.50,"1,437",
112/02/16,"1,869,874","521,308,693",277.50,280.00,277.50,278.00,+2.00,"1,984",
112/02/17,"926,301","258,450,265",279.50,280.00,277.50,279.50,+1.50,"1,240",
112/02/20,"651,868","181,675,794",279.50,279.50,278.00,278.00,-1.50,"1,121",
112/02/21,"730,860","203,640,481",278.50,279.50,277.00,279.50,+1.50,"1,020",
112/02/22,"1,354,948","378,230,229",278.50,281.00,277.50,279.50, 0.00,"1,623",
112/02/23,"1,564,849","439,631,972",281.00,282.00,279.50,280.50,+1.00,"1,830",
112/02/24,"2,537,683","708,394,525",282.00,282.00,278.00,278.00,-2.50,"1,747",
112/03/01,"2,016,857","558,147,114",277.00,279.00,275.00,276.00,-2.00,"2,231",
112/03/02,"1,589,712","444,551,630",277.50,282.00,276.50,281.00,+5.00,"1,768",
112/03/03,"1,193,193","338,248,093",282.50,284.50,282.00,284.00,+3.00,"1,747",
112/03/06,"1,436,357","411,740,776",286.50,288.00,285.00,286.50,+2.50,"4,921",
112/03/07,"1,385,340","400,229,347",287.00,290.00,286.50,289.50,+3.00,"1,980",
112/03/08,"1,458,155","419,063,168",289.00,289.00,286.00,287.50,-2.00,"1,841",
112/03/09,"1,856,913","529,912,938",287.00,287.50,284.00,285.50,-2.00,"2,302",
112/03/10,"4,195,537","1,220,668,097",285.00,293.00,285.00,293.00,+7.50,"4,573",
112/03/13,"8,898,215","2,383,751,865",268.00,271.50,264.50,266.00,-27.00,"22,275",
112/03/14,"5,183,388","1,358,446,515",264.00,264.00,260.50,261.00,-5.00,"6,109",
112/03/15,"2,509,252","657,887,908",262.00,264.00,261.00,261.50,+0.50,"3,091",
112/03/16,"2,032,362","534,108,782",260.50,264.50,260.50,263.00,+1.50,"2,461",
112/03/17,"4,408,044","1,185,798,500",264.50,271.00,263.00,271.00,+8.00,"2,685",
112/03/20,"1,808,361","482,255,999",270.00,270.00,265.00,266.00,-5.00,"2,736",
112/03/21,"1,352,762","362,023,635",267.50,268.50,267.00,268.50,+2.50,"1,682",
112/03/22,"2,260,346","605,995,717",268.50,269.00,267.00,269.00,+0.50,"2,590",
112/03/23,"1,749,500","470,924,608",269.00,271.00,267.50,269.50,+0.50,"1,938",
112/03/24,"1,312,429","353,982,812",270.00,271.00,268.00,270.00,+0.50,"1,586",
112/03/27,"1,055,518","285,186,180",270.50,271.00,269.50,269.50,-0.50,"1,399",
112/03/28,"1,094,670","294,377,379",269.00,271.00,267.50,268.50,-1.00,"1,444",
112/03/29,"1,085,647","294,002,049",270.00,271.50,270.00,271.50,+3.00,"1,315",
112/03/30,"1,217,059","330,867,591",271.50,273.00,270.50,272.50,+1.00,"2,027",
112/03/31,"1,962,845","535,667,530",273.50,275.00,271.00,272.50, 0.00,"1,824",
112/04/06,"1,654,529","446,370,274",269.50,270.50,268.50,270.50,-2.00,"1,906",
112/04/07,"594,146","160,899,833",271.50,272.00,270.00,270.00,-0.50,"1,078",
112/04/10,"566,275","153,311,674",271.50,272.00,270.00,271.00,+1.00,879,
112/04/11,"1,368,692","373,748,636",271.00,274.50,270.50,273.50,+2.50,"1,727",
112/04/12,"2,023,537","563,840,789",276.00,280.00,275.50,278.50,+5.00,"3,495",
112/04/13,"1,732,672","479,885,551",279.50,280.00,275.50,275.50,-3.00,"7,938",
112/04/14,"1,079,566","299,216,137",278.50,278.50,275.50,277.50,+2.00,"2,199",
112/04/17,"1,618,142","452,814,062",278.50,281.00,278.00,281.00,+3.50,"1,960",
112/04/18,"1,179,437","328,344,204",281.50,282.00,277.00,278.50,-2.50,"1,763",
112/04/19,"1,556,558","435,277,548",279.00,281.00,278.00,278.50, 0.00,"1,767",
112/04/20,"1,087,598","301,432,891",279.50,279.50,275.50,276.50,-2.00,"3,754",
112/04/21,"1,983,548","549,087,745",279.00,280.50,275.00,276.00,-0.50,"3,651",
112/04/24,"2,070,703","575,202,070",278.00,279.00,276.00,278.50,+2.50,"2,366",
112/04/25,"2,399,371","665,569,238",280.00,280.00,276.00,278.00,-0.50,"3,219",
112/04/26,"2,535,206","696,687,558",275.50,277.00,272.00,275.50,-2.50,"7,719",
112/04/27,"2,559,644","713,115,828",275.50,280.00,274.50,280.00,+4.50,"2,676",
112/04/28,"1,842,487","518,484,438",282.00,282.50,279.00,282.50,+2.50,"1,813",
112/05/02,"1,587,703","453,367,445",283.00,287.00,282.00,286.00,+3.50,"2,104",
112/05/03,"1,680,234","482,519,554",287.00,288.00,285.50,287.50,+1.50,"2,241",
112/05/04,"2,616,730","760,566,663",287.00,292.00,286.50,292.00,+4.50,"3,010",
112/05/05,"1,787,661","516,238,031",291.50,291.50,286.00,289.00,-3.00,"3,709",
112/05/08,"1,089,695","315,047,505",289.00,290.50,288.00,288.50,-0.50,"1,477",
112/05/09,"1,891,234","550,470,225",289.50,293.00,289.00,292.00,+3.50,"7,962",
112/05/10,"1,455,301","421,906,427",290.50,292.00,287.50,291.50,-0.50,"2,104",
112/05/11,"1,190,383","343,065,327",291.50,291.50,286.50,286.50,-5.00,"3,636",
112/05/12,"2,043,532","577,369,442",286.00,287.00,280.50,281.50,-5.00,"18,521",
112/05/15,"9,179,561","2,782,236,173",304.50,309.00,297.50,303.50,+22.00,"9,209",
112/05/16,"3,504,546","1,061,283,938",303.00,305.50,299.00,303.50, 0.00,"3,725",
112/05/17,"3,220,063","977,103,627",302.50,305.00,302.00,303.50, 0.00,"3,011",
112/05/18,"4,036,995","1,241,350,459",304.50,310.00,303.00,308.00,+4.50,"4,129",
112/05/19,"2,344,294","720,479,777",306.00,309.50,305.00,308.00, 0.00,"3,193",
112/05/22,"1,592,027","488,118,468",307.50,308.00,303.50,306.50,-1.50,"2,125",
112/05/23,"2,988,013","918,628,644",307.50,309.00,306.50,307.00,+0.50,"2,535",
112/05/24,"2,088,966","639,518,975",307.00,308.00,304.50,308.00,+1.00,"3,671",
112/05/25,"2,293,309","701,049,076",307.00,308.50,304.00,304.50,-3.50,"6,303",
112/05/26,"2,302,942","708,428,628",304.50,309.00,304.00,308.50,+4.00,"3,995",
112/05/29,"1,976,279","605,459,848",309.50,312.00,303.50,303.50,-5.00,"17,026",
112/05/30,"2,270,321","692,318,030",307.50,307.50,303.50,304.00,+0.50,"5,325",
112/05/31,"5,484,869","1,672,637,249",304.00,307.00,303.00,305.00,+1.00,"6,773",
112/06/01,"1,163,053","355,439,737",304.00,307.00,301.50,306.00,+1.00,"1,819",
112/06/02,"4,398,915","1,379,164,954",306.00,316.00,305.50,315.00,+9.00,"7,409",
112/06/05,"2,341,675","736,035,658",315.00,315.50,312.50,313.50,-1.50,"3,966",
112/06/06,"1,829,428","572,014,460",312.50,315.00,311.00,313.00,-0.50,"4,084",
112/06/07,"1,259,063","395,616,752",313.00,316.00,313.00,314.50,+1.50,"2,074",
112/06/08,"1,718,342","540,620,084",313.00,316.50,312.00,314.00,-0.50,"1,919",
112/06/09,"1,450,112","456,947,793",316.50,316.50,314.00,315.00,+1.00,"3,802",
112/06/12,"3,701,721","1,194,927,380",316.00,325.00,316.00,324.50,+9.50,"5,546",
112/06/13,"2,247,958","723,660,121",328.00,328.00,319.00,320.00,-4.50,"7,147",
112/06/14,"1,848,151","588,319,838",320.00,321.00,316.00,317.50,-2.50,"2,195",
112/06/15,"2,167,487","691,380,810",318.00,322.50,315.00,319.50,+2.00,"2,398",
112/06/16,"4,521,084","1,431,692,407",318.00,319.50,313.50,316.50,-3.00,"3,610",
112/06/19,"3,538,421","1,103,949,527",314.50,316.00,310.00,311.00,-5.50,"3,265",
112/06/20,"4,006,301","1,243,279,815",312.00,314.00,308.00,310.00,-1.00,"3,095",
112/06/21,"3,009,300","946,149,456",311.00,317.50,310.00,314.50,+4.50,"2,473",
112/06/26,"4,777,766","1,534,141,992",317.00,324.00,313.50,321.00,+6.50,"4,311",
112/06/27,"1,583,308","502,120,543",319.50,320.00,315.50,315.50,-5.50,"1,871",
112/06/28,"1,586,358","501,182,869",316.00,319.00,314.00,316.00,+0.50,"1,649",
112/06/29,"3,762,511","1,178,052,885",308.00,317.00,308.00,314.00,-2.00,"2,009",
112/06/30,"2,881,533","906,696,086",311.00,317.00,311.00,314.50,+0.50,"1,919",
112/07/03,"3,637,338","1,144,388,872",319.00,319.00,312.00,312.50,-2.00,"2,902",
112/07/04,"6,937,605","2,059,827,308",298.50,302.50,293.00,293.50,X0.00,"6,402",
112/07/05,"1,718,829","508,338,901",294.00,298.00,292.00,296.50,+3.00,"2,316",
112/07/06,"2,990,980","896,836,678",298.00,302.50,295.50,300.00,+3.50,"2,748",
112/07/07,"2,197,970","645,154,533",300.00,300.00,291.00,293.00,-7.00,"3,654",
112/07/10,"1,451,851","424,679,283",293.00,295.00,291.00,292.00,-1.00,"1,725",
112/07/11,"2,430,327","716,497,041",297.50,299.00,292.50,296.00,+4.00,"2,200",
112/07/12,"2,293,508","675,168,064",293.50,296.50,291.50,296.50,+0.50,"3,427",
112/07/13,"1,952,044","580,045,852",297.50,300.00,293.50,295.50,-1.00,"2,427",
112/07/14,"1,406,831","416,529,322",297.50,298.00,293.50,298.00,+2.50,"2,399",
112/07/17,"1,347,142","401,617,812",297.50,299.50,296.00,299.50,+1.50,"2,691",
112/07/18,"6,119,865","1,882,404,669",300.00,316.00,300.00,306.50,+7.00,"6,359",
112/07/19,"2,644,940","793,153,937",311.50,311.50,295.50,298.00,-8.50,"7,740",
112/07/20,"1,971,795","593,647,628",300.00,304.50,297.00,303.00,+5.00,"2,146",
112/07/21,"15,605,613","5,062,237,047",314.50,333.00,312.00,333.00,+30.00,"13,094",
112/07/24,"28,793,608","10,454,903,250",360.00,366.00,352.50,366.00,+33.00,"18,297",
112/07/25,"37,489,813","14,277,366,986",388.00,399.00,362.00,367.50,+1.50,"31,285",
112/07/26,"13,994,155","5,215,951,320",377.00,382.50,363.50,367.00,-0.50,"14,427",
112/07/27,"10,307,037","3,702,838,505",375.00,375.00,353.50,356.00,-11.00,"11,545",
112/07/28,"27,124,281","10,263,106,623",366.50,388.00,360.00,388.00,+32.00,"23,848",
112/07/31,"24,978,028","9,414,064,848",399.00,399.00,352.00,364.00,-24.00,"22,199",
112/08/01,"14,304,331","5,307,856,707",376.50,380.00,358.50,372.00,+8.00,"13,010",
112/08/02,"9,335,975","3,403,690,228",369.50,374.00,358.00,361.50,-10.50,"10,053",
112/08/04,"5,878,759","2,116,450,684",361.50,365.00,352.00,362.00,+0.50,"6,091",
112/08/07,"6,863,197","2,526,358,907",361.50,376.00,357.50,370.50,+8.50,"6,599",
112/08/08,"5,672,755","2,097,192,090",370.50,376.00,360.50,376.00,+5.50,"5,424",
112/08/09,"19,003,225","7,244,863,709",389.50,389.50,372.00,379.00,+3.00,"15,927",
112/08/10,"11,470,609","4,177,953,371",370.00,373.00,352.50,368.50,-10.50,"11,979",
112/08/11,"6,151,011","2,267,028,208",371.50,376.00,363.00,368.00,-0.50,"5,443",
112/08/14,"15,408,965","5,750,731,466",363.00,380.00,362.50,371.00,+3.00,"12,339",
112/08/15,"15,382,193","5,937,090,521",380.00,390.00,380.00,385.00,+14.00,"13,071",
112/08/16,"11,353,097","4,361,416,153",379.50,389.50,377.00,389.50,+4.50,"9,752",
112/08/17,"10,536,313","4,086,229,102",386.00,393.50,382.50,393.50,+4.00,"10,323",
112/08/18,"10,155,548","3,946,979,517",399.00,399.00,379.00,384.00,-9.50,"14,135",
112/08/21,"7,442,927","2,882,171,475",382.50,391.00,382.00,386.00,+2.00,"5,872",
112/08/22,"12,977,548","5,100,899,312",391.00,397.00,385.50,395.00,+9.00,"11,483",
112/08/23,"21,181,190","8,675,449,399",397.50,418.00,392.50,414.50,+19.50,"20,242",
112/08/24,"22,541,137","9,668,742,459",432.00,438.00,414.50,428.00,+13.50,"22,465",
112/08/25,"13,037,054","5,416,258,618",415.50,426.00,406.00,413.00,-15.00,"21,295",
112/08/28,"10,157,922","4,099,646,523",414.00,415.50,394.00,405.00,-8.00,"10,325",
112/08/29,"5,895,941","2,394,218,218",410.00,413.00,400.00,405.00, 0.00,"6,650",
112/08/30,"6,468,799","2,635,455,810",414.00,416.50,401.50,403.00,-2.00,"6,554",
112/08/31,"8,575,292","3,430,767,532",398.50,403.00,396.00,402.50,-0.50,"6,721",
112/09/01,"5,255,450","2,114,466,056",408.00,409.00,399.00,400.00,-2.50,"4,719",
112/09/04,"3,928,069","1,564,990,083",402.00,403.50,395.00,400.00, 0.00,"4,020",
112/09/05,"6,344,661","2,482,178,268",398.00,400.00,382.00,394.00,-6.00,"7,397",
112/09/06,"5,454,637","2,185,159,695",397.00,407.50,395.00,403.50,+9.50,"5,262",
112/09/07,"2,955,526","1,182,818,536",403.50,403.50,398.00,401.00,-2.50,"2,947",
112/09/08,"2,877,719","1,157,483,876",400.00,404.50,397.00,403.50,+2.50,"2,949",
112/09/11,"9,775,338","3,734,779,532",404.00,404.00,371.50,380.00,-23.50,"11,812",
112/09/12,"12,868,563","4,696,457,315",373.50,377.50,360.50,363.50,-16.50,"12,401",
112/09/13,"5,538,912","2,034,073,388",360.00,371.00,360.00,369.50,+6.00,"4,945",
112/09/14,"3,295,189","1,238,592,592",373.00,379.00,372.00,373.50,+4.00,"3,666",
112/09/15,"6,553,047","2,410,389,710",375.00,377.00,366.00,366.50,-7.00,"4,926",
112/09/18,"4,494,030","1,617,661,727",364.00,364.00,357.00,359.50,-7.00,"5,210",
112/09/19,"2,989,736","1,086,286,715",365.00,368.00,359.50,360.50,+1.00,"3,072",
112/09/20,"2,518,714","912,255,645",363.50,366.00,359.50,360.50, 0.00,"2,594",
112/09/21,"3,792,908","1,349,399,849",357.50,360.00,353.50,355.00,-5.50,"4,348",
112/09/22,"3,255,712","1,155,977,336",355.00,358.50,351.50,357.50,+2.50,"3,202",
112/09/25,"2,413,712","865,160,344",357.00,360.50,354.00,359.50,+2.00,"2,367",
112/09/26,"3,462,546","1,238,662,811",360.50,361.00,354.00,358.00,-1.50,"3,245",
112/09/27,"3,749,069","1,357,656,326",357.50,365.50,357.50,364.00,+6.00,"3,404",
112/09/28,"2,973,796","1,087,806,822",366.50,368.50,362.50,367.00,+3.00,"2,569",
112/10/02,"3,362,700","1,249,471,810",370.00,374.00,364.50,372.50,+5.50,"3,820",
112/10/03,"2,915,720","1,073,621,544",373.00,373.00,366.00,366.50,-6.00,"2,952",
112/10/04,"3,612,719","1,332,995,981",364.00,371.50,364.00,370.50,+4.00,"3,263",
112/10/05,"4,401,391","1,673,713,129",376.00,384.50,374.00,380.00,+9.50,"5,074",
112/10/06,"1,744,169","662,229,512",380.50,382.50,376.50,379.50,-0.50,"2,332",
112/10/11,"4,364,477","1,654,194,402",386.50,388.00,374.00,376.50,-3.00,"5,098",
112/10/12,"5,632,034","2,125,995,483",377.00,385.00,375.00,377.50,+1.00,"3,841",
112/10/13,"4,739,294","1,739,474,115",376.00,376.00,362.50,365.00,-12.50,"5,486",
112/10/16,"2,499,044","906,430,176",363.00,366.50,360.00,363.00,-2.00,"2,533",
112/10/17,"3,468,306","1,253,605,899",364.00,365.00,359.00,360.50,-2.50,"3,418",
112/10/18,"11,252,373","3,949,325,451",360.50,361.00,346.50,350.50,-10.00,"7,991",
112/10/19,"4,365,297","1,495,933,424",348.00,348.00,338.00,344.50,-6.00,"5,078",
112/10/20,"7,401,408","2,482,763,361",339.50,342.00,331.00,337.00,-7.50,"6,659",
112/10/23,"2,899,097","970,830,093",333.50,338.50,331.50,334.00,-3.00,"2,743",
112/10/24,"2,402,689","813,399,512",335.00,341.00,335.00,341.00,+7.00,"2,364",
112/10/25,"2,606,021","896,954,173",345.00,348.50,340.50,342.50,+1.50,"2,451",
112/10/26,"2,715,439","921,841,467",336.00,342.50,334.50,339.00,-3.50,"2,546",
112/10/27,"4,353,133","1,522,373,375",343.00,356.00,341.50,346.50,+7.50,"3,931",
112/10/30,"2,331,678","807,369,710",347.00,351.00,342.00,346.50, 0.00,"2,157",
112/10/31,"3,177,636","1,079,968,606",344.00,345.50,337.50,338.00,-8.50,"2,849",
112/11/01,"1,510,393","514,782,004",340.00,344.00,337.00,343.00,+5.00,"1,552",
112/11/02,"2,280,391","795,387,179",346.50,351.50,345.00,351.00,+8.00,"2,312",
112/11/03,"1,813,436","639,530,625",353.00,355.00,349.50,355.00,+4.00,"1,822",
112/11/06,"2,274,861","820,467,885",358.00,363.50,357.00,360.50,+5.50,"2,576",
112/11/07,"2,182,708","774,320,449",359.00,359.50,352.50,353.50,-7.00,"2,586",
112/11/08,"1,721,486","618,255,516",358.00,363.00,355.50,357.50,+4.00,"1,935",
112/11/09,"1,671,837","594,415,343",355.50,358.50,352.00,357.00,-0.50,"1,690",
112/11/10,"1,446,305","512,096,649",353.50,357.50,350.50,355.50,-1.50,"1,800",
112/11/13,"1,944,091","694,728,340",360.50,360.50,353.00,360.00,+4.50,"1,899",
112/11/14,"14,577,443","5,713,971,674",386.00,396.00,383.50,396.00,+36.00,"13,848",
112/11/15,"8,587,997","3,404,487,165",403.00,405.00,390.00,391.50,-4.50,"9,418",
112/11/16,"6,056,136","2,318,670,736",390.00,392.00,376.50,380.50,-11.00,"7,803",
112/11/17,"7,756,048","3,038,961,183",385.00,398.00,381.00,392.50,+12.00,"7,506",
112/11/20,"3,601,542","1,398,393,804",392.00,392.00,384.00,391.00,-1.50,"4,203",
112/11/21,"4,759,441","1,853,007,702",394.00,396.00,387.00,389.00,-2.00,"4,411",
112/11/22,"3,827,922","1,472,461,568",390.00,391.00,381.00,384.50,-4.50,"4,157",
112/11/23,"3,461,689","1,316,194,266",386.00,386.00,378.00,379.50,-5.00,"3,967",
112/11/24,"3,519,320","1,339,019,615",381.50,383.50,376.00,383.50,+4.00,"3,065",
112/11/27,"4,588,841","1,727,026,943",383.50,384.00,373.00,377.00,-6.50,"4,669",
112/11/28,"4,474,000","1,709,318,752",379.00,385.50,377.50,385.50,+8.50,"3,587",
112/11/29,"5,310,032","2,060,011,546",387.00,390.50,383.50,390.00,+4.50,"4,677",
112/11/30,"9,184,947","3,584,128,614",388.00,393.50,382.00,393.50,+3.50,"4,341",
112/12/01,"4,130,564","1,606,947,229",390.00,391.50,386.50,388.00,-5.50,"3,655",
112/12/04,"2,681,030","1,038,460,402",391.50,391.50,385.50,387.00,-1.00,"2,552",
112/12/05,"3,236,244","1,256,709,410",388.00,391.00,382.50,390.50,+3.50,"3,410",
112/12/06,"2,962,573","1,162,816,224",390.50,395.00,388.50,393.50,+3.00,"3,275",
112/12/07,"1,842,219","725,053,119",391.00,397.00,390.50,393.50, 0.00,"2,309",
112/12/08,"3,892,993","1,555,493,563",398.00,403.50,395.50,398.50,+5.00,"5,047",
112/12/11,"3,125,092","1,236,540,812",400.00,402.00,392.00,396.50,-2.00,"3,099",
112/12/12,"2,265,088","894,814,433",396.00,399.00,392.00,393.00,-3.50,"2,404",
112/12/13,"8,419,668","3,421,901,270",395.50,412.00,394.00,407.50,+14.50,"8,967",
112/12/14,"4,990,459","2,042,439,248",410.00,416.00,404.50,411.00,+3.50,"5,707",
112/12/15,"6,411,652","2,618,084,875",411.00,412.00,406.00,406.00,-5.00,"4,343",
112/12/18,"8,357,836","3,557,674,908",409.00,434.00,403.50,428.50,+22.50,"9,419",
112/12/19,"7,102,571","3,038,120,756",427.00,436.00,422.00,424.50,-4.00,"7,326",
112/12/20,"17,122,481","7,674,713,371",428.50,460.50,428.00,450.00,+25.50,"17,400",
112/12/21,"11,029,057","5,003,663,574",438.50,462.00,437.50,453.50,+3.50,"10,631",
112/12/22,"5,922,445","2,674,574,941",452.00,457.50,444.50,453.50, 0.00,"6,188",
112/12/25,"9,085,833","4,281,291,620",456.00,479.00,456.00,471.50,+18.00,"11,822",
112/12/26,"4,397,625","2,072,763,901",473.50,477.00,466.50,472.00,+0.50,"4,935",
112/12/27,"10,094,506","4,929,756,460",478.00,496.00,472.00,491.50,+19.50,"13,010",
112/12/28,"8,227,361","4,066,874,884",496.00,502.00,487.00,492.00,+0.50,"11,232",
112/12/29,"4,872,316","2,394,446,428",490.00,499.00,486.00,489.50,-2.50,"8,603",
113/01/02,"5,266,565","2,560,400,762",494.00,498.00,479.00,485.00,-4.50,"13,134",
113/01/03,"10,317,823","4,820,840,060",478.00,482.00,459.00,465.00,-20.00,"11,628",
113/01/04,"7,718,355","3,514,563,933",465.00,467.00,450.50,454.00,-11.00,"8,817",
113/01/05,"4,542,745","2,068,494,080",456.50,461.50,451.00,454.00, 0.00,"5,480",
113/01/08,"3,869,864","1,768,834,925",459.00,463.50,452.50,453.50,-0.50,"4,504",
113/01/09,"3,836,812","1,754,809,908",461.50,464.00,453.50,455.00,+1.50,"3,994",
113/01/10,"4,567,018","2,099,507,365",455.00,464.00,451.50,461.00,+6.00,"4,482",
113/01/11,"3,029,283","1,389,571,870",462.00,463.00,455.00,461.00, 0.00,"3,889",
113/01/12,"4,914,293","2,209,909,692",459.00,459.00,445.00,448.50,-12.50,"7,530",
113/01/15,"2,917,972","1,312,743,951",452.00,455.00,446.00,447.00,-1.50,"3,917",
113/01/16,"3,955,229","1,746,775,427",445.50,445.50,439.00,440.50,-6.50,"4,778",
113/01/17,"5,065,350","2,228,513,012",441.00,444.50,436.50,439.00,-1.50,"5,378",
113/01/18,"4,229,401","1,891,078,825",439.00,452.50,439.00,445.00,+6.00,"4,449",
113/01/19,"3,783,224","1,705,488,446",448.00,455.00,445.50,455.00,+10.00,"4,536",
113/01/22,"4,437,172","2,038,154,970",456.00,465.00,455.00,459.50,+4.50,"5,288",
113/01/23,"2,496,061","1,140,670,060",460.00,462.50,454.50,456.50,-3.00,"3,170",
113/01/24,"2,214,417","1,012,585,847",457.00,461.50,454.00,455.00,-1.50,"2,708",
113/01/25,"2,024,321","926,070,415",457.00,460.50,454.50,458.00,+3.00,"2,412",
113/01/26,"5,168,551","2,280,983,518",453.00,453.50,436.50,439.00,-19.00,"7,546",
113/01/29,"1,900,426","840,655,061",436.00,445.00,436.00,444.00,+5.00,"2,308",
113/01/30,"3,281,842","1,468,627,418",443.50,451.00,439.50,447.50,+3.50,"3,179",
113/01/31,"5,042,135","2,245,831,730",446.00,453.00,441.00,445.50,-2.00,"3,396",
113/02/01,"1,772,185","789,068,320",447.00,448.00,442.00,447.00,+1.50,"2,041",
113/02/02,"3,390,674","1,537,839,163",451.00,458.00,450.00,455.00,+8.00,"3,388",
113/02/05,"2,823,235","1,275,735,945",450.50,455.00,448.50,452.00,-3.00,"3,115",
113/02/15,"5,895,947","2,729,606,558",464.00,467.00,457.00,464.00,+12.00,"6,365",
113/02/16,"7,291,033","3,505,703,156",462.50,488.00,462.00,479.50,+15.50,"8,270",
113/02/19,"3,367,519","1,595,853,540",482.50,482.50,467.50,477.50,-2.00,"6,358",
113/02/20,"2,503,534","1,183,777,617",475.50,479.00,470.00,473.00,-4.50,"3,200",
113/02/21,"3,447,211","1,634,157,352",476.00,487.00,466.00,469.00,-4.00,"4,015",
113/02/22,"3,317,620","1,552,667,015",473.00,477.00,462.50,469.00, 0.00,"3,452",
113/02/23,"3,616,173","1,729,746,294",473.00,482.50,473.00,474.00,+5.00,"4,307",
113/02/26,"2,568,802","1,205,279,763",472.00,473.50,464.50,470.50,-3.50,"4,449",
113/02/27,"7,832,359","3,578,121,818",461.50,462.00,452.00,454.50,-16.00,"8,368",
113/02/29,"6,920,805","3,146,511,936",450.00,462.50,448.00,455.00,+0.50,"4,891",
113/03/01,"2,473,455","1,135,821,316",457.00,466.00,456.00,457.00,+2.00,"2,692",
113/03/04,"2,728,612","1,256,229,710",460.50,467.00,457.00,457.00, 0.00,"3,253",
113/03/05,"3,456,791","1,606,727,847",458.00,470.00,458.00,466.00,+9.00,"4,378",
113/03/06,"2,342,184","1,096,122,933",465.00,471.50,462.50,471.00,+5.00,"3,360",
113/03/07,"2,193,189","1,017,970,212",470.00,471.00,461.00,462.00,-9.00,"3,818",
113/03/08,"2,942,729","1,339,911,743",461.50,461.50,451.00,452.50,-9.50,"4,968",
113/03/11,"4,202,434","1,868,252,341",453.00,457.00,439.50,444.00,-8.50,"6,371",
113/03/12,"3,380,619","1,493,604,186",442.50,446.00,437.00,441.00,-3.00,"4,123",
113/03/13,"4,298,757","1,892,568,372",441.00,444.50,436.00,436.00,-5.00,"4,841",
113/03/14,"3,626,786","1,569,050,650",435.00,436.50,428.00,433.50,-2.50,"4,918",
113/03/15,"7,119,210","3,057,809,787",428.00,434.50,428.00,429.00,-4.50,"4,517",
113/03/18,"11,785,477","4,818,359,509",429.00,433.50,401.00,408.50,-20.50,"17,289",
113/03/19,"6,509,854","2,670,040,219",406.50,415.00,405.00,407.50,-1.00,"7,159",
113/03/20,"4,446,036","1,846,821,015",409.00,419.50,409.00,414.00,+6.50,"6,110",
113/03/21,"4,526,897","1,887,923,737",414.50,422.00,411.50,420.00,+6.00,"5,325",
113/03/22,"5,535,087","2,355,887,905",424.00,436.50,420.50,421.50,+1.50,"6,635",
113/03/25,"2,245,563","951,527,492",421.50,426.50,419.50,423.50,+2.00,"2,974",
113/03/26,"3,445,234","1,446,733,200",421.00,426.00,416.50,417.00,-6.50,"4,292",
113/03/27,"2,633,128","1,114,916,219",418.00,427.50,416.50,424.50,+7.50,"3,185",
113/03/28,"3,472,528","1,471,354,395",423.00,430.00,418.50,423.50,-1.00,"3,653",
113/03/29,"2,370,306","1,014,140,117",423.50,429.50,423.00,429.50,+6.00,"2,644",
113/04/01,"2,091,878","891,190,360",431.50,432.00,423.00,423.00,-6.50,"2,748",
113/04/02,"2,355,016","997,593,338",423.50,427.00,421.50,423.00, 0.00,"2,946",
113/04/03,"2,543,648","1,075,384,921",420.50,425.50,419.50,422.50,-0.50,"2,353",
113/04/08,"1,790,896","760,536,608",420.50,427.00,420.00,426.00,+3.50,"2,385",
113/04/09,"2,144,933","910,793,983",423.50,426.50,422.50,425.00,-1.00,"2,649",
113/04/10,"4,973,627","2,188,404,469",433.00,446.50,433.00,435.00,+10.00,"6,190",
113/04/11,"6,292,866","2,799,884,535",438.00,455.00,429.50,453.50,+18.50,"7,765",
113/04/12,"4,649,675","2,069,924,815",448.00,448.50,442.50,443.50,-10.00,"5,686",
113/04/15,"2,358,397","1,041,307,662",440.00,446.00,438.50,440.50,-3.00,"3,042",
113/04/16,"4,138,618","1,772,897,085",436.00,437.00,425.00,425.50,-15.00,"7,499",
113/04/17,"2,931,144","1,256,217,929",429.50,431.50,425.50,428.50,+3.00,"3,208",
113/04/18,"3,145,285","1,344,155,205",425.50,430.00,423.50,427.00,-1.50,"2,704",
113/04/19,"4,740,351","1,969,326,799",422.50,425.00,407.00,413.50,-13.50,"5,701",
113/04/22,"2,220,515","919,683,205",415.50,419.50,411.50,413.50, 0.00,"2,511",
113/04/23,"2,864,147","1,175,814,598",415.00,418.50,406.50,409.50,-4.00,"3,687",
113/04/24,"2,219,187","930,191,644",415.50,422.00,414.00,420.50,+11.00,"2,489",
113/04/25,"2,324,837","960,056,531",413.50,415.50,410.00,412.00,-8.50,"2,590",
113/04/26,"2,391,393","1,003,751,326",412.50,422.50,412.50,419.00,+7.00,"2,629",
113/04/29,"1,967,981","836,783,833",420.50,426.50,420.50,426.00,+7.00,"2,378",
113/04/30,"2,435,305","1,050,488,135",425.00,434.50,425.00,430.00,+4.00,"2,715",
113/05/02,"2,850,793","1,222,263,831",427.00,432.00,426.50,427.50,-2.50,"2,925",
113/05/03,"2,285,854","985,107,786",431.50,435.00,428.50,429.00,+1.50,"2,559",
113/05/06,"4,435,448","1,965,992,782",433.50,451.50,433.00,448.50,+19.50,"5,833",
113/05/07,"7,667,172","3,530,137,399",452.50,466.00,451.50,460.00,+11.50,"8,676",
113/05/08,"5,157,165","2,356,869,737",456.00,461.50,452.50,458.50,-1.50,"4,606",
113/05/09,"8,520,377","4,056,874,325",460.50,483.00,460.00,475.00,+16.50,"10,778",
113/05/10,"4,807,279","2,250,958,557",473.00,474.50,464.00,470.50,-4.50,"7,659",
113/05/13,"3,221,794","1,499,920,845",473.00,476.00,459.00,466.00,-4.50,"9,306",
113/05/14,"22,311,557","11,355,280,488",510.00,512.00,495.50,512.00,+46.00,"20,043",
113/05/15,"11,119,531","5,610,290,180",513.00,517.00,495.50,498.00,-14.00,"19,975",
113/05/16,"10,300,118","5,271,145,358",505.00,520.00,500.00,516.00,+18.00,"12,112",
113/05/17,"6,650,888","3,391,198,510",510.00,516.00,502.00,516.00, 0.00,"7,662",
113/05/20,"8,350,700","4,229,913,915",518.00,521.00,501.00,506.00,-10.00,"8,882",
113/05/21,"10,595,451","5,182,909,514",503.00,505.00,483.00,489.00,-17.00,"13,887",
113/05/22,"20,479,299","10,602,181,920",499.50,535.00,493.00,522.00,+33.00,"19,928",
113/05/23,"13,864,748","7,194,730,610",531.00,531.00,512.00,520.00,-2.00,"13,727",
113/05/24,"10,945,610","5,639,258,744",508.00,524.00,503.00,519.00,-1.00,"9,656",
113/05/27,"14,477,961","7,665,566,473",528.00,540.00,517.00,540.00,+21.00,"12,561",
113/05/28,"15,151,879","7,933,543,642",535.00,536.00,517.00,527.00,-13.00,"15,151",
113/05/29,"9,830,713","5,128,289,191",523.00,526.00,513.00,524.00,-3.00,"8,203",
113/05/30,"11,596,152","5,942,945,737",515.00,516.00,508.00,515.00,-9.00,"11,436",
113/05/31,"15,312,627","7,838,702,490",517.00,517.00,507.00,513.00,-2.00,"7,734",
113/06/03,"7,718,574","3,944,815,301",522.00,527.00,508.00,509.00,-4.00,"7,933",
113/06/04,"10,194,070","5,069,693,776",508.00,509.00,491.50,496.00,-13.00,"14,319",
113/06/05,"6,803,658","3,328,920,081",498.00,499.00,486.50,488.50,-7.50,"10,161",
113/06/06,"3,784,212","1,875,208,510",495.00,500.00,491.50,493.00,+4.50,"5,012",
113/06/07,"6,319,664","3,052,824,376",493.00,494.00,477.00,484.00,-9.00,"9,925",
113/06/11,"3,220,619","1,549,335,334",484.00,486.00,478.00,481.50,-2.50,"4,879",
113/06/12,"4,399,508","2,110,760,164",480.00,484.50,477.00,480.50,-1.00,"6,492",
113/06/13,"6,131,878","2,984,713,653",480.50,491.50,478.00,487.00,+6.50,"7,196",
113/06/14,"3,928,697","1,935,731,179",495.00,496.00,490.00,493.50,+6.50,"4,638",
113/06/17,"2,097,741","1,030,325,983",493.50,495.00,489.00,489.00,-4.50,"3,355",
113/06/18,"3,628,073","1,797,127,218",492.00,497.50,490.50,496.00,+7.00,"4,127",
113/06/19,"4,302,172","2,161,264,273",498.00,508.00,495.50,502.00,+6.00,"5,696",
113/06/20,"3,407,817","1,743,246,089",505.00,516.00,504.00,512.00,+10.00,"5,204",
113/06/21,"4,524,601","2,325,359,051",507.00,518.00,505.00,512.00, 0.00,"4,481",
113/06/24,"3,879,152","1,991,139,162",514.00,518.00,508.00,513.00,+1.00,"4,655",
113/06/25,"4,711,311","2,376,846,208",510.00,511.00,500.00,506.00,-7.00,"7,566",
113/06/26,"2,883,018","1,459,063,471",503.00,512.00,501.00,506.00, 0.00,"5,759",
113/06/27,"3,640,600","1,825,008,187",501.00,506.00,496.00,503.00,-3.00,"6,262",
113/06/28,"3,559,232","1,780,519,869",501.00,504.00,498.00,498.00,-5.00,"4,077",
113/07/01,"3,307,473","1,646,248,774",502.00,502.00,494.50,495.50,-2.50,"4,472",
113/07/02,"5,012,690","2,455,753,164",492.00,493.50,486.00,490.00,-5.50,"6,730",
113/07/03,"12,414,859","5,879,387,497",470.00,480.50,465.00,479.50,X0.00,"13,066",
113/07/04,"4,468,597","2,174,067,434",482.00,492.50,481.00,482.00,+2.50,"5,217",
113/07/05,"2,396,974","1,160,456,731",484.00,486.00,482.50,483.00,+1.00,"2,932",
113/07/08,"1,866,185","904,282,288",484.00,488.00,480.00,486.00,+3.00,"2,923",
113/07/09,"2,202,067","1,071,171,260",489.50,490.00,483.50,486.50,+0.50,"3,096",
113/07/10,"10,329,536","5,235,094,600",506.00,514.00,495.00,508.00,+21.50,"10,468",
113/07/11,"5,015,992","2,580,404,141",510.00,522.00,506.00,513.00,+5.00,"5,790",
113/07/12,"3,343,183","1,707,074,263",517.00,517.00,507.00,509.00,-4.00,"3,959",
113/07/15,"3,023,368","1,512,263,088",513.00,514.00,495.00,498.50,-10.50,"7,405",
113/07/16,"1,799,516","895,981,734",496.00,502.00,492.50,502.00,+3.50,"2,967",
113/07/17,"2,383,987","1,180,418,063",500.00,502.00,491.50,493.50,-8.50,"4,204",
113/07/18,"3,139,221","1,546,825,907",489.00,496.50,486.00,494.50,+1.00,"3,691",
113/07/19,"2,700,742","1,308,848,804",493.50,494.50,481.00,481.50,-13.00,"5,290",
113/07/22,"3,684,454","1,714,430,276",480.00,480.50,459.50,468.00,-13.50,"6,174",
113/07/23,"1,945,840","926,312,967",472.00,479.00,472.00,478.50,+10.50,"2,640",
113/07/26,"6,350,126","2,897,116,481",471.00,472.00,447.50,458.00,-20.50,"10,200",
113/07/29,"3,884,384","1,747,956,970",461.50,461.50,443.00,444.50,-13.50,"6,182",
113/07/30,"4,274,431","1,878,657,264",444.00,447.00,433.00,447.00,+2.50,"6,057",
113/07/31,"4,042,604","1,831,696,282",445.00,457.00,443.00,456.00,+9.00,"3,803",
113/08/01,"7,362,347","3,562,279,869",470.00,492.00,469.00,492.00,+36.00,"8,393",
113/08/02,"5,405,957","2,584,018,294",478.50,487.00,468.00,472.00,-20.00,"7,213",
113/08/05,"5,481,741","2,385,511,623",450.00,452.50,426.00,433.00,-39.00,"7,771",
113/08/06,"4,956,189","2,161,478,518",454.50,454.50,422.00,435.50,+2.50,"6,086",
113/08/07,"6,119,714","2,826,656,663",433.50,473.50,433.00,469.50,+34.00,"6,799",
113/08/08,"16,971,668","8,554,121,108",509.00,513.00,494.50,502.00,+32.50,"16,292",
113/08/09,"8,598,335","4,352,759,625",509.00,511.00,497.00,505.00,+3.00,"8,944",
113/08/12,"4,870,950","2,439,289,949",507.00,512.00,496.50,499.00,-6.00,"12,125",
113/08/13,"4,029,381","2,016,620,425",501.00,509.00,496.00,500.00,+1.00,"12,218",
113/08/14,"4,911,371","2,491,494,589",506.00,511.00,500.00,510.00,+10.00,"5,833",
113/08/15,"3,737,470","1,919,020,107",512.00,518.00,505.00,513.00,+3.00,"4,996",
113/08/16,"3,248,019","1,681,263,803",522.00,522.00,515.00,519.00,+6.00,"4,108",
113/08/19,"3,370,248","1,768,956,360",521.00,531.00,516.00,524.00,+5.00,"5,111",
113/08/20,"3,585,437","1,871,763,321",523.00,525.00,518.00,519.00,-5.00,"4,010",
113/08/21,"3,279,893","1,696,832,462",524.00,524.00,511.00,517.00,-2.00,"4,816",
113/08/22,"1,466,783","757,364,210",518.00,520.00,513.00,518.00,+1.00,"2,040",
113/08/23,"1,737,837","893,779,581",512.00,519.00,508.00,519.00,+1.00,"4,347",
113/08/26,"11,699,503","6,439,058,612",539.00,564.00,530.00,546.00,+27.00,"15,582",
113/08/27,"6,361,832","3,529,728,526",542.00,562.00,542.00,554.00,+8.00,"8,560",
113/08/28,"2,395,345","1,316,155,946",555.00,556.00,543.00,552.00,-2.00,"5,865",
113/08/29,"3,489,385","1,911,461,190",542.00,552.00,540.00,548.00,-4.00,"3,659",
113/08/30,"4,109,800","2,227,667,891",547.00,556.00,537.00,537.00,-11.00,"11,254",
113/09/02,"4,860,655","2,691,112,880",547.00,562.00,542.00,556.00,+19.00,"6,037",
113/09/03,"1,844,059","1,018,874,276",553.00,557.00,550.00,550.00,-6.00,"2,580",
113/09/04,"4,466,195","2,359,653,716",522.00,537.00,512.00,528.00,-22.00,"20,425",
113/09/05,"2,633,165","1,384,308,848",530.00,535.00,520.00,521.00,-7.00,"5,016",
113/09/06,"2,425,780","1,277,261,067",522.00,536.00,516.00,527.00,+6.00,"2,766",
113/09/09,"3,577,884","1,888,152,925",520.00,534.00,518.00,533.00,+6.00,"3,634",
113/09/10,"3,541,178","1,875,661,298",536.00,539.00,522.00,527.00,-6.00,"3,525",
113/09/11,"2,104,309","1,104,214,787",526.00,530.00,520.00,523.00,-4.00,"2,455",
113/09/12,"3,276,181","1,763,816,398",535.00,543.00,530.00,539.00,+16.00,"3,998",
113/09/13,"1,939,960","1,047,246,778",537.00,543.00,533.00,543.00,+4.00,"2,386",
113/09/16,"1,210,530","655,199,009",541.00,546.00,538.00,544.00,+1.00,"1,737",
113/09/18,"2,731,380","1,495,381,376",541.00,551.00,541.00,547.00,+3.00,"3,485",
113/09/19,"5,495,838","3,095,448,054",555.00,569.00,551.00,569.00,+22.00,"8,521",
113/09/20,"8,932,833","5,274,740,672",572.00,598.00,572.00,591.00,+22.00,"9,645",
113/09/23,"4,691,379","2,748,410,999",588.00,592.00,581.00,589.00,-2.00,"5,191",
113/09/24,"3,421,978","2,019,458,469",590.00,596.00,580.00,594.00,+5.00,"4,319",
113/09/25,"4,513,835","2,649,351,017",597.00,598.00,582.00,586.00,-8.00,"5,441",
113/09/26,"4,383,756","2,531,579,069",583.00,589.00,572.00,575.00,-11.00,"6,140",
113/09/27,"3,099,582","1,770,156,185",578.00,583.00,567.00,568.00,-7.00,"4,930",
113/09/30,"4,070,069","2,276,121,452",565.00,571.00,553.00,553.00,-15.00,"4,965",
113/10/01,"3,374,205","1,908,465,345",555.00,577.00,553.00,572.00,+19.00,"3,922",
113/10/04,"3,834,240","2,159,241,105",568.00,571.00,559.00,562.00,-10.00,"4,384",
113/10/07,"4,229,003","2,446,146,267",570.00,584.00,569.00,579.00,+17.00,"4,756",
113/10/08,"2,829,927","1,628,896,721",572.00,582.00,568.00,577.00,-2.00,"2,912",
113/10/09,"2,298,168","1,333,517,362",579.00,586.00,577.00,577.00, 0.00,"2,750",
113/10/11,"2,591,820","1,522,072,443",591.00,592.00,580.00,585.00,+8.00,"3,722",
113/10/14,"2,012,077","1,177,898,688",581.00,591.00,577.00,583.00,-2.00,"3,513",
113/10/15,"5,063,568","3,027,502,809",586.00,607.00,586.00,599.00,+16.00,"6,813",
113/10/16,"2,628,770","1,555,238,360",590.00,597.00,587.00,591.00,-8.00,"3,619",
113/10/17,"1,968,943","1,174,443,408",597.00,602.00,591.00,596.00,+5.00,"4,264",
113/10/18,"5,108,185","3,087,058,588",602.00,613.00,596.00,596.00, 0.00,"6,439",
113/10/21,"3,717,952","2,211,070,360",609.00,610.00,586.00,590.00,-6.00,"8,572",
113/10/22,"3,876,793","2,313,547,168",590.00,602.00,586.00,600.00,+10.00,"3,581",
113/10/23,"2,622,732","1,551,490,635",595.00,598.00,588.00,591.00,-9.00,"3,212",
113/10/24,"2,102,382","1,234,183,301",589.00,592.00,584.00,584.00,-7.00,"2,859",
113/10/25,"1,732,140","1,024,975,188",590.00,594.00,587.00,591.00,+7.00,"2,052",
113/10/28,"1,663,578","989,944,589",596.00,598.00,591.00,595.00,+4.00,"2,203",
113/10/29,"2,398,655","1,398,031,273",592.00,594.00,577.00,584.00,-11.00,"4,513",
113/10/30,"3,461,466","2,000,012,242",587.00,588.00,575.00,575.00,-9.00,"4,289",
113/11/01,"2,981,754","1,713,555,655",553.00,584.00,552.00,583.00,+8.00,"3,158",
113/11/04,"2,400,127","1,419,834,409",580.00,597.00,580.00,596.00,+13.00,"3,310",
113/11/05,"2,327,460","1,386,079,100",595.00,600.00,592.00,596.00, 0.00,"2,520",
113/11/06,"3,739,105","2,258,860,376",596.00,608.00,595.00,606.00,+10.00,"4,729",
113/11/07,"3,259,726","1,991,658,879",602.00,616.00,601.00,607.00,+1.00,"4,574",
113/11/08,"4,342,861","2,699,712,270",610.00,627.00,610.00,621.00,+14.00,"6,321",
113/11/11,"7,405,526","4,516,728,220",625.00,625.00,598.00,614.00,-7.00,"8,050",
113/11/12,"5,082,315","3,129,791,438",605.00,624.00,604.00,612.00,-2.00,"5,707",
113/11/13,"2,948,691","1,802,741,374",611.00,617.00,607.00,611.00,-1.00,"3,373",
113/11/14,"6,514,720","4,064,904,944",615.00,631.00,613.00,623.00,+12.00,"6,207",
113/11/15,"8,728,495","5,393,288,557",625.00,646.00,604.00,607.00,-16.00,"8,957",
113/11/18,"11,158,749","6,886,298,217",614.00,623.00,610.00,612.00,+5.00,"8,614",
113/11/19,"13,122,586","8,265,436,521",619.00,642.00,617.00,622.00,+10.00,"10,581",
113/11/20,"11,020,116","6,890,423,300",623.00,637.00,616.00,619.00,-3.00,"10,826",
113/11/21,"9,349,250","5,759,739,417",620.00,625.00,610.00,610.00,-9.00,"10,990",
113/11/22,"10,186,323","6,251,166,492",614.00,618.00,608.00,611.00,+1.00,"8,389",
113/11/25,"14,052,208","8,574,296,475",612.00,623.00,602.00,602.00,-9.00,"9,289",
113/11/26,"9,025,998","5,522,249,455",604.00,619.00,595.00,617.00,+15.00,"7,859",
113/11/27,"7,752,311","4,657,863,343",614.00,617.00,592.00,594.00,-23.00,"9,891",
113/11/28,"5,076,900","2,956,673,222",594.00,595.00,576.00,581.00,-13.00,"8,025",
113/11/29,"4,370,258","2,561,007,366",579.00,597.00,574.00,588.00,+7.00,"4,265",
113/12/02,"3,229,794","1,936,159,512",594.00,603.00,591.00,602.00,+14.00,"3,588",
113/12/03,"5,363,294","3,190,374,990",610.00,612.00,586.00,595.00,-7.00,"7,664",
113/12/04,"3,122,838","1,870,599,812",594.00,603.00,592.00,601.00,+6.00,"3,214",
113/12/05,"6,319,368","3,793,330,562",600.00,608.00,596.00,600.00,-1.00,"3,337",
113/12/06,"6,125,669","3,663,343,556",600.00,606.00,591.00,598.00,-2.00,"5,135",
113/12/09,"2,564,371","1,550,387,858",599.00,608.00,597.00,608.00,+10.00,"3,161",
113/12/10,"2,669,274","1,618,740,593",615.00,617.00,600.00,605.00,-3.00,"5,000",
113/12/11,"2,012,837","1,212,704,788",602.00,606.00,598.00,604.00,-1.00,"2,262",
113/12/12,"2,206,599","1,339,034,242",608.00,610.00,603.00,608.00,+4.00,"2,302",
113/12/13,"2,169,318","1,327,512,498",611.00,615.00,606.00,615.00,+7.00,"3,118",
113/12/16,"3,464,098","2,092,840,578",618.00,618.00,594.00,601.00,-14.00,"7,221",
113/12/17,"4,013,509","2,401,123,392",600.00,603.00,595.00,595.00,-6.00,"3,486",
113/12/18,"2,503,570","1,515,544,719",596.00,609.00,596.00,609.00,+14.00,"2,517",
113/12/19,"3,686,176","2,200,338,225",598.00,602.00,586.00,602.00,-7.00,"5,085",
113/12/20,"3,815,400","2,289,518,353",597.00,605.00,596.00,600.00,-2.00,"3,121",
113/12/23,"4,460,075","2,744,872,733",609.00,622.00,606.00,615.00,+15.00,"5,665",
113/12/24,"2,763,600","1,702,309,713",615.00,620.00,610.00,615.00, 0.00,"3,223",
113/12/25,"1,594,368","980,972,076",619.00,621.00,612.00,613.00,-2.00,"1,696",
113/12/26,"1,553,528","959,533,692",618.00,622.00,616.00,616.00,+3.00,"1,873",
113/12/27,"1,273,077","792,059,462",620.00,624.00,617.00,624.00,+8.00,"2,630",
113/12/30,"1,209,573","750,754,373",621.00,625.00,617.00,617.00,-7.00,"1,794",
113/12/31,"1,574,080","969,672,909",615.00,619.00,612.00,616.00,-1.00,"1,968",
114/02/03,"11,635,099","7,427,954,361",600.00,655.00,598.00,649.00,+42.00,"13,637",
114/02/04,"6,284,714","4,097,010,195",644.00,661.00,644.00,647.00,-2.00,"7,624",
114/02/05,"4,855,913","3,179,237,041",645.00,661.00,643.00,657.00,+10.00,"5,946",
114/02/06,"3,118,631","2,028,841,895",660.00,661.00,645.00,652.00,-5.00,"5,023",
114/02/07,"3,711,330","2,446,722,629",649.00,665.00,649.00,665.00,+13.00,"6,995",
114/02/10,"3,337,046","2,238,106,010",660.00,675.00,659.00,669.00,+4.00,"4,961",
114/02/11,"2,436,795","1,617,463,432",662.00,669.00,658.00,665.00,-4.00,"4,201",
114/02/12,"3,278,439","2,213,719,622",672.00,684.00,668.00,675.00,+10.00,"4,872",
114/02/13,"1,775,823","1,205,247,187",680.00,685.00,674.00,679.00,+4.00,"2,310",
114/02/14,"2,184,999","1,477,226,209",677.00,682.00,671.00,678.00,-1.00,"2,964",
114/02/17,"1,678,066","1,140,648,355",675.00,683.00,675.00,681.00,+3.00,"3,136",
114/02/18,"3,881,799","2,694,658,969",685.00,702.00,682.00,698.00,+17.00,"5,931",
114/02/19,"3,286,979","2,278,736,524",700.00,702.00,688.00,691.00,-7.00,"4,477",
114/02/20,"3,057,613","2,134,336,315",689.00,704.00,689.00,693.00,+2.00,"4,209",
114/02/21,"3,827,018","2,709,810,635",697.00,713.00,696.00,709.00,+16.00,"5,617",
114/02/24,"1,955,660","1,370,360,404",707.00,715.00,696.00,698.00,-11.00,"4,276",
114/02/25,"3,334,093","2,314,244,602",693.00,704.00,685.00,691.00,-7.00,"4,769",
114/02/26,"3,080,403","2,127,668,477",690.00,700.00,685.00,698.00,+7.00,"3,944",
114/02/27,"4,742,280","3,240,969,074",697.00,697.00,677.00,682.00,-16.00,"7,313",
114/03/03,"3,410,924","2,286,455,238",670.00,683.00,666.00,669.00,-13.00,"5,804",
114/03/04,"3,559,707","2,371,153,088",661.00,673.00,657.00,670.00,+1.00,"4,664",
114/03/05,"2,094,557","1,419,864,237",672.00,682.00,671.00,678.00,+8.00,"2,330",
114/03/06,"1,728,589","1,172,702,569",676.00,684.00,674.00,674.00,-4.00,"2,564",
114/03/07,"2,634,444","1,746,229,284",670.00,675.00,659.00,659.00,-15.00,"4,899",
114/03/10,"3,187,193","2,089,408,099",658.00,664.00,651.00,654.00,-5.00,"4,302",
114/03/11,"3,507,701","2,287,336,737",644.00,661.00,639.00,654.00, 0.00,"4,573",
114/03/12,"20,311,828","12,240,601,851",600.00,621.00,595.00,600.00,-54.00,"33,813",
114/03/13,"7,839,959","4,826,820,569",611.00,627.00,607.00,608.00,+8.00,"11,316",
114/03/14,"3,937,221","2,396,704,990",614.00,614.00,605.00,608.00, 0.00,"5,734",
114/03/17,"4,541,832","2,824,961,897",613.00,626.00,610.00,624.00,+16.00,"5,912",
114/03/18,"8,650,508","5,613,776,096",630.00,656.00,630.00,656.00,+32.00,"9,738",
114/03/19,"4,413,773","2,860,867,907",650.00,655.00,644.00,645.00,-11.00,"5,456",
114/03/20,"4,837,945","3,151,526,764",650.00,660.00,646.00,650.00,+5.00,"6,756",
114/03/21,"5,633,984","3,665,604,696",650.00,654.00,643.00,650.00, 0.00,"4,614",
114/03/24,"3,318,132","2,120,198,373",655.00,655.00,631.00,631.00,-19.00,"12,866",
114/03/25,"4,648,788","2,930,543,494",637.00,641.00,625.00,631.00, 0.00,"5,468",
114/03/26,"6,253,453","4,070,004,746",660.00,662.00,643.00,645.00,+14.00,"6,759",
114/03/27,"4,738,777","3,013,925,156",633.00,644.00,628.00,640.00,-5.00,"5,795",
114/03/28,"3,059,808","1,958,577,243",635.00,645.00,634.00,642.00,+2.00,"4,007",
114/03/31,"6,191,256","3,834,534,806",629.00,635.00,609.00,609.00,-33.00,"8,114",
114/04/01,"3,738,251","2,283,276,784",613.00,616.00,604.00,613.00,+4.00,"5,081",
114/04/02,"3,725,302","2,260,593,655",608.00,611.00,604.00,604.00,-9.00,"5,999",
114/04/07,"815,639","443,707,616",544.00,544.00,544.00,544.00,-60.00,"2,971",
114/04/08,"4,144,232","2,030,690,661",490.00,490.00,490.00,490.00,-54.00,"7,506",
114/04/09,"12,938,639","5,871,251,075",451.00,476.00,441.00,441.00,-49.00,"16,741",
114/04/10,"2,880,247","1,396,919,795",485.00,485.00,485.00,485.00,+44.00,"1,859",
114/04/11,"10,185,692","5,049,455,104",473.00,512.00,467.50,512.00,+27.00,"20,457",
114/04/14,"7,590,534","4,129,770,685",526.00,555.00,526.00,542.00,+30.00,"9,403",
114/04/15,"5,384,662","3,015,759,063",541.00,572.00,535.00,563.00,+21.00,"6,487",
114/04/16,"4,461,233","2,486,581,442",557.00,566.00,551.00,553.00,-10.00,"5,557",
114/04/17,"4,370,989","2,371,009,562",546.00,549.00,537.00,543.00,-10.00,"5,196",
114/04/18,"3,422,731","1,870,569,843",546.00,551.00,542.00,543.00, 0.00,"3,033",
114/04/21,"2,873,006","1,538,953,274",539.00,544.00,531.00,531.00,-12.00,"3,742",
114/04/22,"4,975,460","2,573,666,617",521.00,528.00,509.00,512.00,-19.00,"9,700",
114/04/23,"3,789,259","2,041,785,811",527.00,544.00,527.00,543.00,+31.00,"4,173",
114/04/24,"5,663,251","3,060,335,709",534.00,546.00,528.00,544.00,+1.00,"3,486",
114/04/25,"7,551,952","4,381,769,414",555.00,597.00,555.00,591.00,+47.00,"10,550",
114/04/28,"3,437,108","2,011,027,725",586.00,590.00,581.00,583.00,-8.00,"4,480",
114/04/29,"2,285,088","1,335,089,421",583.00,587.00,580.00,586.00,+3.00,"2,724",
114/04/30,"2,198,975","1,277,100,757",584.00,587.00,576.00,580.00,-6.00,"2,798",
114/05/02,"1,928,376","1,132,736,865",587.00,590.00,584.00,590.00,+10.00,"2,691",
114/05/05,"4,679,406","2,677,892,655",591.00,592.00,559.00,575.00,-15.00,"9,638",
114/05/06,"3,129,203","1,833,371,991",573.00,592.00,572.00,587.00,+12.00,"4,028",
114/05/07,"2,398,505","1,423,815,666",590.00,600.00,587.00,594.00,+7.00,"3,157",
114/05/08,"1,801,985","1,072,732,407",596.00,598.00,592.00,594.00, 0.00,"2,235",
114/05/09,"2,202,185","1,318,395,334",594.00,602.00,591.00,602.00,+8.00,"2,663",
114/05/12,"2,222,051","1,350,789,716",605.00,614.00,603.00,603.00,+1.00,"3,458",
114/05/13,"3,413,336","2,072,853,563",610.00,613.00,602.00,608.00,+5.00,"3,570",
114/05/14,"6,443,330","4,011,143,357",615.00,635.00,610.00,622.00,+14.00,"8,295",
114/05/15,"3,009,704","1,880,795,401",622.00,628.00,618.00,628.00,+6.00,"3,588",
114/05/16,"3,454,358","2,187,754,037",628.00,638.00,622.00,634.00,+6.00,"4,452",
114/05/19,"3,124,646","1,964,612,250",631.00,636.00,621.00,621.00,-13.00,"4,273",
114/05/20,"3,019,832","1,906,182,912",629.00,637.00,626.00,632.00,+11.00,"3,521",
114/05/21,"2,803,334","1,762,698,913",633.00,635.00,625.00,628.00,-4.00,"5,901",
114/05/22,"2,154,818","1,354,928,006",626.00,632.00,622.00,632.00,+4.00,"2,502",
114/05/23,"1,802,617","1,126,348,791",632.00,632.00,622.00,622.00,-10.00,"2,673",
114/05/26,"2,803,396","1,745,186,205",622.00,627.00,618.00,627.00,+5.00,"3,385",
114/05/27,"4,965,646","3,042,851,656",623.00,627.00,608.00,608.00,-19.00,"8,194",
114/05/28,"4,597,400","2,833,466,957",618.00,622.00,610.00,619.00,+11.00,"4,535",
114/05/29,"7,501,028","4,680,625,451",625.00,630.00,614.00,625.00,+6.00,"4,847",
114/06/02,"3,137,153","1,952,538,304",619.00,628.00,616.00,622.00,-3.00,"3,325",
114/06/03,"4,210,170","2,672,243,170",627.00,638.00,626.00,638.00,+16.00,"4,230",
114/06/04,"5,522,129","3,523,967,724",645.00,652.00,628.00,638.00, 0.00,"8,505",
114/06/05,"3,025,104","1,926,741,545",635.00,642.00,629.00,642.00,+4.00,"3,418",
114/06/06,"2,726,387","1,753,949,853",645.00,651.00,639.00,645.00,+3.00,"3,105",
114/06/09,"2,335,768","1,512,762,871",645.00,652.00,644.00,646.00,+1.00,"2,975",
114/06/10,"3,032,584","1,997,413,760",653.00,664.00,653.00,659.00,+13.00,"4,796",
114/06/11,"3,651,804","2,449,828,644",665.00,675.00,664.00,675.00,+16.00,"6,032",
114/06/12,"2,832,093","1,923,559,968",675.00,683.00,671.00,682.00,+7.00,"4,067",
114/06/13,"3,798,529","2,589,644,004",674.00,685.00,674.00,684.00,+2.00,"4,423",
114/06/16,"2,374,692","1,618,234,255",681.00,687.00,677.00,683.00,-1.00,"3,134",
114/06/17,"4,845,356","3,369,502,189",688.00,700.00,684.00,700.00,+17.00,"6,079",
114/06/18,"5,201,656","3,661,986,325",696.00,712.00,696.00,705.00,+5.00,"6,098",
114/06/19,"3,130,285","2,201,748,183",707.00,711.00,699.00,705.00, 0.00,"3,813",
114/06/20,"7,919,336","5,443,913,467",705.00,709.00,683.00,683.00,-22.00,"6,837",
114/06/23,"5,677,783","3,838,627,999",672.00,684.00,668.00,678.00,-5.00,"5,933",
114/06/24,"11,432,817","8,129,846,720",682.00,745.00,678.00,745.00,+67.00,"8,922",
114/06/25,"17,498,216","12,326,143,645",710.00,720.00,699.00,700.00,-45.00,"18,116",
114/06/26,"21,635,605","13,966,162,038",665.00,666.00,632.00,641.00,X0.00,"29,721",
114/06/27,"6,968,511","4,460,231,182",644.00,648.00,636.00,640.00,-1.00,"8,585",
114/06/30,"11,285,072","7,288,134,805",645.00,654.00,640.00,644.00,+4.00,"9,682",
114/08/01,"2,483,314","1,644,898,734",654.00,667.00,651.00,665.00,+3.00,"3,790",
114/08/04,"2,661,863","1,757,892,284",660.00,665.00,654.00,665.00, 0.00,"3,351",
114/08/05,"3,761,863","2,537,216,832",669.00,682.00,665.00,676.00,+11.00,"6,509",
114/08/06,"2,941,869","2,002,993,755",678.00,685.00,674.00,680.00,+4.00,"4,425",
114/08/07,"2,151,766","1,472,180,669",682.00,687.00,681.00,682.00,+2.00,"3,523",
114/08/08,"2,850,952","1,942,951,759",686.00,690.00,676.00,680.00,-2.00,"4,321",
114/08/11,"3,003,911","1,987,747,642",676.00,676.00,654.00,662.00,-18.00,"26,011",
114/08/12,"3,140,679","2,060,541,208",667.00,669.00,653.00,653.00,-9.00,"6,168",
114/08/13,"4,076,186","2,631,077,341",656.00,656.00,638.00,640.00,-13.00,"9,411",
114/08/14,"5,000,327","3,181,249,118",640.00,645.00,629.00,641.00,+1.00,"7,701",
114/08/15,"4,179,220","2,642,619,934",641.00,643.00,629.00,632.00,-9.00,"9,694",
114/08/18,"2,339,928","1,478,839,029",631.00,636.00,629.00,633.00,+1.00,"4,447",
114/08/19,"2,389,849","1,515,899,470",633.00,637.00,630.00,633.00, 0.00,"3,517",
114/08/20,"4,229,609","2,658,323,794",634.00,636.00,625.00,625.00,-8.00,"6,555",
114/08/21,"2,384,186","1,499,380,916",629.00,636.00,625.00,626.00,+1.00,"4,112",
114/08/22,"2,227,022","1,389,454,741",628.00,629.00,621.00,621.00,-5.00,"4,311",
114/08/25,"1,936,532","1,225,804,811",630.00,636.00,627.00,633.00,+12.00,"3,157",
114/08/26,"2,107,269","1,340,349,421",631.00,638.00,630.00,638.00,+5.00,"2,413",
114/08/27,"2,148,584","1,367,191,065",636.00,640.00,634.00,635.00,-3.00,"3,144",
114/08/28,"1,724,099","1,095,597,066",635.00,639.00,634.00,634.00,-1.00,"2,183",
114/08/29,"2,068,323","1,311,901,055",638.00,641.00,631.00,632.00,-2.00,"3,032",
114/10/01,"2,841,822","1,924,198,634",672.00,687.00,670.00,676.00,+5.00,"4,065",
114/10/02,"2,148,050","1,468,765,080",681.00,688.00,680.00,684.00,+8.00,"2,922",
114/10/03,"2,345,070","1,608,487,839",688.00,692.00,683.00,685.00,+1.00,"3,076",
114/10/07,"2,942,349","2,027,372,729",688.00,693.00,682.00,691.00,+6.00,"4,091",
114/10/08,"2,520,764","1,745,018,105",689.00,696.00,686.00,692.00,+1.00,"3,487",
114/10/09,"3,477,971","2,361,418,769",698.00,698.00,673.00,677.00,-15.00,"6,780",
114/10/13,"4,657,080","3,210,067,283",670.00,697.00,670.00,697.00,+20.00,"7,349",
114/10/14,"4,449,546","3,111,216,117",717.00,719.00,686.00,687.00,-10.00,"6,794",
114/10/15,"3,822,857","2,618,995,483",696.00,696.00,681.00,684.00,-3.00,"3,505",
114/10/16,"1,934,330","1,324,386,884",685.00,690.00,679.00,685.00,+1.00,"3,343",
114/10/17,"1,792,094","1,234,664,144",685.00,694.00,684.00,685.00, 0.00,"2,915",
114/10/20,"2,283,828","1,567,929,322",691.00,691.00,681.00,686.00,+1.00,"2,960",
114/10/21,"1,534,653","1,063,097,555",691.00,698.00,689.00,691.00,+5.00,"2,578",
114/10/22,"1,165,554","811,130,837",691.00,699.00,690.00,699.00,+8.00,"2,184",
114/10/23,"1,715,457","1,195,378,801",695.00,702.00,693.00,698.00,-1.00,"2,861",
114/10/27,"3,523,834","2,503,907,145",710.00,714.00,702.00,714.00,+16.00,"6,447",
114/10/28,"1,904,229","1,351,165,273",714.00,715.00,705.00,709.00,-5.00,"3,419",
114/10/29,"1,912,467","1,358,077,297",712.00,716.00,708.00,709.00, 0.00,"2,817",
114/10/30,"2,369,204","1,677,607,131",709.00,714.00,702.00,709.00, 0.00,"3,370",
114/10/31,"2,617,669","1,831,929,364",709.00,709.00,697.00,697.00,-12.00,"3,637",
114/11/03,"3,097,185","2,148,566,522",692.00,702.00,689.00,691.00,-6.00,"4,558",
114/11/04,"2,544,205","1,762,040,865",698.00,705.00,687.00,688.00,-3.00,"4,097",
114/11/05,"3,424,467","2,312,370,123",684.00,684.00,666.00,681.00,-7.00,"5,931",
114/11/06,"2,990,660","2,035,167,596",679.00,685.00,677.00,681.00, 0.00,"3,460",
114/11/07,"3,583,582","2,391,568,906",678.00,678.00,663.00,664.00,-17.00,"8,416",
114/11/10,"2,587,128","1,720,492,718",670.00,672.00,662.00,663.00,-1.00,"4,322",
114/11/11,"3,200,569","2,125,750,388",668.00,673.00,661.00,661.00,-2.00,"4,047",
114/11/12,"6,078,152","3,950,855,603",664.00,664.00,646.00,647.00,-14.00,"10,629",
114/11/13,"5,110,970","3,252,501,668",648.00,649.00,633.00,633.00,-14.00,"11,505",
114/11/14,"3,558,400","2,253,776,059",625.00,638.00,625.00,633.00, 0.00,"5,409",
114/11/17,"6,416,499","3,971,577,357",637.00,637.00,610.00,610.00,-23.00,"14,801",
114/11/18,"10,997,319","6,330,911,536",586.00,598.00,563.00,563.00,-47.00,"24,891",
114/11/19,"4,407,340","2,504,000,596",565.00,578.00,562.00,566.00,+3.00,"7,160",
114/11/20,"3,669,211","2,111,926,901",581.00,583.00,571.00,573.00,+7.00,"5,315",
114/11/21,"5,705,448","3,277,325,446",559.00,583.00,557.00,573.00, 0.00,"6,495",
114/11/24,"7,309,420","4,282,414,081",580.00,593.00,579.00,585.00,+12.00,"6,213",
114/11/25,"3,906,167","2,303,990,317",589.00,594.00,584.00,590.00,+5.00,"4,704",
114/11/26,"3,697,739","2,251,806,679",594.00,616.00,594.00,612.00,+22.00,"5,886",
114/11/27,"2,851,548","1,749,409,365",612.00,619.00,610.00,611.00,-1.00,"4,216",
114/11/28,"3,405,189","2,057,143,055",611.00,612.00,601.00,601.00,-10.00,"5,688",
114/12/01,"2,335,806","1,415,940,028",602.00,614.00,602.00,603.00,+2.00,"3,539",
114/12/02,"2,028,846","1,228,596,935",607.00,608.00,601.00,607.00,+4.00,"2,835",
114/12/03,"3,544,654","2,188,815,486",610.00,622.00,607.00,616.00,+9.00,"4,484",
114/12/04,"2,834,061","1,725,632,559",619.00,621.00,605.00,607.00,-9.00,"5,300",
114/12/05,"2,230,728","1,358,151,272",611.00,614.00,603.00,609.00,+2.00,"3,157",
114/12/08,"2,606,032","1,571,975,079",608.00,608.00,599.00,602.00,-7.00,"4,119",
114/12/09,"2,661,652","1,593,030,897",607.00,610.00,594.00,596.00,-6.00,"5,524",
114/12/10,"1,888,295","1,130,101,250",601.00,608.00,595.00,595.00,-1.00,"3,448",
114/12/11,"2,709,905","1,606,033,933",599.00,601.00,587.00,592.00,-3.00,"6,667",
114/12/12,"2,342,889","1,385,804,417",596.00,599.00,588.00,588.00,-4.00,"4,027",
114/12/15,"2,562,094","1,498,743,239",585.00,588.00,581.00,584.00,-4.00,"4,580",
114/12/16,"10,584,934","6,246,601,732",580.00,600.00,576.00,586.00,+2.00,"10,620",
114/12/17,"9,745,442","5,707,610,225",590.00,595.00,577.00,577.00,-9.00,"10,721",
114/12/18,"12,503,671","7,055,728,196",566.00,580.00,553.00,554.00,-23.00,"17,159",
114/12/19,"13,187,404","7,334,499,523",556.00,564.00,550.00,550.00,-4.00,"11,856",
114/12/22,"9,132,744","5,069,087,178",555.00,562.00,550.00,550.00, 0.00,"8,788",
114/12/23,"9,190,451","5,067,584,924",552.00,555.00,546.00,546.00,-4.00,"11,010",
114/12/24,"10,056,098","5,494,667,718",547.00,551.00,540.00,544.00,-2.00,"10,498",
114/12/26,"8,521,760","4,706,161,403",548.00,556.00,545.00,551.00,+7.00,"7,785",
114/12/29,"3,643,793","2,000,609,912",554.00,557.00,543.00,543.00,-8.00,"9,115",
114/12/30,"3,645,565","1,968,456,169",545.00,548.00,535.00,540.00,-3.00,"8,091",
114/12/31,"2,714,103","1,489,127,622",542.00,553.00,541.00,548.00,+8.00,"4,571",
115/01/02,"4,418,986","2,465,699,962",554.00,563.00,552.00,555.00,+7.00,"6,705",
115/01/05,"5,388,987","2,971,429,132",555.00,558.00,546.00,546.00,-9.00,"8,648",
115/01/06,"4,610,828","2,493,007,382",545.00,548.00,538.00,539.00,-7.00,"8,599",
115/01/07,"4,753,977","2,576,882,341",539.00,547.00,535.00,543.00,+4.00,"6,668",
115/01/08,"6,823,126","3,650,380,558",540.00,542.00,530.00,530.00,-13.00,"12,780",
115/01/09,"7,926,302","4,168,644,274",526.00,532.00,517.00,529.00,-1.00,"11,363",
115/01/12,"6,272,483","3,388,821,008",538.00,546.00,534.00,546.00,+17.00,"6,831",
115/01/13,"9,703,700","5,130,508,297",541.00,544.00,517.00,518.00,-28.00,"23,537",
115/01/14,"4,821,068","2,534,861,406",521.00,529.00,521.00,528.00,+10.00,"6,478",
115/01/15,"4,717,395","2,457,306,671",528.00,528.00,517.00,521.00,-7.00,"8,234",
115/01/16,"7,214,065","3,718,823,090",520.00,525.00,510.00,510.00,-11.00,"17,430",
115/01/19,"5,070,169","2,595,549,528",512.00,516.00,508.00,510.00, 0.00,"8,634",
115/01/20,"4,120,391","2,111,617,847",512.00,519.00,508.00,510.00, 0.00,"8,763",
115/01/21,"5,241,739","2,632,703,483",505.00,506.00,500.00,501.00,-9.00,"11,277",
115/01/22,"2,982,562","1,518,371,803",508.00,512.00,505.00,511.00,+10.00,"5,002",
115/01/23,"2,596,091","1,340,457,145",515.00,522.00,513.00,515.00,+4.00,"5,147",
115/01/26,"3,842,376","1,945,947,215",513.00,513.00,503.00,505.00,-10.00,"10,850",
115/01/27,"3,017,592","1,527,202,815",508.00,512.00,504.00,504.00,-1.00,"4,965",
115/01/28,"3,705,932","1,871,939,931",508.00,510.00,502.00,510.00,+6.00,"6,714",
115/01/29,"3,452,303","1,753,705,871",510.00,513.00,505.00,507.00,-3.00,"4,952",
115/01/30,"4,618,882","2,301,463,371",505.00,505.00,495.50,496.00,-11.00,"12,481",
115/02/02,"4,479,402","2,239,637,302",496.00,509.00,490.00,499.50,+3.50,"6,751",
115/02/03,"3,178,104","1,600,000,186",505.00,511.00,498.50,501.00,+1.50,"4,496",
115/02/04,"2,467,069","1,234,567,948",500.00,504.00,498.50,502.00,+1.00,"4,373",
115/02/05,"4,214,026","2,133,720,745",501.00,513.00,501.00,502.00, 0.00,"5,103",
115/02/06,"4,197,629","2,126,550,539",501.00,515.00,493.00,508.00,+6.00,"6,321",
115/02/09,"3,829,784","1,933,827,594",513.00,513.00,502.00,503.00,-5.00,"6,133",
115/02/10,"5,244,160","2,723,833,443",508.00,530.00,506.00,526.00,+23.00,"9,719",
115/02/11,"3,814,390","1,994,588,280",525.00,526.00,517.00,523.00,-3.00,"6,219",
115/02/23,"6,095,678","3,113,957,769",518.00,518.00,507.00,509.00,-14.00,"9,329",
115/02/24,"5,031,474","2,580,383,693",509.00,520.00,507.00,515.00,+6.00,"5,748",
115/02/25,"5,778,458","3,053,178,057",522.00,533.00,521.00,525.00,+10.00,"8,799",
115/02/26,"4,661,180","2,474,038,011",530.00,535.00,522.00,532.00,+7.00,"6,173",
115/03/02,"3,613,935","1,920,040,355",533.00,536.00,526.00,530.00,-2.00,"5,460",
115/03/03,"3,860,286","2,025,697,395",530.00,533.00,519.00,521.00,-9.00,"6,165",
115/03/04,"5,210,844","2,631,669,242",515.00,515.00,500.00,500.00,-21.00,"9,858",
115/03/05,"3,850,664","1,980,456,769",510.00,520.00,508.00,518.00,+18.00,"5,081",
115/03/06,"3,155,564","1,656,351,500",514.00,530.00,513.00,527.00,+9.00,"4,377",
115/03/09,"4,149,228","2,130,916,112",505.00,520.00,500.00,517.00,-10.00,"6,228",
115/03/10,"5,243,871","2,767,696,664",524.00,532.00,521.00,531.00,+14.00,"6,116",
115/03/11,"10,065,627","5,804,749,509",556.00,584.00,556.00,584.00,+53.00,"16,110",
115/03/12,"9,791,806","5,727,605,382",591.00,593.00,574.00,581.00,-3.00,"15,099",
115/03/13,"7,586,095","4,462,936,525",574.00,594.00,573.00,589.00,+8.00,"15,938",
115/03/16,"3,975,555","2,335,839,039",592.00,592.00,581.00,589.00, 0.00,"7,749",
115/03/17,"4,286,354","2,533,858,395",592.00,595.00,589.00,593.00,+4.00,"6,916",
115/03/18,"4,891,953","2,911,572,697",598.00,604.00,590.00,594.00,+1.00,"8,497",
115/03/19,"4,095,849","2,398,630,526",589.00,594.00,578.00,578.00,-16.00,"10,487",
115/03/20,"4,989,313","2,901,863,730",582.00,590.00,574.00,582.00,+4.00,"6,204",
115/03/23,"5,151,764","2,920,611,490",572.00,575.00,560.00,563.00,-19.00,"10,268",
115/03/24,"3,350,811","1,903,947,568",575.00,576.00,562.00,565.00,+2.00,"4,857",
115/03/25,"4,343,526","2,459,478,232",576.00,577.00,562.00,565.00, 0.00,"7,211",
115/03/26,"3,248,027","1,856,157,803",566.00,577.00,563.00,574.00,+9.00,"4,998",
115/03/27,"2,481,563","1,420,914,830",572.00,577.00,566.00,577.00,+3.00,"4,106",
115/03/30,"3,172,392","1,791,540,561",569.00,571.00,562.00,562.00,-15.00,"5,843",
115/03/31,"4,343,038","2,404,471,994",560.00,565.00,548.00,549.00,-13.00,"6,385",
115/04/01,"3,100,177","1,751,172,967",568.00,570.00,560.00,567.00,+18.00,"4,466",
115/04/02,"3,384,391","1,880,675,804",570.00,570.00,551.00,555.00,-12.00,"6,056",
115/04/07,"2,709,937","1,492,033,681",561.00,563.00,545.00,550.00,-5.00,"4,798",
115/04/08,"3,447,711","1,950,666,556",565.00,571.00,561.00,562.00,+12.00,"5,433",
115/04/09,"2,442,567","1,380,376,194",563.00,568.00,560.00,568.00,+6.00,"3,760",
115/04/10,"3,617,167","2,092,335,840",584.00,584.00,575.00,578.00,+10.00,"5,671",
115/04/13,"2,913,908","1,671,682,010",573.00,579.00,565.00,578.00, 0.00,"4,628",
115/04/14,"3,431,946","1,996,029,944",584.00,585.00,578.00,580.00,+2.00,"5,003",
115/04/15,"4,199,393","2,449,904,029",584.00,587.00,580.00,584.00,+4.00,"5,272",
115/04/16,"4,191,246","2,469,881,380",584.00,595.00,584.00,589.00,+5.00,"5,849",
115/04/17,"5,743,396","3,438,595,929",590.00,608.00,588.00,599.00,+10.00,"9,132",
115/04/20,"4,113,459","2,488,559,258",606.00,609.00,601.00,605.00,+6.00,"6,863",
115/04/21,"5,134,459","3,078,387,809",606.00,609.00,592.00,599.00,-6.00,"9,736",
115/04/22,"4,673,650","2,825,140,222",598.00,609.00,595.00,609.00,+10.00,"7,147",
115/04/23,"5,700,773","3,436,257,664",613.00,619.00,591.00,598.00,-11.00,"9,735",
115/04/24,"5,501,754","3,241,542,438",598.00,601.00,584.00,585.00,-13.00,"9,668",
115/04/27,"3,081,255","1,814,643,416",587.00,596.00,585.00,588.00,+3.00,"5,036",
115/04/28,"2,335,533","1,369,615,258",589.00,591.00,583.00,588.00, 0.00,"4,836",
115/04/29,"2,430,601","1,429,360,691",590.00,595.00,585.00,588.00, 0.00,"3,595",
115/04/30,"3,074,874","1,797,021,664",585.00,590.00,581.00,581.00,-7.00,"5,093",
