日期,成交股數,成交金額,開盤價,最高價,最低價,收盤價,漲跌價差,成交筆數,註記
109/01/02,"398,147","2,010,990,735","5,055.00","5,090.00","5,015.00","5,030.00",+30.00,512,
109/01/03,"892,399","4,464,445,050","5,105.00","5,155.00","4,875.00","4,880.00",-150.00,940,
109/01/06,"1,276,386","6,039,163,500","4,780.00","4,865.00","4,680.00","4,695.00",-185.00,"1,398",
109/01/07,"856,521","4,041,020,800","4,740.00","4,785.00","4,640.00","4,740.00",+45.00,913,
109/01/08,"510,126","2,425,747,320","4,700.00","4,820.00","4,670.00","4,785.00",+45.00,586,
109/01/09,"522,955","2,536,195,801","4,870.00","4,880.00","4,815.00","4,865.00",+80.00,569,
109/01/10,"1,085,357","5,440,066,065","4,975.00","5,085.00","4,935.00","5,065.00",+200.00,"1,385",
109/01/13,"700,625","3,547,953,125","5,150.00","5,165.00","4,990.00","5,050.00",-15.00,894,
109/01/14,"801,226","4,124,328,900","5,110.00","5,210.00","5,095.00","5,180.00",+130.00,960,
109/01/15,"877,682","4,419,747,490","5,130.00","5,145.00","4,980.00","4,985.00",-195.00,"1,032",
109/01/16,"735,534","3,667,161,020","4,965.00","5,040.00","4,895.00","5,015.00",+30.00,818,
109/01/17,"576,186","2,891,169,360","5,055.00","5,075.00","4,970.00","4,985.00",-30.00,508,
109/01/20,"444,325","2,215,860,750","5,000.00","5,015.00","4,965.00","4,975.00",-10.00,439,
109/01/30,"1,222,512","5,857,681,040","4,825.00","4,935.00","4,665.00","4,710.00",-265.00,"1,771",
109/01/31,"546,153","2,625,455,885","4,810.00","4,830.00","4,755.00","4,805.00",+95.00,781,
109/02/03,"699,133","3,249,466,750","4,635.00","4,700.00","4,550.00","4,700.00",-105.00,854,
109/02/04,"1,205,412","5,828,181,620","4,750.00","4,925.00","4,750.00","4,835.00",+135.00,"1,194",
109/02/05,"778,926","3,773,812,580","4,900.00","4,910.00","4,785.00","4,830.00",-5.00,953,
109/02/06,"642,861","3,085,067,250","4,800.00","4,855.00","4,725.00","4,845.00",+15.00,862,
109/02/07,"523,735","2,489,992,425","4,780.00","4,800.00","4,715.00","4,755.00",-90.00,816,
109/02/10,"707,517","3,312,172,995","4,630.00","4,750.00","4,575.00","4,750.00",-5.00,867,
109/02/11,"503,406","2,373,083,200","4,720.00","4,755.00","4,690.00","4,690.00",-60.00,713,
109/02/12,"483,132","2,318,883,880","4,700.00","4,840.00","4,700.00","4,840.00",+150.00,625,
109/02/13,"410,633","1,996,312,895","4,855.00","4,920.00","4,810.00","4,820.00",-20.00,578,
109/02/14,"303,335","1,465,874,700","4,820.00","4,875.00","4,810.00","4,820.00", 0.00,450,
109/02/17,"408,355","1,957,534,975","4,800.00","4,845.00","4,750.00","4,845.00",+25.00,526,
109/02/18,"709,696","3,335,825,760","4,750.00","4,760.00","4,630.00","4,630.00",-215.00,880,
109/02/19,"526,860","2,480,450,220","4,675.00","4,760.00","4,635.00","4,725.00",+95.00,594,
109/02/20,"325,278","1,538,168,820","4,780.00","4,795.00","4,685.00","4,690.00",-35.00,705,
109/02/21,"376,714","1,779,319,360","4,700.00","4,765.00","4,670.00","4,740.00",+50.00,493,
109/02/24,"577,713","2,667,764,755","4,640.00","4,685.00","4,595.00","4,610.00",-130.00,809,
109/02/25,"492,128","2,269,968,280","4,580.00","4,650.00","4,570.00","4,630.00",+20.00,659,
109/02/26,"689,395","3,167,392,800","4,575.00","4,650.00","4,540.00","4,580.00",-50.00,737,
109/02/27,"875,817","3,940,082,625","4,600.00","4,625.00","4,430.00","4,430.00",-150.00,"1,312",
109/03/02,"807,494","3,563,373,660","4,400.00","4,465.00","4,365.00","4,380.00",-50.00,"1,197",
109/03/03,"823,643","3,775,196,005","4,555.00","4,625.00","4,550.00","4,580.00",+200.00,"1,003",
109/03/04,"724,862","3,305,058,321","4,605.00","4,615.00","4,510.00","4,530.00",-50.00,733,
109/03/05,"407,933","1,879,697,889","4,620.00","4,630.00","4,595.00","4,600.00",+70.00,515,
109/03/06,"457,817","2,100,829,605","4,585.00","4,620.00","4,565.00","4,565.00",-35.00,627,
109/03/09,"613,727","2,724,039,245","4,480.00","4,495.00","4,400.00","4,405.00",-160.00,811,
109/03/10,"715,738","3,161,001,585","4,365.00","4,530.00","4,340.00","4,490.00",+85.00,937,
109/03/11,"675,782","3,038,755,659","4,500.00","4,555.00","4,385.00","4,385.00",-105.00,"1,007",
109/03/12,"1,583,912","6,452,953,000","4,170.00","4,190.00","3,970.00","3,980.00",-405.00,"2,003",
109/03/13,"1,581,714","6,007,878,840","3,620.00","4,060.00","3,620.00","4,060.00",+80.00,"1,869",
109/03/16,"1,176,019","4,539,706,250","3,985.00","4,020.00","3,710.00","3,725.00",-335.00,"1,634",
109/03/17,"1,191,306","4,479,107,500","3,700.00","3,850.00","3,650.00","3,735.00",+10.00,"1,429",
109/03/18,"1,188,034","4,403,957,570","3,760.00","3,815.00","3,600.00","3,600.00",-135.00,"1,567",
109/03/19,"2,293,653","7,913,438,575","3,600.00","3,645.00","3,240.00","3,250.00",-350.00,"2,712",
109/03/20,"1,518,998","5,379,717,850","3,570.00","3,575.00","3,420.00","3,575.00",+325.00,"1,716",
109/03/23,"1,037,319","3,590,603,525","3,400.00","3,630.00","3,350.00","3,450.00",-125.00,"1,246",
109/03/24,"952,309","3,500,147,485","3,640.00","3,780.00","3,600.00","3,665.00",+215.00,"1,301",
109/03/25,"1,179,756","4,627,044,833","3,890.00","3,980.00","3,850.00","3,890.00",+225.00,"1,542",
109/03/26,"869,893","3,394,642,535","3,925.00","3,995.00","3,770.00","3,995.00",+105.00,"1,125",
109/03/27,"1,011,738","4,055,486,060","4,100.00","4,170.00","3,870.00","3,870.00",-125.00,"1,318",
109/03/30,"803,308","3,030,115,400","3,775.00","3,810.00","3,710.00","3,785.00",-85.00,960,
109/03/31,"835,722","3,211,604,720","3,870.00","3,895.00","3,810.00","3,830.00",+45.00,"1,051",
109/04/01,"509,854","1,931,728,120","3,830.00","3,840.00","3,760.00","3,760.00",-70.00,760,
109/04/06,"677,040","2,606,584,400","3,880.00","3,885.00","3,800.00","3,860.00",+100.00,844,
109/04/07,"657,956","2,589,230,680","3,975.00","3,990.00","3,890.00","3,890.00",+30.00,729,
109/04/08,"345,706","1,356,423,700","3,900.00","3,950.00","3,890.00","3,950.00",+60.00,862,
109/04/09,"1,014,202","3,911,638,760","3,955.00","3,995.00","3,780.00","3,800.00",-150.00,"1,099",
109/04/10,"1,160,077","4,324,834,520","3,800.00","3,800.00","3,670.00","3,685.00",-115.00,"1,366",
109/04/13,"605,191","2,234,298,610","3,665.00","3,735.00","3,655.00","3,685.00", 0.00,936,
109/04/14,"705,331","2,674,539,385","3,740.00","3,835.00","3,725.00","3,815.00",+130.00,853,
109/04/15,"838,432","3,204,301,306","3,835.00","3,860.00","3,780.00","3,800.00",-15.00,892,
109/04/16,"653,613","2,460,917,945","3,750.00","3,810.00","3,725.00","3,725.00",-75.00,"1,001",
109/04/17,"1,520,529","5,836,930,379","3,850.00","3,870.00","3,785.00","3,850.00",+125.00,"1,661",
109/04/20,"650,830","2,516,876,060","3,880.00","3,895.00","3,820.00","3,885.00",+35.00,768,
109/04/21,"949,112","3,570,330,000","3,855.00","3,860.00","3,700.00","3,700.00",-185.00,"1,236",
109/04/22,"600,134","2,208,579,820","3,700.00","3,730.00","3,620.00","3,680.00",-20.00,787,
109/04/23,"597,083","2,233,197,910","3,770.00","3,775.00","3,705.00","3,740.00",+60.00,738,
109/04/24,"433,712","1,618,244,840","3,740.00","3,760.00","3,680.00","3,740.00", 0.00,523,
109/04/27,"719,386","2,754,065,524","3,810.00","3,860.00","3,785.00","3,860.00",+120.00,"1,048",
109/04/28,"700,553","2,711,986,424","3,910.00","3,910.00","3,835.00","3,860.00", 0.00,798,
109/04/29,"1,035,377","4,072,834,150","3,880.00","3,975.00","3,860.00","3,940.00",+80.00,"1,459",
109/04/30,"1,130,697","4,595,294,670","4,000.00","4,120.00","3,985.00","4,110.00",+170.00,"1,685",
109/05/04,"1,104,296","4,300,384,400","3,915.00","3,950.00","3,870.00","3,875.00",-235.00,"1,636",
109/05/05,"632,392","2,501,190,360","3,930.00","3,990.00","3,910.00","3,960.00",+85.00,918,
109/05/06,"784,766","3,141,786,450","3,905.00","4,075.00","3,875.00","4,075.00",+115.00,"1,168",
109/05/07,"536,919","2,199,814,520","4,095.00","4,150.00","4,055.00","4,070.00",-5.00,793,
109/05/08,"1,363,008","5,755,351,020","4,180.00","4,325.00","4,135.00","4,225.00",+155.00,"1,671",
109/05/11,"611,528","2,584,607,600","4,265.00","4,285.00","4,190.00","4,200.00",-25.00,"1,094",
109/05/12,"441,878","1,825,726,750","4,160.00","4,180.00","4,085.00","4,110.00",-90.00,660,
109/05/13,"544,031","2,243,564,115","4,070.00","4,195.00","4,040.00","4,195.00",+85.00,826,
109/05/14,"439,232","1,817,833,520","4,165.00","4,195.00","4,100.00","4,110.00",-85.00,895,
109/05/15,"605,343","2,490,521,010","4,150.00","4,190.00","4,060.00","4,065.00",-45.00,851,
109/05/18,"1,076,643","4,218,251,990","3,940.00","3,990.00","3,860.00","3,860.00",-205.00,"1,402",
109/05/19,"922,449","3,591,946,098","3,930.00","3,945.00","3,845.00","3,845.00",-15.00,"1,425",
109/05/20,"662,613","2,581,028,177","3,850.00","3,935.00","3,850.00","3,870.00",+25.00,709,
109/05/21,"419,661","1,648,920,950","3,920.00","3,955.00","3,905.00","3,930.00",+60.00,624,
109/05/22,"512,239","1,974,979,930","3,910.00","3,930.00","3,820.00","3,840.00",-90.00,974,
109/05/25,"415,062","1,587,519,320","3,880.00","3,880.00","3,770.00","3,835.00",-5.00,770,
109/05/26,"561,716","2,199,350,360","3,885.00","3,935.00","3,875.00","3,925.00",+90.00,626,
109/05/27,"663,648","2,586,786,819","3,940.00","3,940.00","3,860.00","3,880.00",-45.00,898,
109/05/28,"431,477","1,670,248,605","3,935.00","3,935.00","3,820.00","3,830.00",-50.00,760,
109/05/29,"669,334","2,564,075,910","3,840.00","3,855.00","3,805.00","3,835.00",+5.00,760,
109/06/01,"1,126,489","4,475,620,450","3,880.00","4,070.00","3,865.00","4,065.00",+230.00,"1,517",
109/06/02,"1,012,554","4,192,348,840","4,095.00","4,205.00","4,060.00","4,085.00",+20.00,"1,399",
109/06/03,"1,191,133","5,062,081,296","4,200.00","4,300.00","4,185.00","4,270.00",+185.00,"1,530",
109/06/04,"553,383","2,366,311,260","4,320.00","4,330.00","4,230.00","4,240.00",-30.00,955,
109/06/05,"602,101","2,577,909,250","4,345.00","4,345.00","4,245.00","4,270.00",+30.00,978,
109/06/08,"1,141,735","5,027,647,675","4,330.00","4,445.00","4,290.00","4,420.00",+150.00,"1,684",
109/06/09,"570,524","2,505,050,120","4,425.00","4,445.00","4,365.00","4,390.00",-30.00,997,
109/06/10,"530,291","2,341,527,490","4,415.00","4,455.00","4,380.00","4,400.00",+10.00,948,
109/06/11,"913,258","3,902,146,180","4,370.00","4,370.00","4,205.00","4,210.00",-190.00,"1,709",
109/06/12,"755,756","3,122,057,400","4,085.00","4,180.00","4,080.00","4,140.00",-70.00,"1,108",
109/06/15,"501,860","2,080,766,227","4,150.00","4,180.00","4,100.00","4,120.00",-20.00,894,
109/06/16,"569,177","2,408,313,402","4,245.00","4,280.00","4,185.00","4,195.00",+75.00,761,
109/06/17,"455,035","1,906,562,887","4,245.00","4,255.00","4,155.00","4,160.00",-35.00,608,
109/06/18,"1,160,737","4,707,394,070","4,170.00","4,170.00","4,015.00","4,050.00",-110.00,"1,226",
109/06/19,"887,969","3,603,030,710","4,060.00","4,100.00","4,025.00","4,055.00",+5.00,955,
109/06/22,"621,089","2,500,996,340","4,070.00","4,075.00","3,990.00","4,020.00",-35.00,883,
109/06/23,"773,527","3,121,879,080","4,095.00","4,110.00","4,000.00","4,010.00",-10.00,"1,206",
109/06/24,"935,716","3,759,323,517","4,050.00","4,070.00","3,990.00","4,010.00", 0.00,"1,123",
109/06/29,"1,211,513","4,836,051,140","4,020.00","4,050.00","3,940.00","3,940.00",-70.00,"1,711",
109/06/30,"1,094,663","4,420,587,049","4,010.00","4,085.00","3,995.00","4,085.00",+145.00,"1,389",
109/07/01,"929,311","3,885,331,200","4,135.00","4,245.00","4,125.00","4,200.00",+115.00,"1,278",
109/07/02,"711,228","3,037,832,931","4,280.00","4,310.00","4,230.00","4,245.00",+45.00,"1,014",
109/07/03,"805,974","3,469,427,550","4,295.00","4,330.00","4,250.00","4,325.00",+80.00,"1,347",
109/07/06,"1,211,247","5,312,460,505","4,420.00","4,435.00","4,315.00","4,410.00",+85.00,"1,744",
109/07/07,"1,011,784","4,469,273,520","4,440.00","4,450.00","4,355.00","4,405.00",-5.00,"1,463",
109/07/08,"833,870","3,648,353,850","4,410.00","4,410.00","4,350.00","4,355.00",-50.00,"1,338",
109/07/09,"868,426","3,855,709,680","4,405.00","4,475.00","4,405.00","4,430.00",+75.00,"1,283",
109/07/10,"2,847,667","11,521,489,180","4,075.00","4,140.00","4,000.00","4,010.00",-420.00,"3,947",
109/07/13,"1,009,902","4,024,093,000","4,050.00","4,050.00","3,960.00","3,960.00",-50.00,"1,629",
109/07/14,"700,052","2,795,720,600","3,955.00","4,030.00","3,925.00","4,020.00",+60.00,"1,005",
109/07/15,"596,590","2,417,117,450","4,085.00","4,095.00","4,010.00","4,015.00",-5.00,849,
109/07/16,"417,238","1,673,266,520","4,050.00","4,055.00","3,990.00","4,000.00",-15.00,817,
109/07/17,"275,519","1,105,141,380","4,040.00","4,050.00","3,995.00","3,995.00",-5.00,727,
109/07/20,"300,239","1,204,405,560","4,005.00","4,030.00","3,980.00","4,010.00",+15.00,574,
109/07/21,"526,014","2,144,542,680","4,040.00","4,095.00","4,040.00","4,090.00",+80.00,782,
109/07/22,"524,628","2,144,149,100","4,095.00","4,135.00","4,025.00","4,045.00",-45.00,897,
109/07/23,"1,700,474","6,668,813,190","4,045.00","4,050.00","3,850.00","3,875.00",-170.00,"2,548",
109/07/24,"1,318,798","5,048,043,370","3,865.00","3,870.00","3,790.00","3,800.00",-75.00,"2,479",
109/07/27,"630,838","2,409,576,300","3,840.00","3,850.00","3,790.00","3,815.00",+15.00,"1,457",
109/07/28,"855,590","3,334,250,750","3,835.00","3,960.00","3,830.00","3,910.00",+95.00,"1,547",
109/07/29,"619,213","2,395,532,180","3,950.00","3,955.00","3,835.00","3,850.00",-60.00,"1,795",
109/07/30,"411,035","1,579,504,750","3,885.00","3,885.00","3,810.00","3,825.00",-25.00,"1,329",
109/07/31,"409,393","1,570,798,050","3,845.00","3,875.00","3,825.00","3,825.00", 0.00,"1,130",
109/08/03,"736,985","2,812,512,625","3,850.00","3,865.00","3,800.00","3,800.00",-25.00,"1,461",
109/08/04,"423,336","1,621,130,200","3,830.00","3,855.00","3,805.00","3,815.00",+15.00,"1,201",
109/08/05,"479,541","1,851,190,310","3,850.00","3,895.00","3,815.00","3,895.00",+80.00,852,
109/08/06,"2,116,091","8,780,379,935","4,130.00","4,200.00","4,080.00","4,160.00",+265.00,"2,876",
109/08/07,"812,563","3,320,942,390","4,180.00","4,185.00","4,035.00","4,035.00",-125.00,"1,281",
109/08/10,"969,353","3,890,641,664","4,060.00","4,075.00","3,960.00","4,000.00",-35.00,"1,358",
109/08/11,"646,332","2,525,444,800","3,925.00","3,960.00","3,880.00","3,885.00",X0.00,"1,530",
109/08/12,"482,238","1,879,814,702","3,885.00","3,930.00","3,870.00","3,900.00",+15.00,665,
109/08/13,"708,788","2,758,632,440","3,930.00","3,955.00","3,850.00","3,850.00",-50.00,"1,160",
109/08/14,"223,904","862,128,350","3,850.00","3,875.00","3,810.00","3,855.00",+5.00,794,
109/08/17,"363,235","1,407,832,375","3,835.00","3,915.00","3,835.00","3,900.00",+45.00,626,
109/08/18,"1,374,659","5,180,429,430","3,860.00","3,875.00","3,705.00","3,715.00",-185.00,"2,522",
109/08/19,"576,976","2,158,604,640","3,730.00","3,775.00","3,705.00","3,725.00",+10.00,"1,250",
109/08/20,"1,686,704","5,998,026,210","3,715.00","3,720.00","3,420.00","3,560.00",-165.00,"2,729",
109/08/21,"1,153,004","4,123,724,400","3,600.00","3,630.00","3,540.00","3,545.00",-15.00,"2,469",
109/08/24,"657,404","2,353,284,020","3,545.00","3,610.00","3,510.00","3,605.00",+60.00,"1,228",
109/08/25,"731,705","2,638,058,000","3,615.00","3,640.00","3,560.00","3,575.00",-30.00,"1,862",
109/08/26,"579,355","2,059,315,250","3,590.00","3,590.00","3,535.00","3,535.00",-40.00,"1,672",
109/08/27,"1,108,875","3,865,654,375","3,550.00","3,555.00","3,460.00","3,460.00",-75.00,"2,864",
109/08/28,"1,223,426","4,182,201,075","3,450.00","3,450.00","3,390.00","3,420.00",-40.00,"2,685",
109/08/31,"1,025,950","3,492,583,820","3,460.00","3,470.00","3,370.00","3,385.00",-35.00,"2,096",
109/09/01,"1,157,656","4,040,422,080","3,400.00","3,545.00","3,385.00","3,525.00",+140.00,"1,533",
109/09/02,"1,082,746","3,922,630,280","3,595.00","3,665.00","3,565.00","3,650.00",+125.00,"1,744",
109/09/03,"979,965","3,611,816,810","3,680.00","3,725.00","3,640.00","3,695.00",+45.00,"1,567",
109/09/04,"733,080","2,642,694,400","3,575.00","3,655.00","3,550.00","3,655.00",-40.00,"1,110",
109/09/07,"689,157","2,486,296,275","3,660.00","3,710.00","3,560.00","3,560.00",-95.00,"1,723",
109/09/08,"583,860","2,069,913,000","3,560.00","3,580.00","3,515.00","3,540.00",-20.00,"1,435",
109/09/09,"704,240","2,446,591,000","3,490.00","3,515.00","3,405.00","3,505.00",-35.00,"1,331",
109/09/10,"441,356","1,554,357,780","3,545.00","3,575.00","3,495.00","3,500.00",-5.00,"1,217",
109/09/11,"350,197","1,225,318,440","3,500.00","3,525.00","3,470.00","3,500.00", 0.00,687,
109/09/14,"617,093","2,236,770,845","3,520.00","3,670.00","3,520.00","3,655.00",+155.00,"1,063",
109/09/15,"462,769","1,695,823,385","3,660.00","3,690.00","3,645.00","3,655.00", 0.00,892,
109/09/16,"656,488","2,367,777,040","3,675.00","3,690.00","3,560.00","3,560.00",-95.00,"1,388",
109/09/17,"1,040,197","3,675,525,940","3,535.00","3,600.00","3,500.00","3,500.00",-60.00,"1,751",
109/09/18,"578,986","2,025,915,860","3,505.00","3,515.00","3,485.00","3,490.00",-10.00,"1,005",
109/09/21,"437,599","1,533,901,500","3,530.00","3,545.00","3,485.00","3,495.00",+5.00,"1,051",
109/09/22,"1,377,192","4,729,155,260","3,495.00","3,495.00","3,450.00","3,460.00",-35.00,"1,066",
109/09/23,"582,094","2,009,939,000","3,450.00","3,490.00","3,435.00","3,470.00",+10.00,674,
109/09/24,"696,485","2,400,933,400","3,420.00","3,490.00","3,420.00","3,425.00",-45.00,"1,445",
109/09/25,"709,759","2,401,175,420","3,465.00","3,470.00","3,330.00","3,355.00",-70.00,"1,618",
109/09/28,"393,761","1,326,300,985","3,375.00","3,400.00","3,330.00","3,365.00",+10.00,901,
109/09/29,"403,998","1,355,388,260","3,400.00","3,400.00","3,340.00","3,345.00",-20.00,922,
109/09/30,"683,408","2,306,284,040","3,360.00","3,405.00","3,350.00","3,360.00",+15.00,"1,273",
109/10/05,"856,563","2,845,261,790","3,400.00","3,400.00","3,275.00","3,295.00",-65.00,"1,453",
109/10/06,"1,334,714","4,315,414,650","3,280.00","3,290.00","3,205.00","3,220.00",-75.00,"2,445",
109/10/07,"1,219,866","3,942,148,830","3,220.00","3,280.00","3,210.00","3,220.00", 0.00,"2,002",
109/10/08,"1,377,452","4,605,306,320","3,250.00","3,415.00","3,240.00","3,380.00",+160.00,"1,944",
109/10/12,"2,317,972","7,218,489,860","3,195.00","3,215.00","3,065.00","3,090.00",-290.00,"3,839",
109/10/13,"2,254,530","6,734,285,150","3,050.00","3,055.00","2,950.00","2,970.00",-120.00,"3,958",
109/10/14,"2,104,216","6,264,018,340","2,950.00","3,010.00","2,945.00","2,950.00",-20.00,"3,637",
109/10/15,"1,072,327","3,189,902,730","2,985.00","3,025.00","2,950.00","2,955.00",+5.00,"2,544",
109/10/16,"1,067,729","3,189,747,420","2,970.00","3,020.00","2,960.00","2,965.00",+10.00,"2,747",
109/10/19,"1,420,823","4,364,578,070","3,020.00","3,110.00","3,010.00","3,085.00",+120.00,"2,413",
109/10/20,"589,895","1,818,683,450","3,100.00","3,100.00","3,065.00","3,090.00",+5.00,976,
109/10/21,"826,788","2,607,192,960","3,120.00","3,180.00","3,120.00","3,145.00",+55.00,"1,426",
109/10/22,"597,437","1,871,862,660","3,150.00","3,155.00","3,100.00","3,140.00",-5.00,"1,428",
109/10/23,"803,423","2,561,618,600","3,195.00","3,210.00","3,155.00","3,180.00",+40.00,"1,414",
109/10/26,"486,647","1,555,410,405","3,205.00","3,215.00","3,165.00","3,195.00",+15.00,"2,992",
109/10/27,"399,758","1,264,373,445","3,160.00","3,180.00","3,145.00","3,165.00",-30.00,"3,795",
109/10/28,"478,185","1,491,650,459","3,150.00","3,165.00","3,095.00","3,100.00",-65.00,"3,990",
109/10/29,"664,045","2,018,408,610","3,050.00","3,065.00","3,025.00","3,035.00",-65.00,"3,371",
109/10/30,"664,362","2,013,228,035","3,030.00","3,060.00","3,005.00","3,025.00",-10.00,"2,844",
109/11/02,"315,344","950,254,360","3,025.00","3,030.00","2,995.00","3,025.00", 0.00,"1,615",
109/11/03,"827,938","2,569,014,975","3,035.00","3,150.00","3,035.00","3,105.00",+80.00,"2,095",
109/11/04,"690,927","2,166,189,520","3,150.00","3,165.00","3,100.00","3,120.00",+15.00,"1,887",
109/11/05,"936,565","2,970,305,440","3,135.00","3,200.00","3,130.00","3,200.00",+80.00,"2,225",
109/11/06,"1,303,894","4,067,541,200","3,165.00","3,195.00","3,065.00","3,145.00",-55.00,"4,302",
109/11/09,"947,378","3,084,142,535","3,240.00","3,280.00","3,230.00","3,265.00",+120.00,"3,660",
109/11/10,"1,049,636","3,457,178,630","3,275.00","3,340.00","3,225.00","3,300.00",+35.00,"3,419",
109/11/11,"521,534","1,721,569,880","3,320.00","3,330.00","3,275.00","3,310.00",+10.00,"1,808",
109/11/12,"813,158","2,690,996,345","3,310.00","3,350.00","3,275.00","3,330.00",+20.00,"2,325",
109/11/13,"829,031","2,769,959,275","3,250.00","3,385.00","3,245.00","3,360.00",+30.00,"2,534",
109/11/16,"622,734","2,090,929,665","3,395.00","3,415.00","3,320.00","3,320.00",-40.00,"3,433",
109/11/17,"555,431","1,856,861,510","3,370.00","3,370.00","3,320.00","3,330.00",+10.00,"1,979",
109/11/18,"2,455,181","8,556,230,705","3,370.00","3,550.00","3,360.00","3,550.00",+220.00,"6,169",
109/11/19,"1,090,835","3,882,031,065","3,560.00","3,615.00","3,505.00","3,545.00",-5.00,"4,071",
109/11/20,"991,719","3,445,523,700","3,530.00","3,545.00","3,445.00","3,460.00",-85.00,"5,004",
109/11/23,"1,053,331","3,613,653,160","3,430.00","3,500.00","3,400.00","3,400.00",-60.00,"4,605",
109/11/24,"842,762","2,866,420,110","3,455.00","3,480.00","3,355.00","3,370.00",-30.00,"5,133",
109/11/25,"907,741","3,032,039,475","3,390.00","3,410.00","3,305.00","3,310.00",-60.00,"5,107",
109/11/26,"598,132","1,992,881,190","3,340.00","3,355.00","3,315.00","3,325.00",+15.00,"2,271",
109/11/27,"691,654","2,305,541,805","3,345.00","3,355.00","3,315.00","3,330.00",+5.00,"2,639",
109/11/30,"1,322,176","4,320,971,218","3,350.00","3,350.00","3,225.00","3,225.00",-105.00,"7,077",
109/12/01,"717,635","2,373,622,320","3,260.00","3,355.00","3,240.00","3,345.00",+120.00,"2,636",
109/12/02,"632,538","2,138,620,460","3,380.00","3,410.00","3,355.00","3,375.00",+30.00,"2,825",
109/12/03,"723,793","2,453,407,380","3,380.00","3,405.00","3,360.00","3,405.00",+30.00,"2,268",
109/12/04,"481,128","1,645,215,310","3,435.00","3,435.00","3,395.00","3,430.00",+25.00,"2,291",
109/12/07,"733,046","2,478,204,410","3,475.00","3,475.00","3,330.00","3,380.00",-50.00,"3,687",
109/12/08,"751,298","2,589,697,260","3,385.00","3,475.00","3,380.00","3,440.00",+60.00,"2,788",
109/12/09,"395,569","1,372,875,635","3,450.00","3,480.00","3,450.00","3,470.00",+30.00,"2,238",
109/12/10,"414,427","1,412,613,140","3,400.00","3,425.00","3,385.00","3,415.00",-55.00,"2,767",
109/12/11,"1,131,544","3,792,725,740","3,420.00","3,425.00","3,320.00","3,320.00",-95.00,"5,407",
109/12/14,"915,001","3,004,438,065","3,325.00","3,355.00","3,240.00","3,265.00",-55.00,"6,150",
109/12/15,"622,412","2,021,977,940","3,250.00","3,275.00","3,225.00","3,225.00",-40.00,"3,045",
109/12/16,"708,510","2,353,777,560","3,310.00","3,360.00","3,275.00","3,325.00",+100.00,"2,116",
109/12/17,"390,280","1,289,033,025","3,345.00","3,350.00","3,275.00","3,315.00",-10.00,"1,925",
109/12/18,"635,444","2,101,370,825","3,235.00","3,355.00","3,235.00","3,305.00",-10.00,"1,662",
109/12/21,"384,982","1,278,152,140","3,270.00","3,345.00","3,270.00","3,340.00",+35.00,"1,245",
109/12/22,"659,374","2,164,307,522","3,340.00","3,340.00","3,240.00","3,240.00",-100.00,"4,571",
109/12/23,"327,399","1,065,119,475","3,255.00","3,270.00","3,230.00","3,260.00",+20.00,"1,935",
109/12/24,"223,272","730,834,355","3,270.00","3,300.00","3,255.00","3,260.00", 0.00,"1,409",
109/12/25,"187,646","613,346,875","3,270.00","3,290.00","3,250.00","3,260.00", 0.00,"1,619",
109/12/28,"322,368","1,046,567,335","3,260.00","3,275.00","3,230.00","3,235.00",-25.00,"2,750",
109/12/29,"615,888","1,975,539,219","3,240.00","3,250.00","3,180.00","3,190.00",-45.00,"5,867",
109/12/30,"467,467","1,495,826,255","3,190.00","3,225.00","3,170.00","3,225.00",+35.00,"3,019",
109/12/31,"509,438","1,638,235,700","3,240.00","3,250.00","3,190.00","3,195.00",-30.00,"2,915",
110/01/04,"1,155,195","3,833,961,615","3,235.00","3,355.00","3,225.00","3,350.00",+155.00,"4,003",
110/01/05,"830,811","2,750,567,215","3,350.00","3,360.00","3,270.00","3,315.00",-35.00,"4,014",
110/01/06,"2,656,614","8,274,265,610","3,215.00","3,245.00","3,060.00","3,070.00",-245.00,"18,014",
110/01/07,"1,122,340","3,397,439,530","3,015.00","3,060.00","3,010.00","3,030.00",-40.00,"7,106",
110/01/08,"1,962,979","5,920,967,119","3,020.00","3,050.00","2,965.00","3,040.00",+10.00,"8,050",
110/01/11,"1,392,705","4,251,144,980","3,045.00","3,100.00","3,000.00","3,045.00",+5.00,"4,342",
110/01/12,"1,425,008","4,260,527,953","3,005.00","3,020.00","2,970.00","2,990.00",-55.00,"10,661",
110/01/13,"864,834","2,591,513,716","3,005.00","3,015.00","2,980.00","2,995.00",+5.00,"4,833",
110/01/14,"943,787","2,818,602,090","2,995.00","3,015.00","2,960.00","2,960.00",-35.00,"6,200",
110/01/15,"2,252,056","6,519,485,270","2,990.00","2,990.00","2,850.00","2,860.00",-100.00,"16,640",
110/01/18,"1,187,337","3,326,559,450","2,860.00","2,865.00","2,770.00","2,805.00",-55.00,"9,193",
110/01/19,"1,295,432","3,749,022,740","2,850.00","2,945.00","2,830.00","2,880.00",+75.00,"5,047",
110/01/20,"1,161,836","3,266,457,655","2,880.00","2,895.00","2,780.00","2,790.00",-90.00,"6,822",
110/01/21,"856,333","2,424,987,495","2,835.00","2,885.00","2,785.00","2,825.00",+35.00,"3,413",
110/01/22,"1,419,144","4,152,488,780","2,875.00","2,965.00","2,860.00","2,940.00",+115.00,"5,258",
110/01/25,"850,652","2,530,800,320","2,950.00","3,010.00","2,915.00","3,000.00",+60.00,"3,733",
110/01/26,"802,598","2,417,236,295","3,030.00","3,060.00","2,975.00","2,980.00",-20.00,"4,863",
110/01/27,"494,280","1,467,017,200","3,020.00","3,020.00","2,940.00","2,975.00",-5.00,"2,518",
110/01/28,"978,970","2,936,986,670","2,965.00","3,035.00","2,915.00","3,025.00",+50.00,"3,337",
110/01/29,"747,412","2,222,146,175","3,045.00","3,045.00","2,940.00","2,940.00",-85.00,"3,659",
110/02/01,"447,105","1,311,953,520","2,910.00","2,970.00","2,905.00","2,935.00",-5.00,"2,287",
110/02/02,"766,403","2,287,681,555","2,960.00","3,005.00","2,950.00","3,005.00",+70.00,"2,202",
110/02/03,"1,128,677","3,460,866,925","3,060.00","3,100.00","3,025.00","3,080.00",+75.00,"4,934",
110/02/04,"464,057","1,423,104,955","3,060.00","3,090.00","3,050.00","3,050.00",-30.00,"2,195",
110/02/05,"496,213","1,517,741,690","3,080.00","3,080.00","3,040.00","3,050.00", 0.00,"2,198",
110/02/17,"1,346,933","4,202,110,145","3,100.00","3,160.00","3,085.00","3,150.00",+100.00,"5,075",
110/02/18,"1,137,274","3,655,118,335","3,160.00","3,260.00","3,135.00","3,250.00",+100.00,"5,283",
110/02/19,"2,052,141","6,948,779,535","3,240.00","3,445.00","3,235.00","3,405.00",+155.00,"9,976",
110/02/22,"1,673,565","5,858,222,045","3,460.00","3,545.00","3,455.00","3,510.00",+105.00,"7,766",
110/02/23,"1,240,155","4,380,588,810","3,510.00","3,560.00","3,490.00","3,550.00",+40.00,"5,920",
110/02/24,"1,205,793","4,234,660,050","3,560.00","3,565.00","3,465.00","3,520.00",-30.00,"6,445",
110/02/25,"1,596,429","5,494,349,960","3,560.00","3,590.00","3,385.00","3,410.00",-110.00,"8,368",
110/02/26,"1,382,633","4,574,233,945","3,320.00","3,365.00","3,280.00","3,295.00",-115.00,"9,403",
110/03/02,"827,165","2,775,952,945","3,380.00","3,400.00","3,340.00","3,345.00",+50.00,"2,896",
110/03/03,"810,496","2,754,116,680","3,345.00","3,440.00","3,315.00","3,440.00",+95.00,"3,150",
110/03/04,"530,443","1,794,590,475","3,420.00","3,430.00","3,355.00","3,375.00",-65.00,"2,573",
110/03/05,"585,844","1,977,902,230","3,310.00","3,415.00","3,310.00","3,360.00",-15.00,"2,303",
110/03/08,"862,089","2,965,697,010","3,420.00","3,480.00","3,395.00","3,425.00",+65.00,"3,887",
110/03/09,"1,400,690","4,894,563,510","3,430.00","3,525.00","3,430.00","3,525.00",+100.00,"5,699",
110/03/10,"882,615","3,077,292,650","3,530.00","3,550.00","3,435.00","3,435.00",-90.00,"4,272",
110/03/11,"560,856","1,955,453,270","3,475.00","3,505.00","3,455.00","3,480.00",+45.00,"1,985",
110/03/12,"373,729","1,293,375,735","3,505.00","3,505.00","3,440.00","3,465.00",-15.00,"1,922",
110/03/15,"461,270","1,577,479,750","3,445.00","3,465.00","3,405.00","3,405.00",-60.00,"2,740",
110/03/16,"647,252","2,179,158,475","3,405.00","3,415.00","3,330.00","3,340.00",-65.00,"5,796",
110/03/17,"534,368","1,797,176,015","3,375.00","3,400.00","3,330.00","3,340.00", 0.00,"2,083",
110/03/18,"665,134","2,274,176,980","3,355.00","3,450.00","3,355.00","3,425.00",+85.00,"2,245",
110/03/19,"641,010","2,150,840,450","3,390.00","3,425.00","3,330.00","3,355.00",-70.00,"3,671",
110/03/22,"399,644","1,321,689,515","3,315.00","3,320.00","3,285.00","3,315.00",-40.00,"2,844",
110/03/23,"347,760","1,147,782,175","3,315.00","3,350.00","3,300.00","3,300.00",-15.00,"2,313",
110/03/24,"458,161","1,493,268,280","3,285.00","3,305.00","3,240.00","3,240.00",-60.00,"4,972",
110/03/25,"587,438","1,915,317,370","3,240.00","3,300.00","3,205.00","3,290.00",+50.00,"2,529",
110/03/26,"505,701","1,658,506,160","3,310.00","3,320.00","3,255.00","3,265.00",-25.00,"3,606",
110/03/29,"359,854","1,176,389,305","3,305.00","3,305.00","3,245.00","3,245.00",-20.00,"2,762",
110/03/30,"438,607","1,427,192,960","3,260.00","3,285.00","3,230.00","3,260.00",+15.00,"2,125",
110/03/31,"509,777","1,645,936,705","3,260.00","3,265.00","3,210.00","3,210.00",-50.00,"4,494",
110/04/01,"480,378","1,537,034,790","3,250.00","3,250.00","3,170.00","3,175.00",-35.00,"5,886",
110/04/06,"898,721","2,784,759,375","3,170.00","3,180.00","3,070.00","3,080.00",-95.00,"11,175",
110/04/07,"1,248,912","3,762,081,085","3,070.00","3,080.00","2,990.00","3,000.00",-80.00,"9,037",
110/04/08,"1,011,448","3,097,316,715","3,000.00","3,125.00","2,945.00","3,100.00",+100.00,"4,834",
110/04/09,"781,312","2,376,870,830","3,100.00","3,100.00","3,010.00","3,020.00",-80.00,"6,204",
110/04/12,"630,045","1,891,648,775","3,015.00","3,025.00","2,985.00","3,000.00",-20.00,"4,158",
110/04/13,"833,878","2,529,739,740","3,010.00","3,055.00","3,010.00","3,030.00",+30.00,"2,842",
110/04/14,"688,920","2,080,976,345","3,030.00","3,060.00","3,000.00","3,020.00",-10.00,"4,527",
110/04/15,"767,974","2,343,606,980","3,035.00","3,090.00","3,020.00","3,050.00",+30.00,"2,729",
110/04/16,"955,534","2,995,926,695","3,065.00","3,160.00","3,060.00","3,140.00",+90.00,"4,320",
110/04/19,"288,136","894,872,940","3,135.00","3,140.00","3,085.00","3,090.00",-50.00,"2,393",
110/04/20,"275,201","855,471,525","3,110.00","3,120.00","3,090.00","3,110.00",+20.00,"1,647",
110/04/21,"487,231","1,495,167,855","3,085.00","3,125.00","3,045.00","3,045.00",-65.00,"4,245",
110/04/22,"273,585","836,679,135","3,080.00","3,090.00","3,015.00","3,050.00",+5.00,"2,738",
110/04/23,"308,372","947,362,385","3,085.00","3,100.00","3,025.00","3,100.00",+50.00,"1,422",
110/04/26,"691,898","2,199,453,680","3,140.00","3,200.00","3,130.00","3,175.00",+75.00,"3,457",
110/04/27,"664,517","2,077,187,510","3,175.00","3,190.00","3,085.00","3,105.00",-70.00,"2,995",
110/04/28,"223,877","694,809,230","3,080.00","3,125.00","3,080.00","3,110.00",+5.00,"1,556",
110/04/29,"213,200","665,987,485","3,105.00","3,145.00","3,100.00","3,110.00", 0.00,"1,486",
110/05/03,"554,595","1,682,731,548","3,135.00","3,135.00","3,005.00","3,015.00",-95.00,"4,289",
110/05/04,"478,653","1,443,627,060","3,020.00","3,050.00","2,995.00","3,015.00", 0.00,"3,053",
110/05/05,"284,849","859,660,275","3,015.00","3,040.00","3,000.00","3,010.00",-5.00,"1,892",
110/05/06,"720,369","2,153,491,690","2,940.00","3,020.00","2,940.00","2,990.00",-20.00,"4,651",
110/05/07,"459,851","1,388,988,626","3,010.00","3,060.00","3,000.00","3,005.00",+15.00,"1,524",
110/05/10,"760,959","2,235,271,645","3,025.00","3,025.00","2,895.00","2,900.00",-105.00,"12,392",
110/05/11,"1,199,700","3,361,158,790","2,810.00","2,850.00","2,780.00","2,790.00",-110.00,"14,827",
110/05/12,"1,475,608","4,102,801,834","2,785.00","2,885.00","2,610.00","2,810.00",+20.00,"8,172",
110/05/13,"837,199","2,407,675,095","2,830.00","2,925.00","2,755.00","2,900.00",+90.00,"3,918",
110/05/14,"495,591","1,421,730,645","2,910.00","2,920.00","2,850.00","2,850.00",-50.00,"3,172",
110/05/17,"730,768","2,066,667,015","2,710.00","2,900.00","2,710.00","2,850.00", 0.00,"3,783",
110/05/18,"590,568","1,693,431,385","2,900.00","2,910.00","2,820.00","2,865.00",+15.00,"2,582",
110/05/19,"337,270","975,682,950","2,910.00","2,910.00","2,880.00","2,890.00",+25.00,"1,591",
110/05/20,"586,853","1,711,190,515","2,900.00","2,995.00","2,850.00","2,850.00",-40.00,"2,806",
110/05/21,"435,841","1,273,765,590","2,900.00","2,950.00","2,885.00","2,920.00",+70.00,"1,597",
110/05/24,"230,337","673,215,350","2,895.00","2,950.00","2,880.00","2,935.00",+15.00,"1,310",
110/05/25,"353,934","1,047,712,235","2,965.00","2,985.00","2,940.00","2,940.00",+5.00,"1,606",
110/05/26,"198,583","582,004,545","2,940.00","2,965.00","2,910.00","2,920.00",-20.00,"1,320",
110/05/27,"443,304","1,288,450,320","2,920.00","2,955.00","2,900.00","2,900.00",-20.00,"1,621",
110/05/28,"311,220","905,787,600","2,925.00","2,940.00","2,890.00","2,910.00",+10.00,"1,291",
110/05/31,"644,255","1,927,406,000","2,920.00","3,030.00","2,910.00","3,030.00",+120.00,"3,204",
110/06/01,"429,090","1,321,925,435","3,050.00","3,110.00","3,050.00","3,065.00",+35.00,"2,439",
110/06/02,"331,733","1,022,084,660","3,095.00","3,115.00","3,055.00","3,070.00",+5.00,"1,774",
110/06/03,"167,975","516,909,685","3,095.00","3,095.00","3,065.00","3,065.00",-5.00,"1,137",
110/06/04,"251,686","761,579,485","3,035.00","3,065.00","3,000.00","3,040.00",-25.00,"1,404",
110/06/07,"305,674","930,546,220","3,040.00","3,100.00","2,980.00","3,080.00",+40.00,"1,849",
110/06/08,"432,886","1,307,976,905","3,050.00","3,085.00","2,990.00","3,005.00",-75.00,"1,880",
110/06/09,"488,707","1,453,430,695","2,980.00","2,995.00","2,950.00","2,950.00",-55.00,"3,238",
110/06/10,"454,689","1,382,394,015","2,990.00","3,075.00","2,985.00","3,070.00",+120.00,"2,146",
110/06/11,"282,554","870,209,295","3,095.00","3,110.00","3,045.00","3,060.00",-10.00,"1,592",
110/06/15,"204,588","622,210,645","3,105.00","3,105.00","3,010.00","3,020.00",-40.00,"1,153",
110/06/16,"389,920","1,198,377,975","3,010.00","3,090.00","3,010.00","3,070.00",+50.00,"1,604",
110/06/17,"458,869","1,391,570,685","3,040.00","3,060.00","3,015.00","3,020.00",-50.00,"1,445",
110/06/18,"428,764","1,298,080,890","3,030.00","3,050.00","3,020.00","3,020.00", 0.00,"1,044",
110/06/21,"401,362","1,191,237,185","3,000.00","3,025.00","2,930.00","2,950.00",-70.00,"4,138",
110/06/22,"323,484","950,616,925","2,985.00","2,995.00","2,915.00","2,930.00",-20.00,"3,010",
110/06/23,"366,408","1,092,431,715","2,960.00","3,000.00","2,935.00","2,990.00",+60.00,"1,349",
110/06/24,"166,210","494,331,620","2,990.00","2,995.00","2,960.00","2,960.00",-30.00,"1,077",
110/06/25,"825,224","2,525,279,205","3,005.00","3,115.00","2,985.00","3,085.00",+125.00,"3,981",
110/06/28,"319,126","972,037,440","3,080.00","3,085.00","3,020.00","3,050.00",-35.00,"1,379",
110/06/29,"662,179","2,073,921,070","3,070.00","3,160.00","3,070.00","3,130.00",+80.00,"4,250",
110/06/30,"253,595","789,163,680","3,100.00","3,150.00","3,095.00","3,100.00",-30.00,"1,652",
110/07/01,"284,267","887,188,630","3,130.00","3,160.00","3,095.00","3,105.00",+5.00,"1,559",
110/07/02,"174,345","543,707,960","3,135.00","3,140.00","3,100.00","3,105.00", 0.00,990,
110/07/05,"260,068","809,725,920","3,135.00","3,135.00","3,075.00","3,130.00",+25.00,"1,281",
110/07/06,"583,880","1,838,114,885","3,195.00","3,230.00","3,100.00","3,100.00",-30.00,"2,082",
110/07/07,"278,208","860,641,305","3,130.00","3,130.00","3,065.00","3,065.00",-35.00,"1,513",
110/07/08,"416,514","1,301,661,205","3,115.00","3,150.00","3,080.00","3,150.00",+85.00,"1,787",
110/07/09,"1,159,166","3,473,230,225","3,050.00","3,050.00","2,955.00","2,990.00",-160.00,"4,981",
110/07/12,"475,953","1,418,373,450","3,005.00","3,020.00","2,950.00","2,950.00",-40.00,"4,794",
110/07/13,"393,481","1,174,722,180","2,985.00","3,010.00","2,955.00","2,965.00",+15.00,"1,785",
110/07/14,"219,691","662,591,405","2,970.00","3,035.00","2,970.00","3,020.00",+55.00,959,
110/07/15,"386,570","1,180,526,170","3,040.00","3,080.00","3,010.00","3,040.00",+20.00,"1,656",
110/07/16,"266,583","818,992,255","3,045.00","3,100.00","3,020.00","3,070.00",+30.00,"1,618",
110/07/19,"194,230","593,015,350","3,085.00","3,085.00","3,035.00","3,040.00",-30.00,"1,073",
110/07/20,"300,679","900,655,355","3,010.00","3,025.00","2,980.00","2,980.00",-60.00,"1,954",
110/07/21,"405,951","1,212,834,230","3,020.00","3,020.00","2,965.00","2,975.00",-5.00,"1,505",
110/07/22,"321,782","975,701,490","3,015.00","3,045.00","3,005.00","3,045.00",+70.00,"1,281",
110/07/23,"143,253","434,734,090","3,075.00","3,075.00","3,010.00","3,020.00",-25.00,854,
110/07/26,"231,223","693,158,650","3,020.00","3,035.00","2,985.00","2,990.00",-30.00,"1,059",
110/07/27,"271,506","809,811,135","3,020.00","3,020.00","2,970.00","2,970.00",-20.00,"1,689",
110/07/28,"464,924","1,375,792,350","2,975.00","3,005.00","2,920.00","2,985.00",+15.00,"2,737",
110/07/29,"285,308","850,272,825","2,985.00","3,010.00","2,955.00","2,970.00",-15.00,"1,476",
110/07/30,"442,066","1,301,365,378","2,970.00","2,980.00","2,930.00","2,930.00",-40.00,"3,184",
110/08/02,"413,251","1,205,303,180","2,940.00","2,950.00","2,895.00","2,920.00",-10.00,"3,045",
110/08/03,"413,176","1,199,534,415","2,925.00","2,935.00","2,890.00","2,895.00",-25.00,"5,775",
110/08/04,"724,452","2,083,686,410","2,910.00","2,910.00","2,850.00","2,855.00",-40.00,"7,004",
110/08/05,"409,987","1,181,529,010","2,860.00","2,910.00","2,855.00","2,880.00",+25.00,"1,971",
110/08/06,"591,209","1,689,248,905","2,895.00","2,900.00","2,840.00","2,840.00",-40.00,"5,053",
110/08/09,"407,299","1,156,198,610","2,840.00","2,865.00","2,820.00","2,820.00",-20.00,"3,796",
110/08/10,"541,243","1,490,759,600","2,770.00","2,790.00","2,735.00","2,740.00",X0.00,"7,655",
110/08/11,"404,081","1,101,637,200","2,730.00","2,750.00","2,705.00","2,710.00",-30.00,"6,129",
110/08/12,"468,168","1,259,918,700","2,740.00","2,740.00","2,665.00","2,670.00",-40.00,"7,146",
110/08/13,"476,039","1,275,299,350","2,675.00","2,720.00","2,650.00","2,695.00",+25.00,"3,272",
110/08/16,"263,943","706,915,390","2,720.00","2,720.00","2,665.00","2,675.00",-20.00,"2,189",
110/08/17,"359,317","967,168,725","2,705.00","2,715.00","2,670.00","2,695.00",+20.00,"1,833",
110/08/18,"457,143","1,252,809,290","2,690.00","2,790.00","2,670.00","2,785.00",+90.00,"2,143",
110/08/19,"461,035","1,277,832,655","2,795.00","2,815.00","2,735.00","2,740.00",-45.00,"2,386",
110/08/20,"323,246","889,884,231","2,775.00","2,785.00","2,725.00","2,745.00",+5.00,"1,186",
110/08/23,"323,778","901,429,915","2,775.00","2,810.00","2,750.00","2,770.00",+25.00,"1,343",
110/08/24,"238,385","657,737,905","2,785.00","2,795.00","2,730.00","2,745.00",-25.00,"1,737",
110/08/25,"189,569","519,600,090","2,760.00","2,765.00","2,730.00","2,730.00",-15.00,"1,352",
110/08/26,"503,117","1,367,197,330","2,760.00","2,780.00","2,675.00","2,675.00",-55.00,"3,902",
110/08/27,"472,037","1,247,254,490","2,675.00","2,675.00","2,625.00","2,630.00",-45.00,"5,058",
110/08/30,"602,819","1,574,864,110","2,645.00","2,660.00","2,585.00","2,605.00",-25.00,"7,358",
110/08/31,"377,541","1,000,410,950","2,615.00","2,680.00","2,605.00","2,680.00",+75.00,"1,973",
110/09/01,"301,535","815,330,555","2,680.00","2,725.00","2,650.00","2,710.00",+30.00,"1,811",
110/09/02,"308,233","834,114,175","2,695.00","2,760.00","2,665.00","2,665.00",-45.00,"2,296",
110/09/03,"290,822","783,288,005","2,660.00","2,725.00","2,650.00","2,725.00",+60.00,"1,793",
110/09/06,"347,424","950,475,700","2,750.00","2,765.00","2,700.00","2,705.00",-20.00,"2,290",
110/09/07,"223,345","599,199,615","2,695.00","2,715.00","2,665.00","2,665.00",-40.00,"2,542",
110/09/08,"510,398","1,334,503,990","2,680.00","2,680.00","2,590.00","2,590.00",-75.00,"6,963",
110/09/09,"265,788","688,972,515","2,595.00","2,605.00","2,580.00","2,595.00",+5.00,"3,454",
110/09/10,"393,593","1,012,342,380","2,615.00","2,625.00","2,550.00","2,555.00",-40.00,"6,620",
110/09/13,"222,991","570,020,400","2,555.00","2,580.00","2,525.00","2,580.00",+25.00,"2,734",
110/09/14,"618,298","1,557,652,094","2,585.00","2,590.00","2,530.00","2,530.00",-50.00,"3,769",
110/09/15,"585,690","1,490,064,790","2,535.00","2,590.00","2,520.00","2,520.00",-10.00,"2,293",
110/09/16,"716,324","1,780,241,144","2,525.00","2,545.00","2,445.00","2,460.00",-60.00,"8,410",
110/09/17,"697,664","1,695,738,215","2,460.00","2,460.00","2,410.00","2,425.00",-35.00,"4,661",
110/09/22,"1,069,038","2,493,011,105","2,335.00","2,355.00","2,310.00","2,310.00",-115.00,"7,288",
110/09/23,"625,560","1,475,566,425","2,330.00","2,385.00","2,330.00","2,370.00",+60.00,"2,498",
110/09/24,"664,140","1,545,365,390","2,375.00","2,390.00","2,295.00","2,300.00",-70.00,"6,018",
110/09/27,"1,167,610","2,636,340,485","2,300.00","2,315.00","2,225.00","2,265.00",-35.00,"6,394",
110/09/28,"951,166","2,119,719,775","2,265.00","2,285.00","2,205.00","2,215.00",-50.00,"4,783",
110/09/29,"1,261,206","2,720,796,120","2,190.00","2,195.00","2,110.00","2,170.00",-45.00,"6,257",
110/09/30,"1,015,022","2,206,724,025","2,170.00","2,205.00","2,145.00","2,190.00",+20.00,"2,884",
110/10/01,"601,764","1,303,684,590","2,175.00","2,205.00","2,135.00","2,135.00",-55.00,"3,853",
110/10/04,"538,523","1,161,911,775","2,155.00","2,180.00","2,120.00","2,135.00", 0.00,"2,440",
110/10/05,"844,926","1,751,332,445","2,120.00","2,125.00","2,050.00","2,070.00",-65.00,"4,563",
110/10/06,"905,987","1,892,130,190","2,095.00","2,120.00","2,060.00","2,090.00",+20.00,"2,755",
110/10/07,"474,725","1,002,552,605","2,105.00","2,130.00","2,090.00","2,130.00",+40.00,"1,955",
110/10/08,"1,851,849","3,781,497,650","2,085.00","2,125.00","1,990.00","2,005.00",-125.00,"10,130",
110/10/12,"1,616,079","3,274,555,555","1,995.00","2,060.00","1,960.00","2,050.00",+45.00,"4,398",
110/10/13,"488,014","1,002,901,610","2,055.00","2,080.00","2,030.00","2,050.00", 0.00,"1,860",
110/10/14,"965,376","1,931,508,565","2,065.00","2,065.00","1,970.00","1,970.00",-80.00,"5,353",
110/10/15,"983,076","1,966,135,840","1,965.00","2,020.00","1,965.00","2,010.00",+40.00,"2,499",
110/10/18,"678,836","1,356,392,060","2,010.00","2,035.00","1,980.00","1,990.00",-20.00,"3,502",
110/10/19,"523,536","1,062,042,885","2,005.00","2,050.00","1,995.00","2,050.00",+60.00,"2,039",
110/10/20,"585,453","1,202,689,460","2,045.00","2,065.00","2,040.00","2,065.00",+15.00,"1,655",
110/10/21,"721,242","1,490,973,555","2,065.00","2,090.00","2,035.00","2,045.00",-20.00,"2,265",
110/10/22,"511,038","1,038,414,780","2,025.00","2,050.00","2,020.00","2,025.00",-20.00,"1,663",
110/10/25,"795,276","1,610,646,595","2,010.00","2,055.00","2,000.00","2,015.00",-10.00,"1,738",
110/10/26,"2,463,097","5,359,057,900","2,170.00","2,215.00","2,115.00","2,160.00",+145.00,"6,180",
110/10/27,"1,271,903","2,687,699,325","2,160.00","2,170.00","2,075.00","2,080.00",-80.00,"5,765",
110/10/28,"655,084","1,363,557,725","2,085.00","2,100.00","2,060.00","2,070.00",-10.00,"2,530",
110/10/29,"498,808","1,031,424,095","2,080.00","2,080.00","2,055.00","2,070.00", 0.00,"1,757",
110/11/01,"506,979","1,065,676,025","2,090.00","2,115.00","2,080.00","2,110.00",+40.00,"1,654",
110/11/02,"699,781","1,456,560,040","2,125.00","2,125.00","2,050.00","2,050.00",-60.00,"3,154",
110/11/03,"396,194","821,227,125","2,060.00","2,100.00","2,055.00","2,070.00",+20.00,"1,363",
110/11/04,"407,732","842,220,975","2,080.00","2,080.00","2,055.00","2,055.00",-15.00,"1,863",
110/11/05,"1,105,359","2,232,570,490","2,055.00","2,065.00","2,005.00","2,005.00",-50.00,"4,567",
110/11/08,"702,315","1,438,082,635","2,005.00","2,070.00","2,000.00","2,050.00",+45.00,"1,760",
110/11/09,"358,029","735,902,020","2,055.00","2,065.00","2,045.00","2,060.00",+10.00,"1,404",
110/11/10,"669,198","1,385,579,010","2,060.00","2,085.00","2,055.00","2,070.00",+10.00,"1,609",
110/11/11,"359,662","745,774,625","2,070.00","2,080.00","2,065.00","2,080.00",+10.00,"1,272",
110/11/12,"644,432","1,359,277,945","2,085.00","2,125.00","2,080.00","2,110.00",+30.00,"2,207",
110/11/15,"491,877","1,040,844,525","2,120.00","2,140.00","2,100.00","2,105.00",-5.00,"2,175",
110/11/16,"487,519","1,027,861,695","2,105.00","2,120.00","2,100.00","2,100.00",-5.00,"1,507",
110/11/17,"490,457","1,025,232,225","2,110.00","2,110.00","2,070.00","2,095.00",-5.00,"2,167",
110/11/18,"705,962","1,460,959,005","2,085.00","2,100.00","2,055.00","2,060.00",-35.00,"2,556",
110/11/19,"798,810","1,684,428,830","2,080.00","2,140.00","2,070.00","2,100.00",+40.00,"2,163",
110/11/22,"182,954","385,158,655","2,115.00","2,115.00","2,095.00","2,100.00", 0.00,"1,055",
110/11/23,"1,166,561","2,379,382,325","2,065.00","2,070.00","2,025.00","2,035.00",-65.00,"5,143",
110/11/24,"422,642","868,045,755","2,045.00","2,065.00","2,040.00","2,060.00",+25.00,"1,431",
110/11/25,"232,364","478,005,140","2,060.00","2,065.00","2,050.00","2,050.00",-10.00,"1,016",
110/11/26,"314,505","639,710,360","2,040.00","2,050.00","2,025.00","2,025.00",-25.00,"2,118",
110/11/29,"594,912","1,191,132,450","2,025.00","2,035.00","1,990.00","1,995.00",-30.00,"3,018",
110/11/30,"736,215","1,469,725,720","2,025.00","2,025.00","1,990.00","1,990.00",-5.00,"3,007",
110/12/01,"468,812","937,605,075","2,000.00","2,010.00","1,990.00","2,000.00",+10.00,"2,467",
110/12/02,"608,734","1,231,894,795","2,005.00","2,050.00","2,000.00","2,015.00",+15.00,"1,691",
110/12/03,"378,313","757,461,735","2,005.00","2,015.00","1,995.00","1,995.00",-20.00,"1,557",
110/12/06,"596,947","1,211,658,945","2,030.00","2,045.00","2,010.00","2,030.00",+35.00,"1,589",
110/12/07,"735,742","1,505,238,430","2,040.00","2,065.00","2,025.00","2,065.00",+35.00,"1,755",
110/12/08,"482,126","1,000,917,075","2,085.00","2,090.00","2,060.00","2,060.00",-5.00,"1,804",
110/12/09,"475,914","976,338,485","2,070.00","2,080.00","2,030.00","2,030.00",-30.00,"1,813",
110/12/10,"406,793","832,316,615","2,030.00","2,065.00","2,025.00","2,055.00",+25.00,"1,162",
110/12/13,"1,080,566","2,169,620,055","2,065.00","2,070.00","1,985.00","1,990.00",-65.00,"5,125",
110/12/14,"490,923","993,004,500","1,995.00","2,045.00","1,995.00","2,045.00",+55.00,"1,553",
110/12/15,"400,427","813,867,985","2,035.00","2,050.00","2,020.00","2,035.00",-10.00,"1,203",
110/12/16,"911,771","1,878,230,048","2,050.00","2,085.00","2,030.00","2,035.00", 0.00,"2,317",
110/12/17,"2,967,710","6,455,199,270","2,065.00","2,235.00","2,060.00","2,235.00",+200.00,"8,870",
110/12/20,"2,728,213","6,102,803,390","2,235.00","2,280.00","2,195.00","2,270.00",+35.00,"6,609",
110/12/21,"3,438,110","8,256,719,155","2,295.00","2,495.00","2,275.00","2,410.00",+140.00,"11,052",
110/12/22,"2,627,073","6,520,521,155","2,430.00","2,535.00","2,420.00","2,475.00",+65.00,"10,189",
110/12/23,"1,403,918","3,465,239,285","2,515.00","2,535.00","2,435.00","2,460.00",-15.00,"5,785",
110/12/24,"852,268","2,094,090,295","2,470.00","2,500.00","2,435.00","2,445.00",-15.00,"3,380",
110/12/27,"987,059","2,432,740,960","2,455.00","2,500.00","2,430.00","2,450.00",+5.00,"3,233",
110/12/28,"989,754","2,398,927,055","2,475.00","2,475.00","2,400.00","2,405.00",-45.00,"4,995",
110/12/29,"638,830","1,537,724,220","2,405.00","2,420.00","2,380.00","2,405.00", 0.00,"2,573",
110/12/30,"1,302,547","3,204,885,505","2,405.00","2,490.00","2,405.00","2,465.00",+60.00,"3,422",
111/01/03,"2,020,232","5,106,805,895","2,500.00","2,590.00","2,480.00","2,500.00",+35.00,"6,051",
111/01/04,"2,765,858","7,249,895,760","2,535.00","2,700.00","2,530.00","2,695.00",+195.00,"10,959",
111/01/05,"1,718,533","4,541,362,755","2,700.00","2,710.00","2,605.00","2,610.00",-85.00,"6,953",
111/01/06,"1,294,226","3,374,826,515","2,600.00","2,645.00","2,570.00","2,585.00",-25.00,"5,178",
111/01/07,"1,598,618","4,034,916,505","2,615.00","2,625.00","2,480.00","2,485.00",-100.00,"8,144",
111/01/10,"1,184,509","2,930,965,260","2,485.00","2,510.00","2,445.00","2,475.00",-10.00,"4,325",
111/01/11,"868,769","2,150,906,230","2,490.00","2,505.00","2,440.00","2,470.00",-5.00,"3,265",
111/01/12,"1,507,826","3,613,304,105","2,465.00","2,480.00","2,360.00","2,375.00",X0.00,"8,578",
111/01/13,"1,117,310","2,677,018,295","2,405.00","2,435.00","2,360.00","2,375.00", 0.00,"3,677",
111/01/14,"1,699,622","3,663,844,980","2,210.00","2,220.00","2,140.00","2,140.00",-235.00,"14,215",
111/01/17,"2,050,143","4,281,818,055","2,110.00","2,135.00","2,070.00","2,080.00",-60.00,"10,493",
111/01/18,"1,117,704","2,364,377,800","2,090.00","2,150.00","2,075.00","2,105.00",+25.00,"4,174",
111/01/19,"651,756","1,370,700,360","2,100.00","2,125.00","2,090.00","2,100.00",-5.00,"2,635",
111/01/20,"563,132","1,175,957,435","2,105.00","2,110.00","2,075.00","2,080.00",-20.00,"2,617",
111/01/21,"777,784","1,615,320,655","2,060.00","2,100.00","2,060.00","2,080.00", 0.00,"5,049",
111/01/24,"614,616","1,272,999,705","2,080.00","2,090.00","2,055.00","2,075.00",-5.00,"3,123",
111/01/25,"627,256","1,282,911,660","2,060.00","2,060.00","2,030.00","2,060.00",-15.00,"4,049",
111/01/26,"654,175","1,337,359,090","2,060.00","2,075.00","2,025.00","2,030.00",-30.00,"3,865",
111/02/07,"698,309","1,412,684,530","2,030.00","2,065.00","2,000.00","2,030.00", 0.00,"3,437",
111/02/08,"492,106","1,021,356,905","2,030.00","2,095.00","2,030.00","2,075.00",+45.00,"2,206",
111/02/09,"330,348","686,514,005","2,100.00","2,100.00","2,055.00","2,085.00",+10.00,"1,822",
111/02/10,"234,850","487,851,760","2,085.00","2,090.00","2,060.00","2,080.00",-5.00,"1,975",
111/02/11,"706,138","1,496,680,470","2,080.00","2,145.00","2,075.00","2,110.00",+30.00,"2,206",
111/02/14,"378,322","784,317,715","2,085.00","2,100.00","2,060.00","2,080.00",-30.00,"2,321",
111/02/15,"286,042","599,254,335","2,080.00","2,115.00","2,080.00","2,090.00",+10.00,"1,354",
111/02/16,"474,475","1,008,135,260","2,135.00","2,140.00","2,110.00","2,120.00",+30.00,"1,957",
111/02/17,"356,233","759,642,340","2,135.00","2,140.00","2,120.00","2,135.00",+15.00,"1,565",
111/02/18,"425,610","912,546,450","2,120.00","2,160.00","2,105.00","2,160.00",+25.00,"1,971",
111/02/21,"369,067","788,649,000","2,135.00","2,155.00","2,125.00","2,135.00",-25.00,"1,471",
111/02/22,"507,580","1,057,936,905","2,110.00","2,120.00","2,065.00","2,085.00",-50.00,"4,194",
111/02/23,"185,602","389,180,255","2,100.00","2,110.00","2,085.00","2,095.00",+10.00,"1,057",
111/02/24,"510,132","1,047,031,890","2,075.00","2,085.00","2,035.00","2,035.00",-60.00,"5,291",
111/02/25,"693,613","1,405,101,820","2,030.00","2,055.00","2,010.00","2,020.00",-15.00,"4,548",
111/03/01,"484,463","987,662,050","2,020.00","2,055.00","2,020.00","2,050.00",+30.00,"1,920",
111/03/02,"447,521","912,683,565","2,045.00","2,050.00","2,025.00","2,045.00",-5.00,"1,621",
111/03/03,"343,156","701,260,145","2,050.00","2,060.00","2,030.00","2,040.00",-5.00,"1,797",
111/03/04,"294,196","597,664,300","2,030.00","2,050.00","2,020.00","2,025.00",-15.00,"2,129",
111/03/07,"897,026","1,776,918,885","2,010.00","2,010.00","1,965.00","1,980.00",-45.00,"10,652",
111/03/08,"552,473","1,094,082,135","1,970.00","2,010.00","1,965.00","1,985.00",+5.00,"4,421",
111/03/09,"523,657","1,035,638,460","1,990.00","2,015.00","1,960.00","1,980.00",-5.00,"4,167",
111/03/10,"305,179","612,473,870","1,995.00","2,025.00","1,995.00","2,005.00",+25.00,"1,552",
111/03/11,"253,840","504,782,380","2,005.00","2,005.00","1,980.00","1,985.00",-20.00,"2,052",
111/03/14,"373,790","747,691,855","2,000.00","2,020.00","1,980.00","2,015.00",+30.00,"1,797",
111/03/15,"401,006","789,403,790","1,975.00","1,980.00","1,960.00","1,965.00",X0.00,"4,123",
111/03/16,"521,976","1,025,286,260","1,980.00","1,995.00","1,950.00","1,950.00",-15.00,"4,237",
111/03/17,"591,959","1,169,952,538","1,970.00","1,995.00","1,965.00","1,970.00",+20.00,"2,268",
111/03/18,"666,912","1,344,063,295","1,985.00","2,030.00","1,985.00","2,025.00",+55.00,"1,878",
111/03/21,"301,137","605,040,465","2,045.00","2,045.00","1,995.00","2,000.00",-25.00,"1,521",
111/03/22,"316,202","629,511,915","2,000.00","2,005.00","1,985.00","1,985.00",-15.00,"1,790",
111/03/23,"387,522","773,533,125","1,995.00","2,010.00","1,980.00","2,000.00",+15.00,"1,391",
111/03/24,"387,626","768,047,785","2,000.00","2,000.00","1,970.00","1,975.00",-25.00,"2,998",
111/03/25,"396,782","783,004,495","1,990.00","1,990.00","1,965.00","1,965.00",-10.00,"2,401",
111/03/28,"1,163,625","2,225,203,225","1,950.00","1,955.00","1,895.00","1,900.00",-65.00,"11,693",
111/03/29,"668,853","1,255,090,495","1,915.00","1,915.00","1,865.00","1,865.00",-35.00,"10,338",
111/03/30,"732,476","1,381,382,035","1,875.00","1,910.00","1,865.00","1,905.00",+40.00,"4,205",
111/03/31,"579,830","1,105,715,180","1,920.00","1,950.00","1,885.00","1,885.00",-20.00,"3,235",
111/04/01,"655,130","1,223,039,475","1,870.00","1,900.00","1,850.00","1,860.00",-25.00,"5,341",
111/04/06,"968,115","1,738,963,575","1,840.00","1,840.00","1,775.00","1,775.00",-85.00,"11,207",
111/04/07,"1,289,238","2,201,511,770","1,745.00","1,760.00","1,685.00","1,685.00",-90.00,"14,343",
111/04/08,"725,928","1,215,732,565","1,710.00","1,715.00","1,645.00","1,660.00",-25.00,"6,362",
111/04/11,"997,029","1,618,032,000","1,655.00","1,665.00","1,595.00","1,610.00",-50.00,"7,099",
111/04/12,"730,142","1,194,279,795","1,610.00","1,655.00","1,605.00","1,640.00",+30.00,"3,424",
111/04/13,"505,360","822,834,155","1,650.00","1,650.00","1,610.00","1,630.00",-10.00,"3,275",
111/04/14,"457,246","752,230,890","1,630.00","1,665.00","1,620.00","1,645.00",+15.00,"2,263",
111/04/15,"567,891","919,782,750","1,625.00","1,635.00","1,605.00","1,625.00",-20.00,"3,855",
111/04/18,"257,486","419,739,065","1,620.00","1,645.00","1,605.00","1,630.00",+5.00,"1,812",
111/04/19,"428,851","708,129,180","1,630.00","1,675.00","1,630.00","1,640.00",+10.00,"2,244",
111/04/20,"701,307","1,172,542,270","1,660.00","1,685.00","1,655.00","1,675.00",+35.00,"2,196",
111/04/21,"874,859","1,500,352,795","1,690.00","1,755.00","1,690.00","1,700.00",+25.00,"3,195",
111/04/22,"598,394","1,018,454,520","1,700.00","1,725.00","1,690.00","1,695.00",-5.00,"2,113",
111/04/25,"695,131","1,165,057,380","1,675.00","1,705.00","1,635.00","1,685.00",-10.00,"2,987",
111/04/26,"646,796","1,084,025,355","1,715.00","1,715.00","1,655.00","1,655.00",-30.00,"5,449",
111/04/27,"359,523","585,719,855","1,605.00","1,655.00","1,605.00","1,635.00",-20.00,"2,575",
111/04/28,"602,640","1,016,031,675","1,665.00","1,710.00","1,645.00","1,690.00",+55.00,"1,923",
111/04/29,"746,193","1,275,978,410","1,720.00","1,755.00","1,675.00","1,690.00", 0.00,"2,186",
111/05/03,"287,951","481,556,650","1,700.00","1,705.00","1,660.00","1,665.00",-25.00,"2,122",
111/05/04,"231,866","385,586,095","1,680.00","1,680.00","1,655.00","1,660.00",-5.00,"1,149",
111/05/05,"618,488","1,025,397,495","1,685.00","1,685.00","1,645.00","1,645.00",-15.00,"1,953",
111/05/06,"855,809","1,366,851,950","1,600.00","1,615.00","1,585.00","1,600.00",-45.00,"6,102",
111/05/09,"353,147","555,175,780","1,580.00","1,585.00","1,565.00","1,565.00",-35.00,"3,348",
111/05/10,"863,623","1,368,479,900","1,540.00","1,630.00","1,525.00","1,620.00",+55.00,"2,798",
111/05/11,"484,988","784,423,230","1,625.00","1,640.00","1,600.00","1,615.00",-5.00,"1,305",
111/05/12,"552,621","889,925,290","1,610.00","1,635.00","1,595.00","1,600.00",-15.00,"1,644",
111/05/13,"399,298","646,509,971","1,615.00","1,630.00","1,605.00","1,615.00",+15.00,"1,105",
111/05/16,"320,639","515,264,625","1,640.00","1,645.00","1,585.00","1,590.00",-25.00,"1,969",
111/05/17,"398,031","621,428,985","1,600.00","1,625.00","1,590.00","1,615.00",+25.00,"1,024",
111/05/18,"393,965","636,627,055","1,620.00","1,625.00","1,600.00","1,620.00",+5.00,"1,081",
111/05/19,"372,355","588,922,000","1,590.00","1,595.00","1,560.00","1,585.00",-35.00,"2,279",
111/05/20,"435,109","699,511,630","1,615.00","1,620.00","1,595.00","1,600.00",+15.00,"1,095",
111/05/23,"172,280","276,129,960","1,600.00","1,615.00","1,595.00","1,600.00", 0.00,"1,076",
111/05/24,"310,872","494,934,325","1,605.00","1,610.00","1,580.00","1,585.00",-15.00,"1,709",
111/05/25,"410,278","664,524,620","1,615.00","1,630.00","1,600.00","1,625.00",+40.00,"1,418",
111/05/26,"289,399","470,429,870","1,640.00","1,645.00","1,615.00","1,620.00",-5.00,"1,259",
111/05/27,"738,084","1,219,608,905","1,630.00","1,675.00","1,625.00","1,655.00",+35.00,"2,040",
111/05/30,"475,233","794,592,020","1,675.00","1,680.00","1,660.00","1,680.00",+25.00,"1,713",
111/05/31,"886,741","1,483,987,261","1,665.00","1,685.00","1,660.00","1,670.00",-10.00,"1,730",
111/06/01,"368,251","613,329,285","1,665.00","1,680.00","1,655.00","1,655.00",-15.00,"1,669",
111/06/02,"499,735","829,079,640","1,655.00","1,675.00","1,645.00","1,670.00",+15.00,"1,343",
111/06/06,"2,195,867","3,911,030,880","1,735.00","1,820.00","1,720.00","1,810.00",+140.00,"7,373",
111/06/07,"997,576","1,771,280,275","1,800.00","1,800.00","1,760.00","1,770.00",-40.00,"3,185",
111/06/08,"677,532","1,215,429,065","1,795.00","1,805.00","1,775.00","1,785.00",+15.00,"3,237",
111/06/09,"989,694","1,809,789,540","1,785.00","1,860.00","1,770.00","1,835.00",+50.00,"4,025",
111/06/10,"574,053","1,035,826,470","1,800.00","1,820.00","1,790.00","1,810.00",-25.00,"2,689",
111/06/13,"538,048","947,838,340","1,770.00","1,775.00","1,750.00","1,755.00",-55.00,"2,431",
111/06/14,"526,543","912,866,205","1,750.00","1,765.00","1,715.00","1,730.00",-25.00,"2,333",
111/06/15,"500,404","858,403,650","1,730.00","1,740.00","1,700.00","1,705.00",-25.00,"1,910",
111/06/16,"506,920","865,593,010","1,735.00","1,745.00","1,680.00","1,680.00",-25.00,"2,047",
111/06/17,"569,909","944,138,935","1,645.00","1,675.00","1,635.00","1,675.00",-5.00,"2,227",
111/06/20,"384,350","630,928,180","1,675.00","1,675.00","1,620.00","1,620.00",-55.00,"3,427",
111/06/21,"280,555","460,483,655","1,645.00","1,660.00","1,620.00","1,660.00",+40.00,"1,021",
111/06/22,"378,016","612,552,770","1,650.00","1,655.00","1,600.00","1,600.00",-60.00,"2,096",
111/06/23,"460,216","741,780,500","1,620.00","1,630.00","1,590.00","1,615.00",+15.00,"1,483",
111/06/24,"626,474","1,044,471,130","1,630.00","1,705.00","1,625.00","1,660.00",+45.00,"1,722",
111/06/27,"525,612","894,516,165","1,695.00","1,715.00","1,680.00","1,705.00",+45.00,"1,590",
111/06/28,"198,781","338,471,395","1,700.00","1,715.00","1,690.00","1,710.00",+5.00,942,
111/06/29,"330,514","560,640,555","1,690.00","1,710.00","1,680.00","1,700.00",-10.00,946,
111/06/30,"732,851","1,252,034,130","1,685.00","1,735.00","1,670.00","1,725.00",+25.00,"2,389",
111/07/01,"884,787","1,521,645,045","1,725.00","1,750.00","1,685.00","1,690.00",-35.00,"2,440",
111/07/04,"667,593","1,152,662,160","1,700.00","1,745.00","1,690.00","1,735.00",+45.00,"1,807",
111/07/05,"772,542","1,344,093,310","1,755.00","1,760.00","1,715.00","1,755.00",+20.00,"2,204",
111/07/06,"890,768","1,540,119,015","1,755.00","1,760.00","1,700.00","1,710.00",-45.00,"2,553",
111/07/07,"1,684,115","3,063,714,980","1,740.00","1,880.00","1,720.00","1,880.00",+170.00,"7,086",
111/07/08,"1,693,511","3,196,204,745","1,905.00","1,930.00","1,845.00","1,870.00",-10.00,"5,822",
111/07/11,"896,231","1,673,089,445","1,885.00","1,895.00","1,835.00","1,880.00",+10.00,"5,408",
111/07/12,"1,067,973","1,954,214,485","1,830.00","1,850.00","1,810.00","1,835.00",-45.00,"2,551",
111/07/13,"953,332","1,793,284,475","1,890.00","1,920.00","1,860.00","1,860.00",+25.00,"3,112",
111/07/14,"1,370,644","2,610,364,585","1,835.00","1,945.00","1,830.00","1,905.00",+45.00,"7,153",
111/07/15,"2,195,518","4,330,385,800","1,940.00","2,010.00","1,905.00","1,990.00",+85.00,"8,414",
111/07/18,"1,086,580","2,171,077,235","2,015.00","2,030.00","1,970.00","1,990.00", 0.00,"3,080",
111/07/19,"410,543","813,136,735","1,970.00","1,995.00","1,970.00","1,980.00",-10.00,"1,470",
111/07/20,"1,240,369","2,432,285,120","2,010.00","2,025.00","1,920.00","1,920.00",-60.00,"12,009",
111/07/21,"734,480","1,422,155,500","1,925.00","1,965.00","1,905.00","1,960.00",+40.00,"2,272",
111/07/22,"545,914","1,061,453,730","1,960.00","1,975.00","1,925.00","1,925.00",-35.00,"2,776",
111/07/25,"323,810","622,513,135","1,925.00","1,935.00","1,915.00","1,920.00",-5.00,"1,850",
111/07/26,"339,971","653,932,385","1,930.00","1,940.00","1,905.00","1,915.00",-5.00,"1,422",
111/07/27,"525,632","1,011,797,910","1,915.00","1,960.00","1,895.00","1,950.00",+35.00,"2,623",
111/07/28,"995,028","1,979,629,675","1,985.00","2,005.00","1,970.00","1,985.00",+35.00,"2,761",
111/07/29,"1,542,959","3,172,737,010","2,020.00","2,090.00","2,005.00","2,090.00",+105.00,"7,595",
111/08/01,"901,470","1,876,016,030","2,080.00","2,110.00","2,055.00","2,075.00",-15.00,"2,590",
111/08/02,"978,810","1,996,261,855","2,045.00","2,065.00","2,020.00","2,030.00",-45.00,"2,920",
111/08/03,"853,461","1,752,893,015","2,035.00","2,080.00","2,020.00","2,065.00",+35.00,"2,232",
111/08/04,"705,178","1,443,916,395","2,060.00","2,075.00","2,010.00","2,040.00",-25.00,"2,108",
111/08/05,"742,893","1,559,295,695","2,065.00","2,120.00","2,065.00","2,100.00",+60.00,"3,385",
111/08/08,"421,974","880,563,360","2,095.00","2,110.00","2,070.00","2,080.00",-20.00,"1,786",
111/08/09,"511,305","1,072,280,925","2,080.00","2,120.00","2,060.00","2,115.00",+35.00,"2,067",
111/08/10,"421,996","885,930,545","2,090.00","2,115.00","2,085.00","2,090.00",-25.00,"2,267",
111/08/11,"709,887","1,489,793,085","2,135.00","2,140.00","2,075.00","2,080.00",-10.00,"2,669",
111/08/12,"488,678","1,017,321,705","2,095.00","2,105.00","2,060.00","2,070.00",-10.00,"1,997",
111/08/15,"365,087","756,085,325","2,090.00","2,090.00","2,060.00","2,070.00", 0.00,"2,398",
111/08/16,"589,149","1,236,562,130","2,080.00","2,120.00","2,070.00","2,105.00",+35.00,"2,294",
111/08/17,"710,384","1,484,886,525","2,100.00","2,120.00","2,070.00","2,075.00",-30.00,"2,570",
111/08/18,"598,304","1,219,959,460","2,045.00","2,055.00","2,025.00","2,035.00",X0.00,"2,255",
111/08/19,"470,914","966,636,760","2,040.00","2,070.00","2,030.00","2,060.00",+25.00,"1,258",
111/08/22,"1,062,015","2,098,427,035","2,040.00","2,045.00","1,930.00","1,930.00",-130.00,"8,148",
111/08/23,"620,498","1,179,595,735","1,905.00","1,920.00","1,885.00","1,910.00",-20.00,"4,037",
111/08/24,"578,930","1,109,024,635","1,925.00","1,950.00","1,890.00","1,900.00",-10.00,"3,118",
111/08/25,"282,947","548,993,555","1,930.00","1,955.00","1,925.00","1,945.00",+45.00,"1,340",
111/08/26,"818,572","1,625,601,150","1,960.00","2,010.00","1,955.00","1,985.00",+40.00,"2,529",
111/08/29,"904,753","1,709,057,500","1,885.00","1,915.00","1,865.00","1,895.00",-90.00,"5,445",
111/08/30,"724,208","1,400,108,955","1,900.00","1,950.00","1,900.00","1,945.00",+50.00,"2,026",
111/08/31,"769,165","1,503,062,730","1,955.00","1,970.00","1,935.00","1,955.00",+10.00,"1,621",
111/09/01,"499,214","965,655,870","1,945.00","1,955.00","1,910.00","1,935.00",-20.00,"2,471",
111/09/02,"536,839","1,049,446,845","1,940.00","1,970.00","1,935.00","1,950.00",+15.00,"1,484",
111/09/05,"470,242","909,466,855","1,970.00","1,975.00","1,915.00","1,925.00",-25.00,"2,464",
111/09/06,"598,335","1,163,434,965","1,960.00","1,965.00","1,925.00","1,930.00",+5.00,"1,546",
111/09/07,"903,671","1,785,348,995","1,920.00","2,010.00","1,910.00","2,005.00",+75.00,"3,395",
111/09/08,"773,544","1,539,472,485","2,035.00","2,040.00","1,960.00","1,970.00",-35.00,"5,083",
111/09/12,"555,637","1,115,464,725","1,995.00","2,030.00","1,990.00","2,000.00",+30.00,"1,911",
111/09/13,"402,437","801,316,830","2,000.00","2,005.00","1,980.00","1,980.00",-20.00,"1,773",
111/09/14,"849,491","1,634,026,840","1,885.00","1,945.00","1,885.00","1,940.00",-40.00,"4,347",
111/09/15,"351,175","683,525,030","1,960.00","1,965.00","1,935.00","1,935.00",-5.00,"1,451",
111/09/16,"1,032,115","1,963,834,500","1,925.00","1,925.00","1,885.00","1,895.00",-40.00,"4,749",
111/09/19,"520,100","980,747,455","1,905.00","1,905.00","1,875.00","1,880.00",-15.00,"2,568",
111/09/20,"457,692","873,561,110","1,910.00","1,925.00","1,890.00","1,915.00",+35.00,"1,131",
111/09/21,"460,484","873,452,255","1,915.00","1,920.00","1,880.00","1,890.00",-25.00,"1,781",
111/09/22,"348,693","658,222,500","1,885.00","1,910.00","1,865.00","1,900.00",+10.00,"1,373",
111/09/23,"327,405","620,485,110","1,900.00","1,905.00","1,885.00","1,885.00",-15.00,"1,107",
111/09/26,"505,323","936,257,990","1,885.00","1,885.00","1,830.00","1,845.00",-40.00,"3,701",
111/09/27,"643,361","1,191,790,995","1,860.00","1,885.00","1,810.00","1,880.00",+35.00,"1,873",
111/09/28,"1,362,303","2,394,056,510","1,870.00","1,885.00","1,710.00","1,710.00",-170.00,"7,937",
111/09/29,"714,290","1,232,283,280","1,745.00","1,755.00","1,695.00","1,710.00", 0.00,"2,959",
111/09/30,"1,182,152","1,948,446,565","1,660.00","1,680.00","1,620.00","1,675.00",-35.00,"4,347",
111/10/03,"575,409","946,995,335","1,645.00","1,680.00","1,630.00","1,635.00",-40.00,"3,044",
111/10/04,"689,844","1,165,309,455","1,675.00","1,715.00","1,655.00","1,710.00",+75.00,"1,936",
111/10/05,"618,279","1,080,328,385","1,750.00","1,770.00","1,730.00","1,745.00",+35.00,"2,005",
111/10/06,"994,112","1,807,079,060","1,790.00","1,850.00","1,780.00","1,835.00",+90.00,"3,461",
111/10/07,"589,688","1,079,067,515","1,820.00","1,850.00","1,805.00","1,845.00",+10.00,"1,644",
111/10/11,"1,125,501","1,928,070,230","1,755.00","1,765.00","1,685.00","1,695.00",-150.00,"5,896",
111/10/12,"850,856","1,481,882,075","1,715.00","1,765.00","1,700.00","1,750.00",+55.00,"1,849",
111/10/13,"918,592","1,593,030,035","1,750.00","1,755.00","1,715.00","1,745.00",-5.00,"2,119",
111/10/14,"1,957,450","3,582,445,885","1,815.00","1,880.00","1,800.00","1,800.00",+55.00,"4,346",
111/10/17,"1,000,203","1,756,274,435","1,755.00","1,800.00","1,720.00","1,800.00", 0.00,"2,547",
111/10/18,"683,318","1,218,012,210","1,820.00","1,830.00","1,755.00","1,765.00",-35.00,"2,134",
111/10/19,"597,171","1,060,815,295","1,755.00","1,795.00","1,755.00","1,780.00",+15.00,"1,267",
111/10/20,"830,811","1,487,175,595","1,770.00","1,810.00","1,750.00","1,805.00",+25.00,"1,923",
111/10/21,"733,010","1,289,270,435","1,810.00","1,810.00","1,720.00","1,725.00",-80.00,"3,208",
111/10/24,"551,457","963,521,370","1,765.00","1,775.00","1,725.00","1,730.00",+5.00,"1,276",
111/10/25,"595,162","1,041,839,700","1,735.00","1,770.00","1,725.00","1,755.00",+25.00,"1,390",
111/10/26,"812,574","1,455,905,835","1,765.00","1,810.00","1,760.00","1,810.00",+55.00,"2,045",
111/10/27,"534,023","967,560,085","1,810.00","1,825.00","1,795.00","1,820.00",+10.00,"1,651",
111/10/28,"277,356","499,067,045","1,820.00","1,820.00","1,785.00","1,810.00",-10.00,910,
111/10/31,"639,707","1,177,022,665","1,815.00","1,850.00","1,805.00","1,850.00",+40.00,"1,707",
111/11/01,"374,459","693,518,875","1,845.00","1,865.00","1,825.00","1,845.00",-5.00,"1,232",
111/11/02,"409,658","763,323,505","1,855.00","1,880.00","1,830.00","1,880.00",+35.00,"1,535",
111/11/03,"474,704","893,504,640","1,860.00","1,900.00","1,850.00","1,895.00",+15.00,"1,505",
111/11/04,"461,124","873,827,995","1,875.00","1,910.00","1,870.00","1,905.00",+10.00,"1,308",
111/11/07,"881,637","1,715,224,865","1,930.00","1,970.00","1,920.00","1,925.00",+20.00,"3,089",
111/11/08,"511,725","991,693,660","1,950.00","1,950.00","1,925.00","1,930.00",+5.00,"1,701",
111/11/09,"554,119","1,088,268,105","1,960.00","1,985.00","1,950.00","1,955.00",+25.00,"2,234",
111/11/10,"417,841","820,133,805","1,965.00","1,980.00","1,945.00","1,965.00",+10.00,"1,508",
111/11/11,"1,228,571","2,481,457,115","2,020.00","2,035.00","2,000.00","2,030.00",+65.00,"4,869",
111/11/14,"758,149","1,549,109,325","2,035.00","2,060.00","2,020.00","2,050.00",+20.00,"3,286",
111/11/15,"1,314,911","2,766,131,120","2,065.00","2,130.00","2,055.00","2,125.00",+75.00,"6,293",
111/11/16,"1,194,794","2,511,625,045","2,120.00","2,130.00","2,055.00","2,130.00",+5.00,"4,963",
111/11/17,"2,790,453","6,337,247,160","2,130.00","2,330.00","2,120.00","2,315.00",+185.00,"11,500",
111/11/18,"951,164","2,183,550,735","2,320.00","2,330.00","2,270.00","2,280.00",-35.00,"3,794",
111/11/21,"711,009","1,612,058,170","2,280.00","2,300.00","2,245.00","2,270.00",-10.00,"2,689",
111/11/22,"781,897","1,788,512,120","2,265.00","2,325.00","2,245.00","2,275.00",+5.00,"2,847",
111/11/23,"1,091,331","2,527,561,830","2,300.00","2,350.00","2,280.00","2,280.00",+5.00,"5,776",
111/11/24,"582,846","1,345,744,515","2,300.00","2,330.00","2,285.00","2,325.00",+45.00,"3,064",
111/11/25,"600,357","1,370,031,065","2,330.00","2,335.00","2,255.00","2,260.00",-65.00,"4,849",
111/11/28,"411,937","930,014,910","2,220.00","2,285.00","2,215.00","2,275.00",+15.00,"1,655",
111/11/29,"307,810","698,337,760","2,260.00","2,285.00","2,255.00","2,270.00",-5.00,"1,151",
111/11/30,"1,803,091","4,147,647,296","2,295.00","2,345.00","2,275.00","2,295.00",+25.00,"4,777",
111/12/01,"702,758","1,624,076,575","2,315.00","2,340.00","2,285.00","2,290.00",-5.00,"1,931",
111/12/02,"388,724","886,213,830","2,275.00","2,295.00","2,260.00","2,290.00", 0.00,"1,753",
111/12/05,"425,914","978,986,985","2,310.00","2,315.00","2,280.00","2,290.00", 0.00,"1,271",
111/12/06,"1,201,257","2,762,366,055","2,290.00","2,335.00","2,260.00","2,290.00", 0.00,"3,155",
111/12/07,"809,641","1,847,140,175","2,290.00","2,320.00","2,250.00","2,260.00",-30.00,"2,568",
111/12/08,"473,719","1,066,589,210","2,280.00","2,280.00","2,235.00","2,245.00",-15.00,"1,877",
111/12/09,"845,906","1,865,619,795","2,270.00","2,275.00","2,175.00","2,190.00",-55.00,"4,758",
111/12/12,"341,511","746,815,280","2,160.00","2,205.00","2,160.00","2,200.00",+10.00,"1,358",
111/12/13,"403,982","887,701,630","2,215.00","2,220.00","2,170.00","2,190.00",-10.00,"1,334",
111/12/14,"448,201","1,004,219,480","2,215.00","2,260.00","2,200.00","2,260.00",+70.00,"1,867",
111/12/15,"277,332","627,545,280","2,250.00","2,275.00","2,245.00","2,270.00",+10.00,"1,036",
111/12/16,"651,512","1,445,210,195","2,225.00","2,240.00","2,195.00","2,225.00",-45.00,"2,301",
111/12/19,"573,713","1,285,387,985","2,225.00","2,280.00","2,205.00","2,250.00",+25.00,"1,548",
111/12/20,"545,557","1,213,706,925","2,245.00","2,270.00","2,190.00","2,210.00",-40.00,"2,069",
111/12/21,"537,029","1,176,020,300","2,215.00","2,220.00","2,170.00","2,185.00",-25.00,"2,166",
111/12/22,"686,664","1,484,495,995","2,200.00","2,210.00","2,140.00","2,140.00",-45.00,"3,478",
111/12/23,"323,706","690,788,735","2,130.00","2,150.00","2,115.00","2,140.00", 0.00,"1,393",
111/12/26,"154,536","328,399,050","2,160.00","2,160.00","2,110.00","2,120.00",-20.00,"1,423",
111/12/27,"200,147","430,939,055","2,130.00","2,165.00","2,130.00","2,165.00",+45.00,861,
111/12/28,"291,539","617,650,645","2,145.00","2,150.00","2,105.00","2,110.00",-55.00,"1,839",
111/12/29,"528,630","1,087,156,300","2,075.00","2,075.00","2,040.00","2,050.00",-60.00,"2,702",
111/12/30,"323,957","665,356,125","2,065.00","2,085.00","2,040.00","2,040.00",-10.00,"1,576",
112/01/03,"397,486","816,093,472","2,040.00","2,075.00","2,020.00","2,075.00",+35.00,"1,229",
112/01/04,"340,455","714,061,165","2,055.00","2,115.00","2,055.00","2,100.00",+25.00,"1,227",
112/01/05,"361,446","762,101,285","2,115.00","2,130.00","2,090.00","2,100.00", 0.00,"1,180",
112/01/06,"697,311","1,500,389,379","2,075.00","2,195.00","2,075.00","2,180.00",+80.00,"2,712",
112/01/09,"862,337","1,908,243,615","2,200.00","2,245.00","2,165.00","2,225.00",+45.00,"2,906",
112/01/10,"558,667","1,225,766,320","2,200.00","2,230.00","2,175.00","2,180.00",-45.00,"1,892",
112/01/11,"412,054","899,753,590","2,185.00","2,200.00","2,160.00","2,190.00",+10.00,"1,295",
112/01/12,"434,975","942,122,190","2,175.00","2,190.00","2,150.00","2,160.00",-30.00,"1,863",
112/01/13,"2,397,867","4,812,907,940","2,100.00","2,110.00","1,955.00","2,005.00",-155.00,"10,442",
112/01/16,"975,507","1,994,068,585","2,015.00","2,075.00","2,005.00","2,050.00",+45.00,"2,781",
112/01/17,"516,526","1,071,690,905","2,050.00","2,090.00","2,050.00","2,075.00",+25.00,"1,817",
112/01/30,"781,574","1,688,876,590","2,130.00","2,180.00","2,130.00","2,165.00",+90.00,"3,134",
112/01/31,"668,917","1,439,119,441","2,135.00","2,190.00","2,125.00","2,125.00",-40.00,"2,463",
112/02/01,"876,570","1,921,809,535","2,135.00","2,225.00","2,135.00","2,215.00",+90.00,"3,442",
112/02/02,"479,092","1,063,381,625","2,225.00","2,240.00","2,190.00","2,220.00",+5.00,"1,779",
112/02/03,"513,806","1,149,293,895","2,195.00","2,260.00","2,195.00","2,245.00",+25.00,"2,404",
112/02/06,"462,224","1,024,977,125","2,220.00","2,235.00","2,200.00","2,215.00",-30.00,"1,825",
112/02/07,"597,845","1,331,348,645","2,210.00","2,260.00","2,205.00","2,215.00", 0.00,"1,896",
112/02/08,"313,615","700,307,095","2,230.00","2,250.00","2,215.00","2,235.00",+20.00,"1,065",
112/02/09,"204,436","453,222,500","2,240.00","2,240.00","2,210.00","2,210.00",-25.00,"1,035",
112/02/10,"871,160","1,967,124,840","2,230.00","2,290.00","2,225.00","2,255.00",+45.00,"3,416",
112/02/13,"321,358","716,249,830","2,255.00","2,255.00","2,210.00","2,210.00",-45.00,"1,363",
112/02/14,"271,868","606,695,040","2,225.00","2,245.00","2,220.00","2,225.00",+15.00,951,
112/02/15,"301,250","671,910,460","2,220.00","2,250.00","2,200.00","2,240.00",+15.00,"1,525",
112/02/16,"309,998","689,399,580","2,250.00","2,255.00","2,210.00","2,215.00",-25.00,"1,285",
112/02/17,"451,773","987,225,788","2,215.00","2,220.00","2,165.00","2,165.00",-50.00,"3,598",
112/02/20,"242,940","530,592,525","2,165.00","2,200.00","2,165.00","2,190.00",+25.00,983,
112/02/21,"512,586","1,153,767,410","2,210.00","2,270.00","2,210.00","2,260.00",+70.00,"2,522",
112/02/22,"343,588","764,250,005","2,235.00","2,245.00","2,210.00","2,210.00",-50.00,"2,065",
112/02/23,"304,536","680,473,680","2,215.00","2,250.00","2,215.00","2,225.00",+15.00,"1,315",
112/02/24,"427,766","948,818,215","2,245.00","2,255.00","2,205.00","2,205.00",-20.00,"1,728",
112/03/01,"583,255","1,263,208,445","2,155.00","2,185.00","2,155.00","2,165.00",-40.00,"3,224",
112/03/02,"513,752","1,117,185,800","2,165.00","2,215.00","2,135.00","2,210.00",+45.00,"2,465",
112/03/03,"603,228","1,352,335,580","2,220.00","2,260.00","2,220.00","2,230.00",+20.00,"2,227",
112/03/06,"2,002,221","4,837,086,195","2,285.00","2,450.00","2,285.00","2,450.00",+220.00,"10,601",
112/03/07,"1,371,624","3,346,413,510","2,445.00","2,465.00","2,400.00","2,440.00",-10.00,"4,173",
112/03/08,"1,238,951","3,050,472,315","2,425.00","2,495.00","2,415.00","2,455.00",+15.00,"3,287",
112/03/09,"971,711","2,393,302,593","2,495.00","2,500.00","2,425.00","2,440.00",-15.00,"3,600",
112/03/10,"785,083","1,867,904,720","2,415.00","2,425.00","2,355.00","2,365.00",-75.00,"4,409",
112/03/13,"515,667","1,224,174,210","2,365.00","2,405.00","2,335.00","2,405.00",+40.00,"2,356",
112/03/14,"786,854","1,849,458,000","2,370.00","2,390.00","2,330.00","2,330.00",-75.00,"3,276",
112/03/15,"719,146","1,677,957,210","2,350.00","2,375.00","2,310.00","2,315.00",-15.00,"3,181",
112/03/16,"540,693","1,223,133,815","2,280.00","2,285.00","2,240.00","2,255.00",X0.00,"2,680",
112/03/17,"583,413","1,319,181,905","2,275.00","2,310.00","2,245.00","2,250.00",-5.00,"1,892",
112/03/20,"366,985","820,908,810","2,250.00","2,260.00","2,225.00","2,230.00",-20.00,"1,609",
112/03/21,"624,369","1,426,494,025","2,255.00","2,310.00","2,245.00","2,280.00",+50.00,"2,065",
112/03/22,"567,731","1,310,006,950","2,310.00","2,330.00","2,275.00","2,300.00",+20.00,"1,622",
112/03/23,"674,695","1,554,672,615","2,315.00","2,335.00","2,270.00","2,305.00",+5.00,"1,773",
112/03/24,"638,636","1,470,655,420","2,315.00","2,325.00","2,285.00","2,300.00",-5.00,"1,831",
112/03/27,"441,186","1,006,246,285","2,315.00","2,315.00","2,260.00","2,260.00",-40.00,"2,666",
112/03/28,"688,611","1,526,166,210","2,265.00","2,270.00","2,200.00","2,200.00",-60.00,"5,126",
112/03/29,"356,714","783,205,490","2,210.00","2,225.00","2,185.00","2,190.00",-10.00,"2,641",
112/03/30,"542,236","1,188,467,290","2,210.00","2,210.00","2,170.00","2,200.00",+10.00,"2,721",
112/03/31,"502,457","1,098,177,175","2,195.00","2,220.00","2,170.00","2,175.00",-25.00,"2,815",
112/04/06,"458,340","991,848,315","2,180.00","2,195.00","2,150.00","2,150.00",-25.00,"2,566",
112/04/07,"336,782","721,137,355","2,150.00","2,155.00","2,135.00","2,135.00",-15.00,"3,516",
112/04/10,"272,040","585,785,145","2,150.00","2,165.00","2,140.00","2,145.00",+10.00,"1,214",
112/04/11,"425,651","921,977,880","2,165.00","2,185.00","2,155.00","2,160.00",+15.00,"2,111",
112/04/12,"318,952","690,281,005","2,175.00","2,175.00","2,145.00","2,170.00",+10.00,"1,840",
112/04/13,"572,401","1,236,530,935","2,160.00","2,190.00","2,150.00","2,155.00",-15.00,"2,154",
112/04/14,"1,843,533","3,812,985,640","2,120.00","2,130.00","2,045.00","2,060.00",-95.00,"13,163",
112/04/17,"1,028,844","2,183,383,655","2,055.00","2,150.00","2,050.00","2,125.00",+65.00,"3,456",
112/04/18,"851,356","1,789,830,595","2,125.00","2,150.00","2,080.00","2,085.00",-40.00,"3,728",
112/04/19,"879,680","1,804,250,905","2,095.00","2,095.00","2,030.00","2,030.00",-55.00,"6,487",
112/04/20,"864,148","1,749,905,740","2,040.00","2,050.00","2,010.00","2,015.00",-15.00,"3,617",
112/04/21,"573,882","1,175,840,680","2,035.00","2,070.00","2,035.00","2,040.00",+25.00,"1,827",
112/04/24,"418,182","851,543,690","2,025.00","2,050.00","2,005.00","2,045.00",+5.00,"1,416",
112/04/25,"698,904","1,418,906,245","2,050.00","2,070.00","2,010.00","2,010.00",-35.00,"2,583",
112/04/26,"752,092","1,535,337,620","2,015.00","2,065.00","2,015.00","2,055.00",+45.00,"1,935",
112/04/27,"522,241","1,059,345,365","2,050.00","2,050.00","2,015.00","2,025.00",-30.00,"2,604",
112/04/28,"355,144","717,617,660","2,040.00","2,040.00","2,010.00","2,010.00",-15.00,"2,320",
112/05/02,"558,137","1,118,577,675","2,015.00","2,025.00","1,990.00","1,990.00",-20.00,"4,095",
112/05/03,"702,227","1,391,709,680","1,985.00","2,000.00","1,965.00","2,000.00",+10.00,"4,050",
112/05/04,"329,136","655,325,990","2,000.00","2,000.00","1,980.00","1,990.00",-10.00,"1,471",
112/05/05,"495,645","986,094,640","2,010.00","2,010.00","1,975.00","1,975.00",-15.00,"3,354",
112/05/08,"542,150","1,088,173,920","2,005.00","2,045.00","1,985.00","2,000.00",+25.00,"1,625",
112/05/09,"408,064","821,582,910","2,010.00","2,025.00","1,995.00","2,015.00",+15.00,"1,280",
112/05/10,"508,743","1,027,051,915","2,005.00","2,035.00","2,000.00","2,025.00",+10.00,"1,367",
112/05/11,"909,031","1,887,678,675","2,035.00","2,095.00","2,035.00","2,075.00",+50.00,"3,257",
112/05/12,"491,381","1,024,731,945","2,085.00","2,095.00","2,065.00","2,095.00",+20.00,"1,590",
112/05/15,"501,117","1,055,273,130","2,095.00","2,120.00","2,090.00","2,110.00",+15.00,"2,261",
112/05/16,"1,658,136","3,664,247,580","2,210.00","2,245.00","2,180.00","2,190.00",+80.00,"6,298",
112/05/17,"732,881","1,608,709,236","2,225.00","2,225.00","2,175.00","2,175.00",-15.00,"2,643",
112/05/18,"568,229","1,253,260,865","2,200.00","2,220.00","2,195.00","2,210.00",+35.00,"2,378",
112/05/19,"938,598","2,111,688,195","2,220.00","2,280.00","2,210.00","2,260.00",+50.00,"5,937",
112/05/22,"404,863","907,806,610","2,260.00","2,280.00","2,225.00","2,225.00",-35.00,"1,837",
112/05/23,"308,701","688,255,295","2,240.00","2,245.00","2,215.00","2,225.00", 0.00,"1,288",
112/05/24,"285,906","637,839,010","2,225.00","2,245.00","2,210.00","2,235.00",+10.00,"1,166",
112/05/25,"310,203","697,442,170","2,250.00","2,260.00","2,240.00","2,245.00",+10.00,"1,457",
112/05/26,"513,514","1,140,615,820","2,255.00","2,270.00","2,200.00","2,220.00",-25.00,"4,451",
112/05/29,"919,741","2,115,249,445","2,235.00","2,330.00","2,230.00","2,305.00",+85.00,"4,558",
112/05/30,"522,251","1,186,130,920","2,310.00","2,310.00","2,255.00","2,255.00",-50.00,"2,459",
112/05/31,"546,757","1,246,582,325","2,290.00","2,315.00","2,265.00","2,265.00",+10.00,"1,406",
112/06/01,"233,275","525,754,200","2,260.00","2,270.00","2,240.00","2,245.00",-20.00,"1,227",
112/06/02,"358,510","813,811,170","2,270.00","2,290.00","2,255.00","2,265.00",+20.00,"1,439",
112/06/05,"612,571","1,410,931,410","2,285.00","2,315.00","2,285.00","2,290.00",+25.00,"2,561",
112/06/06,"608,852","1,368,164,810","2,290.00","2,290.00","2,220.00","2,255.00",-35.00,"2,912",
112/06/07,"449,831","1,006,125,155","2,255.00","2,260.00","2,220.00","2,245.00",-10.00,"2,243",
112/06/08,"475,905","1,056,762,685","2,250.00","2,250.00","2,195.00","2,200.00",-45.00,"3,248",
112/06/09,"278,612","615,654,485","2,210.00","2,225.00","2,190.00","2,220.00",+20.00,"1,621",
112/06/12,"270,290","602,415,705","2,225.00","2,240.00","2,200.00","2,225.00",+5.00,"1,065",
112/06/13,"399,322","889,392,755","2,235.00","2,245.00","2,215.00","2,230.00",+5.00,"1,405",
112/06/14,"707,559","1,607,933,095","2,230.00","2,315.00","2,225.00","2,255.00",+25.00,"2,685",
112/06/15,"279,002","627,786,935","2,255.00","2,270.00","2,235.00","2,245.00",-10.00,"1,784",
112/06/16,"662,255","1,460,762,395","2,245.00","2,250.00","2,190.00","2,195.00",-50.00,"4,214",
112/06/19,"652,821","1,408,806,650","2,200.00","2,200.00","2,145.00","2,150.00",-45.00,"5,061",
112/06/20,"484,237","1,044,224,300","2,155.00","2,180.00","2,135.00","2,160.00",+10.00,"1,778",
112/06/21,"609,523","1,311,418,225","2,190.00","2,195.00","2,130.00","2,130.00",-30.00,"2,858",
112/06/26,"370,394","791,377,495","2,135.00","2,160.00","2,125.00","2,130.00", 0.00,"1,642",
112/06/27,"366,102","788,996,205","2,160.00","2,180.00","2,135.00","2,135.00",+5.00,"1,557",
112/06/28,"239,282","514,435,175","2,160.00","2,170.00","2,135.00","2,135.00", 0.00,873,
112/06/29,"305,464","653,964,410","2,160.00","2,170.00","2,125.00","2,130.00",-5.00,"1,613",
112/06/30,"520,032","1,106,321,744","2,125.00","2,150.00","2,110.00","2,130.00", 0.00,"2,861",
112/07/03,"322,399","690,188,990","2,160.00","2,160.00","2,130.00","2,135.00",+5.00,"1,471",
112/07/04,"1,516,222","3,338,869,617","2,145.00","2,240.00","2,145.00","2,240.00",+105.00,"4,269",
112/07/05,"1,413,788","3,155,107,248","2,270.00","2,270.00","2,190.00","2,250.00",+10.00,"3,585",
112/07/06,"4,049,250","9,499,170,719","2,250.00","2,445.00","2,240.00","2,315.00",+65.00,"10,964",
112/07/07,"1,472,018","3,445,595,280","2,360.00","2,385.00","2,295.00","2,340.00",+25.00,"4,981",
112/07/10,"1,342,781","3,186,350,090","2,370.00","2,410.00","2,345.00","2,345.00",+5.00,"3,902",
112/07/11,"774,664","1,833,613,290","2,370.00","2,385.00","2,340.00","2,375.00",+30.00,"2,502",
112/07/12,"527,672","1,248,465,405","2,385.00","2,400.00","2,350.00","2,360.00",-15.00,"1,899",
112/07/13,"1,284,275","3,094,906,705","2,395.00","2,445.00","2,370.00","2,405.00",+45.00,"5,098",
112/07/14,"2,342,813","5,371,803,520","2,360.00","2,365.00","2,235.00","2,310.00",-95.00,"8,923",
112/07/17,"805,483","1,873,811,980","2,375.00","2,375.00","2,300.00","2,305.00",-5.00,"2,562",
112/07/18,"874,678","1,996,955,915","2,310.00","2,315.00","2,260.00","2,280.00",-25.00,"3,160",
112/07/19,"726,920","1,663,690,390","2,315.00","2,325.00","2,265.00","2,270.00",-10.00,"2,083",
112/07/20,"701,043","1,579,297,530","2,300.00","2,300.00","2,235.00","2,240.00",-30.00,"3,446",
112/07/21,"681,400","1,501,222,465","2,225.00","2,230.00","2,190.00","2,200.00",-40.00,"3,599",
112/07/24,"491,798","1,080,253,815","2,190.00","2,220.00","2,180.00","2,195.00",-5.00,"2,048",
112/07/25,"489,751","1,080,218,140","2,205.00","2,230.00","2,185.00","2,185.00",-10.00,"2,022",
112/07/26,"634,708","1,371,015,935","2,195.00","2,195.00","2,140.00","2,140.00",-45.00,"5,502",
112/07/27,"381,268","827,411,310","2,170.00","2,190.00","2,145.00","2,165.00",+25.00,"1,636",
112/07/28,"432,340","943,844,365","2,165.00","2,210.00","2,160.00","2,170.00",+5.00,"1,490",
112/07/31,"790,814","1,732,580,835","2,180.00","2,225.00","2,155.00","2,175.00",+5.00,"2,441",
112/08/01,"319,563","698,142,450","2,180.00","2,200.00","2,170.00","2,190.00",+15.00,"1,311",
112/08/02,"674,581","1,476,318,675","2,190.00","2,235.00","2,160.00","2,160.00",-30.00,"3,264",
112/08/04,"484,662","1,039,225,305","2,155.00","2,165.00","2,120.00","2,145.00",-15.00,"2,641",
112/08/07,"327,363","706,184,080","2,175.00","2,180.00","2,145.00","2,150.00",+5.00,"2,730",
112/08/08,"450,721","962,644,495","2,165.00","2,170.00","2,120.00","2,130.00",-20.00,"2,448",
112/08/09,"220,491","471,440,085","2,130.00","2,155.00","2,130.00","2,135.00",+5.00,"1,148",
112/08/10,"400,287","850,714,725","2,140.00","2,145.00","2,115.00","2,125.00",-10.00,"2,395",
112/08/11,"301,243","640,664,455","2,130.00","2,140.00","2,115.00","2,115.00",-10.00,"1,295",
112/08/14,"758,813","1,568,896,715","2,105.00","2,105.00","2,020.00","2,090.00",-25.00,"3,675",
112/08/15,"319,063","669,034,245","2,095.00","2,125.00","2,075.00","2,090.00", 0.00,"1,917",
112/08/16,"623,827","1,278,956,815","2,070.00","2,085.00","2,035.00","2,040.00",-50.00,"4,455",
112/08/17,"508,650","1,042,237,235","2,020.00","2,080.00","2,020.00","2,050.00",X0.00,"2,009",
112/08/18,"486,208","986,069,745","2,045.00","2,065.00","2,015.00","2,025.00",-25.00,"2,898",
112/08/21,"249,046","506,676,365","2,030.00","2,055.00","2,020.00","2,025.00", 0.00,"1,207",
112/08/22,"710,600","1,434,301,945","2,040.00","2,050.00","2,005.00","2,020.00",-5.00,"2,740",
112/08/23,"890,095","1,778,147,210","2,020.00","2,020.00","1,975.00","1,975.00",-45.00,"9,023",
112/08/24,"1,269,646","2,476,350,615","1,990.00","1,990.00","1,925.00","1,930.00",-45.00,"11,976",
112/08/25,"603,295","1,170,588,535","1,925.00","1,965.00","1,925.00","1,930.00", 0.00,"3,464",
112/08/28,"455,477","897,111,545","1,950.00","1,985.00","1,945.00","1,970.00",+40.00,"2,094",
112/08/29,"688,301","1,394,174,335","1,990.00","2,055.00","1,975.00","2,025.00",+55.00,"2,859",
112/08/30,"825,573","1,704,235,885","2,065.00","2,080.00","2,035.00","2,075.00",+50.00,"2,985",
112/08/31,"683,316","1,406,998,330","2,060.00","2,080.00","2,040.00","2,050.00",-25.00,"1,934",
112/09/01,"273,501","562,881,005","2,060.00","2,070.00","2,045.00","2,060.00",+10.00,"1,073",
112/09/04,"384,382","802,558,190","2,070.00","2,100.00","2,065.00","2,090.00",+30.00,"1,841",
112/09/05,"1,389,991","3,014,993,750","2,150.00","2,205.00","2,130.00","2,165.00",+75.00,"4,899",
112/09/06,"680,271","1,457,407,575","2,180.00","2,185.00","2,120.00","2,120.00",-45.00,"3,309",
112/09/07,"552,093","1,148,967,215","2,085.00","2,110.00","2,065.00","2,070.00",-50.00,"3,003",
112/09/08,"1,113,242","2,228,691,405","2,045.00","2,045.00","1,985.00","1,985.00",-85.00,"6,797",
112/09/11,"643,902","1,296,949,240","1,995.00","2,035.00","1,995.00","2,000.00",+15.00,"1,772",
112/09/12,"579,254","1,181,865,525","2,015.00","2,060.00","2,010.00","2,050.00",+50.00,"1,800",
112/09/13,"682,098","1,374,573,520","2,045.00","2,050.00","2,005.00","2,015.00",-35.00,"2,585",
112/09/14,"576,885","1,190,844,025","2,030.00","2,085.00","2,025.00","2,070.00",+55.00,"1,981",
112/09/15,"761,056","1,575,438,330","2,080.00","2,085.00","2,050.00","2,080.00",+10.00,"1,892",
112/09/18,"1,126,387","2,378,477,330","2,065.00","2,145.00","2,060.00","2,105.00",+25.00,"2,906",
112/09/19,"1,011,950","2,179,477,585","2,140.00","2,195.00","2,120.00","2,125.00",+20.00,"2,934",
112/09/20,"609,734","1,288,568,685","2,145.00","2,155.00","2,085.00","2,095.00",-30.00,"2,405",
112/09/21,"510,117","1,061,515,480","2,085.00","2,110.00","2,060.00","2,065.00",-30.00,"2,124",
112/09/22,"425,213","881,047,400","2,050.00","2,100.00","2,040.00","2,095.00",+30.00,"1,370",
112/09/25,"695,958","1,493,156,175","2,140.00","2,165.00","2,120.00","2,150.00",+55.00,"2,814",
112/09/26,"1,043,458","2,245,269,250","2,150.00","2,195.00","2,120.00","2,125.00",-25.00,"2,520",
112/09/27,"566,199","1,193,094,395","2,125.00","2,135.00","2,085.00","2,105.00",-20.00,"1,890",
112/09/28,"653,420","1,386,587,495","2,105.00","2,135.00","2,090.00","2,135.00",+30.00,"1,318",
112/10/02,"773,401","1,662,760,765","2,145.00","2,170.00","2,120.00","2,145.00",+10.00,"1,965",
112/10/03,"607,853","1,306,159,735","2,130.00","2,165.00","2,130.00","2,140.00",-5.00,"1,770",
112/10/04,"709,121","1,477,363,160","2,125.00","2,125.00","2,065.00","2,080.00",-60.00,"2,849",
112/10/05,"577,641","1,223,764,195","2,100.00","2,135.00","2,095.00","2,120.00",+40.00,"1,311",
112/10/06,"1,017,999","2,171,027,320","2,190.00","2,190.00","2,090.00","2,090.00",-30.00,"2,819",
112/10/11,"863,698","1,849,496,625","2,155.00","2,165.00","2,110.00","2,145.00",+55.00,"2,150",
112/10/12,"771,591","1,648,539,445","2,135.00","2,160.00","2,105.00","2,150.00",+5.00,"1,980",
112/10/13,"2,450,243","5,299,781,610","2,090.00","2,210.00","2,055.00","2,175.00",+25.00,"6,463",
112/10/16,"781,404","1,667,989,990","2,160.00","2,165.00","2,120.00","2,125.00",-50.00,"2,360",
112/10/17,"538,702","1,138,570,975","2,145.00","2,145.00","2,095.00","2,095.00",-30.00,"1,969",
112/10/18,"950,327","1,960,379,645","2,095.00","2,110.00","2,040.00","2,045.00",-50.00,"4,610",
112/10/19,"539,621","1,100,328,930","2,045.00","2,060.00","2,025.00","2,040.00",-5.00,"2,601",
112/10/20,"460,640","933,334,645","2,035.00","2,040.00","2,010.00","2,030.00",-10.00,"1,766",
112/10/23,"287,432","582,032,360","2,050.00","2,050.00","2,010.00","2,015.00",-15.00,"1,370",
112/10/24,"544,425","1,089,945,330","2,015.00","2,025.00","1,990.00","2,010.00",-5.00,"2,856",
112/10/25,"294,925","593,731,365","2,010.00","2,020.00","2,005.00","2,010.00", 0.00,"1,537",
112/10/26,"559,943","1,118,462,235","1,990.00","2,025.00","1,980.00","2,005.00",-5.00,"2,460",
112/10/27,"373,473","752,994,400","2,005.00","2,025.00","1,995.00","2,020.00",+15.00,"1,282",
112/10/30,"594,756","1,213,464,225","2,040.00","2,075.00","2,015.00","2,025.00",+5.00,"1,698",
112/10/31,"1,624,209","3,402,336,765","2,065.00","2,130.00","2,065.00","2,070.00",+45.00,"3,996",
112/11/01,"528,331","1,087,774,360","2,070.00","2,080.00","2,040.00","2,065.00",-5.00,"1,512",
112/11/02,"434,295","906,041,545","2,095.00","2,100.00","2,075.00","2,075.00",+10.00,"1,159",
112/11/03,"618,499","1,289,667,940","2,100.00","2,110.00","2,040.00","2,100.00",+25.00,"1,985",
112/11/06,"877,809","1,873,715,560","2,130.00","2,160.00","2,120.00","2,135.00",+35.00,"2,371",
112/11/07,"653,078","1,401,635,140","2,130.00","2,170.00","2,100.00","2,150.00",+15.00,"2,044",
112/11/08,"396,165","847,123,795","2,145.00","2,155.00","2,125.00","2,130.00",-20.00,"1,241",
112/11/09,"441,495","936,963,575","2,135.00","2,140.00","2,105.00","2,130.00", 0.00,"1,438",
112/11/10,"518,472","1,087,590,830","2,110.00","2,120.00","2,085.00","2,095.00",-35.00,"1,478",
112/11/13,"377,741","803,498,405","2,120.00","2,135.00","2,120.00","2,135.00",+40.00,"1,169",
112/11/14,"234,653","498,646,590","2,135.00","2,140.00","2,115.00","2,125.00",-10.00,934,
112/11/15,"531,317","1,130,492,840","2,140.00","2,140.00","2,120.00","2,120.00",-5.00,"1,389",
112/11/16,"295,365","624,274,805","2,115.00","2,135.00","2,105.00","2,105.00",-15.00,"1,222",
112/11/17,"271,418","574,546,550","2,110.00","2,130.00","2,110.00","2,120.00",+15.00,969,
112/11/20,"1,252,017","2,726,348,195","2,135.00","2,200.00","2,130.00","2,195.00",+75.00,"4,667",
112/11/21,"1,154,671","2,581,346,880","2,215.00","2,260.00","2,200.00","2,245.00",+50.00,"5,517",
112/11/22,"596,885","1,338,071,330","2,245.00","2,260.00","2,220.00","2,235.00",-10.00,"1,965",
112/11/23,"1,146,320","2,627,640,590","2,265.00","2,315.00","2,260.00","2,280.00",+45.00,"4,260",
112/11/24,"387,832","880,661,215","2,280.00","2,290.00","2,255.00","2,265.00",-15.00,"1,556",
112/11/27,"417,217","953,019,475","2,275.00","2,300.00","2,265.00","2,290.00",+25.00,"1,837",
112/11/28,"844,481","1,939,803,945","2,300.00","2,310.00","2,270.00","2,310.00",+20.00,"2,673",
112/11/29,"1,722,453","4,090,057,800","2,320.00","2,410.00","2,310.00","2,385.00",+75.00,"7,487",
112/11/30,"901,070","2,157,394,315","2,385.00","2,415.00","2,365.00","2,390.00",+5.00,"3,363",
112/12/01,"626,229","1,481,821,160","2,390.00","2,395.00","2,350.00","2,365.00",-25.00,"2,215",
112/12/04,"510,284","1,222,016,440","2,395.00","2,410.00","2,380.00","2,385.00",+20.00,"1,861",
112/12/05,"368,231","873,577,635","2,385.00","2,385.00","2,355.00","2,380.00",-5.00,"1,798",
112/12/06,"1,066,107","2,494,228,110","2,380.00","2,385.00","2,320.00","2,320.00",-60.00,"4,137",
112/12/07,"577,712","1,340,422,485","2,310.00","2,345.00","2,300.00","2,310.00",-10.00,"2,034",
112/12/08,"604,876","1,392,845,285","2,315.00","2,340.00","2,290.00","2,290.00",-20.00,"2,222",
112/12/11,"505,993","1,175,156,215","2,310.00","2,345.00","2,290.00","2,340.00",+50.00,"1,811",
112/12/12,"858,263","2,047,183,205","2,360.00","2,400.00","2,360.00","2,375.00",+35.00,"2,864",
112/12/13,"2,671,646","6,634,029,070","2,390.00","2,530.00","2,390.00","2,530.00",+155.00,"12,221",
112/12/14,"3,290,815","8,901,752,440","2,605.00","2,770.00","2,590.00","2,690.00",+160.00,"11,116",
112/12/15,"1,862,895","5,004,675,665","2,715.00","2,725.00","2,650.00","2,670.00",-20.00,"5,019",
112/12/18,"1,068,512","2,846,668,885","2,670.00","2,700.00","2,625.00","2,675.00",+5.00,"3,612",
112/12/19,"994,646","2,674,283,560","2,685.00","2,720.00","2,645.00","2,690.00",+15.00,"3,079",
112/12/20,"818,738","2,196,135,300","2,700.00","2,720.00","2,650.00","2,670.00",-20.00,"2,983",
112/12/21,"847,876","2,256,760,135","2,650.00","2,690.00","2,635.00","2,680.00",+10.00,"2,386",
112/12/22,"433,861","1,155,363,675","2,665.00","2,690.00","2,650.00","2,650.00",-30.00,"1,565",
112/12/25,"1,759,915","4,891,322,375","2,690.00","2,815.00","2,690.00","2,795.00",+145.00,"7,541",
112/12/26,"718,719","1,993,354,565","2,795.00","2,815.00","2,750.00","2,760.00",-35.00,"3,321",
112/12/27,"966,686","2,697,315,145","2,770.00","2,820.00","2,740.00","2,810.00",+50.00,"4,019",
112/12/28,"740,898","2,081,426,520","2,815.00","2,840.00","2,780.00","2,795.00",-15.00,"2,910",
112/12/29,"1,366,545","3,889,268,880","2,795.00","2,880.00","2,790.00","2,870.00",+75.00,"5,280",
113/01/02,"1,255,925","3,492,706,545","2,860.00","2,860.00","2,745.00","2,785.00",-85.00,"6,197",
113/01/03,"1,426,707","3,836,736,810","2,725.00","2,730.00","2,665.00","2,685.00",-100.00,"6,281",
113/01/04,"980,717","2,608,749,670","2,680.00","2,710.00","2,640.00","2,650.00",-35.00,"3,239",
113/01/05,"1,271,931","3,328,926,210","2,640.00","2,675.00","2,585.00","2,595.00",-55.00,"5,751",
113/01/08,"1,004,026","2,592,675,985","2,600.00","2,620.00","2,550.00","2,580.00",-15.00,"4,016",
113/01/09,"590,109","1,522,437,235","2,595.00","2,620.00","2,555.00","2,575.00",-5.00,"2,329",
113/01/10,"1,060,363","2,690,743,185","2,570.00","2,580.00","2,505.00","2,525.00",-50.00,"4,775",
113/01/11,"937,482","2,378,703,635","2,525.00","2,565.00","2,515.00","2,550.00",+25.00,"2,497",
113/01/12,"2,994,209","7,777,605,465","2,560.00","2,650.00","2,520.00","2,600.00",+50.00,"5,853",
113/01/15,"1,065,380","2,790,680,945","2,640.00","2,665.00","2,590.00","2,595.00",-5.00,"2,871",
113/01/16,"1,217,407","3,114,827,780","2,580.00","2,585.00","2,525.00","2,580.00",-15.00,"3,734",
113/01/17,"1,236,844","3,125,981,045","2,585.00","2,590.00","2,490.00","2,490.00",-90.00,"5,144",
113/01/18,"672,655","1,679,680,350","2,490.00","2,520.00","2,470.00","2,495.00",+5.00,"2,547",
113/01/19,"862,623","2,157,724,640","2,545.00","2,565.00","2,480.00","2,495.00", 0.00,"3,076",
113/01/22,"672,001","1,675,975,045","2,510.00","2,525.00","2,475.00","2,475.00",-20.00,"2,882",
113/01/23,"770,382","1,943,974,140","2,490.00","2,545.00","2,480.00","2,515.00",+40.00,"2,151",
113/01/24,"818,585","2,087,347,460","2,540.00","2,575.00","2,525.00","2,535.00",+20.00,"2,124",
113/01/25,"512,453","1,298,090,620","2,550.00","2,550.00","2,505.00","2,550.00",+15.00,"1,889",
113/01/26,"657,335","1,647,058,130","2,550.00","2,550.00","2,490.00","2,490.00",-60.00,"3,091",
113/01/29,"514,383","1,302,138,920","2,495.00","2,555.00","2,490.00","2,535.00",+45.00,"1,703",
113/01/30,"255,910","644,459,045","2,545.00","2,545.00","2,505.00","2,510.00",-25.00,"1,441",
113/01/31,"872,531","2,193,284,300","2,540.00","2,565.00","2,485.00","2,490.00",-20.00,"2,601",
113/02/01,"1,217,651","2,971,848,110","2,485.00","2,500.00","2,410.00","2,435.00",-55.00,"6,633",
113/02/02,"1,781,226","4,253,156,200","2,450.00","2,460.00","2,365.00","2,365.00",-70.00,"8,314",
113/02/05,"822,835","1,935,870,265","2,385.00","2,390.00","2,335.00","2,355.00",-10.00,"4,652",
113/02/15,"925,182","2,222,720,405","2,425.00","2,430.00","2,360.00","2,405.00",+50.00,"2,886",
113/02/16,"457,646","1,095,082,630","2,410.00","2,415.00","2,380.00","2,390.00",-15.00,"2,125",
113/02/19,"612,630","1,467,352,068","2,410.00","2,420.00","2,380.00","2,395.00",+5.00,"2,674",
113/02/20,"1,457,754","3,592,036,790","2,420.00","2,495.00","2,400.00","2,460.00",+65.00,"4,187",
113/02/21,"844,469","2,090,418,550","2,465.00","2,495.00","2,430.00","2,485.00",+25.00,"2,393",
113/02/22,"856,480","2,155,056,975","2,495.00","2,530.00","2,480.00","2,530.00",+45.00,"2,934",
113/02/23,"826,307","2,098,810,255","2,550.00","2,565.00","2,515.00","2,545.00",+15.00,"3,086",
113/02/26,"1,310,545","3,419,654,075","2,555.00","2,635.00","2,535.00","2,625.00",+80.00,"5,447",
113/02/27,"1,212,583","3,203,334,840","2,650.00","2,665.00","2,605.00","2,640.00",+15.00,"4,060",
113/02/29,"928,474","2,406,317,990","2,630.00","2,635.00","2,570.00","2,590.00",-50.00,"4,548",
113/03/01,"763,399","1,973,260,030","2,595.00","2,615.00","2,565.00","2,570.00",-20.00,"2,869",
113/03/04,"722,051","1,841,545,240","2,570.00","2,580.00","2,520.00","2,565.00",-5.00,"3,295",
113/03/05,"360,897","920,500,645","2,545.00","2,570.00","2,540.00","2,550.00",-15.00,"2,182",
113/03/06,"687,818","1,774,477,345","2,565.00","2,595.00","2,560.00","2,570.00",+20.00,"2,217",
113/03/07,"384,188","985,636,190","2,570.00","2,600.00","2,550.00","2,550.00",-20.00,"1,982",
113/03/08,"665,557","1,674,076,275","2,550.00","2,575.00","2,485.00","2,500.00",-50.00,"4,379",
113/03/11,"392,778","984,584,265","2,515.00","2,525.00","2,485.00","2,520.00",+20.00,"1,779",
113/03/12,"539,426","1,362,174,875","2,530.00","2,550.00","2,510.00","2,520.00", 0.00,"1,822",
113/03/13,"498,170","1,256,990,965","2,520.00","2,555.00","2,500.00","2,500.00",-20.00,"2,074",
113/03/14,"409,490","1,028,303,025","2,505.00","2,525.00","2,490.00","2,520.00",+20.00,"1,888",
113/03/15,"465,539","1,166,918,330","2,515.00","2,520.00","2,485.00","2,515.00",-5.00,"1,742",
113/03/18,"242,539","610,223,130","2,515.00","2,525.00","2,500.00","2,520.00",+5.00,"1,252",
113/03/19,"429,434","1,068,826,000","2,515.00","2,520.00","2,475.00","2,475.00",-45.00,"3,554",
113/03/20,"1,029,118","2,624,607,050","2,465.00","2,600.00","2,465.00","2,570.00",+95.00,"4,316",
113/03/21,"1,020,273","2,556,057,310","2,540.00","2,555.00","2,480.00","2,485.00",X0.00,"4,393",
113/03/22,"620,368","1,525,518,780","2,485.00","2,495.00","2,435.00","2,445.00",-40.00,"5,252",
113/03/25,"342,289","840,291,530","2,445.00","2,470.00","2,435.00","2,455.00",+10.00,"1,598",
113/03/26,"783,691","1,937,917,375","2,470.00","2,545.00","2,430.00","2,430.00",-25.00,"3,388",
113/03/27,"278,668","677,999,650","2,430.00","2,455.00","2,410.00","2,435.00",+5.00,"1,687",
113/03/28,"273,474","667,486,115","2,435.00","2,470.00","2,430.00","2,430.00",-5.00,"1,256",
113/03/29,"306,518","749,128,705","2,425.00","2,460.00","2,425.00","2,445.00",+15.00,"1,208",
113/04/01,"395,257","983,716,895","2,460.00","2,515.00","2,455.00","2,485.00",+40.00,"1,962",
113/04/02,"331,878","826,096,410","2,515.00","2,520.00","2,465.00","2,490.00",+5.00,"1,733",
113/04/03,"279,444","694,597,195","2,495.00","2,495.00","2,475.00","2,490.00", 0.00,"1,018",
113/04/08,"1,243,432","2,972,311,630","2,405.00","2,435.00","2,355.00","2,380.00",-110.00,"6,919",
113/04/09,"631,030","1,504,547,470","2,410.00","2,410.00","2,365.00","2,380.00", 0.00,"3,326",
113/04/10,"505,979","1,213,609,585","2,395.00","2,425.00","2,380.00","2,380.00", 0.00,"2,823",
113/04/11,"982,448","2,287,879,605","2,370.00","2,370.00","2,315.00","2,315.00",-65.00,"7,372",
113/04/12,"1,942,002","4,693,656,370","2,420.00","2,515.00","2,350.00","2,350.00",+35.00,"5,744",
113/04/15,"572,519","1,323,805,410","2,350.00","2,350.00","2,295.00","2,295.00",-55.00,"5,232",
113/04/16,"876,757","1,962,305,145","2,275.00","2,275.00","2,215.00","2,225.00",-70.00,"8,602",
113/04/17,"726,375","1,607,035,890","2,240.00","2,240.00","2,200.00","2,200.00",-25.00,"6,909",
113/04/18,"629,189","1,386,507,985","2,185.00","2,225.00","2,180.00","2,200.00", 0.00,"3,057",
113/04/19,"932,547","1,996,451,275","2,190.00","2,200.00","2,100.00","2,120.00",-80.00,"9,268",
113/04/22,"484,138","1,023,500,290","2,125.00","2,135.00","2,090.00","2,110.00",-10.00,"3,354",
113/04/23,"577,593","1,231,229,055","2,145.00","2,150.00","2,110.00","2,135.00",+25.00,"2,131",
113/04/24,"669,140","1,462,836,585","2,165.00","2,210.00","2,155.00","2,195.00",+60.00,"2,744",
113/04/25,"340,600","746,539,455","2,195.00","2,215.00","2,165.00","2,195.00", 0.00,"1,726",
113/04/26,"491,958","1,075,811,615","2,200.00","2,210.00","2,165.00","2,185.00",-10.00,"3,050",
113/04/29,"305,005","672,874,470","2,190.00","2,220.00","2,190.00","2,200.00",+15.00,"1,645",
113/04/30,"230,743","505,973,300","2,200.00","2,210.00","2,185.00","2,185.00",-15.00,"1,398",
113/05/02,"344,910","754,415,585","2,180.00","2,215.00","2,170.00","2,170.00",-15.00,"1,703",
113/05/03,"844,117","1,887,428,135","2,210.00","2,265.00","2,210.00","2,215.00",+45.00,"2,997",
113/05/06,"286,103","643,369,550","2,245.00","2,260.00","2,230.00","2,250.00",+35.00,"1,802",
113/05/07,"357,342","810,226,330","2,265.00","2,285.00","2,245.00","2,280.00",+30.00,"2,026",
113/05/08,"369,742","832,363,915","2,290.00","2,290.00","2,225.00","2,235.00",-45.00,"2,660",
113/05/09,"369,988","820,672,370","2,235.00","2,245.00","2,200.00","2,205.00",-30.00,"2,405",
113/05/10,"209,431","465,126,885","2,205.00","2,230.00","2,205.00","2,230.00",+25.00,981,
113/05/13,"426,653","951,013,700","2,235.00","2,250.00","2,215.00","2,240.00",+10.00,"1,576",
113/05/14,"654,474","1,496,015,360","2,240.00","2,315.00","2,240.00","2,300.00",+60.00,"2,773",
113/05/15,"560,309","1,276,824,685","2,305.00","2,310.00","2,255.00","2,260.00",-40.00,"3,172",
113/05/16,"523,934","1,212,241,615","2,285.00","2,335.00","2,285.00","2,310.00",+50.00,"2,597",
113/05/17,"304,629","703,812,775","2,315.00","2,325.00","2,290.00","2,325.00",+15.00,"1,444",
113/05/20,"238,249","550,789,430","2,335.00","2,335.00","2,295.00","2,315.00",-10.00,"1,623",
113/05/21,"941,403","2,111,537,715","2,310.00","2,310.00","2,220.00","2,220.00",-95.00,"5,326",
113/05/22,"311,169","695,087,815","2,230.00","2,250.00","2,225.00","2,230.00",+10.00,"1,845",
113/05/23,"602,932","1,325,513,215","2,215.00","2,235.00","2,180.00","2,190.00",-40.00,"5,197",
113/05/24,"462,238","997,307,050","2,170.00","2,175.00","2,145.00","2,170.00",-20.00,"5,131",
113/05/27,"355,303","776,521,755","2,175.00","2,200.00","2,160.00","2,195.00",+25.00,"2,151",
113/05/28,"328,060","719,900,640","2,195.00","2,205.00","2,185.00","2,200.00",+5.00,"2,074",
113/05/29,"1,208,805","2,737,445,180","2,225.00","2,290.00","2,220.00","2,280.00",+80.00,"4,088",
113/05/30,"560,558","1,253,834,765","2,255.00","2,255.00","2,215.00","2,250.00",-30.00,"2,532",
113/05/31,"902,138","2,059,156,808","2,270.00","2,305.00","2,255.00","2,275.00",+25.00,"2,681",
113/06/03,"347,696","795,106,690","2,275.00","2,300.00","2,260.00","2,295.00",+20.00,"1,599",
113/06/04,"324,714","743,063,725","2,295.00","2,305.00","2,265.00","2,295.00", 0.00,"1,587",
113/06/05,"588,552","1,363,540,385","2,295.00","2,335.00","2,285.00","2,330.00",+35.00,"2,843",
113/06/06,"1,232,168","2,946,142,485","2,330.00","2,415.00","2,330.00","2,390.00",+60.00,"5,975",
113/06/07,"681,187","1,621,248,615","2,410.00","2,430.00","2,345.00","2,365.00",-25.00,"3,313",
113/06/11,"1,188,055","2,681,808,550","2,360.00","2,360.00","2,215.00","2,215.00",-150.00,"10,570",
113/06/12,"1,270,570","2,972,465,630","2,325.00","2,370.00","2,305.00","2,360.00",+145.00,"5,281",
113/06/13,"1,050,915","2,489,207,470","2,375.00","2,395.00","2,330.00","2,380.00",+20.00,"3,702",
113/06/14,"2,237,956","5,550,165,190","2,380.00","2,520.00","2,380.00","2,520.00",+140.00,"10,423",
113/06/17,"2,274,995","5,953,213,140","2,520.00","2,670.00","2,510.00","2,610.00",+90.00,"9,923",
113/06/18,"1,919,296","5,104,693,583","2,640.00","2,700.00","2,625.00","2,660.00",+50.00,"5,923",
113/06/19,"1,103,174","2,928,598,657","2,690.00","2,690.00","2,630.00","2,635.00",-25.00,"4,517",
113/06/20,"481,862","1,274,069,835","2,655.00","2,665.00","2,630.00","2,650.00",+15.00,"2,286",
113/06/21,"1,589,763","4,109,587,240","2,600.00","2,615.00","2,560.00","2,595.00",-55.00,"5,282",
113/06/24,"678,551","1,769,480,635","2,600.00","2,635.00","2,585.00","2,605.00",+10.00,"2,612",
113/06/25,"1,829,159","4,904,599,071","2,615.00","2,720.00","2,600.00","2,720.00",+115.00,"8,548",
113/06/26,"1,662,752","4,587,576,590","2,760.00","2,805.00","2,715.00","2,740.00",+20.00,"5,742",
113/06/27,"935,553","2,531,396,840","2,715.00","2,730.00","2,675.00","2,710.00",-30.00,"3,106",
113/06/28,"990,862","2,709,289,340","2,700.00","2,755.00","2,700.00","2,745.00",+35.00,"2,579",
113/07/01,"553,041","1,499,271,370","2,755.00","2,760.00","2,690.00","2,700.00",-45.00,"3,266",
113/07/02,"653,213","1,751,911,764","2,705.00","2,720.00","2,655.00","2,675.00",-25.00,"2,409",
113/07/03,"518,734","1,392,870,130","2,695.00","2,735.00","2,655.00","2,670.00",-5.00,"2,162",
113/07/04,"2,416,129","6,811,146,385","2,715.00","2,895.00","2,715.00","2,840.00",+170.00,"10,273",
113/07/05,"1,784,339","5,182,647,870","2,850.00","2,970.00","2,850.00","2,895.00",+55.00,"7,213",
113/07/08,"2,680,295","8,170,917,750","2,965.00","3,110.00","2,935.00","3,030.00",+135.00,"10,443",
113/07/09,"2,202,109","6,793,799,995","3,035.00","3,140.00","3,010.00","3,115.00",+85.00,"9,285",
113/07/10,"1,312,334","4,080,867,715","3,150.00","3,150.00","3,075.00","3,110.00",-5.00,"6,008",
113/07/11,"1,631,647","5,190,567,145","3,125.00","3,225.00","3,090.00","3,200.00",+90.00,"8,600",
113/07/12,"3,114,001","9,511,260,550","2,980.00","3,115.00","2,935.00","3,065.00",-135.00,"13,363",
113/07/15,"1,468,360","4,613,867,065","3,130.00","3,195.00","3,110.00","3,120.00",+55.00,"4,947",
113/07/16,"738,865","2,319,579,695","3,170.00","3,180.00","3,110.00","3,125.00",+5.00,"3,210",
113/07/17,"779,079","2,400,224,340","3,110.00","3,120.00","3,055.00","3,065.00",-60.00,"5,086",
113/07/18,"1,141,399","3,454,734,105","2,995.00","3,085.00","2,995.00","3,010.00",-55.00,"5,166",
113/07/19,"2,246,121","6,534,360,675","2,995.00","3,005.00","2,865.00","2,900.00",-110.00,"12,758",
113/07/22,"1,684,491","4,746,606,330","2,870.00","2,900.00","2,760.00","2,830.00",-70.00,"7,257",
113/07/23,"626,334","1,786,149,405","2,875.00","2,890.00","2,825.00","2,845.00",+15.00,"2,903",
113/07/26,"932,901","2,581,099,525","2,740.00","2,800.00","2,710.00","2,770.00",-75.00,"4,337",
113/07/29,"1,055,174","2,946,071,045","2,820.00","2,845.00","2,750.00","2,775.00",+5.00,"2,850",
113/07/30,"1,134,629","3,232,037,665","2,810.00","2,920.00","2,770.00","2,915.00",+140.00,"4,174",
113/07/31,"1,427,046","4,035,151,975","2,875.00","2,885.00","2,795.00","2,815.00",-100.00,"3,991",
113/08/01,"1,215,949","3,451,129,650","2,860.00","2,870.00","2,800.00","2,870.00",+55.00,"2,838",
113/08/02,"1,008,157","2,797,201,975","2,790.00","2,820.00","2,745.00","2,770.00",-100.00,"5,641",
113/08/05,"1,666,555","4,339,520,010","2,660.00","2,675.00","2,540.00","2,575.00",-195.00,"7,774",
113/08/06,"1,555,585","4,169,816,070","2,735.00","2,740.00","2,580.00","2,685.00",+110.00,"4,972",
113/08/07,"1,073,688","2,979,937,065","2,730.00","2,825.00","2,700.00","2,775.00",+90.00,"3,992",
113/08/08,"764,118","2,091,982,565","2,740.00","2,775.00","2,690.00","2,745.00",-30.00,"2,850",
113/08/09,"912,278","2,548,321,360","2,805.00","2,845.00","2,750.00","2,755.00",+10.00,"2,810",
113/08/12,"739,525","2,048,083,100","2,780.00","2,805.00","2,740.00","2,750.00",-5.00,"2,322",
113/08/13,"797,763","2,233,593,295","2,765.00","2,825.00","2,765.00","2,805.00",+55.00,"2,251",
113/08/14,"1,119,501","3,204,276,325","2,845.00","2,885.00","2,830.00","2,840.00",+35.00,"3,470",
113/08/15,"1,697,253","4,644,646,400","2,770.00","2,770.00","2,705.00","2,715.00",X0.00,"5,328",
113/08/16,"972,397","2,735,316,710","2,770.00","2,850.00","2,755.00","2,815.00",+100.00,"3,573",
113/08/19,"1,148,036","3,319,106,435","2,820.00","2,910.00","2,820.00","2,905.00",+90.00,"4,225",
113/08/20,"1,507,281","4,495,381,740","2,935.00","3,030.00","2,930.00","2,980.00",+75.00,"5,999",
113/08/21,"1,122,133","3,351,915,230","2,995.00","3,020.00","2,950.00","2,985.00",+5.00,"3,599",
113/08/22,"560,192","1,674,653,645","3,000.00","3,015.00","2,955.00","3,000.00",+15.00,"2,226",
113/08/23,"848,731","2,575,973,280","2,960.00","3,075.00","2,960.00","3,050.00",+50.00,"5,228",
113/08/26,"780,967","2,391,600,665","3,035.00","3,110.00","3,020.00","3,040.00",-10.00,"3,064",
113/08/27,"557,873","1,693,519,370","3,040.00","3,070.00","3,000.00","3,030.00",-10.00,"1,966",
113/08/28,"1,097,705","3,339,906,000","3,050.00","3,115.00","2,995.00","3,015.00",-15.00,"3,289",
113/08/29,"2,572,380","8,061,520,835","2,980.00","3,200.00","2,970.00","3,200.00",+185.00,"11,199",
113/08/30,"1,534,647","4,851,455,585","3,215.00","3,230.00","3,120.00","3,120.00",-80.00,"4,843",
113/09/02,"1,421,633","4,488,371,955","3,150.00","3,220.00","3,115.00","3,120.00", 0.00,"4,125",
113/09/03,"825,232","2,556,453,130","3,150.00","3,155.00","3,065.00","3,065.00",-55.00,"3,117",
113/09/04,"1,877,050","5,537,178,395","2,900.00","3,020.00","2,890.00","2,925.00",-140.00,"7,979",
113/09/05,"1,133,891","3,337,718,795","2,980.00","3,010.00","2,890.00","2,925.00", 0.00,"4,490",
113/09/06,"3,938,483","10,865,821,635","2,810.00","2,815.00","2,710.00","2,740.00",-185.00,"14,217",
113/09/09,"1,587,096","4,330,168,130","2,720.00","2,795.00","2,685.00","2,700.00",-40.00,"6,995",
113/09/10,"1,695,978","4,507,593,995","2,760.00","2,770.00","2,605.00","2,620.00",-80.00,"10,907",
113/09/11,"912,080","2,445,642,290","2,660.00","2,710.00","2,630.00","2,695.00",+75.00,"3,370",
113/09/12,"1,162,007","3,146,975,390","2,765.00","2,770.00","2,670.00","2,705.00",+10.00,"3,562",
113/09/13,"537,998","1,457,773,315","2,710.00","2,755.00","2,685.00","2,705.00", 0.00,"2,371",
113/09/16,"831,940","2,208,505,735","2,720.00","2,725.00","2,625.00","2,625.00",-80.00,"6,373",
113/09/18,"2,130,346","5,394,065,620","2,620.00","2,625.00","2,500.00","2,505.00",-120.00,"15,869",
113/09/19,"1,078,421","2,769,691,145","2,505.00","2,610.00","2,500.00","2,605.00",+100.00,"4,287",
113/09/20,"1,136,384","2,967,355,705","2,615.00","2,675.00","2,570.00","2,570.00",-35.00,"4,217",
113/09/23,"605,059","1,595,229,635","2,610.00","2,680.00","2,585.00","2,630.00",+60.00,"2,699",
113/09/24,"805,959","2,099,750,235","2,635.00","2,660.00","2,575.00","2,610.00",-20.00,"3,139",
113/09/25,"920,236","2,435,396,650","2,635.00","2,680.00","2,620.00","2,635.00",+25.00,"3,171",
113/09/26,"791,394","2,076,008,925","2,650.00","2,665.00","2,605.00","2,610.00",-25.00,"3,711",
113/09/27,"1,099,909","2,865,014,090","2,625.00","2,635.00","2,580.00","2,610.00", 0.00,"3,628",
113/09/30,"1,441,801","3,674,401,300","2,575.00","2,575.00","2,525.00","2,540.00",-70.00,"7,552",
113/10/01,"772,709","2,016,977,515","2,565.00","2,625.00","2,565.00","2,625.00",+85.00,"2,656",
113/10/04,"1,015,629","2,609,133,855","2,615.00","2,620.00","2,535.00","2,555.00",-70.00,"4,648",
113/10/07,"1,314,503","3,342,595,100","2,575.00","2,615.00","2,505.00","2,525.00",-30.00,"6,871",
113/10/08,"954,280","2,367,935,940","2,515.00","2,520.00","2,460.00","2,475.00",-50.00,"6,886",
113/10/09,"1,158,933","2,856,595,070","2,485.00","2,500.00","2,440.00","2,440.00",-35.00,"7,210",
113/10/11,"1,051,783","2,546,938,080","2,415.00","2,460.00","2,370.00","2,440.00", 0.00,"5,188",
113/10/14,"624,751","1,545,946,345","2,475.00","2,500.00","2,425.00","2,475.00",+35.00,"2,561",
113/10/15,"571,235","1,435,006,895","2,495.00","2,530.00","2,490.00","2,510.00",+35.00,"2,899",
113/10/16,"635,903","1,587,057,855","2,520.00","2,520.00","2,475.00","2,510.00", 0.00,"2,425",
113/10/17,"711,419","1,795,685,260","2,525.00","2,545.00","2,500.00","2,545.00",+35.00,"2,229",
113/10/18,"3,305,875","7,731,966,859","2,395.00","2,400.00","2,305.00","2,325.00",-220.00,"21,404",
113/10/21,"1,330,934","3,159,544,640","2,335.00","2,410.00","2,335.00","2,400.00",+75.00,"5,111",
113/10/22,"618,903","1,488,711,500","2,390.00","2,435.00","2,385.00","2,400.00", 0.00,"2,668",
113/10/23,"311,784","750,668,820","2,400.00","2,425.00","2,385.00","2,405.00",+5.00,"1,803",
113/10/24,"467,190","1,114,206,030","2,385.00","2,405.00","2,370.00","2,370.00",-35.00,"3,130",
113/10/25,"655,353","1,548,205,390","2,370.00","2,390.00","2,340.00","2,370.00", 0.00,"3,759",
113/10/28,"821,320","1,923,226,870","2,385.00","2,385.00","2,325.00","2,330.00",-40.00,"6,450",
113/10/29,"990,620","2,285,003,225","2,330.00","2,340.00","2,290.00","2,300.00",-30.00,"4,876",
113/10/30,"906,619","2,076,796,360","2,290.00","2,310.00","2,275.00","2,285.00",-15.00,"5,071",
113/11/01,"1,034,361","2,338,203,930","2,230.00","2,290.00","2,220.00","2,290.00",+5.00,"4,294",
113/11/04,"572,600","1,331,209,755","2,300.00","2,350.00","2,275.00","2,340.00",+50.00,"2,593",
113/11/05,"316,877","734,652,910","2,310.00","2,330.00","2,310.00","2,320.00",-20.00,"2,087",
113/11/06,"476,964","1,113,731,205","2,325.00","2,360.00","2,315.00","2,340.00",+20.00,"1,775",
113/11/07,"269,041","629,809,170","2,340.00","2,355.00","2,330.00","2,335.00",-5.00,"1,591",
113/11/08,"366,395","852,042,395","2,360.00","2,365.00","2,305.00","2,305.00",-30.00,"3,303",
113/11/11,"273,521","627,749,355","2,300.00","2,315.00","2,280.00","2,305.00", 0.00,"2,314",
113/11/12,"515,489","1,176,197,020","2,280.00","2,280.00","2,255.00","2,255.00",-50.00,"4,968",
113/11/13,"1,063,996","2,528,111,740","2,390.00","2,420.00","2,340.00","2,355.00",+100.00,"3,998",
113/11/14,"588,871","1,374,475,190","2,355.00","2,370.00","2,310.00","2,315.00",-40.00,"2,506",
113/11/15,"1,079,789","2,583,633,690","2,315.00","2,425.00","2,315.00","2,420.00",+105.00,"5,232",
113/11/18,"859,589","2,033,741,400","2,400.00","2,415.00","2,345.00","2,345.00",-75.00,"3,771",
113/11/19,"504,526","1,200,901,050","2,355.00","2,405.00","2,350.00","2,385.00",+40.00,"1,744",
113/11/20,"593,785","1,396,408,550","2,390.00","2,395.00","2,330.00","2,340.00",-45.00,"2,775",
113/11/21,"314,470","742,633,670","2,330.00","2,375.00","2,325.00","2,365.00",+25.00,"1,080",
113/11/22,"653,547","1,568,917,060","2,375.00","2,415.00","2,360.00","2,380.00",+15.00,"2,018",
113/11/25,"1,591,397","3,924,214,645","2,405.00","2,505.00","2,405.00","2,450.00",+70.00,"5,003",
113/11/26,"944,242","2,356,040,400","2,450.00","2,525.00","2,430.00","2,500.00",+50.00,"4,051",
113/11/27,"743,465","1,831,174,555","2,490.00","2,515.00","2,435.00","2,445.00",-55.00,"3,555",
113/11/28,"604,401","1,466,442,080","2,435.00","2,455.00","2,390.00","2,445.00", 0.00,"2,676",
113/11/29,"508,958","1,237,289,785","2,415.00","2,460.00","2,405.00","2,435.00",-10.00,"1,777",
113/12/02,"783,712","1,959,268,660","2,455.00","2,520.00","2,445.00","2,505.00",+70.00,"3,400",
113/12/03,"656,545","1,651,680,190","2,520.00","2,540.00","2,500.00","2,505.00", 0.00,"2,419",
113/12/04,"500,213","1,255,978,810","2,510.00","2,535.00","2,485.00","2,535.00",+30.00,"2,391",
113/12/05,"669,223","1,680,879,485","2,545.00","2,550.00","2,490.00","2,505.00",-30.00,"3,188",
113/12/06,"594,661","1,481,981,455","2,490.00","2,515.00","2,475.00","2,485.00",-20.00,"2,448",
113/12/09,"615,007","1,506,869,255","2,490.00","2,500.00","2,420.00","2,440.00",-45.00,"7,385",
113/12/10,"492,331","1,205,607,525","2,420.00","2,475.00","2,420.00","2,445.00",+5.00,"1,660",
113/12/11,"427,524","1,056,811,120","2,460.00","2,495.00","2,430.00","2,480.00",+35.00,"1,785",
113/12/12,"917,440","2,318,422,515","2,485.00","2,545.00","2,485.00","2,530.00",+50.00,"4,506",
113/12/13,"885,933","2,263,464,280","2,520.00","2,580.00","2,515.00","2,540.00",+10.00,"3,853",
113/12/16,"615,296","1,560,891,220","2,550.00","2,565.00","2,520.00","2,520.00",-20.00,"2,218",
113/12/17,"637,022","1,617,499,325","2,515.00","2,575.00","2,515.00","2,525.00",+5.00,"2,413",
113/12/18,"967,219","2,489,137,560","2,525.00","2,615.00","2,520.00","2,580.00",+55.00,"4,480",
113/12/19,"811,920","2,056,957,210","2,535.00","2,555.00","2,510.00","2,550.00",-30.00,"4,177",
113/12/20,"1,030,228","2,602,316,230","2,565.00","2,575.00","2,510.00","2,515.00",-35.00,"3,321",
113/12/23,"371,136","950,013,815","2,555.00","2,575.00","2,545.00","2,550.00",+35.00,"1,707",
113/12/24,"231,457","592,600,935","2,580.00","2,580.00","2,545.00","2,550.00", 0.00,"1,334",
113/12/25,"389,695","1,004,812,360","2,570.00","2,595.00","2,550.00","2,580.00",+30.00,"2,108",
113/12/26,"1,548,456","4,113,520,710","2,610.00","2,690.00","2,600.00","2,675.00",+95.00,"8,457",
113/12/27,"644,116","1,706,884,905","2,690.00","2,690.00","2,630.00","2,640.00",-35.00,"3,183",
113/12/30,"668,393","1,779,496,785","2,655.00","2,685.00","2,620.00","2,650.00",+10.00,"2,726",
113/12/31,"554,826","1,475,025,950","2,650.00","2,675.00","2,620.00","2,675.00",+25.00,"2,314",
114/01/02,"528,583","1,394,136,540","2,680.00","2,690.00","2,615.00","2,620.00",-55.00,"2,850",
114/01/03,"804,804","2,081,431,075","2,620.00","2,620.00","2,565.00","2,585.00",-35.00,"4,269",
114/01/06,"1,161,443","3,069,409,230","2,605.00","2,685.00","2,570.00","2,680.00",+95.00,"4,724",
114/01/07,"810,199","2,177,144,250","2,685.00","2,715.00","2,660.00","2,665.00",-15.00,"3,221",
114/01/08,"712,073","1,871,847,315","2,650.00","2,665.00","2,600.00","2,610.00",-55.00,"4,353",
114/01/09,"974,742","2,570,183,805","2,615.00","2,695.00","2,585.00","2,595.00",-15.00,"4,846",
114/01/10,"4,202,806","11,558,104,345","2,775.00","2,815.00","2,675.00","2,750.00",+155.00,"12,730",
114/01/13,"2,060,532","5,438,442,860","2,720.00","2,740.00","2,590.00","2,655.00",-95.00,"10,828",
114/01/14,"769,352","2,035,583,050","2,645.00","2,675.00","2,605.00","2,660.00",+5.00,"2,976",
114/01/15,"1,295,178","3,509,595,635","2,630.00","2,765.00","2,630.00","2,705.00",+45.00,"5,026",
114/01/16,"1,398,925","3,873,477,130","2,750.00","2,795.00","2,740.00","2,760.00",+55.00,"5,205",
114/01/17,"1,094,743","2,982,427,035","2,760.00","2,760.00","2,695.00","2,730.00",-30.00,"3,455",
114/01/20,"727,163","2,003,368,000","2,730.00","2,780.00","2,720.00","2,755.00",+25.00,"3,045",
114/01/21,"1,115,799","3,108,463,590","2,755.00","2,825.00","2,740.00","2,765.00",+10.00,"4,236",
114/01/22,"786,787","2,175,558,605","2,785.00","2,800.00","2,750.00","2,750.00",-15.00,"2,613",
114/02/03,"1,787,571","4,978,006,350","2,700.00","2,835.00","2,700.00","2,830.00",+80.00,"6,322",
114/02/04,"951,541","2,653,371,140","2,825.00","2,845.00","2,760.00","2,775.00",-55.00,"6,872",
114/02/05,"869,425","2,434,084,980","2,790.00","2,815.00","2,765.00","2,810.00",+35.00,"2,786",
114/02/06,"1,026,190","2,876,220,245","2,800.00","2,820.00","2,785.00","2,810.00", 0.00,"3,022",
114/02/07,"628,521","1,759,314,095","2,800.00","2,830.00","2,790.00","2,795.00",-15.00,"2,598",
114/02/10,"1,192,772","3,268,121,590","2,785.00","2,805.00","2,715.00","2,715.00",-80.00,"6,636",
114/02/11,"509,116","1,384,845,440","2,730.00","2,750.00","2,705.00","2,715.00", 0.00,"2,961",
114/02/12,"511,390","1,384,473,670","2,730.00","2,740.00","2,695.00","2,695.00",-20.00,"3,772",
114/02/13,"453,745","1,231,780,415","2,695.00","2,735.00","2,695.00","2,705.00",+10.00,"1,914",
114/02/14,"603,089","1,624,239,545","2,705.00","2,730.00","2,670.00","2,670.00",-35.00,"4,150",
114/02/17,"869,243","2,375,751,625","2,690.00","2,760.00","2,670.00","2,735.00",+65.00,"3,331",
114/02/18,"426,367","1,166,721,055","2,735.00","2,755.00","2,715.00","2,715.00",-20.00,"2,131",
114/02/19,"336,253","913,749,935","2,735.00","2,735.00","2,705.00","2,710.00",-5.00,"1,726",
114/02/20,"594,432","1,628,453,235","2,710.00","2,760.00","2,690.00","2,760.00",+50.00,"2,375",
114/02/21,"545,279","1,492,353,220","2,770.00","2,770.00","2,720.00","2,735.00",-25.00,"2,146",
114/02/24,"276,615","757,978,765","2,720.00","2,750.00","2,720.00","2,745.00",+10.00,"1,263",
114/02/25,"741,591","2,040,562,095","2,770.00","2,790.00","2,730.00","2,735.00",-10.00,"2,677",
114/02/26,"467,112","1,282,758,020","2,740.00","2,765.00","2,720.00","2,765.00",+30.00,"1,818",
114/02/27,"904,088","2,454,462,754","2,765.00","2,765.00","2,700.00","2,700.00",-65.00,"4,243",
114/03/03,"539,676","1,456,611,840","2,690.00","2,715.00","2,680.00","2,715.00",+15.00,"2,773",
114/03/04,"814,782","2,196,483,780","2,670.00","2,730.00","2,650.00","2,710.00",-5.00,"3,257",
114/03/05,"592,877","1,623,584,830","2,715.00","2,770.00","2,700.00","2,745.00",+35.00,"2,283",
114/03/06,"509,813","1,406,460,455","2,750.00","2,790.00","2,740.00","2,745.00", 0.00,"1,919",
114/03/07,"437,878","1,189,591,265","2,745.00","2,745.00","2,695.00","2,700.00",-45.00,"2,364",
114/03/10,"701,202","1,880,203,600","2,730.00","2,740.00","2,655.00","2,655.00",-45.00,"3,699",
114/03/11,"1,006,543","2,591,509,415","2,600.00","2,625.00","2,540.00","2,625.00",-30.00,"5,834",
114/03/12,"511,316","1,346,323,025","2,635.00","2,650.00","2,610.00","2,645.00",+20.00,"2,556",
114/03/13,"2,139,880","5,405,874,105","2,665.00","2,665.00","2,470.00","2,470.00",-175.00,"18,720",
114/03/14,"784,026","1,932,296,045","2,495.00","2,500.00","2,440.00","2,475.00",+5.00,"4,916",
114/03/17,"721,122","1,775,980,365","2,485.00","2,495.00","2,445.00","2,465.00",-10.00,"5,388",
114/03/18,"691,008","1,727,889,900","2,490.00","2,520.00","2,490.00","2,505.00",+40.00,"2,487",
114/03/19,"918,429","2,323,655,080","2,510.00","2,550.00","2,500.00","2,525.00",+20.00,"3,345",
114/03/20,"578,454","1,435,784,320","2,500.00","2,505.00","2,460.00","2,500.00",X0.00,"2,802",
114/03/21,"377,688","932,772,900","2,500.00","2,500.00","2,460.00","2,460.00",-40.00,"2,455",
114/03/24,"649,536","1,596,217,935","2,465.00","2,510.00","2,425.00","2,430.00",-30.00,"4,339",
114/03/25,"374,829","927,112,760","2,465.00","2,485.00","2,455.00","2,485.00",+55.00,"1,785",
114/03/26,"523,368","1,310,384,670","2,485.00","2,525.00","2,480.00","2,495.00",+10.00,"2,226",
114/03/27,"681,212","1,677,948,660","2,475.00","2,475.00","2,450.00","2,470.00",-25.00,"2,317",
114/03/28,"497,005","1,201,439,175","2,455.00","2,485.00","2,390.00","2,395.00",-75.00,"5,206",
114/03/31,"634,349","1,497,163,090","2,280.00","2,405.00","2,280.00","2,355.00",-40.00,"3,626",
114/04/01,"641,166","1,571,821,975","2,425.00","2,480.00","2,405.00","2,470.00",+115.00,"3,047",
114/04/02,"428,098","1,048,399,350","2,460.00","2,480.00","2,430.00","2,450.00",-20.00,"1,935",
114/04/07,"179,231","421,484,355","2,205.00","2,205.00","2,205.00","2,205.00",-245.00,"3,583",
114/04/08,"1,911,358","3,827,498,680","2,000.00","2,055.00","1,985.00","1,985.00",-220.00,"13,453",
114/04/09,"3,109,990","5,758,665,705","1,910.00","1,935.00","1,790.00","1,800.00",-185.00,"14,354",
114/04/10,"517,707","1,025,059,860","1,980.00","1,980.00","1,980.00","1,980.00",+180.00,"1,102",
114/04/11,"1,429,293","2,845,383,915","1,940.00","2,040.00","1,890.00","2,035.00",+55.00,"5,288",
114/04/14,"1,707,375","3,673,738,530","2,095.00","2,180.00","2,095.00","2,140.00",+105.00,"5,682",
114/04/15,"853,998","1,835,052,595","2,145.00","2,170.00","2,115.00","2,160.00",+20.00,"2,971",
114/04/16,"1,034,241","2,246,647,360","2,160.00","2,200.00","2,135.00","2,170.00",+10.00,"2,978",
114/04/17,"572,758","1,237,126,340","2,155.00","2,180.00","2,135.00","2,165.00",-5.00,"1,916",
114/04/18,"477,981","1,026,325,850","2,180.00","2,180.00","2,120.00","2,155.00",-10.00,"2,698",
114/04/21,"369,949","781,724,760","2,145.00","2,145.00","2,095.00","2,115.00",-40.00,"2,094",
114/04/22,"630,062","1,326,873,675","2,100.00","2,145.00","2,075.00","2,095.00",-20.00,"2,442",
114/04/23,"684,945","1,481,504,445","2,155.00","2,180.00","2,135.00","2,180.00",+85.00,"2,076",
114/04/24,"517,791","1,116,438,025","2,175.00","2,185.00","2,130.00","2,140.00",-40.00,"1,950",
114/04/25,"910,733","2,022,908,350","2,180.00","2,250.00","2,180.00","2,225.00",+85.00,"3,214",
114/04/28,"514,122","1,136,608,080","2,245.00","2,250.00","2,190.00","2,210.00",-15.00,"2,443",
114/04/29,"276,147","610,864,035","2,230.00","2,230.00","2,190.00","2,220.00",+10.00,"1,306",
114/04/30,"615,357","1,388,838,290","2,215.00","2,290.00","2,215.00","2,260.00",+40.00,"2,134",
114/05/02,"876,791","1,944,366,245","2,270.00","2,285.00","2,195.00","2,210.00",-50.00,"6,915",
114/05/05,"1,111,136","2,358,284,850","2,200.00","2,215.00","2,080.00","2,135.00",-75.00,"5,302",
114/05/06,"678,695","1,427,369,010","2,070.00","2,120.00","2,070.00","2,110.00",-25.00,"3,781",
114/05/07,"567,432","1,196,358,555","2,110.00","2,140.00","2,090.00","2,100.00",-10.00,"1,947",
114/05/08,"458,359","980,797,370","2,135.00","2,160.00","2,130.00","2,135.00",+35.00,"1,399",
114/05/09,"465,124","1,008,253,510","2,170.00","2,180.00","2,145.00","2,170.00",+35.00,"1,918",
114/05/12,"341,086","750,427,415","2,200.00","2,210.00","2,180.00","2,205.00",+35.00,"1,891",
114/05/13,"1,293,582","2,945,773,940","2,330.00","2,355.00","2,215.00","2,220.00",+15.00,"4,176",
114/05/14,"637,986","1,449,836,750","2,255.00","2,285.00","2,255.00","2,280.00",+60.00,"2,616",
114/05/15,"486,304","1,106,775,005","2,295.00","2,300.00","2,255.00","2,275.00",-5.00,"1,770",
114/05/16,"546,083","1,249,588,780","2,285.00","2,305.00","2,270.00","2,275.00", 0.00,"2,046",
114/05/19,"362,255","808,614,970","2,275.00","2,275.00","2,205.00","2,210.00",-65.00,"3,066",
114/05/20,"371,857","828,556,860","2,225.00","2,250.00","2,215.00","2,220.00",+10.00,"1,507",
114/05/21,"432,060","972,304,550","2,230.00","2,275.00","2,220.00","2,265.00",+45.00,"1,584",
114/05/22,"433,510","977,739,665","2,255.00","2,270.00","2,240.00","2,245.00",-20.00,"1,413",
114/05/23,"778,236","1,785,272,775","2,265.00","2,325.00","2,260.00","2,305.00",+60.00,"3,257",
114/05/26,"524,168","1,194,102,775","2,285.00","2,295.00","2,255.00","2,275.00",-30.00,"1,855",
114/05/27,"472,312","1,066,235,110","2,275.00","2,295.00","2,240.00","2,240.00",-35.00,"2,157",
114/05/28,"535,668","1,222,289,590","2,270.00","2,300.00","2,270.00","2,270.00",+30.00,"1,425",
114/05/29,"1,107,791","2,579,488,310","2,315.00","2,380.00","2,310.00","2,315.00",+45.00,"3,089",
114/06/02,"536,764","1,224,911,160","2,300.00","2,320.00","2,265.00","2,270.00",-45.00,"2,038",
114/06/03,"505,590","1,146,141,025","2,285.00","2,300.00","2,250.00","2,250.00",-20.00,"1,643",
114/06/04,"541,886","1,250,906,135","2,275.00","2,325.00","2,275.00","2,320.00",+70.00,"2,061",
114/06/05,"405,555","939,665,305","2,310.00","2,330.00","2,295.00","2,320.00", 0.00,"1,554",
114/06/06,"301,423","697,213,740","2,300.00","2,330.00","2,295.00","2,315.00",-5.00,"1,393",
114/06/09,"383,117","897,070,055","2,320.00","2,365.00","2,320.00","2,335.00",+20.00,"1,774",
114/06/10,"426,863","995,581,035","2,340.00","2,355.00","2,315.00","2,330.00",-5.00,"1,660",
114/06/11,"313,534","734,570,690","2,330.00","2,365.00","2,320.00","2,365.00",+35.00,"1,717",
114/06/12,"355,350","839,959,100","2,360.00","2,380.00","2,355.00","2,355.00",-10.00,"1,355",
114/06/13,"443,895","1,043,695,305","2,340.00","2,385.00","2,325.00","2,330.00",-25.00,"1,902",
114/06/16,"235,219","551,621,770","2,330.00","2,360.00","2,325.00","2,360.00",+30.00,"1,154",
114/06/17,"729,275","1,741,246,785","2,360.00","2,410.00","2,350.00","2,380.00",+20.00,"2,137",
114/06/18,"592,281","1,403,522,905","2,380.00","2,405.00","2,340.00","2,380.00", 0.00,"2,145",
114/06/19,"209,657","495,714,360","2,380.00","2,390.00","2,355.00","2,355.00",-25.00,"1,155",
114/06/20,"388,886","915,970,490","2,365.00","2,380.00","2,345.00","2,345.00",-10.00,"1,402",
114/06/23,"506,374","1,165,557,325","2,335.00","2,335.00","2,290.00","2,305.00",-40.00,"2,419",
114/06/24,"457,732","1,081,598,160","2,330.00","2,380.00","2,330.00","2,375.00",+70.00,"1,464",
114/06/25,"505,384","1,200,634,920","2,380.00","2,415.00","2,350.00","2,365.00",-10.00,"2,050",
114/06/26,"620,810","1,454,019,475","2,380.00","2,385.00","2,315.00","2,330.00",-35.00,"3,763",
114/06/27,"528,084","1,236,430,020","2,340.00","2,360.00","2,315.00","2,360.00",+30.00,"1,521",
114/06/30,"385,771","916,900,975","2,365.00","2,390.00","2,365.00","2,380.00",+20.00,"1,305",
114/07/01,"525,510","1,251,522,265","2,395.00","2,415.00","2,340.00","2,345.00",-35.00,"2,732",
114/07/02,"182,451","428,490,410","2,340.00","2,365.00","2,340.00","2,345.00", 0.00,846,
114/07/03,"320,922","749,893,040","2,350.00","2,365.00","2,315.00","2,315.00",-30.00,"2,143",
114/07/04,"613,170","1,390,859,465","2,315.00","2,335.00","2,250.00","2,255.00",-60.00,"4,601",
114/07/07,"851,501","1,874,452,150","2,255.00","2,265.00","2,175.00","2,185.00",-70.00,"8,264",
114/07/08,"462,240","1,000,146,875","2,180.00","2,180.00","2,155.00","2,160.00",-25.00,"4,074",
114/07/09,"375,986","824,084,585","2,165.00","2,215.00","2,165.00","2,185.00",+25.00,"2,107",
114/07/10,"516,944","1,132,219,345","2,200.00","2,210.00","2,175.00","2,190.00",+5.00,"2,691",
114/07/11,"1,794,472","4,008,453,300","2,140.00","2,310.00","2,115.00","2,285.00",+95.00,"6,661",
114/07/14,"596,102","1,333,926,080","2,285.00","2,285.00","2,215.00","2,245.00",-40.00,"3,337",
114/07/15,"379,509","854,808,990","2,235.00","2,265.00","2,225.00","2,260.00",+15.00,"1,559",
114/07/16,"765,113","1,758,138,454","2,250.00","2,320.00","2,250.00","2,300.00",+40.00,"2,727",
114/07/17,"657,088","1,523,911,275","2,305.00","2,345.00","2,280.00","2,340.00",+40.00,"2,790",
114/07/18,"1,480,319","3,584,506,830","2,360.00","2,460.00","2,350.00","2,435.00",+95.00,"6,673",
114/07/21,"788,282","1,923,479,055","2,430.00","2,460.00","2,420.00","2,455.00",+20.00,"2,841",
114/07/22,"1,035,482","2,542,066,230","2,455.00","2,500.00","2,425.00","2,435.00",-20.00,"3,785",
114/07/23,"726,486","1,732,308,425","2,450.00","2,450.00","2,360.00","2,360.00",-75.00,"5,103",
114/07/24,"594,154","1,417,817,190","2,380.00","2,400.00","2,370.00","2,400.00",+40.00,"1,734",
114/07/25,"244,188","577,886,280","2,395.00","2,395.00","2,355.00","2,360.00",-40.00,"2,386",
114/07/28,"307,252","721,641,010","2,375.00","2,375.00","2,335.00","2,340.00",-20.00,"2,170",
114/07/29,"474,276","1,098,220,645","2,350.00","2,350.00","2,295.00","2,315.00",-25.00,"3,673",
114/07/30,"339,003","791,476,385","2,330.00","2,345.00","2,315.00","2,340.00",+25.00,"1,387",
114/07/31,"347,487","817,098,585","2,345.00","2,365.00","2,320.00","2,365.00",+25.00,"1,593",
114/08/01,"461,085","1,082,614,180","2,330.00","2,370.00","2,315.00","2,340.00",-25.00,"1,726",
114/08/04,"371,269","874,237,480","2,325.00","2,385.00","2,315.00","2,380.00",+40.00,"1,821",
114/08/05,"504,525","1,215,143,690","2,385.00","2,425.00","2,380.00","2,420.00",+40.00,"2,527",
114/08/06,"344,923","828,494,295","2,420.00","2,445.00","2,385.00","2,385.00",-35.00,"2,490",
114/08/07,"625,346","1,517,057,455","2,425.00","2,455.00","2,405.00","2,410.00",+25.00,"2,390",
114/08/08,"459,041","1,113,236,160","2,430.00","2,455.00","2,405.00","2,405.00",-5.00,"1,764",
114/08/11,"185,871","445,824,525","2,415.00","2,415.00","2,385.00","2,410.00",+5.00,"1,614",
114/08/12,"359,779","863,763,890","2,415.00","2,435.00","2,390.00","2,390.00",-20.00,"2,162",
114/08/13,"647,645","1,569,597,130","2,415.00","2,460.00","2,395.00","2,420.00",+30.00,"3,000",
114/08/14,"279,217","670,173,435","2,410.00","2,425.00","2,385.00","2,395.00",X0.00,"1,534",
114/08/15,"279,381","665,201,475","2,405.00","2,410.00","2,370.00","2,370.00",-25.00,"2,134",
114/08/18,"452,004","1,078,863,240","2,365.00","2,420.00","2,345.00","2,380.00",+10.00,"2,539",
114/08/19,"274,840","655,664,990","2,375.00","2,420.00","2,365.00","2,365.00",-15.00,"1,512",
114/08/20,"360,332","841,775,325","2,360.00","2,375.00","2,325.00","2,335.00",-30.00,"3,274",
114/08/21,"361,455","858,301,225","2,350.00","2,405.00","2,350.00","2,365.00",+30.00,"1,551",
114/08/22,"176,171","416,433,340","2,370.00","2,380.00","2,350.00","2,360.00",-5.00,"1,099",
114/08/25,"268,408","637,678,610","2,380.00","2,395.00","2,360.00","2,370.00",+10.00,"1,498",
114/08/26,"278,228","664,475,395","2,370.00","2,400.00","2,370.00","2,385.00",+15.00,"1,443",
114/08/27,"373,716","899,683,035","2,405.00","2,425.00","2,395.00","2,395.00",+10.00,"1,702",
114/08/28,"268,451","644,748,050","2,415.00","2,420.00","2,390.00","2,395.00", 0.00,"1,136",
114/08/29,"487,685","1,173,703,745","2,410.00","2,430.00","2,390.00","2,405.00",+10.00,"1,558",
114/09/01,"542,767","1,271,280,945","2,405.00","2,405.00","2,320.00","2,325.00",-80.00,"4,186",
114/09/02,"259,472","609,084,195","2,345.00","2,365.00","2,325.00","2,340.00",+15.00,"1,312",
114/09/03,"193,391","456,875,905","2,350.00","2,375.00","2,350.00","2,360.00",+20.00,964,
114/09/04,"600,689","1,449,729,460","2,400.00","2,435.00","2,390.00","2,395.00",+35.00,"2,822",
114/09/05,"273,936","658,868,845","2,420.00","2,420.00","2,395.00","2,405.00",+10.00,"1,319",
114/09/08,"463,047","1,121,742,520","2,430.00","2,460.00","2,395.00","2,400.00",-5.00,"1,683",
114/09/09,"375,723","894,852,775","2,405.00","2,405.00","2,370.00","2,380.00",-20.00,"2,173",
114/09/10,"694,878","1,643,126,625","2,385.00","2,400.00","2,350.00","2,360.00",-20.00,"3,462",
114/09/11,"693,896","1,630,900,560","2,380.00","2,400.00","2,320.00","2,320.00",-40.00,"4,893",
114/09/12,"623,509","1,446,489,945","2,345.00","2,365.00","2,300.00","2,300.00",-20.00,"5,650",
114/09/15,"439,985","1,027,650,385","2,325.00","2,355.00","2,320.00","2,325.00",+25.00,"2,189",
114/09/16,"671,908","1,551,354,065","2,335.00","2,335.00","2,295.00","2,300.00",-25.00,"3,602",
114/09/17,"640,123","1,488,571,990","2,320.00","2,360.00","2,300.00","2,300.00", 0.00,"2,484",
114/09/18,"533,114","1,236,820,830","2,310.00","2,335.00","2,300.00","2,315.00",+15.00,"2,101",
114/09/19,"493,235","1,151,379,625","2,340.00","2,350.00","2,315.00","2,340.00",+25.00,"1,444",
114/09/22,"791,465","1,878,844,400","2,365.00","2,390.00","2,355.00","2,360.00",+20.00,"2,626",
114/09/23,"530,641","1,251,861,680","2,390.00","2,390.00","2,340.00","2,360.00", 0.00,"2,049",
114/09/24,"487,549","1,139,222,405","2,370.00","2,370.00","2,325.00","2,335.00",-25.00,"2,625",
114/09/25,"365,470","858,342,370","2,335.00","2,355.00","2,325.00","2,350.00",+15.00,"1,275",
114/09/26,"615,136","1,423,686,840","2,365.00","2,365.00","2,290.00","2,320.00",-30.00,"4,150",
114/09/30,"465,101","1,094,291,325","2,355.00","2,375.00","2,340.00","2,350.00",+30.00,"1,467",
114/10/01,"257,973","608,772,835","2,350.00","2,375.00","2,350.00","2,355.00",+5.00,"1,165",
114/10/02,"532,213","1,267,122,585","2,370.00","2,400.00","2,360.00","2,360.00",+5.00,"2,028",
114/10/03,"291,005","692,865,885","2,370.00","2,395.00","2,370.00","2,385.00",+25.00,"1,612",
114/10/07,"1,632,295","4,041,640,225","2,400.00","2,530.00","2,390.00","2,515.00",+130.00,"9,905",
114/10/08,"815,432","2,020,269,625","2,515.00","2,515.00","2,445.00","2,485.00",-30.00,"5,649",
114/10/09,"439,006","1,087,928,220","2,500.00","2,500.00","2,460.00","2,470.00",-15.00,"2,323",
114/10/13,"2,501,864","5,732,835,740","2,305.00","2,325.00","2,240.00","2,320.00",-150.00,"11,863",
114/10/14,"1,592,992","3,625,463,985","2,335.00","2,335.00","2,240.00","2,240.00",-80.00,"14,214",
114/10/15,"826,128","1,829,655,985","2,250.00","2,250.00","2,195.00","2,220.00",-20.00,"6,885",
114/10/16,"604,241","1,357,849,205","2,230.00","2,270.00","2,220.00","2,245.00",+25.00,"2,937",
114/10/17,"760,165","1,688,818,635","2,235.00","2,260.00","2,200.00","2,210.00",-35.00,"6,114",
114/10/20,"465,895","1,031,635,585","2,205.00","2,225.00","2,205.00","2,210.00", 0.00,"2,574",
114/10/21,"534,327","1,205,497,455","2,240.00","2,280.00","2,240.00","2,255.00",+45.00,"2,450",
114/10/22,"590,543","1,351,252,030","2,265.00","2,310.00","2,240.00","2,310.00",+55.00,"3,344",
114/10/23,"405,358","922,382,715","2,300.00","2,310.00","2,260.00","2,270.00",-40.00,"2,785",
114/10/27,"557,774","1,261,774,665","2,270.00","2,285.00","2,245.00","2,250.00",-20.00,"2,759",
114/10/28,"442,029","985,352,730","2,245.00","2,245.00","2,220.00","2,220.00",-30.00,"4,245",
114/10/29,"285,753","636,692,245","2,245.00","2,245.00","2,220.00","2,220.00", 0.00,"2,100",
114/10/30,"555,096","1,228,343,055","2,230.00","2,250.00","2,195.00","2,210.00",-10.00,"5,101",
114/10/31,"474,673","1,058,073,025","2,230.00","2,255.00","2,215.00","2,215.00",+5.00,"1,919",
114/11/03,"459,089","1,034,634,025","2,235.00","2,280.00","2,230.00","2,245.00",+30.00,"2,050",
114/11/04,"336,108","747,675,540","2,260.00","2,260.00","2,205.00","2,215.00",-30.00,"2,921",
114/11/05,"507,568","1,109,204,805","2,205.00","2,215.00","2,150.00","2,200.00",-15.00,"4,079",
114/11/06,"427,261","937,958,255","2,190.00","2,220.00","2,180.00","2,210.00",+10.00,"3,499",
114/11/07,"495,756","1,098,315,145","2,190.00","2,230.00","2,190.00","2,205.00",-5.00,"1,757",
114/11/10,"421,009","944,074,965","2,245.00","2,255.00","2,210.00","2,245.00",+40.00,"1,870",
114/11/11,"332,951","742,278,935","2,250.00","2,255.00","2,215.00","2,215.00",-30.00,"1,834",
114/11/12,"268,531","600,667,265","2,235.00","2,245.00","2,230.00","2,235.00",+20.00,"1,158",
114/11/13,"245,112","549,647,515","2,245.00","2,260.00","2,230.00","2,235.00", 0.00,"1,372",
114/11/14,"349,507","775,131,760","2,210.00","2,245.00","2,200.00","2,200.00",-35.00,"2,576",
114/11/17,"700,741","1,515,718,235","2,210.00","2,210.00","2,130.00","2,130.00",-70.00,"8,689",
114/11/18,"658,531","1,376,372,350","2,130.00","2,130.00","2,070.00","2,070.00",-60.00,"7,131",
114/11/19,"430,717","891,898,530","2,050.00","2,085.00","2,050.00","2,075.00",+5.00,"2,516",
114/11/20,"392,790","837,289,685","2,100.00","2,150.00","2,100.00","2,145.00",+70.00,"1,915",
114/11/21,"457,025","962,284,930","2,110.00","2,130.00","2,090.00","2,100.00",-45.00,"2,747",
114/11/24,"542,729","1,158,953,525","2,115.00","2,140.00","2,110.00","2,140.00",+40.00,"1,446",
114/11/25,"248,272","536,604,810","2,160.00","2,175.00","2,145.00","2,165.00",+25.00,"1,323",
114/11/26,"327,437","722,704,465","2,165.00","2,225.00","2,165.00","2,215.00",+50.00,"1,912",
114/11/27,"151,018","333,349,325","2,225.00","2,225.00","2,190.00","2,205.00",-10.00,"1,415",
114/11/28,"302,777","667,414,810","2,205.00","2,215.00","2,190.00","2,205.00", 0.00,"1,423",
114/12/01,"284,322","624,821,765","2,205.00","2,230.00","2,175.00","2,180.00",-25.00,"2,179",
114/12/02,"220,697","479,789,550","2,180.00","2,190.00","2,165.00","2,175.00",-5.00,"1,497",
114/12/03,"467,254","1,010,293,940","2,185.00","2,195.00","2,145.00","2,160.00",-15.00,"2,686",
114/12/04,"252,865","546,632,820","2,170.00","2,180.00","2,145.00","2,160.00", 0.00,"1,473",
114/12/05,"517,983","1,112,078,610","2,165.00","2,180.00","2,130.00","2,140.00",-20.00,"3,270",
114/12/08,"753,115","1,585,615,765","2,140.00","2,140.00","2,090.00","2,100.00",-40.00,"5,845",
114/12/09,"619,893","1,288,821,795","2,100.00","2,105.00","2,065.00","2,070.00",-30.00,"5,756",
114/12/10,"505,320","1,052,545,895","2,065.00","2,085.00","2,050.00","2,085.00",+15.00,"2,920",
114/12/11,"485,287","1,002,551,095","2,085.00","2,085.00","2,050.00","2,080.00",-5.00,"4,520",
114/12/12,"350,229","726,849,020","2,095.00","2,095.00","2,060.00","2,060.00",-20.00,"2,527",
114/12/15,"328,107","675,961,130","2,040.00","2,080.00","2,035.00","2,050.00",-10.00,"2,038",
114/12/16,"488,531","991,650,515","2,045.00","2,050.00","2,020.00","2,025.00",-25.00,"4,915",
114/12/17,"387,829","791,734,660","2,025.00","2,065.00","2,025.00","2,040.00",+15.00,"2,169",
114/12/18,"287,807","584,030,770","2,055.00","2,055.00","2,020.00","2,030.00",-10.00,"2,342",
114/12/19,"307,883","632,248,745","2,035.00","2,060.00","2,035.00","2,060.00",+30.00,"1,365",
114/12/22,"1,442,051","3,223,713,995","2,265.00","2,265.00","2,190.00","2,240.00",+180.00,"7,275",
114/12/23,"584,197","1,306,979,570","2,220.00","2,250.00","2,200.00","2,245.00",+5.00,"3,170",
114/12/24,"1,426,759","3,282,174,460","2,275.00","2,345.00","2,250.00","2,250.00",+5.00,"5,660",
114/12/26,"2,122,196","4,970,906,575","2,265.00","2,400.00","2,260.00","2,385.00",+135.00,"10,143",
114/12/29,"3,576,934","9,074,452,770","2,445.00","2,620.00","2,420.00","2,500.00",+115.00,"15,419",
114/12/30,"1,703,110","4,241,279,915","2,480.00","2,515.00","2,470.00","2,470.00",-30.00,"4,851",
114/12/31,"1,325,124","3,278,252,515","2,490.00","2,520.00","2,440.00","2,495.00",+25.00,"4,838",
115/01/02,"1,425,258","3,639,917,355","2,540.00","2,590.00","2,495.00","2,585.00",+90.00,"7,001",
115/01/05,"2,364,731","6,137,376,105","2,645.00","2,660.00","2,510.00","2,535.00",-50.00,"8,598",
115/01/06,"1,633,122","4,177,727,490","2,515.00","2,600.00","2,495.00","2,575.00",+40.00,"6,843",
115/01/07,"1,508,994","3,915,234,705","2,590.00","2,630.00","2,545.00","2,550.00",-25.00,"8,340",
115/01/08,"1,181,318","2,969,958,555","2,540.00","2,570.00","2,475.00","2,475.00",-75.00,"10,028",
115/01/09,"2,450,796","6,017,029,645","2,370.00","2,560.00","2,360.00","2,530.00",+55.00,"9,676",
115/01/12,"1,163,495","2,899,796,810","2,530.00","2,530.00","2,450.00","2,490.00",-40.00,"5,673",
115/01/13,"1,369,385","3,374,596,615","2,510.00","2,515.00","2,430.00","2,430.00",-60.00,"7,116",
115/01/14,"660,430","1,605,320,540","2,435.00","2,450.00","2,420.00","2,425.00",-5.00,"3,432",
115/01/15,"648,007","1,565,525,740","2,430.00","2,455.00","2,400.00","2,405.00",-20.00,"4,113",
115/01/16,"908,959","2,210,181,850","2,405.00","2,460.00","2,405.00","2,430.00",+25.00,"3,338",
115/01/19,"898,608","2,201,351,890","2,405.00","2,485.00","2,400.00","2,450.00",+20.00,"3,427",
115/01/20,"685,625","1,680,774,850","2,450.00","2,480.00","2,420.00","2,430.00",-20.00,"2,932",
115/01/21,"1,115,935","2,750,079,690","2,440.00","2,495.00","2,435.00","2,440.00",+10.00,"4,359",
115/01/22,"932,430","2,276,420,690","2,460.00","2,465.00","2,430.00","2,435.00",-5.00,"3,953",
115/01/23,"463,542","1,135,274,560","2,455.00","2,465.00","2,435.00","2,460.00",+25.00,"2,491",
115/01/26,"679,874","1,670,450,645","2,460.00","2,475.00","2,440.00","2,450.00",-10.00,"3,355",
115/01/27,"758,207","1,852,626,590","2,465.00","2,480.00","2,425.00","2,435.00",-15.00,"3,862",
115/01/28,"638,906","1,562,877,825","2,455.00","2,470.00","2,430.00","2,440.00",+5.00,"3,027",
115/01/29,"881,881","2,132,314,425","2,435.00","2,460.00","2,400.00","2,425.00",-15.00,"5,014",
115/01/30,"1,016,031","2,433,838,655","2,415.00","2,415.00","2,370.00","2,410.00",-15.00,"5,882",
115/02/02,"830,637","1,972,070,585","2,395.00","2,415.00","2,345.00","2,355.00",-55.00,"5,920",
115/02/03,"606,210","1,422,391,000","2,355.00","2,375.00","2,320.00","2,350.00",-5.00,"4,762",
115/02/04,"347,714","822,713,355","2,375.00","2,375.00","2,340.00","2,365.00",+15.00,"1,869",
115/02/05,"448,187","1,047,017,190","2,390.00","2,390.00","2,300.00","2,300.00",-65.00,"4,913",
115/02/06,"626,092","1,441,522,110","2,320.00","2,340.00","2,255.00","2,330.00",+30.00,"3,329",
115/02/09,"517,987","1,190,768,905","2,365.00","2,365.00","2,280.00","2,290.00",-40.00,"5,529",
115/02/10,"358,382","828,358,955","2,290.00","2,325.00","2,290.00","2,325.00",+35.00,"1,927",
115/02/11,"485,282","1,119,483,835","2,330.00","2,335.00","2,290.00","2,290.00",-35.00,"3,426",
115/02/23,"1,227,829","2,882,160,045","2,325.00","2,400.00","2,290.00","2,370.00",+80.00,"4,286",
115/02/24,"979,619","2,361,465,205","2,375.00","2,430.00","2,360.00","2,430.00",+60.00,"4,717",
115/02/25,"1,463,061","3,540,490,410","2,440.00","2,475.00","2,395.00","2,415.00",-15.00,"5,879",
115/02/26,"1,650,676","4,120,878,410","2,430.00","2,535.00","2,410.00","2,520.00",+105.00,"8,561",
115/03/02,"993,109","2,438,934,110","2,460.00","2,485.00","2,440.00","2,455.00",-65.00,"6,219",
115/03/03,"957,608","2,340,891,370","2,455.00","2,495.00","2,425.00","2,450.00",-5.00,"4,973",
115/03/04,"1,549,743","3,616,123,550","2,405.00","2,405.00","2,295.00","2,305.00",-145.00,"10,138",
115/03/05,"865,123","2,037,301,630","2,365.00","2,395.00","2,320.00","2,360.00",+55.00,"3,539",
115/03/06,"628,356","1,475,304,295","2,325.00","2,380.00","2,325.00","2,380.00",+20.00,"3,675",
115/03/09,"1,313,870","3,000,283,785","2,280.00","2,330.00","2,235.00","2,285.00",-95.00,"8,237",
115/03/10,"918,803","2,126,397,390","2,330.00","2,380.00","2,280.00","2,300.00",+15.00,"4,131",
115/03/11,"932,955","2,217,232,310","2,350.00","2,400.00","2,345.00","2,390.00",+90.00,"3,881",
115/03/12,"971,591","2,288,995,205","2,360.00","2,400.00","2,330.00","2,355.00",-35.00,"4,386",
115/03/13,"793,314","1,850,534,185","2,315.00","2,360.00","2,305.00","2,345.00",-10.00,"3,352",
115/03/16,"458,199","1,063,096,650","2,360.00","2,370.00","2,305.00","2,305.00",-40.00,"4,030",
115/03/17,"793,168","1,877,636,720","2,325.00","2,400.00","2,305.00","2,400.00",+95.00,"3,712",
115/03/18,"1,068,852","2,591,284,260","2,415.00","2,440.00","2,400.00","2,440.00",+40.00,"4,416",
115/03/19,"870,561","2,046,736,750","2,365.00","2,390.00","2,320.00","2,320.00",X0.00,"4,758",
115/03/20,"841,670","1,985,450,455","2,340.00","2,390.00","2,335.00","2,355.00",+35.00,"2,555",
115/03/23,"1,267,005","2,856,812,105","2,305.00","2,305.00","2,220.00","2,235.00",-120.00,"10,575",
115/03/24,"512,999","1,155,009,425","2,255.00","2,275.00","2,240.00","2,240.00",+5.00,"2,492",
115/03/25,"752,266","1,682,610,150","2,285.00","2,295.00","2,210.00","2,220.00",-20.00,"5,353",
115/03/26,"453,728","1,010,131,370","2,250.00","2,250.00","2,210.00","2,210.00",-10.00,"2,737",
115/03/27,"568,541","1,247,830,015","2,215.00","2,225.00","2,170.00","2,220.00",+10.00,"5,215",
115/03/30,"503,415","1,098,000,130","2,160.00","2,205.00","2,155.00","2,180.00",-40.00,"3,588",
115/03/31,"851,383","1,858,214,050","2,180.00","2,250.00","2,150.00","2,155.00",-25.00,"4,147",
115/04/01,"375,366","825,837,860","2,215.00","2,225.00","2,185.00","2,190.00",+35.00,"2,407",
115/04/02,"466,551","1,006,978,430","2,215.00","2,215.00","2,135.00","2,140.00",-50.00,"5,076",
115/04/07,"515,868","1,128,575,625","2,180.00","2,230.00","2,165.00","2,170.00",+30.00,"2,300",
115/04/08,"928,475","2,080,294,795","2,220.00","2,280.00","2,200.00","2,280.00",+110.00,"4,154",
115/04/09,"715,701","1,619,205,550","2,290.00","2,295.00","2,240.00","2,280.00", 0.00,"2,782",
115/04/10,"379,160","874,923,800","2,285.00","2,325.00","2,285.00","2,310.00",+30.00,"2,687",
115/04/13,"1,374,811","3,304,638,625","2,310.00","2,485.00","2,300.00","2,430.00",+120.00,"8,344",
115/04/14,"3,642,434","9,656,892,400","2,540.00","2,670.00","2,540.00","2,670.00",+240.00,"16,787",
115/04/15,"4,245,180","12,030,766,595","2,875.00","2,930.00","2,750.00","2,820.00",+150.00,"18,354",
115/04/16,"2,889,528","8,095,618,080","2,835.00","2,870.00","2,750.00","2,820.00", 0.00,"12,685",
115/04/17,"4,296,691","11,177,532,665","2,690.00","2,690.00","2,550.00","2,605.00",-215.00,"22,778",
115/04/20,"2,683,268","7,255,183,790","2,630.00","2,780.00","2,630.00","2,710.00",+105.00,"14,442",
115/04/21,"1,769,994","4,735,544,020","2,750.00","2,755.00","2,640.00","2,645.00",-65.00,"15,300",
115/04/22,"1,717,679","4,484,763,525","2,675.00","2,680.00","2,580.00","2,585.00",-60.00,"14,925",
115/04/23,"2,266,901","5,671,394,345","2,610.00","2,615.00","2,440.00","2,485.00",-100.00,"21,447",
115/04/24,"1,609,322","4,058,871,435","2,530.00","2,565.00","2,470.00","2,520.00",+35.00,"10,304",
115/04/27,"2,676,748","7,052,198,835","2,575.00","2,700.00","2,555.00","2,615.00",+95.00,"16,762",
115/04/28,"1,455,699","3,813,158,295","2,650.00","2,685.00","2,575.00","2,580.00",-35.00,"12,506",
115/04/29,"1,553,127","4,023,294,685","2,590.00","2,650.00","2,550.00","2,595.00",+15.00,"8,208",
115/04/30,"1,185,538","3,011,183,145","2,580.00","2,580.00","2,515.00","2,515.00",-80.00,"16,455",
115/05/04,"1,338,198","3,414,104,305","2,540.00","2,580.00","2,515.00","2,575.00",+60.00,"7,096",
115/05/05,"781,570","1,987,870,525","2,575.00","2,585.00","2,520.00","2,545.00",-30.00,"9,303",
115/05/06,"1,403,899","3,531,414,525","2,550.00","2,550.00","2,490.00","2,520.00",-25.00,"13,262",
115/05/07,"1,194,265","3,052,817,005","2,535.00","2,575.00","2,535.00","2,575.00",+55.00,"7,453",
115/05/08,"1,447,944","3,720,567,470","2,585.00","2,620.00","2,530.00","2,570.00",-5.00,"10,966",
115/05/11,"865,599","2,205,185,180","2,600.00","2,600.00","2,525.00","2,545.00",-25.00,"7,787",
115/05/12,"3,209,668","8,683,689,830","2,600.00","2,795.00","2,580.00","2,795.00",+250.00,"19,526",
115/05/13,"4,369,632","12,314,742,715","2,870.00","2,870.00","2,735.00","2,850.00",+55.00,"21,562",
115/05/14,"4,216,926","13,048,451,505","2,930.00","3,135.00","2,895.00","3,135.00",+285.00,"20,758",
115/05/15,"3,089,450","10,514,695,250","3,290.00","3,445.00","3,290.00","3,445.00",+310.00,"15,906",
115/05/18,"4,461,026","14,511,849,285","3,400.00","3,400.00","3,125.00","3,290.00",-155.00,"26,736",
115/05/19,"5,982,140","20,763,147,410","3,445.00","3,615.00","3,325.00","3,365.00",+75.00,"26,940",
115/05/20,"1,168,759","3,871,920,095","3,330.00","3,410.00","3,200.00","3,200.00",-165.00,"11,988",
115/05/21,"1,745,376","6,000,464,050","3,285.00","3,520.00","3,280.00","3,460.00",+260.00,"11,934",
115/05/22,"1,289,200","4,544,587,100","3,450.00","3,595.00","3,450.00","3,540.00",+80.00,"10,255",
