日期,成交股數,成交金額,開盤價,最高價,最低價,收盤價,漲跌價差,成交筆數,註記
109/01/02,"3,161,290","277,053,060",87.70,87.90,87.50,87.70,+0.20,"1,953",
109/01/03,"3,974,444","350,200,845",88.00,88.70,87.50,88.60,+0.90,"2,501",
109/01/06,"4,392,111","390,287,421",88.80,89.50,88.50,88.50,-0.10,"2,523",
109/01/07,"5,356,849","469,982,811",88.80,88.90,87.30,87.40,-1.10,"2,916",
109/01/08,"5,187,170","450,370,790",87.30,87.40,86.60,86.60,-0.80,"3,450",
109/01/09,"2,376,641","206,970,778",87.00,87.80,86.60,87.20,+0.60,"1,526",
109/01/10,"3,401,870","295,774,917",87.10,87.50,86.60,87.10,-0.10,"2,005",
109/01/13,"3,248,865","284,041,513",87.30,87.70,87.20,87.50,+0.40,"2,174",
109/01/14,"3,782,226","331,367,729",87.50,87.90,87.40,87.90,+0.40,"2,111",
109/01/15,"4,101,126","358,016,361",87.80,87.80,87.00,87.30,-0.60,"2,057",
109/01/16,"1,863,845","162,357,022",87.10,87.30,87.00,87.20,-0.10,"1,233",
109/01/17,"3,089,793","271,473,284",87.50,88.00,87.50,88.00,+0.80,"1,811",
109/01/20,"3,587,294","317,455,929",88.10,88.90,88.10,88.20,+0.20,"2,327",
109/01/30,"13,974,469","1,192,992,732",86.50,86.50,84.70,84.70,-3.50,"7,691",
109/01/31,"6,492,377","552,323,113",84.70,85.90,84.70,84.90,+0.20,"3,526",
109/02/03,"6,467,054","540,449,248",83.70,84.50,82.10,83.80,-1.10,"3,628",
109/02/04,"5,325,485","445,991,761",83.50,84.30,83.00,83.50,-0.30,"3,125",
109/02/05,"7,235,889","597,585,887",83.20,83.20,82.10,82.50,-1.00,"4,675",
109/02/06,"7,903,463","663,550,640",83.00,85.10,82.50,84.30,+1.80,"3,845",
109/02/07,"3,157,929","264,123,036",83.50,84.10,82.50,84.00,-0.30,"2,256",
109/02/10,"2,840,265","237,671,365",83.50,84.00,83.10,83.90,-0.10,"1,751",
109/02/11,"2,094,487","175,885,236",83.90,84.20,83.50,83.90, 0.00,"1,264",
109/02/12,"2,803,484","237,367,240",83.90,85.00,83.90,84.90,+1.00,"1,909",
109/02/13,"3,266,716","278,454,711",84.90,85.60,84.90,85.40,+0.50,"1,547",
109/02/14,"2,105,289","179,554,170",85.30,85.50,85.10,85.20,-0.20,"1,201",
109/02/17,"2,097,947","178,107,095",85.10,85.10,84.70,84.70,-0.50,"1,206",
109/02/18,"3,501,980","295,682,477",84.40,84.90,84.20,84.70, 0.00,"1,735",
109/02/19,"3,098,342","264,608,595",85.00,85.80,84.80,85.40,+0.70,"1,897",
109/02/20,"3,863,877","327,846,743",85.50,85.60,84.30,84.40,-1.00,"2,204",
109/02/21,"2,326,481","196,875,377",84.30,85.60,84.30,84.40, 0.00,"1,449",
109/02/24,"6,259,948","522,478,020",84.00,84.10,83.10,83.10,-1.30,"3,665",
109/02/25,"6,259,794","517,148,502",82.80,82.90,82.40,82.60,-0.50,"3,907",
109/02/26,"10,874,852","885,974,464",82.00,82.10,81.20,81.20,-1.40,"6,262",
109/02/27,"6,508,558","531,069,420",81.20,82.20,81.00,82.20,+1.00,"2,805",
109/04/01,"7,105,286","474,242,721",67.40,67.70,66.20,66.20,-0.80,"4,019",
109/04/06,"7,492,215","507,855,017",68.40,69.00,67.00,68.00,+1.80,"4,021",
109/04/07,"9,088,300","631,559,100",69.60,69.90,69.10,69.90,+1.90,"5,044",
109/04/08,"7,504,213","528,864,267",69.90,71.00,69.40,70.90,+1.00,"4,104",
109/04/09,"6,120,201","433,457,171",71.00,71.60,70.20,70.60,-0.30,"3,460",
109/04/10,"5,620,005","398,455,746",70.50,71.40,70.30,71.00,+0.40,"3,105",
109/04/13,"4,101,839","288,311,033",70.50,70.60,70.00,70.00,-1.00,"2,714",
109/04/14,"7,363,657","524,676,355",70.50,71.60,70.10,71.40,+1.40,"3,612",
109/04/15,"7,049,866","505,656,778",71.50,72.20,71.40,72.00,+0.60,"4,388",
109/04/16,"7,817,552","553,901,815",71.00,71.20,70.50,70.80,-1.20,"4,061",
109/04/17,"7,377,945","528,040,555",71.40,72.40,70.80,71.10,+0.30,"4,234",
109/04/20,"6,056,145","426,322,109",71.00,71.10,70.10,70.30,-0.80,"3,219",
109/04/21,"9,550,668","660,244,463",69.90,70.00,68.50,68.90,-1.40,"6,069",
109/04/22,"7,001,216","477,874,536",68.40,68.90,67.70,68.30,-0.60,"4,931",
109/04/23,"8,206,717","565,372,800",68.40,70.20,68.30,68.70,+0.40,"4,480",
109/04/24,"5,601,988","383,188,855",68.70,69.10,68.20,68.30,-0.40,"3,290",
109/04/27,"8,679,187","609,312,339",69.70,70.90,69.40,70.20,+1.90,"4,704",
109/04/28,"4,982,731","350,451,766",70.70,70.80,70.10,70.40,+0.20,"2,183",
109/04/29,"9,029,030","645,709,060",70.60,72.00,70.60,71.80,+1.40,"5,015",
109/04/30,"15,201,627","1,140,789,681",72.60,76.60,72.60,75.90,+4.10,"8,607",
109/05/04,"12,367,336","900,169,639",71.90,73.50,71.90,72.90,-3.00,"6,828",
109/05/05,"5,953,629","435,236,723",73.40,73.90,72.50,72.80,-0.10,"3,435",
109/05/06,"6,581,626","479,412,498",73.10,73.40,72.20,72.60,-0.20,"3,362",
109/05/07,"5,924,361","431,433,511",72.50,73.30,72.40,72.80,+0.20,"3,076",
109/05/08,"6,301,179","464,293,746",73.70,73.90,73.30,73.70,+0.90,"3,327",
109/05/11,"7,704,787","578,482,057",75.00,75.90,74.50,74.70,+1.00,"4,406",
109/05/12,"7,441,739","547,164,486",74.10,74.20,73.30,73.40,-1.30,"4,349",
109/05/13,"4,342,288","318,172,645",73.20,73.90,72.80,73.90,+0.50,"2,628",
109/05/14,"5,895,066","428,732,775",73.40,73.40,72.50,72.60,-1.30,"3,687",
109/05/15,"4,802,953","348,252,763",73.10,73.30,72.00,72.30,-0.30,"2,877",
109/05/18,"5,125,519","370,173,092",71.50,72.80,71.50,72.10,-0.20,"3,014",
109/05/19,"7,811,135","572,758,406",73.50,74.00,72.80,73.20,+1.10,"3,879",
109/05/20,"5,369,645","393,389,958",73.50,73.60,72.90,73.20, 0.00,"2,581",
109/05/21,"4,594,577","337,852,213",73.20,73.80,73.20,73.70,+0.50,"2,320",
109/05/22,"7,423,717","539,325,999",73.20,73.40,72.20,72.20,-1.50,"4,008",
109/05/25,"7,189,283","513,450,941",72.30,72.40,70.80,71.90,-0.30,"4,304",
109/05/26,"5,753,369","419,953,055",72.20,73.50,71.90,72.70,+0.80,"2,874",
109/05/27,"3,169,823","230,569,079",72.90,73.30,72.40,72.60,-0.10,"1,907",
109/05/28,"5,010,710","362,416,285",72.90,73.20,71.70,72.00,-0.60,"2,428",
109/05/29,"11,795,161","848,814,004",71.90,72.50,71.50,72.00, 0.00,"2,601",
109/06/01,"5,101,508","372,364,513",73.00,73.50,72.50,72.50,+0.50,"2,870",
109/06/02,"3,364,268","245,679,317",73.00,73.30,72.50,73.20,+0.70,"1,879",
109/06/03,"11,120,773","826,642,475",73.90,75.00,73.70,74.90,+1.70,"5,959",
109/06/04,"7,069,874","529,511,309",75.50,75.70,74.40,75.10,+0.20,"3,694",
109/06/05,"7,201,286","541,744,082",75.20,75.60,74.70,75.60,+0.50,"3,510",
109/06/08,"11,313,524","863,462,448",76.10,76.80,75.70,76.80,+1.20,"6,444",
109/06/09,"7,712,017","592,039,687",76.80,77.00,76.00,77.00,+0.20,"4,528",
109/06/10,"7,800,572","600,868,692",77.00,77.30,76.40,77.10,+0.10,"3,803",
109/06/11,"10,633,956","806,998,641",76.80,77.00,74.90,75.30,-1.80,"6,082",
109/06/12,"8,577,773","633,160,671",73.10,74.50,73.00,74.20,-1.10,"4,588",
109/06/15,"8,179,693","603,075,017",74.00,74.40,73.20,73.20,-1.00,"4,672",
109/06/16,"6,931,623","512,479,338",73.50,74.40,73.50,73.90,+0.70,"3,223",
109/06/17,"6,227,931","460,354,262",73.80,74.70,73.50,73.90, 0.00,"3,779",
109/06/18,"5,933,613","437,695,473",74.00,74.10,73.50,73.80,-0.10,"2,747",
109/06/19,"14,625,138","1,072,628,424",73.60,73.80,73.10,73.10,-0.70,"4,904",
109/06/22,"10,492,023","779,193,690",74.00,75.00,73.50,74.10,+1.00,"4,665",
109/06/23,"11,191,463","838,008,246",74.50,75.40,74.10,75.00,+0.90,"5,178",
109/06/24,"11,953,692","902,264,763",75.30,75.80,75.10,75.50,+0.50,"4,417",
109/06/29,"15,600,819","1,169,879,644",75.10,75.30,74.10,75.00,-0.50,"4,884",
109/06/30,"14,456,021","1,092,184,044",75.50,75.70,75.30,75.70,+0.70,"4,561",
109/07/01,"12,682,996","914,224,775",71.50,73.00,71.50,72.50,X0.00,"4,394",
109/07/02,"3,865,354","282,175,357",72.70,73.40,72.60,72.80,+0.30,"2,161",
109/07/03,"3,377,711","247,821,199",73.70,73.80,73.00,73.40,+0.60,"1,893",
109/07/06,"5,800,867","426,042,004",73.70,73.80,73.20,73.30,-0.10,"2,557",
109/07/07,"6,796,426","494,817,098",73.40,73.60,72.50,72.70,-0.60,"3,224",
109/07/08,"5,986,400","433,427,310",72.60,72.90,72.20,72.30,-0.40,"2,716",
109/07/09,"5,106,855","368,310,983",72.30,72.50,72.00,72.00,-0.30,"2,393",
109/07/10,"8,239,781","586,282,550",71.80,71.90,70.80,71.00,-1.00,"3,868",
109/07/13,"4,864,844","346,347,143",71.20,71.60,71.00,71.00, 0.00,"2,319",
109/07/14,"4,150,123","294,829,832",71.00,71.20,70.90,71.00, 0.00,"2,138",
109/07/15,"5,313,264","377,986,349",71.30,71.50,70.80,71.40,+0.40,"2,672",
109/07/16,"4,075,088","292,148,630",71.90,71.90,71.40,71.60,+0.20,"2,151",
109/07/17,"4,290,394","306,557,911",72.40,72.40,71.00,71.00,-0.60,"2,142",
109/07/20,"3,359,405","237,688,955",71.00,71.10,70.50,71.00, 0.00,"1,834",
109/07/21,"4,217,897","301,602,314",71.60,71.70,71.20,71.40,+0.40,"1,891",
109/07/22,"3,754,937","268,460,580",71.60,71.90,71.30,71.40, 0.00,"1,618",
109/07/23,"4,145,587","293,316,584",71.10,71.20,70.50,70.60,-0.80,"2,191",
109/07/24,"6,805,554","476,535,272",70.30,70.70,69.70,69.80,-0.80,"3,692",
109/07/27,"9,191,873","632,534,029",69.70,69.80,68.40,68.40,-1.40,"4,471",
109/07/28,"9,945,789","671,094,152",67.50,67.70,67.30,67.50,-0.90,"5,651",
109/07/29,"7,250,764","489,818,369",67.10,68.50,67.10,67.30,-0.20,"4,725",
109/07/30,"5,084,131","343,605,993",68.00,68.10,67.30,67.80,+0.50,"2,503",
109/07/31,"5,349,677","361,486,836",67.60,68.00,67.40,67.40,-0.40,"2,531",
109/08/03,"8,334,780","556,197,887",67.40,67.50,66.50,66.60,-0.80,"4,483",
109/08/04,"3,728,844","249,016,445",66.70,67.00,66.60,67.00,+0.40,"2,155",
109/08/05,"4,204,442","285,155,751",67.00,68.40,67.00,68.20,+1.20,"2,606",
109/08/06,"5,741,738","395,025,936",68.70,69.40,68.20,68.60,+0.40,"3,390",
109/08/07,"5,155,103","356,530,919",68.60,69.40,68.60,69.10,+0.50,"2,349",
109/08/10,"4,728,467","330,661,957",69.70,70.80,69.10,70.70,+1.60,"2,517",
109/08/11,"6,268,465","446,496,234",71.10,71.70,70.90,71.00,+0.30,"3,131",
109/08/12,"4,480,466","316,344,513",71.10,71.40,69.90,70.70,-0.30,"2,213",
109/08/13,"4,165,921","296,270,230",71.30,71.40,70.70,71.40,+0.70,"1,761",
109/08/14,"2,913,672","207,455,294",70.80,71.50,70.60,71.50,+0.10,"1,462",
109/08/17,"5,371,021","386,394,283",71.50,72.30,71.50,72.30,+0.80,"2,363",
109/08/18,"3,778,499","272,071,015",72.30,72.50,71.80,72.00,-0.30,"1,627",
109/08/19,"3,292,344","235,844,207",72.00,72.30,71.20,71.20,-0.80,"2,009",
109/08/20,"6,529,767","455,405,590",70.90,71.00,69.00,69.30,-1.90,"3,474",
109/08/21,"4,201,597","293,978,682",70.40,70.50,69.60,70.00,+0.70,"2,353",
109/08/24,"3,044,053","212,232,676",70.10,70.20,69.50,69.50,-0.50,"1,490",
109/08/25,"3,954,340","276,548,200",69.50,70.60,69.50,69.80,+0.30,"2,261",
109/08/26,"3,430,869","239,955,470",70.10,70.20,69.70,70.20,+0.40,"2,186",
109/08/27,"3,052,593","212,291,730",70.00,70.30,69.30,69.50,-0.70,"1,967",
109/08/28,"3,199,429","222,289,130",69.20,70.00,69.10,69.90,+0.40,"2,000",
109/08/31,"11,861,387","811,434,837",70.30,70.30,67.80,67.80,-2.10,"5,266",
109/09/01,"7,236,586","489,791,698",67.90,68.30,67.10,68.00,+0.20,"3,188",
109/09/02,"4,278,629","289,211,672",68.00,68.30,67.20,67.60,-0.40,"2,449",
109/09/03,"4,556,140","310,507,699",67.70,68.80,67.50,68.20,+0.60,"1,873",
109/09/04,"4,001,595","271,453,460",68.00,68.40,67.60,67.70,-0.50,"2,231",
109/09/07,"6,594,518","453,288,975",67.70,69.10,67.70,69.00,+1.30,"2,887",
109/09/08,"10,772,773","757,737,012",69.90,71.00,69.50,70.60,+1.60,"5,861",
109/09/09,"4,317,983","300,630,810",69.90,70.10,69.30,69.80,-0.80,"2,574",
109/09/10,"3,875,049","268,817,899",69.80,70.00,69.10,69.20,-0.60,"2,028",
109/09/11,"5,448,558","373,591,402",69.10,69.30,68.20,68.80,-0.40,"2,795",
109/09/14,"8,181,731","557,441,425",68.80,68.80,67.90,68.30,-0.50,"3,592",
109/09/15,"5,353,929","363,810,723",68.20,68.30,67.80,68.00,-0.30,"2,471",
109/09/16,"4,113,705","280,345,907",68.00,68.40,67.80,68.30,+0.30,"1,805",
109/09/17,"3,654,828","248,779,926",68.10,68.40,67.80,68.20,-0.10,"2,083",
109/09/18,"22,688,968","1,585,840,937",68.20,70.70,68.20,69.70,+1.50,"7,592",
109/09/21,"7,721,882","542,228,883",70.00,70.60,69.90,70.20,+0.50,"3,341",
109/09/22,"7,349,279","504,864,642",69.80,69.80,68.20,68.30,-1.90,"4,005",
109/09/23,"4,351,923","296,287,126",68.30,68.60,67.90,68.00,-0.30,"2,500",
109/09/24,"11,125,294","745,857,637",67.70,67.70,66.80,66.80,-1.20,"5,618",
109/09/25,"4,291,941","288,020,284",66.90,67.50,66.80,67.50,+0.70,"2,023",
109/09/28,"3,976,995","269,163,897",67.80,68.30,67.40,67.50, 0.00,"2,385",
109/09/29,"3,841,100","260,423,100",67.90,68.20,67.50,67.80,+0.30,"1,276",
109/09/30,"3,633,956","247,186,008",67.90,68.50,67.70,67.70,-0.10,"1,302",
109/10/05,"2,586,385","177,326,178",68.90,68.90,68.00,68.50,+0.80,"1,388",
109/10/06,"3,434,979","237,550,006",68.80,69.50,68.80,69.40,+0.90,"1,836",
109/10/07,"2,332,251","160,626,019",69.10,69.10,68.30,68.80,-0.60,"1,097",
109/10/08,"2,661,375","183,746,966",69.00,69.30,68.80,69.20,+0.40,"1,337",
109/10/12,"6,961,669","485,976,230",69.90,70.20,69.40,70.00,+0.80,"3,351",
109/10/13,"4,442,912","306,543,157",69.80,69.80,66.60,69.30,-0.70,"1,864",
109/10/14,"5,154,871","356,125,099",69.50,69.90,68.80,68.80,-0.50,"1,409",
109/10/15,"4,917,693","340,125,553",68.70,69.70,68.70,69.40,+0.60,"1,789",
109/10/16,"3,791,834","263,226,200",69.90,69.90,69.00,69.00,-0.40,"1,706",
109/10/19,"3,232,146","223,444,474",69.10,69.40,69.00,69.00, 0.00,"1,637",
109/10/20,"4,368,627","301,533,709",69.00,69.40,68.80,69.00, 0.00,"1,797",
109/10/21,"4,070,359","280,603,671",69.10,69.50,68.70,68.70,-0.30,"2,666",
109/10/22,"7,116,724","491,434,460",68.50,69.30,68.50,69.30,+0.60,"2,364",
109/10/23,"2,573,859","178,139,003",68.90,69.60,68.90,69.30, 0.00,907,
109/10/26,"7,022,615","493,155,973",69.30,70.60,69.30,70.30,+1.00,"2,911",
109/10/27,"5,634,981","396,352,721",69.50,70.60,69.50,70.30, 0.00,"2,606",
109/10/28,"3,138,040","219,863,352",70.40,70.40,69.40,70.00,-0.30,"1,837",
109/10/29,"3,939,352","271,946,659",68.90,69.60,68.70,68.70,-1.30,"2,277",
109/10/30,"5,375,436","369,130,222",68.60,69.00,68.20,68.80,+0.10,"1,796",
109/11/02,"2,231,272","154,846,785",68.80,69.80,68.80,69.80,+1.00,"1,135",
109/11/03,"5,274,129","371,318,233",70.40,70.70,70.10,70.40,+0.60,"2,587",
109/11/04,"6,682,353","474,834,546",70.90,71.40,70.60,71.00,+0.60,"3,580",
109/11/05,"4,304,198","306,094,848",71.50,71.60,70.80,71.30,+0.30,"2,082",
109/11/06,"3,256,329","231,676,515",71.30,71.30,71.00,71.20,-0.10,"1,339",
109/11/09,"6,210,610","446,798,148",71.60,72.50,71.30,71.90,+0.70,"3,245",
109/11/10,"18,374,778","1,356,955,844",72.60,74.20,72.60,74.20,+2.30,"9,118",
109/11/11,"23,845,267","1,827,390,796",74.70,78.00,74.70,78.00,+3.80,"12,013",
109/11/12,"12,730,148","977,933,973",78.00,78.00,76.10,76.90,-1.10,"5,585",
109/11/13,"6,997,726","536,654,936",76.60,77.00,76.20,76.90, 0.00,"3,344",
109/11/16,"14,745,871","1,148,669,444",77.20,78.90,77.00,77.80,+0.90,"8,281",
109/11/17,"9,729,449","757,011,888",78.10,78.50,77.30,78.00,+0.20,"4,371",
109/11/18,"17,845,749","1,415,864,462",78.00,80.00,77.80,79.40,+1.40,"9,309",
109/11/19,"8,792,186","700,422,895",79.00,80.00,78.70,79.80,+0.40,"4,501",
109/11/20,"7,484,999","596,645,635",79.80,79.80,79.30,79.80, 0.00,"3,140",
109/11/23,"8,346,771","669,093,439",80.00,81.00,79.70,80.00,+0.20,"4,015",
109/11/24,"7,445,138","589,888,292",79.90,80.20,78.60,78.90,-1.10,"4,235",
109/11/25,"5,564,042","442,691,623",79.20,80.00,79.10,79.30,+0.40,"3,058",
109/11/26,"5,906,408","468,712,380",79.30,79.80,78.80,79.70,+0.40,"3,714",
109/11/27,"7,646,406","604,818,038",79.40,79.40,78.80,79.00,-0.70,"3,458",
109/11/30,"19,797,675","1,537,647,612",79.00,79.70,77.00,77.00,-2.00,"5,075",
109/12/01,"6,649,935","521,984,297",77.50,78.90,77.50,78.90,+1.90,"2,996",
109/12/02,"7,481,917","589,294,075",78.10,79.20,77.60,78.90, 0.00,"2,788",
109/12/03,"6,717,765","534,200,747",78.50,79.90,78.20,79.60,+0.70,"3,415",
109/12/04,"8,900,668","712,915,364",80.00,80.40,79.80,80.10,+0.50,"3,932",
109/12/07,"6,417,024","510,214,852",80.10,80.40,79.10,79.70,-0.40,"3,038",
109/12/08,"5,316,235","420,300,369",79.20,79.60,78.60,79.00,-0.70,"2,362",
109/12/09,"5,579,236","440,243,015",78.70,79.50,78.20,79.30,+0.30,"2,844",
109/12/10,"5,621,984","445,181,945",79.00,79.60,78.60,79.30, 0.00,"2,099",
109/12/11,"4,485,346","355,175,566",79.60,80.00,78.80,79.00,-0.30,"2,146",
109/12/14,"4,453,819","351,774,084",78.80,79.60,78.60,78.60,-0.40,"2,028",
109/12/15,"4,435,550","347,879,313",78.50,79.10,77.80,78.30,-0.30,"2,282",
109/12/16,"5,445,492","432,273,756",78.40,79.90,78.40,79.80,+1.50,"3,246",
109/12/17,"4,716,849","372,813,612",79.80,79.80,78.70,79.30,-0.50,"3,008",
109/12/18,"8,056,221","634,034,428",78.80,79.30,78.30,78.30,-1.00,"3,043",
109/12/21,"11,500,219","921,732,940",78.60,81.00,78.60,81.00,+2.70,"6,287",
109/12/22,"8,235,318","664,315,666",80.50,81.80,79.10,79.70,-1.30,"5,205",
109/12/23,"3,790,077","299,882,795",79.40,79.50,78.90,79.10,-0.60,"2,023",
109/12/24,"2,912,952","230,885,635",79.20,79.70,78.90,79.10, 0.00,"1,518",
109/12/25,"3,008,961","238,626,107",79.30,79.60,79.00,79.60,+0.50,"1,698",
109/12/28,"5,706,070","457,713,819",79.50,80.90,79.30,80.80,+1.20,"3,114",
109/12/29,"7,800,542","633,841,231",81.00,81.70,80.70,81.40,+0.60,"4,369",
109/12/30,"17,243,881","1,441,553,433",81.50,84.80,81.50,84.50,+3.10,"9,575",
109/12/31,"11,790,491","999,390,010",84.80,85.40,83.70,84.70,+0.20,"5,700",
110/01/04,"8,153,930","690,979,370",83.90,85.20,83.90,84.60,-0.10,"4,382",
110/01/05,"6,925,823","579,524,185",84.10,84.60,83.00,83.30,-1.30,"4,277",
110/01/06,"7,956,173","663,951,611",83.50,84.40,82.70,83.30, 0.00,"4,498",
110/01/07,"11,152,783","948,572,500",83.90,86.00,83.50,85.80,+2.50,"6,252",
110/01/08,"10,068,574","865,843,409",85.90,86.60,84.80,86.30,+0.50,"5,167",
110/01/11,"6,169,293","529,918,036",86.10,86.60,85.10,86.30, 0.00,"3,081",
110/01/12,"6,809,851","583,843,176",86.60,86.80,85.00,85.50,-0.80,"3,697",
110/01/13,"6,371,662","548,004,372",86.40,86.50,85.60,85.90,+0.40,"2,810",
110/01/14,"5,085,114","435,245,163",85.80,86.00,85.00,85.40,-0.50,"3,160",
110/01/15,"6,882,135","582,195,800",85.10,85.70,83.90,83.90,-1.50,"3,987",
110/01/18,"6,327,336","521,248,136",83.40,83.60,81.50,82.10,-1.80,"3,526",
110/01/19,"4,862,113","402,713,703",81.50,83.30,81.50,83.10,+1.00,"2,459",
110/01/20,"12,326,274","1,005,325,973",82.50,82.80,80.30,81.00,-2.10,"6,986",
110/01/21,"6,418,074","522,616,233",81.20,82.50,80.70,80.90,-0.10,"3,255",
110/01/22,"5,987,019","484,723,558",81.70,81.70,80.50,80.70,-0.20,"2,954",
110/01/25,"4,479,925","366,228,802",80.50,82.40,80.20,82.10,+1.40,"2,189",
110/01/26,"6,438,222","521,095,976",81.50,81.90,80.50,80.50,-1.60,"3,257",
110/01/27,"4,714,468","379,115,012",80.90,81.50,80.10,80.10,-0.40,"2,130",
110/01/28,"6,425,403","510,144,403",79.50,80.10,79.00,79.50,-0.60,"3,326",
110/01/29,"8,984,008","703,345,336",78.50,79.50,77.40,77.40,-2.10,"4,381",
110/02/01,"3,030,263","236,712,142",77.40,78.90,77.30,78.10,+0.70,"1,822",
110/02/02,"3,922,653","310,817,884",78.10,79.80,77.70,79.40,+1.30,"2,309",
110/02/03,"5,430,579","437,443,786",80.10,81.10,79.30,80.90,+1.50,"2,276",
110/02/04,"3,350,711","269,430,798",80.00,80.70,80.00,80.50,-0.40,"2,030",
110/02/05,"4,388,044","351,951,489",80.50,81.10,79.60,79.90,-0.60,"2,167",
110/02/17,"10,815,164","893,983,195",81.50,83.90,80.40,83.50,+3.60,"6,088",
110/02/18,"5,561,707","464,341,083",83.50,84.30,83.00,83.30,-0.20,"2,991",
110/02/19,"4,713,293","389,755,494",83.10,83.30,82.00,83.00,-0.30,"2,177",
110/02/22,"4,656,088","389,623,655",83.70,84.40,83.30,83.30,+0.30,"2,684",
110/02/23,"11,756,678","999,157,368",83.30,85.90,83.10,85.40,+2.10,"6,263",
110/02/24,"11,402,807","980,823,398",86.20,86.90,85.60,85.90,+0.50,"4,950",
110/02/25,"18,565,408","1,627,395,451",86.40,89.00,86.40,88.60,+2.70,"9,099",
110/02/26,"20,079,910","1,737,681,676",87.30,87.50,85.50,86.00,-2.60,"7,032",
110/03/02,"7,323,026","637,459,314",87.50,88.00,86.30,86.30,+0.30,"3,096",
110/03/03,"10,912,019","958,396,167",86.80,88.50,86.60,87.90,+1.60,"4,859",
110/03/04,"13,269,207","1,169,457,182",87.80,88.80,87.00,88.30,+0.40,"7,390",
110/03/05,"8,701,219","764,441,889",88.00,88.50,87.30,87.40,-0.90,"3,897",
110/03/08,"13,543,117","1,204,302,119",88.20,90.80,87.80,88.00,+0.60,"6,714",
110/03/09,"6,081,900","537,807,655",88.50,88.80,87.70,88.50,+0.50,"2,673",
110/03/10,"4,696,867","416,250,151",88.50,89.40,88.10,88.80,+0.30,"2,289",
110/03/11,"10,523,359","944,842,430",89.00,90.70,88.90,89.00,+0.20,"4,833",
110/03/12,"4,067,111","361,567,751",89.50,89.60,88.10,89.50,+0.50,"2,187",
110/03/15,"5,871,417","519,111,659",88.60,89.50,88.10,88.10,-1.40,"2,760",
110/03/16,"6,780,634","592,977,082",88.00,88.00,87.00,87.90,-0.20,"3,739",
110/03/17,"7,018,807","612,642,621",87.50,87.90,86.80,86.90,-1.00,"3,431",
110/03/18,"8,233,280","721,193,652",87.00,88.30,87.00,87.00,+0.10,"4,707",
110/03/19,"17,521,384","1,482,595,974",86.30,86.50,84.00,84.20,-2.80,"8,737",
110/03/22,"4,699,702","402,210,958",84.00,86.40,83.70,86.20,+2.00,"3,094",
110/03/23,"4,683,688","405,645,138",86.20,87.20,85.70,86.10,-0.10,"3,391",
110/03/24,"3,804,107","325,883,440",85.90,86.90,85.10,85.10,-1.00,"2,337",
110/03/25,"4,223,432","361,994,550",85.20,86.30,85.10,85.90,+0.80,"2,344",
110/03/26,"4,645,655","403,407,966",86.30,87.50,86.10,87.20,+1.30,"2,828",
110/03/29,"3,854,338","337,988,889",87.50,87.90,87.20,87.90,+0.70,"2,062",
110/03/30,"4,299,375","377,004,312",88.00,88.00,87.30,87.70,-0.20,"2,784",
110/03/31,"3,773,965","330,215,231",87.80,87.80,87.20,87.60,-0.10,"1,703",
110/04/01,"3,939,159","343,372,496",87.50,87.70,86.80,87.00,-0.60,"2,045",
110/04/06,"4,009,944","351,932,927",87.60,88.00,87.40,87.80,+0.80,"2,095",
110/04/07,"4,737,062","413,298,256",87.50,87.80,87.00,87.50,-0.30,"3,083",
110/04/08,"4,182,262","364,417,371",87.00,87.40,86.90,87.30,-0.20,"2,149",
110/04/09,"7,636,511","674,696,145",87.30,88.90,87.30,88.50,+1.20,"3,967",
110/04/12,"10,170,583","905,858,722",89.40,90.60,88.20,88.60,+0.10,"5,235",
110/04/13,"7,298,352","648,243,180",88.90,89.70,88.10,88.40,-0.20,"3,863",
110/04/14,"7,472,836","658,925,509",88.40,88.60,87.60,88.30,-0.10,"3,477",
110/04/15,"11,865,927","1,066,767,595",88.90,90.40,88.90,90.10,+1.80,"6,237",
110/04/16,"10,753,543","981,879,018",90.10,92.20,89.80,92.00,+1.90,"6,401",
110/04/19,"18,654,960","1,760,586,310",92.00,95.50,92.00,95.20,+3.20,"9,236",
110/04/20,"10,264,648","971,918,341",95.00,95.40,94.00,94.80,-0.40,"6,825",
110/04/21,"8,284,804","772,847,827",93.30,94.80,92.90,93.00,-1.80,"4,770",
110/04/22,"10,576,969","992,785,081",93.30,95.00,92.80,93.20,+0.20,"5,990",
110/04/23,"6,049,689","559,350,278",93.20,93.30,91.80,92.80,-0.40,"3,841",
110/04/26,"4,018,472","372,019,679",92.50,93.00,92.10,93.00,+0.20,"2,348",
110/04/27,"8,060,374","748,546,396",92.30,93.50,92.10,93.00, 0.00,"4,257",
110/04/28,"5,676,592","521,816,998",92.80,93.00,91.20,91.90,-1.10,"3,132",
110/04/29,"5,358,308","490,240,811",91.20,92.30,90.70,90.90,-1.00,"2,936",
110/05/03,"6,420,099","584,117,017",90.00,92.10,90.00,90.30,-0.60,"3,442",
110/05/04,"11,201,699","1,016,564,570",91.50,92.10,89.30,89.60,-0.70,"5,301",
110/05/05,"6,790,587","621,373,614",90.00,92.50,89.80,91.10,+1.50,"3,457",
110/05/06,"9,919,254","913,840,575",91.10,94.00,91.00,94.00,+2.90,"4,897",
110/05/07,"13,185,707","1,197,492,776",93.10,93.40,89.30,90.70,-3.30,"8,054",
110/05/10,"6,839,164","626,335,001",90.60,92.20,90.50,91.60,+0.90,"4,163",
110/05/11,"8,009,669","721,940,740",91.50,92.00,88.70,89.10,-2.50,"4,748",
110/05/12,"14,138,384","1,203,373,712",89.00,89.90,80.70,83.60,-5.50,"8,181",
110/05/13,"11,018,861","911,340,521",82.90,84.30,80.80,81.50,-2.10,"6,017",
110/05/14,"6,441,066","533,620,841",82.10,84.30,81.60,82.90,+1.40,"3,531",
110/05/17,"9,713,831","785,864,756",81.00,81.90,79.70,80.90,-2.00,"4,024",
110/05/18,"4,872,286","403,910,219",80.80,83.70,80.70,83.60,+2.70,"2,304",
110/05/19,"4,977,908","418,472,299",83.10,84.70,82.50,83.70,+0.10,"2,837",
110/05/20,"5,816,513","487,838,360",83.70,84.50,83.00,84.20,+0.50,"2,985",
110/05/21,"6,598,418","557,514,102",85.00,86.40,83.50,84.20, 0.00,"3,546",
110/05/24,"3,604,052","301,859,900",83.50,84.40,83.10,83.70,-0.50,"1,627",
110/05/25,"7,619,127","652,235,628",83.70,86.80,83.70,85.40,+1.70,"4,417",
110/05/26,"4,821,775","408,196,538",86.20,86.20,84.00,84.50,-0.90,"3,289",
110/05/27,"10,869,625","917,005,848",84.10,84.70,83.50,84.70,+0.20,"2,966",
110/05/28,"6,810,886","579,805,893",85.30,85.70,84.60,85.40,+0.70,"3,435",
110/05/31,"4,956,363","425,199,779",85.80,86.40,84.90,85.60,+0.20,"3,085",
110/07/01,"6,844,101","582,909,866",84.20,85.90,84.10,85.00,+0.30,"3,778",
110/07/02,"10,673,880","922,116,209",85.80,87.40,85.10,85.10,+0.10,"5,238",
110/07/05,"6,103,748","526,090,415",86.30,86.80,85.60,86.50,+1.40,"3,001",
110/07/06,"4,976,201","431,910,964",87.20,87.30,86.40,86.80,+0.30,"2,474",
110/07/07,"4,256,429","365,803,337",86.80,86.90,85.60,85.80,-1.00,"2,226",
110/07/08,"3,632,062","311,373,233",86.00,86.70,85.40,85.60,-0.20,"1,869",
110/07/09,"6,893,059","583,024,958",84.60,85.50,84.20,85.10,-0.50,"3,634",
110/07/12,"4,270,853","363,930,649",85.90,85.90,84.60,85.00,-0.10,"2,209",
110/07/13,"3,498,346","298,090,514",85.70,85.70,84.90,85.40,+0.40,"1,629",
110/07/14,"3,642,093","312,014,468",85.70,85.90,85.20,85.90,+0.50,"1,965",
110/07/15,"4,395,410","375,096,678",85.50,85.70,85.20,85.30,-0.60,"2,335",
110/07/16,"2,473,306","211,438,488",85.30,85.80,85.20,85.70,+0.40,"1,264",
110/07/19,"4,637,605","392,730,488",84.90,85.20,84.30,85.00,-0.70,"2,138",
110/07/20,"6,422,060","536,624,011",84.10,84.40,83.20,83.30,-1.70,"4,373",
110/07/21,"4,750,638","394,073,046",83.40,83.60,82.60,82.90,-0.40,"3,299",
110/07/22,"3,632,227","305,078,616",83.20,84.30,83.20,84.20,+1.30,"1,888",
110/07/23,"3,095,720","261,842,023",84.40,85.00,84.20,84.20, 0.00,"1,562",
110/07/26,"6,860,303","573,399,594",84.40,84.50,83.20,83.20,-1.00,"3,289",
110/07/27,"6,911,569","558,767,310",80.70,81.50,80.60,80.60,X0.00,"4,439",
110/07/28,"8,119,950","653,655,272",80.60,81.40,79.70,81.20,+0.60,"4,342",
110/07/29,"2,974,511","243,053,489",81.20,82.10,81.20,81.90,+0.70,"1,482",
110/07/30,"3,905,040","321,894,777",82.00,82.90,81.80,82.20,+0.30,"2,054",
110/08/02,"3,955,949","328,986,293",82.90,83.50,82.50,83.30,+1.10,"2,037",
110/08/03,"2,706,930","224,295,314",82.80,83.30,82.40,83.10,-0.20,"1,279",
110/08/04,"3,017,862","250,949,186",83.00,83.70,82.70,83.10, 0.00,"1,653",
110/08/05,"2,645,481","219,778,402",83.10,83.40,82.90,83.10, 0.00,"1,304",
110/08/06,"7,188,413","599,247,777",83.00,84.00,82.20,83.70,+0.60,"4,078",
110/08/09,"4,714,084","390,222,790",82.70,83.60,81.70,83.00,-0.70,"2,269",
110/08/10,"2,173,502","178,801,169",83.00,83.00,81.90,82.00,-1.00,"1,150",
110/08/11,"2,718,951","224,086,560",82.00,82.70,82.00,82.70,+0.70,"1,314",
110/08/12,"1,338,628","110,560,047",83.00,83.00,82.20,82.70, 0.00,822,
110/08/13,"2,494,914","203,699,791",82.20,82.30,81.20,81.70,-1.00,"1,322",
110/08/16,"2,848,038","232,182,810",81.00,82.20,81.00,81.30,-0.40,"1,353",
110/08/17,"3,439,023","280,531,885",81.50,82.00,81.40,81.50,+0.20,"1,673",
110/08/18,"3,208,051","260,787,027",81.40,81.80,80.80,81.70,+0.20,"1,578",
110/08/19,"5,913,161","475,357,974",81.10,81.70,80.00,80.20,-1.50,"3,150",
110/08/20,"6,166,310","490,489,844",80.90,80.90,79.10,79.10,-1.10,"3,407",
110/08/23,"2,155,298","172,678,663",80.00,80.50,79.60,80.10,+1.00,"1,237",
110/08/24,"3,411,153","275,724,407",80.50,81.50,80.20,81.30,+1.20,"1,858",
110/08/25,"2,705,599","219,873,556",81.50,81.70,80.80,81.60,+0.30,"1,505",
110/08/26,"2,994,249","242,047,464",81.00,81.50,80.50,80.70,-0.90,"1,672",
110/08/27,"3,587,464","294,746,328",80.70,82.70,80.70,82.50,+1.80,"1,955",
110/08/30,"3,780,775","315,016,323",82.70,83.90,82.30,83.90,+1.40,"2,059",
110/08/31,"5,941,268","496,269,484",83.40,84.10,82.40,84.10,+0.20,"2,000",
110/09/01,"2,720,503","225,721,037",82.60,83.60,82.60,83.10,-1.00,"1,519",
110/09/02,"2,332,801","192,283,980",82.80,83.10,81.90,81.90,-1.20,"1,285",
110/09/03,"3,030,269","250,719,730",82.90,83.00,82.20,83.00,+1.10,"1,596",
110/09/06,"1,773,591","146,162,969",83.00,83.10,82.00,82.20,-0.80,"1,286",
110/09/07,"1,999,458","164,740,491",82.30,82.70,82.00,82.70,+0.50,"1,110",
110/09/08,"2,737,337","224,748,831",82.70,82.70,81.50,82.20,-0.50,"1,355",
110/09/09,"2,371,971","193,564,691",81.60,82.20,81.30,81.50,-0.70,988,
110/09/10,"1,917,993","157,203,854",81.60,82.40,81.50,82.10,+0.60,940,
110/09/13,"1,625,173","133,998,817",82.10,82.80,81.70,82.80,+0.70,852,
110/09/14,"2,412,270","200,365,625",82.80,83.30,82.70,83.20,+0.40,"1,365",
110/09/15,"3,675,990","305,539,549",82.70,83.40,82.60,83.30,+0.10,"2,152",
110/09/16,"2,805,655","234,352,356",83.50,83.80,83.20,83.50,+0.20,"1,602",
110/09/17,"7,456,376","616,669,765",83.30,83.80,82.30,82.30,-1.20,"2,613",
110/09/22,"6,654,609","537,294,762",81.60,81.60,80.10,80.50,-1.80,"3,671",
110/09/23,"3,225,597","261,399,235",81.10,81.50,80.70,81.30,+0.80,"2,178",
110/09/24,"2,429,567","199,765,515",81.60,82.80,81.60,82.20,+0.90,"1,373",
110/09/27,"4,696,092","391,860,297",82.90,83.70,82.60,83.70,+1.50,"2,407",
110/09/28,"4,558,440","381,470,947",83.10,84.40,82.40,84.40,+0.70,"2,520",
110/09/29,"6,631,745","554,942,468",83.50,84.70,83.00,83.50,-0.90,"4,012",
110/09/30,"5,356,044","446,976,371",83.40,83.90,82.70,83.90,+0.40,"2,439",
110/10/01,"6,768,235","556,020,365",82.90,83.70,81.60,82.00,-1.90,"3,359",
110/10/04,"3,947,188","325,489,317",82.70,82.80,82.20,82.50,+0.50,"1,778",
110/10/05,"5,068,299","416,016,396",81.70,82.80,81.50,82.20,-0.30,"2,474",
110/10/06,"8,139,599","677,818,230",82.40,83.70,82.40,83.50,+1.30,"3,627",
110/10/07,"6,916,581","582,556,932",84.00,84.60,83.60,84.20,+0.70,"4,388",
110/10/08,"3,880,124","327,845,031",84.60,84.70,84.30,84.40,+0.20,"2,174",
110/10/12,"11,438,974","945,856,700",82.90,84.90,82.00,83.10,-1.30,"5,089",
110/10/13,"5,329,565","442,451,507",83.70,84.20,82.30,82.40,-0.70,"2,342",
110/10/14,"3,572,533","294,583,668",82.90,83.20,82.10,82.10,-0.30,"1,713",
110/10/15,"3,517,785","290,582,013",82.20,83.00,82.00,82.90,+0.80,"1,550",
110/10/18,"3,216,901","265,695,734",82.90,83.50,82.10,82.30,-0.60,"1,765",
110/10/19,"4,541,539","374,134,601",82.80,82.90,82.00,82.00,-0.30,"2,627",
110/10/20,"4,495,240","368,302,643",82.10,82.60,81.50,82.20,+0.20,"2,484",
110/10/21,"12,870,750","1,057,121,457",82.20,82.40,81.60,82.20, 0.00,"2,383",
110/10/22,"4,643,574","377,887,923",82.20,82.20,81.20,81.20,-1.00,"2,673",
110/10/25,"4,012,798","325,156,362",81.20,81.40,80.70,80.90,-0.30,"1,971",
110/10/26,"5,498,497","447,000,267",81.50,81.70,80.90,81.20,+0.30,"2,058",
110/10/27,"4,644,876","375,638,966",81.00,81.20,80.50,81.10,-0.10,"2,554",
110/10/28,"3,907,174","315,347,675",80.80,81.00,80.50,80.80,-0.30,"2,111",
110/10/29,"5,762,424","463,279,118",80.60,80.80,80.00,80.50,-0.30,"2,559",
110/11/01,"3,416,270","275,978,717",81.00,81.20,80.40,80.70,+0.20,"1,653",
110/11/02,"4,442,334","357,977,605",81.20,81.20,80.30,80.30,-0.40,"2,127",
110/11/03,"3,857,922","309,317,281",80.10,80.60,80.00,80.40,+0.10,"2,215",
110/11/04,"3,235,818","260,085,654",80.70,80.80,80.00,80.60,+0.20,"1,624",
110/11/05,"2,632,865","211,602,060",80.20,80.70,80.10,80.50,-0.10,"1,468",
110/11/08,"3,323,943","268,128,603",80.40,80.90,80.30,80.70,+0.20,"1,837",
110/11/09,"4,577,076","368,973,068",80.70,80.90,80.50,80.60,-0.10,"2,064",
110/11/10,"3,187,338","257,086,994",80.60,81.10,80.50,80.50,-0.10,"1,770",
110/11/11,"3,504,336","281,735,306",80.50,80.70,80.10,80.40,-0.10,"2,071",
110/11/12,"3,038,108","246,747,594",80.80,81.50,80.60,81.50,+1.10,"1,813",
110/11/15,"3,026,180","246,594,636",81.80,81.80,81.30,81.30,-0.20,"1,545",
110/11/16,"3,265,574","265,295,875",81.30,81.50,81.10,81.10,-0.20,"1,885",
110/11/17,"4,330,408","350,006,641",81.00,81.10,80.50,81.00,-0.10,"2,412",
110/11/18,"3,141,863","254,325,152",80.60,81.40,80.60,81.10,+0.10,"1,978",
110/11/19,"2,436,301","196,951,646",81.00,81.10,80.80,80.80,-0.30,"1,498",
110/11/22,"3,660,640","294,286,422",80.70,80.80,80.20,80.20,-0.60,"2,052",
110/11/23,"2,375,511","190,583,688",80.30,80.60,80.00,80.10,-0.10,"1,557",
110/11/24,"2,031,064","163,081,236",80.20,80.60,80.10,80.30,+0.20,"1,511",
110/11/25,"2,140,008","171,688,807",80.50,80.50,80.10,80.10,-0.20,"1,523",
110/11/26,"5,752,817","458,405,248",80.00,80.10,79.40,79.40,-0.70,"3,729",
110/11/29,"3,742,724","296,735,510",79.30,79.80,78.80,79.30,-0.10,"2,076",
110/11/30,"10,672,771","838,851,544",79.30,79.70,78.10,78.10,-1.20,"3,871",
110/12/01,"2,298,554","181,518,774",78.10,79.50,78.10,79.40,+1.30,"1,672",
110/12/02,"1,684,102","133,716,233",78.80,79.70,78.80,79.70,+0.30,"1,249",
110/12/03,"2,440,709","193,893,738",79.50,79.80,79.30,79.30,-0.40,"1,500",
110/12/06,"2,120,579","168,357,370",78.90,79.70,78.60,79.70,+0.40,"1,266",
110/12/07,"3,101,441","248,497,219",79.70,80.50,79.50,80.50,+0.80,"1,939",
110/12/08,"3,816,335","308,716,669",80.80,81.20,80.60,80.60,+0.10,"2,541",
110/12/09,"1,794,010","144,612,692",80.60,80.90,80.30,80.70,+0.10,"1,941",
110/12/10,"1,707,975","136,877,152",80.30,80.60,80.00,80.00,-0.70,"1,197",
110/12/13,"2,080,333","166,057,169",80.00,80.20,79.50,79.80,-0.20,"1,338",
110/12/14,"2,424,178","192,558,578",79.10,79.70,79.00,79.40,-0.40,"1,461",
110/12/15,"2,841,354","225,227,059",79.40,79.60,79.00,79.30,-0.10,"1,692",
110/12/16,"2,226,799","176,295,708",79.40,79.80,79.00,79.00,-0.30,"1,408",
110/12/17,"3,259,590","258,423,444",79.00,79.60,79.00,79.30,+0.30,"1,180",
110/12/20,"3,313,853","261,715,009",79.00,79.60,78.60,78.80,-0.50,"2,003",
110/12/21,"1,731,581","137,777,450",78.80,79.90,78.70,79.90,+1.10,"1,069",
110/12/22,"1,533,242","122,427,531",79.90,80.20,79.50,79.80,-0.10,"1,296",
110/12/23,"2,207,131","177,062,903",79.90,80.60,79.90,80.40,+0.60,"1,131",
110/12/24,"1,201,838","96,633,161",80.60,80.70,80.20,80.40, 0.00,939,
110/12/27,"1,338,591","107,810,861",80.30,80.70,80.20,80.70,+0.30,831,
110/12/28,"1,928,234","155,787,330",80.70,81.00,80.50,81.00,+0.30,"1,510",
110/12/29,"1,855,981","150,294,904",81.30,81.30,80.80,81.00, 0.00,"1,429",
110/12/30,"2,474,741","200,517,060",80.90,81.50,80.70,80.80,-0.20,"1,553",
111/01/03,"2,352,685","190,355,152",81.00,81.50,80.50,80.80, 0.00,"2,291",
111/01/04,"1,755,983","141,402,794",80.60,81.00,80.30,80.50,-0.30,"1,708",
111/01/05,"2,128,875","171,258,588",80.10,80.90,79.70,80.90,+0.40,"1,201",
111/01/06,"2,853,860","230,704,143",81.00,81.00,80.50,81.00,+0.10,"1,595",
111/01/07,"2,568,000","207,679,993",81.10,81.40,80.60,80.60,-0.40,"2,346",
111/01/10,"1,638,550","132,208,171",80.80,80.90,80.40,80.90,+0.30,"1,429",
111/01/11,"3,867,415","312,819,520",80.50,81.20,80.40,81.20,+0.30,"2,027",
111/01/12,"3,553,932","288,068,434",81.20,81.40,80.80,81.40,+0.20,"2,384",
111/01/13,"3,624,992","295,917,030",81.40,81.90,81.30,81.70,+0.30,"2,688",
111/01/14,"2,059,607","166,761,142",81.40,81.50,80.80,80.90,-0.80,"2,253",
111/01/17,"2,014,058","162,264,466",80.90,81.00,80.40,80.50,-0.40,"1,139",
111/01/18,"1,375,968","110,887,379",80.70,81.00,80.40,80.50, 0.00,"1,064",
111/01/19,"3,554,447","284,604,237",80.30,80.50,79.80,79.90,-0.60,"2,660",
111/01/20,"2,995,347","239,125,233",79.90,80.40,79.50,79.80,-0.10,"1,827",
111/01/21,"4,888,733","387,352,936",79.50,80.00,79.00,79.20,-0.60,"3,056",
111/01/24,"2,488,370","196,753,659",79.20,79.50,78.60,79.00,-0.20,"1,650",
111/01/25,"6,643,694","519,209,257",78.50,78.80,77.70,78.60,-0.40,"4,238",
111/01/26,"2,371,480","186,834,144",78.60,79.00,78.40,78.80,+0.20,"1,964",
111/02/07,"4,670,152","371,344,371",78.30,80.20,78.20,80.10,+1.30,"3,099",
111/02/08,"2,341,509","187,335,468",80.20,80.30,79.80,79.90,-0.20,"1,353",
111/02/09,"2,124,997","170,319,355",80.00,80.40,79.80,80.40,+0.50,"1,503",
111/02/10,"2,125,764","170,654,576",79.90,80.70,79.90,80.70,+0.30,"1,448",
111/02/11,"2,015,470","162,047,534",80.60,80.60,80.10,80.60,-0.10,"1,422",
111/02/14,"2,585,181","207,041,831",80.40,80.40,79.80,80.20,-0.40,"1,573",
111/02/15,"1,820,800","145,512,643",80.00,80.20,79.60,79.60,-0.60,"1,226",
111/02/16,"2,111,542","169,657,421",80.10,80.70,79.90,80.60,+1.00,"1,447",
111/02/17,"4,207,401","341,088,636",80.80,81.30,80.60,81.10,+0.50,"1,745",
111/02/18,"1,752,814","141,684,253",80.60,81.30,80.60,80.60,-0.50,"1,470",
111/02/21,"2,285,231","183,429,348",80.00,80.70,79.80,80.70,+0.10,"1,758",
111/02/22,"5,501,122","437,888,388",80.00,80.20,79.20,79.90,-0.80,"3,369",
111/02/23,"1,839,983","147,186,018",79.70,80.20,79.60,80.10,+0.20,"1,198",
111/02/24,"6,736,633","533,981,860",79.80,79.80,79.00,79.30,-0.80,"4,069",
111/02/25,"6,172,220","487,773,562",79.50,79.60,78.70,79.00,-0.30,"2,828",
111/03/01,"5,787,647","467,962,509",80.00,81.20,79.50,81.10,+2.10,"2,819",
111/03/02,"4,568,440","372,244,868",81.20,81.80,80.80,81.70,+0.60,"2,333",
111/03/03,"3,514,041","287,262,241",81.80,82.00,81.10,82.00,+0.30,"2,842",
111/03/04,"4,388,501","357,288,019",81.00,81.90,80.50,81.90,-0.10,"2,137",
111/03/07,"7,572,397","603,944,318",80.70,80.90,79.30,79.70,-2.20,"7,184",
111/03/08,"6,934,460","547,268,660",79.00,79.80,78.30,78.50,-1.20,"4,059",
111/03/09,"3,202,107","252,552,365",79.00,79.50,78.60,78.60,+0.10,"1,590",
111/03/10,"4,489,531","359,725,306",79.50,80.40,79.40,80.40,+1.80,"2,010",
111/03/11,"6,921,378","548,173,480",79.50,79.80,79.00,79.20,-1.20,"4,014",
111/03/14,"4,249,183","336,791,297",79.50,79.60,79.00,79.40,+0.20,"2,295",
111/03/15,"3,335,785","263,923,236",79.30,79.40,79.00,79.10,-0.30,"2,114",
111/03/16,"4,854,563","384,354,174",79.10,79.70,78.90,79.60,+0.50,"2,640",
111/03/17,"6,451,930","518,949,547",80.60,81.20,79.70,80.40,+0.80,"3,543",
111/03/18,"6,995,527","559,563,337",80.50,80.80,79.70,79.90,-0.50,"2,033",
111/03/21,"2,102,522","168,616,420",80.00,80.60,79.80,80.20,+0.30,"1,316",
111/03/22,"2,177,793","174,637,318",80.30,80.40,79.80,80.40,+0.20,"1,186",
111/03/23,"4,810,294","385,494,258",80.40,80.40,79.80,80.20,-0.20,"2,135",
111/03/24,"4,367,184","348,631,413",79.80,80.10,79.70,79.80,-0.40,"2,465",
111/03/25,"5,209,882","413,605,751",79.70,80.00,79.20,79.30,-0.50,"2,708",
111/03/28,"4,786,832","377,805,892",79.00,79.10,78.70,79.00,-0.30,"2,612",
111/03/29,"4,993,692","393,853,935",79.00,79.10,78.70,79.00, 0.00,"3,185",
111/03/30,"6,284,462","496,815,731",79.10,79.50,78.80,79.00, 0.00,"3,424",
111/03/31,"3,594,560","284,119,055",79.20,79.40,78.90,79.00, 0.00,"1,877",
111/04/01,"3,627,378","285,969,341",78.80,79.00,78.60,79.00, 0.00,"1,805",
111/04/06,"4,252,068","337,269,026",79.00,79.90,78.70,79.90,+0.90,"2,259",
111/04/07,"6,272,118","494,554,365",79.00,79.30,78.70,78.70,-1.20,"3,480",
111/04/08,"1,723,322","136,314,604",79.20,79.30,78.80,79.30,+0.60,"1,072",
111/04/11,"3,549,458","279,531,284",79.30,79.60,78.50,78.50,-0.80,"3,216",
111/04/12,"3,255,923","255,732,384",78.70,78.90,78.30,78.60,+0.10,"2,397",
111/04/13,"2,909,081","230,454,699",79.20,79.50,78.70,79.50,+0.90,"2,326",
111/04/14,"2,672,611","212,724,926",79.40,79.80,79.10,79.70,+0.20,"1,853",
111/04/15,"2,121,259","168,649,661",79.70,79.80,79.10,79.30,-0.40,"2,030",
111/04/18,"1,806,571","142,916,715",78.90,79.40,78.90,79.00,-0.30,"1,794",
111/04/19,"3,041,309","241,945,455",79.60,79.80,79.00,79.70,+0.70,"1,892",
111/04/20,"9,974,218","799,045,409",79.60,80.80,79.10,80.00,+0.30,"5,503",
111/04/21,"6,785,537","546,263,075",80.70,80.90,79.80,80.90,+0.90,"3,542",
111/04/22,"6,452,645","519,966,378",80.10,81.10,79.70,81.10,+0.20,"3,824",
111/04/25,"7,063,239","563,216,716",79.90,80.20,79.10,80.20,-0.90,"5,594",
111/04/26,"6,156,966","494,779,098",79.60,80.70,79.60,80.70,+0.50,"3,295",
111/04/27,"3,865,748","306,861,964",79.50,79.90,79.10,79.10,-1.60,"2,331",
111/04/28,"5,231,022","414,638,429",79.00,79.90,78.80,79.90,+0.80,"3,829",
111/04/29,"2,564,488","204,444,527",79.10,80.00,79.10,79.90, 0.00,"2,028",
111/05/03,"1,138,675","91,007,841",79.80,80.00,79.60,80.00,+0.10,"1,584",
111/05/04,"1,335,955","106,956,251",80.10,80.50,79.80,80.00, 0.00,"1,016",
111/05/05,"2,527,742","201,831,854",80.20,80.30,79.60,79.70,-0.30,"2,531",
111/05/06,"4,137,588","327,132,421",79.00,79.60,78.80,79.20,-0.50,"3,581",
111/05/09,"2,886,325","226,870,597",78.60,78.90,78.40,78.60,-0.60,"1,618",
111/05/10,"3,902,231","306,683,135",78.70,78.80,78.20,78.70,+0.10,"2,480",
111/05/11,"3,262,080","255,496,396",78.30,79.10,78.10,78.20,-0.50,"2,446",
111/05/12,"6,166,776","475,277,091",78.20,78.20,76.10,76.10,-2.10,"4,835",
111/05/13,"4,435,592","342,662,797",77.70,77.90,77.00,77.20,+1.10,"3,269",
111/05/16,"2,956,716","229,167,711",78.30,78.30,77.10,77.30,+0.10,"1,949",
111/05/17,"3,106,145","242,742,377",78.00,78.40,77.60,78.40,+1.10,"1,687",
111/05/18,"5,262,779","415,327,402",78.10,79.60,78.00,79.20,+0.80,"4,290",
111/05/19,"3,253,329","254,263,203",78.70,78.70,77.80,78.40,-0.80,"2,882",
111/05/20,"4,806,246","381,023,396",78.90,79.80,78.50,79.70,+1.30,"2,944",
111/05/23,"4,369,985","349,145,140",80.30,80.40,79.60,80.00,+0.30,"1,909",
111/05/24,"1,922,275","153,463,135",79.30,80.00,79.30,80.00, 0.00,"1,096",
111/05/25,"5,420,070","434,801,804",80.20,80.50,79.80,80.40,+0.40,"2,488",
111/05/26,"4,356,617","350,902,498",80.60,81.00,80.30,80.50,+0.10,"2,301",
111/05/27,"7,048,573","570,306,289",81.00,81.00,80.70,81.00,+0.50,"3,856",
111/05/30,"8,166,409","665,558,132",81.30,81.70,81.20,81.70,+0.70,"4,378",
111/05/31,"21,846,027","1,790,848,655",81.60,82.20,81.40,82.00,+0.30,"3,335",
111/06/01,"2,656,618","217,421,076",81.40,82.20,81.40,81.70,-0.30,"2,349",
111/06/02,"2,715,951","221,247,306",81.00,81.80,80.40,81.70, 0.00,"1,461",
111/06/06,"2,707,180","221,460,815",82.20,82.20,81.30,82.00,+0.30,"1,680",
111/06/07,"3,288,484","267,756,864",81.80,81.80,81.10,81.50,-0.50,"1,527",
111/06/08,"3,033,690","247,985,510",82.00,82.00,81.50,81.70,+0.20,"1,717",
111/06/09,"6,652,151","546,589,643",81.80,82.50,81.60,82.40,+0.70,"2,897",
111/06/10,"4,034,976","331,850,679",81.40,82.60,81.30,82.50,+0.10,"1,823",
111/06/13,"5,533,611","447,506,011",80.70,81.50,80.40,81.30,-1.20,"3,683",
111/06/14,"4,350,891","354,204,828",81.60,81.80,80.70,81.40,+0.10,"2,253",
111/06/15,"6,409,908","524,120,390",81.40,82.40,81.30,81.80,+0.40,"3,736",
111/06/16,"5,436,263","445,459,244",82.50,82.50,81.50,81.50,-0.30,"2,543",
111/06/17,"5,519,105","448,478,154",81.00,81.80,80.70,81.30,-0.20,"1,768",
111/06/20,"3,431,728","275,409,939",81.20,81.20,79.80,80.00,-1.30,"2,965",
111/06/21,"4,960,461","401,178,466",81.30,81.70,80.20,81.20,+1.20,"2,047",
111/06/22,"3,314,907","268,570,738",81.40,81.40,80.70,80.80,-0.40,"1,923",
111/06/23,"6,013,828","485,700,881",81.10,81.60,80.30,80.60,-0.20,"3,401",
111/06/24,"6,637,635","540,498,843",81.40,81.80,81.10,81.40,+0.80,"2,979",
111/06/27,"11,598,434","947,059,187",81.60,81.90,81.50,81.50,+0.10,"3,593",
111/06/28,"14,721,566","1,139,479,142",77.00,77.80,76.70,76.80,X0.00,"4,677",
111/06/29,"6,781,456","518,406,494",76.80,77.10,76.00,76.30,-0.50,"3,320",
111/06/30,"7,453,096","559,886,979",76.10,76.70,74.70,74.70,-1.60,"3,797",
111/07/01,"5,118,191","379,260,394",74.50,75.00,73.50,73.70,-1.00,"2,913",
111/07/04,"6,214,457","462,291,368",75.40,76.30,73.40,73.80,+0.10,"2,617",
111/07/05,"5,680,632","416,254,095",75.00,75.30,72.50,72.80,-1.00,"2,776",
111/07/06,"7,315,131","524,581,147",73.60,73.60,71.10,71.20,-1.60,"3,891",
111/07/07,"5,323,758","376,457,604",71.50,71.60,69.80,70.70,-0.50,"3,880",
111/07/08,"6,488,473","456,466,128",70.80,71.30,70.00,70.10,-0.60,"3,513",
111/07/11,"2,861,778","199,375,066",70.50,70.50,69.30,69.50,-0.60,"2,023",
111/07/12,"16,008,408","1,049,791,979",68.70,68.70,64.40,64.60,-4.90,"11,103",
111/07/13,"9,662,544","642,478,880",66.10,67.50,66.00,66.30,+1.70,"4,700",
111/07/14,"5,891,580","388,678,208",66.30,66.30,65.20,66.10,-0.20,"3,074",
111/07/15,"4,320,119","283,764,625",65.80,66.10,65.30,65.60,-0.50,"2,849",
111/07/18,"8,193,412","537,408,450",65.80,66.00,65.20,65.80,+0.20,"4,582",
111/07/19,"7,918,023","525,566,044",66.20,67.20,65.60,66.50,+0.70,"3,448",
111/07/20,"8,382,796","561,151,971",67.10,67.40,66.30,66.80,+0.30,"3,643",
111/07/21,"6,673,470","448,999,922",66.80,67.80,66.40,67.70,+0.90,"3,966",
111/07/22,"6,622,338","448,822,258",67.50,68.20,67.10,67.80,+0.10,"3,446",
111/07/25,"2,603,146","178,624,406",67.80,69.20,67.40,68.90,+1.10,"1,696",
111/07/26,"3,912,505","268,181,317",68.50,69.40,68.00,68.40,-0.50,"2,114",
111/07/27,"2,240,802","153,701,346",68.80,69.20,68.30,68.70,+0.30,"1,119",
111/07/28,"3,005,305","206,598,346",69.00,69.10,68.40,68.80,+0.10,"1,819",
111/07/29,"3,265,514","227,789,625",69.70,70.00,69.10,70.00,+1.20,"1,804",
111/08/01,"2,735,940","192,225,841",70.20,70.80,69.70,70.10,+0.10,"1,610",
111/08/02,"4,929,223","339,023,743",68.80,69.40,68.50,68.90,-1.20,"3,135",
111/08/03,"3,564,661","245,588,777",68.80,69.30,68.30,69.30,+0.40,"1,996",
111/08/04,"5,508,230","378,783,199",68.90,69.30,67.70,69.00,-0.30,"2,153",
111/08/05,"2,785,081","193,145,142",69.90,69.90,69.00,69.10,+0.10,"1,358",
111/08/08,"1,383,398","95,177,621",69.10,69.30,68.60,68.70,-0.40,"1,009",
111/08/09,"1,416,447","97,122,698",68.70,68.80,68.20,68.60,-0.10,"1,213",
111/08/10,"2,714,827","184,854,506",68.10,68.40,67.70,68.30,-0.30,"1,876",
111/08/11,"2,931,926","202,805,082",69.00,69.40,68.60,69.30,+1.00,"1,650",
111/08/12,"3,012,261","210,746,873",69.90,70.30,69.30,70.00,+0.70,"1,727",
111/08/15,"1,894,085","133,309,051",70.60,70.60,70.00,70.50,+0.50,"1,342",
111/08/16,"2,175,826","152,559,688",70.50,70.50,70.00,70.00,-0.50,"1,369",
111/08/17,"3,505,400","246,652,913",70.30,70.60,70.00,70.60,+0.60,"1,973",
111/08/18,"1,386,988","97,189,810",70.20,70.30,69.60,70.10,-0.50,975,
111/08/19,"1,698,981","119,047,958",69.60,70.50,69.60,70.30,+0.20,"1,131",
111/08/22,"2,066,699","144,890,041",69.50,70.50,69.40,70.50,+0.20,"1,147",
111/08/23,"2,457,296","171,315,106",70.10,70.10,69.50,69.50,-1.00,"1,668",
111/08/24,"2,118,109","147,700,768",69.90,70.30,69.40,69.70,+0.20,"1,210",
111/08/25,"2,076,556","145,849,316",70.00,70.40,69.80,70.20,+0.50,982,
111/08/26,"1,266,293","88,697,870",70.50,70.60,69.80,69.90,-0.30,984,
111/08/29,"4,046,590","277,545,420",68.50,69.00,68.30,68.60,-1.30,"2,734",
111/08/30,"4,164,168","284,976,987",68.30,68.80,68.20,68.40,-0.20,"2,286",
111/08/31,"3,613,641","247,674,038",68.50,68.80,68.00,68.70,+0.30,"1,355",
111/09/01,"5,704,457","383,951,313",67.20,68.30,66.60,67.50,-1.20,"3,348",
111/09/02,"2,873,571","193,116,643",67.90,67.90,67.00,67.00,-0.50,"1,918",
111/09/05,"1,452,365","97,998,369",67.60,67.70,67.10,67.70,+0.70,982,
111/09/06,"1,893,343","128,655,405",68.30,68.30,67.50,68.20,+0.50,"1,435",
111/09/07,"4,404,216","295,755,063",67.50,68.00,66.90,67.00,-1.20,"3,097",
111/09/08,"2,133,772","144,773,178",67.70,68.30,67.10,68.10,+1.10,"1,308",
111/09/12,"2,725,268","188,288,750",70.00,70.10,68.30,69.30,+1.20,"1,719",
111/09/13,"1,951,302","135,612,820",69.90,70.00,69.10,69.50,+0.20,"1,260",
111/09/14,"3,037,759","207,517,285",67.90,69.00,67.90,68.10,-1.40,"2,119",
111/09/15,"2,708,355","185,017,361",67.80,69.00,67.60,68.70,+0.60,"1,418",
111/09/16,"6,074,049","412,139,632",67.70,68.70,67.70,67.80,-0.90,"2,056",
111/09/19,"2,335,056","157,754,055",67.90,68.10,67.30,67.40,-0.40,"1,587",
111/09/20,"1,778,794","120,681,850",67.60,68.20,67.40,68.00,+0.60,"1,131",
111/09/21,"2,604,760","176,288,640",67.80,68.10,67.40,67.70,-0.30,"1,922",
111/09/22,"4,388,507","295,553,789",67.40,67.80,67.00,67.70, 0.00,"1,800",
111/09/23,"2,179,646","148,265,354",67.60,68.30,67.50,68.00,+0.30,"1,214",
111/09/26,"4,128,555","279,345,345",67.60,68.10,67.00,67.80,-0.20,"2,031",
111/09/27,"3,156,602","214,224,545",68.40,68.40,67.60,67.60,-0.20,"1,692",
111/09/28,"3,487,554","233,844,714",67.90,67.90,66.70,67.20,-0.40,"1,725",
111/09/29,"5,463,108","370,249,346",68.00,68.80,66.80,68.80,+1.60,"2,639",
111/09/30,"6,045,719","415,837,948",68.60,69.10,67.90,69.10,+0.30,"2,649",
111/10/03,"2,818,694","193,975,255",67.80,69.30,67.70,68.80,-0.30,"1,938",
111/10/04,"2,885,976","198,779,787",68.80,69.50,68.60,68.80, 0.00,"1,719",
111/10/05,"2,332,943","160,462,720",68.00,69.10,68.00,69.00,+0.20,"1,726",
111/10/06,"2,769,744","190,536,391",69.00,69.00,68.50,68.80,-0.20,"1,193",
111/10/07,"2,134,770","145,905,852",68.30,68.80,68.00,68.10,-0.70,"1,213",
111/10/11,"5,415,803","365,459,738",68.00,68.20,67.00,67.30,-0.80,"2,723",
111/10/12,"4,945,764","330,308,824",67.50,67.80,66.00,66.70,-0.60,"2,709",
111/10/13,"5,248,094","344,520,691",66.00,66.70,65.10,65.40,-1.30,"3,060",
111/10/14,"3,523,091","232,885,604",65.90,66.70,65.60,65.80,+0.40,"1,384",
111/10/17,"2,717,659","178,444,791",65.20,66.50,64.30,66.50,+0.70,"1,614",
111/10/18,"3,811,774","257,620,937",66.70,68.10,66.60,68.10,+1.60,"1,732",
111/10/19,"3,586,309","244,075,566",67.80,68.50,67.20,68.10, 0.00,"2,226",
111/10/20,"9,314,232","629,153,177",66.40,68.40,66.30,67.90,-0.20,"2,534",
111/10/21,"2,151,845","145,832,006",67.90,68.10,67.20,68.00,+0.10,"1,218",
111/10/24,"3,489,056","237,567,463",67.60,68.40,67.60,68.10,+0.10,"1,619",
111/10/25,"3,652,911","249,159,064",68.30,68.60,67.50,68.60,+0.50,"1,584",
111/10/26,"3,554,847","244,149,373",68.60,69.00,68.00,69.00,+0.40,"1,840",
111/10/27,"4,777,776","329,535,705",69.00,69.50,68.40,69.00, 0.00,"2,495",
111/10/28,"3,992,949","271,452,361",69.00,69.00,67.20,67.70,-1.30,"2,225",
111/10/31,"3,620,556","249,050,324",67.80,69.50,67.70,69.50,+1.80,"1,588",
111/11/01,"2,840,458","196,445,179",68.40,69.60,68.10,69.60,+0.10,"2,153",
111/11/02,"1,737,373","120,455,006",69.00,69.70,69.00,69.60, 0.00,"1,157",
111/11/03,"2,544,354","174,649,075",68.90,69.40,68.30,68.70,-0.90,"1,487",
111/11/04,"2,113,474","144,592,188",68.10,69.10,67.90,69.10,+0.40,"1,209",
111/11/07,"2,970,477","206,179,186",69.10,70.00,68.90,69.80,+0.70,"1,689",
111/11/08,"2,454,591","171,532,984",69.80,70.10,69.50,70.10,+0.30,"1,631",
111/11/09,"3,815,049","268,206,568",70.10,70.50,69.90,70.50,+0.40,"2,388",
111/11/10,"2,315,293","163,306,709",70.60,70.90,70.20,70.80,+0.30,"1,442",
111/11/11,"6,801,136","490,434,462",71.50,72.50,71.20,72.50,+1.70,"3,702",
111/11/14,"6,378,795","468,869,148",72.60,74.00,72.30,74.00,+1.50,"3,351",
111/11/15,"4,710,300","347,489,413",73.50,74.40,72.60,74.40,+0.40,"2,780",
111/11/16,"5,124,310","374,857,782",74.10,74.20,72.40,73.30,-1.10,"3,899",
111/11/17,"1,894,542","137,874,890",72.70,73.10,72.40,72.90,-0.40,"1,694",
111/11/18,"2,674,682","192,686,389",72.30,72.80,71.60,72.00,-0.90,"3,422",
111/11/21,"2,680,666","192,777,607",71.70,72.80,71.40,72.80,+0.80,"2,463",
111/11/22,"3,721,797","268,489,897",72.80,72.90,71.70,72.50,-0.30,"2,859",
111/11/23,"3,296,027","238,003,456",72.90,72.90,71.80,72.50, 0.00,"1,848",
111/11/24,"4,213,790","308,743,307",73.00,73.80,72.50,73.80,+1.30,"2,182",
111/11/25,"5,012,575","369,429,820",73.30,74.00,73.00,74.00,+0.20,"1,932",
111/11/28,"3,559,629","259,706,190",72.70,73.90,72.10,73.40,-0.60,"2,115",
111/11/29,"2,747,007","202,218,176",74.00,74.10,72.90,74.00,+0.60,"1,869",
111/11/30,"5,857,041","442,307,992",74.00,76.10,73.70,76.10,+2.10,"1,979",
111/12/01,"4,069,404","306,744,469",75.90,76.10,74.80,75.40,-0.70,"4,327",
111/12/02,"1,833,282","136,816,871",74.80,75.10,74.30,74.50,-0.90,"1,375",
111/12/05,"1,956,286","145,226,777",74.00,74.70,73.90,74.10,-0.40,"1,181",
111/12/06,"2,417,081","178,035,079",74.00,74.00,73.20,73.90,-0.20,"1,188",
111/12/07,"4,113,303","300,443,782",73.90,73.90,72.70,72.70,-1.20,"1,698",
111/12/08,"3,704,293","264,350,993",72.30,72.40,70.90,71.10,-1.60,"2,514",
111/12/09,"2,972,487","211,347,360",70.90,71.60,70.90,70.90,-0.20,"2,080",
111/12/12,"1,758,898","124,233,899",70.90,71.00,70.30,71.00,+0.10,"1,315",
111/12/13,"3,582,082","252,750,130",71.00,71.50,70.40,70.40,-0.60,"1,349",
111/12/14,"3,178,225","227,819,919",71.80,72.20,70.90,71.50,+1.10,"1,933",
111/12/15,"1,604,705","114,879,087",71.00,72.00,71.00,71.60,+0.10,862,
111/12/16,"5,563,627","393,868,523",70.40,71.40,70.40,70.80,-0.80,"1,957",
111/12/19,"1,589,859","111,876,538",70.10,70.70,70.10,70.40,-0.40,982,
111/12/20,"2,736,184","191,114,068",70.10,70.60,69.20,69.20,-1.20,"1,957",
111/12/21,"1,266,831","87,849,827",69.50,69.80,69.00,69.40,+0.20,"1,022",
111/12/22,"1,238,950","86,663,794",69.80,70.30,69.50,69.90,+0.50,678,
111/12/23,"1,688,588","117,186,879",69.00,69.90,69.00,69.40,-0.50,"1,012",
111/12/26,"1,130,558","79,466,423",69.90,70.50,69.80,70.50,+1.10,865,
111/12/27,"1,244,240","88,246,249",70.90,71.20,70.60,70.80,+0.30,728,
111/12/28,"1,223,205","85,811,079",70.00,70.80,69.50,70.00,-0.80,"1,070",
111/12/29,"2,199,241","153,011,266",69.60,69.90,69.30,69.80,-0.20,"1,264",
111/12/30,"1,034,088","72,846,971",70.20,70.70,70.10,70.50,+0.70,702,
112/01/03,"2,710,957","189,634,115",69.90,71.10,69.20,70.50, 0.00,"1,706",
112/01/04,"2,054,843","144,744,674",70.10,71.00,69.80,70.60,+0.10,"1,208",
112/01/05,"1,761,079","125,022,249",70.60,71.30,70.60,70.90,+0.30,"1,129",
112/01/06,"1,761,565","125,607,800",71.20,71.60,70.90,71.30,+0.40,"1,162",
112/01/09,"5,179,015","377,202,283",72.60,73.50,72.00,73.50,+2.20,"3,084",
112/01/10,"2,812,747","203,789,174",73.10,73.10,72.10,72.50,-1.00,"2,294",
112/01/11,"2,909,519","207,891,799",71.90,72.00,71.20,71.20,-1.30,"1,749",
112/01/12,"2,272,559","162,439,087",71.60,72.00,71.20,71.20, 0.00,"1,378",
112/01/13,"2,332,423","168,555,272",72.00,72.50,71.80,72.40,+1.20,"1,600",
112/01/16,"3,389,223","247,299,720",73.00,73.40,72.40,72.90,+0.50,"2,599",
112/01/17,"3,172,333","230,114,070",72.70,73.00,72.00,72.60,-0.30,"2,764",
112/01/30,"9,301,676","685,436,270",74.00,74.20,72.70,74.00,+1.40,"4,407",
112/01/31,"6,035,048","439,528,918",73.80,74.00,72.20,72.20,-1.80,"3,725",
112/02/01,"2,176,152","157,796,722",72.30,72.80,72.20,72.60,+0.40,"1,127",
112/02/02,"3,375,198","242,779,791",72.60,72.60,71.60,72.00,-0.60,"2,198",
112/02/03,"1,853,903","132,509,393",71.60,71.90,71.20,71.50,-0.50,"1,409",
112/02/06,"2,938,975","209,079,885",71.40,71.50,71.00,71.00,-0.50,"1,614",
112/02/07,"2,190,558","156,338,059",71.00,71.80,71.00,71.30,+0.30,"1,374",
112/02/08,"2,023,330","144,053,405",71.20,71.50,71.00,71.20,-0.10,"1,385",
112/02/09,"2,188,795","155,521,779",70.70,71.30,70.60,70.90,-0.30,"1,501",
112/02/10,"2,305,086","162,951,199",70.60,71.10,70.30,70.90, 0.00,"1,403",
112/02/13,"1,839,324","130,224,482",70.90,71.10,70.40,70.90, 0.00,"1,161",
112/02/14,"1,710,187","122,343,533",71.60,71.90,71.00,71.40,+0.50,"1,037",
112/02/15,"2,321,843","165,234,643",71.80,71.80,70.90,71.00,-0.40,"1,552",
112/02/16,"1,548,812","110,401,493",71.10,71.60,71.00,71.20,+0.20,964,
112/02/17,"997,015","71,172,905",71.20,71.50,71.00,71.50,+0.30,822,
112/02/20,"1,228,669","87,812,898",71.10,71.70,71.10,71.60,+0.10,974,
112/02/21,"1,104,494","79,012,336",71.50,71.70,71.20,71.60, 0.00,828,
112/02/22,"1,780,922","126,843,277",71.30,71.60,71.00,71.60, 0.00,"1,201",
112/02/23,"2,722,415","195,524,097",71.60,72.20,71.20,71.90,+0.30,"1,515",
112/02/24,"3,326,307","237,463,841",72.10,72.10,71.20,71.20,-0.70,"1,136",
112/03/01,"3,314,035","233,987,076",70.60,71.00,70.40,70.50,-0.70,"2,427",
112/03/02,"2,040,506","143,592,985",70.90,70.90,70.10,70.40,-0.10,"1,443",
112/03/03,"1,235,553","87,192,610",70.60,70.80,70.40,70.60,+0.20,957,
112/03/06,"3,664,815","259,139,645",70.50,71.20,70.20,70.90,+0.30,"2,056",
112/03/07,"1,736,538","122,948,143",70.90,71.00,70.50,70.90, 0.00,"1,227",
112/03/08,"2,319,207","164,310,766",70.60,71.10,70.50,71.10,+0.20,"1,688",
112/03/09,"2,818,885","198,351,510",71.00,71.00,70.20,70.20,-0.90,"2,074",
112/03/10,"5,001,984","347,710,654",70.00,70.00,69.20,69.40,-0.80,"3,768",
112/03/13,"2,842,902","196,084,255",69.20,69.30,68.60,69.10,-0.30,"1,922",
112/03/14,"3,525,956","241,482,726",68.60,69.00,68.30,68.40,-0.70,"2,607",
112/03/15,"2,542,580","173,765,170",68.50,68.70,68.00,68.00,-0.40,"2,042",
112/03/16,"4,455,796","300,253,974",67.50,68.00,67.10,67.50,-0.50,"3,285",
112/03/17,"6,035,674","412,596,672",67.60,69.20,67.30,68.50,+1.00,"1,978",
112/03/20,"1,783,261","121,420,819",68.50,68.50,67.80,68.00,-0.50,"1,361",
112/03/21,"1,695,970","115,582,011",68.20,68.60,68.00,68.10,+0.10,"1,436",
112/03/22,"2,353,313","161,202,798",68.50,68.90,68.20,68.30,+0.20,"1,591",
112/03/23,"3,055,169","211,603,413",68.90,69.70,68.50,69.60,+1.30,"1,889",
112/03/24,"2,249,036","154,810,715",69.60,69.60,68.60,68.80,-0.80,"1,687",
112/03/27,"1,600,891","110,659,378",68.80,69.50,68.70,69.40,+0.60,"1,112",
112/03/28,"1,760,769","122,096,991",69.40,69.60,69.00,69.50,+0.10,"1,211",
112/03/29,"2,481,389","172,669,884",69.50,69.90,69.40,69.80,+0.30,"1,323",
112/03/30,"2,347,722","162,547,408",69.90,69.90,68.90,69.40,-0.40,"1,613",
112/03/31,"2,448,676","169,767,944",69.40,69.80,69.00,69.10,-0.30,"1,269",
112/04/06,"1,800,936","124,106,377",69.50,69.50,68.50,68.80,-0.30,"1,388",
112/04/07,"1,147,898","79,410,681",68.90,69.40,68.80,69.40,+0.60,955,
112/04/10,"1,444,564","100,118,377",69.50,69.80,69.00,69.50,+0.10,996,
112/04/11,"2,332,719","162,916,281",69.50,70.00,69.20,70.00,+0.50,"1,546",
112/04/12,"2,363,889","165,545,908",70.00,70.20,69.70,70.10,+0.10,"1,361",
112/04/13,"1,704,058","119,282,030",70.30,70.30,69.80,70.10, 0.00,"1,237",
112/04/14,"2,038,155","142,887,244",70.20,70.30,69.80,70.20,+0.10,"1,311",
112/04/17,"1,984,453","138,379,588",70.20,70.20,69.40,69.90,-0.30,"1,479",
112/04/18,"1,679,478","116,557,735",69.70,69.90,69.10,69.50,-0.40,"1,211",
112/04/19,"2,199,034","152,397,595",69.70,69.80,68.90,69.20,-0.30,"1,779",
112/04/20,"1,476,707","101,440,874",68.80,68.90,68.50,68.80,-0.40,"1,154",
112/04/21,"1,842,625","127,230,600",68.70,69.30,68.70,69.30,+0.50,"1,175",
112/04/24,"1,464,436","101,443,617",69.30,69.60,68.60,69.40,+0.10,914,
112/04/25,"1,968,064","135,520,465",69.40,69.60,68.50,68.80,-0.60,"1,250",
112/04/26,"2,945,334","203,658,126",68.80,69.40,68.70,69.30,+0.50,"1,542",
112/04/27,"1,865,990","128,647,015",69.00,69.30,68.60,69.00,-0.30,"1,268",
112/04/28,"1,635,092","112,826,756",69.20,69.30,68.90,68.90,-0.10,960,
112/05/02,"1,932,731","133,494,205",68.90,69.30,68.80,69.30,+0.40,"1,312",
112/05/03,"1,251,810","86,098,908",69.00,69.00,68.60,68.80,-0.50,952,
112/05/04,"1,124,593","77,388,717",68.60,69.00,68.60,69.00,+0.20,643,
112/05/05,"670,102","46,201,269",69.20,69.20,68.70,69.00, 0.00,617,
112/05/08,"3,432,020","234,481,566",69.20,69.30,67.20,68.40,-0.60,"1,927",
112/05/09,"2,188,034","151,054,511",68.50,69.40,68.50,69.40,+1.00,"1,136",
112/05/10,"2,751,498","187,873,050",69.00,69.00,68.00,68.40,-1.00,"2,074",
112/05/11,"1,416,119","96,318,289",68.40,68.40,67.80,67.90,-0.50,"1,096",
112/05/12,"2,091,820","141,094,738",67.80,67.90,67.30,67.40,-0.50,"1,572",
112/05/15,"1,370,927","92,493,855",67.20,67.90,67.00,67.80,+0.40,"1,040",
112/05/16,"3,008,783","206,781,418",68.20,69.10,67.80,69.10,+1.30,"1,936",
112/05/17,"5,603,042","389,455,978",69.00,69.80,68.60,69.70,+0.60,"3,618",
112/05/18,"3,481,743","242,395,348",69.50,69.90,69.30,69.90,+0.20,"2,112",
112/05/19,"4,943,581","346,509,066",69.90,70.30,69.70,70.30,+0.40,"2,711",
112/05/22,"2,334,825","163,550,283",70.00,70.50,69.60,70.00,-0.30,"1,854",
112/05/23,"3,930,832","275,557,305",70.00,70.30,69.60,70.10,+0.10,"2,210",
112/05/24,"2,050,303","142,953,198",70.00,70.00,69.50,70.00,-0.10,"1,421",
112/05/25,"2,223,389","154,553,758",69.40,69.80,69.30,69.30,-0.70,"1,042",
112/05/26,"1,906,366","131,006,415",68.60,69.10,68.20,68.80,-0.50,"1,499",
112/05/29,"2,377,983","164,909,489",69.30,69.50,69.00,69.40,+0.60,"1,372",
112/05/30,"4,262,641","293,449,073",69.50,69.50,68.60,68.60,-0.80,"2,812",
112/05/31,"7,581,090","519,609,261",68.60,69.00,68.40,68.40,-0.20,"2,230",
112/06/01,"1,686,319","115,256,253",69.00,69.10,68.20,68.20,-0.20,"1,330",
112/06/02,"2,481,514","170,630,533",68.60,69.00,68.30,68.70,+0.50,"1,280",
112/06/05,"1,413,537","97,394,541",69.00,69.10,68.70,69.10,+0.40,"1,014",
112/06/06,"3,110,091","215,580,623",69.10,69.60,69.00,69.50,+0.40,"1,541",
112/06/07,"2,149,923","149,316,255",69.70,69.70,69.20,69.50, 0.00,"1,299",
112/06/08,"1,444,584","99,524,506",69.40,69.40,68.70,68.80,-0.70,"1,293",
112/06/09,"2,602,710","179,796,019",68.50,69.40,68.50,69.30,+0.50,"1,273",
112/06/12,"1,935,456","133,373,934",69.30,69.30,68.70,68.80,-0.50,"1,151",
112/06/13,"4,136,840","284,649,868",68.70,69.10,68.60,68.60,-0.20,"2,108",
112/06/14,"2,117,229","144,722,787",68.30,68.60,68.10,68.40,X0.00,"1,603",
112/06/15,"1,875,708","127,988,786",68.40,68.40,68.10,68.40, 0.00,"1,367",
112/06/16,"4,671,677","317,994,610",68.10,68.40,68.00,68.00,-0.40,"2,216",
112/06/19,"3,368,192","228,494,851",67.90,68.10,67.70,67.80,-0.20,"2,039",
112/06/20,"1,719,075","116,708,388",68.00,68.10,67.70,67.90,+0.10,"1,251",
112/06/21,"2,387,120","162,513,821",67.90,68.50,67.70,68.10,+0.20,"1,821",
112/06/26,"2,635,424","178,753,062",67.80,68.10,67.70,67.80,-0.30,"1,489",
112/06/27,"1,559,679","105,914,773",67.70,68.10,67.60,68.10,+0.30,"1,154",
112/06/28,"2,525,767","171,055,630",67.80,68.00,67.60,67.60,-0.50,"1,829",
112/06/29,"3,911,690","264,655,551",68.20,68.30,67.10,67.60, 0.00,"2,767",
112/06/30,"4,512,751","303,426,396",67.20,67.50,67.10,67.10,-0.50,"2,856",
112/07/03,"2,902,110","194,721,862",67.20,67.50,67.00,67.00,-0.10,"2,106",
112/07/04,"4,784,142","318,245,384",67.00,67.00,66.30,66.30,-0.70,"3,752",
112/07/05,"5,430,109","357,793,948",66.00,66.50,65.60,65.60,-0.70,"4,511",
112/07/06,"8,932,592","576,445,281",65.10,65.20,64.30,64.40,-1.20,"7,192",
112/07/07,"5,638,011","358,718,361",64.10,64.20,63.20,63.70,-0.70,"4,199",
112/07/10,"4,067,442","259,372,178",63.50,64.10,63.50,63.60,-0.10,"2,941",
112/07/11,"2,602,773","167,048,927",64.00,64.40,63.90,64.20,+0.60,"1,885",
112/07/12,"2,468,100","158,656,271",63.90,64.50,63.90,64.30,+0.10,"1,701",
112/07/13,"3,987,954","256,818,708",64.50,65.00,64.00,64.10,-0.20,"2,487",
112/07/14,"4,592,907","297,695,672",64.40,65.00,64.30,65.00,+0.90,"2,411",
112/07/17,"1,810,618","117,333,289",64.50,65.00,64.50,64.80,-0.20,"1,445",
112/07/18,"3,052,203","196,973,781",64.50,64.80,64.40,64.40,-0.40,"2,153",
112/07/19,"2,805,761","180,803,490",64.30,64.70,64.30,64.30,-0.10,"1,878",
112/07/20,"2,891,808","186,381,404",64.30,64.70,64.30,64.70,+0.40,"1,969",
112/07/21,"3,729,739","239,910,141",64.60,64.70,64.10,64.10,-0.60,"2,081",
112/07/24,"2,787,684","179,104,048",64.70,64.70,64.10,64.10, 0.00,"1,695",
112/07/25,"2,160,384","138,588,562",64.30,64.30,64.10,64.10, 0.00,"1,445",
112/07/26,"2,851,476","185,418,714",64.00,65.50,64.00,65.40,+1.30,"1,878",
112/07/27,"1,633,575","106,786,644",65.40,65.60,65.20,65.30,-0.10,"1,295",
112/07/28,"1,533,944","99,959,453",65.00,65.60,65.00,65.10,-0.20,"1,220",
112/07/31,"3,218,415","211,078,429",65.30,65.90,65.30,65.40,+0.30,"1,955",
112/08/01,"3,410,554","226,765,000",65.60,66.80,65.60,66.50,+1.10,"2,497",
112/08/02,"4,986,455","327,275,018",66.30,66.50,65.20,65.40,-1.10,"2,903",
112/08/04,"5,786,738","386,413,918",65.70,67.20,65.70,67.00,+1.60,"3,396",
112/08/07,"1,960,258","130,721,560",66.90,67.30,66.50,66.50,-0.50,"2,049",
112/08/08,"3,303,668","216,964,337",66.20,66.50,65.40,65.40,-1.10,"2,071",
112/08/09,"1,417,037","93,595,104",66.10,66.20,65.70,66.20,+0.80,"1,009",
112/08/10,"2,488,105","164,111,899",66.20,66.30,65.80,65.90,-0.30,"1,463",
112/08/11,"2,343,333","154,113,382",65.90,66.20,65.40,65.70,-0.20,"1,510",
112/08/14,"3,191,357","206,594,633",65.80,65.80,64.30,64.60,-1.10,"2,643",
112/08/15,"7,090,490","452,287,601",64.60,64.60,63.30,63.60,-1.00,"4,549",
112/08/16,"8,270,246","515,735,214",63.20,63.30,62.00,62.80,-0.80,"6,183",
112/08/17,"14,255,733","866,626,661",61.90,62.20,59.80,62.00,-0.80,"8,478",
112/08/18,"9,264,029","572,583,406",61.50,62.50,60.70,62.10,+0.10,"4,569",
112/08/21,"5,260,844","322,603,620",62.10,62.10,61.00,61.20,-0.90,"4,026",
112/08/22,"6,667,156","403,682,163",61.30,61.40,60.30,60.50,-0.70,"4,682",
112/08/23,"4,282,678","259,594,069",60.50,61.00,60.30,60.50, 0.00,"2,769",
112/08/24,"4,720,019","286,073,343",60.70,61.00,60.30,60.70,+0.20,"2,830",
112/08/25,"4,264,321","258,814,608",60.80,60.90,60.50,60.70, 0.00,"1,974",
112/08/28,"1,958,175","119,060,849",60.70,61.20,60.50,60.90,+0.20,"1,492",
112/08/29,"3,619,607","221,536,928",60.90,61.90,60.50,61.80,+0.90,"2,238",
112/08/30,"3,294,348","203,029,345",62.00,62.00,61.30,61.80, 0.00,"2,227",
112/08/31,"9,392,241","581,256,856",61.90,62.20,61.20,62.00,+0.20,"2,887",
112/09/01,"5,116,788","321,341,269",61.90,63.40,61.70,63.30,+1.30,"3,379",
112/09/04,"3,304,495","212,178,329",63.10,64.60,63.10,64.40,+1.10,"2,119",
112/09/05,"1,376,033","87,811,951",64.00,64.30,63.60,63.80,-0.60,"1,414",
112/09/06,"3,470,675","219,882,105",63.60,63.80,63.00,63.00,-0.80,"2,067",
112/09/07,"3,148,173","199,268,315",63.00,63.60,62.90,63.40,+0.40,"1,835",
112/09/08,"2,057,252","130,610,712",63.90,63.90,63.10,63.50,+0.10,"1,309",
112/09/11,"2,904,399","186,236,293",63.90,64.40,63.70,64.20,+0.70,"1,856",
112/09/12,"2,421,806","156,491,768",64.50,64.90,64.20,64.70,+0.50,"1,582",
112/09/13,"2,409,384","156,683,857",64.90,65.30,64.70,65.10,+0.40,"2,174",
112/09/14,"7,385,389","484,513,090",65.60,66.10,64.80,66.00,+0.90,"4,322",
112/09/15,"8,083,989","531,055,669",66.00,66.10,65.20,65.80,-0.20,"3,608",
112/09/18,"3,575,621","230,760,824",65.20,65.70,64.00,64.30,-1.50,"2,666",
112/09/19,"3,501,409","223,742,483",64.20,64.20,63.40,64.10,-0.20,"1,817",
112/09/20,"3,857,993","250,697,176",64.00,65.40,64.00,64.80,+0.70,"2,220",
112/09/21,"4,507,956","289,466,913",64.40,64.80,63.90,63.90,-0.90,"3,559",
112/09/22,"1,952,298","124,469,004",63.90,64.20,63.60,64.10,+0.20,"1,112",
112/09/25,"1,009,250","64,775,868",64.30,64.50,63.90,64.10, 0.00,817,
112/09/26,"3,128,699","198,484,923",63.60,64.00,63.10,63.20,-0.90,"2,186",
112/09/27,"5,946,522","368,857,022",62.90,62.90,61.60,61.70,-1.50,"4,744",
112/09/28,"4,033,537","248,206,135",62.10,62.30,61.10,61.50,-0.20,"3,121",
112/11/01,"2,269,184","138,221,845",61.00,61.10,60.80,60.80,-0.10,"1,473",
112/11/02,"2,593,228","159,128,016",61.50,61.70,61.20,61.20,+0.40,"1,675",
112/11/03,"3,596,295","223,006,361",61.40,62.30,61.40,62.30,+1.10,"1,958",
112/11/06,"4,850,992","305,231,844",63.00,63.20,62.50,63.20,+0.90,"2,308",
112/11/07,"2,559,216","161,310,389",63.20,63.20,62.70,63.20, 0.00,"1,316",
112/11/08,"2,692,575","168,710,949",63.00,63.00,62.30,62.80,-0.40,"1,468",
112/11/09,"2,272,349","142,804,511",62.50,63.10,62.40,62.80, 0.00,"1,019",
112/11/10,"1,087,329","68,097,080",62.50,62.80,62.40,62.60,-0.20,862,
112/11/13,"1,871,709","116,905,854",62.80,63.00,62.20,62.50,-0.10,"1,060",
112/11/14,"2,208,488","138,239,421",62.90,62.90,62.40,62.60,+0.10,"1,126",
112/11/15,"7,899,451","503,057,414",63.30,64.00,63.00,64.00,+1.40,"4,063",
112/11/16,"7,249,856","468,190,677",64.50,65.00,64.00,65.00,+1.00,"3,615",
112/11/17,"3,876,232","249,826,616",64.90,64.90,64.20,64.20,-0.80,"2,846",
112/11/20,"2,477,305","158,127,751",64.70,64.70,63.50,63.80,-0.40,"1,571",
112/11/21,"5,893,740","381,409,731",64.30,65.00,63.90,65.00,+1.20,"2,831",
112/11/22,"2,021,402","130,513,957",64.50,64.90,64.40,64.50,-0.50,"1,637",
112/11/23,"2,641,090","168,798,513",64.10,64.20,63.70,63.70,-0.80,"1,693",
112/11/24,"2,786,336","177,678,107",64.20,64.20,63.60,64.00,+0.30,"1,301",
112/11/27,"2,659,883","169,433,808",64.00,64.40,63.30,63.30,-0.70,"1,600",
112/11/28,"6,239,023","400,092,458",63.90,64.50,63.20,64.50,+1.20,"2,975",
112/11/29,"4,700,652","303,083,092",64.50,64.80,64.20,64.30,-0.20,"3,038",
112/11/30,"6,997,517","449,446,992",64.40,64.60,64.00,64.20,-0.10,"2,153",
113/01/02,"2,243,431","139,456,801",62.30,62.60,61.90,62.30, 0.00,"1,689",
113/01/03,"5,018,371","307,337,258",61.60,61.70,61.00,61.10,-1.20,"3,857",
113/01/04,"2,105,946","128,585,047",61.10,61.30,60.80,61.10, 0.00,"1,579",
113/01/05,"1,874,755","114,535,186",61.30,61.30,61.00,61.00,-0.10,"1,366",
113/01/08,"2,380,218","145,937,252",61.00,61.80,61.00,61.00, 0.00,"1,502",
113/01/09,"2,161,989","131,727,517",61.30,61.30,60.80,60.80,-0.20,"2,021",
113/01/10,"3,554,853","214,924,419",60.80,60.80,60.30,60.30,-0.50,"3,262",
113/01/11,"3,399,267","204,881,478",60.50,60.80,60.00,60.30, 0.00,"2,097",
113/01/12,"2,044,794","123,129,567",60.10,60.40,60.10,60.10,-0.20,"1,576",
113/01/15,"4,309,781","258,025,150",60.10,60.30,59.70,59.70,-0.40,"3,499",
113/01/16,"19,646,596","1,128,113,017",59.30,59.40,57.00,57.00,-2.70,"13,049",
113/01/17,"11,675,570","655,000,004",56.70,57.00,55.70,55.80,-1.20,"7,768",
113/01/18,"4,429,918","247,746,872",55.80,56.30,55.50,55.80, 0.00,"3,217",
113/01/19,"5,037,029","281,716,921",55.60,56.30,55.60,55.90,+0.10,"3,216",
113/01/22,"4,335,597","241,501,412",56.10,56.20,55.50,55.60,-0.30,"3,419",
113/01/23,"4,800,638","267,019,444",55.60,56.20,55.40,55.70,+0.10,"3,535",
113/01/24,"3,411,100","192,876,879",55.80,56.90,55.70,56.80,+1.10,"2,282",
113/01/25,"1,674,438","94,756,218",56.90,56.90,56.40,56.60,-0.20,"1,539",
113/01/26,"4,148,765","238,175,052",56.60,57.70,56.50,57.70,+1.10,"2,521",
113/01/29,"4,211,287","244,308,199",57.80,58.40,57.80,57.90,+0.20,"2,792",
113/01/30,"3,639,030","207,774,921",57.90,58.00,56.80,56.80,-1.10,"2,930",
113/01/31,"2,566,049","145,367,285",56.50,57.00,56.50,56.60,-0.20,"1,570",
113/02/01,"2,810,567","161,365,760",56.90,57.80,56.90,57.70,+1.10,"1,738",
113/02/02,"1,978,367","113,950,959",57.80,57.90,57.10,57.90,+0.20,"1,655",
113/02/05,"3,263,979","186,190,610",57.00,57.50,56.90,57.10,-0.80,"1,777",
113/02/15,"7,630,588","428,566,644",56.70,56.70,55.60,56.50,-0.60,"4,843",
113/02/16,"2,449,490","139,565,624",56.70,57.40,56.50,57.40,+0.90,"1,728",
113/02/19,"3,108,143","180,384,380",57.90,58.50,57.70,58.10,+0.70,"2,064",
113/02/20,"2,207,942","127,771,286",58.20,58.20,57.70,57.90,-0.20,"1,616",
113/02/21,"1,961,688","112,952,774",58.00,58.10,57.40,57.40,-0.50,"1,483",
113/02/22,"2,749,319","156,657,296",57.50,57.70,56.80,56.80,-0.60,"2,008",
113/02/23,"2,333,693","132,295,386",56.80,56.90,56.60,56.60,-0.20,"1,858",
113/02/26,"3,407,081","191,564,691",56.40,56.70,56.10,56.40,-0.20,"2,997",
113/02/27,"3,623,152","203,179,496",56.20,56.50,55.90,56.10,-0.30,"2,640",
113/02/29,"8,005,475","455,546,907",56.60,57.20,56.20,57.20,+1.10,"2,813",
113/03/01,"3,613,736","202,906,440",56.40,56.50,55.90,56.10,-1.10,"3,043",
113/03/04,"3,920,209","218,972,504",56.00,56.10,55.70,55.70,-0.40,"2,926",
113/03/05,"6,766,136","373,830,109",55.50,55.80,55.00,55.00,-0.70,"5,270",
113/03/06,"3,411,996","188,067,638",55.10,55.60,55.00,55.00, 0.00,"2,424",
113/03/07,"4,671,159","255,972,808",55.00,55.30,54.50,55.00, 0.00,"3,401",
113/03/08,"5,457,535","298,129,003",54.90,54.90,54.40,54.80,-0.20,"3,644",
113/03/11,"3,290,262","181,254,868",54.80,55.70,54.80,55.30,+0.50,"2,288",
113/03/12,"2,462,669","137,049,801",55.50,55.80,55.50,55.70,+0.40,"1,610",
113/03/13,"4,563,417","251,171,629",55.70,55.70,54.80,54.90,-0.80,"2,927",
113/03/14,"4,594,585","255,410,742",55.10,55.90,55.00,55.90,+1.00,"2,860",
113/03/15,"5,259,116","292,080,418",56.10,56.20,55.20,55.60,-0.30,"1,968",
113/03/18,"2,330,713","128,707,625",55.60,55.60,55.10,55.10,-0.50,"1,998",
113/03/19,"3,724,201","204,326,837",54.90,55.10,54.70,54.70,-0.40,"2,592",
113/03/20,"9,293,148","499,300,344",54.60,54.70,53.50,53.70,-1.00,"6,468",
113/03/21,"6,121,453","334,115,397",53.70,55.20,53.70,54.90,+1.20,"3,385",
113/03/22,"3,399,087","185,336,329",54.90,54.90,54.30,54.60,-0.30,"3,075",
113/03/25,"2,229,528","121,549,615",54.20,54.80,54.10,54.60, 0.00,"1,534",
113/03/26,"7,368,251","408,033,939",54.70,55.70,54.20,55.60,+1.00,"3,518",
113/03/27,"2,461,787","136,064,850",55.20,55.60,55.10,55.10,-0.50,"1,790",
113/03/28,"3,507,842","192,135,969",55.10,55.40,54.50,54.70,-0.40,"2,383",
113/03/29,"4,418,381","244,618,188",55.00,55.70,54.90,55.20,+0.50,"2,116",
113/04/01,"5,360,441","300,371,432",55.20,56.40,55.20,56.10,+0.90,"3,819",
113/04/02,"2,929,638","163,251,804",56.00,56.00,55.50,55.90,-0.20,"1,979",
113/04/03,"5,103,527","282,151,485",55.80,55.80,55.00,55.10,-0.80,"3,514",
113/04/08,"3,257,298","179,015,664",55.10,55.20,54.60,55.10, 0.00,"2,387",
113/04/09,"4,291,367","239,313,891",55.00,56.10,55.00,55.90,+0.80,"2,434",
113/04/10,"3,512,921","197,406,773",56.00,56.50,56.00,56.10,+0.20,"2,177",
113/04/11,"4,464,174","247,490,436",55.80,55.90,55.20,55.50,-0.60,"2,963",
113/04/12,"5,220,874","287,258,802",55.10,55.30,54.70,55.30,-0.20,"2,743",
113/04/15,"3,937,131","217,567,705",55.30,55.70,55.00,55.00,-0.30,"2,264",
113/04/16,"7,798,259","421,640,773",54.70,54.90,53.60,53.90,-1.10,"4,995",
113/04/17,"5,466,280","293,074,352",53.90,54.00,53.40,53.60,-0.30,"3,845",
113/04/18,"5,089,352","272,830,246",53.50,54.00,53.30,53.60, 0.00,"3,298",
113/04/19,"12,928,967","681,845,012",53.30,53.90,52.30,52.40,-1.20,"7,704",
113/04/22,"10,811,833","588,766,160",53.10,55.30,53.00,55.10,+2.70,"5,303",
113/04/23,"4,773,060","262,667,591",55.20,55.30,54.70,54.90,-0.20,"3,634",
113/04/24,"2,688,857","147,942,632",55.20,55.40,54.80,54.80,-0.10,"2,039",
113/04/25,"4,253,920","229,618,653",54.60,54.90,53.70,54.00,-0.80,"2,764",
113/04/26,"3,012,839","162,675,830",53.70,54.40,53.70,53.90,-0.10,"1,515",
113/04/29,"6,897,615","381,347,648",54.20,55.80,54.20,55.80,+1.90,"3,439",
113/04/30,"7,443,345","414,847,670",55.60,56.10,55.10,55.50,-0.30,"4,483",
113/05/02,"2,686,761","149,386,976",55.50,56.00,55.30,55.70,+0.20,"2,495",
113/05/03,"6,648,207","375,416,919",56.00,57.00,56.00,56.10,+0.40,"4,240",
113/05/06,"4,783,230","270,857,486",56.70,57.00,56.20,56.50,+0.40,"3,221",
113/05/07,"3,444,718","193,869,567",56.70,56.90,56.00,56.30,-0.20,"2,053",
113/05/08,"4,810,945","272,044,001",56.60,56.80,56.20,56.40,+0.10,"2,607",
113/05/09,"3,007,164","169,139,038",56.40,56.60,55.90,56.10,-0.30,"1,598",
113/05/10,"2,577,532","145,213,537",56.20,56.70,55.90,56.60,+0.50,"2,051",
113/05/13,"3,033,803","171,754,108",56.70,57.10,56.20,56.60, 0.00,"2,463",
113/05/14,"3,716,322","210,536,198",56.60,57.20,56.20,56.40,-0.20,"2,234",
113/05/15,"5,797,651","329,069,212",56.70,57.20,56.40,56.40, 0.00,"3,373",
113/05/16,"7,069,719","402,672,246",57.00,57.40,56.60,57.00,+0.60,"3,793",
113/05/17,"6,022,457","343,946,729",57.20,57.70,56.60,56.60,-0.40,"3,299",
113/05/20,"3,651,766","208,365,223",57.20,57.40,56.60,57.20,+0.60,"2,576",
113/05/21,"4,717,490","266,359,961",57.40,57.50,56.10,56.30,-0.90,"3,559",
113/05/22,"3,624,656","203,945,199",56.20,56.50,56.10,56.20,-0.10,"1,891",
113/05/23,"5,860,116","323,091,985",55.60,56.00,54.70,54.80,-1.40,"4,261",
113/05/24,"4,412,353","239,426,705",54.70,54.70,54.00,54.20,-0.60,"2,859",
113/05/27,"5,814,792","312,300,558",54.00,54.00,53.40,53.90,-0.30,"3,754",
113/05/28,"4,267,726","233,550,921",54.00,55.10,54.00,55.00,+1.10,"2,298",
113/05/29,"5,651,347","306,352,889",54.60,54.80,53.90,53.90,-1.10,"3,560",
113/05/30,"6,048,937","323,671,917",53.50,53.90,53.30,53.30,-0.60,"4,163",
113/05/31,"13,495,417","716,781,417",53.50,53.90,52.90,52.90,-0.40,"4,920",
113/06/03,"4,524,585","238,867,303",53.00,53.20,52.60,52.60,-0.30,"3,746",
113/06/04,"9,638,443","500,646,633",52.50,52.60,51.70,51.70,-0.90,"7,037",
113/06/05,"5,390,757","277,120,393",51.60,51.80,51.20,51.20,-0.50,"3,945",
113/06/06,"5,910,421","301,447,426",50.90,51.40,50.90,50.90,-0.30,"4,202",
113/06/07,"4,357,034","224,994,927",51.00,52.10,51.00,52.00,+1.10,"2,723",
113/06/11,"6,234,254","326,466,120",52.10,52.90,52.00,52.10,+0.10,"3,341",
113/06/12,"3,631,567","188,916,230",51.90,52.50,51.80,51.80,-0.30,"2,295",
113/06/13,"5,513,152","285,503,830",52.00,52.40,51.40,51.70,-0.10,"3,310",
113/06/14,"3,588,227","186,164,341",51.60,52.20,51.50,52.10,+0.40,"2,020",
113/06/17,"3,683,381","190,673,264",52.10,52.10,51.60,51.60,-0.50,"2,460",
113/06/18,"8,254,402","424,286,251",51.70,52.20,50.90,51.60, 0.00,"4,738",
113/06/19,"10,338,524","533,023,468",51.60,52.00,51.20,51.40,-0.20,"4,657",
113/06/20,"9,332,099","486,415,781",52.00,52.50,51.60,52.40,+1.00,"4,389",
113/06/21,"9,228,470","484,477,734",52.50,53.10,52.30,52.40, 0.00,"3,565",
113/06/24,"7,396,715","382,147,462",52.50,52.60,51.30,51.50,-0.90,"4,911",
113/06/25,"7,198,255","368,183,371",52.20,52.20,50.90,51.20,-0.30,"4,000",
113/06/26,"12,542,283","631,542,751",51.00,51.10,50.10,50.10,-1.10,"7,893",
113/06/27,"10,002,768","496,461,518",49.85,50.40,49.30,49.65,-0.45,"6,306",
113/06/28,"5,294,091","266,530,879",49.70,50.80,49.60,50.40,+0.75,"2,655",
106/01/03,"5,092,728","495,845,424",95.80,98.00,95.70,97.30,+1.00,"2,548",
106/01/04,"3,577,580","348,231,833",97.30,97.70,96.90,97.20,-0.10,"2,203",
106/01/05,"5,148,936","503,185,042",97.40,98.10,96.90,98.00,+0.80,"2,802",
106/01/06,"4,697,146","456,894,562",97.60,98.00,96.80,97.70,-0.30,"2,239",
106/01/09,"4,362,388","424,366,144",97.50,97.80,96.70,97.20,-0.50,"1,870",
106/01/10,"8,445,914","804,116,484",95.00,95.60,94.80,95.60,-1.60,"3,703",
106/01/11,"4,760,321","455,289,713",96.50,96.70,95.20,95.70,+0.10,"1,950",
106/01/12,"8,764,504","854,726,824",96.20,98.00,95.70,98.00,+2.30,"4,103",
106/01/13,"6,288,410","618,630,595",98.00,98.70,97.60,98.70,+0.70,"3,194",
106/01/16,"3,512,093","342,166,421",98.30,98.30,96.80,97.50,-1.20,"1,696",
106/01/17,"3,182,775","311,609,052",97.00,98.30,97.00,97.90,+0.40,"1,202",
106/01/18,"12,706,803","1,204,566,080",96.40,96.60,92.40,94.40,-3.50,"6,560",
106/01/19,"5,636,004","531,930,574",94.40,95.00,93.40,94.70,+0.30,"3,090",
106/01/20,"4,267,079","408,006,235",94.90,96.10,93.70,96.00,+1.30,"2,257",
106/01/23,"4,975,902","482,065,716",96.30,97.10,96.10,96.80,+0.80,"2,576",
106/01/24,"3,421,097","331,404,853",96.90,97.00,96.20,96.80, 0.00,"2,010",
113/08/01,"6,212,344","309,699,679",49.85,50.20,49.50,49.85, 0.00,"2,887",
113/08/02,"8,157,613","399,585,155",49.15,49.45,48.70,49.10,-0.75,"5,323",
113/08/05,"12,859,282","594,169,114",47.85,47.85,45.40,46.00,-3.10,"7,717",
113/08/06,"10,133,719","470,152,971",46.50,47.50,44.70,47.40,+1.40,"5,731",
113/08/07,"4,607,940","218,551,746",46.30,47.80,46.30,47.70,+0.30,"3,867",
113/08/08,"8,267,245","380,799,830",46.50,46.50,45.70,45.85,-1.85,"5,367",
113/08/09,"6,943,121","324,342,636",46.00,47.25,46.00,46.70,+0.85,"3,804",
113/08/12,"5,175,134","239,917,078",46.60,46.80,46.15,46.30,-0.40,"3,192",
113/08/13,"9,991,297","453,757,950",46.30,46.30,45.00,45.05,-1.25,"6,416",
113/08/14,"8,901,744","408,284,665",45.35,46.65,45.30,45.45,+0.40,"4,319",
113/08/15,"7,022,797","317,420,470",46.00,46.00,44.90,45.05,-0.40,"4,490",
113/08/16,"7,966,306","361,695,352",45.75,45.90,45.05,45.05, 0.00,"4,053",
113/08/19,"5,372,930","241,629,130",45.10,45.25,44.85,44.90,-0.15,"3,018",
113/08/20,"14,715,829","649,521,639",44.90,44.95,43.95,44.00,-0.90,"8,495",
113/08/21,"8,372,039","367,288,040",43.80,44.10,43.65,43.95,-0.05,"4,320",
113/08/22,"7,725,462","341,669,162",44.00,44.60,43.85,44.30,+0.35,"3,644",
113/08/23,"11,795,076","511,302,703",44.10,44.10,43.05,43.20,-1.10,"7,984",
113/08/26,"11,442,908","502,442,107",43.20,44.25,43.20,44.05,+0.85,"5,296",
113/08/27,"6,082,575","266,689,035",43.95,44.15,43.35,44.05, 0.00,"3,107",
113/08/28,"2,828,539","124,079,596",43.95,44.10,43.70,43.95,-0.10,"2,048",
113/08/29,"4,621,649","202,530,533",43.50,44.05,43.50,43.70,-0.25,"2,714",
113/08/30,"11,736,537","514,803,885",43.70,44.30,43.70,43.80,+0.10,"3,260",
113/09/02,"9,139,887","392,291,197",43.80,43.80,42.60,42.65,-1.15,"6,550",
113/09/03,"9,473,574","398,344,631",42.50,42.60,41.90,41.90,-0.75,"5,109",
113/09/04,"24,298,606","966,814,156",40.55,40.70,39.30,39.40,-2.50,"14,162",
113/09/05,"14,625,547","569,539,275",39.70,39.75,38.50,38.70,-0.70,"9,192",
113/09/06,"8,165,281","316,884,521",38.60,39.30,38.25,38.85,+0.15,"5,064",
113/09/09,"19,706,914","739,819,339",38.00,38.05,37.35,37.35,-1.50,"10,840",
113/09/10,"18,561,078","685,390,695",37.35,37.40,36.70,36.75,-0.60,"9,861",
113/09/11,"9,537,806","356,895,463",36.85,37.80,36.80,37.50,+0.75,"5,495",
113/09/12,"10,789,107","408,214,443",38.35,38.40,37.55,37.90,+0.40,"5,561",
113/09/13,"13,045,604","510,823,125",37.80,39.95,37.80,39.40,+1.50,"7,407",
113/09/16,"17,974,807","726,989,495",39.65,41.00,39.35,40.65,+1.25,"9,893",
113/09/18,"11,923,400","487,997,198",40.90,41.30,40.55,40.65, 0.00,"7,479",
113/09/19,"7,429,911","302,267,175",40.65,41.00,40.20,41.00,+0.35,"3,962",
113/09/20,"13,268,343","546,693,373",41.10,41.60,40.80,41.20,+0.20,"5,254",
113/09/23,"7,707,551","316,070,583",41.60,41.65,40.50,40.80,-0.40,"4,514",
113/09/24,"7,047,397","286,885,237",40.55,41.05,40.20,41.00,+0.20,"3,493",
113/09/25,"10,652,235","443,834,775",41.50,41.95,41.15,41.95,+0.95,"6,320",
113/09/26,"5,504,770","230,550,689",42.40,42.40,41.55,41.85,-0.10,"3,736",
113/09/27,"20,867,958","910,423,139",42.20,44.50,42.05,44.30,+2.45,"10,022",
113/09/30,"13,235,958","581,532,512",43.85,44.50,43.45,43.45,-0.85,"10,606",
113/10/01,"6,473,258","279,228,536",43.45,43.50,42.70,43.35,-0.10,"3,845",
113/10/04,"12,892,631","568,865,403",43.05,45.45,43.05,43.35, 0.00,"6,616",
113/10/07,"8,967,085","384,999,346",43.60,43.95,42.40,43.30,-0.05,"4,613",
113/10/08,"9,368,968","396,248,834",42.75,43.20,41.85,42.10,-1.20,"4,709",
113/10/09,"8,205,949","339,575,819",42.10,42.10,41.00,41.25,-0.85,"3,939",
113/10/11,"4,368,669","181,321,298",41.75,42.05,41.15,41.20,-0.05,"2,604",
113/10/14,"9,891,246","393,606,670",40.10,40.25,39.50,39.95,-1.25,"5,681",
113/10/15,"7,134,120","283,729,454",39.80,40.10,39.55,39.80,-0.15,"3,714",
113/10/16,"8,998,016","350,745,350",39.25,39.45,38.70,39.00,-0.80,"5,678",
113/10/17,"11,092,385","446,163,851",39.40,40.65,39.20,40.30,+1.30,"3,846",
113/10/18,"5,305,713","213,101,557",40.10,40.50,39.90,40.10,-0.20,"3,137",
113/10/21,"10,727,181","420,988,954",40.50,40.50,38.85,38.90,-1.20,"6,167",
113/10/22,"4,014,764","155,063,128",38.90,38.95,38.40,38.65,-0.25,"2,805",
113/10/23,"4,836,776","186,245,608",38.75,39.05,38.30,38.30,-0.35,"3,223",
113/10/24,"5,377,087","207,695,642",38.30,38.95,38.10,38.55,+0.25,"2,958",
113/10/25,"3,510,625","135,564,861",38.85,39.05,38.40,38.50,-0.05,"2,281",
113/10/28,"7,311,372","287,083,915",38.80,39.75,38.65,39.65,+1.15,"4,016",
113/10/29,"7,018,403","272,941,675",39.30,39.50,38.60,38.90,-0.75,"4,152",
113/10/30,"4,747,834","183,983,772",39.20,39.30,38.60,38.70,-0.20,"2,543",
113/11/01,"9,051,874","345,802,451",38.45,38.60,37.80,38.40,-0.30,"5,165",
113/11/04,"2,990,055","114,748,701",38.15,38.50,38.15,38.40, 0.00,"2,013",
113/11/05,"5,912,942","226,639,014",38.40,38.70,38.05,38.40, 0.00,"3,632",
113/11/06,"6,003,949","230,877,018",38.30,38.85,38.15,38.35,-0.05,"3,533",
113/11/07,"7,320,216","286,306,462",38.15,39.50,38.15,39.35,+1.00,"4,182",
113/11/08,"7,626,826","295,335,671",39.50,39.50,38.30,38.30,-1.05,"5,502",
113/11/11,"11,264,325","419,160,587",38.10,38.10,36.90,37.15,-1.15,"7,036",
113/11/12,"11,894,990","432,494,685",36.80,36.80,36.10,36.10,-1.05,"7,091",
113/11/13,"14,156,619","504,210,422",35.90,36.00,35.40,35.55,-0.55,"7,876",
113/11/14,"11,498,766","401,581,904",35.45,35.60,34.65,34.80,-0.75,"6,286",
113/11/15,"9,601,533","340,591,307",34.80,36.20,34.80,35.40,+0.60,"4,158",
113/11/18,"17,455,939","633,292,084",35.90,36.90,35.75,36.25,+0.85,"8,012",
113/11/19,"6,729,668","242,760,533",36.25,36.45,35.55,36.45,+0.20,"4,475",
113/11/20,"7,548,732","269,937,363",36.15,36.25,35.50,35.65,-0.80,"4,315",
113/11/21,"7,542,941","264,726,341",35.35,35.45,34.90,35.20,-0.45,"3,820",
113/11/22,"5,726,424","202,316,901",35.45,35.90,35.20,35.20, 0.00,"3,204",
113/11/25,"16,673,214","601,770,862",35.80,36.20,35.60,36.20,+1.00,"3,396",
113/11/26,"7,541,957","270,914,163",36.15,36.65,35.60,35.65,-0.55,"3,947",
113/11/27,"7,256,594","255,361,992",35.80,35.80,34.80,34.80,-0.85,"4,208",
113/11/28,"11,429,783","394,873,044",34.95,35.05,34.25,34.80, 0.00,"4,961",
113/11/29,"13,281,234","451,312,045",34.35,34.35,33.80,33.85,-0.95,"6,672",
113/12/02,"11,071,956","373,708,314",34.05,34.25,33.50,33.70,-0.15,"4,947",
113/12/03,"12,701,939","436,595,420",33.95,34.85,33.95,34.65,+0.95,"5,163",
113/12/04,"7,637,392","262,004,412",34.80,34.95,34.05,34.10,-0.55,"4,255",
113/12/05,"7,926,683","267,283,549",34.15,34.30,33.50,33.50,-0.60,"4,136",
113/12/06,"9,998,852","334,081,723",33.40,33.75,33.20,33.30,-0.20,"7,770",
113/12/09,"14,809,529","492,243,869",33.65,33.95,32.70,33.15,-0.15,"6,879",
113/12/10,"12,287,445","410,971,423",33.30,34.20,32.90,33.15, 0.00,"5,657",
113/12/11,"11,142,219","362,759,593",32.95,33.05,32.35,32.35,-0.80,"7,312",
113/12/12,"19,830,437","627,315,514",32.45,32.55,31.15,31.20,-1.15,"11,106",
113/12/13,"15,405,752","472,298,790",30.90,31.05,30.40,30.45,-0.75,"7,644",
113/12/16,"17,110,926","516,053,054",30.30,30.85,29.90,29.90,-0.55,"8,377",
113/12/17,"19,067,234","569,478,739",30.00,30.35,29.55,29.55,-0.35,"8,602",
113/12/18,"19,812,907","595,517,933",29.60,30.80,29.55,30.35,+0.80,"8,449",
113/12/19,"14,293,009","429,193,326",30.00,30.40,29.75,30.15,-0.20,"6,609",
113/12/20,"26,864,898","781,757,508",29.85,30.00,28.75,28.75,-1.40,"11,669",
113/12/23,"12,033,325","350,620,212",28.75,29.50,28.75,29.25,+0.50,"5,435",
113/12/24,"11,105,799","327,742,295",29.35,29.95,29.15,29.20,-0.05,"5,281",
113/12/25,"10,239,693","297,543,777",29.55,29.60,28.80,28.80,-0.40,"5,782",
113/12/26,"11,180,029","321,525,643",28.95,29.30,28.50,28.50,-0.30,"8,173",
113/12/27,"14,457,379","409,911,148",28.70,28.70,28.05,28.60,+0.10,"7,070",
113/12/30,"15,893,547","444,069,924",28.60,28.60,27.60,27.60,-1.00,"8,703",
113/12/31,"10,995,204","301,169,586",27.60,27.70,27.20,27.30,-0.30,"5,926",
114/02/03,"19,528,711","538,719,214",27.70,28.55,26.80,27.70,-0.40,"8,262",
114/02/04,"14,470,434","390,943,944",27.80,27.80,26.65,26.65,-1.05,"7,878",
114/02/05,"14,942,823","398,162,130",26.85,27.40,26.25,26.40,-0.25,"7,519",
114/02/06,"7,570,620","201,586,821",26.40,27.00,26.30,26.90,+0.50,"4,423",
114/02/07,"11,008,192","288,979,139",26.90,26.90,26.05,26.10,-0.80,"7,257",
114/02/10,"9,805,701","256,555,531",26.05,26.50,26.00,26.05,-0.05,"4,855",
114/02/11,"13,512,854","354,758,217",26.30,26.75,25.95,26.00,-0.05,"7,385",
114/02/12,"25,748,381","690,526,922",26.05,27.35,25.95,26.70,+0.70,"12,923",
114/02/13,"27,706,053","771,196,609",26.80,28.40,26.60,28.35,+1.65,"12,521",
114/02/14,"28,572,133","815,894,618",28.50,29.20,27.90,28.80,+0.45,"10,381",
114/02/17,"23,176,561","674,149,166",29.00,29.50,28.30,29.30,+0.50,"9,111",
114/02/18,"16,658,175","476,481,182",29.30,29.35,28.25,28.55,-0.75,"7,852",
114/02/19,"15,007,920","433,646,829",28.35,29.35,28.35,29.05,+0.50,"6,309",
114/02/20,"15,366,813","447,277,658",29.20,29.65,28.70,29.00,-0.05,"6,473",
114/02/21,"9,293,033","270,983,791",29.00,29.40,28.70,29.40,+0.40,"4,650",
114/02/24,"14,305,164","422,571,502",29.25,29.85,29.05,29.75,+0.35,"5,386",
114/02/25,"29,988,858","910,169,238",29.50,30.90,29.35,30.55,+0.80,"11,153",
114/02/26,"18,659,085","561,607,329",30.55,30.60,29.80,30.05,-0.50,"8,108",
114/02/27,"23,572,949","699,473,699",30.05,30.30,29.30,29.70,-0.35,"7,700",
114/03/03,"16,852,157","489,796,121",29.45,29.60,28.80,28.80,-0.90,"7,270",
114/03/04,"20,064,818","561,786,280",28.35,28.40,27.70,28.10,-0.70,"7,967",
114/03/05,"27,138,847","797,314,253",28.15,30.10,28.05,29.95,+1.85,"10,010",
114/03/06,"19,590,123","575,743,871",29.95,30.00,29.05,29.25,-0.70,"10,202",
114/03/07,"16,834,534","487,760,250",29.00,29.30,28.65,29.10,-0.15,"6,447",
114/03/10,"15,924,328","469,874,504",29.15,29.90,29.00,29.60,+0.50,"5,774",
114/03/11,"21,602,600","620,919,683",29.00,29.35,28.20,29.10,-0.50,"8,589",
114/03/12,"12,654,525","364,807,342",29.05,29.15,28.60,28.90,-0.20,"5,499",
114/03/13,"19,135,307","541,228,548",28.95,29.05,27.85,27.85,-1.05,"8,382",
114/03/14,"16,346,026","469,484,972",28.05,29.00,28.00,28.85,+1.00,"6,423",
114/03/17,"16,966,058","498,162,614",29.05,29.90,28.65,29.30,+0.45,"6,973",
114/03/18,"19,826,655","588,599,127",29.35,30.25,29.25,29.45,+0.15,"7,976",
114/03/19,"15,778,296","457,691,203",29.45,29.45,28.75,29.00,-0.45,"6,830",
114/03/20,"12,552,362","369,329,168",29.10,29.75,29.05,29.50,+0.50,"5,503",
114/03/21,"77,418,153","2,218,646,377",29.40,29.40,28.45,28.65,-0.85,"10,020",
114/03/24,"13,138,477","374,279,499",28.80,28.95,28.20,28.25,-0.40,"6,676",
114/03/25,"10,538,980","297,670,389",28.40,28.75,28.00,28.00,-0.25,"4,855",
114/03/26,"9,127,451","255,131,888",28.15,28.30,27.80,27.85,-0.15,"4,090",
114/03/27,"9,510,942","264,359,135",27.85,28.00,27.50,27.95,+0.10,"4,534",
114/03/28,"19,550,293","530,183,832",27.90,27.90,26.75,26.90,-1.05,"9,323",
114/03/31,"18,575,824","486,781,555",26.15,26.55,26.00,26.05,-0.85,"7,225",
114/04/01,"10,782,790","290,775,634",26.15,27.40,26.15,27.20,+1.15,"4,948",
114/04/02,"9,220,334","252,268,305",27.00,27.70,26.65,27.65,+0.45,"3,742",
114/04/07,"5,138,417","127,946,094",24.90,24.90,24.90,24.90,-2.75,"3,293",
114/04/08,"27,689,741","695,599,594",24.80,25.70,24.70,25.35,+0.45,"9,750",
114/04/09,"29,358,648","692,777,311",24.70,24.95,22.85,22.85,-2.50,"12,984",
114/04/10,"14,031,357","351,414,119",25.05,25.10,24.40,25.10,+2.25,"4,419",
114/04/11,"17,190,863","427,013,760",24.10,25.15,24.05,25.10, 0.00,"5,576",
114/04/14,"14,376,442","365,631,267",24.90,25.85,24.90,25.45,+0.35,"5,453",
114/04/15,"11,867,652","309,585,822",25.55,26.45,25.50,26.45,+1.00,"5,171",
114/04/16,"15,251,182","389,437,525",26.15,26.25,25.10,25.35,-1.10,"7,174",
114/04/17,"5,775,869","146,720,190",25.35,25.70,25.10,25.50,+0.15,"2,318",
114/04/18,"4,163,340","105,609,643",25.55,25.55,25.25,25.30,-0.20,"2,183",
114/04/21,"7,740,349","191,842,545",25.20,25.20,24.60,24.60,-0.70,"3,360",
114/04/22,"5,043,195","123,701,681",24.45,24.80,24.15,24.55,-0.05,"2,396",
114/04/23,"6,612,027","166,691,717",25.05,25.40,24.85,25.35,+0.80,"3,122",
114/04/24,"5,967,249","149,481,139",25.30,25.45,24.80,24.85,-0.50,"2,819",
114/04/25,"5,326,276","134,079,018",25.20,25.30,25.05,25.05,+0.20,"2,594",
114/04/28,"7,277,957","180,195,569",25.15,25.20,24.60,24.75,-0.30,"3,561",
114/04/29,"6,925,120","173,536,054",24.85,25.35,24.60,25.10,+0.35,"3,228",
114/04/30,"6,096,298","152,103,786",25.05,25.10,24.85,24.90,-0.20,"2,514",
114/05/02,"6,777,633","168,768,529",25.15,25.15,24.65,25.00,+0.10,"2,713",
114/05/05,"22,836,226","590,102,131",25.10,26.40,25.10,26.20,+1.20,"8,295",
114/05/06,"16,922,046","443,464,486",26.40,26.80,25.80,26.00,-0.20,"6,928",
114/05/07,"14,087,825","374,456,558",26.30,26.80,26.10,26.50,+0.50,"5,503",
114/05/08,"14,982,852","384,754,903",26.20,26.25,25.35,25.35,-1.15,"7,718",
114/05/09,"7,846,836","199,941,950",25.45,25.70,25.20,25.65,+0.30,"3,645",
114/05/12,"7,128,254","185,625,442",25.90,26.20,25.85,26.00,+0.35,"2,979",
114/05/13,"8,363,872","215,913,888",26.20,26.20,25.65,25.80,-0.20,"3,606",
114/05/14,"8,811,282","228,837,544",26.00,26.20,25.70,26.00,+0.20,"3,485",
114/05/15,"5,633,653","145,546,058",26.05,26.10,25.70,25.70,-0.30,"2,546",
114/05/16,"7,597,343","194,451,715",25.95,25.95,25.40,25.60,-0.10,"3,678",
114/05/19,"5,868,763","149,446,842",25.55,25.80,25.20,25.40,-0.20,"2,844",
114/05/20,"3,932,537","100,750,790",25.60,25.75,25.50,25.65,+0.25,"2,023",
114/05/21,"4,889,386","125,774,923",25.70,25.85,25.50,25.80,+0.15,"2,648",
114/05/22,"10,950,548","275,554,154",25.65,25.65,25.00,25.00,-0.80,"4,198",
114/05/23,"5,547,684","138,693,390",25.05,25.20,24.85,24.90,-0.10,"2,768",
114/05/26,"7,719,783","192,622,500",25.00,25.40,24.70,24.70,-0.20,"3,443",
114/05/27,"10,110,421","249,636,675",24.80,25.30,24.30,24.30,-0.40,"4,676",
114/05/28,"8,028,861","195,599,672",24.55,24.85,24.15,24.35,+0.05,"3,865",
114/05/29,"12,063,319","290,113,657",24.55,24.55,23.90,23.95,-0.40,"3,740",
114/06/02,"13,575,520","313,514,368",23.90,23.95,22.90,22.95,-1.00,"6,917",
114/06/03,"8,606,499","198,079,449",23.00,23.25,22.85,23.00,+0.05,"4,706",
114/06/04,"8,655,415","203,109,032",23.15,23.80,23.15,23.30,+0.30,"3,783",
114/06/05,"6,505,905","154,413,082",23.30,24.05,23.20,23.80,+0.50,"3,397",
114/06/06,"10,276,948","251,829,287",23.85,24.80,23.75,24.65,+0.85,"5,090",
114/06/09,"5,753,981","142,145,060",24.90,24.90,24.45,24.65, 0.00,"2,951",
114/06/10,"11,168,477","278,866,882",24.55,25.40,24.55,24.70,+0.05,"4,228",
114/06/11,"6,499,998","161,573,901",24.75,25.00,24.60,25.00,+0.30,"3,323",
114/06/12,"5,976,975","150,325,292",24.95,25.40,24.90,25.05,+0.05,"2,682",
114/06/13,"12,840,075","321,156,672",24.90,25.30,24.65,25.05, 0.00,"4,896",
114/06/16,"10,305,124","259,109,311",25.15,25.55,24.65,25.00,-0.05,"4,483",
114/06/17,"14,872,035","360,222,613",25.05,25.10,23.80,23.90,-1.10,"6,569",
114/06/18,"8,322,729","198,299,971",23.95,24.05,23.70,23.70,-0.20,"4,782",
114/06/19,"14,940,139","347,761,571",23.60,23.75,23.00,23.00,-0.70,"6,172",
114/06/20,"26,649,186","601,841,011",23.05,23.20,22.40,22.45,-0.55,"8,521",
114/06/23,"14,599,671","322,781,096",22.35,22.50,21.75,22.30,-0.15,"7,005",
114/06/24,"8,520,255","194,025,030",22.50,22.95,22.35,22.85,+0.55,"3,682",
114/06/25,"7,458,908","171,473,481",22.90,23.20,22.80,22.80,-0.05,"3,471",
114/06/26,"14,899,768","352,004,955",22.85,24.10,22.85,23.40,+0.60,"6,668",
114/06/27,"9,162,650","216,040,767",23.60,23.95,23.35,23.55,+0.15,"4,147",
114/06/30,"10,733,893","247,559,881",23.55,23.55,22.90,22.90,-0.65,"4,142",
114/07/01,"7,356,995","168,305,843",22.55,23.15,22.50,22.85,X0.00,"3,397",
114/07/02,"4,898,550","112,548,243",22.65,23.15,22.65,23.10,+0.25,"1,876",
114/07/03,"8,174,539","192,504,643",22.95,23.75,22.95,23.75,+0.65,"3,269",
114/07/04,"10,480,637","249,489,415",23.75,23.95,23.65,23.90,+0.15,"3,517",
114/07/07,"7,671,413","183,001,430",23.80,24.15,23.50,23.80,-0.10,"3,643",
114/07/08,"6,712,924","156,805,157",23.85,24.00,23.10,23.20,-0.60,"3,540",
114/07/09,"5,681,920","129,568,813",23.05,23.15,22.65,22.70,-0.50,"2,988",
114/07/10,"3,616,114","82,043,016",22.65,22.85,22.50,22.70, 0.00,"1,866",
114/07/11,"12,962,785","286,338,267",22.10,22.40,21.80,22.15,-0.55,"5,291",
114/07/14,"11,339,957","258,126,952",22.20,23.05,22.05,22.95,+0.80,"5,114",
114/07/15,"15,910,452","366,747,808",23.00,23.65,22.60,22.80,-0.15,"5,900",
114/07/16,"13,210,696","304,494,031",22.75,23.40,22.60,22.95,+0.15,"5,330",
114/07/17,"30,475,661","738,421,742",22.95,24.80,22.90,24.65,+1.70,"11,536",
114/07/18,"34,615,314","871,134,584",24.70,25.60,24.45,25.40,+0.75,"12,508",
114/07/21,"21,572,591","555,696,606",25.10,26.30,25.00,25.75,+0.35,"9,403",
114/07/22,"15,280,788","390,615,569",25.70,25.90,25.20,25.50,-0.25,"6,679",
114/07/23,"28,184,720","743,518,017",25.70,27.10,25.45,26.80,+1.30,"12,142",
114/07/24,"22,915,762","609,666,180",27.00,27.15,26.05,26.70,-0.10,"9,609",
114/07/25,"12,287,148","327,247,856",26.40,27.00,26.35,26.65,-0.05,"4,975",
114/07/28,"46,293,261","1,301,512,955",26.80,29.25,26.55,28.40,+1.75,"18,759",
114/07/29,"26,669,772","730,248,939",28.30,28.30,26.80,26.95,-1.45,"11,653",
114/07/30,"74,166,989","2,140,527,749",26.95,29.60,26.85,29.50,+2.55,"26,710",
114/07/31,"47,287,740","1,363,065,545",29.15,29.30,28.40,28.85,-0.65,"18,945",
114/08/01,"30,018,506","837,666,568",28.20,28.60,27.40,27.85,-1.00,"12,901",
114/08/04,"27,961,671","730,793,232",26.85,26.90,25.70,26.30,-1.55,"11,124",
114/08/05,"14,209,581","371,998,816",26.45,26.65,26.00,26.05,-0.25,"6,483",
114/08/06,"16,963,112","454,611,292",26.05,27.30,26.00,26.75,+0.70,"7,128",
114/08/07,"8,829,373","237,647,253",27.00,27.20,26.70,26.80,+0.05,"3,995",
114/08/08,"8,616,997","230,892,003",26.75,27.10,26.55,26.80, 0.00,"4,378",
114/08/11,"20,489,675","564,118,677",26.55,28.05,26.10,28.00,+1.20,"7,972",
114/08/12,"48,244,429","1,419,005,312",28.20,30.40,28.20,29.20,+1.20,"20,101",
114/08/13,"26,188,592","764,433,114",29.50,30.00,28.60,28.75,-0.45,"14,713",
114/08/14,"14,914,912","431,103,870",28.90,29.45,28.50,28.65,-0.10,"6,958",
114/08/15,"21,848,275","636,917,876",28.65,29.70,28.10,29.50,+0.85,"9,377",
114/08/18,"22,422,048","669,830,873",29.65,30.35,29.50,29.75,+0.25,"9,919",
114/08/19,"16,547,941","484,644,230",30.00,30.50,28.80,29.00,-0.75,"8,461",
114/08/20,"16,952,450","480,550,745",28.75,29.15,28.00,28.10,-0.90,"8,073",
114/08/21,"54,655,473","1,669,562,175",28.40,30.90,28.35,30.90,+2.80,"16,340",
114/08/22,"84,179,762","2,678,991,202",31.90,32.75,31.00,31.00,+0.10,"33,079",
114/08/25,"26,571,589","823,048,908",31.60,31.75,30.35,30.95,-0.05,"14,207",
114/08/26,"27,065,013","835,684,789",31.10,31.75,30.35,30.45,-0.50,"11,387",
114/08/27,"14,236,044","438,460,797",30.70,31.30,30.50,30.50,+0.05,"5,949",
114/08/28,"11,826,938","356,021,582",30.55,30.60,29.80,29.90,-0.60,"5,673",
114/08/29,"15,171,688","454,069,864",30.15,30.45,29.50,30.10,+0.20,"6,068",
114/09/01,"13,521,865","406,155,062",29.95,30.45,29.50,30.30,+0.20,"6,617",
114/09/02,"23,781,666","710,618,925",30.80,31.35,29.10,29.20,-1.10,"11,351",
114/09/03,"13,737,269","396,743,643",29.20,29.60,28.40,28.70,-0.50,"7,130",
114/09/04,"7,045,808","204,218,313",29.00,29.25,28.65,29.00,+0.30,"3,608",
114/09/05,"6,810,279","195,362,836",29.15,29.30,28.50,28.55,-0.45,"4,019",
114/09/08,"4,285,097","123,273,359",28.55,28.95,28.55,28.75,+0.20,"2,290",
114/09/09,"6,699,214","194,399,017",28.75,29.40,28.65,29.00,+0.25,"3,259",
114/09/10,"7,380,831","212,576,564",29.00,29.10,28.55,28.70,-0.30,"4,171",
114/09/11,"10,784,183","306,178,696",28.65,28.65,28.20,28.35,-0.35,"4,267",
114/09/12,"9,384,956","270,564,322",28.50,29.15,28.50,28.90,+0.55,"3,909",
114/09/15,"11,834,066","346,159,277",29.15,29.75,28.85,28.85,-0.05,"5,226",
114/09/16,"8,332,290","240,014,874",29.25,29.45,28.50,28.50,-0.35,"4,579",
114/09/17,"5,204,746","149,930,836",28.40,29.15,28.40,28.75,+0.25,"2,773",
114/09/18,"4,401,916","126,202,957",29.00,29.00,28.55,28.55,-0.20,"2,629",
114/09/19,"16,687,245","481,926,836",28.60,29.25,28.45,29.00,+0.45,"6,311",
114/09/22,"9,432,038","273,043,129",29.25,29.35,28.65,29.10,+0.10,"5,065",
114/09/23,"9,296,538","270,730,089",29.10,29.45,28.85,28.95,-0.15,"4,698",
114/09/24,"7,376,309","210,943,366",29.10,29.15,28.45,28.60,-0.35,"3,297",
114/09/25,"21,725,927","643,872,261",28.70,30.00,28.70,29.70,+1.10,"8,776",
114/09/26,"11,160,052","328,194,276",29.60,29.85,29.05,29.30,-0.40,"5,376",
114/09/30,"11,534,619","344,303,447",29.80,30.25,29.55,29.75,+0.45,"4,941",
114/10/01,"6,964,203","204,893,123",29.30,29.95,29.15,29.20,-0.55,"3,784",
114/10/02,"13,136,461","376,413,912",29.40,29.55,28.30,28.35,-0.85,"6,500",
114/10/03,"14,948,406","413,851,064",28.25,28.35,27.40,27.50,-0.85,"7,309",
114/10/07,"15,434,246","441,496,530",27.50,29.10,27.35,28.70,+1.20,"6,694",
114/10/08,"12,818,829","374,766,964",28.85,29.55,28.85,29.50,+0.80,"5,868",
114/10/09,"14,865,799","444,915,203",29.75,30.25,29.50,29.85,+0.35,"6,683",
114/10/13,"11,054,771","320,018,792",29.15,29.40,28.50,29.20,-0.65,"7,480",
114/10/14,"12,345,485","355,724,049",29.35,29.75,28.50,28.55,-0.65,"5,911",
114/10/15,"7,458,616","212,628,443",28.60,28.80,28.20,28.55, 0.00,"3,625",
114/10/16,"7,724,094","223,929,341",28.65,29.20,28.65,29.05,+0.50,"3,498",
114/10/17,"17,087,966","513,089,131",29.00,30.60,28.95,29.95,+0.90,"8,512",
114/10/20,"8,503,345","254,533,451",30.20,30.80,29.50,29.80,-0.15,"6,630",
114/10/21,"7,307,059","216,763,283",30.00,30.25,29.40,29.55,-0.25,"3,462",
114/10/22,"12,465,702","377,158,239",29.80,30.70,29.75,30.20,+0.65,"5,708",
114/10/23,"17,984,053","556,133,163",30.05,31.50,29.75,30.90,+0.70,"9,451",
114/10/27,"12,709,045","393,945,725",31.50,31.90,30.55,30.70,-0.20,"7,165",
114/10/28,"13,799,986","418,980,337",30.70,31.05,29.85,30.45,-0.25,"6,877",
114/10/29,"5,479,362","166,112,851",30.50,30.60,30.05,30.35,-0.10,"2,972",
114/10/30,"7,307,376","219,859,003",30.40,30.80,29.85,30.20,-0.15,"3,841",
114/10/31,"15,019,399","443,268,127",30.30,30.35,28.95,29.20,-1.00,"6,723",
114/11/03,"8,193,457","236,398,794",29.05,29.20,28.60,28.75,-0.45,"4,128",
114/11/04,"9,000,854","257,463,271",28.75,29.25,28.30,28.45,-0.30,"4,010",
114/11/05,"17,721,304","492,998,080",28.25,28.25,27.50,27.80,-0.65,"6,473",
114/11/06,"10,483,680","294,984,449",28.10,28.40,27.70,28.40,+0.60,"3,813",
114/11/07,"20,682,356","599,604,530",28.40,29.55,27.90,29.10,+0.70,"8,242",
114/11/10,"20,102,436","579,456,387",28.95,29.50,28.25,29.30,+0.20,"7,191",
114/11/11,"47,127,969","1,445,581,772",29.45,31.70,29.45,30.70,+1.40,"19,578",
114/11/12,"48,720,924","1,553,087,678",30.70,32.65,30.40,32.40,+1.70,"24,988",
114/11/13,"101,051,526","3,512,641,292",32.50,35.60,32.40,35.60,+3.20,"40,806",
114/11/14,"80,191,561","2,774,036,430",35.40,35.95,33.70,34.00,-1.60,"27,985",
114/11/17,"29,230,664","998,754,669",34.00,34.80,33.70,34.00, 0.00,"14,479",
114/11/18,"28,470,318","947,823,733",33.45,34.30,32.70,32.90,-1.10,"12,563",
114/11/19,"19,701,113","627,740,561",32.60,32.60,31.35,31.70,-1.20,"9,228",
114/11/20,"23,469,844","774,798,868",32.35,33.80,31.95,33.10,+1.40,"10,844",
114/11/21,"18,594,188","601,484,505",32.20,33.05,31.85,31.90,-1.20,"8,370",
114/11/24,"19,365,821","617,869,280",32.25,32.50,31.30,31.95,+0.05,"7,635",
114/11/25,"18,397,504","573,811,576",32.25,32.35,30.50,30.85,-1.10,"8,659",
114/11/26,"12,767,779","398,780,549",31.25,31.60,30.75,31.60,+0.75,"5,345",
114/11/27,"21,585,266","704,996,069",31.60,33.30,31.60,33.15,+1.55,"10,424",
114/11/28,"19,686,445","656,168,419",33.15,33.65,32.80,33.40,+0.25,"8,872",
114/12/01,"15,994,026","543,008,635",33.65,34.50,33.55,33.65,+0.25,"7,769",
114/12/02,"43,711,837","1,548,880,392",34.00,36.50,33.85,35.45,+1.80,"20,526",
114/12/03,"33,266,976","1,190,901,068",35.70,36.40,35.10,35.60,+0.15,"16,266",
114/12/04,"22,437,201","784,755,781",36.20,36.35,34.20,34.45,-1.15,"12,427",
114/12/05,"12,535,142","422,879,411",34.20,34.20,33.40,33.85,-0.60,"6,207",
114/12/08,"10,084,923","337,947,517",33.60,33.95,33.20,33.45,-0.40,"4,832",
114/12/09,"15,486,477","505,046,541",33.10,33.15,32.20,32.50,-0.95,"7,431",
114/12/10,"9,464,754","305,460,663",32.45,32.80,32.05,32.20,-0.30,"4,771",
114/12/11,"11,425,431","363,654,952",32.30,32.55,31.50,31.70,-0.50,"5,920",
114/12/12,"8,882,188","283,948,128",31.95,32.45,31.70,31.90,+0.20,"3,766",
114/12/15,"31,955,822","1,079,883,563",32.40,34.70,32.35,33.80,+1.90,"14,741",
114/12/16,"27,260,334","906,867,447",33.85,34.20,32.45,32.45,-1.35,"12,421",
114/12/17,"18,847,748","605,586,010",32.45,32.90,31.70,32.05,-0.40,"8,171",
114/12/18,"9,692,066","308,726,620",32.00,32.30,31.70,31.70,-0.35,"4,609",
114/12/19,"8,208,258","264,260,159",31.80,32.45,31.70,32.30,+0.60,"3,948",
114/12/22,"6,500,830","211,745,856",32.60,33.00,32.35,32.55,+0.25,"3,163",
114/12/23,"15,258,319","501,553,219",32.60,33.35,32.00,33.00,+0.45,"7,232",
114/12/24,"8,820,477","286,836,953",33.05,33.25,32.20,32.20,-0.80,"5,192",
114/12/26,"4,927,597","158,001,425",32.45,32.45,31.95,32.05,-0.15,"2,860",
114/12/29,"6,839,606","220,825,687",32.05,32.70,32.00,32.05, 0.00,"3,473",
114/12/30,"8,545,384","272,864,862",32.05,32.40,31.55,32.30,+0.25,"3,991",
114/12/31,"7,302,104","233,799,008",32.30,32.40,31.75,32.10,-0.20,"3,251",
115/01/02,"20,271,981","632,949,858",32.15,32.15,30.80,30.95,-1.15,"9,811",
115/01/05,"12,291,876","376,049,954",30.95,31.20,30.30,30.45,-0.50,"6,382",
115/01/06,"14,832,516","461,797,235",30.65,31.70,30.65,31.20,+0.75,"6,612",
115/01/07,"28,080,910","911,899,169",31.40,32.95,31.40,32.50,+1.30,"11,816",
115/01/08,"29,927,780","996,376,188",33.10,34.10,32.45,32.60,+0.10,"12,959",
115/01/09,"19,046,213","613,958,525",32.80,33.45,31.60,31.90,-0.70,"10,085",
115/01/12,"12,134,433","391,024,268",32.10,32.50,31.95,32.45,+0.55,"5,687",
115/01/13,"22,505,675","700,384,552",32.20,32.20,30.65,31.00,-1.45,"10,767",
115/01/14,"25,893,145","820,690,283",30.95,32.20,30.95,31.90,+0.90,"9,181",
115/01/15,"54,359,221","1,823,351,685",32.05,34.45,32.05,34.45,+2.55,"21,554",
115/01/16,"31,740,157","1,094,860,324",34.55,35.35,33.60,34.50,+0.05,"16,820",
115/01/19,"24,330,408","841,632,463",34.55,35.20,33.65,34.90,+0.40,"11,525",
115/01/20,"14,991,205","511,165,740",34.45,34.70,33.85,34.00,-0.90,"8,586",
115/01/21,"15,414,867","522,423,641",33.45,34.40,33.35,34.05,+0.05,"9,067",
115/01/22,"20,742,628","724,244,323",34.15,35.40,34.15,35.00,+0.95,"10,147",
115/01/23,"21,106,329","750,740,051",35.40,36.45,35.10,35.45,+0.45,"10,439",
115/01/26,"44,673,058","1,712,310,954",35.90,38.95,35.90,38.95,+3.50,"16,043",
115/01/27,"116,619,869","4,760,130,597",40.95,41.95,39.00,40.55,+1.60,"56,978",
115/01/28,"97,128,134","4,164,631,129",40.80,44.60,40.45,44.10,+3.55,"47,481",
115/01/29,"86,404,221","3,853,656,741",45.00,46.50,42.50,44.00,-0.10,"50,786",
115/01/30,"72,858,983","3,199,756,703",44.25,45.80,42.15,42.35,-1.65,"41,381",
115/02/02,"39,014,062","1,550,277,538",41.55,41.75,38.50,38.95,-3.40,"24,596",
115/02/03,"24,363,597","976,647,428",40.00,41.40,39.25,39.40,+0.45,"14,135",
115/02/04,"30,429,100","1,241,836,314",39.50,42.00,39.10,40.55,+1.15,"15,390",
115/02/05,"22,982,472","933,646,006",40.60,41.50,39.80,40.25,-0.30,"12,560",
115/02/06,"39,424,627","1,563,642,319",40.65,40.70,38.80,39.05,-1.20,"19,507",
115/02/09,"44,433,647","1,848,377,378",40.10,42.95,39.65,42.95,+3.90,"19,954",
115/02/10,"66,071,599","2,725,126,137",44.15,44.15,39.75,40.75,-2.20,"33,041",
115/02/11,"52,516,808","2,225,460,339",40.70,43.20,40.50,42.25,+1.50,"26,658",
115/02/23,"39,240,781","1,697,756,647",43.35,44.00,42.40,43.25,+1.00,"21,226",
115/02/24,"47,662,091","2,099,450,136",43.25,45.30,42.80,44.75,+1.50,"25,969",
115/02/25,"85,759,716","4,141,724,862",45.70,49.20,45.40,49.20,+4.45,"31,975",
115/02/26,"134,891,641","6,793,440,149",49.20,52.00,48.50,51.00,+1.80,"65,339",
115/03/02,"101,925,500","5,083,836,880",52.00,52.90,48.15,48.20,-2.80,"57,231",
115/03/03,"58,455,658","2,777,164,248",48.00,49.90,46.05,46.90,-1.30,"31,854",
115/03/04,"49,028,880","2,178,470,830",46.00,46.45,43.40,43.55,-3.35,"23,263",
115/03/05,"35,445,956","1,564,586,889",45.20,45.45,43.00,43.90,+0.35,"17,411",
115/03/06,"46,537,129","2,106,079,658",43.30,46.00,43.30,46.00,+2.10,"23,427",
115/03/09,"105,197,422","4,694,048,150",48.30,49.15,41.85,43.05,-2.95,"49,012",
115/03/10,"36,177,097","1,580,885,756",43.50,44.65,42.55,44.25,+1.20,"19,059",
115/03/11,"33,549,694","1,464,161,061",44.40,44.40,42.95,44.00,-0.25,"20,087",
115/03/12,"33,215,591","1,416,121,747",44.00,44.30,42.05,42.65,-1.35,"17,503",
115/03/13,"41,517,030","1,722,809,062",41.85,42.65,40.90,41.70,-0.95,"18,950",
115/03/16,"81,769,465","3,628,039,960",42.30,45.70,42.25,44.60,+2.90,"40,273",
115/03/17,"41,420,608","1,850,274,914",44.85,45.50,44.05,44.20,-0.40,"23,107",
115/03/18,"43,678,520","1,991,930,960",44.90,46.20,44.65,45.95,+1.75,"22,977",
115/03/19,"71,286,763","3,348,007,453",46.30,48.50,45.30,46.60,+0.65,"37,551",
115/03/20,"52,035,565","2,388,075,655",46.35,47.55,45.15,45.85,-0.75,"24,600",
115/03/23,"34,324,848","1,509,831,208",44.80,45.80,43.05,43.10,-2.75,"19,528",
115/03/24,"21,526,922","928,484,438",43.70,44.40,42.20,43.00,-0.10,"10,109",
115/03/25,"29,588,453","1,267,311,414",43.95,44.25,42.25,42.85,-0.15,"16,472",
115/03/26,"46,896,639","2,118,917,821",43.15,46.35,43.15,45.10,+2.25,"26,780",
115/03/27,"28,950,627","1,293,592,259",45.50,45.85,43.90,44.25,-0.85,"15,323",
115/03/30,"116,567,725","5,568,043,776",44.55,48.65,44.05,48.65,+4.40,"52,870",
115/03/31,"132,479,035","6,169,283,747",50.20,51.00,44.60,44.95,-3.70,"56,837",
115/04/01,"41,315,255","1,875,470,258",44.65,46.15,44.60,45.30,+0.35,"18,348",
115/04/02,"24,161,144","1,089,780,322",45.35,45.75,44.65,44.95,-0.35,"12,305",
115/04/07,"33,966,811","1,568,473,746",45.35,47.30,45.20,45.60,+0.65,"15,115",
115/04/08,"35,978,689","1,608,406,478",45.40,45.40,44.05,45.10,-0.50,"18,554",
115/04/09,"35,644,440","1,638,849,896",45.30,46.90,45.05,45.60,+0.50,"16,716",
115/04/10,"18,559,421","842,226,840",46.10,46.20,44.90,45.45,-0.15,"11,330",
115/04/13,"90,396,267","4,409,661,269",46.10,49.95,46.00,49.95,+4.50,"42,190",
115/04/14,"118,775,741","6,375,946,444",49.90,54.90,49.00,54.60,+4.65,"53,630",
115/04/15,"84,083,454","4,289,902,282",55.00,55.00,49.60,50.40,-4.20,"62,294",
115/04/16,"34,183,302","1,758,297,128",50.60,52.50,49.95,52.10,+1.70,"19,204",
115/04/17,"25,759,660","1,321,166,645",52.10,53.00,50.50,51.00,-1.10,"14,517",
115/04/20,"20,320,531","1,026,347,531",51.50,51.90,49.95,50.50,-0.50,"11,382",
115/04/21,"22,081,649","1,111,825,356",50.70,51.10,49.80,50.50, 0.00,"11,027",
115/04/22,"22,987,267","1,164,525,654",50.80,51.40,50.30,50.60,+0.10,"10,481",
115/04/23,"39,865,978","1,953,064,599",50.60,50.90,47.80,49.40,-1.20,"19,740",
115/04/24,"18,958,977","929,415,564",49.50,50.30,48.15,49.35,-0.05,"9,619",
115/04/27,"26,837,648","1,359,084,472",49.35,51.40,49.25,50.40,+1.05,"13,549",
115/04/28,"24,399,696","1,260,117,540",51.20,52.50,50.70,51.40,+1.00,"12,546",
115/04/29,"49,498,087","2,630,254,464",52.10,54.50,51.70,52.50,+1.10,"30,859",
115/04/30,"29,865,338","1,551,294,912",53.00,53.30,51.20,52.30,-0.20,"18,738",
115/05/04,"21,143,460","1,079,926,735",52.00,52.00,50.70,50.80,-1.50,"11,942",
115/05/05,"21,769,575","1,124,095,643",51.00,52.40,50.80,51.80,+1.00,"9,574",
115/05/06,"21,291,741","1,098,586,874",52.30,52.90,50.80,51.00,-0.80,"13,923",
115/05/07,"28,788,176","1,432,620,764",51.00,51.10,49.40,49.45,-1.55,"14,692",
115/05/08,"42,319,894","2,020,243,538",50.00,50.10,46.60,46.95,-2.50,"22,533",
115/05/11,"23,048,519","1,103,198,906",46.30,48.75,46.30,47.80,+0.85,"10,891",
115/05/12,"13,453,186","634,459,439",48.10,48.20,46.70,47.05,-0.75,"8,192",
115/05/13,"13,784,781","641,521,933",47.00,47.40,46.10,46.10,-0.95,"7,066",
115/05/14,"19,735,831","893,112,186",46.05,46.10,44.80,44.95,-1.15,"10,723",
115/05/15,"11,530,955","516,640,859",45.35,45.35,44.30,44.45,-0.50,"6,775",
115/05/18,"19,494,877","875,320,245",44.45,45.30,43.65,45.25,+0.80,"10,011",
115/05/19,"15,639,593","708,365,468",45.20,45.95,44.90,44.90,-0.35,"9,309",
115/05/20,"12,830,593","572,435,411",45.00,45.25,44.25,44.55,-0.35,"7,707",
115/05/21,"10,223,386","462,840,726",44.80,45.70,44.80,45.45,+0.90,"5,897",
115/05/22,"11,219,996","509,456,371",45.50,45.75,45.15,45.55,+0.10,"6,371",
