日期,成交股數,成交金額,開盤價,最高價,最低價,收盤價,漲跌價差,成交筆數,註記
109/01/02,"1,855,627","134,007,253",72.60,72.60,72.10,72.30,+0.20,"1,116",
109/01/03,"1,224,306","88,448,747",72.20,72.50,72.10,72.30, 0.00,732,
109/01/06,"2,323,436","167,349,667",72.00,72.20,71.90,72.00,-0.30,"1,062",
109/01/07,"2,122,724","152,693,582",72.00,72.20,71.70,72.00, 0.00,"1,038",
109/01/08,"4,545,844","325,117,403",71.80,71.80,71.30,71.50,-0.50,"2,132",
109/01/09,"6,280,562","446,594,175",71.50,71.70,71.00,71.00,-0.50,"3,676",
109/01/10,"4,703,988","333,928,727",71.00,71.70,70.80,71.40,+0.40,"2,366",
109/01/13,"4,174,505","295,854,300",71.40,71.40,70.50,71.20,-0.20,"2,259",
109/01/14,"3,921,170","277,796,705",70.70,71.30,70.60,70.90,-0.30,"2,258",
109/01/15,"4,710,275","332,347,269",70.70,70.70,70.30,70.70,-0.20,"3,036",
109/01/16,"4,657,751","328,318,281",70.70,70.70,70.30,70.30,-0.40,"2,793",
109/01/17,"3,735,061","263,713,233",70.20,70.90,70.20,70.90,+0.60,"2,433",
109/01/20,"2,937,050","207,807,450",70.70,71.00,70.50,70.70,-0.20,"1,558",
109/01/30,"8,732,721","602,418,634",69.00,69.90,68.70,69.00,-1.70,"4,966",
109/01/31,"5,143,017","354,137,076",69.00,69.40,68.60,68.60,-0.40,"2,639",
109/02/03,"5,922,436","399,746,662",68.50,68.60,66.60,67.80,-0.80,"3,117",
109/02/04,"4,765,869","322,757,340",67.30,68.50,67.20,67.90,+0.10,"2,739",
109/02/05,"3,824,199","258,165,132",67.60,67.90,67.30,67.60,-0.30,"1,949",
109/02/06,"6,385,387","431,663,016",67.40,67.90,67.40,67.70,+0.10,"2,484",
109/02/07,"4,598,647","308,398,066",67.50,67.50,66.90,67.00,-0.70,"2,606",
109/02/10,"3,257,657","218,623,057",66.90,67.40,66.70,67.40,+0.40,"1,460",
109/02/11,"2,195,125","148,074,450",67.10,67.70,67.10,67.40, 0.00,"1,342",
109/02/12,"4,411,048","296,017,617",67.10,67.40,67.00,67.00,-0.40,"2,780",
109/02/13,"2,944,575","198,590,393",67.00,67.80,67.00,67.20,+0.20,"1,521",
109/02/14,"3,106,362","210,977,191",67.20,68.30,67.20,68.20,+1.00,"1,805",
109/02/17,"2,345,321","160,012,506",68.20,68.50,67.70,68.40,+0.20,"1,423",
109/02/18,"2,305,333","157,230,333",68.40,68.40,68.00,68.40, 0.00,"1,245",
109/02/19,"3,354,113","230,698,197",68.20,69.30,68.20,68.90,+0.50,"1,905",
109/02/20,"6,397,888","433,362,984",68.20,68.40,67.40,67.60,-1.30,"3,575",
109/02/21,"3,453,981","233,162,006",67.50,67.90,67.30,67.40,-0.20,"2,291",
109/02/24,"7,043,655","469,585,595",67.30,67.30,66.20,66.70,-0.70,"4,393",
109/02/25,"5,737,657","379,666,319",66.20,66.80,65.80,66.80,+0.10,"3,746",
109/02/26,"6,758,715","444,454,584",66.00,66.30,65.10,66.00,-0.80,"4,337",
109/02/27,"5,730,771","376,552,727",65.60,66.10,65.30,66.10,+0.10,"2,426",
109/03/02,"6,535,414","426,104,102",65.20,65.50,65.00,65.00,-1.10,"4,073",
109/03/03,"4,301,181","280,671,798",65.40,65.80,65.00,65.60,+0.60,"3,209",
109/03/04,"4,383,692","289,441,473",65.40,66.60,65.30,66.60,+1.00,"2,351",
109/03/05,"4,191,434","279,902,814",67.10,67.20,66.60,66.80,+0.20,"2,401",
109/03/06,"4,264,838","281,539,700",66.80,66.80,65.30,66.20,-0.60,"2,648",
109/03/09,"4,949,768","321,870,632",65.30,65.70,64.50,65.00,-1.20,"3,175",
109/03/10,"5,436,336","357,127,433",64.70,66.40,64.60,66.30,+1.30,"2,516",
109/03/11,"3,417,670","226,211,350",66.10,66.60,65.60,66.30, 0.00,"1,958",
109/03/12,"7,283,857","470,422,305",65.90,65.90,64.00,64.50,-1.80,"4,122",
109/03/13,"13,601,550","817,048,650",62.00,62.80,58.20,62.50,-2.00,"7,643",
109/03/16,"7,703,250","473,548,299",62.50,62.80,60.90,60.90,-1.60,"4,425",
109/03/17,"10,820,544","674,424,034",60.90,63.60,60.10,62.70,+1.80,"5,586",
109/03/18,"7,424,367","463,903,721",61.50,63.50,61.10,63.00,+0.30,"4,100",
109/03/19,"10,144,866","632,884,799",61.00,64.30,61.00,62.40,-0.60,"4,959",
109/03/20,"8,857,978","551,035,617",62.00,63.30,61.60,62.00,-0.40,"4,393",
109/03/23,"5,811,004","350,995,340",60.50,61.80,59.70,59.70,-2.30,"3,038",
109/03/24,"5,113,194","313,922,799",61.00,62.00,60.10,61.40,+1.70,"2,877",
109/03/25,"4,698,722","295,911,868",61.40,63.50,61.40,63.40,+2.00,"2,665",
109/03/26,"4,159,773","266,799,593",63.90,64.70,63.10,64.30,+0.90,"2,150",
109/03/27,"3,618,101","233,869,838",64.90,65.00,63.60,64.90,+0.60,"1,820",
109/03/30,"3,745,201","235,107,199",63.10,63.20,62.10,62.50,-2.40,"1,744",
109/03/31,"3,863,946","243,529,673",63.00,63.40,62.30,63.30,+0.80,"1,484",
109/05/04,"3,844,122","253,922,074",65.00,66.80,65.00,66.70,+0.30,"2,108",
109/05/05,"2,290,256","153,183,352",66.70,67.10,66.50,67.10,+0.40,"1,463",
109/05/06,"2,475,234","164,496,779",66.60,67.00,66.20,66.20,-0.90,"1,368",
109/05/07,"1,859,825","123,589,760",66.30,67.00,66.20,66.30,+0.10,"1,223",
109/05/08,"2,034,915","136,202,266",66.90,67.20,66.60,67.00,+0.70,962,
109/05/11,"1,779,125","120,097,238",67.30,67.70,67.20,67.40,+0.40,893,
109/05/12,"2,331,906","155,681,787",67.00,67.30,66.40,66.70,-0.70,"1,260",
109/05/13,"1,418,564","94,687,188",66.60,67.20,66.60,66.70, 0.00,712,
109/05/14,"1,571,951","103,648,466",66.60,66.60,65.50,65.90,-0.80,969,
109/05/15,"1,211,710","79,916,760",66.70,66.70,65.70,65.80,-0.10,606,
109/05/18,"1,761,252","116,301,353",65.50,66.40,65.50,66.40,+0.60,"1,021",
109/05/19,"2,576,821","170,883,806",67.70,67.70,66.00,66.00,-0.40,"1,499",
109/05/20,"2,681,938","176,986,608",66.50,66.50,65.70,65.80,-0.20,"1,463",
109/05/21,"3,047,440","201,198,512",65.70,66.30,65.60,66.20,+0.40,"1,110",
109/05/22,"3,082,944","201,946,417",65.70,65.80,65.20,65.20,-1.00,"1,697",
109/05/25,"1,669,863","108,558,322",65.30,65.50,64.20,65.30,+0.10,885,
109/05/26,"2,200,345","145,086,735",65.60,66.40,65.50,65.80,+0.50,"1,129",
109/05/27,"1,906,075","125,043,420",65.70,66.20,65.20,65.30,-0.50,"1,094",
109/05/28,"2,893,500","188,870,346",65.50,65.80,65.00,65.20,-0.10,"1,588",
109/05/29,"6,778,025","439,677,925",65.20,65.90,64.70,64.70,-0.50,"1,850",
109/06/01,"2,469,517","161,977,733",65.70,66.00,65.00,65.10,+0.40,"1,635",
109/06/02,"2,115,462","139,062,136",65.60,66.00,65.50,65.50,+0.40,"1,242",
109/06/03,"3,086,756","205,889,852",66.80,67.00,66.10,67.00,+1.50,"1,892",
109/06/04,"4,179,000","279,751,589",67.50,67.60,66.60,66.70,-0.30,"2,125",
109/06/05,"1,933,063","129,211,307",66.60,67.00,66.60,66.70, 0.00,"1,264",
109/06/08,"2,250,095","150,935,176",66.90,67.40,66.50,67.20,+0.50,"1,329",
109/06/09,"2,842,623","192,437,564",67.40,68.00,67.20,67.90,+0.70,"1,715",
109/06/10,"3,463,223","236,623,063",68.10,68.50,68.00,68.50,+0.60,"1,881",
109/06/11,"3,838,603","262,294,936",68.60,68.80,68.00,68.00,-0.50,"1,875",
109/06/12,"3,508,012","237,689,414",67.40,68.10,67.10,68.00, 0.00,"2,306",
109/06/15,"4,730,085","317,387,601",67.40,67.70,66.60,67.30,-0.70,"2,893",
109/06/16,"4,284,482","290,336,067",67.30,68.20,67.10,67.80,+0.50,"2,039",
109/06/17,"2,484,205","167,496,908",67.80,67.80,67.20,67.60,-0.20,"1,433",
109/06/18,"3,721,148","248,881,316",67.60,67.70,66.60,66.70,-0.90,"1,966",
109/06/19,"5,482,779","364,916,548",67.00,67.20,66.40,66.40,-0.30,"1,485",
109/06/22,"2,595,719","173,015,173",66.60,67.10,66.40,66.60,+0.20,"1,435",
109/06/23,"2,811,966","187,879,422",67.00,67.40,66.60,66.60, 0.00,"1,488",
109/06/24,"3,151,327","211,375,361",67.10,67.40,66.70,67.00,+0.40,"1,660",
109/06/29,"3,333,731","224,465,154",67.00,67.80,66.70,67.40,+0.40,"1,758",
109/06/30,"4,381,742","298,264,892",67.70,68.30,67.70,68.00,+0.60,"1,962",
109/07/01,"5,364,210","370,545,994",68.30,69.60,68.10,69.20,+1.20,"3,300",
109/07/02,"6,436,095","449,380,546",69.40,70.60,69.00,70.60,+1.40,"3,320",
109/07/03,"4,542,419","317,669,473",70.80,70.90,69.40,69.40,-1.20,"2,346",
109/07/06,"4,677,191","327,343,909",69.70,70.30,69.60,70.30,+0.90,"2,469",
109/07/07,"5,256,216","365,439,438",70.30,70.30,69.10,69.70,-0.60,"2,508",
109/07/08,"4,179,681","288,805,553",69.60,69.60,68.80,69.20,-0.50,"2,121",
109/07/09,"3,290,961","226,882,897",69.20,69.30,68.80,68.80,-0.40,"1,640",
109/07/10,"2,987,408","205,460,980",68.90,69.10,68.50,68.60,-0.20,"1,687",
109/07/13,"9,519,597","659,370,393",68.80,69.50,68.70,69.00,+0.40,"3,368",
109/07/14,"6,372,112","419,648,744",65.80,66.50,65.20,66.20,X0.00,"2,731",
109/07/15,"8,706,361","571,556,493",66.20,66.30,65.20,66.00,-0.20,"3,703",
109/07/16,"2,440,474","160,026,076",66.00,66.10,65.20,65.30,-0.70,"1,592",
109/07/17,"1,647,370","107,684,688",66.00,66.00,65.00,65.10,-0.20,"1,123",
109/07/20,"1,791,386","116,067,134",65.00,65.40,64.50,64.90,-0.20,"1,045",
109/07/21,"5,210,850","334,928,326",65.00,65.00,64.00,64.00,-0.90,"3,200",
109/07/22,"3,543,385","226,619,260",63.90,64.30,63.80,64.00, 0.00,"2,108",
109/07/23,"2,705,756","172,525,284",63.70,64.10,63.50,63.70,-0.30,"1,539",
109/07/24,"3,420,239","217,491,836",63.40,63.90,63.30,63.50,-0.20,"1,994",
109/07/27,"3,411,424","215,175,112",63.40,64.00,62.60,62.60,-0.90,"2,080",
109/07/28,"5,388,980","332,759,426",62.30,62.30,61.00,61.60,-1.00,"3,042",
109/07/29,"3,445,785","213,915,399",62.00,62.50,61.80,61.90,+0.30,"2,341",
109/07/30,"2,871,949","179,807,766",62.00,63.20,62.00,62.90,+1.00,"1,790",
109/07/31,"2,819,466","177,994,688",63.30,63.40,63.00,63.10,+0.20,"1,376",
109/08/03,"3,138,816","196,163,971",63.10,63.30,62.20,62.20,-0.90,"2,060",
109/08/04,"2,029,556","127,451,659",62.50,63.30,62.40,62.60,+0.40,"1,112",
109/08/05,"2,120,244","132,765,772",63.20,63.20,62.30,62.60, 0.00,"1,421",
109/08/06,"2,353,494","146,906,959",63.00,63.10,62.10,62.50,-0.10,"1,545",
109/08/07,"3,109,043","193,124,252",62.50,62.70,61.90,62.00,-0.50,"2,000",
109/08/10,"1,227,474","76,298,512",62.10,62.30,62.10,62.10,+0.10,867,
109/08/11,"2,220,231","137,654,874",62.00,62.40,61.90,62.00,-0.10,"1,441",
109/08/12,"2,115,916","131,213,246",62.00,62.30,61.70,62.30,+0.30,"1,212",
109/08/13,"3,239,001","203,849,358",62.50,63.90,62.20,63.20,+0.90,"1,708",
109/08/14,"2,630,811","164,831,669",63.00,63.00,62.50,62.60,-0.60,"1,246",
109/08/17,"3,302,324","208,211,637",62.90,63.30,62.60,63.10,+0.50,"1,427",
109/08/18,"2,435,013","153,070,303",63.20,63.30,62.70,62.90,-0.20,"1,476",
109/08/19,"2,667,890","167,677,249",62.90,63.10,62.70,62.80,-0.10,"1,578",
109/08/20,"3,543,747","219,755,001",62.70,62.70,61.60,61.90,-0.90,"2,383",
109/08/21,"2,265,357","141,294,691",62.40,62.80,62.00,62.60,+0.70,"1,365",
109/08/24,"1,337,420","83,380,763",62.60,62.70,62.10,62.30,-0.30,906,
109/08/25,"3,244,032","201,213,679",62.40,62.50,61.80,61.80,-0.50,"2,298",
109/08/26,"1,989,870","123,012,310",61.90,62.10,61.70,61.80, 0.00,"1,375",
109/08/27,"3,775,244","232,756,928",61.90,61.90,61.40,61.50,-0.30,"2,179",
109/08/28,"2,675,273","164,011,402",61.50,61.60,61.20,61.30,-0.20,"1,841",
109/08/31,"6,012,514","370,645,854",61.80,62.40,61.30,61.30, 0.00,"1,878",
109/09/01,"3,870,112","237,822,482",61.70,61.90,61.10,61.30, 0.00,"1,850",
109/09/02,"4,100,021","250,196,862",61.40,61.50,60.80,61.00,-0.30,"2,681",
109/09/03,"2,606,724","159,042,819",61.20,61.50,60.80,60.80,-0.20,"1,941",
109/09/04,"2,558,345","155,246,572",60.80,61.00,60.50,60.80, 0.00,"1,514",
109/09/07,"5,249,516","324,618,616",61.80,62.40,61.50,61.60,+0.80,"2,951",
109/09/08,"5,601,677","348,809,500",62.20,62.60,62.00,62.20,+0.60,"3,088",
109/09/09,"2,868,314","177,309,650",62.00,62.20,61.60,62.10,-0.10,"1,790",
109/09/10,"3,976,855","248,871,678",62.10,63.00,62.10,62.70,+0.60,"2,385",
109/09/11,"3,173,593","199,507,459",62.90,63.10,62.70,63.00,+0.30,"1,709",
109/09/14,"2,326,516","146,067,208",63.20,63.20,62.50,62.70,-0.30,"1,298",
109/09/15,"2,608,958","162,280,070",62.70,62.80,62.00,62.10,-0.60,"1,239",
109/09/16,"2,353,272","146,860,636",62.30,62.80,62.00,62.80,+0.70,"1,465",
109/09/17,"2,035,237","127,257,931",62.90,62.90,62.30,62.50,-0.30,"1,118",
109/09/18,"5,871,443","363,681,996",62.40,62.50,61.70,61.70,-0.80,"2,065",
109/09/21,"2,416,216","149,548,521",61.80,62.20,61.70,62.00,+0.30,"1,295",
109/09/22,"2,504,485","153,959,266",62.00,62.00,61.10,61.10,-0.90,"1,427",
109/09/23,"2,687,627","163,764,090",61.30,61.70,60.80,60.90,-0.20,"1,681",
109/09/24,"6,541,758","393,107,565",60.80,60.80,59.80,60.00,-0.90,"3,620",
109/09/25,"1,679,323","101,411,103",60.30,60.70,60.00,60.70,+0.70,795,
109/09/28,"1,438,706","88,095,116",60.80,61.50,60.80,61.50,+0.80,791,
109/09/29,"2,671,043","163,806,220",61.80,61.80,61.00,61.20,-0.30,"1,235",
109/09/30,"1,780,248","109,076,293",61.70,61.70,61.00,61.00,-0.20,"1,061",
109/10/05,"2,638,299","161,669,805",61.50,61.70,60.90,61.50,+0.50,"1,330",
109/10/06,"2,949,068","182,326,516",61.50,62.00,61.40,62.00,+0.50,"1,936",
109/10/07,"1,985,958","122,451,290",62.00,62.10,61.50,61.50,-0.50,"1,106",
109/10/08,"2,512,509","153,813,499",61.40,61.50,61.10,61.20,-0.30,"1,355",
109/10/12,"1,870,124","114,254,487",61.20,61.20,61.00,61.10,-0.10,"1,058",
109/10/13,"2,036,791","123,571,015",60.90,61.00,60.50,60.90,-0.20,"1,383",
109/10/14,"3,850,010","232,850,498",60.90,61.10,60.30,60.30,-0.60,"1,676",
109/10/15,"3,805,522","228,400,520",60.30,60.40,59.80,60.00,-0.30,"2,449",
109/10/16,"1,544,546","92,925,313",60.10,60.50,60.00,60.00, 0.00,"1,008",
109/10/19,"1,802,083","108,707,693",60.30,60.60,60.00,60.00, 0.00,"1,061",
109/10/20,"1,301,954","78,443,611",60.10,60.50,60.00,60.30,+0.30,909,
109/10/21,"2,103,704","126,540,104",60.40,60.50,60.00,60.00,-0.30,"1,607",
109/10/22,"4,375,572","263,089,002",60.00,60.50,59.90,60.20,+0.20,"1,913",
109/10/23,"1,479,890","89,293,432",60.40,60.50,60.20,60.40,+0.20,922,
109/10/26,"1,247,551","75,185,340",60.30,60.50,60.10,60.30,-0.10,972,
109/10/27,"1,746,072","105,614,681",60.30,60.60,60.20,60.60,+0.30,694,
109/10/28,"1,865,668","112,635,941",60.50,60.60,60.20,60.20,-0.40,"1,285",
109/10/29,"1,670,361","100,430,437",60.00,60.40,60.00,60.00,-0.20,"1,038",
109/10/30,"3,901,787","233,864,923",59.80,60.20,59.80,60.00, 0.00,"1,473",
109/11/02,"1,641,159","98,697,708",60.00,60.50,60.00,60.50,+0.50,"1,266",
109/11/03,"2,382,107","143,815,715",60.50,60.60,60.10,60.60,+0.10,"1,861",
109/11/04,"2,007,606","121,025,782",60.60,60.60,60.20,60.20,-0.40,"1,335",
109/11/05,"1,529,599","92,532,548",60.50,60.90,60.30,60.40,+0.20,975,
109/11/06,"2,356,191","142,885,286",60.60,60.80,60.50,60.50,+0.10,"1,180",
109/11/09,"2,510,686","152,478,411",60.70,61.00,60.50,60.90,+0.40,"1,363",
109/11/10,"2,508,481","153,121,988",60.90,61.20,60.90,61.00,+0.10,"1,297",
109/11/11,"3,114,565","190,065,164",61.00,61.30,60.80,61.30,+0.30,"1,819",
109/11/12,"2,748,751","168,005,263",61.30,61.30,61.00,61.00,-0.30,"1,350",
109/11/13,"2,495,285","152,634,064",61.00,61.40,61.00,61.00, 0.00,"1,379",
109/11/16,"4,848,171","297,282,698",61.50,61.80,60.90,61.40,+0.40,"2,809",
109/11/17,"4,806,841","293,452,758",61.40,61.50,60.80,61.00,-0.40,"2,593",
109/11/18,"3,314,160","202,626,988",61.00,61.40,61.00,61.10,+0.10,"1,799",
109/11/19,"3,500,427","213,658,267",61.10,61.50,60.80,60.90,-0.20,"1,930",
109/11/20,"3,703,977","224,958,153",61.00,61.20,60.50,60.80,-0.10,"2,485",
109/11/23,"3,833,772","233,957,058",61.00,61.40,60.80,61.20,+0.40,"2,165",
109/11/24,"2,496,068","151,917,838",61.20,61.20,60.70,60.70,-0.50,"1,538",
109/11/25,"2,921,601","177,849,732",61.10,61.20,60.70,61.00,+0.30,"2,085",
109/11/26,"2,966,490","181,048,188",61.10,61.20,60.80,61.20,+0.20,"1,703",
109/11/27,"3,225,923","197,238,198",61.20,61.40,60.90,61.20, 0.00,"1,956",
109/11/30,"16,528,550","1,022,347,873",61.30,62.00,61.00,62.00,+0.80,"3,301",
109/12/01,"3,945,282","241,954,716",61.90,61.90,61.00,61.20,-0.80,"2,280",
109/12/02,"4,248,242","258,446,269",61.20,61.20,60.70,60.70,-0.50,"2,376",
109/12/03,"3,283,734","199,011,666",60.70,60.80,60.50,60.50,-0.20,"2,229",
109/12/04,"2,672,944","162,859,464",60.90,61.10,60.70,60.80,+0.30,"1,847",
109/12/07,"3,252,319","198,331,299",61.20,61.30,60.80,61.30,+0.50,"1,866",
109/12/08,"3,276,768","199,571,000",61.10,61.10,60.80,60.80,-0.50,"1,880",
109/12/09,"4,140,920","252,937,017",61.00,61.30,60.80,61.00,+0.20,"2,072",
109/12/10,"3,248,511","198,383,799",61.00,61.30,61.00,61.00, 0.00,"2,112",
109/12/11,"3,910,044","238,329,965",61.10,61.30,60.70,60.90,-0.10,"2,341",
109/12/14,"3,619,556","220,736,098",60.90,61.30,60.70,60.70,-0.20,"2,300",
109/12/15,"2,943,238","178,769,795",60.70,60.90,60.60,60.80,+0.10,"1,956",
109/12/16,"4,298,726","263,028,691",61.00,61.60,60.90,61.30,+0.50,"2,781",
109/12/17,"2,150,297","131,906,373",61.30,61.50,61.20,61.40,+0.10,"1,341",
109/12/18,"4,452,239","271,352,274",61.50,61.60,60.60,60.60,-0.80,"2,245",
109/12/21,"2,949,157","180,600,361",61.00,61.50,60.90,61.50,+0.90,"1,541",
109/12/22,"2,391,109","146,551,948",61.50,61.50,61.10,61.10,-0.40,"1,176",
109/12/23,"1,699,516","103,820,062",61.00,61.30,60.80,61.20,+0.10,721,
109/12/24,"3,499,702","212,978,580",61.20,61.20,60.70,60.70,-0.50,"1,921",
109/12/25,"1,803,039","109,588,040",60.70,61.00,60.70,60.80,+0.10,"1,197",
109/12/28,"2,109,838","128,926,667",60.90,61.30,60.80,61.30,+0.50,"1,181",
109/12/29,"1,879,281","115,101,884",61.30,61.50,61.00,61.40,+0.10,"1,034",
109/12/30,"4,010,458","247,355,992",61.40,62.00,61.30,61.90,+0.50,"2,356",
109/12/31,"3,096,804","190,496,766",61.80,61.80,61.20,61.20,-0.70,"1,408",
110/01/04,"3,521,263","215,326,649",61.20,61.30,61.00,61.20, 0.00,"1,698",
110/01/05,"2,383,681","145,955,020",61.20,61.60,60.80,61.40,+0.20,"1,439",
110/01/06,"2,800,807","171,324,586",61.10,61.40,61.00,61.30,-0.10,"1,745",
110/01/07,"2,492,626","152,720,425",61.10,61.50,61.00,61.40,+0.10,"1,395",
110/01/08,"5,244,714","323,452,411",61.40,62.00,61.30,62.00,+0.60,"2,851",
110/01/11,"2,272,692","140,453,449",62.00,62.00,61.50,62.00, 0.00,"1,394",
110/01/12,"4,441,808","275,735,530",61.90,62.40,61.60,62.00, 0.00,"2,370",
110/01/13,"5,267,624","329,226,712",62.20,62.80,62.10,62.80,+0.80,"2,666",
110/01/14,"3,338,295","208,500,295",62.80,62.90,62.10,62.20,-0.60,"2,103",
110/01/15,"5,190,627","321,279,055",62.00,62.60,61.30,61.30,-0.90,"2,789",
110/01/18,"2,488,637","152,635,931",61.30,61.70,61.10,61.30, 0.00,"1,492",
110/01/19,"2,750,330","168,093,414",61.30,61.60,61.00,61.00,-0.30,"1,918",
110/01/20,"5,593,285","339,946,417",61.10,61.20,60.30,60.30,-0.70,"3,317",
110/01/21,"2,494,743","151,264,910",60.50,60.90,60.40,60.40,+0.10,"1,878",
110/01/22,"4,652,495","281,868,387",61.00,61.30,60.30,60.40, 0.00,"2,343",
110/01/25,"3,038,142","184,903,585",60.60,61.20,60.50,60.80,+0.40,"1,643",
110/01/26,"3,462,620","209,971,752",60.80,61.00,60.40,60.60,-0.20,"2,098",
110/01/27,"4,963,182","300,087,601",60.90,60.90,60.30,60.30,-0.30,"2,260",
110/01/28,"4,518,550","272,258,405",60.30,60.70,60.10,60.20,-0.10,"2,644",
110/01/29,"6,619,558","397,455,162",60.00,60.20,60.00,60.00,-0.20,"3,616",
110/02/01,"3,200,916","192,371,017",60.10,60.60,60.00,60.00, 0.00,"2,325",
110/02/02,"4,022,535","241,488,958",60.00,60.30,59.80,60.10,+0.10,"2,563",
110/02/03,"4,456,396","267,175,023",60.20,60.20,59.80,59.90,-0.20,"2,144",
110/02/04,"2,780,322","166,881,847",60.00,60.10,59.90,60.00,+0.10,"1,340",
110/02/05,"2,653,217","159,358,382",60.00,60.30,59.90,60.20,+0.20,"1,377",
110/02/17,"6,911,686","415,188,088",60.20,60.30,59.90,60.30,+0.10,"3,638",
110/02/18,"3,659,847","220,221,478",60.30,60.40,60.00,60.20,-0.10,"2,042",
110/02/19,"3,188,454","191,462,855",60.10,60.20,60.00,60.00,-0.20,"1,809",
110/02/22,"4,342,096","261,043,145",60.00,60.40,60.00,60.00, 0.00,"2,503",
110/02/23,"5,134,668","309,053,282",60.10,60.50,60.10,60.20,+0.20,"2,715",
110/02/24,"5,211,457","316,225,583",60.40,60.90,60.40,60.80,+0.60,"2,781",
110/02/25,"5,648,024","344,918,974",61.00,61.50,60.60,61.50,+0.70,"3,469",
110/02/26,"13,572,338","836,194,171",61.90,62.00,61.10,61.80,+0.30,"4,675",
110/03/02,"6,020,964","373,959,878",62.00,62.30,61.80,62.00,+0.20,"3,360",
110/03/03,"5,484,520","342,161,061",62.30,62.70,62.10,62.40,+0.40,"2,915",
110/03/04,"6,421,168","398,914,806",62.40,62.50,61.80,62.00,-0.40,"3,390",
110/03/05,"4,192,340","260,898,504",61.80,62.60,61.50,62.60,+0.60,"2,348",
110/03/08,"5,580,139","347,533,927",62.70,62.70,62.00,62.10,-0.50,"2,124",
110/03/09,"3,890,520","243,698,959",62.10,62.90,62.10,62.90,+0.80,"2,398",
110/03/10,"5,187,522","326,846,805",63.00,63.30,62.60,63.30,+0.40,"2,856",
110/03/11,"4,265,449","269,640,934",63.30,63.50,63.10,63.10,-0.20,"2,358",
110/03/12,"4,404,411","276,950,151",63.40,63.40,62.60,62.90,-0.20,"2,524",
110/03/15,"2,844,215","178,276,991",62.70,62.90,62.60,62.60,-0.30,"1,482",
110/03/16,"4,316,871","271,496,870",62.80,63.10,62.70,63.00,+0.40,"2,248",
110/03/17,"4,685,029","294,874,535",63.00,63.30,62.70,63.00, 0.00,"2,701",
110/03/18,"4,835,848","305,815,381",62.90,63.50,62.90,63.30,+0.30,"2,368",
110/03/19,"10,069,626","637,967,051",63.00,63.70,62.90,63.70,+0.40,"2,835",
110/03/22,"4,861,757","305,894,952",63.10,63.10,62.60,62.90,-0.80,"2,649",
110/03/23,"5,753,144","360,276,342",62.90,63.10,62.10,62.70,-0.20,"2,726",
110/03/24,"3,287,871","207,524,003",62.70,63.50,62.40,63.10,+0.40,"1,435",
110/03/25,"2,503,523","157,895,836",63.10,63.30,62.90,63.20,+0.10,"1,369",
110/03/26,"3,679,617","232,066,778",63.20,63.40,62.90,63.10,-0.10,"1,999",
110/03/29,"3,186,959","201,804,500",63.30,63.50,63.20,63.40,+0.30,"1,796",
110/03/30,"4,595,605","292,126,605",63.50,63.90,63.30,63.80,+0.40,"2,312",
110/03/31,"4,751,474","304,525,202",64.00,64.30,63.90,64.10,+0.30,"2,431",
110/04/01,"3,385,738","217,256,807",64.10,64.70,63.80,64.10, 0.00,"1,595",
110/04/06,"5,193,766","335,826,574",64.50,65.20,64.20,65.20,+1.10,"3,222",
110/04/07,"4,149,877","270,588,722",65.20,65.60,64.80,65.50,+0.30,"2,248",
110/04/08,"5,665,093","368,907,431",65.40,65.80,64.70,64.80,-0.70,"3,031",
110/04/09,"4,830,314","314,565,953",64.80,65.30,64.80,65.20,+0.40,"1,790",
110/04/12,"2,736,850","178,289,687",65.10,65.40,64.90,65.30,+0.10,"1,703",
110/04/13,"2,564,736","167,513,580",65.30,65.40,65.10,65.40,+0.10,"1,795",
110/04/14,"2,712,356","177,063,346",65.40,65.50,65.10,65.30,-0.10,"1,524",
110/04/15,"2,958,700","193,651,103",65.30,65.70,65.20,65.60,+0.30,"1,597",
110/04/16,"2,997,692","196,737,587",65.60,65.80,65.50,65.80,+0.20,"1,638",
110/04/19,"2,380,377","156,494,080",65.80,66.00,65.60,65.90,+0.10,"1,515",
110/04/20,"3,473,107","230,129,211",65.90,66.60,65.90,66.60,+0.70,"2,125",
110/04/21,"2,262,816","150,609,171",66.50,66.70,66.40,66.70,+0.10,"1,435",
110/04/22,"3,393,764","225,348,666",66.60,66.80,66.10,66.60,-0.10,"2,117",
110/04/23,"2,352,019","156,058,455",66.50,66.60,66.20,66.60, 0.00,"1,243",
110/04/26,"2,055,621","136,397,526",66.60,66.70,66.20,66.40,-0.20,"1,287",
110/04/27,"3,947,293","260,308,698",66.40,66.50,65.70,65.80,-0.60,"2,330",
110/04/28,"3,646,340","237,772,950",65.70,66.00,65.00,65.10,-0.70,"2,106",
110/04/29,"3,950,734","256,992,075",64.90,65.20,64.80,65.10, 0.00,"1,879",
110/06/01,"1,275,434","82,261,111",64.40,64.70,64.30,64.60,+0.20,765,
110/06/02,"2,527,028","163,649,523",64.60,65.00,64.40,65.00,+0.40,"1,520",
110/06/03,"1,725,448","112,292,696",65.00,65.30,64.80,65.30,+0.30,998,
110/06/04,"1,561,544","101,719,478",64.70,65.50,64.70,65.50,+0.20,966,
110/06/07,"2,294,150","149,834,950",65.30,65.60,65.00,65.60,+0.10,"1,381",
110/06/08,"1,784,516","116,863,236",65.80,65.80,65.20,65.50,-0.10,898,
110/06/09,"1,799,988","117,861,684",65.40,65.70,65.20,65.60,+0.10,992,
110/06/10,"2,191,065","143,435,603",65.40,65.60,65.20,65.60, 0.00,"1,060",
110/06/11,"2,153,539","141,365,074",65.50,65.80,65.40,65.60, 0.00,"1,340",
110/06/15,"2,040,624","133,682,260",65.50,65.80,65.30,65.50,-0.10,"1,040",
110/06/16,"3,066,976","201,131,573",65.20,65.90,65.20,65.90,+0.40,"1,955",
110/06/17,"1,161,028","75,866,232",65.30,65.50,65.20,65.40,-0.50,806,
110/06/18,"4,771,039","309,133,711",65.30,65.30,64.70,64.70,-0.70,"1,375",
110/06/21,"1,963,862","126,578,953",64.70,64.80,64.10,64.60,-0.10,"1,185",
110/06/22,"1,976,929","128,510,403",65.10,65.40,64.70,65.00,+0.40,"1,197",
110/06/23,"2,984,999","195,307,006",65.10,65.70,65.10,65.20,+0.20,"1,857",
110/06/24,"1,718,226","112,503,591",65.20,65.70,65.20,65.40,+0.20,823,
110/06/25,"2,312,249","151,187,010",65.50,65.60,65.10,65.40, 0.00,"1,016",
110/06/28,"1,156,482","75,495,369",65.40,65.50,65.10,65.10,-0.30,715,
110/06/29,"2,135,539","138,723,545",65.10,65.30,64.80,65.00,-0.10,"1,303",
110/06/30,"2,036,558","131,902,027",65.00,65.00,64.60,64.60,-0.40,"1,090",
110/06/01,"1,275,434","82,261,111",64.40,64.70,64.30,64.60,+0.20,765,
110/06/02,"2,527,028","163,649,523",64.60,65.00,64.40,65.00,+0.40,"1,520",
110/06/03,"1,725,448","112,292,696",65.00,65.30,64.80,65.30,+0.30,998,
110/06/04,"1,561,544","101,719,478",64.70,65.50,64.70,65.50,+0.20,966,
110/06/07,"2,294,150","149,834,950",65.30,65.60,65.00,65.60,+0.10,"1,381",
110/06/08,"1,784,516","116,863,236",65.80,65.80,65.20,65.50,-0.10,898,
110/06/09,"1,799,988","117,861,684",65.40,65.70,65.20,65.60,+0.10,992,
110/06/10,"2,191,065","143,435,603",65.40,65.60,65.20,65.60, 0.00,"1,060",
110/06/11,"2,153,539","141,365,074",65.50,65.80,65.40,65.60, 0.00,"1,340",
110/06/15,"2,040,624","133,682,260",65.50,65.80,65.30,65.50,-0.10,"1,040",
110/06/16,"3,066,976","201,131,573",65.20,65.90,65.20,65.90,+0.40,"1,955",
110/06/17,"1,161,028","75,866,232",65.30,65.50,65.20,65.40,-0.50,806,
110/06/18,"4,771,039","309,133,711",65.30,65.30,64.70,64.70,-0.70,"1,375",
110/06/21,"1,963,862","126,578,953",64.70,64.80,64.10,64.60,-0.10,"1,185",
110/06/22,"1,976,929","128,510,403",65.10,65.40,64.70,65.00,+0.40,"1,197",
110/06/23,"2,984,999","195,307,006",65.10,65.70,65.10,65.20,+0.20,"1,857",
110/06/24,"1,718,226","112,503,591",65.20,65.70,65.20,65.40,+0.20,823,
110/06/25,"2,312,249","151,187,010",65.50,65.60,65.10,65.40, 0.00,"1,016",
110/06/28,"1,156,482","75,495,369",65.40,65.50,65.10,65.10,-0.30,715,
110/06/29,"2,135,539","138,723,545",65.10,65.30,64.80,65.00,-0.10,"1,303",
110/06/30,"2,036,558","131,902,027",65.00,65.00,64.60,64.60,-0.40,"1,090",
110/07/01,"1,394,353","90,070,598",64.50,64.80,64.40,64.60, 0.00,826,
110/07/02,"1,396,770","90,404,700",64.70,65.00,64.60,64.70,+0.10,708,
110/07/05,"2,216,677","144,322,131",64.70,65.30,64.60,65.30,+0.60,"1,093",
110/07/06,"1,357,037","88,253,009",65.20,65.20,64.90,65.00,-0.30,839,
110/07/07,"1,935,874","125,879,884",65.10,65.20,64.80,65.00, 0.00,"1,109",
110/07/08,"2,024,141","131,688,127",65.00,65.20,65.00,65.10,+0.10,"1,342",
110/07/09,"2,467,418","160,332,800",64.90,65.40,64.60,65.40,+0.30,"1,177",
110/07/12,"1,608,861","105,128,742",65.40,65.60,65.00,65.10,-0.30,841,
110/07/13,"2,669,598","173,933,120",65.10,65.40,65.00,65.30,+0.20,"1,270",
110/07/14,"3,335,504","217,038,317",65.30,65.50,64.90,65.10,-0.20,"2,128",
110/07/15,"3,072,189","199,929,452",65.10,65.30,64.90,65.20,+0.10,"2,018",
110/07/16,"3,898,677","254,477,397",65.00,65.60,65.00,65.40,+0.20,"2,165",
110/07/19,"3,023,945","197,228,967",65.10,65.40,65.00,65.40, 0.00,"1,279",
110/07/20,"5,461,784","356,931,008",65.10,65.50,65.00,65.30,-0.10,"2,419",
110/07/21,"6,919,850","451,716,997",65.30,65.50,65.00,65.40,+0.10,"3,184",
110/07/22,"8,581,878","559,667,552",65.10,65.40,65.00,65.10,-0.30,"4,064",
110/07/23,"13,922,970","857,495,618",61.90,62.40,60.90,61.60,X0.00,"7,162",
110/07/26,"4,671,079","286,029,631",61.60,61.70,61.00,61.10,-0.50,"3,169",
110/07/27,"6,744,445","409,757,750",61.30,61.40,60.20,60.70,-0.40,"3,450",
110/07/28,"3,496,282","211,727,080",60.70,60.90,60.40,60.50,-0.20,"2,045",
110/07/29,"3,849,823","232,831,453",60.50,60.60,60.30,60.60,+0.10,"1,898",
110/07/30,"2,758,604","167,367,365",60.60,60.80,60.50,60.60, 0.00,"1,391",
110/08/02,"3,324,203","202,308,103",60.70,61.50,60.60,61.50,+0.90,"1,933",
110/08/03,"3,293,483","200,740,211",61.30,61.40,60.50,61.40,-0.10,"1,870",
110/08/04,"3,169,115","193,395,712",61.00,61.30,60.80,61.20,-0.20,"1,776",
110/08/05,"4,625,146","282,241,992",61.30,61.50,60.50,61.30,+0.10,"2,569",
110/08/06,"1,989,790","121,288,935",61.30,61.30,60.70,60.90,-0.40,"1,534",
110/08/09,"2,415,319","146,854,720",60.90,61.10,60.50,60.90, 0.00,"1,569",
110/08/10,"1,727,119","105,207,321",61.00,61.20,60.70,61.20,+0.30,"1,119",
110/08/11,"2,862,338","175,347,379",61.20,61.50,60.80,61.50,+0.30,"2,087",
110/08/12,"1,760,370","108,066,460",61.40,61.70,61.20,61.40,-0.10,"1,231",
110/08/13,"2,219,943","135,970,666",61.40,61.50,61.00,61.40, 0.00,"1,244",
110/08/16,"4,114,528","250,851,866",61.10,61.40,60.70,61.10,-0.30,"2,192",
110/08/17,"5,398,818","329,081,846",61.10,61.40,60.60,61.10, 0.00,"2,788",
110/08/18,"5,084,043","309,242,373",61.00,61.20,60.60,61.20,+0.10,"3,205",
110/08/19,"7,250,470","438,627,290",60.80,61.00,60.20,60.70,-0.50,"4,091",
110/08/20,"4,974,847","300,031,922",60.70,60.70,60.10,60.40,-0.30,"2,634",
110/08/23,"3,837,329","231,238,332",60.40,60.60,60.00,60.40, 0.00,"2,252",
110/08/24,"3,517,538","212,936,164",60.40,60.90,60.30,60.90,+0.50,"1,569",
110/08/25,"3,259,549","197,789,961",60.90,60.90,60.50,60.80,-0.10,"1,764",
110/08/26,"3,301,797","200,895,522",60.80,61.10,60.60,61.10,+0.30,"1,638",
110/08/27,"2,445,611","149,447,780",61.10,61.20,60.90,61.20,+0.10,"1,428",
110/08/30,"3,424,408","209,246,864",61.20,61.40,60.80,61.40,+0.20,"2,118",
110/08/31,"5,864,459","359,850,411",61.30,61.60,60.90,61.60,+0.20,"1,569",
110/09/01,"4,395,578","267,799,854",61.30,61.50,60.70,60.70,-0.90,"2,287",
110/09/02,"3,545,030","214,632,968",60.70,60.90,60.40,60.60,-0.10,"2,683",
110/09/03,"3,924,865","237,581,698",60.70,60.80,60.40,60.60, 0.00,"2,034",
110/09/06,"3,303,837","200,237,974",60.80,60.80,60.50,60.60, 0.00,"1,657",
110/09/07,"2,284,726","138,313,922",60.50,60.70,60.40,60.70,+0.10,"1,288",
110/09/08,"2,765,272","167,525,728",60.80,60.90,60.40,60.90,+0.20,"1,991",
110/09/09,"3,263,439","197,158,765",60.60,60.60,60.30,60.40,-0.50,"1,936",
110/09/10,"2,578,319","156,136,999",60.50,60.80,60.30,60.60,+0.20,"1,812",
110/09/13,"2,260,559","137,269,295",60.80,60.90,60.50,60.90,+0.30,"1,098",
110/09/14,"1,889,766","114,789,268",60.90,60.90,60.60,60.80,-0.10,"1,421",
110/09/15,"2,618,081","159,412,762",60.90,61.20,60.70,61.00,+0.20,"1,750",
110/09/16,"2,754,559","167,681,863",61.10,61.20,60.70,60.90,-0.10,"1,469",
110/09/17,"7,521,555","457,237,448",60.90,61.30,60.60,60.60,-0.30,"2,518",
110/09/22,"4,302,268","260,663,222",60.50,61.00,60.40,60.80,+0.20,"2,510",
110/09/23,"3,337,146","203,351,200",60.90,61.10,60.50,61.10,+0.30,"1,555",
110/09/24,"2,742,828","167,674,371",61.20,61.30,60.90,61.30,+0.20,"1,255",
110/09/27,"2,560,985","156,747,672",61.30,61.30,61.00,61.30, 0.00,"1,686",
110/09/28,"3,179,922","194,754,471",61.10,61.50,60.80,61.50,+0.20,"1,952",
110/09/29,"3,612,866","221,010,975",61.40,61.50,60.80,61.50, 0.00,"2,223",
110/09/30,"2,351,356","144,051,002",61.00,61.50,60.90,61.50, 0.00,"1,095",
110/10/01,"3,221,818","196,538,640",61.00,61.30,60.80,61.30,-0.20,"1,726",
110/10/04,"2,476,635","151,538,035",61.40,61.40,61.00,61.20,-0.10,"1,468",
110/10/05,"1,914,726","117,188,891",61.30,61.40,61.00,61.30,+0.10,"1,305",
110/10/06,"4,281,231","262,681,079",61.20,61.60,61.00,61.50,+0.20,"2,294",
110/10/07,"3,118,762","192,515,807",61.60,62.00,61.50,61.70,+0.20,"2,308",
110/10/08,"1,293,485","79,537,951",61.70,61.70,61.30,61.70, 0.00,"1,005",
110/10/12,"3,237,564","198,216,603",61.10,61.60,60.70,61.60,-0.10,"1,715",
110/10/13,"2,075,138","127,419,289",61.80,61.80,61.10,61.50,-0.10,"1,347",
110/10/14,"1,533,788","94,121,829",61.50,61.80,61.20,61.30,-0.20,976,
110/10/15,"2,166,405","133,221,895",61.40,61.70,61.20,61.60,+0.30,"1,425",
110/10/18,"2,416,816","148,580,144",61.30,61.70,61.10,61.50,-0.10,"1,711",
110/10/19,"2,264,927","139,078,807",61.60,61.70,61.10,61.20,-0.30,"1,311",
110/10/20,"2,495,560","152,748,337",61.20,61.50,61.00,61.50,+0.30,"1,564",
110/10/21,"3,713,158","227,244,527",61.50,61.60,61.10,61.10,-0.40,"1,159",
110/10/22,"1,301,821","79,821,271",61.30,61.50,61.10,61.50,+0.40,771,
110/10/25,"1,655,888","101,824,262",61.10,61.60,61.10,61.60,+0.10,784,
110/10/26,"3,117,426","191,909,567",61.60,61.70,61.30,61.70,+0.10,"2,149",
110/10/27,"3,078,578","189,288,794",61.50,61.70,61.30,61.50,-0.20,"1,774",
110/10/28,"1,678,772","103,203,998",61.60,61.60,61.30,61.60,+0.10,"1,119",
110/10/29,"7,158,340","438,776,221",61.40,61.70,61.10,61.20,-0.40,"1,815",
110/11/01,"1,986,906","121,802,393",61.30,61.50,61.20,61.50,+0.30,"1,228",
110/11/02,"3,243,119","199,381,434",61.60,61.70,61.30,61.70,+0.20,"1,543",
110/11/03,"2,358,038","144,778,152",61.30,61.60,61.20,61.60,-0.10,"1,119",
110/11/04,"2,560,068","157,911,862",61.70,61.80,61.40,61.70,+0.10,"1,571",
110/11/05,"4,460,442","276,082,451",61.80,62.00,61.60,62.00,+0.30,"2,169",
110/11/08,"4,917,935","306,885,320",62.00,62.60,62.00,62.60,+0.60,"2,139",
110/11/09,"3,591,174","225,385,757",62.60,63.00,62.40,63.00,+0.40,"1,789",
110/11/10,"4,287,463","270,498,418",63.00,63.40,62.70,63.40,+0.40,"2,182",
110/11/11,"5,653,838","360,386,086",63.40,64.20,63.20,64.20,+0.80,"2,934",
110/11/12,"3,767,598","240,916,187",64.20,64.30,63.60,64.10,-0.10,"2,303",
110/11/15,"3,714,360","237,362,566",64.10,64.10,63.70,63.80,-0.30,"2,373",
110/11/16,"4,325,566","277,101,072",64.00,64.30,63.90,64.30,+0.50,"2,309",
110/11/17,"3,800,778","244,724,298",64.20,64.60,64.10,64.40,+0.10,"2,542",
110/11/18,"3,572,846","231,226,010",64.40,65.00,64.30,65.00,+0.60,"2,158",
110/11/19,"2,120,672","135,899,738",64.80,64.90,63.80,64.10,-0.90,"1,713",
110/11/22,"2,881,060","183,123,144",64.30,64.30,63.30,63.40,-0.70,"1,529",
110/11/23,"3,376,356","214,399,921",63.10,64.00,62.80,63.80,+0.40,"1,885",
110/11/24,"1,566,359","99,679,692",63.60,64.10,63.40,63.90,+0.10,"1,371",
110/11/25,"2,025,955","128,507,768",63.90,63.90,63.10,63.40,-0.50,"1,455",
110/11/26,"2,566,109","161,298,433",63.10,63.40,62.50,63.10,-0.30,"2,922",
110/11/29,"2,220,287","139,020,228",62.60,62.90,62.40,62.50,-0.60,"2,206",
110/11/30,"12,652,624","782,849,042",62.40,63.10,61.50,61.50,-1.00,"3,505",
110/12/01,"4,113,518","257,115,769",61.80,63.20,61.70,62.90,+1.40,"2,450",
110/12/02,"3,751,703","236,660,988",62.90,63.40,62.30,63.40,+0.50,"2,185",
110/12/03,"1,924,780","121,063,004",63.00,63.30,62.50,62.90,-0.50,"1,974",
110/12/06,"2,216,562","138,784,565",62.50,62.90,62.30,62.60,-0.30,"2,513",
110/12/07,"3,157,674","199,035,573",62.60,63.60,62.40,63.60,+1.00,"2,341",
110/12/08,"2,617,797","165,074,152",63.60,63.60,62.80,62.90,-0.70,"2,829",
110/12/09,"2,010,802","126,679,274",63.20,63.20,62.80,63.20,+0.30,"1,345",
110/12/10,"1,716,054","107,623,993",63.00,63.20,62.60,62.60,-0.60,"3,212",
110/12/13,"3,325,767","208,073,101",62.60,62.90,62.40,62.50,-0.10,"3,015",
110/12/14,"2,532,225","158,595,193",62.40,63.00,62.30,62.90,+0.40,"1,245",
110/12/15,"3,184,296","200,391,262",63.00,63.20,62.60,62.90, 0.00,"1,406",
110/12/16,"3,193,054","201,806,404",63.10,63.40,62.90,63.30,+0.40,"1,437",
110/12/17,"3,104,411","196,590,169",63.00,63.50,62.90,63.50,+0.20,"1,454",
110/12/20,"2,877,713","181,882,847",62.80,63.60,62.80,63.50, 0.00,"1,651",
110/12/21,"3,961,480","252,030,463",63.40,63.90,63.20,63.80,+0.30,"1,690",
110/12/22,"2,267,273","144,488,253",63.80,63.90,63.50,63.80, 0.00,827,
110/12/23,"3,186,775","203,429,294",63.90,64.00,63.60,63.90,+0.10,"1,685",
110/12/24,"2,390,572","152,636,209",64.00,64.00,63.60,63.90, 0.00,"1,219",
110/12/27,"2,473,983","157,901,512",63.90,64.00,63.50,64.00,+0.10,"1,878",
110/12/28,"3,430,652","220,445,175",64.00,64.50,63.90,64.30,+0.30,"1,857",
110/12/29,"3,260,612","210,310,096",64.30,64.70,64.00,64.60,+0.30,"1,966",
110/12/30,"2,480,116","159,719,355",64.60,64.70,64.00,64.60, 0.00,"1,437",
111/01/03,"1,233,207","79,110,904",64.60,64.60,63.80,64.10,-0.50,"1,428",
111/01/04,"2,038,667","129,992,169",64.10,64.30,63.30,63.90,-0.20,"2,304",
111/01/05,"1,692,689","107,680,898",63.30,63.90,63.30,63.80,-0.10,"1,533",
111/01/06,"1,495,498","95,396,366",63.90,64.00,63.50,64.00,+0.20,"1,067",
111/01/07,"1,443,919","91,763,488",64.00,64.00,63.30,63.60,-0.40,"1,407",
111/01/10,"2,627,172","168,763,776",64.00,64.90,63.90,64.40,+0.80,"1,794",
111/01/11,"1,586,329","101,929,663",64.40,64.50,64.00,64.50,+0.10,"1,400",
111/01/12,"1,830,347","117,445,719",64.40,64.60,63.90,64.20,-0.30,"1,282",
111/01/13,"1,803,084","116,153,913",64.40,64.60,64.20,64.60,+0.40,"1,041",
111/01/14,"2,116,656","136,386,444",64.60,64.70,64.20,64.30,-0.30,"1,169",
111/01/17,"932,644","59,867,765",64.30,64.60,64.00,64.10,-0.20,582,
111/01/18,"1,856,372","119,615,038",64.20,64.60,64.10,64.40,+0.30,"1,113",
111/01/19,"3,584,755","231,810,549",64.50,64.90,64.30,64.90,+0.50,"2,150",
111/01/20,"3,443,997","223,483,501",64.90,65.00,64.40,65.00,+0.10,"2,052",
111/01/21,"3,024,043","195,400,635",64.50,65.00,64.20,65.00, 0.00,"1,817",
111/01/24,"1,382,689","89,553,656",64.90,64.90,64.40,64.90,-0.10,"1,034",
111/01/25,"4,289,916","276,508,139",64.20,65.00,63.90,65.00,+0.10,"2,275",
111/01/26,"2,433,578","157,920,237",64.70,65.00,64.70,65.00, 0.00,"2,068",
111/02/07,"6,155,940","401,624,850",64.50,65.50,64.50,65.50,+0.50,"2,961",
111/02/08,"3,604,441","235,997,998",65.10,65.70,65.10,65.60,+0.10,"1,640",
111/02/09,"3,926,929","258,524,913",65.70,66.00,65.60,66.00,+0.40,"2,257",
111/02/10,"4,728,153","313,215,555",65.60,66.50,65.60,66.50,+0.50,"2,039",
111/02/11,"4,473,476","297,407,753",66.20,66.70,66.10,66.70,+0.20,"1,644",
111/02/14,"3,819,560","254,391,748",66.50,67.00,65.90,66.90,+0.20,"2,402",
111/02/15,"3,265,950","218,544,490",66.90,67.10,66.40,67.10,+0.20,"2,174",
111/02/16,"2,487,389","167,352,909",67.10,67.50,67.10,67.50,+0.40,"1,763",
111/02/17,"8,332,663","568,964,294",67.90,68.60,67.70,68.40,+0.90,"3,970",
111/02/18,"4,032,968","276,545,692",68.40,69.20,68.20,68.60,+0.20,"2,339",
111/02/21,"3,916,413","269,612,971",68.50,69.20,68.20,68.90,+0.30,"2,051",
111/02/22,"4,727,174","325,008,424",68.40,69.20,68.40,69.10,+0.20,"2,377",
111/02/23,"5,212,725","363,225,105",68.90,70.00,68.90,70.00,+0.90,"2,553",
111/02/24,"7,763,865","542,961,233",70.00,70.20,69.60,70.00, 0.00,"4,319",
111/02/25,"15,244,950","1,058,383,382",69.20,70.10,69.20,69.30,-0.70,"3,721",
111/03/01,"12,362,683","869,176,914",71.00,72.00,69.50,70.20,+0.90,"13,691",
111/03/02,"7,525,584","537,461,231",70.50,72.00,70.00,71.90,+1.70,"4,525",
111/03/03,"6,848,425","495,542,601",72.00,72.80,71.80,72.80,+0.90,"3,871",
111/03/04,"5,606,834","407,489,023",72.50,73.20,71.20,73.20,+0.40,"3,559",
111/03/07,"7,642,155","548,335,681",71.90,72.50,70.70,71.90,-1.30,"4,524",
111/03/08,"8,328,711","603,077,593",71.00,73.30,71.00,73.00,+1.10,"4,661",
111/03/09,"7,100,581","516,708,728",73.00,73.30,72.30,73.30,+0.30,"4,731",
111/03/10,"4,418,102","322,975,606",73.40,73.40,72.80,73.30, 0.00,"2,878",
111/03/11,"3,678,375","268,192,295",73.30,73.30,72.50,73.20,-0.10,"2,204",
111/03/14,"5,015,635","365,976,486",73.20,73.30,72.50,73.20, 0.00,"2,525",
111/03/15,"6,258,334","459,207,087",73.40,74.00,72.60,74.00,+0.80,"3,530",
111/03/16,"8,508,849","632,464,545",73.50,75.00,73.50,75.00,+1.00,"4,610",
111/03/17,"8,404,685","622,603,119",75.30,75.70,73.10,73.50,-1.50,"5,819",
111/03/18,"13,678,940","995,205,263",73.30,73.90,72.20,72.80,-0.70,"4,286",
111/03/21,"2,089,300","152,692,144",72.80,73.50,72.80,73.00,+0.20,"1,827",
111/03/22,"3,746,927","272,121,122",73.00,73.10,72.30,72.80,-0.20,"2,825",
111/03/23,"3,823,792","276,754,522",72.50,72.70,72.10,72.50,-0.30,"2,327",
111/03/24,"5,352,340","390,618,983",72.50,73.50,72.30,73.50,+1.00,"3,295",
111/03/25,"4,954,585","363,253,631",72.90,73.70,72.90,73.50, 0.00,"2,824",
111/03/28,"3,101,953","226,906,603",72.50,73.40,72.50,73.30,-0.20,"2,067",
111/03/29,"3,481,606","254,818,815",73.40,73.50,73.00,73.20,-0.10,"1,827",
111/03/30,"5,156,365","379,069,983",73.40,73.90,73.30,73.70,+0.50,"2,736",
111/03/31,"4,333,273","319,386,406",74.40,74.40,73.40,73.50,-0.20,"1,802",
111/04/01,"3,690,461","269,255,643",73.00,73.50,72.60,73.10,-0.40,"2,421",
111/04/06,"5,822,328","428,781,520",73.00,74.00,72.80,73.90,+0.80,"3,340",
111/04/07,"7,302,074","541,296,884",73.50,74.70,73.20,73.90, 0.00,"4,929",
111/04/08,"5,513,343","408,856,936",74.40,74.60,73.60,74.60,+0.70,"4,029",
111/04/11,"5,312,397","396,327,234",74.10,75.00,74.00,74.70,+0.10,"3,907",
111/04/12,"5,206,763","389,774,231",74.60,75.00,74.40,75.00,+0.30,"3,707",
111/04/13,"4,049,260","303,128,564",75.30,75.30,74.60,74.70,-0.30,"3,574",
111/04/14,"3,447,334","256,367,442",74.60,74.90,74.10,74.10,-0.60,"2,062",
111/04/15,"7,809,393","588,766,189",74.50,75.90,74.30,75.50,+1.40,"5,907",
111/04/18,"10,720,703","822,375,631",74.70,77.40,74.70,76.90,+1.40,"6,442",
111/04/19,"4,455,960","340,941,131",77.10,77.20,76.10,76.10,-0.80,"4,317",
111/04/20,"8,248,532","635,657,263",76.50,77.80,76.10,77.80,+1.70,"6,353",
111/04/21,"4,338,046","335,239,419",77.80,78.30,76.90,77.10,-0.70,"4,050",
111/04/22,"4,211,923","326,106,783",76.30,77.90,76.20,77.70,+0.60,"3,615",
111/04/25,"7,117,148","554,920,197",77.00,78.80,76.80,78.30,+0.60,"5,321",
111/04/26,"13,310,956","1,061,451,774",78.90,80.50,78.30,80.50,+2.20,"8,303",
111/04/27,"12,245,740","997,063,713",80.50,82.20,80.00,81.40,+0.90,"8,270",
111/04/28,"7,937,082","646,173,264",81.30,82.00,80.50,82.00,+0.60,"5,353",
111/04/29,"8,154,512","671,835,010",82.00,83.00,81.50,82.80,+0.80,"4,730",
111/05/03,"7,059,340","571,440,885",82.30,82.60,80.10,81.00,-1.80,"5,591",
111/05/04,"10,255,024","812,901,799",80.70,80.80,78.60,79.40,-1.60,"6,747",
111/05/05,"7,392,868","592,335,760",80.50,81.30,79.20,80.00,+0.60,"5,034",
111/05/06,"8,632,518","689,142,582",78.00,80.80,78.00,79.80,-0.20,"5,651",
111/05/09,"4,490,319","356,284,036",78.60,80.00,78.60,79.40,-0.40,"2,507",
111/05/10,"10,344,403","838,709,448",79.00,81.90,78.80,81.80,+2.40,"5,842",
111/05/11,"7,645,614","625,804,086",81.30,82.30,81.00,82.10,+0.30,"4,628",
111/05/12,"8,151,760","661,885,096",81.70,82.00,80.70,81.20,-0.90,"5,948",
111/05/13,"7,290,186","598,092,570",81.50,82.30,81.30,82.20,+1.00,"4,970",
111/05/16,"7,855,970","644,664,951",82.40,82.50,81.50,82.10,-0.10,"4,733",
111/05/17,"4,441,007","365,288,079",83.00,83.00,81.70,82.00,-0.10,"3,103",
111/05/18,"8,104,365","668,249,643",81.50,83.10,81.50,83.10,+1.10,"5,068",
111/05/19,"5,701,063","469,048,839",81.50,82.70,81.50,82.40,-0.70,"3,633",
111/05/20,"8,790,812","727,316,329",82.40,83.50,82.00,83.00,+0.60,"4,656",
111/05/23,"6,419,023","523,302,073",82.90,82.90,81.00,81.40,-1.60,"3,744",
111/05/24,"8,459,552","680,004,239",80.90,81.80,80.00,80.40,-1.00,"4,376",
111/05/25,"7,975,776","651,078,701",80.50,82.20,80.50,82.20,+1.80,"4,071",
111/05/26,"6,584,802","541,117,196",82.40,82.50,81.40,82.50,+0.30,"3,123",
111/05/27,"7,462,177","603,389,954",82.60,82.60,80.10,80.70,-1.80,"7,308",
111/05/30,"10,328,585","826,592,653",81.30,81.30,79.30,80.70, 0.00,"6,414",
111/05/31,"19,935,512","1,585,732,174",79.60,80.30,78.80,79.70,-1.00,"6,316",
111/06/01,"6,269,697","508,747,075",79.70,81.80,79.70,81.50,+1.80,"3,370",
111/06/02,"2,861,664","231,352,230",80.70,81.50,79.90,81.00,-0.50,"1,820",
111/06/06,"3,165,182","256,706,874",81.20,81.50,80.60,81.50,+0.50,"1,763",
111/06/07,"4,037,608","326,998,615",81.10,81.40,80.20,81.00,-0.50,"2,253",
111/06/08,"4,747,860","386,242,470",81.30,81.80,81.00,81.00, 0.00,"2,584",
111/06/09,"3,022,616","244,520,120",80.60,81.30,80.30,81.20,+0.20,"2,715",
111/06/10,"2,282,533","184,574,150",80.30,81.40,80.30,80.70,-0.50,"1,297",
111/06/13,"4,644,847","375,284,609",80.90,81.50,79.70,81.50,+0.80,"2,711",
111/06/14,"3,248,664","262,786,982",81.90,81.90,80.50,80.70,-0.80,"1,961",
111/06/15,"4,006,497","327,050,873",80.70,82.10,80.70,81.60,+0.90,"2,892",
111/06/16,"3,263,200","267,294,415",82.40,82.60,81.50,81.60, 0.00,"1,855",
111/06/17,"9,196,551","753,279,259",81.20,82.50,80.40,82.50,+0.90,"2,796",
111/06/20,"2,811,510","230,243,260",81.80,82.30,81.50,81.90,-0.60,"1,726",
111/06/21,"3,536,648","291,285,769",82.50,82.80,81.70,82.50,+0.60,"1,674",
111/06/22,"4,079,831","336,925,943",82.50,82.90,82.00,82.60,+0.10,"2,057",
111/06/23,"5,429,393","451,154,935",83.00,83.30,82.40,83.30,+0.70,"2,643",
111/06/24,"5,697,622","480,488,675",83.80,84.90,83.50,84.70,+1.40,"4,862",
111/06/27,"5,003,999","420,773,426",84.40,84.70,83.50,84.00,-0.70,"3,436",
111/06/28,"3,234,193","273,646,103",83.70,85.00,83.30,85.00,+1.00,"1,864",
111/06/29,"6,067,466","519,809,355",84.20,86.40,84.20,85.80,+0.80,"4,220",
111/06/30,"7,167,618","603,039,343",85.30,85.70,83.50,83.60,-2.20,"5,558",
111/07/01,"6,501,788","551,492,099",83.50,85.70,82.50,85.50,+1.90,"4,338",
111/07/04,"7,725,742","672,597,961",86.00,87.70,85.10,87.60,+2.10,"5,011",
111/07/05,"7,370,037","644,564,142",88.50,88.60,86.40,87.00,-0.60,"7,691",
111/07/06,"14,091,748","1,229,461,161",86.10,88.40,86.10,86.70,-0.30,"7,831",
111/07/07,"11,486,494","998,237,861",86.20,87.50,86.20,86.70, 0.00,"4,795",
111/07/08,"8,032,568","682,912,703",86.60,86.60,83.80,84.80,-1.90,"6,714",
111/07/11,"7,101,700","592,904,566",83.50,84.50,82.70,83.30,-1.50,"5,705",
111/07/12,"7,963,124","659,715,588",82.50,84.00,81.30,83.20,-0.10,"7,206",
111/07/13,"10,034,020","831,472,775",82.10,83.60,81.80,83.00,-0.20,"4,296",
111/07/14,"11,314,966","882,885,398",79.80,79.90,76.80,78.30,X0.00,"4,937",
111/07/15,"11,020,535","862,992,198",78.00,79.20,77.50,78.80,+0.50,"5,737",
111/07/18,"10,866,567","832,658,388",78.40,78.80,75.80,76.30,-2.50,"5,811",
111/07/19,"8,389,360","629,457,903",76.90,76.90,74.20,74.90,-1.40,"4,800",
111/07/20,"12,406,377","915,830,085",73.70,74.40,72.70,74.10,-0.80,"5,491",
111/07/21,"4,161,707","308,523,813",74.00,74.50,73.80,74.20,+0.10,"1,801",
111/07/22,"6,241,743","459,224,825",73.40,74.00,72.70,74.00,-0.20,"3,020",
111/07/25,"3,824,510","284,124,486",73.60,74.60,73.50,74.50,+0.50,"1,783",
111/07/26,"6,995,434","518,593,465",74.00,74.60,73.30,74.50, 0.00,"3,627",
111/07/27,"6,282,748","477,647,166",73.90,76.70,73.90,76.20,+1.70,"3,133",
111/07/28,"4,175,096","316,995,807",76.20,76.40,75.20,75.80,-0.40,"2,156",
111/07/29,"5,372,312","405,984,585",76.30,76.30,74.50,75.50,-0.30,"3,393",
111/08/01,"4,277,062","321,914,926",75.30,75.60,74.80,75.30,-0.20,"1,870",
111/08/02,"6,511,015","486,792,228",74.60,75.40,74.30,75.20,-0.10,"2,786",
111/08/03,"5,514,671","415,982,180",75.20,76.20,75.10,75.40,+0.20,"1,912",
111/08/04,"6,407,826","487,594,428",76.50,78.70,74.70,75.60,+0.20,"3,804",
111/08/05,"3,841,543","290,400,515",76.30,76.30,75.20,75.60, 0.00,"2,060",
111/08/08,"5,751,810","443,549,305",75.80,77.70,75.80,77.60,+2.00,"2,678",
111/08/09,"3,125,452","240,747,062",77.70,77.70,76.50,77.20,-0.40,"2,269",
111/08/10,"2,692,651","208,432,298",77.50,78.00,76.60,77.30,+0.10,"1,928",
111/08/11,"4,608,792","360,945,343",78.40,78.90,77.70,78.20,+0.90,"2,699",
111/08/12,"2,142,725","166,965,522",78.80,78.80,77.50,78.00,-0.20,"1,615",
111/08/15,"1,870,470","145,758,185",77.80,78.40,77.30,77.90,-0.10,"1,273",
111/08/16,"9,599,052","726,327,013",77.10,77.20,75.10,75.40,-2.50,"5,209",
111/08/17,"4,967,545","373,142,152",75.80,76.10,74.50,75.50,+0.10,"3,540",
111/08/18,"2,770,222","207,643,099",75.00,75.40,74.70,75.00,-0.50,"1,646",
111/08/19,"3,536,185","262,912,226",74.70,75.00,74.20,74.20,-0.80,"2,276",
111/08/22,"3,844,572","284,397,148",74.00,74.90,73.30,74.60,+0.40,"2,061",
111/08/23,"3,036,788","225,329,857",74.60,74.80,73.90,74.30,-0.30,"1,400",
111/08/24,"4,857,452","363,579,922",74.50,75.60,74.20,74.90,+0.60,"2,134",
111/08/25,"2,923,965","220,256,512",74.90,75.90,74.90,75.00,+0.10,"1,500",
111/08/26,"1,513,198","113,415,628",75.30,75.30,74.70,74.90,-0.10,"1,063",
111/08/29,"3,014,088","224,775,952",74.20,75.30,73.80,74.70,-0.20,"1,509",
111/08/30,"2,591,484","195,202,164",74.30,75.80,74.30,75.30,+0.60,"1,707",
111/08/31,"6,617,211","495,283,243",75.00,75.50,74.70,74.80,-0.50,"2,191",
111/09/01,"5,669,102","416,131,536",74.10,74.60,72.80,73.50,-1.30,"3,285",
111/09/02,"1,807,778","133,121,568",73.50,74.20,73.30,73.30,-0.20,"1,228",
111/09/05,"4,318,471","315,396,449",73.80,73.80,72.20,73.00,-0.30,"1,993",
111/09/06,"3,577,411","262,763,026",73.30,74.00,73.00,73.50,+0.50,"1,462",
111/09/07,"3,098,832","227,552,956",73.00,74.00,72.90,73.40,-0.10,"2,037",
111/09/08,"2,622,007","194,009,655",73.40,74.50,73.20,74.50,+1.10,"1,750",
111/09/12,"2,616,534","193,736,061",75.40,75.40,73.30,73.60,-0.90,"2,496",
111/09/13,"2,172,864","160,938,154",74.20,74.50,73.60,73.90,+0.30,"1,234",
111/09/14,"3,531,111","260,128,686",73.50,74.10,73.20,73.50,-0.40,"1,967",
111/09/15,"3,035,945","223,977,712",73.50,74.20,73.20,73.80,+0.30,"1,702",
111/09/16,"10,689,522","778,883,053",73.20,74.00,72.10,73.20,-0.60,"3,779",
111/09/19,"6,044,034","437,615,160",73.30,73.30,72.00,72.70,-0.50,"3,853",
111/09/20,"4,036,099","292,086,961",72.90,72.90,71.80,72.70, 0.00,"2,136",
111/09/21,"2,912,925","212,506,538",72.60,73.20,72.30,73.10,+0.40,"1,963",
111/09/22,"5,048,275","359,308,920",72.10,72.20,70.70,70.70,-2.40,"3,364",
111/09/23,"7,523,639","528,472,463",70.70,71.20,69.70,70.30,-0.40,"3,994",
111/09/26,"4,674,005","329,089,994",69.60,71.30,69.30,71.00,+0.70,"2,196",
111/09/27,"3,153,753","224,142,809",71.00,71.60,70.40,71.40,+0.40,"2,273",
111/09/28,"6,811,004","489,338,139",71.60,72.50,70.80,72.30,+0.90,"3,466",
111/09/29,"5,421,324","392,538,497",72.10,73.20,71.30,72.80,+0.50,"3,658",
111/09/30,"5,385,901","389,967,112",72.10,73.10,71.80,72.40,-0.40,"2,864",
111/10/03,"5,133,529","358,369,591",71.40,71.40,69.30,69.50,-2.90,"3,723",
111/10/04,"4,054,853","283,431,960",69.50,70.40,69.20,70.10,+0.60,"1,895",
111/10/05,"4,352,124","302,675,005",69.80,70.30,69.30,69.50,-0.60,"2,886",
111/10/06,"5,798,636","398,473,096",69.90,70.00,68.30,68.50,-1.00,"3,139",
111/10/07,"2,212,081","150,911,588",68.10,68.70,68.00,68.30,-0.20,"1,591",
111/10/11,"4,986,049","340,648,967",67.90,69.30,67.10,68.70,+0.40,"2,921",
111/10/12,"3,915,153","270,674,131",68.70,69.60,68.50,69.10,+0.40,"1,846",
111/10/13,"5,894,858","410,626,284",69.20,70.30,68.80,69.60,+0.50,"3,114",
111/10/14,"4,386,084","300,780,467",69.50,69.70,68.10,68.20,-1.40,"3,894",
111/10/17,"3,738,058","257,098,344",68.80,69.20,68.00,68.50,+0.30,"2,087",
111/10/18,"3,583,541","245,036,966",68.60,68.90,67.80,68.50, 0.00,"2,069",
111/10/19,"5,663,294","386,431,632",68.20,68.60,67.70,67.90,-0.60,"2,980",
111/10/20,"10,424,026","717,910,806",67.00,69.70,66.70,69.50,+1.60,"3,942",
111/10/21,"3,431,713","237,825,101",68.90,70.00,68.60,69.00,-0.50,"2,320",
111/10/24,"3,023,193","208,910,045",69.10,69.50,68.70,69.10,+0.10,"1,591",
111/10/25,"7,442,349","520,333,297",69.70,70.30,68.90,70.10,+1.00,"2,782",
111/10/26,"6,064,943","430,058,547",70.20,71.40,70.00,70.60,+0.50,"2,805",
111/10/27,"5,514,992","387,935,086",70.70,70.90,70.00,70.10,-0.50,"2,612",
111/10/28,"4,342,693","304,486,408",69.90,70.80,69.60,70.10, 0.00,"1,612",
111/10/31,"5,649,119","399,919,636",70.40,71.50,70.00,70.70,+0.60,"1,866",
111/11/01,"5,408,434","384,789,633",70.80,71.80,70.00,71.00,+0.30,"2,930",
111/11/02,"5,648,015","396,245,381",71.10,71.40,69.80,69.90,-1.10,"3,142",
111/11/03,"4,795,364","332,050,278",69.20,69.70,68.60,69.10,-0.80,"2,313",
111/11/04,"5,351,396","366,718,853",68.80,69.30,67.90,69.30,+0.20,"2,151",
111/11/07,"4,109,134","280,187,270",69.30,69.30,68.00,68.00,-1.30,"2,266",
111/11/08,"2,224,938","152,825,378",68.40,69.00,68.10,68.90,+0.90,"1,603",
111/11/09,"3,924,084","271,461,449",69.00,69.80,68.80,69.10,+0.20,"2,378",
111/11/10,"4,615,264","317,284,352",68.60,69.40,68.40,68.50,-0.60,"2,087",
111/11/11,"8,466,971","582,294,953",69.30,69.70,68.10,69.00,+0.50,"4,387",
111/11/14,"8,221,579","564,215,125",69.20,69.30,68.20,68.60,-0.40,"3,947",
111/11/15,"10,175,947","691,700,897",68.60,68.60,67.50,68.00,-0.60,"5,284",
111/11/16,"13,099,641","872,965,324",67.50,67.60,66.10,66.20,-1.80,"7,539",
111/11/17,"11,294,703","737,586,667",65.90,65.90,65.00,65.20,-1.00,"5,901",
111/11/18,"3,855,720","254,854,795",65.30,66.40,65.30,66.20,+1.00,"2,455",
111/11/21,"4,808,904","315,783,966",66.30,66.40,65.40,65.50,-0.70,"3,205",
111/11/22,"4,035,174","264,981,314",66.00,66.20,65.30,65.70,+0.20,"2,155",
111/11/23,"5,056,040","332,605,469",65.90,66.10,65.30,65.60,-0.10,"2,998",
111/11/24,"4,160,941","276,799,673",66.10,67.00,65.90,66.50,+0.90,"2,603",
111/11/25,"4,971,192","332,069,369",66.50,67.20,66.40,66.70,+0.20,"2,875",
111/11/28,"3,380,295","224,998,488",66.30,67.00,66.00,66.50,-0.20,"2,100",
111/11/29,"4,286,372","286,550,028",67.10,67.10,66.50,66.70,+0.20,"3,269",
111/11/30,"11,119,781","753,464,902",66.70,68.00,66.70,68.00,+1.30,"2,958",
111/12/01,"5,721,142","384,887,440",67.60,67.90,67.00,67.00,-1.00,"3,688",
111/12/02,"3,193,596","214,830,033",67.00,67.60,66.80,67.50,+0.50,"1,949",
111/12/05,"2,439,087","164,367,049",67.30,67.70,67.00,67.40,-0.10,"1,600",
111/12/06,"4,081,591","273,765,470",67.20,67.70,66.80,66.80,-0.60,"1,976",
111/12/07,"5,282,293","355,790,088",66.60,67.90,66.60,67.40,+0.60,"2,754",
111/12/08,"3,806,909","255,845,236",67.10,67.70,66.80,67.50,+0.10,"2,191",
111/12/09,"2,838,626","191,332,803",67.40,67.60,67.00,67.50, 0.00,"1,661",
111/12/12,"5,538,625","374,004,331",67.20,67.70,67.00,67.60,+0.10,"1,721",
111/12/13,"5,414,814","362,738,335",67.50,67.60,66.80,66.80,-0.80,"2,604",
111/12/14,"3,684,242","248,420,352",67.10,67.70,67.00,67.40,+0.60,"2,011",
111/12/15,"4,377,712","292,719,259",67.10,67.30,66.60,66.80,-0.60,"2,313",
111/12/16,"7,251,156","482,029,702",66.50,66.90,66.30,66.40,-0.40,"2,970",
111/12/19,"4,637,617","305,214,258",66.00,66.20,65.60,65.70,-0.70,"2,739",
111/12/20,"3,833,248","251,889,239",65.70,66.10,65.50,65.50,-0.20,"2,342",
111/12/21,"2,983,313","197,654,313",65.90,66.60,65.70,66.20,+0.70,"1,728",
111/12/22,"3,120,097","205,729,681",66.10,66.10,65.80,65.90,-0.30,"2,071",
111/12/23,"2,524,559","165,513,997",65.60,65.80,65.30,65.70,-0.20,"1,487",
111/12/26,"1,278,728","84,543,332",65.80,66.40,65.70,66.30,+0.60,932,
111/12/27,"1,313,569","87,176,741",66.50,66.60,66.10,66.20,-0.10,777,
111/12/28,"2,617,297","172,193,486",66.20,66.20,65.60,65.70,-0.50,"1,352",
111/12/29,"2,296,633","151,068,277",65.60,66.20,65.50,65.80,+0.10,"1,218",
111/12/30,"1,559,331","103,040,797",66.00,66.30,65.90,65.90,+0.10,856,
112/01/03,"2,054,342","135,804,228",65.80,66.50,65.60,66.20,+0.30,"1,376",
112/01/04,"1,744,085","116,086,313",66.20,66.90,66.20,66.50,+0.30,"1,145",
112/01/05,"2,698,562","179,617,901",66.60,67.10,66.30,66.30,-0.20,"1,454",
112/01/06,"2,143,863","143,277,666",66.60,67.00,66.50,66.90,+0.60,"1,425",
112/01/09,"5,667,885","383,699,834",67.40,68.10,67.10,68.10,+1.20,"3,176",
112/01/10,"4,221,260","287,342,793",68.30,68.40,67.80,68.00,-0.10,"2,083",
112/01/11,"10,190,660","678,372,342",67.90,68.20,66.10,66.10,-1.90,"6,297",
112/01/12,"7,167,482","471,726,949",66.30,66.50,65.60,65.80,-0.30,"4,273",
112/01/13,"3,769,087","249,502,362",66.20,66.50,66.00,66.10,+0.30,"1,978",
112/01/16,"3,416,632","227,605,326",66.60,67.00,66.40,66.60,+0.50,"2,166",
112/01/17,"3,613,401","241,010,495",66.60,66.90,66.50,66.70,+0.10,"2,103",
112/01/30,"13,700,430","923,634,865",68.00,68.00,66.70,67.70,+1.00,"5,801",
112/01/31,"9,946,179","665,548,892",67.50,67.50,66.70,66.70,-1.00,"3,408",
112/02/01,"4,801,241","319,491,354",66.60,66.80,66.40,66.50,-0.20,"3,053",
112/02/02,"6,135,283","410,847,173",66.60,67.50,66.50,67.20,+0.70,"3,260",
112/02/03,"3,363,520","226,424,114",67.00,67.70,66.90,67.50,+0.30,"2,139",
112/02/06,"4,387,790","296,185,257",67.20,67.80,67.10,67.30,-0.20,"2,536",
112/02/07,"4,391,903","297,051,103",67.50,68.00,67.40,67.60,+0.30,"2,585",
112/02/08,"3,899,634","264,915,346",67.60,68.10,67.60,67.90,+0.30,"2,110",
112/02/09,"3,671,522","250,096,607",67.90,68.30,67.80,68.20,+0.30,"1,794",
112/02/10,"3,103,762","211,108,515",68.00,68.40,67.40,68.00,-0.20,"1,593",
112/02/13,"4,373,840","300,737,606",68.10,69.20,67.90,69.20,+1.20,"2,570",
112/02/14,"2,692,131","185,791,456",69.00,69.30,68.80,69.00,-0.20,"1,634",
112/02/15,"3,922,442","268,584,011",68.80,69.00,68.20,68.20,-0.80,"2,355",
112/02/16,"5,529,682","380,047,197",69.00,69.10,68.50,68.50,+0.30,"3,007",
112/02/17,"2,849,442","196,267,338",68.60,69.20,68.40,69.00,+0.50,"1,839",
112/02/20,"2,586,009","178,732,542",68.80,69.40,68.60,69.00, 0.00,"1,629",
112/02/21,"4,173,361","286,270,930",68.90,68.90,68.30,68.50,-0.50,"2,509",
112/02/22,"3,892,996","269,533,039",68.40,69.70,68.30,69.60,+1.10,"2,454",
112/02/23,"4,286,432","297,498,920",69.10,69.70,68.90,69.50,-0.10,"2,999",
112/02/24,"6,538,767","452,042,571",69.30,69.70,69.00,69.00,-0.50,"1,921",
112/03/01,"7,045,879","484,194,672",68.70,69.30,68.60,68.60,-0.40,"3,410",
112/03/02,"4,570,568","315,589,117",68.50,69.60,68.40,69.10,+0.50,"2,795",
112/03/03,"2,969,290","206,435,320",69.50,69.90,69.00,69.80,+0.70,"1,857",
112/03/06,"3,305,518","232,881,497",70.40,70.80,70.00,70.30,+0.50,"2,370",
112/03/07,"3,460,655","244,776,667",70.00,71.00,69.90,70.80,+0.50,"2,146",
112/03/08,"157,511,796","10,304,022,515",70.20,71.20,70.00,71.00,+0.20,"2,804",
112/03/09,"4,092,333","291,292,705",71.10,71.40,70.90,71.40,+0.40,"2,311",
112/03/10,"4,090,557","289,259,932",70.60,71.00,70.50,70.50,-0.90,"2,580",
112/03/13,"4,778,057","337,131,801",70.20,71.00,70.20,70.50, 0.00,"2,345",
112/03/14,"6,347,892","446,531,643",70.00,71.00,69.80,70.30,-0.20,"3,461",
112/03/15,"3,484,382","245,759,830",70.10,70.90,70.10,70.50,+0.20,"2,287",
112/03/16,"3,226,840","228,673,788",70.30,71.20,70.20,71.10,+0.60,"2,250",
112/03/17,"9,146,620","648,329,579",71.10,71.30,70.60,70.80,-0.30,"2,372",
112/03/20,"2,804,882","200,786,118",71.30,72.00,71.00,71.80,+1.00,"1,879",
112/03/21,"2,132,255","152,746,195",71.80,71.90,71.50,71.50,-0.30,"1,829",
112/03/22,"1,931,555","138,621,514",71.90,72.20,71.50,71.70,+0.20,"1,212",
112/03/23,"2,516,049","182,137,020",72.20,72.80,71.90,72.50,+0.80,"1,632",
112/03/24,"7,165,136","527,515,106",72.50,74.20,72.30,73.90,+1.40,"3,930",
112/03/27,"3,736,358","275,305,526",73.70,74.00,73.30,73.60,-0.30,"2,790",
112/03/28,"4,521,661","335,255,481",73.60,74.50,73.60,74.00,+0.40,"2,941",
112/03/29,"6,195,386","465,866,429",74.30,75.60,74.00,75.50,+1.50,"4,803",
112/03/30,"4,517,255","340,040,481",75.50,75.70,74.90,75.30,-0.20,"2,898",
112/03/31,"3,151,937","237,732,034",75.40,76.00,75.10,75.20,-0.10,"2,991",
112/04/06,"3,438,951","261,084,218",75.90,76.20,75.50,75.90,+0.70,"2,748",
112/04/07,"1,581,256","119,688,594",76.00,76.00,75.50,75.70,-0.20,"2,881",
112/04/10,"2,710,427","205,350,470",75.70,76.10,75.20,76.10,+0.40,"1,867",
112/04/11,"2,220,582","169,665,461",76.10,76.70,76.00,76.70,+0.60,"1,743",
112/04/12,"3,040,131","233,310,818",76.70,77.30,76.50,76.60,-0.10,"1,898",
112/04/13,"2,784,238","214,812,970",77.00,77.30,76.80,77.30,+0.70,"1,986",
112/04/14,"3,670,469","285,390,736",77.30,78.10,77.10,78.10,+0.80,"2,585",
112/04/17,"2,569,440","199,337,075",78.00,78.00,77.20,77.70,-0.40,"2,202",
112/04/18,"2,324,276","181,039,354",77.80,78.00,77.60,77.90,+0.20,"1,540",
112/04/19,"2,287,084","178,174,994",78.30,78.30,77.50,77.50,-0.40,"1,734",
112/04/20,"3,038,188","234,115,477",77.00,77.50,76.40,77.40,-0.10,"1,893",
112/04/21,"5,714,134","443,967,397",77.40,78.00,77.00,78.00,+0.60,"2,659",
112/04/24,"5,739,265","447,697,409",78.00,78.20,77.50,78.00, 0.00,"2,540",
112/04/25,"5,938,782","463,158,962",78.00,78.20,77.60,78.00, 0.00,"2,690",
112/04/26,"7,307,768","570,783,039",78.00,78.70,77.50,78.70,+0.70,"4,962",
112/04/27,"6,308,693","493,269,331",78.00,78.70,77.20,78.00,-0.70,"3,123",
112/04/28,"3,233,597","253,197,306",77.60,78.90,77.60,78.90,+0.90,"1,695",
112/05/02,"6,518,357","503,852,812",78.50,78.60,76.30,76.70,-2.20,"4,840",
112/05/03,"3,130,607","242,182,146",76.70,77.80,76.60,77.60,+0.90,"1,653",
112/05/04,"4,878,575","383,010,889",77.70,78.90,77.30,78.90,+1.30,"2,560",
112/05/05,"3,122,039","244,416,109",79.00,79.00,77.80,78.50,-0.40,"2,029",
112/05/08,"3,404,452","267,374,346",78.90,78.90,78.30,78.70,+0.20,"2,475",
112/05/09,"3,506,181","274,242,597",78.00,78.50,77.70,78.20,-0.50,"1,818",
112/05/10,"2,236,388","175,090,718",78.50,78.50,78.00,78.30,+0.10,"1,655",
112/05/11,"3,251,333","253,500,928",78.30,78.40,77.70,77.90,-0.40,"2,020",
112/05/12,"3,390,003","264,188,731",77.90,78.20,77.60,77.90, 0.00,"1,476",
112/05/15,"4,717,107","365,091,442",77.70,77.90,77.00,77.60,-0.30,"2,819",
112/05/16,"3,645,644","283,706,970",77.90,78.20,77.20,78.10,+0.50,"2,533",
112/05/17,"4,408,520","346,377,459",78.30,78.90,77.80,78.70,+0.60,"2,950",
112/05/18,"4,568,122","360,328,173",78.60,79.10,78.60,78.80,+0.10,"2,141",
112/05/19,"3,622,832","285,447,247",79.00,79.00,78.40,78.90,+0.10,"1,898",
112/05/22,"3,720,391","292,109,689",78.90,79.10,78.30,78.30,-0.60,"2,385",
112/05/23,"6,536,515","506,814,740",78.90,78.90,77.10,77.80,-0.50,"3,502",
112/05/24,"3,810,941","295,474,423",77.90,78.00,77.20,77.70,-0.10,"2,356",
112/05/25,"7,187,330","555,925,764",77.50,77.70,77.00,77.70, 0.00,"3,120",
112/05/26,"7,249,669","560,888,295",77.30,78.00,76.90,78.00,+0.30,"3,669",
112/05/29,"6,295,204","484,734,433",77.60,78.00,76.60,77.10,-0.90,"4,142",
112/05/30,"6,631,028","508,924,358",77.20,77.30,76.40,77.10, 0.00,"4,313",
112/05/31,"17,678,438","1,356,240,749",77.20,77.20,76.50,76.70,-0.40,"3,396",
112/06/01,"6,710,033","525,115,609",77.20,78.80,76.80,78.30,+1.60,"4,384",
112/06/02,"4,408,888","345,072,037",78.70,78.70,78.00,78.10,-0.20,"2,682",
112/06/05,"2,411,612","187,898,651",78.10,78.40,77.60,77.70,-0.40,"2,816",
112/06/06,"3,902,714","306,082,248",78.20,78.80,78.10,78.50,+0.80,"2,693",
112/06/07,"4,299,418","337,962,709",78.80,78.90,78.50,78.50, 0.00,"2,419",
112/06/08,"3,960,352","311,098,983",78.50,78.80,78.10,78.80,+0.30,"2,307",
112/06/09,"3,023,144","238,382,177",78.90,79.10,78.50,78.60,-0.20,"1,925",
112/06/12,"3,057,196","240,031,093",78.60,78.80,78.20,78.30,-0.30,"2,759",
112/06/13,"7,553,894","600,987,913",78.30,80.40,78.10,79.70,+1.40,"4,623",
112/06/14,"3,902,566","310,920,733",79.90,80.00,79.10,79.60,-0.10,"2,951",
112/06/15,"6,346,784","512,237,333",79.70,81.20,79.50,81.00,+1.40,"3,744",
112/06/16,"10,502,083","839,188,686",81.00,81.20,79.20,79.20,-1.80,"4,560",
112/06/19,"13,407,061","1,089,253,645",79.60,82.00,79.20,82.00,+2.80,"4,974",
112/06/20,"88,975,034","6,866,420,330",78.70,79.00,77.50,78.50,-3.50,"17,184",
112/06/21,"20,481,350","1,581,307,596",78.40,78.40,76.60,77.00,-1.50,"10,380",
112/06/26,"14,340,127","1,098,015,090",77.00,77.00,76.00,76.60,-0.40,"6,284",
112/06/27,"12,889,037","989,522,575",76.40,77.80,76.30,77.80,+1.20,"4,606",
112/06/28,"14,495,149","1,120,807,852",77.30,77.80,77.00,77.30,-0.50,"3,877",
112/06/29,"10,049,803","784,775,482",77.50,78.60,76.60,78.30,+1.00,"5,121",
112/06/30,"9,082,765","715,029,747",78.50,79.30,78.00,78.60,+0.30,"4,139",
112/07/03,"10,471,565","810,308,531",78.60,78.60,76.80,77.20,-1.40,"4,225",
112/07/04,"7,217,964","553,993,468",76.90,77.00,76.50,76.70,-0.50,"3,496",
112/07/05,"14,548,197","1,038,677,886",73.40,73.40,70.30,70.40,X0.00,"10,732",
112/07/06,"8,098,303","566,515,720",70.30,70.80,69.50,69.60,-0.80,"6,179",
112/07/07,"4,019,270","280,185,252",69.80,70.40,69.20,69.70,+0.10,"2,974",
112/07/10,"3,239,963","225,638,206",69.80,70.00,69.30,69.60,-0.10,"2,600",
112/07/11,"3,665,151","258,893,918",70.00,71.00,69.90,70.80,+1.20,"2,291",
112/07/12,"3,878,897","272,689,034",70.20,70.80,70.00,70.20,-0.60,"2,818",
112/07/13,"4,277,079","300,944,274",70.20,70.90,70.00,70.00,-0.20,"2,789",
112/07/14,"8,619,774","619,899,977",70.40,72.80,70.30,71.90,+1.90,"5,747",
112/07/17,"3,181,748","226,620,180",71.90,72.00,70.90,70.90,-1.00,"2,717",
112/07/18,"6,576,054","468,316,595",70.80,71.70,70.80,71.20,+0.30,"3,310",
112/07/19,"6,943,915","494,700,013",71.20,72.00,70.80,70.90,-0.30,"3,933",
112/07/20,"6,134,496","439,397,178",71.70,71.90,71.30,71.50,+0.60,"2,779",
112/07/21,"9,412,234","679,636,324",72.00,72.50,71.70,72.40,+0.90,"4,770",
112/07/24,"8,308,456","597,001,479",72.50,72.80,71.50,71.70,-0.70,"4,525",
112/07/25,"2,720,029","195,761,195",72.00,72.20,71.70,72.00,+0.30,"1,841",
112/07/26,"2,671,939","191,887,044",72.00,72.10,71.60,71.90,-0.10,"1,666",
112/07/27,"3,074,418","220,822,594",72.00,72.00,71.50,71.90, 0.00,"1,907",
112/07/28,"3,099,880","222,877,475",71.80,72.10,71.70,71.90, 0.00,"2,264",
112/07/31,"4,377,572","312,593,389",72.00,72.10,71.00,71.00,-0.90,"3,206",
112/08/01,"3,937,562","278,756,861",71.30,71.40,70.50,70.90,-0.10,"2,891",
112/08/02,"4,163,688","292,562,771",70.60,70.70,70.10,70.30,-0.60,"3,194",
112/08/04,"4,445,068","313,445,277",70.30,71.00,70.00,70.90,+0.60,"3,028",
112/08/07,"5,679,997","398,492,482",70.00,70.70,69.90,70.10,-0.80,"3,308",
112/08/08,"3,772,481","267,444,978",70.30,71.30,70.20,70.80,+0.70,"2,242",
112/08/09,"4,046,414","288,862,632",70.90,71.60,70.80,71.50,+0.70,"2,425",
112/08/10,"4,121,730","296,209,150",71.70,72.20,71.30,72.20,+0.70,"2,514",
112/08/11,"3,511,105","252,861,396",71.90,72.20,71.60,72.10,-0.10,"2,019",
112/08/14,"3,373,604","240,753,592",72.00,72.00,71.10,71.20,-0.90,"2,318",
112/08/15,"4,033,483","286,996,695",71.20,71.70,70.90,71.00,-0.20,"2,010",
112/08/16,"4,439,335","316,872,248",70.90,71.70,70.90,71.30,+0.30,"3,363",
112/08/17,"4,815,416","342,798,001",71.10,71.50,70.90,71.20,-0.10,"2,662",
112/08/18,"2,973,580","212,010,388",71.30,71.60,71.10,71.40,+0.20,"1,766",
112/08/21,"2,638,631","187,798,599",71.20,71.60,71.00,71.10,-0.30,"1,765",
112/08/22,"3,847,959","272,118,312",71.40,71.40,70.40,70.80,-0.30,"2,339",
112/08/23,"2,720,362","192,300,431",70.80,71.00,70.60,70.80, 0.00,"1,748",
112/08/24,"1,749,043","124,062,405",71.10,71.20,70.60,70.90,+0.10,"1,303",
112/08/25,"1,688,902","119,222,782",70.60,70.90,70.40,70.40,-0.50,"1,608",
112/08/28,"1,300,381","91,948,044",70.50,71.00,70.40,70.80,+0.40,"1,087",
112/08/29,"1,491,035","105,951,892",70.60,71.40,70.60,71.40,+0.60,"1,269",
112/08/30,"3,110,920","220,644,831",71.40,71.40,70.70,71.00,-0.40,"2,162",
112/08/31,"5,101,717","360,390,737",70.90,71.00,70.60,70.60,-0.40,"1,271",
112/09/01,"693,168","49,172,883",70.70,71.20,70.60,70.80,+0.20,641,
112/09/04,"986,650","70,085,670",70.60,71.30,70.60,71.00,+0.20,819,
112/09/05,"929,554","65,948,115",70.90,71.20,70.80,70.90,-0.10,827,
112/09/06,"2,445,487","174,219,331",70.80,71.50,70.80,71.30,+0.40,"1,453",
112/09/07,"2,172,331","155,222,760",70.80,71.90,70.80,71.40,+0.10,"1,406",
112/09/08,"1,639,244","116,949,813",71.40,71.60,71.00,71.60,+0.20,"1,531",
112/09/11,"1,453,308","103,799,643",71.60,71.60,71.10,71.60, 0.00,"1,047",
112/09/12,"2,985,442","215,218,961",71.50,72.30,71.40,72.30,+0.70,"1,696",
112/09/13,"1,798,880","130,237,582",72.30,72.70,72.00,72.70,+0.40,"1,669",
112/09/14,"3,421,232","248,870,422",72.90,73.20,72.50,73.00,+0.30,"1,809",
112/09/15,"6,031,988","444,094,397",73.40,73.90,72.90,73.70,+0.70,"2,796",
112/09/18,"2,055,334","150,628,824",73.70,73.90,73.00,73.30,-0.40,"2,003",
112/09/19,"1,743,439","128,099,637",73.50,73.70,73.10,73.70,+0.40,"1,427",
112/09/20,"2,631,792","193,698,015",73.70,73.80,73.30,73.60,-0.10,"2,062",
112/09/21,"3,711,839","268,962,292",73.20,73.30,72.10,72.10,-1.50,"3,247",
112/09/22,"2,076,109","149,836,259",71.70,72.80,71.60,72.10, 0.00,"1,297",
112/09/25,"1,498,557","109,047,483",72.50,73.00,72.40,72.90,+0.80,"1,298",
112/09/26,"2,671,247","193,960,469",72.60,73.00,72.40,72.70,-0.20,"1,826",
112/09/27,"2,619,347","189,794,089",72.60,72.90,72.30,72.40,-0.30,"1,536",
112/09/28,"2,585,703","188,208,793",72.30,73.00,72.30,72.70,+0.30,"1,796",
112/10/02,"2,415,573","174,875,578",72.70,72.70,72.20,72.40,-0.30,"1,886",
112/10/03,"2,705,435","196,755,270",72.20,73.00,72.20,73.00,+0.60,"1,757",
112/10/04,"3,123,902","225,831,096",72.90,72.90,72.10,72.10,-0.90,"2,344",
112/10/05,"2,636,409","191,382,777",72.40,72.90,72.20,72.80,+0.70,"1,952",
112/10/06,"2,289,448","166,841,555",72.70,73.30,72.50,73.00,+0.20,"1,867",
112/10/11,"6,434,338","476,483,781",73.70,74.40,73.10,74.20,+1.20,"4,227",
112/10/12,"3,541,238","264,651,042",74.50,75.00,74.40,74.70,+0.50,"2,596",
112/10/13,"2,531,648","187,996,622",74.00,74.70,73.90,74.30,-0.40,"2,450",
112/10/16,"3,256,231","243,938,335",74.30,75.40,74.10,75.30,+1.00,"2,400",
112/10/17,"3,785,396","283,861,175",75.30,75.70,74.60,74.70,-0.60,"3,530",
112/10/18,"4,173,736","313,932,410",75.50,75.50,74.80,75.20,+0.50,"2,530",
112/10/19,"4,285,561","320,890,991",74.70,75.30,74.50,75.30,+0.10,"2,740",
112/10/20,"6,856,041","510,746,044",74.10,75.10,74.00,74.50,-0.80,"4,132",
112/10/23,"3,597,849","268,574,643",74.60,75.00,74.30,74.90,+0.40,"2,632",
112/10/24,"2,709,877","203,462,518",75.00,75.30,74.70,75.30,+0.40,"2,090",
112/10/25,"3,462,827","260,461,203",75.40,75.70,75.00,75.10,-0.20,"2,184",
112/10/26,"3,369,275","252,394,825",74.80,75.30,74.50,74.90,-0.20,"2,156",
112/10/27,"2,485,494","186,910,141",74.90,75.40,74.90,75.30,+0.40,"1,665",
112/10/30,"3,481,033","261,080,467",75.40,75.50,74.60,75.10,-0.20,"3,754",
112/10/31,"5,242,650","397,324,217",75.10,76.10,75.10,75.90,+0.80,"3,002",
112/11/01,"4,650,404","357,223,942",76.00,77.30,76.00,76.80,+0.90,"3,297",
112/11/02,"3,360,263","257,763,432",76.50,77.10,76.40,76.80, 0.00,"2,677",
112/11/03,"3,702,967","284,979,671",77.10,77.40,76.60,76.90,+0.10,"3,014",
112/11/06,"4,033,892","313,895,697",77.70,78.40,77.40,77.80,+0.90,"2,653",
112/11/07,"3,920,596","305,969,542",77.90,78.30,77.50,78.10,+0.30,"2,301",
112/11/08,"2,907,035","227,650,622",78.40,78.60,77.90,78.30,+0.20,"1,865",
112/11/09,"3,990,230","313,769,340",78.30,79.00,78.00,78.70,+0.40,"2,524",
112/11/10,"1,947,022","153,125,983",78.50,79.10,78.30,78.50,-0.20,"2,026",
112/11/13,"2,804,843","220,396,578",78.50,78.80,78.20,78.80,+0.30,"2,025",
112/11/14,"3,186,993","250,711,155",78.70,79.10,78.20,79.10,+0.30,"1,989",
112/11/15,"5,834,288","460,498,337",79.50,79.70,78.30,79.20,+0.10,"3,714",
112/11/16,"4,640,592","366,383,943",79.30,79.30,78.60,79.30,+0.10,"3,065",
112/11/17,"2,915,455","230,631,775",79.00,79.50,78.70,79.20,-0.10,"2,561",
112/11/20,"3,049,248","239,506,437",79.40,79.40,78.20,78.60,-0.60,"3,380",
112/11/21,"7,418,954","588,629,677",78.60,79.60,78.40,79.50,+0.90,"4,261",
112/11/22,"6,024,505","479,027,050",78.50,80.00,78.50,79.60,+0.10,"3,582",
112/11/23,"5,725,770","455,631,387",79.30,80.00,78.90,79.70,+0.10,"3,252",
112/11/24,"8,905,372","715,493,784",79.60,81.00,79.40,79.80,+0.10,"4,279",
112/11/27,"8,890,493","718,344,559",80.30,81.50,80.20,80.20,+0.40,"3,849",
112/11/28,"9,507,528","768,945,258",81.00,81.40,80.40,80.50,+0.30,"5,100",
112/11/29,"11,790,789","956,658,967",80.60,81.80,80.60,81.00,+0.50,"4,850",
112/11/30,"19,963,177","1,649,001,115",81.80,83.50,81.40,82.90,+1.90,"5,817",
112/12/01,"8,386,285","690,139,068",82.50,83.00,81.40,82.00,-0.90,"6,516",
112/12/04,"16,837,917","1,380,940,028",82.80,82.90,81.80,81.80,-0.20,"3,913",
112/12/05,"9,384,755","775,236,584",82.00,83.40,81.80,83.30,+1.50,"3,819",
112/12/06,"8,029,335","665,748,460",83.00,83.40,82.30,83.00,-0.30,"6,351",
112/12/07,"5,163,019","422,906,217",83.00,83.00,81.40,82.10,-0.90,"5,489",
112/12/08,"4,366,995","355,852,754",82.10,82.10,81.00,81.60,-0.50,"5,744",
112/12/11,"7,672,856","611,014,210",81.10,81.10,79.20,79.80,-1.80,"7,745",
112/12/12,"3,371,018","268,946,827",80.70,80.70,79.30,80.00,+0.20,"1,984",
112/12/13,"3,681,021","293,371,560",80.00,80.30,79.30,79.90,-0.10,"2,107",
112/12/14,"4,043,130","324,595,331",79.40,80.60,79.30,80.60,+0.70,"2,382",
112/12/15,"9,803,215","781,025,859",80.60,80.70,79.40,79.70,-0.90,"6,357",
112/12/18,"3,898,161","310,912,041",79.50,80.20,79.10,80.10,+0.40,"3,846",
112/12/19,"3,780,235","302,807,442",79.40,80.40,79.40,80.40,+0.30,"3,391",
112/12/20,"7,304,111","575,717,619",80.10,80.10,78.30,78.70,-1.70,"8,804",
112/12/21,"3,439,742","270,592,714",78.20,79.30,78.00,79.10,+0.40,"2,622",
112/12/22,"2,326,563","182,331,507",78.40,78.80,78.20,78.20,-0.90,"1,865",
112/12/25,"1,507,761","118,148,076",78.50,78.70,78.00,78.70,+0.50,"1,376",
112/12/26,"3,063,542","240,614,892",78.90,79.10,78.20,78.90,+0.20,"2,456",
112/12/27,"3,157,876","250,400,675",78.80,79.60,78.40,79.40,+0.50,"2,327",
112/12/28,"3,297,726","262,345,872",78.90,79.80,78.80,79.80,+0.40,"2,258",
112/12/29,"1,747,032","139,262,396",79.70,80.00,79.20,79.80, 0.00,"1,315",
113/01/02,"1,733,243","138,041,258",79.40,79.90,79.30,79.90,+0.10,"1,744",
113/01/03,"2,876,346","227,206,064",79.30,79.80,78.50,79.40,-0.50,"2,134",
113/01/04,"1,712,753","135,668,514",79.30,79.40,78.70,79.40, 0.00,"1,207",
113/01/05,"1,189,119","94,046,716",79.00,79.40,78.90,79.10,-0.30,"1,293",
113/01/08,"1,362,447","108,408,032",79.10,79.90,79.00,79.70,+0.60,"1,298",
113/01/09,"3,055,225","243,242,949",79.70,80.00,79.20,80.00,+0.30,"1,986",
113/01/10,"2,149,901","171,895,952",80.00,80.30,79.60,80.10,+0.10,"1,706",
113/01/11,"5,278,865","427,424,104",80.40,81.30,80.10,81.30,+1.20,"5,226",
113/01/12,"2,486,080","201,395,408",81.30,81.50,80.70,81.20,-0.10,"2,326",
113/01/15,"2,747,008","223,020,507",81.60,81.70,80.60,81.20, 0.00,"2,303",
113/01/16,"3,798,086","304,027,179",80.60,80.80,79.70,79.70,-1.50,"2,776",
113/01/17,"5,082,389","402,276,537",79.00,79.60,78.80,79.00,-0.70,"3,834",
113/01/18,"3,065,076","243,506,928",79.20,79.80,79.10,79.50,+0.50,"2,039",
113/01/19,"3,442,348","273,267,561",79.30,79.90,78.90,79.60,+0.10,"1,961",
113/01/22,"1,946,694","154,499,040",79.60,79.90,79.10,79.40,-0.20,"1,738",
113/01/23,"1,476,686","116,876,462",79.50,79.70,78.90,79.40, 0.00,"1,594",
113/01/24,"1,831,233","145,061,007",79.30,79.90,79.00,79.30,-0.10,"1,344",
113/01/25,"10,850,556","864,246,921",79.30,79.70,79.10,79.70,+0.40,"1,261",
113/01/26,"2,142,731","170,719,213",79.40,79.80,79.40,79.80,+0.10,"1,399",
113/01/29,"1,940,272","154,529,021",79.50,79.90,79.50,79.60,-0.20,"1,153",
113/01/30,"3,352,767","268,232,010",79.80,80.50,79.70,80.10,+0.50,"1,908",
113/01/31,"3,512,587","282,101,358",79.60,80.50,79.60,80.50,+0.40,"1,646",
113/02/01,"3,516,650","281,872,583",80.60,80.60,79.70,80.40,-0.10,"2,585",
113/02/02,"3,759,778","299,787,990",80.00,80.20,79.50,79.80,-0.60,"2,739",
113/02/05,"3,878,757","307,839,574",79.50,79.80,79.10,79.40,-0.40,"2,212",
113/02/15,"4,911,006","392,457,041",79.90,80.50,79.40,80.10,+0.70,"3,224",
113/02/16,"5,831,844","462,478,611",80.10,80.10,79.00,79.60,-0.50,"4,170",
113/02/19,"4,036,164","323,619,456",79.90,80.80,79.50,80.80,+1.20,"2,714",
113/02/20,"4,624,220","373,743,169",80.10,81.20,80.10,80.70,-0.10,"2,585",
113/02/21,"5,256,766","428,891,083",80.90,82.00,80.80,82.00,+1.30,"3,659",
113/02/22,"4,875,142","397,338,360",81.80,82.00,81.00,81.30,-0.70,"4,860",
113/02/23,"7,252,681","577,992,526",80.80,81.00,79.00,79.40,-1.90,"17,205",
113/02/26,"4,550,183","361,297,437",79.30,79.90,78.90,79.40, 0.00,"2,792",
113/02/27,"5,649,389","446,247,380",79.30,79.50,78.70,78.70,-0.70,"3,415",
113/02/29,"10,103,504","792,151,214",78.50,78.70,77.60,78.70, 0.00,"5,373",
113/03/01,"3,598,555","281,003,506",78.30,78.90,77.80,77.80,-0.90,"3,965",
113/03/04,"2,529,096","196,643,385",77.40,78.20,77.40,77.60,-0.20,"2,445",
113/03/05,"3,443,908","266,587,014",77.60,78.00,77.20,77.20,-0.40,"3,174",
113/03/06,"2,885,448","224,663,171",77.30,78.10,77.30,78.00,+0.80,"2,358",
113/03/07,"6,121,983","472,909,696",77.50,77.80,77.00,77.00,-1.00,"4,747",
113/03/08,"2,537,233","196,843,627",76.90,78.10,76.80,77.70,+0.70,"2,062",
113/03/11,"1,807,048","141,617,489",78.10,78.60,78.00,78.50,+0.80,"1,705",
113/03/12,"3,186,694","251,015,910",78.50,79.10,78.50,78.70,+0.20,"1,856",
113/03/13,"3,826,962","300,709,165",78.10,78.90,77.90,78.60,-0.10,"2,400",
113/03/14,"2,741,106","216,489,210",78.60,79.30,78.60,79.10,+0.50,"2,034",
113/03/15,"5,930,290","467,616,861",78.90,79.30,78.70,78.70,-0.40,"2,617",
113/03/18,"3,434,331","269,955,357",78.60,79.30,78.10,78.60,-0.10,"2,832",
113/03/19,"6,642,189","519,261,756",78.20,78.80,78.00,78.00,-0.60,"3,350",
113/03/20,"4,522,302","352,777,195",77.80,78.60,77.70,77.80,-0.20,"2,904",
113/03/21,"4,473,829","349,346,089",77.90,78.50,77.80,78.10,+0.30,"2,705",
113/03/22,"4,965,750","392,316,577",78.00,79.50,78.00,79.20,+1.10,"3,179",
113/03/25,"2,835,791","225,058,386",78.70,79.60,78.50,79.60,+0.40,"2,430",
113/03/26,"6,686,060","537,335,952",79.80,80.80,79.60,80.60,+1.00,"4,094",
113/03/27,"5,416,960","440,053,261",80.80,81.50,80.60,81.50,+0.90,"3,707",
113/03/28,"4,738,829","384,086,482",81.00,81.50,80.60,80.90,-0.60,"2,760",
113/03/29,"4,836,219","394,410,226",80.90,81.90,80.90,81.50,+0.60,"3,011",
113/04/01,"5,162,619","422,826,707",81.50,82.30,81.10,82.30,+0.80,"3,212",
113/04/02,"4,560,729","372,437,361",82.30,82.30,81.20,81.40,-0.90,"3,562",
113/04/03,"5,198,138","421,098,650",81.20,81.60,80.60,80.60,-0.80,"3,382",
113/04/08,"4,289,920","348,066,396",80.60,81.70,80.20,81.50,+0.90,"3,998",
113/04/09,"6,048,252","489,595,662",80.90,81.60,80.60,80.80,-0.70,"3,720",
113/04/10,"5,202,025","425,119,260",80.80,82.10,80.80,81.80,+1.00,"3,147",
113/04/11,"4,109,049","336,112,217",81.90,82.10,81.20,81.80, 0.00,"2,451",
113/04/12,"4,238,028","345,527,049",81.10,82.00,80.90,81.60,-0.20,"2,967",
113/04/15,"5,221,347","429,820,027",81.90,82.70,81.30,82.30,+0.70,"3,790",
113/04/16,"6,210,666","506,333,827",82.10,82.60,81.00,81.20,-1.10,"4,744",
113/04/17,"4,860,747","391,765,967",80.80,81.10,80.40,80.40,-0.80,"9,131",
113/04/18,"9,316,228","750,926,448",80.00,81.40,80.00,80.40, 0.00,"5,365",
113/04/19,"10,589,065","848,160,290",79.80,80.70,79.70,80.20,-0.20,"6,249",
113/04/22,"6,895,864","557,981,758",80.60,81.40,80.10,81.00,+0.80,"3,703",
113/04/23,"8,050,639","648,908,831",80.80,81.50,80.30,80.30,-0.70,"4,635",
113/04/24,"9,675,991","780,225,502",81.10,81.30,80.30,80.50,+0.20,"4,785",
113/04/25,"5,528,494","443,840,337",80.30,80.90,80.00,80.40,-0.10,"4,833",
113/04/26,"3,328,725","268,532,326",80.20,81.20,80.10,80.50,+0.10,"2,579",
113/04/29,"4,523,753","366,065,247",80.90,81.20,80.60,80.90,+0.40,"3,673",
113/04/30,"5,680,735","459,569,435",80.60,81.40,80.60,80.80,-0.10,"2,617",
113/05/02,"6,677,131","541,765,218",81.00,81.50,80.70,81.30,+0.50,"2,987",
113/05/03,"5,278,960","428,377,787",81.00,81.50,80.90,81.00,-0.30,"2,896",
113/05/06,"8,017,688","661,411,630",81.60,83.00,81.50,83.00,+2.00,"4,791",
113/05/07,"5,333,103","442,465,800",83.00,83.30,82.50,83.00, 0.00,"3,136",
113/05/08,"4,290,343","355,982,404",83.00,83.20,82.50,82.90,-0.10,"2,421",
113/05/09,"6,053,879","505,798,067",82.90,83.90,82.90,83.40,+0.50,"3,181",
113/05/10,"6,828,789","574,793,908",83.40,84.70,83.10,84.70,+1.30,"3,852",
113/05/13,"4,185,508","350,435,123",84.70,84.70,83.30,83.60,-1.10,"6,174",
113/05/14,"2,905,115","243,147,677",83.90,84.00,83.20,83.40,-0.20,"2,286",
113/05/15,"4,890,454","407,984,326",83.60,84.00,82.90,82.90,-0.50,"3,533",
113/05/16,"7,145,195","599,590,006",83.30,84.20,83.30,84.10,+1.20,"4,151",
113/05/17,"3,870,461","323,582,497",83.70,84.20,83.20,83.20,-0.90,"2,702",
113/05/20,"3,141,137","262,955,276",83.80,84.10,83.30,83.70,+0.50,"2,947",
113/05/21,"2,556,103","213,410,229",83.50,83.90,82.80,83.50,-0.20,"2,405",
113/05/22,"5,155,881","430,702,417",83.40,84.00,82.70,84.00,+0.50,"4,470",
113/05/23,"3,431,090","287,947,382",83.10,84.30,83.00,84.30,+0.30,"2,372",
113/05/24,"6,013,555","504,462,009",83.70,84.50,83.60,84.00,-0.30,"1,940",
113/05/27,"6,518,834","545,365,170",83.60,84.30,83.30,83.30,-0.70,"6,217",
113/05/28,"6,635,435","550,596,791",83.50,83.80,82.50,82.50,-0.80,"8,192",
113/05/29,"6,650,337","546,357,896",82.20,83.00,81.70,82.00,-0.50,"7,179",
113/05/30,"6,080,847","501,980,641",81.80,83.00,81.80,82.40,+0.40,"3,611",
113/05/31,"18,850,504","1,576,418,747",82.40,84.10,82.40,83.50,+1.10,"8,840",
113/06/03,"13,545,204","1,147,177,353",83.50,85.30,83.10,85.30,+1.80,"10,192",
113/06/04,"47,662,699","3,919,788,298",83.70,84.80,83.40,84.20,-1.10,"8,206",
113/06/05,"6,243,056","527,526,608",83.90,85.30,83.90,84.20, 0.00,"5,146",
113/06/06,"4,902,675","411,911,676",83.90,84.40,83.60,83.80,-0.40,"3,635",
113/06/07,"7,549,065","640,874,835",83.80,85.30,83.80,84.90,+1.10,"3,320",
113/06/11,"2,973,188","251,075,825",83.70,85.00,83.70,84.30,-0.60,"3,002",
113/06/12,"6,069,915","519,506,404",85.20,86.00,84.70,85.90,+1.60,"3,280",
113/06/13,"2,982,102","254,876,073",86.20,86.20,85.10,85.10,-0.80,"3,227",
113/06/14,"2,878,998","246,511,170",84.90,85.90,84.90,85.70,+0.60,"2,143",
113/06/17,"2,488,445","211,379,468",85.70,85.70,84.60,84.60,-1.10,"4,364",
113/06/18,"4,430,440","372,918,715",84.70,84.70,83.90,84.00,-0.60,"7,639",
113/06/19,"4,935,830","413,706,199",84.00,84.40,83.40,84.00, 0.00,"10,643",
113/06/20,"3,149,419","264,619,553",84.00,84.40,83.60,84.30,+0.30,"4,047",
113/06/21,"7,284,511","613,689,127",84.30,84.80,83.90,84.20,-0.10,"5,475",
113/06/24,"9,911,819","840,782,643",84.20,85.50,84.10,85.10,+0.90,"4,857",
113/06/25,"4,108,536","350,440,583",86.00,86.00,84.70,85.30,+0.20,"3,598",
113/06/26,"4,377,736","372,129,534",85.70,85.70,84.60,85.20,-0.10,"3,484",
113/06/27,"7,965,134","667,958,638",84.70,84.90,83.30,83.90,-1.30,"13,602",
113/06/28,"39,739,823","3,376,930,679",84.30,86.00,83.80,84.10,+0.20,"16,159",
113/07/01,"26,233,364","2,244,895,516",84.70,86.40,84.10,86.40,+2.30,"10,347",
113/07/02,"39,660,623","3,530,086,449",85.00,92.50,84.50,90.10,+3.70,"15,701",
113/07/03,"29,387,767","2,639,274,488",90.00,91.60,87.60,89.70,-0.40,"12,742",
113/07/04,"28,378,814","2,553,887,829",90.00,91.60,87.70,91.10,+1.40,"19,380",
113/07/05,"22,175,286","2,038,221,231",91.10,93.60,90.00,91.00,-0.10,"11,275",
113/07/08,"25,927,145","2,310,682,139",89.00,91.90,86.10,90.50,-0.50,"45,171",
113/07/09,"21,557,739","1,867,235,223",89.40,89.50,85.20,86.50,-4.00,"11,440",
113/07/10,"31,670,869","2,523,901,771",80.20,81.40,79.00,79.50,X0.00,"17,319",
113/07/11,"10,481,440","836,980,059",80.30,80.50,79.40,79.80,+0.30,"6,189",
113/07/12,"8,780,389","697,273,686",79.50,80.20,79.00,79.20,-0.60,"6,370",
113/07/15,"11,272,489","896,225,131",79.70,80.20,78.90,80.20,+1.00,"6,981",
113/07/16,"9,451,323","759,295,800",80.30,80.60,80.00,80.50,+0.30,"4,975",
113/07/17,"12,330,452","1,001,097,253",80.50,82.00,80.50,81.40,+0.90,"6,315",
113/07/18,"19,645,900","1,653,624,858",81.80,85.30,81.70,85.00,+3.60,"9,127",
113/07/19,"12,843,458","1,084,047,817",84.10,85.40,83.00,85.00, 0.00,"7,428",
113/07/22,"10,770,588","908,948,643",84.50,85.40,83.70,84.40,-0.60,"4,929",
113/07/23,"6,248,965","533,285,813",84.20,86.00,84.20,85.80,+1.40,"3,634",
113/07/26,"8,071,542","694,351,448",86.00,86.40,85.30,86.40,+0.60,"4,883",
113/07/29,"8,652,049","743,334,378",86.70,87.50,85.30,85.70,-0.70,"4,260",
113/07/30,"8,832,343","758,665,198",85.70,86.80,84.60,86.50,+0.80,"4,582",
113/07/31,"2,743,088","235,734,391",86.20,86.30,85.30,86.20,-0.30,"1,672",
113/08/01,"5,187,464","449,647,562",86.10,87.00,85.80,86.70,+0.50,"4,044",
113/08/02,"38,230,438","3,248,839,791",85.10,87.60,85.10,87.00,+0.30,"5,946",
113/08/05,"18,665,389","1,617,436,928",85.40,87.40,84.70,87.40,+0.40,"11,170",
113/08/06,"16,446,711","1,438,338,666",86.80,88.50,85.30,88.20,+0.80,"7,403",
113/08/07,"13,448,806","1,182,929,670",87.00,88.70,87.00,88.60,+0.40,"8,244",
113/08/08,"10,392,795","906,129,720",87.20,87.80,86.50,87.00,-1.60,"9,414",
113/08/09,"8,723,809","760,426,372",86.40,87.80,85.90,87.40,+0.40,"6,166",
113/08/12,"4,441,953","388,442,553",87.40,88.30,86.60,87.80,+0.40,"9,590",
113/08/13,"6,416,079","563,018,839",87.70,88.30,87.00,88.10,+0.30,"5,729",
113/08/14,"8,666,261","763,771,679",88.20,88.50,87.40,88.50,+0.40,"6,062",
113/08/15,"5,810,150","515,147,977",89.00,89.70,87.70,88.40,-0.10,"5,583",
113/08/16,"6,799,037","602,125,928",88.90,89.10,87.90,88.70,+0.30,"4,075",
113/08/19,"4,761,651","425,381,109",88.90,89.60,88.40,89.60,+0.90,"2,211",
113/08/20,"6,807,454","601,257,594",89.60,89.80,87.50,87.80,-1.80,"6,915",
113/08/21,"9,541,042","858,066,723",88.50,90.50,88.00,90.00,+2.20,"6,999",
113/08/22,"42,704,539","3,704,009,330",89.40,90.10,88.90,90.00, 0.00,"3,924",
113/08/23,"8,430,946","762,821,216",90.00,91.00,89.60,90.70,+0.70,"3,768",
113/08/26,"3,868,830","348,523,958",90.50,90.80,89.60,90.30,-0.40,"4,883",
113/08/27,"8,963,030","813,359,450",89.50,91.40,89.40,91.10,+0.80,"4,385",
113/08/28,"7,380,879","677,143,970",91.00,92.30,90.90,91.60,+0.50,"3,680",
113/08/29,"4,446,191","401,653,408",91.00,91.60,90.00,90.00,-1.60,"4,063",
113/08/30,"5,277,449","477,038,253",90.60,91.00,89.80,90.50,+0.50,"2,055",
113/09/02,"2,762,765","250,256,408",90.50,91.00,89.90,91.00,+0.50,"2,146",
113/09/03,"4,212,311","383,886,431",91.00,91.40,90.70,91.40,+0.40,"2,365",
113/09/04,"12,065,912","1,090,315,727",88.00,91.40,88.00,90.80,-0.60,"6,531",
113/09/05,"5,489,235","501,106,397",90.70,91.80,90.60,91.30,+0.50,"3,350",
113/09/06,"5,539,859","507,409,639",91.30,91.90,90.70,91.90,+0.60,"2,694",
113/09/09,"9,434,957","870,931,615",91.30,93.00,91.20,92.60,+0.70,"4,173",
113/09/10,"8,693,175","800,194,128",92.40,93.10,91.40,91.40,-1.20,"3,254",
113/09/11,"11,073,183","1,027,222,491",91.90,93.40,91.80,92.80,+1.40,"3,972",
113/09/12,"8,388,288","771,702,111",93.50,93.80,91.00,91.10,-1.70,"5,087",
113/09/13,"5,158,021","478,030,071",91.90,93.10,91.40,93.00,+1.90,"2,992",
113/09/16,"2,120,353","194,969,647",93.10,93.10,91.60,91.90,-1.10,"3,543",
113/09/18,"6,355,314","589,771,290",92.10,93.50,91.90,92.90,+1.00,"3,497",
113/09/19,"7,167,856","659,709,318",92.80,93.00,91.70,91.70,-1.20,"4,249",
113/09/20,"9,817,581","916,571,588",92.40,93.70,92.00,93.70,+2.00,"2,682",
113/09/23,"4,837,297","450,113,597",93.70,93.70,92.50,93.20,-0.50,"3,180",
113/09/24,"4,912,255","458,971,259",92.80,93.90,92.60,93.60,+0.40,"2,433",
113/09/25,"5,782,448","536,225,494",93.90,94.00,92.10,92.60,-1.00,"6,643",
113/09/26,"6,063,156","557,848,818",93.30,93.30,91.50,92.00,-0.60,"5,328",
113/09/27,"6,296,853","572,949,415",92.40,92.40,90.40,91.20,-0.80,"3,536",
113/09/30,"5,094,749","463,796,535",91.20,92.00,90.70,90.70,-0.50,"3,871",
113/10/01,"9,526,927","865,351,955",90.70,91.20,90.10,91.00,+0.30,"7,327",
113/10/04,"10,307,895","911,705,219",90.30,90.90,87.20,87.90,-3.10,"40,024",
113/10/07,"6,902,770","610,478,074",88.80,89.00,87.50,89.00,+1.10,"9,773",
113/10/08,"7,988,605","702,411,549",88.00,88.60,87.10,88.30,-0.70,"11,077",
113/10/09,"4,184,554","368,897,585",88.30,88.80,87.80,88.10,-0.20,"5,648",
113/10/11,"2,847,226","249,171,136",88.60,88.60,87.20,87.30,-0.80,"9,311",
113/10/14,"3,171,084","276,383,942",87.30,87.80,86.70,87.00,-0.30,"11,272",
113/10/15,"5,167,219","450,806,985",87.00,87.70,86.60,87.30,+0.30,"5,992",
113/10/16,"4,921,197","428,604,153",87.20,87.70,86.60,87.40,+0.10,"11,270",
113/10/17,"2,739,490","241,703,283",89.10,89.10,87.80,88.10,+0.70,"4,080",
113/10/18,"3,729,843","332,366,830",88.50,89.70,88.10,89.20,+1.10,"2,731",
113/10/21,"4,511,636","399,988,721",89.90,90.00,87.90,88.00,-1.20,"8,851",
113/10/22,"3,771,894","334,094,899",88.00,89.30,87.50,88.70,+0.70,"2,930",
113/10/23,"4,615,246","407,652,284",88.10,89.20,87.70,88.30,-0.40,"3,690",
113/10/24,"4,101,102","365,084,562",88.10,89.40,88.10,89.00,+0.70,"2,282",
113/10/25,"2,319,190","205,708,663",89.00,89.20,88.40,88.60,-0.40,"3,377",
113/10/28,"3,504,217","313,422,292",88.90,89.80,88.50,89.40,+0.80,"2,076",
113/10/29,"4,975,101","443,246,884",88.60,89.50,88.30,89.50,+0.10,"2,766",
113/10/30,"5,225,478","467,113,089",89.60,90.00,89.00,89.00,-0.50,"2,872",
113/11/01,"6,530,183","580,162,293",87.10,89.70,87.10,89.00, 0.00,"3,792",
113/11/04,"3,051,575","270,304,206",89.00,89.00,88.20,88.60,-0.40,"3,004",
113/11/05,"6,348,965","574,012,798",88.50,91.00,88.50,91.00,+2.40,"4,034",
113/11/06,"3,589,190","320,095,550",90.50,90.50,88.60,88.90,-2.10,"7,811",
113/11/07,"3,691,908","330,713,341",88.30,90.10,88.30,89.50,+0.60,"2,408",
113/11/08,"4,586,038","406,575,113",89.50,89.80,88.30,88.60,-0.90,"3,332",
113/11/11,"3,967,215","351,357,023",88.50,89.10,88.00,88.60, 0.00,"2,264",
113/11/12,"6,349,489","564,098,498",88.00,89.80,88.00,88.60, 0.00,"3,056",
113/11/13,"5,332,766","477,335,998",88.20,90.50,88.20,89.60,+1.00,"3,126",
113/11/14,"6,213,767","555,342,203",88.90,90.50,88.80,88.90,-0.70,"3,941",
113/11/15,"7,412,957","657,144,653",88.90,90.00,87.80,88.00,-0.90,"4,181",
113/11/18,"7,743,421","681,145,906",88.60,89.30,87.30,87.70,-0.30,"3,716",
113/11/19,"6,741,373","591,207,752",88.20,88.40,87.00,88.10,+0.40,"3,205",
113/11/20,"6,990,227","612,683,404",88.00,88.20,87.20,88.20,+0.10,"3,987",
113/11/21,"7,424,351","652,601,098",87.40,88.50,86.80,88.50,+0.30,"3,911",
113/11/22,"4,682,156","416,638,430",88.40,89.30,88.30,89.20,+0.70,"2,865",
113/11/25,"21,485,874","1,952,556,487",89.80,91.00,89.50,91.00,+1.80,"3,606",
113/11/26,"2,796,860","252,255,357",90.40,90.80,89.70,90.30,-0.70,"2,193",
113/11/27,"3,802,243","348,162,415",89.90,91.90,89.90,91.70,+1.40,"2,967",
113/11/28,"3,241,182","296,555,380",91.70,92.60,90.60,90.70,-1.00,"2,609",
113/11/29,"3,632,683","327,088,860",90.00,90.80,89.40,89.90,-0.80,"2,300",
113/12/02,"6,251,394","572,861,748",90.20,92.30,90.20,91.50,+1.60,"2,627",
113/12/03,"11,112,087","988,754,537",91.60,91.80,88.00,88.80,-2.70,"23,213",
113/12/04,"10,067,774","887,784,576",88.90,89.10,87.30,88.80, 0.00,"4,949",
113/12/05,"6,756,394","603,944,815",88.70,90.00,88.30,89.40,+0.60,"4,046",
113/12/06,"5,541,660","495,345,990",89.30,90.00,89.00,89.40, 0.00,"4,228",
113/12/09,"2,223,515","199,817,992",89.50,90.00,89.20,90.00,+0.60,"2,186",
113/12/10,"6,377,375","574,312,462",90.20,90.70,89.60,89.90,-0.10,"3,241",
113/12/11,"7,127,071","641,839,156",89.90,90.70,89.50,90.00,+0.10,"1,878",
113/12/12,"2,887,016","259,320,944",90.00,90.40,89.40,89.80,-0.20,"2,371",
113/12/13,"4,250,770","382,752,964",89.50,90.60,89.50,90.00,+0.20,"2,697",
113/12/16,"5,328,154","481,178,980",90.00,90.70,89.60,90.50,+0.50,"3,086",
113/12/17,"11,447,635","1,041,606,222",90.50,91.50,89.60,91.50,+1.00,"4,703",
113/12/18,"6,759,036","615,815,115",90.60,91.60,90.40,91.60,+0.10,"3,850",
113/12/19,"8,148,628","737,869,998",90.20,90.90,89.70,90.90,-0.70,"4,817",
113/12/20,"8,698,549","779,268,118",90.10,90.40,88.80,89.50,-1.40,"6,383",
113/12/23,"6,530,177","595,313,623",90.30,91.50,89.50,91.40,+1.90,"2,906",
113/12/24,"6,000,819","544,486,028",91.40,91.40,90.00,91.00,-0.40,"2,718",
113/12/25,"4,393,943","402,516,541",91.20,91.90,90.70,91.50,+0.50,"2,744",
113/12/26,"3,117,801","283,904,328",91.50,91.50,90.70,91.10,-0.40,"2,256",
113/12/27,"2,636,684","239,045,147",91.70,91.70,90.10,90.40,-0.70,"2,170",
113/12/30,"2,000,919","179,710,004",90.30,90.80,89.60,89.60,-0.80,"1,870",
113/12/31,"2,278,167","203,225,478",89.10,89.80,88.80,89.40,-0.20,"5,093",
114/01/02,"3,734,708","331,175,067",89.80,89.80,88.30,88.80,-0.60,"3,218",
114/01/03,"2,474,298","219,945,939",88.80,89.40,88.40,88.80, 0.00,"1,240",
114/01/06,"3,775,276","338,750,403",89.30,90.30,88.80,89.70,+0.90,"2,977",
114/01/07,"4,784,845","424,237,344",90.00,90.30,88.20,88.30,-1.40,"3,029",
114/01/08,"6,645,196","582,271,602",88.90,89.10,86.70,86.70,-1.60,"3,180",
114/01/09,"2,831,338","247,497,751",87.20,88.20,87.10,87.20,+0.50,"1,986",
114/01/10,"5,737,331","498,088,808",86.60,87.70,86.20,86.60,-0.60,"3,960",
114/01/13,"8,398,896","735,097,640",86.60,88.20,86.50,87.60,+1.00,"3,428",
114/01/14,"3,190,469","283,099,698",88.00,89.10,87.40,89.00,+1.40,"2,038",
114/01/15,"2,756,782","244,014,441",89.00,89.40,88.10,88.10,-0.90,"3,097",
114/01/16,"3,889,769","346,305,724",89.10,89.50,88.40,88.80,+0.70,"2,412",
114/01/17,"5,285,714","472,035,605",88.70,89.90,88.50,89.10,+0.30,"3,586",
114/01/20,"2,533,631","223,283,677",89.10,89.30,87.80,87.80,-1.30,"5,824",
114/01/21,"2,213,946","194,609,921",87.80,88.50,87.60,87.80, 0.00,"2,582",
114/01/22,"2,178,834","191,942,354",88.70,88.70,87.90,88.10,+0.30,"1,530",
114/02/03,"4,884,633","435,684,966",88.10,90.00,87.60,89.80,+1.70,"3,010",
114/02/04,"4,141,890","373,019,479",90.70,90.70,89.50,90.10,+0.30,"2,678",
114/02/05,"3,406,185","308,179,582",90.80,91.30,89.80,90.50,+0.40,"3,090",
114/02/06,"3,286,599","296,824,399",90.40,90.80,89.50,90.20,-0.30,"2,424",
114/02/07,"2,409,211","216,990,667",89.80,90.50,89.60,90.10,-0.10,"2,880",
114/02/10,"3,345,535","300,317,445",89.60,90.20,89.20,89.80,-0.30,"2,584",
114/02/11,"3,183,390","284,091,184",90.20,90.20,88.80,88.80,-1.00,"3,243",
114/02/12,"3,441,208","308,569,715",89.60,89.90,89.00,89.90,+1.10,"2,926",
114/02/13,"3,345,949","299,039,080",90.00,90.20,89.00,89.00,-0.90,"4,580",
114/02/14,"2,920,013","259,054,160",89.00,89.20,88.30,88.80,-0.20,"4,972",
114/02/17,"3,428,650","304,814,012",89.50,89.70,88.50,88.60,-0.20,"2,330",
114/02/18,"2,738,184","243,202,584",88.40,89.10,88.40,89.10,+0.50,"1,718",
114/02/19,"5,048,880","445,800,571",89.10,89.20,88.00,88.00,-1.10,"3,248",
114/02/20,"3,755,638","330,759,596",88.00,88.60,87.80,87.90,-0.10,"2,666",
114/02/21,"4,859,630","435,139,124",88.50,89.90,88.50,89.70,+1.80,"2,968",
114/02/24,"3,689,177","331,299,226",89.00,90.00,89.00,90.00,+0.30,"2,228",
114/02/25,"3,067,078","275,822,562",89.30,90.40,89.30,89.80,-0.20,"2,289",
114/02/26,"4,008,619","361,250,713",89.50,90.50,89.30,90.00,+0.20,"3,162",
114/02/27,"7,386,293","664,705,070",90.20,90.40,89.90,89.90,-0.10,"2,379",
114/03/03,"4,886,877","444,461,870",90.00,91.50,90.00,91.30,+1.40,"3,553",
114/03/04,"6,288,204","572,469,921",90.40,91.60,90.30,90.80,-0.50,"3,426",
114/03/05,"6,366,502","584,172,027",91.50,92.30,91.30,91.40,+0.60,"3,502",
114/03/06,"5,063,920","464,750,998",91.10,92.10,91.10,91.70,+0.30,"3,561",
114/03/07,"6,362,932","590,915,881",91.70,93.40,91.70,92.70,+1.00,"7,497",
114/03/10,"7,595,626","709,687,553",93.00,94.10,92.50,93.00,+0.30,"5,926",
114/03/11,"8,060,276","750,373,015",91.20,93.80,91.20,93.00, 0.00,"3,833",
114/03/12,"4,736,191","438,133,019",92.50,93.50,92.10,92.10,-0.90,"2,436",
114/03/13,"4,881,278","451,043,003",92.20,93.20,92.00,92.30,+0.20,"2,445",
114/03/14,"3,563,117","330,449,613",93.20,93.40,92.10,92.40,+0.10,"2,216",
114/03/17,"3,586,803","328,506,803",92.30,92.70,91.10,91.30,-1.10,"3,791",
114/03/18,"2,894,849","267,549,873",91.60,92.80,91.60,92.80,+1.50,"2,145",
114/03/19,"2,930,808","268,770,177",92.40,92.70,91.10,91.10,-1.70,"2,480",
114/03/20,"2,280,213","209,999,810",91.90,92.50,91.30,92.50,+1.40,"2,144",
114/03/21,"6,179,583","574,660,505",91.80,93.20,91.60,93.20,+0.70,"1,736",
114/03/24,"2,980,813","277,374,544",92.40,93.50,92.40,93.00,-0.20,"2,061",
114/03/25,"1,895,311","175,445,973",92.80,93.50,92.10,92.60,-0.40,"1,922",
114/03/26,"2,296,093","212,333,171",92.60,93.00,92.10,92.60, 0.00,"1,692",
114/03/27,"2,757,528","256,990,256",92.30,93.60,92.20,93.60,+1.00,"1,560",
114/03/28,"3,698,553","345,496,325",93.00,93.80,92.60,93.70,+0.10,"2,356",
114/03/31,"6,667,372","617,034,741",92.30,93.20,92.00,92.00,-1.70,"2,898",
114/04/01,"4,336,140","402,235,606",92.10,93.40,92.00,92.50,+0.50,"2,517",
114/04/02,"4,686,180","435,642,099",92.10,93.50,92.00,92.70,+0.20,"2,633",
114/04/07,"14,812,608","1,284,620,524",83.50,88.80,83.50,88.40,-4.30,"7,262",
114/04/08,"12,674,363","1,111,871,422",88.00,89.60,86.00,88.30,-0.10,"18,135",
114/04/09,"15,115,713","1,328,698,053",86.60,90.50,86.50,86.50,-1.80,"7,801",
114/04/10,"18,359,718","1,675,195,093",90.00,94.50,88.10,91.90,+5.40,"9,673",
114/04/11,"9,381,458","851,718,985",91.90,93.00,89.40,89.70,-2.20,"6,203",
114/04/14,"9,080,054","804,486,598",89.30,90.10,87.30,87.50,-2.20,"7,184",
114/04/15,"7,706,843","684,673,306",87.70,89.60,87.70,88.80,+1.30,"3,852",
114/04/16,"8,064,772","709,139,503",88.10,88.80,87.20,88.40,-0.40,"5,472",
114/04/17,"6,043,383","527,709,727",88.40,88.50,86.80,86.80,-1.60,"3,786",
114/04/18,"4,428,756","383,215,337",87.40,87.40,86.10,86.10,-0.70,"3,133",
114/04/21,"5,097,935","440,252,698",86.10,87.00,85.30,86.00,-0.10,"3,314",
114/04/22,"6,368,087","546,193,500",86.40,86.60,85.20,85.20,-0.80,"4,399",
114/04/23,"5,442,766","472,494,731",86.00,87.40,85.60,86.80,+1.60,"3,316",
114/04/24,"3,607,373","312,432,504",86.30,87.20,86.30,86.40,-0.40,"3,655",
114/04/25,"6,203,761","533,481,514",86.50,87.00,85.60,85.60,-0.80,"4,651",
114/04/28,"5,094,144","435,560,358",85.60,86.00,85.20,85.30,-0.30,"3,256",
114/04/29,"4,763,241","411,686,859",85.70,86.90,85.70,86.40,+1.10,"2,184",
114/04/30,"5,001,167","429,480,119",85.60,86.30,85.40,85.70,-0.70,"3,353",
114/05/02,"3,314,632","286,621,658",85.90,86.80,85.80,86.50,+0.80,"2,203",
114/05/05,"4,929,073","431,511,183",87.00,88.10,87.00,87.40,+0.90,"3,188",
114/05/06,"6,711,297","595,203,786",88.40,89.10,88.40,88.50,+1.10,"3,319",
114/05/07,"4,304,729","379,808,667",89.20,89.50,87.20,87.20,-1.30,"3,614",
114/05/08,"4,586,747","399,862,401",87.60,88.20,86.80,86.80,-0.40,"3,585",
114/05/09,"3,438,828","299,834,602",86.70,87.60,86.70,87.10,+0.30,"2,340",
114/05/12,"5,094,736","444,038,312",87.80,87.80,86.80,86.80,-0.30,"3,244",
114/05/13,"6,583,355","569,181,190",86.80,87.10,86.20,86.20,-0.60,"3,616",
114/05/14,"3,484,749","301,611,986",86.90,87.00,86.30,86.30,+0.10,"2,386",
114/05/15,"8,425,723","748,936,075",86.50,90.00,86.50,90.00,+3.70,"4,810",
114/05/16,"5,943,755","528,773,481",89.10,89.70,88.20,89.10,-0.90,"8,122",
114/05/19,"3,843,960","342,696,712",89.00,89.90,88.80,88.80,-0.30,"2,132",
114/05/20,"3,582,839","318,105,841",89.00,89.80,88.10,88.10,-0.70,"2,902",
114/05/21,"3,311,587","296,558,326",88.90,90.00,88.70,89.90,+1.80,"2,440",
114/05/22,"7,136,824","632,818,640",89.00,90.10,88.20,88.20,-1.70,"5,122",
114/05/23,"6,624,805","585,614,645",88.10,89.20,87.60,89.00,+0.80,"3,743",
114/05/26,"7,177,956","639,961,635",88.90,89.80,88.40,89.80,+0.80,"5,059",
114/05/27,"8,896,029","787,441,772",89.00,89.60,88.10,88.10,-1.70,"4,769",
114/05/28,"9,188,189","810,511,041",88.70,89.00,87.80,88.50,+0.40,"4,076",
114/05/29,"19,406,695","1,683,280,978",88.90,88.90,86.50,86.50,-2.00,"9,208",
114/06/02,"10,926,186","940,246,013",86.90,86.90,85.70,85.90,-0.60,"6,303",
114/06/03,"18,708,265","1,604,927,882",86.20,86.70,85.40,85.50,-0.40,"7,064",
114/06/04,"12,384,159","1,053,411,007",86.10,86.40,84.60,84.60,-0.90,"6,788",
114/06/05,"8,528,778","731,408,892",84.90,86.20,84.90,85.80,+1.20,"4,292",
114/06/06,"4,375,308","378,745,978",85.60,86.90,85.60,86.40,+0.60,"2,459",
114/06/09,"4,146,575","359,925,901",86.70,87.00,86.60,86.70,+0.30,"2,015",
114/06/10,"7,341,738","647,291,675",86.70,88.80,86.70,88.00,+1.30,"4,094",
114/06/11,"5,983,011","527,146,460",88.00,88.80,87.70,87.80,-0.20,"2,887",
114/06/12,"3,379,015","298,381,222",87.80,88.80,87.80,88.10,+0.30,"1,703",
114/06/13,"4,637,055","410,534,588",87.80,88.80,87.80,88.50,+0.40,"2,551",
114/06/16,"8,792,110","789,974,413",88.40,90.30,88.40,90.00,+1.50,"4,397",
114/06/17,"5,377,718","485,632,039",90.00,90.70,89.80,90.50,+0.50,"2,962",
114/06/18,"11,185,106","1,025,643,939",90.20,92.20,90.10,92.20,+1.70,"5,784",
114/06/19,"7,631,579","700,135,737",91.40,92.30,91.30,91.90,-0.30,"3,649",
114/06/20,"8,212,499","754,026,912",91.20,92.20,91.20,91.80,-0.10,"4,269",
114/06/23,"7,396,731","675,488,081",91.10,92.10,90.80,91.50,-0.30,"3,970",
114/06/24,"32,964,185","2,901,041,197",91.70,91.70,86.50,86.50,-5.00,"34,244",
114/06/25,"12,461,445","1,101,377,858",86.90,89.40,86.90,89.00,+2.50,"5,876",
114/06/26,"25,407,095","2,250,410,638",89.00,89.50,87.90,88.30,-0.70,"10,719",
114/06/27,"8,629,078","767,497,826",89.00,89.30,88.30,89.30,+1.00,"4,042",
114/06/30,"12,055,592","1,078,018,152",88.50,90.00,88.50,89.60,+0.30,"6,944",
114/07/01,"16,255,875","1,451,929,435",89.70,90.30,88.60,89.40,-0.20,"7,164",
114/07/02,"11,008,104","976,146,046",88.90,89.40,88.40,88.90,-0.50,"4,836",
114/07/03,"11,819,929","1,064,803,113",88.60,90.50,88.60,90.50,+1.60,"5,028",
114/07/04,"10,992,465","995,207,548",90.30,90.90,89.90,90.90,+0.40,"4,887",
114/07/07,"26,246,896","2,315,045,149",90.30,90.50,87.50,88.10,-2.80,"12,888",
114/07/08,"19,353,074","1,702,260,889",88.40,88.80,87.50,87.70,-0.40,"7,166",
114/07/09,"53,446,515","4,360,775,357",84.00,84.00,80.70,80.70,X0.00,"23,323",
114/07/10,"11,041,262","909,024,296",82.00,83.10,81.70,82.40,+1.70,"6,087",
114/07/11,"6,916,867","571,905,981",82.80,83.00,82.30,82.70,+0.30,"3,926",
114/07/14,"6,778,011","564,172,746",82.90,83.70,82.70,83.40,+0.70,"4,292",
114/07/15,"7,393,005","610,359,789",83.30,83.50,82.20,82.50,-0.90,"5,031",
114/07/16,"8,274,809","679,503,655",82.50,82.80,81.70,82.50, 0.00,"5,993",
114/07/17,"7,898,890","649,711,566",82.90,83.00,82.00,82.20,-0.30,"5,477",
114/07/18,"5,435,073","446,823,400",82.70,82.70,81.90,82.40,+0.20,"3,406",
114/07/21,"4,641,459","382,323,509",82.70,82.70,82.30,82.30,-0.10,"2,595",
114/07/22,"8,058,189","658,093,590",82.50,82.70,81.30,81.50,-0.80,"6,166",
114/07/23,"5,216,708","428,090,052",81.90,82.50,81.60,82.50,+1.00,"3,208",
114/07/24,"5,754,814","471,065,196",82.60,82.60,81.60,81.70,-0.80,"3,627",
114/07/25,"3,053,915","250,473,009",81.70,82.30,81.70,81.90,+0.20,"2,348",
114/07/28,"4,737,997","386,525,194",82.30,82.30,81.40,81.50,-0.40,"3,326",
114/07/29,"2,382,874","194,396,305",81.90,81.90,81.30,81.60,+0.10,"1,852",
114/07/30,"2,934,129","240,844,214",81.80,82.30,81.70,82.30,+0.70,"1,994",
114/07/31,"2,647,159","216,371,292",82.00,82.00,81.40,81.70,-0.60,"1,904",
114/08/01,"3,120,844","255,151,626",81.50,82.30,81.20,81.70, 0.00,"2,337",
114/08/04,"3,920,702","322,775,471",81.70,82.60,81.70,82.50,+0.80,"2,812",
114/08/05,"2,413,472","198,666,362",82.20,82.50,82.10,82.40,-0.10,"2,839",
114/08/06,"2,876,108","238,526,781",82.50,83.20,82.50,83.20,+0.80,"2,529",
114/08/07,"6,161,127","513,737,219",83.30,83.80,83.00,83.40,+0.20,"3,417",
114/08/08,"4,349,077","365,895,060",83.20,84.70,83.10,84.50,+1.10,"3,742",
114/08/11,"4,744,289","401,576,332",84.20,85.30,84.00,84.20,-0.30,"6,077",
114/08/12,"2,592,521","219,866,197",84.30,85.20,84.30,84.60,+0.40,"2,230",
114/08/13,"3,630,202","307,062,034",85.10,85.10,84.20,84.60, 0.00,"3,492",
114/08/14,"1,978,795","167,090,074",84.80,84.90,84.20,84.40,-0.20,"3,076",
114/08/15,"3,372,324","285,015,580",84.40,84.80,84.10,84.80,+0.40,"2,642",
114/08/18,"4,347,891","368,769,920",84.80,85.20,84.50,85.10,+0.30,"3,231",
114/08/19,"4,074,030","347,534,182",85.00,85.70,84.70,85.50,+0.40,"2,782",
114/08/20,"3,700,527","316,534,578",85.90,85.90,85.20,85.50, 0.00,"3,882",
114/08/21,"4,241,541","363,533,603",85.70,86.00,85.40,85.80,+0.30,"2,772",
114/08/22,"3,589,984","306,651,483",85.70,85.90,84.90,85.30,-0.50,"3,631",
114/08/25,"5,202,947","439,599,622",85.30,85.50,84.10,84.10,-1.20,"6,660",
114/08/26,"9,724,988","822,513,287",84.10,84.70,84.00,84.70,+0.60,"2,404",
114/08/27,"2,417,210","203,386,189",84.20,84.70,83.80,83.80,-0.90,"2,204",
114/08/28,"2,903,141","242,829,431",83.80,84.10,83.40,83.50,-0.30,"2,307",
114/08/29,"5,205,094","436,507,277",83.50,84.20,83.30,84.20,+0.70,"1,770",
114/09/01,"2,762,198","232,614,489",84.20,84.50,83.70,84.30,+0.10,"1,694",
114/09/02,"2,199,882","185,972,443",84.30,84.80,84.30,84.70,+0.40,"1,740",
114/09/03,"2,322,472","196,080,089",84.40,84.80,84.20,84.40,-0.30,"2,836",
114/09/04,"1,682,017","142,361,393",84.40,84.80,84.40,84.70,+0.30,"1,194",
114/09/05,"1,836,901","154,908,044",84.70,84.80,84.10,84.40,-0.30,"3,133",
114/09/08,"2,131,553","179,990,410",84.40,84.70,84.20,84.50,+0.10,"1,478",
114/09/09,"2,701,557","227,140,415",84.50,84.50,83.80,84.10,-0.40,"2,359",
114/09/10,"2,892,741","242,943,959",83.90,84.20,83.60,84.20,+0.10,"2,304",
114/09/11,"3,771,566","317,572,986",84.10,84.60,84.00,84.00,-0.20,"2,770",
114/09/12,"5,403,385","456,876,401",84.40,84.90,84.20,84.90,+0.90,"2,414",
114/09/15,"6,810,616","582,592,786",85.30,85.80,85.30,85.80,+0.90,"3,322",
114/09/16,"4,291,211","367,646,863",85.80,85.80,85.50,85.80, 0.00,"2,101",
114/09/17,"6,125,257","523,454,946",85.80,85.90,85.20,85.50,-0.30,"3,539",
114/09/18,"5,075,758","432,472,671",85.70,85.80,85.00,85.40,-0.10,"3,900",
114/09/19,"12,089,587","1,019,861,952",85.40,85.40,84.20,84.20,-1.20,"7,709",
114/09/22,"5,646,630","480,509,519",84.70,85.50,84.50,85.50,+1.30,"2,838",
114/09/23,"9,531,862","819,048,962",85.50,86.40,85.00,85.90,+0.40,"4,937",
114/09/24,"5,313,231","458,222,848",86.00,86.50,85.90,86.50,+0.60,"3,142",
114/09/25,"5,413,020","467,205,057",86.50,86.60,86.10,86.30,-0.20,"3,255",
114/09/26,"7,690,330","668,694,141",86.30,87.20,86.10,87.10,+0.80,"5,132",
114/09/30,"12,189,931","1,071,957,380",87.40,88.40,87.10,88.40,+1.30,"6,267",
114/10/01,"8,034,251","710,684,148",88.40,88.90,88.10,88.80,+0.40,"4,260",
114/10/02,"10,033,059","892,702,342",88.80,89.60,88.40,89.00,+0.20,"5,286",
114/10/03,"6,850,708","610,440,660",89.00,89.60,88.80,89.00, 0.00,"3,812",
114/10/07,"9,723,153","875,298,959",89.10,91.00,88.70,90.60,+1.60,"6,212",
114/10/08,"5,815,122","528,408,832",90.20,91.30,90.10,91.20,+0.60,"3,939",
114/10/09,"7,196,363","653,299,578",91.10,91.20,89.90,91.00,-0.20,"4,513",
114/10/13,"6,436,121","582,128,212",91.00,91.20,89.40,91.20,+0.20,"3,980",
114/10/14,"9,685,580","891,657,928",91.10,92.70,91.00,91.60,+0.40,"5,312",
114/10/15,"6,390,723","585,454,988",91.60,92.00,91.20,91.80,+0.20,"4,020",
114/10/16,"7,876,039","726,229,459",92.00,92.60,91.70,92.60,+0.80,"4,158",
114/10/17,"7,032,229","652,474,703",93.00,93.50,92.30,92.50,-0.10,"3,629",
114/10/20,"2,930,517","271,966,929",93.40,93.40,92.00,92.80,+0.30,"2,115",
114/10/21,"5,919,022","548,979,304",93.30,93.30,92.30,93.20,+0.40,"3,467",
114/10/22,"6,382,453","599,241,066",93.40,94.30,92.70,94.20,+1.00,"3,988",
114/10/23,"3,169,092","298,653,119",94.20,94.60,93.50,94.60,+0.40,"2,552",
114/10/27,"5,004,993","465,055,923",95.00,95.20,92.10,92.40,-2.20,"11,105",
114/10/28,"5,019,571","464,811,180",93.50,93.60,92.20,92.50,+0.10,"2,996",
114/10/29,"3,722,904","344,547,586",93.30,93.30,92.30,92.50, 0.00,"2,843",
114/10/30,"6,314,799","581,702,104",92.30,92.70,91.60,92.10,-0.40,"3,440",
114/10/31,"5,124,520","474,363,104",92.80,93.30,91.50,92.50,+0.40,"3,046",
114/11/03,"5,001,241","469,012,704",92.40,94.40,92.30,94.10,+1.60,"3,688",
114/11/04,"7,133,427","670,840,897",94.10,94.90,93.30,94.00,-0.10,"5,039",
114/11/05,"4,946,929","461,799,335",94.50,94.50,92.60,94.00, 0.00,"4,464",
114/11/06,"5,505,006","514,684,871",94.50,94.50,92.80,93.50,-0.50,"4,233",
114/11/07,"8,802,025","835,653,915",94.00,95.50,92.80,95.50,+2.00,"5,697",
114/11/10,"6,351,944","602,926,739",95.80,96.00,94.00,94.00,-1.50,"5,888",
114/11/11,"4,653,413","437,111,470",95.00,95.10,93.40,93.60,-0.40,"3,917",
114/11/12,"6,802,133","641,978,516",94.20,95.00,93.60,94.30,+0.70,"3,478",
114/11/13,"9,949,132","917,825,536",93.70,94.10,91.60,91.60,-2.70,"16,562",
114/11/14,"5,169,790","473,880,033",91.30,92.30,91.20,91.50,-0.10,"3,387",
114/11/17,"5,504,075","503,266,206",92.20,92.30,91.00,91.50, 0.00,"3,199",
114/11/18,"8,462,765","771,099,119",91.30,92.00,90.90,92.00,+0.50,"3,933",
114/11/19,"5,740,157","526,076,463",92.80,92.80,91.00,91.90,-0.10,"3,595",
114/11/20,"3,629,349","335,056,158",92.50,92.70,91.40,92.70,+0.80,"2,271",
114/11/21,"11,054,227","1,012,560,565",92.50,93.00,90.70,91.40,-1.30,"5,055",
114/11/24,"12,116,424","1,118,083,203",92.00,92.70,91.10,92.70,+1.30,"3,762",
114/11/25,"14,242,184","1,277,054,541",92.00,92.10,88.80,89.00,-3.70,"6,978",
114/11/26,"7,390,770","656,136,060",89.40,90.00,88.40,89.00, 0.00,"4,744",
114/11/27,"5,477,614","486,093,793",88.50,89.10,88.40,88.90,-0.10,"3,163",
114/11/28,"5,154,350","456,377,841",88.90,89.20,88.10,88.10,-0.80,"3,060",
114/12/01,"5,501,208","486,705,101",88.00,88.90,88.00,88.40,+0.30,"3,238",
114/12/02,"6,099,054","537,519,349",89.00,89.00,87.70,88.00,-0.40,"3,784",
114/12/03,"7,774,367","678,082,880",88.20,88.30,86.90,86.90,-1.10,"5,247",
114/12/04,"6,209,471","539,373,714",87.70,87.80,86.50,86.60,-0.30,"4,277",
114/12/05,"6,416,029","555,398,326",86.80,87.00,86.40,86.40,-0.20,"3,790",
114/12/08,"5,929,984","509,321,583",86.50,86.70,85.20,85.40,-1.00,"4,602",
114/12/09,"5,820,445","499,277,402",86.00,86.40,85.50,85.80,+0.40,"3,858",
114/12/10,"4,736,514","408,590,759",85.80,86.80,85.70,86.10,+0.30,"2,839",
114/12/11,"6,808,661","592,813,966",86.50,87.30,86.40,87.10,+1.00,"3,891",
114/12/12,"4,729,929","411,738,964",87.70,87.90,86.60,86.80,-0.30,"2,846",
114/12/15,"5,195,389","454,858,691",86.80,88.00,86.60,87.50,+0.70,"3,299",
114/12/16,"8,249,439","728,409,287",86.90,88.80,86.90,88.30,+0.80,"4,552",
114/12/17,"4,460,990","393,241,502",88.30,88.60,87.70,87.70,-0.60,"2,830",
114/12/18,"3,317,003","291,669,676",88.30,88.80,87.60,87.60,-0.10,"2,028",
114/12/19,"5,933,910","522,505,214",87.50,88.30,87.50,88.00,+0.40,"2,011",
114/12/22,"4,059,163","356,665,519",88.00,88.30,87.60,87.80,-0.20,"2,356",
114/12/23,"3,962,575","348,126,973",87.70,88.20,87.60,87.80, 0.00,"1,924",
114/12/24,"3,213,601","280,725,909",87.70,88.00,87.20,87.20,-0.60,"1,990",
114/12/26,"5,281,792","467,498,230",87.50,89.00,87.20,88.60,+1.40,"2,555",
114/12/29,"3,094,375","276,366,327",88.60,89.50,88.60,89.40,+0.80,"2,011",
114/12/30,"3,728,675","333,462,569",88.90,89.70,88.90,89.20,-0.20,"2,204",
114/12/31,"4,596,969","408,483,531",89.20,89.40,88.30,88.30,-0.90,"2,843",
115/01/02,"3,468,042","308,493,582",88.90,89.50,88.70,88.90,+0.60,"2,387",
115/01/05,"4,274,193","382,364,152",88.40,90.00,88.10,89.20,+0.30,"2,836",
115/01/06,"3,812,816","341,130,464",89.60,89.80,89.00,89.20, 0.00,"2,560",
115/01/07,"3,876,711","346,531,910",89.30,89.90,88.80,89.30,+0.10,"2,670",
115/01/08,"3,154,220","282,144,993",89.30,90.00,89.10,89.10,-0.20,"1,748",
115/01/09,"2,429,158","217,066,058",89.20,89.80,89.00,89.60,+0.50,"1,635",
115/01/12,"2,411,457","214,470,106",89.20,89.60,88.60,89.00,-0.60,"1,865",
115/01/13,"3,009,882","267,697,919",89.70,89.70,88.80,88.80,-0.20,"2,083",
115/01/14,"2,791,638","248,928,818",89.40,89.50,88.80,89.30,+0.50,"2,136",
115/01/15,"4,582,117","415,041,944",89.60,91.00,89.20,91.00,+1.70,"3,055",
115/01/16,"4,420,425","402,529,838",90.90,91.40,90.30,91.10,+0.10,"2,746",
115/01/19,"4,785,364","435,441,448",90.00,91.80,90.00,90.70,-0.40,"2,810",
115/01/20,"2,070,153","187,210,967",90.20,91.10,90.20,90.30,-0.40,"1,608",
115/01/21,"3,338,679","300,109,977",90.00,90.60,89.60,89.80,-0.50,"2,271",
115/01/22,"3,492,864","312,274,752",90.00,90.70,89.10,89.30,-0.50,"2,567",
115/01/23,"3,613,101","323,295,514",89.20,90.30,89.10,89.40,+0.10,"2,354",
115/01/26,"2,642,781","238,912,628",90.00,90.80,89.60,90.70,+1.30,"2,061",
115/01/27,"2,735,042","245,719,210",90.80,90.80,89.40,89.40,-1.30,"2,111",
115/01/28,"4,080,597","363,387,668",89.90,89.90,88.80,89.20,-0.20,"2,960",
115/01/29,"5,459,290","487,726,587",89.00,90.30,89.00,89.00,-0.20,"2,850",
115/01/30,"7,125,986","632,762,821",89.00,90.00,88.10,88.80,-0.20,"3,392",
115/02/02,"7,656,408","688,906,947",89.60,90.50,88.80,90.20,+1.40,"5,874",
115/02/03,"7,678,917","698,278,548",90.10,91.40,89.80,90.70,+0.50,"5,482",
115/02/04,"6,312,032","572,493,722",90.20,91.80,89.80,90.00,-0.70,"4,703",
115/02/05,"5,597,537","509,797,644",90.60,91.50,90.10,91.10,+1.10,"4,058",
115/02/06,"6,549,144","600,635,188",91.00,92.20,91.00,92.20,+1.10,"3,809",
115/02/09,"6,954,488","642,168,388",92.00,92.90,91.30,92.50,+0.30,"4,600",
115/02/10,"6,679,409","615,512,329",91.80,93.00,91.30,92.00,-0.50,"3,508",
115/02/11,"7,061,801","650,081,248",92.70,92.70,91.40,91.90,-0.10,"4,917",
115/02/23,"13,008,024","1,223,719,524",93.00,94.90,92.10,94.80,+2.90,"8,147",
115/02/24,"9,232,804","878,282,233",94.80,95.60,94.10,95.60,+0.80,"5,333",
115/02/25,"9,128,614","861,857,769",95.20,95.70,93.50,94.30,-1.30,"6,613",
115/02/26,"30,691,847","2,826,936,304",93.70,94.00,91.70,92.00,-2.30,"5,242",
115/03/02,"8,398,524","780,629,531",92.80,94.00,90.90,93.60,+1.60,"4,933",
115/03/03,"4,786,785","447,681,534",93.20,94.30,92.80,93.80,+0.20,"3,362",
115/03/04,"5,443,305","501,836,195",92.40,93.00,91.70,92.20,-1.60,"3,491",
115/03/05,"5,518,787","504,677,310",92.50,92.90,90.70,91.50,-0.70,"3,662",
115/03/06,"3,947,502","365,787,183",91.00,93.10,91.00,93.00,+1.50,"2,611",
115/03/09,"7,531,695","688,628,546",90.10,92.40,90.10,91.50,-1.50,"4,378",
115/03/10,"4,817,415","438,979,792",92.70,92.70,90.70,90.90,-0.60,"2,920",
115/03/11,"5,848,387","534,769,688",91.00,91.80,90.90,91.60,+0.70,"4,153",
115/03/12,"6,034,737","555,449,010",90.70,92.70,90.70,92.20,+0.60,"3,264",
115/03/13,"4,408,836","404,495,943",91.20,92.40,91.00,91.80,-0.40,"2,919",
115/03/16,"3,627,654","338,691,484",92.00,94.10,92.00,93.50,+1.70,"2,833",
115/03/17,"3,034,570","281,979,009",92.90,93.50,92.30,93.10,-0.40,"2,405",
115/03/18,"5,970,180","558,372,992",94.00,94.40,92.90,94.00,+0.90,"3,441",
115/03/19,"6,328,473","587,437,772",93.50,93.60,92.00,92.70,-1.30,"3,831",
115/03/20,"7,866,506","737,590,503",92.50,94.30,92.50,94.10,+1.40,"3,124",
115/03/23,"5,250,565","488,301,995",92.20,93.80,91.70,93.10,-1.00,"3,890",
115/03/24,"4,677,029","437,814,015",94.00,94.30,93.00,93.70,+0.60,"2,918",
115/03/25,"6,445,373","604,130,677",94.80,94.80,93.30,94.00,+0.30,"3,783",
115/03/26,"7,239,070","671,192,580",93.80,93.80,92.10,92.30,-1.70,"3,427",
115/03/27,"8,466,925","783,267,943",92.00,93.00,92.00,92.60,+0.30,"4,686",
115/03/30,"6,833,210","624,306,727",91.80,92.90,90.80,91.00,-1.60,"3,814",
115/03/31,"7,615,539","699,219,211",91.50,92.60,90.70,91.90,+0.90,"3,702",
115/04/01,"4,843,029","451,808,257",92.80,93.80,92.60,93.50,+1.60,"3,432",
115/04/02,"3,354,406","311,221,171",93.50,93.70,92.40,92.50,-1.00,"2,185",
115/04/07,"3,731,054","347,208,668",92.70,93.60,92.30,93.30,+0.80,"2,347",
115/04/08,"5,137,064","479,580,742",94.40,94.40,92.70,93.30, 0.00,"3,272",
115/04/09,"9,314,178","879,237,661",93.80,95.30,93.20,95.30,+2.00,"4,559",
115/04/10,"4,035,868","382,172,572",94.90,95.30,94.10,94.60,-0.70,"2,554",
115/04/13,"3,376,717","318,159,103",94.60,94.90,93.80,94.30,-0.30,"2,262",
115/04/14,"8,468,300","799,698,757",96.00,96.00,93.90,94.30, 0.00,"3,869",
115/04/15,"7,025,877","667,704,778",94.90,95.70,94.60,95.30,+1.00,"4,289",
115/04/16,"5,341,081","510,474,530",95.50,96.10,95.20,95.80,+0.50,"3,585",
115/04/17,"7,918,873","766,644,779",96.30,97.40,95.80,97.40,+1.60,"4,317",
115/04/20,"6,912,623","676,536,794",96.80,98.50,96.20,98.20,+0.80,"4,142",
115/04/21,"10,717,058","1,030,252,200",98.50,98.50,95.20,95.60,-2.60,"7,302",
115/04/22,"8,493,074","812,137,606",96.20,96.40,95.30,95.40,-0.20,"4,602",
115/04/23,"6,976,266","666,838,085",94.40,96.60,94.40,95.90,+0.50,"4,389",
115/04/24,"5,867,489","561,407,766",96.00,96.60,94.60,96.60,+0.70,"3,510",
115/04/27,"6,160,615","591,335,973",95.60,96.40,95.40,96.00,-0.60,"3,142",
115/04/28,"5,372,678","509,749,342",96.80,96.80,94.30,94.40,-1.60,"4,152",
115/04/29,"5,295,870","506,584,330",95.60,96.00,95.10,96.00,+1.60,"3,059",
115/04/30,"6,550,291","620,155,721",96.10,96.60,94.10,94.50,-1.50,"4,246",
115/05/04,"7,425,790","702,831,401",95.30,95.50,94.00,94.30,-0.20,"3,761",
115/05/05,"4,047,704","387,059,765",94.80,96.20,94.20,95.80,+1.50,"2,240",
115/05/06,"5,452,066","520,052,547",96.80,96.80,95.10,95.10,-0.70,"2,457",
115/05/07,"5,049,092","482,647,792",96.00,96.30,95.30,95.40,+0.30,"3,176",
115/05/08,"8,954,831","858,955,669",95.50,96.40,94.80,95.90,+0.50,"5,899",
115/05/11,"2,828,872","272,858,032",96.30,96.90,95.90,96.20,+0.30,"2,135",
115/05/12,"3,721,182","357,423,859",96.50,97.10,95.50,95.50,-0.70,"2,653",
115/05/13,"4,767,332","461,585,781",96.20,97.40,95.20,96.90,+1.40,"3,293",
115/05/14,"6,144,417","601,721,510",96.00,98.50,96.00,98.10,+1.20,"3,922",
115/05/15,"4,328,516","426,908,450",98.10,99.50,97.90,98.30,+0.20,"2,675",
115/05/18,"3,107,480","303,094,232",98.30,98.90,96.80,96.80,-1.50,"2,063",
115/05/19,"6,065,499","595,926,911",96.90,99.50,96.70,98.00,+1.20,"3,265",
115/05/20,"7,124,148","696,821,715",98.10,99.40,97.00,97.10,-0.90,"4,219",
115/05/21,"8,184,583","787,066,020",97.20,97.50,95.70,95.70,-1.40,"5,079",
115/05/22,"8,262,621","789,938,975",95.70,96.70,94.70,95.50,-0.20,"4,650",
