日期,成交股數,成交金額,開盤價,最高價,最低價,收盤價,漲跌價差,成交筆數,註記
109/01/02,"1,213,702","44,974,706",36.90,37.10,36.90,37.10,+0.15,823,
109/01/03,"1,535,985","57,003,223",37.10,37.30,36.95,37.05,-0.05,"1,014",
109/01/06,"1,591,524","58,381,453",37.00,37.05,36.55,36.85,-0.20,"1,147",
109/01/07,"1,024,274","37,691,427",36.75,36.90,36.65,36.90,+0.05,680,
109/01/08,"1,080,130","39,581,990",36.90,36.90,36.55,36.55,-0.35,798,
109/01/09,"613,208","22,544,388",36.60,36.90,36.60,36.75,+0.20,406,
109/01/10,"968,897","35,743,974",36.90,36.95,36.85,36.90,+0.15,642,
109/01/13,"2,878,742","108,665,177",37.30,37.95,37.30,37.85,+0.95,"1,680",
109/01/14,"2,490,195","95,554,866",38.20,38.60,38.05,38.20,+0.35,"1,527",
109/01/15,"1,346,174","51,129,912",38.30,38.30,37.85,38.00,-0.20,"1,058",
109/01/16,"1,194,924","45,407,514",37.90,38.10,37.90,38.10,+0.10,744,
109/01/17,"1,952,873","74,996,507",38.10,38.55,38.10,38.50,+0.40,"1,044",
109/01/20,"1,840,590","71,107,833",38.55,38.75,38.45,38.60,+0.10,"1,090",
109/01/30,"6,363,816","236,875,289",36.60,38.00,36.60,37.15,-1.45,"3,558",
109/01/31,"2,250,311","84,524,755",37.15,37.95,37.15,37.70,+0.55,"1,315",
109/02/03,"2,642,069","97,857,077",36.95,37.55,36.60,37.55,-0.15,"1,494",
109/02/04,"1,622,823","61,249,790",37.50,37.90,37.35,37.70,+0.15,950,
109/02/05,"1,241,908","46,755,858",37.70,37.85,37.50,37.55,-0.15,754,
109/02/06,"2,168,827","82,388,658",37.65,38.20,37.65,38.10,+0.55,"1,088",
109/02/07,"2,456,973","93,006,410",38.10,38.15,37.60,37.60,-0.50,"1,386",
109/02/10,"1,320,098","49,538,908",37.40,37.75,37.15,37.55,-0.05,782,
109/02/11,"1,012,293","38,261,336",37.50,37.90,37.50,37.85,+0.30,566,
109/02/12,"1,805,832","68,844,572",38.00,38.45,37.80,38.00,+0.15,"1,072",
109/02/13,"1,472,757","56,015,866",38.05,38.20,37.90,37.95,-0.05,933,
109/02/14,"1,242,097","47,276,608",38.00,38.15,37.95,38.10,+0.15,755,
109/02/17,"2,287,593","87,921,742",38.10,38.65,38.10,38.60,+0.50,"1,454",
109/02/18,"3,136,631","123,059,396",38.85,39.55,38.70,39.30,+0.70,"1,900",
109/02/19,"2,080,668","81,801,680",39.35,39.55,39.10,39.25,-0.05,"1,217",
109/02/20,"1,433,563","56,032,051",39.20,39.30,39.00,39.05,-0.20,885,
109/02/21,"1,105,180","43,201,620",39.20,39.25,39.00,39.00,-0.05,798,
109/02/24,"2,174,015","83,950,751",39.00,39.00,38.35,38.55,-0.45,"1,437",
109/02/25,"2,090,564","79,878,717",38.05,38.50,37.90,38.40,-0.15,"1,214",
109/02/26,"1,214,178","46,592,566",38.35,38.60,38.10,38.35,-0.05,726,
109/02/27,"1,884,340","72,014,529",38.35,38.45,38.00,38.00,-0.35,"1,126",
109/03/02,"3,442,286","129,664,374",37.50,38.00,37.25,37.50,-0.50,"1,903",
109/03/03,"1,518,549","57,883,679",37.85,38.25,37.85,38.05,+0.55,937,
109/03/04,"1,201,625","45,608,604",37.95,38.05,37.85,37.95,-0.10,749,
109/03/05,"1,480,452","56,841,585",38.20,38.70,38.10,38.45,+0.50,813,
109/03/06,"1,480,484","56,598,687",38.45,38.45,38.05,38.20,-0.25,811,
109/03/09,"3,165,567","118,466,400",38.00,38.00,37.20,37.20,-1.00,"2,080",
109/03/10,"4,928,455","179,352,712",36.50,36.80,36.15,36.70,-0.50,"2,813",
109/03/11,"2,391,026","88,650,262",37.20,37.55,36.60,36.90,+0.20,"1,635",
109/03/12,"4,420,697","158,457,317",36.70,36.70,35.55,35.60,-1.30,"2,693",
109/03/13,"6,948,688","229,006,091",32.90,34.15,32.35,34.00,-1.60,"4,007",
109/03/16,"2,999,622","100,314,114",34.00,34.00,33.10,33.20,-0.80,"1,967",
109/03/17,"4,413,960","141,645,320",31.70,32.95,31.65,31.85,-1.35,"2,791",
109/03/18,"3,955,634","126,358,933",31.90,32.35,31.75,31.80,-0.05,"2,589",
109/03/19,"7,485,495","219,784,266",31.25,31.30,28.80,29.30,-2.50,"4,353",
109/03/20,"4,548,732","141,037,655",29.70,31.70,29.70,31.25,+1.95,"2,769",
109/03/23,"2,716,653","83,076,149",29.80,30.95,29.80,30.70,-0.55,"1,282",
109/03/24,"3,786,368","121,283,470",31.70,32.45,31.60,31.85,+1.15,"2,646",
109/03/25,"3,422,744","113,334,776",32.50,33.45,32.50,33.25,+1.40,"2,111",
109/03/26,"2,212,731","73,031,675",33.25,33.40,32.55,33.30,+0.05,"1,309",
109/03/27,"3,047,994","102,775,878",33.80,34.25,33.20,33.20,-0.10,"1,554",
109/03/30,"2,941,428","98,569,152",32.60,33.95,32.50,33.90,+0.70,"1,436",
109/03/31,"4,021,249","149,791,488",37.25,37.25,37.25,37.25,+3.35,"1,672",
109/04/01,"13,142,000","501,346,053",38.00,39.00,37.40,37.90,+0.65,"7,067",
109/04/06,"5,499,447","208,712,286",38.10,38.20,37.55,37.95,+0.05,"3,095",
109/04/07,"5,583,621","214,023,185",38.25,38.50,38.15,38.30,+0.35,"2,681",
109/04/08,"4,336,173","166,642,485",38.50,38.60,38.30,38.45,+0.15,"2,265",
109/04/09,"4,553,945","175,539,790",38.75,38.85,38.20,38.45, 0.00,"2,431",
109/04/10,"3,218,616","124,724,861",38.45,38.90,38.40,38.85,+0.40,"1,701",
109/04/13,"7,029,474","277,049,147",39.20,39.95,38.80,39.45,+0.60,"3,608",
109/04/14,"6,329,071","253,223,615",39.60,40.20,39.60,40.15,+0.70,"3,145",
109/04/15,"8,317,712","341,170,587",40.40,41.80,40.40,41.80,+1.65,"4,213",
109/04/16,"6,589,344","272,735,522",41.90,41.90,40.90,41.25,-0.55,"3,869",
109/04/17,"7,677,743","314,264,112",41.40,41.75,40.20,40.45,-0.80,"4,461",
109/04/20,"4,900,257","198,976,458",40.65,41.10,40.05,40.90,+0.45,"2,349",
109/04/21,"6,209,692","253,836,218",41.05,41.35,40.60,40.65,-0.25,"3,484",
109/04/22,"4,860,938","196,261,086",40.35,40.90,39.80,40.85,+0.20,"2,340",
109/04/23,"2,697,601","110,517,281",41.25,41.25,40.75,40.90,+0.05,"1,505",
109/04/24,"2,241,720","91,549,185",41.00,41.00,40.75,40.75,-0.15,"1,239",
109/04/27,"3,733,818","153,722,351",41.10,41.30,40.80,41.20,+0.45,"1,800",
109/04/28,"4,985,126","207,942,592",41.40,42.00,41.30,42.00,+0.80,"2,664",
109/04/29,"6,517,603","278,704,353",42.20,43.25,42.20,42.90,+0.90,"3,641",
109/04/30,"5,305,554","227,973,890",43.30,43.40,42.60,43.10,+0.20,"3,116",
109/05/04,"4,386,098","188,781,203",42.75,43.50,42.25,43.45,+0.35,"2,421",
109/05/05,"4,922,827","217,087,677",43.45,44.90,43.25,44.75,+1.30,"3,025",
109/05/06,"10,339,543","463,443,499",45.00,46.00,43.85,43.90,-0.85,"5,572",
109/05/07,"4,389,049","195,147,995",43.90,45.00,43.70,45.00,+1.10,"2,536",
109/05/08,"4,854,992","219,868,390",45.25,45.80,45.00,45.40,+0.40,"2,503",
109/05/11,"5,642,695","254,084,106",45.60,45.65,44.80,44.90,-0.50,"3,332",
109/05/12,"21,065,254","887,367,098",41.60,43.30,41.60,41.80,-3.10,"11,982",
109/05/13,"6,992,898","291,499,366",41.30,42.20,41.10,41.80, 0.00,"3,682",
109/05/14,"5,485,619","227,084,185",41.75,41.95,41.00,41.10,-0.70,"3,305",
109/05/15,"5,449,779","223,178,151",41.60,41.60,40.40,41.25,+0.15,"3,073",
109/05/18,"2,702,775","111,917,601",41.30,41.80,40.70,41.55,+0.30,"1,523",
109/05/19,"5,047,780","212,545,989",42.00,42.45,41.65,42.30,+0.75,"3,057",
109/05/20,"3,778,985","158,562,320",42.30,42.40,41.65,41.80,-0.50,"1,940",
109/05/21,"2,203,335","92,578,339",41.65,42.25,41.55,42.05,+0.25,"1,229",
109/05/22,"2,831,879","118,094,510",41.90,42.00,41.50,41.55,-0.50,"1,841",
109/05/25,"1,619,699","67,534,008",41.55,41.95,41.35,41.85,+0.30,904,
109/05/26,"2,158,487","90,641,904",41.90,42.25,41.80,41.95,+0.10,"1,177",
109/05/27,"2,038,853","85,434,364",42.00,42.15,41.75,41.80,-0.15,"1,252",
109/05/28,"2,139,568","89,266,770",41.90,41.90,41.55,41.65,-0.15,"1,286",
109/05/29,"3,749,269","156,486,086",41.55,42.15,41.30,41.30,-0.35,"2,419",
109/06/01,"2,440,073","102,465,483",41.90,42.15,41.60,42.00,+0.70,"1,537",
109/06/02,"2,434,451","102,782,625",42.30,42.30,42.00,42.20,+0.20,"1,480",
109/06/03,"2,764,291","116,858,769",42.30,42.50,42.10,42.40,+0.20,"1,768",
109/06/04,"1,307,750","55,427,806",42.50,42.55,42.30,42.40, 0.00,889,
109/06/05,"1,285,518","54,548,912",42.45,42.50,42.30,42.45,+0.05,892,
109/06/08,"3,346,309","143,207,567",42.55,43.15,42.45,43.10,+0.65,"1,993",
109/06/09,"1,947,778","83,864,525",43.15,43.20,42.80,43.15,+0.05,"1,208",
109/06/10,"1,928,421","83,131,384",43.00,43.20,42.90,43.20,+0.05,"1,224",
109/06/11,"4,115,659","175,567,440",43.20,43.20,42.15,42.35,-0.85,"2,322",
109/06/12,"2,962,560","123,346,494",41.00,42.00,41.00,42.00,-0.35,"1,718",
109/06/15,"2,257,629","94,604,868",42.15,42.15,41.75,41.85,-0.15,"1,387",
109/06/16,"1,548,351","65,111,877",41.95,42.40,41.90,42.10,+0.25,"1,046",
109/06/17,"1,419,089","59,958,898",42.30,42.40,42.10,42.30,+0.20,"1,128",
109/06/18,"1,198,962","50,733,111",42.35,42.40,42.20,42.30, 0.00,834,
109/06/19,"2,876,222","122,643,146",42.30,42.85,42.30,42.85,+0.55,"1,109",
109/06/22,"1,695,037","72,725,910",42.80,43.10,42.75,42.80,-0.05,"1,003",
109/06/23,"1,398,829","59,606,833",42.80,42.90,42.35,42.55,-0.25,823,
109/06/24,"1,054,893","45,030,706",42.85,42.85,42.60,42.65,+0.10,657,
109/06/29,"1,631,905","69,439,169",42.50,42.70,42.40,42.50,-0.15,899,
109/06/30,"1,346,062","57,434,888",42.90,42.90,42.50,42.50, 0.00,739,
109/07/01,"1,640,047","70,111,273",42.55,42.95,42.55,42.75,+0.25,859,
109/07/02,"2,551,925","109,498,325",42.90,43.00,42.75,42.90,+0.15,"1,213",
109/07/03,"2,772,406","119,869,192",43.00,43.50,43.00,43.45,+0.55,"1,488",
109/07/06,"4,205,290","184,931,310",43.65,44.30,43.65,43.95,+0.50,"2,367",
109/07/07,"2,598,396","113,732,208",44.20,44.20,43.45,43.75,-0.20,"1,489",
109/07/08,"1,562,714","68,377,536",43.75,43.90,43.55,43.80,+0.05,985,
109/07/09,"2,012,018","87,987,700",43.85,43.95,43.60,43.60,-0.20,"1,357",
109/07/10,"2,500,746","107,752,952",43.60,43.60,42.90,43.05,-0.55,"1,529",
109/07/13,"3,206,862","140,677,260",43.60,44.30,43.60,43.95,+0.90,"1,781",
109/07/14,"1,785,717","78,480,371",44.10,44.20,43.85,43.95, 0.00,"1,045",
109/07/15,"2,820,062","124,427,780",44.05,44.30,43.90,44.15,+0.20,"1,513",
109/07/16,"4,091,466","183,400,420",44.30,45.50,44.25,45.00,+0.85,"2,139",
109/07/17,"3,002,047","135,185,465",45.20,45.35,44.80,45.00, 0.00,"1,677",
109/07/20,"2,102,610","94,339,000",45.00,45.00,44.60,44.95,-0.05,"1,068",
109/07/21,"5,127,845","233,272,616",45.00,45.80,44.90,45.65,+0.70,"2,499",
109/07/22,"2,537,532","116,116,580",45.95,45.95,45.65,45.80,+0.15,"1,423",
109/07/23,"2,010,436","92,061,683",45.80,45.95,45.70,45.80, 0.00,"1,043",
109/07/24,"3,209,133","145,777,210",45.80,45.80,44.95,45.30,-0.50,"1,639",
109/07/27,"2,972,080","133,331,892",45.30,45.40,44.65,44.70,-0.60,"1,785",
109/07/28,"2,439,894","109,113,316",44.70,45.00,44.55,44.70, 0.00,"1,452",
109/07/29,"3,341,141","151,782,408",44.70,45.75,44.65,45.25,+0.55,"1,696",
109/07/30,"3,499,957","160,429,058",45.50,46.10,45.45,46.05,+0.80,"1,832",
109/07/31,"5,972,515","280,079,793",46.10,47.30,46.05,46.90,+0.85,"3,140",
109/08/03,"3,419,722","160,916,860",47.30,47.40,46.70,47.25,+0.35,"1,969",
109/08/04,"3,049,245","144,098,281",47.50,47.50,47.05,47.20,-0.05,"1,404",
109/08/05,"3,011,932","141,808,112",47.20,47.25,46.90,47.15,-0.05,"1,482",
109/08/06,"2,460,749","116,135,841",47.20,47.40,47.05,47.20,+0.05,"1,244",
109/08/07,"2,818,240","132,927,159",47.30,47.40,47.00,47.10,-0.10,"1,458",
109/08/10,"5,356,761","252,345,267",47.15,47.20,47.00,47.20,+0.10,"2,568",
109/08/11,"6,763,995","318,965,744",47.20,47.25,47.05,47.15,-0.05,"3,256",
109/08/12,"11,782,253","481,707,120",39.70,42.15,39.65,41.15,X0.00,"7,036",
109/08/13,"3,902,801","162,281,634",41.30,41.90,41.30,41.80,+0.65,"2,487",
109/08/14,"2,324,693","97,053,922",42.00,42.05,41.55,41.85,+0.05,"1,471",
109/08/17,"4,090,721","176,171,779",41.90,43.80,41.90,43.40,+1.55,"2,318",
109/08/18,"2,611,742","112,924,098",43.80,43.85,43.00,43.40, 0.00,"1,583",
109/08/19,"2,844,812","122,891,303",43.65,43.75,42.90,43.00,-0.40,"1,601",
109/08/20,"5,964,024","250,786,958",42.90,42.90,41.05,42.10,-0.90,"3,473",
109/08/21,"3,266,707","140,340,991",42.80,43.35,42.30,43.15,+1.05,"2,215",
109/08/24,"2,718,952","118,078,978",43.50,43.75,43.20,43.50,+0.35,"1,579",
109/08/25,"1,735,606","75,193,541",43.60,43.65,43.05,43.40,-0.10,"1,056",
109/08/26,"1,271,798","54,866,350",43.45,43.45,43.05,43.30,-0.10,841,
109/08/27,"1,685,171","72,503,018",43.55,43.55,42.80,43.00,-0.30,"1,081",
109/08/28,"1,295,852","55,522,186",43.00,43.15,42.70,42.80,-0.20,862,
109/08/31,"3,784,072","160,271,744",43.20,43.20,42.05,42.05,-0.75,"2,160",
109/09/01,"2,009,786","85,131,342",42.15,42.80,42.15,42.30,+0.25,924,
109/09/02,"1,258,298","53,181,073",42.45,42.45,42.15,42.45,+0.15,880,
109/09/03,"1,555,500","65,786,670",42.70,42.75,42.15,42.15,-0.30,"1,081",
109/09/04,"1,982,183","83,151,243",41.85,42.35,41.50,42.00,-0.15,"1,303",
109/09/07,"1,624,084","67,729,737",42.00,42.00,41.50,41.65,-0.35,"1,196",
109/09/08,"1,210,728","50,477,608",42.00,42.00,41.60,41.70,+0.05,850,
109/09/09,"2,233,090","92,123,773",41.50,41.50,41.05,41.35,-0.35,"2,235",
109/09/10,"1,589,917","65,593,662",41.50,41.55,41.15,41.30,-0.05,"1,625",
109/09/11,"3,705,519","151,053,166",41.15,41.15,40.60,40.65,-0.65,"3,019",
109/09/14,"2,899,637","117,037,019",40.65,40.65,40.20,40.45,-0.20,"2,164",
109/09/15,"2,059,763","84,096,791",40.50,41.10,40.50,40.80,+0.35,"1,508",
109/09/16,"1,897,045","78,126,323",41.05,41.70,40.85,41.55,+0.75,"1,564",
109/09/17,"1,881,506","77,517,758",41.90,41.90,40.90,40.95,-0.60,"1,298",
109/09/18,"2,179,953","89,081,223",41.00,41.10,40.80,40.80,-0.15,"1,314",
109/09/21,"1,129,498","45,994,071",40.80,41.00,40.60,40.60,-0.20,886,
109/09/22,"1,789,371","71,911,343",40.50,40.55,40.00,40.20,-0.40,"1,399",
109/09/23,"1,834,986","73,472,317",40.30,40.40,39.90,40.05,-0.15,"1,477",
109/09/24,"3,451,806","136,329,156",39.90,39.90,39.25,39.25,-0.80,"2,584",
109/09/25,"2,153,068","84,796,900",39.25,39.80,39.10,39.40,+0.15,"1,607",
109/09/28,"1,570,608","62,582,420",39.80,40.20,39.50,39.95,+0.55,"1,117",
109/09/29,"1,148,594","45,814,860",40.00,40.15,39.70,39.90,-0.05,632,
109/09/30,"950,583","37,876,370",39.90,40.00,39.70,39.80,-0.10,622,
109/10/05,"855,347","33,966,511",39.80,40.00,39.60,39.65,-0.15,680,
109/10/06,"1,524,725","61,417,632",40.00,40.60,39.85,40.45,+0.80,"1,182",
109/10/07,"1,004,533","40,311,207",40.45,40.45,40.00,40.20,-0.25,744,
109/10/08,"864,041","34,663,551",40.20,40.30,40.00,40.20, 0.00,737,
109/10/12,"2,098,455","84,229,906",40.30,40.40,39.90,40.30,+0.10,"1,338",
109/10/13,"855,290","34,192,348",40.20,40.20,39.90,40.10,-0.20,729,
109/10/14,"1,395,201","55,735,390",40.00,40.10,39.90,39.95,-0.15,862,
109/10/15,"885,812","35,277,677",39.95,39.95,39.75,39.85,-0.10,787,
109/10/16,"1,079,614","43,090,112",39.90,40.00,39.75,39.80,-0.05,825,
109/10/19,"1,251,158","49,767,144",39.90,39.90,39.70,39.85,+0.05,"1,047",
109/10/20,"1,404,253","55,596,620",39.90,39.90,39.45,39.50,-0.35,"1,055",
109/10/21,"1,714,775","68,107,131",39.70,39.90,39.50,39.60,+0.10,"1,246",
109/10/22,"5,522,203","217,856,446",39.65,39.90,39.00,39.90,+0.30,"2,395",
109/10/23,"1,207,239","47,968,217",39.90,39.90,39.40,39.75,-0.15,972,
109/10/26,"2,038,136","82,061,982",39.75,40.50,39.75,40.35,+0.60,"1,557",
109/10/27,"1,321,270","53,216,285",40.30,40.40,40.05,40.30,-0.05,866,
109/10/28,"1,977,878","80,486,681",40.35,40.90,40.35,40.70,+0.40,"1,555",
109/10/29,"1,770,342","71,212,472",40.35,40.45,40.00,40.35,-0.35,"1,077",
109/10/30,"1,900,955","76,226,696",40.40,40.50,39.90,39.95,-0.40,"1,457",
109/11/02,"1,367,693","54,398,515",39.95,40.05,39.55,39.90,-0.05,"1,045",
109/11/03,"1,340,066","53,521,768",40.10,40.20,39.75,39.90, 0.00,917,
109/11/04,"996,833","39,897,982",40.30,40.30,39.85,40.15,+0.25,695,
109/11/05,"720,519","28,908,249",40.30,40.30,40.00,40.00,-0.15,693,
109/11/06,"635,100","25,490,277",40.20,40.25,40.05,40.10,+0.10,556,
109/11/09,"1,639,156","66,428,032",40.30,40.65,40.30,40.60,+0.50,"1,212",
109/11/10,"2,840,920","116,674,281",40.90,41.45,40.65,41.10,+0.50,"1,987",
109/11/11,"4,441,781","186,271,081",41.15,42.30,41.15,42.25,+1.15,"3,062",
109/11/12,"2,398,632","100,381,878",42.30,42.30,41.65,41.70,-0.55,"1,565",
109/11/13,"2,030,059","85,483,417",41.80,42.40,41.80,42.10,+0.40,"1,594",
109/11/16,"3,267,536","136,803,581",42.05,42.10,41.65,41.85,-0.25,"2,123",
109/11/17,"2,303,517","95,271,805",41.60,41.60,41.20,41.35,-0.50,"1,833",
109/11/18,"2,397,097","98,942,761",41.35,41.55,41.15,41.20,-0.15,"1,863",
109/11/19,"1,631,367","66,883,292",41.20,41.20,40.85,41.05,-0.15,"1,352",
109/11/20,"1,851,739","75,765,027",41.10,41.15,40.80,41.00,-0.05,"1,393",
109/11/23,"1,705,722","70,675,327",41.20,41.75,41.20,41.40,+0.40,"1,349",
109/11/24,"1,522,467","62,947,891",41.50,41.50,41.25,41.40, 0.00,995,
109/11/25,"1,322,617","54,819,317",41.45,41.60,41.30,41.40, 0.00,"1,043",
109/11/26,"1,099,553","45,544,797",41.45,41.60,41.30,41.60,+0.20,859,
109/11/27,"1,165,781","48,513,499",41.50,41.70,41.45,41.70,+0.10,792,
109/11/30,"2,952,870","123,128,182",41.80,42.15,41.20,41.20,-0.50,"1,689",
109/12/01,"1,224,693","50,747,112",41.50,41.60,41.30,41.55,+0.35,"1,007",
109/12/02,"1,880,423","77,787,476",41.55,41.60,41.25,41.30,-0.25,"1,226",
109/12/03,"1,760,928","72,513,950",41.25,41.30,41.05,41.25,-0.05,"1,200",
109/12/04,"1,956,414","80,871,633",41.25,41.55,41.20,41.55,+0.30,"1,269",
109/12/07,"2,337,663","96,550,190",41.55,41.60,41.15,41.25,-0.30,"1,547",
109/12/08,"2,423,374","99,588,401",41.25,41.25,41.05,41.05,-0.20,"1,729",
109/12/09,"1,637,529","67,264,391",40.90,41.25,40.90,41.15,+0.10,"1,335",
109/12/10,"4,191,964","174,850,902",41.35,42.10,41.30,41.50,+0.35,"2,858",
109/12/11,"1,807,473","74,571,029",41.50,41.70,41.05,41.25,-0.25,"1,401",
109/12/14,"935,315","38,699,317",41.30,41.45,41.20,41.45,+0.20,792,
109/12/15,"1,422,881","58,666,818",41.50,41.50,41.10,41.10,-0.35,"1,159",
109/12/16,"1,540,050","63,669,308",41.20,41.55,41.15,41.55,+0.45,"1,176",
109/12/17,"744,810","30,859,703",41.55,41.60,41.35,41.45,-0.10,623,
109/12/18,"927,391","38,431,292",41.50,41.60,41.40,41.45, 0.00,695,
109/12/21,"1,193,308","49,359,312",41.45,41.60,41.10,41.60,+0.15,"1,032",
109/12/22,"2,591,434","108,111,201",41.55,41.95,41.30,41.35,-0.25,"1,778",
109/12/23,"907,872","37,490,715",41.35,41.45,41.20,41.25,-0.10,725,
109/12/24,"1,274,116","52,594,626",41.30,41.40,41.20,41.25, 0.00,866,
109/12/25,"1,145,064","47,393,573",41.40,41.50,41.30,41.45,+0.20,889,
109/12/28,"2,632,881","110,057,904",41.45,42.00,41.45,41.90,+0.45,"1,882",
109/12/29,"5,115,090","217,842,614",42.05,42.90,42.05,42.85,+0.95,"3,238",
109/12/30,"2,532,094","108,172,070",42.85,42.85,42.50,42.80,-0.05,"1,830",
109/12/31,"1,547,401","66,027,287",42.80,42.90,42.55,42.60,-0.20,"1,175",
110/01/04,"2,756,331","116,944,713",42.70,42.70,42.30,42.50,-0.10,"1,534",
110/01/05,"2,208,490","93,974,392",42.50,42.90,42.20,42.65,+0.15,"1,587",
110/01/06,"3,538,366","149,971,685",42.75,42.85,42.00,42.15,-0.50,"2,285",
110/01/07,"2,169,594","91,386,936",42.05,42.25,42.05,42.15, 0.00,"1,366",
110/01/08,"2,446,528","102,531,922",42.15,42.15,41.80,41.85,-0.30,"1,668",
110/01/11,"1,681,396","70,295,137",41.80,42.10,41.65,42.10,+0.25,"1,353",
110/01/12,"1,724,293","72,080,090",42.10,42.10,41.70,41.80,-0.30,"1,448",
110/01/13,"1,997,253","83,534,215",41.80,42.00,41.65,41.85,+0.05,"1,398",
110/01/14,"2,420,838","100,664,244",41.70,41.80,41.50,41.65,-0.20,"1,908",
110/01/15,"3,200,621","132,174,956",41.55,41.60,41.10,41.20,-0.45,"2,607",
110/01/18,"1,999,668","82,048,489",41.15,41.20,40.85,41.10,-0.10,"1,644",
110/01/19,"1,848,316","75,910,308",41.15,41.30,40.85,41.10, 0.00,"1,458",
110/01/20,"4,403,712","178,628,930",41.10,41.10,40.40,40.40,-0.70,"3,507",
110/01/21,"2,703,165","109,384,408",40.45,40.85,40.35,40.45,+0.05,"1,971",
110/01/22,"1,764,539","71,168,741",40.50,40.55,40.25,40.40,-0.05,"1,414",
110/01/25,"2,016,826","81,255,257",40.35,40.85,40.00,40.85,+0.45,"1,785",
110/01/26,"1,444,157","58,682,781",40.90,40.90,40.50,40.65,-0.20,"1,195",
110/01/27,"1,522,110","61,822,736",40.70,40.80,40.50,40.65, 0.00,874,
110/01/28,"1,735,105","69,901,244",40.50,40.60,40.20,40.30,-0.35,"1,385",
110/01/29,"3,944,858","158,461,230",40.45,40.45,40.00,40.45,+0.15,"2,436",
110/02/01,"1,402,387","56,498,646",40.30,40.45,40.00,40.45, 0.00,"1,082",
110/02/02,"1,475,445","60,039,376",40.50,40.85,40.35,40.65,+0.20,"1,226",
110/02/03,"927,560","37,683,430",40.65,40.75,40.55,40.65, 0.00,599,
110/02/04,"1,098,778","44,503,366",40.50,40.65,40.45,40.60,-0.05,850,
110/02/05,"1,313,754","53,606,795",40.65,40.95,40.60,40.90,+0.30,"1,057",
110/02/17,"2,919,867","120,824,787",41.00,41.65,41.00,41.55,+0.65,"2,282",
110/02/18,"2,799,906","117,518,165",41.70,42.20,41.65,42.05,+0.50,"1,987",
110/02/19,"1,785,082","74,639,465",42.10,42.10,41.65,42.05, 0.00,"1,364",
110/02/22,"1,827,529","76,677,534",42.10,42.10,41.90,41.90,-0.15,"1,468",
110/02/23,"1,860,144","78,270,544",41.90,42.20,41.85,42.15,+0.25,"1,389",
110/02/24,"3,520,518","148,907,695",42.20,42.55,42.05,42.05,-0.10,"1,838",
110/02/25,"1,411,895","59,572,276",42.35,42.35,42.10,42.20,+0.15,"1,189",
110/02/26,"2,496,170","105,020,288",42.10,42.20,41.80,42.20, 0.00,"1,719",
110/03/02,"2,062,478","87,263,677",42.40,42.55,42.20,42.30,+0.10,"1,372",
110/03/03,"2,894,144","123,054,703",42.55,42.65,42.30,42.65,+0.35,"1,709",
110/03/04,"2,245,992","95,542,335",42.60,42.70,42.40,42.70,+0.05,"1,532",
110/03/05,"2,869,795","123,110,845",42.70,43.20,42.50,43.10,+0.40,"2,016",
110/03/08,"3,231,341","140,353,805",43.40,43.65,43.20,43.60,+0.50,"2,047",
110/03/09,"3,321,442","145,701,778",43.70,44.00,43.65,44.00,+0.40,"2,219",
110/03/10,"2,646,922","117,245,714",44.25,44.50,44.10,44.25,+0.25,"1,966",
110/03/11,"4,703,557","206,156,854",44.25,44.35,43.50,43.70,-0.55,"3,530",
110/03/12,"2,153,306","93,240,492",43.70,43.75,43.20,43.35,-0.35,"1,828",
110/03/15,"2,079,319","89,697,301",43.35,43.40,42.90,43.40,+0.05,"1,738",
110/03/16,"1,744,118","76,345,174",43.50,43.90,43.40,43.90,+0.50,"1,274",
110/03/17,"1,400,107","61,198,707",43.90,43.90,43.55,43.80,-0.10,"1,287",
110/03/18,"1,460,285","64,057,950",44.00,44.05,43.65,43.70,-0.10,"1,119",
110/03/19,"3,676,493","160,749,363",43.70,43.95,43.60,43.65,-0.05,"2,032",
110/03/22,"4,241,476","188,716,623",43.90,45.00,43.80,45.00,+1.35,"2,855",
110/03/23,"4,579,815","207,960,873",45.55,46.00,45.00,45.50,+0.50,"3,226",
110/03/24,"2,161,467","98,176,366",45.50,45.90,45.25,45.45,-0.05,"1,536",
110/03/25,"1,485,408","67,387,653",45.45,45.45,45.25,45.45, 0.00,"1,137",
110/03/26,"2,234,950","101,800,382",45.60,45.70,45.35,45.70,+0.25,"1,587",
110/03/29,"3,609,413","166,379,924",45.80,46.30,45.80,46.30,+0.60,"2,360",
110/03/30,"2,736,124","126,724,405",46.50,46.60,46.00,46.50,+0.20,"1,867",
110/03/31,"10,748,601","510,333,193",47.70,47.80,47.05,47.35,+0.85,"5,652",
110/04/01,"4,226,458","200,853,390",47.75,47.80,47.35,47.65,+0.30,"2,856",
110/04/06,"6,210,037","302,283,664",47.90,49.20,47.85,49.20,+1.55,"4,119",
110/04/07,"5,900,577","294,522,519",49.40,50.10,49.30,50.10,+0.90,"3,893",
110/04/08,"3,438,519","171,686,975",50.10,50.10,49.50,50.00,-0.10,"2,522",
110/04/09,"3,402,107","170,265,800",50.00,50.30,49.80,50.30,+0.30,"2,309",
110/04/12,"3,746,620","191,086,774",50.50,51.30,50.40,51.30,+1.00,"2,527",
110/04/13,"2,877,986","148,395,037",51.30,51.80,51.30,51.40,+0.10,"2,155",
110/04/14,"8,507,296","426,013,251",51.40,51.40,49.35,50.00,-1.40,"5,751",
110/04/15,"3,085,535","155,048,246",50.20,50.50,49.90,50.40,+0.40,"1,943",
110/04/16,"4,915,790","252,048,505",50.50,51.90,50.40,51.90,+1.50,"2,832",
110/04/19,"4,995,169","260,264,011",52.00,52.40,51.80,52.10,+0.20,"3,114",
110/04/20,"4,388,155","228,069,629",52.10,52.20,51.70,52.00,-0.10,"2,687",
110/04/21,"7,101,394","373,536,301",52.00,53.00,51.90,53.00,+1.00,"4,343",
110/04/22,"10,907,950","551,648,783",51.50,51.50,49.80,50.00,X0.00,"7,630",
110/04/23,"7,769,077","378,488,794",49.85,49.85,48.30,48.50,-1.50,"6,220",
110/04/26,"4,547,858","218,194,058",48.40,48.40,47.50,48.35,-0.15,"3,734",
110/04/27,"2,724,001","130,679,333",48.35,48.35,47.75,48.00,-0.35,"2,273",
110/04/28,"4,804,917","235,176,102",48.00,49.50,47.85,49.45,+1.45,"2,946",
110/04/29,"3,220,088","157,899,369",49.50,49.60,48.70,49.25,-0.20,"2,420",
110/05/03,"2,581,667","125,361,846",49.05,49.10,48.30,48.40,-0.85,"2,322",
110/05/04,"5,204,869","247,348,160",48.60,48.80,46.80,47.40,-1.00,"4,291",
110/05/05,"1,616,760","76,934,713",47.20,47.90,46.70,47.60,+0.20,"1,527",
110/05/06,"2,521,936","118,587,871",47.60,48.40,47.30,48.00,+0.40,"1,443",
110/05/07,"1,467,598","71,047,700",48.40,49.00,48.10,48.35,+0.35,"1,121",
110/05/10,"1,386,704","67,347,084",48.50,48.85,48.25,48.70,+0.35,"1,162",
110/05/11,"4,343,536","212,243,252",48.80,49.50,48.05,48.95,+0.25,"2,879",
110/05/12,"8,786,520","405,616,020",48.95,48.95,44.30,45.60,-3.35,"7,290",
110/05/13,"6,454,521","296,879,578",45.00,47.00,44.30,46.05,+0.45,"3,933",
110/05/14,"2,724,820","127,298,796",46.60,47.25,46.10,46.75,+0.70,"2,144",
110/05/17,"5,775,995","261,854,719",44.60,46.60,44.60,45.50,-1.25,"4,104",
110/05/18,"2,842,480","131,352,760",45.50,46.80,45.30,46.75,+1.25,"1,883",
110/05/19,"1,574,448","73,457,054",46.50,47.00,46.20,46.90,+0.15,"1,205",
110/05/20,"2,028,823","95,362,745",46.90,47.25,46.60,47.00,+0.10,"1,625",
110/05/21,"1,342,886","63,716,278",47.45,47.85,47.05,47.65,+0.65,"1,105",
110/05/24,"1,423,021","67,634,468",47.60,47.85,47.20,47.55,-0.10,"1,202",
110/05/25,"1,203,834","57,480,629",47.90,47.95,47.60,47.70,+0.15,988,
110/05/26,"878,563","41,874,192",47.80,47.85,47.20,47.85,+0.15,852,
110/05/27,"1,411,572","67,462,559",47.90,48.00,47.40,48.00,+0.15,905,
110/05/28,"2,412,051","117,341,232",48.30,49.00,48.05,49.00,+1.00,"1,790",
110/05/31,"2,849,090","138,295,740",49.00,49.00,48.10,48.30,-0.70,"2,468",
110/06/01,"1,664,930","80,097,362",48.55,48.55,48.00,48.20,-0.10,"1,664",
110/06/02,"2,119,283","102,130,020",48.40,48.60,47.85,48.60,+0.40,"1,829",
110/06/03,"952,663","46,219,918",48.60,48.70,48.35,48.50,-0.10,843,
110/06/04,"1,640,164","78,700,235",48.40,48.40,47.85,47.90,-0.60,"1,846",
110/06/07,"1,159,663","55,521,604",48.00,48.15,47.40,48.05,+0.15,"1,065",
110/06/08,"802,114","38,480,682",48.30,48.30,47.80,47.95,-0.10,809,
110/06/09,"730,351","34,950,564",47.95,47.95,47.70,47.90,-0.05,650,
110/06/10,"982,313","47,096,682",48.00,48.10,47.75,48.00,+0.10,811,
110/06/11,"745,415","35,838,229",48.30,48.30,47.95,48.10,+0.10,669,
110/06/15,"2,758,244","134,139,595",48.30,49.00,48.10,49.00,+0.90,"1,906",
110/06/16,"1,355,228","66,109,249",49.00,49.05,48.50,49.00, 0.00,"1,354",
110/06/17,"1,450,963","71,163,384",49.25,49.25,48.75,49.10,+0.10,"1,103",
110/06/18,"1,924,364","94,778,683",49.30,49.45,48.90,49.45,+0.35,"1,335",
110/06/21,"1,704,583","83,560,776",49.20,49.45,48.70,48.95,-0.50,"1,412",
110/06/22,"821,318","40,283,318",49.45,49.45,48.90,49.00,+0.05,836,
110/06/23,"1,608,642","79,062,841",49.00,49.45,48.80,49.45,+0.45,"1,354",
110/06/24,"1,593,290","78,731,716",49.45,49.60,49.05,49.60,+0.15,"1,179",
110/06/25,"2,932,561","146,804,488",49.75,50.30,49.60,50.20,+0.60,"2,080",
110/06/28,"2,735,857","138,916,864",50.40,51.20,50.10,51.10,+0.90,"2,214",
110/06/29,"2,000,311","101,592,049",51.50,51.50,50.40,50.80,-0.30,"1,714",
110/06/30,"3,419,399","171,746,837",50.90,50.90,50.00,50.00,-0.80,"1,903",
110/07/01,"1,785,828","90,175,628",50.10,50.80,49.65,50.70,+0.70,"1,542",
110/07/02,"916,838","46,372,982",50.90,50.90,50.40,50.50,-0.20,970,
110/07/05,"1,053,371","53,040,273",50.30,50.50,50.20,50.50, 0.00,"1,144",
110/07/06,"948,563","47,820,217",50.50,50.70,50.20,50.60,+0.10,904,
110/07/07,"941,840","47,488,859",50.60,50.60,50.20,50.50,-0.10,931,
110/07/08,"852,989","43,028,593",50.50,50.60,50.30,50.60,+0.10,829,
110/07/09,"1,201,570","60,618,568",50.70,50.70,50.30,50.60, 0.00,"1,000",
110/07/12,"1,731,059","88,219,950",51.60,51.60,50.50,50.80,+0.20,"1,220",
110/07/13,"1,518,847","77,305,866",51.00,51.20,50.60,50.90,+0.10,"1,203",
110/07/14,"866,812","44,125,136",51.10,51.10,50.70,50.90, 0.00,884,
110/07/15,"2,005,049","103,092,727",50.90,51.90,50.90,51.70,+0.80,"1,724",
110/07/16,"2,644,548","137,405,340",51.50,52.60,51.30,51.40,-0.30,"2,240",
110/07/19,"1,277,793","65,864,249",51.50,52.00,51.10,52.00,+0.60,"1,161",
110/07/20,"1,807,578","93,939,656",51.90,52.30,51.30,52.10,+0.10,"1,487",
110/07/21,"3,056,945","160,582,882",52.40,52.80,51.90,52.70,+0.60,"2,077",
110/07/22,"2,439,765","128,678,375",52.90,53.10,52.20,52.70, 0.00,"1,597",
110/07/23,"918,640","48,260,870",53.00,53.00,52.30,52.60,-0.10,873,
110/07/26,"946,586","49,804,572",53.00,53.00,52.40,52.60, 0.00,929,
110/07/27,"2,636,517","139,966,194",52.60,53.50,52.30,53.40,+0.80,"1,954",
110/07/28,"2,006,089","105,929,176",53.40,53.40,52.00,52.70,-0.70,"1,656",
110/07/29,"1,019,398","54,035,372",52.80,53.20,52.70,53.20,+0.50,972,
110/07/30,"1,539,349","81,000,615",52.60,53.10,52.50,52.50,-0.70,"1,013",
110/08/02,"1,262,312","65,930,923",52.50,52.70,51.90,52.30,-0.20,"1,149",
110/08/03,"773,910","40,618,480",52.30,52.80,52.30,52.80,+0.50,691,
110/08/04,"661,888","34,777,410",53.00,53.00,52.30,52.40,-0.40,720,
110/08/05,"689,141","36,072,502",52.40,52.60,52.10,52.40, 0.00,849,
110/08/06,"1,336,523","69,450,158",52.60,52.60,51.70,51.90,-0.50,"1,341",
110/08/09,"1,428,895","73,370,951",51.70,51.80,50.80,51.20,-0.70,"1,433",
110/08/10,"1,084,318","55,391,475",51.20,51.50,50.70,51.00,-0.20,"1,268",
110/08/11,"1,125,351","57,436,149",51.00,51.50,50.70,50.90,-0.10,"1,110",
110/08/12,"873,599","44,604,075",50.90,51.30,50.80,51.20,+0.30,835,
110/08/13,"814,236","41,728,461",51.60,51.60,51.10,51.20, 0.00,822,
110/08/16,"1,777,443","90,688,790",51.00,51.50,50.70,50.90,-0.30,"1,509",
110/08/17,"1,059,990","53,882,265",51.20,51.20,50.60,50.70,-0.20,"1,034",
110/08/18,"1,668,998","83,801,196",50.70,50.80,49.85,50.80,+0.10,"1,683",
110/08/19,"1,610,209","80,627,271",50.80,50.80,49.90,49.90,-0.90,"1,858",
110/08/20,"1,224,208","60,983,724",49.90,50.00,49.60,49.80,-0.10,"1,339",
110/08/23,"908,704","45,914,063",50.10,50.80,50.10,50.60,+0.80,826,
110/08/24,"869,700","44,183,012",51.00,51.00,50.60,50.80,+0.20,745,
110/08/25,"1,143,347","58,862,417",51.00,51.90,51.00,51.60,+0.80,927,
110/08/26,"881,034","45,236,178",51.70,51.80,51.00,51.40,-0.20,956,
110/08/27,"2,421,323","126,500,784",51.40,52.90,51.40,52.80,+1.40,"1,768",
110/08/30,"1,027,777","54,047,071",52.80,52.80,52.40,52.70,-0.10,961,
110/08/31,"981,510","51,636,408",52.80,52.90,52.20,52.60,-0.10,856,
110/09/01,"1,379,303","72,891,452",52.60,53.20,52.50,52.60, 0.00,"1,086",
110/09/02,"806,951","42,381,008",52.60,52.90,52.20,52.40,-0.20,909,
110/09/03,"879,855","46,321,062",52.40,52.90,52.20,52.90,+0.50,854,
110/09/06,"1,137,356","60,273,012",53.00,53.20,52.70,53.00,+0.10,"1,096",
110/09/07,"2,759,430","148,118,313",53.50,54.30,52.90,54.30,+1.30,"2,112",
110/09/08,"6,632,861","371,005,778",54.60,57.00,54.50,55.60,+1.30,"4,680",
110/09/09,"3,574,476","200,700,537",55.60,56.80,55.10,56.50,+0.90,"2,359",
110/09/10,"3,464,239","197,583,743",56.70,57.80,56.30,57.70,+1.20,"2,592",
110/09/13,"3,615,673","211,837,530",57.90,59.00,57.70,59.00,+1.30,"2,845",
110/09/14,"3,744,014","223,213,700",59.20,60.00,58.40,60.00,+1.00,"2,868",
110/09/15,"4,968,869","301,603,404",60.00,61.20,59.60,61.20,+1.20,"3,664",
110/09/16,"6,400,259","399,473,798",61.60,63.30,61.40,62.50,+1.30,"4,479",
110/09/17,"15,056,958","887,178,929",62.70,62.80,57.40,57.40,-5.10,"12,002",
110/09/22,"8,175,909","478,767,468",56.50,59.60,55.40,59.00,+1.60,"5,354",
110/09/23,"5,690,030","339,177,783",60.00,60.20,58.80,60.00,+1.00,"3,908",
110/09/24,"7,578,562","426,367,121",55.50,57.80,55.40,56.00,X0.00,"6,360",
110/09/27,"4,929,738","270,883,446",56.10,56.10,54.50,54.60,-1.40,"5,456",
110/09/28,"2,184,334","119,319,870",54.70,55.00,54.00,54.70,+0.10,"2,139",
110/09/29,"2,231,212","121,624,195",54.30,54.90,53.80,54.50,-0.20,"2,144",
110/09/30,"2,159,878","119,567,868",54.70,56.00,54.30,56.00,+1.50,"1,794",
110/10/01,"2,973,834","163,479,268",56.00,56.00,54.60,54.90,-1.10,"3,022",
110/10/04,"1,744,314","94,750,770",54.80,55.00,54.00,54.20,-0.70,"2,028",
110/10/05,"1,623,563","87,848,210",53.90,54.70,53.50,54.60,+0.40,"1,720",
110/10/06,"1,381,760","75,863,787",55.40,55.40,54.50,54.80,+0.20,"1,421",
110/10/07,"1,712,446","95,337,130",55.10,56.00,54.80,55.90,+1.10,"1,462",
110/10/08,"1,473,405","82,640,272",56.00,56.50,55.50,56.10,+0.20,"1,258",
110/10/12,"2,835,920","155,635,306",55.60,55.80,54.50,54.60,-1.50,"3,141",
110/10/13,"1,163,756","63,707,225",55.00,55.20,54.50,54.60, 0.00,"1,205",
110/10/14,"1,263,692","68,644,620",54.80,55.10,54.00,54.20,-0.40,"1,639",
110/10/15,"1,160,679","63,057,256",54.50,54.60,54.10,54.50,+0.30,"1,297",
110/10/18,"1,087,140","59,553,940",54.50,55.10,54.30,54.90,+0.40,"1,032",
110/10/19,"1,214,564","67,326,972",54.90,56.00,54.80,56.00,+1.10,914,
110/10/20,"2,400,374","133,813,325",56.10,57.00,55.20,56.30,+0.30,"1,805",
110/10/21,"2,434,097","135,718,930",56.50,56.50,55.50,55.50,-0.80,"1,272",
110/10/22,"1,386,510","76,840,575",55.60,55.90,55.10,55.20,-0.30,"2,058",
110/10/25,"923,838","50,837,787",55.20,55.20,54.60,55.20, 0.00,"1,530",
110/10/26,"1,323,217","73,405,374",55.20,55.90,55.10,55.70,+0.50,"1,530",
110/10/27,"1,102,262","61,377,564",55.90,56.00,55.50,55.50,-0.20,"1,194",
110/10/28,"721,325","40,046,574",55.50,55.90,55.20,55.90,+0.40,963,
110/10/29,"1,758,224","98,009,741",55.80,55.80,55.50,55.80,-0.10,"1,015",
110/11/01,"824,056","45,975,508",55.90,56.00,55.60,55.80, 0.00,"1,085",
110/11/02,"6,463,579","372,669,654",56.00,59.10,56.00,59.10,+3.30,"5,412",
110/11/03,"4,232,667","245,410,463",59.10,59.10,57.20,58.20,-0.90,"6,784",
110/11/04,"1,921,490","111,202,737",58.00,58.50,57.50,57.80,-0.40,"1,767",
110/11/05,"1,556,801","89,386,757",58.00,58.00,57.20,57.30,-0.50,"2,108",
110/11/08,"1,682,454","96,258,960",57.80,57.80,57.00,57.20,-0.10,"1,655",
110/11/09,"1,418,870","81,152,506",57.20,57.70,56.90,57.70,+0.50,"1,342",
110/11/10,"2,686,563","153,018,966",57.90,57.90,56.50,56.80,-0.90,"3,137",
110/11/11,"987,017","56,277,753",56.80,57.40,56.60,57.40,+0.60,"1,082",
110/11/12,"2,085,029","121,282,109",57.50,58.80,57.20,58.80,+1.40,"1,943",
110/11/15,"2,566,901","148,450,872",58.50,58.50,57.50,57.80,-1.00,"3,242",
110/11/16,"1,244,912","71,987,898",57.60,58.00,57.60,58.00,+0.20,"1,355",
110/11/17,"1,078,256","62,244,528",58.00,58.10,57.60,57.80,-0.20,"1,539",
110/11/18,"1,009,448","58,376,516",57.80,58.20,57.60,57.90,+0.10,"1,120",
110/11/19,"1,639,372","94,123,924",58.00,58.10,57.20,57.30,-0.60,"2,108",
110/11/22,"1,331,966","75,824,921",57.20,57.30,56.70,57.00,-0.30,"1,890",
110/11/23,"1,080,789","61,263,381",57.00,57.00,56.50,56.70,-0.30,"1,632",
110/11/24,"721,159","41,033,920",56.60,57.20,56.60,56.80,+0.10,940,
110/11/25,"652,603","37,119,603",57.00,57.00,56.70,57.00,+0.20,950,
110/11/26,"1,549,495","87,611,669",56.80,57.00,56.40,56.50,-0.50,"2,193",
110/11/29,"1,574,927","88,473,851",56.00,56.50,55.80,56.10,-0.40,"1,916",
110/11/30,"1,446,377","82,233,893",56.20,57.50,56.20,57.50,+1.40,"1,427",
110/12/01,"1,237,791","70,757,728",57.30,57.50,56.80,57.50, 0.00,"1,265",
110/12/02,"542,195","30,949,426",57.30,57.30,56.90,57.20,-0.30,904,
110/12/03,"678,158","38,662,318",57.10,57.20,56.90,57.00,-0.20,962,
110/12/06,"535,262","30,462,428",57.00,57.00,56.70,56.90,-0.10,"1,008",
110/12/07,"679,347","38,669,461",56.90,57.30,56.70,57.30,+0.40,940,
110/12/08,"666,722","38,224,100",57.70,57.70,57.10,57.40,+0.10,924,
110/12/09,"546,429","31,373,690",57.60,57.80,57.20,57.40, 0.00,779,
110/12/10,"978,674","56,222,586",57.40,57.80,57.20,57.50,+0.10,"1,122",
110/12/13,"1,517,679","87,961,202",58.00,58.50,57.70,57.70,+0.20,"1,425",
110/12/14,"1,136,293","65,184,474",57.60,57.60,57.00,57.40,-0.30,"1,504",
110/12/15,"512,719","29,492,247",57.40,57.70,57.20,57.70,+0.30,791,
110/12/16,"808,121","46,747,372",57.70,58.00,57.60,58.00,+0.30,"1,033",
110/12/17,"1,804,558","104,028,103",58.00,58.40,57.40,57.40,-0.60,"1,326",
110/12/20,"763,911","44,111,633",57.60,58.10,57.50,57.80,+0.40,"1,010",
110/12/21,"727,834","42,153,555",57.80,58.00,57.50,58.00,+0.20,919,
110/12/22,"1,579,951","92,372,826",58.00,58.80,58.00,58.70,+0.70,"1,562",
110/12/23,"2,553,405","151,927,129",58.70,60.20,58.60,59.80,+1.10,"2,286",
110/12/24,"1,693,702","101,517,104",60.00,60.30,59.60,59.80, 0.00,"1,966",
110/12/27,"2,076,474","125,419,472",60.00,61.00,59.80,61.00,+1.20,"2,588",
110/12/28,"2,611,860","161,537,261",61.00,62.40,60.70,62.20,+1.20,"2,719",
110/12/29,"2,245,158","139,461,224",62.80,62.80,61.60,62.00,-0.20,"3,817",
110/12/30,"2,425,182","149,723,763",61.90,62.20,61.10,61.90,-0.10,"2,810",
111/01/03,"985,200","60,801,865",61.50,62.20,61.50,61.60,-0.30,"1,574",
111/01/04,"2,469,488","150,048,295",61.60,61.60,60.40,60.40,-1.20,"4,805",
111/01/05,"1,197,028","72,380,447",60.40,61.00,60.00,60.50,+0.10,"1,523",
111/01/06,"1,349,397","81,658,631",60.10,61.10,60.00,60.90,+0.40,"1,266",
111/01/07,"1,464,996","89,120,307",61.00,61.40,60.50,60.90, 0.00,"1,446",
111/01/10,"1,955,094","118,318,790",60.90,61.00,60.10,60.80,-0.10,"2,164",
111/01/11,"2,037,363","123,689,949",60.90,61.60,60.40,60.50,-0.30,"2,107",
111/01/12,"1,399,282","85,049,517",61.20,61.50,60.40,61.50,+1.00,"1,394",
111/01/13,"2,346,402","145,470,318",61.50,62.50,61.20,62.30,+0.80,"1,976",
111/01/14,"2,077,416","128,868,755",62.30,63.20,61.40,61.60,-0.70,"2,090",
111/01/17,"1,938,494","120,739,942",61.60,62.90,61.40,62.20,+0.60,"2,081",
111/01/18,"1,665,267","103,389,804",62.20,62.50,61.80,61.80,-0.40,"1,625",
111/01/19,"1,837,858","113,563,882",61.80,62.20,61.50,61.50,-0.30,"2,043",
111/01/20,"1,830,130","113,088,293",61.60,62.50,61.50,61.50, 0.00,"1,566",
111/01/21,"1,452,419","89,348,480",61.70,62.00,61.00,61.30,-0.20,"1,955",
111/01/24,"1,977,866","120,240,029",61.00,61.30,60.40,61.20,-0.10,"2,368",
111/01/25,"1,761,725","107,104,649",61.10,61.20,60.50,61.20, 0.00,"2,315",
111/01/26,"1,411,974","86,472,801",61.20,61.90,61.00,61.10,-0.10,"1,743",
111/02/07,"2,069,740","126,379,647",61.10,61.40,60.70,61.30,+0.20,"2,376",
111/02/08,"1,874,376","116,112,505",61.30,62.30,61.30,62.20,+0.90,"1,833",
111/02/09,"4,191,881","266,849,476",62.40,64.40,62.40,64.40,+2.20,"3,467",
111/02/10,"4,283,179","281,721,499",64.40,66.50,64.00,66.30,+1.90,"4,175",
111/02/11,"3,501,181","232,776,205",66.90,67.50,65.50,66.30, 0.00,"4,347",
111/02/14,"2,622,648","173,825,581",66.20,67.00,65.50,66.90,+0.60,"2,919",
111/02/15,"3,519,954","237,610,781",66.80,68.70,66.60,67.20,+0.30,"4,691",
111/02/16,"3,092,045","207,794,391",67.20,67.90,66.90,67.50,+0.30,"2,732",
111/02/17,"1,711,251","115,656,596",67.80,68.00,67.20,67.80,+0.30,"1,694",
111/02/18,"1,397,947","94,193,050",67.50,67.70,67.00,67.60,-0.20,"1,958",
111/02/21,"1,457,499","98,213,305",67.30,67.70,67.00,67.60, 0.00,"1,448",
111/02/22,"2,834,785","190,920,815",67.60,68.20,66.60,67.20,-0.40,"2,531",
111/02/23,"1,663,842","112,816,712",67.00,68.20,66.90,68.20,+1.00,"1,475",
111/02/24,"5,340,346","361,140,543",67.80,69.60,66.60,66.90,-1.30,"5,438",
111/02/25,"1,741,847","116,982,632",67.10,67.70,66.90,67.00,+0.10,"2,175",
111/03/01,"2,350,349","160,797,442",67.50,69.00,67.50,68.80,+1.80,"2,075",
111/03/02,"6,357,155","451,854,668",68.80,72.50,68.20,71.80,+3.00,"5,477",
111/03/03,"6,168,972","447,373,999",72.20,74.00,71.50,72.10,+0.30,"5,789",
111/03/04,"3,001,521","214,109,545",71.60,72.50,70.60,70.90,-1.20,"4,898",
111/03/07,"4,684,097","323,715,109",70.30,70.30,68.30,68.90,-2.00,"5,873",
111/03/08,"6,008,348","402,265,020",67.70,68.80,65.50,65.80,-3.10,"7,587",
111/03/09,"2,707,269","180,725,775",66.40,67.40,66.00,67.00,+1.20,"2,993",
111/03/10,"11,508,791","746,754,557",66.50,66.50,64.00,65.20,-1.80,"11,689",
111/03/11,"8,612,042","546,799,414",65.00,65.20,62.40,63.60,-1.60,"9,397",
111/03/14,"2,925,609","187,221,672",63.30,64.40,63.30,64.20,+0.60,"2,929",
111/03/15,"1,866,499","118,759,339",64.30,64.30,63.20,63.40,-0.80,"2,745",
111/03/16,"3,105,023","195,025,527",63.80,64.00,62.20,62.80,-0.60,"3,573",
111/03/17,"2,235,334","142,122,018",63.50,64.30,63.20,63.40,+0.60,"2,130",
111/03/18,"4,859,972","304,037,931",63.40,63.60,62.10,62.10,-1.30,"4,063",
111/03/21,"2,802,852","178,330,308",62.30,64.30,62.30,64.00,+1.90,"2,549",
111/03/22,"2,768,016","179,563,947",64.00,65.10,63.70,65.00,+1.00,"2,443",
111/03/23,"2,250,018","146,029,475",65.50,65.60,64.50,64.90,-0.10,"2,605",
111/03/24,"1,247,435","80,578,974",64.50,64.80,64.40,64.80,-0.10,"1,327",
111/03/25,"1,746,145","112,195,397",64.80,64.80,64.00,64.20,-0.60,"2,114",
111/03/28,"1,272,971","81,420,575",64.00,64.60,63.30,64.60,+0.40,"1,496",
111/03/29,"1,164,022","74,841,817",64.10,64.60,63.90,64.10,-0.50,"1,456",
111/03/30,"973,383","62,705,644",64.70,64.70,64.10,64.40,+0.30,"1,166",
111/03/31,"1,368,459","88,045,965",64.70,64.70,64.20,64.20,-0.20,"1,096",
111/04/01,"1,929,504","122,818,241",64.00,64.00,63.30,63.60,-0.60,"2,451",
111/04/06,"2,815,074","182,406,243",63.40,65.60,62.90,65.50,+1.90,"2,284",
111/04/07,"4,093,582","271,264,267",65.50,67.30,65.00,66.00,+0.50,"3,709",
111/04/08,"1,845,709","122,268,998",66.00,66.60,65.60,66.50,+0.50,"1,629",
111/04/11,"2,207,178","147,628,290",67.10,67.50,66.30,66.70,+0.20,"2,287",
111/04/12,"2,246,267","147,560,112",66.20,66.40,65.00,65.20,-1.50,"2,618",
111/04/13,"1,221,133","80,251,749",65.20,66.20,65.20,66.10,+0.90,"1,260",
111/04/14,"1,975,375","131,235,091",66.60,66.70,65.80,66.20,+0.10,"1,087",
111/04/15,"2,615,794","174,242,133",66.00,67.40,65.70,67.00,+0.80,"2,298",
111/04/18,"2,644,504","175,572,056",67.50,67.70,65.60,65.60,-1.40,"2,681",
111/04/19,"1,950,041","128,151,213",65.60,66.20,65.40,65.90,+0.30,"1,622",
111/04/20,"3,294,784","216,437,265",65.90,66.60,65.10,65.90, 0.00,"3,093",
111/04/21,"3,001,101","192,497,559",64.70,64.90,63.80,63.80,X0.00,"3,416",
111/04/22,"4,275,410","266,324,346",63.30,63.30,62.00,62.20,-1.60,"5,491",
111/04/25,"4,504,659","270,750,098",61.00,61.30,59.80,59.80,-2.40,"5,606",
111/04/26,"4,867,091","285,223,955",59.70,60.00,57.70,58.30,-1.50,"6,879",
111/04/27,"6,666,971","376,665,321",57.50,58.00,55.80,55.80,-2.50,"7,104",
111/04/28,"2,880,463","161,615,452",55.50,56.80,55.50,55.90,+0.10,"3,228",
111/04/29,"3,183,033","179,718,366",56.30,57.60,55.90,56.20,+0.30,"3,114",
111/05/03,"2,803,836","155,315,251",56.20,56.20,54.80,55.80,-0.40,"3,087",
111/05/04,"1,940,065","108,790,519",55.80,56.60,55.20,56.10,+0.30,"1,788",
111/05/05,"1,580,510","89,599,437",56.50,57.30,56.40,56.60,+0.50,"1,951",
111/05/06,"2,438,614","134,989,223",55.50,55.70,55.20,55.20,-1.40,"3,200",
111/05/09,"4,276,704","230,020,783",55.00,55.10,53.20,53.30,-1.90,"5,712",
111/05/10,"2,722,524","145,579,908",53.30,54.20,52.70,53.90,+0.60,"2,556",
111/05/11,"1,498,345","80,200,353",54.00,54.40,53.20,53.20,-0.70,"2,119",
111/05/12,"2,941,512","154,072,228",53.00,53.20,52.00,52.00,-1.20,"3,603",
111/05/13,"2,387,779","124,975,417",52.00,53.00,51.90,52.70,+0.70,"2,023",
111/05/16,"1,714,952","92,038,115",53.80,54.60,53.00,53.60,+0.90,"1,877",
111/05/17,"1,138,787","60,778,022",53.60,53.80,53.00,53.50,-0.10,"1,549",
111/05/18,"1,329,196","72,236,423",53.50,54.90,53.50,54.50,+1.00,"1,528",
111/05/19,"3,106,924","170,363,549",53.80,55.70,53.50,55.20,+0.70,"2,516",
111/05/20,"1,946,346","105,919,791",54.40,54.80,53.80,54.60,-0.60,"2,473",
111/05/23,"1,241,406","67,772,314",54.80,55.00,54.30,54.60, 0.00,"1,417",
111/05/24,"976,166","52,812,463",54.60,54.60,53.80,53.90,-0.70,"1,613",
111/05/25,"1,511,394","83,065,068",54.10,55.50,54.10,55.10,+1.20,"1,440",
111/05/26,"1,795,341","100,973,136",55.50,56.70,55.40,56.00,+0.90,"1,807",
111/05/27,"893,340","49,966,526",56.10,56.20,55.70,56.00, 0.00,"1,010",
111/05/30,"1,163,186","66,402,503",56.60,57.40,56.30,57.30,+1.30,"1,281",
111/05/31,"2,466,159","141,924,301",57.50,57.90,56.70,57.70,+0.40,"1,419",
111/06/01,"591,475","33,973,126",57.80,57.80,57.20,57.50,-0.20,917,
111/06/02,"2,453,942","137,311,796",57.10,57.10,55.40,55.90,-1.60,"2,995",
111/06/06,"1,228,547","68,637,571",56.10,56.50,55.30,56.10,+0.20,"1,518",
111/06/07,"1,054,158","59,908,871",56.20,57.10,56.10,57.00,+0.90,"1,037",
111/06/08,"2,191,453","127,260,779",57.30,58.50,57.30,58.40,+1.40,"1,839",
111/06/09,"1,094,702","63,273,187",58.40,58.40,57.50,57.70,-0.70,"1,509",
111/06/10,"1,045,475","59,524,483",57.00,57.30,56.50,57.30,-0.40,"1,433",
111/06/13,"1,632,878","91,342,674",56.10,56.50,55.70,55.90,-1.40,"2,236",
111/06/14,"944,109","52,359,780",55.20,55.90,54.90,55.90, 0.00,"1,148",
111/06/15,"987,737","55,079,321",55.80,56.00,55.50,55.80,-0.10,"1,258",
111/06/16,"1,377,122","76,735,034",56.30,56.60,55.00,55.10,-0.70,"1,538",
111/06/17,"1,588,642","86,323,864",54.00,54.80,54.00,54.30,-0.80,"1,776",
111/06/20,"985,062","53,449,036",54.20,54.70,54.00,54.00,-0.30,"1,328",
111/06/21,"1,641,751","91,305,581",54.30,56.20,54.30,56.10,+2.10,"1,357",
111/06/22,"946,709","52,531,827",56.20,56.50,54.80,55.30,-0.80,"1,730",
111/06/23,"1,220,080","68,122,800",55.70,56.70,55.00,56.00,+0.70,"1,201",
111/06/24,"1,589,196","90,376,972",56.60,57.40,56.40,56.90,+0.90,"1,585",
111/06/27,"1,045,344","59,972,297",57.50,57.90,56.80,57.10,+0.20,"1,326",
111/06/28,"524,540","29,852,664",57.60,57.80,56.50,57.00,-0.10,757,
111/06/29,"562,845","31,929,873",56.70,57.10,56.30,57.00, 0.00,756,
111/06/30,"1,519,921","85,158,915",57.00,57.00,55.60,56.10,-0.90,"1,226",
111/07/01,"1,057,599","58,258,804",56.30,56.30,54.60,54.70,-1.40,"1,548",
111/07/04,"1,128,335","61,814,975",54.70,55.30,54.10,55.00,+0.30,"1,160",
111/07/05,"946,532","53,041,753",56.20,56.80,55.30,56.40,+1.40,969,
111/07/06,"1,087,031","60,665,925",56.70,56.90,55.40,55.40,-1.00,"1,250",
111/07/07,"961,318","53,197,409",55.20,55.80,54.70,55.40, 0.00,"1,028",
111/07/08,"1,226,091","67,262,672",55.50,55.90,54.30,54.60,-0.80,"1,566",
111/07/11,"793,564","43,449,602",55.00,55.30,54.20,54.90,+0.30,996,
111/07/12,"964,149","52,626,961",55.80,55.80,54.10,54.10,-0.80,"1,230",
111/07/13,"1,716,601","94,519,797",54.70,55.90,54.30,55.50,+1.40,"1,443",
111/07/14,"751,476","41,327,459",55.60,55.60,54.60,54.90,-0.60,926,
111/07/15,"633,917","34,659,370",55.20,55.20,54.50,54.50,-0.40,953,
111/07/18,"745,848","40,700,838",54.50,55.00,54.20,54.60,+0.10,857,
111/07/19,"639,923","35,441,213",54.90,55.90,54.70,55.90,+1.30,736,
111/07/20,"1,306,721","73,624,046",56.60,57.00,55.70,55.90, 0.00,"1,436",
111/07/21,"555,367","30,961,502",56.00,56.10,55.50,55.90, 0.00,612,
111/07/22,"1,157,190","65,268,846",56.10,56.70,55.70,56.60,+0.70,969,
111/07/25,"1,251,210","71,425,339",56.80,57.50,56.30,57.40,+0.80,"1,767",
111/07/26,"1,591,539","92,048,687",57.80,58.10,57.20,58.00,+0.60,"1,971",
111/07/27,"1,298,453","75,176,819",58.00,58.40,57.40,58.40,+0.40,"2,091",
111/07/28,"1,112,583","64,778,878",58.50,58.80,57.80,58.20,-0.20,"1,620",
111/07/29,"2,469,239","146,362,096",58.00,59.90,58.00,59.90,+1.70,"1,783",
111/08/01,"1,821,870","107,901,579",59.60,60.00,58.80,58.90,-1.00,"2,353",
111/08/02,"2,157,803","125,957,000",59.00,59.10,57.80,58.50,-0.40,"1,928",
111/08/03,"2,470,330","141,146,556",58.50,58.50,56.60,57.10,-1.40,"2,626",
111/08/04,"1,986,946","111,407,670",56.60,57.00,55.30,56.40,-0.70,"2,561",
111/08/05,"1,441,485","82,265,797",56.40,57.70,56.20,57.60,+1.20,975,
111/08/08,"715,473","40,683,573",57.60,57.60,56.60,56.90,-0.70,"1,147",
111/08/09,"570,138","32,397,105",56.40,57.30,56.40,57.00,+0.10,773,
111/08/10,"666,298","37,762,545",57.00,57.10,56.50,56.50,-0.50,"1,124",
111/08/11,"532,581","30,399,908",57.00,57.50,56.60,57.40,+0.90,609,
111/08/12,"733,016","42,387,073",57.50,58.10,57.40,57.70,+0.30,860,
111/08/15,"2,176,107","129,241,225",58.30,59.90,58.30,59.80,+2.10,"2,052",
111/08/16,"989,900","58,871,314",60.20,60.20,59.00,59.40,-0.40,"2,447",
111/08/17,"794,392","47,204,573",59.80,59.90,59.10,59.20,-0.20,"1,181",
111/08/18,"560,295","33,186,101",59.50,59.50,58.80,59.30,+0.10,646,
111/08/19,"578,957","34,265,868",59.40,59.50,58.90,59.30, 0.00,713,
111/08/22,"739,202","43,889,998",59.30,59.70,59.00,59.50,+0.20,906,
111/08/23,"642,791","38,212,253",59.60,59.70,59.00,59.70,+0.20,654,
111/08/24,"1,404,844","84,594,460",59.90,60.80,59.70,59.90,+0.20,"1,179",
111/08/25,"980,905","59,209,248",60.60,60.60,60.00,60.20,+0.30,"1,076",
111/08/26,"1,512,752","90,386,757",60.60,60.60,59.40,59.60,-0.60,"1,774",
111/08/29,"2,103,207","123,284,704",58.30,59.40,58.10,58.80,-0.80,"2,328",
111/08/30,"1,303,319","74,125,666",57.10,57.20,56.50,56.90,X0.00,"1,456",
111/08/31,"972,721","55,342,206",57.10,57.20,56.60,57.00,+0.10,"1,143",
111/09/01,"864,327","48,716,116",56.80,56.80,56.10,56.50,-0.50,"1,544",
111/09/02,"344,151","19,409,056",56.80,56.80,56.20,56.20,-0.30,640,
111/09/05,"592,985","33,245,485",56.30,56.50,55.80,56.00,-0.20,970,
111/09/06,"498,399","27,868,159",56.30,56.30,55.70,55.70,-0.30,956,
111/09/07,"1,550,120","85,107,826",55.70,55.70,54.60,54.60,-1.10,"2,754",
111/09/08,"801,495","44,149,904",54.90,55.70,54.60,55.70,+1.10,981,
111/09/12,"1,080,434","59,901,840",55.80,55.90,55.20,55.30,-0.40,"1,855",
111/09/13,"809,478","44,863,440",55.70,55.80,55.10,55.40,+0.10,"1,133",
111/09/14,"902,793","49,504,627",55.00,55.00,54.60,54.70,-0.70,"1,496",
111/09/15,"1,037,898","56,737,288",54.70,55.00,54.50,54.80,+0.10,"1,542",
111/09/16,"3,170,820","172,301,226",54.80,54.80,54.10,54.30,-0.50,"1,327",
111/09/19,"1,138,893","61,668,271",54.70,54.80,53.90,53.90,-0.40,"1,557",
111/09/20,"804,131","43,414,147",54.10,54.40,53.50,54.30,+0.40,"1,041",
111/09/21,"1,170,242","63,060,123",54.00,54.80,53.50,53.60,-0.70,"1,783",
111/09/22,"970,677","51,831,330",53.60,54.30,52.90,54.20,+0.60,"1,414",
111/09/23,"731,203","39,600,582",54.30,54.50,53.90,54.20, 0.00,927,
111/09/26,"1,494,356","79,108,334",54.10,54.10,52.60,52.60,-1.60,"3,279",
111/09/27,"867,440","45,455,924",52.60,53.00,52.00,52.70,+0.10,"1,526",
111/09/28,"1,693,384","87,411,935",52.90,52.90,51.10,51.10,-1.60,"2,918",
111/09/29,"1,295,195","66,404,777",51.80,51.80,50.90,51.20,+0.10,"1,510",
111/09/30,"2,006,499","101,091,042",50.90,51.00,49.70,50.70,-0.50,"2,013",
111/10/03,"1,616,591","80,742,792",50.60,50.60,49.65,49.65,-1.05,"2,822",
111/10/04,"1,400,784","69,777,050",49.95,50.20,49.35,49.95,+0.30,"1,616",
111/10/05,"1,330,345","67,527,775",50.30,51.20,50.20,50.90,+0.95,"1,486",
111/10/06,"1,016,815","51,246,684",51.10,51.10,50.00,50.60,-0.30,"1,524",
111/10/07,"971,537","48,624,627",50.40,50.40,49.80,49.85,-0.75,"1,397",
111/10/11,"2,368,253","114,560,465",49.60,49.60,47.90,48.30,-1.55,"4,275",
111/10/12,"1,109,656","53,534,092",48.25,49.00,47.70,48.90,+0.60,"1,505",
111/10/13,"1,212,119","58,606,039",49.05,49.15,48.00,48.25,-0.65,"2,113",
111/10/14,"1,136,883","55,192,393",48.90,48.90,48.10,48.60,+0.35,"1,112",
111/10/17,"2,100,051","98,764,928",48.55,48.55,46.40,47.60,-1.00,"3,221",
111/10/18,"964,363","45,978,373",47.90,48.00,47.40,48.00,+0.40,"1,164",
111/10/19,"938,587","45,228,365",48.10,48.90,47.70,47.95,-0.05,"1,141",
111/10/20,"1,426,153","67,074,495",47.80,47.80,46.70,47.10,-0.85,"1,565",
111/10/21,"427,579","20,147,988",47.30,47.50,46.85,46.90,-0.20,596,
111/10/24,"988,844","46,696,598",47.00,47.60,46.95,47.10,+0.20,"1,062",
111/10/25,"1,354,605","62,848,562",47.30,47.30,45.95,46.25,-0.85,"2,170",
111/10/26,"788,498","36,388,354",46.40,46.50,45.70,46.40,+0.15,"1,030",
111/10/27,"953,431","45,053,200",46.50,47.80,46.40,47.10,+0.70,962,
111/10/28,"569,484","26,811,310",47.45,47.80,46.70,46.70,-0.40,934,
111/10/31,"623,051","29,190,821",47.30,47.30,46.50,46.55,-0.15,825,
111/11/01,"700,138","33,014,907",46.90,47.50,46.60,47.10,+0.55,799,
111/11/02,"584,019","27,818,278",47.20,47.85,47.15,47.60,+0.50,705,
111/11/03,"583,132","27,756,316",47.40,48.00,47.30,48.00,+0.40,732,
111/11/04,"644,762","30,954,599",47.90,48.45,47.55,48.05,+0.05,722,
111/11/07,"907,187","44,366,498",48.50,49.35,48.30,49.30,+1.25,"1,145",
111/11/08,"1,032,066","51,400,274",49.90,50.30,49.50,49.75,+0.45,"1,562",
111/11/09,"806,967","40,571,740",50.00,50.50,49.80,50.50,+0.75,926,
111/11/10,"976,940","48,954,204",50.20,50.60,49.85,50.00,-0.50,"1,089",
111/11/11,"1,009,383","50,785,248",50.80,51.00,50.00,50.10,+0.10,"1,009",
111/11/14,"968,058","49,104,111",50.30,51.00,50.20,50.90,+0.80,"1,133",
111/11/15,"718,876","36,405,517",50.90,50.90,50.30,50.60,-0.30,"1,116",
111/11/16,"1,455,267","72,413,241",50.90,50.90,49.30,49.30,-1.30,"2,095",
111/11/17,"671,201","33,106,349",49.50,49.70,49.00,49.55,+0.25,948,
111/11/18,"783,508","38,584,095",49.55,49.70,48.85,49.20,-0.35,"1,127",
111/11/21,"724,083","35,428,845",49.20,49.35,48.10,48.90,-0.30,993,
111/11/22,"663,391","32,525,569",49.00,49.45,48.20,49.35,+0.45,785,
111/11/23,"478,928","23,775,531",49.45,49.80,49.45,49.75,+0.40,648,
111/11/24,"551,657","27,595,477",50.00,50.20,49.85,50.20,+0.45,757,
111/11/25,"827,068","41,431,017",50.50,50.60,49.40,50.00,-0.20,971,
111/11/28,"945,248","47,210,402",49.80,50.50,49.40,50.40,+0.40,999,
111/11/29,"338,733","16,989,568",50.20,50.40,49.80,50.10,-0.30,534,
111/11/30,"1,329,009","67,760,963",50.30,51.30,50.30,51.10,+1.00,"1,153",
111/12/01,"766,523","39,399,365",51.80,51.80,51.10,51.30,+0.20,"1,048",
111/12/02,"977,631","49,467,536",50.10,51.20,50.10,51.00,-0.30,907,
111/12/05,"645,086","32,841,606",51.00,51.20,50.70,50.70,-0.30,997,
111/12/06,"855,316","42,972,301",50.60,50.80,50.00,50.00,-0.70,"1,264",
111/12/07,"792,063","39,477,729",49.80,50.20,49.60,49.80,-0.20,"1,132",
111/12/08,"707,656","35,025,207",49.90,50.00,49.15,49.45,-0.35,"1,169",
111/12/09,"320,212","15,922,865",49.70,49.90,49.50,49.75,+0.30,568,
111/12/12,"702,261","34,873,450",49.80,50.10,49.05,49.80,+0.05,950,
111/12/13,"605,755","30,211,498",50.10,50.40,49.20,49.75,-0.05,751,
111/12/14,"532,932","26,639,858",50.00,50.20,49.75,49.95,+0.20,627,
111/12/15,"490,134","24,534,971",50.00,50.40,49.85,50.20,+0.25,645,
111/12/16,"1,043,919","51,785,952",49.90,49.95,49.30,49.35,-0.85,"1,413",
111/12/19,"352,687","17,511,388",49.35,49.90,49.35,49.80,+0.45,521,
111/12/20,"911,133","44,873,810",50.00,50.00,48.85,48.95,-0.85,"1,559",
111/12/21,"801,269","39,221,498",49.30,49.30,48.85,48.90,-0.05,800,
111/12/22,"292,806","14,407,550",49.05,49.30,49.05,49.15,+0.25,458,
111/12/23,"536,644","26,357,546",49.20,49.30,48.90,49.25,+0.10,816,
111/12/26,"408,624","20,170,637",49.40,49.60,49.20,49.45,+0.20,664,
111/12/27,"455,417","22,496,610",49.45,49.55,49.25,49.45, 0.00,800,
111/12/28,"386,660","19,145,329",49.40,49.80,49.35,49.50,+0.05,484,
111/12/29,"686,186","33,852,009",49.40,49.70,49.05,49.70,+0.20,772,
111/12/30,"1,534,441","76,461,701",49.80,50.10,49.45,50.10,+0.40,"1,011",
112/01/03,"655,921","32,769,896",50.10,50.10,49.75,50.00,-0.10,756,
112/01/04,"704,022","35,225,418",50.00,50.20,49.80,50.10,+0.10,766,
112/01/05,"605,168","30,287,874",50.40,50.40,49.90,50.10, 0.00,803,
112/01/06,"478,409","23,942,941",50.10,50.10,49.95,50.00,-0.10,717,
112/01/09,"924,350","46,337,870",50.00,50.30,50.00,50.10,+0.10,943,
112/01/10,"649,684","32,529,750",50.30,50.40,49.95,50.00,-0.10,903,
112/01/11,"3,470,851","179,592,308",50.50,52.40,50.30,52.30,+2.30,"2,790",
112/01/12,"1,141,599","59,190,558",52.40,52.40,51.50,51.70,-0.60,"1,732",
112/01/13,"1,007,532","51,805,051",52.00,52.00,51.20,51.30,-0.40,"1,130",
112/01/16,"900,080","46,415,931",51.50,51.80,51.30,51.50,+0.20,"1,137",
112/01/17,"931,988","48,073,859",51.70,51.90,51.30,51.50, 0.00,988,
112/01/30,"1,985,467","102,186,258",51.60,51.90,51.10,51.60,+0.10,"2,051",
112/01/31,"1,297,342","67,239,391",51.70,52.10,51.60,51.90,+0.30,"1,287",
112/02/01,"899,584","46,758,938",51.50,52.40,51.50,52.40,+0.50,"1,017",
112/02/02,"1,433,854","76,040,449",52.40,53.60,52.20,53.40,+1.00,"1,560",
112/02/03,"2,254,699","120,518,112",53.40,54.00,52.70,53.80,+0.40,"1,748",
112/02/06,"1,728,778","92,382,629",53.80,54.10,52.60,53.70,-0.10,"1,747",
112/02/07,"765,518","41,118,236",53.70,53.90,53.40,53.90,+0.20,906,
112/02/08,"1,248,444","68,027,949",54.00,54.80,53.90,54.60,+0.70,"1,361",
112/02/09,"1,211,653","66,509,275",54.50,55.20,54.30,55.00,+0.40,"1,274",
112/02/10,"985,556","53,768,304",55.00,55.00,54.30,54.40,-0.60,"1,353",
112/02/13,"879,465","47,284,510",54.40,54.50,53.50,53.70,-0.70,"1,450",
112/02/14,"657,905","35,250,210",53.90,54.00,53.40,53.40,-0.30,"1,097",
112/02/15,"896,337","47,752,207",53.90,53.90,53.00,53.20,-0.20,"1,515",
112/02/16,"485,712","25,920,540",53.50,53.50,53.20,53.30,+0.10,721,
112/02/17,"373,449","19,942,038",53.30,53.70,53.00,53.40,+0.10,638,
112/02/20,"746,508","40,387,164",54.00,54.40,53.70,54.30,+0.90,"1,012",
112/02/21,"632,980","34,133,844",54.40,54.40,53.70,53.90,-0.40,954,
112/02/22,"782,346","41,800,051",53.60,53.80,53.20,53.80,-0.10,"1,213",
112/02/23,"636,274","34,605,450",53.90,54.60,53.80,54.30,+0.50,851,
112/02/24,"730,607","39,761,658",54.70,54.70,54.10,54.40,+0.10,767,
112/03/01,"1,218,772","65,810,362",54.40,54.40,53.70,53.80,-0.60,"1,763",
112/03/02,"658,319","35,375,660",53.80,54.00,53.30,54.00,+0.20,946,
112/03/03,"581,578","31,450,711",54.20,54.30,53.90,54.20,+0.20,729,
112/03/06,"1,105,143","60,360,156",54.30,55.00,54.20,54.80,+0.60,"1,242",
112/03/07,"505,957","27,672,033",55.00,55.00,54.50,54.80, 0.00,828,
112/03/08,"693,399","37,795,040",54.60,54.80,54.30,54.80, 0.00,"1,065",
112/03/09,"454,196","24,813,749",54.80,54.80,54.40,54.70,-0.10,730,
112/03/10,"936,333","50,592,318",54.70,54.70,53.70,53.90,-0.80,"1,739",
112/03/13,"957,062","51,161,096",53.50,54.00,53.00,53.80,-0.10,"1,255",
112/03/14,"2,576,317","141,964,777",54.00,55.50,54.00,55.10,+1.30,"2,426",
112/03/15,"1,815,737","101,775,628",55.50,56.50,55.30,56.10,+1.00,"2,010",
112/03/16,"1,376,508","76,973,134",56.10,56.40,55.40,55.50,-0.60,"2,257",
112/03/17,"2,887,367","157,699,880",56.00,56.00,52.80,54.40,-1.10,"2,597",
112/03/20,"1,082,964","59,277,548",54.60,55.20,54.40,54.60,+0.20,"1,155",
112/03/21,"1,063,517","59,046,146",54.70,56.00,54.70,55.60,+1.00,"1,125",
112/03/22,"1,439,265","81,245,340",56.20,56.90,56.00,56.30,+0.70,"1,734",
112/03/23,"681,844","38,332,452",56.30,56.40,55.70,56.40,+0.10,"1,288",
112/03/24,"601,064","33,853,379",56.80,56.80,56.10,56.20,-0.20,786,
112/03/27,"2,212,309","122,073,921",56.40,56.40,53.90,56.00,-0.20,"1,883",
112/03/28,"582,638","32,537,046",56.20,56.20,55.50,55.80,-0.20,800,
112/03/29,"444,493","24,856,189",56.00,56.10,55.70,56.00,+0.20,662,
112/03/30,"680,703","38,042,215",56.20,56.20,55.70,55.70,-0.30,846,
112/03/31,"2,355,546","130,540,835",56.10,56.20,54.50,56.00,+0.30,"1,584",
112/04/06,"2,227,498","127,489,299",56.20,57.90,56.10,57.70,+1.70,"2,104",
112/04/07,"1,400,212","81,641,416",57.70,58.60,57.70,58.30,+0.60,"1,543",
112/04/10,"1,036,944","60,794,243",58.80,58.90,58.30,58.70,+0.40,"1,339",
112/04/11,"983,958","57,515,071",58.90,58.90,58.30,58.30,-0.40,"1,573",
112/04/12,"1,143,363","66,802,785",59.00,59.00,58.00,58.30, 0.00,"1,239",
112/04/13,"1,826,830","107,579,509",58.30,59.60,57.80,59.00,+0.70,"1,767",
112/04/14,"1,293,530","76,969,532",59.40,59.90,59.00,59.40,+0.40,"1,424",
112/04/17,"4,006,247","244,266,361",61.00,62.90,60.00,60.20,+0.80,"3,506",
112/04/18,"1,314,303","78,762,941",60.30,60.70,59.60,59.80,-0.40,"4,766",
112/04/19,"1,047,745","62,734,469",60.00,60.30,59.50,59.70,-0.10,"1,312",
112/04/20,"1,519,534","91,532,662",60.00,60.70,59.50,60.50,+0.80,"1,559",
112/04/21,"1,319,659","79,465,523",60.50,61.10,59.70,59.80,-0.70,"1,565",
112/04/24,"4,745,698","293,377,319",60.00,62.60,60.00,62.30,+2.50,"3,471",
112/04/25,"7,402,113","453,596,665",63.00,63.50,60.00,60.20,-2.10,"11,141",
112/04/26,"2,592,128","155,717,340",59.90,61.10,58.80,61.10,+0.90,"3,258",
112/04/27,"1,165,475","70,927,246",60.70,61.40,60.60,60.70,-0.40,"1,241",
112/04/28,"987,653","60,142,149",61.00,61.20,60.60,61.00,+0.30,"1,100",
112/05/02,"2,028,231","125,751,256",60.90,62.80,60.90,61.90,+0.90,"2,025",
112/05/03,"834,425","51,527,328",61.90,62.00,61.30,61.90, 0.00,"1,268",
112/05/04,"1,458,814","91,058,519",62.00,62.70,61.80,62.70,+0.80,"1,415",
112/05/05,"1,484,330","92,138,875",62.70,62.70,61.80,61.90,-0.80,"1,803",
112/05/08,"868,905","53,875,449",62.00,62.30,61.80,62.20,+0.30,"1,157",
112/05/09,"1,235,204","76,369,765",62.30,62.30,61.30,61.80,-0.40,"1,366",
112/05/10,"628,636","38,898,650",61.80,62.20,61.50,62.20,+0.40,"1,012",
112/05/11,"1,713,923","104,618,185",62.00,62.00,60.50,60.70,-1.50,"2,522",
112/05/12,"734,834","44,690,074",60.70,61.30,60.00,61.10,+0.40,869,
112/05/15,"1,500,469","90,701,733",61.00,61.10,59.30,60.90,-0.20,"1,720",
112/05/16,"1,496,086","91,607,429",61.20,61.80,60.10,61.50,+0.60,"1,337",
112/05/17,"2,304,068","143,821,818",61.60,62.90,61.50,62.80,+1.30,"2,376",
112/05/18,"1,007,756","63,024,801",62.90,63.00,62.20,62.30,-0.50,"1,447",
112/05/19,"917,205","56,872,495",62.30,62.30,61.80,62.30, 0.00,"1,174",
112/05/22,"1,267,156","79,577,050",62.30,63.20,62.20,62.80,+0.50,"1,302",
112/05/23,"654,718","41,006,120",62.90,62.90,62.30,62.80, 0.00,967,
112/05/24,"1,201,006","75,185,663",62.90,62.90,62.20,62.70,-0.10,"1,002",
112/05/25,"963,124","60,386,061",62.90,63.10,62.10,62.90,+0.20,"1,168",
112/05/26,"1,110,005","69,531,421",63.00,63.00,62.30,62.90, 0.00,"1,167",
112/05/29,"2,031,314","129,277,429",63.20,64.40,63.10,63.20,+0.30,"1,861",
112/05/30,"855,303","53,638,789",63.40,63.40,62.40,62.70,-0.50,"1,687",
112/05/31,"826,388","51,616,800",62.50,62.90,62.20,62.30,-0.40,"1,122",
112/06/01,"499,031","31,255,053",62.60,62.90,62.40,62.70,+0.40,665,
112/06/02,"850,678","53,386,751",62.70,63.00,62.50,62.70, 0.00,971,
112/06/05,"612,292","38,348,421",62.80,62.90,62.40,62.60,-0.10,"1,082",
112/06/06,"717,940","44,937,816",62.50,63.00,62.40,62.40,-0.20,974,
112/06/07,"943,542","59,378,542",62.50,63.20,62.40,63.00,+0.60,"1,151",
112/06/08,"1,146,295","72,762,578",63.00,63.90,63.00,63.60,+0.60,"1,308",
112/06/09,"930,729","59,344,684",63.80,64.10,63.40,63.40,-0.20,"1,340",
112/06/12,"623,799","39,689,412",63.40,63.90,63.30,63.50,+0.10,"1,008",
112/06/13,"672,900","42,913,435",63.50,64.00,63.40,63.80,+0.30,"1,013",
112/06/14,"667,147","42,457,573",63.90,63.90,63.30,63.70,-0.10,"1,014",
112/06/15,"608,504","38,874,765",63.70,64.20,63.70,63.90,+0.20,867,
112/06/16,"1,702,597","109,903,173",63.90,65.00,63.80,64.60,+0.70,"1,830",
112/06/19,"765,566","49,188,313",64.60,64.70,64.00,64.10,-0.50,"1,496",
112/06/20,"540,980","34,473,770",64.10,64.10,63.60,63.60,-0.50,"1,112",
112/06/21,"933,662","59,804,421",63.60,64.70,63.40,64.60,+1.00,"1,224",
112/06/26,"1,587,794","103,386,075",64.60,65.60,64.20,65.10,+0.50,"1,752",
112/06/27,"3,011,370","200,087,486",65.30,67.00,65.30,66.70,+1.60,"3,065",
112/06/28,"2,162,643","145,192,081",67.00,68.00,66.10,67.90,+1.20,"3,071",
112/06/29,"2,800,881","191,819,450",68.30,69.80,67.60,67.60,-0.30,"5,874",
112/06/30,"2,915,649","197,393,692",67.60,68.40,67.00,67.80,+0.20,"3,697",
112/07/03,"2,189,985","150,822,957",67.80,69.50,67.80,69.00,+1.20,"2,348",
112/07/04,"998,063","68,831,925",69.30,69.30,68.60,69.00, 0.00,"2,766",
112/07/05,"1,008,018","69,670,243",69.60,69.60,68.70,69.10,+0.10,"1,496",
112/07/06,"1,772,563","121,151,960",69.00,69.00,68.00,68.20,-0.90,"2,419",
112/07/07,"1,500,992","101,952,334",67.90,68.40,67.40,68.00,-0.20,"1,665",
112/07/10,"808,933","55,088,047",67.90,68.60,67.60,68.00, 0.00,"1,918",
112/07/11,"1,818,611","125,814,710",68.40,69.50,68.20,69.40,+1.40,"1,805",
112/07/12,"989,119","68,431,766",69.40,69.50,68.80,69.20,-0.20,"2,701",
112/07/13,"3,546,184","248,316,938",69.50,70.60,69.20,69.80,+0.60,"2,459",
112/07/14,"2,488,774","176,867,775",70.40,71.60,70.20,71.10,+1.30,"2,305",
112/07/17,"2,996,416","212,571,006",71.60,71.80,70.20,70.90,-0.20,"2,436",
112/07/18,"1,539,356","109,320,077",70.80,71.50,70.60,71.20,+0.30,"1,542",
112/07/19,"3,750,975","261,130,157",71.40,71.40,68.60,68.80,-2.40,"5,015",
112/07/20,"1,575,372","109,542,799",68.80,70.00,68.60,69.70,+0.90,"1,496",
112/07/21,"1,455,374","101,170,556",69.00,69.90,68.90,69.60,-0.10,"1,624",
112/07/24,"1,934,229","133,980,236",69.90,69.90,68.90,69.10,-0.50,"2,070",
112/07/25,"3,276,780","226,736,172",69.10,69.50,68.90,69.30,+0.20,"2,906",
112/07/26,"3,657,594","237,251,218",64.50,65.80,64.00,65.50,X0.00,"4,208",
112/07/27,"2,843,863","184,444,474",65.00,65.90,64.50,64.60,-0.90,"3,917",
112/07/28,"2,233,100","142,617,578",64.60,64.70,63.60,63.80,-0.80,"3,544",
112/07/31,"1,745,216","111,989,616",64.30,64.90,63.60,63.90,+0.10,"2,036",
112/08/01,"774,966","49,903,823",64.40,64.90,64.10,64.30,+0.40,"1,178",
112/08/02,"2,273,159","144,381,355",64.30,64.40,63.00,63.10,-1.20,"3,688",
112/08/04,"1,268,982","79,709,470",63.10,63.30,62.50,62.60,-0.50,"2,323",
112/08/07,"1,818,247","113,454,136",62.60,63.20,61.90,63.20,+0.60,"2,566",
112/08/08,"1,118,766","71,310,170",63.40,64.20,63.10,63.70,+0.50,"1,291",
112/08/09,"1,085,046","69,575,004",64.10,64.60,63.50,64.30,+0.60,"1,292",
112/08/10,"1,386,515","87,911,988",64.50,64.50,63.00,63.10,-1.20,"3,341",
112/08/11,"1,103,067","69,069,606",63.50,63.50,62.30,62.50,-0.60,"2,051",
112/08/14,"1,308,714","80,873,506",62.50,62.50,61.40,61.80,-0.70,"2,474",
112/08/15,"1,335,277","81,911,076",61.80,62.10,60.80,60.90,-0.90,"2,694",
112/08/16,"2,329,655","139,867,504",60.60,60.70,59.60,60.50,-0.40,"3,213",
112/08/17,"1,117,510","67,185,140",60.20,60.60,59.60,60.20,-0.30,"1,653",
112/08/18,"1,370,686","82,016,381",60.20,60.70,59.50,59.70,-0.50,"2,340",
112/08/21,"916,067","54,768,483",59.80,60.20,59.30,60.10,+0.40,"1,326",
112/08/22,"592,967","35,489,866",60.10,60.20,59.50,59.60,-0.50,"1,180",
112/08/23,"934,643","55,726,683",59.60,59.90,59.30,59.60, 0.00,"2,526",
112/08/24,"1,116,968","66,682,945",59.60,60.00,59.40,59.70,+0.10,"1,817",
112/08/25,"912,569","55,054,610",59.80,60.80,59.60,60.20,+0.50,"1,592",
112/08/28,"572,065","34,745,789",60.40,60.80,60.40,60.80,+0.60,"1,512",
112/08/29,"534,565","32,400,447",60.90,60.90,60.40,60.60,-0.20,"1,139",
112/08/30,"465,663","28,219,320",60.60,60.80,60.50,60.60, 0.00,967,
112/08/31,"1,670,532","101,894,039",60.40,61.20,60.30,61.20,+0.60,"1,205",
112/09/01,"645,442","39,382,738",61.30,61.40,60.70,60.80,-0.40,"1,250",
112/09/04,"843,463","51,673,381",60.80,61.60,60.70,61.60,+0.80,"1,204",
112/09/05,"932,985","57,713,755",61.60,62.50,61.50,61.60, 0.00,"1,426",
112/09/06,"899,261","54,974,607",61.60,61.60,60.80,60.80,-0.80,"1,490",
112/09/07,"660,291","39,943,911",60.60,60.80,60.20,60.30,-0.50,"1,353",
112/09/08,"501,118","30,145,218",60.30,60.40,60.00,60.20,-0.10,"1,223",
112/09/11,"909,462","54,730,942",60.30,60.40,59.90,60.30,+0.10,"1,440",
112/09/12,"425,829","25,790,893",60.50,60.80,60.30,60.60,+0.30,704,
112/09/13,"971,072","59,365,854",60.80,61.60,60.40,61.40,+0.80,"1,124",
112/09/14,"1,202,703","74,377,031",61.00,62.20,61.00,62.00,+0.60,"1,246",
112/09/15,"3,174,344","198,496,357",62.40,63.00,61.20,63.00,+1.00,"1,873",
112/09/18,"1,001,777","62,113,862",62.40,62.40,61.70,62.30,-0.70,"1,774",
112/09/19,"765,382","47,375,110",62.40,62.40,61.50,61.70,-0.60,"1,362",
112/09/20,"508,866","31,485,635",61.70,62.20,61.50,61.80,+0.10,887,
112/09/21,"491,891","30,286,117",61.80,61.90,61.40,61.50,-0.30,"1,110",
112/09/22,"442,309","27,247,156",61.50,61.90,61.20,61.90,+0.40,859,
112/09/25,"844,236","52,481,250",61.40,62.50,61.40,62.50,+0.60,"1,118",
112/09/26,"551,639","34,132,786",62.00,62.30,61.60,61.80,-0.70,"1,281",
112/09/27,"496,025","30,544,120",61.70,62.00,61.40,61.40,-0.40,935,
112/09/28,"909,581","56,267,099",61.40,62.40,61.20,62.40,+1.00,917,
112/10/02,"496,710","30,767,193",62.40,62.40,61.70,61.80,-0.60,"1,123",
112/10/03,"491,766","30,427,866",61.90,62.10,61.50,61.90,+0.10,808,
112/10/04,"618,522","37,931,411",61.30,61.50,61.20,61.40,-0.50,"1,340",
112/10/05,"762,320","47,338,799",62.10,62.40,61.70,61.80,+0.40,"1,091",
112/10/06,"516,247","32,068,908",61.80,62.30,61.80,62.10,+0.30,787,
112/10/11,"954,766","58,936,782",62.40,62.40,61.50,61.60,-0.50,"1,924",
112/10/12,"612,267","37,773,871",61.60,61.80,61.60,61.80,+0.20,927,
112/10/13,"920,050","56,470,043",61.60,61.80,61.20,61.30,-0.50,"1,420",
112/10/16,"630,282","38,499,967",61.30,61.30,61.00,61.10,-0.20,"1,201",
112/10/17,"749,118","45,781,838",61.50,61.60,60.90,60.90,-0.20,"1,238",
112/10/18,"2,287,993","139,597,092",60.90,61.70,60.10,61.70,+0.80,"2,325",
112/10/19,"727,416","44,320,435",61.20,61.20,60.70,60.80,-0.90,"1,153",
112/10/20,"1,022,614","61,703,517",60.70,60.90,60.00,60.80, 0.00,"1,520",
112/10/23,"429,372","26,080,869",60.80,61.30,60.30,60.60,-0.20,774,
112/10/24,"490,677","29,863,245",60.60,61.20,60.40,61.20,+0.60,817,
112/10/25,"782,393","48,123,765",61.10,62.00,61.00,61.20, 0.00,793,
112/10/26,"697,683","42,673,646",61.00,61.50,60.80,61.20, 0.00,801,
112/10/27,"1,025,198","63,500,208",61.20,62.20,61.20,62.20,+1.00,"1,022",
112/10/30,"728,752","45,257,390",62.30,62.50,61.50,62.20, 0.00,"1,596",
112/10/31,"690,494","42,876,982",62.20,62.60,61.60,61.90,-0.30,"1,218",
112/11/01,"388,257","23,941,788",62.00,62.00,61.50,61.60,-0.30,716,
112/11/02,"437,517","27,048,371",62.00,62.20,61.50,61.60, 0.00,606,
112/11/03,"428,418","26,402,489",62.00,62.00,61.40,61.50,-0.10,868,
112/11/06,"497,566","30,778,849",61.50,62.00,61.50,61.80,+0.30,890,
112/11/07,"347,216","21,501,934",61.70,62.10,61.70,61.80, 0.00,"1,090",
112/11/08,"709,427","44,194,327",62.10,62.50,62.00,62.50,+0.70,892,
112/11/09,"454,149","28,338,078",62.50,62.70,62.20,62.40,-0.10,"1,331",
112/11/10,"368,477","22,835,358",62.00,62.20,61.80,61.80,-0.60,909,
112/11/13,"466,006","28,926,400",62.10,62.30,61.90,62.30,+0.50,738,
112/11/14,"2,070,204","130,879,273",62.50,63.80,62.40,63.80,+1.50,"2,019",
112/11/15,"2,396,328","154,586,368",64.50,65.00,63.90,64.90,+1.10,"2,698",
112/11/16,"869,879","56,151,451",64.90,65.30,64.10,64.60,-0.30,"3,705",
112/11/17,"853,623","55,005,015",64.20,64.80,64.10,64.40,-0.20,"2,297",
112/11/20,"1,301,947","84,736,456",64.40,65.50,64.40,65.50,+1.10,"1,780",
112/11/21,"2,751,774","183,561,911",65.80,67.30,65.40,67.10,+1.60,"3,132",
112/11/22,"1,011,234","67,703,732",67.10,67.50,66.60,66.60,-0.50,"1,966",
112/11/23,"930,004","62,062,166",66.40,67.20,66.40,66.90,+0.30,"3,275",
112/11/24,"585,091","39,174,884",67.00,67.40,66.80,67.00,+0.10,"1,294",
112/11/27,"1,260,747","84,204,710",67.10,67.70,66.10,66.40,-0.60,"3,736",
112/11/28,"966,495","64,869,995",66.50,67.40,66.50,67.00,+0.60,"1,274",
112/11/29,"1,631,506","110,143,423",67.10,68.20,66.50,68.00,+1.00,"2,583",
112/11/30,"1,623,737","111,163,296",68.20,68.90,68.00,68.40,+0.40,"2,123",
112/12/01,"763,412","52,331,435",68.30,69.00,68.20,68.40, 0.00,"4,205",
112/12/04,"1,051,080","72,185,755",68.50,69.00,68.30,68.50,+0.10,"2,532",
112/12/05,"831,668","57,066,269",68.60,68.90,68.40,68.50, 0.00,"2,052",
112/12/06,"1,275,372","88,005,766",68.60,69.50,68.60,68.60,+0.10,"2,341",
112/12/07,"1,034,329","70,559,462",68.60,68.70,67.60,68.50,-0.10,"7,286",
112/12/08,"1,003,836","68,426,492",68.50,68.80,67.60,67.80,-0.70,"1,843",
112/12/11,"1,757,058","118,112,484",67.70,67.80,66.50,67.20,-0.60,"2,328",
112/12/12,"954,601","63,997,121",67.30,67.40,66.80,67.20, 0.00,"1,798",
112/12/13,"1,127,270","75,610,707",67.20,67.50,66.70,67.00,-0.20,"1,350",
112/12/14,"1,166,536","78,648,610",67.00,67.90,67.00,67.30,+0.30,"1,292",
112/12/15,"3,339,504","224,177,247",67.80,67.90,67.00,67.00,-0.30,"1,964",
112/12/18,"1,099,750","73,185,680",66.90,67.00,66.30,66.30,-0.70,"1,981",
112/12/19,"1,054,198","69,524,234",66.20,66.20,65.70,66.00,-0.30,"1,628",
112/12/20,"765,373","50,707,556",65.80,66.60,65.80,66.30,+0.30,"1,011",
112/12/21,"555,744","36,780,266",66.30,66.50,66.00,66.20,-0.10,915,
112/12/22,"422,517","27,918,449",66.20,66.30,66.00,66.00,-0.20,858,
112/12/25,"782,915","51,429,624",65.80,65.90,65.40,65.70,-0.30,"1,294",
112/12/26,"683,072","45,030,574",65.50,66.20,65.50,65.90,+0.20,872,
112/12/27,"787,223","51,848,740",65.80,66.00,65.70,65.90, 0.00,"1,019",
112/12/28,"709,546","46,988,967",65.80,66.60,65.80,66.40,+0.50,809,
112/12/29,"590,500","39,312,127",66.70,66.70,66.30,66.70,+0.30,818,
113/01/02,"520,603","34,621,643",66.60,66.70,66.30,66.50,-0.20,895,
113/01/03,"1,524,900","100,120,068",66.30,66.30,65.30,65.30,-1.20,"2,645",
113/01/04,"519,029","33,908,168",65.30,65.80,65.10,65.20,-0.10,"1,117",
113/01/05,"960,042","62,375,539",65.20,65.30,64.80,64.90,-0.30,"1,723",
113/01/08,"588,782","38,169,879",64.90,65.20,64.60,64.80,-0.10,"1,299",
113/01/09,"516,064","33,327,439",64.90,64.90,64.40,64.50,-0.30,"1,218",
113/01/10,"687,885","44,129,239",64.30,64.40,63.90,64.00,-0.50,"1,580",
113/01/11,"1,342,030","87,635,044",64.40,65.90,64.40,65.90,+1.90,"1,379",
113/01/12,"771,270","50,210,129",65.60,65.70,64.80,65.00,-0.90,"1,295",
113/01/15,"647,001","42,121,201",64.80,65.60,64.50,65.10,+0.10,"1,043",
113/01/16,"1,185,524","76,395,991",64.70,64.80,64.00,64.00,-1.10,"2,208",
113/01/17,"1,750,129","111,508,111",64.00,64.10,63.50,63.60,-0.40,"2,434",
113/01/18,"630,963","40,284,430",63.80,64.30,63.60,63.80,+0.20,854,
113/01/19,"730,479","46,767,528",63.60,64.30,63.60,64.20,+0.40,"1,008",
113/01/22,"872,967","56,572,831",64.30,65.30,64.30,64.90,+0.70,"1,187",
113/01/23,"418,935","27,188,017",64.90,65.10,64.60,64.90, 0.00,733,
113/01/24,"608,452","39,403,305",64.90,65.10,64.50,64.60,-0.30,773,
113/01/25,"335,687","21,785,701",64.70,65.10,64.70,64.80,+0.20,736,
113/01/26,"1,114,109","73,318,964",65.00,66.20,64.90,66.00,+1.20,"1,291",
113/01/29,"662,081","43,462,087",65.60,66.00,65.30,65.40,-0.60,"1,346",
113/01/30,"807,056","52,563,561",65.50,65.60,64.80,64.80,-0.60,"1,059",
113/01/31,"385,519","25,054,201",64.90,65.20,64.80,64.90,+0.10,518,
113/02/01,"2,364,985","152,944,208",65.30,65.90,63.60,65.70,+0.80,"1,823",
113/02/02,"674,999","44,361,305",66.00,66.00,65.20,65.60,-0.10,"1,958",
113/02/05,"549,290","36,048,782",65.60,65.90,65.30,65.80,+0.20,"1,008",
113/02/15,"1,206,705","79,325,373",65.60,66.30,65.50,65.50,-0.30,"1,762",
113/02/16,"1,511,814","98,992,553",65.60,66.30,65.00,65.20,-0.30,"1,936",
113/02/19,"817,222","53,285,123",65.20,65.60,65.00,65.10,-0.10,"1,182",
113/02/20,"732,867","47,647,056",65.30,65.30,64.90,64.90,-0.20,"1,127",
113/02/21,"920,169","59,700,123",65.30,65.30,64.50,64.80,-0.10,"1,303",
113/02/22,"544,976","35,623,523",65.20,65.60,64.90,65.50,+0.70,801,
113/02/23,"944,945","61,725,862",65.50,66.00,65.00,65.00,-0.50,"1,683",
113/02/26,"784,281","50,915,542",64.70,65.10,64.70,64.80,-0.20,"1,170",
113/02/27,"1,182,052","76,547,628",64.80,65.40,64.40,64.60,-0.20,"1,982",
113/02/29,"1,673,644","109,101,617",64.50,65.60,64.50,65.50,+0.90,"1,365",
113/03/01,"520,138","34,009,614",65.20,65.70,65.20,65.50, 0.00,"1,701",
113/03/04,"1,453,585","95,863,169",65.40,66.30,65.30,66.00,+0.50,"1,476",
113/03/05,"2,627,036","177,325,355",66.70,68.40,66.70,67.40,+1.40,"2,618",
113/03/06,"850,088","57,137,474",67.30,67.60,66.80,67.30,-0.10,"2,078",
113/03/07,"1,027,477","68,868,441",67.00,67.30,66.80,67.00,-0.30,"1,715",
113/03/08,"2,166,440","143,498,721",66.80,66.90,65.70,65.70,-1.30,"2,756",
113/03/11,"4,137,799","284,501,214",67.40,69.70,67.20,68.80,+3.10,"3,588",
113/03/12,"1,388,274","95,364,350",69.40,69.40,68.30,68.60,-0.20,"2,349",
113/03/13,"1,529,001","105,151,002",68.60,69.30,68.30,69.20,+0.60,"1,616",
113/03/14,"1,251,723","86,222,832",69.20,69.50,68.50,68.70,-0.50,"1,661",
113/03/15,"2,176,040","148,233,946",68.70,69.00,67.70,67.70,-1.00,"2,088",
113/03/18,"1,213,149","81,973,021",68.00,68.00,67.20,67.70, 0.00,"1,725",
113/03/19,"1,330,365","89,568,955",67.70,68.00,67.10,67.20,-0.50,"1,819",
113/03/20,"1,337,985","89,670,028",67.10,67.60,66.60,67.30,+0.10,"1,846",
113/03/21,"900,256","60,909,792",67.50,67.90,67.40,67.60,+0.30,999,
113/03/22,"701,392","47,544,911",67.60,68.20,67.60,67.80,+0.20,858,
113/03/25,"3,000,003","201,656,765",67.70,68.00,67.10,67.10,-0.70,"2,092",
113/03/26,"1,558,053","104,258,596",67.10,67.70,66.50,66.80,-0.30,"1,495",
113/03/27,"528,175","35,474,767",66.80,67.40,66.80,67.20,+0.40,863,
113/03/28,"774,304","52,430,253",67.40,68.00,67.40,68.00,+0.80,924,
113/03/29,"527,959","35,789,125",68.00,68.10,67.50,67.90,-0.10,782,
113/04/01,"477,081","32,386,886",67.70,68.10,67.70,67.80,-0.10,762,
113/04/02,"575,362","38,899,764",67.70,67.70,67.50,67.50,-0.30,792,
113/04/03,"538,862","36,335,576",67.40,67.60,67.10,67.30,-0.20,715,
113/04/08,"686,335","46,328,022",67.10,67.90,67.10,67.40,+0.10,"1,001",
113/04/09,"750,378","50,884,610",67.30,68.00,67.30,67.80,+0.40,852,
113/04/10,"658,357","44,853,405",68.00,68.60,67.90,68.00,+0.20,926,
113/04/11,"495,353","33,553,362",68.00,68.00,67.40,67.70,-0.30,865,
113/04/12,"675,609","45,581,953",67.50,67.70,67.30,67.50,-0.20,935,
113/04/15,"651,342","44,100,681",67.50,68.20,67.30,67.70,+0.20,943,
113/04/16,"2,517,990","167,787,052",67.50,67.50,66.00,66.30,-1.40,"3,803",
113/04/17,"1,695,924","112,352,386",66.30,66.90,65.90,66.30, 0.00,"2,451",
113/04/18,"1,161,886","76,673,701",66.30,66.30,65.60,66.10,-0.20,"1,716",
113/04/19,"2,340,178","152,547,335",66.00,66.20,64.30,65.30,-0.80,"3,870",
113/04/22,"992,022","64,774,059",65.00,65.80,65.00,65.50,+0.20,"1,322",
113/04/23,"786,763","51,828,306",65.60,66.20,65.50,66.20,+0.70,844,
113/04/24,"661,643","43,938,977",66.20,66.70,66.20,66.20, 0.00,836,
113/04/25,"775,090","50,910,762",66.20,66.20,65.30,65.50,-0.70,"1,452",
113/04/26,"844,462","55,239,637",65.30,65.80,65.20,65.50, 0.00,"1,302",
113/04/29,"974,761","64,463,809",65.60,66.50,65.50,66.50,+1.00,"1,017",
113/04/30,"428,129","28,399,217",66.30,66.50,66.10,66.40,-0.10,649,
113/05/02,"739,299","49,053,675",66.40,66.50,66.00,66.40, 0.00,786,
113/05/03,"581,038","38,773,303",66.60,67.00,66.50,66.60,+0.20,822,
113/05/06,"1,003,739","67,545,485",66.60,67.70,66.60,67.40,+0.80,"1,166",
113/05/07,"748,999","50,256,750",67.40,67.60,66.80,67.30,-0.10,"1,234",
113/05/08,"928,225","62,355,539",67.30,67.70,66.70,67.70,+0.40,938,
113/05/09,"547,159","36,866,522",67.60,67.70,67.10,67.40,-0.30,808,
113/05/10,"621,940","41,832,689",67.30,67.70,67.00,67.40, 0.00,906,
113/05/13,"852,770","57,742,381",67.40,68.00,67.10,67.70,+0.30,"1,247",
113/05/14,"470,480","31,747,111",67.70,67.90,67.20,67.30,-0.40,"1,502",
113/05/15,"850,509","57,347,081",67.50,67.70,67.20,67.50,+0.20,"1,180",
113/05/16,"1,429,174","97,382,396",67.60,68.40,67.50,68.30,+0.80,"1,532",
113/05/17,"706,452","48,129,357",68.30,68.40,67.80,68.00,-0.30,"3,886",
113/05/20,"1,048,268","71,708,419",68.40,68.80,68.00,68.20,+0.20,"2,753",
113/05/21,"703,458","48,142,286",68.30,68.80,68.30,68.30,+0.10,884,
113/05/22,"603,554","41,116,886",68.30,68.30,67.80,68.10,-0.20,"2,944",
113/05/23,"685,991","46,507,836",67.80,68.10,67.50,67.60,-0.50,"1,104",
113/05/24,"628,234","42,236,088",67.30,67.40,67.10,67.10,-0.50,"1,051",
113/05/27,"1,135,742","76,165,409",66.90,67.40,66.90,67.00,-0.10,"1,207",
113/05/28,"1,204,493","80,663,088",67.00,67.30,66.50,67.30,+0.30,"1,284",
113/05/29,"883,915","59,227,447",67.30,67.30,66.90,67.10,-0.20,964,
113/05/30,"874,385","58,365,574",66.90,67.00,66.50,66.60,-0.50,"1,013",
113/05/31,"1,040,454","70,109,886",66.80,67.80,66.80,67.80,+1.20,926,
113/06/03,"1,170,403","78,614,059",68.10,68.10,66.80,67.00,-0.80,"2,481",
113/06/04,"463,047","31,035,326",67.00,67.20,66.80,67.00, 0.00,745,
113/06/05,"477,340","32,037,833",66.80,67.40,66.80,67.10,+0.10,711,
113/06/06,"602,865","40,484,388",67.00,67.30,67.00,67.30,+0.20,720,
113/06/07,"581,127","39,028,847",67.20,67.30,67.00,67.20,-0.10,627,
113/06/11,"1,489,221","99,500,166",67.20,67.20,66.50,66.70,-0.50,"1,466",
113/06/12,"634,966","42,367,617",66.70,67.10,66.60,66.80,+0.10,881,
113/06/13,"642,154","42,851,234",66.80,66.90,66.60,66.90,+0.10,"1,008",
113/06/14,"477,128","31,900,000",66.90,67.00,66.70,67.00,+0.10,861,
113/06/17,"1,096,046","73,282,134",67.00,67.20,66.50,67.20,+0.20,"1,280",
113/06/18,"913,297","61,275,474",67.20,67.30,66.90,67.20, 0.00,902,
113/06/19,"1,708,970","114,348,537",67.00,67.20,66.60,67.00,-0.20,"1,525",
113/06/20,"1,125,934","75,530,251",67.00,67.50,66.70,67.50,+0.50,"1,145",
113/06/21,"1,196,749","80,786,894",67.50,67.80,67.00,67.80,+0.30,"1,796",
113/06/24,"1,851,540","125,082,349",67.80,67.90,67.00,67.60,-0.20,"1,377",
113/06/25,"947,792","64,396,224",68.10,68.30,67.50,68.10,+0.50,"1,257",
113/06/26,"676,688","45,915,171",68.30,68.30,67.60,67.70,-0.40,"1,470",
113/06/27,"582,760","39,293,875",67.20,67.80,67.20,67.60,-0.10,663,
113/06/28,"949,902","64,577,132",67.90,68.30,67.40,68.30,+0.70,858,
113/07/01,"700,103","47,649,697",68.30,68.30,67.80,68.00,-0.30,"1,886",
113/07/02,"625,584","42,359,793",67.80,68.10,67.50,67.50,-0.50,734,
113/07/03,"1,067,681","72,943,203",68.00,68.80,67.80,68.40,+0.90,"1,055",
113/07/04,"2,619,360","182,166,816",69.30,69.80,68.90,69.80,+1.40,"2,628",
113/07/05,"2,621,284","185,719,041",70.30,71.50,70.30,70.40,+0.60,"4,521",
113/07/08,"1,918,221","136,442,657",70.50,71.60,70.30,71.60,+1.20,"2,168",
113/07/09,"1,395,932","99,273,389",72.10,72.10,70.50,71.00,-0.60,"5,231",
113/07/10,"1,361,552","96,337,667",71.00,71.30,70.20,70.60,-0.40,"5,969",
113/07/11,"1,505,392","106,228,941",71.30,71.40,70.10,70.20,-0.40,"2,480",
113/07/12,"2,425,900","171,467,201",70.00,71.20,70.00,70.90,+0.70,"1,492",
113/07/15,"1,236,914","87,440,021",70.90,71.10,70.30,70.60,-0.30,"1,305",
113/07/16,"1,202,207","85,517,647",71.00,71.50,70.60,71.30,+0.70,"1,179",
113/07/17,"851,096","60,349,102",71.30,71.30,70.60,70.70,-0.60,"1,159",
113/07/18,"1,638,119","116,288,437",70.60,71.40,70.10,71.40,+0.70,"1,338",
113/07/19,"1,537,035","108,345,067",71.30,71.30,70.00,70.50,-0.90,"1,727",
113/07/22,"2,127,382","150,173,428",70.70,70.90,70.20,70.70,+0.20,"1,839",
113/07/23,"1,758,180","124,746,300",70.80,71.50,70.60,70.60,-0.10,"2,432",
113/07/26,"4,202,063","268,704,070",63.80,64.40,63.00,64.00,X0.00,"4,398",
113/07/29,"2,074,521","132,623,936",64.50,64.70,63.50,63.60,-0.40,"2,772",
113/07/30,"1,642,920","103,501,745",63.70,63.70,62.60,63.00,-0.60,"2,934",
113/07/31,"1,146,214","71,939,584",63.00,63.10,62.50,62.60,-0.40,"1,547",
113/08/01,"1,283,815","81,016,385",62.60,63.50,62.50,63.30,+0.70,"1,369",
113/08/02,"2,526,709","157,273,523",63.00,63.00,61.90,62.10,-1.20,"3,760",
113/08/05,"4,614,933","273,137,885",60.80,60.80,58.30,58.40,-3.70,"6,372",
113/08/06,"2,774,095","164,478,373",59.70,60.20,57.70,60.10,+1.70,"2,595",
113/08/07,"1,520,235","94,361,541",60.20,62.90,60.20,62.60,+2.50,"1,320",
113/08/08,"1,317,619","80,951,786",61.30,61.90,61.00,61.20,-1.40,"1,706",
113/08/09,"1,334,328","83,014,850",61.20,62.70,61.20,61.90,+0.70,"1,392",
113/08/12,"1,416,243","86,893,332",61.50,61.70,60.60,61.40,-0.50,"2,362",
113/08/13,"1,217,059","74,150,366",61.40,61.40,60.60,60.90,-0.50,"1,912",
113/08/14,"937,295","57,696,645",61.50,61.90,61.00,61.90,+1.00,"1,094",
113/08/15,"817,484","50,394,008",61.90,62.00,61.20,61.20,-0.70,"1,179",
113/08/16,"843,789","52,002,064",61.70,62.10,61.30,61.30,+0.10,"1,005",
113/08/19,"645,045","39,517,913",61.50,61.50,61.00,61.00,-0.30,976,
113/08/20,"868,499","53,482,849",61.20,62.00,61.20,61.50,+0.50,992,
113/08/21,"665,850","41,037,367",61.90,61.90,61.30,61.80,+0.30,854,
113/08/22,"648,755","40,223,811",61.90,62.30,61.60,62.10,+0.30,769,
113/08/23,"951,841","59,121,866",62.00,62.40,61.70,62.10, 0.00,"1,773",
113/08/26,"1,088,559","68,305,912",62.20,63.20,62.20,62.60,+0.50,"1,893",
113/08/27,"644,663","40,310,213",62.50,63.00,62.20,63.00,+0.40,"1,099",
113/08/28,"576,664","36,206,589",63.00,63.00,62.60,62.80,-0.20,"1,017",
113/08/29,"795,240","49,584,119",62.60,62.70,62.00,62.40,-0.40,"1,223",
113/08/30,"834,452","52,392,611",62.10,63.00,62.10,63.00,+0.60,962,
113/09/02,"670,706","41,905,057",63.00,63.00,62.30,62.30,-0.70,"1,356",
113/09/03,"677,300","42,047,224",62.60,62.60,61.90,62.00,-0.30,"1,436",
113/09/04,"2,993,434","181,190,724",60.00,61.00,59.90,60.30,-1.70,"4,256",
113/09/05,"988,847","59,905,710",61.00,61.00,60.30,60.40,+0.10,"1,955",
113/09/06,"952,572","57,297,353",60.40,60.50,59.70,60.10,-0.30,"1,437",
113/09/09,"1,596,740","95,137,907",59.50,60.10,59.20,60.10, 0.00,"2,634",
113/09/10,"874,179","52,384,408",60.30,60.30,59.70,59.90,-0.20,"1,439",
113/09/11,"764,351","45,886,251",59.90,60.40,59.80,59.80,-0.10,"1,089",
113/09/12,"559,545","33,710,150",60.60,60.60,59.90,60.10,+0.30,922,
113/09/13,"471,630","28,528,111",60.00,60.60,60.00,60.50,+0.40,678,
113/09/16,"398,343","24,218,876",60.60,61.00,60.60,60.70,+0.20,845,
113/09/18,"907,027","54,727,330",60.70,60.80,60.00,60.40,-0.30,"1,637",
113/09/19,"959,309","58,113,698",60.10,60.90,60.10,60.80,+0.40,"1,061",
113/09/20,"1,241,907","75,858,689",61.00,61.40,60.70,61.40,+0.60,"1,410",
113/09/23,"959,284","58,799,212",61.60,61.60,61.10,61.10,-0.30,"1,084",
113/09/24,"428,993","26,163,970",61.10,61.10,60.80,61.00,-0.10,728,
113/09/25,"1,033,673","63,205,636",61.00,61.70,60.80,61.00, 0.00,"1,368",
113/09/26,"793,206","48,578,701",61.50,61.50,61.00,61.10,+0.10,779,
113/09/27,"1,050,582","64,642,076",61.70,61.80,61.30,61.80,+0.70,"1,150",
113/09/30,"844,143","52,169,528",61.80,62.10,61.50,61.70,-0.10,850,
113/10/01,"576,482","35,528,921",61.60,61.90,61.50,61.70, 0.00,"1,161",
113/10/04,"716,713","44,074,174",61.70,61.70,61.20,61.50,-0.20,956,
113/10/07,"677,621","41,599,241",61.20,61.60,61.20,61.50, 0.00,"1,038",
113/10/08,"931,680","56,889,492",60.90,61.60,60.80,60.90,-0.60,"1,226",
113/10/09,"413,712","25,243,735",61.10,61.20,60.80,60.80,-0.10,758,
113/10/11,"511,770","31,193,438",60.80,61.20,60.80,60.80, 0.00,824,
113/10/14,"515,087","31,337,836",60.80,61.00,60.70,60.80, 0.00,877,
113/10/15,"733,234","44,746,348",60.80,61.30,60.80,60.90,+0.10,866,
113/10/16,"1,179,727","71,730,586",60.90,61.00,60.50,61.00,+0.10,"1,593",
113/10/17,"1,029,664","62,441,946",60.70,61.00,60.40,60.60,-0.40,"1,641",
113/10/18,"919,367","56,241,371",60.90,61.50,60.60,61.30,+0.70,956,
113/10/21,"561,981","34,520,924",62.00,62.00,61.20,61.30, 0.00,"1,045",
113/10/22,"312,966","19,095,428",61.50,61.50,60.90,60.90,-0.40,655,
113/10/23,"703,520","42,656,104",60.70,60.90,60.50,60.50,-0.40,"1,353",
113/10/24,"1,216,745","73,307,171",60.80,60.80,60.00,60.20,-0.30,"1,882",
113/10/25,"647,269","38,966,610",60.50,60.60,60.00,60.20, 0.00,"1,143",
113/10/28,"1,034,855","62,099,856",60.30,60.30,59.90,60.20, 0.00,"1,494",
113/10/29,"1,221,136","73,019,204",60.00,60.00,59.50,59.90,-0.30,"1,995",
113/10/30,"1,026,916","61,343,695",60.50,60.50,59.50,59.80,-0.10,"1,600",
113/11/01,"1,569,703","93,929,136",59.90,60.70,59.50,60.70,+0.90,"1,847",
113/11/04,"434,158","26,171,245",60.70,60.70,60.00,60.20,-0.50,931,
113/11/05,"584,389","35,123,910",60.20,60.70,60.00,60.00,-0.20,820,
113/11/06,"422,465","25,342,918",60.10,60.20,59.90,60.10,+0.10,733,
113/11/07,"655,704","39,408,616",60.00,60.30,60.00,60.00,-0.10,958,
113/11/08,"663,739","39,916,597",60.30,60.50,59.90,59.90,-0.10,944,
113/11/11,"1,384,468","82,381,432",60.00,60.00,59.20,59.70,-0.20,"2,391",
113/11/12,"1,474,621","87,146,900",59.30,59.40,59.00,59.00,-0.70,"2,729",
113/11/13,"1,282,843","75,410,718",58.90,59.00,58.50,58.80,-0.20,"2,401",
113/11/14,"2,037,129","118,205,875",58.50,58.60,57.70,58.10,-0.70,"3,546",
113/11/15,"1,496,703","86,616,599",58.30,58.40,57.60,57.80,-0.30,"3,060",
113/11/18,"1,473,046","84,055,196",58.10,58.10,56.80,57.00,-0.80,"3,023",
113/11/19,"1,674,111","96,476,929",57.00,58.80,56.60,58.60,+1.60,"1,533",
113/11/20,"1,054,702","61,083,865",58.50,58.50,57.50,58.10,-0.50,"1,955",
113/11/21,"719,449","41,458,957",58.00,58.00,57.50,57.60,-0.50,"1,366",
113/11/22,"711,920","41,512,367",58.00,58.60,57.80,58.40,+0.80,824,
113/11/25,"1,253,827","73,921,669",58.50,59.30,58.40,58.80,+0.40,"1,291",
113/11/26,"553,066","32,401,737",59.20,59.20,58.30,58.40,-0.40,972,
113/11/27,"651,367","37,961,426",58.40,58.70,57.90,58.20,-0.20,948,
113/11/28,"531,972","30,658,986",58.30,58.30,57.40,57.70,-0.50,"1,210",
113/11/29,"824,328","47,713,772",57.30,58.60,56.90,58.60,+0.90,914,
113/12/02,"887,932","51,739,019",58.60,58.80,57.90,58.00,-0.60,"1,388",
113/12/03,"740,951","43,060,676",58.20,58.60,57.90,58.60,+0.60,"1,016",
113/12/04,"868,104","50,627,321",58.60,58.70,58.00,58.20,-0.40,976,
113/12/05,"853,242","49,930,299",58.50,58.80,58.30,58.50,+0.30,914,
113/12/06,"472,604","27,659,823",58.50,59.00,58.30,58.30,-0.20,904,
113/12/09,"553,317","32,167,997",58.30,58.50,57.90,57.90,-0.40,"1,060",
113/12/10,"868,472","50,047,280",58.00,58.10,57.40,57.40,-0.50,"1,572",
113/12/11,"714,517","41,198,542",57.40,58.00,57.40,57.60,+0.20,999,
113/12/12,"412,787","23,747,928",57.50,57.70,57.20,57.40,-0.20,843,
113/12/13,"813,812","46,436,616",57.40,57.40,56.90,57.00,-0.40,"1,583",
113/12/16,"1,933,261","109,020,731",56.70,57.00,56.00,56.10,-0.90,"3,827",
113/12/17,"2,864,928","157,983,485",56.00,56.00,54.80,55.00,-1.10,"4,744",
113/12/18,"2,431,048","131,821,051",54.90,54.90,53.90,54.30,-0.70,"3,695",
113/12/19,"3,094,836","164,196,715",53.80,53.80,52.70,52.80,-1.50,"5,361",
113/12/20,"7,182,941","368,431,640",52.00,52.30,50.50,51.00,-1.80,"7,087",
113/12/23,"2,001,159","103,752,094",51.50,52.40,51.20,52.20,+1.20,"3,309",
113/12/24,"2,298,393","122,279,815",52.60,53.80,52.60,53.10,+0.90,"2,071",
113/12/25,"1,130,975","59,532,838",53.40,53.40,52.30,52.50,-0.60,"1,749",
113/12/26,"1,687,990","87,298,881",52.50,52.50,51.30,51.40,-1.10,"3,110",
113/12/27,"1,165,360","59,806,602",51.40,51.60,51.00,51.40, 0.00,"1,739",
113/12/30,"1,967,842","100,115,935",51.70,51.70,50.50,50.50,-0.90,"3,721",
113/12/31,"2,580,336","130,771,108",50.50,51.20,50.00,50.70,+0.20,"1,952",
114/01/02,"1,047,675","53,071,439",50.60,50.90,50.40,50.90,+0.20,"1,821",
114/01/03,"961,804","49,633,246",51.50,51.90,51.20,51.50,+0.60,"1,215",
114/01/06,"1,008,066","51,850,873",51.50,51.80,51.10,51.20,-0.30,"1,647",
114/01/07,"1,351,960","68,831,557",51.60,51.70,50.70,50.70,-0.50,"2,190",
114/01/08,"1,237,234","62,465,659",50.70,50.70,50.30,50.50,-0.20,"1,782",
114/01/09,"2,158,017","108,159,285",50.50,50.90,49.70,49.95,-0.55,"3,347",
114/01/10,"3,786,575","184,994,589",49.75,49.75,48.25,49.05,-0.90,"5,580",
114/01/13,"3,272,786","156,191,615",48.60,48.60,47.20,47.80,-1.25,"4,464",
114/01/14,"2,416,168","114,736,261",47.20,48.05,47.15,47.20,-0.60,"3,928",
114/01/15,"2,820,917","133,077,209",47.05,47.80,46.70,47.05,-0.15,"3,045",
114/01/16,"3,282,413","154,106,621",47.60,47.65,46.70,46.75,-0.30,"4,638",
114/01/17,"2,709,105","126,778,826",46.70,47.40,46.15,47.30,+0.55,"2,579",
114/01/20,"2,197,068","105,698,094",47.35,48.90,46.80,48.85,+1.55,"2,489",
114/01/21,"1,809,018","88,659,708",48.85,49.70,48.45,49.30,+0.45,"2,401",
114/01/22,"1,565,396","77,603,825",49.30,49.85,49.15,49.60,+0.30,"2,302",
114/02/03,"2,770,024","139,998,779",49.60,51.30,49.40,51.10,+1.50,"2,633",
114/02/04,"2,521,429","130,162,291",51.20,52.10,50.80,52.00,+0.90,"1,991",
114/02/05,"2,337,172","120,324,714",52.00,52.30,51.00,51.50,-0.50,"2,389",
114/02/06,"1,103,200","56,681,581",51.80,51.90,51.10,51.50, 0.00,"1,470",
114/02/07,"1,087,906","55,479,136",51.60,51.60,50.70,50.90,-0.60,"1,815",
114/02/10,"1,135,174","57,728,452",50.70,51.20,50.40,50.80,-0.10,"1,395",
114/02/11,"968,135","49,227,883",50.90,51.30,50.50,50.60,-0.20,"1,171",
114/02/12,"972,984","49,063,857",50.70,51.00,50.10,50.20,-0.40,"1,698",
114/02/13,"1,398,485","71,681,957",50.50,51.80,50.50,51.80,+1.60,"1,293",
114/02/14,"1,600,980","84,184,853",51.80,53.00,51.50,52.90,+1.10,"1,651",
114/02/17,"1,355,490","71,586,936",53.00,53.00,52.40,52.80,-0.10,"1,477",
114/02/18,"789,089","41,499,411",52.80,52.90,52.40,52.70,-0.10,"1,045",
114/02/19,"1,196,977","63,052,583",52.90,53.20,52.30,52.50,-0.20,"1,436",
114/02/20,"841,174","44,201,213",52.70,53.00,52.10,53.00,+0.50,"1,070",
114/02/21,"873,690","46,283,581",52.90,53.10,52.70,53.10,+0.10,"1,044",
114/02/24,"601,676","31,903,361",53.10,53.20,52.80,53.20,+0.10,896,
114/02/25,"831,994","44,185,382",52.70,53.50,52.60,53.30,+0.10,"1,085",
114/02/26,"729,469","38,704,480",53.10,53.30,52.90,52.90,-0.40,"1,077",
114/02/27,"1,672,762","87,428,803",52.50,52.80,52.00,52.00,-0.90,"2,067",
114/03/03,"1,316,172","67,747,103",52.00,52.00,51.10,51.50,-0.50,"2,100",
114/03/04,"923,578","47,114,581",50.90,51.70,50.40,51.70,+0.20,"1,356",
114/03/05,"806,298","41,438,175",51.30,51.80,51.10,51.30,-0.40,"1,314",
114/03/06,"824,820","42,082,570",51.40,51.50,50.80,51.00,-0.30,"1,538",
114/03/07,"952,024","48,546,946",51.10,51.20,50.80,50.80,-0.20,"1,053",
114/03/10,"1,238,340","63,521,667",50.80,51.50,50.80,51.30,+0.50,"1,187",
114/03/11,"1,408,835","71,462,720",50.90,51.40,50.10,51.00,-0.30,"1,802",
114/03/12,"1,025,240","52,334,061",51.00,51.50,50.60,51.20,+0.20,"1,099",
114/03/13,"1,119,148","57,468,253",51.20,51.70,51.00,51.00,-0.20,"1,129",
114/03/14,"1,143,142","58,685,274",51.10,51.80,51.00,51.30,+0.30,878,
114/03/17,"1,175,825","60,348,046",51.30,51.60,51.00,51.20,-0.10,"1,195",
114/03/18,"1,097,000","56,711,956",51.40,52.00,51.30,51.80,+0.60,"1,021",
114/03/19,"979,695","50,714,463",51.80,52.10,51.50,51.60,-0.20,"1,160",
114/03/20,"1,042,474","53,894,608",51.70,52.00,51.40,51.80,+0.20,947,
114/03/21,"1,237,862","63,498,620",51.70,51.70,51.10,51.10,-0.70,"1,104",
114/03/24,"703,238","36,062,826",51.30,51.50,50.90,51.40,+0.30,750,
114/03/25,"601,793","30,938,629",51.60,51.70,51.30,51.30,-0.10,741,
114/03/26,"664,658","34,142,942",51.30,51.80,51.10,51.30, 0.00,799,
114/03/27,"470,204","23,988,398",51.30,51.30,50.70,51.20,-0.10,816,
114/03/28,"1,465,172","73,729,453",51.00,51.00,50.00,50.10,-1.10,"2,403",
114/03/31,"3,350,682","164,190,680",49.05,49.45,48.75,48.75,-1.35,"4,212",
114/04/01,"1,365,244","68,194,233",48.90,50.60,48.85,50.60,+1.85,"1,373",
114/04/02,"656,936","32,958,723",50.40,50.50,49.85,50.40,-0.20,958,
114/04/07,"1,213,577","55,096,111",45.40,45.40,45.40,45.40,-5.00,"3,054",
114/04/08,"5,954,049","259,940,169",41.00,44.90,41.00,44.80,-0.60,"5,531",
114/04/09,"4,913,367","212,539,711",44.65,45.50,41.35,41.65,-3.15,"4,771",
114/04/10,"2,112,667","96,706,708",45.80,45.80,45.25,45.80,+4.15,"1,161",
114/04/11,"2,051,761","90,976,287",43.25,45.15,43.10,45.05,-0.75,"2,785",
114/04/14,"1,787,648","81,503,376",45.60,46.15,45.20,45.55,+0.50,"1,914",
114/04/15,"972,212","44,363,580",45.45,45.90,45.10,45.80,+0.25,"2,405",
114/04/16,"1,268,786","57,351,254",45.30,45.45,45.00,45.20,-0.60,"1,605",
114/04/17,"602,360","27,035,733",45.10,45.10,44.60,45.10,-0.10,930,
114/04/18,"479,479","21,669,951",45.50,45.50,45.05,45.20,+0.10,695,
114/04/21,"1,022,665","45,522,333",45.20,45.25,44.10,44.15,-1.05,"1,890",
114/04/22,"984,288","42,789,337",43.60,43.95,43.05,43.30,-0.85,"1,897",
114/04/23,"636,438","28,070,955",43.70,44.30,43.70,44.10,+0.80,804,
114/04/24,"538,985","23,727,698",44.55,44.55,43.85,43.85,-0.25,999,
114/04/25,"389,002","17,163,856",44.10,44.40,43.95,44.00,+0.15,826,
114/04/28,"1,420,825","61,913,752",43.85,43.90,43.35,43.45,-0.55,"2,206",
114/04/29,"1,001,846","43,845,658",43.40,43.85,43.40,43.80,+0.35,"1,071",
114/04/30,"1,570,325","68,693,018",43.70,44.10,43.20,43.70,-0.10,"1,429",
114/05/02,"1,691,561","75,195,094",43.90,44.85,43.85,44.50,+0.80,"1,562",
114/05/05,"4,768,651","221,567,081",45.35,47.40,45.35,46.05,+1.55,"3,513",
114/05/06,"1,569,582","72,962,705",46.75,46.85,46.20,46.30,+0.25,"3,401",
114/05/07,"932,161","42,993,073",46.45,46.45,45.85,46.00,-0.30,"1,560",
114/05/08,"729,413","33,531,432",46.10,46.40,45.75,45.90,-0.10,952,
114/05/09,"1,056,444","48,124,450",45.80,45.90,45.20,45.90, 0.00,"1,305",
114/05/12,"992,500","45,761,743",46.35,46.55,45.85,45.90, 0.00,"1,097",
114/05/13,"1,061,387","48,778,315",46.10,46.30,45.75,45.90, 0.00,"1,154",
114/05/14,"1,402,602","65,057,638",46.00,46.80,46.00,46.70,+0.80,"1,217",
114/05/15,"1,349,581","63,311,309",46.90,47.20,46.65,46.75,+0.05,"1,239",
114/05/16,"1,095,243","51,483,261",46.80,47.25,46.80,46.85,+0.10,997,
114/05/19,"924,902","42,844,720",47.00,47.00,46.00,46.30,-0.55,"1,376",
114/05/20,"773,464","35,804,926",46.55,46.55,46.00,46.35,+0.05,933,
114/05/21,"756,815","35,133,526",46.35,46.70,46.25,46.25,-0.10,"1,173",
114/05/22,"1,126,029","51,555,953",46.25,46.25,45.60,45.95,-0.30,"1,380",
114/05/23,"659,470","30,131,954",45.50,45.80,45.50,45.60,-0.35,981,
114/05/26,"1,061,779","48,740,021",45.65,46.10,45.60,46.00,+0.40,"1,171",
114/05/27,"1,477,356","67,041,018",45.95,45.95,45.00,45.00,-1.00,"2,132",
114/05/28,"1,390,342","62,528,621",45.35,45.55,44.75,44.95,-0.05,"1,465",
114/05/29,"1,285,211","57,726,129",45.15,45.25,44.60,45.25,+0.30,"1,378",
114/06/02,"1,110,904","49,395,858",45.10,45.10,44.00,44.50,-0.75,"1,614",
114/06/03,"1,052,303","46,774,936",44.85,44.85,44.00,44.80,+0.30,"1,327",
114/06/04,"2,059,774","93,829,811",44.90,47.20,44.40,47.20,+2.40,"1,414",
114/06/05,"1,153,138","52,931,719",46.40,46.40,45.40,46.10,-1.10,"1,533",
114/06/06,"789,162","36,158,917",46.10,46.35,45.35,45.85,-0.25,893,
114/06/09,"834,708","37,950,555",45.85,45.85,45.15,45.50,-0.35,"1,062",
114/06/10,"1,046,270","47,731,061",45.85,46.05,45.10,45.55,+0.05,"1,212",
114/06/11,"1,189,539","53,843,523",45.50,45.65,45.00,45.20,-0.35,"1,439",
114/06/12,"966,599","43,488,152",45.50,45.50,44.75,45.00,-0.20,"1,177",
114/06/13,"1,584,691","70,593,487",44.65,44.70,44.45,44.45,-0.55,"1,764",
114/06/16,"1,094,628","48,364,294",44.45,44.50,44.00,44.40,-0.05,"1,366",
114/06/17,"911,910","40,393,613",44.50,44.60,44.15,44.35,-0.05,"1,064",
114/06/18,"1,134,346","50,378,228",44.50,44.90,44.05,44.55,+0.20,"1,332",
114/06/19,"1,285,233","56,656,461",44.40,44.40,43.95,44.10,-0.45,"1,419",
114/06/20,"10,167,652","441,305,377",44.10,44.15,43.35,43.35,-0.75,"2,305",
114/06/23,"2,125,910","90,362,328",43.20,43.20,42.20,42.35,-1.00,"3,178",
114/06/24,"1,437,919","61,603,808",42.55,43.20,42.55,42.65,+0.30,"1,579",
114/06/25,"1,297,718","55,629,084",43.00,43.10,42.60,42.60,-0.05,"1,485",
114/06/26,"1,305,698","56,251,373",42.35,43.50,42.35,43.10,+0.50,"1,357",
114/06/27,"1,084,958","47,033,125",43.15,43.70,43.05,43.55,+0.45,"1,153",
114/06/30,"1,042,801","45,180,127",43.45,43.60,43.00,43.00,-0.55,"1,382",
114/07/01,"1,176,467","51,468,490",43.10,44.20,43.10,43.75,+0.75,"1,134",
114/07/02,"730,314","31,968,925",43.90,44.10,43.55,43.80,+0.05,834,
114/07/03,"1,547,169","68,726,918",43.85,44.75,43.85,44.30,+0.50,"1,217",
114/07/04,"1,547,171","68,733,653",44.45,44.85,44.10,44.10,-0.20,"1,411",
114/07/07,"2,821,484","128,405,253",44.25,46.00,44.25,45.80,+1.70,"2,313",
114/07/08,"1,674,188","76,281,807",45.75,45.95,45.20,45.20,-0.60,"1,749",
114/07/09,"971,336","44,019,405",45.25,45.55,45.00,45.45,+0.25,988,
114/07/10,"1,595,209","73,541,616",45.30,46.50,45.30,46.35,+0.90,"1,590",
114/07/11,"3,546,992","168,505,927",46.90,48.00,46.50,47.80,+1.45,"3,495",
114/07/14,"2,753,664","132,279,330",47.80,48.55,47.50,47.75,-0.05,"3,523",
114/07/15,"1,753,544","83,909,354",47.60,48.25,47.20,48.00,+0.25,"1,629",
114/07/16,"1,324,554","63,568,758",47.85,48.15,47.65,48.05,+0.05,"1,371",
114/07/17,"1,323,228","64,058,612",48.05,48.70,47.95,48.40,+0.35,"1,297",
114/07/18,"2,257,615","110,297,073",48.75,49.35,48.50,48.50,+0.10,"1,966",
114/07/21,"1,991,450","96,675,537",48.50,48.85,48.20,48.50, 0.00,"2,122",
114/07/22,"3,189,643","153,730,541",48.70,48.70,47.85,47.95,-0.55,"2,938",
114/07/23,"3,991,539","193,600,366",48.00,48.90,47.95,48.60,+0.65,"2,713",
114/07/24,"2,916,396","130,797,936",45.30,45.35,44.50,44.80,X0.00,"3,390",
114/07/25,"1,822,177","81,280,512",44.60,44.90,44.35,44.60,-0.20,"2,006",
114/07/28,"1,197,794","53,263,010",44.60,44.80,44.25,44.45,-0.15,"1,650",
114/07/29,"1,176,172","52,300,766",44.50,44.90,44.30,44.30,-0.15,"1,418",
114/07/30,"1,838,154","83,984,835",44.45,46.15,44.45,46.15,+1.85,"1,951",
114/07/31,"1,738,343","79,431,712",46.05,46.40,45.40,45.40,-0.75,"2,510",
114/08/01,"1,911,851","86,705,870",44.75,45.95,44.50,45.25,-0.15,"1,426",
114/08/04,"1,834,483","82,877,438",44.90,45.75,44.30,45.30,+0.05,"1,396",
114/08/05,"1,445,836","66,462,621",45.40,46.25,45.20,46.15,+0.85,"1,748",
114/08/06,"1,277,339","59,080,292",46.00,46.65,45.80,46.50,+0.35,"1,179",
114/08/07,"930,999","43,054,074",46.50,46.70,46.00,46.05,-0.45,"1,179",
114/08/08,"991,151","45,503,401",46.20,46.40,45.60,45.95,-0.10,"1,313",
114/08/11,"1,856,282","84,392,167",46.00,46.00,45.20,45.25,-0.70,"1,795",
114/08/12,"1,621,941","73,077,868",45.30,45.50,44.70,44.90,-0.35,"2,018",
114/08/13,"1,080,027","48,706,408",45.10,45.30,44.90,45.20,+0.30,"1,112",
114/08/14,"1,369,024","62,977,029",45.55,46.45,45.55,46.15,+0.95,"1,474",
114/08/15,"1,517,914","70,450,194",46.35,46.70,46.00,46.70,+0.55,"2,015",
114/08/18,"2,468,591","117,346,933",46.85,48.20,46.85,47.50,+0.80,"3,330",
114/08/19,"1,600,344","76,300,944",47.50,47.95,47.30,47.60,+0.10,"2,117",
114/08/20,"1,865,567","87,536,708",47.70,47.70,46.50,46.85,-0.75,"3,207",
114/08/21,"1,368,781","65,142,475",46.85,48.00,46.70,47.75,+0.90,"2,110",
114/08/22,"1,037,282","49,535,687",47.75,48.00,47.55,47.80,+0.05,"2,249",
114/08/25,"1,726,364","83,846,242",48.15,48.90,48.10,48.55,+0.75,"2,214",
114/08/26,"2,436,538","119,760,062",48.55,49.50,48.45,49.20,+0.65,"4,288",
114/08/27,"1,734,855","84,638,566",49.20,49.45,48.40,48.85,-0.35,"6,062",
114/08/28,"2,616,439","129,946,947",48.85,50.20,48.60,49.75,+0.90,"2,482",
114/08/29,"1,700,892","84,620,314",50.40,50.40,49.30,49.60,-0.15,"4,054",
114/09/01,"2,148,455","104,805,782",49.50,49.50,48.25,48.25,-1.35,"2,603",
114/09/02,"1,373,592","65,848,186",48.25,48.60,47.65,47.90,-0.35,"1,924",
114/09/03,"680,172","32,556,033",47.90,48.15,47.50,48.00,+0.10,"1,213",
114/09/04,"819,906","39,530,803",48.00,48.40,48.00,48.35,+0.35,786,
114/09/05,"606,438","29,338,885",48.40,48.55,48.10,48.55,+0.20,964,
114/09/08,"1,314,922","64,439,355",48.45,49.30,48.35,49.15,+0.60,"1,631",
114/09/09,"877,300","43,142,375",49.30,49.40,49.00,49.25,+0.10,"2,379",
114/09/10,"918,242","45,023,831",49.15,49.25,48.80,49.05,-0.20,"2,367",
114/09/11,"2,220,439","107,147,308",49.05,49.10,47.85,48.05,-1.00,"2,760",
114/09/12,"902,484","43,502,638",48.55,48.60,48.00,48.05, 0.00,"1,069",
114/09/15,"768,580","36,961,456",48.05,48.35,47.90,48.05, 0.00,"1,470",
114/09/16,"1,227,632","58,796,752",48.05,48.15,47.70,47.80,-0.25,"1,557",
114/09/17,"966,308","46,153,508",47.75,48.00,47.60,47.60,-0.20,"1,168",
114/09/18,"1,868,398","91,049,697",48.00,49.00,47.95,48.75,+1.15,"1,556",
114/09/19,"1,930,717","94,749,036",49.35,49.35,48.80,49.00,+0.25,"2,161",
114/09/22,"1,986,935","98,678,260",49.50,50.00,49.30,49.40,+0.40,"3,750",
114/09/23,"1,908,896","93,023,934",49.60,49.60,48.15,48.60,-0.80,"7,073",
114/09/24,"887,401","43,170,214",48.90,48.95,48.40,48.60, 0.00,"1,030",
114/09/25,"887,283","43,371,696",48.70,49.25,48.45,48.80,+0.20,"1,161",
114/09/26,"1,131,319","54,557,952",48.85,48.85,48.00,48.20,-0.60,"1,997",
114/09/30,"709,981","34,470,884",48.75,48.80,48.30,48.70,+0.50,878,
114/10/01,"956,272","46,187,935",48.55,48.70,48.05,48.15,-0.55,"1,396",
114/10/02,"887,572","42,640,678",48.35,48.35,47.85,48.05,-0.10,"1,130",
114/10/03,"1,491,229","71,763,836",47.90,48.45,47.75,48.45,+0.40,"1,484",
114/10/07,"1,627,801","78,196,029",47.90,48.40,47.90,47.95,-0.50,"2,662",
114/10/08,"2,160,780","105,267,543",47.75,49.10,47.75,49.00,+1.05,"2,012",
114/10/09,"1,916,849","94,424,776",49.20,49.70,48.80,48.95,-0.05,"3,695",
114/10/13,"4,124,960","204,635,207",48.20,50.40,47.95,50.40,+1.45,"4,774",
114/10/14,"3,092,524","156,172,530",50.60,51.20,49.80,50.10,-0.30,"7,610",
114/10/15,"1,818,769","90,028,211",50.50,50.70,49.10,49.35,-0.75,"14,443",
114/10/16,"907,777","44,811,748",49.95,49.95,49.15,49.50,+0.15,"2,774",
114/10/17,"1,054,021","52,181,139",49.50,49.95,49.20,49.35,-0.15,"1,784",
114/10/20,"1,369,342","66,858,560",49.35,49.65,48.55,48.65,-0.70,"2,676",
114/10/21,"1,759,027","84,943,344",48.65,48.70,48.05,48.10,-0.55,"2,465",
114/10/22,"1,064,113","51,437,364",48.10,48.45,48.10,48.40,+0.30,972,
114/10/23,"1,018,214","49,629,654",48.40,49.10,48.10,48.90,+0.50,"1,472",
114/10/27,"1,037,012","50,485,140",48.90,49.20,48.45,48.60,-0.30,"2,237",
114/10/28,"1,114,425","53,834,958",49.00,49.00,48.10,48.15,-0.45,"1,667",
114/10/29,"1,130,857","54,687,206",48.25,48.75,48.10,48.35,+0.20,"1,236",
114/10/30,"1,361,759","65,998,085",48.35,48.75,48.10,48.35, 0.00,"1,688",
114/10/31,"1,247,788","60,465,149",48.60,48.90,48.20,48.25,-0.10,"2,270",
114/11/03,"1,992,453","96,810,840",48.20,48.95,47.85,48.75,+0.50,"1,902",
114/11/04,"1,246,638","61,067,216",48.75,49.45,48.75,49.00,+0.25,"2,016",
114/11/05,"1,052,042","51,051,455",48.95,48.95,48.20,48.80,-0.20,"4,835",
114/11/06,"1,967,662","97,460,711",49.05,49.80,49.00,49.75,+0.95,"2,308",
114/11/07,"1,406,018","68,902,414",49.75,49.75,48.65,48.65,-1.10,"8,617",
114/11/10,"2,761,103","131,807,262",48.65,48.65,47.30,47.70,-0.95,"4,445",
114/11/11,"1,355,432","64,502,399",47.70,48.10,47.40,47.40,-0.30,"1,589",
114/11/12,"1,745,759","84,497,032",47.40,48.70,47.40,48.40,+1.00,"1,513",
114/11/13,"2,700,297","128,453,843",48.40,48.40,47.30,47.35,-1.05,"5,273",
114/11/14,"1,488,730","70,875,751",47.35,48.20,46.60,47.35, 0.00,"1,512",
114/11/17,"1,614,174","76,267,641",47.00,47.85,46.85,47.35, 0.00,"2,090",
114/11/18,"1,673,297","78,435,991",47.25,47.40,46.60,46.85,-0.50,"3,818",
114/11/19,"1,275,719","59,560,552",46.90,47.00,46.45,46.55,-0.30,"1,443",
114/11/20,"953,308","44,942,352",46.65,47.35,46.65,47.20,+0.65,854,
114/11/21,"1,757,134","83,632,940",47.20,47.95,47.20,47.60,+0.40,"2,065",
114/11/24,"1,766,696","84,775,754",47.95,48.25,47.75,48.05,+0.45,"2,348",
114/11/25,"878,464","41,909,289",48.10,48.10,47.50,47.65,-0.40,"1,858",
114/11/26,"1,284,230","61,796,295",47.55,48.40,47.55,48.15,+0.50,"1,112",
114/11/27,"641,807","30,825,558",47.85,48.35,47.85,48.05,-0.10,"1,961",
114/11/28,"701,587","33,618,089",48.00,48.15,47.75,47.90,-0.15,976,
114/12/01,"957,722","45,647,580",47.90,48.05,47.45,47.45,-0.45,"1,165",
114/12/02,"738,192","35,159,064",47.45,47.90,47.45,47.50,+0.05,914,
114/12/03,"870,459","41,270,199",47.55,47.70,47.25,47.35,-0.15,"1,414",
114/12/04,"530,564","25,111,131",47.35,47.60,47.20,47.30,-0.05,745,
114/12/05,"971,876","45,798,176",47.20,47.30,47.00,47.20,-0.10,"1,524",
114/12/08,"709,466","33,548,996",47.20,47.50,47.15,47.15,-0.05,971,
114/12/09,"1,061,525","49,866,790",47.05,47.20,46.90,47.20,+0.05,"1,301",
114/12/10,"1,274,787","59,828,698",47.00,47.30,46.75,46.80,-0.40,"1,642",
114/12/11,"1,312,158","62,092,562",47.30,47.75,47.00,47.05,+0.25,"1,059",
114/12/12,"738,023","34,984,544",47.50,47.60,47.15,47.15,+0.10,"1,210",
114/12/15,"979,721","46,012,456",47.05,47.15,46.80,47.10,-0.05,"1,239",
114/12/16,"1,299,817","60,760,594",46.80,46.90,46.60,46.85,-0.25,"1,565",
114/12/17,"1,365,792","63,800,592",46.60,46.95,46.55,46.60,-0.25,"1,601",
114/12/18,"1,035,138","48,306,010",46.60,46.95,46.35,46.85,+0.25,"1,236",
114/12/19,"4,030,643","192,896,853",46.75,48.80,46.55,48.40,+1.55,"2,796",
114/12/22,"1,948,330","93,329,059",48.40,48.60,47.65,47.95,-0.45,"5,265",
114/12/23,"2,081,896","100,210,077",47.95,48.45,47.85,48.25,+0.30,"1,562",
114/12/24,"969,528","46,356,275",48.05,48.20,47.60,47.90,-0.35,"5,501",
114/12/26,"632,560","30,152,860",47.95,47.95,47.55,47.70,-0.20,920,
114/12/29,"847,617","40,617,154",47.75,48.15,47.60,48.00,+0.30,890,
114/12/30,"589,823","28,195,902",48.05,48.05,47.60,47.85,-0.15,"2,168",
114/12/31,"898,222","42,749,346",47.90,47.90,47.50,47.55,-0.30,"1,161",
115/01/02,"1,833,903","86,446,562",47.55,47.55,46.90,47.00,-0.55,"2,308",
115/01/05,"4,206,255","195,660,481",47.00,47.10,46.20,46.25,-0.75,"4,029",
115/01/06,"2,156,121","99,602,579",46.25,46.60,46.00,46.15,-0.10,"2,494",
115/01/07,"1,894,303","87,534,716",46.10,46.55,46.05,46.25,+0.10,"2,301",
115/01/08,"1,765,482","81,540,861",46.25,46.35,46.00,46.25, 0.00,"2,092",
115/01/09,"1,410,732","65,519,847",46.30,46.80,46.05,46.80,+0.55,"1,380",
115/01/12,"1,914,563","88,783,481",46.80,46.80,46.25,46.25,-0.55,"3,249",
115/01/13,"1,154,461","53,518,645",46.55,46.60,46.20,46.50,+0.25,"1,161",
115/01/14,"1,648,706","77,390,642",46.60,47.25,46.55,47.25,+0.75,"1,876",
115/01/15,"1,084,376","51,042,768",47.30,47.35,46.85,46.95,-0.30,"2,429",
115/01/16,"1,483,386","69,556,781",47.00,47.20,46.65,46.75,-0.20,"2,168",
115/01/19,"1,813,914","84,845,945",46.50,47.15,46.30,46.70,-0.05,"1,768",
115/01/20,"1,114,698","51,929,746",46.40,46.70,46.40,46.55,-0.15,"2,400",
115/01/21,"1,994,271","92,244,225",46.50,46.50,46.05,46.15,-0.40,"2,514",
115/01/22,"1,184,822","54,858,845",46.50,46.55,46.15,46.25,+0.10,"1,359",
115/01/23,"1,451,177","67,626,326",46.25,47.00,46.25,46.60,+0.35,"1,617",
115/01/26,"1,295,975","60,742,256",46.60,47.00,46.60,46.90,+0.30,"1,097",
115/01/27,"2,176,662","102,366,084",47.20,47.70,46.60,46.80,-0.10,"3,365",
115/01/28,"1,651,437","76,739,577",46.80,46.90,46.35,46.55,-0.25,"1,747",
115/01/29,"1,297,376","60,179,294",46.45,46.55,46.20,46.50,-0.05,"1,327",
115/01/30,"3,066,846","141,262,850",46.35,46.40,45.95,45.95,-0.55,"2,656",
115/02/02,"1,795,748","81,583,998",45.95,45.95,45.20,45.45,-0.50,"2,312",
115/02/03,"1,479,072","66,969,811",45.60,45.80,45.05,45.20,-0.25,"1,951",
115/02/04,"1,912,145","86,295,211",45.35,45.35,45.00,45.10,-0.10,"2,124",
115/02/05,"1,043,440","47,485,288",45.15,45.75,45.15,45.45,+0.35,"1,068",
115/02/06,"1,663,654","74,832,209",45.45,45.45,44.85,44.95,-0.50,"1,859",
115/02/09,"1,480,620","66,679,394",45.10,45.40,44.85,44.90,-0.05,"1,616",
115/02/10,"2,205,438","98,998,131",45.00,45.25,44.60,45.20,+0.30,"2,456",
115/02/11,"1,535,362","69,563,373",45.55,45.55,45.10,45.35,+0.15,"2,656",
115/02/23,"2,743,932","123,679,812",45.45,45.55,44.80,45.00,-0.35,"3,526",
115/02/24,"1,917,913","86,299,530",45.00,45.30,44.90,44.90,-0.10,"2,198",
115/02/25,"3,494,962","156,041,229",44.90,44.95,44.50,44.65,-0.25,"4,127",
115/02/26,"2,875,701","128,223,664",44.70,45.00,44.30,44.85,+0.20,"2,702",
115/03/02,"2,151,525","96,115,476",44.85,45.10,44.25,44.75,-0.10,"1,978",
115/03/03,"2,659,035","118,035,807",44.75,44.75,44.15,44.40,-0.35,"3,325",
115/03/04,"3,691,697","161,286,955",44.20,44.20,43.45,43.65,-0.75,"3,983",
115/03/05,"1,572,443","69,139,861",43.75,44.40,43.75,44.00,+0.35,"1,679",
115/03/06,"4,844,552","219,510,278",44.00,46.95,43.65,45.25,+1.25,"3,741",
115/03/09,"4,417,194","194,003,428",43.80,44.85,43.50,43.60,-1.65,"4,118",
115/03/10,"1,539,147","67,739,796",44.75,44.75,43.65,44.10,+0.50,"1,667",
115/03/11,"4,936,523","215,255,598",44.55,44.55,43.25,43.75,-0.35,"4,405",
115/03/12,"3,082,432","133,307,868",43.50,43.60,43.05,43.35,-0.40,"3,044",
115/03/13,"4,417,657","191,717,850",43.55,44.00,43.05,43.55,+0.20,"3,411",
115/03/16,"4,985,223","221,729,204",44.25,45.30,43.70,44.05,+0.50,"3,597",
115/03/17,"1,700,737","75,439,694",44.05,44.70,44.00,44.40,+0.35,"1,934",
115/03/18,"2,657,130","119,395,181",44.85,45.20,44.60,45.15,+0.75,"2,230",
115/03/19,"2,059,761","92,395,135",45.05,45.25,44.60,44.60,-0.55,"2,669",
115/03/20,"2,453,932","108,775,550",44.50,45.05,43.85,43.85,-0.75,"3,146",
115/03/23,"2,265,012","99,631,067",43.30,44.50,43.05,44.05,+0.20,"2,144",
115/03/24,"1,851,077","81,536,617",44.05,44.45,43.85,44.10,+0.05,"1,880",
115/03/25,"1,530,599","67,991,886",44.90,44.90,44.05,44.75,+0.65,"1,352",
115/03/26,"2,377,539","107,296,247",44.90,45.35,44.80,45.20,+0.45,"1,807",
115/03/27,"1,785,775","80,396,103",45.00,45.40,44.80,44.85,-0.35,"2,726",
115/03/30,"1,933,945","86,808,249",44.90,45.20,44.50,44.75,-0.10,"1,907",
115/03/31,"3,490,277","158,142,238",44.85,46.05,44.75,45.05,+0.30,"2,359",
115/04/01,"1,718,305","77,189,698",44.70,45.40,44.65,44.85,-0.20,"2,455",
115/04/02,"1,300,722","58,452,658",44.90,45.10,44.75,44.95,+0.10,"1,170",
115/04/07,"1,081,457","48,559,664",45.00,45.15,44.65,45.00,+0.05,"1,372",
115/04/08,"1,965,209","88,398,372",45.10,45.30,44.70,44.90,-0.10,"1,739",
115/04/09,"1,344,143","59,952,875",44.95,44.95,44.50,44.65,-0.25,"1,560",
115/04/10,"1,883,682","83,800,577",44.35,44.85,44.30,44.35,-0.30,"1,904",
115/04/13,"2,376,238","104,540,384",44.20,44.30,43.75,44.20,-0.15,"2,377",
115/04/14,"2,288,909","100,828,871",44.20,44.25,43.85,44.00,-0.20,"2,388",
115/04/15,"2,504,135","109,942,949",44.00,44.20,43.70,43.75,-0.25,"3,094",
115/04/16,"1,473,168","65,098,119",43.90,44.40,43.90,44.30,+0.55,"1,421",
115/04/17,"2,804,299","124,584,659",44.60,44.75,44.15,44.40,+0.10,"1,963",
115/04/20,"4,200,213","184,148,659",44.40,44.40,43.70,43.75,-0.65,"5,140",
115/04/21,"3,169,235","138,269,270",43.80,43.80,43.50,43.65,-0.10,"2,497",
115/04/22,"3,201,276","139,310,916",43.50,43.75,43.40,43.50,-0.15,"2,828",
115/04/23,"4,273,689","184,502,861",43.50,43.55,43.00,43.05,-0.45,"3,680",
115/04/24,"4,230,131","180,093,493",43.05,43.10,42.35,42.50,-0.55,"4,456",
115/04/27,"5,888,858","245,391,909",42.50,42.50,41.30,41.70,-0.80,"5,561",
115/04/28,"2,167,167","90,674,444",41.70,42.05,41.65,41.80,+0.10,"3,202",
115/04/29,"1,754,382","73,493,089",42.20,42.20,41.75,41.90,+0.10,"1,752",
115/04/30,"3,003,240","124,905,807",41.70,42.00,41.30,41.30,-0.60,"3,075",
115/05/04,"3,744,010","154,353,161",41.30,41.40,41.05,41.25,-0.05,"2,963",
115/05/05,"2,304,314","95,769,618",41.30,41.85,41.25,41.60,+0.35,"1,967",
115/05/06,"3,059,182","126,336,254",41.60,41.60,41.15,41.35,-0.25,"3,107",
115/05/07,"3,190,981","132,304,211",41.35,41.75,41.15,41.70,+0.35,"2,169",
115/05/08,"3,007,407","126,582,167",41.75,42.35,41.75,42.15,+0.45,"2,753",
115/05/11,"5,460,594","224,824,997",42.10,42.10,41.00,41.10,-1.05,"4,882",
115/05/12,"4,754,538","192,617,074",41.20,41.20,40.35,40.50,-0.60,"4,774",
115/05/13,"4,180,833","167,300,381",40.15,40.50,39.70,40.30,-0.20,"3,820",
115/05/14,"3,408,595","136,300,789",40.30,40.60,39.80,39.95,-0.35,"3,483",
115/05/15,"5,492,819","217,665,431",39.95,40.00,39.30,39.45,-0.50,"5,310",
115/05/18,"4,305,252","167,747,525",39.30,39.30,38.75,38.80,-0.65,"3,698",
115/05/19,"3,206,788","124,640,550",38.80,39.40,38.55,38.65,-0.15,"3,139",
115/05/20,"3,565,313","136,771,672",38.65,38.65,38.25,38.30,-0.35,"3,408",
115/05/21,"1,873,714","72,706,202",38.35,39.00,38.35,38.85,+0.55,"1,659",
115/05/22,"3,163,692","122,629,000",38.90,39.05,38.55,38.70,-0.15,"3,043",
