日期,成交股數,成交金額,開盤價,最高價,最低價,收盤價,漲跌價差,成交筆數,註記
109/01/02,"1,211,244","177,766,612",145.50,148.00,144.00,146.00,+1.00,866,
109/01/03,"4,896,894","733,329,918",149.00,152.00,147.50,148.00,+2.00,"3,037",
109/01/06,"2,230,143","332,341,948",148.00,151.00,147.50,147.50,-0.50,"1,321",
109/01/07,"1,914,565","284,647,250",149.00,151.00,145.50,150.50,+3.00,"1,228",
109/01/08,"1,087,460","160,205,120",148.50,149.50,145.50,146.00,-4.50,774,
109/01/09,"3,502,267","532,003,084",151.00,153.50,149.00,153.00,+7.00,"2,416",
109/01/10,"1,292,239","197,901,567",153.50,154.00,151.50,153.50,+0.50,971,
109/01/13,"6,869,784","1,128,199,597",160.00,168.50,157.00,168.50,+15.00,"3,886",
109/01/14,"6,277,661","1,060,496,298",169.50,170.50,167.50,168.50, 0.00,"3,892",
109/01/15,"2,565,447","424,093,030",169.00,169.50,163.00,164.00,-4.50,"1,614",
109/01/16,"2,585,145","413,425,270",162.00,163.50,157.50,160.00,-4.00,"1,805",
109/01/17,"958,752","153,843,572",161.50,162.00,158.50,159.50,-0.50,815,
109/01/20,"3,606,399","563,169,739",161.00,162.50,158.00,158.50,-1.00,889,
109/01/30,"2,399,466","360,986,502",153.00,156.00,147.00,148.00,-10.50,"1,634",
109/01/31,"1,658,476","249,273,900",151.00,152.50,148.50,150.50,+2.50,"1,056",
109/02/03,"1,498,151","219,766,046",145.50,149.50,144.00,146.00,-4.50,"1,222",
109/02/04,"1,603,665","237,964,585",148.00,150.00,146.00,150.00,+4.00,871,
109/02/05,"2,338,395","351,116,736",151.50,153.00,148.50,151.00,+1.00,"1,397",
109/02/06,"3,801,433","587,282,548",153.50,156.50,151.50,155.00,+4.00,"2,173",
109/02/07,"2,989,803","459,268,359",158.00,158.00,150.00,151.50,-3.50,"1,763",
109/02/10,"1,760,239","265,425,850",150.00,153.00,149.50,149.50,-2.00,"1,052",
109/02/11,"1,439,040","217,792,120",150.50,153.00,150.00,152.00,+2.50,877,
109/02/12,"3,804,231","600,981,229",155.00,160.50,154.00,160.00,+8.00,"2,134",
109/02/13,"3,451,142","558,316,504",162.00,164.50,159.00,162.00,+2.00,"2,281",
109/02/14,"1,582,437","255,489,357",164.00,164.50,160.00,160.50,-1.50,946,
109/02/17,"1,548,425","247,898,135",160.00,162.00,158.50,162.00,+1.50,953,
109/02/18,"3,116,933","504,037,807",162.00,166.50,157.50,159.00,-3.00,"2,237",
109/02/19,"1,197,159","191,333,030",160.50,162.00,159.00,160.00,+1.00,816,
109/02/20,"2,153,875","348,112,058",162.00,165.00,159.00,160.00, 0.00,"1,591",
109/02/21,"1,072,705","170,035,534",161.50,161.50,157.00,157.00,-3.00,805,
109/02/24,"1,963,817","298,515,954",154.50,155.50,150.00,151.00,-6.00,"1,329",
109/02/25,"1,950,335","294,635,592",149.50,153.50,148.50,153.00,+2.00,"1,405",
109/02/26,"1,507,454","226,847,100",151.00,152.00,149.50,150.00,-3.00,"1,038",
109/02/27,"3,773,234","552,185,342",152.00,155.00,142.00,142.00,-8.00,"2,731",
109/03/02,"1,747,958","242,700,536",136.00,142.50,132.50,142.00, 0.00,"1,306",
109/03/03,"1,326,920","191,247,100",145.00,145.50,142.50,143.50,+1.50,917,
109/03/04,"1,827,547","255,216,379",142.00,142.50,138.00,138.50,-5.00,"1,388",
109/03/05,"1,682,865","240,702,560",142.00,146.00,140.50,145.00,+6.50,"1,191",
109/03/06,"1,095,761","154,129,919",143.00,143.50,139.50,140.00,-5.00,820,
109/03/09,"1,867,370","257,228,560",137.50,139.00,136.00,138.00,-2.00,"1,159",
109/03/10,"3,149,221","423,168,556",136.50,137.00,132.00,135.00,-3.00,"2,021",
109/03/11,"1,612,314","220,446,232",136.50,138.50,134.00,134.00,-1.00,"1,025",
109/03/12,"3,829,041","477,093,043",132.00,132.00,121.00,123.00,-11.00,"2,344",
109/03/13,"3,995,601","461,460,324",113.00,124.50,111.00,124.50,+1.50,"2,537",
109/03/16,"2,777,757","329,441,176",129.00,129.00,113.50,114.00,-10.50,"2,004",
109/03/17,"4,620,756","497,424,012",110.00,113.50,104.00,107.50,-6.50,"3,319",
109/03/18,"3,469,258","382,723,944",115.00,115.00,107.00,107.00,-0.50,"2,594",
109/03/19,"3,552,757","352,685,347",105.00,105.00,96.30,98.80,-8.20,"2,406",
109/03/20,"2,138,235","224,312,555",104.00,106.50,101.50,104.50,+5.70,"1,455",
109/03/23,"1,814,064","175,459,415",98.50,99.90,95.00,95.00,-9.50,"1,487",
109/03/24,"2,051,489","208,606,509",98.90,103.50,98.40,101.50,+6.50,"1,592",
109/03/25,"1,685,206","185,888,468",105.00,111.50,105.00,111.50,+10.00,997,
109/03/26,"2,164,060","248,979,488",117.00,117.00,112.00,117.00,+5.50,"1,612",
109/03/27,"2,408,551","291,094,120",121.00,123.00,119.00,120.50,+3.50,"1,597",
109/03/30,"1,037,840","123,691,480",119.00,122.00,115.50,122.00,+1.50,746,
109/03/31,"1,317,395","162,371,980",123.50,126.00,119.50,124.50,+2.50,959,
109/04/01,"1,428,946","178,024,412",126.00,128.00,122.00,122.00,-2.50,"1,168",
109/04/06,"1,041,433","128,719,509",122.00,125.00,122.00,123.50,+1.50,675,
109/04/07,"899,859","114,760,740",127.50,129.00,125.50,129.00,+5.50,721,
109/04/08,"1,840,593","232,694,404",130.00,130.50,124.50,126.50,-2.50,"1,562",
109/04/09,"2,473,069","322,288,832",131.00,133.50,128.50,129.00,+2.50,"1,898",
109/04/10,"1,522,541","193,231,207",129.50,130.50,125.00,127.00,-2.00,"1,186",
109/04/13,"1,702,009","217,196,152",128.50,129.00,125.50,127.00, 0.00,"1,231",
109/04/14,"2,015,985","258,959,065",127.50,130.50,126.50,129.00,+2.00,"1,440",
109/04/15,"3,226,588","435,814,968",130.00,137.50,130.00,137.50,+8.50,"2,516",
109/04/16,"1,196,869","163,113,184",135.50,138.00,134.00,135.50,-2.00,959,
109/04/17,"3,196,070","440,986,621",138.50,141.50,135.50,137.50,+2.00,"2,314",
109/04/20,"1,606,863","213,965,210",137.50,137.50,132.00,132.50,-5.00,"1,460",
109/04/21,"1,949,400","258,095,989",132.50,134.00,131.00,131.50,-1.00,"1,114",
109/04/22,"1,194,521","156,213,531",130.50,133.50,128.50,132.00,+0.50,908,
109/04/23,"840,771","111,284,772",133.50,134.00,131.00,132.00, 0.00,700,
109/04/24,"871,610","114,062,300",130.50,132.00,129.50,131.00,-1.00,736,
109/04/27,"1,134,608","153,207,776",132.00,137.00,132.00,134.50,+3.50,796,
109/04/28,"1,372,430","189,347,270",137.00,140.00,134.50,140.00,+5.50,"1,117",
109/04/29,"1,606,080","226,173,360",141.00,142.00,139.00,142.00,+2.00,"1,198",
109/04/30,"1,972,617","277,331,263",144.00,145.50,139.00,139.00,-3.00,"1,563",
109/05/04,"929,643","128,378,877",137.00,140.00,136.00,139.50,+0.50,761,
109/05/05,"767,350","106,607,800",141.00,141.00,137.00,137.50,-2.00,635,
109/05/06,"967,497","133,872,083",137.50,140.00,136.50,138.50,+1.00,753,
109/05/07,"781,603","109,062,420",139.00,140.50,138.00,140.00,+1.50,564,
109/05/08,"878,386","123,075,345",141.00,141.50,139.50,139.50,-0.50,526,
109/05/11,"664,986","92,224,560",139.50,139.50,138.00,138.00,-1.50,482,
109/05/12,"1,067,836","146,062,236",137.50,138.50,135.00,138.50,+0.50,871,
109/05/13,"1,307,217","176,230,578",138.00,138.00,134.00,134.00,-4.50,"1,066",
109/05/14,"1,982,468","260,370,840",132.50,133.00,130.00,131.00,-3.00,"1,445",
109/05/15,"1,074,683","143,293,545",132.50,136.00,130.00,135.50,+4.50,810,
109/05/18,"922,962","122,786,446",134.00,135.00,131.00,133.00,-2.50,710,
109/05/19,"1,768,315","233,286,920",135.00,135.50,130.50,131.00,-2.00,"1,274",
109/05/20,"1,168,515","156,574,267",132.50,135.50,132.50,134.50,+3.50,931,
109/05/21,"1,045,059","143,976,052",136.00,139.50,136.00,137.00,+2.50,786,
109/05/22,"1,751,786","232,277,359",137.50,138.00,130.50,130.50,-6.50,"1,400",
109/05/25,"452,570","59,856,093",132.50,134.00,130.50,133.50,+3.00,379,
109/05/26,"558,456","74,796,376",134.00,135.00,133.00,133.50, 0.00,462,
109/05/27,"1,069,600","143,633,700",135.00,137.00,132.50,133.00,-0.50,887,
109/05/28,"917,956","122,466,213",133.50,135.50,131.50,132.00,-1.00,799,
109/05/29,"999,994","131,610,214",131.50,133.50,131.00,131.00,-1.00,652,
109/06/01,"853,591","114,691,285",131.50,135.50,131.50,135.50,+4.50,710,
109/06/02,"717,242","96,856,670",135.50,136.50,134.00,135.00,-0.50,469,
109/06/03,"1,087,936","148,130,232",136.50,137.50,134.50,136.50,+1.50,772,
109/06/04,"1,082,960","149,381,459",137.50,139.00,136.00,138.50,+2.00,844,
109/06/05,"648,431","89,783,478",138.50,139.50,137.50,138.00,-0.50,509,
109/06/08,"572,689","79,219,960",139.00,139.50,136.50,139.00,+1.00,444,
109/06/09,"2,448,403","349,075,323",143.00,144.50,141.50,141.50,+2.50,"1,841",
109/06/10,"1,761,056","252,376,008",144.00,144.50,141.50,143.50,+2.00,"1,171",
109/06/11,"2,416,107","348,993,622",143.50,146.50,142.50,146.50,+3.00,"1,801",
109/06/12,"3,801,986","541,957,503",143.00,148.00,139.00,142.50,-4.00,"2,893",
109/06/15,"1,406,690","201,949,133",143.00,145.00,142.00,142.00,-0.50,"1,003",
109/06/16,"2,547,758","373,784,652",144.00,149.00,144.00,144.50,+2.50,"1,803",
109/06/17,"1,454,153","213,728,644",146.00,149.00,144.50,148.50,+4.00,"1,089",
109/06/18,"2,619,365","396,378,480",149.00,153.50,148.50,152.00,+3.50,"2,072",
109/06/19,"1,467,258","222,821,700",153.00,154.50,149.00,151.50,-0.50,"1,003",
109/06/22,"1,106,021","168,895,171",151.00,154.50,150.50,151.50, 0.00,802,
109/06/23,"1,322,964","196,664,186",153.00,153.00,147.50,147.50,-4.00,973,
109/06/24,"1,198,621","176,665,975",148.00,149.50,145.50,147.00,-0.50,657,
109/06/29,"1,232,560","180,842,380",145.00,148.50,144.00,148.50,+1.50,845,
109/06/30,"1,880,025","283,322,785",148.50,152.50,148.00,151.50,+3.00,"1,275",
109/07/01,"1,015,462","154,658,300",152.00,153.50,150.00,150.00,-1.50,670,
109/07/02,"1,191,869","180,081,219",151.00,153.00,149.50,151.00,+1.00,890,
109/07/03,"2,940,590","456,792,130",153.00,157.50,152.00,157.00,+6.00,"2,031",
109/07/06,"3,144,342","500,118,036",160.00,164.00,156.50,158.00,+1.00,"2,287",
109/07/07,"1,241,658","196,648,464",161.00,161.00,155.00,159.00,+1.00,"1,032",
109/07/08,"1,327,878","208,203,658",158.50,159.50,156.00,156.50,-2.50,857,
109/07/09,"1,874,534","289,861,452",158.50,158.50,153.00,153.50,-3.00,957,
109/07/10,"1,476,568","228,756,040",154.00,157.00,151.50,155.00,+1.50,"1,063",
109/07/13,"737,698","113,734,794",156.50,157.50,153.00,153.00,-2.00,565,
109/07/14,"428,639","65,472,628",153.50,154.00,152.00,152.00,-1.00,374,
109/07/15,"3,857,034","614,506,372",153.00,163.50,153.00,158.00,+6.00,"2,787",
109/07/16,"1,665,259","262,328,422",159.00,160.00,154.50,159.00,+1.00,"1,364",
109/07/17,"1,903,046","306,161,414",160.00,164.00,158.00,160.50,+1.50,"1,387",
109/07/20,"3,454,449","568,596,289",165.00,172.00,159.50,162.50,+2.00,"2,773",
109/07/21,"3,569,255","602,213,095",166.00,171.00,165.50,170.00,+7.50,"2,555",
109/07/22,"3,438,423","599,263,602",170.00,177.00,170.00,174.00,+4.00,"2,574",
109/07/23,"4,995,055","904,520,120",177.50,186.50,175.00,185.50,+11.50,"3,233",
109/07/24,"3,075,789","537,394,419",178.00,180.00,171.00,172.00,X0.00,"2,289",
109/07/27,"1,889,962","325,831,078",172.50,177.00,168.00,170.00,-2.00,"1,584",
109/07/28,"1,212,109","206,132,530",172.00,173.50,168.00,171.00,+1.00,936,
109/07/29,"1,218,519","203,515,654",170.00,171.50,165.00,166.00,-5.00,953,
109/07/30,"1,153,378","195,610,691",168.00,172.50,168.00,169.00,+3.00,831,
109/07/31,"2,287,195","382,841,980",172.50,173.50,164.00,164.50,-4.50,"1,685",
109/08/03,"990,606","166,368,202",166.00,171.00,165.00,168.00,+3.50,793,
109/08/04,"1,432,818","238,235,242",168.00,168.50,165.50,167.50,-0.50,"1,026",
109/08/05,"1,069,929","182,061,859",168.50,172.00,167.50,171.00,+3.50,829,
109/08/06,"2,218,488","368,407,735",173.00,173.00,162.50,163.50,-7.50,"1,647",
109/08/07,"2,552,364","407,630,920",164.50,165.50,157.50,160.00,-3.50,"1,933",
109/08/10,"842,118","133,501,644",162.00,162.00,157.50,158.00,-2.00,738,
109/08/11,"905,467","143,880,720",160.00,161.00,157.50,158.50,+0.50,769,
109/08/12,"864,040","135,043,320",158.00,158.50,154.00,158.00,-0.50,739,
109/08/13,"925,062","144,059,548",160.00,160.00,154.00,154.00,-4.00,733,
109/08/14,"2,875,328","455,980,487",155.00,160.00,154.50,159.00,+5.00,835,
109/08/17,"697,836","111,336,341",159.00,161.00,156.50,159.00, 0.00,613,
109/08/18,"1,260,320","195,831,920",159.00,160.00,154.50,155.50,-3.50,833,
109/08/19,"1,500,714","237,076,953",157.50,159.50,156.00,157.50,+2.00,"1,028",
109/08/20,"2,130,254","322,596,354",157.50,158.50,147.50,151.00,-6.50,"1,618",
109/08/21,"923,903","142,202,413",152.00,156.00,151.50,155.50,+4.50,789,
109/08/24,"1,206,529","190,367,140",154.50,161.00,153.50,160.00,+4.50,913,
109/08/25,"1,252,249","197,291,842",159.50,160.50,156.00,158.00,-2.00,933,
109/08/26,"1,989,647","324,715,781",157.50,166.00,156.50,164.00,+6.00,"1,485",
109/08/27,"1,750,304","288,032,356",165.00,167.00,162.50,165.00,+1.00,"1,219",
109/08/28,"1,917,945","320,105,480",167.00,169.00,164.00,164.50,-0.50,"1,387",
109/08/31,"1,050,169","169,999,540",166.50,166.50,160.00,161.00,-3.50,806,
109/09/01,"1,807,800","297,365,298",161.00,167.00,161.00,163.00,+2.00,"1,182",
109/09/02,"1,156,916","186,307,016",163.50,165.00,159.50,160.50,-2.50,814,
109/09/03,"927,823","149,799,680",162.50,164.50,160.00,160.00,-0.50,712,
109/09/04,"961,256","151,726,588",158.50,160.50,155.50,157.00,-3.00,712,
109/09/07,"922,658","141,992,002",157.00,157.00,152.00,152.00,-5.00,761,
109/09/08,"659,653","101,650,715",152.50,156.00,152.50,153.00,+1.00,549,
109/09/09,"546,450","83,260,350",152.00,155.50,151.00,154.50,+1.50,445,
109/09/10,"736,968","111,988,604",155.00,155.50,151.00,151.50,-3.00,621,
109/09/11,"1,299,636","201,477,490",153.00,156.00,153.00,156.00,+4.50,737,
109/09/14,"686,522","107,882,476",155.50,159.00,153.50,159.00,+3.00,591,
109/09/15,"463,564","74,116,676",159.00,161.00,159.00,160.00,+1.00,365,
109/09/16,"487,680","78,537,300",159.50,162.00,159.50,160.50,+0.50,407,
109/09/17,"662,842","107,186,904",159.50,163.00,159.50,162.50,+2.00,573,
109/09/18,"1,004,811","165,119,315",162.50,166.00,161.50,166.00,+3.50,669,
109/09/21,"1,498,040","246,379,406",166.00,166.50,162.50,163.00,-3.00,555,
109/09/22,"869,893","138,689,396",162.00,163.00,157.50,157.50,-5.50,578,
109/09/23,"541,198","84,742,690",157.50,159.50,155.00,155.00,-2.50,389,
109/09/24,"772,250","117,671,250",154.00,155.50,151.00,152.00,-3.00,611,
109/09/25,"759,107","114,882,657",152.00,154.50,149.00,151.00,-1.00,579,
109/09/28,"438,221","66,697,592",151.50,154.00,151.00,152.00,+1.00,355,
109/09/29,"651,106","99,009,557",153.50,154.50,151.00,151.50,-0.50,418,
109/09/30,"720,956","110,498,701",150.50,155.00,150.50,153.00,+1.50,530,
109/10/05,"990,131","154,680,198",152.50,158.00,152.00,158.00,+5.00,842,
109/10/06,"1,001,079","155,867,824",159.00,160.00,153.00,154.00,-4.00,812,
109/10/07,"325,019","50,199,964",155.00,155.50,153.00,154.00, 0.00,283,
109/10/08,"256,746","39,887,503",154.50,156.00,154.00,156.00,+2.00,229,
109/10/12,"2,236,153","350,832,933",157.00,159.50,153.50,158.50,+2.50,690,
109/10/13,"1,778,618","275,888,710",158.50,159.00,154.00,155.50,-3.00,585,
109/10/14,"439,152","68,519,634",156.00,157.50,154.50,156.00,+0.50,245,
109/10/15,"720,100","110,338,000",154.50,155.50,152.00,153.50,-2.50,589,
109/10/16,"647,031","99,525,258",152.00,155.00,152.00,153.50, 0.00,554,
109/10/19,"462,774","71,907,970",153.00,156.50,152.50,156.50,+3.00,424,
109/10/20,"977,963","148,810,623",156.00,156.00,151.00,151.50,-5.00,774,
109/10/21,"1,017,470","154,904,496",152.00,153.00,151.50,151.50, 0.00,529,
109/10/22,"2,959,924","443,595,763",152.00,153.50,147.50,147.50,-4.00,"1,280",
109/10/23,"1,135,635","169,120,115",149.50,150.50,148.00,148.00,+0.50,979,
109/10/26,"384,206","57,506,900",149.50,151.00,148.50,149.50,+1.50,349,
109/10/27,"681,521","101,090,091",149.50,150.00,147.00,148.00,-1.50,477,
109/10/28,"374,010","55,249,985",149.00,149.50,147.00,147.00,-1.00,319,
109/10/29,"1,037,335","148,771,658",144.50,145.00,142.50,142.50,-4.50,761,
109/10/30,"3,579,273","492,751,154",144.00,144.00,136.00,136.00,-6.50,"1,112",
109/11/02,"1,610,107","219,366,141",137.00,138.00,133.50,137.00,+1.00,"1,239",
109/11/03,"743,146","104,515,776",137.50,142.50,137.50,140.50,+3.50,589,
109/11/04,"761,336","107,584,186",141.00,143.00,139.50,141.50,+1.00,611,
109/11/05,"2,238,921","330,582,306",144.00,151.50,143.50,147.00,+5.50,"1,625",
109/11/06,"1,687,063","244,515,045",146.00,146.50,143.50,145.00,-2.00,"1,008",
109/11/09,"2,075,452","300,625,677",144.00,147.00,143.50,147.00,+2.00,"1,040",
109/11/10,"1,355,957","199,123,179",145.00,150.00,145.00,146.00,-1.00,822,
109/11/11,"581,235","85,712,142",145.50,149.00,145.50,147.50,+1.50,480,
109/11/12,"932,378","137,321,184",149.00,149.00,146.50,147.00,-0.50,429,
109/11/13,"779,813","115,652,207",147.00,149.00,147.00,149.00,+2.00,436,
109/11/16,"2,296,824","344,607,933",149.00,151.00,148.00,150.50,+1.50,742,
109/11/17,"563,816","84,736,790",150.50,151.50,149.00,149.00,-1.50,465,
109/11/18,"533,165","80,115,560",149.50,151.00,149.50,150.00,+1.00,406,
109/11/19,"592,251","88,721,379",149.50,150.50,149.00,149.50,-0.50,386,
109/11/20,"764,060","115,798,058",150.00,152.50,149.50,152.50,+3.00,614,
109/11/23,"1,254,019","194,861,079",153.50,157.00,153.50,155.00,+2.50,"1,044",
109/11/24,"848,181","131,017,599",155.00,156.00,153.50,155.00, 0.00,687,
109/11/25,"1,421,658","220,122,090",155.00,158.00,153.00,154.50,-0.50,"1,038",
109/11/26,"562,615","86,769,714",155.50,156.00,153.50,153.50,-1.00,496,
109/11/27,"825,610","125,193,701",153.00,153.00,150.50,151.00,-2.50,541,
109/11/30,"1,018,522","154,453,152",152.50,154.50,150.00,150.00,-1.00,594,
109/12/01,"3,339,019","528,717,312",151.00,162.50,151.00,159.00,+9.00,"2,517",
109/12/02,"1,346,230","214,776,273",160.50,161.50,158.00,158.50,-0.50,830,
109/12/03,"831,456","131,469,357",158.50,159.00,157.50,158.00,-0.50,584,
109/12/04,"639,089","101,159,292",158.00,160.00,157.50,157.50,-0.50,555,
109/12/07,"1,607,318","259,753,162",159.00,163.50,158.00,163.00,+5.50,"1,226",
109/12/08,"2,125,239","351,326,711",163.00,166.50,163.00,166.00,+3.00,"1,637",
109/12/09,"3,092,541","530,186,564",168.00,174.00,167.50,171.50,+5.50,"2,532",
109/12/10,"3,285,592","576,719,351",171.00,178.00,171.00,178.00,+6.50,"2,529",
109/12/11,"2,044,557","356,062,467",179.50,182.00,170.50,175.00,-3.00,"1,613",
109/12/14,"860,053","152,213,707",175.00,180.00,175.00,176.50,+1.50,753,
109/12/15,"2,390,325","428,453,480",177.00,181.50,177.00,180.50,+4.00,"1,555",
109/12/16,"1,700,822","302,851,513",180.50,181.00,174.50,176.00,-4.50,"1,155",
109/12/17,"713,484","126,236,661",177.50,179.00,174.00,179.00,+3.00,631,
109/12/18,"2,718,359","486,191,456",179.50,186.00,171.50,174.00,-5.00,"2,165",
109/12/21,"1,316,092","230,436,910",175.00,178.50,171.00,176.00,+2.00,817,
109/12/22,"507,629","88,529,264",176.00,177.00,170.50,171.50,-4.50,438,
109/12/23,"298,649","51,567,048",172.50,174.00,172.00,172.50,+1.00,263,
109/12/24,"472,857","81,079,901",173.50,174.50,170.00,171.00,-1.50,453,
109/12/25,"267,467","45,778,214",172.00,172.50,170.00,171.00, 0.00,267,
109/12/28,"461,362","79,016,947",171.50,173.00,170.00,170.00,-1.00,405,
109/12/29,"616,653","103,822,378",171.00,173.00,166.00,168.00,-2.00,567,
109/12/30,"828,640","140,924,089",169.00,171.00,169.00,170.00,+2.00,715,
109/12/31,"554,771","94,091,982",170.00,173.00,168.00,168.00,-2.00,472,
110/01/04,"1,344,719","233,942,508",168.00,177.00,167.00,177.00,+9.00,"1,031",
110/01/05,"917,751","162,973,357",178.00,180.00,173.50,180.00,+3.00,815,
110/01/06,"1,187,098","210,078,612",178.50,182.00,173.00,176.50,-3.50,809,
110/01/07,"786,046","135,690,117",177.50,178.00,171.50,172.50,-4.00,753,
110/01/08,"1,828,964","315,557,711",172.50,174.00,170.00,172.00,-0.50,697,
110/01/11,"2,569,629","459,392,612",172.00,182.00,172.00,182.00,+10.00,"1,957",
110/01/12,"7,876,057","1,540,341,234",185.00,200.00,181.50,200.00,+18.00,"4,886",
110/01/13,"6,032,980","1,215,107,457",202.00,208.50,194.50,205.00,+5.00,"4,665",
110/01/14,"1,528,171","307,225,026",199.00,206.00,199.00,201.00,-4.00,"1,278",
110/01/15,"1,935,045","374,098,014",201.00,203.00,188.00,190.50,-10.50,"1,599",
110/01/18,"1,399,505","260,295,590",190.00,190.00,182.00,188.00,-2.50,"1,158",
110/01/19,"2,176,068","429,137,744",189.50,201.00,189.50,199.50,+11.50,"1,737",
110/01/20,"1,000,598","196,301,557",199.00,200.00,191.00,193.50,-6.00,868,
110/01/21,"852,506","167,044,483",195.50,199.00,192.00,198.00,+4.50,797,
110/01/22,"4,445,039","943,347,582",198.50,217.50,196.00,216.00,+18.00,"3,449",
110/01/25,"2,951,677","637,823,619",217.00,220.00,208.00,217.00,+1.00,"2,378",
110/01/26,"4,351,461","964,335,281",225.00,230.00,214.50,219.00,+2.00,"3,600",
110/01/27,"2,261,977","487,989,793",219.50,222.50,212.50,216.00,-3.00,"1,764",
110/01/28,"2,849,326","579,868,954",205.00,207.50,198.00,201.50,-14.50,"2,327",
110/01/29,"2,997,245","584,687,080",204.00,207.50,186.00,189.00,-12.50,"2,596",
110/02/01,"2,450,100","486,044,829",192.00,202.00,189.50,200.50,+11.50,"2,099",
110/02/02,"2,496,836","529,006,616",199.00,216.00,198.50,215.00,+14.50,"2,207",
110/02/03,"1,295,327","275,934,227",217.00,217.50,209.50,214.00,-1.00,958,
110/02/04,"1,144,098","243,955,252",209.00,217.00,203.50,214.50,+0.50,"1,026",
110/02/05,"1,376,444","287,605,972",214.50,214.50,204.00,206.50,-8.00,"1,296",
110/02/17,"4,635,909","1,027,647,903",219.50,227.00,214.00,227.00,+20.50,"3,016",
110/02/18,"2,791,010","606,464,990",222.00,228.00,212.50,215.50,-11.50,"2,340",
110/02/19,"2,118,256","461,643,338",213.50,221.50,210.00,218.50,+3.00,"1,712",
110/02/22,"1,996,176","439,838,352",219.50,226.00,216.00,223.00,+4.50,"1,773",
110/02/23,"1,821,432","394,065,963",223.00,223.00,213.50,217.00,-6.00,"1,545",
110/02/24,"1,410,733","304,444,570",213.50,219.00,213.50,214.00,-3.00,"1,166",
110/02/25,"1,130,332","238,199,935",218.00,218.00,208.50,209.50,-4.50,"1,037",
110/02/26,"2,877,494","586,884,251",199.50,208.00,199.50,204.50,-5.00,"2,344",
110/03/02,"1,639,468","341,597,265",210.00,213.50,204.00,204.50, 0.00,"1,344",
110/03/03,"1,452,753","295,540,066",206.00,210.00,200.00,205.00,+0.50,994,
110/03/04,"1,389,332","276,363,338",204.00,205.00,196.00,198.00,-7.00,"1,172",
110/03/05,"1,081,830","211,078,945",195.00,199.00,191.50,196.00,-2.00,880,
110/03/08,"842,575","166,826,551",204.50,204.50,193.50,194.50,-1.50,770,
110/03/09,"1,075,997","204,543,386",193.50,193.50,188.00,189.50,-5.00,950,
110/03/10,"1,109,358","210,747,442",191.50,193.00,188.00,189.50, 0.00,599,
110/03/11,"944,094","181,803,134",192.00,194.50,190.00,192.00,+2.50,790,
110/03/12,"714,738","136,294,382",193.00,193.00,189.00,190.50,-1.50,629,
110/03/15,"1,241,425","231,286,702",190.00,190.00,185.00,185.00,-5.50,"1,055",
110/03/16,"1,668,368","307,210,557",184.50,186.00,182.00,184.00,-1.00,"1,208",
110/03/17,"2,926,458","543,957,112",185.00,190.00,184.00,185.50,+1.50,"1,374",
110/03/18,"926,773","173,954,978",188.00,189.00,186.00,188.50,+3.00,824,
110/03/19,"1,846,643","339,431,175",188.00,188.00,182.50,185.00,-3.50,997,
110/03/22,"1,122,417","206,833,893",187.00,187.00,183.00,184.00,-1.00,801,
110/03/23,"1,622,134","303,103,868",186.00,188.50,185.00,186.50,+2.50,"1,145",
110/03/24,"741,583","137,371,707",186.50,187.00,184.00,185.50,-1.00,650,
110/03/25,"719,125","132,724,951",184.50,186.50,182.00,186.00,+0.50,550,
110/03/26,"1,972,935","377,212,325",187.50,193.50,187.00,192.00,+6.00,"1,311",
110/03/29,"585,864","111,923,847",194.00,194.00,189.00,190.50,-1.50,582,
110/03/30,"536,345","102,547,999",191.50,192.50,190.00,191.50,+1.00,466,
110/03/31,"981,380","184,148,264",191.50,192.00,185.50,188.50,-3.00,900,
110/04/01,"995,603","190,396,653",189.00,194.00,188.50,192.00,+3.50,836,
110/04/06,"1,350,894","262,028,790",194.50,195.50,192.50,194.00,+2.00,934,
110/04/07,"640,824","122,927,938",194.00,194.50,190.50,192.50,-1.50,524,
110/04/08,"2,327,934","456,576,259",193.00,198.50,192.00,197.00,+4.50,"1,337",
110/04/09,"3,110,926","626,946,509",199.00,206.00,197.00,197.00, 0.00,"2,600",
110/04/12,"1,545,702","294,378,458",197.50,199.00,188.00,188.00,-9.00,"1,546",
110/04/13,"1,546,072","286,528,222",188.00,188.00,183.50,184.00,-4.00,"1,486",
110/04/14,"938,530","174,800,183",184.50,188.50,184.50,185.00,+1.00,705,
110/04/15,"806,582","148,387,095",185.50,185.50,182.00,184.00,-1.00,704,
110/04/16,"688,428","128,516,529",184.00,188.00,184.00,186.00,+2.00,622,
110/04/19,"1,389,190","266,893,735",186.00,195.00,186.00,192.00,+6.00,993,
110/04/20,"1,278,217","245,111,719",191.50,193.50,189.00,191.50,-0.50,715,
110/04/21,"1,005,749","193,098,391",192.50,194.00,190.00,192.50,+1.00,644,
110/04/22,"1,479,012","287,655,265",193.50,195.50,192.50,195.00,+2.50,840,
110/04/23,"2,700,587","548,059,746",196.00,206.00,196.00,205.00,+10.00,"2,169",
110/04/26,"1,582,261","327,815,087",205.00,210.00,202.50,208.00,+3.00,"1,410",
110/04/27,"1,250,001","256,234,475",207.00,207.50,203.00,205.00,-3.00,"1,031",
110/04/28,"1,306,488","267,571,030",205.00,207.50,202.00,206.00,+1.00,690,
110/04/29,"4,225,878","837,883,989",208.50,208.50,193.00,194.00,-12.00,"1,819",
110/05/03,"2,043,558","390,955,061",198.00,198.50,186.50,186.50,-7.50,"1,247",
110/05/04,"2,227,048","408,698,488",186.50,187.50,180.50,183.00,-3.50,"1,407",
110/05/05,"1,824,531","330,327,896",183.00,185.50,178.00,179.00,-4.00,866,
110/05/06,"1,506,162","269,500,359",179.00,183.00,177.00,182.00,+3.00,"1,025",
110/05/07,"685,725","124,263,681",182.00,183.50,179.50,183.50,+1.50,608,
110/05/10,"526,407","93,413,248",185.00,185.00,179.00,181.00,-2.50,377,
110/05/11,"1,066,310","189,766,053",177.00,182.00,175.50,178.50,-2.50,854,
110/05/12,"1,797,176","298,357,937",174.50,174.50,161.00,166.00,-12.50,"1,822",
110/05/13,"1,698,024","300,402,234",167.50,182.00,166.00,179.50,+13.50,"1,504",
110/05/14,"1,624,647","300,544,572",185.00,191.00,181.00,189.00,+9.50,"1,224",
110/05/17,"834,531","148,733,098",178.00,182.50,174.00,180.00,-9.00,732,
110/05/18,"855,080","159,046,152",182.00,189.00,180.00,186.50,+6.50,725,
110/05/19,"406,297","74,981,858",183.50,188.50,182.50,185.00,-1.50,360,
110/05/20,"406,311","74,031,926",187.00,189.50,183.00,185.50,+0.50,309,
110/05/21,"938,766","174,485,037",188.00,192.00,183.00,183.00,-2.50,521,
110/05/24,"725,837","137,237,842",184.00,193.00,184.00,189.00,+6.00,626,
110/05/25,"747,588","144,063,996",190.50,195.00,190.00,192.50,+3.50,571,
110/05/26,"788,084","150,193,012",192.50,195.00,188.00,189.00,-3.50,538,
110/05/27,"536,186","102,665,646",187.50,193.00,186.50,193.00,+4.00,412,
110/05/28,"667,284","128,163,712",195.00,195.50,190.00,192.00,-1.00,523,
110/05/31,"672,801","126,634,613",191.50,191.50,186.00,188.50,-3.50,620,
110/06/01,"383,187","73,147,734",188.50,195.00,188.50,189.00,+0.50,368,
110/06/02,"578,455","109,342,661",189.50,191.00,186.50,188.50,-0.50,536,
110/06/03,"932,581","179,316,358",189.50,194.50,188.50,194.50,+6.00,665,
110/06/04,"478,362","91,829,125",191.50,194.50,189.00,192.50,-2.00,378,
110/06/07,"710,787","136,792,365",193.00,194.00,190.00,193.50,+1.00,602,
110/06/08,"715,260","139,664,547",193.50,198.00,193.00,196.00,+2.50,634,
110/06/09,"1,216,105","239,944,530",196.00,203.00,194.00,198.00,+2.00,990,
110/06/10,"1,130,740","227,215,921",199.00,203.00,198.50,201.00,+3.00,982,
110/06/11,"364,631","72,612,654",201.00,201.50,197.50,199.50,-1.50,357,
110/06/15,"550,334","108,878,757",198.50,200.50,196.50,198.50,-1.00,"1,190",
110/06/16,"545,273","109,289,445",199.00,202.00,198.50,200.00,+1.50,495,
110/06/17,"437,996","87,520,295",198.00,203.00,198.00,198.00,-2.00,404,
110/06/18,"588,125","114,944,058",199.50,199.50,194.50,194.50,-3.50,296,
110/06/21,"576,827","112,725,416",194.50,197.50,192.50,195.00,+0.50,496,
110/06/22,"499,981","96,920,272",195.50,197.00,192.50,193.00,-2.00,441,
110/06/23,"636,265","121,337,806",189.00,193.00,188.00,191.00,X0.00,603,
110/06/24,"791,478","153,799,584",192.50,196.50,191.00,196.50,+5.50,704,
110/06/25,"464,198","90,524,730",198.00,199.00,191.00,191.50,-5.00,468,
110/06/28,"166,226","31,653,503",191.50,193.00,188.50,190.50,-1.00,187,
110/06/29,"356,798","67,710,170",191.50,191.50,188.50,190.00,-0.50,320,
110/06/30,"500,378","96,399,957",190.00,195.50,190.00,191.50,+1.50,438,
110/07/01,"906,582","179,321,486",192.00,200.00,191.50,198.50,+7.00,890,
110/07/02,"1,011,302","196,994,813",197.50,198.50,193.50,193.50,-5.00,817,
110/07/05,"256,621","50,279,808",194.50,197.00,193.50,197.00,+3.50,256,
110/07/06,"324,358","64,329,722",198.00,202.00,195.00,195.50,-1.50,298,
110/07/07,"641,171","125,731,904",197.50,198.00,193.00,196.00,+0.50,440,
110/07/08,"353,746","68,794,225",196.50,196.50,193.00,194.00,-2.00,310,
110/07/09,"532,684","104,610,468",195.00,198.50,193.00,196.50,+2.50,493,
110/07/12,"2,546,547","519,820,005",200.50,209.50,200.00,206.50,+10.00,"1,744",
110/07/13,"1,342,166","269,898,382",207.00,208.00,198.50,201.00,-5.50,"1,081",
110/07/14,"937,448","190,108,733",200.50,204.00,200.00,203.00,+2.00,703,
110/07/15,"1,214,377","245,903,638",207.00,208.00,198.00,201.50,-1.50,"1,026",
110/07/16,"2,535,198","526,478,727",202.50,213.00,199.50,210.50,+9.00,"2,140",
110/07/19,"2,662,110","565,068,530",214.50,217.00,208.00,212.00,+1.50,"1,564",
110/07/20,"1,752,953","358,606,933",208.50,210.00,199.50,204.50,-7.50,"1,162",
110/07/21,"779,587","159,449,887",205.00,206.50,202.50,205.00,+0.50,546,
110/07/22,"1,039,301","213,076,707",205.50,206.50,204.50,205.00, 0.00,585,
110/07/23,"445,775","91,474,089",205.00,207.50,202.00,203.50,-1.50,427,
110/07/26,"456,237","93,318,579",201.50,207.00,201.00,206.50,+3.00,413,
110/07/27,"676,135","137,924,666",208.00,208.50,202.00,204.00,-2.50,497,
110/07/28,"690,126","135,280,015",200.00,200.50,190.50,196.00,-8.00,593,
110/07/29,"520,504","102,677,171",198.50,199.50,195.00,199.00,+3.00,410,
110/07/30,"926,867","181,790,979",194.50,199.00,191.00,196.50,-2.50,767,
110/08/02,"630,339","122,417,004",197.50,197.50,192.50,194.00,-2.50,591,
110/08/03,"542,611","105,025,713",194.00,196.00,192.50,193.50,-0.50,411,
110/08/04,"748,252","143,418,441",193.00,193.50,189.50,190.00,-3.50,533,
110/08/05,"1,043,725","195,338,369",190.00,191.50,185.00,186.00,-4.00,847,
110/08/06,"582,785","109,938,065",186.50,190.50,186.00,189.00,+3.00,423,
110/08/09,"537,477","100,148,152",186.00,187.50,184.50,187.00,-2.00,369,
110/08/10,"670,640","121,709,416",185.00,185.00,179.50,181.00,-6.00,555,
110/08/11,"868,978","154,349,651",181.00,182.00,174.00,176.50,-4.50,684,
110/08/12,"441,189","79,383,103",177.00,181.50,176.50,180.00,+3.50,410,
110/08/13,"550,107","98,722,497",180.00,182.00,177.50,179.00,-1.00,526,
110/08/16,"683,989","123,027,417",178.00,181.50,177.50,179.50,+0.50,541,
110/08/17,"399,506","70,677,045",179.50,180.00,175.00,175.50,-4.00,417,
110/08/18,"920,496","165,922,348",175.50,182.50,175.00,181.50,+6.00,690,
110/08/19,"401,174","71,125,793",180.00,180.50,175.00,177.50,-4.00,418,
110/08/20,"218,278","38,866,491",178.50,179.50,176.00,177.50, 0.00,218,
110/08/23,"480,656","86,404,200",179.50,181.50,179.00,179.00,+1.50,417,
110/08/24,"249,312","44,647,550",180.00,180.50,178.00,178.50,-0.50,147,
110/08/25,"269,627","48,673,381",179.00,182.00,179.00,180.50,+2.00,253,
110/08/26,"707,660","128,080,904",180.50,183.00,179.50,181.00,+0.50,613,
110/08/27,"343,137","61,768,863",180.00,181.00,178.50,179.00,-2.00,329,
110/08/30,"100,327","18,154,174",179.50,182.00,179.00,181.50,+2.50,98,
110/08/31,"240,071","42,918,442",181.50,181.50,177.00,179.50,-2.00,212,
110/09/01,"814,320","147,772,827",179.50,182.50,179.00,182.00,+2.50,423,
110/09/02,"591,707","106,298,565",180.50,180.50,178.00,178.00,-4.00,250,
110/09/03,"1,205,173","217,348,291",178.00,183.00,178.00,179.50,+1.50,414,
110/09/06,"542,898","98,869,932",179.50,183.50,179.50,183.50,+4.00,245,
110/09/07,"400,824","72,148,344",183.50,183.50,178.50,180.00,-3.50,371,
110/09/08,"467,292","82,594,774",179.50,180.50,175.00,176.00,-4.00,373,
110/09/09,"351,221","62,497,076",176.00,179.50,176.00,178.00,+2.00,229,
110/09/10,"260,668","45,972,197",178.00,178.00,175.00,177.00,-1.00,233,
110/09/13,"662,976","116,551,397",177.00,177.00,173.00,177.00, 0.00,487,
110/09/14,"1,034,316","183,578,722",176.50,179.50,176.00,177.50,+0.50,487,
110/09/15,"431,282","76,003,266",177.00,177.00,175.00,176.50,-1.00,373,
110/09/16,"877,692","154,481,464",176.50,179.00,174.00,176.50, 0.00,436,
110/09/17,"640,398","114,864,364",175.50,183.00,174.50,183.00,+6.50,472,
110/09/22,"945,475","167,117,296",178.00,180.00,174.50,179.00,-4.00,853,
110/09/23,"602,068","108,181,814",178.00,181.00,177.50,180.00,+1.00,538,
110/09/24,"422,703","75,670,160",180.00,180.00,177.50,177.50,-2.50,886,
110/09/27,"1,202,425","219,566,762",177.50,185.00,177.50,182.50,+5.00,945,
110/09/28,"333,852","60,075,766",179.50,181.50,178.50,180.50,-2.00,291,
110/09/29,"527,118","92,195,935",178.00,178.00,173.00,174.00,-6.50,"1,001",
110/09/30,"1,600,758","281,242,970",174.00,176.50,173.50,176.00,+2.00,592,
110/10/01,"536,824","94,743,954",175.00,178.00,175.00,178.00,+2.00,424,
110/10/04,"552,564","97,701,229",178.00,178.50,174.50,178.50,+0.50,846,
110/10/05,"1,756,625","317,507,035",179.00,185.00,176.50,181.00,+2.50,"1,720",
110/10/06,"2,574,032","489,208,975",182.00,196.00,181.50,190.00,+9.00,"2,036",
110/10/07,"1,717,557","326,718,470",189.00,194.50,187.00,190.00, 0.00,"2,442",
110/10/08,"722,647","134,670,503",189.00,189.00,184.50,186.00,-4.00,646,
110/10/12,"436,827","80,278,022",184.00,185.00,181.50,184.00,-2.00,466,
110/10/13,"293,519","53,668,301",184.00,185.50,181.00,183.50,-0.50,269,
110/10/14,"594,400","106,093,453",182.50,183.00,177.00,178.50,-5.00,610,
110/10/15,"622,944","112,352,861",180.00,182.00,177.50,182.00,+3.50,527,
110/10/18,"281,766","50,739,389",180.00,181.50,178.50,180.00,-2.00,317,
110/10/19,"1,130,540","208,124,697",180.00,186.00,180.00,186.00,+6.00,983,
110/10/20,"718,948","131,954,196",184.50,185.00,181.00,183.00,-3.00,"1,129",
110/10/21,"546,170","99,490,097",181.00,183.00,180.00,183.00, 0.00,357,
110/10/22,"187,150","33,678,496",181.50,181.50,179.00,180.00,-3.00,310,
110/10/25,"963,284","169,197,296",179.50,180.00,174.50,174.50,-5.50,763,
110/10/26,"1,508,919","274,035,876",176.00,184.50,176.00,182.00,+7.50,"1,018",
110/10/27,"154,470","27,989,177",182.00,182.50,180.00,181.00,-1.00,159,
110/10/28,"825,671","152,930,813",182.50,188.00,181.50,184.50,+3.50,750,
110/10/29,"942,771","173,000,843",186.50,187.50,180.50,181.00,-3.50,"1,547",
110/11/01,"1,194,162","223,429,727",182.00,189.50,182.00,188.50,+7.50,746,
110/11/02,"1,527,388","288,048,328",187.50,192.00,185.00,188.00,-0.50,"1,405",
110/11/03,"2,027,079","383,287,017",189.00,192.00,187.50,189.00,+1.00,981,
110/11/04,"969,315","182,882,318",190.00,191.50,187.00,189.00, 0.00,479,
110/11/05,"590,856","111,200,875",187.50,189.50,185.50,189.00, 0.00,489,
110/11/08,"873,542","165,840,601",191.00,196.00,188.00,189.00, 0.00,631,
110/11/09,"540,986","101,958,628",189.50,190.50,186.50,188.00,-1.00,503,
110/11/10,"836,400","159,751,796",189.00,194.00,188.00,190.50,+2.50,880,
110/11/11,"271,067","51,173,914",190.50,190.50,187.00,188.00,-2.50,356,
110/11/12,"254,998","48,296,789",189.00,191.00,187.50,188.50,+0.50,253,
110/11/15,"281,225","53,579,452",190.00,192.00,189.50,190.50,+2.00,268,
110/11/16,"568,033","107,520,904",190.50,191.50,187.00,189.50,-1.00,584,
110/11/17,"340,252","64,191,301",190.50,190.50,187.50,189.50, 0.00,389,
110/11/18,"261,016","49,143,931",188.50,190.50,187.00,187.00,-2.50,970,
110/11/19,"785,975","144,029,672",189.00,189.00,181.00,181.50,-5.50,"2,021",
110/11/22,"420,184","77,444,108",181.50,186.00,181.50,185.00,+3.50,584,
110/11/23,"464,810","84,487,994",185.00,185.00,179.00,184.00,-1.00,482,
110/11/24,"135,081","24,614,698",184.00,184.00,181.00,182.00,-2.00,144,
110/11/25,"536,988","98,240,281",182.50,185.00,181.00,185.00,+3.00,459,
110/11/26,"710,748","131,407,431",186.00,186.50,183.00,185.00, 0.00,657,
110/11/29,"485,333","88,513,566",185.00,185.00,181.00,183.00,-2.00,869,
110/11/30,"1,697,363","315,588,114",189.00,190.00,183.00,185.50,+2.50,"1,079",
110/12/01,"970,499","176,420,075",183.50,186.00,180.00,184.00,-1.50,"1,100",
110/12/02,"460,230","83,309,674",180.50,183.00,180.00,181.00,-3.00,418,
110/12/03,"368,489","66,910,962",181.00,182.50,180.50,182.00,+1.00,183,
110/12/06,"1,198,343","220,836,358",183.00,188.00,182.00,188.00,+6.00,473,
110/12/07,"443,981","81,899,625",186.00,187.00,182.50,185.50,-2.50,443,
110/12/08,"377,329","69,632,804",187.00,187.50,183.50,184.50,-1.00,735,
110/12/09,"608,967","110,969,365",184.00,185.50,181.00,181.50,-3.00,660,
110/12/10,"146,394","26,671,238",181.50,183.00,181.50,182.00,+0.50,139,
110/12/13,"469,281","86,939,291",183.50,186.50,183.00,186.00,+4.00,484,
110/12/14,"356,067","65,400,834",182.50,185.00,182.50,183.00,-3.00,543,
110/12/15,"279,480","51,153,002",183.50,184.50,182.00,183.00, 0.00,633,
110/12/16,"185,982","34,233,634",184.50,185.50,183.50,184.00,+1.00,87,
110/12/17,"1,994,546","370,828,393",183.00,188.00,182.00,187.00,+3.00,865,
110/12/20,"1,120,372","206,108,028",185.00,186.00,182.00,186.00,-1.00,"1,456",
110/12/21,"1,023,689","189,115,224",183.50,188.00,182.50,188.00,+2.00,708,
110/12/22,"1,409,397","270,625,348",187.00,195.00,187.00,195.00,+7.00,"1,035",
110/12/23,"1,973,449","398,712,372",196.00,206.00,194.00,206.00,+11.00,"1,676",
110/12/24,"593,660","120,336,585",202.00,205.00,199.50,205.00,-1.00,589,
110/12/27,"452,502","93,158,206",205.00,208.00,202.50,207.50,+2.50,"2,748",
110/12/28,"241,967","49,503,400",207.50,207.50,202.50,205.50,-2.00,801,
110/12/29,"340,165","68,749,358",204.00,204.50,200.50,203.50,-2.00,353,
110/12/30,"441,116","88,261,407",202.00,202.00,199.00,200.00,-3.50,591,
111/01/03,"321,901","64,391,062",200.50,202.00,199.00,199.00,-1.00,"1,014",
111/01/04,"231,163","46,039,557",199.00,201.50,198.00,199.00, 0.00,430,
111/01/05,"417,777","83,557,239",199.00,203.00,199.00,199.00, 0.00,789,
111/01/06,"337,203","67,018,199",198.00,201.00,196.50,198.50,-0.50,410,
111/01/07,"2,180,567","463,048,400",205.00,215.50,205.00,211.00,+12.50,"2,003",
111/01/10,"3,073,695","683,055,629",208.00,232.00,206.50,225.50,+14.50,"4,554",
111/01/11,"6,327,813","1,473,558,710",226.50,238.00,224.50,232.50,+7.00,"8,697",
111/01/12,"7,657,511","1,680,611,022",212.00,228.00,209.50,221.50,-11.00,"8,399",
111/01/13,"2,791,209","601,749,911",220.50,220.50,211.50,213.00,-8.50,"3,741",
111/01/14,"1,599,784","331,157,266",209.00,215.50,203.00,207.00,-6.00,"4,846",
111/01/17,"1,483,339","315,065,224",207.50,218.00,207.50,216.00,+9.00,846,
111/01/18,"975,614","212,551,382",218.00,221.00,215.00,218.00,+2.00,"1,314",
111/01/19,"1,114,702","245,087,102",215.00,222.50,214.00,220.50,+2.50,"1,083",
111/01/20,"1,195,689","264,325,654",221.00,225.50,218.00,218.00,-2.50,"1,187",
111/01/21,"2,423,567","514,179,410",215.50,217.50,206.00,213.00,-5.00,"3,033",
111/01/24,"932,861","200,051,949",208.50,217.50,208.50,217.50,+4.50,"1,272",
111/01/25,"902,831","188,569,706",214.00,215.00,205.00,206.00,-11.50,"2,544",
111/01/26,"1,405,509","294,690,882",207.00,212.00,203.50,212.00,+6.00,"1,114",
111/02/07,"1,931,796","416,872,096",211.50,220.50,209.50,219.00,+7.00,"1,724",
111/02/08,"994,378","217,212,730",220.50,223.00,215.50,218.00,-1.00,885,
111/02/09,"515,424","112,359,195",216.50,220.50,216.50,217.50,-0.50,835,
111/02/10,"1,135,265","236,541,759",214.00,214.50,203.50,211.00,-6.50,"3,511",
111/02/11,"485,041","100,346,613",208.00,209.00,205.00,208.00,-3.00,"3,564",
111/02/14,"721,661","145,266,066",205.00,206.00,199.50,199.50,-8.50,"2,572",
111/02/15,"592,804","118,767,264",200.50,203.00,198.50,199.50, 0.00,"2,191",
111/02/16,"365,422","73,575,132",204.50,204.50,200.00,201.50,+2.00,"1,167",
111/02/17,"340,064","69,625,015",202.50,207.50,202.50,203.00,+1.50,314,
111/02/18,"383,360","76,481,745",202.50,202.50,198.00,200.00,-3.00,522,
111/02/21,"345,714","68,688,990",198.50,201.00,197.00,198.50,-1.50,340,
111/02/22,"430,332","84,223,629",197.00,199.00,194.00,194.50,-4.00,647,
111/02/23,"358,855","70,455,023",194.50,198.00,194.50,195.50,+1.00,578,
111/02/24,"1,307,620","247,040,776",195.50,195.50,187.00,187.00,-8.50,"1,502",
111/02/25,"989,696","185,151,217",188.50,188.50,185.00,188.50,+1.50,"1,557",
111/03/01,"778,823","150,697,706",191.50,195.00,189.50,194.00,+5.50,667,
111/03/02,"1,206,885","233,495,768",192.00,196.00,191.00,195.50,+1.50,"1,070",
111/03/03,"1,110,791","216,359,491",196.50,198.00,192.50,195.00,-0.50,805,
111/03/04,"1,001,404","190,226,535",191.00,192.00,188.00,189.50,-5.50,"1,661",
111/03/07,"627,530","117,126,295",185.00,190.00,185.00,187.00,-2.50,588,
111/03/08,"1,372,686","248,102,924",185.00,185.50,177.00,177.00,-10.00,"1,182",
111/03/09,"738,871","130,802,803",179.00,181.00,175.00,176.50,-0.50,717,
111/03/10,"546,398","99,045,123",179.00,183.50,179.00,180.50,+4.00,531,
111/03/11,"651,409","116,950,701",180.50,182.00,178.00,180.00,-0.50,667,
111/03/14,"1,574,758","281,265,553",180.00,181.50,176.50,177.50,-2.50,681,
111/03/15,"989,651","175,627,615",178.00,180.00,176.00,176.00,-1.50,560,
111/03/16,"1,329,156","228,273,411",177.00,177.50,169.00,170.50,-5.50,"1,173",
111/03/17,"1,316,735","233,757,846",177.00,180.00,175.00,177.50,+7.00,732,
111/03/18,"635,588","113,261,067",178.00,181.00,177.50,177.50, 0.00,381,
111/03/21,"914,031","162,734,831",178.00,180.00,177.00,178.50,+1.00,455,
111/03/22,"475,455","84,203,668",178.50,179.00,176.00,176.50,-2.00,810,
111/03/23,"1,339,489","237,814,616",177.00,179.50,176.50,178.00,+1.50,790,
111/03/24,"1,183,172","212,732,133",178.00,181.50,177.00,181.00,+3.00,443,
111/03/25,"625,588","112,149,524",180.50,182.00,178.00,178.50,-2.50,317,
111/03/28,"409,189","72,029,482",177.00,177.50,174.00,177.50,-1.00,375,
111/03/29,"430,142","76,961,192",177.00,181.00,177.00,178.00,+0.50,355,
111/03/30,"901,437","163,866,847",181.50,184.50,179.00,181.00,+3.00,799,
111/03/31,"504,716","91,072,542",183.50,184.00,178.50,180.00,-1.00,390,
111/04/01,"657,344","116,077,536",178.00,178.50,175.00,177.00,-3.00,983,
111/04/06,"684,045","120,554,856",170.00,179.50,170.00,179.00,+2.00,610,
111/04/07,"652,868","115,445,081",180.00,180.00,174.50,175.50,-3.50,"1,030",
111/04/08,"1,753,772","298,042,774",176.00,176.00,168.50,169.00,-6.50,"1,787",
111/04/11,"1,784,196","296,107,757",169.00,169.50,163.00,166.00,-3.00,"1,303",
111/04/12,"2,222,151","364,191,796",164.50,168.50,162.00,163.50,-2.50,"1,607",
111/04/13,"861,924","144,612,669",165.00,169.50,164.00,169.00,+5.50,811,
111/04/14,"456,705","77,496,540",169.50,171.00,168.00,169.50,+0.50,596,
111/04/15,"242,881","40,597,529",168.00,170.00,165.00,167.00,-2.50,308,
111/04/18,"105,438","17,587,004",166.50,168.50,166.00,166.00,-1.00,111,
111/04/19,"529,902","90,185,901",168.50,171.00,167.50,170.50,+4.50,436,
111/04/20,"570,440","97,550,521",171.00,173.00,170.00,170.00,-0.50,886,
111/04/21,"422,822","71,672,219",172.00,173.00,168.00,169.00,-1.00,384,
111/04/22,"330,390","55,164,427",167.00,169.00,166.00,167.50,-1.50,334,
111/04/25,"739,334","119,270,899",160.00,163.50,160.00,162.00,-5.50,629,
111/04/26,"1,223,474","192,708,533",163.50,164.50,154.50,158.00,-4.00,"1,009",
111/04/27,"779,344","121,327,617",155.50,157.50,153.00,156.50,-1.50,"1,264",
111/04/28,"627,584","100,824,766",156.50,163.00,156.50,163.00,+6.50,585,
111/04/29,"589,704","97,650,627",166.00,167.00,162.50,166.50,+3.50,698,
111/05/03,"290,132","48,084,931",166.50,167.00,164.00,166.50, 0.00,274,
111/05/04,"275,555","46,100,844",167.00,169.00,166.00,167.50,+1.00,241,
111/05/05,"272,129","45,828,371",168.50,169.00,168.00,168.00,+0.50,216,
111/05/06,"358,110","58,989,942",163.00,167.00,163.00,164.00,-4.00,842,
111/05/09,"256,976","41,515,860",160.50,163.00,160.00,162.00,-2.00,244,
111/05/10,"397,114","62,785,158",156.00,160.50,154.50,159.00,-3.00,433,
111/05/11,"1,627,799","252,575,864",156.50,160.00,152.00,152.00,-7.00,"1,320",
111/05/12,"831,478","128,376,586",154.00,156.00,152.50,153.00,+1.00,693,
111/05/13,"552,569","88,057,212",155.00,161.00,155.00,158.50,+5.50,447,
111/05/16,"305,819","48,743,157",159.00,162.00,158.00,158.00,-0.50,347,
111/05/17,"368,333","58,945,148",160.50,161.00,158.00,159.50,+1.50,371,
111/05/18,"644,363","102,955,963",160.50,164.00,158.00,159.00,-0.50,624,
111/05/19,"388,783","61,553,643",155.00,160.00,155.00,158.00,-1.00,351,
111/05/20,"327,462","52,319,088",156.00,161.00,156.00,159.50,+1.50,295,
111/05/23,"235,301","37,146,633",162.50,162.50,156.50,157.00,-2.50,221,
111/05/24,"285,214","43,829,593",157.50,157.50,152.50,153.00,-4.00,272,
111/05/25,"303,165","46,488,443",154.00,154.50,152.00,153.00, 0.00,265,
111/05/26,"221,425","34,512,349",155.00,157.50,154.00,155.50,+2.50,219,
111/05/27,"783,125","125,171,247",157.50,161.00,157.50,159.00,+3.50,390,
111/05/30,"749,987","122,886,783",160.50,165.50,160.50,164.50,+5.50,350,
111/05/31,"580,863","96,380,437",164.00,167.50,163.00,166.50,+2.00,329,
111/06/01,"530,452","88,186,698",166.50,167.50,164.50,165.00,-1.50,451,
111/06/02,"364,186","59,619,439",163.00,165.50,161.50,163.00,-2.00,332,
111/06/06,"622,004","104,350,188",164.00,170.00,162.50,169.50,+6.50,525,
111/06/07,"494,220","84,281,989",169.50,173.00,168.00,168.50,-1.00,465,
111/06/08,"309,165","52,709,564",170.50,172.50,169.00,170.50,+2.00,337,
111/06/09,"612,632","103,965,565",168.00,171.00,168.00,170.00,-0.50,617,
111/06/10,"275,176","46,472,321",167.50,170.50,166.50,169.00,-1.00,252,
111/06/13,"414,710","67,390,611",164.50,164.50,160.50,163.00,-6.00,944,
111/06/14,"413,261","66,685,602",160.00,163.00,159.50,161.00,-2.00,302,
111/06/15,"496,408","82,096,592",160.50,167.00,160.50,166.50,+5.50,463,
111/06/16,"372,750","60,934,725",168.50,168.50,160.00,160.00,-6.50,640,
111/06/17,"933,520","147,930,581",162.50,162.50,156.50,158.50,-1.50,718,
111/06/20,"619,229","97,713,353",160.00,161.50,155.50,156.50,-2.00,516,
111/06/21,"482,217","76,863,085",157.00,161.50,156.00,160.50,+4.00,410,
111/06/22,"358,200","56,797,100",160.50,161.00,157.50,159.00,-1.50,292,
111/06/23,"635,123","102,441,222",161.00,163.50,160.00,161.00,+2.00,561,
111/06/24,"601,977","96,589,143",161.00,162.00,159.00,160.50,-0.50,559,
111/06/27,"735,940","120,003,758",161.50,164.00,161.50,163.50,+3.00,563,
111/06/28,"1,517,205","249,711,842",165.00,168.50,158.50,160.50,-3.00,"1,358",
111/06/29,"1,066,694","164,356,413",159.00,159.50,151.50,154.50,-6.00,851,
111/06/30,"1,005,760","153,453,962",154.00,154.00,150.50,153.00,-1.50,814,
111/07/01,"1,794,837","261,382,558",152.00,152.00,140.50,142.00,-11.00,"1,137",
111/07/04,"1,638,808","228,588,908",146.50,146.50,136.00,139.50,-2.50,"1,321",
111/07/05,"797,227","113,476,885",143.00,145.50,139.00,142.50,+3.00,659,
111/07/06,"662,270","90,857,280",143.50,144.50,135.00,136.00,-6.50,591,
111/07/07,"1,423,138","200,298,083",136.00,142.50,136.00,141.50,+5.50,"1,212",
111/07/08,"533,656","77,888,878",142.50,147.00,142.50,146.50,+5.00,447,
111/07/11,"365,319","53,945,823",147.50,150.00,145.00,148.50,+2.00,307,
111/07/12,"558,102","83,935,920",151.50,152.50,148.50,150.50,+2.00,479,
111/07/13,"650,118","101,215,045",155.00,158.50,153.00,155.00,+4.50,544,
111/07/14,"270,548","42,028,471",152.50,157.00,152.00,157.00,+2.00,251,
111/07/15,"766,965","117,758,209",156.00,156.00,152.00,152.00,-5.00,537,
111/07/18,"722,982","113,551,802",155.50,158.50,154.00,157.50,+5.50,387,
111/07/19,"699,311","108,739,504",155.00,157.00,154.00,156.50,-1.00,380,
111/07/20,"582,920","93,567,246",157.00,162.00,157.00,160.50,+4.00,545,
111/07/21,"824,245","132,349,577",160.00,163.00,158.00,163.00,+2.50,417,
111/07/22,"636,924","103,074,111",163.00,164.00,160.00,161.00,-2.00,369,
111/07/25,"281,550","43,040,652",152.00,154.00,152.00,153.50,X0.00,266,
111/07/26,"318,390","48,689,919",152.50,154.50,150.50,154.50,+1.00,273,
111/07/27,"1,013,900","152,779,918",152.00,152.50,148.00,152.00,-2.50,802,
111/07/28,"794,935","123,785,692",154.50,158.00,153.00,156.50,+4.50,656,
111/07/29,"1,659,017","281,619,048",166.00,172.00,165.00,172.00,+15.50,"1,172",
111/08/01,"3,163,608","553,759,358",174.50,177.50,172.00,175.50,+3.50,"2,474",
111/08/02,"2,734,194","469,600,870",175.50,175.50,169.50,173.50,-2.00,"1,887",
111/08/03,"1,060,650","180,695,107",173.00,173.50,168.00,173.50, 0.00,"1,082",
111/08/04,"736,288","126,548,646",172.50,173.50,170.50,173.50, 0.00,644,
111/08/05,"494,662","86,225,807",175.00,176.00,173.00,173.00,-0.50,"1,164",
111/08/08,"185,647","32,096,136",172.00,174.00,171.00,174.00,+1.00,209,
111/08/09,"1,239,845","218,703,205",176.00,179.50,172.50,177.50,+3.50,"1,301",
111/08/10,"943,743","168,608,756",176.00,180.00,175.50,180.00,+2.50,678,
111/08/11,"2,806,573","514,405,769",182.00,185.50,182.00,183.00,+3.00,"1,570",
111/08/12,"1,316,370","243,526,819",183.00,186.00,182.50,185.50,+2.50,874,
111/08/15,"1,908,810","344,014,452",182.50,185.00,178.50,182.00,-3.50,"1,334",
111/08/16,"1,093,895","200,014,831",181.00,185.00,180.50,184.00,+2.00,946,
111/08/17,"456,316","83,841,835",184.00,185.00,182.00,184.00, 0.00,430,
111/08/18,"1,157,309","208,748,833",183.00,183.00,177.50,182.50,-1.50,649,
111/08/19,"243,851","44,003,926",183.50,183.50,180.00,180.00,-2.50,252,
111/08/22,"247,669","44,565,305",177.00,181.50,177.00,179.50,-0.50,247,
111/08/23,"248,502","44,459,531",178.00,180.00,176.50,180.00,+0.50,243,
111/08/24,"401,424","71,412,522",180.00,180.00,176.50,177.50,-2.50,"1,262",
111/08/25,"162,752","29,021,585",177.50,179.50,177.00,178.50,+1.00,172,
111/08/26,"705,772","128,281,196",179.50,183.00,178.50,182.00,+3.50,575,
111/08/29,"364,150","64,472,945",176.00,179.00,175.00,178.50,-3.50,425,
111/08/30,"974,569","178,169,861",177.50,184.50,177.50,183.00,+4.50,"1,030",
111/08/31,"1,990,218","374,195,410",184.00,191.00,184.00,188.50,+5.50,"1,928",
111/09/01,"1,777,194","331,638,921",186.00,188.00,184.00,187.50,-1.00,"1,712",
111/09/02,"1,937,538","347,943,276",186.00,186.00,176.00,176.00,-11.50,"6,471",
111/09/05,"1,935,601","336,102,045",177.00,177.00,168.00,175.00,-1.00,"1,861",
111/09/06,"5,076,867","899,332,068",179.00,186.50,174.50,175.00, 0.00,"2,140",
111/09/07,"1,614,451","290,217,861",172.50,183.00,172.00,180.00,+5.00,"1,469",
111/09/08,"1,875,604","342,260,894",180.00,185.00,178.50,184.50,+4.50,"1,541",
111/09/12,"4,785,166","934,594,806",194.50,200.50,191.00,193.50,+9.00,"4,643",
111/09/13,"6,702,752","1,368,597,648",200.00,208.50,199.50,203.50,+10.00,"5,787",
111/09/14,"4,589,790","912,801,525",194.50,202.50,194.50,200.00,-3.50,"6,789",
111/09/15,"4,850,322","983,634,636",200.50,207.00,199.00,202.50,+2.50,"3,785",
111/09/16,"5,253,540","1,042,495,980",199.00,202.00,193.00,198.50,-4.00,"4,435",
111/09/19,"3,567,920","709,269,969",202.00,206.00,195.00,196.00,-2.50,"3,350",
111/09/20,"1,680,622","331,604,926",198.50,200.50,194.00,196.50,+0.50,"1,392",
111/09/21,"3,852,766","736,668,599",196.50,198.50,188.50,190.50,-6.00,"2,860",
111/09/22,"2,656,578","499,262,411",189.00,192.00,182.00,192.00,+1.50,"2,036",
111/09/23,"1,630,919","304,625,154",189.50,192.00,183.50,186.00,-6.00,"2,072",
111/09/26,"2,330,688","421,846,997",182.50,184.00,178.50,180.00,-6.00,"1,494",
111/09/27,"1,839,799","337,340,798",180.50,186.00,180.00,184.00,+4.00,"1,513",
111/09/28,"1,638,907","295,152,378",184.00,185.00,177.50,178.00,-6.00,"1,787",
111/09/29,"2,711,872","487,643,954",181.00,185.50,177.50,179.00,+1.00,"1,783",
111/09/30,"1,895,009","335,650,054",175.50,181.00,172.50,180.00,+1.00,"1,540",
111/10/03,"966,138","171,547,956",176.50,180.00,176.50,176.50,-3.50,794,
111/10/04,"1,721,787","317,436,520",182.50,186.00,182.00,184.00,+7.50,"1,308",
111/10/05,"1,622,958","305,554,841",186.50,191.00,184.50,186.50,+2.50,"1,295",
111/10/06,"776,078","145,252,318",187.00,188.50,184.50,186.50, 0.00,596,
111/10/07,"1,248,941","232,668,240",185.00,188.50,183.50,186.00,-0.50,888,
111/10/11,"3,225,394","552,379,477",179.00,180.00,168.00,169.00,-17.00,"2,436",
111/10/12,"1,682,766","291,078,507",170.50,176.50,168.50,173.50,+4.50,"1,285",
111/10/13,"3,456,970","611,874,659",172.00,182.00,172.00,177.00,+3.50,"2,309",
111/10/14,"1,584,740","290,467,212",185.50,185.50,181.00,181.50,+4.50,"1,245",
111/10/17,"1,379,605","251,870,043",181.50,185.00,179.50,182.50,+1.00,"1,430",
111/10/18,"1,515,300","268,449,758",184.00,185.00,173.50,176.00,-6.50,"1,468",
111/10/19,"1,066,501","190,939,907",176.00,180.50,176.00,178.00,+2.00,"1,139",
111/10/20,"1,504,338","261,616,699",176.00,177.50,171.50,174.00,-4.00,"1,173",
111/10/21,"1,099,757","188,784,384",177.00,177.00,169.50,169.50,-4.50,839,
111/10/24,"571,763","98,912,936",173.50,176.00,171.00,171.00,+1.50,565,
111/10/25,"1,162,362","198,325,767",172.00,173.50,169.00,169.50,-1.50,958,
111/10/26,"1,253,668","212,628,696",170.50,171.50,168.50,169.50, 0.00,659,
111/10/27,"1,800,181","307,531,341",171.50,173.50,168.00,171.50,+2.00,"1,374",
111/10/28,"815,716","140,986,645",170.50,174.50,170.50,173.00,+1.50,735,
111/10/31,"1,247,010","222,055,799",175.00,181.00,175.00,176.50,+3.50,"1,433",
111/11/01,"3,136,746","553,842,460",180.00,184.00,172.00,173.50,-3.00,"3,282",
111/11/02,"1,403,515","246,111,748",174.00,178.00,173.00,176.00,+2.50,"1,250",
111/11/03,"1,279,476","223,201,050",174.00,176.50,172.50,175.50,-0.50,"1,268",
111/11/04,"647,450","112,920,572",174.00,176.00,173.00,175.00,-0.50,729,
111/11/07,"1,375,613","244,522,749",177.00,180.00,175.00,180.00,+5.00,"1,287",
111/11/08,"954,583","173,044,339",180.50,184.00,179.00,180.50,+0.50,"1,385",
111/11/09,"2,158,241","401,078,632",186.00,189.00,182.50,185.50,+5.00,"1,961",
111/11/10,"1,644,624","309,528,421",191.00,191.50,185.50,188.00,+2.50,"1,653",
111/11/11,"2,633,185","512,059,904",195.00,197.00,191.50,194.00,+6.00,"2,947",
111/11/14,"3,817,275","743,720,970",196.00,202.00,192.50,193.50,-0.50,"2,215",
111/11/15,"1,171,072","224,930,784",193.00,195.00,189.50,193.50, 0.00,990,
111/11/16,"2,114,077","406,672,281",193.00,196.00,190.00,192.00,-1.50,"1,448",
111/11/17,"1,206,209","227,160,663",190.50,191.00,187.00,188.50,-3.50,"1,652",
111/11/18,"637,054","119,839,743",188.50,191.00,186.00,188.00,-0.50,573,
111/11/21,"301,032","56,649,323",188.00,190.00,187.00,188.00, 0.00,530,
111/11/22,"465,453","87,617,250",188.00,190.00,186.00,189.50,+1.50,728,
111/11/23,"831,876","154,569,011",191.00,191.00,184.50,185.00,-4.50,754,
111/11/24,"1,166,819","218,873,451",185.50,190.50,185.00,190.00,+5.00,867,
111/11/25,"557,433","104,050,677",188.50,191.00,185.00,185.00,-5.00,"1,064",
111/11/28,"789,452","148,472,405",185.50,190.00,184.50,190.00,+5.00,719,
111/11/29,"1,259,085","239,728,391",193.50,193.50,188.50,189.50,-0.50,"2,237",
111/11/30,"2,177,324","427,795,472",190.00,199.00,190.00,198.50,+9.00,"1,752",
111/12/01,"3,472,163","698,473,963",200.00,206.00,197.00,197.00,-1.50,"3,918",
111/12/02,"1,224,626","239,870,157",198.50,199.50,194.00,195.50,-1.50,"1,207",
111/12/05,"976,697","188,378,925",195.00,197.50,191.00,191.00,-4.50,"1,410",
111/12/06,"879,924","167,657,149",191.50,193.50,188.50,188.50,-2.50,834,
111/12/07,"769,561","145,066,222",190.00,192.50,185.00,189.00,+0.50,738,
111/12/08,"961,676","181,070,925",189.50,191.00,185.50,190.00,+1.00,"1,105",
111/12/09,"3,095,987","550,115,685",179.00,180.50,173.00,177.50,-12.50,"2,761",
111/12/12,"650,334","115,358,918",177.00,178.50,175.50,178.50,+1.00,"1,953",
111/12/13,"985,813","176,469,454",180.00,181.00,177.50,178.50, 0.00,"1,730",
111/12/14,"1,172,537","210,029,874",180.00,180.50,178.00,180.00,+1.50,"1,010",
111/12/15,"1,036,458","186,080,662",179.00,181.00,178.00,180.00, 0.00,879,
111/12/16,"1,152,012","209,344,831",177.00,184.50,176.50,184.50,+4.50,905,
111/12/19,"602,960","109,000,152",182.00,183.00,179.50,180.50,-4.00,802,
111/12/20,"1,406,255","257,268,299",182.00,187.00,180.00,180.00,-0.50,"1,223",
111/12/21,"576,088","103,384,570",181.00,183.50,177.50,177.50,-2.50,"1,661",
111/12/22,"634,145","112,980,778",180.00,182.00,176.50,178.00,+0.50,610,
111/12/23,"782,665","139,578,441",176.00,181.00,173.50,179.00,+1.00,712,
111/12/26,"161,936","28,945,938",180.50,180.50,178.00,178.00,-1.00,154,
111/12/27,"473,734","86,299,568",180.00,183.50,179.00,183.50,+5.50,445,
111/12/28,"301,493","54,179,504",181.50,181.50,179.00,179.50,-4.00,829,
111/12/29,"341,082","61,829,393",179.00,183.00,177.00,183.00,+3.50,420,
111/12/30,"610,028","111,230,783",184.00,184.50,180.00,181.00,-2.00,"1,521",
112/01/03,"240,322","43,660,736",181.00,183.50,180.00,182.00,+1.00,593,
112/01/04,"297,991","54,571,705",182.00,184.50,182.00,183.50,+1.50,507,
112/01/05,"814,242","151,868,877",184.00,188.50,184.00,186.50,+3.00,"1,063",
112/01/06,"2,652,064","517,302,365",194.00,200.00,192.50,193.50,+7.00,"2,220",
112/01/09,"920,027","178,623,588",195.50,197.00,191.50,193.50, 0.00,"1,873",
112/01/10,"1,080,646","207,802,394",189.00,195.50,188.50,193.50, 0.00,"1,733",
112/01/11,"1,692,518","312,878,910",192.00,195.00,181.00,181.00,-12.50,"7,899",
112/01/12,"1,565,525","295,287,991",183.50,192.50,183.50,188.50,+7.50,"1,462",
112/01/13,"555,480","104,799,241",188.50,192.50,186.50,186.50,-2.00,"1,794",
112/01/16,"759,647","140,117,421",186.50,186.50,182.00,183.00,-3.50,"2,314",
112/01/17,"1,359,839","244,869,356",182.00,182.50,178.50,181.00,-2.00,"1,264",
112/01/30,"1,745,170","321,500,344",187.50,187.50,181.50,184.00,+3.00,"1,205",
112/01/31,"1,433,734","265,605,619",184.50,186.50,184.00,185.00,+1.00,971,
112/02/01,"1,312,327","244,420,090",185.00,189.00,183.50,186.00,+1.00,"1,426",
112/02/02,"1,216,890","233,117,424",188.00,193.50,188.00,191.50,+5.50,"1,179",
112/02/03,"1,209,606","229,423,366",191.50,192.00,186.00,190.50,-1.00,"2,977",
112/02/06,"796,820","152,389,344",190.50,194.00,189.00,191.50,+1.00,"1,102",
112/02/07,"1,033,509","196,658,325",193.00,193.50,188.50,188.50,-3.00,983,
112/02/08,"801,688","153,813,399",190.00,193.00,190.00,192.50,+4.00,642,
112/02/09,"632,464","120,644,776",191.50,194.00,189.50,190.50,-2.00,"2,449",
112/02/10,"588,506","112,019,570",191.50,192.00,189.00,190.00,-0.50,770,
112/02/13,"850,714","162,763,013",190.50,195.00,189.00,189.00,-1.00,793,
112/02/14,"950,599","182,442,353",193.00,195.00,190.50,191.50,+2.50,855,
112/02/15,"504,809","95,670,598",191.50,192.50,188.00,189.00,-2.50,"2,516",
112/02/16,"1,076,666","202,745,340",189.00,191.00,185.00,191.00,+2.00,911,
112/02/17,"868,677","166,064,674",188.00,194.00,188.00,193.00,+2.00,812,
112/02/20,"926,356","177,111,651",194.00,194.50,190.00,190.50,-2.50,"2,788",
112/02/21,"2,084,549","407,210,866",191.50,197.00,191.50,196.00,+5.50,"1,666",
112/02/22,"1,359,820","262,831,749",194.00,196.00,190.50,195.00,-1.00,"2,004",
112/02/23,"1,406,441","277,146,289",195.50,198.00,194.50,197.50,+2.50,"1,329",
112/02/24,"4,151,231","778,791,099",194.00,197.50,184.00,184.50,-13.00,"13,147",
112/03/01,"6,068,989","1,072,336,906",174.00,180.50,173.00,178.50,-6.00,"4,547",
112/03/02,"2,318,314","412,588,916",178.50,181.50,176.00,178.50, 0.00,"1,802",
112/03/03,"1,206,518","215,838,472",179.00,180.50,178.00,178.50, 0.00,"1,247",
112/03/06,"1,344,995","245,354,492",181.00,183.50,180.50,183.00,+4.50,"1,240",
112/03/07,"1,640,036","295,685,253",183.50,183.50,179.00,180.50,-2.50,"1,997",
112/03/08,"1,949,764","349,024,350",180.00,181.00,177.50,179.50,-1.00,"1,599",
112/03/09,"1,720,468","307,283,132",181.00,181.00,177.50,178.00,-1.50,"1,319",
112/03/10,"2,440,730","428,743,975",178.00,178.00,174.00,175.00,-3.00,"2,215",
112/03/13,"1,285,296","222,061,226",175.00,175.50,171.00,173.50,-1.50,"1,223",
112/03/14,"3,585,510","602,430,487",173.00,173.00,165.50,168.00,-5.50,"3,161",
112/03/15,"2,856,212","478,637,293",169.00,170.00,166.00,167.50,-0.50,"2,454",
112/03/16,"2,367,958","389,807,777",166.50,168.50,163.00,163.50,-4.00,"2,218",
112/03/17,"2,712,187","444,328,234",165.00,167.00,161.50,164.00,+0.50,"2,037",
112/03/20,"1,280,155","210,947,369",164.50,167.00,163.50,165.00,+1.00,"1,084",
112/03/21,"1,577,980","263,916,014",167.00,169.00,164.00,168.00,+3.00,"1,376",
112/03/22,"2,416,597","411,561,884",170.00,172.50,168.50,171.00,+3.00,"1,849",
112/03/23,"4,154,106","731,034,685",170.00,180.00,169.00,179.00,+8.00,"2,915",
112/03/24,"4,013,139","727,067,349",182.00,183.00,179.00,181.50,+2.50,"3,758",
112/03/27,"1,527,173","272,799,164",181.50,181.50,177.00,178.50,-3.00,"1,518",
112/03/28,"3,359,333","604,535,523",178.50,183.50,176.50,177.50,-1.00,"2,595",
112/03/29,"1,479,476","263,177,889",179.50,181.00,176.00,178.50,+1.00,"1,176",
112/03/30,"1,524,574","271,743,823",179.00,179.50,177.50,178.00,-0.50,"1,930",
112/03/31,"1,681,377","299,483,993",179.50,179.50,177.00,177.50,-0.50,"1,718",
112/04/06,"1,274,680","224,641,688",176.50,177.50,173.50,177.50, 0.00,"3,248",
112/04/07,"1,581,419","285,747,735",178.00,182.00,178.00,180.50,+3.00,"1,415",
112/04/10,"1,133,874","202,366,051",182.00,182.00,177.00,177.00,-3.50,"2,758",
112/04/11,"1,870,267","331,548,377",177.00,178.50,176.00,178.00,+1.00,"1,785",
112/04/12,"1,241,408","219,440,219",178.00,179.00,176.00,177.00,-1.00,"2,353",
112/04/13,"983,468","176,315,586",175.50,180.50,175.50,179.50,+2.50,780,
112/04/14,"626,083","112,279,626",181.50,181.50,178.00,178.00,-1.50,"2,055",
112/04/17,"396,777","70,549,226",178.00,179.00,177.00,177.00,-1.00,"1,679",
112/04/18,"788,240","140,044,581",177.50,179.00,176.50,178.00,+1.00,"2,159",
112/04/19,"1,805,182","316,282,947",177.50,178.50,174.00,174.00,-4.00,"6,662",
112/04/20,"1,325,757","232,046,274",174.00,177.00,173.50,175.50,+1.50,776,
112/04/21,"2,499,123","444,805,377",174.50,181.50,174.00,178.00,+2.50,"1,758",
112/04/24,"917,452","162,723,549",178.50,179.50,175.00,176.50,-1.50,"1,838",
112/04/25,"1,013,735","177,250,402",178.00,179.00,172.00,173.00,-3.50,"1,668",
112/04/26,"1,211,555","214,121,607",175.50,178.50,174.00,178.00,+5.00,"1,027",
112/04/27,"969,393","173,262,445",177.50,180.00,177.00,179.00,+1.00,"1,169",
112/04/28,"6,206,163","1,183,700,882",191.50,194.50,188.50,190.00,+11.00,"5,035",
112/05/02,"2,845,242","543,689,112",194.00,194.00,189.00,191.50,+1.50,"2,018",
112/05/03,"1,840,063","340,150,980",191.50,191.50,182.50,183.50,-8.00,"11,677",
112/05/04,"2,454,300","462,417,511",184.50,191.00,183.00,189.50,+6.00,"3,115",
112/05/05,"1,989,281","377,473,353",189.50,191.50,188.00,190.00,+0.50,"1,700",
112/05/08,"1,619,656","309,495,314",191.50,193.00,188.50,191.00,+1.00,"5,251",
112/05/09,"1,200,451","226,812,875",188.00,191.00,184.50,190.50,-0.50,"1,936",
112/05/10,"1,051,897","199,365,654",191.00,191.00,188.50,190.00,-0.50,784,
112/05/11,"1,154,323","213,802,005",190.50,190.50,183.50,183.50,-6.50,"3,825",
112/05/12,"524,171","98,076,170",183.50,189.00,183.50,188.50,+5.00,"1,422",
112/05/15,"434,350","81,097,728",186.00,187.50,185.50,187.50,-1.00,460,
112/05/16,"1,071,106","203,239,118",189.50,190.50,188.50,190.00,+2.50,578,
112/05/17,"2,081,578","402,483,836",190.00,194.50,190.00,194.50,+4.50,"1,797",
112/05/18,"2,458,783","482,093,135",195.00,197.00,194.50,196.00,+1.50,"1,345",
112/05/19,"2,250,135","449,853,016",197.50,201.50,197.00,201.50,+5.50,"2,808",
112/05/22,"1,587,220","322,932,777",204.00,207.00,200.50,201.00,-0.50,"2,491",
112/05/23,"712,031","141,862,459",202.00,203.00,196.50,198.00,-3.00,"1,795",
112/05/24,"1,658,080","320,753,382",197.50,197.50,190.50,194.50,-3.50,"4,654",
112/05/25,"1,963,379","387,662,444",194.00,200.00,192.50,197.50,+3.00,"3,750",
112/05/26,"6,706,263","1,403,302,427",203.00,217.00,202.50,217.00,+19.50,"9,271",
112/05/29,"8,688,027","1,978,113,030",234.00,237.50,220.00,226.50,+9.50,"8,366",
112/05/30,"2,458,608","552,746,506",225.50,227.50,221.00,226.00,-0.50,"5,153",
112/05/31,"5,163,402","1,203,156,724",225.00,237.00,224.00,233.00,+7.00,"6,597",
112/06/01,"3,915,542","874,336,245",222.00,229.00,217.00,225.50,-7.50,"5,465",
112/06/02,"4,761,241","1,048,684,780",226.00,226.00,218.00,219.00,-6.50,"8,086",
112/06/05,"1,858,824","408,134,477",219.00,222.00,216.00,219.00, 0.00,"3,258",
112/06/06,"2,179,833","485,971,653",219.00,225.50,218.50,223.50,+4.50,"1,742",
112/06/07,"1,657,422","375,123,285",223.50,229.50,223.00,228.00,+4.50,"7,335",
112/06/08,"1,583,383","356,869,101",227.00,228.50,222.50,225.00,-3.00,"1,968",
112/06/09,"2,875,766","651,256,511",228.00,228.00,223.50,228.00,+3.00,"4,518",
112/06/12,"1,631,717","374,482,912",228.00,234.00,226.50,228.00, 0.00,"2,661",
112/06/13,"4,950,206","1,202,152,995",234.00,248.50,232.50,246.00,+18.00,"5,446",
112/06/14,"4,562,560","1,131,935,657",246.00,252.50,243.00,246.00, 0.00,"9,626",
112/06/15,"3,811,973","965,788,960",247.50,257.50,245.00,255.00,+9.00,"4,950",
112/06/16,"3,461,499","880,695,361",254.00,260.00,246.00,258.00,+3.00,"6,944",
112/06/19,"3,159,801","813,154,194",254.00,259.00,252.50,258.00, 0.00,"3,388",
112/06/20,"2,225,370","573,150,923",260.50,263.50,253.50,255.00,-3.00,"4,241",
112/06/21,"2,630,815","659,939,191",257.00,257.00,247.50,252.00,-3.00,"2,239",
112/06/26,"3,842,051","953,874,350",241.00,252.00,240.00,249.00,-3.00,"4,173",
112/06/27,"1,814,507","444,942,969",248.00,248.50,242.50,244.50,-4.50,"1,282",
112/06/28,"1,488,195","362,875,026",246.00,250.00,241.00,242.50,-2.00,"1,189",
112/06/29,"1,259,428","308,497,591",245.00,249.00,243.00,246.00,+3.50,982,
112/06/30,"1,757,665","437,934,794",245.50,252.00,242.00,250.50,+4.50,"1,263",
112/07/03,"1,738,612","442,625,704",250.00,257.00,249.50,256.50,+6.00,"1,434",
112/07/04,"4,445,668","1,204,654,485",265.00,276.00,263.00,272.00,+15.50,"3,364",
112/07/05,"2,424,448","661,107,069",273.50,279.50,266.50,270.50,-1.50,"2,036",
112/07/06,"2,472,618","653,029,022",267.00,268.00,260.00,264.00,-6.50,"2,173",
112/07/07,"5,439,167","1,418,622,393",265.50,269.00,255.00,256.50,X0.00,"4,115",
112/07/10,"977,982","248,106,893",260.00,260.00,250.50,251.50,-5.00,887,
112/07/11,"3,470,174","906,392,542",254.00,265.00,254.00,261.00,+9.50,"2,491",
112/07/12,"4,358,746","1,192,380,823",265.50,278.50,265.00,271.50,+10.50,"4,987",
112/07/13,"4,373,441","1,199,585,448",275.50,279.50,262.50,266.50,-5.00,"6,679",
112/07/14,"4,607,913","1,280,963,635",270.00,284.00,270.00,282.00,+15.50,"7,882",
112/07/17,"6,559,488","1,760,819,488",268.00,274.00,260.50,267.50,-14.50,"7,654",
112/07/18,"2,727,788","723,574,314",266.00,269.50,260.50,266.50,-1.00,"2,405",
112/07/19,"2,519,288","683,234,152",270.00,276.00,267.50,269.50,+3.00,"2,247",
112/07/20,"2,446,531","645,295,964",265.50,268.00,260.50,268.00,-1.50,"3,579",
112/07/21,"5,227,326","1,436,703,187",262.50,281.00,260.00,279.50,+11.50,"4,642",
112/07/24,"3,261,030","904,918,293",275.50,280.50,273.50,275.50,-4.00,"4,651",
112/07/25,"5,470,493","1,550,311,440",283.00,289.50,277.00,279.00,+3.50,"8,309",
112/07/26,"1,280,191","357,124,120",285.00,285.50,275.50,276.00,-3.00,"4,902",
112/07/27,"2,704,445","730,510,802",272.50,273.50,267.50,270.00,-6.00,"10,271",
112/07/28,"3,685,721","1,044,870,328",271.00,289.00,270.00,289.00,+19.00,"3,241",
112/07/31,"4,957,047","1,397,520,582",289.00,291.50,275.50,276.00,-13.00,"10,901",
112/08/01,"7,179,244","2,049,038,157",280.00,299.50,274.00,282.00,+6.00,"6,971",
112/08/02,"4,084,518","1,090,709,899",281.50,281.50,260.00,261.50,-20.50,"7,922",
112/08/04,"2,986,799","772,839,113",260.00,264.50,253.00,261.50, 0.00,"3,081",
112/08/07,"2,231,462","604,425,358",260.00,277.00,260.00,271.50,+10.00,"2,678",
112/08/08,"2,793,952","770,652,368",272.00,279.50,272.00,275.00,+3.50,"3,969",
112/08/09,"2,332,736","632,517,435",262.50,276.50,262.00,272.50,-2.50,"2,775",
112/08/10,"3,572,119","920,274,228",268.50,270.00,253.00,259.00,-13.50,"6,654",
112/08/11,"4,269,923","1,127,108,905",265.50,269.00,259.00,262.00,+3.00,"2,954",
112/08/14,"886,206","228,411,175",262.00,263.50,254.00,256.50,-5.50,"3,624",
112/08/15,"3,061,012","828,455,298",262.00,274.00,262.00,270.50,+14.00,"2,409",
112/08/16,"2,116,575","560,858,652",266.50,269.00,261.50,267.50,-3.00,"2,859",
112/08/17,"1,956,824","531,616,244",264.50,274.50,263.50,272.50,+5.00,"2,482",
112/08/18,"1,973,583","533,838,517",274.50,275.50,265.00,266.00,-6.50,"3,510",
112/08/21,"946,651","252,893,214",266.00,271.00,265.50,266.50,+0.50,"2,192",
112/08/22,"3,010,599","835,840,385",272.50,281.00,272.50,276.50,+10.00,"3,226",
112/08/23,"3,604,673","1,013,230,063",280.00,287.50,276.00,280.00,+3.50,"7,469",
112/08/24,"8,235,421","2,438,242,942",294.00,305.00,289.00,295.00,+15.00,"6,452",
112/08/25,"4,361,001","1,231,354,191",280.00,287.50,278.50,281.50,-13.50,"4,864",
112/08/28,"1,441,633","403,075,456",283.00,283.00,276.00,278.00,-3.50,"1,460",
112/08/29,"1,116,932","312,756,794",278.50,282.50,277.50,282.00,+4.00,923,
112/08/30,"2,122,636","606,335,189",289.50,290.50,282.50,285.50,+3.50,"2,482",
112/08/31,"2,976,197","833,698,279",283.50,284.00,277.50,280.00,-5.50,"2,081",
112/09/01,"2,186,443","597,530,613",280.00,280.00,269.50,272.00,-8.00,"1,946",
112/09/04,"1,942,313","537,696,128",272.00,281.00,270.00,278.00,+6.00,"1,756",
112/09/05,"758,230","210,099,333",278.00,281.00,274.50,276.50,-1.50,"1,170",
112/09/06,"2,376,775","623,534,033",273.00,276.50,271.50,276.00,-0.50,"1,668",
112/09/07,"673,493","186,001,815",274.50,278.50,272.00,275.50,-0.50,779,
112/09/08,"1,374,427","374,148,221",276.00,277.00,268.00,272.00,-3.50,"1,318",
112/09/11,"650,139","176,096,703",272.50,274.50,269.00,270.00,-2.00,668,
112/09/12,"1,943,164","517,449,936",272.50,272.50,263.50,266.50,-3.50,"2,698",
112/09/13,"2,447,429","639,430,535",269.50,269.50,258.00,261.50,-5.00,"2,349",
112/09/14,"2,742,163","712,594,447",259.00,262.50,257.50,261.50, 0.00,"2,142",
112/09/15,"2,059,518","537,820,507",264.50,265.50,258.50,261.50, 0.00,"1,522",
112/09/18,"1,060,246","272,925,397",258.50,260.00,255.50,256.50,-5.00,"1,120",
112/09/19,"1,786,630","456,211,954",256.50,257.50,253.50,255.00,-1.50,"1,500",
112/09/20,"1,931,255","506,228,904",254.00,265.50,253.00,261.50,+6.50,"1,546",
112/09/21,"1,685,038","431,471,029",257.50,258.50,254.00,255.50,-6.00,"2,628",
112/09/22,"1,045,515","272,489,468",255.50,264.00,253.00,264.00,+8.50,998,
112/09/25,"1,986,821","538,729,579",265.50,274.00,263.00,271.50,+7.50,"1,964",
112/09/26,"2,178,640","592,778,373",270.50,276.50,269.50,271.50, 0.00,"1,517",
112/09/27,"1,874,425","508,372,556",268.00,275.00,266.50,274.00,+2.50,"2,043",
112/09/28,"3,716,053","1,024,944,871",273.50,278.00,273.50,276.00,+2.00,"2,962",
112/10/02,"2,178,925","612,067,980",280.00,283.00,276.00,281.50,+5.50,"1,963",
112/10/03,"1,687,667","466,353,881",279.00,281.50,274.00,276.00,-5.50,"2,729",
112/10/04,"2,477,024","660,855,153",273.00,274.00,263.00,265.50,-10.50,"6,408",
112/10/05,"2,644,844","702,654,817",267.50,270.00,265.00,269.50,+4.00,"4,312",
112/10/06,"876,026","236,316,307",271.50,273.00,267.50,269.50, 0.00,799,
112/10/11,"3,344,952","859,315,275",262.00,265.00,252.00,253.00,-16.50,"3,686",
112/10/12,"11,868,996","2,760,587,714",230.00,241.50,228.00,236.00,-17.00,"6,908",
112/10/13,"3,823,355","894,611,498",234.50,239.50,231.50,233.00,-3.00,"2,959",
112/10/16,"1,895,890","436,291,482",233.00,233.00,228.00,229.00,-4.00,"1,597",
112/10/17,"3,121,064","715,492,931",234.00,235.00,225.00,229.50,+0.50,"2,716",
112/10/18,"3,434,546","764,793,439",228.50,229.00,219.00,224.00,-5.50,"2,730",
112/10/19,"6,091,873","1,329,770,444",222.00,223.00,215.50,218.00,-6.00,"3,948",
112/10/20,"3,055,918","674,626,594",221.00,224.50,214.50,221.50,+3.50,"2,203",
112/10/23,"1,836,558","408,129,640",221.00,224.00,220.50,221.50, 0.00,922,
112/10/24,"1,898,467","427,357,056",223.00,227.00,220.50,225.50,+4.00,"1,373",
112/10/25,"3,477,398","791,810,690",225.50,230.50,223.50,228.50,+3.00,"1,628",
112/10/26,"1,358,623","305,346,102",225.00,227.50,221.50,224.50,-4.00,"1,351",
112/10/27,"1,418,593","315,711,193",227.00,228.50,220.00,220.00,-4.50,"1,252",
112/10/30,"1,477,836","331,731,426",220.50,226.50,220.50,224.00,+4.00,"1,166",
112/10/31,"3,443,009","765,196,586",225.50,234.00,217.00,218.00,-6.00,"2,868",
112/11/01,"6,292,603","1,322,046,777",221.50,222.00,202.00,211.00,-7.00,"4,217",
112/11/02,"4,246,406","894,837,485",213.00,214.00,208.00,210.50,-0.50,"2,986",
112/11/03,"2,365,276","506,967,863",213.50,217.00,211.00,214.50,+4.00,"1,945",
112/11/06,"1,337,075","294,590,332",219.00,223.00,218.50,219.50,+5.00,"1,292",
112/11/07,"1,079,736","235,357,711",220.00,221.00,216.00,217.50,-2.00,"1,022",
112/11/08,"1,329,352","291,349,041",216.00,222.00,215.50,218.50,+1.00,"1,083",
112/11/09,"4,212,059","894,805,306",216.00,216.50,209.00,212.50,-6.00,"2,662",
112/11/10,"5,286,878","1,092,463,964",210.00,210.50,204.50,208.50,-4.00,"3,397",
112/11/13,"2,601,041","536,359,834",209.00,209.50,204.00,205.00,-3.50,"2,247",
112/11/14,"1,645,479","339,100,828",205.00,209.50,201.00,208.00,+3.00,"1,292",
112/11/15,"4,352,368","915,732,253",214.50,219.00,206.00,206.50,-1.50,"3,320",
112/11/16,"1,906,257","397,124,140",210.00,211.50,206.00,208.00,+1.50,"1,636",
112/11/17,"3,489,499","717,217,634",209.50,212.00,203.00,206.00,-2.00,"2,714",
112/11/20,"1,477,223","310,898,343",207.50,213.50,205.00,211.00,+5.00,"1,378",
112/11/21,"2,985,950","636,813,995",212.00,215.00,211.00,213.00,+2.00,"2,279",
112/11/22,"1,371,049","291,693,553",213.50,215.50,210.50,211.50,-1.50,"1,315",
112/11/23,"3,607,935","785,919,601",213.00,220.50,213.00,217.50,+6.00,"2,378",
112/11/24,"2,623,106","578,368,085",218.50,223.50,217.50,219.50,+2.00,"2,421",
112/11/27,"1,862,446","401,343,705",221.50,221.50,213.00,213.50,-6.00,"1,749",
112/11/28,"2,623,425","555,654,046",211.00,214.50,210.50,211.00,-2.50,"2,155",
112/11/29,"3,064,664","644,289,413",213.00,213.00,208.00,211.50,+0.50,"2,676",
112/11/30,"2,464,929","528,851,891",211.50,217.00,210.00,215.00,+3.50,"1,918",
112/12/01,"1,600,492","347,187,794",217.50,219.50,215.00,216.50,+1.50,"1,348",
112/12/04,"1,512,913","327,407,282",217.50,219.00,215.00,216.00,-0.50,"1,346",
112/12/05,"1,665,100","359,492,086",216.50,220.00,212.00,212.00,-4.00,"1,195",
112/12/06,"1,501,918","321,047,942",212.00,215.50,212.00,215.00,+3.00,"1,275",
112/12/07,"1,383,098","294,831,010",213.50,216.00,211.50,212.50,-2.50,"1,205",
112/12/08,"1,776,311","375,164,815",215.00,215.50,209.00,212.00,-0.50,"1,454",
112/12/11,"2,535,814","532,452,851",213.50,214.00,208.50,209.50,-2.50,"1,880",
112/12/12,"10,277,348","2,002,919,295",195.50,202.00,191.50,194.00,-15.50,"8,148",
112/12/13,"3,930,451","781,345,083",195.00,201.50,194.50,198.00,+4.00,"2,710",
112/12/14,"4,647,215","964,369,408",201.50,210.50,200.50,210.00,+12.00,"3,464",
112/12/15,"3,060,025","653,233,798",213.00,216.50,211.00,211.00,+1.00,"2,940",
112/12/18,"1,689,515","351,843,822",212.00,212.00,205.50,207.00,-4.00,"2,868",
112/12/19,"2,316,397","484,904,183",210.00,215.00,206.00,207.00, 0.00,"2,058",
112/12/20,"592,168","123,606,924",208.50,210.00,207.00,209.00,+2.00,976,
112/12/21,"1,403,809","288,122,246",205.00,206.50,203.00,205.00,-4.00,"1,602",
112/12/22,"1,579,172","328,431,865",206.00,210.00,206.00,207.50,+2.50,643,
112/12/25,"348,538","72,157,043",207.50,210.00,206.00,207.00,-0.50,322,
112/12/26,"478,993","100,067,932",207.50,210.00,207.50,208.50,+1.50,463,
112/12/27,"1,015,215","214,144,824",209.50,212.00,208.50,211.50,+3.00,"1,329",
112/12/28,"1,044,177","221,318,275",214.00,214.00,210.00,212.00,+0.50,"1,143",
112/12/29,"1,428,171","304,698,544",213.00,216.00,212.00,213.00,+1.00,"1,725",
113/01/02,"1,279,803","274,184,350",213.00,215.50,212.50,215.00,+2.00,"1,448",
113/01/03,"2,081,710","443,319,979",216.00,217.00,210.00,212.00,-3.00,"1,528",
113/01/04,"944,551","202,284,628",214.00,215.50,212.50,215.00,+3.00,855,
113/01/05,"1,452,870","312,136,544",216.00,218.00,212.00,215.50,+0.50,"1,197",
113/01/08,"1,327,073","282,649,763",215.00,215.00,211.50,213.00,-2.50,"1,332",
113/01/09,"1,726,412","375,090,184",216.00,219.00,215.50,216.50,+3.50,"1,834",
113/01/10,"1,780,866","389,611,532",219.00,223.00,215.50,217.50,+1.00,"3,602",
113/01/11,"1,933,545","417,898,190",219.50,219.50,213.00,215.50,-2.00,"2,785",
113/01/12,"914,079","195,641,632",215.50,216.50,212.00,212.50,-3.00,900,
113/01/15,"1,480,811","318,904,449",213.00,216.50,213.00,215.50,+3.00,680,
113/01/16,"2,284,332","485,068,224",214.00,214.50,210.00,210.50,-5.00,"1,413",
113/01/17,"2,088,907","441,853,183",210.00,214.00,209.00,211.50,+1.00,"1,477",
113/01/18,"2,049,928","435,448,082",211.50,214.00,210.00,214.00,+2.50,"2,990",
113/01/19,"3,023,312","645,139,801",214.00,216.00,211.00,211.50,-2.50,"2,271",
113/01/22,"2,040,958","440,352,357",214.00,217.00,213.50,216.00,+4.50,"2,158",
113/01/23,"1,698,961","368,215,603",216.50,218.00,215.50,216.00, 0.00,"1,063",
113/01/24,"2,148,760","459,631,485",216.00,218.00,210.00,210.50,-5.50,"1,854",
113/01/25,"4,857,256","1,002,267,997",213.00,213.50,203.00,203.50,-7.00,"3,859",
113/01/26,"3,530,546","710,114,918",202.50,204.50,197.00,201.50,-2.00,"2,815",
113/01/29,"994,560","202,413,615",201.50,205.50,199.50,205.50,+4.00,848,
113/01/30,"2,180,458","443,539,209",205.00,207.00,202.00,203.00,-2.50,"1,408",
113/01/31,"2,589,511","522,360,933",203.00,204.50,200.50,200.50,-2.50,"1,457",
113/02/01,"3,965,300","780,177,090",199.00,200.00,195.00,196.50,-4.00,"2,897",
113/02/02,"1,821,672","365,550,122",198.00,203.50,197.00,203.50,+7.00,"1,438",
113/02/05,"3,260,590","678,211,250",205.00,209.50,204.00,208.00,+4.50,"2,224",
113/02/15,"3,650,219","751,130,907",204.00,209.00,201.00,206.50,-1.50,"4,166",
113/02/16,"1,935,134","406,353,925",206.50,215.50,205.50,212.50,+6.00,"1,524",
113/02/19,"1,885,193","402,925,406",212.50,216.00,210.50,212.50, 0.00,"2,694",
113/02/20,"3,671,015","810,544,476",213.00,224.50,213.00,222.00,+9.50,"3,057",
113/02/21,"5,605,607","1,282,491,189",223.00,233.50,220.50,227.50,+5.50,"11,136",
113/02/22,"5,161,344","1,203,413,254",233.00,238.50,230.00,231.50,+4.00,"7,958",
113/02/23,"8,577,279","2,077,875,649",235.50,251.00,235.00,239.00,+7.50,"7,737",
113/02/26,"4,681,974","1,119,955,622",242.50,246.00,236.50,237.00,-2.00,"7,346",
113/02/27,"6,248,614","1,433,184,913",225.50,237.00,225.00,229.50,-7.50,"5,543",
113/02/29,"3,664,718","853,380,285",232.50,236.00,230.00,233.00,+3.50,"3,188",
113/03/01,"2,530,431","596,871,650",235.50,239.50,234.00,234.00,+1.00,"2,948",
113/03/04,"3,124,448","751,053,343",233.50,244.00,233.50,244.00,+10.00,"2,605",
113/03/05,"8,701,157","2,213,407,176",247.00,267.00,244.00,265.00,+21.00,"7,556",
113/03/06,"9,929,421","2,638,145,692",256.50,283.00,253.50,275.00,+10.00,"12,061",
113/03/07,"13,694,975","3,802,468,431",275.00,287.50,261.50,285.00,+10.00,"13,654",
113/03/08,"8,963,884","2,465,278,100",284.50,292.00,261.50,269.00,-16.00,"14,921",
113/03/11,"3,970,274","1,070,111,443",269.00,273.50,263.00,269.50,+0.50,"5,437",
113/03/12,"3,801,022","1,006,024,869",265.00,268.00,261.50,265.00,-4.50,"7,203",
113/03/13,"5,431,243","1,402,572,407",263.00,267.50,253.00,260.00,-5.00,"4,877",
113/03/14,"2,800,883","713,033,719",259.50,260.00,252.00,254.00,-6.00,"3,261",
113/03/15,"1,837,748","467,312,956",253.00,258.50,252.50,253.00,-1.00,"2,014",
113/03/18,"2,243,178","580,132,918",254.50,263.50,253.50,256.00,+3.00,"2,278",
113/03/19,"1,376,060","355,732,941",254.00,262.00,254.00,259.50,+3.50,"2,380",
113/03/20,"2,366,969","609,170,466",259.50,262.00,252.50,253.50,-6.00,"2,256",
113/03/21,"3,086,730","820,657,778",257.50,270.00,257.50,267.50,+14.00,"3,356",
113/03/22,"2,310,845","603,691,337",269.00,269.50,256.50,260.50,-7.00,"3,091",
113/03/25,"1,688,617","435,683,675",260.00,260.00,256.50,257.50,-3.00,"1,387",
113/03/26,"3,373,852","857,997,813",257.00,265.00,248.00,252.50,-5.00,"2,807",
113/03/27,"4,023,608","1,031,391,225",260.00,261.00,248.00,256.00,+3.50,"3,826",
113/03/28,"1,409,049","356,763,324",256.00,257.00,251.50,252.50,-3.50,"2,238",
113/03/29,"752,029","191,447,103",255.00,256.50,252.50,255.00,+2.50,778,
113/04/01,"359,637","91,581,767",255.00,256.50,253.00,255.00, 0.00,"1,596",
113/04/02,"577,685","148,133,167",253.50,258.50,253.50,256.00,+1.00,752,
113/04/03,"830,941","210,441,265",253.50,255.50,250.50,254.00,-2.00,"1,436",
113/04/08,"2,156,280","551,868,724",254.00,261.00,252.00,253.00,-1.00,"1,801",
113/04/09,"1,074,445","270,708,457",253.50,254.00,250.00,251.50,-1.50,"2,528",
113/04/10,"2,729,336","717,189,829",262.50,270.00,256.00,259.00,+7.50,"2,672",
113/04/11,"2,252,688","574,815,197",258.50,259.00,253.00,254.00,-5.00,"4,436",
113/04/12,"1,792,035","463,567,671",254.00,263.00,252.00,259.50,+5.50,"2,563",
113/04/15,"1,214,095","305,893,621",256.00,257.50,249.00,251.00,-8.50,"2,332",
113/04/16,"2,654,384","656,035,810",249.00,251.50,244.00,248.00,-3.00,"2,415",
113/04/17,"1,837,168","466,433,935",248.50,260.00,248.00,249.50,+1.50,"2,055",
113/04/18,"1,977,675","494,550,955",249.50,253.00,245.50,251.50,+2.00,"1,828",
113/04/19,"2,027,110","494,946,165",248.00,254.00,239.00,243.00,-8.50,"1,726",
113/04/22,"1,707,303","407,001,264",244.00,245.00,234.50,236.50,-6.50,"1,628",
113/04/23,"1,250,555","301,625,437",239.00,246.00,236.50,242.00,+5.50,"1,086",
113/04/24,"860,917","211,258,381",244.50,248.00,242.50,246.50,+4.50,"2,292",
113/04/25,"939,163","231,626,235",247.00,248.00,245.00,246.50, 0.00,791,
113/04/26,"2,602,197","666,489,363",251.00,260.00,250.50,256.50,+10.00,"2,265",
113/04/29,"1,935,751","501,763,051",253.50,262.00,253.50,261.00,+4.50,"4,020",
113/04/30,"2,276,082","610,029,522",262.00,272.00,261.50,266.50,+5.50,"3,519",
113/05/02,"3,291,507","832,103,209",260.50,261.00,247.00,252.50,-14.00,"13,916",
113/05/03,"2,537,385","657,167,646",255.00,263.00,253.50,259.00,+6.50,"2,262",
113/05/06,"2,159,811","571,398,175",263.00,270.00,260.50,263.00,+4.00,"3,579",
113/05/07,"1,156,784","299,288,087",265.00,266.50,255.50,258.00,-5.00,"3,873",
113/05/08,"1,422,765","370,906,112",257.50,264.00,255.00,261.50,+3.50,"1,896",
113/05/09,"1,418,409","364,543,034",260.00,263.00,254.00,254.00,-7.50,"2,222",
113/05/10,"1,459,925","370,965,198",256.00,256.50,250.50,253.50,-0.50,"1,233",
113/05/13,"2,328,255","594,800,691",257.00,261.00,252.50,255.50,+2.00,"1,766",
113/05/14,"1,047,569","266,653,431",257.50,258.50,252.00,252.00,-3.50,"1,441",
113/05/15,"1,538,801","386,819,069",252.50,254.50,250.00,250.50,-1.50,"1,206",
113/05/16,"2,460,436","633,907,637",251.00,261.00,251.00,257.00,+6.50,"1,668",
113/05/17,"2,758,878","725,036,267",257.00,265.00,256.50,264.50,+7.50,"2,157",
113/05/20,"1,303,566","343,594,968",265.50,266.00,261.00,264.50, 0.00,"2,689",
113/05/21,"2,535,307","676,965,760",267.00,271.00,263.50,265.00,+0.50,"2,444",
113/05/22,"1,313,966","350,757,492",268.50,270.00,264.50,267.00,+2.00,"4,123",
113/05/23,"3,604,620","996,868,580",271.00,281.00,268.00,280.00,+13.00,"4,847",
113/05/24,"3,461,251","968,928,488",275.00,283.00,275.00,281.50,+1.50,"4,848",
113/05/27,"3,958,555","1,150,740,495",285.00,294.50,284.00,293.50,+12.00,"7,771",
113/05/28,"5,274,157","1,587,736,534",300.50,311.00,292.50,295.00,+1.50,"10,367",
113/05/29,"2,045,315","603,771,261",297.00,297.50,293.00,295.00, 0.00,"3,353",
113/05/30,"2,741,062","805,273,571",292.50,299.00,289.00,292.50,-2.50,"2,907",
113/05/31,"2,946,324","850,872,104",298.00,299.00,282.00,285.00,-7.50,"4,633",
113/06/03,"2,332,287","666,582,609",292.00,293.00,282.50,284.50,-0.50,"7,256",
113/06/04,"1,809,023","510,821,568",284.50,287.50,280.00,282.00,-2.50,"9,016",
113/06/05,"1,817,804","504,573,454",283.00,284.00,275.50,276.50,-5.50,"5,732",
113/06/06,"1,208,012","336,168,351",280.50,283.00,275.50,279.00,+2.50,944,
113/06/07,"2,694,167","773,083,522",282.00,291.00,282.00,288.50,+9.50,"2,154",
113/06/11,"3,096,445","902,975,974",282.00,296.50,282.00,295.50,+7.00,"2,427",
113/06/12,"4,981,839","1,463,807,975",297.00,300.50,288.00,289.00,X0.00,"3,422",
113/06/13,"1,752,786","501,531,569",295.00,295.00,282.50,287.00,-2.00,"1,571",
113/06/14,"1,920,472","539,756,507",285.50,286.00,278.00,283.00,-4.00,"2,087",
113/06/17,"4,596,083","1,416,403,782",298.50,311.00,297.50,311.00,+28.00,"3,073",
113/06/18,"5,150,362","1,626,711,535",310.50,324.00,308.50,322.50,+11.50,"3,917",
113/06/19,"4,121,742","1,333,098,423",331.00,337.00,314.00,317.50,-5.00,"7,988",
113/06/20,"1,937,708","601,897,917",315.00,320.00,307.50,310.00,-7.50,"3,994",
113/06/21,"3,115,961","1,003,331,388",310.00,328.00,307.00,326.00,+16.00,"2,790",
113/06/24,"2,519,514","803,227,862",324.50,328.00,313.00,313.00,-13.00,"4,405",
113/06/25,"2,164,063","676,299,582",312.50,318.50,304.50,318.50,+5.50,"2,369",
113/06/26,"1,853,257","592,088,336",319.50,323.50,316.00,321.00,+2.50,"3,008",
113/06/27,"969,666","306,153,728",317.00,319.00,314.00,315.00,-6.00,"2,033",
113/06/28,"1,401,278","444,177,493",315.00,320.00,314.00,318.00,+3.00,"1,512",
113/07/01,"1,642,364","521,440,018",320.50,322.00,313.00,317.50,-0.50,"1,989",
113/07/02,"1,590,285","499,544,103",317.50,318.50,311.50,313.00,-4.50,"2,589",
113/07/03,"3,713,254","1,150,503,803",313.00,315.50,305.50,309.50,-3.50,"3,385",
113/07/04,"4,467,442","1,421,418,720",313.50,326.00,310.00,315.00,+5.50,"4,353",
113/07/05,"1,665,431","528,998,146",315.50,322.00,313.00,319.00,+4.00,"4,298",
113/07/08,"1,627,189","515,544,894",313.50,320.00,313.50,317.50,-1.50,"1,823",
113/07/09,"2,111,436","681,730,564",315.00,329.00,313.50,325.50,+8.00,"2,936",
113/07/10,"1,848,061","600,454,169",326.50,330.50,321.00,325.00,-0.50,"4,466",
113/07/11,"4,276,800","1,434,241,021",326.00,341.50,326.00,338.00,+13.00,"3,647",
113/07/12,"3,211,074","1,033,978,208",328.00,328.50,318.00,318.00,-20.00,"4,824",
113/07/15,"2,997,465","990,134,400",322.50,336.50,319.00,335.00,+17.00,"2,782",
113/07/16,"2,759,094","936,459,118",330.50,345.00,329.00,345.00,+10.00,"2,242",
113/07/17,"3,707,449","1,243,011,309",344.50,345.50,328.00,328.00,-17.00,"3,424",
113/07/18,"4,696,294","1,441,859,092",320.00,320.00,301.00,304.00,-24.00,"4,345",
113/07/19,"7,132,152","2,170,075,756",298.00,313.50,293.50,303.00,-1.00,"7,233",
113/07/22,"2,539,791","760,689,816",304.50,312.00,293.00,299.50,-3.50,"3,205",
113/07/23,"1,922,921","588,336,931",301.50,309.50,297.00,307.00,+7.50,"2,300",
113/07/26,"4,742,577","1,355,996,242",290.50,290.50,281.50,283.00,-24.00,"5,825",
113/07/29,"1,848,376","532,454,719",287.00,292.00,284.50,285.50,+2.50,"2,425",
113/07/30,"3,056,484","909,560,500",290.00,305.00,288.00,305.00,+19.50,"3,105",
113/07/31,"2,038,553","611,183,641",299.00,304.00,295.00,301.00,-4.00,"4,310",
113/08/01,"6,138,278","1,957,765,598",318.50,326.50,311.00,323.00,+22.00,"5,692",
113/08/02,"1,690,989","519,041,439",312.00,318.00,298.00,298.50,-24.50,"6,886",
113/08/05,"1,868,170","509,880,418",280.00,283.50,269.00,269.00,-29.50,"3,389",
113/08/06,"2,364,798","650,239,592",281.00,282.50,255.00,280.50,+11.50,"2,526",
113/08/07,"3,097,873","910,936,979",281.00,300.00,281.00,292.00,+11.50,"3,465",
113/08/08,"1,382,236","394,142,095",292.00,294.00,280.00,282.00,-10.00,"2,493",
113/08/09,"1,620,100","471,937,959",291.00,296.00,287.50,292.00,+10.00,"1,564",
113/08/12,"1,403,379","421,004,129",292.00,305.00,291.00,297.00,+5.00,"1,841",
113/08/13,"524,669","158,157,494",302.50,304.00,297.00,304.00,+7.00,"1,081",
113/08/14,"2,036,566","630,557,927",306.50,312.00,306.00,311.00,+7.00,"2,763",
113/08/15,"1,134,932","348,213,580",309.00,311.00,303.00,306.50,-4.50,"2,230",
113/08/16,"2,399,371","764,310,548",316.00,324.50,314.00,316.00,+9.50,"6,285",
113/08/19,"915,915","290,962,539",318.50,319.50,312.50,319.00,+3.00,"1,464",
113/08/20,"4,243,503","1,369,289,522",320.50,329.50,318.50,321.50,+2.50,"3,724",
113/08/21,"2,322,860","733,861,026",320.00,320.00,314.00,316.00,-5.50,"4,109",
113/08/22,"1,520,095","487,592,739",316.00,324.50,315.50,320.00,+4.00,"1,677",
113/08/23,"3,023,273","958,460,835",317.50,322.00,312.00,321.50,+1.50,"5,019",
113/08/26,"1,492,062","490,110,261",325.00,334.00,323.50,327.00,+5.50,"1,451",
113/08/27,"957,150","313,097,795",327.00,330.00,323.00,330.00,+3.00,"1,041",
113/08/28,"1,382,484","454,386,189",333.50,340.00,323.00,329.50,-0.50,"3,063",
113/08/29,"1,949,845","626,160,376",324.00,328.00,319.00,319.50,-10.00,"7,579",
113/08/30,"2,006,614","654,125,921",320.50,329.00,320.00,326.50,+7.00,"2,251",
113/09/02,"1,583,229","520,350,698",330.00,335.00,320.00,332.00,+5.50,"2,792",
113/09/03,"834,732","274,470,944",330.00,333.00,326.00,326.50,-5.50,"2,736",
113/09/04,"2,052,022","639,163,782",310.00,319.00,303.50,311.00,-15.50,"7,854",
113/09/05,"3,031,280","970,407,218",317.50,326.50,315.00,316.00,+5.00,"2,173",
113/09/06,"3,373,720","1,081,996,628",317.00,328.00,310.50,318.00,+2.00,"2,777",
113/09/09,"2,438,722","778,282,951",307.00,326.50,306.00,324.00,+6.00,"2,755",
113/09/10,"8,320,387","2,876,817,582",326.00,356.00,325.50,346.00,+22.00,"6,527",
113/09/11,"3,180,830","1,081,804,756",342.00,345.00,336.00,337.00,-9.00,"2,811",
113/09/12,"5,689,587","1,988,184,449",343.00,357.50,339.50,355.00,+18.00,"4,439",
113/09/13,"7,681,727","2,867,025,922",364.50,386.50,356.00,380.00,+25.00,"6,061",
113/09/16,"7,017,200","2,601,723,332",370.00,378.00,361.00,375.50,-4.50,"6,328",
113/09/18,"4,110,453","1,500,576,996",369.50,374.00,358.50,360.50,-15.00,"4,220",
113/09/19,"3,854,391","1,391,530,716",355.00,369.00,352.00,367.50,+7.00,"3,386",
113/09/20,"2,958,255","1,089,301,782",371.00,375.00,364.00,369.00,+1.50,"2,232",
113/09/23,"1,964,045","712,809,677",370.00,373.00,359.50,362.00,-7.00,"1,825",
113/09/24,"5,835,645","2,211,238,614",368.50,390.00,365.50,384.50,+22.50,"5,292",
113/09/25,"3,911,738","1,473,596,033",380.00,383.00,372.50,372.50,-12.00,"3,666",
113/09/26,"2,898,112","1,080,688,563",375.00,382.50,365.50,370.00,-2.50,"2,517",
113/09/27,"7,023,375","2,695,775,742",377.00,391.00,373.50,373.50,+3.50,"6,042",
113/09/30,"5,540,872","2,095,589,879",372.50,386.50,371.00,373.50, 0.00,"3,020",
113/10/01,"1,499,150","565,621,208",375.00,383.00,371.00,378.00,+4.50,"1,527",
113/10/04,"8,104,337","2,930,754,539",368.50,372.50,355.50,358.00,-20.00,"6,597",
113/10/07,"6,430,825","2,464,815,862",369.00,390.50,368.00,384.00,+26.00,"5,682",
113/10/08,"5,786,047","2,275,759,380",385.00,403.50,383.00,392.50,+8.50,"5,606",
113/10/09,"4,906,517","1,948,971,238",387.00,409.00,386.00,387.50,-5.00,"5,087",
113/10/11,"4,835,013","1,838,759,991",376.00,385.50,373.00,382.00,-5.50,"3,442",
113/10/14,"3,883,454","1,548,561,309",380.50,406.00,378.00,402.00,+20.00,"3,781",
113/10/15,"3,358,060","1,357,047,694",405.00,411.50,398.00,400.00,-2.00,"3,719",
113/10/16,"8,560,759","3,533,061,739",381.00,429.50,381.00,410.50,+10.50,"6,815",
113/10/17,"4,768,398","1,962,507,718",413.50,420.00,402.00,416.00,+5.50,"4,275",
113/10/18,"3,419,782","1,434,957,459",420.50,426.00,412.50,416.00, 0.00,"3,205",
113/10/21,"2,752,870","1,133,760,757",413.00,421.00,404.00,417.00,+1.00,"2,881",
113/10/22,"2,735,500","1,151,421,912",416.00,428.00,409.00,428.00,+11.00,"2,546",
113/10/23,"4,406,234","1,839,434,969",421.00,424.00,409.00,423.00,-5.00,"4,016",
113/10/24,"3,003,525","1,254,577,965",420.50,428.00,411.50,415.50,-7.50,"2,957",
113/10/25,"3,418,445","1,432,004,183",416.50,430.00,412.00,418.00,+2.50,"3,303",
113/10/28,"2,260,558","925,588,998",415.00,421.00,401.50,410.00,-8.00,"2,420",
113/10/29,"4,075,967","1,652,480,830",403.00,414.50,400.00,404.00,-6.00,"3,430",
113/10/30,"3,418,188","1,420,302,627",401.50,422.00,401.00,415.50,+11.50,"3,196",
113/11/01,"5,695,275","2,431,438,178",414.50,437.50,414.50,425.00,+9.50,"5,321",
113/11/04,"2,949,278","1,266,009,745",428.00,437.00,420.50,437.00,+12.00,"2,903",
113/11/05,"3,486,473","1,531,614,354",430.00,444.50,428.50,444.50,+7.50,"3,528",
113/11/06,"4,684,307","2,114,479,421",438.00,460.50,435.00,460.00,+15.50,"4,466",
113/11/07,"3,797,404","1,731,154,791",456.50,466.00,447.00,456.00,-4.00,"3,824",
113/11/08,"5,170,248","2,290,731,043",452.50,457.50,432.00,442.00,-14.00,"4,404",
113/11/11,"3,609,934","1,636,929,267",446.50,462.00,446.00,456.00,+14.00,"3,107",
113/11/12,"2,673,108","1,200,139,732",452.00,458.00,444.00,449.00,-7.00,"2,675",
113/11/13,"2,761,634","1,225,357,156",442.00,453.00,437.00,439.50,-9.50,"2,658",
113/11/14,"4,633,932","1,972,973,666",437.50,440.00,416.00,420.00,-19.50,"4,739",
113/11/15,"2,112,588","889,655,748",415.00,426.50,415.00,421.00,+1.00,"1,952",
113/11/18,"4,965,107","1,989,334,350",415.50,418.00,394.50,396.00,-25.00,"4,399",
113/11/19,"2,882,053","1,191,182,858",405.00,420.00,402.50,417.50,+21.50,"2,669",
113/11/20,"1,785,279","745,186,304",423.00,424.00,412.00,412.50,-5.00,"1,836",
113/11/21,"1,944,369","798,612,310",410.00,417.00,404.50,413.50,+1.00,"1,707",
113/11/22,"1,889,550","781,816,420",417.00,423.50,407.50,412.00,-1.50,"1,858",
113/11/25,"3,442,144","1,465,087,354",414.00,432.00,412.00,429.50,+17.50,"3,088",
113/11/26,"2,293,537","949,776,165",425.50,427.00,409.00,409.00,-20.50,"2,386",
113/11/27,"1,911,933","786,202,795",409.00,418.00,406.50,407.00,-2.00,"1,755",
113/11/28,"1,413,919","577,700,139",407.00,413.50,402.00,409.00,+2.00,"1,153",
113/11/29,"1,768,160","726,663,534",403.00,414.50,403.00,412.50,+3.50,"1,344",
113/12/02,"2,843,320","1,207,330,233",414.00,431.00,414.00,428.50,+16.00,"2,677",
113/12/03,"1,973,120","846,083,075",432.50,438.00,421.00,424.50,-4.00,"2,990",
113/12/04,"3,735,094","1,649,495,695",427.00,453.00,426.50,453.00,+28.50,"3,580",
113/12/05,"4,336,022","1,894,454,161",449.00,451.00,430.00,434.00,-19.00,"4,529",
113/12/06,"2,869,381","1,235,722,836",431.00,438.00,422.50,430.00,-4.00,"2,523",
113/12/09,"4,003,398","1,655,713,621",427.50,429.00,404.00,415.00,-15.00,"4,077",
113/12/10,"4,050,361","1,645,071,531",415.50,418.00,400.50,401.50,-13.50,"4,262",
113/12/11,"2,605,482","1,062,104,338",399.00,414.50,398.00,412.00,+10.50,"2,451",
113/12/12,"4,433,609","1,798,734,232",409.00,411.00,402.00,403.50,-8.50,"3,818",
113/12/13,"3,643,607","1,482,931,016",401.50,413.50,400.50,405.00,+1.50,"2,842",
113/12/16,"3,577,595","1,435,787,912",413.50,415.50,395.50,400.50,-4.50,"3,258",
113/12/17,"2,744,155","1,099,450,741",400.00,406.00,392.00,403.00,+2.50,"2,552",
113/12/18,"3,694,284","1,466,177,216",397.00,402.50,391.50,398.00,-5.00,"3,569",
113/12/19,"3,235,093","1,300,111,956",393.00,410.00,392.50,402.50,+4.50,"2,712",
113/12/20,"2,524,853","1,025,783,654",402.00,413.00,398.50,402.50, 0.00,"2,182",
113/12/23,"1,779,172","720,148,442",407.50,413.00,400.00,404.50,+2.00,"1,570",
113/12/24,"877,019","354,717,556",407.00,408.00,402.00,403.00,-1.50,945,
113/12/25,"589,953","241,154,926",407.50,411.50,404.00,409.00,+6.00,629,
113/12/26,"1,270,923","511,760,663",410.50,412.00,399.50,401.00,-8.00,"1,282",
113/12/27,"438,042","176,073,329",402.00,404.00,400.00,402.50,+1.50,538,
113/12/30,"903,352","364,674,527",401.50,409.00,399.00,403.50,+1.00,982,
113/12/31,"1,030,766","420,241,940",401.00,412.00,401.00,409.00,+5.50,"1,054",
114/01/02,"1,595,813","634,069,465",409.00,410.50,390.00,392.50,-16.50,"2,212",
114/01/03,"10,052,805","3,641,976,459",387.50,388.00,353.50,353.50,-39.00,"9,273",
114/01/06,"10,015,227","3,594,903,115",374.50,375.00,349.00,363.50,+10.00,"8,426",
114/01/07,"6,871,451","2,632,777,550",371.00,390.00,368.50,387.50,+24.00,"6,013",
114/01/08,"3,399,790","1,308,584,396",387.50,390.00,381.00,387.00,-0.50,"3,259",
114/01/09,"5,957,541","2,322,991,156",387.00,394.00,384.00,389.50,+2.50,"3,288",
114/01/10,"5,281,907","2,111,425,249",388.00,408.00,385.00,400.50,+11.00,"4,651",
114/01/13,"6,021,311","2,273,690,504",395.50,398.00,364.00,366.50,-34.00,"6,089",
114/01/14,"3,078,797","1,134,015,071",365.50,374.50,359.50,372.00,+5.50,"2,805",
114/01/15,"2,852,011","1,042,765,562",370.00,373.50,362.00,364.00,-8.00,"2,800",
114/01/16,"4,966,777","1,860,119,999",371.00,381.50,366.00,378.00,+14.00,"4,044",
114/01/17,"3,719,146","1,410,999,997",386.00,392.00,371.50,376.50,-1.50,"2,908",
114/01/20,"2,562,210","962,808,208",376.50,381.50,372.50,373.00,-3.50,"2,299",
114/01/21,"2,820,929","1,048,908,360",376.00,378.50,367.00,372.00,-1.00,"2,395",
114/01/22,"3,668,125","1,384,856,647",377.50,384.00,373.00,379.50,+7.50,"2,813",
114/02/03,"1,957,396","669,449,251",342.00,342.00,342.00,342.00,-37.50,"2,458",
114/02/04,"12,448,489","3,901,337,546",330.50,336.50,308.00,308.00,-34.00,"10,219",
114/02/05,"7,977,411","2,595,165,304",317.00,330.50,315.00,329.50,+21.50,"6,059",
114/02/06,"4,482,813","1,505,611,806",339.00,340.50,329.50,340.00,+10.50,"3,456",
114/02/07,"6,216,696","2,157,583,419",350.00,355.00,341.50,346.00,+6.00,"4,424",
114/02/10,"3,379,633","1,192,137,298",350.00,359.50,347.00,353.00,+7.00,"2,863",
114/02/11,"2,631,966","930,655,439",352.00,357.00,350.00,354.00,+1.00,"2,213",
114/02/12,"2,833,156","991,894,330",354.00,358.50,345.50,347.50,-6.50,"2,458",
114/02/13,"3,009,908","1,042,283,239",345.50,350.50,341.00,348.00,+0.50,"2,721",
114/02/14,"1,869,629","655,818,994",350.00,356.00,347.00,350.00,+2.00,"1,670",
114/02/17,"2,430,687","857,762,365",351.50,358.00,348.50,358.00,+8.00,"2,279",
114/02/18,"1,985,273","701,096,022",354.00,359.00,349.00,351.50,-6.50,"1,776",
114/02/19,"2,778,744","961,793,851",346.00,351.00,344.00,344.50,-7.00,"2,817",
114/02/20,"1,668,209","579,216,899",345.00,349.00,343.50,349.00,+4.50,"1,635",
114/02/21,"1,251,960","438,473,186",348.00,354.00,344.50,354.00,+5.00,"1,211",
114/02/24,"3,094,172","1,070,731,781",353.50,354.00,341.50,350.50,-3.50,"2,976",
114/02/25,"3,730,924","1,260,927,851",343.00,349.00,333.50,335.50,-15.00,"3,899",
114/02/26,"2,262,776","771,248,874",334.50,344.50,334.00,342.00,+6.50,"2,123",
114/02/27,"2,403,876","829,033,508",342.00,353.00,339.50,339.50,-2.50,"2,106",
114/03/03,"3,005,509","1,006,746,404",346.00,349.00,330.00,330.00,-9.50,"2,927",
114/03/04,"2,322,455","754,045,681",330.00,330.00,318.00,327.50,-2.50,"2,429",
114/03/05,"3,522,475","1,143,707,730",324.50,328.00,321.00,326.50,-1.00,"4,536",
114/03/06,"4,072,178","1,312,558,474",326.50,329.50,318.00,318.00,-8.50,"4,679",
114/03/07,"6,800,178","2,172,867,327",321.50,325.00,316.00,316.50,-1.50,"5,126",
114/03/10,"2,265,550","732,443,938",322.50,328.00,318.00,321.00,+4.50,"3,009",
114/03/11,"2,863,723","889,883,107",311.50,316.00,303.00,313.00,-8.00,"2,679",
114/03/12,"1,826,789","581,094,762",312.50,321.00,311.50,318.50,+5.50,"2,529",
114/03/13,"1,294,950","412,653,846",322.00,326.50,314.50,314.50,-4.00,"2,200",
114/03/14,"1,228,559","386,903,484",314.50,318.00,310.00,316.00,+1.50,"1,991",
114/03/17,"1,133,813","362,604,391",323.50,323.50,316.00,319.00,+3.00,"1,602",
114/03/18,"1,200,979","386,376,912",322.00,323.50,318.50,323.00,+4.00,"1,683",
114/03/19,"1,496,811","470,967,317",322.50,322.50,311.00,311.00,-12.00,"2,573",
114/03/20,"1,734,114","545,185,532",311.00,318.00,310.50,318.00,+7.00,"2,068",
114/03/21,"7,464,378","2,323,373,693",316.00,316.50,310.00,311.00,-7.00,"2,410",
114/03/24,"1,964,155","612,101,509",316.00,318.50,308.00,311.00, 0.00,"1,511",
114/03/25,"843,592","265,543,733",317.00,317.50,312.50,314.00,+3.00,793,
114/03/26,"871,577","275,093,794",314.00,318.00,312.00,315.50,+1.50,"1,379",
114/03/27,"3,831,105","1,152,855,498",312.00,314.00,296.00,298.00,-17.50,"4,115",
114/03/28,"3,642,248","1,058,760,706",283.00,295.50,283.00,291.50,-6.50,"4,060",
114/03/31,"4,456,234","1,263,930,159",280.50,287.00,278.50,285.00,-6.50,"3,323",
114/04/01,"1,922,148","559,080,604",288.00,294.00,284.50,292.50,+7.50,"1,149",
114/04/02,"1,063,889","310,721,049",293.50,294.50,289.00,292.50, 0.00,984,
114/04/07,"1,038,186","273,561,965",263.50,263.50,263.50,263.50,-29.00,324,
114/04/08,"1,779,892","422,752,878",237.50,239.00,237.50,237.50,-26.00,"1,509",
114/04/09,"6,896,244","1,624,135,159",250.50,250.50,220.50,224.50,-13.00,"4,437",
114/04/10,"205,946","50,765,678",246.50,246.50,246.50,246.50,+22.00,183,
114/04/11,"3,756,490","963,813,217",246.50,265.00,246.50,263.50,+17.00,"4,287",
114/04/14,"2,048,639","557,387,029",278.00,278.00,268.00,268.00,+4.50,"1,931",
114/04/15,"1,455,470","399,826,929",269.00,278.00,269.00,276.00,+8.00,"2,571",
114/04/16,"2,647,003","704,636,399",272.50,277.50,260.00,260.00,-16.00,"4,670",
114/04/17,"2,572,926","667,786,060",259.00,265.50,255.00,263.00,+3.00,"2,018",
114/04/18,"616,164","163,407,750",265.00,267.00,262.00,265.50,+2.50,500,
114/04/21,"2,131,172","564,551,157",266.00,269.00,261.00,262.00,-3.50,"1,706",
114/04/22,"2,448,786","647,874,320",259.00,270.50,255.00,264.50,+2.50,"1,820",
114/04/23,"2,862,726","774,988,210",271.00,273.50,267.00,270.00,+5.50,"2,325",
114/04/24,"2,953,205","831,562,103",277.50,287.50,276.50,279.50,+9.50,"2,755",
114/04/25,"1,619,158","466,594,967",283.50,293.00,283.00,287.00,+7.50,"2,121",
114/04/28,"2,096,308","617,816,030",293.00,296.50,290.50,294.50,+7.50,"1,912",
114/04/29,"1,807,956","532,814,695",297.00,298.00,290.50,296.50,+2.00,"1,809",
114/04/30,"1,832,847","539,917,622",299.00,299.00,290.50,292.50,-4.00,"1,955",
114/05/02,"3,775,169","1,196,334,326",306.00,321.50,305.50,321.50,+29.00,"3,384",
114/05/05,"7,040,528","2,219,129,546",323.50,327.00,304.50,315.00,-6.50,"10,283",
114/05/06,"2,220,319","702,048,804",313.00,321.00,312.00,313.00,-2.00,"2,600",
114/05/07,"2,032,451","624,880,346",309.00,314.00,303.50,304.50,-8.50,"2,675",
114/05/08,"1,926,409","606,638,235",304.00,318.50,304.00,315.00,+10.50,"1,928",
114/05/09,"1,228,118","388,846,001",316.00,319.50,313.00,318.00,+3.00,"1,224",
114/05/12,"2,173,048","694,857,813",318.50,322.00,316.50,320.00,+2.00,"1,318",
114/05/13,"2,065,087","669,247,621",326.00,328.00,321.00,323.50,+3.50,"2,555",
114/05/14,"1,763,001","578,189,579",327.00,333.00,324.00,326.00,+2.50,"3,590",
114/05/15,"1,987,533","657,115,426",330.50,334.50,325.00,330.50,+4.50,"1,499",
114/05/16,"1,787,520","598,673,203",334.00,337.00,331.00,336.00,+5.50,"1,449",
114/05/19,"2,709,963","892,884,324",329.00,333.50,323.00,329.00,-7.00,"1,767",
114/05/20,"1,249,829","414,586,190",333.00,337.00,328.00,329.00, 0.00,"1,307",
114/05/21,"1,745,280","579,453,677",329.50,335.00,328.50,335.00,+6.00,"1,121",
114/05/22,"1,513,168","499,515,801",330.00,335.00,328.00,330.50,-4.50,"1,064",
114/05/23,"747,851","247,517,007",330.00,333.00,329.00,331.00,+0.50,732,
114/05/26,"1,957,501","660,571,383",331.00,343.50,330.00,336.50,+5.50,"1,869",
114/05/27,"1,028,269","342,830,629",334.50,338.50,330.50,331.00,-5.50,"1,140",
114/05/28,"1,163,617","388,346,630",334.50,339.50,330.00,332.00,+1.00,"1,222",
114/05/29,"1,791,112","601,412,225",338.00,338.00,332.00,335.50,+3.50,"1,288",
114/06/02,"1,721,648","574,153,620",331.50,338.00,330.50,333.00,-2.50,"1,471",
114/06/03,"1,161,145","395,613,250",339.00,343.00,337.00,342.50,+9.50,"1,297",
114/06/04,"2,607,300","909,308,990",345.00,352.00,345.00,349.00,+6.50,"2,219",
114/06/05,"1,671,480","571,617,216",342.00,345.50,340.00,341.00,-8.00,"1,562",
114/06/06,"1,049,322","362,355,972",341.00,349.50,339.00,347.00,+6.00,"1,055",
114/06/09,"1,961,475","671,108,332",339.50,347.00,337.50,347.00, 0.00,"1,880",
114/06/10,"1,995,982","679,745,716",340.00,344.00,338.50,340.00,-7.00,"1,622",
114/06/11,"2,076,685","735,230,092",347.00,358.00,344.00,358.00,+18.00,"2,245",
114/06/12,"2,254,036","803,221,458",359.00,360.00,353.00,355.00,-3.00,"2,146",
114/06/13,"2,556,641","891,717,696",348.00,353.00,343.50,350.00,-5.00,"2,375",
114/06/16,"2,795,319","996,010,620",346.00,362.00,346.00,354.00,+4.00,"2,359",
114/06/17,"2,854,032","1,023,259,182",353.00,362.00,353.00,357.00,+3.00,"2,635",
114/06/18,"2,791,217","1,000,327,060",352.00,362.50,352.00,358.00,+1.00,"2,239",
114/06/19,"1,866,311","674,083,178",357.00,364.00,355.00,362.00,+4.00,"1,960",
114/06/20,"2,684,656","938,347,695",353.00,356.00,344.50,350.00,X0.00,"1,996",
114/06/23,"1,343,868","473,177,671",344.00,356.50,341.50,354.50,+4.50,"1,419",
114/06/24,"3,867,708","1,438,884,830",357.00,379.50,356.00,373.50,+19.00,"4,029",
114/06/25,"4,195,757","1,625,863,024",384.00,392.50,380.50,391.00,+17.50,"4,227",
114/06/26,"8,522,500","3,620,615,146",409.00,430.00,402.00,430.00,+39.00,"7,062",
114/06/27,"8,142,014","3,510,203,036",417.00,437.00,415.50,429.50,-0.50,"7,817",
114/06/30,"6,407,782","2,818,215,321",432.50,449.50,427.00,442.50,+13.00,"6,085",
114/07/01,"6,281,256","2,800,496,907",442.50,463.50,437.00,438.50,-4.00,"5,792",
114/07/02,"2,915,727","1,280,475,968",431.50,446.00,431.50,437.50,-1.00,"2,649",
114/07/03,"3,636,899","1,580,858,494",434.50,439.00,430.50,434.50,-3.00,"3,580",
114/07/04,"2,036,523","888,360,954",435.00,442.50,432.50,435.00,+0.50,"1,912",
114/07/07,"1,835,377","793,311,307",434.00,436.50,427.00,432.50,-2.50,"1,745",
114/07/08,"5,025,401","2,140,960,137",418.00,433.00,416.50,428.00,-4.50,"4,076",
114/07/09,"2,448,291","1,041,495,023",430.00,431.00,419.00,425.00,-3.00,"2,459",
114/07/10,"2,874,472","1,223,286,778",423.00,429.00,421.00,426.00,+1.00,"2,444",
114/07/11,"2,187,992","936,792,634",430.00,432.00,423.00,429.50,+3.50,"1,947",
114/07/14,"1,264,912","538,681,772",427.50,432.00,422.50,424.50,-5.00,"1,283",
114/07/15,"2,411,303","1,034,412,732",425.00,438.00,424.50,427.00,+2.50,"2,296",
114/07/16,"2,559,714","1,110,861,098",429.00,440.00,428.50,431.00,+4.00,"2,463",
114/07/17,"2,976,311","1,288,804,222",435.00,440.00,430.00,432.00,+1.00,"1,750",
114/07/18,"1,970,740","853,518,839",435.00,437.00,428.50,434.50,+2.50,"1,662",
114/07/21,"1,583,532","679,706,257",435.00,436.50,426.00,429.50,-5.00,"1,639",
114/07/22,"4,119,811","1,794,197,446",432.50,451.00,422.50,425.00,-4.50,"4,326",
114/07/23,"4,895,201","2,012,021,227",427.50,427.50,402.50,409.00,-16.00,"5,294",
114/07/24,"2,697,597","1,100,630,118",411.50,416.00,403.50,407.50,-1.50,"2,906",
114/07/25,"1,013,616","411,257,925",407.00,410.50,402.00,405.00,-2.50,"1,189",
114/07/28,"3,648,379","1,501,519,863",410.00,419.00,408.00,408.50,+3.50,"2,319",
114/07/29,"2,642,006","1,073,146,311",412.50,413.00,400.50,407.50,-1.00,"2,493",
114/07/30,"2,059,637","843,529,663",408.00,412.50,407.00,410.00,+2.50,"1,526",
114/07/31,"4,265,984","1,789,296,979",410.00,434.50,407.00,430.50,+20.50,"3,876",
114/08/01,"5,087,891","2,357,967,020",434.00,473.50,434.00,473.50,+43.00,"3,848",
114/08/04,"11,724,731","5,703,125,699",479.50,495.00,472.50,494.50,+21.00,"10,593",
114/08/05,"4,778,637","2,354,406,106",494.50,497.50,486.00,494.00,-0.50,"4,802",
114/08/06,"3,024,642","1,500,148,199",496.50,504.00,490.50,494.50,+0.50,"3,412",
114/08/07,"3,839,691","1,895,919,975",489.50,503.00,488.00,494.50, 0.00,"3,925",
114/08/08,"3,535,243","1,774,281,133",496.50,510.00,494.50,502.00,+7.50,"3,598",
114/08/11,"3,729,909","1,916,977,928",509.00,520.00,504.00,518.00,+16.00,"4,104",
114/08/12,"1,754,598","890,116,793",519.00,522.00,502.00,505.00,-13.00,"2,865",
114/08/13,"2,306,889","1,181,552,756",513.00,518.00,507.00,509.00,+4.00,"2,518",
114/08/14,"1,911,515","972,225,026",510.00,515.00,499.50,515.00,+6.00,"2,516",
114/08/15,"1,918,253","995,717,237",515.00,526.00,508.00,521.00,+6.00,"2,134",
114/08/18,"2,481,251","1,295,826,592",519.00,530.00,512.00,528.00,+7.00,"2,460",
114/08/19,"1,695,975","882,979,699",526.00,532.00,513.00,513.00,-15.00,"2,503",
114/08/20,"2,720,688","1,355,235,176",504.00,513.00,490.00,491.00,-22.00,"3,476",
114/08/21,"2,255,421","1,135,459,635",498.50,509.00,498.50,504.00,+13.00,"1,844",
114/08/22,"2,261,990","1,129,359,517",501.00,505.00,495.00,497.00,-7.00,"2,002",
114/08/25,"1,935,989","989,774,930",514.00,518.00,504.00,512.00,+15.00,"2,545",
114/08/26,"3,381,508","1,790,450,807",510.00,540.00,509.00,535.00,+23.00,"4,143",
114/08/27,"5,992,794","3,311,740,913",535.00,568.00,532.00,549.00,+14.00,"6,050",
114/08/28,"2,018,023","1,116,609,794",547.00,560.00,542.00,556.00,+7.00,"2,399",
114/08/29,"7,753,670","4,519,234,749",556.00,597.00,553.00,581.00,+25.00,"7,196",
114/09/01,"3,393,161","1,928,187,021",580.00,587.00,559.00,559.00,-22.00,"4,019",
114/09/02,"3,761,255","2,130,668,071",585.00,586.00,553.00,556.00,-3.00,"4,282",
114/09/03,"2,400,432","1,316,170,007",556.00,556.00,543.00,546.00,-10.00,"3,020",
114/09/04,"1,640,964","894,088,368",546.00,551.00,539.00,543.00,-3.00,"2,140",
114/09/05,"3,247,190","1,836,123,147",550.00,575.00,546.00,572.00,+29.00,"3,799",
114/09/08,"1,924,062","1,095,279,440",572.00,574.00,561.00,570.00,-2.00,"2,352",
114/09/09,"2,957,564","1,697,464,539",562.00,584.00,560.00,576.00,+6.00,"2,946",
114/09/10,"3,060,339","1,782,285,595",577.00,589.00,577.00,580.00,+4.00,"3,000",
114/09/11,"2,163,318","1,246,662,299",580.00,584.00,570.00,574.00,-6.00,"2,871",
114/09/12,"2,397,138","1,361,648,195",570.00,575.00,560.00,571.00,-3.00,"3,394",
114/09/15,"2,075,694","1,153,599,786",569.00,569.00,550.00,552.00,-19.00,"3,222",
114/09/16,"1,727,341","958,752,977",550.00,560.00,550.00,556.00,+4.00,"2,129",
114/09/17,"1,744,973","986,177,293",556.00,574.00,555.00,566.00,+10.00,"1,971",
114/09/18,"4,596,165","2,764,878,880",568.00,617.00,566.00,614.00,+48.00,"8,364",
114/09/19,"4,794,972","2,896,528,341",614.00,616.00,592.00,598.00,-16.00,"4,835",
114/09/22,"3,224,202","1,924,805,598",591.00,606.00,590.00,595.00,-3.00,"3,493",
114/09/23,"4,821,510","2,979,836,212",613.00,633.00,603.00,614.00,+19.00,"5,926",
114/09/24,"3,166,537","1,894,780,821",604.00,606.00,585.00,603.00,-11.00,"4,430",
114/09/25,"2,747,786","1,647,058,869",604.00,610.00,592.00,596.00,-7.00,"3,297",
114/09/26,"4,985,042","2,820,582,062",589.00,591.00,563.00,564.00,-32.00,"4,997",
114/09/30,"3,197,641","1,849,749,286",569.00,585.00,568.00,579.00,+15.00,"2,765",
114/10/01,"4,128,771","2,506,355,677",580.00,624.00,580.00,606.00,+27.00,"4,444",
114/10/02,"5,679,020","3,600,833,747",627.00,648.00,616.00,634.00,+28.00,"7,335",
114/10/03,"3,332,450","2,104,296,513",621.00,640.00,621.00,639.00,+5.00,"3,584",
114/10/07,"4,136,811","2,678,650,371",648.00,659.00,637.00,648.00,+9.00,"8,488",
114/10/08,"3,472,217","2,206,033,246",642.00,645.00,630.00,632.00,-16.00,"4,614",
114/10/09,"4,436,005","2,775,637,474",640.00,641.00,618.00,622.00,-10.00,"4,122",
114/10/13,"5,682,686","3,605,996,231",601.00,647.00,599.00,644.00,+22.00,"5,785",
114/10/14,"10,067,357","6,883,879,028",654.00,708.00,654.00,663.00,+19.00,"10,849",
114/10/15,"5,560,756","3,821,537,680",670.00,704.00,667.00,687.00,+24.00,"6,171",
114/10/16,"4,831,492","3,371,949,622",694.00,707.00,690.00,694.00,+7.00,"4,683",
114/10/17,"3,941,799","2,639,086,635",676.00,684.00,660.00,662.00,-32.00,"5,155",
114/10/20,"3,242,144","2,130,637,917",667.00,668.00,650.00,656.00,-6.00,"3,593",
114/10/21,"2,860,932","1,950,824,581",667.00,691.00,666.00,677.00,+21.00,"3,594",
114/10/22,"3,306,350","2,274,547,823",681.00,694.00,675.00,693.00,+16.00,"3,514",
114/10/23,"2,637,600","1,833,169,999",685.00,708.00,682.00,692.00,-1.00,"3,254",
114/10/27,"5,648,086","4,177,946,289",748.00,754.00,717.00,738.00,+46.00,"7,604",
114/10/28,"3,905,916","2,872,733,071",732.00,744.00,724.00,742.00,+4.00,"4,585",
114/10/29,"6,341,312","4,953,074,418",778.00,806.00,758.00,788.00,+46.00,"7,603",
114/10/30,"6,308,026","5,057,786,530",796.00,829.00,783.00,804.00,+16.00,"7,378",
114/10/31,"5,344,113","4,396,113,618",804.00,840.00,790.00,819.00,+15.00,"6,352",
114/11/03,"5,010,310","4,070,833,364",809.00,823.00,795.00,811.00,-8.00,"5,935",
114/11/04,"4,948,070","3,900,996,766",796.00,811.00,773.00,776.00,-35.00,"8,113",
114/11/05,"5,863,542","4,406,779,515",738.00,766.00,735.00,762.00,-14.00,"7,647",
114/11/06,"5,534,039","4,182,710,805",765.00,772.00,746.00,753.00,-9.00,"7,336",
114/11/07,"2,937,774","2,207,530,964",755.00,764.00,741.00,741.00,-12.00,"4,240",
114/11/10,"2,924,564","2,186,084,258",743.00,755.00,739.00,744.00,+3.00,"3,420",
114/11/11,"4,708,803","3,600,826,707",752.00,775.00,751.00,760.00,+16.00,"5,351",
114/11/12,"6,119,002","4,836,783,524",760.00,808.00,759.00,798.00,+38.00,"7,463",
114/11/13,"5,481,614","4,352,749,918",788.00,811.00,776.00,807.00,+9.00,"6,155",
114/11/14,"4,635,542","3,659,644,221",785.00,807.00,775.00,785.00,-22.00,"5,824",
114/11/17,"4,333,818","3,376,295,975",792.00,797.00,763.00,774.00,-11.00,"5,920",
114/11/18,"5,509,071","4,236,583,206",766.00,799.00,745.00,746.00,-28.00,"6,643",
114/11/19,"4,991,894","3,858,572,979",752.00,794.00,752.00,770.00,+24.00,"5,718",
114/11/20,"4,280,517","3,464,183,729",815.00,820.00,792.00,808.00,+38.00,"6,142",
114/11/21,"4,129,859","3,219,178,175",788.00,792.00,771.00,774.00,-34.00,"6,304",
114/11/24,"39,538,098","32,037,210,452",790.00,834.00,781.00,810.00,+36.00,"9,280",
114/11/25,"7,567,617","6,366,567,274",834.00,864.00,820.00,829.00,+19.00,"10,143",
114/11/26,"4,757,464","3,873,207,064",848.00,848.00,798.00,800.00,-29.00,"8,084",
114/11/27,"2,599,976","2,109,948,112",805.00,826.00,802.00,811.00,+11.00,"4,021",
114/11/28,"5,315,314","4,387,293,376",817.00,845.00,811.00,819.00,+8.00,"6,193",
114/12/01,"4,467,964","3,548,622,332",820.00,821.00,782.00,785.00,-34.00,"8,864",
114/12/02,"6,047,566","4,699,290,743",790.00,797.00,763.00,778.00,-7.00,"8,711",
114/12/03,"3,826,482","3,039,183,287",787.00,805.00,782.00,805.00,+27.00,"4,416",
114/12/04,"2,989,826","2,352,634,528",811.00,811.00,776.00,776.00,-29.00,"5,315",
114/12/05,"2,177,459","1,724,633,417",776.00,800.00,776.00,796.00,+20.00,"3,093",
114/12/08,"1,939,055","1,559,046,763",796.00,810.00,796.00,805.00,+9.00,"3,091",
114/12/09,"3,271,903","2,658,929,308",814.00,825.00,804.00,808.00,+3.00,"4,395",
114/12/10,"2,077,684","1,667,632,022",818.00,818.00,795.00,800.00,-8.00,"4,347",
114/12/11,"2,967,841","2,383,006,342",800.00,818.00,795.00,796.00,-4.00,"4,552",
114/12/12,"2,680,694","2,144,859,057",808.00,814.00,786.00,805.00,+9.00,"3,961",
114/12/15,"4,170,239","3,210,688,597",779.00,784.00,757.00,769.00,-36.00,"10,058",
114/12/16,"4,937,203","3,715,028,297",763.00,782.00,741.00,746.00,-23.00,"7,943",
114/12/17,"2,577,403","1,922,117,860",744.00,756.00,738.00,740.00,-6.00,"3,646",
114/12/18,"3,428,266","2,519,748,510",739.00,748.00,728.00,728.00,-12.00,"4,690",
114/12/19,"13,285,703","9,890,132,862",740.00,763.00,737.00,741.00,+13.00,"5,450",
114/12/22,"3,169,323","2,406,545,849",750.00,770.00,746.00,756.00,+15.00,"4,208",
114/12/23,"2,984,211","2,295,592,370",760.00,783.00,755.00,763.00,+7.00,"3,793",
114/12/24,"1,786,513","1,376,137,228",777.00,778.00,762.00,771.00,+8.00,"2,483",
114/12/26,"2,549,833","2,017,129,043",780.00,799.00,779.00,789.00,+18.00,"3,840",
114/12/29,"1,745,025","1,364,593,614",797.00,797.00,775.00,781.00,-8.00,"3,072",
114/12/30,"1,446,060","1,134,309,171",780.00,790.00,777.00,790.00,+9.00,"2,136",
114/12/31,"2,385,687","1,860,824,050",792.00,795.00,771.00,775.00,-15.00,"3,860",
115/01/02,"2,382,868","1,881,966,442",787.00,802.00,776.00,796.00,+21.00,"3,330",
115/01/05,"2,615,304","2,108,113,450",800.00,813.00,791.00,811.00,+15.00,"4,902",
115/01/06,"4,656,951","3,979,898,004",825.00,873.00,819.00,856.00,+45.00,"7,343",
115/01/07,"5,342,988","4,935,922,049",941.00,941.00,906.00,922.00,+66.00,"9,501",
115/01/08,"4,313,269","3,990,925,270",922.00,948.00,913.00,925.00,+3.00,"5,688",
115/01/09,"2,277,613","2,102,507,752",920.00,936.00,914.00,923.00,-2.00,"3,538",
115/01/12,"3,263,663","3,085,996,799",931.00,963.00,921.00,954.00,+31.00,"5,648",
115/01/13,"3,389,491","3,298,173,637",990.00,993.00,952.00,984.00,+30.00,"6,167",
115/01/14,"2,875,840","2,850,566,286",990.00,"1,005.00",978.00,989.00,+5.00,"4,433",
115/01/15,"2,113,518","2,046,187,521",983.00,990.00,955.00,966.00,-23.00,"9,636",
115/01/16,"1,840,855","1,814,020,735",990.00,999.00,973.00,989.00,+23.00,"2,943",
115/01/19,"2,893,172","2,764,396,624",992.00,992.00,940.00,950.00,-39.00,"5,586",
115/01/20,"4,547,148","4,578,036,408",959.00,"1,030.00",958.00,"1,030.00",+80.00,"7,381",
115/01/21,"3,565,803","3,599,778,102",998.00,"1,050.00",988.00,995.00,-35.00,"4,436",
115/01/22,"2,785,083","2,815,838,715","1,000.00","1,035.00",994.00,"1,010.00",+15.00,"3,704",
115/01/23,"1,811,880","1,836,948,434","1,010.00","1,035.00",990.00,"1,025.00",+15.00,"3,032",
115/01/26,"2,093,425","2,115,478,474","1,010.00","1,025.00","1,000.00","1,015.00",-10.00,"2,428",
115/01/27,"1,972,440","2,023,715,560","1,020.00","1,040.00","1,010.00","1,035.00",+20.00,"2,566",
115/01/28,"2,416,939","2,521,668,155","1,045.00","1,080.00","1,020.00","1,035.00", 0.00,"3,634",
115/01/29,"2,184,658","2,214,969,725","1,025.00","1,045.00","1,000.00","1,015.00",-20.00,"3,247",
115/01/30,"3,036,126","2,995,512,368","1,000.00","1,010.00",976.00,980.00,-35.00,"5,131",
115/02/02,"2,006,280","1,956,796,544",975.00,994.00,960.00,971.00,-9.00,"3,696",
115/02/03,"3,193,778","3,272,260,593",998.00,"1,050.00",990.00,"1,040.00",+69.00,"4,517",
115/02/04,"2,034,549","2,102,207,710","1,030.00","1,060.00","1,015.00","1,030.00",-10.00,"2,481",
115/02/05,"3,158,738","3,106,338,879","1,010.00","1,015.00",958.00,974.00,-56.00,"5,993",
115/02/06,"2,464,191","2,354,152,894",944.00,979.00,928.00,967.00,-7.00,"3,688",
115/02/09,"2,568,250","2,634,180,980","1,015.00","1,050.00","1,005.00","1,030.00",+63.00,"3,790",
115/02/10,"1,432,274","1,476,620,865","1,040.00","1,040.00","1,015.00","1,040.00",+10.00,"2,239",
115/02/11,"1,687,834","1,771,135,980","1,045.00","1,060.00","1,040.00","1,050.00",+10.00,"3,528",
115/02/23,"3,903,624","4,441,673,125","1,090.00","1,155.00","1,080.00","1,155.00",+105.00,"5,836",
115/02/24,"5,073,679","6,243,970,050","1,210.00","1,270.00","1,195.00","1,225.00",+70.00,"6,378",
115/02/25,"3,934,992","4,918,357,934","1,240.00","1,270.00","1,215.00","1,255.00",+30.00,"4,536",
115/02/26,"2,642,732","3,646,970,160","1,380.00","1,380.00","1,380.00","1,380.00",+125.00,"1,946",
115/03/02,"10,658,888","15,855,326,370","1,420.00","1,515.00","1,385.00","1,515.00",+135.00,"7,878",
115/03/03,"4,450,769","6,367,197,855","1,560.00","1,560.00","1,365.00","1,395.00",-120.00,"7,437",
115/03/04,"4,739,977","6,137,047,150","1,300.00","1,350.00","1,260.00","1,340.00",-55.00,"6,119",
115/03/05,"2,835,082","3,857,596,470","1,440.00","1,440.00","1,260.00","1,405.00",+65.00,"4,392",
115/03/06,"1,579,754","2,144,133,045","1,375.00","1,375.00","1,330.00","1,375.00",-30.00,"2,838",
115/03/09,"3,029,377","3,760,771,750","1,240.00","1,260.00","1,240.00","1,240.00",-135.00,"4,672",
115/03/10,"2,794,852","3,773,153,565","1,315.00","1,360.00","1,315.00","1,360.00",+120.00,"3,485",
115/03/11,"1,745,362","2,581,212,800","1,445.00","1,495.00","1,445.00","1,495.00",+135.00,"3,182",
115/03/12,"2,224,289","3,344,303,880","1,520.00","1,570.00","1,440.00","1,495.00", 0.00,"3,962",
115/03/13,"2,667,646","3,909,511,780","1,435.00","1,530.00","1,415.00","1,530.00",+35.00,"4,087",
115/03/16,"2,102,383","3,098,502,035","1,520.00","1,530.00","1,450.00","1,450.00",-80.00,"4,146",
115/03/17,"5,888,523","8,939,602,605","1,460.00","1,595.00","1,445.00","1,470.00",+20.00,"9,002",
115/03/18,"5,154,053","8,054,245,746","1,480.00","1,615.00","1,475.00","1,565.00",+95.00,"9,524",
115/03/19,"4,711,641","7,611,763,975","1,560.00","1,670.00","1,530.00","1,595.00",+30.00,"7,245",
115/03/20,"5,103,520","8,104,632,120","1,590.00","1,650.00","1,525.00","1,585.00",-10.00,"6,284",
115/03/23,"3,534,736","5,330,129,890","1,475.00","1,540.00","1,470.00","1,520.00",-65.00,"6,087",
115/03/24,"4,243,331","6,429,503,655","1,550.00","1,590.00","1,465.00","1,480.00",-40.00,"6,069",
115/03/25,"2,325,150","3,752,666,948","1,545.00","1,625.00","1,540.00","1,625.00",+145.00,"2,413",
115/03/26,"5,841,103","9,781,419,695","1,630.00","1,735.00","1,610.00","1,640.00",+15.00,"7,699",
115/03/27,"3,636,530","5,781,518,325","1,560.00","1,620.00","1,540.00","1,615.00",-25.00,"5,656",
115/03/30,"3,136,467","4,967,946,755","1,565.00","1,630.00","1,545.00","1,625.00",+10.00,"5,017",
115/03/31,"5,248,156","7,858,790,795","1,580.00","1,590.00","1,465.00","1,465.00",-160.00,"11,115",
115/04/01,"4,429,071","6,959,600,005","1,530.00","1,610.00","1,505.00","1,610.00",+145.00,"10,033",
115/04/02,"5,962,929","9,425,242,887","1,620.00","1,695.00","1,520.00","1,535.00",-75.00,"8,244",
115/04/07,"3,326,492","5,265,751,710","1,580.00","1,625.00","1,555.00","1,570.00",+35.00,"4,229",
115/04/08,"2,434,349","4,199,222,025","1,725.00","1,725.00","1,720.00","1,725.00",+155.00,"2,757",
115/04/09,"6,396,566","11,773,540,295","1,765.00","1,895.00","1,745.00","1,840.00",+115.00,"9,387",
115/04/10,"4,051,559","7,339,636,100","1,930.00","1,930.00","1,760.00","1,785.00",-55.00,"9,787",
115/04/13,"4,603,040","8,546,263,015","1,795.00","1,905.00","1,785.00","1,880.00",+95.00,"7,689",
115/04/14,"3,470,133","6,466,116,978","1,890.00","1,900.00","1,820.00","1,840.00",-40.00,"8,234",
115/04/15,"2,929,050","5,809,207,400","1,900.00","2,020.00","1,850.00","2,020.00",+180.00,"4,554",
115/04/16,"6,937,309","14,154,179,862","2,080.00","2,110.00","1,915.00","2,050.00",+30.00,"11,018",
115/04/17,"5,889,788","12,934,126,858","2,000.00","2,255.00","2,000.00","2,255.00",+205.00,"10,553",
115/04/20,"8,574,335","17,839,866,470","2,065.00","2,155.00","2,030.00","2,050.00",-205.00,"30,259",
115/04/21,"5,851,831","11,921,738,195","2,050.00","2,080.00","1,995.00","2,025.00",-25.00,"13,743",
115/04/22,"4,024,870","8,294,701,290","2,010.00","2,110.00","2,005.00","2,030.00",+5.00,"9,098",
115/04/23,"5,933,225","11,680,979,580","2,030.00","2,070.00","1,870.00","1,940.00",-90.00,"18,554",
115/04/24,"3,337,736","6,423,588,621","1,910.00","1,970.00","1,885.00","1,920.00",-20.00,"9,910",
115/04/27,"4,956,732","9,482,148,805","1,980.00","2,025.00","1,850.00","1,925.00",+5.00,"10,897",
115/04/28,"4,471,625","9,187,568,671","1,985.00","2,100.00","1,970.00","2,065.00",+140.00,"11,371",
115/04/29,"2,978,572","6,115,722,165","2,085.00","2,085.00","2,005.00","2,055.00",-10.00,"5,755",
115/04/30,"3,995,528","8,492,878,125","2,115.00","2,155.00","2,085.00","2,120.00",+65.00,"8,232",
115/05/04,"6,653,939","15,258,651,060","2,265.00","2,330.00","2,145.00","2,310.00",+190.00,"12,722",
115/05/05,"4,076,750","9,038,422,015","2,310.00","2,315.00","2,150.00","2,235.00",-75.00,"12,406",
115/05/06,"6,415,650","15,137,823,015","2,350.00","2,450.00","2,270.00","2,345.00",+110.00,"12,087",
115/05/07,"4,128,219","9,701,166,835","2,530.00","2,530.00","2,270.00","2,325.00",-20.00,"10,445",
115/05/08,"4,059,124","9,194,054,510","2,325.00","2,370.00","2,210.00","2,230.00",-95.00,"9,812",
115/05/11,"3,303,030","7,718,590,365","2,210.00","2,415.00","2,205.00","2,360.00",+130.00,"7,954",
115/05/12,"4,455,057","10,908,571,600","2,450.00","2,480.00","2,400.00","2,440.00",+80.00,"7,984",
115/05/13,"2,566,243","6,152,188,990","2,465.00","2,465.00","2,345.00","2,405.00",-35.00,"6,591",
115/05/14,"4,876,389","11,271,841,520","2,410.00","2,435.00","2,255.00","2,260.00",-145.00,"14,223",
115/05/15,"3,109,146","7,020,791,020","2,345.00","2,350.00","2,210.00","2,240.00",-20.00,"6,625",
115/05/18,"2,303,570","4,986,168,906","2,125.00","2,200.00","2,125.00","2,185.00",-55.00,"6,193",
115/05/19,"4,295,379","8,763,599,560","2,130.00","2,130.00","1,975.00","2,055.00",-130.00,"11,850",
115/05/20,"1,914,996","3,949,114,265","2,090.00","2,095.00","2,020.00","2,065.00",+10.00,"4,149",
115/05/21,"1,519,450","3,410,987,410","2,210.00","2,270.00","2,190.00","2,270.00",+205.00,"2,779",
115/05/22,"3,643,007","8,365,541,255","2,380.00","2,380.00","2,245.00","2,270.00", 0.00,"6,735",
