日期,成交股數,成交金額,開盤價,最高價,最低價,收盤價,漲跌價差,成交筆數,註記
109/01/02,"6,697,245","1,648,258,515",237.00,250.00,237.00,248.50,+13.50,"4,524",
109/01/03,"6,732,871","1,673,198,879",251.00,253.50,242.00,250.00,+1.50,"5,029",
109/01/06,"2,144,867","525,948,048",247.50,248.50,243.50,243.50,-6.50,"1,651",
109/01/07,"4,679,799","1,114,327,863",246.00,247.00,234.50,235.50,-8.00,"3,135",
109/01/08,"3,509,637","833,188,440",233.50,240.50,232.00,237.00,+1.50,"2,309",
109/01/09,"4,002,214","980,450,430",239.00,248.50,238.00,246.00,+9.00,"2,984",
109/01/10,"2,482,186","612,204,442",245.00,249.50,243.00,248.00,+2.00,"1,888",
109/01/13,"5,206,221","1,319,586,797",249.00,258.00,246.00,257.50,+9.50,"3,852",
109/01/14,"4,914,763","1,273,883,380",257.00,261.50,256.00,261.50,+4.00,"3,498",
109/01/15,"2,589,282","663,179,628",260.00,261.00,253.50,254.00,-7.50,"2,211",
109/01/16,"3,367,843","852,397,565",253.50,257.50,249.50,257.50,+3.50,"2,615",
109/01/17,"7,821,520","2,082,772,240",261.00,273.50,261.00,262.00,+4.50,"5,603",
109/01/20,"2,700,700","708,599,338",266.00,267.00,260.00,260.50,-1.50,"2,263",
109/01/30,"5,782,947","1,443,858,521",254.50,256.00,244.50,245.00,-15.50,"4,169",
109/01/31,"2,967,877","736,212,873",249.00,251.50,243.50,247.50,+2.50,"2,299",
109/02/03,"4,396,811","1,061,018,274",241.50,243.50,238.50,243.50,-4.00,"2,773",
109/02/04,"1,841,450","453,171,550",241.50,249.00,241.50,248.00,+4.50,"1,400",
109/02/05,"2,944,824","723,063,880",249.00,250.50,243.00,244.00,-4.00,"2,158",
109/02/06,"6,271,960","1,597,337,682",250.00,259.00,249.50,257.50,+13.50,"4,414",
109/02/07,"3,851,757","967,339,378",254.00,254.00,249.00,249.50,-8.00,"2,833",
109/02/10,"2,599,649","638,282,469",243.00,249.00,243.00,245.00,-4.50,"2,202",
109/02/11,"1,644,099","407,942,151",248.00,250.00,246.00,248.00,+3.00,"1,395",
109/02/12,"3,249,950","822,802,850",248.50,256.50,248.50,252.50,+4.50,"2,432",
109/02/13,"1,742,214","440,544,428",254.00,254.00,251.00,253.00,+0.50,"1,421",
109/02/14,"2,465,863","632,890,928",253.50,259.00,253.50,257.00,+4.00,"2,066",
109/02/17,"1,548,483","395,802,182",254.00,258.00,253.00,254.00,-3.00,"1,241",
109/02/18,"1,844,718","465,068,936",253.00,255.50,249.00,252.00,-2.00,"1,362",
109/02/19,"1,507,600","382,803,400",251.50,256.50,251.00,254.50,+2.50,"1,142",
109/02/20,"2,212,898","556,128,339",256.00,257.00,249.50,249.50,-5.00,"1,874",
109/02/21,"1,619,956","399,572,642",249.00,249.50,245.00,245.50,-4.00,"1,188",
109/02/24,"2,746,412","660,206,884",242.00,243.50,239.00,239.00,-6.50,"1,996",
109/02/25,"3,744,857","891,954,237",236.50,242.00,234.00,239.00, 0.00,"2,476",
109/02/26,"4,919,986","1,149,990,196",233.00,237.00,230.50,236.00,-3.00,"3,427",
109/02/27,"5,600,994","1,282,283,650",232.50,235.00,225.00,225.00,-11.00,"3,345",
109/03/02,"6,934,998","1,530,392,550",216.00,226.50,209.00,225.00, 0.00,"4,168",
109/03/03,"5,976,179","1,370,795,741",230.00,230.50,226.50,228.50,+3.50,"2,550",
109/03/04,"3,729,071","851,194,759",228.50,231.00,223.50,229.00,+0.50,"2,492",
109/03/05,"3,424,924","808,211,488",233.50,238.00,232.00,237.50,+8.50,"2,311",
109/03/06,"3,286,581","777,720,697",235.00,238.50,235.00,236.00,-1.50,"1,803",
109/03/09,"3,406,254","783,716,779",229.00,232.50,227.50,229.50,-6.50,"2,478",
109/03/10,"3,879,147","888,794,663",227.00,231.00,227.00,228.00,-1.50,"2,281",
109/03/11,"4,738,007","1,079,149,096",227.50,230.00,225.00,225.00,-3.00,"2,945",
109/03/12,"6,824,701","1,428,353,529",221.00,221.50,203.00,205.00,-20.00,"4,198",
109/03/13,"6,903,533","1,341,033,387",186.00,203.50,185.00,201.50,-3.50,"4,304",
109/03/16,"7,348,777","1,425,092,576",198.00,201.00,187.00,187.00,-14.50,"4,835",
109/03/17,"6,141,506","1,148,090,104",181.00,192.50,180.00,184.50,-2.50,"3,633",
109/03/18,"5,435,308","995,527,440",182.50,187.00,179.50,180.00,-4.50,"3,937",
109/03/19,"8,599,024","1,426,436,388",173.00,175.00,162.00,162.00,-18.00,"4,826",
109/03/20,"6,859,117","1,179,963,007",166.00,176.50,166.00,171.00,+9.00,"4,650",
109/03/23,"5,843,346","991,734,467",163.00,173.50,162.00,168.50,-2.50,"2,674",
109/03/24,"5,288,915","944,371,870",175.00,182.00,174.50,178.00,+9.50,"3,444",
109/03/25,"5,869,967","1,127,262,697",185.00,195.50,185.00,191.00,+13.00,"4,189",
109/03/26,"5,385,951","1,073,892,095",197.50,205.00,191.50,201.00,+10.00,"3,828",
109/03/27,"7,167,736","1,480,803,436",207.50,210.00,200.00,201.00, 0.00,"5,465",
109/03/30,"4,308,767","853,736,400",197.50,202.00,194.50,199.00,-2.00,"2,798",
109/03/31,"9,692,777","2,071,475,745",201.00,218.50,201.00,218.50,+19.50,"5,772",
109/04/01,"5,583,682","1,201,172,766",217.00,220.50,210.00,213.00,-5.50,"4,089",
109/04/06,"3,424,130","744,518,600",220.50,221.00,214.00,220.00,+7.00,"2,703",
109/04/07,"5,036,217","1,110,576,318",221.00,224.50,218.50,219.50,-0.50,"3,716",
109/04/08,"3,505,643","764,444,954",217.00,221.50,216.50,218.00,-1.50,"2,474",
109/04/09,"3,772,017","821,616,723",218.00,221.50,215.00,219.00,+1.00,"2,898",
109/04/10,"1,618,217","354,429,806",221.00,222.00,217.00,217.50,-1.50,"1,131",
109/04/13,"1,948,518","423,025,888",217.00,219.00,215.50,216.00,-1.50,"1,243",
109/04/14,"4,430,936","990,148,728",219.00,226.50,218.50,223.00,+7.00,"3,240",
109/04/15,"2,871,136","645,250,660",225.50,227.50,222.00,224.50,+1.50,"2,250",
109/04/16,"3,577,420","804,095,536",224.00,227.00,221.00,222.50,-2.00,"2,230",
109/04/17,"8,672,593","2,014,609,674",227.50,238.50,226.50,230.50,+8.00,"5,844",
109/04/20,"4,531,182","1,059,386,485",232.50,237.00,230.00,233.00,+2.50,"3,426",
109/04/21,"4,157,363","973,848,079",232.50,237.00,230.50,233.50,+0.50,"3,238",
109/04/22,"7,030,855","1,672,861,555",236.00,241.00,232.50,241.00,+7.50,"5,029",
109/04/23,"4,312,348","1,023,448,824",241.00,241.00,235.00,235.50,-5.50,"3,147",
109/04/24,"3,329,654","778,245,549",234.00,237.50,231.50,231.50,-4.00,"2,469",
109/04/27,"7,131,761","1,706,399,118",237.50,243.00,236.00,236.00,+4.50,"4,581",
109/04/28,"4,009,130","951,737,310",239.50,241.00,235.50,236.50,+0.50,"2,587",
109/04/29,"6,313,917","1,545,812,029",240.50,249.00,240.00,246.50,+10.00,"4,790",
109/04/30,"6,834,278","1,738,809,564",251.00,258.00,249.00,257.50,+11.00,"4,966",
109/05/04,"10,382,327","2,530,018,888",244.00,248.00,239.00,242.00,-15.50,"7,390",
109/05/05,"4,178,297","1,013,496,122",244.00,245.50,239.00,242.00, 0.00,"3,033",
109/05/06,"3,190,962","774,613,703",244.50,245.00,240.50,243.50,+1.50,"2,359",
109/05/07,"5,717,242","1,428,906,000",246.00,254.00,246.00,249.50,+6.00,"4,427",
109/05/08,"4,224,875","1,063,149,250",252.00,254.00,250.00,250.50,+1.00,"2,883",
109/05/11,"1,895,977","476,137,750",252.00,253.50,250.00,250.00,-0.50,"1,440",
109/05/12,"3,624,795","893,173,070",252.00,252.00,243.50,244.00,-6.00,"2,817",
109/05/13,"4,114,462","1,021,631,462",242.00,251.50,242.00,251.50,+7.50,"3,008",
109/05/14,"2,520,079","629,372,513",251.50,253.50,246.00,246.00,-5.50,"2,142",
109/05/15,"4,792,061","1,168,070,006",248.00,250.00,237.00,245.50,-0.50,"3,691",
109/05/18,"5,391,001","1,348,796,250",248.00,253.00,242.00,250.00,+4.50,"3,333",
109/05/19,"10,665,099","2,777,848,844",253.50,266.00,253.50,256.00,+6.00,"8,213",
109/05/20,"5,811,301","1,491,551,954",258.50,261.50,252.00,255.50,-0.50,"4,257",
109/05/21,"5,339,761","1,387,144,360",256.50,261.50,256.50,260.50,+5.00,"3,806",
109/05/22,"6,934,133","1,735,097,404",250.00,256.00,246.00,246.50,-14.00,"4,948",
109/05/25,"5,238,811","1,282,094,939",246.50,248.00,239.50,247.00,+0.50,"3,704",
109/05/26,"2,708,044","679,942,544",250.00,252.50,248.00,251.00,+4.00,"2,113",
109/05/27,"1,563,530","393,880,000",253.00,254.50,250.00,251.00, 0.00,"1,384",
109/05/28,"4,503,434","1,148,877,868",255.00,256.50,253.00,254.50,+3.50,"3,322",
109/05/29,"7,441,792","1,929,810,836",256.00,262.00,253.50,258.50,+4.00,"4,426",
109/06/01,"8,738,087","2,346,987,903",263.00,272.00,263.00,269.50,+11.00,"5,728",
109/06/02,"6,636,535","1,785,176,810",271.50,271.50,265.00,268.00,-1.50,"4,408",
109/06/03,"2,638,115","704,894,090",271.00,271.00,265.50,266.00,-2.00,"2,016",
109/06/04,"2,871,605","772,505,640",269.00,273.50,266.50,268.00,+2.00,"2,056",
109/06/05,"1,630,653","438,210,504",268.00,269.50,267.00,269.50,+1.50,"1,259",
109/06/08,"4,964,278","1,377,128,297",272.00,281.50,271.50,275.00,+5.50,"3,643",
109/06/09,"2,668,501","725,113,011",274.50,275.00,268.00,271.00,-4.00,"2,094",
109/06/10,"1,932,329","528,570,471",272.00,275.00,270.00,273.50,+2.50,"1,507",
109/06/11,"4,010,496","1,107,870,912",273.00,281.00,271.00,273.50, 0.00,"2,983",
109/06/12,"2,847,778","764,141,933",266.50,271.50,264.50,270.50,-3.00,"2,115",
109/06/15,"2,917,695","799,696,650",271.50,278.50,270.00,272.00,+1.50,"2,221",
109/06/16,"4,085,646","1,113,388,004",272.00,276.00,268.50,274.50,+2.50,"2,747",
109/06/17,"6,036,889","1,713,275,392",278.00,287.50,275.00,284.50,+10.00,"4,738",
109/06/18,"2,916,027","836,769,722",287.00,290.50,283.00,286.00,+1.50,"2,351",
109/06/19,"5,569,609","1,641,505,046",290.00,298.00,289.00,295.00,+9.00,"4,047",
109/06/22,"2,949,044","881,085,112",294.50,304.00,293.00,298.50,+3.50,"2,434",
109/06/23,"3,536,330","1,052,868,350",302.00,303.00,294.00,295.00,-3.50,"2,819",
109/06/24,"5,332,989","1,628,601,634",299.50,310.00,297.00,306.50,+11.50,"4,136",
109/06/29,"4,483,866","1,341,058,568",300.50,304.50,297.00,297.50,-9.00,"3,467",
109/06/30,"3,338,195","1,000,597,305",300.00,302.00,297.50,299.00,+1.50,"2,245",
109/07/01,"6,039,155","1,888,898,170",301.50,317.50,301.00,314.00,15.00,"4,726",
109/07/02,"5,310,183","1,695,450,511",319.50,326.00,315.00,317.00,3.00,"4,057",
109/07/03,"7,097,551","2,336,440,483",321.50,335.00,321.00,333.50,16.50,"5,226",
109/07/06,"6,004,631","2,072,578,350",341.00,350.50,338.50,350.00,16.50,"4,498",
109/07/07,"7,885,255","2,743,356,562",358.00,364.00,340.00,343.50,-6.50,"6,054",
109/07/08,"5,562,656","1,952,657,068",346.50,357.00,345.00,354.00,10.50,"4,309",
109/07/09,"8,905,711","3,276,908,244",362.00,377.50,358.00,367.50,13.50,"6,731",
109/07/10,"5,637,809","2,048,248,795",368.50,377.00,355.00,359.50,-8.00,"4,534",
109/07/13,"4,605,479","1,653,799,638",362.00,368.00,350.00,360.50,1.00,"3,577",
109/07/14,"4,394,101","1,563,206,355",359.00,359.00,353.00,355.00,-5.50,"2,890",
109/07/15,"4,405,348","1,558,728,800",359.00,364.00,348.00,350.00,-5.00,"3,084",
109/07/16,"2,752,750","973,283,750",352.50,359.00,349.50,350.50,0.50,"2,115",
109/07/17,"3,535,455","1,223,073,065",353.00,354.50,341.00,342.50,-8.00,"2,669",
109/07/20,"2,976,740","1,029,745,740",344.50,351.00,337.00,351.00,8.50,"2,131",
109/07/21,"4,829,363","1,752,812,485",358.00,368.00,356.50,365.00,14.00,"3,725",
109/07/22,"3,720,538","1,370,123,229",370.00,371.50,364.00,368.50,3.50,"2,742",
109/07/23,"3,108,293","1,141,407,289",368.00,373.00,361.00,373.00,4.50,"2,469",
109/07/24,"3,916,220","1,435,257,732",370.00,372.00,360.50,360.50,-12.50,"3,069",
109/07/27,"3,282,087","1,200,035,081",361.00,371.00,360.50,365.00,4.50,"2,765",
109/07/28,"4,002,997","1,465,535,420",370.00,374.00,358.50,362.00,-3.00,"3,164",
109/07/29,"1,732,879","625,800,198",358.00,365.50,357.00,362.00,0.00,"1,414",
109/07/30,"2,067,998","757,990,766",365.00,369.00,363.00,367.00,5.00,"1,598",
109/07/31,"5,301,644","1,985,081,156",365.50,380.00,365.00,374.50,7.50,"3,994",
109/08/03,"7,947,840","3,110,577,600",384.00,401.00,378.00,390.00,+15.50,"6,220",
109/08/04,"5,134,138","2,023,416,424",391.50,398.50,386.00,398.00,+8.00,"4,186",
109/08/05,"7,085,776","2,852,425,900",405.50,412.00,399.00,400.00,+2.00,"4,317",
109/08/06,"10,661,625","4,472,174,375",400.00,432.00,400.00,427.50,+27.50,"8,387",
109/08/07,"9,629,502","3,946,176,806",421.50,429.50,400.00,400.50,-27.00,"7,922",
109/08/10,"4,445,136","1,800,734,444",401.50,412.00,400.00,404.00,+3.50,"3,771",
109/08/11,"5,410,888","2,224,109,722",407.00,420.00,404.50,408.50,+4.50,"4,415",
109/08/12,"5,100,935","2,019,101,955",406.50,407.50,390.50,392.50,-16.00,"4,216",
109/08/13,"4,526,995","1,787,440,419",396.00,402.50,391.00,392.50, 0.00,"3,430",
109/08/14,"4,839,784","1,940,820,169",390.50,407.00,390.50,406.50,+14.00,"3,659",
109/08/17,"2,955,141","1,208,026,310",409.50,415.00,400.00,410.00,+3.50,"2,478",
109/08/18,"9,346,268","3,684,338,125",402.00,405.00,382.00,388.50,-21.50,"6,446",
109/08/19,"5,173,635","2,076,303,058",396.00,406.00,393.50,402.50,+14.00,"3,956",
109/08/20,"10,035,436","3,846,420,724",398.00,400.00,368.00,373.00,-29.50,"5,291",
109/08/21,"6,679,070","2,522,646,030",382.00,389.50,371.00,377.00,+4.00,"5,301",
109/08/24,"3,470,663","1,341,113,722",381.00,393.00,375.50,393.00,+16.00,"2,732",
109/08/25,"3,485,708","1,387,703,784",396.00,403.00,392.50,397.00,+4.00,"2,814",
109/08/26,"2,730,448","1,080,360,356",398.50,401.00,392.00,397.00, 0.00,"2,300",
109/08/27,"2,839,297","1,121,661,127",400.00,403.00,390.00,390.00,-7.00,"2,344",
109/08/28,"2,164,869","835,817,148",385.00,390.00,381.00,388.50,-1.50,"1,904",
109/08/31,"3,699,830","1,429,987,792",396.00,398.00,380.00,380.00,-8.50,"2,532",
109/09/01,"3,652,809","1,401,850,520",377.50,388.00,376.00,387.50,+7.50,"2,403",
109/09/02,"3,187,016","1,255,034,022",394.00,398.50,388.00,392.00,+4.50,"2,398",
109/09/03,"4,513,815","1,804,386,500",397.00,402.00,394.00,400.00,+8.00,"3,639",
109/09/04,"6,300,711","2,424,983,407",390.50,395.00,378.00,381.50,-18.50,"5,196",
109/09/07,"4,484,859","1,739,873,215",391.00,395.00,379.00,381.50, 0.00,"3,505",
109/09/08,"7,111,369","2,655,973,875",381.00,382.50,367.00,370.00,X0.00,"5,664",
109/09/09,"6,520,786","2,348,313,960",370.00,372.00,355.00,356.00,-14.00,"4,884",
109/09/10,"4,326,161","1,556,095,121",361.50,366.00,355.00,359.50,+3.50,"3,512",
109/09/11,"4,261,180","1,548,760,560",359.50,368.00,357.50,366.00,+6.50,"3,088",
109/09/14,"3,943,274","1,462,161,551",373.00,373.00,365.00,372.00,+6.00,"3,219",
109/09/15,"3,453,296","1,267,237,724",373.00,373.00,363.50,366.50,-5.50,"2,906",
109/09/16,"8,005,857","2,995,328,089",369.00,380.00,368.00,375.50,+9.00,"5,538",
109/09/17,"3,525,851","1,311,549,572",372.50,378.50,369.00,370.50,-5.00,"2,907",
109/09/18,"5,840,820","2,217,205,240",374.00,382.00,373.50,382.00,+11.50,"3,217",
109/09/21,"3,116,354","1,172,399,958",378.50,381.00,373.00,374.50,-7.50,"2,627",
109/09/22,"3,063,035","1,135,575,450",374.50,374.50,367.00,370.50,-4.00,"2,218",
109/09/23,"2,856,491","1,068,946,372",372.50,377.00,371.50,374.50,+4.00,"2,123",
109/09/24,"3,009,523","1,105,632,941",371.50,374.00,363.00,365.50,-9.00,"2,386",
109/09/25,"4,279,714","1,527,269,542",367.00,369.00,349.00,351.50,-14.00,"3,345",
109/09/28,"5,181,915","1,888,182,805",353.50,371.00,352.50,367.00,+15.50,"4,017",
109/09/29,"2,237,368","825,905,556",375.00,375.00,366.00,367.00, 0.00,"1,782",
109/09/30,"2,923,568","1,075,459,687",370.00,372.00,362.00,368.50,+1.50,"2,097",
109/10/05,"2,841,131","1,050,779,018",372.00,376.00,366.50,368.00,-0.50,"2,131",
109/10/06,"2,361,842","879,769,233",374.00,374.50,370.50,373.50,+5.50,"1,723",
109/10/07,"3,098,507","1,170,833,646",374.00,381.00,372.00,379.00,+5.50,"2,543",
109/10/08,"4,791,266","1,823,737,980",383.50,386.50,375.00,380.50,+1.50,"3,611",
109/10/12,"8,732,685","3,444,960,096",386.50,401.50,385.00,394.50,+14.00,"6,512",
109/10/13,"3,380,883","1,322,529,298",391.00,396.00,387.00,390.50,-4.00,"2,657",
109/10/14,"3,561,877","1,366,326,891",388.50,389.50,381.00,382.00,-8.50,"2,602",
109/10/15,"3,191,250","1,202,178,000",379.00,381.50,374.00,378.00,-4.00,"2,541",
109/10/16,"2,007,446","753,840,804",374.50,380.00,372.50,374.00,-4.00,"1,757",
109/10/19,"1,764,143","662,859,625",376.00,378.50,372.00,375.00,+1.00,"1,399",
109/10/20,"1,653,750","620,900,120",377.50,380.00,372.50,376.50,+1.50,"1,366",
109/10/21,"1,588,395","596,854,020",379.00,379.00,373.50,375.50,-1.00,"1,199",
109/10/22,"5,620,301","2,048,795,069",374.00,374.00,360.00,364.50,-11.00,"4,452",
109/10/23,"2,599,526","950,921,768",369.50,370.50,363.00,365.00,+0.50,"2,002",
109/10/26,"1,533,609","562,009,643",368.50,369.50,363.00,364.00,-1.00,"1,427",
109/10/27,"1,749,607","634,529,685",361.00,366.00,358.00,365.50,+1.50,"1,460",
109/10/28,"1,571,436","570,629,677",363.00,366.00,360.50,364.00,-1.50,"1,404",
109/10/29,"1,476,858","528,606,297",359.00,359.50,355.00,359.00,-5.00,"1,483",
109/10/30,"1,800,956","641,477,929",357.50,358.00,355.00,355.50,-3.50,"1,343",
109/11/02,"3,755,105","1,306,177,272",352.00,355.00,344.50,348.00,-7.50,"3,161",
109/11/03,"3,143,419","1,112,305,942",348.00,358.00,348.00,353.50,+5.50,"2,601",
109/11/04,"7,096,865","2,485,201,288",353.50,359.50,342.00,358.50,+5.00,"5,271",
109/11/05,"3,734,263","1,323,699,944",356.50,357.00,352.50,353.00,-5.50,"2,602",
109/11/06,"5,052,141","1,831,551,513",353.00,368.00,353.00,361.50,+8.50,"4,127",
109/11/09,"3,844,320","1,399,431,780",362.50,372.00,360.50,362.00,+0.50,"2,915",
109/11/10,"7,527,581","2,648,917,728",362.00,367.00,346.00,348.50,-13.50,"5,642",
109/11/11,"8,297,633","2,871,739,702",348.50,351.50,344.00,348.00,-0.50,"4,809",
109/11/12,"3,617,318","1,274,815,398",350.00,356.00,349.00,353.00,+5.00,"2,780",
109/11/13,"3,388,441","1,217,162,455",352.50,363.00,352.00,362.50,+9.50,"2,980",
109/11/16,"3,336,197","1,224,829,743",367.50,369.00,364.50,369.00,+6.50,"2,802",
109/11/17,"4,318,845","1,620,517,498",374.00,380.50,371.00,372.00,+3.00,"3,920",
109/11/18,"3,469,418","1,304,105,664",373.50,378.00,372.00,378.00,+6.00,"2,799",
109/11/19,"3,568,630","1,361,469,209",381.50,386.00,378.00,381.00,+3.00,"2,999",
109/11/20,"2,325,221","879,575,342",379.00,380.50,373.50,379.50,-1.50,"2,030",
109/11/23,"2,228,058","852,000,247",381.50,385.00,380.00,382.00,+2.50,"1,853",
109/11/24,"4,152,889","1,565,270,838",385.00,385.00,373.00,373.50,-8.50,"3,394",
109/11/25,"2,845,232","1,052,099,934",373.50,375.50,366.50,367.50,-6.00,"2,528",
109/11/26,"1,394,524","519,499,108",370.50,374.50,369.50,374.50,+7.00,"1,178",
109/11/27,"1,974,698","732,281,588",375.00,375.50,369.00,373.50,-1.00,"1,590",
109/11/30,"5,365,052","2,009,139,259",377.00,380.50,371.00,371.00,-2.50,"2,886",
109/12/01,"2,154,545","812,167,838",371.50,379.00,371.00,378.50,+7.50,"1,772",
109/12/02,"3,911,204","1,508,265,421",382.00,389.50,382.00,386.00,+7.50,"3,396",
109/12/03,"3,286,043","1,268,423,687",390.00,395.00,379.00,383.50,-2.50,"2,869",
109/12/04,"3,011,527","1,141,260,391",384.00,384.00,374.50,381.50,-2.00,"2,542",
109/12/07,"4,752,303","1,819,573,811",383.00,386.50,378.50,386.50,+5.00,"2,886",
109/12/08,"2,830,001","1,102,706,698",388.00,392.00,387.00,389.00,+2.50,"2,592",
109/12/09,"6,143,130","2,470,208,321",394.00,410.00,391.50,409.00,+20.00,"5,727",
109/12/10,"3,411,075","1,366,963,197",408.00,408.00,394.50,398.00,-11.00,"3,471",
109/12/11,"3,382,059","1,332,688,742",402.00,403.50,386.50,394.50,-3.50,"3,083",
109/12/14,"1,743,093","694,486,012",396.00,405.00,395.00,396.50,+2.00,"1,596",
109/12/15,"1,729,612","674,825,170",395.50,395.50,387.00,389.00,-7.50,"1,757",
109/12/16,"2,101,722","826,307,361",390.00,395.00,390.00,392.00,+3.00,"1,759",
109/12/17,"5,568,947","2,255,337,005",394.50,412.00,394.50,405.00,+13.00,"4,765",
109/12/18,"3,484,511","1,423,264,384",407.50,413.00,403.50,408.00,+3.00,"2,774",
109/12/21,"2,787,969","1,137,636,136",414.50,419.50,398.50,407.00,-1.00,"2,612",
109/12/22,"1,833,867","734,737,905",405.00,408.50,395.00,395.50,-11.50,"1,916",
109/12/23,"912,569","361,637,796",395.50,399.00,391.50,397.00,+1.50,991,
109/12/24,"603,015","239,545,575",400.00,400.00,395.00,396.50,-0.50,647,
109/12/25,"1,282,964","517,444,340",398.50,408.00,397.00,400.50,+4.00,"1,254",
109/12/28,"1,520,464","606,594,093",405.00,406.00,396.00,397.00,-3.50,"1,520",
109/12/29,"3,483,169","1,356,386,249",397.50,399.50,387.00,388.00,-9.00,"3,587",
109/12/30,"3,160,319","1,223,809,841",388.50,392.50,381.50,391.50,+3.50,"3,127",
109/12/31,"1,908,701","746,367,358",392.00,394.00,389.50,390.50,-1.00,"1,724",
110/01/04,"4,030,292","1,576,595,284",389.00,394.50,388.50,388.50,-2.00,"3,085",
110/01/05,"3,804,534","1,463,920,252",386.00,387.50,383.00,387.00,-1.50,"2,978",
110/01/06,"7,777,398","3,116,576,426",387.00,409.00,387.00,403.50,+16.50,"6,439",
110/01/07,"4,558,461","1,853,867,282",407.50,412.00,403.00,405.50,+2.00,"3,518",
110/01/08,"3,620,398","1,446,077,003",401.00,405.00,391.00,400.00,-5.50,"3,342",
110/01/11,"8,410,188","3,541,392,195",401.00,432.00,401.00,431.50,+31.50,"7,587",
110/01/12,"6,188,893","2,692,121,267",434.50,446.00,423.00,428.50,-3.00,"5,801",
110/01/13,"6,113,147","2,713,611,923",436.00,449.50,435.00,445.00,+16.50,"5,149",
110/01/14,"4,512,828","2,019,873,742",445.00,455.50,439.00,445.00, 0.00,"3,622",
110/01/15,"3,898,217","1,743,892,533",452.00,455.50,442.00,444.00,-1.00,"3,031",
110/01/18,"5,336,030","2,348,979,708",448.00,451.00,430.00,441.50,-2.50,"3,691",
110/01/19,"5,308,915","2,458,871,426",445.00,475.00,443.00,469.00,+27.50,"5,081",
110/01/20,"6,050,121","2,851,333,221",466.50,483.50,462.00,473.50,+4.50,"4,710",
110/01/21,"7,146,309","3,525,035,777",477.00,501.00,477.00,497.50,+24.00,"6,259",
110/01/22,"4,289,371","2,148,020,703",492.00,512.00,490.00,496.00,-1.50,"4,398",
110/01/25,"3,311,092","1,634,230,118",496.00,508.00,488.00,493.50,-2.50,"3,180",
110/01/26,"4,022,981","1,972,517,796",500.00,503.00,478.00,480.00,-13.50,"4,693",
110/01/27,"5,360,688","2,607,761,127",489.00,500.00,477.00,486.00,+6.00,"4,706",
110/01/28,"5,011,990","2,411,584,173",476.00,492.50,476.00,480.00,-6.00,"3,912",
110/01/29,"8,140,777","3,768,857,904",480.50,485.00,451.50,451.50,-28.50,"7,285",
110/02/01,"3,644,357","1,665,029,117",450.50,469.00,447.50,467.00,+15.50,"3,714",
110/02/02,"4,204,056","2,005,286,662",475.00,483.50,466.00,482.00,+15.00,"4,131",
110/02/03,"6,789,962","3,359,953,815",491.00,500.00,487.00,497.00,+15.00,"5,908",
110/02/04,"5,454,769","2,642,542,057",497.00,497.00,475.00,476.50,-20.50,"5,206",
110/02/05,"5,690,981","2,825,780,305",486.00,505.00,482.00,495.00,+18.50,"5,418",
110/02/17,"5,983,971","3,077,486,231",510.00,524.00,506.00,515.00,+20.00,"6,760",
110/02/18,"3,067,479","1,556,299,529",517.00,517.00,503.00,507.00,-8.00,"3,351",
110/02/19,"4,279,344","2,108,455,406",498.00,502.00,488.00,494.00,-13.00,"4,979",
110/02/22,"3,746,010","1,832,884,077",497.50,499.00,485.00,487.50,-6.50,"4,616",
110/02/23,"5,324,613","2,531,637,753",483.00,484.00,470.00,482.00,-5.50,"6,562",
110/02/24,"3,089,352","1,482,319,301",479.00,488.50,473.00,478.00,-4.00,"3,556",
110/02/25,"2,430,001","1,170,993,252",487.00,489.00,478.00,480.50,+2.50,"2,331",
110/02/26,"4,954,276","2,295,189,367",470.00,472.50,460.00,460.00,-20.50,"6,000",
110/03/02,"3,588,243","1,690,070,262",471.50,478.00,465.50,466.00,+6.00,"3,404",
110/03/03,"3,738,675","1,720,789,769",470.00,471.50,455.00,462.50,-3.50,"3,534",
110/03/04,"5,624,502","2,526,621,655",461.00,464.50,441.50,450.00,-12.50,"5,747",
110/03/05,"4,583,882","2,080,986,214",446.00,459.50,440.50,458.50,+8.50,"4,281",
110/03/08,"5,468,519","2,475,708,156",465.50,469.00,443.00,444.00,-14.50,"6,124",
110/03/09,"4,807,778","2,087,503,007",441.00,447.00,430.00,431.00,-13.00,"4,893",
110/03/10,"2,875,817","1,246,586,841",437.00,439.00,431.00,433.00,+2.00,"2,654",
110/03/11,"3,203,021","1,409,797,744",433.00,444.50,432.00,444.00,+11.00,"3,063",
110/03/12,"2,651,078","1,185,841,021",449.00,454.00,442.00,442.50,-1.50,"2,899",
110/03/15,"1,658,966","736,932,059",442.50,448.00,440.00,442.00,-0.50,"1,838",
110/03/16,"3,544,652","1,601,126,882",448.00,455.00,445.50,452.00,+10.00,"3,338",
110/03/17,"3,820,927","1,743,334,943",456.00,461.00,451.00,453.00,+1.00,"3,909",
110/03/18,"3,586,611","1,662,623,806",458.50,468.00,457.00,462.50,+9.50,"3,610",
110/03/19,"3,242,314","1,469,790,170",458.00,458.00,448.50,456.50,-6.00,"2,957",
110/03/22,"1,879,379","856,261,752",456.50,461.00,450.50,456.00,-0.50,"1,866",
110/03/23,"2,185,949","1,005,194,766",457.00,465.00,457.00,458.50,+2.50,"2,157",
110/03/24,"1,789,671","810,757,057",455.00,459.00,451.00,452.50,-6.00,"1,988",
110/03/25,"3,084,303","1,418,728,171",450.00,467.00,448.50,466.50,+14.00,"3,192",
110/03/26,"5,715,989","2,745,676,257",470.50,485.50,468.00,484.50,+18.00,"7,181",
110/03/29,"3,234,884","1,582,140,845",491.00,495.00,485.50,489.50,+5.00,"3,567",
110/03/30,"5,538,635","2,763,947,295",496.50,503.00,490.50,502.00,+12.50,"5,786",
110/03/31,"2,374,127","1,177,277,685",502.00,502.00,492.50,494.00,-8.00,"2,591",
110/04/01,"2,406,210","1,179,942,623",496.00,499.50,483.00,490.00,-4.00,"2,874",
110/04/06,"2,960,580","1,494,623,980",500.00,509.00,496.50,507.00,+17.00,"4,231",
110/04/07,"2,271,075","1,136,230,803",500.00,505.00,494.00,504.00,-3.00,"2,641",
110/04/08,"2,009,083","1,008,165,979",495.00,507.00,495.00,502.00,-2.00,"2,294",
110/04/09,"2,178,819","1,095,360,953",508.00,511.00,497.50,499.00,-3.00,"2,284",
110/04/12,"3,127,337","1,528,498,653",505.00,505.00,482.00,482.50,-16.50,"3,876",
110/04/13,"3,393,709","1,678,657,795",486.00,504.00,485.50,488.00,+5.50,"3,658",
110/04/14,"4,220,433","2,095,104,890",495.50,507.00,485.00,497.50,+9.50,"4,477",
110/04/15,"2,129,333","1,058,213,914",497.00,501.00,491.00,500.00,+2.50,"2,153",
110/04/16,"2,392,367","1,190,601,512",497.50,502.00,493.00,499.00,-1.00,"2,695",
110/04/19,"2,312,231","1,156,208,899",499.00,505.00,494.00,500.00,+1.00,"2,358",
110/04/20,"2,363,499","1,185,301,923",500.00,506.00,496.00,505.00,+5.00,"2,389",
110/04/21,"4,638,510","2,319,074,631",510.00,520.00,491.50,493.50,-11.50,"4,953",
110/04/22,"3,346,577","1,673,838,673",496.00,505.00,494.50,500.00,+6.50,"3,036",
110/04/23,"4,498,066","2,298,864,260",500.00,519.00,497.00,519.00,+19.00,"4,904",
110/04/26,"5,547,504","2,942,257,441",531.00,546.00,514.00,530.00,+11.00,"5,541",
110/04/27,"4,155,576","2,240,764,100",534.00,548.00,532.00,537.00,+7.00,"3,988",
110/04/28,"2,769,835","1,485,779,262",534.00,542.00,528.00,538.00,+1.00,"2,660",
110/04/29,"2,323,274","1,244,671,477",535.00,541.00,532.00,532.00,-6.00,"2,155",
110/05/03,"2,734,786","1,438,563,636",528.00,539.00,519.00,519.00,-13.00,"3,056",
110/05/04,"3,850,274","1,936,013,380",520.00,524.00,490.00,507.00,-12.00,"3,864",
110/05/05,"2,568,279","1,296,280,299",508.00,514.00,499.00,499.00,-8.00,"2,304",
110/05/06,"3,947,680","1,994,071,316",504.00,521.00,498.50,513.00,+14.00,"3,136",
110/05/07,"1,882,210","969,448,255",511.00,520.00,509.00,516.00,+3.00,"2,065",
110/05/10,"1,494,652","762,951,838",517.00,521.00,500.00,504.00,-12.00,"1,668",
110/05/11,"4,719,723","2,196,775,904",493.00,497.00,454.00,456.00,-48.00,"6,045",
110/05/12,"5,765,389","2,510,823,748",455.00,459.00,410.50,436.00,-20.00,"5,974",
110/05/13,"5,705,258","2,569,967,790",439.00,462.00,421.00,450.50,+14.50,"4,975",
110/05/14,"3,138,491","1,432,045,797",451.00,466.00,449.00,451.50,+1.00,"2,889",
110/05/17,"2,517,132","1,116,286,258",440.00,459.50,430.00,439.50,-12.00,"2,789",
110/05/18,"3,907,126","1,821,073,754",446.00,481.00,446.00,470.00,+30.50,"3,776",
110/05/19,"2,534,862","1,164,498,521",463.00,475.00,453.50,455.50,-14.50,"2,755",
110/05/20,"2,044,110","920,796,750",458.50,459.00,445.00,450.00,-5.50,"1,924",
110/05/21,"2,250,359","1,015,815,890",460.00,460.00,443.00,451.50,+1.50,"2,063",
110/05/24,"1,940,904","873,282,870",450.00,458.50,441.00,452.50,+1.00,"1,974",
110/05/25,"3,942,617","1,838,861,101",457.00,474.50,454.00,469.00,+16.50,"3,679",
110/05/26,"3,916,872","1,887,880,790",469.00,493.00,465.50,485.50,+16.50,"3,913",
110/05/27,"4,874,583","2,372,118,730",484.00,489.50,477.00,489.50,+4.00,"2,607",
110/05/28,"2,213,532","1,100,534,139",487.00,502.00,487.00,497.00,+7.50,"2,490",
110/05/31,"2,224,033","1,109,470,755",499.00,504.00,490.00,499.00,+2.00,"2,054",
110/06/01,"1,734,810","876,487,416",501.00,509.00,500.00,506.00,+7.00,"1,836",
110/06/02,"2,189,385","1,087,889,748",510.00,510.00,490.50,491.50,-14.50,"2,391",
110/06/03,"1,436,960","715,728,217",492.00,503.00,492.00,500.00,+8.50,"1,401",
110/06/04,"763,931","381,546,895",495.00,503.00,494.50,502.00,+2.00,822,
110/06/07,"1,812,656","905,866,678",502.00,508.00,483.50,504.00,+2.00,"2,141",
110/06/08,"1,047,948","531,274,246",510.00,512.00,501.00,502.00,-2.00,"1,247",
110/06/09,"1,459,117","730,330,314",502.00,506.00,496.00,497.50,-4.50,"1,374",
110/06/10,"2,651,901","1,364,793,114",502.00,521.00,501.00,516.00,+18.50,"3,043",
110/06/11,"994,568","513,619,499",520.00,520.00,513.00,513.00,-3.00,"1,178",
110/06/15,"1,723,127","899,112,950",517.00,528.00,516.00,518.00,+5.00,"2,015",
110/06/16,"1,216,517","630,224,844",518.00,523.00,512.00,516.00,-2.00,"1,354",
110/06/17,"1,121,688","579,001,980",511.00,523.00,509.00,519.00,+3.00,"1,156",
110/06/18,"1,962,186","1,018,768,800",522.00,525.00,516.00,516.00,-3.00,"1,346",
110/06/21,"1,855,371","931,676,507",512.00,513.00,497.00,499.50,-16.50,"2,296",
110/06/22,"2,557,525","1,249,931,039",491.00,502.00,482.00,487.00,-12.50,"2,873",
110/06/23,"4,579,029","2,222,067,587",489.00,495.00,481.00,484.00,-3.00,"4,469",
110/06/24,"4,270,546","2,155,408,110",490.00,514.00,490.00,510.00,+26.00,"4,260",
110/06/25,"1,728,895","867,425,206",510.00,510.00,496.00,496.50,-13.50,"1,968",
110/06/28,"966,958","483,505,353",498.50,506.00,493.00,498.00,+1.50,"1,146",
110/06/29,"1,693,506","857,133,928",502.00,511.00,501.00,501.00,+3.00,"1,653",
110/06/30,"1,427,114","723,041,488",503.00,511.00,500.00,505.00,+4.00,"1,317",
110/07/01,"2,415,993","1,199,152,287",514.00,514.00,492.00,492.50,-12.50,"2,544",
110/07/02,"1,735,470","869,221,405",489.00,508.00,489.00,505.00,+12.50,"1,790",
110/07/05,"2,249,766","1,165,521,194",509.00,522.00,508.00,521.00,+16.00,"2,615",
110/07/06,"992,697","514,378,326",524.00,524.00,515.00,516.00,-5.00,"1,281",
110/07/07,"2,208,011","1,154,875,531",517.00,527.00,512.00,523.00,+7.00,"2,576",
110/07/08,"2,100,603","1,102,972,658",522.00,530.00,517.00,524.00,+1.00,"2,187",
110/07/09,"1,633,844","842,308,234",520.00,524.00,508.00,515.00,-9.00,"1,617",
110/07/12,"1,126,223","586,061,591",517.00,524.00,517.00,520.00,+5.00,"1,076",
110/07/13,"2,547,422","1,336,420,397",520.00,530.00,517.00,522.00,+2.00,"2,297",
110/07/14,"1,140,062","592,837,526",517.00,524.00,517.00,521.00,-1.00,"1,048",
110/07/15,"2,856,264","1,528,769,484",523.00,540.00,522.00,538.00,+17.00,"3,219",
110/07/16,"1,728,973","932,880,877",532.00,545.00,529.00,545.00,+7.00,"1,887",
110/07/19,"3,813,035","2,120,304,623",539.00,565.00,535.00,560.00,+15.00,"4,110",
110/07/20,"2,204,266","1,225,452,964",556.00,565.00,548.00,552.00,-8.00,"2,199",
110/07/21,"3,290,740","1,883,336,975",560.00,586.00,558.00,569.00,+17.00,"3,355",
110/07/22,"3,040,457","1,734,836,991",570.00,581.00,563.00,569.00, 0.00,"2,548",
110/07/23,"3,313,593","1,881,131,342",577.00,577.00,558.00,560.00,-9.00,"2,954",
110/07/26,"4,325,100","2,488,691,581",588.00,588.00,563.00,567.00,+7.00,"3,951",
110/07/27,"8,166,744","4,963,478,133",585.00,621.00,583.00,613.00,+46.00,"7,270",
110/07/28,"4,819,279","2,826,886,638",597.00,599.00,575.00,587.00,-26.00,"5,113",
110/07/29,"4,422,176","2,612,498,753",598.00,605.00,572.00,599.00,+12.00,"4,152",
110/07/30,"3,368,622","1,996,034,335",594.00,603.00,587.00,588.00,-11.00,"2,579",
110/08/02,"1,897,760","1,114,388,102",594.00,598.00,581.00,590.00,+2.00,"1,651",
110/08/03,"3,292,284","1,963,970,007",607.00,609.00,582.00,600.00,+10.00,"2,507",
110/08/04,"1,772,013","1,067,072,707",600.00,608.00,592.00,602.00,+2.00,"1,773",
110/08/05,"1,810,234","1,099,274,694",609.00,613.00,601.00,610.00,+8.00,"1,863",
110/08/06,"2,376,782","1,441,711,728",614.00,621.00,597.00,603.00,-7.00,"2,304",
110/08/09,"1,565,498","923,376,363",595.00,598.00,585.00,586.00,-17.00,"1,951",
110/08/10,"2,003,290","1,166,168,261",590.00,594.00,575.00,582.00,-4.00,"1,977",
110/08/11,"2,262,626","1,282,934,043",580.00,580.00,556.00,563.00,-19.00,"2,663",
110/08/12,"1,752,124","986,589,062",556.00,573.00,556.00,563.00, 0.00,"1,773",
110/08/13,"2,287,391","1,254,428,177",560.00,563.00,542.00,542.00,-21.00,"2,880",
110/08/16,"1,692,183","915,548,043",538.00,551.00,530.00,545.00,+3.00,"2,005",
110/08/17,"1,728,023","925,299,349",547.00,549.00,529.00,529.00,-16.00,"1,949",
110/08/18,"2,446,237","1,313,204,340",510.00,552.00,510.00,551.00,+22.00,"2,416",
110/08/19,"3,064,460","1,612,397,854",537.00,542.00,517.00,517.00,-34.00,"3,300",
110/08/20,"2,567,952","1,381,617,646",530.00,547.00,522.00,537.00,+20.00,"2,476",
110/08/23,"1,616,756","891,007,800",543.00,557.00,540.00,552.00,+15.00,"1,659",
110/08/24,"1,936,780","1,070,187,654",556.00,558.00,548.00,550.00,-2.00,"1,419",
110/08/25,"1,272,956","702,414,826",559.00,560.00,549.00,550.00, 0.00,999,
110/08/26,"1,812,560","983,365,344",551.00,551.00,536.00,542.00,-8.00,"1,775",
110/08/27,"1,544,692","831,344,807",535.00,543.00,532.00,540.00,-2.00,"1,589",
110/08/30,"1,467,278","804,798,840",545.00,558.00,542.00,548.00,+8.00,"1,439",
110/08/31,"1,595,264","878,575,746",548.00,556.00,543.00,554.00,+6.00,"1,264",
110/09/01,"3,110,832","1,769,867,143",564.00,584.00,557.00,577.00,+23.00,"2,980",
110/09/02,"2,058,781","1,166,326,514",570.00,580.00,566.00,566.00,-11.00,"1,961",
110/09/03,"2,055,565","1,118,319,252",570.00,574.00,558.00,565.00,-1.00,"1,379",
110/09/06,"5,031,749","2,879,167,362",575.00,575.00,553.00,557.00,-8.00,"1,655",
110/09/07,"1,843,922","1,007,251,411",563.00,563.00,540.00,546.00,-11.00,"2,031",
110/09/08,"1,574,778","832,454,845",536.00,541.00,520.00,525.00,X0.00,"1,989",
110/09/09,"1,423,033","748,189,024",518.00,534.00,516.00,525.00, 0.00,"1,428",
110/09/10,"2,205,691","1,171,834,405",523.00,539.00,523.00,537.00,+12.00,"1,915",
110/09/13,"1,178,584","629,167,241",537.00,541.00,532.00,534.00,-3.00,"1,127",
110/09/14,"1,323,657","701,323,123",536.00,539.00,525.00,529.00,-5.00,"1,338",
110/09/15,"1,897,250","987,314,464",526.00,533.00,516.00,517.00,-12.00,"2,016",
110/09/16,"1,328,255","688,018,954",515.00,525.00,513.00,518.00,+1.00,"1,469",
110/09/17,"2,516,020","1,312,161,553",519.00,530.00,513.00,524.00,+6.00,"2,034",
110/09/22,"4,489,817","2,194,350,450",504.00,505.00,480.00,488.50,-35.50,"5,541",
110/09/23,"2,718,284","1,381,815,462",492.50,517.00,492.50,509.00,+20.50,"2,670",
110/09/24,"3,350,093","1,718,356,226",510.00,529.00,503.00,508.00,-1.00,"3,073",
110/09/27,"1,881,949","965,396,945",510.00,518.00,502.00,513.00,+5.00,"1,804",
110/09/28,"1,022,906","515,406,099",508.00,512.00,501.00,502.00,-11.00,"1,159",
110/09/29,"3,626,932","1,754,206,222",489.00,491.50,477.00,486.00,-16.00,"4,337",
110/09/30,"2,339,527","1,153,609,425",486.00,497.50,482.50,495.50,+9.50,"1,802",
110/10/01,"2,647,683","1,266,588,939",485.50,487.50,471.00,476.50,-19.00,"3,369",
110/10/04,"2,381,123","1,110,272,854",480.00,482.00,460.50,465.00,-11.50,"2,702",
110/10/05,"4,617,269","2,126,615,979",446.00,473.00,445.00,469.00,+4.00,"4,162",
110/10/06,"2,554,073","1,217,425,407",479.00,483.50,469.00,474.50,+5.50,"2,665",
110/10/07,"3,179,758","1,537,781,243",484.00,497.00,483.00,492.00,+17.50,"2,646",
110/10/08,"2,853,935","1,388,609,620",488.00,497.50,478.00,480.50,-11.50,"2,559",
110/10/12,"3,347,772","1,568,011,657",474.00,479.50,462.00,464.00,-16.50,"3,138",
110/10/13,"3,208,632","1,452,167,371",456.50,468.00,447.50,448.50,-15.50,"3,727",
110/10/14,"2,675,084","1,232,787,983",458.00,464.00,453.00,461.50,+13.00,"2,353",
110/10/15,"2,869,387","1,350,652,489",466.50,476.00,465.00,469.00,+7.50,"2,560",
110/10/18,"1,673,947","780,880,874",474.00,477.00,460.00,462.00,-7.00,"1,595",
110/10/19,"2,629,946","1,255,241,414",468.50,481.50,465.00,478.00,+16.00,"2,249",
110/10/20,"2,120,385","1,017,952,943",480.00,486.00,474.50,475.00,-3.00,"2,020",
110/10/21,"1,917,768","917,130,387",473.00,485.00,473.00,474.00,-1.00,"1,758",
110/10/22,"1,332,722","632,585,443",475.00,478.00,469.00,475.00,+1.00,"1,231",
110/10/25,"3,334,422","1,619,337,058",481.00,495.00,478.00,486.00,+11.00,"2,953",
110/10/26,"3,131,851","1,526,907,168",486.00,492.50,483.50,487.00,+1.00,"2,108",
110/10/27,"2,170,934","1,075,151,919",490.00,502.00,486.50,500.00,+13.00,"2,095",
110/10/28,"1,965,071","981,014,354",495.50,504.00,494.00,500.00, 0.00,"1,843",
110/10/29,"2,457,121","1,228,504,693",502.00,504.00,494.00,499.00,-1.00,"2,104",
110/11/01,"2,999,833","1,502,223,651",503.00,509.00,492.00,500.00,+1.00,"2,569",
110/11/02,"2,250,705","1,118,927,630",503.00,505.00,491.00,491.50,-8.50,"2,132",
110/11/03,"1,511,907","738,214,885",498.00,498.00,484.50,489.50,-2.00,"1,637",
110/11/04,"1,555,033","757,885,321",496.50,496.50,481.50,485.50,-4.00,"1,469",
110/11/05,"2,757,889","1,370,783,312",488.00,504.00,488.00,499.50,+14.00,"2,186",
110/11/08,"1,034,362","519,761,535",502.00,505.00,497.50,505.00,+5.50,"1,247",
110/11/09,"2,315,809","1,191,154,477",508.00,521.00,506.00,511.00,+6.00,"2,457",
110/11/10,"2,280,196","1,180,983,730",515.00,525.00,511.00,519.00,+8.00,"2,104",
110/11/11,"1,389,516","722,417,218",516.00,523.00,511.00,522.00,+3.00,"1,361",
110/11/12,"1,588,836","832,398,705",526.00,530.00,518.00,523.00,+1.00,"1,597",
110/11/15,"2,478,562","1,333,977,752",528.00,545.00,527.00,542.00,+19.00,"2,749",
110/11/16,"1,666,750","909,699,682",545.00,550.00,536.00,549.00,+7.00,"2,055",
110/11/17,"2,222,949","1,225,961,845",550.00,560.00,545.00,550.00,+1.00,"2,484",
110/11/18,"1,130,400","621,250,643",552.00,553.00,546.00,549.00,-1.00,"1,294",
110/11/19,"1,180,608","647,317,686",550.00,556.00,545.00,547.00,-2.00,"1,452",
110/11/22,"733,655","403,265,810",550.00,553.00,548.00,548.00,+1.00,854,
110/11/23,"1,870,463","1,015,165,367",543.00,547.00,535.00,544.00,-4.00,"1,933",
110/11/24,"814,559","442,787,697",544.00,547.00,538.00,542.00,-2.00,999,
110/11/25,"978,715","534,273,711",544.00,553.00,540.00,544.00,+2.00,"1,186",
110/11/26,"1,719,001","923,832,860",541.00,549.00,533.00,534.00,-10.00,"1,965",
110/11/29,"2,135,467","1,135,779,051",528.00,540.00,521.00,536.00,+2.00,"2,242",
110/11/30,"3,557,094","1,949,460,207",545.00,555.00,537.00,555.00,+19.00,"2,208",
110/12/01,"1,447,440","793,464,667",546.00,551.00,542.00,549.00,-6.00,"1,584",
110/12/02,"1,386,008","766,488,932",549.00,558.00,549.00,554.00,+5.00,"1,459",
110/12/03,"1,266,934","703,562,893",554.00,558.00,550.00,555.00,+1.00,"1,340",
110/12/06,"2,992,658","1,713,308,076",560.00,580.00,558.00,577.00,+22.00,"4,190",
110/12/07,"3,232,341","1,846,518,060",577.00,581.00,559.00,565.00,-12.00,"4,916",
110/12/08,"2,115,250","1,206,190,986",576.00,579.00,565.00,565.00, 0.00,"2,071",
110/12/09,"933,952","525,018,940",565.00,570.00,558.00,558.00,-7.00,"1,156",
110/12/10,"960,689","531,457,677",555.00,557.00,548.00,554.00,-4.00,"1,142",
110/12/13,"558,094","310,774,485",558.00,561.00,552.00,556.00,+2.00,659,
110/12/14,"1,200,525","658,403,594",553.00,555.00,544.00,545.00,-11.00,"1,449",
110/12/15,"1,061,404","583,301,509",545.00,555.00,541.00,553.00,+8.00,"1,136",
110/12/16,"1,890,380","1,070,300,939",558.00,573.00,553.00,569.00,+16.00,"2,037",
110/12/17,"2,036,207","1,154,446,786",568.00,575.00,562.00,567.00,-2.00,"1,579",
110/12/20,"1,587,713","886,139,424",568.00,571.00,552.00,553.00,-14.00,"2,126",
110/12/21,"1,261,964","715,305,772",558.00,574.00,556.00,569.00,+16.00,"1,309",
110/12/22,"891,580","511,046,288",573.00,576.00,566.00,573.00,+4.00,"1,065",
110/12/23,"1,474,972","844,948,393",579.00,584.00,567.00,572.00,-1.00,"1,867",
110/12/24,"932,808","529,041,284",575.00,578.00,563.00,564.00,-8.00,"1,156",
110/12/27,"985,453","567,409,227",569.00,579.00,567.00,576.00,+12.00,"1,301",
110/12/28,"916,325","533,674,320",578.00,585.00,577.00,583.00,+7.00,"1,284",
110/12/29,"630,837","365,063,657",582.00,584.00,576.00,578.00,-5.00,927,
110/12/30,"585,181","339,122,912",578.00,583.00,575.00,580.00,+2.00,721,
111/01/03,"1,956,065","1,131,153,745",589.00,594.00,571.00,573.00,-7.00,"2,007",
111/01/04,"2,501,707","1,405,123,218",576.00,580.00,556.00,558.00,-15.00,"3,337",
111/01/05,"1,860,504","1,040,654,855",556.00,565.00,556.00,563.00,+5.00,"1,677",
111/01/06,"2,932,109","1,625,797,711",560.00,565.00,548.00,555.00,-8.00,"2,548",
111/01/07,"2,274,586","1,262,253,312",563.00,566.00,548.00,555.00, 0.00,"1,845",
111/01/10,"1,986,933","1,104,130,948",553.00,562.00,548.00,557.00,+2.00,"1,302",
111/01/11,"3,637,036","1,994,504,840",558.00,562.00,539.00,543.00,-14.00,"3,345",
111/01/12,"2,767,629","1,501,344,215",553.00,553.00,539.00,543.00, 0.00,"1,947",
111/01/13,"1,876,779","1,013,665,777",538.00,546.00,534.00,540.00,-3.00,"1,693",
111/01/14,"1,637,786","871,190,627",538.00,539.00,527.00,532.00,-8.00,"1,773",
111/01/17,"1,267,005","677,229,280",527.00,539.00,527.00,536.00,+4.00,"1,428",
111/01/18,"1,547,977","839,379,189",539.00,547.00,536.00,537.00,+1.00,"1,654",
111/01/19,"1,334,352","722,614,389",535.00,545.00,533.00,541.00,+4.00,"1,446",
111/01/20,"1,272,460","688,421,331",534.00,547.00,534.00,540.00,-1.00,"1,237",
111/01/21,"1,874,305","1,017,798,498",538.00,546.00,537.00,544.00,+4.00,"1,798",
111/01/24,"1,602,014","859,112,815",540.00,543.00,530.00,535.00,-9.00,"1,674",
111/01/25,"1,962,851","1,047,164,684",530.00,542.00,527.00,531.00,-4.00,"2,328",
111/01/26,"1,502,378","799,259,665",533.00,540.00,526.00,526.00,-5.00,"2,031",
111/02/07,"3,059,832","1,562,530,232",525.00,531.00,503.00,506.00,-20.00,"3,632",
111/02/08,"2,432,891","1,246,026,405",511.00,518.00,504.00,514.00,+8.00,"2,455",
111/02/09,"4,694,656","2,369,063,190",491.00,517.00,491.00,511.00,-3.00,"4,309",
111/02/10,"2,629,295","1,337,541,075",506.00,514.00,505.00,510.00,-1.00,"2,663",
111/02/11,"3,092,763","1,559,963,568",505.00,510.00,500.00,504.00,-6.00,"2,945",
111/02/14,"2,699,172","1,326,102,387",500.00,501.00,486.00,487.50,-16.50,"4,285",
111/02/15,"2,381,077","1,170,857,049",490.00,496.00,488.00,490.00,+2.50,"2,430",
111/02/16,"2,610,737","1,311,384,835",497.00,507.00,496.00,503.00,+13.00,"2,666",
111/02/17,"2,496,425","1,232,300,447",505.00,505.00,489.00,489.00,-14.00,"4,017",
111/02/18,"2,553,026","1,231,568,237",482.00,486.50,479.00,483.00,-6.00,"3,753",
111/02/21,"2,808,604","1,341,504,185",478.00,484.50,470.00,481.50,-1.50,"3,258",
111/02/22,"3,011,090","1,421,919,847",465.50,480.00,465.50,476.00,-5.50,"3,744",
111/02/23,"2,569,482","1,212,904,473",476.00,479.00,468.50,472.00,-4.00,"3,271",
111/02/24,"3,960,595","1,812,101,257",462.00,466.50,450.00,455.00,-17.00,"6,253",
111/02/25,"5,421,797","2,456,276,243",455.00,463.50,447.50,456.00,+1.00,"5,031",
111/03/01,"3,354,616","1,591,058,256",475.00,478.50,468.00,474.50,+18.50,"3,456",
111/03/02,"1,483,063","696,368,667",473.00,473.00,465.00,472.00,-2.50,"1,792",
111/03/03,"2,571,893","1,236,586,380",477.00,486.50,476.50,477.50,+5.50,"2,679",
111/03/04,"1,804,100","846,473,403",473.00,473.00,466.00,466.50,-11.00,"2,737",
111/03/07,"2,741,731","1,230,781,496",459.00,459.00,445.00,449.00,-17.50,"4,233",
111/03/08,"1,997,847","894,150,622",440.00,455.50,440.00,448.00,-1.00,"2,503",
111/03/09,"2,352,715","1,063,433,712",448.00,456.50,448.00,451.00,+3.00,"2,249",
111/03/10,"2,075,390","967,608,465",462.00,470.00,461.00,469.00,+18.00,"2,206",
111/03/11,"1,249,402","582,575,344",466.00,470.50,462.00,466.00,-3.00,"1,357",
111/03/14,"1,260,774","586,527,878",471.00,474.50,460.50,465.00,-1.00,"1,413",
111/03/15,"2,215,605","1,000,693,994",463.50,464.00,446.50,447.50,-17.50,"2,816",
111/03/16,"2,390,830","1,062,092,131",455.00,456.50,440.00,445.00,-2.50,"2,703",
111/03/17,"3,186,682","1,450,439,020",459.00,460.50,450.00,455.00,+10.00,"2,954",
111/03/18,"2,964,945","1,349,591,008",460.00,461.00,451.00,455.00, 0.00,"2,317",
111/03/21,"1,243,311","570,942,249",458.00,462.00,456.50,459.50,+4.50,"1,360",
111/03/22,"1,213,308","556,539,148",464.50,464.50,456.00,457.50,-2.00,"1,546",
111/03/23,"1,956,214","894,314,565",457.50,462.50,454.50,457.50, 0.00,"2,317",
111/03/24,"2,140,203","963,056,266",455.50,455.50,447.50,452.50,-5.00,"2,648",
111/03/25,"1,986,110","890,481,276",450.00,453.50,446.00,446.00,-6.50,"2,479",
111/03/28,"2,663,446","1,151,119,964",441.00,442.00,428.50,430.50,-15.50,"4,073",
111/03/29,"2,037,117","878,680,825",435.00,437.00,428.00,432.50,+2.00,"2,560",
111/03/30,"1,734,047","750,204,361",436.00,436.50,430.00,432.50, 0.00,"2,047",
111/03/31,"1,426,751","615,372,238",429.50,434.50,429.00,430.50,-2.00,"1,293",
111/04/01,"3,563,573","1,489,707,797",424.00,424.00,415.00,417.00,-13.50,"5,378",
111/04/06,"3,135,202","1,297,764,094",416.00,419.00,403.50,413.00,-4.00,"3,974",
111/04/07,"2,008,495","824,550,995",410.00,417.00,406.00,407.50,-5.50,"3,985",
111/04/08,"2,777,986","1,132,950,229",410.50,414.00,405.00,407.00,-0.50,"2,876",
111/04/11,"2,154,410","861,472,915",412.00,412.50,394.50,396.00,-11.00,"4,348",
111/04/12,"2,532,596","1,001,479,013",388.00,401.50,387.00,396.00, 0.00,"3,172",
111/04/13,"3,207,162","1,319,616,957",401.00,417.50,400.00,413.50,+17.50,"4,263",
111/04/14,"1,941,209","804,804,436",414.00,417.50,409.50,416.00,+2.50,"2,642",
111/04/15,"1,887,004","759,310,101",409.00,409.50,398.00,398.00,-18.00,"2,955",
111/04/18,"1,438,522","581,478,669",397.00,407.50,394.00,405.50,+7.50,"2,488",
111/04/19,"2,987,188","1,206,223,543",408.00,411.00,400.00,400.00,-5.50,"3,462",
111/04/20,"2,357,949","956,791,732",403.00,409.50,402.50,405.00,+5.00,"2,159",
111/04/21,"2,137,078","866,492,999",401.00,409.00,401.00,406.00,+1.00,"3,015",
111/04/22,"3,098,854","1,225,594,885",396.50,399.00,393.00,395.00,-11.00,"4,165",
111/04/25,"4,082,349","1,578,996,929",386.00,392.50,380.00,392.00,-3.00,"4,825",
111/04/26,"2,683,216","1,033,839,163",392.00,393.50,380.00,381.00,-11.00,"4,452",
111/04/27,"2,465,707","932,145,719",370.50,384.50,370.00,382.50,+1.50,"2,985",
111/04/28,"2,537,789","997,480,664",386.00,399.00,383.00,395.00,+12.50,"3,685",
111/04/29,"3,243,292","1,315,917,730",404.00,410.00,400.00,407.50,+12.50,"3,919",
111/05/03,"1,264,401","509,438,041",404.00,408.50,398.50,403.00,-4.50,"2,887",
111/05/04,"1,271,130","513,343,246",404.00,406.00,402.00,405.00,+2.00,"1,829",
111/05/05,"3,152,122","1,305,562,461",410.00,417.00,410.00,415.00,+10.00,"4,088",
111/05/06,"1,809,910","738,200,849",404.50,412.50,402.00,409.00,-6.00,"3,034",
111/05/09,"1,324,539","540,217,272",404.50,411.50,403.00,408.00,-1.00,"1,840",
111/05/10,"2,250,492","926,847,137",404.00,416.50,400.00,414.50,+6.50,"3,076",
111/05/11,"2,039,351","847,486,620",414.00,421.00,412.50,415.00,+0.50,"3,158",
111/05/12,"2,815,451","1,159,694,779",408.00,418.50,407.50,410.50,-4.50,"3,592",
111/05/13,"2,084,479","868,464,155",417.00,419.50,414.50,416.50,+6.00,"3,057",
111/05/16,"4,834,018","2,070,648,507",424.00,437.50,422.50,427.00,+10.50,"4,864",
111/05/17,"2,969,480","1,275,694,092",423.50,435.00,420.50,431.50,+4.50,"4,065",
111/05/18,"3,039,327","1,314,524,396",433.00,436.00,429.50,432.00,+0.50,"3,825",
111/05/19,"3,756,066","1,645,992,669",426.00,443.00,425.50,441.50,+9.50,"4,668",
111/05/20,"2,533,250","1,111,776,249",443.00,444.50,435.50,437.50,-4.00,"3,407",
111/05/23,"2,256,537","976,239,529",433.50,438.00,426.00,430.50,-7.00,"2,599",
111/05/24,"1,620,184","693,944,828",430.50,437.50,422.00,422.00,-8.50,"1,896",
111/05/25,"1,453,440","625,221,912",424.50,434.50,423.50,429.00,+7.00,"1,883",
111/05/26,"2,956,932","1,238,659,319",429.00,429.00,412.50,417.50,-11.50,"3,862",
111/05/27,"1,996,159","853,148,979",423.00,430.00,422.00,429.50,+12.00,"1,935",
111/05/30,"2,877,607","1,270,864,835",436.00,444.50,434.00,443.50,+14.00,"2,872",
111/05/31,"2,600,347","1,153,216,342",438.50,445.00,438.50,445.00,+1.50,"2,214",
111/06/01,"2,191,148","984,183,530",443.00,453.00,441.00,446.00,+1.00,"2,309",
111/06/02,"1,778,239","787,719,181",443.00,445.50,439.50,441.50,-4.50,"1,786",
111/06/06,"2,030,768","900,684,964",443.50,448.50,432.50,448.50,+7.00,"2,454",
111/06/07,"1,456,163","648,420,256",444.00,450.50,440.50,444.50,-4.00,"1,580",
111/06/08,"1,862,940","838,888,661",452.00,456.50,446.00,451.00,+6.50,"1,970",
111/06/09,"1,089,348","489,331,674",447.50,451.50,446.00,450.00,-1.00,"1,100",
111/06/10,"992,193","441,521,458",443.00,448.50,441.50,445.50,-4.50,"1,418",
111/06/13,"2,075,047","902,413,257",437.00,438.00,431.00,433.50,-12.00,"2,638",
111/06/14,"2,364,193","1,008,087,913",428.00,430.00,421.50,428.50,-5.00,"2,532",
111/06/15,"1,271,122","544,596,257",423.00,432.00,423.00,426.00,-2.50,"1,506",
111/06/16,"1,801,057","783,400,592",435.00,443.50,422.00,429.50,+3.50,"1,825",
111/06/17,"2,894,833","1,217,772,779",417.00,432.00,410.00,432.00,+2.50,"2,656",
111/06/20,"2,584,079","1,067,779,072",428.50,428.50,404.00,404.50,-27.50,"3,420",
111/06/21,"1,714,274","712,187,267",409.50,419.50,409.50,419.00,+14.50,"1,664",
111/06/22,"2,647,899","1,063,949,876",418.00,418.00,394.00,395.00,-24.00,"3,467",
111/06/23,"4,455,469","1,705,558,673",391.00,397.00,365.00,381.00,-14.00,"5,056",
111/06/24,"2,576,709","978,036,933",391.00,391.00,373.00,375.00,-6.00,"2,825",
111/06/27,"3,458,444","1,350,371,261",385.50,399.00,381.50,388.00,+13.00,"3,151",
111/06/28,"2,251,667","848,789,172",385.50,387.00,372.00,376.50,-11.50,"2,865",
111/06/29,"1,960,139","730,826,961",368.00,378.50,368.00,374.50,-2.00,"2,074",
111/06/30,"2,949,260","1,066,722,951",367.50,369.00,356.50,363.00,-11.50,"3,150",
111/07/01,"2,330,471","823,798,597",364.00,364.50,346.00,347.00,-16.00,"2,549",
111/07/04,"4,070,209","1,402,977,432",347.00,358.00,337.00,339.50,-7.50,"3,453",
111/07/05,"5,948,377","1,933,399,969",343.50,345.50,314.50,324.00,-15.50,"5,834",
111/07/06,"5,425,486","1,718,899,309",324.00,325.00,311.50,313.00,-11.00,"5,280",
111/07/07,"4,971,341","1,616,334,345",319.50,332.00,317.00,328.00,+15.00,"5,007",
111/07/08,"4,592,962","1,545,299,593",334.00,344.00,327.00,335.00,+7.00,"4,148",
111/07/11,"2,068,693","686,264,638",338.00,339.50,327.00,330.50,-4.50,"3,363",
111/07/12,"5,571,846","1,730,386,445",317.50,318.00,303.50,313.50,-17.00,"6,340",
111/07/13,"2,985,349","946,667,693",324.50,324.50,313.50,313.50, 0.00,"3,539",
111/07/14,"2,718,822","862,538,154",310.00,321.50,308.50,320.00,+6.50,"3,430",
111/07/15,"4,734,053","1,561,623,301",324.00,339.50,316.50,332.50,+12.50,"5,139",
111/07/18,"4,238,034","1,452,720,843",335.50,346.00,334.50,346.00,+13.50,"3,811",
111/07/19,"3,505,367","1,191,813,168",341.00,343.50,338.50,339.00,-7.00,"3,077",
111/07/20,"5,554,603","1,980,792,810",350.00,362.00,348.50,354.00,+15.00,"5,064",
111/07/21,"4,279,287","1,562,421,834",356.50,371.50,355.50,371.50,+17.50,"3,817",
111/07/22,"3,610,489","1,336,279,321",372.50,374.00,366.00,369.00,-2.50,"3,299",
111/07/25,"2,934,708","1,072,283,898",370.50,372.50,361.50,362.00,-7.00,"2,988",
111/07/26,"3,275,335","1,151,314,966",359.00,359.00,346.00,352.50,-9.50,"3,461",
111/07/27,"2,593,027","902,862,573",351.50,355.50,342.00,355.50,+3.00,"2,488",
111/07/28,"3,412,555","1,212,226,593",359.00,361.00,351.00,354.00,-1.50,"3,116",
111/07/29,"6,416,275","2,211,427,129",343.00,353.50,341.50,342.00,-12.00,"6,122",
111/08/01,"4,264,668","1,455,857,587",338.50,350.00,329.50,347.00,+5.00,"3,884",
111/08/02,"4,044,758","1,364,933,651",344.00,344.00,333.00,339.00,-8.00,"3,421",
111/08/03,"3,510,160","1,192,084,930",332.50,344.00,332.00,343.00,+4.00,"2,582",
111/08/04,"2,072,161","705,982,954",340.50,345.50,336.00,344.00,+1.00,"2,109",
111/08/05,"2,114,140","743,642,427",349.50,354.00,348.00,352.00,+8.00,"2,069",
111/08/08,"2,201,326","772,343,614",348.50,356.00,347.00,349.50,-2.50,"2,252",
111/08/09,"1,937,828","666,019,832",348.00,348.00,339.50,344.00,-5.50,"2,072",
111/08/10,"3,905,184","1,296,023,636",338.00,339.00,329.00,329.50,-14.50,"4,018",
111/08/11,"2,785,922","938,688,321",335.50,338.50,335.00,336.50,+7.00,"2,163",
111/08/12,"3,300,944","1,134,398,714",336.00,352.00,335.00,349.50,+13.00,"2,787",
111/08/15,"3,417,406","1,234,062,909",357.50,366.50,354.00,363.00,+13.50,"3,447",
111/08/16,"2,158,092","781,928,699",366.50,368.50,357.50,361.00,-2.00,"2,419",
111/08/17,"1,586,344","571,257,375",361.00,363.00,356.50,361.00, 0.00,"1,781",
111/08/18,"1,930,973","694,693,144",356.50,365.50,354.00,365.00,+4.00,"1,861",
111/08/19,"1,832,870","670,269,125",366.00,369.50,363.00,364.50,-0.50,"1,755",
111/08/22,"1,272,584","459,531,362",358.50,365.00,356.50,361.00,-3.50,"1,402",
111/08/23,"1,583,784","560,883,844",357.50,358.00,352.50,352.50,-8.50,"1,869",
111/08/24,"2,691,468","931,644,490",353.50,356.50,342.00,343.50,-9.00,"2,921",
111/08/25,"2,013,910","702,118,043",346.00,354.00,346.00,350.00,+6.50,"1,940",
111/08/26,"2,284,568","808,450,860",353.00,356.50,350.00,353.50,+3.50,"2,016",
111/08/29,"2,123,089","726,236,477",343.00,346.00,339.00,342.00,-11.50,"2,761",
111/08/30,"2,038,800","703,089,933",345.00,348.00,342.00,343.00,+1.00,"1,808",
111/08/31,"1,795,767","618,283,374",342.00,347.00,340.00,346.00,+3.00,"1,744",
111/09/01,"3,276,728","1,100,077,379",341.00,342.00,331.50,333.00,-13.00,"4,233",
111/09/02,"2,054,982","686,540,504",335.50,337.50,332.00,332.50,-0.50,"2,078",
111/09/05,"2,918,054","965,844,192",328.50,338.50,328.50,331.00,-1.50,"2,186",
111/09/06,"5,082,063","1,698,275,336",338.50,346.50,327.50,330.00,-1.00,"4,033",
111/09/07,"4,644,964","1,492,081,902",326.00,326.00,316.50,319.50,-10.50,"4,304",
111/09/08,"4,045,408","1,319,170,519",326.50,331.50,319.50,331.50,+12.00,"3,191",
111/09/12,"5,358,383","1,670,012,636",310.00,314.50,309.50,313.00,X0.00,"3,689",
111/09/13,"4,300,875","1,363,192,783",315.00,323.00,315.00,317.50,+4.50,"2,621",
111/09/14,"4,262,448","1,348,769,312",310.00,322.00,308.00,321.50,+4.00,"5,562",
111/09/15,"2,315,049","737,314,321",322.00,322.00,315.50,315.50,-6.00,"2,787",
111/09/16,"2,935,204","929,988,069",313.00,318.50,312.00,318.50,+3.00,"1,947",
111/09/19,"4,837,208","1,488,008,484",318.50,318.50,303.50,306.00,-12.50,"4,929",
111/09/20,"3,361,603","1,021,805,414",309.50,310.50,300.50,305.00,-1.00,"3,526",
111/09/21,"2,929,923","888,309,771",301.50,306.00,300.50,305.50,+0.50,"2,700",
111/09/22,"2,773,500","838,062,951",301.50,305.50,299.00,305.50, 0.00,"2,537",
111/09/23,"2,196,283","669,991,411",305.00,309.50,302.00,303.50,-2.00,"2,151",
111/09/26,"4,761,286","1,405,849,120",300.50,300.50,290.00,294.50,-9.00,"4,829",
111/09/27,"5,384,734","1,556,038,105",294.00,295.50,286.00,289.00,-5.50,"4,471",
111/09/28,"5,571,299","1,543,855,748",290.00,290.50,270.00,271.50,-17.50,"5,451",
111/09/29,"5,290,159","1,423,168,424",277.00,278.50,264.00,266.00,-5.50,"4,871",
111/09/30,"5,188,626","1,376,400,030",259.00,271.50,257.00,270.00,+4.00,"3,947",
111/10/03,"2,872,788","769,073,389",265.00,273.50,260.50,269.00,-1.00,"3,421",
111/10/04,"3,681,180","1,026,985,224",278.00,285.00,275.50,278.50,+9.50,"3,409",
111/10/05,"5,294,405","1,498,033,166",282.00,288.00,277.50,279.50,+1.00,"5,846",
111/10/06,"3,634,768","1,019,105,153",281.00,287.00,277.00,278.50,-1.00,"3,460",
111/10/07,"6,476,342","1,714,031,040",274.00,274.00,259.50,259.50,-19.00,"7,499",
111/10/11,"5,795,306","1,440,132,353",249.00,253.00,245.00,247.00,-12.50,"5,695",
111/10/12,"7,030,049","1,704,270,523",246.00,248.00,238.50,242.00,-5.00,"5,957",
111/10/13,"6,892,828","1,637,724,845",239.00,243.50,232.50,234.00,-8.00,"4,925",
111/10/14,"5,509,047","1,353,816,791",242.00,251.00,239.50,246.00,+12.00,"4,287",
111/10/17,"3,107,713","760,891,171",241.00,251.00,238.00,251.00,+5.00,"4,570",
111/10/18,"4,554,261","1,138,787,297",254.00,256.00,245.00,252.00,+1.00,"4,247",
111/10/19,"2,855,117","723,807,970",250.00,257.50,250.00,251.50,-0.50,"2,834",
111/10/20,"4,900,249","1,227,219,102",247.00,253.50,246.00,253.00,+1.50,"4,828",
111/10/21,"3,276,655","833,743,891",252.50,258.50,250.00,252.50,-0.50,"2,885",
111/10/24,"3,731,430","977,052,052",259.00,265.00,258.00,260.00,+7.50,"3,205",
111/10/25,"4,621,795","1,168,000,615",258.50,259.00,247.50,251.50,-8.50,"4,703",
111/10/26,"3,400,302","861,400,505",251.50,257.50,249.50,254.50,+3.00,"2,744",
111/10/27,"3,035,220","779,512,763",255.00,260.00,254.50,256.50,+2.00,"3,027",
111/10/28,"3,636,987","925,891,635",256.00,258.00,249.00,255.50,-1.00,"4,241",
111/10/31,"7,792,232","1,942,259,943",250.00,256.00,240.00,255.00,-0.50,"6,115",
111/11/01,"5,887,787","1,533,536,439",253.00,266.00,251.00,259.50,+4.50,"6,078",
111/11/02,"3,879,464","1,017,423,028",262.00,265.50,257.00,262.00,+2.50,"4,039",
111/11/03,"3,251,118","855,649,312",257.50,266.50,257.00,264.00,+2.00,"3,129",
111/11/04,"2,350,551","623,444,209",265.00,267.50,261.50,267.00,+3.00,"2,799",
111/11/07,"3,731,582","1,014,673,414",270.50,275.00,266.50,274.00,+7.00,"3,594",
111/11/08,"4,505,788","1,227,123,639",275.00,279.50,266.50,268.00,-6.00,"5,244",
111/11/09,"4,686,739","1,316,138,435",272.00,285.00,272.00,284.00,+16.00,"4,656",
111/11/10,"3,224,233","911,469,263",285.00,286.50,280.00,283.00,-1.00,"4,368",
111/11/11,"6,670,416","2,003,761,780",301.00,308.00,291.50,300.50,+17.50,"6,840",
111/11/14,"6,689,485","2,058,157,952",305.00,311.00,303.00,307.50,+7.00,"6,853",
111/11/15,"5,484,457","1,725,166,076",308.00,318.00,305.50,315.00,+7.50,"7,811",
111/11/16,"5,096,067","1,625,535,585",318.00,322.50,313.00,322.00,+7.00,"4,657",
111/11/17,"2,588,270","828,352,821",320.50,323.50,317.00,322.50,+0.50,"2,821",
111/11/18,"2,476,785","800,442,699",323.50,328.50,319.00,321.00,-1.50,"4,757",
111/11/21,"3,380,626","1,102,046,818",325.00,328.50,323.00,325.00,+4.00,"3,634",
111/11/22,"4,191,567","1,344,587,063",323.00,324.00,314.50,323.50,-1.50,"4,620",
111/11/23,"4,680,284","1,541,904,825",330.50,333.00,325.00,327.00,+3.50,"6,223",
111/11/24,"8,872,868","3,010,508,839",332.50,350.00,324.00,343.00,+16.00,"7,539",
111/11/25,"7,995,094","2,685,432,918",344.50,348.00,330.50,330.50,-12.50,"6,883",
111/11/28,"6,236,813","2,021,059,874",319.00,328.00,318.50,321.50,-9.00,"4,874",
111/11/29,"7,272,001","2,279,934,144",309.00,317.50,307.00,314.50,-7.00,"6,135",
111/11/30,"8,581,682","2,699,591,742",315.00,317.00,310.00,317.00,+2.50,"6,059",
111/12/01,"6,481,722","2,133,508,204",323.00,334.50,321.50,333.00,+16.00,"5,749",
111/12/02,"5,392,152","1,760,610,984",324.50,331.00,323.00,326.00,-7.00,"8,505",
111/12/05,"5,457,026","1,772,247,664",324.00,328.50,321.00,322.50,-3.50,"4,749",
111/12/06,"7,921,014","2,467,129,018",318.00,320.00,304.00,305.50,-17.00,"8,230",
111/12/07,"4,954,719","1,493,223,003",305.50,307.50,297.00,297.50,-8.00,"5,058",
111/12/08,"3,712,580","1,089,314,425",293.50,297.00,291.00,292.50,-5.00,"4,114",
111/12/09,"3,622,045","1,082,257,132",297.00,302.00,295.50,299.50,+7.00,"3,418",
111/12/12,"2,812,095","837,381,878",296.00,301.00,293.00,299.50, 0.00,"2,509",
111/12/13,"3,643,419","1,071,914,969",295.50,297.00,292.00,292.50,-7.00,"3,687",
111/12/14,"4,180,353","1,243,107,541",293.00,301.50,291.00,301.50,+9.00,"3,523",
111/12/15,"3,356,546","1,014,792,685",298.50,306.50,298.50,302.00,+0.50,"2,961",
111/12/16,"6,881,645","2,024,046,728",295.00,297.00,293.00,293.00,-9.00,"4,010",
111/12/19,"5,577,840","1,639,275,279",291.50,296.00,289.00,294.00,+1.00,"2,903",
111/12/20,"5,870,086","1,700,723,102",291.50,297.50,286.50,286.50,-7.50,"3,627",
111/12/21,"5,141,516","1,472,207,472",288.00,290.50,284.50,285.50,-1.00,"2,774",
111/12/22,"4,736,051","1,376,909,216",291.00,296.00,289.00,290.50,+5.00,"2,146",
111/12/23,"1,351,501","388,879,041",286.50,290.50,284.50,289.00,-1.50,"1,348",
111/12/26,"1,419,765","406,327,464",291.00,291.00,283.00,286.50,-2.50,"1,618",
111/12/27,"1,904,304","558,975,122",289.00,296.50,288.50,293.00,+6.50,"2,055",
111/12/28,"2,753,365","783,384,018",290.50,290.50,282.50,283.00,-10.00,"3,158",
111/12/29,"1,151,240","324,956,930",279.50,285.00,279.00,282.50,-0.50,"1,234",
111/12/30,"1,457,623","414,182,921",288.00,288.00,281.00,281.00,-1.50,"1,500",
112/01/03,"1,553,152","444,333,070",282.00,290.00,280.00,289.00,+8.00,"1,538",
112/01/04,"1,384,482","401,611,178",288.50,293.50,287.00,289.00, 0.00,"2,079",
112/01/05,"1,421,693","413,082,516",290.00,294.50,287.50,289.00, 0.00,"1,640",
112/01/06,"5,165,562","1,560,113,014",289.00,307.00,289.00,307.00,+18.00,"5,293",
112/01/09,"6,303,305","1,997,628,949",315.50,321.00,310.00,321.00,+14.00,"7,606",
112/01/10,"4,384,315","1,416,005,667",321.50,327.00,320.50,323.50,+2.50,"3,960",
112/01/11,"2,211,568","711,786,841",323.50,325.00,319.00,323.00,-0.50,"3,124",
112/01/12,"2,172,921","703,588,054",323.00,326.50,321.00,323.00, 0.00,"2,606",
112/01/13,"4,697,325","1,513,549,953",328.00,333.00,316.50,317.50,-5.50,"12,452",
112/01/16,"1,474,136","473,802,557",321.00,324.00,319.00,321.00,+3.50,"2,042",
112/01/17,"2,238,704","710,757,276",321.50,323.00,315.00,316.50,-4.50,"8,199",
112/01/30,"5,569,816","1,800,980,034",324.00,326.00,320.00,323.50,+7.00,"5,364",
112/01/31,"3,362,337","1,075,656,707",321.50,323.00,317.00,320.00,-3.50,"3,278",
112/02/01,"4,018,982","1,310,621,804",323.00,329.50,321.50,329.50,+9.50,"3,294",
112/02/02,"5,488,651","1,877,514,897",333.50,347.00,333.50,347.00,+17.50,"5,908",
112/02/03,"3,812,037","1,326,694,386",348.00,352.00,343.00,348.00,+1.00,"3,995",
112/02/06,"3,359,746","1,130,590,560",345.00,345.00,332.00,333.00,-15.00,"4,246",
112/02/07,"2,264,733","755,440,421",333.00,336.50,330.00,334.00,+1.00,"2,236",
112/02/08,"7,063,538","2,520,473,989",340.00,364.50,339.00,364.50,+30.50,"7,519",
112/02/09,"3,300,971","1,193,048,672",362.00,364.00,357.50,361.50,-3.00,"3,376",
112/02/10,"3,059,098","1,090,006,412",360.00,361.00,352.00,357.00,-4.50,"3,263",
112/02/13,"4,044,071","1,401,632,685",352.00,353.00,342.50,345.00,-12.00,"5,164",
112/02/14,"2,835,423","998,655,630",349.00,356.00,347.00,355.00,+10.00,"2,880",
112/02/15,"3,391,192","1,198,196,089",352.50,359.50,349.50,353.50,-1.50,"3,120",
112/02/16,"3,830,795","1,368,965,200",353.50,361.00,353.50,359.50,+6.00,"3,471",
112/02/17,"2,367,715","848,866,113",355.50,361.50,355.50,359.50, 0.00,"2,013",
112/02/20,"5,219,661","1,917,560,260",363.00,372.00,360.50,368.00,+8.50,"4,701",
112/02/21,"5,216,648","1,945,015,599",370.00,378.00,369.00,370.50,+2.50,"4,642",
112/02/22,"5,215,204","1,932,433,184",370.00,375.00,366.50,370.50, 0.00,"4,574",
112/02/23,"8,828,826","3,392,171,356",378.00,395.00,376.00,382.50,+12.00,"8,092",
112/02/24,"4,138,971","1,584,086,752",389.00,390.00,376.50,380.00,-2.50,"4,155",
112/03/01,"2,885,931","1,090,609,498",375.00,380.50,372.00,379.00,-1.00,"2,842",
112/03/02,"2,506,490","949,145,585",380.50,382.50,373.00,380.00,+1.00,"2,841",
112/03/03,"1,648,427","627,072,069",383.00,385.00,378.00,379.50,-0.50,"2,051",
112/03/06,"3,972,789","1,544,054,205",385.00,392.50,384.00,388.00,+8.50,"4,123",
112/03/07,"1,847,820","714,476,035",390.00,390.00,382.50,387.50,-0.50,"2,263",
112/03/08,"1,700,281","652,565,195",382.50,388.00,380.00,387.00,-0.50,"2,077",
112/03/09,"2,939,820","1,152,113,792",389.00,394.00,388.50,390.50,+3.50,"3,096",
112/03/10,"2,828,952","1,079,405,722",384.50,386.00,378.00,379.50,-11.00,"3,536",
112/03/13,"2,855,093","1,094,421,669",376.50,387.00,375.50,386.00,+6.50,"2,919",
112/03/14,"2,539,879","965,118,513",381.00,384.00,377.00,379.00,-7.00,"2,488",
112/03/15,"3,261,570","1,265,055,840",382.50,394.00,381.50,384.00,+5.00,"3,251",
112/03/16,"2,847,765","1,108,245,945",381.00,392.00,381.00,392.00,+8.00,"3,160",
112/03/17,"4,357,313","1,744,379,826",399.50,405.00,397.50,397.50,+5.50,"3,848",
112/03/20,"2,089,485","822,881,469",400.50,401.00,390.50,391.50,-6.00,"3,101",
112/03/21,"3,080,108","1,198,572,038",395.00,396.00,385.00,389.00,-2.50,"3,138",
112/03/22,"2,236,808","882,762,025",393.00,398.00,392.50,393.50,+4.50,"2,491",
112/03/23,"1,447,418","572,070,133",393.00,397.00,392.00,396.50,+3.00,"1,632",
112/03/24,"2,540,790","1,009,794,170",397.50,400.50,395.00,396.00,-0.50,"2,953",
112/03/27,"1,661,193","655,434,009",396.00,398.00,392.50,393.00,-3.00,"2,087",
112/03/28,"3,863,513","1,476,503,967",395.00,395.00,378.50,380.00,-13.00,"5,088",
112/03/29,"2,762,108","1,052,174,428",387.00,388.00,376.50,379.50,-0.50,"3,054",
112/03/30,"1,508,921","576,427,315",379.50,383.50,379.50,382.50,+3.00,"1,823",
112/03/31,"2,478,044","958,411,084",385.00,391.00,382.00,387.50,+5.00,"2,962",
112/04/06,"2,034,669","776,365,304",384.50,386.00,379.50,380.00,-7.50,"3,341",
112/04/07,"860,659","327,440,439",384.00,384.00,379.00,379.00,-1.00,"1,275",
112/04/10,"1,377,367","522,325,458",380.00,384.50,377.50,378.50,-0.50,"1,856",
112/04/11,"2,343,224","898,234,365",380.50,386.50,376.50,385.00,+6.50,"2,352",
112/04/12,"2,106,641","816,775,601",387.00,392.00,384.00,387.00,+2.00,"2,206",
112/04/13,"1,839,225","706,239,047",385.00,387.00,381.50,383.00,-4.00,"1,749",
112/04/14,"2,643,595","1,023,441,016",385.00,392.00,382.50,389.00,+6.00,"2,441",
112/04/17,"3,250,350","1,282,460,866",388.50,400.00,385.00,400.00,+11.00,"3,217",
112/04/18,"2,784,102","1,101,771,845",397.00,402.00,392.00,392.50,-7.50,"2,924",
112/04/19,"2,403,305","934,207,189",394.00,396.00,385.00,387.00,-5.50,"2,914",
112/04/20,"2,291,520","879,557,842",382.00,388.00,379.00,385.00,-2.00,"2,457",
112/04/21,"5,613,404","2,098,363,815",383.00,384.00,366.50,367.00,-18.00,"6,199",
112/04/24,"4,580,184","1,687,859,616",365.50,372.00,365.00,367.00, 0.00,"3,609",
112/04/25,"6,719,662","2,360,593,976",370.00,370.00,343.00,344.50,-22.50,"7,054",
112/04/26,"4,054,026","1,386,581,475",346.00,346.00,336.50,345.00,+0.50,"4,052",
112/04/27,"4,485,875","1,598,990,313",350.00,361.00,345.50,359.00,+14.00,"4,353",
112/04/28,"3,684,805","1,320,167,643",356.50,364.00,352.00,359.00, 0.00,"3,403",
112/05/02,"2,320,690","841,067,904",358.50,365.50,353.00,363.50,+4.50,"2,241",
112/05/03,"1,251,316","457,844,879",363.50,368.50,362.50,368.00,+4.50,"1,385",
112/05/04,"2,480,962","925,097,022",368.00,375.50,368.00,373.50,+5.50,"2,403",
112/05/05,"2,026,724","745,573,252",373.00,373.00,365.50,366.00,-7.50,"2,471",
112/05/08,"3,211,521","1,192,665,747",373.00,377.00,367.50,369.00,+3.00,"2,722",
112/05/09,"1,997,742","727,289,765",371.50,372.50,359.00,364.50,-4.50,"2,171",
112/05/10,"1,770,871","650,935,581",362.00,372.00,362.00,368.50,+4.00,"1,781",
112/05/11,"2,128,612","791,773,507",368.50,375.50,367.00,373.00,+4.50,"1,926",
112/05/12,"2,083,468","765,025,182",369.00,371.00,363.00,369.00,-4.00,"2,080",
112/05/15,"1,220,225","449,313,037",370.00,371.00,364.50,368.00,-1.00,"1,343",
112/05/16,"1,626,342","608,768,495",372.50,375.50,370.50,374.00,+6.00,"1,896",
112/05/17,"1,884,803","707,259,345",376.00,378.50,373.00,374.50,+0.50,"2,120",
112/05/18,"1,904,285","712,348,827",379.00,379.00,372.00,373.50,-1.00,"2,228",
112/05/19,"1,756,529","659,693,154",377.00,377.50,373.00,376.00,+2.50,"1,496",
112/05/22,"1,168,658","439,103,585",376.00,377.00,373.50,375.50,-0.50,"1,409",
112/05/23,"1,536,626","574,059,592",376.00,377.00,372.50,373.00,-2.50,"1,767",
112/05/24,"1,400,981","519,253,073",373.00,373.00,366.00,372.00,-1.00,"1,634",
112/05/25,"1,792,203","667,469,160",370.00,376.50,370.00,370.50,-1.50,"1,803",
112/05/26,"2,564,230","969,038,906",371.00,380.00,371.00,379.00,+8.50,"3,034",
112/05/29,"3,599,017","1,396,757,673",385.00,393.50,383.50,388.00,+9.00,"4,025",
112/05/30,"3,058,799","1,161,331,451",388.00,388.00,376.00,378.00,-10.00,"3,840",
112/05/31,"2,992,594","1,145,277,469",381.00,387.00,378.50,382.00,+4.00,"2,124",
112/06/01,"2,479,738","946,340,416",385.00,385.00,379.00,380.50,-1.50,"1,550",
112/06/02,"2,337,106","898,235,797",384.00,387.50,382.00,387.00,+6.50,"2,300",
112/06/05,"1,690,464","654,841,926",387.00,389.50,384.00,386.50,-0.50,"1,862",
112/06/06,"1,964,794","768,701,260",391.00,393.50,387.50,392.00,+5.50,"2,413",
112/06/07,"3,090,201","1,235,028,110",397.00,402.00,396.50,401.50,+9.50,"3,773",
112/06/08,"2,727,000","1,080,153,076",402.00,402.00,391.00,395.00,-6.50,"3,318",
112/06/09,"2,675,818","1,075,211,199",399.00,404.50,396.50,403.00,+8.00,"2,987",
112/06/12,"2,002,495","806,770,574",410.00,410.00,399.00,404.00,+1.00,"2,735",
112/06/13,"2,568,189","1,055,111,570",406.50,415.50,404.50,414.50,+10.50,"3,291",
112/06/14,"1,715,402","700,053,788",417.00,417.00,405.00,407.00,-7.50,"2,374",
112/06/15,"2,205,430","899,688,173",412.00,412.50,405.50,407.00, 0.00,"2,322",
112/06/16,"3,026,911","1,213,376,618",408.00,408.00,399.00,401.00,-6.00,"3,143",
112/06/19,"895,170","358,530,044",399.00,402.50,396.00,400.00,-1.00,"1,179",
112/06/20,"2,418,368","953,159,140",401.50,401.50,392.00,392.00,-8.00,"3,443",
112/06/21,"2,413,103","939,285,956",395.00,395.00,387.00,391.00,-1.00,"2,677",
112/06/26,"1,432,738","554,593,550",387.00,390.00,383.50,387.50,-3.50,"1,821",
112/06/27,"1,709,087","664,048,367",387.50,393.50,385.00,388.00,+0.50,"2,015",
112/06/28,"1,401,744","542,146,781",392.50,392.50,383.50,387.00,-1.00,"1,771",
112/06/29,"1,300,538","510,194,377",390.00,395.00,388.00,393.00,+6.00,"1,514",
112/06/30,"2,572,540","990,700,185",391.00,394.00,381.00,387.50,-5.50,"2,711",
112/07/03,"1,158,377","454,241,464",390.00,394.50,389.50,392.00,+4.50,"1,376",
112/07/04,"1,494,173","588,025,357",391.00,396.00,389.00,393.50,+1.50,"1,658",
112/07/05,"2,282,107","887,208,469",393.50,395.00,385.50,387.50,-6.00,"2,564",
112/07/06,"3,075,303","1,187,543,314",383.50,390.50,381.00,385.00,-2.50,"2,788",
112/07/07,"2,063,993","790,568,180",385.00,386.50,381.00,383.00,-2.00,"2,108",
112/07/10,"1,880,897","714,587,773",379.00,382.50,378.00,379.00,-4.00,"2,229",
112/07/11,"1,408,733","548,754,031",383.00,391.50,382.50,390.50,+11.50,"1,680",
112/07/12,"1,634,146","643,416,013",387.50,396.00,386.50,394.50,+4.00,"1,884",
112/07/13,"2,551,707","1,026,286,983",396.00,406.00,396.00,399.50,+5.00,"2,815",
112/07/14,"3,230,059","1,326,933,450",409.00,415.00,405.50,408.00,+8.50,"3,573",
112/07/17,"1,872,272","762,067,216",408.00,410.50,402.00,408.50,+0.50,"1,991",
112/07/18,"3,761,574","1,561,120,938",414.00,418.00,409.00,417.50,+9.00,"3,899",
112/07/19,"3,888,910","1,617,590,975",417.00,420.00,411.50,415.00,-2.50,"3,338",
112/07/20,"2,351,545","966,418,957",412.50,413.50,408.00,410.50,-4.50,"2,337",
112/07/21,"3,913,217","1,603,617,353",404.00,415.00,399.00,415.00,+4.50,"3,563",
112/07/24,"3,497,317","1,421,905,863",411.50,411.50,403.00,406.50,-8.50,"3,391",
112/07/25,"1,692,125","687,131,189",409.00,410.00,403.50,404.00,-2.50,"2,114",
112/07/26,"2,333,514","937,357,554",409.00,409.00,398.00,399.50,-4.50,"3,011",
112/07/27,"2,356,665","966,267,842",401.50,413.00,401.50,409.50,+10.00,"2,518",
112/07/28,"4,064,005","1,709,400,664",406.50,429.50,405.00,423.50,+14.00,"4,962",
112/07/31,"4,791,437","2,070,510,761",430.00,438.00,425.00,430.50,+7.00,"5,602",
112/08/01,"2,078,009","891,329,455",429.50,432.50,423.00,432.50,+2.00,"2,564",
112/08/02,"5,637,694","2,481,724,648",435.00,450.00,433.50,439.00,+6.50,"6,854",
112/08/04,"4,777,664","2,047,540,253",432.50,437.00,423.00,428.00,-11.00,"5,501",
112/08/07,"4,158,167","1,719,267,342",421.00,422.00,408.00,415.00,-13.00,"7,780",
112/08/08,"3,004,132","1,237,027,231",413.00,420.50,409.00,410.00,-5.00,"3,171",
112/08/09,"2,070,642","845,630,444",413.00,414.50,403.50,407.00,-3.00,"2,566",
112/08/10,"4,027,924","1,606,429,394",401.00,404.50,396.00,398.50,-8.50,"3,828",
112/08/11,"2,040,374","811,873,548",398.50,402.00,394.00,398.00,-0.50,"2,243",
112/08/14,"2,317,245","940,352,389",398.00,408.00,398.00,408.00,+10.00,"2,407",
112/08/15,"1,873,518","760,605,832",410.00,413.00,403.00,404.00,-4.00,"2,490",
112/08/16,"2,005,766","820,265,061",402.00,411.50,401.00,411.00,+7.00,"2,101",
112/08/17,"1,346,608","548,834,832",405.00,410.50,404.00,407.50,-3.50,"1,510",
112/08/18,"2,645,264","1,095,648,503",405.50,418.50,405.00,417.50,+10.00,"2,832",
112/08/21,"2,455,769","1,030,363,701",427.50,427.50,413.00,417.00,-0.50,"3,338",
112/08/22,"1,619,944","667,612,702",419.00,420.00,408.50,412.00,-5.00,"3,395",
112/08/23,"947,626","391,111,852",412.00,415.00,408.50,415.00,+3.00,"1,169",
112/08/24,"2,132,099","900,534,653",413.00,426.00,413.00,425.50,+10.50,"2,634",
112/08/25,"1,730,953","741,171,162",422.00,432.00,421.50,430.00,+4.50,"2,185",
112/08/28,"1,916,651","821,571,132",430.00,433.00,424.00,427.00,-3.00,"2,373",
112/08/29,"2,619,739","1,106,204,526",430.00,430.00,418.00,424.50,-2.50,"7,593",
112/08/30,"3,124,458","1,329,979,997",426.00,433.50,422.00,425.50,+1.00,"4,301",
112/08/31,"4,830,598","2,030,800,467",429.00,430.00,418.00,418.00,-7.50,"3,010",
112/09/01,"3,047,412","1,293,152,230",425.00,427.50,418.50,426.50,+8.50,"2,566",
112/09/04,"2,597,625","1,120,058,094",429.00,435.00,421.00,435.00,+8.50,"2,632",
112/09/05,"4,491,901","1,978,863,218",429.50,449.00,429.50,449.00,+14.00,"4,594",
112/09/06,"3,531,720","1,596,767,341",458.00,458.00,443.00,448.50,-0.50,"3,495",
112/09/07,"2,772,144","1,236,380,778",446.50,448.00,441.00,446.00,-2.50,"2,340",
112/09/08,"3,742,754","1,660,760,843",445.00,446.00,438.50,445.50,-0.50,"3,730",
112/09/11,"9,640,354","4,025,447,434",421.00,421.00,404.00,405.00,X0.00,"6,156",
112/09/12,"3,480,087","1,393,265,945",409.00,409.00,397.50,401.00,-4.00,"4,098",
112/09/13,"4,314,189","1,704,350,918",399.00,400.00,392.00,395.00,-6.00,"4,826",
112/09/14,"2,532,744","1,033,209,462",399.00,411.00,399.00,411.00,+16.00,"2,993",
112/09/15,"3,079,502","1,280,745,567",413.00,419.00,412.00,416.00,+5.00,"2,680",
112/09/18,"2,255,786","944,526,860",413.50,423.00,410.50,418.00,+2.00,"2,340",
112/09/19,"2,973,157","1,227,837,775",420.00,422.00,407.00,414.00,-4.00,"3,382",
112/09/20,"2,621,404","1,064,681,252",412.50,414.50,402.50,404.00,-10.00,"3,593",
112/09/21,"4,946,813","1,929,537,554",392.00,396.00,386.00,390.00,-14.00,"7,074",
112/09/22,"1,623,923","631,979,708",389.00,393.50,383.00,392.50,+2.50,"2,551",
112/09/25,"4,800,802","1,950,417,998",398.50,416.00,395.00,405.00,+12.50,"4,981",
112/09/26,"1,651,302","658,882,005",402.50,403.50,397.00,398.00,-7.00,"2,265",
112/09/27,"2,355,249","922,500,762",393.00,396.50,389.00,392.50,-5.50,"3,313",
112/09/28,"1,378,726","545,122,593",392.50,398.00,392.50,395.00,+2.50,"1,664",
112/10/02,"1,125,706","449,007,556",398.00,403.00,394.00,398.50,+3.50,"1,456",
112/10/03,"1,484,504","598,906,338",398.00,406.00,397.00,404.00,+5.50,"1,763",
112/10/04,"1,685,718","674,698,441",398.50,403.50,396.50,402.50,-1.50,"1,844",
112/10/05,"2,114,104","861,617,119",403.50,410.00,402.00,410.00,+7.50,"2,418",
112/10/06,"1,296,209","526,851,443",410.50,410.50,404.50,407.50,-2.50,"1,477",
112/10/11,"3,165,411","1,316,309,024",411.50,422.00,410.50,415.50,+8.00,"3,336",
112/10/12,"2,274,109","951,170,448",419.00,422.00,414.50,419.50,+4.00,"2,188",
112/10/13,"2,789,701","1,173,788,172",416.00,423.50,413.00,422.00,+2.50,"2,649",
112/10/16,"2,248,441","951,464,612",419.00,426.50,418.00,423.00,+1.00,"2,606",
112/10/17,"2,237,858","938,272,149",423.00,424.00,415.00,415.50,-7.50,"2,697",
112/10/18,"2,233,383","927,366,051",414.00,419.00,411.00,414.00,-1.50,"2,149",
112/10/19,"1,510,431","632,453,807",414.50,422.00,413.00,421.50,+7.50,"1,778",
112/10/20,"2,048,132","860,493,880",415.50,423.50,413.00,423.00,+1.50,"2,268",
112/10/23,"5,719,907","2,289,148,062",407.50,408.50,396.00,396.50,-26.50,"6,589",
112/10/24,"2,790,576","1,100,423,413",390.50,398.00,389.00,395.50,-1.00,"3,336",
112/10/25,"1,274,235","511,733,794",396.00,404.50,396.00,401.50,+6.00,"1,443",
112/10/26,"2,368,644","937,602,117",397.00,399.00,393.00,393.00,-8.50,"2,836",
112/10/27,"3,442,166","1,340,027,775",390.00,394.00,382.00,391.50,-1.50,"4,160",
112/10/30,"2,125,602","853,732,243",386.50,406.00,386.50,405.00,+13.50,"2,521",
112/10/31,"1,949,921","786,980,865",406.00,409.00,400.50,401.50,-3.50,"1,777",
112/11/01,"1,342,998","544,736,625",403.50,408.00,401.00,405.50,+4.00,"1,381",
112/11/02,"1,737,694","708,687,705",410.00,413.00,405.50,408.00,+2.50,"1,863",
112/11/03,"1,901,222","773,250,242",408.50,411.00,404.00,405.50,-2.50,"2,070",
112/11/06,"2,000,492","821,592,096",409.50,414.00,407.00,410.50,+5.00,"2,187",
112/11/07,"1,430,883","581,651,573",411.00,411.00,404.00,406.00,-4.50,"1,638",
112/11/08,"4,018,574","1,669,286,888",410.00,419.50,406.50,415.00,+9.00,"3,524",
112/11/09,"1,574,152","647,564,313",415.00,416.50,407.00,412.50,-2.50,"1,776",
112/11/10,"1,120,976","457,994,726",409.00,412.00,406.50,407.50,-5.00,"1,239",
112/11/13,"1,553,544","641,413,113",413.50,417.00,410.50,412.00,+4.50,"1,633",
112/11/14,"2,541,626","1,068,164,705",417.00,424.00,414.50,418.50,+6.50,"2,875",
112/11/15,"1,793,214","751,651,530",422.00,424.50,416.00,417.50,-1.00,"1,838",
112/11/16,"1,484,940","616,549,989",419.50,419.50,412.00,416.00,-1.50,"1,631",
112/11/17,"3,270,347","1,385,909,586",414.00,429.00,414.00,428.00,+12.00,"3,395",
112/11/20,"1,372,494","589,271,060",429.50,433.00,426.00,427.50,-0.50,"1,883",
112/11/21,"1,988,647","859,928,565",432.00,439.00,429.50,430.50,+3.00,"2,293",
112/11/22,"1,294,713","561,830,916",430.50,436.00,427.50,435.50,+5.00,"1,887",
112/11/23,"2,143,754","933,553,646",437.50,438.50,432.00,433.50,-2.00,"2,538",
112/11/24,"2,860,042","1,267,253,538",433.50,448.50,433.50,439.00,+5.50,"3,462",
112/11/27,"4,580,129","2,067,997,835",439.50,456.50,439.50,449.00,+10.00,"4,669",
112/11/28,"2,647,825","1,194,683,562",449.00,454.50,443.00,451.50,+2.50,"2,915",
112/11/29,"3,935,839","1,814,189,131",451.50,464.50,450.00,462.50,+11.00,"4,322",
112/11/30,"4,278,150","1,932,260,097",456.00,456.50,449.50,449.50,-13.00,"4,860",
112/12/01,"2,171,094","976,699,781",444.00,455.50,442.00,449.00,-0.50,"2,813",
112/12/04,"1,283,925","575,489,817",446.00,450.00,444.00,450.00,+1.00,"1,710",
112/12/05,"1,893,741","848,381,358",449.50,453.00,443.50,447.00,-3.00,"2,575",
112/12/06,"1,409,468","632,642,410",444.00,451.50,442.50,451.50,+4.50,"1,761",
112/12/07,"1,694,551","750,252,377",448.00,448.50,438.00,441.50,-10.00,"3,092",
112/12/08,"1,281,189","572,188,174",446.50,450.00,443.00,444.50,+3.00,"1,494",
112/12/11,"1,808,692","812,681,574",447.50,452.50,445.50,451.00,+6.50,"2,182",
112/12/12,"2,735,610","1,248,274,171",455.00,459.50,452.50,457.00,+6.00,"2,708",
112/12/13,"3,958,835","1,836,962,001",460.00,468.50,457.50,468.50,+11.50,"4,443",
112/12/14,"5,362,728","2,574,311,120",470.00,492.00,467.00,492.00,+23.50,"6,523",
112/12/15,"4,330,346","2,079,043,910",490.50,490.50,476.00,479.00,-13.00,"5,585",
112/12/18,"4,294,311","2,013,934,688",475.00,476.00,462.50,470.00,-9.00,"4,881",
112/12/19,"6,972,743","3,242,391,753",459.00,475.00,454.00,474.00,+4.00,"6,482",
112/12/20,"3,995,630","1,862,072,606",474.00,476.00,463.00,465.50,-8.50,"3,731",
112/12/21,"3,438,449","1,580,037,020",461.50,465.50,457.00,459.00,-6.50,"3,289",
112/12/22,"2,060,495","954,729,768",461.00,466.50,460.00,464.00,+5.00,"2,092",
112/12/25,"2,062,022","968,222,260",465.00,473.00,464.50,470.00,+6.00,"2,315",
112/12/26,"2,240,077","1,065,441,373",475.50,479.50,470.50,479.00,+9.00,"2,784",
112/12/27,"4,122,016","1,933,160,281",483.50,483.50,465.50,468.00,-11.00,"4,990",
112/12/28,"1,860,522","869,379,676",468.00,472.00,464.50,465.00,-3.00,"2,049",
112/12/29,"1,772,487","832,570,676",466.50,472.00,462.00,471.50,+6.50,"1,867",
113/01/02,"3,171,380","1,460,710,457",468.50,472.00,457.50,458.00,-13.50,"3,815",
113/01/03,"3,174,005","1,435,097,560",457.50,457.50,450.00,452.00,-6.00,"3,668",
113/01/04,"1,973,729","898,234,444",454.50,459.00,451.50,456.00,+4.00,"2,272",
113/01/05,"2,396,086","1,077,221,771",454.00,454.00,446.00,450.50,-5.50,"3,385",
113/01/08,"1,561,232","705,707,781",451.50,458.00,448.00,450.50, 0.00,"2,011",
113/01/09,"2,906,507","1,312,049,765",457.50,457.50,447.00,451.50,+1.00,"2,911",
113/01/10,"2,159,527","982,338,397",454.50,458.00,449.50,456.00,+4.50,"2,057",
113/01/11,"2,046,614","923,218,891",456.50,459.00,448.00,450.50,-5.50,"2,700",
113/01/12,"1,457,529","653,502,942",447.50,452.50,446.00,447.00,-3.50,"2,061",
113/01/15,"1,826,542","829,399,123",450.00,460.00,449.50,455.00,+8.00,"1,956",
113/01/16,"2,383,986","1,075,496,053",450.50,453.00,447.00,453.00,-2.00,"2,419",
113/01/17,"3,939,062","1,743,434,853",446.00,449.00,438.50,438.50,-14.50,"4,876",
113/01/18,"2,266,299","997,333,017",439.00,443.50,433.50,440.00,+1.50,"2,577",
113/01/19,"3,771,686","1,710,582,410",447.00,458.00,446.00,458.00,+18.00,"3,593",
113/01/22,"3,444,422","1,553,181,095",451.00,457.00,448.00,449.50,-8.50,"4,271",
113/01/23,"2,919,473","1,304,972,904",451.00,452.00,441.50,447.00,-2.50,"2,769",
113/01/24,"3,941,810","1,767,011,547",453.50,456.00,443.50,448.50,+1.50,"3,791",
113/01/25,"3,386,743","1,548,761,679",453.00,459.50,452.00,459.00,+10.50,"3,865",
113/01/26,"1,385,875","627,844,740",450.50,457.50,450.00,453.50,-5.50,"1,694",
113/01/29,"1,304,987","594,202,370",451.50,458.00,449.00,455.50,+2.00,"1,783",
113/01/30,"1,437,916","654,467,028",455.00,459.00,453.50,453.50,-2.00,"1,726",
113/01/31,"4,375,568","2,042,907,615",462.00,470.00,456.00,469.50,+16.00,"5,236",
113/02/01,"3,026,306","1,410,231,001",473.00,473.00,460.50,464.50,-5.00,"3,639",
113/02/02,"6,359,584","2,994,689,323",466.50,483.50,458.00,469.50,+5.00,"6,780",
113/02/05,"2,748,667","1,272,142,814",469.50,471.00,458.50,463.50,-6.00,"4,803",
113/02/15,"2,979,072","1,386,746,965",470.50,471.00,458.50,469.00,+5.50,"3,394",
113/02/16,"2,209,935","1,041,933,497",470.00,476.00,466.50,473.50,+4.50,"2,867",
113/02/19,"2,269,477","1,070,899,601",475.00,475.00,469.00,470.00,-3.50,"2,790",
113/02/20,"13,912,165","7,020,386,425",488.00,517.00,484.00,487.50,+17.50,"13,915",
113/02/21,"8,055,503","4,014,422,718",481.50,507.00,479.00,501.00,+13.50,"8,715",
113/02/22,"9,466,672","4,952,044,513",508.00,533.00,506.00,532.00,+31.00,"10,168",
113/02/23,"13,079,283","7,259,000,557",554.00,563.00,540.00,547.00,+15.00,"12,065",
113/02/26,"4,381,622","2,394,086,932",541.00,556.00,535.00,551.00,+4.00,"5,119",
113/02/27,"10,458,259","5,954,423,846",557.00,582.00,554.00,567.00,+16.00,"10,766",
113/02/29,"5,622,288","3,185,178,115",566.00,573.00,556.00,569.00,+2.00,"7,880",
113/03/01,"5,684,340","3,241,789,150",578.00,579.00,565.00,565.00,-4.00,"6,058",
113/03/04,"7,222,034","4,105,867,802",566.00,578.00,555.00,573.00,+8.00,"8,534",
113/03/05,"5,395,969","3,114,653,334",577.00,587.00,568.00,584.00,+11.00,"5,602",
113/03/06,"6,870,734","4,097,142,550",586.00,611.00,578.00,600.00,+16.00,"9,898",
113/03/07,"6,036,780","3,650,559,415",604.00,614.00,593.00,601.00,+1.00,"6,810",
113/03/08,"7,906,613","4,699,185,905",619.00,620.00,578.00,587.00,-14.00,"9,746",
113/03/11,"5,020,977","3,011,063,244",590.00,605.00,589.00,604.00,+17.00,"5,370",
113/03/12,"2,661,714","1,592,047,119",603.00,604.00,593.00,601.00,-3.00,"6,703",
113/03/13,"4,346,001","2,595,319,151",598.00,613.00,590.00,593.00,-8.00,"4,527",
113/03/14,"5,565,491","3,214,939,294",589.00,592.00,567.00,580.00,-13.00,"7,462",
113/03/15,"5,711,854","3,367,660,028",578.00,594.00,572.00,594.00,+14.00,"5,004",
113/03/18,"5,460,206","3,198,768,301",580.00,592.00,573.00,590.00,-4.00,"6,274",
113/03/19,"4,988,183","2,949,493,233",590.00,598.00,582.00,591.00,+1.00,"4,891",
113/03/20,"4,491,315","2,653,367,026",595.00,603.00,584.00,588.00,-3.00,"4,907",
113/03/21,"5,393,528","3,119,607,135",598.00,598.00,570.00,584.00,-4.00,"8,507",
113/03/22,"4,332,151","2,537,633,584",587.00,592.00,576.00,591.00,+7.00,"4,222",
113/03/25,"2,837,904","1,663,022,105",592.00,592.00,582.00,584.00,-7.00,"3,219",
113/03/26,"6,540,318","3,691,030,859",587.00,590.00,554.00,565.00,-19.00,"9,984",
113/03/27,"3,441,105","1,953,140,073",574.00,574.00,560.00,573.00,+8.00,"5,071",
113/03/28,"5,550,072","3,081,678,071",568.00,570.00,549.00,557.00,-16.00,"7,682",
113/03/29,"2,314,914","1,296,590,993",553.00,561.00,551.00,560.00,+3.00,"2,796",
113/04/01,"2,098,741","1,172,723,024",560.00,563.00,553.00,559.00,-1.00,"2,725",
113/04/02,"3,496,546","1,981,401,204",559.00,572.00,559.00,568.00,+9.00,"3,538",
113/04/03,"3,261,263","1,858,775,314",573.00,577.00,564.00,571.00,+3.00,"3,137",
113/04/08,"2,764,955","1,565,999,073",570.00,573.00,563.00,567.00,-4.00,"2,979",
113/04/09,"2,401,506","1,361,156,069",572.00,576.00,562.00,568.00,+1.00,"2,748",
113/04/10,"2,218,106","1,269,542,892",568.00,577.00,566.00,571.00,+3.00,"2,961",
113/04/11,"2,465,231","1,392,017,599",575.00,575.00,560.00,567.00,-4.00,"3,320",
113/04/12,"2,637,427","1,499,513,612",562.00,571.00,562.00,569.00,+2.00,"2,614",
113/04/15,"2,079,465","1,167,944,860",567.00,567.00,556.00,561.00,-8.00,"2,565",
113/04/16,"3,843,545","2,123,104,143",549.00,557.00,547.00,551.00,-10.00,"3,865",
113/04/17,"4,790,098","2,715,665,076",555.00,578.00,555.00,570.00,+19.00,"4,365",
113/04/18,"3,165,200","1,814,219,809",576.00,577.00,565.00,574.00,+4.00,"2,880",
113/04/19,"5,189,059","2,898,956,753",567.00,570.00,548.00,552.00,-22.00,"5,218",
113/04/22,"9,089,889","4,670,694,394",537.00,541.00,501.00,504.00,-48.00,"12,183",
113/04/23,"3,285,746","1,678,465,641",514.00,518.00,505.00,510.00,+6.00,"3,101",
113/04/24,"4,060,986","2,172,259,107",527.00,540.00,524.00,538.00,+28.00,"4,102",
113/04/25,"3,542,418","1,872,500,126",548.00,548.00,520.00,523.00,-15.00,"3,733",
113/04/26,"4,942,839","2,571,279,966",530.00,531.00,514.00,520.00,-3.00,"5,418",
113/04/29,"4,036,490","2,122,718,005",523.00,536.00,520.00,527.00,+7.00,"4,186",
113/04/30,"2,734,607","1,420,676,245",526.00,526.00,517.00,518.00,-9.00,"3,248",
113/05/02,"4,177,397","2,130,533,554",516.00,517.00,506.00,511.00,-7.00,"4,393",
113/05/03,"2,846,462","1,476,358,158",520.00,522.00,508.00,511.00, 0.00,"3,107",
113/05/06,"2,186,605","1,116,714,551",511.00,515.00,508.00,511.00, 0.00,"2,698",
113/05/07,"4,003,205","2,083,357,041",521.00,527.00,509.00,525.00,+14.00,"4,132",
113/05/08,"2,355,673","1,243,617,046",525.00,531.00,522.00,528.00,+3.00,"2,854",
113/05/09,"2,826,520","1,508,399,665",533.00,538.00,530.00,532.00,+4.00,"2,969",
113/05/10,"4,408,599","2,309,171,832",532.00,532.00,516.00,517.00,-15.00,"4,436",
113/05/13,"2,694,048","1,420,192,227",520.00,531.00,520.00,527.00,+10.00,"2,657",
113/05/14,"3,197,746","1,699,202,553",535.00,536.00,525.00,536.00,+9.00,"2,867",
113/05/15,"2,580,944","1,374,282,441",540.00,541.00,530.00,531.00,-5.00,"2,927",
113/05/16,"4,066,018","2,210,997,229",537.00,547.00,536.00,547.00,+16.00,"4,009",
113/05/17,"3,974,953","2,129,205,498",537.00,537.00,527.00,530.00,-17.00,"3,946",
113/05/20,"3,519,585","1,865,659,961",534.00,539.00,525.00,531.00,+1.00,"3,904",
113/05/21,"2,732,338","1,450,351,511",531.00,534.00,525.00,529.00,-2.00,"2,450",
113/05/22,"2,273,042","1,216,596,462",534.00,538.00,530.00,537.00,+8.00,"2,384",
113/05/23,"3,253,349","1,755,805,770",531.00,545.00,531.00,539.00,+2.00,"3,181",
113/05/24,"2,365,813","1,253,963,212",532.00,534.00,528.00,528.00,-11.00,"2,957",
113/05/27,"3,329,959","1,782,278,189",533.00,545.00,530.00,532.00,+4.00,"3,860",
113/05/28,"4,695,167","2,537,249,424",540.00,546.00,536.00,541.00,+9.00,"4,235",
113/05/29,"6,574,990","3,682,694,350",557.00,566.00,550.00,561.00,+20.00,"6,921",
113/05/30,"6,990,460","3,972,448,304",556.00,577.00,553.00,570.00,+9.00,"6,793",
113/05/31,"7,766,865","4,269,919,186",572.00,574.00,541.00,543.00,-27.00,"9,237",
113/06/03,"9,111,367","4,994,784,691",552.00,564.00,540.00,550.00,+7.00,"7,640",
113/06/04,"8,421,862","4,489,123,080",549.00,551.00,523.00,534.00,-16.00,"9,636",
113/06/05,"8,407,423","4,399,629,188",535.00,537.00,517.00,523.00,-11.00,"8,361",
113/06/06,"8,993,493","4,795,243,999",534.00,540.00,524.00,536.00,+13.00,"6,543",
113/06/07,"6,851,701","3,636,523,087",539.00,540.00,527.00,530.00,-6.00,"5,224",
113/06/11,"6,191,598","3,300,507,570",528.00,538.00,526.00,534.00,+4.00,"4,675",
113/06/12,"6,500,671","3,496,121,437",531.00,547.00,531.00,541.00,+7.00,"5,040",
113/06/13,"6,525,931","3,689,877,664",550.00,574.00,544.00,573.00,+32.00,"8,137",
113/06/14,"3,097,127","1,770,569,056",580.00,580.00,564.00,569.00,-4.00,"5,493",
113/06/17,"2,123,076","1,197,935,036",571.00,571.00,559.00,561.00,-8.00,"3,077",
113/06/18,"2,633,464","1,474,699,202",561.00,567.00,556.00,561.00, 0.00,"5,169",
113/06/19,"2,960,278","1,654,539,683",567.00,567.00,555.00,558.00,-3.00,"3,397",
113/06/20,"3,204,505","1,815,198,696",560.00,577.00,559.00,563.00,+5.00,"3,573",
113/06/21,"4,816,820","2,695,302,014",560.00,564.00,555.00,560.00,-3.00,"4,234",
113/06/24,"4,069,144","2,188,819,433",554.00,556.00,529.00,531.00,-29.00,"6,789",
113/06/25,"2,663,127","1,411,558,412",534.00,535.00,525.00,532.00,+1.00,"3,098",
113/06/26,"2,851,169","1,512,329,291",537.00,537.00,526.00,530.00,-2.00,"4,153",
113/06/27,"2,600,068","1,367,594,839",525.00,530.00,517.00,530.00, 0.00,"3,452",
113/06/28,"6,978,235","3,770,434,662",531.00,547.00,529.00,546.00,+16.00,"5,955",
113/07/01,"6,583,698","3,511,763,015",540.00,548.00,526.00,531.00,-15.00,"8,586",
113/07/02,"6,188,036","3,267,619,012",528.00,537.00,521.00,537.00,+6.00,"5,453",
113/07/03,"5,359,759","2,898,867,061",539.00,547.00,536.00,544.00,+7.00,"3,993",
113/07/04,"5,211,843","2,840,917,478",549.00,551.00,535.00,550.00,+6.00,"4,248",
113/07/05,"4,625,845","2,539,814,096",551.00,554.00,540.00,554.00,+4.00,"4,584",
113/07/08,"4,258,174","2,341,272,922",554.00,557.00,543.00,553.00,-1.00,"4,131",
113/07/09,"5,968,173","3,369,179,867",551.00,573.00,549.00,573.00,+20.00,"6,992",
113/07/10,"3,734,372","2,120,849,535",574.00,574.00,560.00,570.00,-3.00,"5,526",
113/07/11,"3,018,312","1,742,151,962",570.00,582.00,568.00,581.00,+11.00,"3,998",
113/07/12,"3,067,632","1,762,538,726",578.00,585.00,569.00,571.00,-10.00,"3,866",
113/07/15,"1,164,528","661,373,031",573.00,574.00,564.00,568.00,-3.00,"1,761",
113/07/16,"2,247,711","1,261,306,556",569.00,570.00,557.00,559.00,-9.00,"2,585",
113/07/17,"3,100,061","1,716,682,514",555.00,561.00,543.00,555.00,-4.00,"3,314",
113/07/18,"3,025,412","1,641,899,974",550.00,550.00,538.00,544.00,-11.00,"3,618",
113/07/19,"2,239,485","1,199,208,417",542.00,545.00,532.00,534.00,-10.00,"3,010",
113/07/22,"2,749,949","1,421,623,881",530.00,530.00,508.00,513.00,-21.00,"4,381",
113/07/23,"1,840,665","966,096,153",515.00,532.00,515.00,527.00,+14.00,"2,244",
113/07/26,"2,155,172","1,119,013,274",512.00,524.00,509.00,520.00,-7.00,"2,616",
113/07/29,"2,837,307","1,439,780,479",526.00,529.00,499.50,502.00,-18.00,"4,696",
113/07/30,"3,956,357","1,966,676,989",497.00,505.00,490.00,502.00, 0.00,"4,708",
113/07/31,"4,357,196","2,252,600,148",518.00,528.00,511.00,512.00,+10.00,"4,424",
113/08/01,"2,182,274","1,130,308,191",521.00,526.00,513.00,517.00,+5.00,"2,331",
113/08/02,"2,322,734","1,177,306,155",506.00,519.00,500.00,500.00,-17.00,"3,397",
113/08/05,"3,138,800","1,466,641,835",480.00,481.00,454.00,465.00,-35.00,"4,858",
113/08/06,"2,736,696","1,271,587,890",479.50,480.00,452.00,463.50,-1.50,"3,659",
113/08/07,"2,033,839","990,363,609",475.00,493.00,475.00,489.00,+25.50,"2,676",
113/08/08,"2,564,719","1,255,890,784",487.00,495.00,486.00,487.00,-2.00,"2,831",
113/08/09,"2,045,784","1,027,637,484",498.00,512.00,492.00,499.50,+12.50,"2,553",
113/08/12,"1,164,008","592,667,673",502.00,514.00,502.00,509.00,+9.50,"1,668",
113/08/13,"1,233,659","639,836,549",514.00,523.00,510.00,518.00,+9.00,"1,934",
113/08/14,"2,288,593","1,207,156,804",524.00,532.00,520.00,529.00,+11.00,"2,665",
113/08/15,"1,380,597","719,955,338",530.00,530.00,517.00,517.00,-12.00,"3,199",
113/08/16,"1,944,682","1,028,644,164",526.00,534.00,523.00,526.00,+9.00,"2,411",
113/08/19,"3,541,778","1,940,519,819",526.00,556.00,526.00,550.00,+24.00,"4,374",
113/08/20,"1,588,919","878,370,008",554.00,558.00,546.00,547.00,-3.00,"2,466",
113/08/21,"1,367,706","739,923,272",542.00,548.00,536.00,537.00,-10.00,"3,055",
113/08/22,"1,161,383","632,695,799",537.00,553.00,537.00,545.00,+8.00,"1,623",
113/08/23,"1,563,903","840,945,584",540.00,545.00,533.00,540.00,-5.00,"3,740",
113/08/26,"926,611","499,739,541",544.00,544.00,535.00,537.00,-3.00,"1,392",
113/08/27,"975,279","521,829,989",534.00,541.00,532.00,535.00,-2.00,"1,412",
113/08/28,"920,980","487,512,110",536.00,539.00,524.00,532.00,-3.00,"1,747",
113/08/29,"1,004,243","538,321,484",525.00,542.00,525.00,537.00,+5.00,"1,440",
113/08/30,"2,911,992","1,520,626,718",537.00,543.00,535.00,535.00,-2.00,"1,678",
113/09/02,"2,269,326","1,140,655,112",539.00,544.00,536.00,537.00,+2.00,"1,187",
113/09/03,"2,076,340","1,084,338,332",535.00,542.00,531.00,533.00,-4.00,"1,351",
113/09/04,"2,443,903","1,253,734,117",510.00,522.00,498.50,510.00,-23.00,"3,522",
113/09/05,"3,565,278","1,764,758,578",499.00,502.00,488.50,488.50,X0.00,"5,083",
113/09/06,"2,038,707","1,027,324,290",490.00,510.00,488.50,504.00,+15.50,"2,462",
113/09/09,"1,970,607","976,186,690",493.50,500.00,492.00,495.00,-9.00,"2,667",
113/09/10,"1,754,846","863,923,727",496.00,500.00,486.50,489.00,-6.00,"2,230",
113/09/11,"1,056,932","524,373,234",491.00,501.00,490.00,495.50,+6.50,"1,240",
113/09/12,"1,136,445","577,342,427",510.00,512.00,501.00,509.00,+13.50,"1,641",
113/09/13,"1,288,620","652,175,595",508.00,510.00,500.00,506.00,-3.00,"1,704",
113/09/16,"7,286,730","3,427,170,973",488.50,488.50,462.50,468.00,-38.00,"11,480",
113/09/18,"4,079,319","1,906,501,465",472.00,472.50,463.00,465.00,-3.00,"4,806",
113/09/19,"2,629,145","1,235,136,498",467.00,474.00,463.50,473.00,+8.00,"2,970",
113/09/20,"4,792,118","2,258,635,467",476.00,478.00,468.50,470.00,-3.00,"3,690",
113/09/23,"2,344,615","1,121,794,134",474.50,481.00,471.00,480.50,+10.50,"2,609",
113/09/24,"1,828,580","874,423,314",480.50,482.50,472.00,481.00,+0.50,"2,225",
113/09/25,"3,723,307","1,824,187,379",485.00,494.50,479.00,490.00,+9.00,"3,896",
113/09/26,"3,079,207","1,516,494,785",487.00,495.50,487.00,491.00,+1.00,"4,088",
113/09/27,"2,651,472","1,307,509,100",497.00,497.00,490.00,494.00,+3.00,"2,815",
113/09/30,"2,919,981","1,400,900,108",488.00,489.50,471.00,471.00,-23.00,"3,364",
113/10/01,"2,119,158","1,005,312,911",471.50,479.00,471.00,473.50,+2.50,"2,687",
113/10/04,"3,085,803","1,475,403,057",472.00,484.50,472.00,481.00,+7.50,"3,042",
113/10/07,"2,104,374","1,003,670,604",477.50,483.50,472.50,479.50,-1.50,"2,591",
113/10/08,"2,764,827","1,311,401,453",475.00,479.00,472.00,474.00,-5.50,"2,649",
113/10/09,"2,560,730","1,239,418,328",480.00,492.00,478.50,480.00,+6.00,"2,877",
113/10/11,"1,171,450","567,725,066",480.00,489.00,478.00,483.50,+3.50,"1,762",
113/10/14,"890,833","432,193,018",484.00,489.50,483.00,485.00,+1.50,"1,412",
113/10/15,"1,248,850","610,767,896",488.00,492.00,484.00,489.50,+4.50,"1,567",
113/10/16,"3,126,425","1,492,562,000",479.00,480.00,473.50,477.50,-12.00,"3,298",
113/10/17,"5,501,530","2,578,019,322",475.00,478.00,463.00,467.00,-10.50,"7,480",
113/10/18,"3,346,055","1,567,787,183",473.00,478.00,464.00,465.00,-2.00,"3,460",
113/10/21,"2,692,269","1,276,239,756",470.50,476.00,468.50,476.00,+11.00,"2,524",
113/10/22,"3,372,800","1,619,076,130",477.00,483.00,474.00,481.00,+5.00,"2,608",
113/10/23,"2,711,936","1,289,589,575",478.00,480.50,471.50,473.50,-7.50,"2,980",
113/10/24,"4,349,493","2,107,986,232",480.00,491.00,478.00,483.00,+9.50,"4,133",
113/10/25,"2,084,231","1,018,939,527",485.50,491.00,484.00,489.50,+6.50,"2,399",
113/10/28,"1,311,909","636,203,714",488.50,490.50,481.50,483.00,-6.50,"1,912",
113/10/29,"2,004,515","966,090,751",481.00,486.00,476.50,484.00,+1.00,"2,725",
113/10/30,"1,536,394","740,755,848",487.00,487.50,478.50,478.50,-5.50,"2,230",
113/11/01,"4,431,957","2,106,425,014",453.00,489.00,452.00,486.00,+7.50,"4,213",
113/11/04,"1,902,767","916,364,347",484.50,487.00,474.00,482.50,-3.50,"2,028",
113/11/05,"1,398,132","671,374,459",482.00,484.50,477.00,479.50,-3.00,"1,705",
113/11/06,"2,532,232","1,247,697,602",483.00,498.00,480.00,491.00,+11.50,"2,819",
113/11/07,"1,748,823","862,654,867",485.00,498.50,485.00,495.00,+4.00,"2,132",
113/11/08,"2,061,144","1,032,013,740",494.00,505.00,494.00,500.00,+5.00,"2,666",
113/11/11,"1,228,505","609,180,765",497.00,502.00,492.00,499.00,-1.00,"1,646",
113/11/12,"2,249,202","1,116,782,363",491.50,506.00,490.00,490.00,-9.00,"4,149",
113/11/13,"1,602,858","794,540,314",489.00,499.00,489.00,495.00,+5.00,"1,801",
113/11/14,"2,395,173","1,173,853,243",494.00,495.50,485.00,487.00,-8.00,"2,447",
113/11/15,"1,620,518","797,334,648",488.00,501.00,487.50,488.00,+1.00,"3,364",
113/11/18,"3,182,870","1,579,977,882",489.00,501.00,488.00,497.00,+9.00,"3,435",
113/11/19,"5,145,978","2,596,408,412",499.00,510.00,496.50,503.00,+6.00,"4,414",
113/11/20,"4,203,226","2,099,119,639",502.00,505.00,496.00,496.00,-7.00,"3,331",
113/11/21,"3,760,078","1,887,281,958",494.00,508.00,493.50,500.00,+4.00,"2,992",
113/11/22,"3,819,550","1,876,830,754",506.00,506.00,484.50,484.50,-15.50,"10,436",
113/11/25,"2,644,530","1,297,224,091",490.00,497.00,488.00,488.00,+3.50,"2,084",
113/11/26,"2,025,404","983,083,472",486.00,495.00,481.50,481.50,-6.50,"2,712",
113/11/27,"1,386,215","665,762,595",485.00,485.00,477.50,477.50,-4.00,"1,897",
113/11/28,"2,085,601","986,443,422",480.00,480.00,468.50,471.50,-6.00,"2,700",
113/11/29,"2,105,815","1,002,142,801",472.00,480.50,468.00,476.00,+4.50,"1,893",
113/12/02,"1,564,914","768,254,465",479.50,497.50,479.50,492.00,+16.00,"2,193",
113/12/03,"1,811,608","897,832,946",499.00,504.00,489.00,490.00,-2.00,"3,459",
113/12/04,"2,745,548","1,387,266,670",490.50,511.00,490.50,508.00,+18.00,"3,635",
113/12/05,"1,538,755","790,200,887",508.00,516.00,507.00,513.00,+5.00,"2,436",
113/12/06,"5,624,284","2,972,919,712",519.00,537.00,517.00,524.00,+11.00,"7,248",
113/12/09,"3,681,780","1,938,321,884",528.00,534.00,518.00,519.00,-5.00,"5,069",
113/12/10,"3,187,655","1,668,266,712",520.00,528.00,518.00,521.00,+2.00,"3,620",
113/12/11,"3,796,610","2,004,292,916",516.00,537.00,516.00,527.00,+6.00,"3,771",
113/12/12,"2,890,895","1,527,446,134",527.00,534.00,525.00,525.00,-2.00,"3,413",
113/12/13,"1,909,519","1,014,678,211",522.00,535.00,522.00,534.00,+9.00,"2,517",
113/12/16,"3,172,849","1,702,122,125",530.00,544.00,529.00,533.00,-1.00,"3,774",
113/12/17,"4,703,088","2,568,528,122",537.00,554.00,535.00,545.00,+12.00,"6,278",
113/12/18,"2,267,956","1,229,081,207",539.00,550.00,534.00,548.00,+3.00,"3,194",
113/12/19,"2,658,845","1,421,897,730",539.00,542.00,529.00,535.00,-13.00,"4,607",
113/12/20,"3,115,147","1,663,390,069",532.00,545.00,529.00,529.00,-6.00,"3,096",
113/12/23,"1,516,550","815,611,256",539.00,542.00,535.00,537.00,+8.00,"1,675",
113/12/24,"985,542","525,556,502",541.00,542.00,530.00,532.00,-5.00,"1,500",
113/12/25,"666,315","354,636,214",534.00,535.00,526.00,535.00,+3.00,"1,356",
113/12/26,"1,962,247","1,074,523,400",538.00,553.00,536.00,553.00,+18.00,"2,908",
113/12/27,"1,866,941","1,041,743,763",552.00,565.00,548.00,558.00,+5.00,"2,973",
113/12/30,"3,300,295","1,857,085,769",561.00,568.00,554.00,564.00,+6.00,"4,064",
113/12/31,"5,525,767","3,120,840,377",557.00,568.00,551.00,568.00,+4.00,"4,500",
114/01/02,"4,217,125","2,295,678,831",563.00,564.00,536.00,545.00,-23.00,"16,910",
114/01/03,"2,938,621","1,579,466,270",549.00,552.00,533.00,537.00,-8.00,"6,560",
114/01/06,"2,071,254","1,116,375,051",539.00,545.00,536.00,540.00,+3.00,"2,603",
114/01/07,"2,333,173","1,265,388,788",540.00,547.00,537.00,543.00,+3.00,"2,961",
114/01/08,"2,193,132","1,185,712,631",543.00,547.00,537.00,540.00,-3.00,"2,115",
114/01/09,"3,124,283","1,667,649,033",538.00,543.00,527.00,529.00,-11.00,"3,708",
114/01/10,"1,897,895","1,008,906,749",531.00,541.00,525.00,525.00,-4.00,"2,055",
114/01/13,"2,798,190","1,438,395,733",521.00,525.00,507.00,515.00,-10.00,"4,343",
114/01/14,"1,166,996","604,466,080",515.00,521.00,513.00,519.00,+4.00,"1,953",
114/01/15,"1,592,148","827,347,903",517.00,523.00,513.00,521.00,+2.00,"1,845",
114/01/16,"1,682,907","890,822,826",530.00,537.00,526.00,526.00,+5.00,"1,896",
114/01/17,"2,663,261","1,428,859,747",525.00,544.00,525.00,538.00,+12.00,"2,918",
114/01/20,"1,995,288","1,076,080,235",539.00,546.00,534.00,538.00, 0.00,"2,152",
114/01/21,"1,427,420","772,467,464",534.00,544.00,534.00,540.00,+2.00,"1,692",
114/01/22,"2,081,753","1,129,947,869",540.00,549.00,537.00,542.00,+2.00,"2,242",
114/02/03,"3,239,470","1,710,553,780",532.00,536.00,523.00,529.00,-13.00,"3,706",
114/02/04,"6,709,542","3,787,427,587",536.00,576.00,536.00,569.00,+40.00,"8,505",
114/02/05,"6,304,345","3,634,345,686",578.00,585.00,566.00,566.00,-3.00,"6,108",
114/02/06,"7,191,467","3,910,128,647",555.00,564.00,535.00,539.00,-27.00,"16,090",
114/02/07,"4,053,383","2,232,680,778",543.00,556.00,541.00,553.00,+14.00,"4,574",
114/02/10,"3,577,925","1,974,828,653",552.00,560.00,547.00,557.00,+4.00,"3,235",
114/02/11,"2,316,898","1,290,414,505",559.00,560.00,552.00,559.00,+2.00,"2,854",
114/02/12,"2,362,789","1,324,581,576",560.00,568.00,556.00,557.00,-2.00,"3,168",
114/02/13,"2,936,027","1,626,685,542",557.00,561.00,548.00,555.00,-2.00,"3,667",
114/02/14,"2,500,099","1,370,970,136",555.00,557.00,544.00,548.00,-7.00,"3,305",
114/02/17,"1,575,348","870,090,581",549.00,560.00,548.00,550.00,+2.00,"2,431",
114/02/18,"1,089,745","599,162,602",550.00,552.00,546.00,551.00,+1.00,"1,598",
114/02/19,"2,366,249","1,316,359,084",553.00,563.00,550.00,553.00,+2.00,"2,950",
114/02/20,"1,510,453","839,419,626",554.00,560.00,550.00,555.00,+2.00,"1,899",
114/02/21,"1,821,862","1,022,322,102",560.00,567.00,555.00,566.00,+11.00,"2,576",
114/02/24,"1,887,173","1,064,475,875",561.00,568.00,560.00,568.00,+2.00,"2,577",
114/02/25,"2,189,765","1,232,248,089",564.00,570.00,558.00,560.00,-8.00,"2,693",
114/02/26,"2,553,060","1,422,173,684",559.00,564.00,552.00,562.00,+2.00,"2,918",
114/02/27,"2,315,448","1,284,711,317",563.00,567.00,550.00,550.00,-12.00,"2,613",
114/03/03,"2,077,459","1,147,719,690",556.00,556.00,546.00,555.00,5.00,"2,819",
114/03/04,"4,167,045","2,276,320,662",545.00,553.00,542.00,548.00,-7.00,"5,192",
114/03/05,"2,392,072","1,328,540,605",551.00,562.00,550.00,555.00,7.00,"2,782",
114/03/06,"1,649,257","914,221,081",555.00,557.00,548.00,557.00,2.00,"2,454",
114/03/07,"1,798,844","1,002,158,436",553.00,563.00,552.00,555.00,-2.00,"2,378",
114/03/10,"1,732,798","959,138,856",555.00,559.00,548.00,553.00,-2.00,"2,361",
114/03/11,"4,988,287","2,763,730,869",544.00,562.00,540.00,560.00,7.00,"4,753",
114/03/12,"2,064,319","1,152,316,685",560.00,563.00,553.00,554.00,-6.00,"2,457",
114/03/13,"1,634,324","894,291,815",555.00,557.00,538.00,538.00,-16.00,"2,519",
114/03/14,"2,309,994","1,243,103,165",542.00,544.00,534.00,538.00,0.00,"2,482",
114/03/17,"1,449,134","778,049,377",542.00,544.00,534.00,535.00,-3.00,"2,219",
114/03/18,"1,397,952","761,064,153",538.00,547.00,537.00,547.00,12.00,"1,634",
114/03/19,"1,309,135","711,366,962",547.00,549.00,539.00,541.00,-6.00,"1,766",
114/03/20,"1,633,685","901,091,206",545.00,556.00,544.00,554.00,13.00,"2,015",
114/03/21,"2,491,727","1,391,835,555",550.00,562.00,549.00,560.00,6.00,"3,006",
114/03/24,"1,838,312","1,030,872,995",560.00,567.00,556.00,556.00,-4.00,"2,879",
114/03/25,"2,325,775","1,306,805,833",560.00,567.00,558.00,562.00,6.00,"2,523",
114/03/26,"1,480,735","829,756,606",566.00,566.00,557.00,561.00,-1.00,"3,614",
114/03/27,"1,924,546","1,057,160,408",554.00,556.00,545.00,545.00,-16.00,"3,586",
114/03/28,"1,943,195","1,058,959,486",540.00,550.00,539.00,548.00,3.00,"2,685",
114/03/31,"3,061,733","1,620,977,588",537.00,541.00,523.00,523.00,-25.00,"3,971",
114/04/01,"3,372,774","1,771,250,543",525.00,531.00,521.00,525.00,+2.00,"3,251",
114/04/02,"2,377,298","1,263,952,837",526.00,542.00,526.00,530.00,+5.00,"2,290",
114/04/07,"791,352","377,474,904",477.00,477.00,477.00,477.00,-53.00,"1,485",
114/04/08,"4,986,534","2,230,613,958",439.00,465.00,436.00,450.50,-26.50,"6,364",
114/04/09,"5,246,874","2,337,269,527",442.00,458.50,432.50,440.00,-10.50,"5,928",
114/04/10,"554,558","268,406,072",484.00,484.00,484.00,484.00,+44.00,578,
114/04/11,"3,697,247","1,826,727,361",480.50,513.00,462.00,511.00,+27.00,"4,410",
114/04/14,"3,969,242","2,016,183,230",516.00,517.00,500.00,500.00,-11.00,"4,125",
114/04/15,"2,325,826","1,170,829,318",501.00,507.00,496.50,504.00,+4.00,"2,432",
114/04/16,"2,251,311","1,126,615,741",498.00,508.00,495.00,499.00,-5.00,"2,644",
114/04/17,"2,018,426","1,023,077,923",498.00,515.00,495.00,508.00,+9.00,"2,264",
114/04/18,"1,866,176","939,078,250",513.00,513.00,499.50,505.00,-3.00,"2,196",
114/04/21,"1,138,810","576,700,633",505.00,509.00,499.00,507.00,+2.00,"1,345",
114/04/22,"1,404,030","704,322,582",508.00,510.00,496.00,496.00,-11.00,"1,594",
114/04/23,"1,950,297","1,001,282,799",505.00,517.00,505.00,516.00,+20.00,"2,086",
114/04/24,"1,335,350","680,163,420",516.00,518.00,506.00,506.00,-10.00,"1,550",
114/04/25,"2,644,986","1,394,819,400",518.00,532.00,518.00,525.00,+19.00,"2,626",
114/04/28,"1,068,108","560,973,236",525.00,531.00,519.00,524.00,-1.00,"1,561",
114/04/29,"2,058,791","1,067,882,826",522.00,524.00,514.00,519.00,-5.00,"2,240",
114/04/30,"1,705,962","891,958,277",521.00,527.00,518.00,524.00,+5.00,"1,643",
114/05/02,"3,689,961","1,880,324,617",525.00,528.00,500.00,505.00,-19.00,"6,261",
114/05/05,"3,130,138","1,566,887,688",508.00,508.00,492.00,499.00,-6.00,"3,691",
114/05/06,"2,403,315","1,204,147,687",507.00,507.00,497.00,499.50,+0.50,"2,725",
114/05/07,"2,286,990","1,152,550,829",505.00,511.00,498.50,503.00,+3.50,"2,269",
114/05/08,"1,479,742","750,928,825",504.00,511.00,503.00,509.00,+6.00,"1,437",
114/05/09,"2,064,892","1,060,567,734",511.00,517.00,508.00,513.00,+4.00,"2,396",
114/05/12,"1,235,167","632,127,894",514.00,517.00,509.00,510.00,-3.00,"1,815",
114/05/13,"3,351,847","1,753,881,817",523.00,533.00,518.00,520.00,+10.00,"3,139",
114/05/14,"2,561,141","1,336,194,107",527.00,527.00,519.00,520.00, 0.00,"2,414",
114/05/15,"2,980,374","1,547,118,597",521.00,527.00,516.00,517.00,-3.00,"2,798",
114/05/16,"2,100,391","1,085,697,042",522.00,522.00,513.00,518.00,+1.00,"2,213",
114/05/19,"1,407,642","723,992,889",514.00,519.00,513.00,513.00,-5.00,"1,657",
114/05/20,"2,229,570","1,161,709,931",523.00,526.00,519.00,519.00,+6.00,"2,125",
114/05/21,"1,336,077","698,664,251",525.00,526.00,519.00,525.00,+6.00,"1,597",
114/05/22,"1,636,192","858,895,670",520.00,531.00,518.00,528.00,+3.00,"1,965",
114/05/23,"2,453,934","1,277,452,728",533.00,533.00,517.00,518.00,-10.00,"2,438",
114/05/26,"3,060,261","1,613,080,258",520.00,531.00,518.00,530.00,+12.00,"2,850",
114/05/27,"3,000,033","1,566,278,043",525.00,529.00,519.00,521.00,-9.00,"2,708",
114/05/28,"4,204,836","2,251,141,244",531.00,540.00,528.00,539.00,+18.00,"4,491",
114/05/29,"4,677,755","2,529,339,486",545.00,546.00,532.00,541.00,+2.00,"3,370",
114/06/02,"2,469,412","1,304,910,740",541.00,543.00,522.00,525.00,-16.00,"3,165",
114/06/03,"3,297,509","1,764,935,804",526.00,543.00,523.00,543.00,+18.00,"2,705",
114/06/04,"3,099,483","1,669,533,925",536.00,542.00,534.00,541.00,-2.00,"3,255",
114/06/05,"2,824,885","1,541,493,750",540.00,552.00,539.00,546.00,+5.00,"2,864",
114/06/06,"1,881,925","1,015,835,267",548.00,548.00,536.00,543.00,-3.00,"2,219",
114/06/09,"1,613,178","884,862,935",545.00,552.00,542.00,550.00,+7.00,"2,235",
114/06/10,"1,519,764","843,239,690",553.00,557.00,548.00,555.00,+5.00,"2,096",
114/06/11,"1,164,149","651,729,863",557.00,563.00,555.00,562.00,+7.00,"1,912",
114/06/12,"1,570,174","871,661,025",561.00,561.00,551.00,555.00,-7.00,"1,962",
114/06/13,"1,637,642","899,267,040",549.00,553.00,546.00,550.00,-5.00,"2,462",
114/06/16,"1,373,889","752,080,364",544.00,552.00,543.00,550.00, 0.00,"2,449",
114/06/17,"1,947,150","1,081,986,578",555.00,560.00,552.00,557.00,+7.00,"2,190",
114/06/18,"2,031,144","1,119,460,962",551.00,557.00,547.00,553.00,-4.00,"2,404",
114/06/19,"5,713,324","3,245,224,638",580.00,590.00,553.00,556.00,+3.00,"6,203",
114/06/20,"3,733,188","2,050,288,890",549.00,556.00,544.00,550.00,-6.00,"4,464",
114/06/23,"2,685,103","1,461,919,276",542.00,549.00,539.00,545.00,-5.00,"2,700",
114/06/24,"2,436,003","1,350,998,293",555.00,561.00,551.00,551.00,+6.00,"2,310",
114/06/25,"2,029,259","1,137,219,733",556.00,564.00,556.00,559.00,+8.00,"2,169",
114/06/26,"2,276,744","1,277,854,015",557.00,566.00,555.00,560.00,+1.00,"2,263",
114/06/27,"1,382,676","780,927,077",556.00,568.00,556.00,564.00,+4.00,"1,951",
114/06/30,"1,224,752","694,142,548",564.00,569.00,561.00,567.00,+3.00,"1,476",
114/07/01,"1,794,091","1,007,182,583",567.00,569.00,558.00,561.00,-6.00,"2,897",
114/07/02,"2,862,095","1,643,791,168",561.00,580.00,560.00,578.00,+17.00,"3,813",
114/07/03,"1,819,011","1,048,039,071",580.00,583.00,570.00,575.00,-3.00,"2,476",
114/07/04,"3,285,691","1,904,681,982",577.00,582.00,570.00,582.00,+7.00,"3,722",
114/07/07,"1,495,397","852,926,832",581.00,581.00,566.00,569.00,-13.00,"2,673",
114/07/08,"1,558,930","877,966,740",572.00,573.00,557.00,562.00,-7.00,"2,986",
114/07/09,"1,573,706","899,081,800",560.00,575.00,560.00,574.00,+12.00,"1,997",
114/07/10,"1,580,132","911,702,746",571.00,579.00,570.00,577.00,+3.00,"1,795",
114/07/11,"1,642,910","951,097,077",578.00,581.00,576.00,578.00,+1.00,"1,615",
114/07/14,"1,382,347","800,827,818",582.00,582.00,576.00,580.00,+2.00,"1,577",
114/07/15,"1,091,380","627,307,980",577.00,579.00,573.00,573.00,-7.00,"1,817",
114/07/16,"1,929,335","1,120,698,513",573.00,584.00,572.00,581.00,+8.00,"2,558",
114/07/17,"1,248,300","727,352,323",581.00,585.00,579.00,584.00,+3.00,"1,592",
114/07/18,"1,579,748","922,842,600",585.00,587.00,581.00,585.00,+1.00,"1,873",
114/07/21,"1,532,692","885,642,188",584.00,585.00,574.00,577.00,-8.00,"2,328",
114/07/22,"2,400,798","1,404,099,154",580.00,591.00,579.00,582.00,+5.00,"2,988",
114/07/23,"2,045,376","1,184,955,642",588.00,593.00,573.00,575.00,-7.00,"2,946",
114/07/24,"838,318","481,075,383",577.00,579.00,570.00,572.00,-3.00,"1,296",
114/07/25,"1,140,569","653,565,140",572.00,578.00,567.00,572.00, 0.00,"1,503",
114/07/28,"788,767","453,602,970",578.00,578.00,570.00,576.00,+4.00,"1,211",
114/07/29,"1,384,378","797,185,806",576.00,581.00,571.00,576.00, 0.00,"1,566",
114/07/30,"976,767","561,974,762",576.00,579.00,570.00,577.00,+1.00,"1,291",
114/07/31,"1,275,326","733,776,808",573.00,580.00,570.00,575.00,-2.00,"1,633",
114/08/01,"4,337,447","2,412,002,696",563.00,565.00,550.00,550.00,-25.00,"7,450",
114/08/04,"2,785,329","1,509,332,413",537.00,552.00,524.00,545.00,-5.00,"3,404",
114/08/05,"3,263,839","1,823,124,242",552.00,562.00,548.00,559.00,+14.00,"3,401",
114/08/06,"3,445,707","1,872,695,119",559.00,559.00,537.00,537.00,-22.00,"5,620",
114/08/07,"2,761,031","1,493,240,623",539.00,547.00,535.00,536.00,-1.00,"3,304",
114/08/08,"2,597,149","1,396,959,007",534.00,544.00,534.00,539.00,+3.00,"3,178",
114/08/11,"1,435,322","766,507,243",539.00,539.00,532.00,533.00,-6.00,"2,715",
114/08/12,"3,428,998","1,826,413,576",533.00,538.00,526.00,531.00,-2.00,"3,248",
114/08/13,"3,125,291","1,669,297,037",528.00,538.00,528.00,535.00,+4.00,"3,127",
114/08/14,"3,686,375","2,002,753,066",538.00,547.00,535.00,543.00,+8.00,"3,260",
114/08/15,"1,955,520","1,051,602,607",540.00,542.00,534.00,540.00,-3.00,"2,382",
114/08/18,"2,203,376","1,189,750,554",537.00,543.00,536.00,540.00, 0.00,"2,262",
114/08/19,"2,368,183","1,270,730,646",537.00,541.00,532.00,532.00,-8.00,"2,832",
114/08/20,"3,291,695","1,726,946,996",530.00,534.00,521.00,522.00,-10.00,"5,041",
114/08/21,"2,391,256","1,258,718,435",526.00,531.00,523.00,525.00,+3.00,"2,560",
114/08/22,"1,630,717","854,173,120",524.00,529.00,521.00,523.00,-2.00,"2,206",
114/08/25,"1,040,155","555,705,542",530.00,538.00,530.00,534.00,+11.00,"1,645",
114/08/26,"4,176,066","2,264,610,173",532.00,546.00,531.00,544.00,+10.00,"2,711",
114/08/27,"2,180,905","1,185,945,279",542.00,548.00,539.00,545.00,+1.00,"2,334",
114/08/28,"2,736,565","1,498,850,875",545.00,552.00,544.00,545.00, 0.00,"2,819",
114/08/29,"2,622,935","1,415,681,742",546.00,551.00,534.00,534.00,-11.00,"4,482",
114/09/01,"2,072,836","1,119,277,475",539.00,545.00,534.00,542.00,+8.00,"2,285",
114/09/02,"1,933,179","1,057,820,162",546.00,550.00,540.00,547.00,+5.00,"2,335",
114/09/03,"942,487","512,417,846",550.00,550.00,542.00,542.00,-5.00,"2,626",
114/09/04,"2,798,312","1,493,542,161",528.00,545.00,528.00,532.00,-10.00,"3,434",
114/09/05,"2,527,246","1,360,486,487",540.00,541.00,532.00,539.00,+7.00,"2,057",
114/09/08,"3,414,109","1,863,903,615",542.00,549.00,541.00,545.00,+6.00,"2,825",
114/09/09,"3,329,942","1,796,439,928",545.00,547.00,536.00,540.00,-5.00,"4,239",
114/09/10,"7,966,234","4,058,387,788",500.00,517.00,498.00,510.00,X0.00,"6,685",
114/09/11,"3,890,986","2,045,958,697",515.00,533.00,511.00,525.00,+15.00,"4,723",
114/09/12,"2,151,687","1,131,244,184",520.00,530.00,520.00,526.00,+1.00,"2,308",
114/09/15,"1,524,388","802,890,909",521.00,530.00,521.00,526.00, 0.00,"1,915",
114/09/16,"2,917,922","1,579,688,982",530.00,544.00,530.00,544.00,+18.00,"3,769",
114/09/17,"1,511,108","817,211,046",545.00,546.00,536.00,542.00,-2.00,"1,989",
114/09/18,"1,613,990","874,432,112",542.00,545.00,539.00,543.00,+1.00,"2,507",
114/09/19,"2,493,576","1,356,693,187",544.00,546.00,540.00,544.00,+1.00,"2,040",
114/09/22,"2,072,365","1,124,588,199",548.00,548.00,539.00,543.00,-1.00,"1,987",
114/09/23,"1,636,573","887,052,577",542.00,546.00,540.00,540.00,-3.00,"2,188",
114/09/24,"2,847,576","1,563,891,951",549.00,557.00,545.00,546.00,+6.00,"3,543",
114/09/25,"2,090,351","1,133,312,984",549.00,550.00,540.00,540.00,-6.00,"2,245",
114/09/26,"1,262,678","679,661,927",545.00,547.00,534.00,539.00,-1.00,"3,004",
114/09/30,"3,615,398","1,980,229,086",549.00,555.00,540.00,550.00,+11.00,"3,737",
114/10/01,"3,608,202","1,911,544,688",548.00,548.00,522.00,522.00,-28.00,"6,437",
114/10/02,"1,406,993","740,313,450",522.00,531.00,522.00,527.00,+5.00,"1,817",
114/10/03,"1,236,915","660,333,585",536.00,538.00,532.00,532.00,+5.00,"1,607",
114/10/07,"1,736,253","945,471,191",535.00,549.00,534.00,546.00,+14.00,"2,631",
114/10/08,"2,199,333","1,209,475,135",548.00,552.00,544.00,549.00,+3.00,"2,548",
114/10/09,"1,834,472","1,020,775,683",554.00,563.00,552.00,555.00,+6.00,"2,433",
114/10/13,"2,939,650","1,606,809,784",549.00,552.00,542.00,544.00,-11.00,"3,626",
114/10/14,"2,447,876","1,345,780,000",557.00,563.00,541.00,541.00,-3.00,"3,364",
114/10/15,"3,453,147","1,833,436,437",542.00,542.00,526.00,530.00,-11.00,"4,470",
114/10/16,"1,483,463","793,142,900",536.00,539.00,532.00,535.00,+5.00,"1,908",
114/10/17,"1,425,434","763,387,267",539.00,540.00,532.00,533.00,-2.00,"2,545",
114/10/20,"1,754,783","934,088,188",540.00,541.00,529.00,531.00,-2.00,"2,556",
114/10/21,"964,766","518,205,056",540.00,542.00,535.00,537.00,+6.00,"1,328",
114/10/22,"899,653","485,155,225",542.00,542.00,537.00,540.00,+3.00,"1,247",
114/10/23,"952,795","508,534,036",535.00,538.00,532.00,533.00,-7.00,"1,363",
114/10/27,"2,435,101","1,287,102,485",541.00,542.00,523.00,525.00,-8.00,"5,203",
114/10/28,"3,024,258","1,567,292,918",526.00,528.00,512.00,517.00,-8.00,"4,949",
114/10/29,"2,083,586","1,086,315,946",528.00,529.00,516.00,516.00,-1.00,"2,766",
114/10/30,"1,997,636","1,022,982,422",516.00,516.00,509.00,512.00,-4.00,"4,127",
114/10/31,"2,345,617","1,208,756,996",519.00,521.00,508.00,515.00,+3.00,"2,819",
114/11/03,"2,307,885","1,165,881,672",511.00,513.00,500.00,500.00,-15.00,"5,827",
114/11/04,"2,846,003","1,446,696,049",507.00,514.00,502.00,506.00,+6.00,"3,240",
114/11/05,"2,193,145","1,098,722,431",507.00,507.00,497.00,503.00,-3.00,"3,624",
114/11/06,"1,243,311","627,362,730",506.00,507.00,501.00,505.00,+2.00,"1,822",
114/11/07,"1,805,578","913,856,594",503.00,510.00,498.50,506.00,+1.00,"2,029",
114/11/10,"1,661,425","839,763,492",513.00,513.00,502.00,502.00,-4.00,"1,921",
114/11/11,"2,105,303","1,059,362,099",505.00,509.00,498.50,501.00,-1.00,"2,932",
114/11/12,"1,592,645","791,852,775",497.00,501.00,495.00,496.50,-4.50,"3,115",
114/11/13,"1,822,982","904,273,588",491.00,499.50,486.50,496.00,-0.50,"2,450",
114/11/14,"2,747,258","1,386,575,313",497.00,510.00,495.00,503.00,+7.00,"2,863",
114/11/17,"1,970,144","984,846,294",501.00,505.00,497.50,497.50,-5.50,"2,333",
114/11/18,"2,614,224","1,291,944,309",497.50,499.50,490.00,493.50,-4.00,"3,446",
114/11/19,"2,191,725","1,071,809,507",498.50,498.50,485.00,488.50,-5.00,"3,086",
114/11/20,"1,688,148","834,490,954",494.00,497.50,490.00,496.50,+8.00,"1,981",
114/11/21,"2,331,094","1,157,597,209",495.00,501.00,490.00,498.00,+1.50,"2,461",
114/11/24,"5,880,161","2,967,106,647",515.00,516.00,494.00,508.00,+10.00,"3,796",
114/11/25,"2,225,215","1,132,728,738",506.00,513.00,503.00,511.00,+3.00,"2,461",
114/11/26,"2,559,954","1,323,963,155",508.00,522.00,508.00,521.00,+10.00,"2,907",
114/11/27,"2,068,044","1,069,040,495",524.00,524.00,512.00,521.00, 0.00,"2,463",
114/11/28,"1,347,844","703,102,918",522.00,524.00,518.00,521.00, 0.00,"1,578",
114/12/01,"2,152,828","1,137,252,211",526.00,533.00,522.00,533.00,+12.00,"2,842",
114/12/02,"2,355,424","1,265,929,065",532.00,542.00,527.00,542.00,+9.00,"3,824",
114/12/03,"1,775,265","956,564,695",542.00,544.00,536.00,538.00,-4.00,"2,237",
114/12/04,"1,258,543","669,833,707",537.00,541.00,529.00,533.00,-5.00,"1,901",
114/12/05,"1,214,118","642,925,152",529.00,533.00,524.00,533.00, 0.00,"1,736",
114/12/08,"1,962,961","1,044,151,437",534.00,537.00,529.00,533.00, 0.00,"1,294",
114/12/09,"1,135,253","604,713,257",535.00,535.00,528.00,534.00,+1.00,"1,220",
114/12/10,"1,427,025","766,984,716",536.00,540.00,533.00,539.00,+5.00,"1,795",
114/12/11,"1,271,792","677,139,239",542.00,543.00,528.00,532.00,-7.00,"1,819",
114/12/12,"944,446","498,633,202",536.00,537.00,525.00,528.00,-4.00,"1,394",
114/12/15,"1,542,129","810,567,447",523.00,528.00,520.00,527.00,-1.00,"1,640",
114/12/16,"1,876,585","967,695,116",521.00,523.00,510.00,514.00,-13.00,"3,503",
114/12/17,"2,352,391","1,209,558,203",516.00,519.00,510.00,514.00, 0.00,"2,262",
114/12/18,"2,076,057","1,057,353,514",513.00,516.00,505.00,507.00,-7.00,"2,290",
114/12/19,"3,309,050","1,651,888,154",507.00,508.00,497.00,497.00,-10.00,"4,382",
114/12/22,"1,936,679","957,789,229",500.00,501.00,492.00,492.00,-5.00,"3,834",
114/12/23,"1,678,421","820,979,255",494.00,496.50,487.00,488.00,-4.00,"3,682",
114/12/24,"1,990,359","976,553,855",500.00,500.00,487.50,490.50,+2.50,"2,460",
114/12/26,"1,557,219","758,137,008",492.00,492.00,485.50,485.50,-5.00,"3,501",
114/12/29,"27,340,800","13,911,414,427",486.00,488.50,482.50,484.00,-1.50,"3,653",
114/12/30,"1,027,999","495,470,185",485.50,485.50,480.00,481.00,-3.00,"2,321",
114/12/31,"1,206,212","588,659,161",484.50,490.00,483.00,489.00,+8.00,"2,020",
115/01/02,"3,520,743","1,728,897,113",494.50,497.00,487.50,487.50,-1.50,"4,046",
115/01/05,"2,449,446","1,209,142,428",496.00,497.00,488.50,493.50,+6.00,"3,053",
115/01/06,"2,859,916","1,453,615,474",500.00,515.00,494.50,512.00,+18.50,"4,337",
115/01/07,"2,930,914","1,542,823,734",523.00,530.00,518.00,530.00,+18.00,"4,184",
115/01/08,"2,753,494","1,456,311,822",532.00,532.00,525.00,529.00,-1.00,"3,491",
115/01/09,"2,961,614","1,516,064,679",525.00,525.00,507.00,510.00,-19.00,"5,401",
115/01/12,"4,499,719","2,416,416,257",513.00,558.00,513.00,539.00,+29.00,"6,107",
115/01/13,"16,568,587","9,699,273,064",592.00,592.00,567.00,576.00,+37.00,"27,447",
115/01/14,"9,230,892","4,948,635,271",564.00,564.00,525.00,532.00,-44.00,"16,495",
115/01/15,"6,555,682","3,373,917,299",534.00,534.00,505.00,513.00,-19.00,"13,680",
115/01/16,"3,355,061","1,707,849,808",519.00,519.00,506.00,509.00,-4.00,"6,629",
115/01/19,"3,766,567","1,933,322,534",509.00,522.00,501.00,515.00,+6.00,"5,662",
115/01/20,"2,453,715","1,269,942,862",515.00,524.00,514.00,517.00,+2.00,"3,865",
115/01/21,"2,815,980","1,423,774,015",513.00,514.00,502.00,502.00,-15.00,"6,542",
115/01/22,"1,851,722","947,750,212",510.00,515.00,509.00,513.00,+11.00,"3,097",
115/01/23,"3,083,885","1,572,810,828",513.00,519.00,506.00,507.00,-6.00,"4,595",
115/01/26,"2,713,281","1,393,146,703",502.00,519.00,501.00,517.00,+10.00,"4,049",
115/01/27,"3,537,339","1,862,981,128",523.00,532.00,518.00,530.00,+13.00,"5,972",
115/01/28,"2,791,664","1,462,036,899",531.00,535.00,518.00,525.00,-5.00,"5,009",
115/01/29,"7,826,934","3,904,310,761",484.00,518.00,483.00,511.00,-14.00,"12,071",
115/01/30,"6,750,708","3,301,908,720",500.00,502.00,483.50,483.50,-27.50,"13,433",
115/02/02,"3,327,256","1,581,303,474",483.50,487.50,470.00,475.00,-8.50,"7,849",
115/02/03,"3,426,020","1,667,595,417",482.00,492.50,479.50,487.00,+12.00,"4,610",
115/02/04,"4,339,419","2,075,954,520",485.00,486.00,475.50,476.00,-11.00,"7,192",
115/02/05,"5,453,586","2,551,301,811",475.00,476.00,463.00,463.00,-13.00,"10,378",
115/02/06,"3,966,758","1,856,313,484",459.50,474.50,457.00,472.50,+9.50,"5,926",
115/02/09,"2,894,912","1,368,501,908",480.00,482.00,468.00,470.50,-2.00,"4,849",
115/02/10,"1,774,861","845,926,501",470.50,480.00,470.50,478.50,+8.00,"3,144",
115/02/11,"2,457,613","1,168,274,378",478.50,478.50,472.00,476.00,-2.50,"4,303",
115/02/23,"5,599,110","2,668,712,040",498.00,498.00,469.00,476.00, 0.00,"7,116",
115/02/24,"3,208,382","1,528,617,068",475.00,480.00,473.00,475.00,-1.00,"4,540",
115/02/25,"2,841,614","1,352,619,903",476.00,481.50,474.00,474.50,-0.50,"4,277",
115/02/26,"5,131,490","2,463,219,829",475.00,482.00,475.00,481.50,+7.00,"4,936",
115/03/02,"3,127,399","1,490,921,262",481.50,481.50,472.00,477.50,-4.00,"5,070",
115/03/03,"3,391,359","1,586,261,890",474.00,476.00,463.00,463.00,-14.50,"8,958",
115/03/04,"4,367,096","1,961,483,810",454.50,456.00,445.00,445.00,-18.00,"8,961",
115/03/05,"4,408,071","2,011,797,044",452.00,462.00,452.00,456.00,+11.00,"4,839",
115/03/06,"1,814,129","837,704,814",456.00,465.00,453.00,463.00,+7.00,"3,111",
115/03/09,"6,138,560","2,849,815,745",438.00,484.00,438.00,484.00,+21.00,"7,482",
115/03/10,"5,511,012","2,544,442,571",471.00,473.50,453.50,460.00,-24.00,"10,014",
115/03/11,"4,154,749","1,965,667,837",460.00,477.50,459.00,474.00,+14.00,"5,302",
115/03/12,"3,140,319","1,481,358,088",469.00,479.00,466.50,473.00,-1.00,"4,455",
115/03/13,"1,682,064","790,670,151",467.00,472.50,466.00,470.00,-3.00,"2,895",
115/03/16,"2,296,741","1,095,919,626",477.50,480.00,472.50,480.00,+10.00,"3,388",
115/03/17,"2,441,673","1,174,041,615",480.00,485.00,478.50,480.00, 0.00,"3,364",
115/03/18,"2,620,087","1,261,552,094",485.00,485.00,476.50,482.00,+2.00,"3,625",
115/03/19,"2,813,149","1,341,386,124",481.50,483.00,473.00,476.50,-5.50,"4,243",
115/03/20,"14,309,205","6,856,392,032",473.50,481.50,472.50,479.50,+3.00,"3,714",
115/03/23,"3,350,896","1,583,600,965",474.00,478.50,469.00,469.50,-10.00,"4,397",
115/03/24,"1,968,864","946,144,437",479.50,484.00,474.50,480.50,+11.00,"3,490",
115/03/25,"3,044,737","1,485,066,642",488.50,490.50,480.50,489.00,+8.50,"6,280",
115/03/26,"2,012,020","987,170,091",488.50,495.00,485.00,489.00, 0.00,"5,134",
115/03/27,"2,943,195","1,448,861,298",490.00,498.00,485.50,494.50,+5.50,"4,173",
115/03/30,"2,807,371","1,370,145,072",488.00,492.50,481.00,488.00,-6.50,"4,333",
115/03/31,"4,170,971","2,006,737,416",481.00,489.50,478.00,478.00,-10.00,"4,098",
115/04/01,"2,540,042","1,232,101,533",491.50,491.50,480.50,484.50,+6.50,"3,182",
115/04/02,"2,417,055","1,180,471,417",488.00,493.00,484.50,488.00,+3.50,"2,971",
115/04/07,"2,522,654","1,257,332,899",493.00,503.00,490.50,499.00,+11.00,"3,966",
115/04/08,"2,766,136","1,397,996,153",510.00,510.00,501.00,505.00,+6.00,"4,031",
115/04/09,"3,005,180","1,527,700,177",506.00,512.00,502.00,512.00,+7.00,"3,805",
115/04/10,"2,424,667","1,234,380,815",510.00,516.00,506.00,508.00,-4.00,"3,467",
115/04/13,"3,844,236","1,988,429,884",510.00,525.00,500.00,525.00,+17.00,"5,869",
115/04/14,"2,925,406","1,528,555,642",514.00,527.00,514.00,524.00,-1.00,"4,064",
115/04/15,"3,760,306","1,976,005,645",527.00,530.00,522.00,525.00,+1.00,"3,463",
115/04/16,"5,860,577","3,136,384,973",535.00,540.00,530.00,540.00,+15.00,"6,422",
115/04/17,"3,344,687","1,779,963,419",531.00,538.00,528.00,531.00,-9.00,"3,860",
115/04/20,"4,706,506","2,534,250,526",539.00,544.00,534.00,538.00,+7.00,"4,754",
115/04/21,"4,524,013","2,496,361,571",538.00,560.00,538.00,551.00,+13.00,"6,483",
115/04/22,"4,284,435","2,408,279,588",549.00,567.00,549.00,567.00,+16.00,"5,760",
115/04/23,"6,629,583","3,625,321,571",569.00,575.00,535.00,542.00,-25.00,"10,898",
115/04/24,"3,724,010","1,997,888,130",542.00,544.00,530.00,539.00,-3.00,"5,267",
115/04/27,"3,030,589","1,666,555,865",545.00,558.00,537.00,555.00,+16.00,"4,857",
115/04/28,"2,444,972","1,366,865,353",563.00,564.00,554.00,561.00,+6.00,"3,409",
115/04/29,"2,689,814","1,485,195,196",561.00,561.00,541.00,551.00,-10.00,"3,841",
115/04/30,"2,851,421","1,548,143,614",545.00,556.00,535.00,537.00,-14.00,"3,981",
115/05/04,"5,112,509","2,707,871,922",535.00,548.00,524.00,528.00,-9.00,"8,284",
115/05/05,"2,853,367","1,514,056,147",528.00,534.00,526.00,533.00,+5.00,"3,375",
115/05/06,"4,251,080","2,299,285,950",543.00,548.00,533.00,544.00,+11.00,"5,161",
115/05/07,"3,701,667","2,002,674,252",550.00,551.00,535.00,539.00,-5.00,"5,119",
115/05/08,"9,246,415","5,419,185,809",555.00,592.00,551.00,592.00,+53.00,"12,706",
115/05/11,"9,832,375","5,847,090,368",615.00,615.00,581.00,584.00,-8.00,"12,866",
115/05/12,"6,324,608","3,563,729,423",581.00,583.00,555.00,555.00,-29.00,"11,105",
115/05/13,"3,959,939","2,173,294,270",555.00,563.00,539.00,552.00,-3.00,"6,004",
115/05/14,"3,289,468","1,872,749,477",559.00,577.00,556.00,574.00,+22.00,"5,732",
115/05/15,"7,152,480","3,920,043,643",577.00,583.00,536.00,536.00,-38.00,"9,335",
115/05/18,"4,398,430","2,422,641,537",546.00,563.00,536.00,560.00,+24.00,"5,775",
115/05/19,"5,177,793","2,920,630,908",565.00,583.00,552.00,555.00,-5.00,"7,271",
115/05/20,"3,379,227","1,910,516,481",564.00,572.00,556.00,567.00,+12.00,"4,439",
115/05/21,"2,995,695","1,731,128,266",579.00,582.00,571.00,575.00,+8.00,"4,745",
115/05/22,"3,741,508","2,143,001,147",574.00,578.00,566.00,578.00,+3.00,"5,421",
