日期,成交股數,成交金額,開盤價,最高價,最低價,收盤價,漲跌價差,成交筆數,註記
109/01/02,"8,367,940","1,145,220,734",138.50,140.00,134.50,137.50,+0.50,"5,077",
109/01/03,"8,104,843","1,090,645,619",138.50,139.00,131.00,133.00,-4.50,"5,037",
109/01/06,"4,783,341","632,346,012",132.50,134.00,130.00,132.00,-1.00,"2,669",
109/01/07,"6,375,215","830,963,338",133.50,134.50,128.00,129.50,-2.50,"3,675",
109/01/08,"4,217,512","540,349,536",128.00,130.00,127.00,127.00,-2.50,"2,561",
109/01/09,"6,373,682","835,636,178",129.00,133.00,129.00,131.00,+4.00,"3,653",
109/01/10,"3,293,758","426,396,040",131.00,131.50,128.50,129.00,-2.00,"2,113",
109/01/13,"6,990,704","929,021,540",130.50,134.50,129.50,134.50,+5.50,"4,151",
109/01/14,"7,607,648","1,030,102,128",135.00,136.50,133.00,136.00,+1.50,"4,679",
109/01/15,"5,096,045","681,783,485",136.00,136.50,132.00,132.00,-4.00,"3,262",
109/01/16,"2,774,448","370,459,750",132.00,135.00,132.00,134.50,+2.50,"1,747",
109/01/17,"4,396,778","593,274,916",135.00,136.00,133.00,135.50,+1.00,"2,670",
109/01/20,"3,721,947","505,488,292",135.50,136.50,134.50,136.00,+0.50,"2,166",
109/01/30,"6,277,961","771,210,218",123.00,124.00,122.50,122.50,-13.50,"3,476",
109/01/31,"12,939,066","1,513,742,680",122.50,122.50,113.50,115.50,-7.00,"7,473",
109/02/03,"11,557,952","1,273,739,000",110.00,114.00,105.50,112.00,-3.50,"5,878",
109/02/04,"9,057,681","1,064,512,720",114.50,120.00,114.00,119.50,+7.50,"4,817",
109/02/05,"6,531,760","773,451,200",119.00,120.50,116.00,118.50,-1.00,"4,321",
109/02/06,"4,681,368","564,066,396",119.50,121.50,119.00,121.00,+2.50,"2,721",
109/02/07,"3,789,578","449,028,990",119.00,120.00,117.50,117.50,-3.50,"2,067",
109/02/10,"5,942,730","696,462,640",114.50,120.50,112.50,117.50, 0.00,"4,346",
109/02/11,"3,580,933","430,441,353",119.00,121.50,119.00,120.50,+3.00,"2,298",
109/02/12,"9,581,915","1,205,483,705",121.50,128.50,121.00,127.50,+7.00,"5,986",
109/02/13,"5,074,284","648,229,568",127.50,130.00,126.50,127.50, 0.00,"3,471",
109/02/14,"2,714,321","348,043,088",127.00,129.50,127.00,128.50,+1.00,"2,032",
109/02/17,"5,834,318","748,294,179",127.50,131.00,126.50,128.50, 0.00,"4,092",
109/02/18,"3,250,071","417,061,588",128.50,129.50,127.00,128.50, 0.00,"2,180",
109/02/19,"3,748,066","478,542,409",128.00,129.00,126.50,127.50,-1.00,"2,275",
109/02/20,"3,609,946","466,108,114",128.50,131.00,127.50,127.50, 0.00,"2,349",
109/02/21,"3,930,191","496,162,967",127.50,129.00,125.00,125.50,-2.00,"2,824",
109/02/24,"2,963,612","372,785,415",124.00,127.00,123.50,126.50,+1.00,"1,848",
109/02/25,"2,196,649","277,312,923",125.00,128.00,124.00,127.00,+0.50,"1,388",
109/02/26,"3,348,010","427,930,290",126.00,129.50,126.00,128.00,+1.00,"2,318",
109/02/27,"4,999,111","616,368,320",128.50,129.50,119.00,120.00,-8.00,"3,428",
109/03/02,"4,517,923","535,802,293",116.00,121.00,114.50,119.00,-1.00,"2,656",
109/03/03,"4,175,094","519,062,562",122.50,126.50,122.00,123.50,+4.50,"2,639",
109/03/04,"2,436,143","298,185,515",122.50,124.00,121.00,122.50,-1.00,"1,459",
109/03/05,"3,943,980","487,796,000",124.00,125.00,122.50,123.50,+1.00,"2,272",
109/03/06,"4,627,930","579,947,750",123.50,127.00,123.00,125.50,+2.00,"2,765",
109/03/09,"5,429,262","657,856,178",124.50,125.00,119.00,119.00,-6.50,"3,494",
109/03/10,"5,838,244","718,165,000",118.50,126.00,118.00,125.50,+6.50,"3,834",
109/03/11,"4,266,570","535,095,528",126.00,126.50,124.50,125.50, 0.00,"2,654",
109/03/12,"9,787,521","1,142,571,211",123.00,123.50,113.50,115.50,-10.00,"6,208",
109/03/13,"8,928,214","940,858,040",106.00,109.00,104.00,109.00,-6.50,"4,648",
109/03/16,"4,064,281","436,792,724",108.50,110.50,104.50,104.50,-4.50,"2,568",
109/03/17,"5,420,656","552,891,000",97.20,106.00,97.20,101.00,-3.50,"3,149",
109/03/18,"5,210,896","537,576,556",101.50,105.50,100.00,100.00,-1.00,"3,359",
109/03/19,"6,533,924","609,594,060",98.50,99.70,90.00,90.00,-10.00,"3,994",
109/03/20,"6,004,631","582,638,214",94.20,99.00,94.20,97.50,+7.50,"4,293",
109/03/23,"4,607,605","433,632,865",94.10,96.80,92.10,92.60,-4.90,"3,087",
109/03/24,"4,123,210","406,711,804",96.40,101.00,96.40,99.60,+7.00,"2,986",
109/03/25,"6,758,081","714,772,535",105.00,107.50,104.00,105.50,+5.90,"4,683",
109/03/26,"4,038,227","426,520,789",105.50,107.00,103.00,106.50,+1.00,"2,847",
109/03/27,"4,163,073","450,044,165",109.00,110.50,105.00,105.50,-1.00,"2,934",
109/03/30,"2,513,482","265,819,777",103.50,108.00,102.50,108.00,+2.50,"1,771",
109/03/31,"3,610,218","389,535,044",109.50,111.00,106.00,106.00,-2.00,"2,392",
109/04/01,"2,431,935","258,505,480",105.50,107.50,105.00,107.00,+1.00,"1,798",
109/04/06,"8,531,372","947,977,280",110.00,114.50,109.00,114.00,+7.00,"5,354",
109/04/07,"5,735,915","666,609,640",116.00,118.00,114.50,116.00,+2.00,"3,785",
109/04/08,"4,690,799","548,279,376",116.50,118.50,115.50,117.00,+1.00,"3,064",
109/04/09,"2,892,716","336,656,840",118.00,118.50,115.00,115.00,-2.00,"2,094",
109/04/10,"2,271,235","263,909,495",115.50,117.00,115.00,117.00,+2.00,"1,347",
109/04/13,"2,455,029","289,039,393",117.50,119.00,116.00,117.00, 0.00,"1,678",
109/04/14,"2,777,063","332,558,560",118.50,120.50,118.00,120.00,+3.00,"2,044",
109/04/15,"4,864,053","599,077,487",122.50,124.50,121.00,123.00,+3.00,"3,392",
109/04/16,"4,667,841","576,362,284",121.50,125.00,121.00,123.50,+0.50,"2,971",
109/04/17,"4,716,019","586,349,337",125.50,126.50,122.00,123.00,-0.50,"3,304",
109/04/20,"2,576,982","318,788,268",123.00,125.00,121.00,124.50,+1.50,"1,782",
109/04/21,"3,278,027","403,484,252",123.50,125.50,121.00,121.00,-3.50,"2,241",
109/04/22,"2,804,707","337,669,899",119.50,122.00,118.50,121.50,+0.50,"1,852",
109/04/23,"2,436,355","297,077,665",122.50,123.50,120.50,123.00,+1.50,"1,757",
109/04/24,"2,426,280","294,621,296",123.00,123.00,120.50,120.50,-2.50,"1,443",
109/04/27,"2,862,428","347,248,999",121.00,122.50,120.50,122.00,+1.50,"1,672",
109/04/28,"3,005,108","368,125,831",122.00,124.00,121.00,123.50,+1.50,"1,778",
109/04/29,"3,223,943","400,119,900",124.50,125.00,123.50,124.50,+1.00,"1,898",
109/04/30,"6,807,098","867,831,642",125.50,130.00,124.50,130.00,+5.50,"4,209",
109/05/04,"9,642,533","1,264,448,539",129.50,133.50,128.00,130.50,+0.50,"5,850",
109/05/05,"14,539,059","1,941,095,788",134.00,138.00,130.00,132.00,+1.50,"8,828",
109/05/06,"6,178,840","825,341,060",134.00,135.00,132.00,134.00,+2.00,"3,999",
109/05/07,"6,903,450","947,662,863",135.50,139.00,135.50,137.50,+3.50,"4,620",
109/05/08,"13,970,174","1,997,565,056",140.00,147.50,138.00,144.00,+6.50,"9,637",
109/05/11,"8,987,665","1,317,227,425",147.50,149.00,144.00,146.00,+2.00,"5,457",
109/05/12,"6,053,493","876,672,992",146.00,147.50,143.00,144.00,-2.00,"3,930",
109/05/13,"7,089,926","1,031,025,223",144.00,148.00,141.50,145.50,+1.50,"4,615",
109/05/14,"4,886,841","699,150,581",144.50,145.50,140.50,141.00,-4.50,"3,551",
109/05/15,"4,779,123","680,662,140",144.00,144.50,139.00,144.00,+3.00,"3,262",
109/05/18,"12,883,331","1,751,165,685",141.00,142.50,133.00,134.00,-10.00,"9,015",
109/05/19,"5,090,536","690,463,622",137.00,138.00,132.50,135.00,+1.00,"3,301",
109/05/20,"2,797,957","377,857,669",135.50,136.50,133.50,135.50,+0.50,"1,933",
109/05/21,"14,607,352","2,110,422,744",138.50,148.50,138.00,147.00,+11.50,"9,012",
109/05/22,"6,572,256","950,504,726",147.50,148.00,142.00,143.00,-4.00,"4,304",
109/05/25,"8,615,259","1,270,483,332",145.00,150.00,142.50,148.00,+5.00,"5,500",
109/05/26,"11,649,607","1,778,781,871",148.50,155.00,148.00,153.00,+5.00,"7,772",
109/05/27,"6,487,205","995,866,048",153.50,155.50,151.50,152.00,-1.00,"4,760",
109/05/28,"5,183,056","779,870,788",154.00,154.50,147.50,148.00,-4.00,"3,179",
109/05/29,"2,274,035","338,259,626",147.00,151.00,147.00,147.50,-0.50,"1,678",
109/06/01,"2,921,242","438,579,300",149.50,151.00,148.00,150.00,+2.50,"2,213",
109/06/02,"3,250,500","487,387,500",151.00,152.00,148.00,149.00,-1.00,"2,212",
109/06/03,"2,923,755","441,670,145",151.00,152.00,150.00,151.00,+2.00,"1,981",
109/06/04,"3,500,621","528,403,771",152.50,153.00,148.50,152.00,+1.00,"2,479",
109/06/05,"3,810,340","564,831,160",150.00,150.50,146.50,148.00,-4.00,"2,560",
109/06/08,"3,192,516","476,385,616",149.50,150.50,147.50,148.50,+0.50,"2,199",
109/06/09,"4,171,546","633,294,714",149.50,153.50,149.00,151.50,+3.00,"3,067",
109/06/10,"3,978,873","609,954,864",152.50,155.00,151.50,155.00,+3.50,"2,821",
109/06/11,"6,892,856","1,053,126,465",157.00,159.00,149.00,149.00,-6.00,"4,924",
109/06/12,"4,150,136","612,397,264",144.00,150.50,143.00,149.00, 0.00,"2,903",
109/06/15,"2,757,238","416,239,076",150.00,153.50,149.00,149.50,+0.50,"1,999",
109/06/16,"9,658,197","1,503,604,823",154.00,159.00,152.50,159.00,+9.50,"6,511",
109/06/17,"7,584,065","1,191,673,292",158.50,160.00,155.00,158.00,-1.00,"5,571",
109/06/18,"8,377,897","1,359,817,106",159.50,165.00,158.50,162.50,+4.50,"5,190",
109/06/19,"5,472,173","881,990,300",163.50,164.00,159.00,161.00,-1.50,"3,316",
109/06/22,"3,131,381","501,351,079",160.00,161.50,159.00,159.00,-2.00,"2,045",
109/06/23,"3,618,262","568,910,872",161.00,161.50,155.00,156.00,-3.00,"2,527",
109/06/24,"4,485,832","697,407,292",157.00,158.00,154.00,154.50,-1.50,"2,484",
109/06/29,"7,537,297","1,195,844,066",153.00,161.50,153.00,158.50,+4.00,"4,596",
109/06/30,"3,993,094","636,578,486",160.50,161.00,158.00,159.50,+1.00,"2,741",
109/07/01,"5,311,470","850,039,700",160.50,161.00,158.50,159.50, 0.00,"2,821",
109/07/02,"5,219,105","848,248,615",161.00,164.00,160.50,162.50,+3.00,"2,999",
109/07/03,"6,652,316","1,095,945,094",164.00,167.00,162.00,166.50,+4.00,"4,025",
109/07/06,"5,786,416","967,759,472",168.00,169.50,165.50,167.00,+0.50,"3,546",
109/07/07,"6,008,079","984,631,322",168.50,169.00,161.00,162.00,-5.00,"4,041",
109/07/08,"4,045,125","653,866,500",162.00,163.50,160.00,163.00,+1.00,"2,836",
109/07/09,"4,127,857","674,664,191",165.50,165.50,161.50,161.50,-1.50,"2,688",
109/07/10,"4,407,158","694,344,713",161.50,161.50,155.50,156.00,-5.50,"3,165",
109/07/13,"2,758,188","435,167,704",157.50,159.00,156.50,157.00,+1.00,"1,665",
109/07/14,"14,519,638","2,378,245,080",158.50,168.50,158.50,160.00,+3.00,"9,415",
109/07/15,"5,644,935","909,725,165",164.00,164.50,158.50,158.50,-1.50,"3,846",
109/07/16,"2,929,238","466,104,456",160.00,160.50,158.00,159.50,+1.00,"1,831",
109/07/17,"2,885,472","454,728,104",160.50,161.00,156.00,156.00,-3.50,"1,995",
109/07/20,"3,829,902","611,139,320",156.50,161.50,156.00,160.00,+4.00,"2,326",
109/07/21,"5,237,997","856,302,508",160.50,165.50,160.00,164.00,+4.00,"3,557",
109/07/22,"3,549,350","584,886,900",164.50,166.00,164.00,164.00, 0.00,"2,448",
109/07/23,"13,449,872","2,303,597,399",165.50,176.00,164.00,173.00,+9.00,"8,633",
109/07/24,"6,256,169","1,058,216,392",173.00,173.00,165.50,168.00,-5.00,"4,623",
109/07/27,"3,156,010","534,282,184",171.00,172.50,167.50,169.50,+1.50,"2,179",
109/07/28,"4,985,058","846,122,186",171.00,175.00,165.50,167.00,-2.50,"3,393",
109/07/29,"2,406,922","405,858,818",167.00,170.50,166.00,169.50,+2.50,"1,776",
109/07/30,"2,975,602","509,654,942",171.00,174.00,169.00,171.50,+2.00,"1,852",
109/07/31,"6,926,044","1,214,797,752",171.50,179.00,170.50,177.00,+5.50,"4,075",
109/08/03,"8,710,331","1,535,508,094",177.50,181.50,173.00,174.00,-3.00,"5,791",
109/08/04,"6,658,619","1,193,112,563",177.00,183.00,176.50,177.00,+3.00,"4,906",
109/08/05,"3,616,868","649,967,660",179.00,182.00,178.00,179.50,+2.50,"2,541",
109/08/06,"5,519,630","967,008,380",179.50,180.00,173.00,175.00,-4.50,"4,102",
109/08/07,"3,519,849","608,880,075",174.50,174.50,171.00,174.00,-1.00,"2,521",
109/08/10,"4,347,650","739,799,500",174.00,174.00,168.50,169.00,-5.00,"3,163",
109/08/11,"3,018,171","513,510,150",170.00,172.00,168.00,170.50,+1.50,"2,061",
109/08/12,"2,492,431","421,645,701",169.50,171.00,167.00,170.50, 0.00,"1,941",
109/08/13,"1,815,405","309,248,142",173.50,173.50,168.50,169.00,-1.50,"1,258",
109/08/14,"1,207,300","204,841,443",168.50,171.50,168.00,170.50,+1.50,982,
109/08/17,"2,408,937","408,054,252",171.00,171.00,168.00,170.00,-0.50,"1,777",
109/08/18,"1,816,505","307,522,845",170.00,171.00,168.00,168.00,-2.00,"1,219",
109/08/19,"2,970,390","502,357,709",168.50,171.00,167.00,167.50,-0.50,"2,211",
109/08/20,"10,426,114","1,716,741,396",170.50,174.50,154.00,160.00,-7.50,"7,310",
109/08/21,"5,729,511","963,714,622",163.50,172.00,162.00,171.50,+11.50,"4,318",
109/08/24,"3,274,504","560,977,425",171.00,173.50,169.00,172.00,+0.50,"2,422",
109/08/25,"5,377,626","948,331,550",175.00,179.50,174.00,175.00,+3.00,"4,021",
109/08/26,"2,362,544","417,189,244",176.00,178.00,175.00,176.00,+1.00,"1,676",
109/08/27,"6,001,278","1,069,917,650",180.50,183.50,174.00,175.00,-1.00,"4,731",
109/08/28,"3,498,241","601,404,320",174.00,175.00,170.50,171.00,-4.00,"2,698",
109/08/31,"2,401,949","408,984,830",173.00,173.00,169.00,170.00,-1.00,"1,760",
109/09/01,"1,979,071","338,018,168",170.00,172.50,169.00,171.50,+1.50,"1,493",
109/09/02,"2,188,169","377,002,642",173.00,174.50,171.00,172.50,+1.00,"1,568",
109/09/03,"4,794,334","817,596,946",174.00,175.50,167.00,167.00,-5.50,"3,712",
109/09/04,"3,801,548","632,150,160",162.50,169.50,162.00,169.00,+2.00,"2,643",
109/09/07,"7,101,397","1,151,896,714",165.00,168.00,157.00,158.50,X0.00,"5,076",
109/09/08,"4,282,565","676,169,547",160.00,160.50,155.00,156.50,-2.00,"2,995",
109/09/09,"4,037,586","621,727,699",154.00,156.00,152.00,155.50,-1.00,"2,590",
109/09/10,"3,799,144","589,156,820",157.00,159.00,153.00,154.00,-1.50,"2,680",
109/09/11,"4,845,476","728,613,104",154.00,154.00,149.00,149.50,-4.50,"3,349",
109/09/14,"4,401,606","674,148,036",150.00,156.00,149.50,156.00,+6.50,"2,927",
109/09/15,"2,777,937","433,706,133",156.00,158.00,155.00,156.00, 0.00,"2,075",
109/09/16,"3,372,702","529,212,856",157.00,158.50,155.50,156.50,+0.50,"2,307",
109/09/17,"2,181,398","343,152,679",156.00,158.00,156.00,158.00,+1.50,"1,507",
109/09/18,"2,324,938","370,426,106",159.00,160.50,158.00,159.00,+1.00,"1,675",
109/09/21,"1,685,122","263,878,532",159.00,159.50,155.00,155.00,-4.00,"1,399",
109/09/22,"1,864,888","287,186,193",154.00,156.00,152.00,154.00,-1.00,"1,320",
109/09/23,"1,907,631","295,910,043",156.00,157.50,152.00,152.50,-1.50,"1,491",
109/09/24,"2,097,852","315,986,300",150.00,153.00,149.50,150.00,-2.50,"1,613",
109/09/25,"5,700,763","824,910,010",151.00,151.50,141.00,144.50,-5.50,"4,182",
109/09/28,"2,108,768","303,259,128",146.00,146.50,142.00,143.00,-1.50,"1,601",
109/09/29,"2,165,323","312,009,343",144.50,146.00,142.50,143.00, 0.00,"1,356",
109/09/30,"1,899,374","276,674,978",144.00,147.50,142.00,146.00,+3.00,"1,413",
109/10/05,"1,624,544","240,243,821",146.00,149.50,145.50,149.00,+3.00,"1,382",
109/10/06,"4,016,900","616,754,643",153.50,156.00,152.00,153.00,+4.00,"2,702",
109/10/07,"1,425,547","217,628,738",153.00,153.50,151.50,153.50,+0.50,"1,001",
109/10/08,"1,603,989","245,014,817",154.50,155.00,151.50,152.50,-1.00,"1,117",
109/10/12,"2,452,617","369,212,167",154.00,155.00,148.50,149.50,-3.00,"1,769",
109/10/13,"1,911,671","283,479,479",149.50,150.00,147.50,148.00,-1.50,"1,311",
109/10/14,"1,643,407","243,634,844",148.00,149.50,147.00,148.00, 0.00,"1,118",
109/10/15,"1,391,524","207,223,576",147.50,151.00,147.00,150.00,+2.00,"1,066",
109/10/16,"1,460,828","219,895,200",150.50,151.50,149.00,150.00, 0.00,"1,099",
109/10/19,"6,501,529","1,008,398,524",151.00,157.50,150.50,156.00,+6.00,"3,835",
109/10/20,"3,183,883","498,841,564",155.50,157.50,155.00,156.50,+0.50,"2,187",
109/10/21,"1,694,831","265,439,047",157.50,158.00,155.00,156.00,-0.50,"1,287",
109/10/22,"2,037,192","313,451,260",156.00,156.50,152.00,154.50,-1.50,"1,440",
109/10/23,"829,573","128,366,315",154.00,155.50,154.00,154.50, 0.00,657,
109/10/26,"1,082,556","167,212,472",154.50,156.00,153.00,154.00,-0.50,813,
109/10/27,"721,022","110,666,222",154.50,154.50,152.50,153.50,-0.50,527,
109/10/28,"1,629,867","245,818,324",153.00,153.50,149.50,150.50,-3.00,"1,147",
109/10/29,"1,157,336","172,285,665",145.50,151.50,145.50,151.00,+0.50,803,
109/10/30,"1,198,779","179,822,240",151.00,151.00,149.00,150.00,-1.00,685,
109/11/02,"3,708,482","541,979,827",151.50,152.00,143.50,146.50,-3.50,"2,507",
109/11/03,"4,187,336","609,321,090",147.00,148.00,144.50,145.50,-1.00,"3,007",
109/11/04,"2,011,668","296,408,506",146.50,149.00,145.00,148.00,+2.50,"1,435",
109/11/05,"1,721,960","253,812,123",148.50,149.00,146.00,147.50,-0.50,"1,184",
109/11/06,"2,393,008","352,997,474",148.00,148.50,146.00,146.50,-1.00,"1,633",
109/11/09,"2,129,690","313,476,931",148.50,149.50,146.00,147.50,+1.00,"1,675",
109/11/10,"1,873,448","277,285,145",148.00,149.00,147.00,147.50, 0.00,"1,265",
109/11/11,"2,880,582","435,200,240",148.00,153.00,147.50,152.50,+5.00,"2,035",
109/11/12,"2,425,995","371,796,119",152.50,154.50,151.50,153.00,+0.50,"1,545",
109/11/13,"2,085,676","317,391,212",152.50,154.00,150.00,153.50,+0.50,"1,468",
109/11/16,"8,863,096","1,431,571,379",156.00,164.50,155.50,163.00,+9.50,"6,453",
109/11/17,"5,953,216","981,613,331",168.00,170.00,161.50,162.00,-1.00,"4,550",
109/11/18,"4,093,860","656,522,804",161.50,162.50,159.00,160.00,-2.00,"3,297",
109/11/19,"7,716,987","1,201,166,588",160.00,160.00,154.00,155.50,-4.50,"5,174",
109/11/20,"3,636,788","565,699,922",155.00,157.00,153.50,156.50,+1.00,"2,617",
109/11/23,"1,946,488","304,460,243",157.00,157.50,155.50,156.00,-0.50,"1,420",
109/11/24,"2,562,772","401,010,505",156.50,157.50,155.50,156.00, 0.00,"1,616",
109/11/25,"4,132,651","637,452,624",156.50,157.50,152.00,152.50,-3.50,"2,894",
109/11/26,"1,839,403","283,535,562",152.50,156.00,152.50,155.00,+2.50,"1,244",
109/11/27,"2,096,466","327,922,324",155.00,157.50,154.00,157.00,+2.00,"1,502",
109/11/30,"2,514,832","397,485,360",158.00,160.00,156.00,156.00,-1.00,"1,857",
109/12/01,"1,587,081","248,625,356",157.00,157.50,155.00,157.00,+1.00,"1,119",
109/12/02,"2,398,542","379,099,507",158.00,159.00,157.00,158.00,+1.00,"1,844",
109/12/03,"2,602,208","414,579,408",159.00,161.50,157.50,159.00,+1.00,"1,969",
109/12/04,"2,177,670","342,627,812",159.00,160.00,156.00,157.00,-2.00,"1,684",
109/12/07,"2,891,396","448,236,479",158.50,158.50,153.50,154.00,-3.00,"2,003",
109/12/08,"1,768,459","276,344,396",155.00,158.00,154.50,156.00,+2.00,"1,276",
109/12/09,"3,927,241","627,434,859",157.00,161.00,156.00,161.00,+5.00,"2,924",
109/12/10,"6,637,209","1,035,340,728",161.00,161.50,154.50,155.00,-6.00,"5,067",
109/12/11,"3,712,533","565,912,086",156.00,156.50,150.00,153.00,-2.00,"3,147",
109/12/14,"1,547,010","238,878,991",153.00,156.00,151.50,155.50,+2.50,"1,184",
109/12/15,"2,310,243","351,728,019",154.00,155.50,150.50,150.50,-5.00,"1,820",
109/12/16,"2,209,981","339,754,709",153.00,155.00,151.50,154.50,+4.00,"1,739",
109/12/17,"1,815,652","280,891,030",154.50,156.00,153.50,154.50, 0.00,"1,405",
109/12/18,"2,251,661","352,040,506",155.00,158.00,155.00,155.00,+0.50,"1,807",
109/12/21,"1,619,705","250,435,309",155.00,156.50,152.00,156.00,+1.00,"1,131",
109/12/22,"1,683,285","260,831,342",155.00,156.50,153.00,153.00,-3.00,"1,322",
109/12/23,"7,743,139","1,227,251,138",154.50,161.00,154.00,157.00,+4.00,"5,469",
109/12/24,"2,479,163","392,754,162",159.50,160.00,157.00,157.50,+0.50,"1,995",
109/12/25,"1,360,487","214,352,389",159.00,159.00,156.50,157.50, 0.00,"1,102",
109/12/28,"1,396,114","219,299,160",158.50,159.00,156.00,157.00,-0.50,"1,132",
109/12/29,"2,113,282","330,289,336",157.50,158.00,155.00,156.00,-1.00,"1,549",
109/12/30,"1,087,193","169,354,830",157.00,157.00,155.00,155.50,-0.50,878,
109/12/31,"2,486,428","390,894,722",155.50,158.00,155.00,157.00,+1.50,"1,678",
110/01/04,"2,993,690","467,114,327",157.00,157.50,155.00,156.50,-0.50,"2,111",
110/01/05,"4,151,071","660,180,901",157.00,160.50,156.50,159.00,+2.50,"2,877",
110/01/06,"6,219,963","986,336,066",161.00,162.50,155.00,155.50,-3.50,"4,398",
110/01/07,"2,149,221","337,210,648",157.00,158.00,155.00,157.50,+2.00,"1,569",
110/01/08,"2,573,585","408,316,456",158.00,160.00,157.00,159.00,+1.50,"1,815",
110/01/11,"2,186,586","350,312,042",160.00,161.00,158.50,161.00,+2.00,"1,735",
110/01/12,"2,831,445","448,640,234",162.50,162.50,156.00,157.00,-4.00,"2,291",
110/01/13,"2,904,233","461,345,629",157.00,160.00,156.00,159.50,+2.50,"2,065",
110/01/14,"6,503,223","1,062,632,578",159.50,166.00,159.00,165.50,+6.00,"4,666",
110/01/15,"5,151,237","840,763,966",167.00,167.50,160.00,161.00,-4.50,"3,922",
110/01/18,"2,598,338","411,196,971",160.00,161.00,156.00,159.50,-1.50,"1,863",
110/01/19,"2,186,611","346,270,495",160.00,160.50,157.50,158.50,-1.00,"1,767",
110/01/20,"2,619,076","408,392,905",158.00,158.00,155.00,155.00,-3.50,"2,006",
110/01/21,"2,380,160","372,712,209",155.50,159.00,155.00,156.00,+1.00,"1,556",
110/01/22,"3,817,208","610,301,974",157.50,161.50,156.00,161.50,+5.50,"2,578",
110/01/25,"2,293,989","368,877,637",160.50,162.00,158.50,161.00,-0.50,"1,598",
110/01/26,"2,777,640","448,205,603",161.50,163.50,159.00,161.00, 0.00,"1,792",
110/01/27,"2,485,033","399,446,040",161.50,163.00,160.00,162.50,+1.50,"1,452",
110/01/28,"3,590,211","566,651,494",159.00,160.50,156.00,156.50,-6.00,"2,661",
110/01/29,"3,570,265","548,123,639",157.00,158.00,150.00,150.50,-6.00,"2,880",
110/02/01,"1,955,950","296,105,068",151.00,153.50,150.00,152.50,+2.00,"1,579",
110/02/02,"2,130,837","331,668,191",154.00,157.00,153.50,155.00,+2.50,"1,642",
110/02/03,"1,536,645","238,558,206",155.50,156.50,154.00,155.00, 0.00,933,
110/02/04,"1,516,281","237,978,775",154.50,157.50,154.00,157.00,+2.00,"1,173",
110/02/05,"6,147,659","992,777,667",159.00,164.00,158.00,161.50,+4.50,"4,272",
110/02/17,"3,546,983","579,875,574",164.50,166.50,162.00,164.00,+2.50,"2,649",
110/02/18,"2,852,997","469,396,727",165.00,166.00,163.00,164.50,+0.50,"1,820",
110/02/19,"6,927,502","1,170,462,614",164.50,171.50,163.50,169.00,+4.50,"4,821",
110/02/22,"2,987,562","504,365,708",169.50,170.50,167.50,168.50,-0.50,"2,114",
110/02/23,"1,748,188","292,808,120",167.50,169.00,166.00,169.00,+0.50,"1,480",
110/02/24,"4,950,547","838,798,282",170.00,174.00,166.00,166.50,-2.50,"3,234",
110/02/25,"5,282,660","867,432,971",168.50,169.00,162.50,163.00,-3.50,"3,867",
110/02/26,"8,107,553","1,357,631,911",160.50,170.50,160.50,169.00,+6.00,"5,307",
110/03/02,"7,591,199","1,311,903,840",173.00,177.50,169.00,169.00, 0.00,"5,603",
110/03/03,"2,754,297","467,345,173",170.50,172.50,166.50,172.00,+3.00,"2,013",
110/03/04,"3,546,704","610,213,233",173.00,175.50,169.50,170.00,-2.00,"2,387",
110/03/05,"3,457,193","583,873,820",168.00,171.50,166.50,167.50,-2.50,"2,366",
110/03/08,"1,928,612","324,506,331",169.50,170.00,166.00,166.00,-1.50,"1,303",
110/03/09,"2,634,832","432,412,889",166.00,168.00,161.00,165.50,-0.50,"1,971",
110/03/10,"1,252,116","209,535,058",167.00,169.00,166.00,166.00,+0.50,"1,076",
110/03/11,"2,955,805","494,903,554",166.00,168.50,165.50,167.50,+1.50,"1,876",
110/03/12,"2,460,197","418,865,599",168.50,172.00,168.50,169.50,+2.00,"1,915",
110/03/15,"978,005","165,267,566",169.50,170.00,168.00,168.50,-1.00,877,
110/03/16,"1,611,080","271,865,683",169.00,170.00,167.50,170.00,+1.50,"1,459",
110/03/17,"1,260,652","212,577,521",169.50,170.00,168.00,168.00,-2.00,"1,101",
110/03/18,"916,832","154,874,969",168.50,169.50,168.50,169.00,+1.00,738,
110/03/19,"1,215,182","203,946,016",168.00,169.50,166.00,168.50,-0.50,911,
110/03/22,"1,212,025","204,981,974",168.50,170.00,167.50,170.00,+1.50,"1,001",
110/03/23,"3,095,575","489,305,164",171.50,171.50,169.00,169.00,-1.00,789,
110/03/24,"1,152,103","193,635,440",169.00,170.00,167.00,168.00,-1.00,770,
110/03/25,"2,151,315","356,972,126",168.00,168.00,165.00,165.00,-3.00,"1,246",
110/03/26,"1,353,712","225,203,673",166.50,167.50,165.00,166.50,+1.50,"1,024",
110/03/29,"2,693,510","458,995,915",168.00,171.50,167.50,171.00,+4.50,"2,157",
110/03/30,"784,405","133,163,106",171.00,171.00,169.00,170.00,-1.00,643,
110/03/31,"877,179","147,967,121",170.00,170.00,168.00,169.00,-1.00,784,
110/04/01,"915,542","154,051,771",170.00,170.00,167.50,168.50,-0.50,830,
110/04/06,"1,580,145","264,899,606",169.50,169.50,167.00,167.50,-1.00,"1,378",
110/04/07,"1,299,211","219,125,270",169.00,169.50,167.50,169.00,+1.50,992,
110/04/08,"2,425,647","414,121,736",170.00,172.00,168.50,171.50,+2.50,"1,891",
110/04/09,"2,897,736","493,460,046",173.00,173.00,168.50,169.00,-2.50,"2,385",
110/04/12,"1,336,129","226,918,591",170.50,171.00,169.00,170.00,+1.00,"1,127",
110/04/13,"1,504,520","254,315,428",171.00,171.00,166.00,167.00,-3.00,"1,362",
110/04/14,"6,842,174","1,171,612,924",171.00,175.00,166.00,169.00,+2.00,"4,825",
110/04/15,"1,777,001","298,606,580",170.00,170.50,167.00,168.50,-0.50,"1,432",
110/04/16,"1,629,364","275,516,220",170.00,170.00,168.00,169.50,+1.00,"1,388",
110/04/19,"3,363,382","568,129,230",169.50,171.50,167.00,169.50, 0.00,"2,716",
110/04/20,"7,767,058","1,354,764,592",170.00,177.00,169.50,175.50,+6.00,"5,822",
110/04/21,"5,786,564","1,028,007,953",175.00,181.00,174.00,181.00,+5.50,"4,614",
110/04/22,"7,704,081","1,387,645,274",183.00,188.00,175.00,175.00,-6.00,"5,918",
110/04/23,"2,306,011","411,308,547",177.00,180.00,175.00,179.50,+4.50,"1,888",
110/04/26,"2,783,006","503,986,223",182.50,183.00,178.00,182.00,+2.50,"2,205",
110/04/27,"1,987,409","360,664,926",184.00,184.50,179.00,182.00, 0.00,"1,664",
110/04/28,"3,306,566","588,558,220",182.00,182.00,176.50,178.50,-3.50,"2,561",
110/04/29,"2,709,750","481,432,504",180.50,180.50,175.50,178.00,-0.50,"2,048",
110/05/03,"5,715,475","1,037,259,355",180.00,184.50,178.00,179.50,+1.50,"3,904",
110/05/04,"4,827,073","838,714,542",181.50,183.00,166.50,173.00,-6.50,"3,807",
110/05/05,"3,725,730","630,136,810",173.50,175.00,165.00,165.00,-8.00,"3,139",
110/05/06,"3,669,259","609,947,297",168.00,171.00,163.00,166.50,+1.50,"2,743",
110/05/07,"2,897,987","492,146,005",169.00,172.50,167.00,172.50,+6.00,"2,132",
110/05/10,"2,428,860","414,613,542",172.50,175.50,167.00,168.00,-4.50,"1,710",
110/05/11,"4,449,420","717,622,871",164.00,166.00,158.00,161.00,-7.00,"3,463",
110/05/12,"6,215,508","930,166,842",157.50,159.50,145.00,150.00,-11.00,"4,412",
110/05/13,"3,627,754","537,572,461",145.00,153.00,141.50,151.50,+1.50,"2,718",
110/05/14,"4,037,057","634,005,567",152.50,160.00,151.00,157.00,+5.50,"3,220",
110/05/17,"3,143,854","476,590,608",146.00,157.00,146.00,155.00,-2.00,"2,550",
110/05/18,"1,978,008","312,185,597",157.00,160.50,155.00,159.00,+4.00,"1,479",
110/05/19,"1,153,301","182,399,538",159.00,159.50,157.00,158.50,-0.50,981,
110/05/20,"721,788","113,759,281",158.50,159.00,156.00,156.50,-2.00,545,
110/05/21,"1,366,513","213,940,761",159.50,159.50,155.00,156.50, 0.00,"1,153",
110/05/24,"982,277","153,499,666",155.00,159.00,153.50,158.50,+2.00,922,
110/05/25,"1,186,672","190,693,766",159.00,162.00,158.50,161.00,+2.50,872,
110/05/26,"840,258","134,569,694",161.00,162.50,159.00,159.50,-1.50,691,
110/05/27,"1,070,932","168,849,388",157.50,159.00,156.50,157.00,-2.50,826,
110/05/28,"842,373","134,120,873",159.50,160.50,158.00,158.50,+1.50,638,
110/05/31,"2,772,851","449,940,607",160.00,164.00,159.50,164.00,+5.50,"2,012",
110/06/01,"3,000,199","488,514,170",164.00,165.00,162.00,162.50,-1.50,"1,821",
110/06/02,"1,851,913","297,223,786",162.00,164.00,158.00,160.00,-2.50,"1,359",
110/06/03,"1,301,445","207,434,946",160.50,161.00,158.50,159.50,-0.50,"1,004",
110/06/04,"1,289,887","205,738,070",158.50,161.00,158.00,159.50, 0.00,918,
110/06/07,"4,155,641","668,342,632",163.00,163.50,157.00,162.50,+3.00,"2,502",
110/06/08,"5,938,111","992,745,290",162.50,171.00,162.00,168.50,+6.00,"3,822",
110/06/09,"10,952,424","1,936,788,538",168.50,182.00,168.00,179.00,+10.50,"7,895",
110/06/10,"29,374,849","5,677,646,646",183.50,196.50,182.00,196.50,+17.50,"13,651",
110/06/11,"34,600,906","6,973,942,456",196.00,209.00,192.50,202.00,+5.50,"22,587",
110/06/15,"18,446,022","3,874,406,697",207.50,216.50,205.50,207.50,+5.50,"13,584",
110/06/16,"10,022,774","2,095,039,139",207.00,213.50,203.50,210.00,+2.50,"6,476",
110/06/17,"9,326,543","1,975,488,007",210.50,216.00,208.50,214.00,+4.00,"6,371",
110/06/18,"6,417,471","1,353,650,705",212.50,213.50,207.50,212.00,-2.00,"3,579",
110/06/21,"4,445,448","936,798,908",210.50,213.50,207.00,213.50,+1.50,"3,178",
110/06/22,"12,493,158","2,619,995,094",217.00,224.00,201.50,204.50,-9.00,"8,457",
110/06/23,"8,655,966","1,835,392,693",207.50,216.50,205.00,213.50,+9.00,"5,990",
110/06/24,"5,096,666","1,092,875,288",213.00,217.00,210.00,215.50,+2.00,"3,858",
110/06/25,"5,021,195","1,080,298,007",217.00,220.50,210.00,213.50,-2.00,"3,751",
110/06/28,"4,975,155","1,072,643,527",214.50,221.50,212.00,214.00,+0.50,"3,319",
110/06/29,"10,641,379","2,420,009,609",217.00,235.00,213.50,235.00,+21.00,"6,570",
110/06/30,"18,671,169","4,125,598,200",234.50,234.50,212.00,218.00,-17.00,"14,015",
110/07/01,"8,011,537","1,697,341,091",219.00,220.50,206.00,210.00,-8.00,"5,981",
110/07/02,"5,759,529","1,232,990,402",213.50,218.00,210.50,216.50,+6.50,"3,828",
110/07/05,"7,626,524","1,689,455,672",219.00,226.00,216.00,223.00,+6.50,"4,923",
110/07/06,"4,964,092","1,088,906,270",224.00,224.50,217.00,218.00,-5.00,"3,216",
110/07/07,"5,231,293","1,137,496,506",219.00,222.00,215.00,217.00,-1.00,"3,335",
110/07/08,"7,384,598","1,599,358,330",218.00,222.00,213.00,219.00,+2.00,"3,850",
110/07/09,"12,597,680","2,806,034,593",220.50,228.50,217.50,218.50,-0.50,"9,165",
110/07/12,"7,238,932","1,575,345,563",223.00,223.50,214.00,216.00,-2.50,"4,581",
110/07/13,"15,267,726","3,423,088,512",218.00,228.50,217.00,223.50,+7.50,"9,806",
110/07/14,"12,040,713","2,735,600,758",227.00,234.50,220.00,231.00,+7.50,"8,849",
110/07/15,"5,245,612","1,196,363,532",232.50,233.00,224.50,229.00,-2.00,"4,211",
110/07/16,"6,278,959","1,465,762,879",226.00,238.50,225.00,238.50,+9.50,"5,102",
110/07/19,"10,195,543","2,481,216,510",238.50,248.50,236.00,242.50,+4.00,"7,919",
110/07/20,"7,100,844","1,679,715,687",238.00,245.00,229.50,231.00,-11.50,"5,615",
110/07/21,"5,365,564","1,271,718,732",236.00,242.00,232.00,236.00,+5.00,"4,445",
110/07/22,"2,536,366","598,341,461",238.00,240.50,232.50,235.00,-1.00,"2,291",
110/07/23,"3,364,515","776,567,645",237.50,238.00,227.00,230.50,-4.50,"2,915",
110/07/26,"2,198,071","514,444,755",231.00,236.50,229.00,236.00,+5.50,"1,855",
110/07/27,"2,233,621","518,835,827",238.00,238.50,227.00,231.00,-5.00,"2,063",
110/07/28,"4,951,061","1,125,974,115",228.00,234.00,217.00,230.00,-1.00,"3,657",
110/07/29,"3,122,241","716,886,518",234.00,235.00,227.00,229.00,-1.00,"2,482",
110/07/30,"2,861,742","649,880,439",230.00,233.50,223.00,225.00,-4.00,"2,197",
110/08/02,"3,165,401","702,079,696",225.00,229.50,218.50,220.50,-4.50,"2,560",
110/08/03,"3,344,142","735,016,850",221.00,224.00,216.50,223.00,+2.50,"2,576",
110/08/04,"3,479,976","763,410,473",224.00,224.50,217.00,218.50,-4.50,"2,736",
110/08/05,"2,981,516","658,504,292",218.50,223.50,217.50,222.50,+4.00,"2,392",
110/08/06,"1,111,087","245,222,464",221.50,222.00,219.00,221.50,-1.00,942,
110/08/09,"1,516,541","330,175,106",220.00,223.50,214.00,215.50,-6.00,"1,383",
110/08/10,"3,651,285","784,822,397",215.50,220.00,209.00,215.50, 0.00,"2,871",
110/08/11,"3,762,539","807,151,588",214.00,219.00,210.00,212.50,-3.00,"2,100",
110/08/12,"2,528,085","553,274,167",211.50,221.00,211.50,220.50,+8.00,"1,796",
110/08/13,"3,109,418","659,062,846",219.00,219.00,207.50,208.00,-12.50,"2,442",
110/08/16,"2,303,554","472,084,678",206.50,208.00,200.00,205.00,-3.00,"1,863",
110/08/17,"3,563,416","756,736,393",208.00,216.50,208.00,208.00,+3.00,"2,784",
110/08/18,"5,386,978","1,173,319,662",206.50,224.00,205.50,222.50,+14.50,"4,443",
110/08/19,"9,510,089","2,187,497,364",220.50,235.00,219.50,228.00,+5.50,"6,532",
110/08/20,"7,939,867","1,843,240,821",228.00,236.50,224.50,235.50,+7.50,"5,819",
110/08/23,"5,241,678","1,216,674,407",236.50,237.00,228.50,231.50,-4.00,"3,730",
110/08/24,"5,533,389","1,315,467,631",234.50,242.00,233.00,236.50,+5.00,"3,959",
110/08/25,"3,891,669","910,947,089",236.50,239.50,231.00,234.00,-2.50,"2,954",
110/08/26,"2,761,040","633,148,325",229.50,233.00,223.50,232.00,X0.00,"2,338",
110/08/27,"2,439,171","558,617,156",232.50,234.00,226.50,228.50,-3.50,"1,848",
110/08/30,"1,325,534","304,902,133",231.00,232.00,228.00,230.00,+1.50,"1,075",
110/08/31,"2,355,632","540,916,363",228.50,234.00,225.00,234.00,+4.00,"1,820",
110/09/01,"3,538,185","828,254,755",234.50,237.50,230.50,237.00,+3.00,"2,389",
110/09/02,"2,860,728","671,670,733",237.00,239.50,230.50,232.00,-5.00,"2,273",
110/09/03,"3,012,496","691,482,765",234.00,234.50,226.00,232.00, 0.00,"2,255",
110/09/06,"4,327,134","1,015,880,804",236.50,240.00,230.50,231.00,-1.00,"3,136",
110/09/07,"2,829,082","647,673,331",234.50,234.50,226.50,228.00,-3.00,"1,870",
110/09/08,"4,895,510","1,076,541,494",226.50,228.00,213.50,221.50,-6.50,"3,985",
110/09/09,"2,424,482","545,256,332",220.00,229.00,220.00,226.50,+5.00,"1,833",
110/09/10,"1,782,241","398,615,701",226.00,226.50,221.50,225.00,-1.50,"1,409",
110/09/13,"1,780,112","393,540,838",225.00,225.50,219.00,219.50,-5.50,"1,525",
110/09/14,"1,318,616","292,593,181",219.50,224.00,219.50,222.50,+3.00,"1,191",
110/09/15,"2,422,527","528,789,196",222.50,222.50,215.50,219.50,-3.00,"2,139",
110/09/16,"4,256,036","973,010,669",221.50,233.00,220.00,231.00,+11.50,"2,917",
110/09/17,"3,523,563","808,648,385",229.50,232.50,227.50,227.50,-3.50,"5,295",
110/09/22,"3,188,414","736,848,972",224.50,235.50,222.00,232.50,+5.00,"2,869",
110/09/23,"12,178,009","2,977,322,090",239.00,251.50,234.00,249.00,+16.50,"10,148",
110/09/24,"12,195,747","2,943,394,123",247.00,251.50,236.50,238.00,-11.00,"10,251",
110/09/27,"7,503,191","1,705,745,491",226.50,233.00,222.00,226.00,-12.00,"5,172",
110/09/28,"3,860,053","873,632,908",223.00,229.00,222.50,228.00,+2.00,"2,554",
110/09/29,"8,022,625","1,724,814,400",222.50,223.00,210.00,214.50,-13.50,"5,959",
110/09/30,"3,816,922","830,737,951",218.00,221.00,212.50,217.50,+3.00,"2,381",
110/10/01,"2,896,722","613,516,205",215.50,215.50,209.00,210.00,-7.50,"2,561",
110/10/04,"1,760,462","371,955,126",210.00,214.50,209.00,209.50,-0.50,"2,491",
110/10/05,"3,002,016","641,936,546",208.00,219.00,202.00,218.00,+8.50,"2,846",
110/10/06,"5,403,655","1,125,152,158",218.00,220.00,202.50,203.00,-15.00,"4,785",
110/10/07,"3,886,538","820,054,570",203.50,215.50,203.50,211.50,+8.50,"2,972",
110/10/08,"1,663,666","357,725,251",211.00,218.00,211.00,214.50,+3.00,"1,617",
110/10/12,"1,615,560","337,612,996",211.00,214.50,206.50,207.00,-7.50,"1,263",
110/10/13,"2,029,990","411,243,879",208.00,210.00,200.00,200.00,-7.00,"1,788",
110/10/14,"2,323,748","476,834,586",203.50,208.00,201.00,206.50,+6.50,"1,555",
110/10/15,"1,764,090","370,549,454",208.50,212.00,206.00,211.50,+5.00,"1,490",
110/10/18,"1,136,837","237,688,349",211.00,213.00,206.50,207.00,-4.50,995,
110/10/19,"3,677,874","801,529,360",208.00,222.50,208.00,215.00,+8.00,"2,759",
110/10/20,"2,536,608","557,066,798",218.00,223.50,217.00,217.00,+2.00,"1,865",
110/10/21,"1,099,477","236,957,546",219.00,220.00,212.50,212.50,-4.50,"1,782",
110/10/22,"1,090,806","236,389,393",214.50,219.00,214.00,217.50,+5.00,849,
110/10/25,"841,692","183,132,724",217.50,219.00,215.50,218.00,+0.50,741,
110/10/26,"870,570","190,746,200",220.00,221.00,218.00,218.00, 0.00,685,
110/10/27,"3,137,241","708,672,527",219.00,228.50,219.00,227.50,+9.50,"2,576",
110/10/28,"11,433,545","2,762,254,962",235.50,248.00,235.50,240.50,+13.00,"8,569",
110/10/29,"7,666,308","1,852,949,650",243.00,251.50,234.00,240.50, 0.00,"6,601",
110/11/01,"4,680,703","1,092,960,247",238.00,241.50,230.50,234.00,-6.50,"7,214",
110/11/02,"3,154,853","725,616,795",236.00,236.00,226.50,228.50,-5.50,"2,724",
110/11/03,"2,680,750","620,834,588",231.00,234.00,226.50,232.00,+3.50,"2,241",
110/11/04,"1,817,331","421,731,924",230.00,234.50,229.50,231.50,-0.50,"2,165",
110/11/05,"1,613,978","370,199,868",233.00,233.50,226.50,230.50,-1.00,"1,837",
110/11/08,"1,001,769","229,581,138",231.00,232.00,227.50,230.00,-0.50,"1,038",
110/11/09,"1,275,242","297,656,230",233.50,236.00,231.50,232.00,+2.00,"1,126",
110/11/10,"662,350","153,089,289",233.50,233.50,230.00,231.00,-1.00,"1,099",
110/11/11,"1,120,092","259,815,032",228.00,235.00,228.00,229.50,-1.50,"1,177",
110/11/12,"928,178","216,425,889",233.00,236.00,230.50,232.00,+2.50,932,
110/11/15,"1,554,267","365,614,201",234.00,238.00,233.00,234.00,+2.00,"1,230",
110/11/16,"1,808,097","419,506,827",235.00,235.50,230.00,233.00,-1.00,"1,811",
110/11/17,"3,274,470","763,227,409",235.00,240.00,229.00,233.00, 0.00,"2,322",
110/11/18,"2,822,540","651,901,750",234.50,235.50,228.00,232.00,-1.00,"2,133",
110/11/19,"2,299,045","525,307,934",233.50,233.50,226.50,227.50,-4.50,"2,468",
110/11/22,"1,422,287","329,763,956",228.50,234.00,228.00,233.00,+5.50,"1,063",
110/11/23,"1,188,790","272,273,832",232.50,232.50,228.00,228.50,-4.50,"1,273",
110/11/24,"7,645,834","1,855,554,920",235.00,248.00,235.00,245.00,+16.50,"5,799",
110/11/25,"13,354,418","3,499,820,410",252.00,269.50,251.50,269.50,+24.50,"11,216",
110/11/26,"10,346,820","2,751,245,958",261.50,272.50,261.00,272.50,+3.00,"8,292",
110/11/29,"7,369,631","2,028,123,832",267.00,280.50,266.50,280.00,+7.50,"8,431",
110/11/30,"6,583,983","1,862,776,317",290.50,293.50,276.00,280.00, 0.00,"5,939",
110/12/01,"5,405,655","1,485,961,858",275.50,281.00,271.00,279.50,-0.50,"5,742",
110/12/02,"5,100,436","1,378,772,512",276.00,278.00,267.00,269.00,-10.50,"4,430",
110/12/03,"3,318,212","903,876,104",272.00,276.00,266.00,274.50,+5.50,"3,310",
110/12/06,"2,830,440","773,308,207",274.00,276.50,268.00,275.50,+1.00,"2,569",
110/12/07,"5,018,950","1,416,577,965",286.50,290.00,277.50,278.00,+2.50,"4,409",
110/12/08,"2,656,552","743,783,324",280.00,283.00,276.00,280.00,+2.00,"2,272",
110/12/09,"3,861,387","1,081,478,967",287.00,293.00,273.50,276.50,-3.50,"6,450",
110/12/10,"2,262,431","632,627,794",276.50,284.00,272.00,280.00,+3.50,"1,841",
110/12/13,"1,531,094","425,334,718",278.00,281.50,275.00,279.00,-1.00,"2,376",
110/12/14,"2,102,896","576,015,856",278.00,278.50,271.00,274.00,-5.00,"2,048",
110/12/15,"1,730,601","476,177,487",274.00,277.50,272.00,275.00,+1.00,"3,923",
110/12/16,"2,833,114","797,914,702",279.00,285.00,277.00,282.50,+7.50,"3,352",
110/12/17,"2,642,670","732,747,253",280.00,281.50,274.50,276.50,-6.00,"3,064",
110/12/20,"970,258","269,050,701",276.50,281.00,275.50,275.50,-1.00,791,
110/12/21,"1,259,756","346,605,699",278.00,279.00,273.00,275.50, 0.00,"1,458",
110/12/22,"1,805,876","496,004,077",279.00,279.00,270.50,275.50, 0.00,"1,941",
110/12/23,"2,346,388","657,563,162",278.50,282.50,276.00,281.00,+5.50,"2,158",
110/12/24,"1,753,914","487,109,045",282.00,283.00,275.00,276.50,-4.50,"1,655",
110/12/27,"1,039,564","287,935,006",277.00,280.00,273.50,277.50,+1.00,970,
110/12/28,"950,119","263,313,642",277.50,279.00,275.50,277.50, 0.00,"1,063",
110/12/29,"729,640","203,899,871",279.00,281.00,277.50,279.50,+2.00,685,
110/12/30,"752,368","209,702,936",281.00,281.50,277.50,278.00,-1.50,857,
111/01/03,"4,494,922","1,277,720,664",280.00,298.00,275.00,277.50,-0.50,"3,658",
111/01/04,"3,274,668","906,542,295",277.50,280.00,274.00,277.00,-0.50,"2,926",
111/01/05,"2,508,203","700,964,606",277.50,281.50,276.00,280.50,+3.50,"1,800",
111/01/06,"4,177,426","1,188,759,813",279.00,288.50,279.00,285.00,+4.50,"3,381",
111/01/07,"3,024,943","835,167,220",285.50,286.00,272.00,273.00,-12.00,"3,236",
111/01/10,"2,271,617","622,175,889",274.00,276.50,272.50,275.00,+2.00,"1,737",
111/01/11,"2,992,931","793,622,836",272.50,274.50,261.00,262.50,-12.50,"2,929",
111/01/12,"1,904,187","496,495,351",270.00,270.00,256.50,262.00,-0.50,"2,681",
111/01/13,"2,352,797","614,756,657",262.50,266.50,259.00,262.00, 0.00,"2,668",
111/01/14,"1,449,946","382,305,657",262.00,268.00,258.50,267.00,+5.00,"1,617",
111/01/17,"2,921,830","786,383,903",267.00,274.00,261.50,274.00,+7.00,"3,000",
111/01/18,"2,820,977","781,887,249",268.00,282.50,268.00,276.00,+2.00,"3,507",
111/01/19,"1,673,500","467,478,916",270.00,282.00,270.00,281.50,+5.50,"1,379",
111/01/20,"2,103,981","585,311,587",278.00,281.00,275.50,279.00,-2.50,"1,968",
111/01/21,"2,275,271","623,785,498",275.50,278.00,270.00,273.00,-6.00,"2,639",
111/01/24,"1,004,600","272,469,217",267.00,275.00,266.50,275.00,+2.00,946,
111/01/25,"2,089,553","559,081,051",274.00,274.50,264.00,265.00,-10.00,"5,677",
111/01/26,"2,285,554","599,869,269",266.50,267.50,256.50,264.50,-0.50,"3,506",
111/02/07,"1,778,632","482,954,361",275.00,275.00,269.00,271.50,+7.00,"2,203",
111/02/08,"3,947,632","1,087,978,937",277.00,284.00,271.00,275.00,+3.50,"8,570",
111/02/09,"1,922,074","530,327,120",276.50,279.50,274.00,275.50,+0.50,"1,965",
111/02/10,"3,119,259","881,220,755",277.50,286.00,276.00,285.50,+10.00,"2,628",
111/02/11,"2,451,918","689,742,063",285.00,285.00,279.00,279.00,-6.50,"5,299",
111/02/14,"961,921","261,946,492",277.00,277.00,269.50,271.50,-7.50,"1,066",
111/02/15,"625,154","170,311,017",271.00,274.00,270.50,271.00,-0.50,640,
111/02/16,"1,507,201","412,466,764",275.00,277.00,271.50,275.50,+4.50,"1,037",
111/02/17,"1,055,739","293,965,218",276.50,280.00,276.00,280.00,+4.50,"1,174",
111/02/18,"1,488,089","409,668,975",276.00,278.00,273.00,278.00,-2.00,"1,415",
111/02/21,"717,334","198,159,429",275.50,278.00,274.00,278.00, 0.00,796,
111/02/22,"1,196,162","330,131,349",275.50,279.00,272.50,279.00,+1.00,"1,044",
111/02/23,"2,606,994","737,813,106",275.50,288.00,275.50,288.00,+9.00,"2,528",
111/02/24,"2,773,505","781,986,044",285.00,287.00,278.00,279.00,-9.00,"2,362",
111/02/25,"3,637,881","998,444,669",283.50,286.50,267.00,270.00,-9.00,"3,074",
111/03/01,"2,812,500","758,413,585",272.00,274.50,265.00,273.00,+3.00,"2,348",
111/03/02,"1,303,413","356,243,299",271.00,275.50,269.00,275.50,+2.50,"1,067",
111/03/03,"1,203,484","329,988,557",278.00,279.00,272.00,274.00,-1.50,"1,126",
111/03/04,"823,767","224,220,481",272.00,275.00,270.00,273.00,-1.00,771,
111/03/07,"2,239,630","584,438,983",267.00,267.50,257.50,262.00,-11.00,"1,995",
111/03/08,"1,826,209","468,003,738",250.00,263.50,249.50,254.00,-8.00,"1,688",
111/03/09,"1,333,352","339,601,859",257.00,258.00,252.00,254.00, 0.00,"1,218",
111/03/10,"988,807","257,782,187",262.00,262.00,258.00,260.00,+6.00,815,
111/03/11,"1,480,487","375,812,979",260.00,261.00,251.00,253.00,-7.00,"1,143",
111/03/14,"1,663,284","416,844,101",253.00,256.50,248.00,252.50,-0.50,"1,411",
111/03/15,"1,267,800","317,349,679",253.50,254.50,248.50,249.00,-3.50,"1,333",
111/03/16,"1,893,296","464,184,285",252.00,252.50,241.00,244.50,-4.50,"1,653",
111/03/17,"2,127,631","542,272,749",251.50,258.50,248.50,258.50,+14.00,"1,711",
111/03/18,"1,136,351","290,787,923",255.00,258.00,254.50,255.00,-3.50,639,
111/03/21,"194,495","49,887,271",258.50,259.00,255.00,256.00,+1.00,236,
111/03/22,"263,592","68,261,017",263.00,263.00,257.00,257.50,+1.50,299,
111/03/23,"522,448","135,223,156",260.50,262.00,257.50,258.50,+1.00,500,
111/03/24,"730,490","187,228,991",258.50,258.50,254.00,257.00,-1.50,698,
111/03/25,"520,882","134,332,149",259.50,260.00,257.00,257.00, 0.00,528,
111/03/28,"739,679","191,219,595",257.00,261.50,255.00,261.00,+4.00,668,
111/03/29,"773,137","201,674,306",261.50,263.00,258.50,259.00,-2.00,650,
111/03/30,"1,590,082","417,977,260",261.50,265.50,261.00,261.00,+2.00,959,
111/03/31,"1,171,313","302,359,401",261.00,262.00,256.50,258.00,-3.00,"1,034",
111/04/01,"713,412","184,178,422",258.00,261.00,255.00,261.00,+3.00,542,
111/04/06,"647,598","166,656,973",257.00,259.50,255.00,257.00,-4.00,584,
111/04/07,"1,220,880","310,664,773",255.50,258.00,251.00,255.00,-2.00,"1,077",
111/04/08,"982,107","253,765,256",260.00,263.50,255.50,257.00,+2.00,829,
111/04/11,"2,803,505","676,453,651",255.50,256.00,234.50,240.00,-17.00,"2,588",
111/04/12,"2,507,318","593,293,186",233.50,244.50,233.00,237.00,-3.00,"2,109",
111/04/13,"1,175,883","278,728,432",232.00,239.50,232.00,238.50,+1.50,"1,675",
111/04/14,"687,529","164,702,406",238.50,242.00,238.00,240.50,+2.00,723,
111/04/15,"966,075","227,419,672",237.00,237.00,234.00,235.50,-5.00,744,
111/04/18,"1,014,890","238,131,196",232.00,236.50,230.00,234.50,-1.00,557,
111/04/19,"1,251,895","296,702,351",239.50,240.50,234.00,236.00,+1.50,937,
111/04/20,"735,355","177,318,858",238.00,242.50,238.00,242.50,+6.50,680,
111/04/21,"958,777","233,996,468",241.50,246.00,240.50,245.00,+2.50,882,
111/04/22,"677,420","165,151,915",240.50,245.00,240.50,243.50,-1.50,603,
111/04/25,"1,002,541","237,684,258",238.00,240.50,235.00,235.50,-8.00,973,
111/04/26,"973,222","229,377,952",236.50,239.00,233.00,235.50, 0.00,916,
111/04/27,"1,378,875","317,086,571",231.00,235.00,224.00,233.00,-2.50,"1,228",
111/04/28,"4,507,305","987,456,410",238.00,238.50,214.00,216.00,-17.00,"3,945",
111/04/29,"2,095,306","464,551,260",219.00,224.00,218.50,222.00,+6.00,"1,654",
111/05/03,"1,496,275","323,185,484",219.00,222.00,214.00,215.00,-7.00,"1,558",
111/05/04,"2,752,233","609,692,829",214.50,224.50,214.00,222.00,+7.00,"1,975",
111/05/05,"2,241,672","503,507,107",224.00,227.50,221.00,222.00, 0.00,"1,808",
111/05/06,"1,651,428","355,479,408",215.00,217.50,213.50,215.00,-7.00,"1,338",
111/05/09,"2,270,923","472,805,546",213.50,213.50,208.50,210.50,-4.50,"1,500",
111/05/10,"2,313,032","489,225,031",205.50,215.00,205.00,214.00,+3.50,"1,564",
111/05/11,"1,717,318","366,310,613",210.50,216.00,210.00,210.50,-3.50,"1,424",
111/05/12,"1,917,961","411,779,216",212.50,217.50,211.00,213.00,+2.50,"1,519",
111/05/13,"3,441,164","770,025,505",216.50,227.00,215.00,224.00,+11.00,"2,956",
111/05/16,"3,275,308","728,027,134",228.50,230.50,216.50,219.50,-4.50,"4,901",
111/05/17,"1,095,693","242,215,011",220.00,223.00,218.50,221.00,+1.50,"1,018",
111/05/18,"3,255,831","741,981,145",221.50,230.00,221.50,227.50,+6.50,"2,877",
111/05/19,"2,248,493","503,225,805",222.50,227.00,220.50,226.00,-1.50,"1,872",
111/05/20,"1,122,673","255,438,571",226.00,229.00,224.50,228.00,+2.00,941,
111/05/23,"1,760,525","401,826,762",231.50,231.50,225.00,226.00,-2.00,"1,505",
111/05/24,"1,981,071","449,478,420",227.50,230.00,223.00,225.00,-1.00,"1,553",
111/05/25,"948,112","214,582,028",225.00,228.00,223.50,226.00,+1.00,833,
111/05/26,"3,260,744","762,123,620",228.00,238.00,228.00,233.00,+7.00,"3,106",
111/05/27,"3,336,147","786,093,491",236.00,242.00,230.50,232.50,-0.50,"5,203",
111/05/30,"1,643,085","382,158,918",235.50,235.50,228.00,233.00,+0.50,"3,546",
111/05/31,"617,882","143,993,647",233.00,235.00,231.00,232.50,-0.50,585,
111/06/01,"791,238","182,604,754",233.00,234.00,228.50,230.00,-2.50,712,
111/06/02,"643,058","145,801,564",229.50,230.00,224.50,225.00,-5.00,662,
111/06/06,"660,799","151,655,481",225.50,231.50,224.50,230.00,+5.00,641,
111/06/07,"539,156","125,279,489",230.00,233.50,230.00,232.50,+2.50,507,
111/06/08,"2,577,138","617,036,170",232.50,243.50,232.50,239.50,+7.00,"2,526",
111/06/09,"882,288","211,999,773",240.50,242.00,238.00,240.50,+1.00,"1,334",
111/06/10,"921,655","219,994,633",237.00,240.50,236.50,239.00,-1.50,854,
111/06/13,"610,666","142,598,166",234.00,235.00,233.00,233.00,-6.00,612,
111/06/14,"1,762,732","401,383,835",231.00,233.00,225.50,228.00,-5.00,"1,587",
111/06/15,"1,506,254","341,001,109",230.00,231.00,223.00,224.00,-4.00,"2,351",
111/06/16,"2,242,105","488,526,635",229.00,229.00,211.50,212.50,-11.50,"2,519",
111/06/17,"2,126,631","437,622,440",208.00,211.00,202.50,206.00,-6.50,"1,855",
111/06/20,"2,019,887","405,719,828",206.50,208.00,195.50,195.50,-10.50,"1,814",
111/06/21,"1,953,136","384,193,100",198.00,199.00,193.00,197.00,+1.50,"1,773",
111/06/22,"3,883,847","722,140,360",198.00,198.50,180.50,184.00,-13.00,"3,102",
111/06/23,"2,067,370","383,865,311",188.00,189.50,182.50,185.50,+1.50,"1,712",
111/06/24,"1,920,123","361,599,691",187.00,192.50,184.00,187.00,+1.50,"1,835",
111/06/27,"1,773,859","347,676,748",190.00,200.00,190.00,194.50,+7.50,"2,090",
111/06/28,"1,502,549","285,377,599",195.00,195.50,185.00,191.50,-3.00,"1,346",
111/06/29,"502,539","94,782,458",186.50,190.50,186.50,189.00,-2.50,479,
111/06/30,"2,891,325","518,756,922",189.00,190.00,177.00,178.50,-10.50,"2,223",
111/07/01,"1,815,461","321,924,104",180.00,183.50,173.00,173.50,-5.00,"1,418",
111/07/04,"1,291,777","221,529,175",177.50,177.50,168.00,172.50,-1.00,"1,739",
111/07/05,"1,621,218","275,350,526",176.00,177.00,165.50,170.50,-2.00,"2,584",
111/07/06,"3,304,500","547,146,562",173.00,174.00,162.00,163.50,-7.00,"2,760",
111/07/07,"3,972,124","648,061,938",166.00,166.50,158.00,165.00,+1.50,"2,590",
111/07/08,"2,373,154","397,607,615",167.50,170.50,164.50,166.50,+1.50,"1,657",
111/07/11,"1,170,172","196,875,790",169.00,170.50,166.00,168.00,+1.50,"1,630",
111/07/12,"3,595,565","553,318,078",162.50,163.50,151.50,151.50,-16.50,"3,012",
111/07/13,"8,388,472","1,252,952,555",155.50,156.00,145.00,149.00,-2.50,"5,752",
111/07/14,"5,301,314","817,851,643",148.50,158.00,147.00,157.00,+8.00,"3,491",
111/07/15,"5,523,114","838,050,086",154.50,156.50,146.50,154.50,-2.50,"3,886",
111/07/18,"4,256,361","646,447,345",153.00,156.00,148.50,156.00,+1.50,"3,206",
111/07/19,"4,040,717","648,214,185",153.00,164.00,153.00,160.00,+4.00,"2,969",
111/07/20,"5,917,563","975,359,750",163.00,168.00,162.00,163.50,+3.50,"3,989",
111/07/21,"3,396,754","570,751,915",166.00,170.00,163.50,170.00,+6.50,"2,576",
111/07/22,"4,884,375","823,709,254",171.50,174.50,165.50,166.50,-3.50,"3,405",
111/07/25,"2,836,562","460,465,377",166.00,166.50,160.50,161.50,-5.00,"2,197",
111/07/26,"2,117,866","340,226,869",162.00,163.00,158.50,161.00,-0.50,"1,837",
111/07/27,"1,059,598","171,191,369",161.00,164.00,158.00,164.00,+3.00,916,
111/07/28,"4,115,223","654,467,677",166.50,166.50,155.50,158.50,-5.50,"3,540",
111/07/29,"2,838,341","466,998,761",161.00,167.00,159.00,166.00,+7.50,"2,272",
111/08/01,"3,482,746","585,860,273",167.50,171.50,163.50,168.00,+2.00,"2,687",
111/08/02,"3,203,983","525,014,345",166.00,167.00,161.00,163.00,-5.00,"3,099",
111/08/03,"2,136,419","346,410,465",162.00,164.00,160.00,161.50,-1.50,"1,864",
111/08/04,"2,724,329","436,500,499",160.50,162.50,157.00,162.00,+0.50,"1,781",
111/08/05,"1,416,613","231,384,402",162.00,164.50,161.00,163.50,+1.50,"1,189",
111/08/08,"1,337,426","213,381,505",160.50,161.00,158.00,160.00,-3.50,"1,132",
111/08/09,"1,213,803","196,320,768",159.00,164.00,158.50,163.00,+3.00,"1,140",
111/08/10,"1,148,263","186,190,479",161.00,163.50,160.50,161.50,-1.50,864,
111/08/11,"2,948,463","487,148,951",164.50,167.00,162.00,166.50,+5.00,"2,541",
111/08/12,"3,350,333","569,329,962",166.50,172.50,165.50,171.00,+4.50,"2,528",
111/08/15,"5,233,014","923,121,370",175.00,180.00,171.50,176.50,+5.50,"3,945",
111/08/16,"2,641,195","466,095,735",177.50,178.00,175.00,175.00,-1.50,"2,303",
111/08/17,"2,211,935","389,911,226",176.00,178.00,174.00,176.00,+1.00,"1,758",
111/08/18,"2,322,236","403,337,734",175.00,176.00,171.50,174.50,-1.50,"1,846",
111/08/19,"2,629,479","467,983,032",176.00,181.00,174.50,176.50,+2.00,"2,063",
111/08/22,"4,074,793","707,294,987",171.00,178.00,170.00,174.00,-2.50,"2,336",
111/08/23,"2,332,985","406,388,095",172.00,176.00,172.00,174.00, 0.00,"1,247",
111/08/24,"2,956,343","512,586,715",175.00,176.00,172.00,173.00,-1.00,"1,521",
111/08/25,"4,769,073","778,203,129",165.50,167.00,163.00,164.50,X0.00,"1,477",
111/08/26,"1,075,037","178,299,238",166.50,167.00,164.50,165.50,+1.00,875,
111/08/29,"1,861,877","293,836,649",160.50,161.00,156.50,157.50,-8.00,"1,678",
111/08/30,"1,175,772","186,662,424",157.50,161.50,157.00,160.00,+2.50,842,
111/08/31,"577,705","93,257,616",159.50,162.50,159.00,162.00,+2.00,528,
111/09/01,"1,492,315","235,790,217",161.00,161.00,156.50,157.50,-4.50,"1,199",
111/09/02,"5,851,275","987,121,908",158.50,173.00,157.50,170.00,+12.50,"3,840",
111/09/05,"8,287,610","1,431,565,205",171.00,176.00,168.00,171.50,+1.50,"7,843",
111/09/06,"8,637,339","1,475,423,018",172.00,179.50,163.50,164.50,-7.00,"7,108",
111/09/07,"4,129,764","691,189,046",163.00,171.50,159.50,170.50,+6.00,"3,453",
111/09/08,"4,953,754","847,907,650",171.50,175.50,169.00,170.00,-0.50,"5,361",
111/09/12,"2,632,038","449,564,466",173.50,174.50,168.00,171.00,+1.00,"2,116",
111/09/13,"1,944,975","332,984,144",173.00,173.50,170.00,171.00, 0.00,"2,276",
111/09/14,"1,545,597","258,940,517",166.00,170.00,165.00,166.50,-4.50,"1,360",
111/09/15,"4,079,294","705,608,925",167.50,176.00,166.00,174.00,+7.50,"4,154",
111/09/16,"4,861,602","842,191,166",174.00,178.00,169.00,171.50,-2.50,"5,462",
111/09/19,"1,554,354","261,958,569",171.50,172.00,166.50,167.00,-4.50,"1,332",
111/09/20,"2,645,314","450,137,878",169.00,172.00,168.00,172.00,+5.00,"1,964",
111/09/21,"2,155,504","366,970,644",170.50,172.50,168.50,170.50,-1.50,"2,418",
111/09/22,"2,655,232","445,496,163",168.00,169.50,165.00,168.50,-2.00,"2,187",
111/09/23,"1,416,259","237,302,669",168.50,170.50,165.50,166.50,-2.00,"1,869",
111/09/26,"2,657,908","438,926,137",166.50,167.50,161.00,167.50,+1.00,"2,734",
111/09/27,"5,536,005","957,471,111",168.00,176.00,168.00,176.00,+8.50,"4,761",
111/09/28,"6,039,742","1,044,699,124",176.00,178.00,166.50,168.00,-8.00,"6,520",
111/09/29,"6,867,469","1,118,391,295",170.50,172.50,155.50,158.50,-9.50,"8,658",
111/09/30,"5,476,219","832,842,987",153.50,160.00,149.00,160.00,+1.50,"4,119",
111/10/03,"2,862,577","454,520,698",156.50,164.00,154.50,160.00, 0.00,"2,196",
111/10/04,"2,954,619","474,551,793",163.00,165.00,157.00,161.50,+1.50,"2,492",
111/10/05,"2,809,331","457,421,748",164.50,167.00,159.00,159.50,-2.00,"3,030",
111/10/06,"1,437,562","230,323,178",162.00,163.00,158.50,159.50, 0.00,"1,363",
111/10/07,"1,378,485","215,270,159",158.00,159.50,154.50,155.00,-4.50,"1,293",
111/10/11,"4,001,990","570,369,456",149.00,150.50,139.50,139.50,-15.50,"3,383",
111/10/12,"3,474,018","478,498,146",139.50,141.50,134.00,138.00,-1.50,"2,549",
111/10/13,"2,128,814","291,465,900",136.50,139.00,134.50,136.50,-1.50,"1,615",
111/10/14,"1,933,848","275,387,824",142.50,144.50,140.00,141.50,+5.00,"1,837",
111/10/17,"1,678,416","231,062,310",138.00,142.00,135.00,139.00,-2.50,"1,903",
111/10/18,"1,115,084","159,525,071",141.50,144.50,141.00,143.50,+4.50,"1,037",
111/10/19,"1,432,309","205,857,920",143.50,146.50,142.00,142.00,-1.50,"1,512",
111/10/20,"3,712,836","511,901,125",140.50,144.00,133.00,144.00,+2.00,"3,104",
111/10/21,"2,706,299","372,555,537",140.00,141.00,135.00,135.00,-9.00,"2,328",
111/10/24,"2,918,198","408,455,179",138.00,142.50,137.50,139.50,+4.50,"2,086",
111/10/25,"5,548,413","745,247,849",137.00,139.00,130.50,136.00,-3.50,"4,575",
111/10/26,"5,383,276","701,791,824",133.50,134.50,128.00,130.00,-6.00,"4,315",
111/10/27,"4,397,439","601,614,392",131.50,139.50,130.50,139.00,+9.00,"3,136",
111/10/28,"2,433,806","333,486,012",135.50,140.00,135.00,137.00,-2.00,"2,224",
111/10/31,"5,746,313","826,501,257",141.50,146.50,140.50,146.50,+9.50,"4,170",
111/11/01,"7,076,327","1,055,487,081",148.00,154.00,146.00,148.00,+1.50,"5,524",
111/11/02,"9,635,328","1,519,323,240",149.50,162.50,148.50,157.50,+9.50,"6,262",
111/11/03,"4,949,348","787,089,634",154.50,161.50,153.50,160.50,+3.00,"3,757",
111/11/04,"3,879,423","624,303,004",159.50,164.50,157.50,164.50,+4.00,"3,349",
111/11/07,"4,512,320","735,526,277",166.00,166.50,158.50,164.50, 0.00,"3,982",
111/11/08,"3,749,756","618,958,637",165.50,170.00,162.00,163.50,-1.00,"2,872",
111/11/09,"3,079,889","516,363,902",164.50,170.00,164.00,169.00,+5.50,"2,549",
111/11/10,"1,611,019","272,374,298",168.00,171.00,166.50,170.50,+1.50,"1,499",
111/11/11,"4,338,471","755,481,547",176.00,178.00,169.50,174.50,+4.00,"4,523",
111/11/14,"3,550,836","613,560,461",176.50,178.00,170.50,172.00,-2.50,"3,045",
111/11/15,"1,878,157","324,038,224",172.00,174.50,169.50,173.50,+1.50,"1,834",
111/11/16,"2,687,910","468,461,188",175.50,176.50,171.00,174.00,+0.50,"2,728",
111/11/17,"2,320,203","408,270,130",174.00,178.00,173.00,175.50,+1.50,"2,370",
111/11/18,"2,268,620","400,956,477",177.50,179.00,174.50,175.50, 0.00,"3,849",
111/11/21,"1,244,002","216,204,411",177.50,177.50,172.50,172.50,-3.00,"2,030",
111/11/22,"2,482,927","436,035,982",173.50,177.50,172.50,177.00,+4.50,"2,376",
111/11/23,"6,345,170","1,160,879,692",178.50,188.00,176.00,186.00,+9.00,"8,897",
111/11/24,"6,115,721","1,132,597,683",187.00,188.50,180.00,186.50,+0.50,"6,616",
111/11/25,"2,762,553","506,109,596",187.00,188.00,180.00,180.00,-6.50,"3,079",
111/11/28,"2,932,984","526,329,453",180.00,182.50,177.00,180.50,+0.50,"2,118",
111/11/29,"2,784,879","508,870,722",180.00,186.00,179.50,182.50,+2.00,"2,556",
111/11/30,"5,789,676","1,099,315,084",184.00,194.00,182.00,190.50,+8.00,"4,973",
111/12/01,"5,784,447","1,138,734,182",193.50,201.00,191.50,196.50,+6.00,"5,236",
111/12/02,"2,058,573","396,757,594",196.50,196.50,190.00,190.50,-6.00,"5,705",
111/12/05,"2,112,675","407,149,754",191.00,195.00,190.50,191.50,+1.00,"2,519",
111/12/06,"3,379,197","642,217,835",190.00,193.00,189.00,189.50,-2.00,"3,288",
111/12/07,"3,922,349","724,470,138",188.00,189.00,181.00,186.50,-3.00,"5,154",
111/12/08,"3,129,247","592,488,291",185.00,194.00,183.50,193.50,+7.00,"2,915",
111/12/09,"3,160,009","615,499,787",193.50,197.50,189.50,197.50,+4.00,"3,268",
111/12/12,"4,257,333","811,212,458",195.00,196.00,188.00,189.50,-8.00,"7,627",
111/12/13,"1,797,924","339,963,114",192.00,192.50,186.00,187.00,-2.50,"2,195",
111/12/14,"3,442,409","646,785,883",189.00,193.50,183.50,189.00,+2.00,"2,491",
111/12/15,"1,771,592","335,837,188",187.50,192.00,186.50,189.00, 0.00,"1,723",
111/12/16,"6,029,921","1,105,350,455",185.50,188.00,182.00,182.00,-7.00,"3,373",
111/12/19,"6,506,395","1,176,930,813",182.00,183.50,177.50,181.50,-0.50,"3,263",
111/12/20,"6,573,129","1,149,494,742",180.00,182.00,172.50,173.00,-8.50,"4,241",
111/12/21,"5,851,493","1,006,213,544",173.50,175.00,169.50,172.50,-0.50,"3,088",
111/12/22,"4,978,203","871,733,789",175.00,178.00,171.00,178.00,+5.50,"2,725",
111/12/23,"2,034,008","356,765,228",173.00,178.00,171.50,176.50,-1.50,"1,746",
111/12/26,"662,679","116,534,729",177.00,179.00,173.50,174.50,-2.00,727,
111/12/27,"583,766","102,621,516",175.50,176.50,174.50,176.00,+1.50,553,
111/12/28,"600,700","104,199,670",174.50,175.50,172.00,173.00,-3.00,584,
111/12/29,"1,179,951","203,345,318",171.50,174.50,169.00,174.00,+1.00,"1,552",
111/12/30,"1,200,261","206,902,601",176.00,177.00,171.00,171.00,-3.00,"1,757",
112/01/03,"1,490,926","260,000,449",169.00,177.50,169.00,176.50,+5.50,"1,391",
112/01/04,"1,495,316","267,755,945",175.00,181.00,174.50,180.00,+3.50,"2,409",
112/01/05,"2,811,947","490,610,483",180.00,181.50,171.50,174.50,-5.50,"2,686",
112/01/06,"1,724,663","302,507,470",174.00,177.50,172.50,176.50,+2.00,"1,377",
112/01/09,"2,070,739","378,539,966",179.50,185.00,179.50,185.00,+8.50,"1,690",
112/01/10,"1,140,016","211,643,108",185.00,188.00,183.00,186.00,+1.00,"1,181",
112/01/11,"1,059,697","193,200,937",187.00,187.50,181.00,181.00,-5.00,"1,724",
112/01/12,"1,769,045","325,679,538",183.00,187.00,182.00,184.00,+3.00,"2,062",
112/01/13,"1,599,221","289,360,833",186.50,186.50,179.50,180.00,-4.00,"2,113",
112/01/16,"5,361,800","936,620,000",176.50,179.50,169.50,176.50,-3.50,"4,018",
112/01/17,"2,013,797","356,768,699",175.00,178.50,175.00,178.50,+2.00,"1,445",
112/01/30,"1,863,400","337,264,405",184.00,184.50,179.50,180.50,+2.00,"1,530",
112/01/31,"4,262,116","775,329,589",183.00,187.00,179.00,180.50, 0.00,"3,557",
112/02/01,"5,251,469","994,384,227",184.00,194.00,182.00,189.00,+8.50,"4,787",
112/02/02,"2,557,674","482,171,388",189.50,191.50,186.50,187.00,-2.00,"5,177",
112/02/03,"2,367,138","448,944,824",189.00,192.00,186.50,190.00,+3.00,"2,191",
112/02/06,"1,954,149","360,490,460",188.00,188.00,182.50,182.50,-7.50,"2,981",
112/02/07,"1,977,944","361,009,546",182.50,184.50,181.00,184.00,+1.50,"1,632",
112/02/08,"1,658,770","305,416,127",185.00,186.00,182.50,184.50,+0.50,"1,775",
112/02/09,"1,993,140","375,835,338",185.00,191.00,183.50,190.00,+5.50,"2,272",
112/02/10,"2,298,086","437,538,750",191.50,192.50,188.00,190.00, 0.00,"2,153",
112/02/13,"2,117,818","405,826,592",190.50,193.50,189.50,191.50,+1.50,"4,061",
112/02/14,"1,495,413","283,720,386",193.00,193.50,188.00,189.50,-2.00,"4,319",
112/02/15,"1,417,738","266,439,789",188.50,190.50,186.00,187.00,-2.50,"1,546",
112/02/16,"632,926","120,292,847",189.50,191.00,188.50,190.50,+3.50,597,
112/02/17,"818,260","153,431,699",188.50,189.50,186.00,187.50,-3.00,"1,645",
112/02/20,"1,782,258","336,038,249",187.50,190.50,184.50,190.50,+3.00,"1,610",
112/02/21,"1,886,553","362,162,800",190.50,193.50,189.50,192.00,+1.50,"1,791",
112/02/22,"1,667,169","311,228,692",190.00,190.00,185.00,185.50,-6.50,"5,108",
112/02/23,"1,324,798","245,350,803",187.00,188.00,184.50,185.00,-0.50,"1,830",
112/02/24,"4,137,323","792,402,913",188.50,195.00,188.00,190.50,+5.50,"3,373",
112/03/01,"1,676,924","313,622,851",190.00,190.50,185.00,188.00,-2.50,"6,757",
112/03/02,"736,223","138,742,323",188.00,189.50,186.50,189.00,+1.00,902,
112/03/03,"1,898,820","363,220,883",190.00,194.00,189.00,189.50,+0.50,"1,601",
112/03/06,"1,624,556","312,937,963",191.50,195.00,191.50,192.50,+3.00,"1,307",
112/03/07,"1,302,666","252,747,071",193.50,195.50,191.00,194.50,+2.00,"1,284",
112/03/08,"844,779","164,149,872",193.00,196.00,191.50,195.00,+0.50,"1,223",
112/03/09,"2,122,009","405,654,531",196.00,196.00,190.00,190.00,-5.00,"6,848",
112/03/10,"1,990,800","369,618,884",190.00,191.00,182.50,183.50,-6.50,"1,780",
112/03/13,"2,658,607","475,999,778",183.00,183.00,177.00,180.00,-3.50,"2,380",
112/03/14,"3,515,408","611,267,859",177.00,178.50,171.00,172.50,-7.50,"3,405",
112/03/15,"2,623,173","451,231,230",174.00,175.00,170.50,171.00,-1.50,"2,291",
112/03/16,"2,729,330","464,635,001",171.50,173.50,168.00,169.50,-1.50,"1,970",
112/03/17,"2,102,880","357,355,649",171.50,172.50,168.00,170.50,+1.00,"1,699",
112/03/20,"1,548,482","262,951,898",171.00,171.00,168.50,170.50, 0.00,"1,265",
112/03/21,"2,027,098","350,246,537",172.00,174.50,170.50,173.00,+2.50,"1,633",
112/03/22,"2,669,874","473,631,978",174.50,180.00,174.00,178.50,+5.50,"2,159",
112/03/23,"2,529,749","449,191,928",178.00,179.00,176.00,178.00,-0.50,"1,721",
112/03/24,"1,956,764","348,340,551",178.00,179.50,177.00,177.00,-1.00,"1,414",
112/03/27,"1,737,347","311,622,322",178.50,181.00,176.50,180.00,+3.00,"1,376",
112/03/28,"2,085,462","369,018,713",180.00,181.50,174.50,176.00,-4.00,"1,542",
112/03/29,"1,646,372","294,203,103",177.50,180.50,176.50,179.50,+3.50,"1,140",
112/03/30,"1,231,844","224,430,981",181.00,183.00,180.50,183.00,+3.50,"1,252",
112/03/31,"879,309","160,059,642",184.50,184.50,181.00,182.00,-1.00,"2,089",
112/04/06,"1,071,941","191,807,165",181.00,182.50,178.00,178.50,-3.50,865,
112/04/07,"592,782","107,099,663",180.50,182.00,179.50,179.50,+1.00,550,
112/04/10,"539,436","97,580,979",180.00,182.50,178.50,182.00,+2.50,509,
112/04/11,"2,030,505","375,133,840",182.00,186.50,181.50,185.00,+3.00,"1,461",
112/04/12,"1,475,899","274,334,028",185.50,188.00,184.00,185.50,+0.50,"1,030",
112/04/13,"1,926,699","352,255,339",184.00,186.50,180.50,183.00,-2.50,"1,783",
112/04/14,"1,744,087","322,944,694",185.00,186.50,183.50,185.00,+2.00,"1,210",
112/04/17,"1,423,493","260,461,808",184.50,184.50,180.50,183.50,-1.50,"1,727",
112/04/18,"495,250","90,441,807",184.00,184.00,181.50,182.00,-1.50,527,
112/04/19,"2,060,564","365,565,090",182.00,182.50,175.00,176.50,-5.50,"1,853",
112/04/20,"1,163,266","203,027,769",176.50,177.00,173.00,173.00,-3.50,"1,047",
112/04/21,"2,015,699","343,582,060",173.00,174.00,169.00,169.00,-4.00,"1,732",
112/04/24,"1,522,096","255,465,706",169.00,171.00,166.50,167.00,-2.00,"1,452",
112/04/25,"2,715,387","438,792,235",168.00,168.00,159.00,160.00,-7.00,"2,569",
112/04/26,"4,915,331","751,669,590",157.00,159.00,150.00,153.50,-6.50,"3,967",
112/04/27,"6,513,694","1,061,335,009",155.00,168.00,153.00,162.00,+8.50,"4,841",
112/04/28,"3,885,216","643,939,556",164.50,169.00,163.00,163.50,+1.50,"3,525",
112/05/02,"2,114,836","340,837,082",164.00,164.50,159.50,160.00,-3.50,"2,351",
112/05/03,"2,292,421","375,029,581",159.00,165.50,159.00,164.50,+4.50,"1,688",
112/05/04,"2,426,780","400,786,467",163.50,167.50,163.00,164.00,-0.50,"2,503",
112/05/05,"3,538,771","597,484,454",163.50,170.50,163.00,170.00,+6.00,"2,606",
112/05/08,"2,244,786","386,649,826",172.00,173.50,169.00,172.00,+2.00,"1,812",
112/05/09,"1,670,488","284,666,830",171.50,172.50,168.00,171.00,-1.00,"1,275",
112/05/10,"1,548,154","260,498,279",171.00,171.00,167.00,168.00,-3.00,"2,435",
112/05/11,"1,069,513","177,295,832",168.50,169.00,164.50,165.50,-2.50,905,
112/05/12,"1,825,911","297,787,741",165.00,166.00,161.50,161.50,-4.00,"1,677",
112/05/15,"2,083,973","341,147,400",160.50,165.50,160.50,164.00,+2.50,"1,307",
112/05/16,"2,460,813","418,715,520",169.00,171.50,167.50,170.50,+6.50,"1,951",
112/05/17,"2,190,507","372,572,869",170.50,171.50,169.00,169.50,-1.00,"4,065",
112/05/18,"4,830,604","856,794,563",172.50,180.50,172.00,179.00,+9.50,"3,403",
112/05/19,"5,519,226","1,013,186,949",182.00,186.50,178.00,184.50,+5.50,"4,035",
112/05/22,"13,386,171","2,589,590,225",185.50,202.00,185.50,191.00,+6.50,"23,877",
112/05/23,"5,381,922","1,010,351,152",191.50,191.50,185.00,187.50,-3.50,"10,626",
112/05/24,"6,821,183","1,302,444,778",189.50,194.50,187.50,190.50,+3.00,"5,323",
112/05/25,"13,972,285","2,794,759,039",198.00,206.50,190.50,204.00,+13.50,"14,014",
112/05/26,"12,235,693","2,511,299,506",208.00,211.00,200.50,202.50,-1.50,"15,768",
112/05/29,"7,426,722","1,527,203,812",209.00,210.50,200.00,204.50,+2.00,"12,410",
112/05/30,"5,825,477","1,207,489,890",204.50,211.50,201.50,211.50,+7.00,"6,964",
112/05/31,"8,210,034","1,727,482,144",212.50,215.00,207.00,211.00,-0.50,"13,715",
112/06/01,"3,588,420","748,373,253",210.00,211.00,206.50,210.00,-1.00,"3,616",
112/06/02,"3,620,839","760,434,844",212.50,212.50,206.50,210.00, 0.00,"5,536",
112/06/05,"2,838,818","593,163,154",211.50,212.00,205.00,209.00,-1.00,"3,484",
112/06/06,"5,580,342","1,175,664,853",213.50,214.50,207.00,209.50,+0.50,"4,272",
112/06/07,"7,780,010","1,760,458,280",215.50,230.00,213.00,230.00,+20.50,"4,474",
112/06/08,"13,640,741","3,187,066,980",230.00,243.50,228.00,230.50,+0.50,"10,659",
112/06/09,"7,881,494","1,854,425,246",236.00,240.00,231.50,234.50,+4.00,"10,302",
112/06/12,"5,105,975","1,193,746,654",235.00,236.50,228.50,235.50,+1.00,"5,058",
112/06/13,"5,246,133","1,237,698,646",237.50,241.00,232.00,239.00,+3.50,"4,922",
112/06/14,"6,148,319","1,485,704,462",239.00,246.00,237.50,242.50,+3.50,"5,482",
112/06/15,"5,096,124","1,248,103,640",244.00,250.00,241.00,249.00,+6.50,"4,780",
112/06/16,"4,181,101","1,024,130,305",249.00,249.00,242.00,244.00,-5.00,"10,139",
112/06/19,"3,925,174","952,162,353",243.50,246.50,238.00,241.50,-2.50,"3,584",
112/06/20,"3,672,147","897,232,760",244.00,247.50,241.00,243.00,+1.50,"4,836",
112/06/21,"2,947,624","710,500,351",244.50,244.50,238.50,240.50,-2.50,"5,814",
112/06/26,"4,234,059","981,877,970",235.00,236.00,230.00,232.00,-8.50,"4,880",
112/06/27,"4,632,739","1,057,951,496",227.50,233.00,225.00,226.50,-5.50,"5,835",
112/06/28,"3,274,426","747,420,424",231.00,232.00,226.00,226.00,-0.50,"2,966",
112/06/29,"3,581,191","835,689,191",229.00,237.00,227.50,236.00,+10.00,"3,874",
112/06/30,"3,457,257","833,757,403",235.00,245.00,233.50,243.50,+7.50,"3,488",
112/07/03,"4,839,046","1,177,653,950",238.50,248.50,235.00,247.50,+4.00,"5,421",
112/07/04,"10,168,765","2,639,747,163",248.00,269.50,246.00,263.00,+15.50,"10,774",
112/07/05,"10,747,781","2,881,299,239",265.50,275.50,259.00,269.00,+6.00,"9,267",
112/07/06,"9,860,288","2,652,999,166",263.00,274.00,263.00,266.50,-2.50,"9,390",
112/07/07,"5,418,441","1,420,667,140",264.50,268.00,258.00,260.50,-6.00,"7,230",
112/07/10,"9,467,105","2,606,514,582",261.00,283.50,260.50,277.50,+17.00,"9,339",
112/07/11,"12,148,932","3,562,110,941",279.00,304.00,279.00,295.00,+17.50,"12,244",
112/07/12,"8,398,145","2,498,049,281",291.50,305.00,291.50,297.50,+2.50,"13,385",
112/07/13,"14,660,767","4,519,933,033",300.00,319.00,297.50,304.50,+7.00,"14,029",
112/07/14,"7,555,280","2,314,246,795",310.00,314.00,298.00,306.50,+2.00,"9,315",
112/07/17,"5,780,776","1,768,169,484",301.00,313.00,301.00,305.00,-1.50,"5,609",
112/07/18,"14,896,757","4,816,352,563",319.50,333.00,311.00,326.00,+21.00,"12,132",
112/07/19,"8,246,589","2,637,270,004",325.50,327.50,312.50,318.00,-8.00,"8,817",
112/07/20,"13,801,254","4,565,748,163",327.00,340.00,324.00,330.50,+12.50,"11,201",
112/07/21,"15,059,932","4,892,175,722",299.50,334.50,299.50,324.50,-6.00,"13,027",
112/07/24,"11,238,191","3,844,560,892",325.00,356.50,325.00,356.50,+32.00,"9,690",
112/07/25,"15,702,782","5,599,646,983",356.00,363.50,347.00,354.50,-2.00,"11,939",
112/07/26,"8,196,547","2,927,063,286",358.50,362.00,350.50,354.00,-0.50,"6,636",
112/07/27,"3,309,066","1,287,226,674",389.00,389.00,389.00,389.00,+35.00,"1,322",
112/07/28,"23,189,159","9,712,980,130",409.00,427.50,403.00,418.00,+29.00,"13,820",
112/07/31,"15,147,056","6,308,929,102",428.50,433.50,391.50,414.00,-4.00,"12,237",
112/08/01,"11,234,912","4,573,109,131",408.50,419.50,397.00,403.50,-10.50,"8,936",
112/08/02,"19,329,296","7,962,073,718",405.50,427.00,393.00,400.50,-3.00,"17,277",
112/08/04,"14,920,256","5,943,890,822",396.00,406.00,388.00,400.00,-0.50,"11,574",
112/08/07,"17,145,182","7,391,150,612",415.00,440.00,414.00,440.00,+40.00,"14,625",
112/08/08,"14,912,520","6,570,935,348",440.50,452.00,430.50,440.50,+0.50,"13,375",
112/08/09,"10,984,770","4,799,181,179",431.50,446.50,422.50,443.50,+3.00,"9,419",
112/08/10,"17,355,275","7,140,313,137",434.50,437.50,399.50,406.50,-37.00,"14,633",
112/08/11,"14,415,027","5,811,528,780",402.00,413.50,391.50,405.00,-1.50,"12,076",
112/08/14,"8,367,610","3,392,124,884",394.00,413.50,393.00,406.00,+1.00,"7,266",
112/08/15,"10,570,332","4,507,679,029",424.00,435.50,418.00,425.00,+19.00,"9,448",
112/08/16,"9,254,828","4,014,615,819",419.00,442.50,417.50,438.50,+13.50,"8,435",
112/08/17,"10,920,202","4,741,581,961",437.50,441.50,424.00,435.50,-3.00,"9,246",
112/08/18,"11,626,808","5,014,882,587",432.50,443.50,416.50,427.00,-8.50,"9,906",
112/08/21,"4,142,101","1,774,747,297",435.00,439.50,421.00,422.00,-5.00,"3,943",
112/08/22,"5,847,890","2,537,966,300",433.00,439.50,426.50,433.50,+11.50,"5,186",
112/08/23,"9,555,064","4,238,579,649",433.50,454.50,431.00,442.00,+8.50,"9,412",
112/08/24,"11,764,554","5,308,881,009",450.00,462.00,441.00,445.00,X0.00,"10,716",
112/08/25,"9,562,064","4,089,584,673",430.00,442.00,415.50,420.00,-25.00,"10,378",
112/08/28,"6,965,503","2,852,793,732",423.00,425.50,403.50,404.00,-16.00,"7,354",
112/08/29,"4,830,106","1,949,666,002",408.50,411.50,397.00,403.50,-0.50,"5,299",
112/08/30,"8,188,741","3,425,313,706",420.00,427.00,413.00,415.50,+12.00,"6,672",
112/08/31,"14,593,075","6,372,400,158",420.00,447.00,420.00,437.50,+22.00,"12,765",
112/09/01,"9,261,262","4,070,256,271",445.00,449.50,427.00,438.50,+1.00,"8,224",
112/09/04,"8,053,599","3,529,031,355",442.50,446.50,431.00,439.00,+0.50,"7,204",
112/09/05,"12,262,664","5,520,630,643",439.00,457.50,438.00,455.00,+16.00,"10,359",
112/09/06,"10,133,950","4,543,868,809",460.00,460.00,441.50,450.00,-5.00,"9,201",
112/09/07,"2,900,671","1,293,978,217",447.00,449.50,442.00,446.50,-3.50,"2,918",
112/09/08,"6,361,899","2,829,788,937",447.50,454.00,434.00,446.50, 0.00,"5,482",
112/09/11,"6,818,507","2,957,574,438",448.00,449.00,421.00,437.00,-9.50,"6,637",
112/09/12,"4,757,861","2,068,932,163",435.00,442.00,425.00,431.00,-6.00,"4,456",
112/09/13,"9,579,753","3,979,373,677",431.00,431.00,406.00,421.50,-9.50,"9,079",
112/09/14,"5,522,055","2,346,921,163",423.00,432.00,421.00,424.00,+2.50,"5,094",
112/09/15,"7,495,571","3,150,488,108",423.00,426.00,411.50,423.00,-1.00,"6,384",
112/09/18,"5,337,020","2,180,377,700",417.00,417.00,404.50,406.50,-16.50,"5,427",
112/09/19,"5,788,506","2,317,670,993",404.50,411.50,394.00,398.00,-8.50,"5,921",
112/09/20,"6,288,270","2,560,937,809",399.50,417.00,398.00,406.50,+8.50,"5,554",
112/09/21,"7,882,720","3,087,591,165",398.00,402.00,386.00,392.50,-14.00,"7,294",
112/09/22,"6,408,514","2,531,937,359",389.00,406.00,382.00,402.00,+9.50,"5,788",
112/09/25,"3,447,825","1,404,713,289",402.00,412.00,400.00,408.50,+6.50,"3,214",
112/09/26,"4,038,830","1,670,457,657",410.00,417.00,409.00,415.00,+6.50,"3,647",
112/09/27,"2,913,827","1,206,242,816",412.00,418.00,406.50,418.00,+3.00,"2,732",
112/09/28,"4,797,462","2,051,978,065",421.50,433.00,421.00,428.00,+10.00,"4,435",
112/10/02,"7,657,046","3,432,409,047",438.00,454.50,438.00,449.00,+21.00,"7,114",
112/10/03,"3,745,380","1,654,702,411",447.50,451.50,435.00,435.50,-13.50,"4,258",
112/10/04,"3,126,453","1,361,579,037",428.00,441.00,427.00,441.00,+5.50,"2,881",
112/10/05,"5,144,620","2,271,947,653",440.50,450.00,429.00,445.00,+4.00,"4,938",
112/10/06,"5,393,601","2,379,987,466",449.50,450.00,433.50,439.50,-5.50,"4,859",
112/10/11,"8,466,680","3,716,619,042",445.00,449.00,430.00,431.00,-8.50,"6,417",
112/10/12,"4,434,033","1,918,751,701",435.50,444.00,426.00,428.50,-2.50,"4,690",
112/10/13,"7,512,311","3,258,027,629",435.50,443.50,423.00,425.50,-3.00,"6,761",
112/10/16,"4,944,808","2,056,151,914",421.00,422.00,410.50,411.00,-14.50,"4,611",
112/10/17,"5,484,110","2,277,318,745",417.00,421.00,404.00,418.00,+7.00,"4,528",
112/10/18,"9,348,875","3,770,483,176",405.50,412.00,397.00,402.00,-16.00,"6,596",
112/10/19,"5,279,621","2,105,248,943",393.00,407.00,392.50,400.00,-2.00,"4,783",
112/10/20,"5,390,541","2,142,458,418",398.50,405.50,386.00,403.00,+3.00,"4,684",
112/10/23,"3,584,374","1,442,342,186",399.00,408.00,397.50,400.00,-3.00,"3,090",
112/10/24,"3,908,212","1,588,701,692",400.00,413.50,396.00,413.50,+13.50,"3,611",
112/10/25,"3,519,887","1,462,257,812",412.50,419.50,410.00,415.50,+2.00,"3,059",
112/10/26,"8,745,847","3,482,992,853",410.00,413.50,388.50,388.50,-27.00,"8,804",
112/10/27,"6,507,561","2,523,334,386",393.00,396.00,381.50,383.00,-5.50,"6,584",
112/10/30,"3,145,517","1,216,925,630",384.50,392.50,382.50,387.00,+4.00,"2,890",
112/10/31,"7,636,905","2,830,273,484",389.50,392.50,353.00,359.00,-28.00,"8,225",
112/11/01,"5,667,683","2,039,299,281",361.00,363.00,352.00,363.00,+4.00,"4,576",
112/11/02,"7,254,374","2,770,734,442",371.50,390.00,371.50,383.00,+20.00,"6,716",
112/11/03,"4,209,082","1,627,079,117",382.50,393.00,381.00,388.00,+5.00,"3,868",
112/11/06,"4,721,297","1,880,800,533",395.50,401.00,393.00,400.50,+12.50,"4,425",
112/11/07,"3,628,682","1,447,941,904",402.50,404.50,395.00,399.50,-1.00,"3,921",
112/11/08,"4,306,042","1,753,393,286",401.00,414.50,401.00,404.00,+4.50,"4,160",
112/11/09,"3,919,081","1,604,095,571",407.00,413.50,404.00,413.50,+9.50,"3,396",
112/11/10,"3,788,160","1,572,707,749",410.00,418.00,409.00,417.00,+3.50,"3,259",
112/11/13,"3,985,596","1,676,164,282",421.50,425.00,415.00,422.00,+5.00,"3,052",
112/11/14,"4,376,964","1,844,175,135",422.50,429.00,417.00,419.00,-3.00,"3,998",
112/11/15,"6,609,283","2,755,559,808",426.00,426.50,409.50,411.00,-8.00,"5,399",
112/11/16,"4,636,568","1,903,457,348",413.00,414.50,404.50,414.50,+3.50,"3,815",
112/11/17,"3,577,346","1,491,940,317",414.00,421.00,411.00,417.50,+3.00,"3,235",
112/11/20,"7,833,906","3,399,987,076",419.50,446.00,416.00,440.00,+22.50,"7,504",
112/11/21,"7,428,182","3,218,883,075",440.00,441.50,425.50,436.00,-4.00,"6,933",
112/11/22,"4,380,286","1,865,287,555",430.00,431.50,422.00,424.50,-11.50,"4,397",
112/11/23,"4,270,731","1,827,146,694",426.00,434.00,422.00,422.50,-2.00,"3,693",
112/11/24,"3,559,187","1,509,019,747",425.00,430.50,419.50,422.00,-0.50,"3,095",
112/11/27,"6,469,906","2,615,835,604",422.00,423.00,398.00,398.00,-24.00,"7,446",
112/11/28,"16,053,196","6,104,954,880",390.00,390.00,373.50,378.50,-19.50,"16,800",
112/11/29,"10,751,745","4,041,525,925",380.00,386.00,369.00,372.00,-6.50,"11,287",
112/11/30,"11,882,256","4,504,284,814",378.00,386.00,371.00,380.00,+8.00,"10,814",
112/12/01,"8,863,386","3,436,256,475",381.00,395.50,377.00,389.00,+9.00,"8,211",
112/12/04,"7,491,490","2,963,001,426",394.00,403.00,389.50,391.50,+2.50,"6,440",
112/12/05,"4,294,280","1,642,266,662",386.50,387.50,377.50,385.00,-6.50,"4,833",
112/12/06,"2,799,744","1,089,947,252",389.00,393.00,386.00,386.50,+1.50,"2,867",
112/12/07,"2,197,563","848,543,077",385.50,389.50,383.00,384.00,-2.50,"2,122",
112/12/08,"4,118,155","1,619,087,632",389.50,398.50,386.00,393.50,+9.50,"4,042",
112/12/11,"1,978,319","776,941,971",395.00,395.50,391.50,391.50,-2.00,"2,102",
112/12/12,"3,844,776","1,480,099,845",393.00,396.50,380.50,381.00,-10.50,"4,448",
112/12/13,"3,525,369","1,355,496,730",383.50,390.00,381.00,383.00,+2.00,"3,092",
112/12/14,"6,628,197","2,511,116,310",387.00,387.50,375.50,378.00,-5.00,"7,012",
112/12/15,"8,276,157","3,106,119,982",375.50,378.50,372.00,376.00,-2.00,"6,316",
112/12/18,"5,568,278","2,061,746,627",376.00,377.50,368.50,368.50,-7.50,"5,412",
112/12/19,"6,181,154","2,258,314,300",371.00,371.00,362.00,365.50,-3.00,"4,869",
112/12/20,"5,545,676","2,042,580,132",366.50,372.50,365.00,366.50,+1.00,"3,758",
112/12/21,"6,066,844","2,242,107,989",364.50,373.00,359.00,371.00,+4.50,"4,037",
112/12/22,"2,841,970","1,065,613,603",374.00,377.50,371.00,375.50,+4.50,"2,686",
112/12/25,"1,922,176","721,377,304",378.00,380.00,372.00,372.00,-3.50,"1,794",
112/12/26,"1,136,867","425,266,832",374.00,376.50,371.50,374.50,+2.50,"1,216",
112/12/27,"1,764,830","665,074,823",377.00,379.50,372.50,377.50,+3.00,"1,857",
112/12/28,"3,620,840","1,379,732,949",379.00,386.50,377.00,377.00,-0.50,"3,562",
112/12/29,"1,817,794","691,732,399",377.00,383.00,376.00,382.00,+5.00,"1,864",
113/01/02,"5,112,849","1,880,984,499",382.00,382.00,363.00,366.00,-16.00,"6,325",
113/01/03,"3,747,117","1,361,594,759",363.00,368.50,360.50,362.50,-3.50,"3,959",
113/01/04,"4,014,454","1,439,959,797",363.00,366.00,353.00,361.50,-1.00,"4,545",
113/01/05,"2,622,097","952,201,759",361.50,365.50,358.00,365.50,+4.00,"2,442",
113/01/08,"1,932,469","709,411,847",371.00,374.50,362.00,363.00,-2.50,"2,122",
113/01/09,"2,531,042","926,370,341",368.00,371.50,361.50,366.00,+3.00,"2,383",
113/01/10,"2,793,665","1,007,519,892",363.00,364.50,358.50,358.50,-7.50,"2,640",
113/01/11,"5,614,604","2,076,262,216",355.50,378.50,355.00,376.00,+17.50,"5,739",
113/01/12,"4,808,697","1,831,116,951",374.00,383.00,374.00,381.50,+5.50,"4,783",
113/01/15,"5,955,545","2,305,046,265",383.50,393.00,381.50,385.00,+3.50,"5,486",
113/01/16,"4,325,716","1,686,592,408",385.00,394.00,383.50,392.00,+7.00,"4,012",
113/01/17,"4,165,946","1,626,185,316",393.50,395.50,384.00,385.00,-7.00,"4,054",
113/01/18,"2,880,310","1,108,813,396",385.00,393.50,379.50,382.00,-3.00,"3,235",
113/01/19,"6,899,670","2,711,520,329",388.00,398.00,382.00,396.00,+14.00,"6,085",
113/01/22,"15,049,738","6,455,846,689",415.00,435.50,412.50,435.50,+39.50,"11,717",
113/01/23,"6,968,141","3,030,193,897",429.50,439.00,426.50,439.00,+3.50,"6,078",
113/01/24,"4,152,278","1,796,063,817",439.00,441.00,424.50,424.50,-14.50,"4,496",
113/01/25,"5,554,263","2,326,076,682",430.00,431.00,412.00,414.50,-10.00,"10,982",
113/01/26,"3,788,841","1,570,676,279",416.50,419.50,408.50,414.50, 0.00,"3,718",
113/01/29,"4,513,008","1,932,744,717",418.50,434.00,418.50,431.50,+17.00,"4,759",
113/01/30,"12,845,782","5,858,679,649",437.50,474.50,429.00,470.50,+39.00,"12,337",
113/01/31,"8,109,350","3,799,486,553",468.50,478.00,460.00,461.00,-9.50,"9,810",
113/02/01,"7,690,692","3,464,917,133",454.00,456.00,445.50,450.00,-11.00,"7,100",
113/02/02,"10,318,006","4,906,946,287",465.00,484.00,463.00,475.00,+25.00,"9,638",
113/02/05,"9,473,097","4,655,858,956",480.50,500.00,480.00,497.50,+22.50,"9,684",
113/02/15,"10,073,449","5,438,084,959",535.00,547.00,530.00,545.00,+47.50,"11,384",
113/02/16,"8,554,146","4,545,257,931",546.00,550.00,514.00,534.00,-11.00,"8,644",
113/02/19,"5,893,887","3,079,497,538",529.00,541.00,511.00,515.00,-19.00,"7,021",
113/02/20,"6,662,614","3,346,208,169",511.00,513.00,491.00,509.00,-6.00,"7,945",
113/02/21,"4,970,999","2,466,776,503",499.50,505.00,490.50,492.50,-16.50,"6,111",
113/02/22,"6,621,344","3,357,495,565",513.00,519.00,490.50,490.50,-2.00,"6,997",
113/02/23,"8,380,472","4,273,129,779",507.00,520.00,500.00,510.00,+19.50,"10,989",
113/02/26,"4,895,437","2,544,552,354",510.00,529.00,504.00,524.00,+14.00,"5,669",
113/02/27,"6,051,428","3,053,264,386",525.00,525.00,492.00,504.00,-20.00,"7,925",
113/02/29,"6,242,673","3,104,208,681",502.00,505.00,493.00,495.00,-9.00,"6,336",
113/03/01,"8,694,750","4,302,901,941",498.00,510.00,488.00,494.00,-1.00,"9,656",
113/03/04,"7,611,784","3,731,265,790",500.00,502.00,482.00,487.00,-7.00,"8,653",
113/03/05,"7,638,570","3,817,309,712",494.00,509.00,489.00,498.50,+11.50,"7,982",
113/03/06,"6,269,798","3,221,051,252",495.00,525.00,494.00,514.00,+15.50,"7,928",
113/03/07,"11,102,086","5,848,524,036",524.00,538.00,514.00,522.00,+8.00,"11,305",
113/03/08,"9,651,029","4,882,998,160",536.00,536.00,490.00,490.00,-32.00,"14,170",
113/03/11,"5,410,393","2,678,039,876",488.00,501.00,486.50,496.00,+6.00,"5,204",
113/03/12,"16,682,754","7,795,660,968",490.00,498.00,450.00,450.00,-46.00,"23,403",
113/03/13,"21,546,926","8,996,833,443",444.00,449.00,405.00,405.00,-45.00,"27,179",
113/03/14,"19,691,935","7,814,329,634",404.00,410.00,390.00,394.00,-11.00,"20,532",
113/03/15,"17,228,995","7,052,738,188",399.00,416.50,396.00,414.00,+20.00,"13,646",
113/03/18,"9,080,125","3,719,165,048",416.00,418.00,402.00,412.00,-2.00,"8,971",
113/03/19,"12,151,290","5,048,442,487",413.50,424.50,407.00,418.00,+6.00,"11,652",
113/03/20,"8,834,937","3,642,894,499",423.50,423.50,406.00,406.00,-12.00,"9,552",
113/03/21,"10,793,298","4,570,802,043",412.50,435.00,407.50,420.50,+14.50,"11,236",
113/03/22,"9,095,051","3,931,292,326",440.00,440.00,426.50,427.50,+7.00,"9,564",
113/03/25,"3,547,474","1,503,712,264",427.50,430.50,420.50,420.50,-7.00,"4,488",
113/03/26,"4,462,522","1,850,603,948",423.00,429.00,407.00,409.00,-11.50,"5,910",
113/03/27,"2,893,948","1,194,485,235",415.00,418.00,409.00,415.00,+6.00,"3,342",
113/03/28,"7,072,331","2,884,229,159",419.00,424.50,402.50,403.00,-12.00,"8,702",
113/03/29,"4,330,765","1,747,709,816",403.00,407.50,400.00,403.50,+0.50,"4,431",
113/04/01,"6,118,169","2,450,909,190",407.50,408.50,397.50,398.50,-5.00,"7,045",
113/04/02,"4,776,252","1,911,992,027",400.00,405.00,397.50,400.50,+2.00,"4,890",
113/04/03,"7,370,136","3,041,173,714",402.00,419.50,400.50,410.50,+10.00,"7,313",
113/04/08,"19,222,190","8,449,114,878",429.00,449.50,426.50,445.00,+34.50,"19,390",
113/04/09,"10,477,721","4,607,963,162",445.00,450.00,433.50,434.50,-10.50,"12,288",
113/04/10,"15,604,605","6,467,163,929",438.00,438.00,400.00,405.50,-29.00,"24,074",
113/04/11,"7,761,177","3,123,823,019",402.50,407.50,399.50,400.50,-5.00,"10,637",
113/04/12,"3,658,798","1,475,508,858",403.50,408.00,401.00,402.00,+1.50,"5,790",
113/04/15,"8,830,081","3,431,297,225",400.00,403.50,383.00,383.00,-19.00,"16,069",
113/04/16,"8,823,594","3,298,356,778",375.00,380.00,368.50,374.50,-8.50,"11,349",
113/04/17,"6,661,113","2,492,165,458",374.50,378.00,371.00,372.50,-2.00,"9,546",
113/04/18,"5,716,034","2,184,195,409",372.50,391.00,370.00,385.00,+12.50,"6,865",
113/04/19,"8,350,109","3,134,739,519",378.50,388.50,360.00,375.50,-9.50,"10,207",
113/04/22,"8,216,582","2,958,628,021",371.00,372.50,350.50,350.50,-25.00,"11,647",
113/04/23,"8,213,861","3,042,316,545",363.00,381.50,356.00,376.00,+25.50,"8,409",
113/04/24,"9,610,753","3,765,654,339",388.00,397.50,386.00,391.50,+15.50,"9,697",
113/04/25,"7,212,360","2,821,015,936",385.00,402.00,382.50,382.50,-9.00,"8,350",
113/04/26,"6,005,941","2,379,070,751",393.00,402.00,390.00,397.00,+14.50,"6,315",
113/04/29,"6,071,207","2,475,301,420",407.50,412.00,403.00,406.50,+9.50,"6,718",
113/04/30,"6,922,520","2,858,535,459",412.00,417.50,401.50,412.00,+5.50,"8,289",
113/05/02,"12,772,520","5,445,672,731",426.00,434.00,417.50,421.50,+9.50,"15,404",
113/05/03,"8,572,251","3,638,319,467",432.00,435.00,416.50,416.50,-5.00,"11,963",
113/05/06,"6,969,908","2,985,089,548",428.50,434.50,422.50,426.00,+9.50,"7,564",
113/05/07,"6,796,078","2,831,022,399",429.00,429.00,409.00,420.00,-6.00,"7,984",
113/05/08,"3,967,718","1,680,696,908",420.00,428.00,417.50,425.50,+5.50,"4,564",
113/05/09,"3,631,467","1,540,268,110",428.00,429.00,419.00,422.50,-3.00,"4,146",
113/05/10,"3,406,227","1,421,928,970",427.50,427.50,413.00,416.00,-6.50,"4,453",
113/05/13,"3,939,277","1,609,586,275",415.00,415.50,403.50,412.00,-4.00,"4,846",
113/05/14,"4,413,752","1,798,128,354",412.00,416.50,404.50,408.50,-3.50,"5,129",
113/05/15,"6,789,655","2,849,828,113",414.50,426.00,411.00,420.50,+12.00,"7,216",
113/05/16,"10,767,388","4,688,717,975",428.00,439.50,427.50,433.50,+13.00,"11,496",
113/05/17,"9,906,635","4,417,597,997",437.00,451.50,432.50,448.00,+14.50,"11,505",
113/05/20,"5,410,922","2,367,008,227",450.50,450.50,432.00,432.00,-16.00,"10,044",
113/05/21,"3,497,487","1,495,617,770",432.00,434.00,424.50,424.50,-7.50,"4,456",
113/05/22,"2,932,212","1,262,010,555",429.50,434.50,425.00,431.00,+6.50,"3,515",
113/05/23,"4,107,479","1,761,929,292",435.50,437.50,421.00,430.50,-0.50,"4,406",
113/05/24,"2,189,093","940,825,938",425.50,433.50,424.00,430.50, 0.00,"2,478",
113/05/27,"5,121,014","2,221,742,138",437.50,442.00,429.00,434.50,+4.00,"5,059",
113/05/28,"5,629,534","2,404,642,459",434.50,437.50,422.50,422.50,-12.00,"7,480",
113/05/29,"3,199,560","1,368,375,080",423.50,431.50,423.00,427.00,+4.50,"3,567",
113/05/30,"4,897,802","2,048,092,199",427.00,427.00,415.00,415.50,-11.50,"6,584",
113/05/31,"4,853,373","2,004,965,715",417.00,419.50,408.50,408.50,-7.00,"5,837",
113/06/03,"9,003,274","3,882,483,518",419.00,440.50,415.50,435.00,+26.50,"9,143",
113/06/04,"4,477,082","1,940,901,684",434.50,439.50,429.50,430.50,-4.50,"4,982",
113/06/05,"3,200,740","1,379,293,918",436.00,436.00,423.50,434.50,+4.00,"3,506",
113/06/06,"7,336,534","3,217,785,509",442.00,444.50,430.00,442.00,+7.50,"8,009",
113/06/07,"5,080,018","2,236,139,242",443.00,449.00,435.00,438.00,-4.00,"6,908",
113/06/11,"7,854,222","3,322,716,546",433.00,434.00,417.00,422.50,-15.50,"9,283",
113/06/12,"13,263,516","5,961,542,371",431.50,462.00,430.50,452.50,+30.00,"14,363",
113/06/13,"8,050,474","3,668,735,554",463.50,466.50,448.00,451.50,-1.00,"11,188",
113/06/14,"6,280,502","2,870,493,600",460.00,463.00,447.50,462.00,+10.50,"7,358",
113/06/17,"5,498,371","2,519,485,375",473.00,474.00,450.00,450.00,-12.00,"8,555",
113/06/18,"2,393,407","1,082,104,029",456.00,458.00,448.00,451.00,+1.00,"3,104",
113/06/19,"4,131,033","1,860,331,761",457.00,457.50,444.00,444.50,-6.50,"5,757",
113/06/20,"5,232,475","2,403,661,133",445.00,465.00,445.00,462.50,+18.00,"6,304",
113/06/21,"5,715,913","2,590,860,608",457.00,458.00,448.00,453.00,-9.50,"7,074",
113/06/24,"6,199,539","2,844,236,443",453.00,467.00,448.00,457.50,+4.50,"5,356",
113/06/25,"5,597,039","2,565,936,644",458.50,464.00,445.00,464.00,+6.50,"5,566",
113/06/26,"8,708,351","4,120,947,685",472.50,479.00,467.50,472.50,+8.50,"9,149",
113/06/27,"7,964,830","3,794,636,852",471.00,482.00,466.50,479.50,+7.00,"7,549",
113/06/28,"4,358,500","2,079,690,821",477.50,483.50,474.00,475.00,-4.50,"5,493",
113/07/01,"4,174,255","1,956,020,181",475.00,477.50,463.50,466.00,-9.00,"6,990",
113/07/02,"8,192,938","3,922,296,262",471.00,487.50,464.00,484.50,+18.50,"8,262",
113/07/03,"10,321,856","5,139,060,701",491.00,506.00,488.00,492.50,+8.00,"12,718",
113/07/04,"3,694,062","1,827,671,222",500.00,502.00,491.50,494.00,+1.50,"5,339",
113/07/05,"7,255,222","3,687,485,268",498.00,515.00,495.50,508.00,+14.00,"7,755",
113/07/08,"4,203,054","2,115,449,542",510.00,511.00,498.50,501.00,-7.00,"7,005",
113/07/09,"3,803,611","1,900,816,563",501.00,508.00,489.00,506.00,+5.00,"5,173",
113/07/10,"3,435,711","1,742,110,422",509.00,512.00,498.00,509.00,+3.00,"5,821",
113/07/11,"3,128,053","1,588,366,283",514.00,517.00,500.00,500.00,-9.00,"4,075",
113/07/12,"7,815,616","3,752,095,111",492.00,493.00,470.00,470.00,-30.00,"12,775",
113/07/15,"4,998,002","2,348,382,497",475.50,479.00,459.50,470.00, 0.00,"6,187",
113/07/16,"2,575,873","1,223,559,729",475.00,480.00,471.00,474.50,+4.50,"2,998",
113/07/17,"5,034,091","2,345,279,906",474.00,475.00,461.50,462.00,-12.50,"7,359",
113/07/18,"4,973,436","2,217,736,812",450.00,451.00,441.00,447.50,-14.50,"7,865",
113/07/19,"5,526,901","2,417,899,101",445.50,447.00,432.50,433.50,-14.00,"7,682",
113/07/22,"4,369,277","1,843,150,392",433.50,435.00,413.00,416.50,-17.00,"6,214",
113/07/23,"5,096,838","2,200,272,062",424.00,440.00,420.00,440.00,+23.50,"5,946",
113/07/26,"4,395,081","1,840,451,040",417.00,424.50,410.50,416.50,-23.50,"6,450",
113/07/29,"3,963,187","1,650,941,347",423.50,425.00,409.00,411.00,-5.50,"4,612",
113/07/30,"6,251,092","2,623,420,443",408.00,431.50,403.50,431.00,+20.00,"6,512",
113/07/31,"5,168,562","2,258,782,036",425.00,444.00,425.00,438.00,+7.00,"5,261",
113/08/01,"12,146,308","5,222,170,906",448.50,452.00,420.00,420.50,-17.50,"15,553",
113/08/02,"7,126,668","2,969,225,637",405.00,426.00,402.50,413.50,-7.00,"8,141",
113/08/05,"11,136,046","4,297,046,771",395.00,404.00,373.50,388.00,-25.50,"11,733",
113/08/06,"12,460,806","5,170,042,125",425.00,426.50,394.50,426.50,+38.50,"11,301",
113/08/07,"12,405,801","5,470,296,007",430.50,448.00,428.50,444.00,+17.50,"12,073",
113/08/08,"5,023,473","2,213,008,708",439.00,446.00,433.00,442.00,-2.00,"6,831",
113/08/09,"6,345,298","2,833,578,708",451.50,455.00,439.00,439.50,-2.50,"10,794",
113/08/12,"4,042,124","1,801,889,693",445.00,451.00,439.00,446.50,+7.00,"4,671",
113/08/13,"7,620,500","3,306,646,243",447.00,448.50,428.00,428.00,-18.50,"10,141",
113/08/14,"4,223,624","1,830,556,867",435.50,438.50,429.50,433.00,+5.00,"5,249",
113/08/15,"2,947,159","1,282,736,215",432.50,440.00,429.00,436.00,+3.00,"3,408",
113/08/16,"4,018,531","1,767,503,103",443.50,445.00,436.50,437.50,+1.50,"4,509",
113/08/19,"3,508,944","1,537,774,009",441.00,442.00,435.00,437.50, 0.00,"3,403",
113/08/20,"4,837,222","2,111,162,562",440.00,444.00,430.00,431.00,-6.50,"5,472",
113/08/21,"2,549,593","1,103,600,851",430.00,437.00,429.50,430.00,-1.00,"3,089",
113/08/22,"1,872,372","810,281,852",430.00,435.00,430.00,433.00,+3.00,"2,731",
113/08/23,"4,852,519","2,124,105,608",431.00,446.50,427.00,446.00,+13.00,"5,836",
113/08/26,"4,505,418","2,007,107,919",451.00,453.50,439.00,439.00,-7.00,"5,334",
113/08/27,"2,505,916","1,105,575,983",439.00,444.00,438.00,443.50,+4.50,"2,930",
113/08/28,"4,654,769","2,090,745,909",444.00,457.00,441.00,451.50,+8.00,"5,645",
113/08/29,"4,626,632","2,040,773,650",441.50,449.00,435.50,440.00,X0.00,"5,212",
113/08/30,"9,836,460","4,516,900,500",442.00,466.00,442.00,465.00,+25.00,"11,533",
113/09/02,"8,875,401","4,219,583,754",472.50,483.00,468.00,470.50,+5.50,"10,566",
113/09/03,"17,626,325","8,747,776,455",485.00,507.00,481.50,500.00,+29.50,"19,717",
113/09/04,"13,119,731","6,269,230,319",475.00,492.50,465.00,468.00,-32.00,"24,899",
113/09/05,"11,306,597","5,510,594,828",479.50,497.00,473.00,491.00,+23.00,"11,972",
113/09/06,"10,388,064","5,039,632,335",484.00,493.00,476.00,490.50,-0.50,"13,152",
113/09/09,"6,653,739","3,194,673,906",479.00,489.00,472.00,479.50,-11.00,"8,831",
113/09/10,"8,473,921","3,944,880,721",484.00,485.50,454.00,458.00,-21.50,"11,334",
113/09/11,"3,562,270","1,634,617,252",463.50,463.50,455.00,456.00,-2.00,"3,755",
113/09/12,"5,390,666","2,567,427,364",474.50,483.00,467.50,479.50,+23.50,"6,393",
113/09/13,"6,175,118","2,894,200,576",485.00,485.00,462.00,463.50,-16.00,"7,991",
113/09/16,"3,215,489","1,514,004,382",466.50,474.00,465.00,472.00,+8.50,"3,627",
113/09/18,"3,527,874","1,639,620,934",468.00,474.00,458.00,458.00,-14.00,"4,614",
113/09/19,"4,049,822","1,911,505,074",465.00,477.00,462.00,475.00,+17.00,"4,521",
113/09/20,"4,381,812","2,081,984,020",480.50,482.50,471.00,472.00,-3.00,"4,302",
113/09/23,"2,017,110","952,382,764",474.50,480.00,468.50,468.50,-3.50,"2,751",
113/09/24,"4,378,808","2,019,513,255",470.00,471.50,457.00,461.50,-7.00,"5,429",
113/09/25,"4,528,976","2,126,625,321",467.00,475.00,463.50,473.00,+11.50,"4,754",
113/09/26,"5,372,639","2,524,162,040",475.00,478.00,465.50,466.00,-7.00,"5,451",
113/09/27,"3,429,042","1,605,203,295",471.50,474.50,464.00,468.00,+2.00,"4,113",
113/09/30,"5,384,339","2,443,597,309",466.50,466.50,445.00,447.00,-21.00,"8,659",
113/10/01,"7,315,793","3,237,158,223",451.50,456.50,437.50,442.00,-5.00,"9,181",
113/10/04,"12,527,939","5,276,135,976",442.00,442.00,413.00,414.50,-27.50,"17,287",
113/10/07,"5,625,265","2,404,226,391",418.50,433.00,416.50,431.50,+17.00,"6,083",
113/10/08,"4,989,440","2,144,532,516",433.00,435.50,422.00,433.00,+1.50,"5,710",
113/10/09,"7,203,650","3,046,933,212",435.00,436.00,417.00,419.00,-14.00,"10,445",
113/10/11,"5,516,131","2,293,861,957",420.50,421.00,411.50,416.00,-3.00,"7,595",
113/10/14,"4,237,820","1,771,307,075",418.50,421.50,414.00,417.50,+1.50,"4,754",
113/10/15,"5,292,619","2,214,869,411",422.00,424.00,414.50,418.00,+0.50,"6,503",
113/10/16,"4,682,073","1,946,166,567",416.00,419.00,412.00,416.00,-2.00,"5,418",
113/10/17,"6,474,726","2,752,487,570",418.50,431.50,417.00,431.50,+15.50,"7,413",
113/10/18,"7,115,043","3,017,825,056",434.50,434.50,419.50,420.00,-11.50,"8,251",
113/10/21,"5,402,734","2,312,853,489",422.00,432.00,421.00,428.50,+8.50,"5,623",
113/10/22,"5,674,490","2,469,904,085",426.50,438.50,426.50,436.00,+7.50,"6,017",
113/10/23,"8,618,318","3,826,838,792",436.00,449.50,434.50,444.00,+8.00,"9,331",
113/10/24,"10,092,407","4,352,117,387",446.00,447.00,426.00,428.50,-15.50,"12,854",
113/10/25,"2,601,394","1,116,123,287",431.00,432.50,427.00,428.50, 0.00,"3,028",
113/10/28,"3,632,679","1,558,753,870",430.00,434.00,424.50,429.00,+0.50,"3,820",
113/10/29,"3,994,435","1,678,194,841",427.50,428.50,416.00,420.00,-9.00,"5,203",
113/10/30,"2,878,537","1,209,398,149",420.00,423.50,417.50,419.50,-0.50,"3,420",
113/11/01,"6,660,007","2,764,410,167",398.50,427.50,398.50,427.00,+7.50,"7,567",
113/11/04,"2,889,370","1,233,864,742",423.00,429.50,422.50,427.00, 0.00,"2,929",
113/11/05,"3,063,745","1,310,847,351",425.00,431.50,425.00,427.00, 0.00,"2,912",
113/11/06,"4,537,725","1,959,767,429",429.50,437.00,425.00,431.50,+4.50,"4,650",
113/11/07,"3,738,605","1,631,862,816",435.00,440.50,434.50,435.00,+3.50,"3,374",
113/11/08,"3,823,509","1,665,382,445",437.00,440.00,431.50,431.50,-3.50,"3,443",
113/11/11,"2,611,561","1,135,759,334",432.50,437.00,428.00,435.00,+3.50,"2,456",
113/11/12,"4,139,656","1,795,475,790",433.00,439.00,429.00,429.00,-6.00,"4,113",
113/11/13,"3,184,002","1,391,537,542",427.50,440.50,427.00,438.50,+9.50,"3,851",
113/11/14,"4,295,829","1,900,052,559",439.00,445.00,436.00,441.50,+3.00,"5,042",
113/11/15,"5,348,760","2,371,147,353",443.00,448.00,435.50,446.50,+5.00,"5,862",
113/11/18,"5,403,503","2,326,718,644",444.00,445.50,424.00,424.50,-22.00,"11,563",
113/11/19,"3,534,732","1,527,701,988",426.50,436.00,426.50,434.00,+9.50,"2,997",
113/11/20,"6,565,851","2,937,679,102",434.00,453.00,434.00,447.50,+13.50,"7,857",
113/11/21,"13,888,319","6,539,045,899",445.50,483.00,445.00,473.00,+25.50,"17,021",
113/11/22,"12,668,303","6,151,941,299",477.00,493.00,474.50,482.00,+9.00,"13,965",
113/11/25,"8,306,241","3,980,513,514",490.00,491.00,472.50,478.00,-4.00,"14,078",
113/11/26,"6,120,311","2,882,225,523",475.50,479.50,467.00,468.00,-10.00,"12,421",
113/11/27,"5,331,638","2,503,055,810",469.00,475.00,464.50,467.50,-0.50,"5,318",
113/11/28,"5,875,109","2,720,132,704",465.50,476.50,454.00,463.00,-4.50,"9,796",
113/11/29,"3,650,074","1,699,947,033",459.00,471.50,456.50,468.50,+5.50,"3,449",
113/12/02,"13,949,490","6,899,354,124",474.50,504.00,473.00,504.00,+35.50,"17,426",
113/12/03,"7,951,042","4,016,783,068",506.00,513.00,497.50,510.00,+6.00,"9,628",
113/12/04,"11,496,504","6,039,317,207",510.00,534.00,506.00,534.00,+24.00,"14,249",
113/12/05,"7,091,074","3,730,663,195",533.00,535.00,520.00,527.00,-7.00,"9,254",
113/12/06,"9,209,945","4,910,178,250",534.00,540.00,521.00,533.00,+6.00,"9,914",
113/12/09,"8,718,044","4,756,750,559",540.00,552.00,536.00,550.00,+17.00,"10,578",
113/12/10,"5,962,046","3,282,973,865",545.00,556.00,539.00,554.00,+4.00,"7,575",
113/12/11,"10,347,638","5,874,028,105",549.00,583.00,547.00,572.00,+18.00,"11,328",
113/12/12,"6,684,332","3,839,338,758",575.00,582.00,565.00,573.00,+1.00,"9,014",
113/12/13,"10,333,426","6,116,202,414",573.00,600.00,571.00,599.00,+26.00,"11,558",
113/12/16,"8,020,873","4,848,395,710",605.00,611.00,596.00,610.00,+11.00,"11,111",
113/12/17,"9,160,915","5,436,832,287",607.00,607.00,581.00,599.00,-11.00,"13,175",
113/12/18,"7,227,122","4,374,504,657",597.00,615.00,586.00,615.00,+16.00,"8,457",
113/12/19,"6,330,658","3,867,930,093",603.00,620.00,596.00,617.00,+2.00,"11,284",
113/12/20,"8,561,348","5,146,304,163",616.00,621.00,591.00,596.00,-21.00,"20,221",
113/12/23,"5,867,527","3,552,559,162",606.00,614.00,592.00,608.00,+12.00,"6,263",
113/12/24,"4,340,346","2,603,916,295",610.00,614.00,595.00,595.00,-13.00,"11,208",
113/12/25,"5,773,788","3,434,816,758",598.00,605.00,588.00,591.00,-4.00,"5,431",
113/12/26,"5,704,647","3,444,824,629",594.00,612.00,593.00,605.00,+14.00,"5,409",
113/12/27,"6,536,806","4,063,419,371",605.00,630.00,602.00,630.00,+25.00,"9,722",
113/12/30,"3,984,456","2,472,332,768",630.00,634.00,610.00,619.00,-11.00,"12,962",
113/12/31,"3,214,616","1,992,002,021",614.00,628.00,614.00,618.00,-1.00,"4,668",
114/01/02,"6,875,291","4,129,674,955",615.00,618.00,593.00,596.00,-22.00,"8,748",
114/01/03,"5,069,294","3,057,580,147",601.00,611.00,598.00,604.00,+8.00,"4,682",
114/01/06,"4,446,826","2,722,454,959",606.00,620.00,600.00,620.00,+16.00,"4,651",
114/01/07,"7,377,991","4,472,744,646",630.00,633.00,598.00,603.00,-17.00,"10,833",
114/01/08,"6,373,253","3,836,954,054",600.00,614.00,590.00,599.00,-4.00,"9,750",
114/01/09,"4,770,021","2,830,395,411",600.00,606.00,583.00,585.00,-14.00,"7,551",
114/01/10,"4,178,245","2,457,357,378",587.00,594.00,581.00,590.00,+5.00,"5,134",
114/01/13,"5,923,276","3,375,585,105",588.00,589.00,558.00,563.00,-27.00,"7,732",
114/01/14,"5,008,157","2,857,462,827",569.00,584.00,552.00,578.00,+15.00,"5,690",
114/01/15,"6,785,367","3,945,348,489",589.00,598.00,572.00,577.00,-1.00,"6,592",
114/01/16,"7,914,656","4,690,431,426",596.00,605.00,584.00,589.00,+12.00,"6,804",
114/01/17,"4,943,103","2,928,646,710",591.00,600.00,580.00,598.00,+9.00,"5,324",
114/01/20,"2,974,884","1,786,964,131",604.00,605.00,595.00,603.00,+5.00,"3,434",
114/01/21,"5,685,885","3,450,896,854",607.00,616.00,597.00,604.00,+1.00,"6,578",
114/01/22,"5,569,765","3,398,236,645",612.00,617.00,602.00,614.00,+10.00,"5,437",
114/02/03,"6,423,488","3,569,499,926",558.00,572.00,553.00,553.00,-61.00,"9,875",
114/02/04,"7,610,642","4,183,838,311",563.00,563.00,540.00,546.00,-7.00,"8,372",
114/02/05,"6,015,979","3,438,486,969",553.00,586.00,552.00,576.00,+30.00,"6,713",
114/02/06,"7,996,637","4,804,602,155",598.00,613.00,587.00,600.00,+24.00,"7,903",
114/02/07,"5,256,751","3,193,894,296",600.00,615.00,596.00,615.00,+15.00,"6,417",
114/02/10,"3,054,482","1,870,514,263",612.00,616.00,605.00,612.00,-3.00,"3,803",
114/02/11,"3,676,423","2,272,484,663",612.00,627.00,610.00,620.00,+8.00,"5,188",
114/02/12,"4,751,533","2,908,555,376",626.00,627.00,603.00,604.00,-16.00,"8,490",
114/02/13,"2,155,063","1,305,685,926",610.00,611.00,601.00,603.00,-1.00,"2,685",
114/02/14,"2,206,160","1,321,135,231",602.00,607.00,594.00,595.00,-8.00,"3,732",
114/02/17,"3,174,579","1,899,976,059",602.00,609.00,592.00,594.00,-1.00,"4,180",
114/02/18,"4,199,347","2,554,896,604",598.00,613.00,597.00,612.00,+18.00,"5,012",
114/02/19,"2,967,254","1,814,862,854",609.00,616.00,607.00,611.00,-1.00,"3,389",
114/02/20,"3,620,805","2,203,294,095",616.00,620.00,603.00,603.00,-8.00,"4,079",
114/02/21,"1,865,563","1,126,935,993",606.00,609.00,600.00,601.00,-2.00,"3,072",
114/02/24,"6,197,155","3,653,172,307",594.00,601.00,578.00,596.00,-5.00,"7,604",
114/02/25,"5,585,656","3,239,025,745",587.00,594.00,573.00,576.00,-20.00,"8,997",
114/02/26,"14,735,498","9,101,919,212",594.00,633.00,592.00,633.00,+57.00,"18,402",
114/02/27,"34,937,759","22,084,613,510",639.00,641.00,623.00,632.00,-1.00,"12,771",
114/03/03,"7,401,953","4,612,637,533",624.00,637.00,613.00,626.00,-6.00,"8,456",
114/03/04,"6,684,173","4,067,413,657",611.00,619.00,604.00,604.00,-22.00,"9,119",
114/03/05,"3,392,111","2,071,466,126",611.00,620.00,606.00,606.00,+2.00,"4,370",
114/03/06,"4,558,091","2,764,910,687",617.00,619.00,601.00,603.00,-3.00,"6,131",
114/03/07,"8,120,097","4,771,440,319",601.00,608.00,580.00,580.00,-23.00,"12,992",
114/03/10,"3,803,531","2,184,446,280",586.00,589.00,567.00,571.00,-9.00,"6,125",
114/03/11,"4,711,308","2,635,015,559",557.00,566.00,547.00,563.00,-8.00,"6,972",
114/03/12,"5,505,295","3,202,712,374",573.00,594.00,572.00,573.00,+10.00,"6,390",
114/03/13,"3,207,819","1,874,496,916",590.00,593.00,579.00,580.00,+7.00,"3,864",
114/03/14,"2,243,973","1,310,624,562",585.00,590.00,580.00,580.00, 0.00,"2,778",
114/03/17,"1,921,073","1,126,291,345",587.00,590.00,581.00,586.00,+6.00,"2,516",
114/03/18,"4,236,145","2,542,073,949",589.00,608.00,589.00,606.00,+20.00,"5,610",
114/03/19,"4,649,192","2,739,242,060",603.00,603.00,581.00,585.00,-21.00,"8,262",
114/03/20,"3,163,092","1,854,074,370",590.00,594.00,583.00,583.00,-2.00,"3,816",
114/03/21,"3,788,622","2,250,282,081",585.00,601.00,585.00,595.00,+12.00,"3,838",
114/03/24,"5,483,850","3,326,778,766",598.00,617.00,597.00,604.00,+9.00,"5,648",
114/03/25,"4,231,286","2,579,443,299",614.00,617.00,603.00,611.00,+7.00,"4,322",
114/03/26,"2,121,760","1,282,023,138",606.00,610.00,600.00,607.00,-4.00,"2,831",
114/03/27,"3,395,780","2,011,367,566",594.00,598.00,585.00,595.00,-12.00,"7,393",
114/03/28,"3,176,604","1,864,163,745",589.00,598.00,579.00,585.00,-10.00,"4,340",
114/03/31,"4,959,586","2,725,442,628",556.00,565.00,540.00,545.00,-40.00,"8,350",
114/04/01,"4,270,276","2,325,307,332",549.00,555.00,538.00,545.00, 0.00,"5,767",
114/04/02,"5,210,265","2,789,623,305",546.00,554.00,523.00,527.00,-18.00,"8,237",
114/04/07,"690,797","327,782,953",474.50,474.50,474.50,474.50,-52.50,"1,419",
114/04/08,"11,511,351","5,080,016,313",435.00,455.00,429.00,452.00,-22.50,"11,132",
114/04/09,"8,867,895","3,748,199,882",443.00,452.00,407.00,407.00,-45.00,"9,896",
114/04/10,"473,291","211,797,662",447.50,447.50,447.50,447.50,+40.50,535,
114/04/11,"9,198,781","4,374,696,543",453.00,492.00,447.50,492.00,+44.50,"10,713",
114/04/14,"9,544,135","4,975,704,915",520.00,538.00,511.00,516.00,+24.00,"10,966",
114/04/15,"5,950,276","3,176,459,028",527.00,545.00,519.00,544.00,+28.00,"6,581",
114/04/16,"4,016,560","2,124,449,351",531.00,540.00,517.00,517.00,-27.00,"11,265",
114/04/17,"4,645,513","2,391,936,759",513.00,526.00,507.00,515.00,-2.00,"6,389",
114/04/18,"3,413,061","1,785,768,362",508.00,531.00,508.00,522.00,+7.00,"3,733",
114/04/21,"3,306,031","1,729,128,402",522.00,532.00,516.00,516.00,-6.00,"3,545",
114/04/22,"3,766,598","1,910,220,356",500.00,521.00,497.00,499.00,-17.00,"5,030",
114/04/23,"3,585,624","1,868,259,032",520.00,527.00,512.00,522.00,+23.00,"4,025",
114/04/24,"2,602,311","1,358,380,797",525.00,530.00,515.00,515.00,-7.00,"2,744",
114/04/25,"8,109,465","4,489,920,817",527.00,566.00,527.00,566.00,+51.00,"11,175",
114/04/28,"4,677,753","2,611,216,603",563.00,564.00,551.00,557.00,-9.00,"5,737",
114/04/29,"4,650,935","2,599,953,038",560.00,566.00,548.00,565.00,+8.00,"4,666",
114/04/30,"3,924,021","2,179,800,924",559.00,563.00,549.00,556.00,-9.00,"4,732",
114/05/02,"9,240,382","5,600,479,978",590.00,611.00,586.00,611.00,+55.00,"11,865",
114/05/05,"9,422,566","5,803,885,306",611.00,628.00,604.00,623.00,+12.00,"11,200",
114/05/06,"7,327,318","4,561,952,274",612.00,635.00,611.00,624.00,+1.00,"8,417",
114/05/07,"4,277,231","2,648,092,286",625.00,632.00,611.00,612.00,-12.00,"7,300",
114/05/08,"13,932,287","9,065,987,055",647.00,665.00,625.00,662.00,+50.00,"16,572",
114/05/09,"9,145,587","6,159,402,287",667.00,690.00,659.00,679.00,+17.00,"11,730",
114/05/12,"5,579,741","3,747,233,892",681.00,686.00,659.00,675.00,-4.00,"13,280",
114/05/13,"5,695,722","3,852,718,531",689.00,690.00,665.00,674.00,-1.00,"7,058",
114/05/14,"5,961,660","4,100,064,833",688.00,696.00,677.00,687.00,+13.00,"7,410",
114/05/15,"3,301,070","2,255,356,119",683.00,690.00,678.00,685.00,-2.00,"4,354",
114/05/16,"3,473,762","2,379,012,761",686.00,693.00,679.00,684.00,-1.00,"4,267",
114/05/19,"3,419,902","2,311,055,018",684.00,688.00,666.00,667.00,-17.00,"5,233",
114/05/20,"2,610,393","1,766,994,754",677.00,684.00,672.00,676.00,+9.00,"3,372",
114/05/21,"9,676,436","6,841,343,551",684.00,725.00,680.00,720.00,+44.00,"13,352",
114/05/22,"4,144,141","2,969,018,898",712.00,723.00,711.00,714.00,-6.00,"5,300",
114/05/23,"5,734,837","4,074,273,127",721.00,728.00,696.00,710.00,-4.00,"6,785",
114/05/26,"3,466,020","2,470,565,002",710.00,720.00,707.00,707.00,-3.00,"4,389",
114/05/27,"3,706,730","2,613,878,720",710.00,714.00,698.00,706.00,-1.00,"4,459",
114/05/28,"5,294,655","3,806,818,954",718.00,728.00,710.00,721.00,+15.00,"6,591",
114/05/29,"10,167,639","7,663,963,382",742.00,766.00,742.00,749.00,+28.00,"12,018",
114/06/02,"7,093,676","5,336,967,334",744.00,762.00,741.00,758.00,+9.00,"7,942",
114/06/03,"8,890,514","6,919,443,821",762.00,788.00,760.00,784.00,+26.00,"10,251",
114/06/04,"4,922,759","3,860,024,471",792.00,795.00,775.00,780.00,-4.00,"7,492",
114/06/05,"3,119,049","2,436,026,370",781.00,789.00,770.00,789.00,+9.00,"4,607",
114/06/06,"3,933,270","3,105,472,634",789.00,799.00,783.00,788.00,-1.00,"5,146",
114/06/09,"7,333,642","5,838,900,709",791.00,822.00,763.00,820.00,+32.00,"10,060",
114/06/10,"10,964,327","9,519,813,885",832.00,900.00,825.00,890.00,+70.00,"15,651",
114/06/11,"7,619,441","6,653,635,104",875.00,887.00,863.00,873.00,-17.00,"14,747",
114/06/12,"5,822,674","5,024,574,773",868.00,881.00,851.00,858.00,-15.00,"11,151",
114/06/13,"5,862,175","5,045,797,203",848.00,869.00,848.00,860.00,+2.00,"8,575",
114/06/16,"3,976,043","3,456,492,493",852.00,879.00,851.00,879.00,+19.00,"6,139",
114/06/17,"8,819,733","7,740,616,965",890.00,902.00,857.00,867.00,-12.00,"13,741",
114/06/18,"9,277,378","7,862,759,793",855.00,866.00,834.00,845.00,-22.00,"14,994",
114/06/19,"3,877,460","3,275,740,221",846.00,852.00,838.00,845.00, 0.00,"5,304",
114/06/20,"11,781,881","9,836,727,325",848.00,848.00,822.00,838.00,-7.00,"7,934",
114/06/23,"6,743,454","5,656,905,886",825.00,854.00,825.00,834.00,-4.00,"5,619",
114/06/24,"8,497,097","7,303,163,558",845.00,870.00,843.00,860.00,+26.00,"8,484",
114/06/25,"7,344,071","6,359,544,085",877.00,890.00,858.00,858.00,-2.00,"6,985",
114/06/26,"7,228,346","6,196,593,539",869.00,876.00,848.00,855.00,-3.00,"7,355",
114/06/27,"4,825,691","4,175,025,918",858.00,877.00,856.00,866.00,+11.00,"5,979",
114/06/30,"8,094,376","7,192,001,186",869.00,903.00,869.00,882.00,+16.00,"11,076",
114/07/01,"5,440,333","4,869,057,044",894.00,901.00,884.00,900.00,+18.00,"6,505",
114/07/02,"3,922,502","3,534,202,009",894.00,909.00,892.00,903.00,+3.00,"5,417",
114/07/03,"5,379,041","4,961,728,577",911.00,942.00,899.00,928.00,+25.00,"8,670",
114/07/04,"5,620,395","5,263,744,544",935.00,963.00,921.00,923.00,-5.00,"8,975",
114/07/07,"3,323,602","3,010,131,178",917.00,924.00,894.00,901.00,-22.00,"6,685",
114/07/08,"6,809,774","6,363,645,961",910.00,956.00,908.00,953.00,+52.00,"10,934",
114/07/09,"4,835,792","4,615,590,426",944.00,965.00,944.00,957.00,+4.00,"7,002",
114/07/10,"7,298,511","7,111,351,986",964.00,990.00,957.00,957.00, 0.00,"11,035",
114/07/11,"5,473,594","5,143,072,559",960.00,961.00,927.00,941.00,-16.00,"10,173",
114/07/14,"3,000,154","2,788,544,841",935.00,941.00,922.00,928.00,-13.00,"7,377",
114/07/15,"5,478,547","5,225,321,057",933.00,970.00,932.00,970.00,+42.00,"9,154",
114/07/16,"7,254,800","7,173,221,702",976.00,"1,005.00",973.00,983.00,+13.00,"11,390",
114/07/17,"4,922,288","4,798,217,329",986.00,995.00,962.00,973.00,-10.00,"8,346",
114/07/18,"7,214,194","7,269,383,967",988.00,"1,035.00",985.00,"1,025.00",+52.00,"11,841",
114/07/21,"2,506,075","2,526,817,105","1,025.00","1,025.00",999.00,"1,015.00",-10.00,"4,521",
114/07/22,"3,560,328","3,575,726,361","1,025.00","1,025.00",989.00,990.00,-25.00,"13,045",
114/07/23,"3,117,087","3,090,596,059",995.00,"1,010.00",979.00,988.00,-2.00,"6,028",
114/07/24,"3,783,168","3,753,649,672",992.00,"1,005.00",981.00,989.00,+1.00,"6,422",
114/07/25,"2,259,168","2,237,368,630",994.00,999.00,981.00,994.00,+5.00,"3,937",
114/07/28,"4,034,008","4,127,311,435",997.00,"1,040.00",995.00,"1,025.00",+31.00,"6,787",
114/07/29,"2,298,782","2,326,953,130","1,025.00","1,025.00","1,000.00","1,015.00",-10.00,"3,996",
114/07/30,"4,004,893","4,010,177,199","1,020.00","1,035.00",988.00,"1,005.00",-10.00,"8,575",
114/07/31,"5,852,711","6,397,747,340","1,040.00","1,105.00","1,030.00","1,105.00",+100.00,"8,636",
114/08/01,"8,467,239","9,606,066,415","1,105.00","1,165.00","1,095.00","1,120.00",+15.00,"11,531",
114/08/04,"4,908,230","5,485,789,895","1,115.00","1,145.00","1,090.00","1,110.00",-10.00,"7,147",
114/08/05,"5,335,741","6,079,366,230","1,140.00","1,165.00","1,120.00","1,125.00",+15.00,"7,311",
114/08/06,"2,513,288","2,795,367,130","1,115.00","1,125.00","1,100.00","1,110.00",-15.00,"4,888",
114/08/07,"3,029,173","3,444,152,390","1,125.00","1,155.00","1,110.00","1,145.00",+35.00,"5,017",
114/08/08,"1,867,919","2,132,028,750","1,140.00","1,150.00","1,125.00","1,150.00",+5.00,"4,032",
114/08/11,"2,701,985","3,126,543,940","1,155.00","1,175.00","1,130.00","1,155.00",+5.00,"4,964",
114/08/12,"2,118,730","2,483,212,970","1,165.00","1,195.00","1,150.00","1,175.00",+20.00,"4,498",
114/08/13,"4,078,132","4,861,762,650","1,185.00","1,215.00","1,160.00","1,200.00",+25.00,"6,482",
114/08/14,"2,889,899","3,488,154,880","1,210.00","1,225.00","1,190.00","1,210.00",+10.00,"4,968",
114/08/15,"4,727,059","5,877,323,945","1,190.00","1,280.00","1,180.00","1,280.00",+70.00,"7,802",
114/08/18,"3,826,361","4,961,267,135","1,300.00","1,310.00","1,280.00","1,305.00",+25.00,"6,328",
114/08/19,"5,501,803","6,978,352,300","1,305.00","1,345.00","1,225.00","1,230.00",-75.00,"14,554",
114/08/20,"6,288,459","7,379,510,240","1,180.00","1,205.00","1,150.00","1,150.00",-80.00,"13,964",
114/08/21,"6,859,474","8,330,094,792","1,180.00","1,260.00","1,160.00","1,235.00",+85.00,"10,215",
114/08/22,"4,083,609","4,974,658,415","1,245.00","1,260.00","1,200.00","1,205.00",-30.00,"7,595",
114/08/25,"3,174,301","3,949,807,390","1,250.00","1,255.00","1,225.00","1,250.00",+45.00,"4,978",
114/08/26,"3,723,624","4,594,547,470","1,250.00","1,250.00","1,205.00","1,250.00", 0.00,"6,643",
114/08/27,"3,832,090","4,873,955,090","1,260.00","1,295.00","1,245.00","1,280.00",+30.00,"6,600",
114/08/28,"3,032,895","3,782,017,623","1,270.00","1,275.00","1,220.00","1,250.00",X0.00,"8,753",
114/08/29,"3,200,019","3,991,006,807","1,275.00","1,285.00","1,220.00","1,220.00",-30.00,"7,644",
114/09/01,"6,612,946","7,684,363,545","1,210.00","1,225.00","1,125.00","1,155.00",-65.00,"17,674",
114/09/02,"3,843,099","4,400,820,610","1,175.00","1,180.00","1,125.00","1,150.00",-5.00,"6,514",
114/09/03,"2,628,346","3,036,726,935","1,150.00","1,170.00","1,140.00","1,165.00",+15.00,"4,124",
114/09/04,"8,270,060","9,207,742,320","1,115.00","1,155.00","1,075.00","1,115.00",-50.00,"13,509",
114/09/05,"6,042,014","6,951,336,705","1,155.00","1,165.00","1,130.00","1,165.00",+50.00,"7,794",
114/09/08,"3,623,013","4,210,926,600","1,190.00","1,190.00","1,145.00","1,145.00",-20.00,"5,806",
114/09/09,"7,887,357","9,701,083,995","1,155.00","1,255.00","1,155.00","1,225.00",+80.00,"15,240",
114/09/10,"5,598,958","7,001,348,980","1,250.00","1,270.00","1,230.00","1,255.00",+30.00,"7,753",
114/09/11,"8,816,136","11,693,867,780","1,265.00","1,380.00","1,265.00","1,325.00",+70.00,"18,242",
114/09/12,"5,641,107","7,550,165,485","1,350.00","1,360.00","1,310.00","1,345.00",+20.00,"8,137",
114/09/15,"3,697,369","4,865,551,075","1,345.00","1,345.00","1,295.00","1,315.00",-30.00,"6,556",
114/09/16,"3,637,699","4,746,804,900","1,320.00","1,330.00","1,280.00","1,285.00",-30.00,"11,913",
114/09/17,"3,917,468","5,128,760,220","1,295.00","1,325.00","1,285.00","1,315.00",+30.00,"5,534",
114/09/18,"2,944,001","3,863,236,510","1,305.00","1,340.00","1,295.00","1,335.00",+20.00,"5,356",
114/09/19,"4,139,490","5,416,677,050","1,345.00","1,350.00","1,290.00","1,290.00",-45.00,"10,231",
114/09/22,"1,647,675","2,137,868,220","1,305.00","1,325.00","1,280.00","1,300.00",+10.00,"3,842",
114/09/23,"4,099,125","5,529,215,005","1,305.00","1,390.00","1,295.00","1,345.00",+45.00,"8,481",
114/09/24,"3,479,649","4,518,135,090","1,345.00","1,350.00","1,280.00","1,295.00",-50.00,"9,121",
114/09/25,"2,226,381","2,828,260,340","1,285.00","1,305.00","1,255.00","1,255.00",-40.00,"7,193",
114/09/26,"2,104,093","2,587,820,455","1,255.00","1,265.00","1,215.00","1,225.00",-30.00,"5,575",
114/09/30,"2,779,305","3,437,716,805","1,260.00","1,265.00","1,220.00","1,225.00", 0.00,"4,667",
114/10/01,"2,375,218","2,956,836,745","1,255.00","1,265.00","1,225.00","1,230.00",+5.00,"4,022",
114/10/02,"4,348,785","5,600,701,055","1,250.00","1,320.00","1,235.00","1,295.00",+65.00,"7,841",
114/10/03,"2,266,621","2,943,142,875","1,300.00","1,310.00","1,285.00","1,305.00",+10.00,"4,078",
114/10/07,"6,265,409","8,059,377,885","1,375.00","1,375.00","1,230.00","1,235.00",-70.00,"15,834",
114/10/08,"4,854,067","5,806,717,720","1,210.00","1,220.00","1,180.00","1,195.00",-40.00,"13,939",
114/10/09,"3,233,734","3,949,991,140","1,225.00","1,235.00","1,195.00","1,235.00",+40.00,"5,605",
114/10/13,"3,712,557","4,412,986,800","1,180.00","1,200.00","1,170.00","1,200.00",-35.00,"10,801",
114/10/14,"2,742,412","3,267,915,345","1,220.00","1,230.00","1,165.00","1,170.00",-30.00,"7,763",
114/10/15,"5,401,683","6,157,044,440","1,150.00","1,165.00","1,120.00","1,140.00",-30.00,"12,506",
114/10/16,"3,627,108","4,173,889,910","1,140.00","1,175.00","1,135.00","1,140.00", 0.00,"6,963",
114/10/17,"4,231,992","4,688,094,115","1,120.00","1,140.00","1,085.00","1,105.00",-35.00,"11,973",
114/10/20,"3,897,083","4,366,367,020","1,115.00","1,155.00","1,095.00","1,125.00",+20.00,"6,299",
114/10/21,"1,555,620","1,766,270,630","1,150.00","1,155.00","1,120.00","1,130.00",+5.00,"3,760",
114/10/22,"1,784,191","1,989,364,345","1,130.00","1,130.00","1,105.00","1,120.00",-10.00,"3,994",
114/10/23,"2,426,215","2,703,057,340","1,110.00","1,135.00","1,105.00","1,115.00",-5.00,"4,529",
114/10/27,"5,411,535","6,302,640,566","1,150.00","1,185.00","1,140.00","1,165.00",+50.00,"9,186",
114/10/28,"6,728,445","8,202,980,689","1,175.00","1,260.00","1,165.00","1,255.00",+90.00,"12,565",
114/10/29,"5,016,245","6,339,504,665","1,285.00","1,290.00","1,240.00","1,250.00",-5.00,"8,491",
114/10/30,"3,703,785","4,717,684,975","1,265.00","1,295.00","1,250.00","1,275.00",+25.00,"7,579",
114/10/31,"8,702,332","11,837,289,620","1,300.00","1,400.00","1,300.00","1,360.00",+85.00,"18,752",
114/11/03,"5,890,498","8,288,382,190","1,385.00","1,435.00","1,360.00","1,410.00",+50.00,"11,643",
114/11/04,"8,531,291","12,678,496,100","1,440.00","1,525.00","1,435.00","1,470.00",+60.00,"15,334",
114/11/05,"6,133,541","8,787,056,768","1,405.00","1,465.00","1,390.00","1,440.00",-30.00,"13,406",
114/11/06,"3,601,162","5,207,761,035","1,450.00","1,460.00","1,430.00","1,450.00",+10.00,"6,133",
114/11/07,"4,626,964","6,404,223,830","1,420.00","1,435.00","1,370.00","1,370.00",-80.00,"11,495",
114/11/10,"2,695,273","3,673,581,325","1,365.00","1,385.00","1,345.00","1,360.00",-10.00,"5,783",
114/11/11,"4,163,786","5,577,392,265","1,375.00","1,380.00","1,320.00","1,320.00",-40.00,"10,297",
114/11/12,"6,163,802","8,484,385,545","1,355.00","1,415.00","1,340.00","1,345.00",+25.00,"10,645",
114/11/13,"3,322,593","4,538,781,480","1,335.00","1,395.00","1,320.00","1,375.00",+30.00,"6,555",
114/11/14,"4,781,594","6,639,781,122","1,340.00","1,425.00","1,335.00","1,380.00",+5.00,"8,906",
114/11/17,"5,649,057","8,285,472,280","1,465.00","1,510.00","1,425.00","1,450.00",+70.00,"9,867",
114/11/18,"4,537,549","6,273,600,100","1,430.00","1,445.00","1,340.00","1,350.00",-100.00,"11,669",
114/11/19,"3,601,315","4,819,689,361","1,350.00","1,360.00","1,320.00","1,330.00",-20.00,"6,824",
114/11/20,"5,096,439","7,225,683,700","1,420.00","1,445.00","1,385.00","1,430.00",+100.00,"8,704",
114/11/21,"5,419,114","7,198,876,335","1,365.00","1,390.00","1,295.00","1,310.00",-120.00,"13,629",
114/11/24,"3,784,040","5,010,508,590","1,330.00","1,345.00","1,305.00","1,320.00",+10.00,"4,892",
114/11/25,"5,394,717","7,665,470,115","1,380.00","1,450.00","1,380.00","1,450.00",+130.00,"10,830",
114/11/26,"7,359,314","10,919,840,480","1,500.00","1,535.00","1,445.00","1,470.00",+20.00,"11,072",
114/11/27,"3,120,888","4,654,389,550","1,500.00","1,515.00","1,470.00","1,495.00",+25.00,"6,593",
114/11/28,"4,316,056","6,615,762,165","1,535.00","1,560.00","1,505.00","1,525.00",+30.00,"8,752",
114/12/01,"2,990,569","4,440,109,875","1,515.00","1,515.00","1,460.00","1,475.00",-50.00,"7,789",
114/12/02,"3,779,186","5,618,442,110","1,495.00","1,540.00","1,440.00","1,440.00",-35.00,"10,444",
114/12/03,"3,440,938","4,959,107,180","1,465.00","1,470.00","1,415.00","1,430.00",-10.00,"6,810",
114/12/04,"2,385,273","3,404,804,695","1,425.00","1,450.00","1,405.00","1,425.00",-5.00,"4,720",
114/12/05,"4,304,112","6,327,379,880","1,430.00","1,505.00","1,405.00","1,495.00",+70.00,"8,625",
114/12/08,"2,234,064","3,330,315,145","1,500.00","1,500.00","1,475.00","1,485.00",-10.00,"4,492",
114/12/09,"1,963,921","2,950,739,550","1,485.00","1,515.00","1,480.00","1,500.00",+15.00,"4,430",
114/12/10,"4,569,960","7,134,733,905","1,505.00","1,605.00","1,485.00","1,600.00",+100.00,"11,727",
114/12/11,"4,675,458","7,478,625,725","1,585.00","1,630.00","1,560.00","1,595.00",-5.00,"8,517",
114/12/12,"2,675,966","4,290,050,620","1,605.00","1,635.00","1,575.00","1,605.00",+10.00,"4,960",
114/12/15,"2,641,880","4,203,695,090","1,575.00","1,625.00","1,555.00","1,605.00", 0.00,"5,440",
114/12/16,"4,621,237","7,005,332,275","1,580.00","1,590.00","1,465.00","1,495.00",-110.00,"15,215",
114/12/17,"3,562,182","5,402,411,347","1,505.00","1,550.00","1,495.00","1,495.00", 0.00,"5,715",
114/12/18,"1,749,563","2,616,338,410","1,470.00","1,515.00","1,470.00","1,500.00",+5.00,"3,441",
114/12/19,"2,430,074","3,757,930,115","1,535.00","1,565.00","1,530.00","1,550.00",+50.00,"4,410",
114/12/22,"2,386,851","3,800,732,630","1,575.00","1,610.00","1,560.00","1,600.00",+50.00,"5,636",
114/12/23,"1,428,123","2,301,578,690","1,615.00","1,630.00","1,590.00","1,615.00",+15.00,"3,834",
114/12/24,"3,715,694","6,196,717,130","1,650.00","1,695.00","1,630.00","1,690.00",+75.00,"8,671",
114/12/26,"1,801,627","3,007,781,820","1,685.00","1,695.00","1,640.00","1,640.00",-50.00,"5,721",
114/12/29,"2,017,216","3,361,906,750","1,650.00","1,680.00","1,645.00","1,675.00",+35.00,"3,833",
114/12/30,"1,393,168","2,296,726,070","1,665.00","1,665.00","1,630.00","1,645.00",-30.00,"4,474",
114/12/31,"2,439,589","4,023,024,285","1,680.00","1,680.00","1,615.00","1,645.00", 0.00,"5,987",
115/01/02,"3,537,708","5,679,597,855","1,655.00","1,660.00","1,580.00","1,590.00",-55.00,"12,070",
115/01/05,"4,265,842","6,936,186,710","1,620.00","1,690.00","1,585.00","1,620.00",+30.00,"7,696",
115/01/06,"4,350,109","7,294,892,105","1,630.00","1,705.00","1,625.00","1,695.00",+75.00,"8,882",
115/01/07,"10,456,647","16,515,822,535","1,720.00","1,720.00","1,530.00","1,580.00",-115.00,"33,025",
115/01/08,"4,210,851","6,609,539,845","1,600.00","1,615.00","1,540.00","1,545.00",-35.00,"15,573",
115/01/09,"3,184,351","5,001,999,700","1,560.00","1,600.00","1,540.00","1,565.00",+20.00,"7,856",
115/01/12,"3,348,576","5,318,295,400","1,565.00","1,610.00","1,555.00","1,610.00",+45.00,"7,040",
115/01/13,"3,074,410","4,982,763,800","1,650.00","1,650.00","1,590.00","1,635.00",+25.00,"7,327",
115/01/14,"2,595,477","4,309,163,815","1,635.00","1,675.00","1,630.00","1,670.00",+35.00,"6,270",
115/01/15,"5,751,542","9,205,746,010","1,660.00","1,700.00","1,560.00","1,570.00",-100.00,"20,425",
115/01/16,"4,158,595","6,661,225,360","1,615.00","1,630.00","1,570.00","1,625.00",+55.00,"8,317",
115/01/19,"3,928,342","6,192,104,320","1,625.00","1,635.00","1,545.00","1,580.00",-45.00,"11,924",
115/01/20,"2,517,558","4,035,608,005","1,575.00","1,620.00","1,560.00","1,615.00",+35.00,"5,911",
115/01/21,"3,510,961","5,543,267,825","1,590.00","1,610.00","1,560.00","1,560.00",-55.00,"8,813",
115/01/22,"3,886,143","6,378,982,050","1,610.00","1,675.00","1,585.00","1,660.00",+100.00,"11,240",
115/01/23,"6,140,918","10,740,653,485","1,675.00","1,800.00","1,655.00","1,800.00",+140.00,"17,170",
115/01/26,"3,270,138","5,737,553,675","1,790.00","1,825.00","1,715.00","1,740.00",-60.00,"12,442",
115/01/27,"3,568,216","6,392,548,365","1,745.00","1,840.00","1,725.00","1,820.00",+80.00,"9,320",
115/01/28,"4,507,607","8,537,506,170","1,845.00","1,945.00","1,830.00","1,900.00",+80.00,"11,070",
115/01/29,"4,284,179","7,798,309,400","1,925.00","1,925.00","1,785.00","1,790.00",-110.00,"18,876",
115/01/30,"3,216,573","5,690,199,320","1,795.00","1,820.00","1,735.00","1,745.00",-45.00,"10,170",
115/02/02,"3,863,878","6,857,690,993","1,720.00","1,815.00","1,720.00","1,785.00",+40.00,"7,487",
115/02/03,"4,101,444","7,499,412,920","1,810.00","1,875.00","1,775.00","1,855.00",+70.00,"9,810",
115/02/04,"6,355,031","12,551,548,650","1,885.00","2,040.00","1,870.00","2,040.00",+185.00,"18,435",
115/02/05,"5,986,326","11,782,076,980","1,980.00","2,035.00","1,905.00","1,950.00",-90.00,"20,675",
115/02/06,"6,159,201","11,995,046,515","1,920.00","2,005.00","1,840.00","1,925.00",-25.00,"12,041",
115/02/09,"5,697,621","11,706,690,980","2,005.00","2,110.00","1,975.00","2,080.00",+155.00,"13,877",
115/02/10,"3,163,230","6,614,751,580","2,080.00","2,130.00","2,050.00","2,105.00",+25.00,"7,295",
115/02/11,"5,309,302","11,463,181,110","2,100.00","2,210.00","2,065.00","2,195.00",+90.00,"10,335",
115/02/23,"4,407,490","9,860,572,170","2,275.00","2,370.00","2,160.00","2,175.00",-20.00,"12,765",
115/02/24,"3,773,757","8,571,942,645","2,210.00","2,330.00","2,155.00","2,310.00",+135.00,"9,074",
115/02/25,"3,740,810","8,982,748,550","2,335.00","2,460.00","2,315.00","2,420.00",+110.00,"8,944",
115/02/26,"4,713,847","11,532,931,595","2,500.00","2,500.00","2,395.00","2,440.00",+20.00,"7,877",
115/03/02,"3,331,488","7,929,076,350","2,280.00","2,435.00","2,280.00","2,380.00",-60.00,"11,010",
115/03/03,"3,063,218","7,209,203,085","2,355.00","2,430.00","2,315.00","2,320.00",-60.00,"10,553",
115/03/04,"3,828,524","8,514,221,195","2,255.00","2,295.00","2,180.00","2,190.00",-130.00,"14,105",
115/03/05,"3,883,828","9,135,039,140","2,350.00","2,395.00","2,300.00","2,365.00",+175.00,"8,877",
115/03/06,"2,912,192","6,964,516,520","2,340.00","2,470.00","2,325.00","2,360.00",-5.00,"7,709",
115/03/09,"3,391,849","7,335,727,400","2,125.00","2,210.00","2,125.00","2,175.00",-185.00,"13,760",
115/03/10,"3,065,582","7,271,580,415","2,315.00","2,390.00","2,315.00","2,375.00",+200.00,"9,871",
115/03/11,"4,829,317","11,879,555,650","2,390.00","2,520.00","2,375.00","2,450.00",+75.00,"11,404",
115/03/12,"5,442,114","14,111,345,150","2,440.00","2,665.00","2,440.00","2,600.00",+150.00,"13,117",
115/03/13,"4,417,368","11,854,665,823","2,580.00","2,765.00","2,540.00","2,705.00",+105.00,"11,113",
115/03/16,"4,463,265","11,862,232,825","2,785.00","2,785.00","2,575.00","2,585.00",-120.00,"21,652",
115/03/17,"2,921,492","7,860,790,015","2,645.00","2,750.00","2,625.00","2,700.00",+115.00,"8,847",
115/03/18,"2,925,621","7,912,268,795","2,740.00","2,745.00","2,670.00","2,700.00", 0.00,"7,919",
115/03/19,"5,842,073","16,662,084,605","2,700.00","2,970.00","2,660.00","2,890.00",+190.00,"15,915",
115/03/20,"4,588,550","12,932,826,435","2,905.00","2,915.00","2,720.00","2,810.00",-80.00,"13,202",
115/03/23,"3,517,744","9,802,872,375","2,715.00","2,880.00","2,705.00","2,795.00",-15.00,"12,041",
115/03/24,"3,977,982","10,964,759,150","2,865.00","2,870.00","2,670.00","2,685.00",-110.00,"14,793",
115/03/25,"3,332,111","9,524,535,195","2,790.00","2,915.00","2,780.00","2,845.00",+160.00,"9,784",
115/03/26,"4,555,967","13,540,701,748","2,920.00","3,035.00","2,895.00","2,945.00",+100.00,"11,593",
115/03/27,"2,066,364","5,985,026,820","2,900.00","2,950.00","2,845.00","2,910.00",-35.00,"9,318",
115/03/30,"3,755,290","10,420,318,595","2,815.00","2,850.00","2,705.00","2,785.00",-125.00,"18,176",
115/03/31,"5,256,642","14,019,630,926","2,780.00","2,830.00","2,595.00","2,600.00",-185.00,"21,082",
115/04/01,"3,039,597","8,584,813,555","2,800.00","2,860.00","2,745.00","2,860.00",+260.00,"12,612",
115/04/02,"4,147,382","11,863,395,991","2,920.00","2,965.00","2,775.00","2,785.00",-75.00,"12,418",
115/04/07,"3,251,323","9,450,841,170","2,875.00","2,970.00","2,850.00","2,885.00",+100.00,"8,648",
115/04/08,"2,230,541","7,060,264,415","3,160.00","3,170.00","3,135.00","3,170.00",+285.00,"9,088",
115/04/09,"3,254,067","10,616,229,620","3,225.00","3,350.00","3,180.00","3,220.00",+50.00,"10,305",
115/04/10,"3,018,570","10,198,767,760","3,280.00","3,435.00","3,260.00","3,420.00",+200.00,"10,447",
115/04/13,"2,472,083","8,300,411,300","3,430.00","3,440.00","3,320.00","3,325.00",-95.00,"12,174",
115/04/14,"3,407,745","12,271,082,905","3,490.00","3,655.00","3,490.00","3,605.00",+280.00,"11,989",
115/04/15,"3,998,854","15,134,494,450","3,870.00","3,875.00","3,700.00","3,810.00",+205.00,"13,142",
115/04/16,"2,880,746","11,023,679,510","3,950.00","3,950.00","3,760.00","3,835.00",+25.00,"11,575",
115/04/17,"2,796,395","10,633,043,245","3,770.00","3,865.00","3,730.00","3,800.00",-35.00,"15,507",
115/04/20,"3,606,415","13,766,771,315","3,780.00","3,915.00","3,720.00","3,850.00",+50.00,"14,726",
115/04/21,"2,771,442","10,866,762,320","3,900.00","3,990.00","3,830.00","3,950.00",+100.00,"11,084",
115/04/22,"2,907,731","11,809,686,735","3,960.00","4,200.00","3,895.00","4,065.00",+115.00,"13,448",
115/04/23,"4,565,537","19,110,108,040","4,215.00","4,440.00","3,975.00","4,100.00",+35.00,"21,916",
115/04/24,"4,429,294","19,487,669,681","4,300.00","4,485.00","4,230.00","4,475.00",+375.00,"17,793",
115/04/27,"5,437,579","25,466,732,890","4,660.00","4,800.00","4,475.00","4,730.00",+255.00,"20,060",
115/04/28,"4,686,444","20,772,148,000","4,650.00","4,655.00","4,340.00","4,375.00",-355.00,"56,415",
115/04/29,"3,600,136","15,652,794,716","4,165.00","4,460.00","4,160.00","4,440.00",+65.00,"16,317",
115/04/30,"3,472,525","15,926,701,156","4,550.00","4,660.00","4,485.00","4,545.00",+105.00,"17,153",
115/05/04,"3,046,320","14,263,287,170","4,605.00","4,770.00","4,530.00","4,755.00",+210.00,"15,092",
115/05/05,"2,020,545","9,461,493,525","4,740.00","4,775.00","4,600.00","4,730.00",-25.00,"19,053",
115/05/06,"3,737,170","18,292,990,145","4,855.00","4,995.00","4,745.00","4,950.00",+220.00,"18,882",
115/05/07,"2,630,939","13,011,764,025","5,110.00","5,115.00","4,825.00","4,960.00",+10.00,"19,277",
115/05/08,"2,812,108","13,483,465,270","4,810.00","4,905.00","4,670.00","4,750.00",-210.00,"29,132",
115/05/11,"2,728,505","12,896,977,185","4,480.00","4,860.00","4,480.00","4,850.00",+100.00,"13,716",
115/05/12,"2,661,176","13,219,135,825","4,805.00","5,080.00","4,805.00","4,900.00",+50.00,"13,438",
115/05/13,"1,933,684","9,490,678,615","4,880.00","5,000.00","4,800.00","4,930.00",+30.00,"10,884",
115/05/14,"2,342,222","11,817,345,315","5,095.00","5,215.00","4,920.00","4,920.00",-10.00,"12,551",
115/05/15,"2,616,036","12,454,482,490","4,960.00","5,020.00","4,615.00","4,615.00",-305.00,"32,960",
115/05/18,"3,423,889","15,137,126,505","4,415.00","4,575.00","4,300.00","4,545.00",-70.00,"21,588",
115/05/19,"1,920,778","8,732,368,195","4,515.00","4,675.00","4,430.00","4,535.00",-10.00,"11,026",
115/05/20,"1,950,325","8,634,663,015","4,530.00","4,530.00","4,360.00","4,395.00",-140.00,"15,771",
115/05/21,"2,512,472","11,774,126,250","4,610.00","4,785.00","4,555.00","4,690.00",+295.00,"11,771",
115/05/22,"3,037,648","15,188,295,575","4,925.00","5,085.00","4,800.00","5,005.00",+315.00,"18,741",
