日期,成交股數,成交金額,開盤價,最高價,最低價,收盤價,漲跌價差,成交筆數,註記
109/01/02,"1,597,059","109,764,116",69.60,69.90,68.00,68.40,-1.20,"1,149",
109/01/03,"958,092","65,860,225",68.50,69.00,68.30,69.00,+0.60,757,
109/01/06,"651,250","44,519,136",69.00,69.00,68.10,68.20,-0.80,523,
109/01/07,"1,141,497","78,758,693",68.20,69.60,68.10,69.20,+1.00,843,
109/01/08,"1,126,198","77,760,530",69.50,69.60,68.30,68.90,-0.30,855,
109/01/09,"436,928","30,108,631",68.90,69.30,68.70,68.90, 0.00,333,
109/01/10,"623,253","43,089,457",68.90,69.40,68.50,69.30,+0.40,483,
109/01/13,"1,065,960","74,635,400",69.90,70.60,69.70,70.00,+0.70,693,
109/01/14,"721,893","50,631,833",70.00,70.60,69.60,70.00, 0.00,470,
109/01/15,"1,042,726","73,331,183",70.00,70.60,69.90,70.50,+0.50,630,
109/01/16,"954,592","67,356,566",70.10,70.90,70.10,70.50, 0.00,573,
109/01/17,"907,714","64,280,900",70.50,71.10,70.50,70.80,+0.30,524,
109/01/20,"891,281","63,306,752",70.80,71.40,70.80,70.90,+0.10,525,
109/01/30,"3,517,791","241,476,141",69.80,70.00,67.30,68.10,-2.80,"2,365",
109/01/31,"2,255,891","156,848,346",67.60,70.60,67.60,69.20,+1.10,"1,235",
109/02/03,"2,320,380","164,817,076",68.50,72.70,68.10,71.30,+2.10,"1,696",
109/02/04,"1,762,367","125,450,557",71.30,71.70,70.60,71.20,-0.10,"1,188",
109/02/05,"1,248,113","88,693,623",71.20,71.30,70.70,71.10,-0.10,768,
109/02/06,"3,658,694","265,339,346",72.30,73.70,71.10,72.10,+1.00,"2,190",
109/02/07,"1,157,219","82,469,493",72.20,72.40,70.80,70.80,-1.30,869,
109/02/10,"1,415,556","98,607,147",70.00,70.30,69.00,69.20,-1.60,871,
109/02/11,"1,437,537","101,611,658",69.70,71.30,69.60,70.90,+1.70,877,
109/02/12,"1,856,008","131,600,749",71.10,71.50,70.50,71.00,+0.10,"1,145",
109/02/13,"1,888,498","134,338,193",71.50,72.00,70.60,70.70,-0.30,"1,213",
109/02/14,"1,540,246","109,341,057",70.70,71.20,70.70,71.00,+0.30,958,
109/02/17,"1,594,889","112,072,004",70.00,71.00,69.70,70.10,-0.90,"1,140",
109/02/18,"1,697,129","117,394,147",69.90,69.90,68.60,68.80,-1.30,"1,183",
109/02/19,"2,680,822","182,419,403",69.00,69.00,67.60,68.10,-0.70,"1,928",
109/02/20,"2,053,091","137,838,832",68.20,68.30,66.50,67.30,-0.80,"1,629",
109/02/21,"1,694,872","114,004,207",67.00,67.80,66.80,67.30, 0.00,843,
109/02/24,"1,916,181","129,718,064",67.50,68.50,66.60,68.40,+1.10,"1,321",
109/02/25,"1,008,516","68,381,987",67.50,68.20,67.30,67.70,-0.70,716,
109/02/26,"1,048,165","70,654,658",67.80,67.80,66.90,67.60,-0.10,834,
109/02/27,"1,579,852","106,777,557",67.30,67.90,67.10,67.90,+0.30,923,
109/03/02,"2,398,062","164,214,671",67.80,69.20,67.50,68.10,+0.20,"1,695",
109/03/03,"939,466","64,533,103",68.80,69.10,68.40,68.40,+0.30,744,
109/03/04,"1,340,777","91,060,481",68.10,68.80,67.50,68.20,-0.20,"1,124",
109/03/05,"1,150,194","78,236,192",68.20,68.70,67.80,68.00,-0.20,925,
109/03/06,"831,230","55,973,543",68.00,68.30,67.10,67.10,-0.90,716,
109/03/09,"2,097,817","135,620,788",66.10,66.20,63.70,63.80,-3.30,"1,649",
109/03/10,"1,506,362","94,621,706",63.30,63.70,62.00,63.00,-0.80,"1,086",
109/03/11,"1,329,997","83,430,394",63.20,64.00,61.90,62.20,-0.80,"1,174",
109/03/12,"2,911,972","174,722,175",61.50,61.50,58.70,60.80,-1.40,"1,930",
109/03/13,"4,093,972","228,086,068",57.70,58.40,54.80,56.70,-4.10,"2,808",
109/03/16,"2,117,158","116,422,199",56.60,56.70,54.00,54.20,-2.50,"1,716",
109/03/17,"2,728,176","143,262,281",51.60,53.80,51.20,52.50,-1.70,"1,786",
109/03/18,"2,754,013","147,727,894",53.10,54.70,52.60,54.20,+1.70,"2,160",
109/03/19,"5,047,285","274,694,760",54.80,56.50,51.80,55.80,+1.60,"3,630",
109/03/20,"3,784,812","211,912,158",56.40,57.70,54.50,54.80,-1.00,"2,603",
109/03/23,"1,793,680","95,089,405",52.20,54.50,52.00,52.50,-2.30,893,
109/03/24,"2,714,782","152,347,276",55.10,56.70,54.20,56.60,+4.10,"1,940",
109/03/25,"1,870,495","107,410,053",57.00,58.70,56.60,57.10,+0.50,"1,325",
109/03/26,"1,745,399","98,992,716",57.90,57.90,55.40,57.10, 0.00,"1,302",
109/03/27,"1,524,112","88,611,632",57.90,58.50,57.30,58.40,+1.30,"1,107",
109/03/30,"963,163","55,855,213",58.00,58.70,57.00,58.00,-0.40,624,
109/03/31,"3,901,557","239,244,377",58.50,63.00,58.50,61.00,+3.00,"2,556",
109/04/01,"2,819,292","176,338,504",62.40,63.70,61.70,62.00,+1.00,"1,913",
109/04/06,"1,894,259","120,413,234",62.40,64.30,62.30,63.90,+1.90,"1,457",
109/04/07,"1,596,744","101,671,855",64.90,64.90,62.70,63.80,-0.10,"1,309",
109/04/08,"1,430,014","92,004,184",64.20,65.40,63.60,63.60,-0.20,"1,161",
109/04/09,"973,902","61,826,761",63.40,64.00,62.80,63.60, 0.00,780,
109/04/10,"725,462","45,699,288",63.50,64.00,62.40,62.90,-0.70,551,
109/04/13,"498,268","31,366,745",62.70,63.50,62.50,62.90, 0.00,410,
109/04/14,"1,241,882","79,215,522",62.30,64.30,62.30,63.90,+1.00,846,
109/04/15,"1,304,825","84,698,997",64.20,65.30,64.20,65.30,+1.40,908,
109/04/16,"1,043,433","67,648,289",65.00,65.30,64.30,64.90,-0.40,863,
109/04/17,"2,109,158","139,918,008",65.60,67.40,65.30,65.60,+0.70,"1,617",
109/04/20,"1,913,549","129,297,966",66.10,68.20,66.10,68.20,+2.60,"1,341",
109/04/21,"1,542,831","102,629,069",67.80,67.80,65.60,66.40,-1.80,"1,191",
109/04/22,"985,715","64,904,341",65.90,66.80,65.20,66.50,+0.10,795,
109/04/23,"1,218,891","80,851,765",66.70,66.80,65.50,66.20,-0.30,884,
109/04/24,"1,088,504","71,850,108",66.70,66.80,65.60,65.90,-0.30,495,
109/04/27,"1,426,450","94,575,200",66.10,66.90,65.90,65.90, 0.00,905,
109/04/28,"1,672,484","112,145,888",66.50,67.40,66.40,67.30,+1.40,974,
109/04/29,"1,046,527","70,607,854",67.80,67.90,67.10,67.30, 0.00,890,
109/04/30,"1,301,298","87,832,544",67.60,67.80,67.20,67.30, 0.00,943,
109/05/04,"1,314,224","85,940,612",64.00,66.20,63.90,65.80,-1.50,989,
109/05/05,"790,406","51,918,496",65.40,66.30,65.00,65.60,-0.20,557,
109/05/06,"1,309,234","85,003,447",65.10,65.40,64.30,65.00,-0.60,"1,003",
109/05/07,"1,370,208","91,120,959",65.00,67.30,65.00,67.10,+2.10,982,
109/05/08,"2,827,113","186,003,828",67.00,67.10,64.70,65.60,-1.50,"1,707",
109/05/11,"377,681","24,924,446",66.60,66.60,65.60,65.80,+0.20,351,
109/05/12,"1,459,376","97,343,773",66.50,67.30,66.10,66.50,+0.70,"1,037",
109/05/13,"1,178,333","79,345,471",66.50,68.20,66.20,67.90,+1.40,910,
109/05/14,"1,507,221","102,573,370",68.20,68.90,67.00,67.80,-0.10,"1,194",
109/05/15,"979,596","66,086,666",67.80,68.50,66.80,67.00,-0.80,739,
109/05/18,"965,870","63,972,420",66.10,66.90,65.70,65.70,-1.30,754,
109/05/19,"807,117","53,842,652",67.60,67.60,66.20,66.70,+1.00,658,
109/05/20,"815,642","54,465,872",67.20,67.20,66.30,66.30,-0.40,582,
109/05/21,"675,986","44,952,060",66.30,66.90,66.20,66.80,+0.50,570,
109/05/22,"1,292,816","84,664,488",66.20,66.50,65.00,65.00,-1.80,"1,090",
109/05/25,"837,686","54,277,544",65.10,65.40,64.10,65.40,+0.40,634,
109/05/26,"952,572","63,557,432",66.20,67.00,66.10,66.70,+1.30,789,
109/05/27,"520,818","34,539,788",67.00,67.00,66.00,66.00,-0.70,469,
109/05/28,"1,007,763","66,020,669",66.10,66.60,65.10,65.10,-0.90,727,
109/05/29,"2,403,171","153,723,415",65.10,65.80,63.50,63.50,-1.60,870,
109/06/01,"2,065,804","133,181,554",64.40,65.50,63.60,64.20,+0.70,"1,243",
109/06/02,"533,328","34,665,477",64.50,65.20,64.50,65.20,+1.00,439,
109/06/03,"1,389,174","91,578,635",66.10,66.50,65.40,65.80,+0.60,"1,079",
109/06/04,"1,021,803","66,916,509",66.00,66.40,65.20,65.40,-0.40,783,
109/06/05,"934,802","61,516,803",65.40,66.10,65.40,65.70,+0.30,711,
109/06/08,"1,118,312","73,712,345",66.00,66.40,65.20,66.40,+0.70,906,
109/06/09,"1,752,584","114,792,302",66.20,66.20,64.50,65.50,-0.90,"1,443",
109/06/10,"1,800,650","118,877,972",66.00,66.30,65.10,66.20,+0.70,995,
109/06/11,"2,084,042","136,708,026",65.60,66.20,65.10,65.10,-1.10,"1,134",
109/06/12,"1,689,640","108,369,260",63.80,64.70,63.70,63.90,-1.20,"1,244",
109/06/15,"1,598,115","101,413,737",64.00,64.00,63.00,63.00,-0.90,"1,211",
109/06/16,"1,558,542","99,156,529",63.70,64.10,63.00,64.10,+1.10,715,
109/06/17,"1,134,653","72,913,646",64.10,64.60,64.00,64.10, 0.00,959,
109/06/18,"1,485,756","94,698,433",64.00,64.60,63.50,63.80,-0.30,"1,096",
109/06/19,"1,037,188","66,201,801",64.00,64.00,63.40,63.90,+0.10,579,
109/06/22,"919,127","58,732,328",63.80,64.20,63.60,63.80,-0.10,582,
109/06/23,"2,536,370","161,514,414",63.80,64.40,62.80,63.30,-0.50,972,
109/06/24,"1,055,951","66,699,386",63.70,63.80,62.90,63.00,-0.30,692,
109/06/29,"1,182,346","73,971,494",63.00,63.00,62.30,62.50,-0.50,902,
109/06/30,"1,071,055","67,684,553",63.00,64.00,62.80,63.00,+0.50,689,
109/07/01,"747,197","47,699,322",63.40,64.10,63.40,63.70,+0.70,571,
109/07/02,"1,369,320","88,077,336",63.90,64.90,63.70,64.20,+0.50,805,
109/07/03,"1,217,668","79,066,147",64.60,65.20,64.40,65.20,+1.00,855,
109/07/06,"1,393,897","91,381,311",65.20,65.90,65.00,65.70,+0.50,"1,043",
109/07/07,"2,357,847","156,177,216",65.90,66.80,65.60,66.50,+0.80,"1,511",
109/07/08,"1,851,087","121,391,608",65.20,66.30,65.10,65.80,-0.70,"1,133",
109/07/09,"1,651,119","109,413,787",65.80,66.90,65.70,66.40,+0.60,"1,008",
109/07/10,"1,326,998","87,641,761",66.90,66.90,65.20,66.00,-0.40,878,
109/07/13,"1,562,412","103,532,490",66.10,66.90,65.50,66.50,+0.50,926,
109/07/14,"3,067,197","204,629,107",66.40,67.10,65.80,66.60,+0.10,"1,729",
109/07/15,"4,031,533","272,836,302",67.10,68.00,66.80,67.60,+1.00,"2,301",
109/07/16,"2,641,445","172,295,870",65.20,66.50,64.50,64.50,X0.00,"1,683",
109/07/17,"1,294,962","83,014,669",65.30,65.30,63.50,63.50,-1.00,887,
109/07/20,"878,761","55,617,646",63.50,63.70,63.00,63.40,-0.10,604,
109/07/21,"2,208,808","140,191,281",63.10,64.10,63.00,63.20,-0.20,"1,039",
109/07/22,"681,142","43,251,929",63.20,63.90,63.10,63.70,+0.50,527,
109/07/23,"910,024","57,548,719",63.50,63.60,63.10,63.20,-0.50,598,
109/07/24,"1,496,273","94,120,299",63.00,63.20,62.60,63.00,-0.20,869,
109/07/27,"2,246,165","139,098,330",62.90,62.90,61.30,61.30,-1.70,"1,331",
109/07/28,"2,128,967","128,613,984",61.10,61.10,60.00,60.10,-1.20,"1,351",
109/07/29,"1,343,162","82,906,418",60.10,62.20,60.00,62.00,+1.90,908,
109/07/30,"1,277,330","78,232,860",62.00,62.00,61.00,61.30,-0.70,860,
109/07/31,"1,341,535","82,701,408",61.70,62.00,61.30,61.30, 0.00,918,
109/08/03,"1,288,188","78,872,888",61.30,61.80,60.50,61.30, 0.00,947,
109/08/04,"782,376","48,324,511",61.90,62.00,61.40,61.70,+0.40,545,
109/08/05,"687,384","42,546,914",61.80,62.20,61.20,62.20,+0.50,582,
109/08/06,"953,426","59,016,222",62.50,62.50,61.50,62.10,-0.10,791,
109/08/07,"652,717","40,494,287",62.00,62.20,61.80,62.20,+0.10,498,
109/08/10,"561,694","34,792,756",62.20,62.30,61.30,62.00,-0.20,460,
109/08/11,"968,228","60,008,574",62.00,62.20,61.80,61.90,-0.10,689,
109/08/12,"705,907","43,798,698",61.90,62.20,61.80,62.00,+0.10,548,
109/08/13,"591,137","36,748,331",62.30,62.50,61.80,62.50,+0.50,481,
109/08/14,"584,467","36,368,470",62.30,62.50,62.00,62.50, 0.00,471,
109/08/17,"1,569,903","99,950,298",63.50,64.00,63.30,63.80,+1.30,"1,086",
109/08/18,"1,060,542","67,475,270",63.90,64.00,63.00,63.60,-0.20,802,
109/08/19,"1,415,008","90,581,412",63.30,64.30,63.30,63.80,+0.20,922,
109/08/20,"1,985,321","126,581,844",63.80,64.70,62.90,64.00,+0.20,"1,249",
109/08/21,"1,134,992","72,646,088",63.80,64.40,63.60,64.00, 0.00,790,
109/08/24,"1,536,665","97,377,889",64.00,64.00,63.00,63.20,-0.80,"1,045",
109/08/25,"1,423,145","91,705,656",63.50,65.10,63.40,64.80,+1.60,"1,132",
109/08/26,"881,110","57,105,024",65.00,65.00,64.30,65.00,+0.20,667,
109/08/27,"861,240","55,248,525",65.10,65.10,63.70,63.70,-1.30,651,
109/08/28,"539,057","34,461,855",63.70,64.30,63.50,64.20,+0.50,402,
109/08/31,"2,643,832","168,677,837",64.50,64.60,63.50,63.70,-0.50,719,
109/09/01,"1,039,534","65,829,717",63.70,63.80,62.70,63.30,-0.40,666,
109/09/02,"760,227","48,116,228",63.50,63.50,62.90,63.50,+0.20,546,
109/09/03,"845,889","53,626,347",63.30,63.90,63.00,63.30,-0.20,612,
109/09/04,"732,242","46,152,210",63.00,63.30,62.70,63.00,-0.30,446,
109/09/07,"454,313","28,658,805",62.90,63.30,62.60,63.30,+0.30,365,
109/09/08,"640,187","40,281,281",63.00,63.20,62.50,63.00,-0.30,539,
109/09/09,"539,879","33,857,323",62.60,63.10,62.20,63.10,+0.10,382,
109/09/10,"239,571","15,131,091",63.10,63.40,62.80,63.40,+0.30,216,
109/09/11,"436,446","27,685,758",63.40,63.80,63.10,63.80,+0.40,350,
109/09/14,"516,973","32,967,861",63.90,64.30,63.30,63.90,+0.10,413,
109/09/15,"721,327","45,771,928",64.00,64.00,63.20,63.50,-0.40,482,
109/09/16,"582,438","37,060,343",63.50,63.90,63.50,63.50, 0.00,413,
109/09/17,"485,295","30,779,926",63.50,63.60,63.30,63.50, 0.00,292,
109/09/18,"586,604","37,413,725",63.50,64.00,63.20,64.00,+0.50,415,
109/09/21,"400,419","25,504,216",64.00,64.20,63.40,63.50,-0.50,329,
109/09/22,"483,870","30,465,916",63.30,63.40,62.60,62.70,-0.80,382,
109/09/23,"792,786","49,398,438",62.60,63.00,62.00,62.30,-0.40,595,
109/09/24,"1,819,568","110,417,750",61.50,61.90,60.20,60.80,-1.50,"1,194",
109/09/25,"804,801","48,814,818",60.70,61.00,60.30,61.00,+0.20,612,
109/09/28,"593,482","36,367,539",61.00,61.80,61.00,61.00, 0.00,500,
109/09/29,"551,827","33,537,947",61.10,61.40,60.60,60.70,-0.30,323,
109/09/30,"492,736","30,148,042",61.40,61.60,60.80,60.80,+0.10,394,
109/10/05,"519,651","32,012,590",61.80,62.50,61.20,61.20,+0.40,429,
109/10/06,"557,545","34,476,391",61.50,62.10,61.50,61.80,+0.60,433,
109/10/07,"548,553","33,884,990",61.80,62.20,61.30,61.70,-0.10,440,
109/10/08,"463,793","28,627,215",61.90,62.00,61.50,61.50,-0.20,356,
109/10/12,"1,908,912","118,704,444",63.80,63.80,61.50,61.60,+0.10,997,
109/10/13,"1,579,687","96,433,007",61.70,61.80,60.70,61.10,-0.50,"1,047",
109/10/14,"1,187,766","72,616,106",61.00,61.60,60.60,61.40,+0.30,797,
109/10/15,"938,954","57,825,633",61.20,62.10,61.00,62.00,+0.60,571,
109/10/16,"723,914","45,207,419",62.20,62.80,62.20,62.50,+0.50,539,
109/10/19,"825,491","52,150,849",62.90,63.40,62.90,63.40,+0.90,700,
109/10/20,"683,353","43,007,314",63.50,63.50,62.60,62.80,-0.60,638,
109/10/21,"522,053","32,782,729",63.00,63.00,62.50,62.90,+0.10,459,
109/10/22,"1,542,572","98,900,792",62.80,64.90,62.30,64.90,+2.00,800,
109/10/23,"1,014,108","64,180,145",64.00,64.00,63.10,63.10,-1.80,857,
109/10/26,"456,743","28,792,220",63.50,63.50,62.80,62.90,-0.20,445,
109/10/27,"565,608","35,532,622",62.70,63.30,62.50,62.80,-0.10,334,
109/10/28,"438,802","27,515,407",62.70,63.20,62.30,62.80, 0.00,507,
109/10/29,"635,703","39,438,333",61.80,62.50,61.80,61.90,-0.90,714,
109/10/30,"1,190,862","73,084,599",61.80,62.20,61.10,61.10,-0.80,"1,103",
109/11/02,"513,890","31,533,038",61.20,61.70,61.00,61.70,+0.60,519,
109/11/03,"576,789","35,633,839",61.80,62.00,61.50,61.50,-0.20,540,
109/11/04,"367,659","22,722,613",61.50,62.20,61.50,61.90,+0.40,368,
109/11/05,"330,312","20,567,954",62.00,62.40,61.90,62.40,+0.50,380,
109/11/06,"412,967","25,748,136",62.40,62.50,62.20,62.20,-0.20,450,
109/11/09,"522,493","32,702,008",62.60,62.90,62.40,62.70,+0.50,508,
109/11/10,"605,311","38,190,681",62.80,63.30,62.70,63.30,+0.60,582,
109/11/11,"1,180,027","75,283,164",63.50,64.00,63.20,64.00,+0.70,941,
109/11/12,"1,436,258","92,269,348",64.00,64.50,63.70,64.50,+0.50,827,
109/11/13,"2,201,091","139,075,015",62.90,63.80,62.50,63.80,-0.70,"1,630",
109/11/16,"1,275,801","80,646,372",63.90,64.00,62.90,63.30,-0.50,"1,178",
109/11/17,"1,440,157","90,074,471",63.30,63.30,62.30,62.60,-0.70,"1,255",
109/11/18,"1,993,518","123,649,225",62.50,62.50,61.60,62.10,-0.50,"1,934",
109/11/19,"1,294,754","80,176,256",62.10,62.20,61.80,61.90,-0.20,"1,064",
109/11/20,"2,344,153","144,495,619",61.90,62.00,61.40,61.60,-0.30,"2,006",
109/11/23,"2,034,006","126,329,090",62.00,62.50,61.90,62.40,+0.80,"1,538",
109/11/24,"1,152,172","71,780,259",62.50,62.70,62.10,62.30,-0.10,943,
109/11/25,"1,197,547","74,789,491",62.30,62.60,62.30,62.50,+0.20,980,
109/11/26,"1,651,307","102,414,291",62.50,62.50,61.60,62.10,-0.40,"1,275",
109/11/27,"1,120,247","69,444,024",62.10,62.30,61.80,61.90,-0.20,971,
109/11/30,"3,956,558","246,163,732",61.90,62.40,61.80,62.40,+0.50,"1,727",
109/12/01,"1,350,873","83,754,414",62.40,62.40,61.80,62.00,-0.40,"1,103",
109/12/02,"3,161,963","194,665,659",62.00,62.00,61.40,61.40,-0.60,"2,249",
109/12/03,"1,073,757","65,970,240",61.40,61.60,61.20,61.50,+0.10,"1,022",
109/12/04,"1,266,242","77,895,215",61.40,61.70,61.20,61.50, 0.00,"1,050",
109/12/07,"1,691,988","103,735,010",61.80,61.80,61.20,61.20,-0.30,"1,496",
109/12/08,"1,113,126","68,201,971",61.30,61.50,61.10,61.30,+0.10,975,
109/12/09,"1,505,940","92,344,691",61.30,61.70,61.20,61.20,-0.10,"1,179",
109/12/10,"2,973,168","181,095,655",61.20,61.30,60.70,60.90,-0.30,"2,594",
109/12/11,"2,121,283","128,838,159",60.90,61.20,60.50,60.70,-0.20,"1,898",
109/12/14,"3,023,576","182,715,886",60.80,61.00,60.20,60.20,-0.50,"2,499",
109/12/15,"2,160,567","129,630,299",60.20,60.50,59.80,59.90,-0.30,"1,871",
109/12/16,"1,514,379","91,439,039",60.30,60.80,60.00,60.80,+0.90,"1,352",
109/12/17,"2,236,540","134,604,354",60.80,60.90,60.00,60.10,-0.70,"1,922",
109/12/18,"2,380,446","143,995,872",60.50,60.70,60.20,60.50,+0.40,"1,124",
109/12/21,"2,415,860","145,125,563",60.60,60.60,59.70,60.30,-0.20,"1,738",
109/12/22,"1,279,693","77,116,357",60.10,60.50,60.00,60.00,-0.30,"1,027",
109/12/23,"608,480","36,581,074",60.00,60.20,60.00,60.00, 0.00,540,
109/12/24,"556,523","33,554,170",60.20,60.50,60.20,60.40,+0.40,491,
109/12/25,"833,500","50,622,680",60.50,60.90,60.50,60.70,+0.30,659,
109/12/28,"1,248,528","76,074,363",60.90,61.10,60.70,60.90,+0.20,937,
109/12/29,"999,227","60,557,173",60.90,61.00,60.40,60.40,-0.50,929,
109/12/30,"1,782,499","108,590,116",60.70,61.20,60.50,61.00,+0.60,"1,415",
109/12/31,"1,396,590","85,439,430",61.00,61.30,60.80,61.30,+0.30,920,
110/01/04,"1,265,646","77,391,222",61.50,61.50,61.00,61.00,-0.30,"1,110",
110/01/05,"1,801,780","109,069,935",60.70,61.00,60.30,60.70,-0.30,"1,400",
110/01/06,"1,658,441","100,100,766",60.70,60.80,60.10,60.30,-0.40,"1,468",
110/01/07,"4,385,258","262,836,050",60.20,60.20,59.70,59.80,-0.50,"2,996",
110/01/08,"2,967,689","179,508,839",60.00,60.90,59.90,60.70,+0.90,"2,191",
110/01/11,"4,126,839","247,817,865",60.60,60.60,59.80,59.90,-0.80,"3,239",
110/01/12,"5,264,867","312,400,112",59.90,60.00,59.10,59.30,-0.60,"3,880",
110/01/13,"4,511,954","266,298,589",59.20,59.60,58.00,59.60,+0.30,"3,268",
110/01/14,"3,088,031","182,624,820",59.50,59.50,58.80,59.30,-0.30,"2,132",
110/01/15,"3,902,076","228,426,279",59.20,59.20,58.20,58.20,-1.10,"3,262",
110/01/18,"3,070,343","177,079,988",58.10,58.10,57.50,57.50,-0.70,"2,803",
110/01/19,"2,607,418","149,259,438",57.50,57.50,57.00,57.20,-0.30,"2,543",
110/01/20,"5,942,246","335,077,792",57.10,57.40,55.60,55.80,-1.40,"4,782",
110/01/21,"4,163,566","232,186,579",55.90,56.50,55.20,55.30,-0.50,"3,123",
110/01/22,"5,542,917","304,024,194",55.20,55.20,54.50,54.90,-0.40,"4,251",
110/01/25,"5,247,956","288,101,975",54.80,56.00,53.60,55.50,+0.60,"3,840",
110/01/26,"4,476,374","247,007,689",55.50,55.80,54.40,55.50, 0.00,"2,875",
110/01/27,"3,686,980","208,526,695",55.50,57.10,55.50,56.70,+1.20,"2,755",
110/01/28,"3,293,582","186,303,613",56.30,57.10,55.80,57.10,+0.40,"2,462",
110/01/29,"3,256,135","185,203,519",57.10,57.30,56.50,56.50,-0.60,"1,937",
110/02/01,"3,053,077","171,020,723",56.50,56.90,55.70,56.20,-0.30,"2,501",
110/02/02,"3,678,653","206,424,360",56.20,56.60,55.70,56.10,-0.10,"2,624",
110/02/03,"3,752,027","214,886,820",56.40,58.00,56.00,57.30,+1.20,"2,198",
110/02/04,"2,127,654","120,833,015",56.90,57.10,56.50,56.80,-0.50,"1,801",
110/02/05,"2,486,022","141,805,264",56.80,57.50,56.60,57.00,+0.20,"1,524",
110/02/17,"6,325,714","357,896,058",56.10,57.00,56.00,56.90,-0.10,"4,266",
110/02/18,"5,519,067","311,114,509",56.50,56.60,56.10,56.30,-0.60,"4,374",
110/02/19,"4,765,338","271,492,426",56.50,57.30,56.40,56.90,+0.60,"2,390",
110/02/22,"3,572,859","203,578,100",57.20,57.50,56.70,56.90, 0.00,"2,615",
110/02/23,"5,919,275","338,558,669",56.90,57.50,56.90,57.00,+0.10,"3,209",
110/02/24,"6,381,047","363,158,037",57.00,57.20,56.60,56.60,-0.40,"3,747",
110/02/25,"10,010,740","561,369,796",56.60,56.70,55.70,55.70,-0.90,"6,722",
110/02/26,"52,599,410","2,890,586,615",55.30,55.40,54.50,55.00,-0.70,"12,466",
110/03/02,"9,552,853","533,520,744",55.80,56.30,55.30,55.80,+0.80,"4,891",
110/03/03,"10,075,100","569,301,802",56.10,57.00,56.00,56.10,+0.30,"5,366",
110/03/04,"5,175,608","290,704,311",55.80,56.40,55.70,56.10, 0.00,"2,900",
110/03/05,"4,305,150","241,168,437",56.00,56.30,55.70,56.00,-0.10,"2,864",
110/03/08,"6,212,181","353,432,031",56.40,57.20,56.40,56.90,+0.90,"3,558",
110/03/09,"9,035,536","525,136,736",57.20,58.80,57.20,58.60,+1.70,"5,541",
110/03/10,"7,664,896","445,314,491",58.60,58.60,57.80,57.90,-0.70,"4,723",
110/03/11,"4,528,089","262,501,609",57.70,58.50,57.70,58.10,+0.20,"3,103",
110/03/12,"4,370,006","251,632,242",58.10,58.10,57.30,57.60,-0.50,"3,443",
110/03/15,"6,982,245","396,449,976",56.70,57.30,56.00,57.10,-0.50,"5,078",
110/03/16,"2,509,584","144,197,624",57.20,57.70,57.00,57.60,+0.50,"2,212",
110/03/17,"3,814,524","219,063,488",57.60,57.80,57.10,57.40,-0.20,"2,622",
110/03/18,"2,575,964","147,605,936",57.10,57.60,57.10,57.60,+0.20,"1,706",
110/03/19,"5,192,746","300,330,395",57.60,58.20,57.10,58.20,+0.60,"2,905",
110/03/22,"3,803,118","221,306,369",58.40,58.50,57.70,58.30,+0.10,"2,652",
110/03/23,"4,635,479","267,717,778",57.70,58.10,57.50,57.60,-0.70,"3,078",
110/03/24,"2,240,035","129,135,155",57.60,57.80,57.50,57.60, 0.00,"1,369",
110/03/25,"2,600,359","148,963,460",57.60,57.60,57.10,57.30,-0.30,"1,995",
110/03/26,"2,954,629","169,444,252",57.50,57.50,57.20,57.50,+0.20,"2,080",
110/03/29,"2,601,935","149,527,364",57.50,57.70,57.30,57.50, 0.00,"1,867",
110/03/30,"2,224,914","128,525,505",57.60,58.00,57.50,58.00,+0.50,"1,688",
110/03/31,"5,332,582","311,585,879",58.10,58.70,58.10,58.60,+0.60,"3,101",
110/04/01,"4,950,758","286,541,696",58.40,58.40,57.60,57.60,-1.00,"3,249",
110/04/06,"3,948,386","226,535,260",57.60,57.70,57.20,57.30,-0.30,"2,616",
110/04/07,"2,893,833","165,495,108",57.30,57.50,57.00,57.30, 0.00,"2,044",
110/04/08,"3,375,753","192,777,459",57.30,57.30,57.00,57.10,-0.20,"2,390",
110/04/09,"2,560,265","146,260,628",57.10,57.30,57.00,57.20,+0.10,"1,870",
110/04/12,"5,275,649","299,448,363",57.20,57.30,56.50,56.60,-0.60,"3,660",
110/04/13,"4,271,630","241,470,682",56.60,56.70,56.30,56.70,+0.10,"2,581",
110/04/14,"4,142,880","232,688,177",56.70,56.70,55.80,56.20,-0.50,"3,299",
110/04/15,"3,251,462","182,069,192",56.20,56.30,55.90,56.00,-0.20,"2,461",
110/04/16,"4,121,223","234,377,275",56.00,57.30,56.00,57.10,+1.10,"2,718",
110/04/19,"4,139,917","238,041,114",57.20,57.80,57.10,57.70,+0.60,"2,561",
110/04/20,"3,105,942","178,146,334",57.80,57.90,57.00,57.00,-0.70,"2,160",
110/04/21,"2,163,977","123,981,775",57.00,57.60,56.90,57.40,+0.40,"1,612",
110/04/22,"4,474,292","256,053,800",57.70,57.70,56.80,56.80,-0.60,"2,624",
110/04/23,"2,665,957","150,663,307",57.00,57.00,56.20,56.40,-0.40,"1,884",
110/04/26,"1,965,828","110,904,381",56.40,56.70,56.20,56.30,-0.10,"1,565",
110/04/27,"2,575,091","144,731,142",56.60,56.60,56.10,56.10,-0.20,"1,865",
110/04/28,"3,453,419","196,420,191",56.10,57.40,56.10,57.30,+1.20,"2,388",
110/04/29,"2,588,464","147,545,507",57.50,57.60,56.60,56.90,-0.40,"1,847",
110/05/03,"2,896,644","162,989,204",56.80,56.90,56.10,56.20,-0.70,"2,159",
110/05/04,"4,414,487","246,270,713",56.60,56.60,55.10,55.70,-0.50,"3,233",
110/05/05,"1,536,132","85,678,211",55.70,56.00,55.60,55.60,-0.10,"1,240",
110/05/06,"2,841,971","157,510,377",55.60,55.80,55.20,55.40,-0.20,"2,188",
110/05/07,"1,222,960","68,205,915",55.60,55.90,55.60,55.80,+0.40,"1,035",
110/05/10,"1,652,326","92,722,312",55.90,56.40,55.70,56.40,+0.60,"1,243",
110/05/11,"3,118,494","172,856,361",56.00,56.00,55.00,55.00,-1.40,"2,618",
110/05/12,"7,534,699","400,035,627",55.00,55.20,51.30,52.10,-2.90,"6,078",
110/05/13,"3,094,677","162,308,624",51.50,53.70,51.00,52.40,+0.30,"2,465",
110/05/14,"1,888,941","99,511,083",52.70,53.30,52.40,52.90,+0.50,"1,612",
110/05/17,"3,958,617","203,902,376",51.90,52.90,51.00,51.00,-1.90,"3,174",
110/05/18,"2,203,988","115,351,158",51.20,53.00,51.20,52.90,+1.90,"1,631",
110/05/19,"1,468,806","76,995,353",52.90,53.40,52.10,52.20,-0.70,"1,329",
110/05/20,"1,147,600","59,662,380",52.00,52.50,51.60,52.00,-0.20,992,
110/05/21,"1,310,389","68,367,606",52.50,52.90,51.90,52.20,+0.20,"1,033",
110/05/24,"1,321,581","68,523,533",52.50,52.50,51.80,52.10,-0.10,"1,017",
110/05/25,"1,456,584","75,944,125",52.30,52.40,52.00,52.10, 0.00,"1,192",
110/05/26,"1,792,840","93,065,812",52.10,52.20,51.80,52.00,-0.10,"1,544",
110/05/27,"2,401,859","125,564,798",52.00,52.90,51.70,52.20,+0.20,"1,555",
110/05/28,"1,207,370","63,396,241",52.70,52.80,52.30,52.60,+0.40,"1,055",
110/05/31,"1,788,532","94,256,738",52.70,53.90,52.70,53.70,+1.10,"1,283",
110/06/01,"1,339,408","72,656,306",53.90,54.50,53.90,54.40,+0.70,"1,096",
110/06/02,"1,204,022","65,260,851",54.70,54.80,53.90,54.40, 0.00,"1,126",
110/06/03,"1,039,639","56,224,032",54.40,54.50,53.90,54.20,-0.20,786,
110/06/04,"1,240,254","66,996,546",54.00,54.50,53.70,54.20, 0.00,771,
110/06/07,"770,428","41,473,669",54.20,54.30,53.40,54.00,-0.20,678,
110/06/08,"824,022","44,104,571",54.00,54.00,53.40,53.40,-0.60,833,
110/06/09,"981,392","52,384,550",53.20,53.70,53.10,53.70,+0.30,752,
110/06/10,"677,265","36,442,539",53.70,54.20,53.40,53.90,+0.20,522,
110/06/11,"643,728","34,629,219",53.80,54.00,53.50,53.90, 0.00,657,
110/06/15,"1,299,457","70,074,295",53.90,54.50,53.40,54.30,+0.40,908,
110/06/16,"1,185,104","63,872,542",54.30,54.30,53.70,53.90,-0.40,939,
110/06/17,"746,959","40,109,053",53.70,53.90,53.50,53.70,-0.20,619,
110/06/18,"1,446,745","77,343,867",53.50,53.90,53.20,53.90,+0.20,"1,217",
110/06/21,"1,016,657","54,182,279",53.70,53.70,53.10,53.20,-0.70,982,
110/06/22,"736,067","39,214,469",53.20,53.60,53.10,53.20, 0.00,662,
110/06/23,"957,153","51,328,481",53.20,53.90,53.10,53.60,+0.40,828,
110/06/24,"563,012","30,337,624",53.60,54.10,53.60,54.10,+0.50,506,
110/06/25,"838,537","45,568,910",54.20,54.50,54.10,54.40,+0.30,760,
110/06/28,"911,006","49,572,989",54.50,54.60,54.30,54.30,-0.10,738,
110/06/29,"730,917","39,624,573",54.30,54.40,54.00,54.30, 0.00,590,
110/06/30,"655,853","35,557,057",54.50,54.50,54.10,54.10,-0.20,569,
110/07/01,"1,929,676","105,561,315",54.10,55.30,53.90,54.60,+0.50,"1,332",
110/07/02,"839,915","45,868,903",54.90,54.90,54.40,54.60, 0.00,647,
110/07/05,"1,121,556","61,856,024",54.70,55.40,54.70,55.20,+0.60,944,
110/07/06,"513,409","28,373,128",55.40,55.40,55.20,55.30,+0.10,486,
110/07/07,"616,811","33,861,267",55.20,55.20,54.70,54.80,-0.50,614,
110/07/08,"613,373","33,598,181",54.80,55.00,54.60,54.80, 0.00,576,
110/07/09,"589,058","32,160,438",54.80,54.80,54.50,54.50,-0.30,593,
110/07/12,"817,885","44,673,430",54.80,54.80,54.50,54.60,+0.10,833,
110/07/13,"1,058,714","58,001,365",54.70,55.00,54.60,55.00,+0.40,716,
110/07/14,"584,832","32,073,129",55.00,55.00,54.70,54.90,-0.10,547,
110/07/15,"513,832","28,232,058",55.00,55.10,54.80,55.00,+0.10,464,
110/07/16,"894,223","49,336,793",55.00,55.40,55.00,55.20,+0.20,714,
110/07/19,"755,658","41,533,406",55.30,55.30,54.60,54.90,-0.30,687,
110/07/20,"760,377","41,498,108",54.50,54.80,54.40,54.60,-0.30,659,
110/07/21,"997,287","54,275,253",54.70,54.70,54.20,54.40,-0.20,890,
110/07/22,"1,529,973","83,102,920",54.50,54.60,54.20,54.30,-0.10,"1,288",
110/07/23,"2,244,773","122,133,756",54.30,54.80,54.20,54.70,+0.40,"1,569",
110/07/26,"2,084,285","109,769,403",52.80,52.90,52.50,52.60,X0.00,"1,947",
110/07/27,"1,536,291","80,361,636",52.80,52.80,52.10,52.10,-0.50,"1,563",
110/07/28,"1,957,470","101,391,426",52.10,52.20,51.60,51.80,-0.30,"1,839",
110/07/29,"1,178,713","61,224,517",51.80,52.20,51.80,51.90,+0.10,950,
110/07/30,"2,590,703","135,885,167",52.00,52.90,51.90,52.50,+0.60,"1,231",
110/08/02,"700,266","36,862,059",52.80,52.90,52.20,52.80,+0.30,626,
110/08/03,"379,235","19,982,278",52.60,53.00,52.50,52.70,-0.10,436,
110/08/04,"626,432","32,829,050",52.60,52.80,52.30,52.30,-0.40,704,
110/08/05,"570,544","29,965,530",52.30,52.80,52.30,52.80,+0.50,525,
110/08/06,"614,338","32,391,244",52.90,52.90,52.50,52.80, 0.00,535,
110/08/09,"733,434","38,391,283",52.80,52.80,52.10,52.50,-0.30,713,
110/08/10,"827,452","43,114,029",52.50,52.50,52.00,52.00,-0.50,778,
110/08/11,"827,090","43,081,365",52.20,52.20,52.00,52.10,+0.10,748,
110/08/12,"474,604","24,705,298",52.10,52.20,52.00,52.10, 0.00,505,
110/08/13,"817,746","42,406,847",52.10,52.10,51.80,51.90,-0.20,795,
110/08/16,"926,645","47,747,368",51.90,51.90,51.30,51.40,-0.50,"1,120",
110/08/17,"786,846","40,529,782",51.50,51.70,51.40,51.50,+0.10,776,
110/08/18,"541,361","27,808,093",51.40,51.90,51.10,51.90,+0.40,668,
110/08/19,"1,022,777","52,518,517",51.80,51.80,51.20,51.70,-0.20,"1,110",
110/08/20,"608,341","31,240,632",51.70,51.70,51.20,51.30,-0.40,701,
110/08/23,"417,212","21,516,142",51.70,51.80,51.40,51.80,+0.50,483,
110/08/24,"880,802","45,530,294",51.80,52.10,51.50,51.80, 0.00,749,
110/08/25,"586,769","30,440,621",51.80,52.00,51.70,52.00,+0.20,536,
110/08/26,"907,241","46,851,213",52.00,52.00,51.40,51.70,-0.30,"1,011",
110/08/27,"474,604","24,509,713",51.70,51.80,51.50,51.70, 0.00,469,
110/08/30,"398,009","20,598,125",51.80,51.90,51.60,51.80,+0.10,447,
110/08/31,"802,571","41,693,726",51.80,52.20,51.70,52.20,+0.40,663,
110/09/01,"755,654","39,481,419",51.90,52.40,51.80,52.30,+0.10,573,
110/09/02,"369,848","19,263,587",52.30,52.40,51.90,52.10,-0.20,410,
110/09/03,"584,235","30,471,103",52.20,52.30,51.90,52.10, 0.00,466,
110/09/06,"456,578","23,768,338",52.10,52.20,51.80,52.00,-0.10,472,
110/09/07,"433,389","22,460,142",52.00,52.10,51.70,51.80,-0.20,511,
110/09/08,"960,727","49,560,604",51.80,51.80,51.40,51.70,-0.10,887,
110/09/09,"469,797","24,163,793",51.70,51.70,51.30,51.40,-0.30,565,
110/09/10,"690,572","35,483,690",51.50,51.50,51.30,51.40, 0.00,681,
110/09/13,"1,063,880","54,494,778",51.40,51.40,51.10,51.30,-0.10,"1,149",
110/09/14,"734,524","37,606,739",51.30,51.30,51.10,51.20,-0.10,792,
110/09/15,"803,108","41,051,182",51.20,51.30,51.00,51.10,-0.10,816,
110/09/16,"942,066","48,120,650",51.10,51.40,51.00,51.40,+0.30,889,
110/09/17,"2,083,450","107,562,204",51.50,51.80,51.10,51.80,+0.40,771,
110/09/22,"895,182","45,800,294",51.50,51.50,51.00,51.20,-0.60,858,
110/09/23,"405,038","20,848,353",51.40,51.60,51.30,51.60,+0.40,445,
110/09/24,"323,472","16,683,100",51.70,51.80,51.50,51.60, 0.00,385,
110/09/27,"731,685","37,981,414",51.70,52.20,51.60,52.00,+0.40,638,
110/09/28,"683,137","35,509,826",52.00,52.20,51.70,52.00, 0.00,474,
110/09/29,"599,976","30,937,826",51.90,51.90,51.40,51.40,-0.60,634,
110/09/30,"381,429","19,637,800",51.40,51.70,51.40,51.60,+0.20,360,
110/10/01,"1,032,089","52,842,088",51.70,51.70,51.00,51.20,-0.40,884,
110/10/04,"491,570","25,140,815",51.50,51.50,51.00,51.10,-0.10,490,
110/10/05,"787,737","40,105,718",51.00,51.10,50.70,51.10, 0.00,790,
110/10/06,"643,116","32,704,915",51.20,51.20,50.70,50.90,-0.20,757,
110/10/07,"713,639","36,558,258",51.30,51.30,51.00,51.30,+0.40,550,
110/10/08,"614,661","31,543,621",51.40,51.50,51.20,51.40,+0.10,435,
110/10/12,"1,144,223","58,545,499",51.30,51.60,51.00,51.00,-0.40,753,
110/10/13,"515,869","26,364,476",51.10,51.40,50.90,51.00, 0.00,524,
110/10/14,"671,419","34,592,076",51.10,51.70,51.10,51.50,+0.50,579,
110/10/15,"519,048","26,771,127",51.60,51.70,51.40,51.50, 0.00,436,
110/10/18,"450,422","23,165,628",51.50,51.60,51.30,51.30,-0.20,413,
110/10/19,"586,129","30,252,383",51.50,51.80,51.40,51.80,+0.50,499,
110/10/20,"529,217","27,354,721",51.80,51.80,51.50,51.80, 0.00,473,
110/10/21,"1,841,939","94,242,319",51.90,51.90,50.90,50.90,-0.90,757,
110/10/22,"760,347","38,842,727",51.30,51.30,50.90,51.20,+0.30,689,
110/10/25,"654,304","33,663,245",51.20,51.70,51.20,51.40,+0.20,514,
110/10/26,"1,952,696","101,721,989",51.60,52.40,51.60,52.30,+0.90,"1,474",
110/10/27,"614,210","31,999,595",52.40,52.40,51.90,52.10,-0.20,609,
110/10/28,"468,064","24,286,618",52.10,52.10,51.80,51.90,-0.20,458,
110/10/29,"538,360","27,886,669",51.90,52.00,51.60,51.80,-0.10,397,
110/11/01,"709,534","36,627,828",51.80,51.90,51.50,51.50,-0.30,679,
110/11/02,"1,214,080","63,163,948",51.50,52.20,51.50,52.00,+0.50,926,
110/11/03,"1,768,888","93,051,128",52.10,52.90,52.10,52.80,+0.80,"1,441",
110/11/04,"2,865,837","153,101,565",53.00,53.90,53.00,53.20,+0.40,"2,145",
110/11/05,"833,311","44,113,588",53.70,53.70,52.70,53.00,-0.20,"1,033",
110/11/08,"1,196,029","62,810,822",53.00,53.00,52.20,52.60,-0.40,930,
110/11/09,"2,423,503","125,898,887",52.40,52.40,51.70,51.90,-0.70,"1,761",
110/11/10,"722,027","37,502,824",51.90,52.10,51.80,52.10,+0.20,592,
110/11/11,"730,837","37,890,261",52.10,52.10,51.70,51.90,-0.20,604,
110/11/12,"598,029","31,031,601",51.90,52.10,51.80,51.90, 0.00,496,
110/11/15,"1,216,737","62,832,270",51.70,51.80,51.50,51.70,-0.20,"1,017",
110/11/16,"582,302","30,059,252",51.70,51.80,51.40,51.80,+0.10,530,
110/11/17,"627,191","32,460,041",51.70,52.00,51.60,52.00,+0.20,520,
110/11/18,"1,013,197","52,626,594",52.00,52.20,51.80,52.00, 0.00,639,
110/11/19,"1,917,061","98,802,528",52.00,52.00,51.40,51.50,-0.50,"1,409",
110/11/22,"467,017","24,111,184",51.50,51.80,51.40,51.70,+0.20,453,
110/11/23,"361,211","18,644,320",51.80,51.80,51.50,51.70, 0.00,320,
110/11/24,"370,637","19,120,578",51.70,51.70,51.50,51.60,-0.10,355,
110/11/25,"406,291","20,968,611",51.60,51.70,51.50,51.60, 0.00,309,
110/11/26,"1,051,268","54,437,679",51.80,52.20,51.40,51.70,+0.10,663,
110/11/29,"510,277","26,212,450",51.50,51.60,51.20,51.30,-0.40,513,
110/11/30,"803,769","41,180,225",51.30,51.50,51.00,51.00,-0.30,723,
110/12/01,"392,649","20,140,774",51.10,51.50,51.10,51.20,+0.20,430,
110/12/02,"529,351","27,075,261",51.30,51.30,51.00,51.10,-0.10,486,
110/12/03,"506,529","25,992,952",51.10,51.60,51.00,51.40,+0.30,374,
110/12/06,"515,861","26,420,502",51.50,51.50,51.10,51.20,-0.20,536,
110/12/07,"559,226","28,648,184",51.20,51.40,51.10,51.20, 0.00,415,
110/12/08,"903,336","46,212,110",51.50,51.50,51.00,51.10,-0.10,555,
110/12/09,"414,391","21,216,691",51.30,51.30,51.10,51.20,+0.10,376,
110/12/10,"687,299","35,345,942",51.20,51.60,51.10,51.60,+0.40,435,
110/12/13,"1,306,374","68,018,695",51.90,52.30,51.60,52.10,+0.50,958,
110/12/14,"1,825,937","95,492,907",52.40,52.60,52.00,52.10, 0.00,"1,328",
110/12/15,"1,688,576","88,746,900",52.50,52.80,52.30,52.30,+0.20,"1,925",
110/12/16,"2,917,357","154,007,275",52.70,53.20,52.20,53.20,+0.90,"1,949",
110/12/17,"3,958,713","211,433,350",53.20,53.70,52.90,53.20, 0.00,"2,376",
110/12/20,"2,924,837","157,485,615",53.60,54.00,53.40,53.90,+0.70,"2,289",
110/12/21,"1,755,044","94,594,774",54.00,54.40,53.60,53.80,-0.10,"2,037",
110/12/22,"1,459,059","77,912,477",54.00,54.00,53.10,53.20,-0.60,"1,879",
110/12/23,"666,174","35,398,612",53.20,53.50,53.00,53.30,+0.10,"1,253",
110/12/24,"1,159,813","61,474,511",53.40,53.40,52.80,52.90,-0.40,"1,034",
110/12/27,"1,628,853","85,770,746",53.00,53.20,52.50,52.60,-0.30,"1,235",
110/12/28,"648,254","34,320,003",52.80,53.10,52.70,52.90,+0.30,509,
110/12/29,"1,049,919","55,996,028",53.10,53.70,52.90,53.60,+0.70,907,
110/12/30,"1,349,248","71,637,762",53.60,53.70,52.80,52.90,-0.70,"2,037",
111/01/03,"755,500","39,921,522",52.90,53.20,52.70,52.70,-0.20,566,
111/01/04,"964,808","50,700,162",52.70,52.90,52.40,52.50,-0.20,758,
111/01/05,"1,166,874","61,068,883",52.50,52.70,52.20,52.30,-0.20,"1,079",
111/01/06,"720,914","37,999,774",52.30,52.90,52.20,52.90,+0.60,541,
111/01/07,"465,398","24,531,856",53.00,53.00,52.50,52.60,-0.30,589,
111/01/10,"851,498","45,167,379",52.60,53.30,52.50,53.20,+0.60,651,
111/01/11,"902,497","47,541,868",53.20,53.20,52.50,52.50,-0.70,"1,814",
111/01/12,"620,079","32,496,775",52.50,52.60,52.20,52.40,-0.10,495,
111/01/13,"619,180","32,443,956",52.50,52.70,52.20,52.40, 0.00,481,
111/01/14,"647,335","33,767,034",52.40,52.40,52.00,52.10,-0.30,611,
111/01/17,"593,201","30,812,673",52.00,52.00,51.80,51.90,-0.20,578,
111/01/18,"828,974","43,073,875",51.90,52.30,51.70,51.80,-0.10,672,
111/01/19,"941,361","48,607,251",51.90,52.00,51.50,51.80, 0.00,823,
111/01/20,"419,293","21,786,625",51.80,52.20,51.70,52.10,+0.30,324,
111/01/21,"693,601","35,862,882",52.00,52.00,51.50,51.70,-0.40,662,
111/01/24,"612,150","31,535,176",51.50,51.70,51.30,51.70, 0.00,625,
111/01/25,"701,202","36,070,149",51.50,51.80,51.30,51.80,+0.10,751,
111/01/26,"490,453","25,257,472",51.70,51.70,51.40,51.40,-0.40,652,
111/02/07,"915,446","47,034,432",51.50,51.60,51.20,51.40, 0.00,868,
111/02/08,"834,542","42,835,231",51.40,51.50,51.20,51.50,+0.10,801,
111/02/09,"1,705,352","87,778,354",51.50,51.70,51.30,51.50, 0.00,911,
111/02/10,"722,714","37,542,624",51.50,52.10,51.50,52.10,+0.60,628,
111/02/11,"523,603","27,168,000",52.00,52.10,51.80,51.80,-0.30,508,
111/02/14,"861,792","44,189,187",51.50,51.60,51.30,51.50,-0.30,619,
111/02/15,"831,041","42,612,877",51.50,51.60,51.00,51.30,-0.20,762,
111/02/16,"671,013","34,448,582",51.40,51.50,51.20,51.30, 0.00,622,
111/02/17,"1,026,991","52,621,702",51.30,51.30,51.20,51.20,-0.10,827,
111/02/18,"1,008,235","51,712,703",51.20,51.40,51.20,51.30,+0.10,675,
111/02/21,"821,439","42,122,397",51.30,51.50,51.20,51.30, 0.00,652,
111/02/22,"792,119","40,640,977",51.30,51.60,51.20,51.30, 0.00,695,
111/02/23,"660,590","33,864,900",51.20,51.50,51.20,51.20,-0.10,518,
111/02/24,"1,187,510","60,656,481",51.20,51.30,51.00,51.10,-0.10,"1,096",
111/02/25,"1,393,759","70,943,833",51.00,51.10,50.70,50.80,-0.30,"1,394",
111/03/01,"683,057","34,824,081",50.90,51.10,50.80,51.10,+0.30,601,
111/03/02,"568,267","28,967,531",51.30,51.30,50.80,51.00,-0.10,541,
111/03/03,"1,843,203","93,737,985",51.10,51.30,50.60,50.80,-0.20,"1,346",
111/03/04,"2,011,934","101,537,045",50.60,50.70,50.30,50.50,-0.30,"1,728",
111/03/07,"2,760,510","137,558,514",50.30,50.40,49.70,49.85,-0.65,"2,347",
111/03/08,"3,792,860","185,969,036",49.70,49.80,48.65,48.70,-1.15,"3,850",
111/03/09,"3,969,032","190,751,663",48.75,48.85,47.80,48.00,-0.70,"3,430",
111/03/10,"1,171,998","57,126,293",48.35,49.10,48.20,49.05,+1.05,"1,053",
111/03/11,"1,108,941","53,561,789",48.20,48.50,48.00,48.25,-0.80,"1,151",
111/03/14,"1,335,859","64,255,722",48.25,48.30,48.00,48.00,-0.25,"1,238",
111/03/15,"1,322,880","63,262,999",48.35,48.35,47.70,47.80,-0.20,"1,370",
111/03/16,"834,720","40,017,008",48.00,48.20,47.80,48.10,+0.30,804,
111/03/17,"1,823,378","88,978,957",48.30,48.85,48.30,48.85,+0.75,958,
111/03/18,"1,916,941","94,734,992",49.00,49.75,48.90,49.55,+0.70,"1,181",
111/03/21,"678,038","33,670,501",49.85,49.85,49.50,49.60,+0.05,919,
111/03/22,"938,241","46,073,115",49.50,49.50,48.95,49.05,-0.55,953,
111/03/23,"1,319,899","64,506,834",49.05,49.20,48.75,48.85,-0.20,923,
111/03/24,"986,658","47,953,528",48.70,48.85,48.45,48.85, 0.00,913,
111/03/25,"665,540","32,376,861",48.85,48.85,48.50,48.70,-0.15,604,
111/03/28,"1,130,737","55,512,461",48.80,49.25,48.70,49.20,+0.50,930,
111/03/29,"1,107,651","55,054,660",49.20,49.90,49.20,49.75,+0.55,"1,085",
111/03/30,"801,383","39,865,878",49.95,49.95,49.60,49.90,+0.15,909,
111/03/31,"669,098","33,280,358",49.90,49.95,49.65,49.70,-0.20,357,
111/04/01,"638,068","31,496,283",49.65,49.65,49.15,49.50,-0.20,579,
111/04/06,"1,222,947","61,129,744",49.40,50.30,49.40,50.00,+0.50,922,
111/04/07,"1,084,869","54,385,440",50.00,50.40,50.00,50.00, 0.00,884,
111/04/08,"664,587","33,184,845",50.00,50.10,49.85,49.90,-0.10,534,
111/04/11,"968,819","47,973,625",49.85,50.00,49.35,49.45,-0.45,645,
111/04/12,"454,882","22,478,704",49.40,49.55,49.25,49.45, 0.00,418,
111/04/13,"889,035","44,306,184",49.50,50.00,49.50,50.00,+0.55,540,
111/04/14,"950,515","47,181,336",50.10,50.10,49.45,49.50,-0.50,"1,029",
111/04/15,"3,061,069","155,396,900",49.85,51.20,49.65,50.90,+1.40,"2,017",
111/04/18,"1,598,350","81,314,209",51.00,51.60,50.40,50.50,-0.40,"1,189",
111/04/19,"970,182","48,458,291",50.80,50.80,49.80,49.80,-0.70,791,
111/04/20,"659,691","33,054,661",49.85,50.40,49.85,50.30,+0.50,576,
111/04/21,"908,750","45,766,722",50.40,50.80,50.10,50.20,-0.10,497,
111/04/22,"531,927","26,697,536",50.00,50.40,50.00,50.30,+0.10,437,
111/04/25,"1,153,949","57,201,515",50.00,50.00,49.45,49.50,-0.80,760,
111/04/26,"567,284","27,984,239",49.50,49.60,49.10,49.25,-0.25,574,
111/04/27,"1,246,963","60,502,835",48.60,48.85,48.30,48.75,-0.50,938,
111/04/28,"1,479,638","73,759,642",48.50,50.60,48.50,50.50,+1.75,"1,125",
111/04/29,"1,695,700","84,921,462",50.70,50.70,49.60,50.40,-0.10,"1,338",
111/05/03,"1,238,482","62,047,510",50.20,50.40,49.80,50.00,-0.40,"1,023",
111/05/04,"905,786","45,025,632",50.20,50.60,49.35,49.35,-0.65,790,
111/05/05,"503,871","24,896,329",49.50,49.80,49.20,49.25,-0.10,468,
111/05/06,"997,666","48,679,056",49.00,49.15,48.45,48.45,-0.80,904,
111/05/09,"1,111,048","53,394,069",48.35,48.35,47.90,47.95,-0.50,"1,037",
111/05/10,"928,443","44,027,296",47.65,47.95,47.05,47.95, 0.00,881,
111/05/11,"649,719","30,953,189",47.65,47.80,47.50,47.55,-0.40,597,
111/05/12,"989,023","46,626,019",47.55,47.55,47.00,47.00,-0.55,866,
111/05/13,"891,502","42,124,295",46.90,47.85,46.90,47.65,+0.65,773,
111/05/16,"854,252","41,053,843",48.10,48.50,47.45,48.25,+0.60,993,
111/05/17,"900,555","43,225,835",48.20,48.20,47.50,48.10,-0.15,529,
111/05/18,"955,656","45,489,101",47.95,48.10,47.40,47.70,-0.40,795,
111/05/19,"649,857","30,617,943",47.45,47.60,47.00,47.15,-0.55,583,
111/05/20,"512,500","24,149,434",47.05,47.25,47.05,47.05,-0.10,483,
111/05/23,"741,641","34,877,640",47.00,47.30,46.95,47.05, 0.00,591,
111/05/24,"383,526","18,044,168",47.05,47.20,47.00,47.00,-0.05,396,
111/05/25,"622,869","29,303,626",47.00,47.35,46.90,47.30,+0.30,596,
111/05/26,"436,528","20,653,053",47.45,47.60,47.05,47.10,-0.20,429,
111/05/27,"372,444","17,608,969",47.10,47.45,47.10,47.45,+0.35,364,
111/05/30,"439,225","20,860,076",47.40,47.70,47.35,47.55,+0.10,403,
111/05/31,"410,234","19,529,791",47.60,47.85,47.50,47.55, 0.00,321,
111/06/01,"534,095","25,543,933",47.15,48.00,47.15,48.00,+0.45,511,
111/06/02,"277,985","13,227,166",47.95,47.95,47.50,47.55,-0.45,293,
111/06/06,"267,991","12,731,517",47.75,47.80,47.35,47.50,-0.05,288,
111/06/07,"435,344","20,622,625",47.40,47.70,47.20,47.20,-0.30,503,
111/06/08,"328,029","15,611,341",47.40,47.80,47.25,47.75,+0.55,362,
111/06/09,"187,912","8,937,205",47.75,47.75,47.50,47.55,-0.20,195,
111/06/10,"395,454","18,689,292",47.20,47.45,47.10,47.30,-0.25,452,
111/06/13,"819,789","38,417,687",47.00,47.10,46.80,46.80,-0.50,769,
111/06/14,"1,708,308","78,613,115",46.55,46.55,45.85,46.00,-0.80,"1,423",
111/06/15,"1,886,919","87,047,457",46.10,46.75,45.85,46.20,+0.20,"1,038",
111/06/16,"904,342","41,768,221",46.55,46.65,46.00,46.00,-0.20,835,
111/06/17,"2,258,521","103,800,688",46.00,46.55,45.80,45.80,-0.20,"1,244",
111/06/20,"1,307,424","59,053,431",45.80,45.95,44.85,45.15,-0.65,"1,417",
111/06/21,"1,145,470","52,103,963",45.30,45.90,45.00,45.90,+0.75,851,
111/06/22,"1,222,890","55,636,395",45.90,46.20,45.20,45.70,-0.20,959,
111/06/23,"1,309,104","59,771,247",45.75,46.20,45.20,45.40,-0.30,"1,092",
111/06/24,"988,055","45,441,566",45.45,46.20,45.45,46.20,+0.80,840,
111/06/27,"893,454","41,597,074",46.65,46.90,46.25,46.70,+0.50,750,
111/06/28,"350,344","16,360,395",46.70,46.85,46.50,46.65,-0.05,314,
111/06/29,"313,439","14,516,254",46.20,46.55,46.15,46.40,-0.25,633,
111/06/30,"540,773","24,941,248",46.05,46.70,45.95,46.55,+0.15,407,
111/07/01,"540,560","24,981,611",46.55,46.65,46.00,46.10,-0.45,621,
111/07/04,"500,265","23,209,054",46.15,46.70,46.15,46.35,+0.25,400,
111/07/05,"423,516","19,822,794",46.85,47.00,46.50,46.95,+0.60,436,
111/07/06,"507,773","23,807,357",47.15,47.45,46.50,46.65,-0.30,572,
111/07/07,"498,662","23,336,754",46.65,47.10,46.60,46.60,-0.05,452,
111/07/08,"515,379","23,880,126",46.60,46.85,46.20,46.20,-0.40,454,
111/07/11,"691,804","31,420,462",46.15,46.20,45.10,45.25,-0.95,656,
111/07/12,"1,157,463","51,205,871",45.00,45.00,43.80,44.10,-1.15,"1,151",
111/07/13,"871,737","38,505,680",44.50,44.85,43.95,44.20,+0.10,722,
111/07/14,"501,549","22,189,232",44.20,44.40,44.10,44.20, 0.00,491,
111/07/15,"909,859","39,854,277",44.20,44.20,43.60,43.65,-0.55,991,
111/07/18,"1,545,630","67,057,915",43.60,43.60,43.25,43.40,-0.25,996,
111/07/19,"1,152,551","49,861,428",43.40,43.60,43.15,43.60,+0.20,899,
111/07/20,"1,226,649","53,899,750",43.60,44.15,43.60,44.00,+0.40,"1,065",
111/07/21,"1,226,810","51,777,455",42.80,42.80,42.00,42.20,X0.00,"1,259",
111/07/22,"1,090,078","45,634,825",42.10,42.10,41.70,41.85,-0.35,"1,066",
111/07/25,"641,196","27,032,458",41.85,42.45,41.85,42.40,+0.55,559,
111/07/26,"512,007","21,626,285",42.45,42.45,42.10,42.20,-0.20,550,
111/07/27,"431,336","18,266,541",42.20,42.40,42.20,42.40,+0.20,315,
111/07/28,"613,746","26,171,759",42.50,42.85,42.40,42.80,+0.40,493,
111/07/29,"375,007","16,074,966",42.90,43.10,42.70,42.75,-0.05,368,
111/08/01,"398,234","16,936,679",42.75,42.75,42.40,42.45,-0.30,437,
111/08/02,"614,146","25,797,723",42.35,42.35,41.85,42.05,-0.40,601,
111/08/03,"609,017","25,444,686",42.00,42.00,41.70,41.80,-0.25,534,
111/08/04,"1,375,809","56,598,602",41.80,41.80,40.65,40.95,-0.85,"1,457",
111/08/05,"519,719","21,358,998",40.95,41.30,40.90,41.15,+0.20,418,
111/08/08,"1,024,520","41,486,105",40.60,40.80,40.35,40.45,-0.70,"1,077",
111/08/09,"782,845","31,601,938",40.45,40.50,40.20,40.50,+0.05,669,
111/08/10,"703,087","28,382,460",40.20,40.50,40.10,40.45,-0.05,606,
111/08/11,"832,349","33,714,049",40.30,40.80,40.30,40.80,+0.35,718,
111/08/12,"727,900","29,813,926",40.80,41.10,40.70,40.95,+0.15,628,
111/08/15,"562,723","23,187,202",40.95,41.40,40.90,41.25,+0.30,496,
111/08/16,"498,272","20,551,258",41.25,41.35,41.15,41.35,+0.10,469,
111/08/17,"421,253","17,531,053",41.35,41.80,41.35,41.65,+0.30,513,
111/08/18,"352,471","14,605,049",41.65,41.65,41.35,41.45,-0.20,432,
111/08/19,"254,861","10,546,104",41.45,41.50,41.30,41.40,-0.05,295,
111/08/22,"319,010","13,182,252",41.40,41.40,41.25,41.30,-0.10,373,
111/08/23,"474,047","19,521,080",41.30,41.35,41.00,41.20,-0.10,410,
111/08/24,"358,831","14,786,022",41.15,41.35,41.10,41.30,+0.10,253,
111/08/25,"368,301","15,312,832",41.30,41.70,41.30,41.65,+0.35,309,
111/08/26,"284,580","11,883,892",41.70,41.85,41.70,41.75,+0.10,370,
111/08/29,"592,686","24,411,871",41.45,41.45,41.05,41.40,-0.35,522,
111/08/30,"434,925","17,913,977",41.10,41.35,41.10,41.35,-0.05,392,
111/08/31,"601,725","24,761,753",41.35,41.35,41.05,41.05,-0.30,508,
111/09/01,"482,992","19,735,563",41.00,41.05,40.70,40.95,-0.10,492,
111/09/02,"337,517","13,851,889",41.00,41.20,40.95,41.10,+0.15,294,
111/09/05,"332,063","13,635,937",41.15,41.20,41.00,41.00,-0.10,301,
111/09/06,"336,242","13,774,354",41.00,41.20,40.90,41.00, 0.00,278,
111/09/07,"506,614","20,552,742",40.80,40.80,40.50,40.55,-0.45,584,
111/09/08,"294,904","12,003,518",40.60,40.90,40.55,40.90,+0.35,260,
111/09/12,"326,497","13,381,158",40.90,41.15,40.80,41.10,+0.20,355,
111/09/13,"485,995","20,143,058",41.20,41.65,41.20,41.35,+0.25,467,
111/09/14,"360,426","14,734,351",40.60,41.15,40.60,40.95,-0.40,461,
111/09/15,"379,075","15,464,911",40.90,40.90,40.65,40.80,-0.15,400,
111/09/16,"1,184,898","48,077,265",40.75,41.00,40.50,40.50,-0.30,746,
111/09/19,"304,688","12,350,486",40.70,40.85,40.40,40.55,+0.05,454,
111/09/20,"284,321","11,509,926",40.55,40.60,40.40,40.50,-0.05,319,
111/09/21,"462,383","18,711,217",40.50,40.65,40.30,40.45,-0.05,415,
111/09/22,"742,117","29,734,330",40.45,40.45,39.95,40.05,-0.40,740,
111/09/23,"394,229","15,792,458",40.05,40.20,40.00,40.10,+0.05,388,
111/09/26,"915,691","36,262,617",40.00,40.00,39.50,39.50,-0.60,954,
111/09/27,"1,319,432","51,372,544",39.50,39.60,38.50,38.85,-0.65,"1,400",
111/09/28,"2,212,375","83,020,277",38.70,38.70,37.00,37.05,-1.80,"2,102",
111/09/29,"1,286,609","47,670,280",37.10,37.85,36.55,37.25,+0.20,997,
111/09/30,"1,018,498","38,508,580",37.25,38.25,36.75,38.25,+1.00,832,
111/10/03,"469,264","17,900,656",38.15,38.40,38.00,38.20,-0.05,452,
111/10/04,"294,408","11,326,408",38.50,38.70,38.25,38.50,+0.30,335,
111/10/05,"483,346","18,605,389",38.70,38.75,38.30,38.60,+0.10,460,
111/10/06,"325,532","12,545,975",38.60,38.65,38.45,38.60, 0.00,282,
111/10/07,"344,263","13,208,233",38.55,38.55,38.25,38.40,-0.20,385,
111/10/11,"434,272","16,394,492",38.30,38.30,37.55,37.65,-0.75,471,
111/10/12,"323,419","12,201,610",37.65,37.85,37.60,37.85,+0.20,302,
111/10/13,"657,708","24,485,213",37.85,37.85,36.80,36.95,-0.90,626,
111/10/14,"423,759","15,830,835",37.35,37.65,37.25,37.35,+0.40,308,
111/10/17,"388,129","14,374,377",37.20,37.35,36.80,37.35, 0.00,333,
111/10/18,"561,005","21,322,309",37.40,38.40,37.40,38.15,+0.80,386,
111/10/19,"410,150","15,732,186",38.15,38.50,38.15,38.30,+0.15,349,
111/10/20,"2,106,089","78,249,269",38.00,38.00,36.85,36.85,-1.45,964,
111/10/21,"394,211","14,577,469",36.90,37.10,36.90,36.95,+0.10,273,
111/10/24,"358,285","13,403,538",37.00,37.65,37.00,37.65,+0.70,286,
111/10/25,"794,257","30,291,969",38.00,38.40,37.70,38.30,+0.65,643,
111/10/26,"576,001","22,249,213",38.30,38.85,38.25,38.75,+0.45,516,
111/10/27,"513,067","19,910,897",38.85,38.95,38.70,38.85,+0.10,405,
111/10/28,"262,351","10,161,358",38.85,38.95,38.60,38.60,-0.25,207,
111/10/31,"236,524","9,136,680",38.60,38.80,38.50,38.65,+0.05,216,
111/11/01,"386,799","15,072,496",38.65,39.15,38.60,39.05,+0.40,284,
111/11/02,"250,681","9,796,894",39.05,39.40,38.90,39.00,-0.05,246,
111/11/03,"270,060","10,472,757",39.00,39.00,38.60,38.70,-0.30,252,
111/11/04,"215,511","8,354,225",38.70,39.00,38.55,38.90,+0.20,213,
111/11/07,"274,083","10,733,741",38.90,39.45,38.85,39.35,+0.45,297,
111/11/08,"210,290","8,276,987",39.35,39.55,39.20,39.35, 0.00,244,
111/11/09,"558,443","22,143,665",39.40,39.90,39.35,39.70,+0.35,413,
111/11/10,"603,737","23,744,170",39.65,39.90,39.20,39.20,-0.50,529,
111/11/11,"472,915","18,655,939",39.75,39.75,39.20,39.60,+0.40,350,
111/11/14,"641,856","25,773,619",39.60,40.40,39.60,40.20,+0.60,540,
111/11/15,"305,984","12,266,185",40.20,40.20,40.00,40.15,-0.05,406,
111/11/16,"522,495","20,828,696",39.95,40.15,39.80,39.80,-0.35,377,
111/11/17,"366,805","14,670,899",39.70,40.40,39.55,40.35,+0.55,295,
111/11/18,"248,027","9,926,221",40.30,40.30,39.85,40.10,-0.25,291,
111/11/21,"116,192","4,641,930",40.10,40.25,39.85,39.90,-0.20,133,
111/11/22,"181,869","7,260,341",39.95,40.05,39.85,39.90, 0.00,156,
111/11/23,"143,846","5,745,452",40.10,40.10,39.85,39.95,+0.05,156,
111/11/24,"436,364","17,565,180",40.00,40.45,40.00,40.45,+0.50,395,
111/11/25,"332,444","13,509,571",40.50,40.85,40.50,40.55,+0.10,459,
111/11/28,"605,358","24,288,607",40.55,40.75,39.95,40.10,-0.45,645,
111/11/29,"265,929","10,696,892",40.10,40.45,40.00,40.40,+0.30,219,
111/11/30,"510,990","20,804,986",40.40,40.85,40.30,40.85,+0.45,385,
111/12/01,"558,940","22,814,245",41.00,41.10,40.60,40.80,-0.05,610,
111/12/02,"304,390","12,368,560",40.85,40.90,40.55,40.65,-0.15,360,
111/12/05,"349,226","14,228,222",40.65,40.90,40.60,40.65, 0.00,309,
111/12/06,"317,271","12,891,357",40.95,40.95,40.40,40.40,-0.25,325,
111/12/07,"415,318","16,704,385",40.20,40.65,40.10,40.30,-0.10,384,
111/12/08,"319,487","12,736,486",40.10,40.30,39.70,39.80,-0.50,359,
111/12/09,"235,497","9,389,319",39.85,40.15,39.75,39.90,+0.10,193,
111/12/12,"282,024","11,195,202",39.95,39.95,39.55,39.60,-0.30,225,
111/12/13,"307,330","12,189,912",39.65,39.90,39.55,39.60, 0.00,366,
111/12/14,"512,305","20,529,682",39.95,40.20,39.70,40.10,+0.50,361,
111/12/15,"596,197","23,715,518",40.20,40.20,39.55,39.60,-0.50,468,
111/12/16,"1,361,686","52,990,989",39.50,39.50,38.70,38.70,-0.90,769,
111/12/19,"386,786","15,082,277",38.75,39.25,38.75,38.95,+0.25,298,
111/12/20,"292,264","11,386,805",38.95,39.15,38.85,38.85,-0.10,317,
111/12/21,"321,821","12,556,442",39.10,39.20,38.90,39.15,+0.30,221,
111/12/22,"383,373","15,114,782",39.50,39.70,39.20,39.60,+0.45,417,
111/12/23,"248,643","9,782,666",39.55,39.55,39.25,39.40,-0.20,229,
111/12/26,"310,826","12,341,696",39.70,39.90,39.55,39.80,+0.40,361,
111/12/27,"237,476","9,481,817",39.95,40.00,39.80,39.95,+0.15,243,
111/12/28,"279,968","11,136,699",39.95,39.95,39.65,39.75,-0.20,265,
111/12/29,"281,203","11,110,645",39.90,39.90,39.45,39.55,-0.20,254,
111/12/30,"422,265","16,837,284",39.85,40.00,39.80,39.85,+0.30,269,
112/01/03,"277,543","11,011,263",39.95,39.95,39.55,39.75,-0.10,247,
112/01/04,"268,533","10,708,280",39.80,40.00,39.70,40.00,+0.25,224,
112/01/05,"284,499","11,366,647",39.90,40.00,39.85,40.00, 0.00,272,
112/01/06,"309,629","12,414,052",40.00,40.15,40.00,40.10,+0.10,283,
112/01/09,"754,974","30,258,357",40.40,40.50,39.85,39.95,-0.15,510,
112/01/10,"941,108","37,374,186",39.95,40.10,39.40,39.80,-0.15,602,
112/01/11,"836,334","33,394,158",40.00,40.10,39.80,39.85,+0.05,509,
112/01/12,"484,269","19,326,603",39.95,40.00,39.80,39.95,+0.10,381,
112/01/13,"374,873","14,996,948",40.05,40.10,39.95,40.05,+0.10,305,
112/01/16,"1,260,857","51,309,045",40.10,41.20,40.00,41.05,+1.00,939,
112/01/17,"749,255","30,733,102",41.05,41.40,40.60,40.90,-0.15,631,
112/01/30,"728,625","29,831,664",40.90,41.20,40.75,40.95,+0.05,595,
112/01/31,"989,147","41,070,404",40.95,41.75,40.95,41.45,+0.50,774,
112/02/01,"1,030,607","43,309,509",41.50,42.30,41.50,42.25,+0.80,827,
112/02/02,"686,451","28,869,470",42.25,42.25,41.95,42.00,-0.25,594,
112/02/03,"820,057","34,376,783",42.00,42.00,41.80,42.00, 0.00,548,
112/02/06,"645,103","27,195,910",42.00,42.55,41.90,42.00, 0.00,596,
112/02/07,"494,254","20,784,598",42.20,42.25,42.00,42.10,+0.10,407,
112/02/08,"547,527","23,135,291",42.00,42.45,41.90,42.20,+0.10,486,
112/02/09,"421,994","17,775,338",41.90,42.35,41.90,42.10,-0.10,355,
112/02/10,"774,554","32,342,054",42.10,42.20,41.50,41.60,-0.50,717,
112/02/13,"421,910","17,418,621",41.60,41.95,41.15,41.30,-0.30,404,
112/02/14,"330,871","13,638,543",41.35,41.35,41.15,41.25,-0.05,319,
112/02/15,"340,127","14,035,309",41.25,41.30,41.20,41.20,-0.05,231,
112/02/16,"357,126","14,750,426",41.30,41.45,41.25,41.30,+0.10,287,
112/02/17,"208,461","8,603,836",41.30,41.40,41.15,41.40,+0.10,233,
112/02/20,"535,700","22,085,536",41.40,41.40,41.15,41.20,-0.20,574,
112/02/21,"354,510","14,616,364",41.20,41.60,41.05,41.55,+0.35,307,
112/02/22,"326,095","13,444,059",41.50,41.50,41.10,41.45,-0.10,350,
112/02/23,"401,569","16,677,229",41.45,41.65,41.40,41.45, 0.00,398,
112/02/24,"482,781","20,062,235",41.50,41.85,41.35,41.85,+0.40,398,
112/03/01,"624,945","26,194,677",41.80,42.20,41.70,41.90,+0.05,457,
112/03/02,"230,894","9,666,973",41.95,42.00,41.75,41.85,-0.05,243,
112/03/03,"265,397","11,106,317",41.90,42.00,41.75,41.80,-0.05,242,
112/03/06,"547,686","22,980,361",41.90,42.15,41.75,42.00,+0.20,476,
112/03/07,"986,396","41,884,008",42.00,42.75,42.00,42.55,+0.55,695,
112/03/08,"1,155,579","49,624,592",42.65,43.40,42.65,42.95,+0.40,933,
112/03/09,"696,414","29,568,724",42.90,42.90,42.30,42.30,-0.65,554,
112/03/10,"734,654","30,742,647",42.25,42.25,41.60,41.70,-0.60,707,
112/03/13,"1,084,379","44,554,481",41.50,41.55,40.80,41.30,-0.40,719,
112/03/14,"583,042","23,923,909",41.30,41.30,40.90,40.90,-0.40,463,
112/03/15,"870,523","35,481,977",41.20,41.45,40.50,40.50,-0.40,774,
112/03/16,"909,463","36,481,370",40.40,40.40,40.00,40.05,-0.45,913,
112/03/17,"2,731,901","109,430,875",40.10,40.60,39.75,40.60,+0.55,"2,316",
112/03/20,"276,964","11,139,364",40.15,40.40,40.00,40.40,-0.20,361,
112/03/21,"450,316","18,163,902",40.40,40.45,40.25,40.35,-0.05,372,
112/03/22,"439,651","17,750,789",40.40,40.55,40.25,40.45,+0.10,452,
112/03/23,"436,745","17,625,581",40.45,40.45,40.25,40.35,-0.10,419,
112/03/24,"374,099","15,126,935",40.40,40.65,40.30,40.55,+0.20,364,
112/03/27,"369,533","14,956,892",40.50,40.55,40.40,40.45,-0.10,377,
112/03/28,"383,602","15,571,518",40.55,40.80,40.50,40.60,+0.15,341,
112/03/29,"352,587","14,401,987",40.75,40.95,40.70,40.95,+0.35,353,
112/03/30,"603,444","24,553,958",41.00,41.10,40.40,40.55,-0.40,529,
112/03/31,"195,498","7,957,651",40.90,40.90,40.55,40.85,+0.30,226,
112/04/06,"906,422","36,755,856",41.00,41.00,40.55,40.65,-0.20,310,
112/04/07,"918,272","37,107,005",40.70,40.70,40.40,40.50,-0.15,389,
112/04/10,"1,038,350","41,745,213",40.35,40.50,40.20,40.20,-0.30,593,
112/04/11,"851,922","34,286,435",40.20,40.50,40.15,40.50,+0.30,293,
112/04/12,"892,470","36,185,129",40.50,40.85,40.45,40.70,+0.20,339,
112/04/13,"849,138","34,305,941",40.70,40.75,40.45,40.55,-0.15,323,
112/04/14,"880,049","35,553,290",40.55,40.70,40.45,40.50,-0.05,324,
112/04/17,"1,313,250","53,036,052",40.70,40.70,40.40,40.40,-0.10,525,
112/04/18,"912,044","36,823,623",40.40,40.65,40.40,40.50,+0.10,320,
112/04/19,"1,386,652","55,800,878",40.50,40.70,40.20,40.20,-0.30,773,
112/04/20,"1,020,189","40,873,687",40.25,40.35,40.10,40.15,-0.05,309,
112/04/21,"1,492,291","59,591,226",40.20,40.35,39.95,40.05,-0.10,718,
112/04/24,"1,255,363","50,004,625",40.20,40.20,39.85,39.95,-0.10,441,
112/04/25,"1,923,820","76,057,429",40.00,40.10,39.50,39.55,-0.40,"1,146",
112/04/26,"1,311,721","51,923,258",39.60,40.10,39.50,40.05,+0.50,413,
112/04/27,"243,112","9,740,689",40.10,40.20,39.90,40.10,+0.05,229,
112/04/28,"360,782","14,534,367",40.30,40.40,40.15,40.40,+0.30,276,
112/05/02,"1,245,860","50,363,944",40.40,40.80,40.40,40.70,+0.30,384,
112/05/03,"1,152,422","46,491,643",40.65,40.80,40.50,40.60,-0.10,291,
112/05/04,"1,206,917","48,579,378",40.50,40.65,40.35,40.55,-0.05,312,
112/05/05,"1,110,342","45,096,370",40.60,40.95,40.60,40.95,+0.40,455,
112/05/08,"990,615","40,178,907",41.00,41.05,40.75,40.75,-0.20,341,
112/05/09,"1,097,784","44,225,035",40.75,41.00,40.55,40.55,-0.20,279,
112/05/10,"962,205","38,974,956",40.60,40.95,40.50,40.95,+0.40,312,
112/05/11,"925,244","37,196,760",41.00,41.00,40.60,40.60,-0.35,263,
112/05/12,"970,631","38,820,000",40.85,40.85,40.35,40.45,-0.15,219,
112/05/15,"1,076,361","42,912,832",40.45,40.45,40.25,40.45, 0.00,273,
112/05/16,"1,455,966","58,708,218",40.45,40.90,40.45,40.80,+0.35,502,
112/05/17,"1,915,846","77,370,755",40.65,41.00,40.50,40.90,+0.10,943,
112/05/18,"2,968,949","123,277,019",41.00,42.35,40.80,42.00,+1.10,"1,769",
112/05/19,"2,237,293","92,384,203",42.05,42.05,41.35,41.55,-0.45,"1,145",
112/05/22,"1,993,047","83,528,436",41.65,42.45,41.60,42.05,+0.50,"1,121",
112/05/23,"2,040,510","84,748,751",42.35,42.35,41.65,41.65,-0.40,"1,310",
112/05/24,"1,559,638","64,735,796",41.95,42.05,41.75,41.95,+0.30,809,
112/05/25,"1,767,030","72,697,337",42.00,42.00,41.40,41.55,-0.40,644,
112/05/26,"1,586,608","64,546,212",41.80,41.80,41.10,41.15,-0.40,616,
112/05/29,"1,402,497","56,801,569",41.20,41.50,40.95,40.95,-0.20,542,
112/05/30,"1,257,036","50,819,965",40.95,41.30,40.90,40.95, 0.00,453,
112/05/31,"1,875,772","76,414,491",40.95,41.50,40.90,41.05,+0.10,770,
112/06/01,"1,031,981","41,714,035",41.10,41.20,40.85,41.10,+0.05,366,
112/06/02,"1,556,138","63,247,551",41.00,41.45,41.00,41.20,+0.10,534,
112/06/05,"1,154,176","46,856,604",41.30,41.40,41.15,41.25,+0.05,435,
112/06/06,"1,144,798","46,899,882",41.25,41.70,41.25,41.65,+0.40,410,
112/06/07,"1,324,671","54,558,932",41.75,41.95,41.45,41.80,+0.15,606,
112/06/08,"1,624,862","66,093,412",41.75,41.80,41.30,41.30,-0.50,569,
112/06/09,"1,687,607","68,174,686",41.30,41.40,40.95,41.00,-0.30,723,
112/06/12,"1,237,910","49,863,422",41.00,41.20,40.80,41.05,+0.05,440,
112/06/13,"1,383,189","55,971,388",41.20,41.35,40.90,41.25,+0.20,498,
112/06/14,"1,403,795","56,436,547",41.25,41.25,40.90,41.00,-0.25,534,
112/06/15,"1,259,813","50,573,251",41.00,41.05,40.85,40.95,-0.05,514,
112/06/16,"2,330,852","93,765,765",40.80,40.85,40.65,40.70,-0.25,"1,300",
112/06/19,"631,377","25,650,998",40.75,40.75,40.50,40.75,+0.05,535,
112/06/20,"388,291","15,793,767",40.70,40.75,40.50,40.75, 0.00,281,
112/06/21,"985,443","39,828,185",40.75,41.20,40.65,41.15,+0.40,485,
112/06/26,"1,155,693","46,985,943",41.15,41.45,41.00,41.40,+0.25,503,
112/06/27,"1,201,100","49,235,145",41.40,41.75,41.30,41.55,+0.15,568,
112/06/28,"582,082","24,206,996",41.60,41.75,41.45,41.55, 0.00,358,
112/06/29,"1,019,026","41,751,272",41.70,41.75,41.50,41.60,+0.05,378,
112/06/30,"1,066,595","43,422,934",41.60,41.70,41.30,41.55,-0.05,407,
112/07/03,"1,313,826","53,612,123",41.55,41.60,41.20,41.20,-0.35,593,
112/07/04,"890,029","36,149,129",41.30,41.50,41.15,41.50,+0.30,325,
112/07/05,"1,244,513","50,822,187",41.50,41.65,41.25,41.50, 0.00,468,
112/07/06,"468,795","19,350,274",41.30,41.55,41.10,41.25,-0.25,390,
112/07/07,"1,124,555","45,010,296",41.15,41.20,40.90,41.20,-0.05,397,
112/07/10,"398,450","16,416,681",41.20,41.35,41.00,41.30,+0.10,350,
112/07/11,"412,746","17,078,736",41.35,41.55,41.25,41.25,-0.05,314,
112/07/12,"317,436","13,070,520",41.25,41.30,41.10,41.15,-0.10,284,
112/07/13,"608,703","25,061,847",41.30,41.30,41.00,41.00,-0.15,469,
112/07/14,"848,949","34,762,307",41.05,41.15,40.85,40.85,-0.15,753,
112/07/17,"700,756","28,911,791",40.85,41.40,40.85,41.35,+0.50,568,
112/07/18,"839,507","34,479,046",41.25,41.30,40.90,40.90,-0.45,664,
112/07/19,"1,125,519","46,103,582",41.00,41.20,40.80,40.80,-0.10,787,
112/07/20,"1,409,464","56,312,311",39.80,40.10,39.75,39.90,X0.00,"1,069",
112/07/21,"1,074,232","43,185,519",40.10,40.60,39.95,40.15,+0.25,849,
112/07/24,"1,526,802","60,604,569",40.15,40.15,39.50,39.50,-0.65,"1,537",
112/07/25,"885,476","34,976,352",39.50,39.65,39.40,39.55,+0.05,701,
112/07/26,"727,681","28,775,802",39.55,39.65,39.45,39.60,+0.05,493,
112/07/27,"453,152","18,076,383",39.70,40.00,39.70,39.95,+0.35,383,
112/07/28,"646,898","25,910,879",40.00,40.15,39.95,40.05,+0.10,453,
112/07/31,"984,124","39,212,584",40.20,40.20,39.70,39.70,-0.35,869,
112/08/01,"373,360","14,834,970",39.80,39.90,39.65,39.85,+0.15,367,
112/08/02,"871,952","34,577,206",39.85,39.85,39.50,39.50,-0.35,785,
112/08/04,"569,425","22,501,458",39.50,39.70,39.40,39.50, 0.00,619,
112/08/07,"323,005","12,756,809",39.50,39.55,39.40,39.55,+0.05,389,
112/08/08,"557,840","22,022,422",39.60,39.65,39.40,39.55, 0.00,566,
112/08/09,"413,542","16,342,617",39.60,39.65,39.45,39.50,-0.05,353,
112/08/10,"577,883","22,694,231",39.60,39.60,39.15,39.25,-0.25,672,
112/08/11,"1,347,730","52,545,964",39.35,39.35,38.80,38.80,-0.45,"1,355",
112/08/14,"1,181,993","45,218,448",38.80,38.90,38.05,38.20,-0.60,"1,243",
112/08/15,"322,188","12,344,110",38.20,38.50,38.20,38.30,+0.10,365,
112/08/16,"1,040,250","39,622,208",38.30,38.30,38.00,38.05,-0.25,789,
112/08/17,"631,090","23,950,583",38.05,38.40,37.75,38.20,+0.15,675,
112/08/18,"317,268","12,137,885",38.15,38.50,38.00,38.50,+0.30,364,
112/08/21,"234,221","8,988,408",38.50,38.50,38.30,38.35,-0.15,346,
112/08/22,"397,851","15,158,826",38.35,38.35,38.00,38.10,-0.25,486,
112/08/23,"496,558","18,884,176",38.10,38.10,38.00,38.00,-0.10,421,
112/08/24,"696,728","26,440,013",38.05,38.10,37.85,37.95,-0.05,642,
112/08/25,"267,090","10,176,852",38.00,38.20,37.85,38.10,+0.15,255,
112/08/28,"245,386","9,400,973",38.10,38.45,38.10,38.25,+0.15,271,
112/08/29,"220,395","8,430,046",38.35,38.40,38.20,38.30,+0.05,219,
112/08/30,"472,927","18,093,475",38.40,38.40,38.15,38.25,-0.05,429,
112/08/31,"361,590","13,805,897",38.35,38.35,38.10,38.10,-0.15,329,
112/09/01,"502,879","19,189,549",38.10,38.30,38.05,38.25,+0.15,340,
112/09/04,"576,605","21,949,453",38.20,38.25,37.95,38.20,-0.05,566,
112/09/05,"997,181","37,943,678",38.35,38.40,37.95,38.00,-0.20,842,
112/09/06,"1,155,958","43,678,801",38.05,38.05,37.65,37.75,-0.25,"1,222",
112/09/07,"340,183","12,853,999",37.75,38.00,37.65,37.85,+0.10,319,
112/09/08,"356,658","13,462,553",37.90,37.90,37.65,37.75,-0.10,409,
112/09/11,"294,932","11,130,931",37.75,37.80,37.70,37.75, 0.00,333,
112/09/12,"434,842","16,394,630",37.75,37.75,37.65,37.70,-0.05,452,
112/09/13,"319,717","12,121,313",37.75,38.10,37.70,37.95,+0.25,282,
112/09/14,"286,917","10,899,593",38.00,38.10,37.90,38.00,+0.05,315,
112/09/15,"419,143","15,937,969",38.05,38.10,37.95,38.10,+0.10,389,
112/09/18,"388,412","14,772,680",38.10,38.15,37.95,38.00,-0.10,323,
112/09/19,"391,740","14,939,731",38.00,38.25,38.00,38.00, 0.00,323,
112/09/20,"282,027","10,727,186",38.00,38.25,37.95,38.05,+0.05,278,
112/09/21,"442,850","16,740,593",38.05,38.05,37.70,37.80,-0.25,486,
112/09/22,"358,907","13,536,444",37.70,37.75,37.65,37.70,-0.10,299,
112/09/25,"129,980","4,922,041",37.75,37.95,37.75,37.85,+0.15,165,
112/09/26,"329,369","12,426,280",37.85,37.85,37.70,37.70,-0.15,311,
112/09/27,"341,750","12,858,518",37.70,37.70,37.60,37.65,-0.05,391,
112/09/28,"547,337","20,585,292",37.65,37.70,37.55,37.65, 0.00,329,
112/10/02,"391,643","14,709,459",37.70,37.75,37.50,37.60,-0.05,402,
112/10/03,"291,300","10,928,082",37.70,37.70,37.45,37.55,-0.05,303,
112/10/04,"594,902","22,088,717",37.40,37.40,37.05,37.10,-0.45,754,
112/10/05,"414,308","15,361,907",37.05,37.20,37.00,37.10, 0.00,441,
112/10/06,"444,604","16,490,125",37.10,37.15,37.05,37.05,-0.05,313,
112/10/11,"422,950","15,690,942",37.25,37.25,37.00,37.10,+0.05,417,
112/10/12,"407,651","15,329,439",37.30,37.85,37.20,37.85,+0.75,393,
112/10/13,"457,448","17,189,549",37.80,37.85,37.40,37.45,-0.40,417,
112/10/16,"402,218","15,192,561",37.50,37.95,37.50,37.90,+0.45,327,
112/10/17,"488,202","18,463,170",37.90,38.05,37.70,37.80,-0.10,352,
112/10/18,"1,764,662","69,709,680",37.80,40.00,37.65,40.00,+2.20,566,
112/10/19,"1,169,066","45,153,376",38.50,39.05,38.25,38.85,-1.15,930,
112/10/20,"556,055","21,245,769",38.85,38.85,38.10,38.10,-0.75,601,
112/10/23,"831,548","31,669,334",38.00,38.35,38.00,38.00,-0.10,425,
112/10/24,"258,789","9,829,104",38.10,38.10,37.90,38.00, 0.00,246,
112/10/25,"211,143","8,019,513",38.00,38.05,37.90,37.90,-0.10,264,
112/10/26,"543,308","20,451,482",37.90,37.95,37.50,37.55,-0.35,471,
112/10/27,"183,587","6,935,766",37.70,37.85,37.55,37.85,+0.30,208,
112/10/30,"326,480","12,251,712",37.65,37.80,37.40,37.40,-0.45,427,
112/10/31,"300,016","11,317,941",37.40,37.90,37.40,37.75,+0.35,264,
112/11/01,"194,573","7,337,475",37.75,37.85,37.55,37.65,-0.10,212,
112/11/02,"200,366","7,577,918",37.65,37.90,37.65,37.85,+0.20,219,
112/11/03,"357,147","13,561,642",38.00,38.05,37.85,38.05,+0.20,300,
112/11/06,"454,433","17,315,257",38.00,38.25,38.00,38.00,-0.05,448,
112/11/07,"199,927","7,610,542",38.00,38.15,38.00,38.00, 0.00,210,
112/11/08,"236,821","9,008,696",38.10,38.10,38.00,38.10,+0.10,226,
112/11/09,"327,148","12,470,868",38.10,38.20,38.05,38.10, 0.00,227,
112/11/10,"221,557","8,420,418",38.05,38.05,37.95,38.00,-0.10,198,
112/11/13,"636,191","24,005,647",37.95,37.95,37.55,37.65,-0.35,628,
112/11/14,"361,950","13,611,721",37.60,37.65,37.55,37.65, 0.00,308,
112/11/15,"628,171","23,857,055",37.85,38.30,37.70,38.20,+0.55,518,
112/11/16,"213,529","8,141,150",38.20,38.25,38.00,38.10,-0.10,228,
112/11/17,"365,722","13,986,814",38.00,38.40,38.00,38.30,+0.20,293,
112/11/20,"880,595","34,142,463",38.30,39.00,38.30,38.70,+0.40,725,
112/11/21,"595,553","23,098,653",38.75,38.90,38.65,38.90,+0.20,539,
112/11/22,"361,191","14,003,132",38.90,38.90,38.65,38.85,-0.05,321,
112/11/23,"1,233,015","48,481,415",38.80,39.65,38.80,39.45,+0.60,915,
112/11/24,"323,785","12,762,154",39.60,39.70,39.30,39.35,-0.10,334,
112/11/27,"465,559","18,305,256",39.35,39.60,39.15,39.25,-0.10,445,
112/11/28,"658,965","26,050,401",39.40,39.90,39.20,39.60,+0.35,496,
112/11/29,"437,806","17,264,163",39.70,39.70,39.15,39.45,-0.15,471,
112/11/30,"390,499","15,378,350",39.45,39.60,39.25,39.35,-0.10,418,
112/12/01,"608,513","24,046,806",39.50,39.70,39.35,39.45,+0.10,447,
112/12/04,"455,665","18,000,266",39.65,39.65,39.40,39.55,+0.10,339,
112/12/05,"536,074","21,210,541",39.55,39.75,39.40,39.65,+0.10,376,
112/12/06,"330,809","13,113,067",39.70,39.75,39.55,39.60,-0.05,761,
112/12/07,"335,129","13,197,411",39.65,39.65,39.20,39.40,-0.20,911,
112/12/08,"398,965","15,657,941",39.50,39.50,39.15,39.45,+0.05,411,
112/12/11,"407,081","15,958,202",39.45,39.45,39.10,39.10,-0.35,372,
112/12/12,"943,204","36,533,767",39.20,39.20,38.55,38.75,-0.35,866,
112/12/13,"470,671","18,202,776",38.75,38.80,38.55,38.60,-0.15,427,
112/12/14,"502,594","19,558,461",38.80,39.05,38.65,39.00,+0.40,450,
112/12/15,"861,605","33,825,607",39.00,39.50,39.00,39.25,+0.25,547,
112/12/18,"609,209","23,680,366",39.20,39.20,38.80,38.85,-0.40,575,
112/12/19,"403,631","15,559,450",38.75,38.75,38.40,38.60,-0.25,480,
112/12/20,"330,180","12,805,486",38.55,39.00,38.55,38.95,+0.35,317,
112/12/21,"270,715","10,479,417",38.80,38.95,38.60,38.70,-0.25,295,
112/12/22,"183,951","7,110,695",38.60,38.75,38.55,38.65,-0.05,254,
112/12/25,"298,623","11,540,387",38.65,38.75,38.60,38.65, 0.00,294,
112/12/26,"389,501","15,185,644",38.60,39.10,38.60,39.10,+0.45,333,
112/12/27,"433,763","16,924,662",39.15,39.15,38.90,38.95,-0.15,343,
112/12/28,"380,083","14,785,171",38.90,39.05,38.80,39.05,+0.10,313,
112/12/29,"184,148","7,173,247",39.00,39.00,38.85,38.90,-0.15,223,
113/01/02,"326,065","12,710,316",38.90,39.10,38.80,39.10,+0.20,328,
113/01/03,"340,246","13,211,689",39.00,39.00,38.70,38.80,-0.30,308,
113/01/04,"167,327","6,485,359",38.80,38.90,38.65,38.75,-0.05,201,
113/01/05,"215,315","8,369,386",38.80,39.15,38.70,38.90,+0.15,208,
113/01/08,"207,067","8,040,434",39.00,39.00,38.75,38.80,-0.10,227,
113/01/09,"218,134","8,443,941",38.85,38.85,38.65,38.65,-0.15,239,
113/01/10,"196,572","7,585,300",38.65,38.65,38.50,38.55,-0.10,234,
113/01/11,"361,164","13,872,826",38.45,38.50,38.35,38.40,-0.15,338,
113/01/12,"237,367","9,104,211",38.40,38.40,38.30,38.30,-0.10,264,
113/01/15,"341,135","13,054,592",38.30,38.45,38.20,38.20,-0.10,336,
113/01/16,"860,634","32,532,569",38.05,38.10,37.70,37.70,-0.50,891,
113/01/17,"900,295","33,750,547",37.50,37.65,37.35,37.50,-0.20,939,
113/01/18,"259,691","9,760,931",37.85,37.85,37.50,37.55,+0.05,273,
113/01/19,"254,823","9,564,493",37.35,37.70,37.35,37.55, 0.00,262,
113/01/22,"226,936","8,581,075",37.55,38.00,37.55,37.80,+0.25,278,
113/01/23,"198,485","7,489,894",37.80,37.80,37.60,37.75,-0.05,210,
113/01/24,"337,855","12,776,467",37.75,38.00,37.75,37.75, 0.00,276,
113/01/25,"199,351","7,531,951",37.75,37.90,37.70,37.75, 0.00,232,
113/01/26,"157,302","5,937,716",37.65,37.80,37.65,37.75, 0.00,237,
113/01/29,"226,503","8,546,862",37.65,37.85,37.60,37.75, 0.00,240,
113/01/30,"300,901","11,334,970",37.75,37.80,37.60,37.60,-0.15,392,
113/01/31,"324,756","12,173,470",37.60,37.60,37.45,37.45,-0.15,427,
113/02/01,"237,018","8,902,845",37.50,37.65,37.50,37.60,+0.15,250,
113/02/02,"258,357","9,703,842",37.50,37.65,37.45,37.60, 0.00,357,
113/02/05,"333,921","12,551,543",37.60,37.65,37.50,37.65,+0.05,322,
113/02/15,"519,935","19,539,765",37.55,37.65,37.50,37.65, 0.00,526,
113/02/16,"836,465","31,976,450",38.05,38.35,38.00,38.25,+0.60,705,
113/02/19,"759,738","29,166,550",38.40,38.65,38.20,38.40,+0.15,648,
113/02/20,"584,858","22,322,615",38.50,38.60,38.00,38.05,-0.35,549,
113/02/21,"470,002","17,886,028",38.15,38.15,38.00,38.05, 0.00,454,
113/02/22,"388,549","14,845,368",38.15,38.25,38.10,38.25,+0.20,364,
113/02/23,"341,800","13,016,786",38.25,38.25,38.00,38.00,-0.25,452,
113/02/26,"614,432","23,342,112",37.95,38.10,37.90,38.00, 0.00,546,
113/02/27,"423,408","16,011,715",38.00,38.00,37.70,37.80,-0.20,431,
113/02/29,"463,428","17,507,773",37.80,38.00,37.70,37.70,-0.10,427,
113/03/01,"410,792","15,483,849",37.65,37.75,37.65,37.65,-0.05,404,
113/03/04,"720,023","27,078,070",37.60,37.70,37.50,37.60,-0.05,643,
113/03/05,"525,092","19,760,779",37.60,37.75,37.55,37.55,-0.05,548,
113/03/06,"351,066","13,192,843",37.50,37.70,37.50,37.55, 0.00,436,
113/03/07,"838,406","31,427,117",37.50,37.55,37.45,37.45,-0.10,691,
113/03/08,"992,259","36,931,873",37.40,37.40,37.10,37.25,-0.20,"1,053",
113/03/11,"364,369","13,595,583",37.25,37.45,37.20,37.45,+0.20,412,
113/03/12,"385,105","14,496,561",37.55,37.70,37.55,37.70,+0.25,441,
113/03/13,"388,917","14,609,502",37.55,37.65,37.50,37.55,-0.15,429,
113/03/14,"322,861","12,140,758",37.55,37.70,37.55,37.60,+0.05,334,
113/03/15,"485,224","18,189,661",37.60,37.60,37.40,37.40,-0.20,449,
113/03/18,"371,952","13,909,331",37.45,37.60,37.35,37.40, 0.00,434,
113/03/19,"381,317","14,273,759",37.40,37.50,37.35,37.45,+0.05,376,
113/03/20,"607,211","22,665,285",37.40,37.45,37.25,37.30,-0.15,553,
113/03/21,"394,072","14,738,647",37.35,37.45,37.35,37.35,+0.05,414,
113/03/22,"324,871","12,172,517",37.35,37.60,37.35,37.60,+0.25,322,
113/03/25,"341,414","12,846,629",37.60,37.70,37.55,37.65,+0.05,348,
113/03/26,"560,415","21,173,574",37.65,37.95,37.60,37.75,+0.10,431,
113/03/27,"471,105","17,759,988",37.65,37.80,37.60,37.70,-0.05,382,
113/03/28,"501,372","18,941,718",37.85,37.85,37.70,37.80,+0.10,295,
113/03/29,"944,724","35,935,801",37.80,38.30,37.80,38.15,+0.35,588,
113/04/01,"713,700","27,420,809",38.20,38.55,38.20,38.55,+0.40,614,
113/04/02,"585,312","22,452,387",38.55,38.55,38.25,38.30,-0.25,629,
113/04/03,"438,442","16,735,584",38.30,38.30,38.05,38.25,-0.05,308,
113/04/08,"666,672","25,644,874",38.20,38.80,38.20,38.80,+0.55,567,
113/04/09,"505,812","19,570,774",38.80,38.85,38.60,38.70,-0.10,484,
113/04/10,"441,213","17,036,722",38.70,38.75,38.50,38.75,+0.05,428,
113/04/11,"302,451","11,638,715",38.75,38.75,38.40,38.40,-0.35,363,
113/04/12,"362,180","13,855,778",38.20,38.40,38.20,38.25,-0.15,373,
113/04/15,"235,513","8,981,701",38.25,38.25,38.05,38.15,-0.10,285,
113/04/16,"787,900","29,770,543",38.10,38.15,37.55,37.65,-0.50,733,
113/04/17,"602,664","22,661,927",37.55,37.75,37.50,37.60,-0.05,487,
113/04/18,"618,871","23,188,601",37.60,37.65,37.30,37.55,-0.05,515,
113/04/19,"959,366","35,776,094",37.50,37.55,37.10,37.30,-0.25,871,
113/04/22,"541,188","20,261,556",37.40,37.65,37.15,37.60,+0.30,437,
113/04/23,"336,946","12,766,185",37.65,38.05,37.65,38.05,+0.45,300,
113/04/24,"414,109","15,748,819",38.20,38.20,37.90,37.95,-0.10,346,
113/04/25,"412,228","15,693,696",37.95,38.25,37.90,38.25,+0.30,380,
113/04/26,"383,876","14,644,196",38.15,38.35,38.00,38.05,-0.20,345,
113/04/29,"1,114,180","42,963,564",38.10,38.75,38.10,38.75,+0.70,924,
113/04/30,"592,627","22,811,743",38.70,38.70,38.35,38.35,-0.40,482,
113/05/02,"668,593","25,726,736",38.35,38.65,38.30,38.50,+0.15,542,
113/05/03,"550,894","21,266,321",38.50,38.75,38.50,38.50, 0.00,430,
113/05/06,"557,852","21,582,156",38.50,38.75,38.50,38.70,+0.20,498,
113/05/07,"472,002","18,236,083",38.75,38.75,38.50,38.75,+0.05,389,
113/05/08,"786,391","30,567,527",38.70,39.00,38.70,38.90,+0.15,598,
113/05/09,"304,111","11,809,564",38.75,39.00,38.75,38.80,-0.10,536,
113/05/10,"1,382,974","54,319,953",39.00,39.45,39.00,39.35,+0.55,"1,124",
113/05/13,"1,325,271","52,466,264",39.65,39.70,39.40,39.70,+0.35,"1,175",
113/05/14,"2,497,695","100,360,138",39.90,40.55,39.70,40.30,+0.60,"1,981",
113/05/15,"1,797,617","72,488,899",40.50,40.55,40.00,40.30, 0.00,"1,327",
113/05/16,"2,409,531","98,487,702",40.50,41.25,40.40,40.65,+0.35,"1,818",
113/05/17,"2,534,579","104,345,023",40.80,41.35,40.80,41.25,+0.60,"1,777",
113/05/20,"3,794,668","159,311,083",41.50,42.20,41.45,42.20,+0.95,"3,438",
113/05/21,"2,066,703","86,946,468",42.25,42.45,41.60,42.35,+0.15,"1,692",
113/05/22,"2,045,390","87,526,599",42.35,43.00,42.30,42.85,+0.50,"1,642",
113/05/23,"2,358,343","99,066,729",42.80,42.80,41.65,41.90,-0.95,"5,154",
113/05/24,"1,079,886","45,146,895",41.90,42.00,41.55,41.70,-0.20,"1,129",
113/05/27,"1,079,490","44,932,412",42.00,42.10,41.45,41.65,-0.05,"1,833",
113/05/28,"1,115,727","46,652,769",41.70,42.05,41.40,41.70,+0.05,959,
113/05/29,"1,229,137","50,544,237",41.70,41.70,40.90,41.10,-0.60,"2,917",
113/05/30,"737,232","30,169,616",41.00,41.25,40.70,40.75,-0.35,"1,417",
113/05/31,"1,423,857","59,346,942",40.95,41.90,40.95,41.90,+1.15,"1,126",
113/06/03,"1,318,650","55,736,015",42.05,42.45,41.75,42.35,+0.45,"1,216",
113/06/04,"596,674","24,994,361",42.35,42.35,41.70,41.70,-0.65,"1,201",
113/06/05,"730,009","30,333,870",41.70,41.70,41.40,41.60,-0.10,636,
113/06/06,"584,587","24,347,482",41.40,41.90,41.40,41.60, 0.00,503,
113/06/07,"641,405","26,525,798",41.40,41.50,41.20,41.35,-0.25,624,
113/06/11,"1,234,731","51,166,215",41.35,41.85,41.10,41.70,+0.35,746,
113/06/12,"735,251","30,530,412",41.80,42.00,41.30,41.50,-0.20,666,
113/06/13,"819,752","34,020,518",41.70,41.75,41.35,41.50, 0.00,555,
113/06/14,"1,751,131","73,517,870",41.75,42.40,41.60,42.20,+0.70,"1,284",
113/06/17,"1,557,784","66,008,505",42.45,42.70,42.00,42.70,+0.50,"1,167",
113/06/18,"1,638,885","69,806,157",42.70,42.85,42.35,42.55,-0.15,"1,651",
113/06/19,"1,461,298","61,619,073",42.55,42.70,41.95,42.15,-0.40,"1,863",
113/06/20,"1,334,227","56,551,821",42.10,42.60,42.05,42.60,+0.45,"1,005",
113/06/21,"1,897,744","81,226,837",42.60,43.00,42.55,43.00,+0.40,"1,554",
113/06/24,"3,168,090","136,850,270",43.25,43.70,42.40,43.65,+0.65,"3,215",
113/06/25,"2,806,733","119,732,766",43.80,43.85,42.20,42.70,-0.95,"3,786",
113/06/26,"1,059,516","45,119,049",42.50,42.80,42.35,42.75,+0.05,837,
113/06/27,"640,120","27,342,338",42.75,42.85,42.50,42.60,-0.15,643,
113/06/28,"875,599","37,576,067",42.60,43.30,42.60,42.75,+0.15,809,
113/07/01,"1,218,144","52,627,214",43.00,43.40,42.85,43.25,+0.50,863,
113/07/02,"1,158,888","49,357,428",43.15,43.15,42.25,42.50,-0.75,"1,820",
113/07/03,"687,763","29,232,248",42.15,42.70,42.15,42.50, 0.00,533,
113/07/04,"1,053,019","44,504,840",42.50,42.70,42.00,42.20,-0.30,817,
113/07/05,"390,018","16,474,909",42.25,42.40,42.10,42.20, 0.00,374,
113/07/08,"1,265,746","53,258,284",42.20,42.35,41.80,42.35,+0.15,932,
113/07/09,"1,284,259","53,508,096",42.20,42.30,41.40,41.40,-0.95,"1,162",
113/07/10,"881,174","36,301,486",41.40,41.50,41.00,41.05,-0.35,853,
113/07/11,"1,193,308","48,819,495",40.75,41.10,40.60,40.85,-0.20,"1,001",
113/07/12,"1,248,183","50,974,866",40.85,41.15,40.65,40.70,-0.15,872,
113/07/15,"878,874","35,590,896",41.00,41.00,40.40,40.50,-0.20,876,
113/07/16,"1,046,404","42,164,384",40.50,40.50,40.20,40.25,-0.25,862,
113/07/17,"1,510,662","61,283,514",40.25,40.75,40.25,40.75,+0.50,796,
113/07/18,"1,264,225","50,212,730",39.85,40.00,39.40,39.80,X0.00,929,
113/07/19,"912,707","35,804,377",39.60,39.60,39.05,39.20,-0.60,914,
113/07/22,"1,097,751","43,068,272",39.20,39.75,38.90,39.75,+0.55,818,
113/07/23,"665,419","26,471,498",39.65,40.10,39.55,39.65,-0.10,547,
113/07/26,"678,754","26,788,459",39.00,39.80,39.00,39.80,+0.15,594,
113/07/29,"707,655","28,431,126",40.20,40.35,40.00,40.00,+0.20,610,
113/07/30,"411,455","16,318,514",40.00,40.00,39.50,39.70,-0.30,588,
113/07/31,"317,369","12,619,907",39.50,39.95,39.50,39.70, 0.00,261,
113/08/01,"623,833","24,896,869",39.90,40.15,39.65,40.15,+0.45,577,
113/08/02,"593,161","23,505,497",39.80,39.85,39.45,39.70,-0.45,541,
113/08/05,"1,997,318","75,887,406",39.05,39.20,37.65,37.75,-1.95,"1,431",
113/08/06,"1,338,530","50,995,399",37.70,38.70,37.15,38.50,+0.75,"1,060",
113/08/07,"368,890","14,259,449",38.50,38.90,38.20,38.65,+0.15,668,
113/08/08,"714,751","27,358,014",38.20,38.60,38.10,38.40,-0.25,470,
113/08/09,"617,466","23,831,621",38.30,38.85,38.20,38.40, 0.00,519,
113/08/12,"386,350","14,960,890",38.45,39.00,38.45,38.55,+0.15,305,
113/08/13,"276,648","10,604,815",38.55,38.55,38.20,38.25,-0.30,329,
113/08/14,"658,094","25,360,544",38.25,38.75,38.20,38.75,+0.50,394,
113/08/15,"493,198","19,002,211",38.75,38.75,38.35,38.40,-0.35,444,
113/08/16,"733,236","28,219,652",38.40,38.80,38.35,38.35,-0.05,574,
113/08/19,"359,558","13,792,219",38.35,38.45,38.30,38.30,-0.05,354,
113/08/20,"534,214","20,409,883",38.30,38.30,38.10,38.15,-0.15,427,
113/08/21,"353,123","13,511,820",38.40,38.45,38.15,38.45,+0.30,346,
113/08/22,"279,564","10,754,163",38.50,38.60,38.30,38.55,+0.10,252,
113/08/23,"285,711","10,962,399",38.55,38.55,38.25,38.30,-0.25,278,
113/08/26,"373,007","14,467,898",38.35,38.90,38.35,38.85,+0.55,398,
113/08/27,"180,514","6,983,018",38.85,38.90,38.55,38.70,-0.15,201,
113/08/28,"244,657","9,460,471",38.80,38.95,38.50,38.60,-0.10,254,
113/08/29,"222,766","8,606,752",38.60,38.90,38.45,38.75,+0.15,239,
113/08/30,"553,909","21,564,551",38.80,39.10,38.75,39.10,+0.35,436,
113/09/02,"384,140","14,938,457",39.10,39.10,38.80,38.80,-0.30,299,
113/09/03,"307,226","11,965,929",38.75,39.10,38.75,38.85,+0.05,301,
113/09/04,"1,112,976","42,259,529",38.00,38.30,37.80,37.80,-1.05,"1,032",
113/09/05,"512,068","19,528,849",38.00,38.35,37.90,38.35,+0.55,453,
113/09/06,"347,507","13,275,235",38.35,38.45,37.80,38.35, 0.00,306,
113/09/09,"477,234","18,045,925",37.80,38.05,37.65,38.00,-0.35,479,
113/09/10,"531,659","20,335,122",38.00,38.50,37.85,38.45,+0.45,437,
113/09/11,"266,544","10,195,865",38.45,38.55,38.10,38.10,-0.35,461,
113/09/12,"286,263","10,980,881",38.20,38.60,38.10,38.30,+0.20,436,
113/09/13,"194,446","7,441,095",38.30,38.45,38.15,38.25,-0.05,252,
113/09/16,"719,840","27,820,278",38.20,38.80,38.20,38.80,+0.55,439,
113/09/18,"405,945","15,677,602",38.80,38.95,38.35,38.65,-0.15,380,
113/09/19,"446,446","17,181,767",38.65,38.65,38.35,38.50,-0.15,357,
113/09/20,"525,891","20,292,939",38.50,38.75,38.40,38.55,+0.05,391,
113/09/23,"414,248","16,035,050",38.70,38.95,38.55,38.65,+0.10,355,
113/09/24,"248,264","9,580,976",38.60,38.70,38.45,38.60,-0.05,291,
113/09/25,"571,376","22,087,087",38.70,38.90,38.55,38.65,+0.05,565,
113/09/26,"470,833","18,247,603",38.70,38.85,38.65,38.70,+0.05,354,
113/09/27,"1,086,331","42,598,364",38.95,39.45,38.80,39.30,+0.60,787,
113/09/30,"718,059","28,332,262",39.50,39.65,39.15,39.45,+0.15,659,
113/10/01,"359,605","14,105,427",39.45,39.45,39.10,39.25,-0.20,448,
113/10/04,"705,549","27,580,769",39.25,39.25,38.95,39.20,-0.05,"1,037",
113/10/07,"464,840","18,281,057",39.20,39.50,39.20,39.25,+0.05,477,
113/10/08,"712,485","27,585,560",39.25,39.25,38.30,38.60,-0.65,788,
113/10/09,"436,168","16,807,422",38.70,38.70,38.35,38.40,-0.20,426,
113/10/11,"468,754","17,913,805",38.50,38.50,38.10,38.15,-0.25,558,
113/10/14,"470,106","17,924,337",38.05,38.25,37.90,38.25,+0.10,385,
113/10/15,"479,349","18,287,979",38.25,38.25,38.05,38.05,-0.20,466,
113/10/16,"1,802,602","67,890,924",38.00,38.00,37.40,37.40,-0.65,"1,607",
113/10/17,"642,825","24,318,139",37.55,38.10,37.50,37.90,+0.50,556,
113/10/18,"530,008","20,148,626",37.95,38.20,37.70,38.00,+0.10,586,
113/10/21,"452,637","17,179,248",38.35,38.35,37.80,37.85,-0.15,571,
113/10/22,"357,621","13,486,766",37.85,37.90,37.60,37.70,-0.15,480,
113/10/23,"688,265","25,845,304",37.60,37.70,37.45,37.50,-0.20,649,
113/10/24,"342,052","12,881,540",37.45,37.85,37.40,37.85,+0.35,333,
113/10/25,"282,460","10,656,725",37.80,37.85,37.65,37.65,-0.20,227,
113/10/28,"202,976","7,675,897",37.65,37.90,37.65,37.80,+0.15,212,
113/10/29,"440,389","16,532,862",37.95,37.95,37.40,37.55,-0.25,402,
113/10/30,"288,644","10,865,639",37.60,37.85,37.55,37.65,+0.10,301,
113/11/01,"336,352","12,677,078",37.65,37.80,37.40,37.80,+0.15,318,
113/11/04,"256,473","9,665,470",37.80,37.85,37.60,37.65,-0.15,286,
113/11/05,"687,017","26,235,308",37.70,38.45,37.70,38.10,+0.45,537,
113/11/06,"251,537","9,572,439",38.05,38.20,38.00,38.00,-0.10,348,
113/11/07,"413,540","15,733,525",37.80,38.25,37.80,38.10,+0.10,287,
113/11/08,"326,651","12,394,796",38.10,38.10,37.85,37.90,-0.20,284,
113/11/11,"401,902","15,189,446",38.10,38.10,37.70,37.70,-0.20,369,
113/11/12,"721,745","27,067,154",37.55,37.60,37.45,37.45,-0.25,604,
113/11/13,"767,929","28,670,462",37.40,37.45,37.25,37.25,-0.20,648,
113/11/14,"479,804","17,884,719",37.20,37.45,37.20,37.20,-0.05,435,
113/11/15,"401,150","15,001,132",37.30,37.50,37.25,37.40,+0.20,327,
113/11/18,"430,293","16,144,292",37.45,37.70,37.40,37.50,+0.10,316,
113/11/19,"550,617","20,739,589",37.50,37.85,37.50,37.75,+0.25,407,
113/11/20,"324,497","12,214,278",37.85,37.85,37.55,37.65,-0.10,266,
113/11/21,"193,758","7,283,701",37.65,37.65,37.50,37.60,-0.05,206,
113/11/22,"268,704","10,133,225",37.60,37.80,37.60,37.80,+0.20,221,
113/11/25,"594,067","22,598,204",37.95,38.10,37.90,38.10,+0.30,463,
113/11/26,"478,980","18,260,592",38.20,38.30,37.90,38.10, 0.00,362,
113/11/27,"333,620","12,615,083",38.10,38.10,37.60,37.65,-0.45,591,
113/11/28,"315,372","11,837,616",37.85,37.85,37.45,37.55,-0.10,285,
113/11/29,"380,979","14,284,580",37.40,37.70,37.30,37.55, 0.00,279,
113/12/02,"190,301","7,154,356",37.60,37.65,37.50,37.50,-0.05,252,
113/12/03,"312,750","11,775,992",37.55,37.75,37.50,37.75,+0.25,344,
113/12/04,"265,393","10,016,798",37.65,37.95,37.55,37.70,-0.05,341,
113/12/05,"192,878","7,269,846",37.60,37.90,37.60,37.70, 0.00,205,
113/12/06,"244,211","9,221,458",37.65,37.85,37.65,37.80,+0.10,241,
113/12/09,"209,308","7,883,664",37.80,37.80,37.60,37.65,-0.15,335,
113/12/10,"220,376","8,307,576",37.65,37.80,37.65,37.65, 0.00,239,
113/12/11,"905,671","34,486,415",37.90,38.30,37.85,37.85,+0.20,759,
113/12/12,"288,468","10,938,006",37.85,38.10,37.85,37.85, 0.00,317,
113/12/13,"428,995","16,095,761",37.70,37.80,37.35,37.50,-0.35,472,
113/12/16,"609,223","22,900,139",37.75,37.80,37.35,37.35,-0.15,412,
113/12/17,"312,863","11,708,353",37.35,37.55,37.35,37.55,+0.20,361,
113/12/18,"408,723","15,317,671",37.45,37.65,37.40,37.50,-0.05,338,
113/12/19,"984,129","36,605,282",37.40,37.40,37.10,37.10,-0.40,885,
113/12/20,"1,627,198","59,618,786",37.00,37.05,36.50,36.50,-0.60,"1,475",
113/12/23,"333,294","12,293,784",36.60,37.10,36.60,37.05,+0.55,396,
113/12/24,"172,706","6,388,066",37.00,37.20,36.90,37.05, 0.00,237,
113/12/25,"187,277","6,937,386",37.35,37.35,36.95,37.15,+0.10,214,
113/12/26,"177,162","6,560,522",37.20,37.20,36.95,37.00,-0.15,230,
113/12/27,"170,304","6,300,205",37.00,37.05,36.90,37.00, 0.00,197,
113/12/30,"297,474","10,942,472",37.00,37.00,36.70,36.70,-0.30,422,
113/12/31,"592,489","21,627,969",36.50,36.65,36.40,36.65,-0.05,601,
114/01/02,"714,175","25,910,491",36.45,36.45,36.20,36.25,-0.40,839,
114/01/03,"404,509","14,642,572",36.45,36.45,36.10,36.10,-0.15,433,
114/01/06,"819,513","29,603,604",36.10,36.60,35.75,36.25,+0.15,679,
114/01/07,"612,371","21,977,817",36.30,36.30,35.80,35.80,-0.45,732,
114/01/08,"1,119,985","39,518,922",35.80,35.80,35.15,35.40,-0.40,"1,187",
114/01/09,"1,417,184","49,384,268",35.40,35.40,34.50,34.65,-0.75,"1,502",
114/01/10,"1,452,682","49,688,327",34.60,34.65,34.00,34.00,-0.65,"1,335",
114/01/13,"1,028,139","34,813,167",34.10,34.40,33.35,34.25,+0.25,949,
114/01/14,"427,039","14,657,568",34.30,34.55,34.20,34.30,+0.05,470,
114/01/15,"266,794","9,200,941",34.50,34.60,34.35,34.45,+0.15,319,
114/01/16,"475,470","16,562,719",34.65,35.10,34.50,34.85,+0.40,448,
114/01/17,"315,658","10,994,684",34.95,34.95,34.75,34.80,-0.05,527,
114/01/20,"248,073","8,602,491",34.90,34.90,34.60,34.70,-0.10,399,
114/01/21,"191,809","6,700,216",34.70,35.00,34.70,35.00,+0.30,303,
114/01/22,"363,277","12,715,466",35.25,35.25,34.80,35.00, 0.00,408,
114/02/03,"544,693","18,895,995",35.00,35.05,34.35,34.75,-0.25,700,
114/02/04,"403,938","14,014,297",34.75,35.05,34.55,34.55,-0.20,417,
114/02/05,"278,106","9,700,378",35.00,35.10,34.75,34.80,+0.25,278,
114/02/06,"242,715","8,502,008",34.95,35.15,34.85,35.05,+0.25,252,
114/02/07,"206,946","7,255,852",35.05,35.20,34.95,35.05, 0.00,287,
114/02/10,"241,961","8,440,152",35.00,35.00,34.80,34.95,-0.10,405,
114/02/11,"322,409","11,272,190",35.00,35.20,34.80,34.90,-0.05,303,
114/02/12,"217,109","7,619,639",35.00,35.20,34.95,35.10,+0.20,250,
114/02/13,"591,725","20,903,063",35.20,35.70,35.05,35.60,+0.50,728,
114/02/14,"362,379","12,816,540",35.50,35.55,35.20,35.50,-0.10,570,
114/02/17,"332,225","11,838,677",35.55,35.75,35.50,35.60,+0.10,363,
114/02/18,"228,643","8,116,637",35.50,35.55,35.40,35.55,-0.05,272,
114/02/19,"274,502","9,772,494",35.55,35.75,35.55,35.55, 0.00,280,
114/02/20,"383,114","13,645,618",35.60,35.80,35.50,35.60,+0.05,337,
114/02/21,"586,271","20,892,212",35.60,35.70,35.55,35.65,+0.05,566,
114/02/24,"371,602","13,238,146",35.50,35.70,35.50,35.60,-0.05,427,
114/02/25,"453,237","16,091,417",35.50,35.65,35.35,35.50,-0.10,437,
114/02/26,"402,588","14,286,492",35.40,35.70,35.35,35.55,+0.05,432,
114/02/27,"743,849","26,361,511",35.40,35.70,35.35,35.35,-0.20,523,
114/03/03,"569,568","20,228,038",35.40,35.70,35.30,35.70,+0.35,529,
114/03/04,"1,166,725","41,161,117",35.50,35.50,35.15,35.50,-0.20,978,
114/03/05,"546,637","19,503,613",35.40,35.85,35.20,35.70,+0.20,467,
114/03/06,"346,920","12,446,871",35.75,36.05,35.75,35.90,+0.20,333,
114/03/07,"1,057,112","38,499,429",35.85,36.65,35.85,36.60,+0.70,863,
114/03/10,"542,640","19,876,060",37.00,37.00,36.40,36.60, 0.00,823,
114/03/11,"643,789","23,388,145",36.10,36.80,35.95,36.65,+0.05,484,
114/03/12,"762,940","27,676,721",36.60,36.60,36.00,36.35,-0.30,566,
114/03/13,"524,392","19,003,110",36.45,36.45,36.10,36.15,-0.20,449,
114/03/14,"385,908","13,978,446",36.20,36.45,36.10,36.35,+0.20,308,
114/03/17,"316,640","11,489,411",36.35,36.50,36.15,36.15,-0.20,327,
114/03/18,"350,115","12,676,063",36.35,36.55,36.10,36.15, 0.00,315,
114/03/19,"656,304","23,587,896",36.10,36.30,35.75,35.85,-0.30,628,
114/03/20,"272,062","9,774,777",35.85,36.00,35.80,35.95,+0.10,350,
114/03/21,"385,834","13,800,663",35.80,36.00,35.70,35.70,-0.25,341,
114/03/24,"162,951","5,824,709",35.65,35.85,35.65,35.75,+0.05,236,
114/03/25,"307,046","10,970,930",35.75,35.90,35.65,35.70,-0.05,329,
114/03/26,"323,580","11,632,531",35.80,36.30,35.80,36.00,+0.30,305,
114/03/27,"201,714","7,215,691",35.85,35.90,35.70,35.75,-0.25,271,
114/03/28,"464,427","16,386,460",35.80,35.80,35.10,35.20,-0.55,603,
114/03/31,"978,222","33,766,949",35.00,35.00,34.20,34.30,-0.90,940,
114/04/01,"367,396","12,726,871",34.25,34.85,34.25,34.75,+0.45,391,
114/04/02,"420,070","14,733,348",34.75,35.40,34.65,35.40,+0.65,390,
114/04/07,"2,181,106","70,060,272",31.90,32.65,31.90,32.10,-3.30,"1,939",
114/04/08,"1,554,473","51,101,094",32.30,33.40,32.30,33.35,+1.25,"1,213",
114/04/09,"1,588,386","51,604,879",33.15,33.20,31.80,31.95,-1.40,"1,596",
114/04/10,"991,633","34,098,883",33.60,34.70,33.50,34.55,+2.60,828,
114/04/11,"883,890","29,592,966",33.55,34.00,33.05,33.50,-1.05,832,
114/04/14,"782,128","26,083,273",33.35,34.00,33.10,33.20,-0.30,686,
114/04/15,"485,173","16,277,452",33.10,33.75,33.10,33.75,+0.55,394,
114/04/16,"374,180","12,549,080",33.35,33.65,33.35,33.50,-0.25,378,
114/04/17,"255,239","8,536,320",33.50,33.65,33.15,33.50, 0.00,254,
114/04/18,"309,609","10,338,224",33.85,33.85,33.30,33.35,-0.15,282,
114/04/21,"437,615","14,634,121",33.35,33.65,33.30,33.30,-0.05,324,
114/04/22,"380,752","12,698,690",33.35,33.50,33.25,33.35,+0.05,286,
114/04/23,"597,630","20,207,024",33.40,34.00,33.40,33.90,+0.55,430,
114/04/24,"260,769","8,778,872",33.90,33.90,33.60,33.60,-0.30,295,
114/04/25,"441,132","14,953,077",33.90,34.15,33.65,33.65,+0.05,379,
114/04/28,"313,747","10,606,612",33.70,34.00,33.60,33.90,+0.25,292,
114/04/29,"396,522","13,535,546",34.10,34.30,33.95,34.10,+0.20,391,
114/04/30,"513,801","17,373,509",34.00,34.00,33.70,33.70,-0.40,566,
114/05/02,"944,571","32,642,686",33.85,35.00,33.85,35.00,+1.30,645,
114/05/05,"5,229,029","196,331,318",36.00,38.50,36.00,37.95,+2.95,"3,723",
114/05/06,"2,236,184","83,945,640",38.10,38.30,37.00,37.15,-0.80,"2,762",
114/05/07,"1,878,923","71,008,946",37.20,38.20,36.30,37.80,+0.65,"1,480",
114/05/08,"695,807","26,205,296",37.95,37.95,37.45,37.55,-0.25,694,
114/05/09,"830,814","31,338,380",37.55,38.00,37.40,38.00,+0.45,674,
114/05/12,"923,683","34,463,369",38.20,38.20,37.00,37.35,-0.65,"1,650",
114/05/13,"1,451,397","53,082,943",37.20,37.20,36.30,36.30,-1.05,"3,047",
114/05/14,"1,350,132","48,464,295",36.30,36.35,35.60,35.85,-0.45,"2,286",
114/05/15,"564,696","20,158,916",35.85,36.00,35.50,35.50,-0.35,520,
114/05/16,"403,818","14,476,323",35.50,36.00,35.50,36.00,+0.50,344,
114/05/19,"763,929","27,436,996",36.00,36.15,35.65,35.70,-0.30,479,
114/05/20,"263,882","9,411,946",35.80,35.80,35.55,35.65,-0.05,270,
114/05/21,"532,459","18,862,782",35.80,35.80,35.15,35.50,-0.15,520,
114/05/22,"488,158","17,260,763",35.45,35.60,35.25,35.30,-0.20,443,
114/05/23,"314,338","11,136,691",35.20,35.60,35.20,35.30, 0.00,286,
114/05/26,"562,589","19,869,846",35.30,35.50,35.20,35.35,+0.05,464,
114/05/27,"730,986","25,730,646",35.35,35.55,35.00,35.00,-0.35,587,
114/05/28,"970,969","33,603,759",35.10,35.30,34.35,34.35,-0.65,979,
114/05/29,"829,384","28,377,548",34.40,34.80,34.00,34.25,-0.10,732,
114/06/02,"964,137","32,417,477",34.10,34.10,33.40,33.45,-0.80,"1,152",
114/06/03,"705,781","23,453,301",33.50,33.75,33.05,33.15,-0.30,837,
114/06/04,"462,353","15,397,741",33.25,33.50,33.20,33.25,+0.10,443,
114/06/05,"311,635","10,388,782",33.25,33.45,33.20,33.30,+0.05,337,
114/06/06,"342,825","11,422,663",33.20,33.40,33.20,33.30, 0.00,419,
114/06/09,"623,931","20,830,735",33.45,33.45,33.00,33.05,-0.25,626,
114/06/10,"344,769","11,464,968",33.05,33.40,33.05,33.25,+0.20,352,
114/06/11,"355,065","11,786,089",33.10,33.30,33.10,33.20,-0.05,367,
114/06/12,"276,084","9,187,368",33.15,33.40,33.15,33.25,+0.05,266,
114/06/13,"496,275","16,452,139",33.20,33.30,33.05,33.15,-0.10,468,
114/06/16,"372,589","12,343,894",33.15,33.30,33.00,33.20,+0.05,367,
114/06/17,"364,289","12,099,501",33.25,33.35,33.10,33.20, 0.00,341,
114/06/18,"442,473","14,699,502",33.25,33.35,33.10,33.25,+0.05,392,
114/06/19,"1,008,513","33,005,315",33.15,33.15,32.60,32.65,-0.60,937,
114/06/20,"3,269,099","106,480,198",32.55,33.25,31.80,33.25,+0.60,"1,546",
114/06/23,"1,075,287","34,796,939",33.00,33.00,32.15,32.20,-1.05,"1,158",
114/06/24,"806,541","25,968,603",32.40,32.40,32.05,32.05,-0.15,673,
114/06/25,"378,251","12,157,243",32.05,32.25,32.05,32.10,+0.05,387,
114/06/26,"622,950","20,314,262",32.30,32.85,32.15,32.60,+0.50,506,
114/06/27,"454,295","14,873,268",32.60,32.90,32.45,32.75,+0.15,451,
114/06/30,"431,601","14,164,909",32.80,32.95,32.60,32.75, 0.00,507,
114/07/01,"524,394","17,337,067",33.00,33.15,32.80,33.10,+0.35,421,
114/07/02,"388,512","12,913,162",33.00,33.40,32.85,33.40,+0.30,307,
114/07/03,"495,187","16,561,971",33.45,33.60,33.25,33.45,+0.05,545,
114/07/04,"236,060","7,871,257",33.45,33.55,33.25,33.30,-0.15,246,
114/07/07,"275,366","9,194,025",33.35,33.60,33.15,33.35,+0.05,232,
114/07/08,"470,789","15,478,450",33.40,33.40,32.65,32.75,-0.60,406,
114/07/09,"227,620","7,470,975",32.95,33.20,32.70,32.75, 0.00,211,
114/07/10,"250,854","8,162,136",32.60,32.65,32.45,32.55,-0.20,308,
114/07/11,"408,667","13,331,106",32.55,32.75,32.45,32.55, 0.00,412,
114/07/14,"396,021","13,013,023",32.60,33.15,32.60,32.75,+0.20,371,
114/07/15,"639,740","20,923,149",32.55,32.85,32.55,32.70,-0.05,396,
114/07/16,"1,126,337","36,972,034",32.60,33.00,32.60,32.70, 0.00,691,
114/07/17,"814,452","25,856,653",31.45,31.95,31.35,31.80,X0.00,633,
114/07/18,"489,426","15,516,565",31.95,32.00,31.60,31.75,-0.05,528,
114/07/21,"370,847","11,765,606",31.95,32.00,31.55,31.55,-0.20,391,
114/07/22,"312,799","9,897,785",31.90,31.90,31.50,31.55, 0.00,358,
114/07/23,"477,033","15,227,964",31.75,32.20,31.65,32.20,+0.65,446,
114/07/24,"214,753","6,877,930",32.20,32.20,31.95,32.00,-0.20,267,
114/07/25,"229,463","7,335,774",31.80,32.15,31.80,31.90,-0.10,209,
114/07/28,"429,302","13,709,034",31.95,32.15,31.60,32.10,+0.20,366,
114/07/29,"360,491","11,543,398",32.10,32.25,31.85,31.90,-0.20,339,
114/07/30,"470,053","15,131,141",32.10,32.35,31.90,32.30,+0.40,391,
114/07/31,"280,551","8,979,581",32.20,32.20,31.90,31.95,-0.35,289,
114/08/01,"461,575","14,686,211",31.80,31.95,31.70,31.80,-0.15,429,
114/08/04,"370,315","11,756,309",31.70,31.90,31.50,31.85,+0.05,317,
114/08/05,"287,925","9,166,488",31.85,31.95,31.80,31.90,+0.05,302,
114/08/06,"350,772","11,202,449",31.90,32.15,31.80,31.95,+0.05,248,
114/08/07,"470,547","14,947,787",31.95,31.95,31.70,31.75,-0.20,458,
114/08/08,"1,033,186","32,375,684",31.60,31.60,31.25,31.40,-0.35,936,
114/08/11,"1,350,226","41,676,760",31.40,31.40,30.70,30.85,-0.55,"1,344",
114/08/12,"1,564,322","47,512,965",30.75,30.75,30.20,30.40,-0.45,"1,621",
114/08/13,"697,136","21,171,829",30.40,30.55,30.25,30.35,-0.05,739,
114/08/14,"591,605","18,167,442",30.45,31.00,30.35,30.70,+0.35,579,
114/08/15,"537,637","16,486,389",31.00,31.00,30.50,30.70, 0.00,509,
114/08/18,"518,447","15,834,049",30.70,30.70,30.45,30.55,-0.15,546,
114/08/19,"716,499","21,724,871",30.50,30.50,30.25,30.35,-0.20,727,
114/08/20,"533,173","16,117,790",30.40,30.40,30.10,30.30,-0.05,616,
114/08/21,"363,231","11,081,158",30.30,30.60,30.30,30.50,+0.20,299,
114/08/22,"481,726","14,632,822",30.50,30.50,30.30,30.40,-0.10,432,
114/08/25,"389,608","11,861,511",30.55,30.55,30.40,30.40, 0.00,361,
114/08/26,"683,822","20,683,760",30.30,30.35,30.20,30.20,-0.20,611,
114/08/27,"432,517","13,100,142",30.20,30.45,30.20,30.25,+0.05,403,
114/08/28,"336,621","10,200,921",30.20,30.40,30.20,30.25, 0.00,323,
114/08/29,"640,687","19,368,383",30.25,30.35,30.15,30.15,-0.10,457,
114/09/01,"448,171","13,492,136",30.15,30.20,30.05,30.10,-0.05,450,
114/09/02,"238,425","7,176,708",30.10,30.15,30.05,30.10, 0.00,271,
114/09/03,"201,096","6,069,960",30.05,30.30,30.05,30.15,+0.05,289,
114/09/04,"333,797","10,113,584",30.15,30.40,30.15,30.35,+0.20,320,
114/09/05,"354,907","10,785,348",30.40,30.55,30.30,30.45,+0.10,286,
114/09/08,"365,847","11,132,479",30.45,30.50,30.35,30.45, 0.00,324,
114/09/09,"502,498","15,302,966",30.45,30.55,30.40,30.50,+0.05,375,
114/09/10,"501,107","15,174,474",30.40,30.50,30.20,30.35,-0.15,582,
114/09/11,"569,125","17,188,518",30.20,30.35,30.10,30.20,-0.15,486,
114/09/12,"298,973","9,044,344",30.20,30.40,30.15,30.15,-0.05,290,
114/09/15,"288,525","8,714,929",30.20,30.50,30.10,30.25,+0.10,325,
114/09/16,"311,031","9,401,212",30.25,30.35,30.15,30.30,+0.05,363,
114/09/17,"283,248","8,578,228",30.30,30.40,30.20,30.20,-0.10,304,
114/09/18,"408,265","12,320,908",30.30,30.30,30.10,30.15,-0.05,406,
114/09/19,"489,627","14,819,606",30.20,30.40,30.10,30.40,+0.25,367,
114/09/22,"672,884","20,346,812",30.50,30.50,30.15,30.20,-0.20,659,
114/09/23,"753,892","22,665,247",30.15,30.15,30.00,30.10,-0.10,727,
114/09/24,"403,236","12,142,497",30.15,30.15,30.05,30.10, 0.00,338,
114/09/25,"280,157","8,484,807",30.30,30.40,30.15,30.30,+0.20,230,
114/09/26,"600,345","18,067,930",30.35,30.40,30.00,30.10,-0.20,518,
114/09/30,"418,199","12,606,264",30.25,30.25,30.05,30.20,+0.10,400,
114/10/01,"267,294","8,052,260",30.10,30.20,30.05,30.10,-0.10,283,
114/10/02,"227,470","6,843,861",30.10,30.20,30.05,30.10, 0.00,284,
114/10/03,"388,327","11,671,563",30.10,30.10,30.00,30.10, 0.00,384,
114/10/07,"598,882","18,041,484",30.10,30.30,30.05,30.20,+0.10,512,
114/10/08,"1,604,886","49,116,839",30.30,30.85,30.20,30.80,+0.60,"1,297",
114/10/09,"2,580,651","81,623,976",30.85,32.15,30.80,32.00,+1.20,"2,050",
114/10/13,"1,265,142","40,429,195",31.95,32.20,31.60,32.05,+0.05,"1,384",
114/10/14,"1,384,355","43,908,278",32.05,32.05,31.20,31.55,-0.50,"2,173",
114/10/15,"4,712,925","157,491,923",31.55,33.95,31.40,33.95,+2.40,"2,196",
114/10/16,"2,348,634","79,349,200",33.60,34.15,33.40,33.75,-0.20,"1,862",
114/10/17,"829,004","27,521,023",33.70,33.70,33.00,33.10,-0.65,"1,301",
114/10/20,"742,715","24,108,343",33.05,33.15,32.10,32.35,-0.75,"1,648",
114/10/21,"345,298","11,170,233",32.50,32.50,32.20,32.20,-0.15,325,
114/10/22,"935,218","29,849,058",32.20,32.25,31.65,31.90,-0.30,"1,601",
114/10/23,"495,322","15,766,454",31.90,32.10,31.65,31.70,-0.20,"1,152",
114/10/27,"593,925","18,718,815",31.70,31.70,31.45,31.45,-0.25,"1,253",
114/10/28,"442,385","13,861,467",31.60,31.75,31.25,31.25,-0.20,729,
114/10/29,"418,427","13,065,999",31.45,31.45,31.10,31.15,-0.10,468,
114/10/30,"467,580","14,601,118",31.15,31.40,31.10,31.15, 0.00,426,
114/10/31,"572,194","18,050,678",31.35,31.80,31.30,31.40,+0.25,759,
114/11/03,"613,754","19,148,495",31.45,31.50,31.05,31.05,-0.35,895,
114/11/04,"561,174","17,513,106",31.05,31.40,31.05,31.10,+0.05,369,
114/11/05,"335,700","10,487,232",31.10,31.45,31.00,31.20,+0.10,338,
114/11/06,"353,230","11,119,323",31.35,31.70,31.20,31.55,+0.35,507,
114/11/07,"558,687","17,543,097",31.55,31.60,31.25,31.40,-0.15,378,
114/11/10,"740,877","22,805,103",31.30,31.30,30.60,30.80,-0.60,659,
114/11/11,"497,399","15,258,597",30.85,30.95,30.50,30.60,-0.20,590,
114/11/12,"390,220","12,037,271",30.65,30.95,30.65,30.80,+0.20,323,
114/11/13,"435,991","13,458,472",30.80,31.05,30.75,30.95,+0.15,521,
114/11/14,"435,365","13,372,850",30.70,30.85,30.50,30.60,-0.35,436,
114/11/17,"672,898","20,455,005",30.60,30.60,30.30,30.50,-0.10,625,
114/11/18,"631,128","19,056,746",30.35,30.35,30.05,30.20,-0.30,601,
114/11/19,"426,127","12,863,838",30.40,30.40,30.05,30.20, 0.00,404,
114/11/20,"309,546","9,397,316",30.25,30.50,30.25,30.35,+0.15,264,
114/11/21,"389,506","11,848,782",30.35,30.50,30.30,30.50,+0.15,354,
114/11/24,"577,761","17,732,638",30.50,30.80,30.50,30.80,+0.30,473,
114/11/25,"353,844","10,802,885",30.80,30.80,30.35,30.55,-0.25,514,
114/11/26,"301,716","9,252,334",30.40,30.75,30.40,30.75,+0.20,243,
114/11/27,"298,728","9,156,002",30.60,30.80,30.60,30.75, 0.00,370,
114/11/28,"352,598","10,758,532",30.60,30.65,30.45,30.50,-0.25,406,
114/12/01,"588,081","18,110,387",30.40,31.20,30.35,30.95,+0.45,600,
114/12/02,"699,247","21,761,596",31.00,31.40,30.80,31.35,+0.40,636,
114/12/03,"363,041","11,334,528",31.30,31.35,31.10,31.25,-0.10,483,
114/12/04,"267,229","8,309,295",31.10,31.25,31.00,31.20,-0.05,512,
114/12/05,"289,469","8,958,018",31.10,31.10,30.85,30.90,-0.30,346,
114/12/08,"271,220","8,354,658",30.90,30.90,30.75,30.80,-0.10,709,
114/12/09,"244,302","7,478,041",30.80,30.80,30.50,30.50,-0.30,317,
114/12/10,"444,139","13,567,686",30.50,30.70,30.45,30.60,+0.10,289,
114/12/11,"388,233","11,858,388",30.60,30.75,30.40,30.60, 0.00,401,
114/12/12,"233,947","7,192,307",30.70,30.80,30.65,30.70,+0.10,242,
114/12/15,"267,016","8,193,277",30.70,30.75,30.55,30.70, 0.00,385,
114/12/16,"407,678","12,401,941",30.45,30.55,30.35,30.50,-0.20,705,
114/12/17,"300,953","9,159,148",30.50,30.60,30.30,30.35,-0.15,348,
114/12/18,"250,914","7,638,704",30.35,30.55,30.30,30.50,+0.15,215,
114/12/19,"493,188","15,159,113",30.40,30.85,30.40,30.85,+0.35,397,
114/12/22,"271,814","8,333,265",30.85,30.90,30.50,30.75,-0.10,429,
114/12/23,"305,254","9,352,703",30.75,30.90,30.50,30.65,-0.10,359,
114/12/24,"362,531","11,058,550",30.65,30.70,30.40,30.50,-0.15,310,
114/12/26,"260,684","7,946,790",30.50,30.60,30.40,30.45,-0.05,275,
114/12/29,"417,071","12,718,877",30.50,30.60,30.40,30.55,+0.10,346,
114/12/30,"565,454","17,123,467",30.50,30.50,30.15,30.30,-0.25,665,
114/12/31,"411,082","12,430,280",30.20,30.45,30.20,30.20,-0.10,445,
115/01/02,"392,375","11,839,932",30.15,30.35,30.10,30.15,-0.05,418,
115/01/05,"1,327,773","39,661,730",30.10,30.10,29.75,30.00,-0.15,"1,150",
115/01/06,"715,545","21,351,316",30.00,30.10,29.75,29.90,-0.10,680,
115/01/07,"831,944","24,805,035",29.90,29.90,29.70,29.80,-0.10,654,
115/01/08,"1,026,323","30,484,396",29.80,29.95,29.60,29.65,-0.15,911,
115/01/09,"575,032","17,039,379",29.65,29.80,29.50,29.70,+0.05,518,
115/01/12,"881,377","26,040,864",29.70,29.70,29.45,29.60,-0.10,841,
115/01/13,"903,516","26,597,763",29.60,29.60,29.35,29.50,-0.10,928,
115/01/14,"682,017","20,182,612",29.60,29.70,29.50,29.65,+0.15,585,
115/01/15,"601,476","17,856,587",29.65,29.80,29.60,29.60,-0.05,526,
115/01/16,"1,028,225","30,302,006",29.60,29.70,29.40,29.50,-0.10,934,
115/01/19,"1,056,469","31,137,797",29.50,29.65,29.30,29.45,-0.05,829,
115/01/20,"1,347,009","39,492,900",29.35,29.45,29.25,29.30,-0.15,"1,036",
115/01/21,"1,191,884","34,765,835",29.20,29.30,29.10,29.15,-0.15,858,
115/01/22,"796,890","23,220,153",29.15,29.25,29.05,29.15, 0.00,757,
115/01/23,"508,716","14,844,797",29.15,29.30,29.10,29.15, 0.00,498,
115/01/26,"556,200","16,274,454",29.30,29.35,29.10,29.25,+0.10,490,
115/01/27,"1,249,819","36,951,577",29.30,29.75,29.30,29.50,+0.25,913,
115/01/28,"750,554","22,088,096",29.60,29.65,29.30,29.50, 0.00,540,
115/01/29,"805,179","23,562,195",29.40,29.50,29.20,29.20,-0.30,704,
115/01/30,"929,211","26,982,927",29.20,29.20,29.00,29.00,-0.20,917,
115/02/02,"1,270,894","36,466,880",29.10,29.10,28.50,28.80,-0.20,"1,188",
115/02/03,"684,565","19,622,440",28.85,28.85,28.55,28.70,-0.10,721,
115/02/04,"686,442","19,713,512",28.60,28.90,28.55,28.75,+0.05,534,
115/02/05,"641,618","18,605,772",28.70,29.15,28.70,29.00,+0.25,548,
115/02/06,"431,002","12,445,805",29.10,29.10,28.75,28.80,-0.20,576,
115/02/09,"589,888","17,061,536",29.25,29.25,28.80,28.90,+0.10,517,
115/02/10,"467,876","13,532,419",28.75,29.05,28.75,29.00,+0.10,438,
115/02/11,"1,239,920","36,463,265",29.20,29.50,29.20,29.45,+0.45,908,
115/02/23,"3,066,143","92,330,409",29.65,30.40,29.65,30.25,+0.80,"2,080",
115/02/24,"1,359,719","41,037,366",30.15,30.35,30.00,30.15,-0.10,"1,363",
115/02/25,"932,218","28,086,710",30.20,30.30,30.00,30.20,+0.05,763,
115/02/26,"1,507,145","45,042,661",30.25,30.25,29.75,30.00,-0.20,"2,280",
115/03/02,"713,093","21,264,018",30.00,30.00,29.65,29.85,-0.15,680,
115/03/03,"839,992","25,070,417",29.65,30.00,29.65,29.90,+0.05,727,
115/03/04,"1,252,664","36,840,156",29.85,29.85,29.25,29.25,-0.65,"1,144",
115/03/05,"542,390","16,011,770",29.70,29.70,29.40,29.50,+0.25,491,
115/03/06,"514,364","15,197,319",29.40,29.75,29.30,29.60,+0.10,486,
115/03/09,"1,148,044","33,513,389",29.20,29.40,29.00,29.30,-0.30,870,
115/03/10,"554,079","16,388,027",29.50,29.75,29.40,29.55,+0.25,493,
115/03/11,"907,685","26,764,718",29.40,29.75,29.30,29.40,-0.15,747,
115/03/12,"631,335","18,509,350",29.25,29.45,29.25,29.25,-0.15,545,
115/03/13,"795,459","23,506,269",29.10,29.75,29.10,29.65,+0.40,647,
115/03/16,"1,388,940","41,945,283",29.80,30.40,29.80,30.30,+0.65,983,
115/03/17,"743,869","22,374,452",30.30,30.30,29.95,30.30, 0.00,684,
115/03/18,"523,109","15,778,592",30.40,30.40,30.10,30.25,-0.05,506,
115/03/19,"605,634","18,167,920",30.25,30.25,29.90,30.00,-0.25,697,
115/03/20,"4,343,836","133,177,409",29.85,30.75,29.85,30.75,+0.75,749,
115/03/23,"1,708,650","51,100,109",30.25,30.25,29.50,30.05,-0.70,"1,193",
115/03/24,"1,092,180","32,678,298",30.10,30.10,29.75,30.10,+0.05,690,
115/03/25,"755,532","22,718,200",30.60,30.60,29.95,30.20,+0.10,719,
115/03/26,"794,833","24,099,932",30.25,30.45,30.10,30.30,+0.10,632,
115/03/27,"604,940","18,313,348",30.30,30.40,30.15,30.35,+0.05,407,
115/03/30,"927,061","28,155,095",30.05,30.55,30.05,30.30,-0.05,690,
115/03/31,"1,646,196","50,344,112",30.30,30.95,30.10,30.75,+0.45,"1,002",
115/04/01,"1,469,915","45,421,202",30.95,31.10,30.65,31.05,+0.30,907,
115/04/02,"642,756","19,795,367",31.25,31.25,30.65,30.75,-0.30,481,
115/04/07,"586,276","17,968,944",31.00,31.00,30.55,30.55,-0.20,482,
115/04/08,"994,674","30,168,880",30.80,30.80,30.20,30.30,-0.25,957,
115/04/09,"572,352","17,227,948",30.30,30.30,30.05,30.10,-0.20,740,
115/04/10,"473,786","14,290,436",30.20,30.40,30.05,30.05,-0.05,407,
115/04/13,"688,788","20,736,664",30.00,30.30,29.95,30.15,+0.10,625,
115/04/14,"1,022,977","30,691,758",30.15,30.25,29.90,30.00,-0.15,"1,429",
115/04/15,"789,099","23,622,404",30.00,30.10,29.85,29.85,-0.15,742,
115/04/16,"680,944","20,394,932",30.00,30.05,29.85,29.90,+0.05,519,
115/04/17,"2,399,707","73,844,599",30.50,31.00,30.50,30.75,+0.85,"1,712",
115/04/20,"1,429,078","43,189,729",30.45,30.60,30.10,30.15,-0.60,"1,092",
115/04/21,"954,956","28,691,661",30.15,30.25,30.00,30.10,-0.05,819,
115/04/22,"1,541,956","46,012,438",30.15,30.15,29.75,29.85,-0.25,"1,245",
115/04/23,"2,202,405","64,779,069",29.85,29.85,29.00,29.35,-0.50,"1,661",
115/04/24,"976,520","28,452,776",29.40,29.55,29.00,29.20,-0.15,992,
115/04/27,"1,105,557","32,011,237",29.20,29.30,28.85,29.10,-0.10,922,
115/04/28,"463,744","13,514,053",29.10,29.30,29.00,29.25,+0.15,427,
115/04/29,"354,293","10,354,823",29.25,29.30,29.10,29.20,-0.05,400,
115/04/30,"1,248,501","36,190,823",29.20,29.20,28.90,28.95,-0.25,"1,204",
115/05/04,"1,146,529","33,039,669",29.00,29.00,28.75,28.95, 0.00,956,
115/05/05,"912,987","26,350,878",28.95,29.00,28.80,28.80,-0.15,716,
115/05/06,"986,091","28,389,297",28.90,28.95,28.75,28.75,-0.05,838,
115/05/07,"914,854","26,381,051",28.75,28.95,28.70,28.85,+0.10,655,
115/05/08,"581,438","16,879,382",28.95,29.15,28.90,29.05,+0.20,530,
115/05/11,"986,493","28,577,074",29.05,29.20,28.85,28.85,-0.20,828,
115/05/12,"1,196,785","34,580,084",28.95,29.10,28.75,28.80,-0.05,675,
115/05/13,"1,064,312","30,624,572",28.85,28.85,28.70,28.80, 0.00,754,
115/05/14,"1,327,841","38,032,114",28.80,28.95,28.55,28.55,-0.25,"1,023",
115/05/15,"899,248","25,643,483",28.60,28.65,28.45,28.50,-0.05,769,
115/05/18,"882,520","25,038,452",28.50,28.55,28.30,28.30,-0.20,801,
115/05/19,"472,078","13,463,332",28.35,28.60,28.35,28.50,+0.20,386,
115/05/20,"1,209,899","34,177,905",28.50,28.50,28.10,28.30,-0.20,"1,024",
115/05/21,"951,268","27,222,065",28.55,28.75,28.40,28.60,+0.30,486,
115/05/22,"634,178","18,052,516",28.50,28.55,28.35,28.45,-0.15,587,
