日期,成交股數,成交金額,開盤價,最高價,最低價,收盤價,漲跌價差,成交筆數,註記
109/01/02,"2,189,652","158,866,297",72.80,72.90,72.20,72.60,-0.20,"1,045",
109/01/03,"3,781,701","276,041,273",72.80,73.20,72.60,73.20,+0.60,"1,963",
109/01/06,"2,672,016","195,238,868",73.20,73.20,72.90,73.00,-0.20,"1,287",
109/01/07,"3,377,914","244,993,853",73.00,73.00,72.10,72.60,-0.40,"1,454",
109/01/08,"3,175,434","227,995,400",72.10,72.20,71.60,71.60,-1.00,"1,597",
109/01/09,"2,673,269","192,838,068",71.60,72.50,71.60,72.40,+0.80,"1,269",
109/01/10,"3,274,598","235,843,266",71.90,72.50,71.50,71.90,-0.50,"1,637",
109/01/13,"4,190,931","304,553,683",71.90,73.00,71.70,73.00,+1.10,"2,222",
109/01/14,"3,040,300","221,532,136",72.80,73.00,72.50,73.00, 0.00,"1,415",
109/01/15,"4,187,493","303,725,959",73.00,73.00,71.90,72.70,-0.30,"2,030",
109/01/16,"2,407,534","174,665,046",72.50,72.90,72.20,72.90,+0.20,951,
109/01/17,"3,058,941","222,779,864",73.00,73.00,72.50,73.00,+0.10,"1,394",
109/01/20,"2,934,054","214,118,696",72.90,73.20,72.60,72.80,-0.20,"1,691",
109/01/30,"13,967,893","973,595,345",69.70,71.30,68.60,68.60,-4.20,"6,931",
109/01/31,"6,665,272","463,801,480",68.80,70.00,68.80,69.70,+1.10,"3,080",
109/02/03,"6,893,355","473,172,995",68.60,69.40,67.50,68.50,-1.20,"3,482",
109/02/04,"5,225,445","362,648,269",68.30,70.10,68.30,70.10,+1.60,"2,547",
109/02/05,"5,815,108","401,425,395",69.50,69.60,68.70,68.90,-1.20,"2,778",
109/02/06,"5,136,311","359,827,616",69.90,70.30,69.20,70.30,+1.40,"2,197",
109/02/07,"4,547,151","316,245,070",69.20,69.90,69.10,69.80,-0.50,"2,007",
109/02/10,"3,963,643","275,401,116",69.30,69.90,68.70,69.90,+0.10,"1,741",
109/02/11,"2,415,259","168,843,030",69.80,70.00,69.60,70.00,+0.10,"1,208",
109/02/12,"3,439,330","240,422,100",70.00,70.20,69.80,69.80,-0.20,"1,715",
109/02/13,"3,395,205","238,337,804",69.70,70.40,69.70,70.40,+0.60,"1,589",
109/02/14,"2,294,185","161,215,201",70.20,70.50,70.00,70.40, 0.00,969,
109/02/17,"1,956,786","136,959,263",70.30,70.30,69.80,70.10,-0.30,"1,024",
109/02/18,"3,564,381","248,801,992",69.90,70.10,69.30,70.10, 0.00,"1,134",
109/02/19,"3,912,533","276,560,857",70.40,71.00,70.10,70.80,+0.70,"2,013",
109/02/20,"3,520,493","246,972,110",70.90,70.90,69.80,70.00,-0.80,"1,535",
109/02/21,"3,396,245","237,339,093",70.00,70.50,69.60,69.80,-0.20,"1,700",
109/02/24,"5,740,269","396,272,353",69.00,69.70,68.50,68.90,-0.90,"2,865",
109/02/25,"5,802,458","398,697,102",68.80,69.00,68.50,68.50,-0.40,"3,283",
109/02/26,"9,107,183","617,204,360",68.00,68.30,67.50,67.70,-0.80,"4,473",
109/02/27,"6,661,116","451,965,966",67.60,68.10,67.60,68.10,+0.40,"2,459",
109/03/02,"8,497,616","572,979,735",67.50,67.70,67.10,67.70,-0.40,"4,246",
109/03/03,"6,062,361","411,738,648",67.90,68.30,67.70,67.70, 0.00,"2,588",
109/03/04,"4,563,197","312,576,116",67.70,68.80,67.70,68.80,+1.10,"2,010",
109/03/05,"4,455,409","308,981,683",68.80,69.70,68.70,69.70,+0.90,"2,458",
109/03/06,"6,839,086","466,789,180",69.60,69.60,67.80,68.20,-1.50,"3,558",
109/03/09,"11,924,148","789,686,630",66.50,67.00,65.60,66.00,-2.20,"6,603",
109/03/10,"8,178,613","541,265,126",66.00,66.80,65.80,66.20,+0.20,"3,877",
109/03/11,"7,192,136","477,901,132",66.00,67.10,66.00,66.30,+0.10,"3,619",
109/03/12,"11,400,229","734,135,429",66.40,66.40,63.60,63.80,-2.50,"6,207",
109/03/13,"18,997,576","1,128,209,812",60.00,61.50,58.10,61.40,-2.40,"9,120",
109/03/16,"11,753,137","699,468,480",61.50,61.50,58.60,58.80,-2.60,"5,760",
109/03/17,"17,840,509","1,008,033,394",57.50,58.00,55.70,56.00,-2.80,"7,301",
109/03/18,"18,968,989","1,020,676,117",56.50,56.50,51.60,52.40,-3.60,"8,615",
109/03/19,"23,200,373","1,117,630,758",50.00,50.10,47.20,47.30,-5.10,"9,648",
109/03/20,"25,699,244","1,263,225,978",47.95,51.00,47.90,50.10,+2.80,"9,921",
109/03/23,"13,982,670","681,060,377",47.90,49.95,47.65,48.65,-1.45,"4,463",
109/03/24,"10,285,242","533,393,084",50.80,52.50,50.50,51.70,+3.05,"4,545",
109/03/25,"8,987,168","493,316,953",53.80,55.70,53.70,55.70,+4.00,"4,782",
109/03/26,"6,194,943","342,924,199",56.80,56.80,54.20,55.60,-0.10,"2,819",
109/03/27,"6,039,232","337,917,525",56.00,57.00,55.40,55.60, 0.00,"2,627",
109/03/30,"8,723,566","481,110,419",55.00,57.00,52.90,55.60, 0.00,"3,343",
109/03/31,"9,404,405","518,154,339",56.00,56.30,54.40,54.70,-0.90,"3,046",
109/04/01,"7,027,237","380,166,156",54.50,55.20,53.70,53.70,-1.00,"3,559",
109/04/06,"7,980,803","439,624,627",55.60,56.00,54.10,55.30,+1.60,"3,910",
109/04/07,"5,804,647","325,644,533",56.30,56.50,55.60,56.30,+1.00,"2,837",
109/04/08,"8,561,016","493,360,898",56.30,58.40,56.00,58.10,+1.80,"4,759",
109/04/09,"6,111,631","355,711,771",58.10,59.00,57.80,58.10, 0.00,"3,641",
109/04/10,"4,256,618","247,907,099",58.10,58.90,57.70,58.40,+0.30,"2,377",
109/04/13,"4,060,561","236,035,389",58.00,58.80,57.30,57.80,-0.60,"2,568",
109/04/14,"9,455,017","565,988,388",57.80,60.50,57.80,60.10,+2.30,"4,339",
109/04/15,"7,128,659","431,153,599",60.10,60.80,60.10,60.80,+0.70,"4,334",
109/04/16,"7,709,801","462,408,955",59.80,60.50,59.60,59.90,-0.90,"3,371",
109/04/17,"7,616,892","463,317,350",60.50,62.20,60.10,60.10,+0.20,"4,051",
109/04/20,"6,088,834","363,160,181",60.00,60.10,59.40,59.70,-0.40,"2,805",
109/04/21,"10,638,041","614,080,242",59.50,59.50,57.00,57.20,-2.50,"6,551",
109/04/22,"5,040,085","285,892,053",56.50,57.10,56.10,56.90,-0.30,"3,349",
109/04/23,"6,139,414","353,977,747",56.90,59.00,56.90,57.50,+0.60,"3,342",
109/04/24,"4,369,095","250,044,051",57.50,58.00,57.00,57.00,-0.50,"2,777",
109/04/27,"10,925,063","647,156,542",58.30,59.90,57.90,59.60,+2.60,"5,236",
109/04/28,"9,137,055","549,358,515",60.00,60.60,59.50,60.30,+0.70,"5,010",
109/04/29,"12,466,149","777,874,000",60.50,63.10,60.50,62.50,+2.20,"7,791",
109/04/30,"15,989,935","1,053,186,355",63.00,66.80,63.00,66.20,+3.70,"9,251",
109/05/04,"14,573,797","922,802,199",62.40,64.40,62.40,63.50,-2.70,"7,496",
109/05/05,"5,195,729","332,522,381",64.00,64.60,63.50,63.80,+0.30,"2,942",
109/05/06,"6,142,618","389,076,438",63.70,64.20,63.00,63.00,-0.80,"3,085",
109/05/07,"4,840,643","306,190,309",62.90,64.10,62.80,63.00, 0.00,"2,731",
109/05/08,"5,194,831","332,830,034",63.80,64.40,63.40,64.00,+1.00,"2,812",
109/05/11,"4,008,985","261,309,201",65.70,65.80,64.60,64.60,+0.60,"2,398",
109/05/12,"7,440,286","473,648,052",64.00,64.10,63.50,63.50,-1.10,"3,776",
109/05/13,"3,629,347","230,895,908",63.40,64.00,63.20,64.00,+0.50,"1,884",
109/05/14,"4,900,504","308,476,752",63.40,63.70,62.50,62.70,-1.30,"2,637",
109/05/15,"4,029,517","253,097,471",63.60,63.60,62.50,62.70, 0.00,"2,104",
109/05/18,"3,876,690","243,210,579",62.00,63.20,62.00,62.60,-0.10,"1,757",
109/05/19,"6,126,951","390,558,753",64.50,64.50,63.20,63.60,+1.00,"2,689",
109/05/20,"4,061,458","259,027,536",64.00,64.00,63.40,63.90,+0.30,"2,185",
109/05/21,"2,832,732","181,130,548",63.50,64.40,63.30,63.90, 0.00,"1,755",
109/05/22,"7,131,973","447,507,082",63.80,63.90,62.30,62.30,-1.60,"3,767",
109/05/25,"4,468,565","275,146,933",62.90,62.90,60.80,62.10,-0.20,"2,805",
109/05/26,"5,980,675","379,742,532",62.90,63.80,62.50,63.30,+1.20,"3,175",
109/05/27,"4,135,995","261,594,560",63.30,63.70,63.00,63.10,-0.20,"1,740",
109/05/28,"4,854,829","304,828,072",63.60,63.90,62.00,62.50,-0.60,"2,056",
109/05/29,"15,240,344","956,332,172",62.40,63.40,62.00,62.90,+0.40,"2,925",
109/06/01,"5,757,367","366,314,810",63.80,63.90,63.00,63.20,+0.30,"3,012",
109/06/02,"4,311,494","273,489,184",63.20,63.80,63.10,63.80,+0.60,"2,471",
109/06/03,"9,737,125","629,980,025",64.50,65.00,64.00,65.00,+1.20,"5,333",
109/06/04,"4,745,497","308,951,905",65.90,65.90,64.70,65.00, 0.00,"2,660",
109/06/05,"4,544,560","295,371,029",65.20,65.30,64.70,65.30,+0.30,"2,441",
109/06/08,"7,941,534","524,630,425",65.60,66.50,65.30,66.50,+1.20,"4,365",
109/06/09,"6,074,936","405,034,912",66.60,67.00,66.00,67.00,+0.50,"3,537",
109/06/10,"7,398,001","497,674,339",67.20,67.50,66.50,67.40,+0.40,"3,006",
109/06/11,"6,244,995","415,423,070",67.30,67.50,65.60,66.00,-1.40,"3,604",
109/06/12,"7,046,151","458,516,381",65.30,65.50,64.70,65.30,-0.70,"3,178",
109/06/15,"7,447,059","480,813,581",65.10,65.50,63.40,64.10,-1.20,"3,174",
109/06/16,"6,088,341","397,052,065",64.40,66.10,64.40,64.90,+0.80,"3,404",
109/06/17,"5,780,901","374,935,347",64.70,65.40,64.50,64.90, 0.00,"3,832",
109/06/18,"6,411,002","413,804,506",64.90,65.00,64.20,64.90, 0.00,"3,392",
109/06/19,"16,677,384","1,067,402,968",64.80,65.20,63.80,63.80,-1.10,"5,040",
109/06/22,"5,891,278","379,120,762",63.80,65.30,63.80,64.40,+0.60,"3,904",
109/06/23,"5,956,720","385,327,036",64.50,65.00,64.20,65.00,+0.60,"3,474",
109/06/24,"6,355,364","413,054,660",65.30,65.40,64.70,64.70,-0.30,"4,308",
109/06/29,"7,041,839","450,406,832",64.60,64.70,63.70,64.00,-0.70,"4,276",
109/06/30,"5,276,120","340,827,923",64.40,65.00,64.10,64.60,+0.60,"2,062",
109/07/01,"3,893,446","253,777,660",64.50,65.50,64.50,65.20,+0.60,"1,768",
109/07/02,"5,343,795","350,875,229",65.50,66.00,65.10,65.40,+0.20,"2,937",
109/07/03,"4,351,800","286,745,616",65.80,66.20,65.70,65.80,+0.40,"1,830",
109/07/06,"10,418,486","694,304,562",66.00,67.00,66.00,67.00,+1.20,"3,986",
109/07/07,"8,808,769","570,508,004",64.80,65.20,64.50,64.80,X0.00,"3,622",
109/07/08,"5,681,452","367,321,349",64.80,65.00,64.50,64.80, 0.00,"2,183",
109/07/09,"6,463,462","415,994,152",64.90,64.90,64.10,64.30,-0.50,"2,104",
109/07/10,"6,163,983","391,753,505",64.20,64.20,63.30,63.30,-1.00,"2,558",
109/07/13,"5,132,034","329,082,124",63.90,64.70,63.70,63.80,+0.50,"1,980",
109/07/14,"4,707,773","299,922,808",63.80,64.10,63.50,63.50,-0.30,"1,764",
109/07/15,"5,390,527","344,659,936",64.00,64.40,63.50,64.10,+0.60,"2,239",
109/07/16,"5,532,909","357,946,499",64.70,65.00,64.30,64.60,+0.50,"2,478",
109/07/17,"3,765,183","243,631,693",65.30,65.30,64.40,64.40,-0.20,"1,336",
109/07/20,"4,515,280","286,735,551",63.70,64.10,63.20,63.50,-0.90,"2,035",
109/07/21,"6,495,876","417,635,141",63.70,64.70,63.70,64.00,+0.50,"2,555",
109/07/22,"4,147,867","266,623,754",63.80,64.60,63.70,64.40,+0.40,"1,767",
109/07/23,"3,866,471","246,301,132",64.20,64.30,63.00,63.50,-0.90,"1,644",
109/07/24,"4,685,401","296,247,475",63.30,63.80,63.00,63.10,-0.40,"1,634",
109/07/27,"5,004,195","313,536,978",63.00,63.00,62.40,62.50,-0.60,"1,860",
109/07/28,"7,327,916","450,167,293",61.90,62.00,60.20,61.40,-1.10,"3,033",
109/07/29,"3,577,097","220,248,019",61.20,62.40,61.10,61.10,-0.30,"2,082",
109/07/30,"4,805,959","294,650,446",61.70,61.90,61.00,61.50,+0.40,"2,144",
109/07/31,"8,347,168","511,543,512",61.60,62.30,61.10,61.10,-0.40,"1,842",
109/08/03,"7,757,542","468,414,177",61.00,61.40,60.00,60.20,-0.90,"3,468",
109/08/04,"4,343,407","262,552,878",60.50,61.00,60.10,60.40,+0.20,"2,000",
109/08/05,"3,453,564","209,821,934",60.40,61.00,60.40,60.70,+0.30,"2,003",
109/08/06,"5,001,560","306,906,623",61.10,62.00,60.90,61.50,+0.80,"2,935",
109/08/07,"5,862,552","358,739,455",61.50,62.00,60.80,60.80,-0.70,"3,212",
109/08/10,"6,113,979","381,626,531",61.00,63.50,61.00,63.20,+2.40,"4,053",
109/08/11,"5,097,547","322,569,558",63.10,63.60,62.80,62.80,-0.40,"3,316",
109/08/12,"4,494,439","282,372,976",63.10,63.40,61.90,63.00,+0.20,"2,528",
109/08/13,"4,347,915","275,606,385",63.50,63.70,62.60,63.60,+0.60,"1,954",
109/08/14,"1,725,914","108,915,327",62.90,63.40,62.80,63.30,-0.30,974,
109/08/17,"2,542,078","161,918,845",63.30,63.90,63.20,63.90,+0.60,"1,158",
109/08/18,"3,302,986","209,851,296",64.00,64.00,63.00,63.80,-0.10,"1,144",
109/08/19,"4,137,936","260,436,968",63.50,63.60,62.70,62.70,-1.10,"2,307",
109/08/20,"6,853,085","419,703,502",62.00,62.30,60.60,60.80,-1.90,"3,286",
109/08/21,"4,280,218","266,171,352",62.00,62.70,61.70,62.30,+1.50,"2,472",
109/08/24,"2,275,386","140,880,132",62.20,62.30,61.60,61.80,-0.50,950,
109/08/25,"4,781,283","296,208,865",61.70,62.50,61.70,61.70,-0.10,"2,523",
109/08/26,"3,908,268","241,650,216",61.80,62.30,61.60,62.00,+0.30,"1,914",
109/08/27,"3,205,941","197,319,635",62.20,62.20,61.20,61.60,-0.40,"1,440",
109/08/28,"3,374,894","208,281,323",61.10,62.00,61.10,61.80,+0.20,"1,694",
109/08/31,"6,556,708","403,037,091",62.00,62.00,61.00,61.50,-0.30,"1,722",
109/09/01,"7,975,048","484,796,228",61.30,61.50,60.50,60.80,-0.70,"2,708",
109/09/02,"5,515,247","334,405,812",60.80,61.00,60.30,60.80, 0.00,"2,711",
109/09/03,"5,799,606","353,589,874",60.70,61.70,60.60,60.90,+0.10,"2,679",
109/09/04,"4,163,609","252,859,949",60.80,61.10,60.40,60.50,-0.40,"2,087",
109/09/07,"4,138,639","252,861,245",60.50,61.40,60.50,61.10,+0.60,"1,964",
109/09/08,"3,443,393","210,779,469",61.40,61.60,61.00,61.10, 0.00,"1,800",
109/09/09,"4,603,753","278,771,403",61.00,61.00,60.10,61.00,-0.10,"2,439",
109/09/10,"2,564,035","155,728,135",61.20,61.20,60.50,61.00, 0.00,"1,623",
109/09/11,"3,657,268","221,376,698",60.90,60.90,60.30,60.80,-0.20,"2,047",
109/09/14,"2,527,282","153,689,902",61.00,61.00,60.50,61.00,+0.20,"1,341",
109/09/15,"4,425,912","270,050,790",60.70,61.20,60.70,61.20,+0.20,"1,886",
109/09/16,"3,783,832","230,947,412",61.20,61.30,60.70,61.10,-0.10,"1,914",
109/09/17,"3,971,220","241,758,120",60.80,61.10,60.70,60.90,-0.20,"2,085",
109/09/18,"13,321,470","819,602,034",61.00,61.90,60.90,61.30,+0.40,"4,461",
109/09/21,"4,998,871","307,736,953",61.10,62.00,61.10,61.50,+0.20,"2,179",
109/09/22,"5,320,273","322,364,523",61.40,61.40,60.20,60.30,-1.20,"2,458",
109/09/23,"5,653,899","339,735,892",60.40,60.70,59.90,60.00,-0.30,"2,701",
109/09/24,"12,274,995","718,019,589",59.50,59.70,58.00,58.00,-2.00,"6,051",
109/09/25,"4,110,565","240,591,549",58.30,59.10,58.20,58.20,+0.20,"1,829",
109/09/28,"3,001,420","178,033,179",58.50,59.90,58.50,59.40,+1.20,"1,331",
109/09/29,"4,856,930","289,457,006",59.70,59.90,59.40,59.60,+0.20,"1,407",
109/09/30,"4,228,582","252,406,692",60.20,60.20,59.50,59.50,-0.10,"1,651",
109/10/05,"3,646,165","219,367,699",60.60,60.80,59.50,59.70,+0.20,"1,648",
109/10/06,"4,113,661","249,451,810",60.40,60.90,60.30,60.90,+1.20,"2,576",
109/10/07,"2,967,195","179,678,580",60.70,60.80,60.40,60.40,-0.50,"1,312",
109/10/08,"1,622,800","98,296,915",60.60,60.70,60.40,60.70,+0.30,764,
109/10/12,"4,469,816","271,699,030",61.00,61.20,60.50,61.20,+0.50,"2,238",
109/10/13,"2,655,131","160,948,437",61.10,61.10,60.20,60.80,-0.40,"1,142",
109/10/14,"6,330,560","383,211,671",60.80,61.00,60.20,60.50,-0.30,"1,581",
109/10/15,"7,042,398","419,822,021",60.10,60.40,59.00,59.50,-1.00,"3,193",
109/10/16,"5,487,803","326,528,262",59.40,60.00,59.20,59.20,-0.30,"2,002",
109/10/19,"5,046,550","299,333,430",59.40,59.80,59.00,59.00,-0.20,"2,551",
109/10/20,"5,085,716","301,700,789",59.20,59.60,59.10,59.40,+0.40,"2,116",
109/10/21,"8,793,176","517,544,536",59.80,59.80,58.20,58.60,-0.80,"4,091",
109/10/22,"21,434,799","1,271,554,268",58.30,60.50,58.10,60.50,+1.90,"5,273",
109/10/23,"6,681,723","397,155,721",60.00,60.00,59.00,59.50,-1.00,"3,201",
109/10/26,"4,761,020","285,284,558",59.50,60.20,59.40,60.00,+0.50,"1,998",
109/10/27,"6,866,454","412,474,433",59.60,60.20,59.50,60.10,+0.10,"1,826",
109/10/28,"4,347,571","259,614,236",60.00,60.10,59.20,59.80,-0.30,"2,030",
109/10/29,"5,209,237","307,367,518",59.00,59.40,58.50,59.00,-0.80,"2,452",
109/10/30,"6,406,194","375,883,079",58.90,58.90,58.10,58.70,-0.30,"1,909",
109/11/02,"3,760,396","222,762,971",58.70,59.70,58.70,59.70,+1.00,"1,848",
109/11/03,"7,117,345","430,078,613",59.90,60.80,59.80,60.80,+1.10,"3,106",
109/11/04,"5,535,313","337,217,551",60.00,61.20,59.80,61.00,+0.20,"2,509",
109/11/05,"4,464,851","273,931,196",61.40,61.70,61.00,61.50,+0.50,"2,088",
109/11/06,"4,368,921","268,446,588",61.20,61.70,61.10,61.70,+0.20,"1,628",
109/11/09,"5,240,529","325,092,858",62.20,62.50,61.60,62.10,+0.40,"2,214",
109/11/10,"7,172,504","449,786,293",62.40,63.00,62.30,63.00,+0.90,"3,838",
109/11/11,"14,576,326","939,054,951",63.50,65.30,63.40,65.30,+2.30,"7,353",
109/11/12,"8,242,508","527,698,395",64.90,65.20,63.50,63.90,-1.40,"3,102",
109/11/13,"4,705,488","301,087,022",63.90,64.20,63.70,64.10,+0.20,"2,093",
109/11/16,"6,666,674","429,588,924",64.50,64.80,64.20,64.50,+0.40,"3,328",
109/11/17,"7,698,669","495,634,502",64.60,65.00,63.70,65.00,+0.50,"3,585",
109/11/18,"9,346,903","608,974,585",64.90,65.50,64.60,65.50,+0.50,"4,593",
109/11/19,"5,334,516","348,045,192",64.70,65.50,64.60,65.30,-0.20,"1,983",
109/11/20,"6,712,821","438,573,552",65.30,65.70,65.00,65.70,+0.40,"2,491",
109/11/23,"7,079,100","467,883,935",66.00,66.30,65.70,66.20,+0.50,"2,655",
109/11/24,"4,415,592","290,625,287",66.10,66.20,65.20,65.60,-0.60,"2,011",
109/11/25,"5,863,535","385,986,339",65.60,66.20,65.50,65.50,-0.10,"2,456",
109/11/26,"4,307,115","282,536,419",65.10,65.80,65.10,65.80,+0.30,"1,507",
109/11/27,"8,371,187","549,794,473",65.40,66.00,65.30,65.60,-0.20,"2,894",
109/11/30,"22,411,990","1,447,379,577",65.90,66.20,64.20,64.20,-1.40,"3,986",
109/12/01,"5,992,531","392,135,108",64.60,66.00,64.60,66.00,+1.80,"2,609",
109/12/02,"8,368,563","547,532,681",64.90,66.00,64.80,65.60,-0.40,"2,161",
109/12/03,"17,457,807","1,168,540,214",66.20,67.40,66.10,66.60,+1.00,"8,416",
109/12/04,"12,260,786","830,643,283",67.20,68.00,67.20,67.70,+1.10,"5,738",
109/12/07,"7,499,868","506,853,924",68.30,68.50,67.00,67.50,-0.20,"3,581",
109/12/08,"4,791,519","321,466,231",66.70,67.50,66.70,67.20,-0.30,"2,389",
109/12/09,"5,315,819","357,015,313",67.10,67.70,66.80,67.10,-0.10,"2,161",
109/12/10,"7,899,349","536,042,010",67.50,68.20,67.00,67.80,+0.70,"3,167",
109/12/11,"7,582,096","516,226,156",67.60,68.30,67.60,68.30,+0.50,"3,255",
109/12/14,"4,894,747","334,333,727",68.50,68.90,67.60,67.80,-0.50,"2,444",
109/12/15,"5,738,490","385,153,524",67.10,67.70,66.70,67.20,-0.60,"2,141",
109/12/16,"7,005,453","477,612,482",67.50,68.80,67.50,68.70,+1.50,"3,802",
109/12/17,"4,832,591","330,293,433",68.70,68.90,67.70,68.60,-0.10,"2,122",
109/12/18,"8,933,193","606,615,752",68.10,68.70,67.50,67.50,-1.10,"3,076",
109/12/21,"7,187,344","494,854,560",67.60,69.40,67.60,69.40,+1.90,"4,181",
109/12/22,"7,528,871","523,642,899",69.50,70.30,68.00,68.60,-0.80,"3,852",
109/12/23,"2,722,715","185,974,227",68.20,69.00,67.80,68.10,-0.50,"1,653",
109/12/24,"3,474,048","240,123,936",68.40,69.40,68.20,69.20,+1.10,"1,982",
109/12/25,"3,134,360","217,944,650",69.20,69.90,69.10,69.40,+0.20,"1,717",
109/12/28,"6,930,374","486,928,543",69.40,70.70,69.40,70.60,+1.20,"3,986",
109/12/29,"3,126,134","219,486,659",70.60,70.70,70.00,70.40,-0.20,"1,453",
109/12/30,"12,444,962","893,378,758",70.60,72.90,70.60,72.50,+2.10,"6,546",
109/12/31,"6,469,210","465,948,926",72.10,72.70,71.60,71.90,-0.60,"3,059",
110/01/04,"8,073,128","578,243,508",71.00,72.60,70.70,71.40,-0.50,"3,369",
110/01/05,"4,927,093","349,917,867",71.50,71.80,70.60,71.00,-0.40,"2,441",
110/01/06,"6,507,105","460,675,628",70.50,71.30,70.10,70.70,-0.30,"3,763",
110/01/07,"5,592,302","400,498,910",71.00,71.90,71.00,71.50,+0.80,"3,117",
110/01/08,"9,795,099","707,838,855",71.50,72.70,71.30,72.70,+1.20,"4,814",
110/01/11,"12,487,570","921,298,031",72.80,74.40,72.70,74.40,+1.70,"6,131",
110/01/12,"7,689,658","564,609,953",74.90,74.90,72.80,73.60,-0.80,"3,855",
110/01/13,"11,145,111","826,242,928",73.90,74.50,73.60,74.00,+0.40,"4,772",
110/01/14,"8,278,224","612,563,040",74.20,74.50,73.50,74.20,+0.20,"4,175",
110/01/15,"7,215,481","526,394,927",74.00,74.10,72.30,72.30,-1.90,"3,987",
110/01/18,"5,613,313","399,670,684",72.10,72.20,70.20,71.50,-0.80,"2,984",
110/01/19,"3,667,684","261,930,299",71.20,71.70,70.50,71.70,+0.20,"2,370",
110/01/20,"13,230,699","922,192,296",70.80,70.90,69.00,69.30,-2.40,"7,512",
110/01/21,"5,350,538","372,676,938",69.20,70.30,69.20,69.30, 0.00,"2,927",
110/01/22,"8,876,207","613,320,638",70.20,70.20,68.60,69.20,-0.10,"3,203",
110/01/25,"4,893,722","343,112,570",69.40,70.70,69.40,70.30,+1.10,"2,381",
110/01/26,"6,749,075","470,251,214",69.80,70.20,69.30,69.50,-0.80,"3,106",
110/01/27,"6,125,180","424,948,161",70.20,70.40,69.10,69.10,-0.40,"1,916",
110/01/28,"9,580,716","650,020,015",68.50,69.00,67.00,67.70,-1.40,"4,531",
110/01/29,"11,237,656","746,380,787",66.40,67.80,65.60,65.60,-2.10,"5,019",
110/02/01,"5,149,882","344,943,257",66.00,67.70,66.00,66.70,+1.10,"3,135",
110/02/02,"7,807,154","534,097,572",66.60,69.20,66.00,68.80,+2.10,"4,047",
110/02/03,"7,864,083","541,260,234",68.60,69.60,68.10,68.80, 0.00,"2,240",
110/02/04,"5,125,105","351,634,552",68.00,69.20,68.00,68.90,+0.10,"2,004",
110/02/05,"5,437,422","374,352,546",68.70,69.90,68.30,68.50,-0.40,"2,276",
110/02/17,"12,694,027","887,733,742",69.80,70.40,69.30,70.00,+1.50,"5,617",
110/02/18,"7,449,278","527,683,724",70.00,71.50,70.00,70.70,+0.70,"3,738",
110/02/19,"8,352,682","585,756,461",70.70,70.90,69.50,70.20,-0.50,"2,795",
110/02/22,"6,801,249","486,676,670",71.00,72.00,70.60,71.60,+1.40,"3,445",
110/02/23,"12,012,673","877,253,009",71.90,73.90,71.60,73.80,+2.20,"6,187",
110/02/24,"11,402,312","842,546,495",74.10,74.70,73.50,73.80, 0.00,"4,672",
110/02/25,"14,084,735","1,052,526,452",74.00,75.00,73.90,75.00,+1.20,"6,844",
110/02/26,"19,401,420","1,411,766,419",74.40,74.40,72.00,72.70,-2.30,"5,782",
110/03/02,"9,996,573","742,193,468",73.90,74.70,73.50,73.80,+1.10,"5,366",
110/03/03,"13,441,225","1,005,106,844",74.50,75.00,74.10,74.80,+1.00,"5,289",
110/03/04,"15,004,550","1,101,220,785",74.60,74.80,72.60,73.40,-1.40,"6,286",
110/03/05,"8,302,267","603,396,646",72.60,73.00,72.30,72.90,-0.50,"3,644",
110/03/08,"9,575,406","705,109,065",72.40,74.80,72.40,73.50,+0.60,"4,904",
110/03/09,"8,092,258","593,769,183",74.00,74.00,72.70,73.60,+0.10,"2,826",
110/03/10,"9,969,389","740,732,319",73.90,74.70,73.30,74.60,+1.00,"5,197",
110/03/11,"26,987,314","2,086,691,475",75.00,78.40,74.90,76.70,+2.10,"14,030",
110/03/12,"8,157,658","626,823,154",77.30,77.60,76.00,77.20,+0.50,"4,064",
110/03/15,"13,661,745","1,055,922,705",76.40,77.90,76.40,76.80,-0.40,"4,357",
110/03/16,"10,353,156","800,364,655",76.80,77.80,76.40,77.30,+0.50,"3,713",
110/03/17,"9,405,223","722,143,919",77.40,77.40,76.00,76.40,-0.90,"5,307",
110/03/18,"10,276,766","784,077,190",76.60,77.20,75.60,76.60,+0.20,"4,822",
110/03/19,"22,573,032","1,680,944,213",75.30,75.60,73.80,74.50,-2.10,"8,069",
110/03/22,"8,737,019","660,448,250",73.80,76.40,73.50,76.40,+1.90,"3,882",
110/03/23,"5,140,538","390,816,503",76.00,76.50,75.80,75.90,-0.50,"2,127",
110/03/24,"6,834,886","518,336,076",75.70,76.20,75.30,76.20,+0.30,"2,633",
110/03/25,"4,906,095","374,351,016",75.60,76.80,75.40,76.50,+0.30,"2,743",
110/03/26,"8,533,408","658,785,476",76.50,77.80,76.20,77.30,+0.80,"3,916",
110/03/29,"20,209,718","1,593,356,843",77.60,79.30,77.50,78.90,+1.60,"9,922",
110/03/30,"11,825,301","933,405,963",78.90,79.10,78.20,79.00,+0.10,"5,164",
110/03/31,"15,245,976","1,212,931,107",79.00,79.80,78.70,79.80,+0.80,"6,177",
110/04/01,"7,495,356","594,951,506",79.80,79.80,78.60,79.60,-0.20,"3,512",
110/04/06,"9,438,991","755,094,857",80.00,80.20,79.70,80.00,+0.40,"3,536",
110/04/07,"6,851,645","547,131,578",80.00,80.10,79.30,80.10,+0.10,"3,354",
110/04/08,"7,010,936","560,193,728",79.70,80.30,79.30,80.10, 0.00,"2,928",
110/04/09,"21,028,387","1,720,942,097",80.30,83.20,80.10,82.30,+2.20,"8,912",
110/04/12,"27,899,171","2,374,894,303",83.50,86.00,83.50,85.50,+3.20,"14,020",
110/04/13,"22,380,203","1,955,970,265",87.10,89.00,86.50,86.80,+1.30,"12,799",
110/04/14,"12,970,039","1,121,168,695",87.20,87.90,85.50,86.50,-0.30,"7,875",
110/04/15,"26,818,156","2,373,672,451",87.00,89.30,87.00,89.00,+2.50,"13,203",
110/04/16,"18,804,925","1,681,973,620",89.70,90.00,88.50,89.90,+0.90,"9,588",
110/04/19,"18,325,111","1,655,010,121",90.10,91.20,89.20,91.10,+1.20,"9,823",
110/04/20,"15,457,419","1,399,013,960",91.70,91.90,89.80,91.10, 0.00,"9,453",
110/04/21,"19,048,637","1,718,731,412",90.80,91.00,89.50,90.20,-0.90,"12,526",
110/04/22,"23,047,659","2,082,590,525",90.40,91.50,89.00,90.20, 0.00,"11,577",
110/04/23,"12,037,291","1,076,007,650",90.30,90.30,88.20,90.00,-0.20,"6,109",
110/04/26,"10,392,633","930,489,161",89.10,90.00,89.00,90.00, 0.00,"6,190",
110/04/27,"22,127,285","2,007,966,566",90.00,91.80,89.30,91.80,+1.80,"11,700",
110/04/28,"16,483,176","1,479,624,202",92.00,92.00,89.00,89.60,-2.20,"9,469",
110/04/29,"15,979,222","1,412,129,186",89.00,89.90,87.40,88.20,-1.40,"7,755",
110/05/03,"12,729,045","1,122,657,252",87.50,89.60,87.40,87.90,-0.30,"6,914",
110/05/04,"18,304,464","1,607,638,538",88.80,89.80,86.30,86.90,-1.00,"7,764",
110/05/05,"14,474,140","1,278,563,232",87.80,89.40,86.90,88.00,+1.10,"6,122",
110/05/06,"13,850,033","1,228,676,495",87.80,90.00,87.60,89.60,+1.60,"6,217",
110/05/07,"16,886,855","1,486,997,183",90.10,90.40,86.10,88.60,-1.00,"8,271",
110/05/10,"9,920,458","880,838,521",89.00,89.50,87.90,89.00,+0.40,"5,624",
110/05/11,"10,877,227","942,494,291",89.00,89.00,85.20,85.90,-3.10,"6,160",
110/05/12,"25,190,773","2,051,934,535",85.50,86.60,77.40,80.80,-5.10,"13,257",
110/05/13,"19,223,048","1,534,596,785",80.10,81.70,77.70,79.00,-1.80,"7,697",
110/05/14,"12,419,551","991,799,337",78.90,81.40,78.60,80.40,+1.40,"5,180",
110/05/17,"12,256,061","954,335,373",78.60,79.80,76.00,77.90,-2.50,"5,753",
110/05/18,"8,320,326","666,535,699",78.10,81.30,78.10,81.30,+3.40,"3,900",
110/05/19,"8,881,517","722,647,851",79.90,82.20,79.90,81.80,+0.50,"4,631",
110/05/20,"9,863,904","802,035,040",80.30,81.90,80.30,81.50,-0.30,"4,577",
110/05/21,"5,910,059","485,416,369",82.00,83.60,81.00,82.40,+0.90,"3,407",
110/05/24,"5,804,540","472,287,069",81.50,82.00,80.80,81.70,-0.70,"3,122",
110/05/25,"11,669,441","977,735,564",81.10,84.70,81.10,84.30,+2.60,"6,533",
110/05/26,"6,982,299","580,575,381",84.10,84.20,82.70,83.30,-1.00,"3,742",
110/05/27,"16,968,892","1,390,977,893",82.00,83.00,81.40,82.10,-1.20,"4,832",
110/05/28,"9,000,321","745,070,109",82.60,83.50,81.70,83.50,+1.40,"4,086",
110/05/31,"7,537,630","636,595,078",83.70,85.10,83.50,84.40,+0.90,"3,812",
110/06/01,"4,680,196","396,906,786",84.40,85.40,84.30,85.00,+0.60,"2,482",
110/06/02,"10,211,655","884,175,334",85.20,88.00,85.10,86.60,+1.60,"6,472",
110/06/03,"9,518,355","829,917,708",87.10,88.10,86.30,86.90,+0.30,"5,670",
110/06/04,"4,726,452","406,598,119",85.80,87.20,85.30,86.00,-0.90,"2,858",
110/06/07,"4,701,968","402,246,901",86.10,86.20,84.00,85.60,-0.40,"2,838",
110/06/08,"4,316,885","367,914,309",86.80,86.80,84.70,85.00,-0.60,"1,863",
110/06/09,"8,426,505","709,669,524",84.80,85.10,83.50,84.80,-0.20,"3,863",
110/06/10,"5,742,600","489,375,780",85.00,85.80,84.40,85.80,+1.00,"2,689",
110/06/11,"2,780,549","237,491,759",85.70,86.10,84.80,85.10,-0.70,"1,440",
110/06/15,"3,739,317","317,748,107",86.00,86.10,84.50,84.80,-0.30,"2,257",
110/06/16,"6,608,977","560,489,297",84.20,85.80,84.00,85.00,+0.20,"4,264",
110/06/17,"3,306,059","279,156,736",84.00,84.90,83.80,84.90,-0.10,"2,021",
110/06/18,"22,062,592","1,821,867,438",84.10,84.50,82.10,82.30,-2.60,"7,698",
110/06/21,"11,605,229","938,208,799",81.80,82.20,80.30,81.40,-0.90,"5,703",
110/06/22,"4,194,215","344,198,460",82.20,82.80,81.60,81.90,+0.50,"2,275",
110/06/23,"10,866,626","892,315,335",81.90,82.90,81.50,82.80,+0.90,"6,547",
110/06/24,"3,527,087","292,197,255",82.60,83.20,82.20,83.00,+0.20,"2,073",
110/06/25,"5,932,604","495,127,740",83.00,84.00,83.00,83.00, 0.00,"2,575",
110/06/28,"3,692,944","308,663,471",83.70,83.90,83.00,83.30,+0.30,"2,266",
110/06/29,"5,390,046","447,733,712",82.70,83.40,82.60,83.30, 0.00,"2,734",
110/06/30,"9,255,967","767,599,652",83.30,83.40,82.40,83.20,-0.10,"5,323",
110/07/01,"12,107,443","1,017,215,942",82.60,85.20,82.60,83.90,+0.70,"5,718",
110/07/02,"9,987,482","849,519,628",84.50,85.90,84.30,84.50,+0.60,"5,853",
110/07/05,"11,219,263","967,876,851",86.00,86.90,85.50,86.50,+2.00,"6,203",
110/07/06,"6,195,749","533,840,771",87.10,87.50,85.50,85.90,-0.60,"4,318",
110/07/07,"7,944,724","685,200,619",86.50,86.70,85.50,86.60,+0.70,"4,040",
110/07/08,"6,893,306","591,395,504",86.90,86.90,85.20,85.50,-1.10,"3,815",
110/07/09,"9,793,758","837,532,627",84.60,86.40,84.50,86.30,+0.80,"4,507",
110/07/12,"13,316,459","1,153,024,072",88.00,88.40,85.80,86.00,-0.30,"6,807",
110/07/13,"10,874,017","942,371,842",86.50,87.30,86.00,86.90,+0.90,"5,925",
110/07/14,"9,208,248","805,212,072",87.80,88.40,86.80,87.20,+0.30,"5,194",
110/07/15,"5,736,044","502,952,097",87.90,88.00,87.20,87.90,+0.70,"3,081",
110/07/16,"11,313,149","1,003,660,957",88.30,89.20,88.10,89.00,+1.10,"5,647",
110/07/19,"11,056,891","968,628,158",89.00,89.20,86.50,87.90,-1.10,"5,829",
110/07/20,"7,188,075","620,458,198",87.00,87.50,85.90,86.00,-1.90,"4,456",
110/07/21,"9,012,822","769,995,883",86.60,86.70,84.80,85.60,-0.40,"5,716",
110/07/22,"11,339,841","991,345,912",86.10,87.90,85.80,87.80,+2.20,"6,090",
110/07/23,"5,900,959","520,732,194",88.30,88.80,87.70,88.00,+0.20,"3,769",
110/07/26,"9,083,371","788,031,069",88.70,88.70,86.00,86.20,-1.80,"5,237",
110/07/27,"9,227,656","796,559,872",86.20,87.00,85.70,86.00,-0.20,"3,820",
110/07/28,"15,531,389","1,313,201,417",83.90,85.80,83.20,85.30,X0.00,"7,646",
110/07/29,"7,122,178","612,649,737",85.40,86.50,85.30,86.30,+1.00,"4,089",
110/07/30,"9,351,849","816,609,707",86.80,88.00,86.70,87.00,+0.70,"4,547",
110/08/02,"8,618,882","759,861,881",88.30,88.80,87.30,88.80,+1.80,"4,535",
110/08/03,"6,361,297","560,468,366",88.80,88.80,87.40,88.40,-0.40,"2,980",
110/08/04,"3,349,912","295,010,461",88.00,88.40,87.60,88.30,-0.10,"1,924",
110/08/05,"3,482,473","305,512,721",88.30,88.40,87.20,87.80,-0.50,"2,070",
110/08/06,"6,545,978","575,343,558",87.50,88.60,86.70,88.40,+0.60,"2,798",
110/08/09,"7,064,341","619,126,901",88.10,88.80,86.30,88.30,-0.10,"3,741",
110/08/10,"7,073,962","616,082,269",87.50,88.50,86.70,87.00,-1.30,"3,312",
110/08/11,"6,632,438","579,147,014",87.30,87.80,86.60,87.80,+0.80,"3,305",
110/08/12,"3,908,573","342,222,474",88.10,88.30,86.90,87.80, 0.00,"2,595",
110/08/13,"5,635,911","485,765,653",87.10,87.50,85.70,86.40,-1.40,"3,055",
110/08/16,"5,550,324","478,046,001",85.50,87.00,85.50,85.90,-0.50,"2,806",
110/08/17,"5,701,433","490,965,597",86.00,86.80,85.50,86.10,+0.20,"2,843",
110/08/18,"6,392,260","550,808,906",85.60,86.90,85.10,86.90,+0.80,"3,549",
110/08/19,"9,029,682","764,985,948",86.10,86.70,84.00,84.00,-2.90,"4,833",
110/08/20,"11,496,716","946,397,674",85.00,85.00,81.60,81.90,-2.10,"6,581",
110/08/23,"3,498,353","291,287,530",83.20,83.80,82.70,83.60,+1.70,"2,192",
110/08/24,"4,246,770","358,520,403",84.30,84.90,83.70,84.90,+1.30,"2,234",
110/08/25,"3,474,234","295,359,715",85.00,85.60,84.10,85.20,+0.30,"1,991",
110/08/26,"6,673,916","564,405,815",85.10,85.10,84.10,84.60,-0.60,"2,337",
110/08/27,"5,883,638","504,196,319",84.60,86.30,84.30,86.30,+1.70,"3,343",
110/08/30,"4,920,661","427,701,521",86.50,87.60,86.10,87.60,+1.30,"2,625",
110/08/31,"11,780,036","1,044,386,683",87.50,89.60,86.30,89.60,+2.00,"3,607",
110/09/01,"6,935,173","612,495,243",88.20,88.80,87.60,88.50,-1.10,"3,607",
110/09/02,"3,538,241","310,036,869",88.30,88.60,86.90,87.50,-1.00,"1,898",
110/09/03,"5,293,010","465,485,116",88.00,88.50,87.40,88.00,+0.50,"2,505",
110/09/06,"2,328,625","204,293,032",88.00,88.40,87.10,87.50,-0.50,"1,449",
110/09/07,"5,022,777","440,357,417",87.50,88.40,86.90,87.70,+0.20,"2,743",
110/09/08,"7,392,700","644,884,331",87.50,87.90,86.50,87.40,-0.30,"3,361",
110/09/09,"6,697,366","578,501,837",86.50,87.00,85.50,87.00,-0.40,"3,072",
110/09/10,"3,049,961","267,229,817",87.00,87.90,86.80,87.90,+0.90,"1,701",
110/09/13,"5,478,692","483,285,722",87.70,88.50,87.40,88.50,+0.60,"3,090",
110/09/14,"6,794,775","602,399,088",88.80,89.50,88.20,88.60,+0.10,"3,736",
110/09/15,"7,805,237","693,689,466",88.90,89.30,88.50,88.90,+0.30,"3,854",
110/09/16,"15,776,022","1,423,580,146",89.70,90.60,89.60,90.50,+1.60,"9,907",
110/09/17,"16,430,212","1,482,619,821",90.70,91.30,89.60,89.90,-0.60,"9,985",
110/09/22,"12,554,039","1,099,458,366",88.40,88.50,87.00,87.30,-2.60,"6,279",
110/09/23,"6,649,701","589,366,252",88.20,89.00,87.60,88.90,+1.60,"3,492",
110/09/24,"14,362,839","1,305,597,397",89.50,91.70,89.30,91.30,+2.40,"7,235",
110/09/27,"18,037,384","1,664,399,956",91.30,93.10,90.80,92.10,+0.80,"8,733",
110/09/28,"11,015,346","1,017,146,549",92.00,93.00,91.00,92.80,+0.70,"5,964",
110/09/29,"14,418,116","1,315,166,196",89.80,92.70,89.80,90.80,-2.00,"9,071",
110/09/30,"9,711,326","882,440,006",91.20,91.50,89.50,91.50,+0.70,"5,158",
110/10/01,"12,939,513","1,145,396,419",90.30,90.90,87.50,88.20,-3.30,"7,650",
110/10/04,"9,947,066","868,679,866",88.70,88.80,86.90,87.20,-1.00,"4,154",
110/10/05,"11,598,139","1,020,896,688",87.20,88.90,87.00,88.90,+1.70,"4,941",
110/10/06,"15,651,871","1,406,341,737",89.70,90.90,89.10,90.00,+1.10,"8,243",
110/10/07,"11,980,678","1,080,786,152",90.60,90.80,89.50,90.70,+0.70,"7,343",
110/10/08,"7,710,527","704,193,275",91.40,91.70,90.90,91.30,+0.60,"4,568",
110/10/12,"15,709,240","1,391,240,228",90.00,90.60,87.80,88.60,-2.70,"8,355",
110/10/13,"8,338,918","744,326,480",89.60,90.30,88.50,88.90,+0.30,"4,034",
110/10/14,"4,354,699","386,092,069",89.90,90.00,88.00,88.20,-0.70,"2,666",
110/10/15,"7,105,085","629,716,648",88.50,89.20,87.20,89.20,+1.00,"3,925",
110/10/18,"4,401,877","391,152,128",89.20,90.00,88.40,88.50,-0.70,"2,497",
110/10/19,"5,635,824","502,470,176",89.60,89.60,88.70,88.90,+0.40,"2,982",
110/10/20,"7,471,400","666,299,500",89.30,89.70,88.60,89.10,+0.20,"3,652",
110/10/21,"4,805,949","429,766,935",89.50,89.90,88.90,89.30,+0.20,"2,152",
110/10/22,"4,074,116","361,368,941",89.70,89.70,88.30,88.40,-0.90,"2,261",
110/10/25,"6,287,616","555,867,097",89.10,89.30,87.90,88.20,-0.20,"3,275",
110/10/26,"13,741,002","1,220,218,972",88.60,89.10,88.40,88.80,+0.60,"2,617",
110/10/27,"8,238,103","725,954,350",88.40,89.40,87.70,87.90,-0.90,"4,190",
110/10/28,"12,579,072","1,087,708,265",88.00,88.10,85.90,86.00,-1.90,"7,338",
110/10/29,"8,936,366","761,600,523",86.00,86.00,84.70,85.10,-0.90,"4,579",
110/11/01,"5,870,087","500,259,768",85.80,86.20,84.90,84.90,-0.20,"3,243",
110/11/02,"8,620,738","734,583,460",85.70,85.90,84.70,85.00,+0.10,"3,376",
110/11/03,"7,781,503","658,631,381",84.80,85.50,84.10,84.70,-0.30,"3,838",
110/11/04,"5,755,339","489,165,380",85.20,85.60,84.50,85.10,+0.40,"2,494",
110/11/05,"7,378,035","623,276,739",84.70,85.00,83.90,84.90,-0.20,"4,333",
110/11/08,"8,512,157","726,864,754",85.30,85.90,85.10,85.70,+0.80,"4,803",
110/11/09,"9,688,064","826,977,453",85.80,85.90,84.90,85.80,+0.10,"4,273",
110/11/10,"8,918,228","762,731,279",85.70,86.50,85.10,85.20,-0.60,"4,135",
110/11/11,"11,266,865","961,523,518",85.50,85.70,85.10,85.30,+0.10,"3,590",
110/11/12,"5,968,519","513,092,458",85.70,86.40,85.40,86.00,+0.70,"2,494",
110/11/15,"6,698,115","575,818,098",86.20,86.50,85.70,85.90,-0.10,"3,279",
110/11/16,"7,258,545","622,426,891",85.90,85.90,85.40,85.90, 0.00,"2,423",
110/11/17,"13,546,988","1,153,342,386",85.60,85.80,84.80,85.60,-0.30,"7,990",
110/11/18,"6,912,231","591,211,447",85.20,86.10,85.00,86.00,+0.40,"3,267",
110/11/19,"8,740,365","745,481,738",86.10,86.30,84.80,85.00,-1.00,"3,131",
110/11/22,"6,119,050","521,627,543",85.30,85.70,84.90,85.50,+0.50,"2,340",
110/11/23,"5,644,321","482,474,015",85.50,85.80,85.00,85.60,+0.10,"2,470",
110/11/24,"6,001,325","516,780,170",86.00,86.50,85.50,86.40,+0.80,"3,191",
110/11/25,"4,746,953","409,073,978",86.30,86.40,85.80,86.30,-0.10,"3,278",
110/11/26,"13,815,631","1,167,715,017",85.70,85.70,84.00,84.00,-2.30,"7,702",
110/11/29,"7,735,832","641,490,843",83.00,83.50,82.50,82.70,-1.30,"4,733",
110/11/30,"23,947,529","1,983,068,342",82.60,83.80,82.50,82.50,-0.20,"5,653",
110/12/01,"4,413,764","366,955,926",82.00,83.80,82.00,83.50,+1.00,"2,481",
110/12/02,"4,511,304","377,263,202",83.10,84.00,83.00,83.80,+0.30,"2,317",
110/12/03,"5,438,844","455,325,845",83.60,84.00,83.20,83.60,-0.20,"2,652",
110/12/06,"6,085,677","509,002,556",83.20,84.20,82.70,84.20,+0.60,"2,319",
110/12/07,"7,302,049","614,476,168",84.40,84.70,83.50,84.70,+0.50,"2,730",
110/12/08,"7,386,556","626,948,859",85.00,85.20,84.60,84.60,-0.10,"2,938",
110/12/09,"5,486,560","463,966,054",84.50,85.00,84.20,84.80,+0.20,"2,660",
110/12/10,"3,253,781","275,024,190",84.50,84.90,84.30,84.40,-0.40,"2,204",
110/12/13,"7,261,058","607,232,439",84.50,84.70,83.30,83.30,-1.10,"3,586",
110/12/14,"5,944,876","493,951,655",83.20,83.70,82.80,83.00,-0.30,"2,755",
110/12/15,"6,655,909","554,243,913",83.50,83.80,82.80,83.80,+0.80,"3,388",
110/12/16,"10,972,906","911,387,043",83.80,84.30,82.50,82.70,-1.10,"6,485",
110/12/17,"10,330,466","868,153,495",82.70,84.30,82.70,84.30,+1.60,"4,799",
110/12/20,"5,209,434","437,120,419",83.70,84.70,83.50,83.80,-0.50,"5,372",
110/12/21,"6,147,403","519,867,607",83.70,85.00,83.70,84.40,+0.60,"3,332",
110/12/22,"3,842,170","325,116,147",84.60,85.00,84.20,84.80,+0.40,"1,707",
110/12/23,"4,150,377","353,085,283",85.00,85.40,84.70,85.40,+0.60,"2,255",
110/12/24,"4,649,721","397,939,313",85.50,85.90,85.20,85.90,+0.50,"2,623",
110/12/27,"3,761,209","322,861,892",85.80,86.10,85.50,85.90, 0.00,"2,731",
110/12/28,"4,636,902","398,007,212",85.90,86.20,85.50,86.00,+0.10,"2,799",
110/12/29,"4,136,417","355,571,551",86.20,86.30,85.70,86.00, 0.00,"2,751",
110/12/30,"5,477,453","469,737,517",86.00,86.20,85.40,85.40,-0.60,"2,558",
111/01/03,"6,299,280","542,510,104",85.90,86.60,85.60,86.30,+0.90,"3,291",
111/01/04,"5,712,683","491,207,323",86.00,86.50,85.70,86.20,-0.10,"3,738",
111/01/05,"4,894,852","420,356,267",85.80,86.10,85.50,86.10,-0.10,"2,384",
111/01/06,"7,407,421","637,567,893",86.00,86.40,85.90,86.10, 0.00,"2,691",
111/01/07,"7,826,123","676,795,706",86.50,86.90,86.10,86.50,+0.40,"4,038",
111/01/10,"5,299,730","459,426,023",86.50,86.90,86.30,86.90,+0.40,"3,893",
111/01/11,"8,913,023","775,246,380",87.00,87.20,86.50,87.10,+0.20,"4,046",
111/01/12,"9,642,188","848,178,661",87.50,88.40,87.40,88.40,+1.30,"5,316",
111/01/13,"6,591,296","583,166,866",88.10,88.70,88.00,88.70,+0.30,"4,915",
111/01/14,"8,648,755","758,438,927",88.30,88.50,86.90,87.70,-1.00,"7,294",
111/01/17,"3,025,710","264,505,640",87.80,87.90,87.10,87.50,-0.20,"1,852",
111/01/18,"4,995,515","437,852,402",87.90,88.00,87.30,87.40,-0.10,"3,720",
111/01/19,"6,265,996","548,150,512",87.40,87.90,87.20,87.40, 0.00,"4,706",
111/01/20,"6,902,273","604,160,414",87.50,88.00,87.20,87.40, 0.00,"2,696",
111/01/21,"9,658,763","836,342,404",87.20,87.60,86.00,86.40,-1.00,"6,148",
111/01/24,"5,910,020","512,317,609",86.50,87.00,86.30,87.00,+0.60,"2,726",
111/01/25,"14,772,102","1,260,083,473",86.00,86.10,84.90,85.50,-1.50,"6,795",
111/01/26,"7,756,988","669,625,680",85.50,86.60,85.40,86.40,+0.90,"5,011",
111/02/07,"17,637,484","1,563,017,151",86.30,89.50,86.10,89.50,+3.10,"8,771",
111/02/08,"9,488,618","843,889,770",89.80,89.90,88.60,88.60,-0.90,"9,509",
111/02/09,"4,554,588","404,551,001",88.30,89.20,88.10,89.20,+0.60,"3,766",
111/02/10,"6,638,444","587,189,389",89.00,89.00,88.10,88.60,-0.60,"7,625",
111/02/11,"6,668,541","590,322,552",88.40,88.90,87.90,88.80,+0.20,"4,549",
111/02/14,"8,158,411","716,573,705",88.60,88.60,87.00,88.40,-0.40,"7,695",
111/02/15,"7,607,620","667,990,703",88.50,88.50,87.40,87.40,-1.00,"7,291",
111/02/16,"8,966,671","790,479,426",88.40,88.90,87.20,88.80,+1.40,"6,009",
111/02/17,"7,803,722","692,919,313",89.00,89.20,88.20,88.70,-0.10,"3,538",
111/02/18,"9,014,484","802,774,834",88.90,89.30,88.50,89.10,+0.40,"5,540",
111/02/21,"5,189,117","461,108,083",88.50,89.30,88.30,89.10, 0.00,"3,004",
111/02/22,"9,473,556","832,681,826",88.50,88.80,87.50,88.20,-0.90,"8,451",
111/02/23,"5,403,534","478,279,074",88.30,88.90,88.10,88.60,+0.40,"2,821",
111/02/24,"13,445,777","1,175,348,737",87.60,88.00,87.00,87.10,-1.50,"7,119",
111/02/25,"12,713,104","1,108,265,093",87.30,87.80,86.20,87.70,+0.60,"5,780",
111/03/01,"13,013,531","1,163,818,585",88.90,90.00,88.20,90.00,+2.30,"6,221",
111/03/02,"11,005,540","994,223,287",90.10,91.00,89.50,90.50,+0.50,"6,391",
111/03/03,"7,264,938","661,103,729",90.60,91.50,90.30,91.20,+0.70,"5,104",
111/03/04,"6,994,175","631,345,161",89.60,90.80,89.10,90.70,-0.50,"4,056",
111/03/07,"11,383,671","1,006,018,507",89.20,89.80,87.60,88.40,-2.30,"13,152",
111/03/08,"10,378,118","905,495,996",88.40,89.00,86.60,86.60,-1.80,"12,106",
111/03/09,"7,920,416","696,755,206",87.70,88.40,87.40,88.00,+1.40,"5,239",
111/03/10,"9,506,714","849,497,565",88.60,89.80,88.40,89.60,+1.60,"6,048",
111/03/11,"10,568,880","950,167,565",90.40,90.40,89.40,89.80,+0.20,"8,299",
111/03/14,"15,116,588","1,378,847,256",91.70,91.80,90.60,91.20,+1.40,"8,483",
111/03/15,"8,929,915","812,267,399",91.00,91.50,90.50,90.80,-0.40,"4,667",
111/03/16,"10,625,442","968,684,762",91.00,91.60,90.70,91.50,+0.70,"7,266",
111/03/17,"14,355,884","1,319,919,635",92.50,92.80,91.30,91.90,+0.40,"9,216",
111/03/18,"17,502,179","1,605,911,206",91.70,92.80,91.30,91.30,-0.60,"6,007",
111/03/21,"6,118,081","563,341,475",91.40,92.40,91.40,92.10,+0.80,"4,053",
111/03/22,"6,673,340","614,464,602",92.10,92.40,91.80,92.40,+0.30,"2,810",
111/03/23,"6,714,522","621,062,533",92.20,92.80,92.00,92.50,+0.10,"4,085",
111/03/24,"4,592,633","423,133,190",92.00,92.50,91.80,92.40,-0.10,"3,206",
111/03/25,"4,255,925","392,080,304",91.70,92.50,91.60,92.40, 0.00,"2,878",
111/03/28,"5,042,428","463,174,671",91.30,92.30,91.10,92.20,-0.20,"4,568",
111/03/29,"6,866,212","633,458,823",91.90,92.60,91.60,92.50,+0.30,"6,254",
111/03/30,"11,933,651","1,112,794,044",92.60,93.50,92.50,93.50,+1.00,"9,837",
111/03/31,"6,728,100","627,335,032",93.50,93.80,93.00,93.20,-0.30,"3,377",
111/04/01,"6,506,590","604,539,150",92.10,93.50,91.70,93.50,+0.30,"3,509",
111/04/06,"7,539,534","700,268,449",92.70,93.60,92.00,93.60,+0.10,"6,896",
111/04/07,"9,691,609","905,203,071",93.00,94.00,92.60,93.10,-0.50,"4,363",
111/04/08,"4,837,045","450,442,745",93.10,93.80,92.60,93.40,+0.30,"4,085",
111/04/11,"6,191,410","572,168,171",92.70,93.30,91.90,92.10,-1.30,"6,209",
111/04/12,"10,389,028","945,830,083",91.50,92.00,90.50,91.30,-0.80,"8,080",
111/04/13,"11,650,052","1,053,808,736",90.70,91.20,89.80,90.40,-0.90,"10,045",
111/04/14,"11,693,888","1,048,551,699",90.20,90.30,89.40,89.70,-0.70,"6,130",
111/04/15,"7,676,038","683,290,719",89.50,89.60,88.70,88.80,-0.90,"5,101",
111/04/18,"9,280,694","815,364,566",88.10,88.40,87.40,87.80,-1.00,"6,861",
111/04/19,"9,755,924","860,587,517",88.30,88.80,88.00,88.00,+0.20,"4,040",
111/04/20,"9,378,308","828,440,617",88.00,88.90,87.80,88.70,+0.70,"4,055",
111/04/21,"6,510,850","576,373,026",88.80,88.90,88.30,88.30,-0.40,"2,735",
111/04/22,"8,142,220","714,667,218",88.10,88.10,87.60,87.60,-0.70,"4,145",
111/04/25,"12,236,625","1,052,763,081",86.70,86.90,85.60,85.90,-1.70,"7,760",
111/04/26,"8,317,388","717,263,124",86.00,86.50,86.00,86.30,+0.40,"4,383",
111/04/27,"8,182,396","697,488,955",85.70,85.70,85.00,85.10,-1.20,"5,333",
111/04/28,"8,265,631","705,764,663",85.40,85.80,85.20,85.50,+0.40,"3,705",
111/04/29,"7,321,232","631,992,865",85.50,86.80,85.50,86.70,+1.20,"2,912",
111/05/03,"5,355,831","462,989,159",87.00,87.10,86.00,86.50,-0.20,"3,155",
111/05/04,"5,175,695","448,259,960",86.60,86.80,86.50,86.60,+0.10,"2,209",
111/05/05,"6,354,600","552,528,330",87.10,87.30,86.60,87.10,+0.50,"4,039",
111/05/06,"7,851,775","676,299,760",86.00,86.60,85.70,86.60,-0.50,"4,447",
111/05/09,"8,508,351","721,871,639",84.60,85.20,84.40,84.70,-1.90,"4,034",
111/05/10,"9,328,090","785,888,020",84.60,84.70,83.90,84.40,-0.30,"4,491",
111/05/11,"7,624,214","640,997,951",83.90,84.40,83.70,84.40, 0.00,"4,114",
111/05/12,"9,829,389","815,725,776",84.00,84.00,82.10,82.10,-2.30,"7,203",
111/05/13,"12,540,075","1,027,286,917",82.70,82.70,81.50,82.00,-0.10,"6,207",
111/05/16,"10,305,527","839,848,188",82.60,82.60,81.00,81.20,-0.80,"5,929",
111/05/17,"12,570,027","1,018,933,755",81.50,81.60,80.80,81.30,+0.10,"6,818",
111/05/18,"17,414,138","1,428,661,119",81.40,82.80,81.30,82.50,+1.20,"8,551",
111/05/19,"7,139,222","581,062,876",82.00,82.00,81.00,81.40,-1.10,"4,683",
111/05/20,"8,428,546","688,771,304",81.90,82.10,81.40,82.10,+0.70,"4,079",
111/05/23,"7,627,468","625,818,203",83.10,83.20,81.60,82.20,+0.10,"3,732",
111/05/24,"7,560,880","617,040,011",82.00,82.30,81.30,81.30,-0.90,"3,917",
111/05/25,"8,426,948","688,255,717",81.90,82.00,81.30,82.00,+0.70,"3,277",
111/05/26,"6,910,739","566,261,837",82.50,82.70,81.50,81.70,-0.30,"3,490",
111/05/27,"9,005,898","739,804,480",82.40,82.40,81.80,82.30,+0.60,"4,112",
111/05/30,"12,651,280","1,053,393,322",82.90,83.90,82.50,83.90,+1.60,"5,945",
111/05/31,"55,617,884","4,727,430,038",83.90,85.30,83.30,85.30,+1.40,"6,674",
111/06/01,"10,135,941","858,586,567",84.50,85.30,84.10,84.60,-0.70,"7,832",
111/06/02,"5,916,361","497,975,155",84.00,84.80,83.40,84.50,-0.10,"3,509",
111/06/06,"6,849,890","578,930,926",85.10,85.20,83.90,84.60,+0.10,"2,948",
111/06/07,"6,011,453","506,862,643",84.30,84.70,83.90,84.30,-0.30,"3,506",
111/06/08,"5,833,660","493,559,964",84.50,84.90,84.40,84.50,+0.20,"2,652",
111/06/09,"6,979,333","590,949,292",84.40,85.00,84.10,84.80,+0.30,"2,514",
111/06/10,"5,291,477","447,541,399",84.00,84.90,84.00,84.70,-0.10,"2,625",
111/06/13,"10,348,846","861,033,556",83.70,83.90,82.70,83.30,-1.40,"6,367",
111/06/14,"6,004,551","498,943,430",83.40,83.50,82.70,82.90,-0.40,"4,134",
111/06/15,"9,327,185","778,386,775",82.90,84.10,82.80,83.40,+0.50,"4,803",
111/06/16,"6,986,631","584,084,315",84.20,84.30,83.10,83.20,-0.20,"3,693",
111/06/17,"11,030,147","916,342,788",83.00,83.50,82.70,83.00,-0.20,"3,962",
111/06/20,"7,317,547","604,168,215",82.90,83.20,82.10,82.10,-0.90,"3,851",
111/06/21,"10,860,805","908,402,078",83.70,84.40,82.70,83.70,+1.60,"4,252",
111/06/22,"8,296,983","694,101,177",83.70,84.30,83.10,83.50,-0.20,"6,150",
111/06/23,"8,892,694","744,115,297",84.30,84.80,83.10,83.30,-0.20,"4,938",
111/06/24,"8,045,774","679,096,355",84.50,84.70,83.60,84.70,+1.40,"5,045",
111/06/27,"8,964,489","762,613,382",85.30,85.60,84.70,84.70, 0.00,"5,414",
111/06/28,"6,464,242","547,360,567",84.40,85.00,84.20,84.80,+0.10,"4,929",
111/06/29,"8,770,956","744,241,181",84.80,85.00,84.50,84.60,-0.20,"4,672",
111/06/30,"10,603,241","886,258,811",84.60,84.70,83.00,83.00,-1.60,"7,101",
111/07/01,"14,767,565","1,224,385,169",83.00,83.60,82.40,82.70,-0.30,"6,928",
111/07/04,"17,508,822","1,450,669,128",83.20,83.60,82.60,82.60,-0.10,"5,397",
111/07/05,"25,886,927","2,116,264,725",84.00,84.00,80.60,80.60,-2.00,"11,600",
111/07/06,"46,271,055","3,189,079,980",69.00,70.00,67.00,67.00,X0.00,"20,198",
111/07/07,"22,586,751","1,469,677,419",66.80,66.80,64.00,65.00,-2.00,"13,654",
111/07/08,"18,427,512","1,199,578,166",65.50,66.00,64.30,65.00, 0.00,"10,340",
111/07/11,"17,416,773","1,118,702,554",65.10,65.20,63.60,63.60,-1.40,"9,319",
111/07/12,"28,064,935","1,715,044,862",62.90,62.90,60.10,60.60,-3.00,"16,119",
111/07/13,"21,143,612","1,316,042,975",62.60,63.30,61.60,62.00,+1.40,"10,354",
111/07/14,"13,986,438","874,027,893",62.00,63.40,61.20,62.70,+0.70,"6,736",
111/07/15,"9,836,665","615,660,384",62.50,63.00,62.10,62.60,-0.10,"5,474",
111/07/18,"11,517,631","723,063,905",62.60,63.10,62.10,62.90,+0.30,"6,316",
111/07/19,"11,202,670","712,627,839",62.90,64.30,62.60,63.70,+0.80,"5,280",
111/07/20,"13,498,256","861,868,737",64.30,64.50,63.30,63.30,-0.40,"7,720",
111/07/21,"11,886,186","766,984,234",63.70,65.30,63.50,65.00,+1.70,"6,500",
111/07/22,"9,862,302","639,417,360",65.00,65.30,64.30,64.70,-0.30,"6,158",
111/07/25,"6,110,958","398,198,242",64.70,65.80,64.50,65.60,+0.90,"3,838",
111/07/26,"7,110,055","467,858,189",65.30,66.20,65.20,65.70,+0.10,"3,968",
111/07/27,"4,449,808","292,789,528",65.70,66.20,65.50,65.90,+0.20,"2,476",
111/07/28,"5,509,187","365,515,447",66.30,66.60,66.00,66.60,+0.70,"3,336",
111/07/29,"7,578,422","508,766,869",67.20,67.40,66.80,67.30,+0.70,"3,606",
111/08/01,"6,076,348","414,741,538",67.50,68.70,67.30,68.50,+1.20,"4,703",
111/08/02,"15,777,139","1,059,489,806",67.70,68.20,66.50,67.70,-0.80,"8,606",
111/08/03,"8,924,565","599,852,312",67.10,67.80,66.70,67.70, 0.00,"4,838",
111/08/04,"10,421,991","699,879,895",67.40,67.90,66.30,67.30,-0.40,"5,229",
111/08/05,"5,811,571","393,263,869",67.90,68.00,67.40,67.60,+0.30,"3,313",
111/08/08,"3,907,804","262,468,216",67.50,67.50,67.00,67.20,-0.40,"2,311",
111/08/09,"6,238,700","416,429,790",66.70,67.30,66.30,67.00,-0.20,"3,667",
111/08/10,"5,527,667","371,765,432",66.80,67.70,66.50,67.70,+0.70,"3,636",
111/08/11,"6,055,179","415,269,632",68.40,68.90,68.00,68.90,+1.20,"3,542",
111/08/12,"6,065,897","422,343,840",69.00,70.00,69.00,69.60,+0.70,"4,608",
111/08/15,"6,456,833","454,712,410",70.00,70.80,69.90,70.60,+1.00,"4,809",
111/08/16,"5,482,315","386,544,419",71.00,71.10,70.20,70.40,-0.20,"3,685",
111/08/17,"6,423,686","453,380,959",70.40,70.90,70.20,70.80,+0.40,"3,542",
111/08/18,"3,624,244","255,093,506",70.30,70.70,69.90,70.60,-0.20,"2,174",
111/08/19,"4,007,150","283,208,100",70.10,71.00,70.10,71.00,+0.40,"2,520",
111/08/22,"3,968,292","280,606,183",70.20,71.00,70.10,70.90,-0.10,"2,368",
111/08/23,"4,300,581","302,170,406",70.50,70.60,70.10,70.10,-0.80,"2,692",
111/08/24,"3,935,992","276,637,101",70.20,70.80,70.00,70.10, 0.00,"2,250",
111/08/25,"2,959,577","209,025,266",70.20,70.80,70.20,70.80,+0.70,"1,667",
111/08/26,"4,345,644","306,223,433",70.60,70.80,70.20,70.20,-0.60,"2,396",
111/08/29,"8,751,323","601,552,057",68.30,69.20,68.00,68.70,-1.50,"5,147",
111/08/30,"8,662,526","594,608,903",68.30,69.30,68.20,68.60,-0.10,"4,686",
111/08/31,"7,145,966","491,062,405",68.30,69.10,68.30,68.70,+0.10,"2,437",
111/09/01,"9,046,061","612,533,243",67.70,68.70,67.30,67.80,-0.90,"5,406",
111/09/02,"6,008,826","404,306,834",67.80,67.90,67.00,67.00,-0.80,"4,363",
111/09/05,"5,595,736","374,930,229",67.00,67.50,66.50,67.10,+0.10,"2,695",
111/09/06,"3,579,272","241,713,441",67.70,67.80,67.10,67.80,+0.70,"2,451",
111/09/07,"7,314,074","489,997,673",67.00,67.50,66.80,66.80,-1.00,"4,648",
111/09/08,"3,936,154","264,108,104",67.10,67.40,66.70,67.20,+0.40,"2,304",
111/09/12,"4,586,082","313,041,836",67.50,68.70,67.50,68.70,+1.50,"2,581",
111/09/13,"3,506,164","241,440,315",69.50,69.50,68.50,68.80,+0.10,"2,262",
111/09/14,"6,186,661","419,415,662",67.60,68.30,67.40,67.60,-1.20,"3,362",
111/09/15,"6,331,587","431,084,015",67.40,68.70,67.30,68.40,+0.80,"3,320",
111/09/16,"14,620,536","996,671,156",67.50,68.40,67.40,68.40, 0.00,"3,811",
111/09/19,"4,312,672","291,527,490",68.30,68.30,67.20,67.40,-1.00,"2,666",
111/09/20,"5,147,491","346,484,468",67.50,67.80,67.00,67.20,-0.20,"2,844",
111/09/21,"5,772,902","387,778,962",67.00,67.50,66.90,67.30,+0.10,"3,744",
111/09/22,"8,384,011","556,676,518",66.60,67.00,66.00,66.40,-0.90,"4,639",
111/09/23,"4,729,911","316,999,035",66.40,67.40,66.30,67.10,+0.70,"2,667",
111/09/26,"7,908,277","525,627,653",66.50,67.20,66.00,66.20,-0.90,"3,806",
111/09/27,"5,823,360","387,522,451",67.00,67.40,66.20,66.20, 0.00,"3,106",
111/09/28,"7,805,926","510,164,187",66.60,66.70,65.10,65.10,-1.10,"4,324",
111/09/29,"12,116,915","793,226,340",66.00,66.00,64.90,65.70,+0.60,"4,787",
111/09/30,"10,219,378","680,216,802",65.70,67.10,65.30,66.90,+1.20,"4,431",
111/10/03,"5,454,732","368,188,056",66.10,67.90,66.10,67.70,+0.80,"3,986",
111/10/04,"5,380,879","365,096,113",67.90,68.40,67.40,67.80,+0.10,"4,352",
111/10/05,"5,490,728","373,818,640",67.40,68.30,67.40,68.30,+0.50,"2,958",
111/10/06,"5,733,866","387,952,406",68.40,68.40,67.40,67.60,-0.70,"2,615",
111/10/07,"3,098,456","208,180,595",67.00,67.60,67.00,67.00,-0.60,"1,847",
111/10/11,"8,998,929","597,966,867",66.00,67.10,65.70,66.10,-0.90,"4,697",
111/10/12,"8,340,377","541,403,631",65.80,66.10,64.00,65.10,-1.00,"5,464",
111/10/13,"12,429,262","789,315,507",64.30,64.70,62.60,63.80,-1.30,"7,474",
111/10/14,"9,895,109","639,727,665",64.20,65.30,64.10,64.20,+0.40,"4,205",
111/10/17,"9,031,834","582,713,967",63.60,65.30,63.10,64.50,+0.30,"4,889",
111/10/18,"10,558,408","698,957,126",65.20,67.00,65.00,66.80,+2.30,"5,940",
111/10/19,"8,324,788","552,961,605",66.00,67.00,65.80,66.10,-0.70,"5,798",
111/10/20,"25,088,677","1,681,196,115",64.60,67.80,64.50,67.60,+1.50,"6,572",
111/10/21,"5,185,389","350,600,714",66.80,68.30,66.70,67.60, 0.00,"3,734",
111/10/24,"7,808,299","533,549,865",68.70,68.80,67.70,68.50,+0.90,"3,984",
111/10/25,"6,869,303","470,447,672",69.00,69.00,67.90,68.40,-0.10,"3,902",
111/10/26,"6,229,819","427,388,271",68.70,69.00,68.00,68.60,+0.20,"4,039",
111/10/27,"7,086,738","488,446,861",68.70,69.50,68.50,68.60, 0.00,"4,053",
111/10/28,"6,480,305","442,381,455",69.00,69.00,67.60,68.30,-0.30,"4,467",
111/10/31,"5,000,159","342,297,017",68.40,68.90,68.20,68.30, 0.00,"2,695",
111/11/01,"4,379,978","300,934,337",68.30,69.00,67.80,68.70,+0.40,"2,486",
111/11/02,"4,690,826","322,036,033",68.90,69.20,68.30,68.50,-0.20,"4,593",
111/11/03,"9,949,361","679,565,540",68.00,68.80,67.90,68.70,+0.20,"3,835",
111/11/04,"8,967,537","608,353,083",68.20,68.50,67.40,67.90,-0.80,"4,115",
111/11/07,"9,622,109","667,086,566",68.70,70.00,68.60,70.00,+2.10,"4,945",
111/11/08,"6,252,125","439,649,914",70.50,70.70,69.90,70.50,+0.50,"3,615",
111/11/09,"5,568,943","392,751,928",70.10,70.70,70.00,70.70,+0.20,"3,429",
111/11/10,"4,863,601","343,810,698",70.90,71.10,70.20,70.60,-0.10,"2,811",
111/11/11,"12,970,368","936,747,665",71.60,72.70,71.60,72.60,+2.00,"6,419",
111/11/14,"13,562,148","999,738,156",72.90,74.00,72.60,74.00,+1.40,"6,203",
111/11/15,"8,262,941","610,829,896",74.00,74.30,73.30,74.20,+0.20,"5,173",
111/11/16,"10,679,028","779,658,424",73.80,73.90,72.40,72.40,-1.80,"9,553",
111/11/17,"5,525,050","402,591,546",72.60,73.40,72.00,73.00,+0.60,"3,359",
111/11/18,"5,160,622","377,236,450",72.60,73.50,72.50,73.20,+0.20,"3,254",
111/11/21,"6,285,197","462,574,674",73.20,73.90,72.80,73.90,+0.70,"3,215",
111/11/22,"12,433,589","933,226,675",74.10,75.80,73.60,75.80,+1.90,"6,740",
111/11/23,"11,351,877","868,254,156",76.30,77.00,76.00,76.30,+0.50,"6,404",
111/11/24,"13,048,075","1,007,045,248",76.80,77.60,76.40,77.10,+0.80,"7,089",
111/11/25,"11,101,186","862,141,700",77.40,78.30,77.10,77.10, 0.00,"5,703",
111/11/28,"13,116,649","999,441,743",76.00,77.40,75.10,76.00,-1.10,"9,147",
111/11/29,"9,570,655","733,130,632",76.60,77.10,75.60,76.70,+0.70,"4,444",
111/11/30,"14,827,526","1,138,686,595",76.10,77.30,76.10,76.90,+0.20,"6,796",
111/12/01,"10,587,340","824,117,969",77.70,78.60,77.30,77.60,+0.70,"6,187",
111/12/02,"6,534,938","506,048,543",77.50,77.90,77.00,77.10,-0.50,"5,023",
111/12/05,"7,592,939","587,047,033",77.20,78.10,76.70,76.70,-0.40,"6,142",
111/12/06,"8,013,859","609,041,062",76.60,77.00,75.40,75.80,-0.90,"4,762",
111/12/07,"9,545,985","721,094,922",75.60,76.10,75.10,75.20,-0.60,"4,011",
111/12/08,"10,590,585","781,564,604",74.60,75.10,73.30,73.30,-1.90,"5,004",
111/12/09,"9,506,996","701,078,450",73.40,74.30,73.40,73.50,+0.20,"4,196",
111/12/12,"8,071,324","589,677,002",73.50,73.60,72.20,73.30,-0.20,"3,309",
111/12/13,"8,716,028","634,333,804",73.50,73.60,72.50,72.60,-0.70,"4,010",
111/12/14,"8,159,226","603,909,652",73.50,74.60,73.00,73.90,+1.30,"3,446",
111/12/15,"6,109,934","453,234,672",73.60,74.70,73.40,74.10,+0.20,"3,851",
111/12/16,"26,971,481","1,964,800,877",72.70,73.90,72.50,72.50,-1.60,"8,108",
111/12/19,"16,936,356","1,213,789,215",72.00,72.60,71.30,71.50,-1.00,"6,337",
111/12/20,"17,178,167","1,213,176,906",71.10,72.10,70.30,70.30,-1.20,"5,630",
111/12/21,"15,357,626","1,083,264,806",70.10,71.10,70.10,70.50,+0.20,"4,992",
111/12/22,"14,484,930","1,031,812,674",71.10,71.40,70.50,71.40,+0.90,"3,754",
111/12/23,"4,616,159","325,315,312",70.40,70.90,70.30,70.30,-1.10,"2,796",
111/12/26,"2,968,226","211,102,887",70.40,71.40,70.40,71.40,+1.10,"1,639",
111/12/27,"2,554,668","183,539,564",71.50,72.10,71.40,71.70,+0.30,"1,540",
111/12/28,"3,581,905","255,797,547",70.90,71.90,70.60,71.40,-0.30,"2,228",
111/12/29,"5,839,581","412,006,937",70.80,71.30,70.20,70.40,-1.00,"3,142",
111/12/30,"3,480,994","248,081,924",70.80,71.70,70.80,71.00,+0.60,"1,883",
112/01/03,"4,595,459","326,528,572",70.40,71.90,70.10,71.90,+0.90,"2,407",
112/01/04,"2,502,972","178,861,341",71.90,71.90,71.20,71.50,-0.40,"1,533",
112/01/05,"3,064,968","220,939,322",71.50,72.40,71.50,72.10,+0.60,"1,677",
112/01/06,"3,366,416","244,199,433",72.10,73.00,71.80,72.80,+0.70,"2,247",
112/01/09,"10,440,455","773,810,366",73.90,74.80,73.20,74.80,+2.00,"5,086",
112/01/10,"5,820,995","432,301,753",74.90,74.90,73.70,74.50,-0.30,"5,050",
112/01/11,"5,434,887","401,022,752",73.40,74.20,73.20,74.00,-0.50,"3,563",
112/01/12,"3,559,129","264,228,051",74.10,74.40,74.00,74.30,+0.30,"2,257",
112/01/13,"4,304,025","319,931,148",73.20,74.80,73.20,74.30, 0.00,"2,436",
112/01/16,"4,152,850","310,920,973",74.70,75.30,74.40,74.70,+0.40,"3,241",
112/01/17,"5,656,776","422,992,776",74.70,75.10,74.10,75.00,+0.30,"3,329",
112/01/30,"14,080,975","1,072,397,053",76.50,77.00,74.90,77.00,+2.00,"8,865",
112/01/31,"8,064,106","611,512,838",76.40,76.80,75.10,75.40,-1.60,"6,813",
112/02/01,"4,657,350","350,598,886",75.20,75.80,74.90,75.40, 0.00,"3,585",
112/02/02,"7,234,968","541,442,000",74.60,75.40,74.20,75.20,-0.20,"3,309",
112/02/03,"3,487,340","260,204,191",74.70,74.90,74.30,74.60,-0.60,"2,252",
112/02/06,"4,382,079","326,615,081",74.10,75.20,74.10,74.40,-0.20,"2,074",
112/02/07,"4,477,293","337,037,294",74.80,75.70,74.80,75.30,+0.90,"2,618",
112/02/08,"3,247,545","243,200,368",75.00,75.30,74.70,74.70,-0.60,"2,124",
112/02/09,"2,340,666","175,019,579",74.40,75.10,74.40,74.80,+0.10,"1,333",
112/02/10,"3,015,307","224,605,571",74.20,74.90,74.20,74.40,-0.40,"1,388",
112/02/13,"4,084,427","306,177,658",74.50,75.40,74.00,75.30,+0.90,"1,885",
112/02/14,"2,299,323","173,906,331",75.50,76.00,75.30,75.50,+0.20,"1,531",
112/02/15,"3,914,708","293,023,892",75.80,75.90,74.40,74.70,-0.80,"2,579",
112/02/16,"3,450,126","260,211,966",75.20,75.70,75.00,75.40,+0.70,"1,782",
112/02/17,"3,045,676","229,346,733",75.00,75.70,74.90,75.70,+0.30,"1,794",
112/02/20,"1,737,635","131,465,089",75.20,75.80,75.20,75.80,+0.10,"1,336",
112/02/21,"1,999,262","151,658,238",75.80,76.00,75.40,76.00,+0.20,"1,424",
112/02/22,"3,752,217","283,627,448",75.40,76.10,74.90,76.00, 0.00,"2,617",
112/02/23,"4,216,620","321,650,183",76.20,76.60,75.60,76.10,+0.10,"2,485",
112/02/24,"7,708,508","583,688,107",76.40,76.60,75.60,75.60,-0.50,"3,102",
112/03/01,"5,764,792","430,938,209",74.50,75.30,74.50,74.70,-0.90,"4,035",
112/03/02,"3,922,823","293,532,283",74.70,75.50,74.20,75.10,+0.40,"2,536",
112/03/03,"1,561,654","117,374,558",75.60,75.60,75.00,75.10, 0.00,"1,345",
112/03/06,"3,941,816","298,669,512",75.90,76.40,75.20,75.70,+0.60,"2,109",
112/03/07,"3,442,315","261,554,963",75.70,76.20,75.50,76.20,+0.50,"2,140",
112/03/08,"4,742,205","359,491,752",75.70,76.10,75.20,76.10,-0.10,"2,560",
112/03/09,"6,557,145","491,626,972",75.60,75.70,74.60,74.60,-1.50,"4,324",
112/03/10,"8,007,048","594,852,474",73.80,74.50,73.70,74.00,-0.60,"4,815",
112/03/13,"5,465,470","407,502,748",74.20,75.10,73.60,74.70,+0.70,"2,564",
112/03/14,"6,529,867","484,631,300",73.60,74.90,73.60,74.10,-0.60,"3,400",
112/03/15,"5,352,355","400,015,635",73.80,75.10,73.80,74.50,+0.40,"3,169",
112/03/16,"4,989,667","372,768,885",74.50,75.00,74.00,74.90,+0.40,"2,930",
112/03/17,"12,078,236","918,774,247",74.90,76.50,74.80,76.50,+1.60,"4,627",
112/03/20,"2,968,403","224,526,694",76.40,76.40,75.30,75.40,-1.10,"4,414",
112/03/21,"1,829,099","138,286,641",75.60,76.00,75.40,75.50,+0.10,"1,611",
112/03/22,"3,299,710","250,402,422",75.70,76.20,75.20,75.90,+0.40,"2,064",
112/03/23,"4,365,690","333,758,709",76.20,76.80,75.50,76.60,+0.70,"2,529",
112/03/24,"4,092,386","314,134,419",77.00,77.00,76.20,76.80,+0.20,"2,647",
112/03/27,"4,161,020","320,807,327",76.80,77.50,76.60,77.30,+0.50,"2,511",
112/03/28,"3,999,625","308,554,236",77.50,77.70,76.80,77.20,-0.10,"2,799",
112/03/29,"4,893,359","380,609,319",77.50,78.00,77.40,78.00,+0.80,"3,445",
112/03/30,"4,039,327","314,139,593",78.00,78.10,77.30,78.00, 0.00,"3,106",
112/03/31,"5,377,207","417,851,979",78.00,78.10,77.40,77.50,-0.50,"3,967",
112/04/06,"4,271,037","329,994,886",78.00,78.00,76.60,77.30,-0.20,"4,045",
112/04/07,"2,401,165","185,915,228",77.60,77.70,77.10,77.50,+0.20,"1,899",
112/04/10,"3,000,987","232,535,076",77.60,78.00,77.10,77.70,+0.20,"3,120",
112/04/11,"5,290,984","411,599,456",77.80,78.20,77.50,77.90,+0.20,"3,474",
112/04/12,"4,650,534","361,954,437",77.80,78.00,77.50,77.90, 0.00,"2,522",
112/04/13,"4,574,473","356,133,192",78.00,78.20,77.40,77.90, 0.00,"3,139",
112/04/14,"4,171,251","324,137,328",77.40,77.90,77.30,77.90, 0.00,"3,503",
112/04/17,"3,293,436","255,923,774",78.00,78.00,77.50,77.70,-0.20,"2,360",
112/04/18,"3,335,465","259,142,310",77.50,77.90,77.00,77.90,+0.20,"2,097",
112/04/19,"3,780,267","292,313,661",77.90,78.00,76.70,77.00,-0.90,"3,166",
112/04/20,"3,218,955","247,393,575",76.50,77.30,76.20,77.00, 0.00,"1,945",
112/04/21,"7,352,487","571,937,174",77.50,77.90,77.10,77.90,+0.90,"4,114",
112/04/24,"7,962,047","621,488,707",77.70,78.30,77.50,78.00,+0.10,"4,423",
112/04/25,"7,380,749","572,049,989",78.10,78.20,76.90,77.40,-0.60,"4,473",
112/04/26,"7,117,499","554,152,390",77.50,78.00,77.30,78.00,+0.60,"4,216",
112/04/27,"7,052,201","548,048,758",77.60,78.00,77.30,77.70,-0.30,"3,835",
112/04/28,"5,387,060","419,764,988",78.20,78.20,77.50,78.00,+0.30,"2,082",
112/05/02,"4,427,046","343,127,934",78.00,78.10,77.10,77.50,-0.50,"2,823",
112/05/03,"2,726,828","210,665,015",77.50,77.60,77.00,77.10,-0.40,"1,938",
112/05/04,"3,088,053","239,347,567",77.50,77.80,77.20,77.60,+0.50,"1,622",
112/05/05,"2,421,212","187,599,653",77.90,77.90,77.20,77.50,-0.10,"1,385",
112/05/08,"3,539,856","274,923,033",77.70,77.90,77.40,77.70,+0.20,"1,774",
112/05/09,"4,578,859","357,673,792",77.90,78.50,77.50,78.50,+0.80,"2,310",
112/05/10,"3,784,930","293,098,904",78.40,78.40,77.10,77.50,-1.00,"2,410",
112/05/11,"2,552,158","198,097,048",77.50,77.80,77.20,77.70,+0.20,"1,596",
112/05/12,"3,682,261","284,208,789",77.50,77.50,76.70,77.30,-0.40,"2,160",
112/05/15,"3,196,488","247,926,254",76.70,78.00,76.70,77.70,+0.40,"1,842",
112/05/16,"6,609,774","518,549,120",78.30,78.90,77.70,78.80,+1.10,"4,042",
112/05/17,"10,796,566","858,192,082",78.70,80.20,78.40,79.90,+1.10,"5,894",
112/05/18,"8,391,281","673,027,192",80.00,80.80,79.90,80.20,+0.30,"4,404",
112/05/19,"6,754,229","542,617,349",80.20,80.60,80.00,80.60,+0.40,"3,574",
112/05/22,"6,245,764","503,828,993",80.50,81.00,80.00,80.70,+0.10,"3,776",
112/05/23,"5,991,968","482,739,319",81.00,81.20,80.00,80.70, 0.00,"3,951",
112/05/24,"4,849,381","389,521,574",80.80,80.90,80.10,80.90,+0.20,"3,142",
112/05/25,"5,747,904","459,977,426",80.30,80.90,79.60,79.60,-1.30,"5,176",
112/05/26,"6,566,638","515,472,763",78.50,79.10,77.60,78.80,-0.80,"6,287",
112/05/29,"5,111,712","403,342,358",79.00,79.40,78.40,78.40,-0.40,"4,210",
112/05/30,"7,393,316","580,441,823",78.40,79.30,78.10,78.10,-0.30,"6,625",
112/05/31,"14,967,758","1,165,336,109",78.70,78.90,77.70,77.70,-0.40,"5,569",
112/06/01,"4,739,328","368,857,253",78.30,78.40,77.60,77.60,-0.10,"3,316",
112/06/02,"5,895,484","460,997,734",78.20,78.60,77.70,78.10,+0.50,"3,061",
112/06/05,"2,894,208","227,734,916",78.20,78.90,78.20,78.70,+0.60,"2,003",
112/06/06,"5,366,921","425,288,123",78.80,79.80,78.60,79.20,+0.50,"3,748",
112/06/07,"4,879,724","388,031,844",79.60,79.80,79.00,79.50,+0.30,"3,041",
112/06/08,"2,560,803","203,533,081",79.60,79.80,79.10,79.30,-0.20,"2,791",
112/06/09,"3,774,366","301,235,836",79.70,80.00,79.30,79.90,+0.60,"3,073",
112/06/12,"2,363,858","188,675,063",79.90,80.00,79.50,79.70,-0.20,"1,725",
112/06/13,"5,242,802","416,784,528",79.50,79.90,79.20,79.20,-0.50,"3,697",
112/06/14,"3,728,042","296,293,980",79.20,79.90,79.10,79.20, 0.00,"2,853",
112/06/15,"3,935,931","312,485,734",79.30,79.80,78.70,79.40,+0.20,"2,487",
112/06/16,"12,152,911","972,895,278",79.40,80.40,79.20,80.10,+0.70,"3,775",
112/06/19,"3,049,798","241,523,831",79.40,79.70,79.00,79.00,-1.10,"1,979",
112/06/20,"4,868,460","382,186,319",79.20,79.30,78.20,78.50,-0.50,"2,605",
112/06/21,"4,947,074","387,255,798",78.50,78.60,77.90,78.60,+0.10,"3,084",
112/06/26,"5,914,443","461,345,098",78.90,78.90,77.70,78.00,-0.60,"2,925",
112/06/27,"5,144,966","400,809,763",77.70,77.90,77.10,77.10,-0.90,"2,969",
112/06/28,"8,269,981","629,763,862",76.80,76.80,75.80,76.10,-1.00,"4,865",
112/06/29,"9,597,470","701,626,803",73.50,73.90,72.80,72.80,X0.00,"6,361",
112/06/30,"6,592,620","478,429,399",72.50,73.20,72.30,72.50,-0.30,"3,499",
112/07/03,"4,146,089","300,287,922",72.50,73.00,72.10,72.10,-0.40,"3,067",
112/07/04,"8,691,657","618,766,446",71.90,71.90,70.80,70.90,-1.20,"6,583",
112/07/05,"5,583,115","395,493,273",70.90,71.40,70.50,70.80,-0.10,"3,745",
112/07/06,"12,312,887","856,381,760",70.40,70.60,69.00,69.20,-1.60,"9,509",
112/07/07,"7,035,905","484,030,221",69.00,69.50,68.50,68.70,-0.50,"4,728",
112/07/10,"6,377,025","440,080,387",68.50,69.40,68.50,69.00,+0.30,"4,095",
112/07/11,"4,867,208","338,764,916",69.10,70.10,69.10,69.60,+0.60,"3,284",
112/07/12,"6,948,942","480,453,201",69.00,69.60,68.80,69.40,-0.20,"4,521",
112/07/13,"5,325,223","372,673,606",69.60,70.30,69.60,69.90,+0.50,"3,171",
112/07/14,"6,662,389","472,936,657",70.60,71.30,70.00,71.20,+1.30,"3,670",
112/07/17,"3,950,301","279,860,090",71.00,71.10,70.40,70.80,-0.40,"2,602",
112/07/18,"7,121,504","500,675,439",70.30,71.00,70.10,70.10,-0.70,"4,105",
112/07/19,"7,626,934","537,373,576",70.70,71.20,70.10,70.30,+0.20,"4,687",
112/07/20,"6,038,057","425,154,545",70.70,70.90,70.20,70.40,+0.10,"3,565",
112/07/21,"8,617,920","608,649,289",70.90,71.30,70.20,70.70,+0.30,"3,645",
112/07/24,"8,283,553","580,176,862",70.40,70.60,69.80,70.00,-0.70,"3,384",
112/07/25,"4,185,002","291,715,933",70.00,70.20,69.50,69.60,-0.40,"2,913",
112/07/26,"4,396,768","307,009,285",69.60,70.10,69.50,70.00,+0.40,"2,410",
112/07/27,"2,972,644","207,815,370",70.00,70.20,69.70,70.00, 0.00,"2,044",
112/07/28,"3,628,841","253,924,728",70.10,70.50,69.80,69.80,-0.20,"2,535",
112/07/31,"4,549,942","318,646,638",70.00,70.30,69.80,70.00,+0.20,"2,535",
112/08/01,"3,750,189","264,744,747",70.10,70.90,70.10,70.60,+0.60,"2,187",
112/08/02,"7,577,054","528,974,985",70.20,70.40,69.50,69.70,-0.90,"4,471",
112/08/04,"4,751,030","332,566,380",69.70,70.50,69.70,70.00,+0.30,"2,633",
112/08/07,"2,191,031","153,364,279",69.80,70.40,69.80,69.90,-0.10,"1,418",
112/08/08,"5,453,197","378,284,315",69.90,70.00,69.10,69.20,-0.70,"3,453",
112/08/09,"2,989,402","208,989,996",69.60,70.10,69.50,70.10,+0.90,"1,632",
112/08/10,"3,302,657","230,292,422",69.80,69.90,69.50,69.70,-0.40,"2,072",
112/08/11,"2,120,370","147,948,611",69.70,70.10,69.60,69.60,-0.10,"1,452",
112/08/14,"3,992,686","274,814,107",69.60,69.60,68.60,68.70,-0.90,"2,577",
112/08/15,"3,347,427","228,980,355",68.70,68.90,68.10,68.10,-0.60,"2,932",
112/08/16,"6,737,773","451,152,910",67.00,67.40,66.60,66.90,-1.20,"5,721",
112/08/17,"8,038,034","530,012,914",66.10,66.50,65.20,66.10,-0.80,"5,520",
112/08/18,"5,018,960","334,073,839",66.20,66.90,66.10,66.40,+0.30,"2,847",
112/08/21,"3,641,985","240,998,703",66.50,66.90,65.90,66.30,-0.10,"2,735",
112/08/22,"4,838,445","317,733,547",66.10,66.40,65.50,65.50,-0.80,"3,829",
112/08/23,"2,939,711","192,703,437",65.50,65.80,65.20,65.50, 0.00,"2,305",
112/08/24,"3,413,749","224,113,203",65.50,66.00,65.30,65.80,+0.30,"2,237",
112/08/25,"4,081,119","266,894,621",65.80,65.90,65.30,65.30,-0.50,"3,005",
112/08/28,"2,832,185","186,370,291",65.20,66.20,65.10,66.20,+0.90,"1,967",
112/08/29,"3,006,249","199,586,311",66.10,67.00,65.80,66.80,+0.60,"2,169",
112/08/30,"3,498,868","235,341,017",66.90,67.50,66.80,67.40,+0.60,"2,342",
112/08/31,"12,599,616","834,466,493",67.30,67.40,66.10,66.10,-1.30,"3,534",
112/09/01,"1,782,655","119,529,360",66.40,67.40,66.30,67.30,+1.20,"1,600",
112/09/04,"2,693,495","182,943,157",67.20,68.30,67.10,68.00,+0.70,"2,703",
112/09/05,"3,023,146","205,190,559",67.60,68.10,67.60,67.90,-0.10,"2,953",
112/09/06,"3,621,158","244,277,568",67.80,68.40,67.10,67.10,-0.80,"2,723",
112/09/07,"3,835,564","257,509,956",66.90,67.50,66.60,67.40,+0.30,"2,197",
112/09/08,"2,473,068","167,109,319",67.30,67.90,67.10,67.70,+0.30,"1,744",
112/09/11,"2,767,875","187,976,376",68.00,68.20,67.70,67.90,+0.20,"1,546",
112/09/12,"4,885,948","334,308,914",67.90,68.90,67.60,68.60,+0.70,"2,393",
112/09/13,"2,121,858","145,231,702",68.60,68.90,68.20,68.30,-0.30,"1,756",
112/09/14,"4,518,940","311,943,950",69.00,69.20,68.60,69.20,+0.90,"2,525",
112/09/15,"10,995,810","760,273,398",69.20,69.40,68.70,69.20, 0.00,"2,469",
112/09/18,"1,585,856","109,131,202",69.00,69.00,68.60,68.80,-0.40,"1,315",
112/09/19,"1,886,132","129,464,691",68.70,69.00,68.10,68.60,-0.20,"1,346",
112/09/20,"2,007,586","137,415,144",68.40,68.70,68.10,68.40,-0.20,"1,383",
112/09/21,"6,686,914","450,134,125",68.00,68.20,66.90,67.00,-1.40,"4,368",
112/09/22,"2,532,952","169,472,529",66.60,67.20,66.40,66.90,-0.10,"1,758",
112/09/25,"1,482,672","99,950,196",67.20,67.80,67.00,67.70,+0.80,"1,301",
112/09/26,"4,959,849","330,788,101",66.80,67.30,66.40,66.70,-1.00,"4,091",
112/09/27,"3,616,441","240,547,262",66.20,66.90,66.20,66.60,-0.10,"2,872",
112/09/28,"3,005,593","200,677,599",66.70,67.10,66.30,66.60, 0.00,"1,992",
112/10/02,"3,094,075","205,305,313",66.80,66.80,66.10,66.40,-0.20,"2,391",
112/10/03,"3,953,544","259,992,839",65.70,66.10,65.60,65.60,-0.80,"3,796",
112/10/04,"9,301,883","599,307,469",65.00,65.10,64.20,64.20,-1.40,"7,619",
112/10/05,"4,278,254","277,141,007",64.70,65.10,64.30,64.70,+0.50,"2,751",
112/10/06,"2,727,993","177,848,353",65.20,65.50,64.70,65.30,+0.60,"2,096",
112/10/11,"9,922,032","658,947,337",66.60,67.00,65.30,66.80,+1.50,"5,433",
112/10/12,"7,781,466","524,830,735",67.20,67.80,66.90,67.70,+0.90,"4,335",
112/10/13,"6,334,519","420,397,326",66.80,67.00,66.00,66.30,-1.40,"5,170",
112/10/16,"4,846,092","319,286,813",65.80,66.10,65.50,66.10,-0.20,"2,976",
112/10/17,"6,630,847","436,199,128",65.60,66.10,65.40,66.00,-0.10,"4,267",
112/10/18,"22,152,088","1,468,575,276",65.60,67.10,64.80,67.10,+1.10,"5,921",
112/10/19,"7,952,316","521,315,302",65.50,66.20,65.20,65.20,-1.90,"4,974",
112/10/20,"8,102,463","521,870,701",64.30,64.80,64.00,64.40,-0.80,"5,072",
112/10/23,"7,149,492","456,445,684",64.00,64.30,63.50,63.70,-0.70,"5,522",
112/10/24,"5,746,644","364,450,714",63.30,63.90,63.20,63.30,-0.40,"4,429",
112/10/25,"6,012,994","380,773,320",63.30,63.60,63.10,63.10,-0.20,"4,487",
112/10/26,"6,618,870","414,680,350",62.70,63.10,62.50,62.50,-0.60,"5,155",
112/10/27,"6,492,948","405,039,929",62.40,62.80,62.20,62.20,-0.30,"4,485",
112/10/30,"10,173,281","627,494,029",62.30,62.50,61.10,61.30,-0.90,"7,486",
112/10/31,"8,322,491","515,690,654",61.20,62.50,61.20,61.90,+0.60,"4,316",
112/11/01,"4,736,045","293,920,980",62.00,62.50,61.70,62.10,+0.20,"3,211",
112/11/02,"4,446,470","280,575,747",63.00,63.40,62.60,63.20,+1.10,"2,994",
112/11/03,"3,750,577","239,181,321",63.30,64.00,63.20,64.00,+0.80,"2,466",
112/11/06,"6,179,143","399,588,210",64.60,64.90,64.00,64.80,+0.80,"3,345",
112/11/07,"3,691,186","237,370,679",64.50,64.60,64.10,64.30,-0.50,"2,157",
112/11/08,"3,363,664","216,062,557",64.30,64.50,63.80,64.50,+0.20,"1,790",
112/11/09,"5,366,990","349,043,500",64.60,65.30,64.30,65.30,+0.80,"2,706",
112/11/10,"3,008,413","195,078,308",64.80,65.10,64.60,64.90,-0.40,"1,978",
112/11/13,"3,856,519","249,373,334",64.90,65.30,64.30,64.80,-0.10,"2,025",
112/11/14,"6,057,822","395,683,907",65.30,65.80,64.70,65.80,+1.00,"2,913",
112/11/15,"13,947,058","937,344,247",66.50,68.00,66.10,68.00,+2.20,"7,439",
112/11/16,"7,730,672","526,399,136",68.30,68.40,67.30,68.40,+0.40,"4,664",
112/11/17,"5,644,853","385,763,625",68.40,68.80,67.90,68.20,-0.20,"3,267",
112/11/20,"6,110,242","411,367,688",68.10,68.20,66.90,67.40,-0.80,"4,382",
112/11/21,"15,130,847","1,045,942,214",67.70,69.60,67.40,69.60,+2.20,"8,096",
112/11/22,"5,540,583","380,627,648",69.10,69.20,68.50,68.50,-1.10,"4,761",
112/11/23,"5,831,504","398,808,405",68.40,68.90,67.80,68.50, 0.00,"4,368",
112/11/24,"7,443,081","510,567,466",68.90,69.10,68.20,68.20,-0.30,"3,976",
112/11/27,"8,965,987","612,270,505",68.20,69.30,67.70,67.70,-0.50,"4,441",
112/11/28,"11,050,844","761,490,915",68.10,69.50,67.80,68.60,+0.90,"5,066",
112/11/29,"8,747,147","603,371,950",68.60,69.40,68.30,68.40,-0.20,"4,301",
112/11/30,"15,646,125","1,071,231,132",68.40,69.40,68.10,68.10,-0.30,"4,942",
112/12/01,"5,161,700","352,969,828",68.10,68.90,67.90,68.10, 0.00,"5,609",
112/12/04,"5,485,204","376,773,698",68.10,69.00,68.10,68.70,+0.60,"3,101",
112/12/05,"5,256,633","361,033,447",68.10,69.00,68.10,68.70, 0.00,"2,704",
112/12/06,"3,554,565","244,872,164",68.70,69.10,68.70,68.70, 0.00,"2,355",
112/12/07,"1,755,500","119,832,538",68.50,68.70,68.10,68.10,-0.60,"3,267",
112/12/08,"3,874,019","262,828,338",68.50,68.70,67.40,67.60,-0.50,"2,317",
112/12/11,"2,970,927","199,579,062",67.60,67.60,67.00,67.30,-0.30,"2,109",
112/12/12,"3,136,903","213,348,608",68.10,68.20,67.70,68.20,+0.90,"1,666",
112/12/13,"5,631,551","376,623,601",68.10,68.10,66.50,66.70,-1.50,"4,806",
112/12/14,"6,992,303","474,798,892",68.00,68.20,67.00,67.90,+1.20,"3,330",
112/12/15,"12,891,984","870,463,656",68.20,68.20,67.30,67.30,-0.60,"5,294",
112/12/18,"5,332,892","356,992,552",67.20,67.30,66.70,67.00,-0.30,"2,335",
112/12/19,"5,036,208","335,077,603",66.60,67.00,66.20,66.60,-0.40,"2,715",
112/12/20,"6,484,875","432,264,668",66.50,67.20,66.00,66.80,+0.20,"2,713",
112/12/21,"6,013,813","396,134,020",66.00,66.20,65.60,66.00,-0.80,"3,555",
112/12/22,"4,639,776","300,778,629",65.40,65.80,65.00,65.10,-0.90,"3,493",
112/12/25,"1,813,475","118,302,102",64.90,65.60,64.60,65.50,+0.40,"1,440",
112/12/26,"2,411,319","159,336,121",65.90,66.30,65.50,66.10,+0.60,"1,627",
112/12/27,"4,352,598","287,931,355",66.10,66.40,65.80,66.10, 0.00,"2,141",
112/12/28,"5,961,495","397,002,005",66.00,67.00,65.90,67.00,+0.90,"3,119",
112/12/29,"3,350,781","223,105,363",66.60,67.10,66.30,66.50,-0.50,"2,052",
113/01/02,"3,009,276","200,076,518",66.20,66.90,66.10,66.70,+0.20,"1,911",
113/01/03,"4,796,664","314,470,324",65.80,66.10,65.20,65.60,-1.10,"3,442",
113/01/04,"1,567,522","102,807,834",65.40,65.80,65.30,65.60, 0.00,"1,108",
113/01/05,"1,310,903","85,934,948",65.60,66.00,65.40,65.40,-0.20,"1,100",
113/01/08,"2,002,431","131,961,414",65.80,66.40,65.60,65.80,+0.40,"1,352",
113/01/09,"2,087,406","136,474,775",66.00,66.10,65.10,65.10,-0.70,"1,717",
113/01/10,"2,397,828","154,977,425",65.00,65.00,64.50,64.50,-0.60,"2,152",
113/01/11,"6,498,521","413,588,702",64.30,64.40,63.50,63.50,-1.00,"4,674",
113/01/12,"2,320,570","147,943,852",63.30,64.00,63.20,64.00,+0.50,"1,729",
113/01/15,"2,720,517","173,056,238",64.00,64.30,63.20,63.60,-0.40,"2,239",
113/01/16,"9,692,572","601,995,416",62.70,63.00,61.80,61.80,-1.80,"7,028",
113/01/17,"16,187,599","978,394,082",61.20,61.30,60.10,60.10,-1.70,"11,726",
113/01/18,"7,433,224","447,784,459",60.10,60.70,60.10,60.10, 0.00,"4,262",
113/01/19,"7,878,152","472,915,594",59.80,60.50,59.40,60.00,-0.10,"3,970",
113/01/22,"5,325,426","317,865,369",60.00,60.30,59.50,59.50,-0.50,"5,184",
113/01/23,"3,110,212","186,697,258",59.50,60.30,59.40,60.30,+0.80,"2,350",
113/01/24,"3,015,820","182,969,544",60.40,60.90,60.30,60.70,+0.40,"2,462",
113/01/25,"2,294,135","138,702,815",60.80,60.90,60.30,60.50,-0.20,"1,928",
113/01/26,"3,104,159","190,406,057",60.50,61.80,60.40,61.50,+1.00,"2,353",
113/01/29,"3,735,867","232,525,152",61.10,62.50,61.10,62.30,+0.80,"3,559",
113/01/30,"4,445,247","273,108,242",62.30,62.50,61.10,61.20,-1.10,"3,368",
113/01/31,"4,192,705","255,673,760",61.20,61.50,60.80,60.90,-0.30,"2,418",
113/02/01,"4,761,617","295,309,584",61.60,62.40,61.20,62.30,+1.40,"2,737",
113/02/02,"2,935,428","182,554,195",62.30,62.40,61.80,62.40,+0.10,"1,958",
113/02/05,"5,645,865","344,831,623",61.00,61.50,60.80,61.00,-1.40,"3,131",
113/02/15,"6,748,515","410,082,053",60.50,61.40,60.00,61.20,+0.20,"4,273",
113/02/16,"3,504,873","214,347,049",61.80,61.80,60.90,61.10,-0.10,"2,687",
113/02/19,"5,728,535","351,663,894",61.60,62.00,61.00,61.60,+0.50,"3,917",
113/02/20,"3,475,900","212,834,827",61.50,61.70,61.00,61.30,-0.30,"3,009",
113/02/21,"4,400,344","268,642,059",61.30,61.50,60.80,61.00,-0.30,"3,300",
113/02/22,"4,602,045","278,731,058",61.00,61.10,60.30,60.50,-0.50,"4,306",
113/02/23,"9,343,021","559,763,559",60.00,60.20,59.70,59.70,-0.80,"7,401",
113/02/26,"3,405,922","203,522,992",59.50,59.90,59.50,59.90,+0.20,"2,970",
113/02/27,"11,809,372","698,114,526",59.60,59.80,58.90,58.90,-1.00,"9,715",
113/02/29,"11,146,475","660,905,602",58.90,59.70,58.50,59.70,+0.80,"5,304",
113/03/01,"8,031,580","471,087,827",59.00,59.10,58.50,58.50,-1.20,"6,712",
113/03/04,"10,747,821","621,044,812",58.10,58.10,57.60,58.00,-0.50,"8,438",
113/03/05,"13,040,264","746,015,620",57.60,58.10,56.90,56.90,-1.10,"9,860",
113/03/06,"14,571,677","823,434,596",56.80,57.20,56.10,56.30,-0.60,"10,381",
113/03/07,"9,823,440","552,537,013",56.20,56.70,55.90,56.50,+0.20,"6,547",
113/03/08,"14,517,563","807,714,559",56.00,56.20,55.40,55.50,-1.00,"9,362",
113/03/11,"6,073,596","339,750,376",55.30,56.50,55.30,56.10,+0.60,"4,092",
113/03/12,"5,573,370","315,486,373",56.30,56.80,56.30,56.70,+0.60,"3,663",
113/03/13,"9,629,003","536,384,703",56.60,56.80,55.30,55.60,-1.10,"6,717",
113/03/14,"8,852,802","497,150,320",55.80,56.50,55.40,56.40,+0.80,"4,847",
113/03/15,"53,664,763","2,933,596,571",56.00,56.30,54.50,54.50,-1.90,"12,715",
113/03/18,"7,729,736","426,123,340",55.20,55.70,54.80,55.00,+0.50,"5,535",
113/03/19,"7,610,663","419,254,740",54.70,55.40,54.70,55.00, 0.00,"5,170",
113/03/20,"13,326,520","719,537,305",55.00,55.20,53.60,53.60,-1.40,"10,778",
113/03/21,"10,964,500","599,464,744",53.10,55.40,53.10,55.00,+1.40,"6,429",
113/03/22,"6,837,458","374,281,331",55.00,55.30,54.50,54.80,-0.20,"5,387",
113/03/25,"3,569,888","196,536,805",54.70,55.30,54.60,55.30,+0.50,"2,426",
113/03/26,"9,710,758","547,127,362",55.50,56.70,55.30,56.40,+1.10,"6,321",
113/03/27,"5,785,345","324,756,344",56.00,56.50,56.00,56.00,-0.40,"4,599",
113/03/28,"6,454,654","357,243,300",55.90,56.30,55.00,55.10,-0.90,"4,623",
113/03/29,"7,339,082","412,392,761",55.80,56.80,55.60,56.00,+0.90,"4,405",
113/04/01,"10,236,571","586,983,797",56.50,57.70,56.30,57.50,+1.50,"6,524",
113/04/02,"5,582,800","319,257,268",57.40,57.40,56.60,57.40,-0.10,"4,680",
113/04/03,"6,643,009","378,601,873",57.00,57.40,56.80,56.80,-0.60,"3,962",
113/04/08,"12,386,238","705,823,396",56.00,57.70,55.90,57.70,+0.90,"5,934",
113/04/09,"9,930,103","579,420,536",57.80,58.60,57.50,58.60,+0.90,"6,340",
113/04/10,"6,227,317","363,994,655",58.80,58.90,58.20,58.30,-0.30,"4,291",
113/04/11,"5,843,320","334,933,053",57.90,58.00,57.00,57.20,-1.10,"3,855",
113/04/12,"8,351,300","476,754,249",56.90,57.50,56.50,57.40,+0.20,"4,764",
113/04/15,"5,993,138","341,653,657",57.10,57.30,56.70,57.20,-0.20,"3,037",
113/04/16,"9,522,914","530,431,677",56.50,56.80,55.20,55.50,-1.70,"6,189",
113/04/17,"7,889,153","433,944,115",55.30,55.60,54.80,55.00,-0.50,"5,651",
113/04/18,"6,719,067","371,721,430",54.90,55.90,54.70,55.80,+0.80,"3,240",
113/04/19,"11,193,068","616,043,812",55.20,56.30,54.50,55.00,-0.80,"5,994",
113/04/22,"10,628,295","606,161,947",56.10,57.60,56.10,57.30,+2.30,"5,975",
113/04/23,"6,737,216","383,622,673",57.60,57.90,56.60,56.70,-0.60,"5,139",
113/04/24,"4,473,942","253,536,587",56.70,57.40,56.40,56.40,-0.30,"2,834",
113/04/25,"5,419,377","302,032,898",56.20,56.40,55.40,55.80,-0.60,"3,335",
113/04/26,"4,450,430","248,303,967",55.50,56.30,55.50,55.60,-0.20,"2,333",
113/04/29,"8,855,643","505,828,772",55.70,57.60,55.70,57.60,+2.00,"5,056",
113/04/30,"7,063,242","401,792,200",56.80,57.20,56.70,56.70,-0.90,"4,972",
113/05/02,"6,973,122","398,709,891",56.70,57.50,56.40,57.40,+0.70,"4,096",
113/05/03,"8,385,494","480,291,497",57.50,57.90,56.70,56.80,-0.60,"6,292",
113/05/06,"8,076,549","465,572,769",57.20,58.00,57.00,57.70,+0.90,"4,355",
113/05/07,"9,639,098","552,473,441",58.20,58.50,56.80,56.90,-0.80,"5,570",
113/05/08,"6,916,733","393,357,853",56.90,57.40,56.70,56.70,-0.20,"3,211",
113/05/09,"5,513,812","311,547,189",56.50,57.00,56.20,56.30,-0.40,"3,182",
113/05/10,"7,544,052","428,225,499",56.30,57.30,56.10,57.00,+0.70,"3,008",
113/05/13,"5,387,423","305,024,057",56.80,57.10,56.30,56.40,-0.60,"2,910",
113/05/14,"6,475,004","369,732,849",56.90,57.60,56.60,56.80,+0.40,"3,236",
113/05/15,"7,826,995","445,798,302",57.10,57.50,56.40,56.80, 0.00,"4,326",
113/05/16,"9,863,746","564,000,923",57.30,57.50,56.80,57.40,+0.60,"4,001",
113/05/17,"8,672,426","493,786,115",57.30,57.70,56.50,56.50,-0.90,"4,819",
113/05/20,"5,090,301","290,079,763",57.10,57.20,56.70,57.20,+0.70,"2,655",
113/05/21,"12,730,666","710,365,874",56.90,56.90,55.30,55.70,-1.50,"7,988",
113/05/22,"29,163,084","1,597,334,950",55.50,55.50,54.50,54.50,-1.20,"16,433",
113/05/23,"19,411,756","1,048,658,226",54.30,54.70,53.70,53.70,-0.80,"11,161",
113/05/24,"22,981,826","1,217,752,479",53.40,53.50,52.60,53.10,-0.60,"12,360",
113/05/27,"29,603,136","1,588,057,524",53.10,55.00,52.50,55.00,+1.90,"11,839",
113/05/28,"38,099,001","2,070,167,268",54.30,55.00,53.30,54.30,-0.70,"13,670",
113/05/29,"32,588,526","1,736,564,430",54.50,54.50,53.10,53.10,-1.20,"13,883",
113/05/30,"44,467,478","2,332,766,152",52.70,53.20,52.00,53.20,+0.10,"18,811",
113/05/31,"43,858,610","2,330,016,461",52.80,53.40,52.50,53.20, 0.00,"12,302",
113/06/03,"24,256,868","1,269,985,469",53.20,53.20,52.10,52.20,-1.00,"12,518",
113/06/04,"28,136,409","1,447,871,033",52.10,52.20,51.10,51.70,-0.50,"15,591",
113/06/05,"16,156,471","826,875,154",51.40,51.60,51.00,51.00,-0.70,"9,834",
113/06/06,"18,826,076","953,410,694",51.00,51.30,50.30,50.40,-0.60,"11,634",
113/06/07,"17,044,456","860,983,173",50.40,51.10,49.80,50.80,+0.40,"7,463",
113/06/11,"11,871,194","606,557,216",50.90,51.50,50.80,50.80, 0.00,"5,669",
113/06/12,"12,364,991","622,954,664",50.80,51.20,50.10,50.10,-0.70,"6,692",
113/06/13,"10,055,727","505,852,755",50.70,50.90,50.10,50.10, 0.00,"5,599",
113/06/14,"7,184,766","362,537,290",50.20,50.70,50.10,50.70,+0.60,"3,633",
113/06/17,"6,420,667","323,821,130",50.70,50.70,50.30,50.30,-0.40,"3,848",
113/06/18,"15,631,850","783,339,200",50.40,50.60,49.90,50.30, 0.00,"8,101",
113/06/19,"12,399,157","620,740,624",50.50,50.60,49.90,49.90,-0.40,"7,498",
113/06/20,"13,603,531","689,966,150",50.30,51.00,50.20,50.80,+0.90,"7,085",
113/06/21,"27,259,137","1,393,738,293",51.20,51.60,51.00,51.00,+0.20,"7,413",
113/06/24,"18,264,209","919,509,757",51.10,51.40,50.10,50.10,-0.90,"6,884",
113/06/25,"18,267,859","914,803,426",50.60,50.70,49.85,50.00,-0.10,"7,616",
113/06/26,"26,732,214","1,322,304,579",50.10,50.20,49.20,49.20,-0.80,"14,655",
113/06/27,"25,678,523","1,252,321,022",49.00,49.15,48.25,49.00,-0.20,"12,146",
113/06/28,"14,519,480","717,605,848",49.10,50.10,48.80,49.30,+0.30,"6,588",
113/07/01,"8,168,417","401,817,682",49.50,49.55,49.05,49.05,-0.25,"4,680",
113/07/02,"14,179,338","687,372,083",48.90,48.90,48.20,48.20,-0.85,"9,980",
113/07/03,"9,342,969","451,263,652",48.25,48.50,47.95,48.45,+0.25,"5,161",
113/07/04,"10,141,629","499,758,963",48.70,49.70,48.60,49.45,+1.00,"5,700",
113/07/05,"8,126,571","397,501,725",49.45,49.45,48.80,48.80,-0.65,"5,077",
113/07/08,"9,139,051","449,073,209",48.80,49.35,48.80,49.25,+0.45,"3,979",
113/07/09,"7,442,451","361,862,466",49.30,49.30,48.35,48.50,-0.75,"5,040",
113/07/10,"11,387,290","548,903,754",48.60,48.70,48.00,48.00,-0.50,"6,713",
113/07/11,"13,961,132","674,317,763",48.35,48.80,47.85,48.70,+0.70,"6,535",
113/07/12,"23,410,571","1,173,581,717",48.75,50.80,48.50,50.10,+1.40,"10,914",
113/07/15,"9,990,562","499,252,197",50.50,50.60,49.50,49.65,-0.45,"7,020",
113/07/16,"16,043,965","790,154,448",49.80,50.20,48.90,48.90,-0.75,"8,687",
113/07/17,"22,243,083","1,111,835,162",48.55,50.90,48.50,50.40,X0.00,"11,569",
113/07/18,"22,641,633","1,149,325,982",50.40,51.10,50.20,50.70,+0.30,"11,538",
113/07/19,"14,433,621","723,457,044",50.60,50.60,49.65,50.40,-0.30,"8,407",
113/07/22,"13,153,051","658,440,680",50.40,50.40,49.40,50.30,-0.10,"6,453",
113/07/23,"8,313,768","417,797,241",50.50,50.70,50.00,50.30, 0.00,"3,826",
113/07/26,"11,547,418","573,398,355",49.80,49.95,49.30,49.70,-0.60,"6,284",
113/07/29,"8,960,879","446,283,855",49.85,50.30,49.70,49.80,+0.10,"3,977",
113/07/30,"6,482,071","320,072,908",49.80,49.80,49.00,49.55,-0.25,"3,822",
113/07/31,"7,979,218","398,283,605",49.50,50.10,49.30,50.00,+0.45,"2,929",
113/08/01,"8,473,220","421,976,142",50.00,50.10,49.45,49.80,-0.20,"4,783",
113/08/02,"14,662,399","712,715,080",49.05,49.25,48.25,48.45,-1.35,"8,828",
113/08/05,"22,159,485","1,014,851,912",47.25,47.35,44.90,45.95,-2.50,"14,433",
113/08/06,"14,357,289","663,648,616",46.00,47.30,44.90,46.80,+0.85,"8,931",
113/08/07,"9,427,475","445,483,241",46.30,47.60,46.30,47.50,+0.70,"6,379",
113/08/08,"13,617,893","635,238,492",46.50,47.40,46.35,46.40,-1.10,"7,483",
113/08/09,"14,684,303","690,039,688",46.35,47.60,46.35,46.95,+0.55,"7,554",
113/08/12,"7,365,843","346,800,011",47.00,47.35,46.60,47.35,+0.40,"4,334",
113/08/13,"10,873,544","503,614,428",47.20,47.25,45.75,45.85,-1.50,"9,305",
113/08/14,"17,398,369","824,435,408",46.00,48.20,46.00,47.35,+1.50,"7,809",
113/08/15,"10,870,079","506,311,195",47.90,47.90,46.20,46.20,-1.15,"7,601",
113/08/16,"10,932,353","513,115,496",47.10,47.65,46.55,46.55,+0.35,"6,342",
113/08/19,"4,802,928","223,372,843",46.55,46.80,46.35,46.40,-0.15,"3,801",
113/08/20,"14,897,527","680,596,608",46.50,46.50,45.40,45.85,-0.55,"9,184",
113/08/21,"7,872,075","361,981,879",45.55,46.35,45.50,46.00,+0.15,"4,502",
113/08/22,"7,134,364","331,805,277",46.00,46.90,45.75,46.50,+0.50,"4,981",
113/08/23,"4,735,409","217,148,526",46.10,46.30,45.65,45.75,-0.75,"3,717",
113/08/26,"7,807,941","362,689,402",45.90,46.75,45.85,46.60,+0.85,"4,075",
113/08/27,"5,573,348","255,894,794",46.00,46.20,45.70,46.00,-0.60,"4,087",
113/08/28,"7,678,634","350,445,244",45.80,45.95,45.35,45.85,-0.15,"5,355",
113/08/29,"4,660,096","212,448,680",45.50,45.80,45.40,45.60,-0.25,"3,692",
113/08/30,"32,223,542","1,461,150,391",45.70,46.00,45.30,45.30,-0.30,"4,505",
113/09/02,"16,258,848","723,737,071",45.50,45.55,44.10,44.40,-0.90,"13,295",
113/09/03,"17,522,636","762,172,710",44.15,44.20,43.10,43.40,-1.00,"12,412",
113/09/04,"30,206,895","1,236,235,636",42.00,42.20,40.30,40.50,-2.90,"20,080",
113/09/05,"20,289,828","810,196,641",40.65,40.75,39.30,39.35,-1.15,"15,805",
113/09/06,"14,997,982","595,724,471",39.40,40.45,38.70,40.05,+0.70,"8,011",
113/09/09,"14,813,944","579,360,657",38.90,39.45,38.55,39.40,-0.65,"8,129",
113/09/10,"11,313,885","440,118,638",39.25,39.40,38.60,38.85,-0.55,"6,927",
113/09/11,"10,645,555","421,649,162",38.80,40.25,38.80,39.80,+0.95,"5,498",
113/09/12,"11,842,005","473,852,482",40.65,40.65,39.40,40.30,+0.50,"6,213",
113/09/13,"12,501,499","516,568,776",40.20,41.95,40.10,41.70,+1.40,"6,934",
113/09/16,"11,585,028","489,183,749",41.70,42.90,41.35,42.15,+0.45,"6,917",
113/09/18,"9,764,185","412,894,316",42.15,42.70,41.90,42.15, 0.00,"5,824",
113/09/19,"10,924,090","464,482,528",42.20,42.95,41.75,42.95,+0.80,"5,669",
113/09/20,"15,331,764","659,115,627",43.00,43.50,42.65,42.90,-0.05,"6,132",
113/09/23,"9,011,658","386,883,298",43.30,43.45,42.50,42.85,-0.05,"4,075",
113/09/24,"8,507,057","363,152,083",42.75,43.00,42.35,42.85, 0.00,"4,247",
113/09/25,"13,371,695","580,928,842",43.30,43.80,43.00,43.40,+0.55,"6,322",
113/09/26,"9,650,170","419,924,878",43.80,43.95,43.15,43.50,+0.10,"5,085",
113/09/27,"23,985,629","1,091,894,558",43.95,46.50,43.50,46.40,+2.90,"13,527",
113/09/30,"12,957,929","599,235,524",46.40,46.75,45.80,46.00,-0.40,"11,620",
113/10/01,"7,050,266","323,643,158",46.00,46.15,45.50,46.10,+0.10,"4,693",
113/10/04,"16,357,576","763,193,427",45.75,47.80,45.70,46.10, 0.00,"9,751",
113/10/07,"11,691,269","528,477,157",45.80,46.20,44.60,45.45,-0.65,"8,771",
113/10/08,"9,068,202","405,074,087",44.90,45.45,44.25,44.65,-0.80,"4,982",
113/10/09,"5,887,083","258,153,330",44.95,44.95,43.40,43.60,-1.05,"4,544",
113/10/11,"4,584,166","200,208,973",43.90,44.30,43.35,43.45,-0.15,"3,395",
113/10/14,"6,090,629","260,260,668",43.20,43.30,42.30,43.10,-0.35,"4,433",
113/10/15,"6,083,988","260,372,128",43.25,43.40,42.60,42.65,-0.45,"3,958",
113/10/16,"17,173,931","723,639,260",41.90,42.55,41.85,42.25,-0.40,"6,077",
113/10/17,"7,378,969","316,979,205",42.05,43.65,42.05,42.90,+0.65,"3,860",
113/10/18,"6,190,617","267,625,304",43.25,43.60,42.75,43.25,+0.35,"3,851",
113/10/21,"10,437,295","442,492,730",43.80,44.00,41.80,41.85,-1.40,"7,307",
113/10/22,"8,868,221","365,638,908",41.50,41.55,40.95,41.35,-0.50,"5,360",
113/10/23,"8,267,625","339,190,953",41.25,41.45,40.80,40.95,-0.40,"5,431",
113/10/24,"7,687,318","316,655,290",40.65,41.60,40.40,41.40,+0.45,"4,166",
113/10/25,"4,546,186","187,734,096",41.35,41.55,41.10,41.35,-0.05,"3,134",
113/10/28,"8,688,254","363,233,861",41.35,42.30,41.00,42.30,+0.95,"4,950",
113/10/29,"6,109,160","254,741,661",42.00,42.25,41.30,41.85,-0.45,"4,193",
113/10/30,"6,392,563","266,535,971",42.00,42.35,41.30,41.70,-0.15,"3,351",
113/11/01,"9,602,598","397,528,315",41.50,41.80,40.85,41.70, 0.00,"6,049",
113/11/04,"5,246,470","218,349,524",41.60,41.85,41.25,41.80,+0.10,"2,910",
113/11/05,"5,713,737","239,716,396",41.80,42.35,41.50,42.20,+0.40,"3,298",
113/11/06,"6,651,617","280,541,236",42.00,42.60,41.80,42.10,-0.10,"3,371",
113/11/07,"10,495,962","450,013,089",41.70,43.40,41.65,43.30,+1.20,"5,718",
113/11/08,"10,466,358","453,997,048",43.75,44.25,42.70,42.85,-0.45,"6,193",
113/11/11,"8,196,190","344,325,724",42.55,42.60,41.40,42.40,-0.45,"4,706",
113/11/12,"11,643,240","480,295,573",41.55,41.95,40.90,40.95,-1.45,"6,578",
113/11/13,"10,285,230","416,284,933",40.65,41.05,40.15,40.55,-0.40,"6,295",
113/11/14,"12,634,846","501,546,450",40.50,40.50,39.35,39.60,-0.95,"7,411",
113/11/15,"7,386,706","298,165,918",39.85,41.35,39.85,40.35,+0.75,"4,140",
113/11/18,"14,351,320","598,629,496",40.75,42.25,40.75,42.05,+1.70,"8,667",
113/11/19,"7,267,814","300,470,060",41.80,41.90,40.85,41.45,-0.60,"7,289",
113/11/20,"7,500,327","306,214,995",41.05,41.15,40.60,40.90,-0.55,"4,769",
113/11/21,"5,312,893","213,823,142",40.50,40.70,40.15,40.20,-0.70,"3,531",
113/11/22,"7,296,758","293,189,306",40.60,40.90,40.00,40.00,-0.20,"4,405",
113/11/25,"15,437,126","620,612,916",40.50,40.70,39.80,40.35,+0.35,"5,273",
113/11/26,"8,977,218","362,252,509",40.15,41.15,39.85,40.10,-0.25,"4,762",
113/11/27,"9,789,720","389,273,710",40.30,40.30,39.35,39.35,-0.75,"5,977",
113/11/28,"7,639,853","299,237,499",39.50,39.75,38.85,39.25,-0.10,"5,020",
113/11/29,"9,461,305","365,995,483",38.85,38.95,38.35,38.70,-0.55,"5,816",
113/12/02,"9,608,534","374,627,964",38.95,39.40,38.55,39.05,+0.35,"4,954",
113/12/03,"8,758,822","344,913,827",39.25,39.75,38.95,39.65,+0.60,"5,011",
113/12/04,"10,740,241","418,089,051",39.80,39.90,38.70,38.70,-0.95,"7,587",
113/12/05,"12,359,746","470,943,187",38.85,38.85,37.90,37.90,-0.80,"8,303",
113/12/06,"13,321,795","500,670,759",37.90,38.10,37.30,37.50,-0.40,"8,142",
113/12/09,"14,726,270","546,827,213",37.80,38.00,36.70,36.90,-0.60,"7,871",
113/12/10,"15,908,723","588,802,821",37.00,38.20,36.45,36.70,-0.20,"9,213",
113/12/11,"13,140,348","474,840,071",36.50,36.50,35.95,36.00,-0.70,"6,119",
113/12/12,"18,661,805","657,999,755",36.05,36.25,34.70,34.70,-1.30,"12,306",
113/12/13,"15,876,349","539,299,729",34.60,34.60,33.60,33.60,-1.10,"8,995",
113/12/16,"15,938,007","531,426,241",33.40,34.10,32.95,33.20,-0.40,"8,433",
113/12/17,"14,705,426","487,734,997",33.40,33.75,32.85,33.00,-0.20,"7,869",
113/12/18,"22,045,041","731,499,168",33.10,34.10,32.75,33.35,+0.35,"10,963",
113/12/19,"21,773,649","713,745,533",32.90,33.50,32.40,32.90,-0.45,"10,591",
113/12/20,"34,355,231","1,086,152,297",32.75,32.90,31.05,31.05,-1.85,"13,649",
113/12/23,"27,007,864","847,705,539",31.10,32.00,31.10,31.10,+0.05,"9,493",
113/12/24,"17,976,566","568,793,703",31.30,32.15,31.30,31.35,+0.25,"5,882",
113/12/25,"15,578,598","488,491,772",31.80,32.25,30.95,30.95,-0.40,"5,513",
113/12/26,"12,841,569","399,773,122",31.15,31.75,30.90,30.90,-0.05,"4,443",
113/12/27,"9,741,087","300,448,909",31.10,31.15,30.50,31.00,+0.10,"5,963",
113/12/30,"11,711,893","355,098,937",30.90,30.90,30.10,30.10,-0.90,"7,003",
113/12/31,"13,618,997","407,316,949",30.00,30.30,29.55,29.90,-0.20,"7,136",
114/01/02,"15,227,002","453,437,009",29.70,30.30,29.30,29.90, 0.00,"8,373",
114/01/03,"9,434,473","283,036,146",30.00,30.75,29.55,29.55,-0.35,"6,306",
114/01/06,"21,347,815","658,923,488",29.90,31.65,29.70,31.25,+1.70,"10,998",
114/01/07,"14,781,429","448,750,650",31.25,31.30,29.95,29.95,-1.30,"10,510",
114/01/08,"13,682,335","401,995,233",30.05,30.10,28.95,29.30,-0.65,"8,223",
114/01/09,"14,186,001","408,132,481",29.05,29.10,28.60,28.60,-0.70,"8,083",
114/01/10,"10,206,847","291,455,233",28.60,29.10,28.30,28.30,-0.30,"6,157",
114/01/13,"19,774,855","565,712,543",28.35,29.10,28.10,28.70,+0.40,"9,201",
114/01/14,"25,137,101","755,923,274",28.85,30.70,28.85,30.45,+1.75,"12,033",
114/01/15,"25,881,661","805,941,006",30.30,31.95,30.20,30.95,+0.50,"15,105",
114/01/16,"21,068,972","662,504,528",31.20,31.90,30.90,31.50,+0.55,"9,879",
114/01/17,"31,691,940","1,028,571,224",31.20,33.45,31.20,32.95,+1.45,"14,082",
114/01/20,"12,119,666","393,123,011",32.95,33.00,32.10,32.35,-0.60,"7,731",
114/01/21,"9,777,544","315,768,931",32.20,32.85,31.85,32.05,-0.30,"4,698",
114/01/22,"10,153,641","327,643,149",32.25,32.60,31.75,32.35,+0.30,"5,356",
114/02/03,"18,264,236","576,188,281",32.00,33.10,30.85,31.25,-1.10,"8,759",
114/02/04,"10,831,034","334,050,258",31.45,31.65,30.50,30.50,-0.75,"5,875",
114/02/05,"10,306,361","317,888,913",30.85,31.55,30.40,30.45,-0.05,"5,044",
114/02/06,"6,181,083","188,917,656",30.50,30.80,30.35,30.75,+0.30,"3,860",
114/02/07,"9,429,824","283,779,679",30.60,30.70,29.90,29.95,-0.80,"6,380",
114/02/10,"8,536,103","258,044,913",29.85,30.65,29.85,30.25,+0.30,"4,316",
114/02/11,"7,950,503","242,158,698",30.50,30.95,30.05,30.20,-0.05,"4,091",
114/02/12,"12,305,560","381,285,968",30.30,31.45,30.20,31.00,+0.80,"6,524",
114/02/13,"22,999,100","742,935,388",31.20,32.95,30.70,32.75,+1.75,"11,286",
114/02/14,"19,668,853","645,970,134",32.80,33.35,32.20,33.00,+0.25,"9,740",
114/02/17,"14,514,297","483,788,165",33.20,33.80,32.50,33.40,+0.40,"7,708",
114/02/18,"10,930,611","359,684,755",33.55,33.55,32.60,33.00,-0.40,"6,122",
114/02/19,"12,513,398","417,815,955",32.90,33.90,32.90,33.65,+0.65,"6,323",
114/02/20,"10,182,495","340,161,069",33.70,34.05,33.00,33.45,-0.20,"5,524",
114/02/21,"9,067,945","305,665,902",33.45,33.95,33.25,33.95,+0.50,"5,057",
114/02/24,"11,711,363","397,907,447",33.75,34.50,33.55,34.25,+0.30,"5,144",
114/02/25,"18,196,192","626,194,320",33.85,34.90,33.75,34.50,+0.25,"8,087",
114/02/26,"13,599,261","462,057,982",34.40,34.50,33.60,34.10,-0.40,"8,584",
114/02/27,"18,779,447","634,529,019",34.05,34.30,33.55,33.75,-0.35,"5,804",
114/03/03,"12,601,358","417,517,791",33.45,33.70,32.85,32.85,-0.90,"6,358",
114/03/04,"15,734,080","503,936,847",32.50,32.65,31.70,31.95,-0.90,"7,079",
114/03/05,"28,831,584","968,999,800",31.90,34.75,31.90,34.50,+2.55,"12,229",
114/03/06,"21,312,774","719,269,813",34.35,34.50,33.40,33.50,-1.00,"11,833",
114/03/07,"11,447,589","382,631,427",33.40,33.85,32.85,33.45,-0.05,"5,474",
114/03/10,"11,964,270","405,485,448",33.60,34.20,33.50,33.80,+0.35,"5,279",
114/03/11,"14,543,548","483,702,893",33.05,33.90,32.50,33.70,-0.10,"6,909",
114/03/12,"14,030,089","477,577,832",34.25,34.50,33.60,34.00,+0.30,"5,671",
114/03/13,"19,678,985","647,149,089",34.15,34.20,32.20,32.20,-1.80,"10,341",
114/03/14,"17,192,267","572,138,394",32.50,33.70,32.50,33.55,+1.35,"7,909",
114/03/17,"20,982,125","721,106,737",33.75,34.80,33.45,34.45,+0.90,"13,075",
114/03/18,"22,522,083","783,500,880",34.55,35.30,34.10,34.70,+0.25,"10,042",
114/03/19,"12,477,719","427,283,385",34.75,34.90,34.00,34.10,-0.60,"7,653",
114/03/20,"11,211,133","385,516,781",34.10,34.65,34.05,34.55,+0.45,"5,941",
114/03/21,"27,163,161","903,948,841",34.25,34.25,32.95,32.95,-1.60,"10,695",
114/03/24,"8,417,369","276,340,552",33.05,33.30,32.50,32.50,-0.45,"4,446",
114/03/25,"11,038,791","357,323,716",32.65,33.25,32.05,32.05,-0.45,"5,392",
114/03/26,"12,121,392","390,077,844",32.15,32.45,31.95,32.20,+0.15,"5,413",
114/03/27,"10,957,505","350,468,524",32.15,32.25,31.50,32.10,-0.10,"4,508",
114/03/28,"16,474,639","514,973,368",31.90,32.10,30.90,31.00,-1.10,"8,116",
114/03/31,"20,889,439","631,443,021",30.25,30.80,30.00,30.00,-1.00,"8,833",
114/04/01,"12,802,990","397,499,497",30.20,31.60,30.20,31.15,+1.15,"6,272",
114/04/02,"10,283,105","320,333,427",30.80,31.50,30.55,31.40,+0.25,"5,029",
114/04/07,"17,837,371","505,272,618",28.30,28.50,28.30,28.30,-3.10,"8,700",
114/04/08,"25,273,020","726,593,051",28.70,29.20,28.30,28.85,+0.55,"10,894",
114/04/09,"23,740,577","662,221,172",28.20,29.15,26.80,26.85,-2.00,"11,656",
114/04/10,"8,024,239","236,545,690",29.50,29.50,29.00,29.50,+2.65,"3,302",
114/04/11,"18,131,484","542,303,736",29.00,30.40,29.00,30.10,+0.60,"7,389",
114/04/14,"15,862,817","486,439,298",29.80,31.30,29.80,30.80,+0.70,"7,688",
114/04/15,"11,994,638","380,157,730",30.90,32.20,30.70,31.85,+1.05,"6,060",
114/04/16,"9,470,855","294,558,339",31.50,31.80,30.65,31.15,-0.70,"7,210",
114/04/17,"5,724,293","176,815,505",31.35,31.35,30.65,30.75,-0.40,"3,914",
114/04/18,"5,046,930","155,172,408",30.90,31.00,30.55,30.65,-0.10,"3,598",
114/04/21,"6,614,968","199,836,781",30.50,30.55,30.00,30.05,-0.60,"3,526",
114/04/22,"8,422,166","254,415,166",30.05,30.70,29.65,30.45,+0.40,"4,707",
114/04/23,"6,461,911","201,468,587",30.80,31.55,30.80,31.25,+0.80,"3,420",
114/04/24,"8,491,201","261,050,933",30.90,31.25,30.30,30.35,-0.90,"5,324",
114/04/25,"5,126,048","156,755,855",30.75,30.95,30.35,30.40,+0.05,"2,986",
114/04/28,"3,717,648","112,873,464",30.45,30.85,30.10,30.45,+0.05,"2,466",
114/04/29,"7,364,759","226,520,545",30.45,30.95,30.25,30.95,+0.50,"3,284",
114/04/30,"4,871,483","149,041,092",30.75,30.80,30.45,30.60,-0.35,"2,752",
114/05/02,"4,380,100","134,534,488",30.80,30.90,30.40,30.85,+0.25,"2,299",
114/05/05,"12,924,487","407,985,419",31.00,31.95,30.95,31.60,+0.75,"6,045",
114/05/06,"10,144,547","323,338,439",32.00,32.40,31.40,31.80,+0.20,"5,299",
114/05/07,"9,321,729","299,412,991",32.10,32.50,31.70,31.80, 0.00,"5,034",
114/05/08,"9,669,383","301,272,098",31.75,31.75,30.95,30.95,-0.85,"6,872",
114/05/09,"7,310,515","228,117,441",30.90,31.55,30.70,31.45,+0.50,"4,037",
114/05/12,"6,682,473","212,084,187",31.80,32.00,31.50,31.65,+0.20,"3,294",
114/05/13,"9,767,493","305,005,316",31.65,31.75,31.00,31.30,-0.35,"5,389",
114/05/14,"8,790,960","278,575,465",31.75,31.95,31.25,31.95,+0.65,"4,568",
114/05/15,"7,795,131","245,916,293",31.90,31.90,31.40,31.45,-0.50,"4,075",
114/05/16,"4,442,708","140,427,274",31.85,31.85,31.45,31.75,+0.30,"2,880",
114/05/19,"5,571,603","175,352,823",31.75,31.80,31.15,31.65,-0.10,"3,030",
114/05/20,"4,589,563","144,522,161",31.80,31.80,31.30,31.45,-0.20,"2,920",
114/05/21,"5,225,103","165,273,146",31.70,31.85,31.30,31.65,+0.20,"2,837",
114/05/22,"8,512,932","263,252,591",31.40,31.45,30.65,30.70,-0.95,"4,568",
114/05/23,"6,990,328","213,832,206",30.65,30.80,30.40,30.75,+0.05,"3,722",
114/05/26,"9,748,490","295,518,349",30.55,30.70,30.10,30.10,-0.65,"5,383",
114/05/27,"10,402,300","311,690,370",30.15,30.45,29.60,29.60,-0.50,"5,809",
114/05/28,"8,943,394","265,218,217",29.95,30.20,29.45,29.60, 0.00,"4,991",
114/05/29,"28,153,419","811,283,291",29.95,29.95,28.65,28.65,-0.95,"8,688",
114/06/02,"18,885,157","519,992,844",28.40,28.40,27.15,27.50,-1.15,"9,781",
114/06/03,"10,401,433","287,267,921",27.80,27.90,27.35,27.65,+0.15,"4,903",
114/06/04,"10,925,560","305,896,154",27.80,28.30,27.60,28.10,+0.45,"5,571",
114/06/05,"11,569,459","330,800,244",28.05,28.90,27.80,28.80,+0.70,"5,752",
114/06/06,"8,626,914","250,932,966",28.80,29.40,28.50,29.30,+0.50,"5,410",
114/06/09,"10,125,104","294,586,228",29.45,29.55,28.80,29.35,+0.05,"5,266",
114/06/10,"15,881,591","471,340,074",29.30,30.10,28.95,29.75,+0.40,"7,370",
114/06/11,"13,069,446","388,967,796",29.90,30.00,29.40,29.95,+0.20,"5,984",
114/06/12,"11,966,064","355,618,962",29.95,30.30,29.40,29.50,-0.45,"5,204",
114/06/13,"19,475,640","570,971,987",29.30,29.80,28.70,29.40,-0.10,"8,528",
114/06/16,"17,214,986","518,314,631",29.65,30.55,29.10,30.25,+0.85,"7,680",
114/06/17,"21,472,073","625,372,191",30.15,30.30,28.70,28.70,-1.55,"10,673",
114/06/18,"15,830,328","452,135,812",28.95,29.00,28.40,28.45,-0.25,"7,979",
114/06/19,"19,472,524","545,608,627",28.45,28.60,27.65,27.85,-0.60,"7,780",
114/06/20,"80,801,498","2,186,635,493",27.85,28.10,26.80,27.00,-0.85,"17,804",
114/06/23,"54,667,236","1,464,497,642",27.15,27.35,26.30,27.10,+0.10,"15,301",
114/06/24,"53,991,027","1,482,628,171",27.10,27.90,27.00,27.55,+0.45,"12,563",
114/06/25,"46,426,450","1,290,837,368",27.85,28.30,27.60,27.85,+0.30,"11,052",
114/06/26,"63,425,567","1,814,172,193",28.10,29.35,28.00,28.55,+0.70,"17,249",
114/06/27,"29,735,793","836,548,001",28.80,28.95,27.80,28.10,-0.45,"11,149",
114/06/30,"25,367,810","698,222,342",28.10,28.10,27.25,27.30,-0.80,"7,386",
114/07/01,"28,842,062","796,018,991",27.10,28.10,27.10,27.60,+0.30,"10,124",
114/07/02,"11,600,113","325,125,855",27.40,28.35,27.35,28.35,+0.75,"4,685",
114/07/03,"16,817,330","483,029,294",28.15,29.00,28.10,29.00,+0.65,"6,290",
114/07/04,"10,482,373","303,366,147",28.80,29.15,28.70,29.00, 0.00,"4,477",
114/07/07,"6,582,263","187,424,813",28.95,28.95,28.30,28.45,-0.55,"3,273",
114/07/08,"11,540,673","324,176,786",28.55,28.75,27.85,28.05,-0.40,"4,128",
114/07/09,"12,036,206","331,994,117",27.90,27.90,27.40,27.45,-0.60,"5,315",
114/07/10,"5,817,032","159,386,938",27.40,27.60,27.25,27.30,-0.15,"2,879",
114/07/11,"18,654,663","496,714,795",27.05,27.10,26.25,26.65,-0.65,"7,996",
114/07/14,"11,252,109","305,978,419",26.60,27.50,26.60,27.35,+0.70,"5,026",
114/07/15,"18,226,135","507,301,406",27.35,28.40,27.35,27.65,+0.30,"7,111",
114/07/16,"13,104,111","365,051,109",27.50,28.15,27.35,27.75,+0.10,"6,235",
114/07/17,"28,047,805","809,358,122",27.90,29.40,27.75,29.25,+1.50,"10,884",
114/07/18,"23,145,577","681,056,964",29.55,29.70,29.15,29.40,+0.15,"7,873",
114/07/21,"19,717,536","586,510,464",29.50,30.15,29.40,29.80,+0.40,"6,967",
114/07/22,"17,700,187","513,139,741",29.10,29.35,28.75,28.80,X0.00,"6,428",
114/07/23,"45,645,484","1,400,856,839",29.05,31.65,29.00,31.65,+2.85,"15,890",
114/07/24,"88,385,577","2,837,421,994",32.40,33.00,30.75,32.40,+0.75,"31,236",
114/07/25,"90,909,520","3,037,314,714",32.35,34.20,32.00,33.65,+1.25,"32,845",
114/07/28,"158,707,489","5,635,030,477",34.50,37.00,33.90,37.00,+3.35,"55,077",
114/07/29,"159,112,569","5,811,678,629",37.30,37.30,35.80,35.85,-1.15,"63,197",
114/07/30,"256,889,168","9,734,240,868",36.40,39.30,36.05,38.70,+2.85,"100,188",
114/07/31,"200,542,382","7,985,849,121",38.70,41.80,37.50,40.95,+2.25,"86,893",
114/08/01,"147,581,228","5,964,907,635",39.80,41.70,39.45,39.80,-1.15,"61,089",
114/08/04,"99,039,973","3,740,696,088",39.00,39.00,37.00,37.65,-2.15,"43,218",
114/08/05,"79,287,920","2,949,205,024",38.35,38.80,36.60,36.80,-0.85,"34,087",
114/08/06,"75,534,167","2,831,916,595",36.90,38.25,36.50,37.30,+0.50,"31,147",
114/08/07,"36,935,721","1,374,707,624",37.50,37.70,36.85,37.15,-0.15,"18,062",
114/08/08,"37,151,293","1,367,991,954",37.20,37.35,36.20,36.80,-0.35,"18,933",
114/08/11,"113,452,259","4,413,281,997",36.50,40.20,36.00,39.85,+3.05,"51,822",
114/08/12,"165,359,332","6,830,042,653",40.65,42.35,40.40,41.40,+1.55,"76,035",
114/08/13,"152,712,250","6,562,566,916",41.85,44.25,41.15,42.60,+1.20,"73,257",
114/08/14,"114,781,495","4,935,775,773",43.60,44.50,41.20,41.75,-0.85,"59,044",
114/08/15,"108,551,613","4,556,946,810",41.85,43.30,40.50,42.95,+1.20,"47,328",
114/08/18,"168,198,458","7,665,619,863",43.70,46.75,43.45,46.25,+3.30,"79,524",
114/08/19,"190,907,576","8,389,981,907",47.05,47.50,41.80,42.15,-4.10,"97,471",
114/08/20,"99,573,810","4,082,949,598",41.10,42.50,40.15,40.75,-1.40,"46,235",
114/08/21,"100,178,494","4,240,573,249",41.80,43.35,41.50,42.30,+1.55,"46,035",
114/08/22,"49,443,893","2,057,566,534",42.70,42.75,40.90,41.10,-1.20,"25,382",
114/08/25,"77,143,169","3,283,990,755",42.05,43.60,41.35,42.55,+1.45,"34,093",
114/08/26,"153,225,364","6,805,353,441",44.85,45.70,43.20,44.40,+1.85,"61,879",
114/08/27,"168,148,228","7,673,908,506",45.30,46.50,44.85,44.85,+0.45,"77,702",
114/08/28,"72,338,864","3,143,001,740",44.70,44.70,42.75,43.00,-1.85,"43,058",
114/08/29,"72,765,816","3,123,089,171",43.35,43.75,42.15,43.20,+0.20,"33,635",
114/09/01,"70,820,250","2,998,281,403",42.85,43.40,41.25,42.50,-0.70,"32,809",
114/09/02,"117,632,505","4,740,408,131",42.65,43.05,39.10,39.90,-2.60,"51,143",
114/09/03,"60,749,288","2,413,925,150",40.55,40.80,39.20,39.30,-0.60,"30,864",
114/09/04,"39,199,561","1,530,380,160",39.60,39.80,38.65,38.90,-0.40,"18,861",
114/09/05,"44,176,048","1,700,499,094",39.30,39.30,38.20,38.45,-0.45,"20,451",
114/09/08,"29,323,416","1,127,310,678",38.70,38.80,38.20,38.40,-0.05,"14,013",
114/09/09,"71,485,305","2,790,537,130",38.45,39.95,38.30,38.65,+0.25,"29,514",
114/09/10,"36,238,604","1,396,219,500",38.65,38.95,38.20,38.20,-0.45,"18,923",
114/09/11,"51,540,557","1,942,127,024",38.40,38.45,37.25,37.40,-0.80,"21,381",
114/09/12,"17,799,303","674,123,717",37.70,38.25,37.60,37.65,+0.25,"10,118",
114/09/15,"18,991,261","715,497,663",37.80,37.95,37.40,37.50,-0.15,"8,605",
114/09/16,"39,296,193","1,453,045,649",37.35,37.70,36.70,36.75,-0.75,"16,029",
114/09/17,"32,136,534","1,209,194,350",36.80,38.15,36.80,37.70,+0.95,"14,240",
114/09/18,"34,435,987","1,281,393,490",37.90,37.95,36.85,36.90,-0.80,"16,673",
114/09/19,"87,589,099","3,393,801,463",37.10,39.50,37.10,39.25,+2.35,"33,225",
114/09/22,"88,102,778","3,530,472,572",40.70,40.95,39.05,40.55,+1.30,"36,989",
114/09/23,"130,969,991","5,372,811,783",40.75,42.45,39.80,39.80,-0.75,"58,778",
114/09/24,"39,165,757","1,524,443,081",39.60,40.00,38.50,38.60,-1.20,"18,131",
114/09/25,"84,120,960","3,417,036,005",38.50,41.20,38.40,40.90,+2.30,"39,264",
114/09/26,"38,801,734","1,546,816,535",40.70,40.90,39.45,39.60,-1.30,"18,295",
114/09/30,"27,881,229","1,105,227,435",40.25,40.60,39.20,39.45,-0.15,"13,053",
114/10/01,"19,671,432","782,474,826",39.50,40.45,39.35,39.45, 0.00,"9,795",
114/10/02,"33,968,384","1,331,340,105",40.00,40.60,38.50,38.65,-0.80,"16,574",
114/10/03,"20,492,914","786,590,667",38.80,38.90,37.85,38.55,-0.10,"10,106",
114/10/07,"99,477,931","4,108,336,393",38.80,42.00,38.75,41.45,+2.90,"41,355",
114/10/08,"46,214,840","1,916,046,816",41.45,41.80,40.95,41.80,+0.35,"24,052",
114/10/09,"94,516,865","4,044,476,420",42.50,43.60,41.75,42.60,+0.80,"51,258",
114/10/13,"45,091,123","1,856,335,516",40.55,42.00,40.30,41.90,-0.70,"25,760",
114/10/14,"58,573,742","2,400,398,868",42.30,42.60,40.15,40.20,-1.70,"47,340",
114/10/15,"29,922,274","1,208,110,390",40.30,41.15,39.60,40.50,+0.30,"18,067",
114/10/16,"27,486,316","1,138,473,644",40.90,41.95,40.85,41.45,+0.95,"14,401",
114/10/17,"36,364,981","1,522,015,939",41.00,42.30,41.00,41.95,+0.50,"16,975",
114/10/20,"32,949,790","1,392,698,420",42.50,43.00,41.70,42.05,+0.10,"23,749",
114/10/21,"26,973,952","1,132,814,612",42.10,42.40,41.55,41.90,-0.15,"15,033",
114/10/22,"68,679,920","2,942,929,946",41.90,44.00,41.75,42.35,+0.45,"48,536",
114/10/23,"89,186,133","3,875,007,103",42.30,44.40,42.00,43.40,+1.05,"44,452",
114/10/27,"65,281,393","2,859,421,839",44.10,44.85,42.90,43.00,-0.40,"36,503",
114/10/28,"47,332,510","1,993,424,118",43.20,43.20,41.80,42.20,-0.80,"25,357",
114/10/29,"29,214,651","1,222,679,119",42.20,42.50,41.45,41.95,-0.25,"15,232",
114/10/30,"21,420,066","897,703,279",42.30,42.60,41.40,41.95, 0.00,"10,444",
114/10/31,"45,640,364","1,937,284,410",42.30,43.75,41.50,41.50,-0.45,"20,436",
114/11/03,"22,474,641","929,771,948",41.50,42.15,40.85,41.35,-0.15,"15,112",
114/11/04,"29,726,510","1,240,830,994",42.05,42.70,41.25,41.35, 0.00,"14,875",
114/11/05,"31,076,840","1,255,836,276",40.70,41.10,39.70,41.00,-0.35,"15,759",
114/11/06,"24,192,572","1,004,305,374",41.25,41.85,40.85,41.65,+0.65,"11,430",
114/11/07,"61,106,691","2,603,791,799",41.60,43.15,41.20,42.55,+0.90,"25,952",
114/11/10,"50,200,655","2,161,140,323",43.50,43.60,42.20,43.25,+0.70,"28,184",
114/11/11,"123,131,763","5,574,972,326",43.65,46.45,43.50,45.30,+2.05,"60,886",
114/11/12,"174,611,856","8,385,497,650",46.05,49.80,44.85,49.80,+4.50,"81,679",
114/11/13,"336,947,705","17,904,603,214",51.60,54.70,50.70,53.80,+4.00,"134,589",
114/11/14,"235,389,305","12,847,401,961",52.10,57.10,52.10,55.60,+1.80,"111,229",
114/11/17,"216,309,874","12,606,646,015",57.40,59.70,56.40,56.50,+0.90,"104,919",
114/11/18,"237,895,796","13,894,804,772",56.20,60.80,55.70,57.30,+0.80,"129,361",
114/11/19,"141,242,686","7,717,712,495",56.60,56.80,53.30,53.80,-3.50,"98,729",
114/11/20,"187,213,322","10,708,653,199",56.40,58.80,54.90,56.60,+2.80,"98,615",
114/11/21,"87,722,137","4,661,687,858",53.40,55.10,52.20,52.50,-4.10,"48,238",
114/11/24,"89,940,447","4,850,127,005",53.80,54.80,52.60,54.80,+2.30,"38,502",
114/11/25,"126,477,283","6,744,255,965",56.40,56.50,50.90,52.40,-2.40,"63,336",
114/11/26,"68,850,257","3,512,622,548",52.30,52.30,50.10,51.10,-1.30,"33,205",
114/11/27,"153,271,208","8,423,612,196",52.40,56.20,52.40,56.20,+5.10,"61,247",
114/11/28,"252,999,258","14,894,089,882",57.80,60.90,57.20,59.00,+2.80,"120,252",
114/12/01,"234,435,298","14,435,017,956",63.10,63.90,59.50,61.10,+2.10,"120,233",
114/12/02,"234,676,835","15,027,374,057",61.50,65.50,61.30,64.40,+3.30,"115,090",
114/12/03,"262,513,069","17,522,588,438",65.00,68.10,64.10,67.70,+3.30,"137,055",
114/12/04,"224,384,126","14,637,838,682",68.30,68.40,62.80,63.40,-4.30,"123,384",
114/12/05,"91,640,083","5,763,672,924",62.80,63.90,61.90,63.40, 0.00,"49,438",
114/12/08,"106,385,560","6,741,576,195",63.80,64.80,62.30,63.40, 0.00,"56,698",
114/12/09,"91,971,053","5,676,097,071",62.10,62.90,60.50,62.10,-1.30,"50,880",
114/12/10,"72,310,843","4,499,648,716",62.60,63.70,61.10,61.40,-0.70,"40,785",
114/12/11,"73,179,542","4,426,368,877",61.80,62.10,59.70,59.90,-1.50,"41,150",
114/12/12,"38,711,443","2,343,041,084",60.70,61.10,59.80,61.10,+1.20,"23,650",
114/12/15,"32,503,687","1,961,003,405",60.00,61.40,59.20,60.50,-0.60,"22,652",
114/12/16,"46,917,747","2,763,640,631",60.00,60.30,57.90,58.20,-2.30,"25,825",
114/12/17,"61,407,692","3,540,216,583",58.50,59.10,56.50,57.40,-0.80,"33,976",
114/12/18,"45,499,325","2,643,495,513",57.50,59.00,57.40,57.40, 0.00,"24,674",
114/12/19,"126,489,251","7,600,409,371",58.40,61.40,57.80,59.90,+2.50,"56,741",
114/12/22,"69,732,905","4,243,031,407",60.70,61.60,60.30,60.40,+0.50,"33,469",
114/12/23,"62,689,338","3,683,848,491",60.40,60.40,57.80,58.80,-1.60,"37,607",
114/12/24,"51,548,933","3,040,538,846",59.70,61.00,58.10,58.10,-0.70,"28,834",
114/12/26,"37,995,984","2,204,976,767",58.80,59.20,57.50,57.50,-0.60,"22,670",
114/12/29,"60,874,354","3,608,589,503",58.20,60.30,58.10,58.70,+1.20,"31,567",
114/12/30,"26,487,920","1,545,925,762",58.70,59.00,58.00,58.30,-0.40,"16,205",
114/12/31,"90,915,325","5,358,599,052",58.40,61.30,56.80,60.20,+1.90,"44,213",
115/01/02,"101,489,286","5,853,333,897",60.20,60.20,57.00,57.00,-3.20,"53,853",
115/01/05,"82,573,213","4,619,110,598",57.20,57.60,55.10,55.60,-1.40,"36,142",
115/01/06,"83,828,180","4,864,974,252",56.30,59.40,56.30,58.90,+3.30,"39,997",
115/01/07,"206,471,229","13,106,802,718",60.10,64.70,60.00,64.70,+5.80,"84,501",
115/01/08,"258,690,382","17,488,494,279",66.20,69.50,66.00,67.00,+2.30,"139,231",
115/01/09,"182,653,667","11,804,253,718",68.50,70.00,61.50,61.90,-5.10,"126,019",
115/01/12,"88,763,068","5,656,658,024",63.10,65.40,61.90,64.70,+2.80,"54,619",
115/01/13,"89,876,199","5,677,866,627",65.00,65.20,61.80,62.20,-2.50,"48,739",
115/01/14,"55,389,977","3,492,088,438",62.70,64.20,61.30,63.40,+1.20,"32,358",
115/01/15,"226,595,276","15,501,028,134",63.70,69.70,63.60,69.70,+6.30,"100,545",
115/01/16,"370,162,871","26,838,084,539",71.80,73.80,70.60,73.80,+4.10,"180,145",
115/01/19,"362,661,421","28,208,994,024",75.50,81.10,74.60,79.40,+5.60,"185,621",
115/01/20,"229,688,124","17,712,677,893",75.20,79.40,74.00,76.40,-3.00,"122,355",
115/01/21,"101,980,091","7,582,140,456",75.30,76.70,73.10,73.70,-2.70,"57,774",
115/01/22,"186,857,331","14,488,231,631",76.80,79.80,74.70,77.80,+4.10,"95,237",
115/01/23,"123,752,600","9,549,290,586",78.40,78.40,75.00,77.10,-0.70,"68,284",
115/01/26,"182,958,251","14,725,269,730",78.90,82.40,77.30,81.70,+4.60,"94,671",
115/01/27,"108,735,006","8,698,862,487",82.00,82.70,78.60,79.60,-2.10,"71,221",
115/01/28,"132,427,952","10,754,574,020",80.10,83.50,79.60,80.50,+0.90,"70,310",
115/01/29,"84,455,739","6,626,140,994",81.50,82.30,76.50,77.10,-3.40,"62,103",
115/01/30,"61,243,981","4,652,315,267",76.70,77.70,74.30,75.90,-1.20,"35,235",
115/02/02,"68,943,284","4,938,899,322",74.60,75.40,70.00,70.60,-5.30,"36,394",
115/02/03,"62,846,722","4,632,516,455",72.90,75.40,72.70,73.00,+2.40,"33,373",
115/02/04,"76,143,132","5,810,696,045",73.10,78.80,71.70,77.60,+4.60,"45,734",
115/02/05,"56,830,149","4,313,347,221",76.50,78.30,74.10,74.50,-3.10,"40,986",
115/02/06,"141,245,406","10,550,088,294",73.90,77.30,71.80,73.50,-1.00,"67,614",
115/02/09,"107,011,207","8,379,556,557",76.90,80.30,75.80,78.00,+4.50,"64,246",
115/02/10,"102,997,493","7,688,186,164",78.80,78.80,72.20,72.80,-5.20,"78,290",
115/02/11,"132,612,576","10,342,852,039",73.90,79.90,73.50,78.80,+6.00,"72,670",
115/02/23,"158,358,973","13,203,136,465",82.50,85.20,80.10,83.60,+4.80,"99,359",
115/02/24,"166,077,385","14,721,072,451",85.70,91.40,84.70,90.80,+7.20,"98,076",
115/02/25,"164,199,594","15,354,709,961",92.20,95.40,89.00,94.90,+4.10,"98,137",
115/02/26,"133,968,653","12,381,083,741",95.50,96.50,90.10,91.80,-3.10,"125,359",
115/03/02,"66,187,720","5,959,944,972",88.30,91.80,88.30,89.50,-2.30,"47,120",
115/03/03,"143,498,236","12,629,205,083",89.50,94.70,83.80,85.00,-4.50,"81,333",
115/03/04,"83,532,323","6,707,849,999",83.00,84.00,78.40,79.30,-5.70,"46,724",
115/03/05,"107,157,943","8,890,140,908",84.20,85.10,80.30,82.40,+3.10,"53,957",
115/03/06,"82,759,323","6,935,918,862",81.50,86.20,81.40,82.30,-0.10,"48,528",
115/03/09,"65,729,580","4,928,997,075",75.80,77.90,74.10,74.10,-8.20,"38,113",
115/03/10,"74,723,944","5,790,511,925",76.80,79.00,75.60,77.70,+3.60,"37,661",
115/03/11,"107,699,736","8,692,831,582",79.50,83.30,78.60,82.40,+4.70,"57,260",
115/03/12,"96,467,625","7,520,920,561",81.10,81.10,76.40,77.50,-4.90,"61,245",
115/03/13,"135,671,073","11,072,365,360",76.30,85.00,75.90,83.50,+6.00,"72,861",
115/03/16,"176,709,593","15,717,400,083",88.20,91.00,86.20,89.20,+5.70,"90,258",
115/03/17,"104,302,099","9,102,513,440",89.90,89.90,85.50,85.50,-3.70,"73,571",
115/03/18,"62,177,154","5,383,831,711",86.80,88.00,85.00,86.20,+0.70,"35,781",
115/03/19,"52,070,001","4,425,713,657",85.10,87.20,83.50,84.20,-2.00,"33,044",
115/03/20,"79,109,988","6,344,330,277",84.20,84.70,78.10,78.40,-5.80,"50,593",
115/03/23,"70,639,678","5,237,606,556",74.70,77.00,72.60,73.80,-4.60,"42,812",
115/03/24,"51,935,575","3,782,243,488",76.00,76.00,70.90,72.30,-1.50,"28,015",
115/03/25,"50,730,730","3,849,373,537",75.10,77.00,74.60,76.00,+3.70,"29,519",
115/03/26,"79,562,335","6,247,046,611",79.50,81.60,74.80,74.80,-1.20,"49,129",
115/03/27,"39,331,056","2,890,788,369",73.60,74.90,72.20,74.20,-0.60,"24,939",
115/03/30,"133,187,379","10,571,022,974",72.10,81.60,71.80,81.40,+7.20,"77,077",
115/03/31,"117,821,245","8,925,552,619",79.00,79.70,73.40,73.90,-7.50,"64,437",
115/04/01,"105,710,042","8,295,302,606",76.20,80.70,75.80,78.70,+4.80,"56,819",
115/04/02,"69,705,526","5,508,651,761",80.50,81.20,77.00,77.10,-1.60,"41,816",
115/04/07,"82,942,085","6,752,046,878",79.80,83.40,79.10,80.50,+3.40,"48,405",
115/04/08,"110,264,175","9,330,802,912",83.90,86.00,82.70,85.10,+4.60,"62,012",
115/04/09,"121,957,382","10,638,754,707",85.40,89.60,84.50,85.20,+0.10,"71,271",
115/04/10,"91,721,968","7,609,425,205",86.90,87.20,80.40,81.60,-3.60,"55,510",
115/04/13,"99,527,270","8,475,587,676",83.00,86.90,81.80,85.70,+4.10,"55,582",
115/04/14,"142,070,315","12,667,088,324",87.60,91.50,86.80,89.00,+3.30,"81,320",
115/04/15,"130,802,962","11,690,196,131",90.80,91.90,86.80,88.50,-0.50,"89,071",
115/04/16,"93,119,071","8,325,397,566",89.80,91.20,86.20,90.50,+2.00,"55,309",
115/04/17,"96,984,026","8,568,428,259",89.30,91.20,86.90,87.70,-2.80,"57,502",
115/04/20,"70,736,630","6,094,858,809",87.90,89.30,84.40,85.70,-2.00,"40,926",
115/04/21,"58,398,932","5,172,827,241",86.60,89.50,86.60,88.40,+2.70,"34,591",
115/04/22,"59,706,559","5,332,308,544",88.80,91.20,87.30,89.40,+1.00,"36,772",
115/04/23,"92,282,137","7,967,308,369",91.40,91.50,82.60,85.20,-4.20,"56,027",
115/04/24,"55,039,883","4,717,025,323",85.80,88.30,83.20,85.90,+0.70,"33,508",
115/04/27,"64,884,563","5,713,434,273",86.00,89.70,85.90,87.80,+1.90,"37,305",
115/04/28,"98,079,736","8,868,449,297",89.00,92.50,88.60,89.50,+1.70,"62,431",
115/04/29,"88,354,755","8,108,445,096",90.00,93.40,89.00,91.60,+2.10,"58,099",
115/04/30,"101,531,762","9,143,629,936",92.50,93.60,87.80,89.60,-2.00,"63,394",
115/05/04,"57,623,829","5,127,793,867",90.30,90.70,88.00,88.40,-1.20,"38,080",
115/05/05,"128,709,884","11,851,731,579",88.60,94.40,87.20,94.00,+5.60,"69,781",
115/05/06,"151,794,126","14,665,095,027",97.20,101.50,92.00,93.80,-0.20,"101,663",
115/05/07,"74,376,118","6,804,956,961",94.10,94.60,90.20,90.30,-3.50,"50,306",
115/05/08,"61,558,376","5,461,498,663",89.50,90.80,86.60,88.60,-1.70,"36,334",
115/05/11,"53,717,251","4,898,025,419",89.80,92.30,89.50,91.50,+2.90,"28,006",
115/05/12,"63,621,877","5,734,098,703",92.40,92.90,88.50,89.10,-2.40,"44,160",
115/05/13,"56,632,071","4,902,019,330",89.70,89.70,85.20,86.50,-2.60,"34,676",
115/05/14,"51,575,498","4,476,794,930",87.00,89.60,85.30,85.30,-1.20,"32,098",
115/05/15,"83,288,505","7,128,375,051",86.00,87.70,83.30,85.30, 0.00,"41,099",
115/05/18,"43,497,103","3,641,922,307",84.10,84.80,82.10,84.20,-1.10,"26,578",
115/05/19,"59,035,662","4,942,289,293",84.40,86.70,81.70,81.70,-2.50,"36,126",
115/05/20,"45,033,101","3,659,626,834",82.30,82.80,80.40,80.80,-0.90,"24,177",
115/05/21,"71,604,549","6,229,195,962",83.10,88.30,83.10,87.30,+6.50,"36,755",
115/05/22,"45,973,684","4,024,928,072",88.00,89.10,86.70,86.70,-0.60,"37,782",
