日期,成交股數,成交金額,開盤價,最高價,最低價,收盤價,漲跌價差,成交筆數,註記
109/01/02,"18,470,566","813,465,904",43.80,44.15,43.80,44.10,+0.40,"6,251",
109/01/03,"18,387,114","807,459,827",44.15,44.25,43.45,43.95,-0.15,"6,733",
109/01/06,"13,867,625","602,752,323",43.50,43.70,43.30,43.45,-0.50,"5,566",
109/01/07,"14,185,347","616,059,913",43.45,43.60,43.20,43.60,+0.15,"4,739",
109/01/08,"13,465,670","583,893,343",43.15,43.55,43.15,43.40,-0.20,"4,685",
109/01/09,"17,899,047","777,095,165",43.40,43.60,43.30,43.45,+0.05,"4,299",
109/01/10,"12,755,874","554,204,406",43.45,43.50,43.35,43.50,+0.05,"3,188",
109/01/13,"23,870,603","1,051,194,288",43.75,44.25,43.65,44.25,+0.75,"6,532",
109/01/14,"20,357,664","904,504,264",44.25,44.55,44.25,44.55,+0.30,"5,770",
109/01/15,"23,662,867","1,053,815,288",44.55,44.70,44.30,44.55, 0.00,"7,657",
109/01/16,"14,814,952","662,036,531",44.50,44.95,44.45,44.75,+0.20,"5,776",
109/01/17,"9,522,761","426,564,174",44.90,44.90,44.65,44.90,+0.15,"4,164",
109/01/20,"8,870,270","398,481,034",44.95,45.00,44.85,44.95,+0.05,"3,320",
109/01/30,"64,150,715","2,725,362,280",42.70,43.05,41.60,41.85,-3.10,"19,930",
109/01/31,"26,430,159","1,116,222,284",41.75,42.50,41.75,42.05,+0.20,"8,709",
109/02/03,"23,001,298","942,583,933",40.50,41.65,40.10,41.55,-0.50,"8,088",
109/02/04,"20,790,788","878,703,530",41.60,42.70,41.60,42.40,+0.85,"8,133",
109/02/05,"15,228,671","644,977,888",42.50,42.65,41.95,42.35,-0.05,"5,257",
109/02/06,"14,063,043","603,883,999",42.50,43.10,42.45,43.00,+0.65,"4,029",
109/02/07,"13,537,254","574,693,939",42.20,42.70,42.05,42.50,-0.50,"4,510",
109/02/10,"12,820,414","541,670,664",42.00,42.60,41.70,42.40,-0.10,"4,073",
109/02/11,"15,825,702","675,999,276",42.50,42.90,42.50,42.60,+0.20,"4,608",
109/02/12,"14,367,529","615,124,852",42.60,43.00,42.60,42.80,+0.20,"3,855",
109/02/13,"18,326,337","790,906,891",42.80,43.45,42.80,43.15,+0.35,"6,489",
109/02/14,"9,297,256","402,285,311",43.20,43.40,43.15,43.20,+0.05,"3,502",
109/02/17,"10,347,058","444,890,344",42.80,43.10,42.75,43.00,-0.20,"3,109",
109/02/18,"9,220,879","396,963,797",43.00,43.20,42.90,43.05,+0.05,"2,509",
109/02/19,"12,463,648","539,911,116",43.10,43.50,43.10,43.40,+0.35,"4,144",
109/02/20,"10,840,090","470,884,644",43.55,43.80,43.15,43.15,-0.25,"3,693",
109/02/21,"10,565,795","456,575,839",43.15,43.35,43.05,43.25,+0.10,"2,771",
109/02/24,"12,606,292","541,934,056",43.00,43.20,42.80,43.00,-0.25,"4,073",
109/02/25,"17,268,484","737,292,511",42.35,43.00,42.30,42.70,-0.30,"7,454",
109/02/26,"20,869,167","883,113,162",42.15,42.60,42.10,42.20,-0.50,"6,656",
109/02/27,"15,386,463","650,149,283",42.20,42.40,42.05,42.25,+0.05,"5,246",
109/03/02,"19,464,670","820,634,945",41.40,42.60,41.40,42.25, 0.00,"6,713",
109/03/03,"14,474,150","618,431,178",42.60,42.90,42.50,42.65,+0.40,"4,446",
109/03/04,"9,537,433","408,263,824",42.60,42.95,42.60,42.85,+0.20,"3,002",
109/03/05,"10,483,070","451,950,451",42.90,43.30,42.85,43.30,+0.45,"4,048",
109/03/06,"13,206,384","566,064,257",43.20,43.20,42.50,42.85,-0.45,"4,208",
109/03/09,"21,445,731","901,372,833",42.20,42.40,41.70,41.85,-1.00,"7,179",
109/03/10,"18,373,010","763,447,320",41.20,41.90,41.20,41.60,-0.25,"6,656",
109/03/11,"15,028,516","630,516,266",42.00,42.25,41.70,41.80,+0.20,"5,633",
109/03/12,"29,637,367","1,215,770,160",41.70,41.80,40.40,40.75,-1.05,"10,800",
109/03/13,"42,284,434","1,653,643,838",39.00,40.55,38.30,40.25,-0.50,"14,369",
109/03/16,"20,548,943","811,674,382",40.25,40.25,38.85,38.85,-1.40,"7,705",
109/03/17,"43,649,794","1,649,530,268",38.00,38.20,37.45,37.60,-1.25,"13,944",
109/03/18,"36,467,777","1,343,606,922",37.30,37.50,36.00,36.00,-1.60,"15,058",
109/03/19,"36,658,794","1,251,104,218",34.90,34.90,33.35,33.60,-2.40,"16,611",
109/03/20,"32,820,319","1,184,241,762",34.15,36.95,34.15,36.95,+3.35,"11,214",
109/03/23,"30,694,697","1,107,450,069",35.80,36.95,34.50,36.10,-0.85,"8,200",
109/03/24,"23,929,371","915,895,081",38.30,38.70,37.80,38.25,+2.15,"9,572",
109/03/25,"17,956,597","701,750,294",39.05,39.50,38.70,38.80,+0.55,"7,400",
109/03/26,"17,364,088","676,632,258",39.50,39.50,38.55,38.60,-0.20,"5,675",
109/03/27,"14,154,796","553,157,694",39.30,39.45,38.80,38.95,+0.35,"4,980",
109/03/30,"11,479,147","445,447,560",38.25,39.20,38.00,39.15,+0.20,"4,593",
109/03/31,"17,002,298","668,791,722",39.25,39.50,39.00,39.50,+0.35,"5,348",
109/04/01,"12,970,346","507,742,437",39.50,39.55,39.00,39.00,-0.50,"4,509",
109/04/06,"12,469,065","486,703,606",39.50,39.55,38.50,39.05,+0.05,"4,300",
109/04/07,"17,317,268","690,581,320",39.60,40.10,39.50,39.95,+0.90,"6,715",
109/04/08,"19,695,492","805,308,322",40.00,41.20,40.00,41.00,+1.05,"8,138",
109/04/09,"14,118,997","574,865,574",41.00,41.10,40.50,40.55,-0.45,"6,059",
109/04/10,"7,289,095","297,972,795",40.60,41.00,40.60,41.00,+0.45,"2,613",
109/04/13,"5,565,821","227,706,823",40.80,41.10,40.70,40.80,-0.20,"2,443",
109/04/14,"15,494,328","641,107,803",40.80,41.80,40.80,41.65,+0.85,"6,116",
109/04/15,"19,431,503","814,365,648",41.90,42.05,41.80,41.80,+0.15,"8,917",
109/04/16,"13,136,721","549,857,838",41.45,42.10,41.35,41.85,+0.05,"4,510",
109/04/17,"13,674,541","576,751,822",42.20,42.40,41.95,42.00,+0.15,"5,119",
109/04/20,"10,237,650","433,091,189",42.20,42.50,42.10,42.35,+0.35,"5,291",
109/04/21,"17,436,480","730,722,475",42.35,42.45,41.60,41.80,-0.55,"7,727",
109/04/22,"12,760,896","529,747,313",41.40,41.70,41.25,41.60,-0.20,"5,725",
109/04/23,"16,668,832","700,507,486",41.60,42.40,41.60,42.15,+0.55,"9,521",
109/04/24,"9,369,114","393,496,549",42.15,42.20,41.70,42.00,-0.15,"5,481",
109/04/27,"14,249,222","599,656,974",42.25,42.40,42.00,42.00, 0.00,"5,519",
109/04/28,"9,714,821","408,714,019",42.30,42.30,41.85,42.25,+0.25,"4,699",
109/04/29,"13,649,106","579,815,570",42.30,42.55,42.25,42.55,+0.30,"5,259",
109/04/30,"18,924,976","816,168,818",42.55,43.35,42.55,43.20,+0.65,"6,948",
109/05/04,"18,229,830","769,716,744",41.60,42.65,41.60,42.20,-1.00,"7,154",
109/05/05,"14,616,480","625,624,459",42.30,43.05,42.30,42.85,+0.65,"6,366",
109/05/06,"10,809,816","460,727,235",42.55,42.95,42.30,42.60,-0.25,"5,114",
109/05/07,"9,145,536","391,839,031",42.80,43.10,42.50,42.70,+0.10,"3,762",
109/05/08,"11,586,777","497,571,291",43.10,43.10,42.75,43.00,+0.30,"3,544",
109/05/11,"12,671,272","548,148,231",43.20,43.45,43.15,43.15,+0.15,"4,745",
109/05/12,"10,886,203","466,860,003",42.75,43.10,42.75,42.95,-0.20,"4,979",
109/05/13,"16,361,936","695,975,641",42.70,42.90,42.30,42.90,-0.05,"7,256",
109/05/14,"15,587,566","661,439,971",42.55,42.80,42.20,42.60,-0.30,"6,702",
109/05/15,"9,148,609","387,916,013",42.65,42.75,42.25,42.30,-0.30,"4,379",
109/05/18,"10,674,074","452,028,641",42.00,42.70,42.00,42.35,+0.05,"5,151",
109/05/19,"21,443,073","922,409,089",42.90,43.20,42.70,43.00,+0.65,"8,733",
109/05/20,"11,157,906","480,344,408",43.20,43.20,42.90,42.90,-0.10,"4,058",
109/05/21,"12,472,312","536,956,066",43.00,43.15,42.80,43.00,+0.10,"6,587",
109/05/22,"12,617,893","539,523,175",43.00,43.10,42.60,42.65,-0.35,"5,235",
109/05/25,"11,390,429","483,814,432",42.65,42.70,42.20,42.65, 0.00,"5,049",
109/05/26,"14,316,519","615,746,367",42.95,43.20,42.80,43.00,+0.35,"5,560",
109/05/27,"11,688,598","500,802,504",42.70,43.10,42.70,42.85,-0.15,"7,025",
109/05/28,"16,239,519","691,419,332",42.85,42.90,42.35,42.35,-0.50,"7,015",
109/05/29,"37,201,707","1,583,278,087",42.35,42.80,42.25,42.55,+0.20,"5,711",
109/06/01,"13,078,634","563,016,744",42.95,43.15,42.75,43.10,+0.55,"6,028",
109/06/02,"12,568,609","543,078,464",43.15,43.30,43.05,43.30,+0.20,"6,184",
109/06/03,"18,791,075","820,378,010",43.50,43.90,43.40,43.65,+0.35,"8,453",
109/06/04,"13,868,624","603,196,516",44.00,44.00,43.30,43.40,-0.25,"6,031",
109/06/05,"8,873,983","386,149,271",43.50,43.65,43.35,43.65,+0.25,"4,817",
109/06/08,"15,341,602","670,784,440",43.75,43.95,43.50,43.95,+0.30,"5,785",
109/06/09,"14,104,400","617,295,643",43.65,43.90,43.60,43.90,-0.05,"6,513",
109/06/10,"22,750,386","999,014,263",43.75,44.15,43.50,44.00,+0.10,"9,742",
109/06/11,"16,466,320","719,101,496",43.90,44.05,43.30,43.30,-0.70,"9,121",
109/06/12,"21,783,848","933,217,214",42.50,43.00,42.45,42.90,-0.40,"8,779",
109/06/15,"17,874,614","762,470,767",42.75,42.95,42.50,42.50,-0.40,"8,950",
109/06/16,"11,897,301","510,156,938",42.75,43.15,42.70,42.85,+0.35,"8,204",
109/06/17,"14,696,654","626,818,544",42.80,42.85,42.55,42.85, 0.00,"8,539",
109/06/18,"10,558,799","450,935,298",42.85,42.90,42.60,42.70,-0.15,"6,118",
109/06/19,"25,125,556","1,073,041,829",42.80,43.20,42.55,42.55,-0.15,"9,486",
109/06/22,"12,590,838","538,775,823",42.85,43.10,42.65,42.90,+0.35,"6,717",
109/06/23,"14,116,429","604,267,273",43.00,43.00,42.70,42.70,-0.20,"7,036",
109/06/24,"14,382,227","615,991,311",42.90,43.00,42.70,42.85,+0.15,"8,189",
109/06/29,"13,244,414","565,549,779",42.60,42.85,42.60,42.65,-0.20,"5,813",
109/06/30,"12,448,715","532,833,070",42.90,42.90,42.75,42.75,+0.10,"4,973",
109/07/01,"16,849,718","724,826,902",42.75,43.20,42.70,43.10,+0.35,"7,420",
109/07/02,"18,208,381","792,183,247",43.20,43.70,43.00,43.60,+0.50,"6,053",
109/07/03,"20,191,659","886,893,826",43.80,44.05,43.80,43.95,+0.35,"5,748",
109/07/06,"21,176,594","939,084,941",44.00,44.50,44.00,44.40,+0.45,"8,005",
109/07/07,"19,194,610","850,838,356",44.40,44.55,44.05,44.50,+0.10,"6,925",
109/07/08,"23,461,258","1,054,913,481",44.40,45.15,44.35,45.15,+0.65,"8,787",
109/07/09,"21,763,786","986,948,925",45.40,45.45,45.15,45.30,+0.15,"7,650",
109/07/10,"17,481,909","789,085,576",45.30,45.35,44.95,44.95,-0.35,"6,227",
109/07/13,"13,284,482","599,667,540",45.00,45.30,44.90,45.20,+0.25,"4,475",
109/07/14,"12,095,615","547,237,928",45.10,45.40,45.05,45.30,+0.10,"4,083",
109/07/15,"26,551,742","1,209,835,417",45.40,45.75,45.30,45.60,+0.30,"6,106",
109/07/16,"36,668,838","1,638,986,350",45.45,45.45,44.40,44.50,-1.10,"11,916",
109/07/17,"14,423,247","647,163,369",44.85,45.10,44.65,44.80,+0.30,"5,956",
109/07/20,"15,003,737","676,857,015",44.80,45.25,44.75,45.10,+0.30,"4,973",
109/07/21,"31,577,801","1,439,901,509",45.25,45.80,45.20,45.55,+0.45,"8,427",
109/07/22,"16,703,486","759,777,371",45.40,45.75,45.30,45.50,-0.05,"7,502",
109/07/23,"14,367,522","654,266,106",45.50,45.65,45.20,45.60,+0.10,"5,572",
109/07/24,"11,746,156","531,616,970",45.30,45.45,45.00,45.00,-0.60,"4,674",
109/07/27,"13,606,623","609,540,860",44.95,45.25,44.60,44.60,-0.40,"4,669",
109/07/28,"18,757,943","834,387,411",44.40,44.95,44.00,44.50,-0.10,"6,219",
109/07/29,"17,660,823","796,400,935",44.50,45.25,44.35,45.05,+0.55,"5,792",
109/07/30,"10,024,771","453,239,486",45.20,45.40,44.95,45.35,+0.30,"3,433",
109/07/31,"11,621,829","525,614,955",45.35,45.50,45.00,45.00,-0.35,"5,178",
109/08/03,"13,546,103","607,768,472",45.00,45.00,44.70,44.95,-0.05,"4,608",
109/08/04,"22,411,736","1,014,307,711",44.95,45.65,44.95,45.40,+0.45,"6,280",
109/08/05,"41,542,772","1,922,530,513",45.60,46.65,45.60,46.45,+1.05,"14,798",
109/08/06,"34,077,859","1,600,734,352",46.95,47.15,46.50,47.15,+0.70,"14,960",
109/08/07,"30,533,956","1,442,332,532",47.50,47.55,46.95,47.10,-0.05,"12,529",
109/08/10,"27,092,060","1,265,925,967",46.90,47.00,46.50,46.60,-0.50,"10,978",
109/08/11,"32,519,966","1,514,883,224",46.55,46.75,46.50,46.50,-0.10,"8,733",
109/08/12,"88,740,748","3,663,685,102",41.40,41.45,40.85,41.00,X0.00,"30,412",
109/08/13,"31,054,952","1,279,760,517",41.30,41.60,41.00,41.20,+0.20,"18,708",
109/08/14,"36,239,984","1,535,910,762",41.30,43.00,41.25,42.85,+1.65,"14,561",
109/08/17,"18,671,833","810,417,504",43.25,43.85,43.20,43.35,+0.50,"7,756",
109/08/18,"31,547,965","1,387,857,153",43.45,44.30,43.45,44.00,+0.65,"13,931",
109/08/19,"30,791,311","1,370,455,781",44.00,44.70,43.95,44.35,+0.35,"12,085",
109/08/20,"33,185,513","1,455,150,340",44.45,45.00,43.00,43.50,-0.85,"12,610",
109/08/21,"23,932,276","1,056,488,053",44.20,44.50,43.75,44.25,+0.75,"7,777",
109/08/24,"15,179,952","670,050,341",44.25,44.30,43.70,44.05,-0.20,"6,699",
109/08/25,"14,652,550","647,668,748",44.40,44.40,44.00,44.10,+0.05,"5,331",
109/08/26,"15,157,918","666,509,431",44.10,44.15,43.85,44.10, 0.00,"4,287",
109/08/27,"8,813,476","386,680,922",44.10,44.10,43.70,43.85,-0.25,"3,580",
109/08/28,"16,716,836","727,623,739",43.85,44.00,43.10,43.50,-0.35,"7,289",
109/08/31,"20,250,493","874,427,470",43.80,43.90,42.90,42.90,-0.60,"8,197",
109/09/01,"16,607,779","709,608,597",43.20,43.20,42.55,42.75,-0.15,"7,400",
109/09/02,"21,361,405","910,798,099",43.00,43.20,42.25,42.65,-0.10,"7,866",
109/09/03,"23,814,755","1,015,042,703",42.65,43.00,42.40,42.70,+0.05,"11,376",
109/09/04,"24,289,159","1,024,781,812",42.30,42.30,42.05,42.20,-0.50,"6,673",
109/09/07,"16,138,880","686,262,651",42.05,42.70,42.00,42.70,+0.50,"5,686",
109/09/08,"13,631,272","582,842,159",43.00,43.10,42.65,42.70, 0.00,"5,228",
109/09/09,"16,304,790","689,326,590",42.15,42.60,42.00,42.55,-0.15,"5,800",
109/09/10,"14,342,664","607,049,240",42.60,42.70,42.10,42.45,-0.10,"5,086",
109/09/11,"12,274,765","519,104,812",42.45,42.45,42.20,42.30,-0.15,"3,885",
109/09/14,"14,634,572","622,657,796",42.35,42.95,42.30,42.95,+0.65,"4,341",
109/09/15,"11,504,426","490,603,254",42.95,42.95,42.50,42.70,-0.25,"3,975",
109/09/16,"14,843,767","634,556,408",42.65,42.90,42.60,42.85,+0.15,"5,779",
109/09/17,"11,453,103","489,024,622",42.85,43.00,42.45,42.55,-0.30,"5,343",
109/09/18,"13,180,812","560,008,805",42.55,42.65,42.35,42.50,-0.05,"3,323",
109/09/21,"9,245,935","391,431,618",42.35,42.50,42.20,42.25,-0.25,"4,950",
109/09/22,"19,688,474","825,416,982",42.15,42.15,41.60,41.80,-0.45,"6,986",
109/09/23,"34,750,872","1,428,017,599",41.80,41.80,40.90,41.00,-0.80,"17,586",
109/09/24,"33,370,868","1,340,888,521",40.40,40.50,40.00,40.05,-0.95,"15,953",
109/09/25,"16,090,704","651,617,888",40.50,40.75,40.20,40.55,+0.50,"7,690",
109/09/28,"10,460,452","426,818,615",40.75,40.95,40.65,40.95,+0.40,"4,248",
109/09/29,"17,122,449","706,835,419",41.20,41.60,41.00,41.20,+0.25,"5,100",
109/09/30,"13,689,470","568,630,848",41.60,41.80,41.25,41.40,+0.20,"4,492",
109/10/05,"8,847,997","364,378,782",41.50,41.65,41.00,41.00,-0.40,"4,197",
109/10/06,"7,880,703","325,526,824",41.30,41.45,41.15,41.40,+0.40,"2,778",
109/10/07,"13,510,779","555,975,896",41.45,41.50,41.00,41.15,-0.25,"4,099",
109/10/08,"11,267,841","462,972,491",41.30,41.35,40.95,41.15, 0.00,"4,041",
109/10/12,"12,889,390","527,819,227",41.15,41.30,40.70,40.95,-0.20,"5,615",
109/10/13,"10,830,846","438,488,554",40.75,40.90,40.35,40.50,-0.45,"5,617",
109/10/14,"11,459,740","465,580,345",40.75,40.95,40.50,40.50, 0.00,"4,501",
109/10/15,"13,255,777","534,196,175",40.45,40.45,40.15,40.30,-0.20,"5,401",
109/10/16,"8,051,994","325,137,942",40.25,40.50,40.25,40.30, 0.00,"3,659",
109/10/19,"7,310,107","296,628,613",40.60,40.75,40.45,40.45,+0.15,"3,181",
109/10/20,"10,707,136","432,124,478",40.50,40.60,40.20,40.35,-0.10,"5,164",
109/10/21,"10,476,431","423,561,360",40.50,40.60,40.30,40.30,-0.05,"5,069",
109/10/22,"7,830,669","318,509,868",40.30,41.00,40.30,41.00,+0.70,"3,011",
109/10/23,"7,145,218","291,064,187",41.05,41.10,40.55,40.65,-0.35,"3,525",
109/10/26,"9,110,492","369,589,583",40.60,40.85,40.50,40.50,-0.15,"4,561",
109/10/27,"11,560,290","467,442,692",40.40,40.60,40.35,40.50, 0.00,"4,854",
109/10/28,"8,197,644","332,547,148",40.50,40.70,40.50,40.55,+0.05,"3,611",
109/10/29,"9,421,094","380,693,194",40.35,40.55,40.20,40.35,-0.20,"3,988",
109/10/30,"8,723,616","353,231,776",40.35,40.60,40.30,40.55,+0.20,"2,925",
109/11/02,"4,547,735","184,453,918",40.45,40.60,40.45,40.60,+0.05,"2,114",
109/11/03,"7,063,658","287,616,155",40.70,40.95,40.60,40.95,+0.35,"3,528",
109/11/04,"8,282,879","338,627,924",40.85,41.00,40.75,40.90,-0.05,"3,947",
109/11/05,"11,420,325","468,237,210",41.00,41.15,40.85,41.05,+0.15,"4,650",
109/11/06,"10,399,941","425,133,874",41.05,41.10,40.75,40.85,-0.20,"4,218",
109/11/09,"11,700,972","481,258,469",41.25,41.30,41.00,41.15,+0.30,"4,600",
109/11/10,"21,551,829","891,576,828",41.15,41.55,41.05,41.55,+0.40,"6,445",
109/11/11,"40,232,987","1,709,107,292",41.90,42.95,41.80,42.65,+1.10,"14,926",
109/11/12,"22,898,663","958,495,854",42.85,42.90,42.25,42.40,-0.25,"7,070",
109/11/13,"10,711,319","452,722,476",42.35,42.40,42.20,42.25,-0.15,"3,366",
109/11/16,"13,961,547","591,054,644",42.45,42.60,42.20,42.35,+0.10,"5,686",
109/11/17,"15,887,725","676,659,030",42.60,42.75,42.35,42.75,+0.40,"5,698",
109/11/18,"21,092,697","902,854,467",42.95,43.00,42.65,42.70,-0.05,"7,560",
109/11/19,"14,887,444","638,223,961",42.65,43.00,42.65,42.90,+0.20,"4,719",
109/11/20,"15,549,529","663,114,065",42.75,42.80,42.50,42.70,-0.20,"5,846",
109/11/23,"15,854,621","681,259,860",42.90,43.05,42.70,43.00,+0.30,"5,052",
109/11/24,"11,772,043","505,144,004",43.05,43.15,42.75,42.75,-0.25,"4,157",
109/11/25,"12,104,948","518,399,944",42.90,43.05,42.60,42.60,-0.15,"4,657",
109/11/26,"11,145,193","478,351,052",42.70,43.05,42.65,42.95,+0.35,"3,894",
109/11/27,"19,082,436","825,030,857",43.00,43.35,42.85,43.30,+0.35,"7,066",
109/11/30,"35,794,092","1,542,607,249",43.35,43.60,42.90,42.90,-0.40,"5,757",
109/12/01,"10,053,337","431,343,069",42.80,43.15,42.70,43.15,+0.25,"4,106",
109/12/02,"14,541,457","627,343,221",43.15,43.20,43.00,43.20,+0.05,"4,114",
109/12/03,"30,508,963","1,334,667,705",43.65,44.05,43.50,43.50,+0.30,"10,567",
109/12/04,"18,307,310","798,796,989",43.90,43.95,43.50,43.65,+0.15,"7,749",
109/12/07,"11,558,504","502,661,433",43.70,43.80,43.35,43.55,-0.10,"4,815",
109/12/08,"15,203,236","659,709,336",43.30,43.70,43.20,43.60,+0.05,"5,150",
109/12/09,"12,638,569","549,228,360",43.55,43.65,43.35,43.35,-0.25,"4,723",
109/12/10,"12,939,312","559,912,228",43.25,43.45,43.15,43.25,-0.10,"4,695",
109/12/11,"15,582,483","670,601,182",43.25,43.45,42.85,42.90,-0.35,"5,257",
109/12/14,"9,351,047","400,221,823",42.90,42.90,42.70,42.80,-0.10,"4,000",
109/12/15,"13,683,659","583,007,572",42.70,42.80,42.50,42.50,-0.30,"5,294",
109/12/16,"14,247,751","614,109,728",42.65,43.25,42.65,43.05,+0.55,"6,087",
109/12/17,"14,222,704","608,429,836",43.00,43.05,42.65,42.65,-0.40,"5,565",
109/12/18,"12,765,924","547,589,028",42.70,43.00,42.70,42.95,+0.30,"4,870",
109/12/21,"16,111,561","698,561,845",43.00,43.50,42.95,43.50,+0.55,"6,165",
109/12/22,"15,060,803","648,874,322",43.20,43.40,42.80,42.95,-0.55,"6,531",
109/12/23,"11,649,814","497,760,247",42.80,42.80,42.65,42.80,-0.15,"4,443",
109/12/24,"9,088,234","388,645,359",43.00,43.00,42.70,42.70,-0.10,"3,573",
109/12/25,"9,499,247","406,635,677",42.80,43.00,42.70,42.80,+0.10,"4,104",
109/12/28,"10,451,569","448,599,041",42.90,43.10,42.80,43.00,+0.20,"4,744",
109/12/29,"9,405,324","404,340,638",43.10,43.20,42.80,43.00, 0.00,"4,101",
109/12/30,"10,647,529","458,648,975",42.90,43.30,42.80,43.25,+0.25,"4,701",
109/12/31,"12,485,636","541,368,070",43.30,43.75,43.20,43.20,-0.05,"4,638",
110/01/04,"13,744,417","594,543,948",43.20,43.50,43.05,43.20, 0.00,"5,884",
110/01/05,"16,631,219","717,454,208",43.25,43.40,43.00,43.10,-0.10,"5,512",
110/01/06,"19,007,699","817,300,595",43.10,43.30,42.80,42.95,-0.15,"7,543",
110/01/07,"21,050,886","903,047,634",42.95,43.15,42.85,42.85,-0.10,"8,180",
110/01/08,"17,406,803","746,290,426",42.90,43.00,42.80,42.95,+0.10,"7,092",
110/01/11,"12,931,584","554,833,283",42.85,43.10,42.75,43.10,+0.15,"4,475",
110/01/12,"12,308,587","526,908,764",43.00,43.05,42.70,42.70,-0.40,"5,011",
110/01/13,"19,069,294","814,058,055",42.70,42.85,42.60,42.70, 0.00,"8,481",
110/01/14,"20,065,858","854,254,306",42.80,42.80,42.45,42.55,-0.15,"9,445",
110/01/15,"30,713,520","1,294,481,553",42.50,42.50,41.95,41.95,-0.60,"12,309",
110/01/18,"25,218,241","1,047,473,930",41.95,41.95,41.40,41.60,-0.35,"12,722",
110/01/19,"12,118,298","506,140,365",41.60,42.00,41.60,41.75,+0.15,"5,920",
110/01/20,"35,184,150","1,443,512,413",41.65,41.70,40.80,40.95,-0.80,"17,720",
110/01/21,"17,924,123","733,949,569",41.00,41.15,40.80,40.80,-0.15,"9,025",
110/01/22,"28,591,283","1,160,115,848",40.75,40.80,40.50,40.60,-0.20,"12,782",
110/01/25,"20,825,228","851,569,715",40.65,41.10,40.60,40.90,+0.30,"7,500",
110/01/26,"35,437,633","1,433,392,327",40.70,40.90,40.20,40.35,-0.55,"16,353",
110/01/27,"17,017,733","687,706,026",40.40,40.70,40.35,40.35, 0.00,"9,277",
110/01/28,"22,411,197","903,138,507",40.25,40.60,40.20,40.25,-0.10,"12,318",
110/01/29,"20,902,501","841,415,228",40.25,40.45,40.15,40.15,-0.10,"8,346",
110/02/01,"11,796,904","480,094,851",40.30,40.95,40.30,40.80,+0.65,"5,469",
110/02/02,"19,228,013","786,791,701",40.95,41.15,40.65,40.75,-0.05,"7,404",
110/02/03,"24,925,042","1,011,154,517",40.80,40.90,40.50,40.55,-0.20,"9,528",
110/02/04,"17,917,913","725,268,583",40.50,40.65,40.40,40.40,-0.15,"6,810",
110/02/05,"13,267,133","540,126,833",40.55,40.90,40.55,40.85,+0.45,"5,814",
110/02/17,"24,248,267","995,895,623",41.00,41.30,40.80,41.25,+0.40,"10,591",
110/02/18,"19,542,360","810,266,027",41.25,41.65,41.20,41.35,+0.10,"7,311",
110/02/19,"16,913,305","698,623,936",41.35,41.65,41.05,41.60,+0.25,"7,426",
110/02/22,"23,412,037","979,301,542",41.70,42.10,41.55,41.80,+0.20,"8,906",
110/02/23,"26,550,808","1,124,467,897",42.00,42.60,42.00,42.45,+0.65,"10,867",
110/02/24,"19,312,353","822,265,834",42.80,42.90,42.40,42.55,+0.10,"6,981",
110/02/25,"15,132,154","646,991,953",42.80,42.90,42.60,42.90,+0.35,"6,221",
110/02/26,"32,005,798","1,351,588,255",42.70,42.70,42.00,42.00,-0.90,"10,051",
110/03/02,"21,420,625","906,927,040",42.25,42.50,42.10,42.10,+0.10,"6,796",
110/03/03,"18,135,047","769,759,407",42.40,42.60,42.25,42.55,+0.45,"5,415",
110/03/04,"19,801,467","838,685,338",42.55,42.55,42.15,42.50,-0.05,"6,972",
110/03/05,"9,262,307","392,707,343",42.15,42.50,42.05,42.50, 0.00,"3,296",
110/03/08,"29,090,035","1,178,550,422",42.60,42.90,42.55,42.65,+0.15,"5,849",
110/03/09,"24,736,825","1,065,107,252",42.90,43.40,42.80,43.40,+0.75,"11,262",
110/03/10,"23,663,072","1,018,547,236",43.40,43.40,42.90,43.00,-0.40,"10,925",
110/03/11,"22,296,062","958,151,923",43.15,43.20,42.85,42.85,-0.15,"8,472",
110/03/12,"18,550,910","791,480,365",42.80,42.85,42.55,42.70,-0.15,"8,663",
110/03/15,"24,555,341","1,043,325,517",42.70,42.75,42.30,42.35,-0.35,"12,410",
110/03/16,"10,741,370","457,117,591",42.40,42.70,42.35,42.60,+0.25,"4,876",
110/03/17,"12,653,419","542,051,941",42.70,42.95,42.65,42.85,+0.25,"6,625",
110/03/18,"14,889,159","641,451,149",42.90,43.25,42.90,43.10,+0.25,"6,539",
110/03/19,"23,488,235","1,004,044,763",43.00,43.00,42.60,42.70,-0.40,"6,968",
110/03/22,"102,000,789","4,674,290,576",46.85,46.90,45.05,45.80,+3.10,"42,072",
110/03/23,"38,751,832","1,773,398,488",46.00,46.00,45.60,45.70,-0.10,"15,253",
110/03/24,"21,118,254","962,980,283",45.70,45.75,45.50,45.55,-0.15,"9,483",
110/03/25,"23,439,316","1,066,131,621",45.55,45.65,45.35,45.55, 0.00,"9,509",
110/03/26,"39,771,169","1,831,556,508",45.60,46.25,45.60,46.15,+0.60,"14,731",
110/03/29,"31,037,275","1,441,000,335",46.45,46.60,46.20,46.50,+0.35,"11,788",
110/03/30,"34,184,434","1,587,363,402",46.50,46.60,46.25,46.55,+0.05,"8,354",
110/03/31,"21,882,853","1,022,451,932",46.60,46.80,46.55,46.80,+0.25,"8,822",
110/04/01,"16,542,110","772,765,655",46.85,46.95,46.60,46.70,-0.10,"7,051",
110/04/06,"33,845,298","1,584,212,660",46.85,46.95,46.60,46.85,+0.15,"13,638",
110/04/07,"12,964,742","606,582,722",46.80,46.85,46.70,46.80,-0.05,"5,953",
110/04/08,"16,095,270","753,019,406",46.70,46.90,46.60,46.90,+0.10,"7,734",
110/04/09,"19,693,919","922,360,423",46.90,47.05,46.70,46.70,-0.20,"9,966",
110/04/12,"18,150,925","849,423,889",46.70,46.85,46.70,46.85,+0.15,"7,261",
110/04/13,"31,772,378","1,500,852,046",46.90,47.50,46.85,47.20,+0.35,"14,139",
110/04/14,"26,957,007","1,265,737,458",47.25,47.30,46.60,47.00,-0.20,"11,132",
110/04/15,"39,227,693","1,880,939,840",47.05,48.50,47.00,47.90,+0.90,"14,647",
110/04/16,"54,142,060","2,622,752,960",47.90,49.00,47.75,49.00,+1.10,"19,206",
110/04/19,"61,427,913","3,074,242,573",49.90,50.50,49.75,50.40,+1.40,"27,163",
110/04/20,"93,792,314","4,926,535,026",53.10,54.90,51.10,52.00,+1.60,"42,840",
110/04/21,"139,647,984","7,594,206,791",52.20,56.90,52.10,55.70,+3.70,"58,872",
110/04/22,"204,668,299","11,590,653,736",57.10,58.70,53.50,54.10,-1.60,"82,759",
110/04/23,"105,526,229","5,547,615,744",53.70,53.80,51.10,53.00,-1.10,"45,023",
110/04/26,"79,418,607","4,226,623,533",53.40,54.20,52.10,53.10,+0.10,"35,187",
110/04/27,"41,576,962","2,191,107,853",53.20,53.20,52.50,52.70,-0.40,"20,636",
110/04/28,"42,357,712","2,225,015,075",52.70,53.20,52.10,53.20,+0.50,"19,766",
110/04/29,"44,585,563","2,336,765,438",53.00,53.10,52.10,52.10,-1.10,"21,163",
110/05/03,"59,137,235","3,034,807,637",52.00,52.00,50.60,51.20,-0.90,"26,287",
110/05/04,"93,561,732","4,719,905,037",51.40,52.00,49.00,50.20,-1.00,"34,397",
110/05/05,"51,699,126","2,600,108,151",50.00,51.40,49.60,50.80,+0.60,"17,527",
110/05/06,"43,460,127","2,248,829,790",50.90,53.00,50.90,53.00,+2.20,"18,719",
110/05/07,"43,699,244","2,283,736,987",53.20,53.40,51.70,52.30,-0.70,"20,582",
110/05/10,"31,901,563","1,681,573,246",52.50,53.30,52.20,52.90,+0.60,"14,425",
110/05/11,"55,872,332","2,913,813,238",52.50,53.20,50.90,51.60,-1.30,"24,787",
110/05/12,"97,055,506","4,805,266,046",51.10,51.60,47.50,49.60,-2.00,"46,424",
110/05/13,"54,496,157","2,663,178,339",47.45,50.00,47.25,49.20,-0.40,"24,641",
110/05/14,"38,504,239","1,914,633,598",49.60,50.30,49.30,49.60,+0.40,"16,155",
110/05/17,"52,837,567","2,541,063,222",47.80,49.05,47.50,47.90,-1.70,"25,508",
110/05/18,"32,663,784","1,618,241,584",48.20,50.00,48.20,50.00,+2.10,"14,854",
110/05/19,"29,743,622","1,494,616,213",49.90,50.80,49.50,50.50,+0.50,"13,416",
110/05/20,"31,634,237","1,604,836,638",51.00,51.30,50.00,50.80,+0.30,"12,606",
110/05/21,"29,217,416","1,515,662,783",53.90,53.90,50.80,51.20,+0.40,"12,000",
110/05/24,"16,039,843","819,541,028",50.80,51.50,50.40,51.30,+0.10,"7,548",
110/05/25,"15,077,611","772,387,966",51.40,51.60,51.00,51.10,-0.20,"8,958",
110/05/26,"18,836,027","958,796,425",51.10,51.50,50.60,50.70,-0.40,"9,166",
110/05/27,"41,438,932","2,076,431,036",50.00,50.40,49.85,50.30,-0.40,"13,560",
110/05/28,"16,662,777","840,647,618",50.40,50.70,50.10,50.60,+0.30,"7,317",
110/05/31,"24,168,725","1,239,154,572",50.60,51.60,50.50,51.60,+1.00,"9,705",
110/06/01,"9,774,499","502,441,292",51.60,51.60,51.20,51.50,-0.10,"4,923",
110/06/02,"22,482,449","1,161,954,262",51.60,52.10,51.40,52.00,+0.50,"10,185",
110/06/03,"23,863,470","1,242,256,578",52.00,52.40,51.80,52.30,+0.30,"10,596",
110/06/04,"12,355,472","641,443,642",52.30,52.30,51.70,51.90,-0.40,"6,843",
110/06/07,"12,370,230","636,060,324",51.90,52.00,50.80,51.50,-0.40,"6,835",
110/06/08,"8,763,161","449,962,190",51.80,51.80,51.10,51.40,-0.10,"5,009",
110/06/09,"11,685,183","596,022,339",51.10,51.40,50.80,51.30,-0.10,"6,534",
110/06/10,"9,323,968","477,156,302",51.30,51.50,50.90,51.50,+0.20,"4,307",
110/06/11,"8,545,178","438,820,492",51.50,51.60,51.20,51.40,-0.10,"3,943",
110/06/15,"9,340,616","477,995,429",51.10,51.40,51.00,51.30,-0.10,"4,670",
110/06/16,"17,406,495","900,092,736",51.40,52.00,51.30,51.90,+0.60,"8,587",
110/06/17,"15,211,770","783,838,131",51.60,51.80,51.40,51.50,-0.40,"7,280",
110/06/18,"24,209,277","1,236,734,265",51.30,51.40,51.00,51.00,-0.50,"9,442",
110/06/21,"20,719,944","1,050,893,361",50.50,51.20,50.40,50.70,-0.30,"9,089",
110/06/22,"15,262,032","777,774,454",50.70,51.20,50.60,50.90,+0.20,"6,587",
110/06/23,"16,479,092","838,303,576",50.90,51.10,50.50,51.00,+0.10,"6,359",
110/06/24,"13,545,751","691,369,731",51.00,51.20,50.80,51.10,+0.10,"4,747",
110/06/25,"16,027,596","818,185,461",51.10,51.30,50.80,51.00,-0.10,"8,051",
110/06/28,"16,044,822","818,777,694",51.00,51.20,50.80,51.10,+0.10,"7,180",
110/06/29,"11,142,372","569,049,268",51.10,51.20,50.90,51.20,+0.10,"5,523",
110/06/30,"13,888,581","709,208,377",51.10,51.20,50.90,51.00,-0.20,"7,174",
110/07/01,"21,255,834","1,077,678,755",50.90,51.00,50.60,50.60,-0.40,"10,298",
110/07/02,"17,261,412","874,049,827",50.60,50.90,50.50,50.50,-0.10,"9,946",
110/07/05,"24,887,100","1,261,086,884",50.90,51.00,50.50,50.60,+0.10,"10,379",
110/07/06,"24,057,474","1,227,257,324",50.90,51.30,50.70,51.20,+0.60,"10,566",
110/07/07,"24,259,700","1,241,307,825",51.10,51.30,51.00,51.30,+0.10,"10,028",
110/07/08,"53,623,501","2,814,784,412",51.50,52.90,51.50,52.80,+1.50,"22,774",
110/07/09,"37,913,759","1,977,412,863",52.50,52.80,51.80,52.00,-0.80,"16,074",
110/07/12,"26,725,789","1,390,815,526",52.20,52.40,51.80,52.20,+0.20,"10,097",
110/07/13,"23,392,966","1,217,373,151",52.50,52.50,51.70,51.90,-0.30,"9,927",
110/07/14,"20,343,534","1,047,180,343",51.90,52.00,51.30,51.50,-0.40,"8,784",
110/07/15,"11,938,157","615,005,211",51.50,51.80,51.30,51.60,+0.10,"5,094",
110/07/16,"12,188,101","627,236,112",51.50,51.60,51.30,51.50,-0.10,"5,958",
110/07/19,"11,286,149","583,396,825",51.40,52.00,51.30,52.00,+0.50,"4,773",
110/07/20,"10,145,510","523,710,103",51.60,51.80,51.40,51.70,-0.30,"4,446",
110/07/21,"24,843,451","1,291,868,626",52.00,52.40,51.70,51.80,+0.10,"10,518",
110/07/22,"16,553,240","861,904,218",52.30,52.30,51.90,52.10,+0.30,"7,073",
110/07/23,"34,420,099","1,813,726,922",52.30,53.10,52.20,53.00,+0.90,"13,742",
110/07/26,"24,737,557","1,320,028,119",53.40,53.80,53.00,53.20,+0.20,"10,862",
110/07/27,"18,654,939","986,141,697",53.30,53.30,52.60,53.00,-0.20,"8,187",
110/07/28,"36,454,371","1,908,346,074",52.80,53.00,52.00,52.40,-0.60,"13,822",
110/07/29,"18,957,983","995,989,067",52.50,52.90,52.10,52.90,+0.50,"7,236",
110/07/30,"12,473,682","657,537,327",52.90,52.90,52.50,52.60,-0.30,"5,158",
110/08/02,"14,023,385","738,635,946",52.70,52.80,52.50,52.80,+0.20,"6,962",
110/08/03,"45,545,154","2,441,886,377",53.10,53.90,53.00,53.90,+1.10,"16,031",
110/08/04,"23,552,465","1,271,178,027",54.20,54.50,53.60,53.80,-0.10,"9,940",
110/08/05,"38,673,195","2,050,224,696",53.80,53.80,52.60,52.70,-1.10,"14,252",
110/08/06,"32,500,825","1,714,404,302",53.20,53.20,52.40,52.90,+0.20,"9,306",
110/08/09,"33,630,358","1,755,733,056",52.60,52.60,51.70,52.40,-0.50,"11,333",
110/08/10,"34,313,716","1,780,541,159",52.20,52.40,51.70,51.90,-0.50,"11,543",
110/08/11,"59,669,569","3,049,740,724",51.60,51.70,50.80,51.10,-0.80,"24,883",
110/08/12,"87,897,408","4,140,954,924",45.85,47.75,45.65,47.60,X0.00,"30,427",
110/08/13,"23,823,791","1,150,516,862",48.05,48.60,47.95,48.40,+0.80,"12,761",
110/08/16,"26,728,439","1,281,549,042",48.40,48.45,47.70,47.95,-0.45,"12,279",
110/08/17,"25,544,445","1,211,673,397",47.95,47.95,47.20,47.30,-0.65,"11,718",
110/08/18,"25,211,046","1,181,293,068",46.90,47.30,46.40,47.25,-0.05,"12,379",
110/08/19,"26,172,172","1,215,272,787",47.25,47.25,46.00,46.20,-1.05,"17,217",
110/08/20,"19,229,307","889,143,439",45.90,46.75,45.70,46.15,-0.05,"9,518",
110/08/23,"10,490,198","491,369,527",46.70,47.25,46.55,46.80,+0.65,"5,847",
110/08/24,"11,011,728","513,738,763",47.00,47.10,46.45,46.75,-0.05,"6,742",
110/08/25,"8,703,206","408,957,799",46.80,47.25,46.55,47.20,+0.45,"4,742",
110/08/26,"13,184,942","618,382,991",47.20,47.30,46.60,46.95,-0.25,"7,265",
110/08/27,"9,381,764","443,303,427",46.95,47.50,46.75,47.45,+0.50,"4,767",
110/08/30,"9,216,966","436,479,647",47.45,47.60,47.15,47.60,+0.15,"4,981",
110/08/31,"18,403,515","882,882,505",47.60,48.45,47.25,48.45,+0.85,"5,426",
110/09/01,"14,853,294","715,327,703",48.35,48.40,47.85,48.40,-0.05,"6,367",
110/09/02,"7,950,602","381,046,909",48.40,48.40,47.70,47.90,-0.50,"5,363",
110/09/03,"12,079,469","583,541,256",47.90,48.55,47.85,48.50,+0.60,"5,343",
110/09/06,"13,088,873","637,872,597",48.50,49.10,48.15,48.80,+0.30,"6,743",
110/09/07,"9,922,236","484,132,964",48.80,49.00,48.55,48.75,-0.05,"4,158",
110/09/08,"12,388,795","601,734,602",48.70,48.95,48.20,48.55,-0.20,"6,135",
110/09/09,"10,767,981","516,887,542",48.00,48.20,47.80,48.20,-0.35,"5,405",
110/09/10,"15,964,832","777,172,926",48.20,49.00,48.05,49.00,+0.80,"6,046",
110/09/13,"26,844,114","1,337,666,856",49.00,50.20,49.00,50.10,+1.10,"12,781",
110/09/14,"52,514,826","2,693,011,728",51.10,52.00,50.70,51.40,+1.30,"22,808",
110/09/15,"22,851,564","1,170,187,717",51.40,51.80,50.90,51.20,-0.20,"9,302",
110/09/16,"23,613,199","1,213,863,553",51.20,51.70,50.80,51.70,+0.50,"10,478",
110/09/17,"19,210,504","979,595,708",51.70,51.70,50.70,50.70,-1.00,"8,533",
110/09/22,"21,834,512","1,096,348,483",49.80,50.70,49.50,50.70, 0.00,"11,824",
110/09/23,"14,047,092","718,248,775",51.10,51.60,50.80,51.20,+0.50,"5,743",
110/09/24,"13,566,958","697,185,968",51.40,51.70,51.20,51.30,+0.10,"6,061",
110/09/27,"13,986,133","713,047,042",51.20,51.30,50.60,51.10,-0.20,"6,552",
110/09/28,"14,358,658","730,891,243",50.60,51.40,50.20,51.00,-0.10,"5,787",
110/09/29,"13,130,388","664,791,755",50.40,51.00,50.30,50.60,-0.40,"6,958",
110/09/30,"15,663,100","796,503,554",50.40,51.30,50.30,51.00,+0.40,"5,086",
110/10/01,"20,518,416","1,029,777,933",50.80,51.00,49.90,50.20,-0.80,"10,966",
110/10/04,"13,735,397","688,401,359",50.30,50.60,49.90,50.00,-0.20,"6,933",
110/10/05,"10,187,890","510,007,951",50.00,50.30,49.70,50.30,+0.30,"5,007",
110/10/06,"11,537,990","576,291,448",50.30,50.40,49.80,49.90,-0.40,"5,518",
110/10/07,"9,943,548","499,160,103",50.00,50.50,49.85,50.40,+0.50,"4,267",
110/10/08,"5,277,237","265,657,495",50.40,50.50,50.20,50.40, 0.00,"2,935",
110/10/12,"13,341,391","667,891,841",50.00,50.30,49.60,50.20,-0.20,"4,585",
110/10/13,"13,651,152","689,001,469",50.40,51.00,50.00,50.50,+0.30,"5,910",
110/10/14,"9,909,125","495,818,861",50.60,50.60,49.90,49.90,-0.60,"5,063",
110/10/15,"9,784,114","489,009,128",50.00,50.20,49.80,50.10,+0.20,"4,608",
110/10/18,"8,919,494","445,234,245",50.10,50.20,49.80,49.80,-0.30,"4,810",
110/10/19,"25,536,117","1,256,985,159",49.85,50.10,48.90,49.10,-0.70,"15,688",
110/10/20,"29,004,686","1,404,124,362",48.85,48.85,48.00,48.35,-0.75,"20,257",
110/10/21,"22,823,175","1,108,955,418",48.35,48.75,48.35,48.75,+0.40,"7,338",
110/10/22,"9,553,573","466,712,636",48.75,49.00,48.60,48.80,+0.05,"4,643",
110/10/25,"14,737,007","710,839,415",48.60,48.65,48.05,48.25,-0.55,"8,853",
110/10/26,"15,552,943","756,404,479",48.55,48.90,48.45,48.45,+0.20,"7,484",
110/10/27,"9,423,661","456,236,523",48.45,48.60,48.20,48.35,-0.10,"5,998",
110/10/28,"6,661,181","323,132,425",48.35,48.70,48.25,48.50,+0.15,"4,118",
110/10/29,"12,607,947","608,916,452",48.50,48.50,48.20,48.25,-0.25,"6,047",
110/12/01,"20,451,661","947,364,210",46.00,46.85,46.00,46.60,+0.60,"9,637",
110/12/02,"14,687,097","681,774,993",46.60,46.70,46.30,46.30,-0.30,"10,432",
110/12/03,"14,903,429","693,340,076",46.55,46.85,46.40,46.40,+0.10,"9,002",
110/12/06,"15,191,357","713,951,127",46.45,47.35,46.40,47.30,+0.90,"6,764",
110/12/07,"13,187,602","622,935,358",47.35,47.55,46.90,47.55,+0.25,"6,197",
110/12/08,"10,431,602","496,900,474",47.75,47.80,47.50,47.70,+0.15,"6,177",
110/12/09,"9,434,230","447,650,682",47.80,47.85,47.10,47.40,-0.30,"5,820",
110/12/10,"10,460,549","496,138,000",47.40,47.60,47.10,47.30,-0.10,"4,192",
110/12/13,"7,855,773","370,895,996",47.30,47.75,47.10,47.10,-0.20,"4,616",
110/12/14,"9,420,236","443,362,655",47.05,47.20,46.95,47.00,-0.10,"5,432",
110/12/15,"11,243,335","529,053,165",47.00,47.30,46.80,46.95,-0.05,"5,098",
110/12/16,"7,611,887","357,370,526",47.00,47.15,46.80,46.90,-0.05,"4,722",
110/12/17,"18,553,098","880,004,945",46.95,47.60,46.90,47.45,+0.55,"5,347",
110/12/20,"11,365,267","537,241,103",47.45,47.50,47.10,47.40,-0.05,"5,894",
110/12/21,"5,728,371","270,552,298",47.40,47.45,47.10,47.25,-0.15,"2,665",
110/12/22,"5,494,521","260,118,206",47.40,47.45,47.20,47.40,+0.15,"2,559",
110/12/23,"9,419,239","448,406,095",47.30,47.70,47.30,47.70,+0.30,"4,475",
110/12/24,"6,033,732","288,721,227",47.75,47.95,47.75,47.90,+0.20,"3,421",
110/12/27,"5,770,084","276,992,626",47.90,48.10,47.90,48.10,+0.20,"3,517",
110/12/28,"7,836,003","376,567,638",48.10,48.15,47.95,48.15,+0.05,"4,087",
110/12/29,"5,367,069","258,280,450",48.15,48.25,48.05,48.15, 0.00,"3,136",
110/12/30,"4,666,441","224,321,001",48.15,48.20,48.00,48.00,-0.15,"2,724",
111/01/03,"12,539,636","597,825,872",48.05,48.15,47.35,47.45,-0.55,"7,502",
111/01/04,"11,582,787","546,668,986",47.50,47.60,47.00,47.30,-0.15,"8,038",
111/01/05,"12,283,179","579,369,726",47.10,47.30,47.00,47.15,-0.15,"6,147",
111/01/06,"12,468,214","590,435,369",47.30,47.60,47.15,47.60,+0.45,"6,576",
111/01/07,"11,036,127","522,523,832",47.60,47.65,47.20,47.45,-0.15,"6,945",
111/01/10,"12,136,515","572,075,164",47.45,47.50,47.00,47.30,-0.15,"8,558",
111/01/11,"11,147,705","526,597,589",47.10,47.50,47.10,47.50,+0.20,"6,559",
111/01/12,"10,891,460","514,936,656",47.50,47.50,47.10,47.50, 0.00,"6,804",
111/01/13,"13,905,887","662,550,194",47.50,47.95,47.40,47.95,+0.45,"6,389",
111/01/14,"9,517,206","452,812,580",47.85,47.85,47.45,47.60,-0.35,"5,373",
111/01/17,"9,135,562","433,784,449",47.55,47.70,47.35,47.60, 0.00,"8,042",
111/01/18,"8,152,546","387,725,879",47.60,47.75,47.45,47.75,+0.15,"4,748",
111/01/19,"5,155,877","245,372,405",47.60,47.70,47.50,47.60,-0.15,"3,689",
111/01/20,"6,369,636","302,796,259",47.55,47.70,47.45,47.50,-0.10,"3,066",
111/01/21,"9,546,706","451,696,046",47.50,47.65,47.15,47.40,-0.10,"4,779",
111/01/24,"5,535,224","260,992,721",47.10,47.30,47.00,47.15,-0.25,"3,572",
111/01/25,"16,429,917","767,993,493",47.00,47.05,46.60,46.80,-0.35,"11,857",
111/01/26,"7,858,213","368,020,594",46.70,47.00,46.55,46.85,+0.05,"6,316",
111/02/07,"17,325,697","807,233,260",46.55,47.10,46.00,47.10,+0.25,"13,266",
111/02/08,"9,827,190","461,985,811",47.10,47.25,46.90,46.95,-0.15,"7,231",
111/02/09,"8,032,492","378,283,321",46.95,47.30,46.90,47.30,+0.35,"5,665",
111/02/10,"7,550,497","356,563,246",47.15,47.55,47.05,47.55,+0.25,"5,926",
111/02/11,"6,907,680","327,050,398",47.30,47.55,47.15,47.55, 0.00,"5,289",
111/02/14,"9,314,234","438,272,774",47.20,47.30,46.95,47.15,-0.40,"6,216",
111/02/15,"5,497,795","258,415,585",47.05,47.10,46.80,47.00,-0.15,"4,707",
111/02/16,"8,818,727","414,900,636",47.00,47.15,47.00,47.00, 0.00,"6,652",
111/02/17,"10,733,835","508,646,842",47.15,47.55,47.10,47.45,+0.45,"4,959",
111/02/18,"8,833,763","418,524,393",47.25,47.55,47.20,47.45, 0.00,"5,593",
111/02/21,"8,260,209","392,444,711",47.35,47.75,47.15,47.60,+0.15,"4,504",
111/02/22,"10,748,624","508,990,229",47.40,47.70,47.10,47.70,+0.10,"6,127",
111/02/23,"8,102,775","386,074,147",47.70,47.85,47.45,47.65,-0.05,"6,808",
111/02/24,"13,239,388","625,781,931",47.50,47.50,47.10,47.30,-0.35,"9,281",
111/02/25,"14,779,929","696,947,273",47.20,47.50,46.90,47.35,+0.05,"10,233",
111/03/01,"14,071,999","671,571,062",47.80,47.85,47.50,47.80,+0.45,"7,420",
111/03/02,"8,187,419","391,264,267",47.80,48.00,47.60,48.00,+0.20,"5,924",
111/03/03,"7,565,742","362,783,289",47.95,48.05,47.80,48.05,+0.05,"5,946",
111/03/04,"11,071,393","527,906,917",47.80,47.85,47.50,47.65,-0.40,"7,319",
111/03/07,"16,991,368","799,794,535",47.45,47.45,46.90,47.10,-0.55,"10,408",
111/03/08,"15,765,001","740,634,811",47.00,47.15,46.85,46.95,-0.15,"10,827",
111/03/09,"5,574,119","263,339,339",47.30,47.40,47.05,47.25,+0.30,"6,186",
111/03/10,"9,473,999","449,341,382",47.25,47.70,47.20,47.60,+0.35,"7,081",
111/03/11,"6,628,133","314,674,943",47.40,47.60,47.30,47.45,-0.15,"5,990",
111/03/14,"8,145,858","387,379,146",47.45,47.70,47.40,47.55,+0.10,"4,019",
111/03/15,"10,726,325","512,296,860",47.50,48.00,47.40,47.95,+0.40,"6,660",
111/03/16,"11,338,304","542,030,764",47.95,48.00,47.65,47.85,-0.10,"10,724",
111/03/17,"16,944,622","813,351,211",48.10,48.20,47.85,48.00,+0.15,"8,724",
111/03/18,"31,706,672","1,543,567,101",48.10,48.95,48.10,48.95,+0.95,"11,444",
111/03/21,"24,218,852","1,201,577,110",49.10,49.85,49.05,49.75,+0.80,"11,523",
111/03/22,"11,071,398","548,096,701",49.70,49.75,49.30,49.70,-0.05,"7,671",
111/03/23,"12,576,912","623,463,730",49.70,49.70,49.45,49.65,-0.05,"7,228",
111/03/24,"14,107,140","703,050,244",49.65,49.95,49.45,49.95,+0.30,"8,976",
111/03/25,"8,811,114","437,798,442",49.90,49.90,49.55,49.70,-0.25,"5,374",
111/03/28,"8,572,124","423,622,397",49.40,49.75,49.10,49.70, 0.00,"4,959",
111/03/29,"8,073,707","401,943,209",49.80,50.20,49.50,49.80,+0.10,"6,142",
111/03/30,"9,669,039","481,993,796",49.85,50.00,49.70,49.85,+0.05,"5,873",
111/03/31,"15,226,850","761,489,214",49.95,50.20,49.85,49.90,+0.05,"8,224",
111/04/01,"9,917,831","493,504,834",49.70,50.00,49.45,49.75,-0.15,"7,457",
111/04/06,"10,985,331","548,362,617",49.75,50.20,49.60,50.20,+0.45,"5,728",
111/04/07,"11,245,643","559,937,105",49.80,50.20,49.50,49.55,-0.65,"7,769",
111/04/08,"6,494,233","322,457,815",49.60,49.80,49.40,49.80,+0.25,"4,598",
111/04/11,"8,089,418","400,306,570",49.80,49.95,49.10,49.45,-0.35,"8,178",
111/04/12,"36,482,148","1,761,556,194",49.40,49.40,47.80,48.00,-1.45,"22,999",
111/04/13,"20,257,841","972,389,110",48.15,48.60,47.75,48.00, 0.00,"16,727",
111/04/14,"18,163,935","867,688,643",48.30,48.30,47.60,47.70,-0.30,"11,038",
111/04/15,"22,509,963","1,063,530,927",47.50,47.55,47.05,47.10,-0.60,"15,639",
111/04/18,"25,129,762","1,173,068,787",47.30,47.30,46.40,46.50,-0.60,"16,266",
111/04/19,"22,009,910","1,006,696,203",46.50,46.60,46.20,46.35,-0.15,"11,469",
111/04/20,"20,827,417","967,720,378",46.50,46.75,46.40,46.60,+0.25,"8,722",
111/04/21,"19,043,921","889,869,402",46.85,47.15,46.50,46.80,+0.20,"8,793",
111/04/22,"15,422,941","718,919,209",46.70,46.70,46.40,46.55,-0.25,"6,455",
111/04/25,"22,278,056","1,029,547,261",46.35,46.40,46.05,46.10,-0.45,"10,791",
111/04/26,"16,968,438","783,380,328",46.25,46.40,46.10,46.20,+0.10,"6,634",
111/04/27,"26,325,735","1,208,829,840",46.15,46.15,45.70,45.80,-0.40,"13,065",
111/04/28,"22,709,193","1,041,619,105",46.00,46.10,45.50,46.10,+0.30,"9,014",
111/04/29,"23,092,262","1,064,003,213",46.20,46.45,45.90,45.90,-0.20,"9,340",
111/05/03,"23,968,613","1,088,068,092",45.90,45.90,45.10,45.35,-0.55,"15,424",
111/05/04,"11,217,879","508,781,908",45.35,45.60,45.25,45.50,+0.15,"6,188",
111/05/05,"9,393,350","428,713,516",45.75,45.75,45.50,45.60,+0.10,"5,531",
111/05/06,"14,855,830","670,716,709",45.35,45.35,45.10,45.10,-0.50,"10,085",
111/05/09,"20,101,665","892,540,552",45.00,45.05,44.15,44.25,-0.85,"15,683",
111/05/10,"19,613,514","860,479,194",44.00,44.10,43.65,43.85,-0.40,"12,140",
111/05/11,"33,877,400","1,446,335,005",42.50,42.95,42.50,42.65,-1.20,"23,764",
111/05/12,"43,856,703","1,809,844,078",42.50,42.55,40.80,40.80,-1.85,"28,776",
111/05/13,"23,315,151","964,550,126",40.90,41.80,40.80,41.60,+0.80,"10,783",
111/05/16,"25,056,730","1,034,064,589",41.60,41.70,41.00,41.25,-0.35,"12,850",
111/05/17,"22,795,141","946,271,377",41.50,41.65,41.25,41.50,+0.25,"8,715",
111/05/18,"27,849,756","1,152,854,765",41.60,41.70,41.10,41.60,+0.10,"14,922",
111/05/19,"20,462,182","841,890,557",41.40,41.40,41.05,41.10,-0.50,"9,520",
111/05/20,"40,646,175","1,684,989,782",41.45,41.95,41.15,41.15,+0.05,"8,770",
111/05/23,"17,280,755","713,468,777",41.50,41.55,41.15,41.20,+0.05,"8,993",
111/05/24,"19,456,970","802,334,030",41.20,41.40,41.15,41.20, 0.00,"6,690",
111/05/25,"18,438,561","767,934,402",41.30,41.90,41.25,41.65,+0.45,"6,066",
111/05/26,"18,152,195","763,176,626",41.80,42.45,41.70,41.70,+0.05,"8,638",
111/05/27,"20,071,483","845,894,688",41.55,42.40,41.55,42.20,+0.50,"6,971",
111/05/30,"21,560,606","924,767,975",42.55,43.05,42.55,42.80,+0.60,"8,696",
111/05/31,"36,095,225","1,539,508,562",42.80,42.90,42.40,42.60,-0.20,"7,636",
111/06/01,"19,795,058","835,926,756",42.65,42.70,42.05,42.10,-0.50,"10,960",
111/06/02,"15,635,195","652,898,107",42.00,42.00,41.65,41.70,-0.40,"9,086",
111/06/06,"15,240,870","634,134,054",41.75,41.90,41.40,41.55,-0.15,"9,139",
111/06/07,"19,700,073","816,340,263",41.50,41.75,41.35,41.35,-0.20,"10,176",
111/06/08,"13,043,351","543,619,218",41.45,41.85,41.40,41.75,+0.40,"5,661",
111/06/09,"9,486,744","394,796,310",41.80,41.80,41.55,41.55,-0.20,"5,547",
111/06/10,"9,201,176","381,212,739",41.40,41.50,41.35,41.40,-0.15,"6,238",
111/06/13,"28,097,786","1,147,487,981",41.00,41.05,40.65,40.80,-0.60,"20,101",
111/06/14,"26,184,653","1,051,999,654",40.50,40.55,40.05,40.10,-0.70,"17,090",
111/06/15,"22,446,808","900,720,298",40.20,40.30,40.05,40.05,-0.05,"12,086",
111/06/16,"28,540,994","1,148,784,564",40.50,40.90,40.00,40.00,-0.05,"11,040",
111/06/17,"38,663,827","1,532,736,258",39.85,39.90,39.55,39.60,-0.40,"17,055",
111/06/20,"29,128,271","1,138,099,691",39.55,39.55,38.85,38.85,-0.75,"16,924",
111/06/21,"17,426,357","686,081,904",39.00,39.60,38.95,39.45,+0.60,"5,920",
111/06/22,"16,121,726","638,570,197",39.65,39.90,39.45,39.50,+0.05,"6,847",
111/06/23,"18,169,035","712,315,058",39.75,39.90,39.00,39.00,-0.50,"9,524",
111/06/24,"14,996,821","592,218,382",39.50,39.70,39.20,39.50,+0.50,"6,357",
111/06/27,"16,074,967","642,022,815",40.00,40.25,39.75,39.80,+0.30,"6,664",
111/06/28,"10,602,408","420,806,790",40.10,40.10,39.60,39.60,-0.20,"5,462",
111/06/29,"15,763,786","623,264,030",39.70,39.80,39.40,39.55,-0.05,"6,192",
111/06/30,"21,627,885","854,349,929",39.70,39.75,39.25,39.50,-0.05,"7,158",
111/07/01,"26,589,368","1,074,167,078",39.80,40.95,39.70,40.35,+0.85,"12,633",
111/07/04,"18,974,959","760,515,303",40.40,40.60,39.80,40.00,-0.35,"11,228",
111/07/05,"16,004,654","649,439,813",40.50,40.85,40.25,40.75,+0.75,"7,109",
111/07/06,"13,407,656","539,801,426",40.85,41.00,40.00,40.00,-0.75,"9,248",
111/07/07,"13,228,754","538,401,102",40.35,41.00,40.25,40.90,+0.90,"6,487",
111/07/08,"14,149,002","576,665,961",41.00,41.05,40.50,40.80,-0.10,"10,340",
111/07/11,"12,752,429","522,410,428",40.85,41.20,40.75,41.10,+0.30,"5,701",
111/07/12,"13,367,785","547,447,190",40.95,41.25,40.70,41.00,-0.10,"7,331",
111/07/13,"18,473,460","772,172,704",42.00,42.20,41.50,41.80,+0.80,"10,239",
111/07/14,"11,354,007","473,635,792",41.65,41.90,41.40,41.70,-0.10,"5,823",
111/07/15,"20,372,098","832,746,638",41.65,41.70,40.50,40.50,-1.20,"12,905",
111/07/18,"37,901,546","1,529,215,148",40.50,40.70,40.05,40.70,+0.20,"9,197",
111/07/19,"25,644,935","1,060,280,483",40.70,41.65,40.50,41.65,+0.95,"9,108",
111/07/20,"26,525,827","1,104,742,604",42.00,42.20,41.50,41.60,-0.05,"12,360",
111/07/21,"45,444,390","1,725,306,759",38.00,38.40,37.80,38.05,X0.00,"27,248",
111/07/22,"33,477,396","1,263,752,220",38.10,38.20,37.60,37.70,-0.35,"22,376",
111/07/25,"14,642,100","553,651,552",37.70,38.00,37.50,37.85,+0.15,"7,880",
111/07/26,"14,628,613","553,232,389",37.85,37.95,37.65,37.80,-0.05,"6,047",
111/07/27,"12,495,930","472,730,758",37.80,37.95,37.75,37.85,+0.05,"5,913",
111/07/28,"13,759,374","524,253,794",38.05,38.20,37.95,38.20,+0.35,"7,336",
111/07/29,"13,697,407","528,165,878",38.50,38.75,38.35,38.75,+0.55,"7,547",
111/08/01,"17,110,698","671,679,196",39.00,39.50,38.75,39.50,+0.75,"9,776",
111/08/02,"19,955,061","780,513,754",39.05,39.45,39.00,39.15,-0.35,"9,799",
111/08/03,"15,977,710","623,077,746",39.05,39.10,38.75,39.10,-0.05,"8,338",
111/08/04,"18,896,588","733,810,251",39.05,39.20,38.55,38.75,-0.35,"10,586",
111/08/05,"11,583,378","450,508,108",39.10,39.15,38.80,38.85,+0.10,"8,390",
111/08/08,"12,651,503","487,687,121",38.85,38.85,38.30,38.70,-0.15,"7,318",
111/08/09,"14,831,229","569,783,300",38.60,38.75,38.20,38.75,+0.05,"9,803",
111/08/10,"13,005,899","502,018,549",38.60,38.80,38.35,38.75, 0.00,"6,512",
111/08/11,"21,760,411","848,981,726",38.45,39.35,38.45,39.35,+0.60,"8,627",
111/08/12,"12,305,588","482,415,186",39.15,39.35,39.00,39.30,-0.05,"8,548",
111/08/15,"12,173,803","477,458,592",39.30,39.45,39.00,39.30, 0.00,"6,719",
111/08/16,"13,078,181","514,161,618",39.50,39.55,39.10,39.35,+0.05,"6,445",
111/08/17,"16,463,976","651,431,576",39.40,40.00,39.20,40.00,+0.65,"9,075",
111/08/18,"14,155,029","561,346,825",39.90,39.90,39.50,39.80,-0.20,"7,807",
111/08/19,"12,838,598","506,351,677",39.80,39.85,39.35,39.45,-0.35,"7,491",
111/08/22,"12,895,868","506,391,584",39.25,39.65,39.05,39.65,+0.20,"12,379",
111/08/23,"14,727,193","577,644,132",39.50,39.50,39.10,39.35,-0.30,"11,351",
111/08/24,"11,181,369","438,491,359",39.35,39.35,39.10,39.25,-0.10,"8,668",
111/08/25,"11,760,313","462,870,990",39.45,39.55,39.25,39.55,+0.30,"8,059",
111/08/26,"10,985,865","434,986,984",39.70,39.70,39.50,39.65,+0.10,"8,050",
111/08/29,"14,566,895","571,043,793",39.10,39.50,39.00,39.35,-0.30,"9,838",
111/08/30,"12,468,246","489,710,372",39.30,39.50,39.15,39.25,-0.10,"7,451",
111/08/31,"24,052,882","944,270,175",39.25,39.40,39.10,39.30,+0.05,"8,118",
111/09/01,"24,533,738","956,845,310",39.10,39.15,38.80,38.90,-0.40,"10,813",
111/09/02,"28,281,347","1,092,595,981",38.90,39.00,38.40,38.50,-0.40,"15,458",
111/09/05,"27,130,847","1,055,286,796",38.55,39.20,38.50,39.10,+0.60,"8,721",
111/09/06,"32,802,558","1,298,054,540",39.20,39.85,39.20,39.85,+0.75,"12,954",
111/09/07,"25,950,306","1,030,450,151",39.85,40.00,39.50,39.70,-0.15,"13,179",
111/09/08,"17,723,487","704,140,532",39.80,39.90,39.55,39.85,+0.15,"8,762",
111/09/12,"18,390,971","732,001,603",39.95,40.00,39.60,39.80,-0.05,"7,641",
111/09/13,"29,044,591","1,157,171,826",40.00,40.00,39.70,39.90,+0.10,"8,832",
111/09/14,"19,704,767","782,885,961",39.45,39.85,39.40,39.65,-0.25,"9,113",
111/09/15,"25,419,554","1,004,936,161",39.55,39.75,39.40,39.55,-0.10,"11,333",
111/09/16,"47,473,365","1,844,994,596",39.35,39.40,38.60,38.60,-0.95,"19,291",
111/09/19,"24,531,893","951,348,051",38.90,39.10,38.70,38.80,+0.20,"9,080",
111/09/20,"28,918,438","1,118,195,467",38.70,39.05,38.55,38.55,-0.25,"11,776",
111/09/21,"39,102,889","1,495,556,489",38.45,38.55,38.00,38.10,-0.45,"18,632",
111/09/22,"48,162,654","1,808,397,573",37.80,37.80,37.25,37.55,-0.55,"22,516",
111/09/23,"36,464,378","1,355,023,454",37.10,37.25,37.00,37.00,-0.55,"22,451",
111/09/26,"46,963,874","1,699,646,863",36.60,36.60,35.85,35.85,-1.15,"26,486",
111/09/27,"37,458,740","1,341,352,684",35.70,36.20,35.60,35.80,-0.05,"13,763",
111/09/28,"39,820,607","1,403,348,594",35.80,35.80,34.90,34.90,-0.90,"20,142",
111/09/29,"87,657,902","3,000,230,813",34.50,34.75,33.90,34.15,-0.75,"33,135",
111/09/30,"52,376,847","1,772,505,004",33.80,34.05,33.60,33.80,-0.35,"19,173",
111/10/03,"24,684,067","832,590,167",33.65,33.90,33.40,33.65,-0.15,"11,287",
111/10/04,"30,060,356","1,015,009,399",33.90,34.20,33.55,33.85,+0.20,"12,373",
111/10/05,"28,718,119","984,081,897",34.25,34.40,34.05,34.15,+0.30,"12,562",
111/10/06,"26,081,359","894,031,225",34.35,34.50,34.20,34.30,+0.15,"8,170",
111/10/07,"19,390,135","663,923,185",34.15,34.50,34.15,34.25,-0.05,"6,601",
111/10/11,"40,192,863","1,358,579,734",34.10,34.10,33.70,33.80,-0.45,"10,614",
111/10/12,"59,046,765","1,987,747,028",33.75,34.00,33.60,33.75,-0.05,"6,510",
111/10/13,"54,974,157","1,805,184,741",33.75,33.85,32.65,32.65,-1.10,"21,041",
111/10/14,"58,923,074","1,862,074,421",33.00,33.05,32.40,32.40,-0.25,"16,716",
111/10/17,"43,016,144","1,361,718,767",32.30,32.30,31.40,31.70,-0.70,"20,592",
111/10/18,"36,805,536","1,159,196,903",31.85,32.00,31.20,31.45,-0.25,"15,060",
111/10/19,"38,895,385","1,235,711,494",31.45,32.05,31.40,31.60,+0.15,"14,584",
111/10/20,"47,838,262","1,473,837,695",31.20,31.35,30.60,30.90,-0.70,"18,284",
111/10/21,"15,342,904","476,003,008",31.05,31.35,30.60,31.00,+0.10,"7,066",
111/10/24,"22,527,644","696,614,309",31.50,31.60,30.60,30.60,-0.40,"11,190",
111/10/25,"38,025,797","1,141,954,834",30.65,30.65,29.90,29.90,-0.70,"23,596",
111/10/26,"19,619,752","594,117,212",30.00,30.50,29.80,30.30,+0.40,"8,450",
111/10/27,"19,455,154","601,217,173",30.65,31.15,30.65,30.85,+0.55,"8,488",
111/10/28,"16,619,033","509,932,732",30.95,31.15,30.35,30.50,-0.35,"9,311",
111/10/31,"18,689,204","569,041,973",30.75,31.00,30.25,30.25,-0.25,"9,366",
111/11/01,"12,710,527","387,993,151",30.25,30.75,30.10,30.65,+0.40,"5,496",
111/11/02,"12,326,417","378,839,704",30.65,30.85,30.55,30.75,+0.10,"6,175",
111/11/03,"17,812,868","539,586,682",30.25,30.40,30.15,30.30,-0.45,"9,520",
111/11/04,"16,410,917","497,841,279",30.20,30.55,30.15,30.45,+0.15,"6,803",
111/11/07,"16,651,649","513,047,849",30.60,31.00,30.50,31.00,+0.55,"8,053",
111/11/08,"22,950,242","724,895,333",31.15,31.85,31.10,31.65,+0.65,"12,141",
111/11/09,"21,909,512","698,442,421",31.65,32.10,31.55,31.90,+0.25,"10,489",
111/11/10,"15,522,237","494,187,316",31.70,32.20,31.55,31.70,-0.20,"8,199",
111/11/11,"22,047,691","708,385,209",32.30,32.45,31.90,32.15,+0.45,"9,720",
111/11/14,"62,302,906","2,097,068,043",32.45,34.40,32.25,34.15,+2.00,"26,155",
111/11/15,"48,301,092","1,616,879,916",33.95,33.95,33.00,33.85,-0.30,"23,138",
111/11/16,"49,033,370","1,625,668,484",33.50,33.60,32.90,32.90,-0.95,"22,914",
111/11/17,"73,658,057","2,514,657,750",33.55,34.70,33.50,34.25,+1.35,"28,998",
111/11/18,"68,505,333","2,291,474,998",33.70,34.10,33.20,33.30,-0.95,"22,841",
111/11/21,"25,643,130","843,911,446",33.30,33.35,32.80,32.85,-0.45,"12,816",
111/11/22,"24,386,731","795,321,133",32.75,32.80,32.50,32.65,-0.20,"11,288",
111/11/23,"20,364,472","666,800,882",32.85,33.10,32.55,32.70,+0.05,"8,805",
111/11/24,"28,488,624","937,328,550",33.00,33.20,32.70,33.20,+0.50,"9,282",
111/11/25,"28,320,443","945,463,562",33.10,33.55,33.10,33.55,+0.35,"10,445",
111/11/28,"40,748,644","1,347,704,448",33.30,33.40,32.80,33.00,-0.55,"15,533",
111/11/29,"22,191,940","738,534,201",33.05,33.55,32.85,33.55,+0.55,"8,721",
111/11/30,"45,523,042","1,534,019,694",33.35,33.90,33.20,33.90,+0.35,"11,185",
111/12/01,"38,360,071","1,305,308,569",34.40,34.40,33.80,34.05,+0.15,"15,079",
111/12/02,"23,339,192","786,582,050",33.90,33.90,33.60,33.65,-0.40,"10,434",
111/12/05,"31,251,800","1,047,969,700",33.45,33.80,33.25,33.70,+0.05,"12,528",
111/12/06,"21,494,479","718,594,128",33.65,33.65,33.30,33.30,-0.40,"10,050",
111/12/07,"22,038,936","733,806,535",33.20,33.50,33.05,33.35,+0.05,"8,695",
111/12/08,"14,283,754","474,431,381",33.30,33.35,33.15,33.20,-0.15,"7,018",
111/12/09,"20,536,496","692,015,667",33.40,33.90,33.25,33.70,+0.50,"8,160",
111/12/12,"12,505,757","421,677,149",33.70,33.90,33.55,33.85,+0.15,"6,124",
111/12/13,"20,955,961","708,647,144",33.90,34.20,33.60,33.70,-0.15,"8,602",
111/12/14,"19,364,726","650,226,282",34.00,34.00,33.50,33.50,-0.20,"8,395",
111/12/15,"14,007,771","469,449,005",33.55,33.70,33.40,33.55,+0.05,"6,270",
111/12/16,"72,115,315","2,439,468,304",33.20,34.60,33.00,34.60,+1.05,"18,340",
111/12/19,"78,952,465","2,674,477,765",34.15,34.20,33.60,33.85,-0.75,"18,791",
111/12/20,"67,004,744","2,260,348,425",33.70,34.05,33.55,33.70,-0.15,"16,302",
111/12/21,"67,499,095","2,293,786,561",33.80,34.10,33.55,34.05,+0.35,"14,782",
111/12/22,"71,623,587","2,469,758,507",34.20,34.80,34.05,34.45,+0.40,"16,685",
111/12/23,"23,483,856","804,299,895",34.15,34.60,33.80,34.05,-0.40,"10,819",
111/12/26,"12,361,474","424,140,679",34.35,34.45,34.10,34.40,+0.35,"5,761",
111/12/27,"11,426,803","394,169,733",34.55,34.70,34.30,34.30,-0.10,"6,494",
111/12/28,"14,092,727","482,086,632",34.15,34.35,33.95,34.30, 0.00,"5,921",
111/12/29,"13,483,783","456,027,492",34.25,34.25,33.70,33.70,-0.60,"6,848",
111/12/30,"8,560,973","289,086,842",33.90,34.00,33.65,33.65,-0.05,"3,901",
112/01/03,"11,654,098","390,507,579",33.60,33.75,33.30,33.50,-0.15,"5,607",
112/01/04,"10,493,097","352,240,731",33.65,33.75,33.50,33.50, 0.00,"4,256",
112/01/05,"27,376,555","942,670,410",34.15,34.70,34.05,34.45,+0.95,"12,553",
112/01/06,"13,688,284","469,388,543",34.45,34.60,34.10,34.25,-0.20,"6,614",
112/01/09,"15,635,866","539,378,196",34.60,34.65,34.35,34.60,+0.35,"7,003",
112/01/10,"11,462,979","395,644,559",34.65,34.70,34.35,34.60, 0.00,"5,577",
112/01/11,"15,386,976","534,026,570",34.70,34.85,34.55,34.70,+0.10,"7,444",
112/01/12,"26,778,048","944,788,978",34.75,35.50,34.70,35.40,+0.70,"14,584",
112/01/13,"41,631,836","1,502,375,700",35.55,36.30,35.55,36.15,+0.75,"22,477",
112/01/16,"34,494,589","1,259,264,414",36.55,36.90,36.15,36.50,+0.35,"19,191",
112/01/17,"21,499,697","775,770,365",36.45,36.45,35.90,36.00,-0.50,"12,469",
112/01/30,"39,966,741","1,472,016,568",37.20,37.25,36.50,36.95,+0.95,"15,895",
112/01/31,"23,934,138","873,618,656",36.90,36.90,36.25,36.25,-0.70,"12,712",
112/02/01,"15,215,064","557,059,198",36.45,36.75,36.30,36.75,+0.50,"8,229",
112/02/02,"14,814,809","544,700,449",36.85,36.90,36.55,36.80,+0.05,"8,361",
112/02/03,"16,800,332","612,061,416",36.75,36.75,36.30,36.45,-0.35,"8,792",
112/02/06,"18,914,974","684,900,126",36.40,36.45,36.00,36.15,-0.30,"10,168",
112/02/07,"12,818,745","468,441,190",36.20,36.65,36.20,36.65,+0.50,"6,835",
112/02/08,"12,201,334","447,257,491",36.55,36.80,36.50,36.75,+0.10,"6,313",
112/02/09,"11,379,279","417,204,418",36.70,36.80,36.55,36.60,-0.15,"5,317",
112/02/10,"15,578,283","573,100,181",36.55,37.00,36.45,36.85,+0.25,"7,463",
112/02/13,"14,617,556","540,767,586",36.90,37.15,36.70,37.00,+0.15,"7,689",
112/02/14,"23,984,629","897,989,071",37.20,37.80,37.15,37.25,+0.25,"11,025",
112/02/15,"19,116,424","719,132,693",37.35,37.85,37.30,37.55,+0.30,"11,069",
112/02/16,"16,457,265","618,257,617",37.70,37.85,37.35,37.50,-0.05,"8,428",
112/02/17,"18,234,212","688,163,008",37.40,38.00,37.25,38.00,+0.50,"9,608",
112/02/20,"16,664,374","634,546,656",37.95,38.40,37.80,38.25,+0.25,"10,140",
112/02/21,"9,443,068","361,950,570",38.40,38.50,38.15,38.35,+0.10,"6,552",
112/02/22,"19,617,132","745,735,095",38.15,38.30,37.85,38.05,-0.30,"10,712",
112/02/23,"47,953,951","1,886,677,218",38.50,39.70,38.40,39.50,+1.45,"25,543",
112/02/24,"68,799,746","2,697,012,499",39.65,39.70,39.05,39.15,-0.35,"21,776",
112/03/01,"50,523,994","1,927,207,900",38.85,38.85,37.60,37.80,-1.35,"26,280",
112/03/02,"18,212,319","687,326,038",37.80,38.15,37.45,37.90,+0.10,"10,091",
112/03/03,"14,693,838","555,369,779",38.10,38.15,37.65,37.75,-0.15,"8,865",
112/03/06,"12,088,991","459,311,195",38.00,38.10,37.85,37.95,+0.20,"7,352",
112/03/07,"12,798,027","486,043,747",38.05,38.10,37.90,37.95, 0.00,"7,279",
112/03/08,"21,791,272","820,456,422",37.85,37.90,37.50,37.75,-0.20,"15,164",
112/03/09,"23,896,022","893,532,917",37.75,37.85,37.15,37.20,-0.55,"17,250",
112/03/10,"25,192,335","925,036,302",36.90,36.90,36.60,36.70,-0.50,"18,663",
112/03/13,"22,518,921","823,166,227",36.45,37.00,36.15,36.75,+0.05,"12,938",
112/03/14,"17,569,854","644,482,495",36.40,37.00,36.30,36.75, 0.00,"9,564",
112/03/15,"15,657,070","581,231,855",36.90,37.30,36.90,37.10,+0.35,"7,787",
112/03/16,"20,235,848","739,856,223",36.90,37.00,36.30,36.35,-0.75,"12,792",
112/03/17,"31,846,968","1,161,360,960",36.60,36.75,36.35,36.40,+0.05,"10,838",
112/03/20,"11,109,324","409,265,756",36.50,37.00,36.50,36.90,+0.50,"5,530",
112/03/21,"11,610,765","430,907,669",37.00,37.35,37.00,37.05,+0.15,"6,067",
112/03/22,"16,701,571","622,440,371",37.25,37.40,37.15,37.20,+0.15,"7,842",
112/03/23,"14,477,921","540,617,189",37.40,37.55,37.20,37.35,+0.15,"6,766",
112/03/24,"13,819,470","518,774,687",37.40,37.70,37.30,37.60,+0.25,"7,020",
112/03/27,"25,738,990","946,768,182",37.00,37.10,36.60,36.65,-0.95,"16,047",
112/03/28,"27,286,673","989,223,660",36.60,36.65,36.10,36.20,-0.45,"19,140",
112/03/29,"12,924,440","468,226,155",36.25,36.40,36.05,36.35,+0.15,"8,593",
112/03/30,"12,765,508","461,861,115",36.45,36.45,36.05,36.20,-0.15,"8,053",
112/03/31,"11,099,743","404,695,707",36.20,36.60,36.10,36.40,+0.20,"5,198",
112/04/06,"13,621,330","495,780,774",36.65,36.70,36.20,36.45,+0.05,"5,740",
112/04/07,"11,329,490","412,715,913",36.45,36.55,36.35,36.40,-0.05,"4,543",
112/04/10,"15,386,152","560,616,944",36.45,36.60,36.30,36.60,+0.20,"6,628",
112/04/11,"32,191,913","1,199,260,574",36.75,37.65,36.75,37.45,+0.85,"14,187",
112/04/12,"21,776,337","818,178,869",37.60,37.85,37.45,37.45, 0.00,"9,294",
112/04/13,"11,791,361","442,521,588",37.65,37.70,37.45,37.55,+0.10,"7,208",
112/04/14,"11,678,009","437,365,379",37.60,37.65,37.30,37.55, 0.00,"6,390",
112/04/17,"28,131,977","1,070,452,844",37.65,38.30,37.65,37.95,+0.40,"12,278",
112/04/18,"13,555,388","509,593,992",37.95,38.00,37.30,37.45,-0.50,"9,319",
112/04/19,"13,369,205","498,250,387",37.45,37.65,37.10,37.10,-0.35,"7,941",
112/04/20,"17,578,243","654,495,603",37.20,37.50,37.10,37.20,+0.10,"6,514",
112/04/21,"69,668,614","2,669,252,948",37.50,38.95,37.50,38.30,+1.10,"30,474",
112/04/24,"82,247,780","3,229,506,752",39.20,39.80,38.85,39.55,+1.25,"39,243",
112/04/25,"52,427,881","2,035,107,829",39.55,39.60,38.30,38.50,-1.05,"33,453",
112/04/26,"34,253,534","1,328,494,912",38.20,39.20,38.20,39.10,+0.60,"16,166",
112/04/27,"29,945,749","1,166,480,555",39.20,39.40,38.55,38.65,-0.45,"13,790",
112/04/28,"24,724,757","958,505,397",38.95,39.15,38.55,38.70,+0.05,"10,956",
112/05/02,"69,164,237","2,748,222,567",39.00,40.25,38.90,39.90,+1.20,"31,971",
112/05/03,"35,068,167","1,392,237,361",40.15,40.15,39.30,39.50,-0.40,"20,354",
112/05/04,"19,369,711","764,748,306",39.50,39.75,39.20,39.45,-0.05,"9,893",
112/05/05,"15,901,928","625,658,765",39.55,39.80,39.15,39.30,-0.15,"10,070",
112/05/08,"26,175,572","1,035,387,002",39.55,39.80,39.35,39.60,+0.30,"12,693",
112/05/09,"38,023,787","1,477,739,348",39.70,39.70,38.55,38.65,-0.95,"21,527",
112/05/10,"16,060,716","621,684,688",38.85,38.90,38.55,38.85,+0.20,"8,708",
112/05/11,"23,649,114","904,005,519",38.65,38.90,37.90,38.20,-0.65,"14,429",
112/05/12,"26,092,568","985,403,140",37.85,37.95,37.60,37.80,-0.40,"17,905",
112/05/15,"29,681,026","1,107,231,841",37.80,37.80,37.15,37.35,-0.45,"17,857",
112/05/16,"14,583,190","548,459,509",37.45,37.85,37.25,37.75,+0.40,"7,364",
112/05/17,"20,716,571","786,394,332",37.70,38.20,37.65,37.90,+0.15,"11,376",
112/05/18,"18,202,790","689,107,963",38.00,38.15,37.70,37.85,-0.05,"9,845",
112/05/19,"24,042,183","909,840,258",37.85,38.00,37.70,37.85, 0.00,"9,281",
112/05/22,"24,186,137","922,770,605",38.00,38.40,37.70,38.25,+0.40,"11,671",
112/05/23,"22,695,623","862,206,828",38.25,38.30,37.90,37.90,-0.35,"11,259",
112/05/24,"21,681,392","816,568,220",37.85,37.90,37.50,37.85,-0.05,"13,086",
112/05/25,"30,414,582","1,146,187,680",37.70,38.05,37.50,38.05,+0.20,"13,036",
112/05/26,"21,233,325","802,585,508",37.80,38.00,37.60,38.00,-0.05,"9,510",
112/05/29,"26,028,333","987,145,356",38.05,38.15,37.75,38.15,+0.15,"11,969",
112/05/30,"28,867,665","1,100,035,776",38.10,38.30,37.90,38.30,+0.15,"12,611",
112/05/31,"55,200,906","2,095,759,209",38.30,38.30,37.85,37.90,-0.40,"12,267",
112/06/01,"20,325,434","768,485,173",38.05,38.10,37.75,37.75,-0.15,"11,048",
112/06/02,"37,641,391","1,446,693,145",37.75,38.75,37.75,38.55,+0.80,"15,496",
112/06/05,"23,588,849","918,294,668",38.75,39.25,38.65,38.85,+0.30,"11,847",
112/06/06,"11,784,017","457,351,772",38.95,39.05,38.65,38.80,-0.05,"8,151",
112/06/07,"11,693,000","453,587,047",38.90,38.95,38.60,38.80, 0.00,"6,220",
112/06/08,"14,453,378","556,871,145",38.80,38.80,38.30,38.50,-0.30,"8,422",
112/06/09,"12,498,433","480,047,770",38.50,38.50,38.30,38.45,-0.05,"6,400",
112/06/12,"16,369,900","627,766,126",38.70,38.75,38.15,38.25,-0.20,"10,649",
112/06/13,"14,239,695","544,275,484",38.30,38.40,38.05,38.25, 0.00,"7,977",
112/06/14,"11,803,228","451,703,729",38.35,38.45,38.15,38.35,+0.10,"6,964",
112/06/15,"12,380,474","474,152,763",38.35,38.40,38.20,38.35, 0.00,"6,313",
112/06/16,"39,153,380","1,520,424,959",38.40,39.20,38.30,38.70,+0.35,"13,057",
112/06/19,"12,887,442","499,013,141",38.75,38.95,38.60,38.70, 0.00,"6,972",
112/06/20,"17,678,920","681,580,924",38.70,38.75,38.45,38.55,-0.15,"5,837",
112/06/21,"14,668,506","564,793,491",38.55,38.75,38.35,38.70,+0.15,"7,432",
112/06/26,"13,371,077","518,412,162",38.70,38.95,38.45,38.80,+0.10,"6,673",
112/06/27,"10,190,147","392,738,941",38.70,38.80,38.40,38.45,-0.35,"6,784",
112/06/28,"18,919,407","721,352,398",38.45,38.50,38.00,38.05,-0.40,"13,338",
112/06/29,"9,958,364","379,676,759",38.15,38.40,38.05,38.05, 0.00,"5,516",
112/06/30,"11,159,268","425,253,854",38.05,38.35,38.05,38.05, 0.00,"6,089",
112/07/03,"8,601,575","328,660,890",38.20,38.30,38.15,38.25,+0.20,"5,542",
112/07/04,"11,565,771","441,047,124",38.20,38.30,38.05,38.05,-0.20,"7,486",
112/07/05,"17,202,745","652,857,069",38.05,38.15,37.80,37.80,-0.25,"11,608",
112/07/06,"28,968,239","1,082,140,861",37.75,37.75,37.20,37.25,-0.55,"20,557",
112/07/07,"19,465,674","722,562,784",37.20,37.50,36.90,37.30,+0.05,"11,962",
112/07/10,"26,003,083","962,232,999",37.30,37.40,36.80,36.85,-0.45,"16,970",
112/07/11,"22,537,721","828,229,527",36.80,37.05,36.50,36.55,X0.00,"13,816",
112/07/12,"13,655,144","499,444,106",36.55,36.65,36.50,36.60,+0.05,"7,962",
112/07/13,"15,806,626","583,073,847",36.65,37.25,36.65,36.80,+0.20,"8,603",
112/07/14,"15,399,835","568,877,607",36.80,37.15,36.75,37.00,+0.20,"6,822",
112/07/17,"19,635,471","722,831,068",37.00,37.10,36.70,36.75,-0.25,"11,288",
112/07/18,"22,387,442","822,733,616",36.70,37.10,36.50,37.10,+0.35,"12,059",
112/07/19,"20,934,774","769,842,144",37.10,37.10,36.55,36.60,-0.50,"12,303",
112/07/20,"17,798,154","651,370,556",36.65,36.75,36.55,36.55,-0.05,"8,840",
112/07/21,"23,480,660","852,409,824",36.60,36.65,36.10,36.10,-0.45,"18,234",
112/07/24,"15,855,908","578,367,784",36.20,36.90,36.00,36.50,+0.40,"8,776",
112/07/25,"24,409,072","911,050,979",36.90,37.65,36.80,37.40,+0.90,"11,495",
112/07/26,"11,833,479","441,517,637",37.50,37.55,37.20,37.25,-0.15,"6,021",
112/07/27,"14,515,480","541,966,389",37.25,37.55,37.20,37.35,+0.10,"5,784",
112/07/28,"11,768,083","437,881,006",37.35,37.40,37.10,37.35, 0.00,"5,727",
112/07/31,"17,485,589","653,276,071",37.35,37.60,37.15,37.30,-0.05,"8,184",
112/08/01,"13,464,998","503,788,057",37.35,37.60,37.30,37.55,+0.25,"5,945",
112/08/02,"19,895,559","743,759,032",37.50,37.80,37.15,37.20,-0.35,"9,016",
112/08/04,"14,192,349","530,321,040",37.25,37.50,37.15,37.35,+0.15,"6,682",
112/08/07,"16,992,923","637,318,126",37.50,37.70,37.40,37.65,+0.30,"6,742",
112/08/08,"15,554,128","578,849,128",37.50,37.60,37.10,37.10,-0.55,"9,970",
112/08/09,"10,784,194","400,479,133",37.10,37.25,37.05,37.15,+0.05,"5,540",
112/08/10,"9,774,757","360,662,761",37.20,37.25,36.80,36.85,-0.30,"8,264",
112/08/11,"17,960,217","656,288,294",37.15,37.75,37.10,37.40,+0.55,"6,938",
112/08/14,"17,530,258","647,279,615",37.55,37.55,36.75,36.85,-0.55,"10,462",
112/08/15,"16,918,628","621,512,281",36.85,36.90,36.55,36.70,-0.15,"8,965",
112/08/16,"30,022,247","1,087,443,921",36.55,36.60,36.00,36.05,-0.65,"17,353",
112/08/17,"41,929,246","1,451,706,873",36.00,36.05,35.40,35.65,-0.40,"15,160",
112/08/18,"30,753,041","1,087,997,886",35.80,35.80,35.10,35.15,-0.50,"18,429",
112/08/21,"15,868,611","559,417,513",35.00,35.45,35.00,35.40,+0.25,"5,684",
112/08/22,"12,160,131","430,418,837",35.55,35.55,35.30,35.40, 0.00,"4,794",
112/08/23,"13,200,442","467,271,842",35.50,35.55,35.30,35.30,-0.10,"5,863",
112/08/24,"14,151,716","499,578,948",35.20,35.45,35.20,35.30, 0.00,"6,414",
112/08/25,"15,173,092","534,353,551",35.20,35.35,35.10,35.10,-0.20,"7,419",
112/08/28,"13,704,450","481,506,124",35.15,35.30,35.10,35.20,+0.10,"5,217",
112/08/29,"22,767,239","766,993,767",35.20,35.45,35.20,35.40,+0.20,"4,392",
112/08/30,"21,263,679","734,792,646",35.30,35.60,35.20,35.30,-0.10,"7,713",
112/08/31,"38,519,368","1,349,792,371",35.35,35.35,34.95,34.95,-0.35,"10,593",
112/09/01,"19,428,367","682,532,551",35.10,35.45,35.00,35.25,+0.30,"7,631",
112/09/04,"20,229,190","710,516,397",35.15,35.25,34.90,35.20,-0.05,"9,657",
112/09/05,"36,456,336","1,226,669,232",35.15,35.25,35.00,35.00,-0.20,"12,172",
112/09/06,"39,906,142","1,376,204,832",34.90,34.95,34.35,34.40,-0.60,"30,576",
112/09/07,"21,981,134","755,231,324",34.40,34.55,34.20,34.35,-0.05,"10,585",
112/09/08,"21,838,198","746,950,035",34.30,34.35,34.05,34.10,-0.25,"13,463",
112/09/11,"17,824,696","608,196,053",34.10,34.20,34.05,34.20,+0.10,"7,786",
112/09/12,"17,792,157","612,107,352",34.30,34.65,34.30,34.60,+0.40,"6,043",
112/09/13,"28,278,131","990,254,465",34.85,35.30,34.85,35.30,+0.70,"10,998",
112/09/14,"18,247,932","645,339,783",35.40,35.50,35.30,35.50,+0.20,"6,450",
112/09/15,"19,736,935","696,124,709",35.30,35.35,35.05,35.10,-0.40,"5,474",
112/09/18,"15,558,263","545,619,542",35.10,35.20,35.00,35.10, 0.00,"6,491",
112/09/19,"17,331,215","604,308,324",35.10,35.15,34.80,34.80,-0.30,"9,986",
112/09/20,"27,453,105","948,085,087",34.80,34.85,34.35,34.35,-0.45,"12,561",
112/09/21,"35,756,361","1,216,822,304",34.25,34.25,33.80,33.80,-0.55,"21,386",
112/09/22,"30,264,572","1,008,227,536",33.50,33.60,33.35,33.50,-0.30,"16,296",
112/09/25,"32,303,005","1,071,547,260",33.40,33.45,33.00,33.10,-0.40,"19,288",
112/09/26,"25,651,061","841,526,411",33.10,33.30,33.00,33.00,-0.10,"14,123",
112/09/27,"18,100,731","593,535,452",33.00,33.20,32.90,33.05,+0.05,"9,287",
112/09/28,"18,375,914","609,037,501",33.10,33.30,33.05,33.25,+0.20,"10,223",
112/10/02,"13,954,666","462,505,241",33.30,33.30,33.05,33.10,-0.15,"8,950",
112/10/03,"16,266,249","539,321,478",33.20,33.30,33.05,33.20,+0.10,"7,129",
112/10/04,"20,561,500","677,175,059",33.00,33.15,32.85,32.90,-0.30,"11,767",
112/10/05,"17,660,272","578,826,694",32.75,32.95,32.60,32.75,-0.15,"13,624",
112/10/06,"15,884,461","520,774,500",32.75,33.10,32.70,32.80,+0.05,"6,869",
112/10/11,"16,225,669","536,069,353",33.15,33.20,32.85,33.10,+0.30,"8,001",
112/10/12,"20,332,421","683,098,719",33.20,33.80,33.15,33.70,+0.60,"9,266",
112/10/13,"19,059,868","647,253,744",33.90,34.15,33.70,33.80,+0.10,"10,560",
112/10/16,"13,519,437","455,489,988",33.80,33.90,33.60,33.60,-0.20,"6,603",
112/10/17,"18,143,021","607,560,645",33.80,33.80,33.30,33.45,-0.15,"8,426",
112/10/18,"110,992,007","3,568,983,437",32.65,32.75,32.30,32.45,-1.00,"30,818",
112/10/19,"67,331,244","2,124,826,132",32.20,32.25,31.70,31.90,-0.55,"33,937",
112/10/20,"33,671,404","1,064,696,077",31.70,31.90,31.40,31.75,-0.15,"18,546",
112/10/23,"14,150,665","448,293,669",31.70,31.90,31.55,31.65,-0.10,"9,106",
112/10/24,"24,067,392","758,939,141",31.75,31.75,31.35,31.50,-0.15,"11,612",
112/10/25,"19,646,028","621,917,103",31.65,31.85,31.50,31.55,+0.05,"10,635",
112/10/26,"15,948,604","502,068,076",31.55,31.60,31.40,31.45,-0.10,"8,445",
112/10/27,"12,807,214","407,864,929",31.55,32.00,31.55,31.85,+0.40,"6,248",
112/10/30,"15,920,174","508,519,791",31.80,32.10,31.75,32.00,+0.15,"7,148",
112/10/31,"34,975,272","1,126,195,244",32.05,32.35,32.05,32.25,+0.25,"8,015",
112/11/01,"13,675,697","439,806,368",32.35,32.50,32.00,32.10,-0.15,"6,013",
112/11/02,"25,579,046","802,090,124",32.30,32.50,32.25,32.35,+0.25,"6,161",
112/11/03,"27,979,160","915,667,247",32.55,32.95,32.50,32.90,+0.55,"7,848",
112/11/06,"20,773,959","682,282,007",33.00,33.10,32.75,32.80,-0.10,"8,132",
112/11/07,"23,906,987","771,362,752",32.80,32.80,32.40,32.55,-0.25,"6,296",
112/11/08,"22,505,196","738,051,946",32.80,33.05,32.65,32.90,+0.35,"5,979",
112/11/09,"16,366,451","539,313,665",33.00,33.10,32.75,32.90, 0.00,"5,907",
112/11/10,"10,690,090","351,476,457",32.90,33.00,32.80,32.85,-0.05,"5,355",
112/11/13,"14,964,159","490,414,520",33.00,33.00,32.60,32.80,-0.05,"6,739",
112/11/14,"16,721,751","544,570,648",32.90,32.90,32.50,32.50,-0.30,"8,581",
112/11/15,"36,628,181","1,209,338,396",33.00,33.15,32.80,33.15,+0.65,"12,336",
112/11/16,"23,429,454","776,191,694",33.35,33.35,33.00,33.05,-0.10,"9,854",
112/11/17,"25,951,662","808,991,935",33.05,33.35,33.00,33.20,+0.15,"5,782",
112/11/20,"12,434,498","417,189,349",33.20,33.75,33.10,33.60,+0.40,"6,785",
112/11/21,"33,522,499","1,141,533,442",33.70,34.20,33.70,34.20,+0.60,"13,341",
112/11/22,"15,687,176","532,787,644",34.05,34.15,33.85,33.85,-0.35,"10,231",
112/11/23,"16,945,844","574,527,168",33.85,34.05,33.65,34.00,+0.15,"8,116",
112/11/24,"20,353,723","690,507,163",33.95,34.10,33.75,33.75,-0.25,"7,160",
112/11/27,"22,155,103","755,826,760",33.90,34.35,33.80,33.95,+0.20,"8,919",
112/11/28,"65,709,089","2,292,862,986",35.00,35.50,34.50,34.50,+0.55,"29,977",
112/11/29,"27,501,623","945,813,475",34.60,34.80,34.10,34.25,-0.25,"14,913",
112/11/30,"106,415,572","3,721,321,159",34.30,35.30,34.30,34.95,+0.70,"19,511",
112/12/01,"35,911,150","1,240,473,619",34.60,34.75,34.30,34.40,-0.55,"16,853",
112/12/04,"23,927,886","819,207,132",34.50,34.55,34.05,34.05,-0.35,"13,001",
112/12/05,"24,322,560","843,124,502",34.00,34.90,34.00,34.90,+0.85,"10,993",
112/12/06,"11,793,732","409,794,157",34.95,35.05,34.60,34.60,-0.30,"7,537",
112/12/07,"7,387,622","255,159,039",34.60,34.75,34.40,34.50,-0.10,"5,021",
112/12/08,"12,386,018","429,170,096",34.70,34.85,34.60,34.60,+0.10,"3,906",
112/12/11,"7,662,596","263,273,230",34.60,34.65,34.20,34.40,-0.20,"6,230",
112/12/12,"9,012,408","308,076,135",34.40,34.40,34.10,34.15,-0.25,"5,646",
112/12/13,"8,905,633","303,888,092",34.15,34.20,34.05,34.05,-0.10,"4,863",
112/12/14,"10,868,064","373,762,329",34.50,34.55,34.10,34.40,+0.35,"5,184",
112/12/15,"22,372,270","769,032,993",34.50,34.55,34.30,34.30,-0.10,"7,318",
112/12/18,"7,431,723","256,466,923",34.45,34.70,34.35,34.55,+0.25,"4,742",
112/12/19,"8,855,505","304,222,359",34.70,34.70,34.20,34.35,-0.20,"5,835",
112/12/20,"9,066,776","312,007,536",34.45,34.60,34.25,34.50,+0.15,"5,264",
112/12/21,"7,255,766","248,260,665",34.25,34.35,34.15,34.25,-0.25,"4,978",
112/12/22,"7,317,372","250,494,059",34.20,34.35,34.15,34.30,+0.05,"3,342",
112/12/25,"7,382,502","254,872,392",34.40,34.65,34.35,34.50,+0.20,"4,293",
112/12/26,"5,532,736","191,562,236",34.60,34.70,34.50,34.65,+0.15,"3,586",
112/12/27,"11,522,515","400,971,083",34.65,34.90,34.65,34.90,+0.25,"6,126",
112/12/28,"9,492,910","330,375,061",34.95,35.00,34.70,34.90, 0.00,"5,963",
112/12/29,"6,506,879","226,475,062",34.90,34.90,34.70,34.85,-0.05,"3,742",
113/01/02,"14,937,049","518,751,792",34.85,34.85,34.60,34.70,-0.15,"4,172",
113/01/03,"12,793,849","438,994,226",34.50,34.75,34.15,34.20,-0.50,"8,186",
113/01/04,"6,473,946","221,350,197",34.20,34.30,34.15,34.20, 0.00,"3,693",
113/01/05,"4,691,751","160,866,951",34.20,34.35,34.20,34.35,+0.15,"2,609",
113/01/08,"5,581,614","191,844,472",34.40,34.55,34.25,34.25,-0.10,"3,387",
113/01/09,"6,279,275","214,297,776",34.30,34.30,34.05,34.05,-0.20,"4,002",
113/01/10,"11,892,969","401,811,477",34.05,34.05,33.70,33.70,-0.35,"6,610",
113/01/11,"6,666,115","224,762,008",33.70,33.80,33.60,33.70, 0.00,"3,871",
113/01/12,"5,248,129","176,751,295",33.70,33.80,33.60,33.75,+0.05,"3,233",
113/01/15,"7,160,773","241,194,939",34.00,34.00,33.60,33.65,-0.10,"6,110",
113/01/16,"19,050,849","629,043,207",33.45,33.50,32.90,32.90,-0.75,"13,714",
113/01/17,"28,856,602","931,822,461",32.55,32.70,32.15,32.20,-0.70,"17,199",
113/01/18,"14,999,489","481,330,210",32.20,32.35,32.00,32.05,-0.15,"10,365",
113/01/19,"14,495,609","464,615,470",32.00,32.40,31.80,32.40,+0.35,"8,208",
113/01/22,"9,350,803","303,041,146",32.40,32.65,32.30,32.30,-0.10,"6,338",
113/01/23,"7,306,624","238,083,658",32.35,32.70,32.30,32.70,+0.40,"4,519",
113/01/24,"6,431,998","210,066,607",32.75,32.80,32.60,32.60,-0.10,"4,409",
113/01/25,"5,589,171","182,470,899",32.60,32.70,32.50,32.70,+0.10,"3,583",
113/01/26,"8,723,219","284,872,138",32.60,32.80,32.55,32.60,-0.10,"4,196",
113/01/29,"13,852,487","449,193,124",32.55,32.60,32.35,32.35,-0.25,"6,691",
113/01/30,"17,168,606","551,418,731",32.40,32.55,32.00,32.00,-0.35,"10,404",
113/01/31,"19,126,814","610,391,783",32.00,32.10,31.80,31.90,-0.10,"8,350",
113/02/01,"10,337,642","333,241,168",31.95,32.45,31.95,32.45,+0.55,"5,202",
113/02/02,"8,038,010","259,604,058",32.45,32.55,32.20,32.25,-0.20,"5,102",
113/02/05,"13,528,225","433,558,416",32.10,32.20,31.90,32.15,-0.10,"6,995",
113/02/15,"23,944,775","764,457,030",32.00,32.10,31.80,32.00,-0.15,"14,862",
113/02/16,"18,486,704","588,821,996",31.90,32.00,31.80,31.90,-0.10,"15,586",
113/02/19,"18,522,505","601,984,543",32.05,32.80,32.00,32.80,+0.90,"10,165",
113/02/20,"8,808,852","287,231,225",32.80,32.90,32.50,32.65,-0.15,"8,627",
113/02/21,"9,410,264","305,655,817",32.70,32.70,32.40,32.50,-0.15,"6,542",
113/02/22,"6,529,709","211,959,096",32.50,32.60,32.35,32.55,+0.05,"4,572",
113/02/23,"8,900,378","288,902,201",32.60,32.65,32.40,32.40,-0.15,"5,373",
113/02/26,"10,604,126","342,286,977",32.40,32.50,32.05,32.15,-0.25,"7,498",
113/02/27,"17,159,173","548,113,632",32.05,32.15,31.85,31.85,-0.30,"9,874",
113/02/29,"29,399,423","946,064,596",32.40,32.55,32.05,32.10,+0.25,"10,984",
113/03/01,"16,170,103","518,113,513",32.15,32.25,31.95,32.05,-0.05,"9,899",
113/03/04,"12,399,827","398,050,660",32.05,32.30,32.00,32.05, 0.00,"7,023",
113/03/05,"11,197,573","359,162,999",32.10,32.25,32.00,32.00,-0.05,"6,252",
113/03/06,"17,812,634","569,391,934",32.00,32.10,31.90,32.00, 0.00,"10,949",
113/03/07,"13,784,643","440,448,016",32.00,32.10,31.85,32.00, 0.00,"8,424",
113/03/08,"16,009,442","511,541,865",32.00,32.15,31.85,31.85,-0.15,"10,838",
113/03/11,"17,483,436","554,623,839",31.85,31.85,31.60,31.80,-0.05,"11,239",
113/03/12,"10,205,021","325,664,261",31.80,32.00,31.75,32.00,+0.20,"5,896",
113/03/13,"15,369,093","488,373,439",31.85,31.95,31.70,31.70,-0.30,"9,893",
113/03/14,"12,087,491","384,993,688",31.70,32.00,31.70,32.00,+0.30,"6,456",
113/03/15,"26,975,719","862,458,750",31.90,32.15,31.85,31.95,-0.05,"6,816",
113/03/18,"15,866,068","503,080,222",31.95,31.95,31.60,31.70,-0.25,"11,037",
113/03/19,"24,394,412","767,624,499",31.65,31.70,31.40,31.40,-0.30,"16,282",
113/03/20,"30,649,972","949,004,451",31.40,31.45,30.80,30.90,-0.50,"23,135",
113/03/21,"22,155,727","698,668,194",31.40,31.80,31.25,31.50,+0.60,"10,255",
113/03/22,"18,817,982","586,216,523",31.25,31.45,31.05,31.15,-0.35,"10,521",
113/03/25,"10,249,931","318,885,322",31.10,31.25,31.00,31.10,-0.05,"6,526",
113/03/26,"11,622,826","365,711,750",31.10,31.60,31.05,31.55,+0.45,"7,234",
113/03/27,"12,005,697","380,286,027",31.35,31.90,31.35,31.70,+0.15,"6,627",
113/03/28,"12,759,528","405,142,634",31.70,31.90,31.50,31.70, 0.00,"5,308",
113/03/29,"19,741,078","629,536,579",31.70,32.15,31.70,32.15,+0.45,"6,587",
113/04/01,"12,424,889","399,420,695",32.25,32.25,32.05,32.15, 0.00,"4,760",
113/04/02,"10,353,387","331,618,885",32.15,32.20,31.90,31.95,-0.20,"4,689",
113/04/03,"37,583,102","1,219,897,514",32.80,33.60,32.00,32.00,+0.05,"15,379",
113/04/08,"18,056,928","582,674,759",32.20,32.70,32.15,32.30,+0.30,"8,460",
113/04/09,"15,502,444","500,788,849",32.05,32.50,32.05,32.45,+0.15,"7,106",
113/04/10,"23,247,115","761,805,523",32.50,32.95,32.45,32.70,+0.25,"10,558",
113/04/11,"11,611,443","376,946,447",32.50,32.55,32.25,32.40,-0.30,"6,298",
113/04/12,"17,667,908","565,515,135",32.05,32.20,31.80,32.20,-0.20,"8,720",
113/04/15,"26,018,655","850,148,921",32.35,33.20,32.30,32.35,+0.15,"11,225",
113/04/16,"44,774,881","1,467,851,005",32.60,33.30,32.40,32.45,+0.10,"20,764",
113/04/17,"20,178,265","656,970,067",32.80,32.85,32.20,32.65,+0.20,"9,456",
113/04/18,"19,151,629","624,026,863",32.50,32.90,32.30,32.70,+0.05,"7,638",
113/04/19,"28,010,981","900,357,995",32.45,32.70,31.85,32.00,-0.70,"13,408",
113/04/22,"20,157,051","653,210,333",32.00,32.65,31.90,32.60,+0.60,"7,939",
113/04/23,"21,579,405","703,826,794",32.80,33.15,32.30,32.35,-0.25,"9,961",
113/04/24,"16,265,912","524,779,478",32.45,32.50,32.15,32.15,-0.20,"7,774",
113/04/25,"17,832,979","570,120,185",32.10,32.20,31.80,32.00,-0.15,"9,281",
113/04/26,"16,356,266","521,281,142",31.90,32.05,31.75,31.80,-0.20,"8,880",
113/04/29,"18,734,669","602,958,751",31.90,32.35,31.90,32.35,+0.55,"7,416",
113/04/30,"15,293,947","491,617,088",32.35,32.45,32.00,32.05,-0.30,"7,084",
113/05/02,"17,725,463","572,383,337",32.10,32.40,32.10,32.30,+0.25,"6,330",
113/05/03,"17,112,192","556,520,569",32.40,32.75,32.35,32.40,+0.10,"7,038",
113/05/06,"35,314,691","1,163,672,608",32.75,33.25,32.55,33.00,+0.60,"14,765",
113/05/07,"22,835,669","753,828,900",33.20,33.30,32.65,33.20,+0.20,"10,964",
113/05/08,"15,053,340","497,601,018",33.30,33.30,32.90,33.10,-0.10,"7,087",
113/05/09,"16,432,004","538,514,543",33.00,33.05,32.60,32.65,-0.45,"7,843",
113/05/10,"23,542,722","777,693,622",32.70,33.30,32.65,33.30,+0.65,"8,916",
113/05/13,"30,344,896","1,021,662,057",33.60,33.85,33.45,33.70,+0.40,"14,455",
113/05/14,"24,611,260","819,653,260",33.85,33.85,33.15,33.35,-0.35,"13,394",
113/05/15,"18,563,917","619,178,046",33.50,33.55,33.15,33.30,-0.05,"8,588",
113/05/16,"21,294,620","714,101,005",33.35,33.70,33.30,33.60,+0.30,"9,333",
113/05/17,"23,265,997","787,508,791",33.80,33.95,33.60,33.90,+0.30,"9,794",
113/05/20,"16,401,768","555,245,256",33.95,34.10,33.70,33.85,-0.05,"8,808",
113/05/21,"19,091,596","635,981,840",33.75,33.80,33.10,33.35,-0.50,"9,638",
113/05/22,"47,394,413","1,620,276,389",33.65,34.40,33.60,34.35,+1.00,"20,169",
113/05/23,"22,437,821","763,736,817",34.20,34.30,33.90,34.00,-0.35,"12,033",
113/05/24,"17,128,018","580,682,908",33.85,34.15,33.65,34.05,+0.05,"7,807",
113/05/27,"16,184,647","547,943,942",34.05,34.05,33.70,33.80,-0.25,"8,763",
113/05/28,"13,142,938","445,184,733",33.80,34.00,33.65,33.95,+0.15,"6,822",
113/05/29,"28,406,041","949,026,146",33.80,33.95,33.20,33.20,-0.75,"13,687",
113/05/30,"19,340,292","638,352,299",33.05,33.35,32.85,32.85,-0.35,"9,874",
113/05/31,"20,793,044","686,780,857",32.90,33.20,32.90,33.00,+0.15,"5,595",
113/06/03,"10,458,569","345,141,362",33.10,33.15,32.90,33.00, 0.00,"5,609",
113/06/04,"14,842,521","486,634,586",32.95,33.05,32.70,32.70,-0.30,"9,075",
113/06/05,"8,581,538","281,215,557",32.75,32.95,32.65,32.70, 0.00,"5,394",
113/06/06,"8,974,514","293,893,340",32.70,32.85,32.70,32.70, 0.00,"4,954",
113/06/07,"9,374,984","309,549,681",32.70,33.25,32.65,33.05,+0.35,"4,775",
113/06/11,"12,298,101","405,136,160",33.00,33.20,32.85,32.85,-0.20,"5,415",
113/06/12,"17,653,934","586,599,002",33.20,33.55,33.00,33.00,+0.15,"7,416",
113/06/13,"23,649,225","793,055,918",33.55,33.80,33.30,33.45,+0.45,"8,504",
113/06/14,"19,943,652","675,308,093",33.45,34.00,33.35,34.00,+0.55,"9,094",
113/06/17,"13,657,934","463,303,134",34.00,34.15,33.80,34.00, 0.00,"7,972",
113/06/18,"10,652,577","360,223,401",34.00,34.05,33.70,33.90,-0.10,"5,899",
113/06/19,"18,212,141","619,087,320",33.90,34.10,33.80,34.05,+0.15,"8,805",
113/06/20,"12,859,180","438,336,654",34.05,34.15,34.00,34.15,+0.10,"6,431",
113/06/21,"34,897,381","1,204,863,278",34.15,34.70,34.10,34.65,+0.50,"13,078",
113/06/24,"17,833,361","612,719,948",34.70,34.75,34.20,34.25,-0.40,"7,710",
113/06/25,"18,813,186","644,311,049",34.40,34.55,33.85,34.50,+0.25,"7,535",
113/06/26,"14,788,611","506,667,992",34.35,34.45,34.05,34.40,-0.10,"7,239",
113/06/27,"19,709,454","672,888,728",34.05,34.35,33.90,34.25,-0.15,"6,257",
113/06/28,"25,981,817","892,896,907",34.25,34.60,34.20,34.20,-0.05,"8,028",
113/08/01,"13,908,713","481,635,716",34.65,34.80,34.50,34.60,-0.05,"6,939",
113/08/02,"22,201,363","759,261,089",34.40,34.40,33.90,34.30,-0.30,"10,521",
113/08/05,"41,800,822","1,383,858,588",33.70,33.75,32.50,33.10,-1.20,"17,939",
113/08/06,"27,972,636","935,900,829",33.65,33.90,32.85,33.80,+0.70,"11,781",
113/08/07,"13,853,218","467,478,058",33.65,33.95,33.50,33.80, 0.00,"9,924",
113/08/08,"21,842,342","743,534,371",33.40,34.35,33.40,34.00,+0.20,"7,980",
113/08/09,"20,817,902","717,518,559",34.05,34.70,34.05,34.50,+0.50,"9,057",
113/08/12,"10,635,259","366,468,089",34.60,34.70,34.30,34.45,-0.05,"8,688",
113/08/13,"13,027,973","449,905,142",34.65,34.80,34.35,34.60,+0.15,"6,531",
113/08/14,"52,016,499","1,742,591,672",33.55,33.95,33.20,33.60,-1.00,"22,952",
113/08/15,"38,197,880","1,261,260,161",33.65,33.75,32.80,32.90,-0.70,"17,981",
113/08/16,"15,824,986","522,179,510",33.15,33.25,32.85,32.85,-0.05,"8,109",
113/08/19,"10,581,308","346,866,624",32.85,32.95,32.70,32.70,-0.15,"6,633",
113/08/20,"7,489,805","245,684,847",32.95,32.95,32.70,32.80,+0.10,"5,230",
113/08/21,"7,417,903","242,932,133",32.80,32.85,32.65,32.80, 0.00,"4,634",
113/08/22,"8,351,544","274,608,858",32.80,33.05,32.75,33.05,+0.25,"4,338",
113/08/23,"6,559,256","216,016,573",33.00,33.00,32.75,32.95,-0.10,"3,520",
113/08/26,"7,780,635","257,843,687",33.05,33.25,32.95,33.15,+0.20,"3,792",
113/08/27,"6,131,939","202,066,748",33.00,33.05,32.85,33.05,-0.10,"3,720",
113/08/28,"7,826,706","256,981,494",32.80,32.95,32.75,32.90,-0.15,"4,652",
113/08/29,"10,062,066","331,897,535",33.00,33.20,32.90,32.95,+0.05,"3,506",
113/08/30,"15,269,463","503,281,458",33.05,33.10,32.90,32.95, 0.00,"4,152",
113/09/02,"7,340,793","240,745,515",32.90,32.95,32.70,32.75,-0.20,"4,806",
113/09/03,"16,950,458","548,943,492",32.75,32.75,32.15,32.15,-0.60,"12,167",
113/09/04,"25,818,848","817,361,810",31.55,31.85,31.40,31.75,-0.40,"13,403",
113/09/05,"10,363,295","328,523,717",31.75,31.95,31.55,31.55,-0.20,"6,664",
113/09/06,"8,398,998","266,392,248",31.55,31.90,31.40,31.75,+0.20,"4,474",
113/09/09,"13,168,926","415,230,608",31.30,31.85,31.30,31.55,-0.20,"6,728",
113/09/10,"7,294,130","230,148,274",31.55,31.80,31.45,31.45,-0.10,"4,386",
113/09/11,"8,281,773","260,288,138",31.50,31.60,31.30,31.30,-0.15,"4,583",
113/09/12,"9,277,899","291,846,804",31.55,31.55,31.20,31.50,+0.20,"4,267",
113/09/13,"10,086,881","320,138,176",31.50,31.95,31.50,31.80,+0.30,"3,654",
113/09/16,"10,363,072","333,505,307",32.00,32.35,31.95,32.20,+0.40,"4,551",
113/09/18,"6,508,592","209,043,799",32.20,32.25,31.95,32.10,-0.10,"5,087",
113/09/19,"9,255,450","297,257,495",32.05,32.30,31.90,32.20,+0.10,"4,536",
113/09/20,"11,362,138","366,119,468",32.25,32.30,32.05,32.30,+0.10,"4,452",
113/09/23,"9,536,951","307,250,300",32.30,32.40,32.10,32.20,-0.10,"4,092",
113/09/24,"6,829,797","219,592,720",32.15,32.30,32.00,32.25,+0.05,"3,576",
113/09/25,"14,309,719","465,470,171",32.45,32.75,32.30,32.75,+0.50,"6,201",
113/09/26,"9,979,334","325,609,481",32.95,32.95,32.50,32.60,-0.15,"6,707",
113/09/27,"26,808,523","885,782,844",32.90,33.30,32.70,33.30,+0.70,"8,864",
113/09/30,"41,315,092","1,398,220,322",33.50,34.20,33.45,33.80,+0.50,"16,946",
113/10/01,"15,831,917","532,617,470",33.90,33.90,33.45,33.70,-0.10,"6,956",
113/10/04,"17,712,471","596,808,647",33.50,34.00,33.50,33.80,+0.10,"6,948",
113/10/07,"13,191,324","441,683,619",33.80,33.85,33.30,33.50,-0.30,"10,491",
113/10/08,"14,236,524","471,260,374",33.25,33.45,32.90,33.05,-0.45,"7,639",
113/10/09,"11,396,786","372,196,772",32.90,32.95,32.45,32.45,-0.60,"6,161",
113/10/11,"9,445,221","308,338,612",32.75,33.00,32.40,32.50,+0.05,"4,901",
113/10/14,"6,059,012","197,231,957",32.55,32.70,32.45,32.55,+0.05,"3,392",
113/10/15,"8,102,874","263,725,318",32.60,32.70,32.45,32.50,-0.05,"4,319",
113/10/16,"10,435,147","336,585,907",32.50,32.50,32.15,32.15,-0.35,"5,901",
113/10/17,"7,485,003","242,802,759",32.20,32.60,32.20,32.50,+0.35,"3,773",
113/10/18,"10,399,259","339,352,425",32.60,32.75,32.20,32.75,+0.25,"4,767",
113/10/21,"9,212,412","298,831,474",32.90,32.90,32.30,32.30,-0.45,"6,781",
113/10/22,"7,879,493","253,198,664",32.20,32.25,32.00,32.15,-0.15,"4,529",
113/10/23,"9,427,404","302,950,218",32.15,32.20,32.00,32.20,+0.05,"3,961",
113/10/24,"7,638,176","244,591,275",32.10,32.20,31.95,32.00,-0.20,"4,342",
113/10/25,"4,918,977","157,533,530",32.05,32.10,31.95,32.05,+0.05,"3,051",
113/10/28,"6,389,435","204,869,800",32.05,32.15,31.90,32.15,+0.10,"3,443",
113/10/29,"11,917,118","380,624,371",32.10,32.15,31.75,32.10,-0.05,"6,091",
113/10/30,"6,170,296","197,703,326",32.10,32.15,31.95,31.95,-0.15,"2,831",
113/11/01,"15,523,104","495,545,944",31.70,32.20,31.70,32.10,+0.15,"7,390",
113/11/04,"10,838,367","350,960,430",32.05,32.50,32.00,32.45,+0.35,"4,438",
113/11/05,"7,579,945","246,001,414",32.45,32.55,32.30,32.55,+0.10,"4,463",
113/11/06,"6,635,440","213,646,010",32.30,32.50,32.00,32.05,-0.50,"4,779",
113/11/07,"8,858,869","283,552,115",31.90,32.20,31.90,31.95,-0.10,"4,532",
113/11/08,"5,782,501","185,189,940",32.00,32.25,31.90,31.90,-0.05,"3,109",
113/11/11,"8,687,599","278,898,704",32.00,32.35,31.85,32.25,+0.35,"3,761",
113/11/12,"23,133,880","751,879,456",32.70,32.75,32.20,32.45,+0.20,"8,988",
113/11/13,"18,234,486","592,768,469",32.25,32.75,32.20,32.45, 0.00,"8,068",
113/11/14,"16,628,243","540,191,091",32.45,32.65,32.30,32.35,-0.10,"6,504",
113/11/15,"29,762,494","985,479,880",32.60,33.35,32.55,33.15,+0.80,"10,618",
113/11/18,"19,396,963","648,534,611",33.25,33.70,33.15,33.25,+0.10,"9,277",
113/11/19,"13,475,094","451,487,388",33.50,33.60,33.40,33.50,+0.25,"5,787",
113/11/20,"13,091,743","437,933,277",33.50,33.55,33.30,33.50, 0.00,"6,707",
113/11/21,"10,004,871","332,898,763",33.30,33.40,33.10,33.20,-0.30,"4,558",
113/11/22,"7,604,258","253,438,044",33.25,33.50,33.15,33.35,+0.15,"3,511",
113/11/25,"43,141,500","1,461,822,890",33.90,34.20,33.60,33.90,+0.55,"12,776",
113/11/26,"13,835,070","469,352,937",33.75,34.10,33.70,33.80,-0.10,"6,556",
113/11/27,"9,759,509","328,247,368",33.90,34.00,33.40,33.40,-0.40,"6,265",
113/11/28,"11,774,034","395,310,230",33.50,33.90,33.40,33.40, 0.00,"5,431",
113/11/29,"15,250,114","510,166,688",33.30,33.75,33.05,33.50,+0.10,"5,736",
113/12/02,"10,476,900","350,853,624",33.60,33.85,33.30,33.30,-0.20,"5,885",
113/12/03,"12,935,083","434,932,495",33.25,33.80,33.25,33.80,+0.50,"4,911",
113/12/04,"10,581,865","357,118,006",33.85,34.00,33.60,33.80, 0.00,"3,952",
113/12/05,"7,320,912","246,193,003",33.80,33.90,33.50,33.60,-0.20,"4,166",
113/12/06,"4,995,779","167,754,329",33.60,33.70,33.45,33.70,+0.10,"3,902",
113/12/09,"6,516,645","219,571,178",33.80,33.85,33.55,33.55,-0.15,"4,275",
113/12/10,"11,409,182","378,718,520",33.55,33.60,33.00,33.15,-0.40,"8,455",
113/12/11,"14,176,693","474,266,488",33.40,33.75,33.25,33.30,+0.15,"7,015",
113/12/12,"9,140,091","303,829,802",33.40,33.50,33.15,33.20,-0.10,"5,853",
113/12/13,"9,531,789","313,552,727",33.00,33.10,32.80,32.80,-0.40,"10,883",
113/12/16,"14,011,531","456,836,087",32.80,32.90,32.35,32.45,-0.35,"6,323",
113/12/17,"14,627,848","472,485,126",32.50,32.55,32.15,32.35,-0.10,"5,342",
113/12/18,"9,915,516","321,618,773",32.30,32.65,32.20,32.50,+0.15,"3,551",
113/12/19,"9,310,935","299,742,271",32.15,32.30,32.00,32.20,-0.30,"4,606",
113/12/20,"19,497,141","623,990,385",32.15,32.30,31.85,31.85,-0.35,"7,177",
113/12/23,"7,378,440","237,603,529",32.15,32.30,32.05,32.25,+0.40,"3,646",
113/12/24,"5,048,211","163,264,837",32.25,32.50,32.20,32.25, 0.00,"2,852",
113/12/25,"4,397,085","141,404,212",32.30,32.35,32.05,32.25, 0.00,"2,856",
113/12/26,"4,885,350","157,131,828",32.15,32.40,32.05,32.10,-0.15,"3,039",
113/12/27,"7,247,011","231,314,459",32.00,32.05,31.85,31.90,-0.20,"4,120",
113/12/30,"8,245,898","262,249,099",32.00,32.00,31.70,31.70,-0.20,"4,957",
113/12/31,"11,303,042","356,576,797",31.60,31.70,31.40,31.70, 0.00,"6,003",
114/01/02,"8,238,627","259,880,809",31.55,31.70,31.45,31.60,-0.10,"4,590",
114/01/03,"5,779,174","182,623,123",31.50,31.75,31.50,31.50,-0.10,"2,829",
114/01/06,"7,032,992","223,565,806",31.50,32.00,31.45,31.85,+0.35,"4,239",
114/01/07,"7,580,311","239,531,032",31.90,31.95,31.50,31.50,-0.35,"5,073",
114/01/08,"6,534,210","205,706,134",31.50,31.60,31.35,31.45,-0.05,"3,774",
114/01/09,"17,752,646","551,186,365",31.45,31.50,30.80,30.80,-0.65,"10,475",
114/01/10,"19,537,164","593,145,925",30.60,30.75,30.15,30.25,-0.55,"11,238",
114/01/13,"17,382,646","527,986,653",30.30,30.70,30.05,30.50,+0.25,"7,835",
114/01/14,"7,250,709","222,593,247",30.60,30.90,30.60,30.60,+0.10,"3,819",
114/01/15,"8,081,174","249,741,029",30.60,31.15,30.60,30.80,+0.20,"3,610",
114/01/16,"10,410,502","322,704,728",31.20,31.30,30.80,30.95,+0.15,"4,385",
114/01/17,"15,983,898","503,018,876",31.10,31.85,31.05,31.70,+0.75,"6,070",
114/01/20,"9,974,138","317,295,809",31.80,31.95,31.55,31.85,+0.15,"4,029",
114/01/21,"6,217,590","197,983,914",31.85,31.95,31.60,31.80,-0.05,"3,077",
114/01/22,"10,715,241","340,520,916",31.80,31.95,31.60,31.85,+0.05,"4,707",
114/02/03,"13,740,952","434,716,010",31.55,31.85,31.30,31.75,-0.10,"5,997",
114/02/04,"10,498,950","329,700,749",31.75,31.85,31.20,31.25,-0.50,"6,235",
114/02/05,"9,988,841","311,850,092",31.50,31.65,31.00,31.10,-0.15,"5,905",
114/02/06,"8,634,053","269,800,870",31.10,31.50,30.85,31.50,+0.40,"4,551",
114/02/07,"6,147,195","192,055,001",31.35,31.50,31.15,31.20,-0.30,"4,997",
114/02/10,"7,647,126","237,765,609",31.15,31.25,30.90,31.15,-0.05,"4,153",
114/02/11,"8,717,703","274,353,545",31.30,31.60,31.30,31.50,+0.35,"4,255",
114/02/12,"10,439,312","331,964,598",31.60,31.90,31.60,31.90,+0.40,"6,334",
114/02/13,"38,137,717","1,254,904,689",31.95,33.45,31.75,33.45,+1.55,"17,253",
114/02/14,"23,428,459","780,236,286",33.50,33.80,32.90,33.05,-0.40,"16,152",
114/02/17,"25,401,116","855,234,886",33.20,33.85,33.20,33.50,+0.45,"11,010",
114/02/18,"19,118,959","642,472,012",33.55,33.95,33.30,33.45,-0.05,"10,183",
114/02/19,"15,933,176","529,250,664",33.55,33.70,33.00,33.05,-0.40,"11,882",
114/02/20,"44,566,035","1,513,929,745",33.20,34.35,33.15,33.95,+0.90,"18,353",
114/02/21,"24,967,850","850,543,393",34.05,34.30,33.75,34.20,+0.25,"14,900",
114/02/24,"21,561,142","734,760,944",34.00,34.30,33.80,34.00,-0.20,"9,262",
114/02/25,"57,322,068","1,992,310,165",33.75,35.10,33.70,34.95,+0.95,"25,705",
114/02/26,"35,394,831","1,243,039,679",34.95,35.35,34.65,35.25,+0.30,"17,074",
114/02/27,"34,165,236","1,195,455,567",35.10,35.20,34.75,35.10,-0.15,"14,465",
114/03/03,"29,317,359","1,021,846,827",34.40,35.10,34.20,35.00,-0.10,"15,581",
114/03/04,"32,792,625","1,131,121,459",34.70,34.90,34.20,34.60,-0.40,"16,318",
114/03/05,"27,308,657","956,930,132",34.65,35.25,34.60,35.15,+0.55,"12,168",
114/03/06,"17,175,959","598,031,862",35.05,35.15,34.65,34.80,-0.35,"9,357",
114/03/07,"14,426,734","497,824,652",34.70,34.80,34.35,34.50,-0.30,"8,883",
114/03/10,"13,725,006","477,874,418",34.75,35.00,34.50,34.75,+0.25,"7,470",
114/03/11,"26,911,459","934,451,443",34.35,35.15,34.25,34.80,+0.05,"12,578",
114/03/12,"22,178,529","772,116,418",35.00,35.45,34.50,34.50,-0.30,"11,708",
114/03/13,"41,559,442","1,398,864,816",34.30,34.40,33.15,33.40,-1.10,"18,878",
114/03/14,"18,705,037","629,516,312",33.45,34.00,33.30,33.85,+0.45,"6,990",
114/03/17,"11,825,270","398,746,173",34.00,34.00,33.55,33.70,-0.15,"6,180",
114/03/18,"11,735,070","395,451,418",33.80,33.90,33.60,33.60,-0.10,"5,327",
114/03/19,"14,631,293","496,133,457",33.70,34.30,33.65,33.65,+0.05,"6,404",
114/03/20,"11,270,799","379,641,862",33.55,33.90,33.35,33.70,+0.05,"4,824",
114/03/21,"18,742,058","629,189,329",33.70,33.80,33.45,33.50,-0.20,"6,644",
114/03/24,"35,223,581","1,119,258,754",33.50,33.60,33.15,33.15,-0.35,"6,816",
114/03/25,"12,203,571","402,804,770",33.20,33.30,32.80,32.80,-0.35,"8,284",
114/03/26,"15,013,417","498,768,646",32.90,33.55,32.90,33.05,+0.25,"6,711",
114/03/27,"13,268,952","440,786,607",32.95,33.45,32.90,33.25,+0.20,"6,867",
114/03/28,"14,152,561","465,442,995",33.00,33.20,32.70,32.85,-0.40,"7,850",
114/03/31,"30,183,846","973,775,681",32.60,32.65,32.00,32.05,-0.80,"9,909",
114/04/01,"13,189,116","427,836,010",32.15,32.65,32.15,32.40,+0.35,"5,986",
114/04/02,"7,749,227","251,496,295",32.40,32.65,32.25,32.40, 0.00,"3,539",
114/04/07,"118,749,437","3,530,562,884",29.20,30.80,29.20,29.80,-2.60,"37,378",
114/04/08,"73,115,113","2,157,888,588",30.30,30.70,28.45,29.65,-0.15,"30,961",
114/04/09,"45,183,260","1,310,575,397",29.00,29.60,28.50,28.50,-1.15,"23,062",
114/04/10,"48,104,987","1,487,460,102",30.95,31.20,30.00,30.75,+2.25,"16,815",
114/04/11,"32,259,026","967,166,839",30.20,30.50,29.55,30.00,-0.75,"12,748",
114/04/14,"21,859,144","654,157,075",29.95,30.25,29.70,29.90,-0.10,"10,385",
114/04/15,"15,574,436","465,363,526",29.95,30.05,29.70,29.90, 0.00,"8,106",
114/04/16,"19,273,515","569,861,899",29.75,29.85,29.35,29.50,-0.40,"9,667",
114/04/17,"13,681,757","402,457,650",29.50,29.65,29.30,29.35,-0.15,"5,715",
114/04/18,"20,365,384","591,799,672",29.30,29.30,28.95,28.95,-0.40,"9,742",
114/04/21,"12,675,663","365,945,947",29.20,29.20,28.70,28.70,-0.25,"6,330",
114/04/22,"14,504,369","415,647,238",28.55,28.90,28.50,28.60,-0.10,"6,179",
114/04/23,"10,876,875","317,552,709",28.85,29.30,28.85,29.25,+0.65,"5,048",
114/04/24,"8,902,268","260,110,085",29.20,29.35,29.00,29.25, 0.00,"4,463",
114/04/25,"10,776,078","317,645,702",29.35,29.65,29.35,29.35,+0.10,"5,482",
114/04/28,"6,581,950","193,694,301",29.40,29.60,29.35,29.35, 0.00,"3,860",
114/04/29,"10,558,420","311,928,197",29.45,29.70,29.40,29.50,+0.15,"5,243",
114/04/30,"15,383,155","457,730,896",29.80,30.00,29.65,29.65,+0.15,"5,247",
114/05/02,"12,364,287","366,516,311",29.90,29.95,29.75,29.95,+0.30,"4,685",
114/05/05,"26,935,355","822,665,761",30.20,30.90,30.20,30.60,+0.65,"9,625",
114/05/06,"13,820,764","421,896,144",30.60,30.70,30.30,30.55,-0.05,"5,793",
114/05/07,"14,306,874","439,870,526",30.80,30.85,30.55,30.85,+0.30,"5,173",
114/05/08,"8,641,740","264,650,904",30.65,30.75,30.55,30.55,-0.30,"4,893",
114/05/09,"8,838,028","271,017,102",30.50,30.85,30.45,30.75,+0.20,"4,136",
114/05/12,"8,175,754","254,302,979",30.90,31.20,30.80,31.20,+0.45,"4,229",
114/05/13,"10,264,322","320,101,081",31.30,31.40,30.90,31.10,-0.10,"5,073",
114/05/14,"33,711,861","1,016,903,597",30.30,30.50,30.05,30.35,-0.75,"14,634",
114/05/15,"9,813,620","296,083,938",30.40,30.40,30.10,30.10,-0.25,"5,078",
114/05/16,"13,229,790","399,308,910",30.15,30.40,30.05,30.10, 0.00,"5,708",
114/05/19,"19,015,004","568,166,300",30.15,30.25,29.70,29.80,-0.30,"8,968",
114/05/20,"13,705,767","412,552,445",29.80,30.30,29.70,30.15,+0.35,"6,026",
114/05/21,"22,391,564","672,883,687",30.05,30.40,29.70,30.30,+0.15,"9,420",
114/05/22,"27,968,889","834,311,404",30.20,30.30,29.70,30.00,-0.30,"10,753",
114/05/23,"25,553,974","757,577,564",30.00,30.00,29.50,29.75,-0.25,"9,968",
114/05/26,"44,305,503","1,308,176,153",29.85,29.85,29.20,29.85,+0.10,"14,061",
114/05/27,"54,582,542","1,602,553,422",29.70,29.70,29.20,29.35,-0.50,"19,015",
114/05/28,"58,463,135","1,701,484,202",29.35,29.45,28.90,29.10,-0.25,"17,815",
114/05/29,"91,798,136","2,672,260,525",29.15,29.35,28.70,29.35,+0.25,"22,730",
114/06/02,"93,266,178","2,614,023,899",29.05,29.05,27.65,27.70,-1.65,"37,802",
114/06/03,"107,474,363","2,890,262,193",28.00,28.00,26.55,26.85,-0.85,"45,055",
114/06/04,"105,846,758","2,839,185,698",27.00,27.45,26.55,27.00,+0.15,"35,133",
114/06/05,"108,113,911","2,949,844,537",27.00,27.65,27.00,27.50,+0.50,"35,908",
114/06/06,"15,721,473","432,489,382",27.65,27.65,27.35,27.55,+0.05,"8,014",
114/06/09,"14,225,266","388,003,467",27.65,27.65,27.10,27.20,-0.35,"7,308",
114/06/10,"13,976,433","381,046,538",27.20,27.45,27.15,27.15,-0.05,"6,359",
114/06/11,"17,955,808","486,550,264",27.20,27.35,26.90,27.30,+0.15,"8,241",
114/06/12,"9,954,901","269,487,242",27.30,27.30,26.95,27.05,-0.25,"5,334",
114/06/13,"17,565,703","473,227,050",27.00,27.15,26.85,26.90,-0.15,"9,040",
114/06/16,"19,409,019","519,157,595",26.90,26.95,26.60,26.80,-0.10,"9,111",
114/06/17,"17,238,007","460,950,202",26.80,26.95,26.60,26.75,-0.05,"7,284",
114/06/18,"21,396,334","569,377,995",26.70,26.85,26.50,26.50,-0.25,"11,449",
114/06/19,"25,906,906","677,802,519",26.45,26.55,26.05,26.05,-0.45,"11,855",
114/06/20,"33,900,315","866,571,139",26.00,26.05,25.40,25.50,-0.55,"16,213",
114/06/23,"23,802,814","596,061,641",25.25,25.30,24.75,25.10,-0.40,"12,469",
114/06/24,"16,916,612","432,664,274",25.20,25.85,25.10,25.75,+0.65,"6,771",
114/06/25,"11,763,685","303,525,394",25.90,25.95,25.60,25.70,-0.05,"5,508",
114/06/26,"16,521,929","429,296,569",25.75,26.25,25.70,25.80,+0.10,"7,091",
114/06/27,"17,125,138","448,593,376",26.15,26.40,26.00,26.20,+0.40,"6,589",
114/06/30,"21,430,048","550,001,929",26.00,26.05,25.50,25.50,-0.70,"8,358",
114/07/01,"54,915,619","1,431,632,448",25.80,26.60,25.55,26.15,+0.65,"18,571",
114/07/02,"21,251,256","537,409,584",25.55,25.65,25.15,25.25,X0.00,"9,753",
114/07/03,"13,115,130","332,167,353",25.30,25.45,25.20,25.35,+0.10,"5,768",
114/07/04,"16,588,626","415,774,976",25.45,25.45,25.00,25.00,-0.35,"7,697",
114/07/07,"14,205,951","352,165,080",25.00,25.00,24.60,24.85,-0.15,"6,664",
114/07/08,"27,641,539","674,623,340",24.75,25.05,24.20,24.35,-0.50,"12,689",
114/07/09,"14,566,482","351,496,501",24.35,24.35,24.05,24.10,-0.25,"8,060",
114/07/10,"22,398,935","534,819,048",24.10,24.15,23.65,24.00,-0.10,"11,043",
114/07/11,"20,826,432","493,658,772",23.90,23.90,23.60,23.65,-0.35,"9,773",
114/07/14,"33,001,113","768,669,967",23.25,23.65,22.90,23.40,-0.25,"12,993",
114/07/15,"36,850,205","852,897,284",23.30,23.40,22.90,23.35,-0.05,"16,157",
114/07/16,"23,019,241","534,108,261",23.20,23.55,23.00,23.00,-0.35,"11,473",
114/07/17,"22,360,694","527,459,873",23.30,23.85,23.25,23.65,+0.65,"8,993",
114/07/18,"18,792,503","443,226,319",23.80,23.85,23.45,23.45,-0.20,"7,499",
114/07/21,"16,465,609","385,680,004",23.45,23.60,23.20,23.45, 0.00,"5,696",
114/07/22,"41,964,963","1,006,716,541",23.55,24.45,23.55,23.75,+0.30,"12,670",
114/07/23,"32,402,534","788,055,329",23.95,24.60,23.80,24.50,+0.75,"11,062",
114/07/24,"17,212,975","416,793,409",24.60,24.60,23.95,24.20,-0.30,"7,320",
114/07/25,"10,082,644","244,834,300",24.20,24.45,24.15,24.20, 0.00,"4,630",
114/07/28,"16,384,729","400,759,623",24.30,24.65,24.25,24.45,+0.25,"6,072",
114/07/29,"14,288,123","346,896,305",24.55,24.60,24.10,24.10,-0.35,"7,100",
114/07/30,"22,394,290","553,777,495",24.20,25.00,24.15,24.85,+0.75,"8,966",
114/07/31,"16,961,942","413,593,564",24.80,24.85,24.25,24.30,-0.55,"7,972",
114/08/01,"11,575,724","280,093,088",24.15,24.35,24.00,24.15,-0.15,"5,671",
114/08/04,"14,124,654","338,242,233",24.00,24.15,23.75,24.15, 0.00,"6,500",
114/08/05,"12,711,519","310,092,220",24.20,24.55,24.15,24.45,+0.30,"5,363",
114/08/06,"6,790,212","165,581,936",24.45,24.50,24.30,24.35,-0.10,"3,345",
114/08/07,"7,354,770","179,392,311",24.40,24.50,24.30,24.30,-0.05,"3,649",
114/08/08,"9,677,836","235,923,903",24.35,24.55,24.25,24.35,+0.05,"4,067",
114/08/11,"15,471,976","380,768,688",24.35,24.90,24.20,24.60,+0.25,"6,012",
114/08/12,"15,715,129","390,589,860",24.60,25.15,24.55,24.75,+0.15,"6,209",
114/08/13,0,0,--,--,--,--, 0.00,0,
114/08/14,"73,515,862","1,720,298,077",23.00,23.80,22.65,23.80,X0.00,"28,463",
114/08/15,"35,558,069","836,249,201",23.70,23.75,23.35,23.70,-0.10,"14,894",
114/08/18,"38,172,033","906,985,607",23.70,24.10,23.50,23.90,+0.20,"12,926",
114/08/19,"38,577,907","903,132,567",23.85,23.95,23.30,23.30,-0.60,"14,130",
114/08/20,"30,283,028","704,289,446",23.35,23.50,23.05,23.35,+0.05,"9,741",
114/08/21,"29,698,001","689,925,834",23.40,23.50,23.15,23.20,-0.15,"10,998",
114/08/22,"39,143,289","894,189,104",23.40,23.55,23.00,23.10,-0.10,"12,948",
114/08/25,"23,852,714","551,663,204",23.30,23.30,22.95,23.30,+0.20,"8,069",
114/08/26,"38,543,601","889,838,314",23.20,23.35,22.95,23.10,-0.20,"9,927",
114/08/27,"20,760,816","478,319,769",23.10,23.15,23.00,23.00,-0.10,"8,661",
114/08/28,"27,213,030","622,008,697",23.00,23.05,22.80,22.80,-0.20,"12,837",
114/08/29,"41,530,248","936,752,093",22.80,22.80,22.35,22.45,-0.35,"19,683",
114/09/01,"19,170,872","430,165,229",22.30,22.70,22.25,22.35,-0.10,"8,064",
114/09/02,"26,563,110","589,377,218",22.35,22.45,22.05,22.10,-0.25,"12,753",
114/09/03,"16,378,731","366,529,073",22.25,22.55,22.20,22.35,+0.25,"6,991",
114/09/04,"18,286,009","412,041,788",22.40,22.70,22.35,22.65,+0.30,"6,328",
114/09/05,"12,688,197","287,372,577",22.70,22.75,22.45,22.65, 0.00,"5,681",
114/09/08,"35,223,119","781,934,980",22.50,22.50,22.05,22.30,-0.35,"14,704",
114/09/09,"36,296,148","808,794,121",22.35,22.45,22.15,22.40,+0.10,"11,212",
114/09/10,"45,743,034","1,037,247,088",22.45,23.00,22.25,22.95,+0.55,"14,760",
114/09/11,"32,677,659","736,285,672",23.00,23.00,22.30,22.30,-0.65,"12,656",
114/09/12,"27,808,628","621,577,915",22.35,22.55,22.20,22.35,+0.05,"8,066",
114/09/15,"19,014,937","425,989,302",22.45,22.60,22.30,22.35, 0.00,"5,767",
114/09/16,"13,490,117","301,084,271",22.35,22.45,22.20,22.25,-0.10,"4,979",
114/09/17,"24,236,146","540,149,870",22.30,22.50,22.20,22.20,-0.05,"7,921",
114/09/18,"21,563,887","480,555,909",22.30,22.40,22.20,22.20, 0.00,"5,875",
114/09/19,"189,463,031","4,387,661,838",22.20,23.35,22.15,23.35,+1.15,"14,622",
114/09/22,"144,904,986","3,472,333,042",23.45,24.70,23.10,24.60,+1.25,"44,068",
114/09/23,"66,096,545","1,571,012,503",24.05,24.05,23.50,23.75,-0.85,"23,423",
114/09/24,"36,320,099","853,552,071",23.75,23.75,23.40,23.45,-0.30,"12,727",
114/09/25,"50,316,369","1,208,323,257",23.50,24.30,23.50,23.95,+0.50,"16,562",
114/09/26,"26,848,861","637,193,705",23.90,23.95,23.55,23.80,-0.15,"9,530",
114/09/30,"39,101,788","942,891,701",24.10,24.40,23.90,24.00,+0.20,"10,364",
114/10/01,"42,802,396","1,028,476,473",24.30,24.50,23.70,23.80,-0.20,"14,574",
114/10/02,"21,523,173","512,668,326",24.00,24.05,23.65,23.75,-0.05,"6,788",
114/10/03,"23,168,217","552,635,966",23.85,24.10,23.70,23.70,-0.05,"7,695",
114/10/07,"31,336,510","738,611,761",23.65,23.75,23.45,23.60,-0.10,"10,000",
114/10/08,"21,925,139","514,833,822",23.60,23.75,23.40,23.40,-0.20,"8,358",
114/10/09,"18,455,320","433,545,010",23.45,23.70,23.40,23.45,+0.05,"6,798",
114/10/13,"32,976,034","758,429,809",23.10,23.25,22.75,23.00,-0.45,"13,273",
114/10/14,"25,371,337","584,351,078",23.10,23.30,22.80,22.90,-0.10,"9,476",
114/10/15,"19,381,560","445,352,624",23.00,23.15,22.90,22.95,+0.05,"6,300",
114/10/16,"13,340,758","307,546,051",23.05,23.25,22.95,23.00,+0.05,"4,854",
114/10/17,"33,315,894","777,986,349",23.00,23.60,23.00,23.35,+0.35,"8,600",
114/10/20,"22,244,742","519,451,487",23.50,23.80,23.15,23.25,-0.10,"8,600",
114/10/21,"24,423,223","562,121,624",23.35,23.35,22.85,22.90,-0.35,"10,737",
114/10/22,"15,962,992","367,120,363",22.95,23.15,22.90,22.95,+0.05,"5,588",
114/10/23,"12,272,913","282,663,463",23.05,23.20,22.85,23.05,+0.10,"4,700",
114/10/27,"21,389,049","491,697,105",23.25,23.40,22.85,22.95,-0.10,"8,917",
114/10/28,"19,420,236","443,412,634",23.05,23.10,22.70,22.80,-0.15,"8,678",
114/10/29,"22,251,060","502,533,927",22.80,22.85,22.50,22.55,-0.25,"10,112",
114/10/30,"26,494,384","592,095,240",22.55,22.65,22.25,22.30,-0.25,"11,878",
114/10/31,"22,424,576","498,264,116",22.40,22.40,22.10,22.10,-0.20,"8,974",
114/11/03,"44,983,386","975,904,105",22.10,22.15,21.50,21.50,-0.60,"22,750",
114/11/04,"34,180,546","725,147,481",21.50,21.70,21.05,21.10,-0.40,"16,393",
114/11/05,"18,062,138","380,124,146",21.10,21.15,20.90,21.10, 0.00,"8,708",
114/11/06,"15,026,453","321,045,436",21.25,21.60,21.10,21.50,+0.40,"6,533",
114/11/07,"16,739,628","363,561,208",21.45,21.90,21.35,21.75,+0.25,"6,840",
114/11/10,"13,051,188","284,558,502",21.85,21.90,21.65,21.90,+0.15,"5,487",
114/11/11,"24,591,975","544,645,626",22.00,22.35,21.95,22.00,+0.10,"8,116",
114/11/12,"21,800,585","484,880,504",22.05,22.45,22.00,22.25,+0.25,"7,441",
114/11/13,"30,454,883","665,901,898",22.15,22.15,21.60,21.90,-0.35,"10,736",
114/11/14,"26,606,192","574,539,878",21.70,21.85,21.45,21.50,-0.40,"9,690",
114/11/17,"18,077,932","389,797,823",21.55,21.70,21.45,21.50, 0.00,"5,765",
114/11/18,"34,186,331","718,434,443",21.35,21.35,20.85,20.85,-0.65,"14,229",
114/11/19,"36,219,463","741,676,517",20.85,20.85,20.25,20.40,-0.45,"13,849",
114/11/20,"24,487,788","502,870,717",20.55,20.75,20.35,20.70,+0.30,"6,508",
114/11/21,"24,685,964","508,895,219",20.50,20.85,20.45,20.55,-0.15,"7,666",
114/11/24,"45,105,494","952,963,874",20.80,21.35,20.80,21.20,+0.65,"8,247",
114/11/25,"23,375,276","494,560,639",21.30,21.35,20.95,21.20, 0.00,"6,296",
114/11/26,"30,791,526","671,687,205",21.35,22.05,21.35,21.95,+0.75,"10,304",
114/11/27,"24,336,287","536,251,108",21.85,22.15,21.75,22.10,+0.15,"7,555",
114/11/28,"52,859,340","1,200,424,499",22.50,23.00,22.35,22.85,+0.75,"15,375",
115/01/02,"29,722,691","683,846,695",23.35,23.35,22.80,23.00,-0.20,"9,609",
115/01/05,"30,457,336","704,276,350",23.00,23.30,23.00,23.10,+0.10,"8,166",
115/01/06,"31,146,907","714,907,758",23.15,23.20,22.85,23.00,-0.10,"7,874",
115/01/07,"35,146,804","820,947,683",23.00,23.65,22.95,23.65,+0.65,"10,272",
115/01/08,"25,959,232","610,301,363",23.70,23.90,23.35,23.45,-0.20,"7,854",
115/01/09,"31,771,801","747,523,530",23.50,23.65,23.35,23.65,+0.20,"7,163",
115/01/12,"98,217,134","2,410,810,272",23.85,25.10,23.80,24.95,+1.30,"29,471",
115/01/13,"64,624,902","1,612,747,450",25.40,25.40,24.70,24.95, 0.00,"21,408",
115/01/14,"64,398,130","1,624,089,407",25.25,25.80,24.80,24.95, 0.00,"23,076",
115/01/15,"38,299,483","961,772,356",25.00,25.60,24.85,25.00,+0.05,"12,424",
115/01/16,"36,085,550","904,692,367",25.25,25.30,24.90,25.00, 0.00,"10,166",
115/01/19,"80,518,853","2,093,568,083",25.00,26.45,24.90,26.20,+1.20,"25,003",
115/01/20,"55,434,484","1,428,625,636",26.25,26.25,25.45,25.85,-0.35,"18,018",
115/01/21,"57,836,785","1,503,835,755",25.75,26.45,25.50,26.15,+0.30,"15,383",
115/01/22,"90,156,406","2,323,803,362",26.25,26.70,25.20,25.70,-0.45,"24,375",
115/01/23,"37,548,860","967,626,122",25.90,25.95,25.60,25.70, 0.00,"10,100",
115/01/26,"43,873,630","1,146,900,024",25.70,26.40,25.65,26.25,+0.55,"13,966",
115/01/27,"40,314,054","1,059,441,956",26.50,26.95,25.95,26.05,-0.20,"12,297",
115/01/28,"33,189,771","872,561,370",26.10,26.45,25.85,26.35,+0.30,"9,786",
115/01/29,"41,662,819","1,107,641,185",26.35,26.85,26.30,26.50,+0.15,"15,359",
115/01/30,"41,304,969","1,090,361,200",26.50,26.75,26.10,26.40,-0.10,"10,611",
115/03/02,"24,710,421","650,298,614",26.10,26.50,26.05,26.35,-0.05,"8,341",
115/03/03,"34,839,225","903,652,500",26.35,26.40,25.55,25.90,-0.45,"10,819",
115/03/04,"50,254,250","1,258,535,161",25.40,25.45,24.80,25.00,-0.90,"13,179",
115/03/05,"50,595,969","1,254,590,358",25.20,25.30,24.40,24.80,-0.20,"13,136",
115/03/06,"19,804,652","495,234,086",24.65,25.25,24.55,25.15,+0.35,"6,381",
115/03/09,"43,390,757","1,047,487,111",24.35,24.60,23.85,24.30,-0.85,"13,016",
115/03/10,"22,193,372","540,201,155",24.65,24.80,24.10,24.25,-0.05,"8,084",
115/03/11,"21,688,647","536,723,849",24.45,25.10,24.35,25.00,+0.75,"9,369",
115/03/12,"25,003,683","624,635,728",24.90,25.20,24.60,25.10,+0.10,"12,698",
115/03/13,"22,486,229","555,046,294",24.90,25.00,24.55,24.60,-0.50,"13,162",
115/03/16,"26,453,890","648,376,062",24.60,24.80,24.35,24.60, 0.00,"11,811",
115/03/17,"18,363,934","449,356,603",24.70,24.70,24.40,24.45,-0.15,"10,849",
115/03/18,"25,089,281","613,915,012",24.75,24.75,24.30,24.55,+0.10,"11,056",
115/03/19,"36,854,557","886,263,460",24.50,24.55,23.85,23.90,-0.65,"17,781",
115/03/20,"54,198,777","1,278,859,458",23.90,24.20,23.30,23.55,-0.35,"14,736",
115/03/23,"35,180,198","803,554,347",23.15,23.15,22.60,22.80,-0.75,"15,026",
115/03/24,"28,404,248","645,010,897",23.00,23.05,22.55,22.55,-0.25,"10,181",
115/03/25,"27,445,093","627,406,234",23.30,23.30,22.50,23.00,+0.45,"10,318",
115/03/26,"24,573,321","567,623,366",23.00,23.45,22.85,22.85,-0.15,"12,067",
115/03/27,"13,449,968","306,934,049",22.80,22.95,22.70,22.80,-0.05,"5,467",
115/03/30,"18,235,999","412,248,119",22.45,22.75,22.40,22.55,-0.25,"6,757",
115/03/31,"43,882,131","1,003,284,162",22.55,23.05,22.50,23.00,+0.45,"9,452",
115/04/01,"31,342,735","736,560,028",23.45,23.75,23.30,23.70,+0.70,"9,312",
115/04/02,"26,328,156","624,359,014",23.75,23.90,23.50,23.70, 0.00,"7,105",
115/04/07,"32,075,220","761,570,847",23.80,24.00,23.45,24.00,+0.30,"9,517",
115/04/08,"65,704,406","1,621,499,965",24.10,25.70,23.70,25.40,+1.40,"24,189",
115/04/09,"48,830,071","1,226,617,406",25.50,25.75,24.80,25.10,-0.30,"17,493",
115/04/10,"52,862,166","1,357,043,948",25.35,26.40,25.25,25.40,+0.30,"18,974",
115/04/13,"25,273,218","634,883,235",25.50,25.55,24.90,25.25,-0.15,"9,313",
115/04/14,"24,379,409","616,480,483",25.35,25.45,25.15,25.30,+0.05,"7,316",
115/04/15,"33,620,859","835,591,211",25.40,25.45,24.55,24.60,-0.70,"14,412",
115/04/16,"21,772,980","543,438,868",24.75,25.20,24.60,25.00,+0.40,"8,617",
115/04/17,"18,202,331","455,173,813",25.10,25.15,24.85,25.10,+0.10,"6,735",
115/04/20,"15,979,332","396,915,981",25.05,25.10,24.70,24.80,-0.30,"7,178",
115/04/21,"13,083,599","324,682,895",25.00,25.00,24.70,24.75,-0.05,"5,773",
115/04/22,"20,580,722","505,596,047",24.75,24.90,24.40,24.50,-0.25,"10,459",
115/04/23,"34,033,020","831,219,994",24.50,24.65,24.20,24.55,+0.05,"9,127",
115/04/24,"28,226,546","689,697,180",24.60,24.60,24.30,24.45,-0.10,"7,375",
115/04/27,"27,152,058","661,059,976",24.20,24.60,24.15,24.35,-0.10,"8,899",
115/04/28,"23,230,584","569,117,711",24.60,24.85,24.30,24.40,+0.05,"9,341",
115/04/29,"23,002,226","563,770,582",24.70,24.70,24.40,24.50,+0.10,"7,650",
115/04/30,"21,216,965","520,558,962",24.50,24.75,24.45,24.50, 0.00,"7,105",
115/05/04,"30,923,171","758,196,599",24.55,24.80,24.30,24.45,-0.05,"8,804",
115/05/05,"28,934,916","700,153,690",24.45,24.50,24.05,24.10,-0.35,"11,505",
115/05/06,"44,638,336","1,106,608,612",24.25,25.40,24.10,25.05,+0.95,"15,304",
115/05/07,"37,443,576","948,016,908",25.25,25.70,24.95,25.50,+0.45,"12,989",
115/05/08,"27,759,197","699,541,255",25.60,25.70,24.95,25.00,-0.50,"13,950",
115/05/11,"23,860,637","604,508,413",25.15,25.65,25.05,25.40,+0.40,"9,062",
115/05/12,"28,275,194","707,688,201",25.45,25.50,24.85,24.95,-0.45,"9,530",
115/05/13,"24,957,493","619,658,893",24.95,25.00,24.70,24.70,-0.25,"7,890",
115/05/14,"29,408,138","721,647,196",24.65,24.80,24.40,24.55,-0.15,"8,444",
115/05/15,"30,234,735","734,948,666",24.60,24.65,24.00,24.10,-0.45,"10,066",
115/05/18,"31,808,031","760,499,706",24.10,24.15,23.70,24.05,-0.05,"9,914",
115/05/19,"27,849,412","675,472,244",24.10,24.40,24.10,24.20,+0.15,"8,171",
115/05/20,"25,264,963","610,375,966",24.30,24.40,24.00,24.15,-0.05,"7,599",
115/05/21,"20,020,628","483,300,094",24.15,24.35,23.95,24.20,+0.05,"6,871",
115/05/22,"22,434,398","540,211,964",24.20,24.20,23.95,24.10,-0.10,"8,352",
