日期,成交股數,成交金額,開盤價,最高價,最低價,收盤價,漲跌價差,成交筆數,註記
109/01/02,"12,366,703","249,332,485",20.30,20.30,20.10,20.20, 0.00,"3,266",
109/01/03,"8,412,491","170,236,640",20.20,20.30,20.15,20.25,+0.05,"2,194",
109/01/06,"10,866,181","217,283,512",20.15,20.15,19.90,19.95,-0.30,"2,670",
109/01/07,"13,286,537","265,057,120",19.95,20.00,19.90,19.90,-0.05,"3,350",
109/01/08,"12,600,228","250,297,173",19.80,20.00,19.70,19.80,-0.10,"2,874",
109/01/09,"14,520,462","289,522,840",19.90,20.00,19.85,20.00,+0.20,"2,663",
109/01/10,"12,564,364","251,960,117",20.05,20.15,19.95,20.10,+0.10,"1,778",
109/01/13,"17,500,181","352,196,714",20.15,20.20,20.00,20.20,+0.10,"2,648",
109/01/14,"24,324,918","494,095,040",20.25,20.40,20.20,20.35,+0.15,"3,724",
109/01/15,"15,721,443","320,618,703",20.40,20.50,20.30,20.40,+0.05,"2,130",
109/01/16,"10,417,826","212,104,061",20.40,20.40,20.25,20.40, 0.00,"2,813",
109/01/17,"12,336,732","252,574,587",20.45,20.50,20.40,20.50,+0.10,"3,312",
109/01/20,"17,670,330","364,664,068",20.50,20.75,20.50,20.65,+0.15,"3,256",
109/01/30,"46,362,327","910,945,230",20.30,20.30,19.30,19.35,-1.30,"10,811",
109/01/31,"26,093,367","513,419,765",19.40,19.90,19.40,19.70,+0.35,"4,795",
109/02/03,"24,191,389","476,703,838",19.30,19.95,19.25,19.80,+0.10,"5,411",
109/02/04,"34,998,768","697,476,645",19.90,20.05,19.65,20.05,+0.25,"5,424",
109/02/05,"24,863,505","499,923,198",20.00,20.20,19.80,20.20,+0.15,"3,046",
109/02/06,"31,365,173","636,352,912",20.25,20.40,20.20,20.25,+0.05,"3,408",
109/02/07,"12,390,124","251,099,575",20.15,20.35,20.10,20.30,+0.05,"2,898",
109/02/10,"15,506,028","315,267,397",20.20,20.45,20.10,20.40,+0.10,"3,017",
109/02/11,"14,305,670","290,102,387",20.40,20.40,20.20,20.30,-0.10,"2,966",
109/02/12,"18,172,156","366,251,853",20.25,20.30,20.05,20.05,-0.25,"3,946",
109/02/13,"17,455,663","351,260,069",20.05,20.20,20.05,20.15,+0.10,"3,597",
109/02/14,"9,181,248","184,720,205",20.05,20.20,20.05,20.15, 0.00,"2,025",
109/02/17,"8,184,277","164,326,326",20.05,20.15,20.00,20.15, 0.00,"1,511",
109/02/18,"7,151,163","143,853,491",20.05,20.20,20.00,20.20,+0.05,"1,778",
109/02/19,"14,937,639","301,593,716",20.20,20.30,20.05,20.30,+0.10,"2,527",
109/02/20,"16,683,190","339,147,420",20.35,20.40,20.30,20.30, 0.00,"2,910",
109/02/21,"15,243,349","308,492,268",20.30,20.40,20.10,20.25,-0.05,"2,393",
109/02/24,"18,459,599","367,180,777",20.05,20.05,19.75,19.85,-0.40,"5,041",
109/02/25,"13,042,881","257,412,124",19.75,19.85,19.65,19.75,-0.10,"4,043",
109/02/26,"26,194,059","511,675,638",19.60,19.70,19.45,19.50,-0.25,"6,066",
109/02/27,"23,470,383","453,219,082",19.40,19.50,19.20,19.20,-0.30,"4,892",
109/03/02,"25,869,631","487,820,816",18.40,19.15,18.35,18.95,-0.25,"6,664",
109/03/03,"21,748,433","415,783,216",19.10,19.30,18.90,19.20,+0.25,"4,789",
109/03/04,"12,025,290","231,242,603",19.15,19.30,19.05,19.30,+0.10,"2,151",
109/03/05,"27,000,798","526,622,745",19.35,19.60,19.35,19.50,+0.20,"4,717",
109/03/06,"21,835,262","418,208,556",19.40,19.45,19.05,19.05,-0.45,"5,903",
109/03/09,"31,811,794","588,328,254",18.60,18.70,18.30,18.40,-0.65,"9,020",
109/03/10,"20,211,562","371,203,062",18.05,18.55,18.05,18.50,+0.10,"4,664",
109/03/11,"21,162,890","389,013,432",18.50,18.60,18.20,18.25,-0.25,"5,863",
109/03/12,"37,896,475","669,660,836",18.10,18.15,17.30,17.50,-0.75,"10,111",
109/03/13,"47,417,467","783,441,474",16.20,17.40,16.00,17.40,-0.10,"11,854",
109/03/16,"39,235,720","659,246,238",17.20,17.20,16.45,16.45,-0.95,"8,060",
109/03/17,"47,329,905","746,142,903",15.80,16.15,15.60,15.60,-0.85,"9,549",
109/03/18,"39,140,446","606,092,853",15.40,15.80,15.10,15.55,-0.05,"8,698",
109/03/19,"56,076,589","803,554,450",14.80,14.90,14.00,14.00,-1.55,"14,375",
109/03/20,"60,805,884","903,533,919",14.15,15.35,14.15,15.25,+1.25,"10,588",
109/03/23,"23,770,230","342,761,185",14.40,14.70,14.20,14.20,-1.05,"6,068",
109/03/24,"28,767,379","438,030,589",14.90,15.55,14.85,15.20,+1.00,"6,238",
109/03/25,"39,122,452","615,305,434",15.90,15.95,15.40,15.75,+0.55,"7,820",
109/03/26,"20,866,152","326,641,990",15.80,15.80,15.50,15.60,-0.15,"4,223",
109/03/27,"32,523,989","518,923,124",15.90,16.10,15.75,16.00,+0.40,"6,671",
109/03/30,"19,647,645","307,151,820",15.60,15.85,15.40,15.60,-0.40,"4,420",
109/03/31,"22,684,582","354,067,242",15.85,15.90,15.45,15.55,-0.05,"4,854",
109/04/01,"23,152,135","354,559,257",15.50,15.50,15.25,15.30,-0.25,"6,689",
109/04/06,"22,523,072","347,934,177",15.60,15.60,15.20,15.50,+0.20,"4,237",
109/04/07,"19,823,015","309,269,936",15.75,15.80,15.40,15.65,+0.15,"4,254",
109/04/08,"20,300,398","317,980,117",15.50,15.80,15.50,15.70,+0.05,"4,691",
109/04/09,"21,654,839","343,685,624",15.75,16.00,15.75,15.90,+0.20,"5,146",
109/04/10,"24,699,558","398,590,379",15.90,16.35,15.85,16.30,+0.40,"5,788",
109/04/13,"13,534,109","217,983,844",16.20,16.20,16.00,16.05,-0.25,"3,982",
109/04/14,"37,894,832","627,844,856",16.10,17.00,16.05,16.70,+0.65,"6,715",
109/04/15,"25,355,668","434,739,580",17.00,17.30,16.95,17.20,+0.50,"7,662",
109/04/16,"32,194,944","541,116,451",16.90,16.90,16.60,16.80,-0.40,"7,485",
109/04/17,"31,341,828","535,154,250",17.10,17.35,16.85,16.85,+0.05,"8,210",
109/04/20,"15,548,628","261,676,566",16.90,16.95,16.75,16.75,-0.10,"3,625",
109/04/21,"37,162,742","603,425,132",16.60,16.60,16.05,16.10,-0.65,"9,896",
109/04/22,"25,672,546","408,360,217",15.90,16.10,15.75,16.00,-0.10,"6,941",
109/04/23,"21,020,109","339,569,752",16.10,16.30,16.00,16.15,+0.15,"4,696",
109/04/24,"14,982,960","241,838,123",16.15,16.25,16.05,16.10,-0.05,"3,639",
109/04/27,"24,605,972","402,570,792",16.35,16.45,16.20,16.40,+0.30,"4,216",
109/04/28,"37,222,846","611,038,186",16.50,16.55,16.30,16.40, 0.00,"6,582",
109/04/29,"35,473,301","591,637,148",16.50,16.80,16.45,16.75,+0.35,"6,753",
109/04/30,"45,298,622","772,669,175",16.80,17.25,16.75,17.10,+0.35,"8,529",
109/05/04,"37,677,461","622,879,937",16.35,16.75,16.35,16.50,-0.60,"9,977",
109/05/05,"23,857,582","396,446,322",16.60,16.75,16.55,16.55,+0.05,"8,469",
109/05/06,"41,643,299","681,649,523",16.50,16.55,16.20,16.35,-0.20,"9,648",
109/05/07,"22,282,218","365,509,164",16.35,16.50,16.35,16.40,+0.05,"6,823",
109/05/08,"44,945,728","739,867,429",16.50,16.60,16.35,16.40, 0.00,"7,713",
109/05/11,"39,357,462","657,969,801",16.60,16.85,16.55,16.70,+0.30,"7,834",
109/05/12,"40,093,100","664,008,774",16.60,16.70,16.50,16.50,-0.20,"8,788",
109/05/13,"20,109,584","332,504,472",16.45,16.65,16.40,16.65,+0.15,"5,779",
109/05/14,"48,685,070","798,782,989",16.50,16.55,16.30,16.30,-0.35,"13,984",
109/05/15,"32,488,977","529,810,281",16.40,16.50,16.25,16.25,-0.05,"8,415",
109/05/18,"17,683,045","287,023,543",16.25,16.35,16.15,16.20,-0.05,"4,331",
109/05/19,"30,210,088","492,882,240",16.45,16.50,16.20,16.25,+0.05,"6,048",
109/05/20,"24,245,206","394,046,303",16.30,16.35,16.20,16.20,-0.05,"6,934",
109/05/21,"26,037,678","425,822,518",16.25,16.45,16.20,16.40,+0.20,"5,439",
109/05/22,"35,663,891","579,789,936",16.35,16.40,16.15,16.15,-0.25,"9,489",
109/05/25,"18,352,725","297,866,827",16.15,16.35,16.10,16.30,+0.15,"3,911",
109/05/26,"43,879,701","727,101,625",16.40,16.70,16.30,16.60,+0.30,"7,619",
109/05/27,"28,697,627","479,356,383",16.65,16.80,16.65,16.65,+0.05,"7,624",
109/05/28,"31,213,663","518,818,621",16.75,16.80,16.50,16.50,-0.15,"6,485",
109/05/29,"91,793,224","1,495,872,672",16.45,16.50,16.25,16.25,-0.25,"10,223",
109/06/01,"27,033,711","449,229,920",16.45,16.70,16.40,16.65,+0.40,"6,492",
109/06/02,"41,416,048","701,885,807",16.70,17.10,16.65,17.00,+0.35,"9,087",
109/06/03,"37,648,163","651,813,029",17.30,17.40,17.20,17.35,+0.35,"8,717",
109/06/04,"38,418,687","668,630,155",17.50,17.60,17.30,17.35, 0.00,"9,016",
109/06/05,"29,236,380","509,997,497",17.35,17.60,17.25,17.50,+0.15,"7,686",
109/06/08,"63,475,076","1,141,446,736",17.80,18.10,17.80,18.05,+0.55,"13,056",
109/06/09,"63,298,744","1,158,915,690",18.15,18.50,18.00,18.15,+0.10,"14,651",
109/06/10,"63,102,090","1,162,523,463",18.40,18.55,18.30,18.50,+0.35,"12,903",
109/06/11,"89,642,436","1,649,939,957",18.50,18.70,18.05,18.05,-0.45,"20,251",
109/06/12,"64,505,463","1,152,010,748",17.55,17.95,17.40,17.85,-0.20,"15,147",
109/06/15,"41,831,018","754,358,074",17.95,18.20,17.85,17.95,+0.10,"10,235",
109/06/16,"43,558,882","796,970,217",18.20,18.40,18.15,18.30,+0.35,"6,973",
109/06/17,"55,997,110","1,033,319,190",18.30,18.70,18.20,18.50,+0.20,"13,531",
109/06/18,"38,652,010","716,413,845",18.50,18.70,18.30,18.35,-0.15,"8,911",
109/06/19,"58,872,772","1,076,410,676",18.40,18.45,18.15,18.15,-0.20,"8,747",
109/06/22,"27,139,849","494,455,543",18.20,18.30,18.15,18.20,+0.05,"5,492",
109/06/23,"44,391,899","810,983,957",18.20,18.30,18.00,18.20, 0.00,"7,755",
109/06/24,"46,197,289","850,642,111",18.25,18.45,18.25,18.40,+0.20,"8,247",
109/06/29,"58,717,215","1,026,069,636",17.40,17.65,17.35,17.45,X0.00,"17,836",
109/06/30,"25,313,751","443,394,514",17.60,17.65,17.45,17.45, 0.00,"5,102",
109/07/01,"11,737,827","206,260,187",17.50,17.65,17.50,17.60,+0.15,"2,996",
109/07/02,"15,941,604","281,604,401",17.65,17.70,17.60,17.65,+0.05,"3,468",
109/07/03,"17,920,615","319,146,156",17.75,17.90,17.70,17.90,+0.25,"3,756",
109/07/06,"33,394,585","601,525,589",18.00,18.10,17.95,18.00,+0.10,"5,574",
109/07/07,"44,575,904","809,835,994",18.20,18.30,18.05,18.15,+0.15,"8,140",
109/07/08,"33,423,537","607,495,641",18.25,18.25,18.10,18.10,-0.05,"7,150",
109/07/09,"32,295,887","587,026,277",18.20,18.30,18.10,18.10, 0.00,"7,707",
109/07/10,"30,756,745","553,087,809",18.15,18.15,17.90,17.90,-0.20,"7,875",
109/07/13,"34,927,523","636,736,561",18.10,18.35,18.05,18.30,+0.40,"7,164",
109/07/14,"35,157,257","645,159,154",18.25,18.40,18.20,18.35,+0.05,"5,909",
109/07/15,"46,450,215","856,809,533",18.45,18.55,18.35,18.40,+0.05,"10,951",
109/07/16,"36,455,096","672,547,534",18.45,18.50,18.35,18.40, 0.00,"6,880",
109/07/17,"16,426,205","301,408,702",18.50,18.50,18.25,18.30,-0.10,"4,278",
109/07/20,"20,346,917","369,882,449",18.30,18.35,18.10,18.15,-0.15,"4,364",
109/07/21,"21,684,734","394,973,564",18.20,18.30,18.15,18.15, 0.00,"3,536",
109/07/22,"14,379,616","262,532,477",18.15,18.30,18.15,18.30,+0.15,"2,995",
109/07/23,"16,650,262","303,170,005",18.20,18.30,18.15,18.20,-0.10,"3,337",
109/07/24,"26,313,966","475,519,424",18.10,18.20,18.00,18.00,-0.20,"7,324",
109/07/27,"24,603,249","441,012,381",18.00,18.10,17.80,17.80,-0.20,"6,308",
109/07/28,"27,565,502","493,805,725",17.75,18.00,17.70,17.90,+0.10,"5,312",
109/07/29,"40,487,162","742,805,751",18.05,18.50,18.00,18.30,+0.40,"7,949",
109/07/30,"27,274,717","499,910,542",18.50,18.50,18.20,18.35,+0.05,"5,002",
109/07/31,"46,785,988","844,945,882",18.20,18.25,18.00,18.00,-0.35,"9,640",
109/08/03,"28,038,270","504,107,460",18.05,18.10,17.90,17.95,-0.05,"6,212",
109/08/04,"27,963,419","510,039,537",18.00,18.40,18.00,18.20,+0.25,"4,979",
109/08/05,"14,968,971","273,210,018",18.30,18.30,18.20,18.25,+0.05,"4,009",
109/08/06,"56,377,648","1,046,966,878",18.30,18.70,18.30,18.65,+0.40,"10,827",
109/08/07,"45,247,611","853,579,798",18.75,19.00,18.65,18.70,+0.05,"9,206",
109/08/10,"66,555,586","1,277,056,224",19.20,19.40,19.00,19.15,+0.45,"12,527",
109/08/11,"29,384,001","564,213,314",19.30,19.30,19.10,19.15, 0.00,"6,887",
109/08/12,"32,174,760","613,021,609",19.20,19.25,18.90,19.05,-0.10,"6,944",
109/08/13,"20,176,238","384,859,630",19.10,19.15,19.00,19.10,+0.05,"4,300",
109/08/14,"32,531,743","621,285,063",19.05,19.15,19.00,19.10, 0.00,"6,379",
109/08/17,"42,875,426","806,756,878",18.50,19.05,18.50,18.80,X0.00,"13,161",
109/08/18,"25,926,775","485,642,642",18.85,18.85,18.65,18.75,-0.05,"5,755",
109/08/19,"46,588,085","883,947,080",18.75,19.15,18.75,18.85,+0.10,"12,836",
109/08/20,"64,793,291","1,203,490,213",18.80,18.90,18.30,18.45,-0.40,"13,845",
109/08/21,"26,573,757","493,698,150",18.65,18.75,18.45,18.60,+0.15,"7,290",
109/08/24,"21,489,995","396,709,651",18.65,18.70,18.40,18.45,-0.15,"5,562",
109/08/25,"25,944,756","479,185,705",18.45,18.55,18.40,18.45, 0.00,"6,005",
109/08/26,"30,643,070","563,390,664",18.45,18.55,18.30,18.40,-0.05,"7,179",
109/08/27,"12,686,925","232,764,314",18.40,18.40,18.30,18.30,-0.10,"3,485",
109/08/28,"17,536,387","321,404,779",18.30,18.45,18.25,18.30, 0.00,"5,688",
109/08/31,"27,667,207","508,377,095",18.40,18.45,18.30,18.40,+0.10,"3,728",
109/09/01,"38,794,834","710,413,132",18.30,18.45,18.20,18.30,-0.10,"6,044",
109/09/02,"29,121,862","533,625,563",18.40,18.45,18.20,18.30, 0.00,"6,438",
109/09/03,"44,075,538","815,469,674",18.35,18.70,18.30,18.40,+0.10,"9,442",
109/09/04,"25,106,310","458,283,082",18.25,18.35,18.20,18.20,-0.20,"6,570",
109/09/07,"30,782,118","561,551,478",18.25,18.35,18.15,18.25,+0.05,"5,269",
109/09/08,"19,915,074","364,016,788",18.35,18.40,18.20,18.30,+0.05,"4,109",
109/09/09,"20,713,525","376,130,490",18.20,18.25,18.10,18.20,-0.10,"4,778",
109/09/10,"20,379,395","371,009,429",18.25,18.30,18.15,18.30,+0.10,"4,241",
109/09/11,"18,437,749","336,419,669",18.25,18.35,18.20,18.30, 0.00,"4,318",
109/09/14,"18,813,109","342,582,096",18.35,18.35,18.15,18.25,-0.05,"3,736",
109/09/15,"11,423,260","208,012,393",18.25,18.30,18.15,18.25, 0.00,"3,212",
109/09/16,"21,513,188","393,590,826",18.25,18.40,18.20,18.35,+0.10,"5,705",
109/09/17,"19,290,911","353,542,512",18.30,18.40,18.25,18.30,-0.05,"3,711",
109/09/18,"23,250,121","424,411,543",18.25,18.30,18.20,18.30, 0.00,"3,943",
109/09/21,"26,320,425","476,759,144",18.20,18.25,18.00,18.00,-0.30,"7,683",
109/09/22,"30,579,450","544,932,747",17.95,18.00,17.70,17.75,-0.25,"9,242",
109/09/23,"19,604,909","347,381,845",17.75,17.85,17.65,17.70,-0.05,"5,467",
109/09/24,"44,211,018","763,162,507",17.55,17.55,17.15,17.15,-0.55,"13,849",
109/09/25,"26,052,336","451,970,117",17.25,17.60,17.20,17.30,+0.15,"6,237",
109/09/28,"20,804,894","367,186,915",17.45,17.80,17.45,17.70,+0.40,"4,349",
109/09/29,"77,175,118","1,382,387,660",17.80,17.85,17.60,17.65,-0.05,"3,945",
109/09/30,"12,746,526","225,848,535",17.80,17.80,17.60,17.80,+0.15,"3,709",
109/10/05,"15,198,813","271,531,080",17.80,17.95,17.80,17.85,+0.05,"4,936",
109/10/06,"56,187,868","1,013,374,696",17.95,18.20,17.95,18.20,+0.35,"6,228",
109/10/07,"13,864,341","250,492,301",18.05,18.15,18.00,18.00,-0.20,"3,509",
109/10/08,"71,480,366","1,288,614,669",18.10,18.20,18.00,18.20,+0.20,"4,590",
109/10/12,"20,733,087","375,743,428",18.20,18.20,18.00,18.20, 0.00,"4,859",
109/10/13,"63,062,258","1,135,926,814",18.10,18.15,17.95,18.10,-0.10,"3,433",
109/10/14,"21,067,736","381,974,746",18.15,18.15,18.05,18.15,+0.05,"2,989",
109/10/15,"16,557,320","298,847,322",18.00,18.15,18.00,18.00,-0.15,"4,144",
109/10/16,"42,232,666","759,847,388",18.05,18.10,17.90,17.90,-0.10,"3,741",
109/10/19,"14,304,614","255,758,141",17.95,17.95,17.80,17.80,-0.10,"4,531",
109/10/20,"11,232,291","199,961,625",17.80,17.85,17.75,17.85,+0.05,"3,391",
109/10/21,"8,796,269","157,204,937",17.90,17.95,17.85,17.85, 0.00,"3,269",
109/10/22,"24,958,100","450,722,994",17.85,18.10,17.80,18.10,+0.25,"4,277",
109/10/23,"14,056,047","252,770,896",18.05,18.10,17.90,17.95,-0.15,"3,083",
109/10/26,"10,658,288","192,402,355",17.90,18.15,17.90,18.05,+0.10,"3,461",
109/10/27,"13,358,295","240,073,306",17.95,18.00,17.90,18.00,-0.05,"2,823",
109/10/28,"11,340,745","202,912,814",17.95,18.00,17.85,17.90,-0.10,"3,641",
109/10/29,"15,466,766","273,941,331",17.75,17.80,17.60,17.65,-0.25,"6,087",
109/10/30,"20,611,412","364,028,816",17.60,17.75,17.55,17.75,+0.10,"4,589",
109/11/02,"17,690,752","316,783,930",17.75,18.00,17.70,18.00,+0.25,"3,700",
109/11/03,"25,821,870","467,243,255",17.95,18.15,17.90,18.10,+0.10,"11,547",
109/11/04,"11,682,526","211,469,721",18.00,18.20,18.00,18.15,+0.05,"2,793",
109/11/05,"16,546,111","300,958,753",18.15,18.25,18.10,18.25,+0.10,"7,373",
109/11/06,"18,432,319","336,011,743",18.15,18.30,18.10,18.30,+0.05,"5,257",
109/11/09,"25,362,268","464,962,319",18.30,18.40,18.25,18.35,+0.05,"4,575",
109/11/10,"36,824,390","682,408,593",18.45,18.60,18.45,18.60,+0.25,"9,139",
109/11/11,"60,243,751","1,139,708,027",18.60,19.05,18.55,19.05,+0.45,"19,274",
109/11/12,"34,619,706","649,150,750",19.00,19.05,18.60,18.60,-0.45,"9,712",
109/11/13,"23,294,007","432,267,979",18.55,18.70,18.45,18.50,-0.10,"5,651",
109/11/16,"22,997,106","431,667,193",18.65,18.85,18.60,18.80,+0.30,"5,833",
109/11/17,"33,808,411","639,304,991",18.95,19.00,18.80,18.90,+0.10,"12,713",
109/11/18,"32,524,982","617,862,061",18.90,19.05,18.85,19.05,+0.15,"7,481",
109/11/19,"20,530,593","389,423,863",19.00,19.05,18.90,18.95,-0.10,"5,576",
109/11/20,"23,798,454","452,559,526",19.00,19.05,18.90,19.05,+0.10,"6,056",
109/11/23,"42,299,766","816,902,639",19.25,19.40,19.15,19.40,+0.35,"9,949",
109/11/24,"28,581,665","555,257,220",19.50,19.55,19.35,19.40, 0.00,"9,314",
109/11/25,"23,251,974","447,859,569",19.50,19.50,19.10,19.25,-0.15,"5,853",
109/11/26,"14,884,152","285,256,386",19.15,19.25,19.10,19.25, 0.00,"5,830",
109/11/27,"20,060,892","385,393,845",19.25,19.30,19.10,19.30,+0.05,"5,670",
109/11/30,"51,134,902","977,728,403",19.15,19.25,19.05,19.10,-0.20,"6,759",
109/12/01,"20,871,091","401,023,431",19.15,19.35,19.05,19.35,+0.25,"4,927",
109/12/02,"24,215,125","468,116,689",19.35,19.40,19.20,19.40,+0.05,"4,895",
109/12/03,"17,740,230","342,892,458",19.30,19.40,19.20,19.35,-0.05,"5,297",
109/12/04,"18,661,730","360,867,026",19.25,19.40,19.25,19.40,+0.05,"4,627",
109/12/07,"28,444,566","549,655,286",19.40,19.45,19.25,19.30,-0.10,"4,822",
109/12/08,"33,218,640","639,617,178",19.20,19.35,19.15,19.35,+0.05,"6,442",
109/12/09,"28,149,336","546,947,992",19.35,19.50,19.30,19.45,+0.10,"6,761",
109/12/10,"39,207,689","764,500,249",19.40,19.65,19.35,19.40,-0.05,"7,146",
109/12/11,"53,672,098","1,058,582,696",19.50,19.85,19.45,19.80,+0.40,"10,597",
109/12/14,"29,935,078","596,436,783",19.90,20.00,19.85,19.85,+0.05,"6,739",
109/12/15,"27,432,461","537,356,992",19.85,19.90,19.45,19.50,-0.35,"6,148",
109/12/16,"21,559,608","425,071,756",19.65,19.80,19.60,19.80,+0.30,"8,136",
109/12/17,"16,698,390","328,816,893",19.80,19.80,19.65,19.65,-0.15,"3,663",
109/12/18,"19,011,115","373,289,983",19.65,19.80,19.55,19.55,-0.10,"4,882",
109/12/21,"22,732,027","448,453,953",19.55,19.90,19.55,19.90,+0.35,"4,902",
109/12/22,"15,660,227","309,698,956",19.90,19.90,19.65,19.65,-0.25,"3,876",
109/12/23,"11,552,437","226,245,195",19.60,19.70,19.55,19.55,-0.10,"2,854",
109/12/24,"11,079,981","218,410,490",19.65,19.80,19.60,19.75,+0.20,"2,045",
109/12/25,"8,854,582","174,756,651",19.75,19.80,19.65,19.70,-0.05,"2,112",
109/12/28,"8,418,423","166,223,799",19.70,19.80,19.65,19.80,+0.10,"2,583",
109/12/29,"16,645,864","332,080,065",19.90,20.00,19.85,19.95,+0.15,"4,557",
109/12/30,"41,561,621","840,786,185",19.95,20.50,19.90,20.40,+0.45,"11,355",
109/12/31,"32,122,111","659,221,211",20.65,20.70,20.35,20.55,+0.15,"7,097",
110/01/04,"27,263,073","557,110,187",20.45,20.60,20.25,20.45,-0.10,"6,932",
110/01/05,"21,051,766","431,131,926",20.45,20.60,20.35,20.55,+0.10,"5,599",
110/01/06,"51,827,227","1,075,666,270",20.50,21.15,20.45,20.65,+0.10,"11,936",
110/01/07,"44,988,513","946,056,269",20.80,21.25,20.80,21.00,+0.35,"9,764",
110/01/08,"47,230,107","1,002,155,544",21.25,21.50,21.00,21.35,+0.35,"10,821",
110/01/11,"52,662,109","1,144,785,494",21.30,22.00,21.25,21.90,+0.55,"13,667",
110/01/12,"43,926,627","946,170,593",22.10,22.10,21.25,21.25,-0.65,"14,402",
110/01/13,"35,587,885","760,820,692",21.35,21.50,21.25,21.40,+0.15,"9,018",
110/01/14,"32,068,801","678,319,293",21.40,21.40,21.05,21.20,-0.20,"9,983",
110/01/15,"34,712,755","729,498,896",21.25,21.35,20.90,21.00,-0.20,"8,815",
110/01/18,"34,908,025","725,594,868",21.00,21.00,20.65,21.00, 0.00,"8,921",
110/01/19,"23,127,153","491,126,968",21.00,21.40,20.95,21.30,+0.30,"5,420",
110/01/20,"38,741,942","806,760,472",21.30,21.30,20.55,20.65,-0.65,"12,094",
110/01/21,"29,264,752","613,870,212",20.75,21.10,20.70,21.00,+0.35,"7,408",
110/01/22,"31,360,322","651,633,336",21.00,21.00,20.65,20.75,-0.25,"6,089",
110/01/25,"23,381,203","485,234,449",20.75,20.90,20.55,20.85,+0.10,"5,297",
110/01/26,"29,129,231","605,501,932",20.85,20.95,20.70,20.70,-0.15,"6,977",
110/01/27,"27,622,019","573,349,059",20.85,21.05,20.65,20.65,-0.05,"8,561",
110/01/28,"26,672,487","541,587,650",20.45,20.50,20.15,20.30,-0.35,"9,160",
110/01/29,"36,025,139","724,741,912",20.35,20.45,19.90,19.90,-0.40,"8,084",
110/02/01,"24,638,071","495,445,730",19.90,20.30,19.85,20.20,+0.30,"5,639",
110/02/02,"37,540,427","775,370,369",20.45,20.90,20.30,20.65,+0.45,"7,035",
110/02/03,"25,709,306","534,200,970",20.75,20.90,20.50,20.85,+0.20,"4,172",
110/02/04,"18,805,196","391,029,404",20.75,20.90,20.65,20.75,-0.10,"3,349",
110/02/05,"24,126,876","504,763,774",20.80,21.00,20.75,21.00,+0.25,"4,880",
110/02/17,"37,236,314","795,001,364",21.45,21.50,21.15,21.40,+0.40,"9,968",
110/02/18,"25,423,581","547,065,628",21.45,21.70,21.35,21.40, 0.00,"5,746",
110/02/19,"18,397,945","390,738,035",21.40,21.40,21.10,21.30,-0.10,"5,004",
110/02/22,"15,873,383","340,086,425",21.45,21.60,21.30,21.30, 0.00,"4,760",
110/02/23,"28,798,518","622,472,789",21.35,21.80,21.25,21.65,+0.35,"7,187",
110/02/24,"23,548,849","510,514,480",21.80,21.90,21.55,21.60,-0.05,"5,466",
110/02/25,"31,873,486","697,550,444",21.85,22.00,21.70,22.00,+0.40,"8,353",
110/02/26,"53,276,071","1,141,360,642",21.70,21.85,21.25,21.25,-0.75,"12,851",
110/03/02,"25,553,658","544,104,316",21.50,21.55,21.05,21.05,-0.20,"7,249",
110/03/03,"33,642,587","718,607,522",21.25,21.55,21.05,21.40,+0.35,"6,853",
110/03/04,"26,981,494","571,070,304",21.35,21.35,21.00,21.15,-0.25,"6,607",
110/03/05,"16,730,529","353,154,195",20.95,21.30,20.85,21.20,+0.05,"4,704",
110/03/08,"22,592,821","479,185,427",21.25,21.45,21.05,21.15,-0.05,"5,842",
110/03/09,"44,332,080","956,565,580",21.15,21.70,21.15,21.65,+0.50,"9,184",
110/03/10,"26,193,138","570,189,131",21.65,21.90,21.60,21.85,+0.20,"6,232",
110/03/11,"26,046,463","570,229,258",22.00,22.00,21.75,21.85, 0.00,"7,561",
110/03/12,"15,232,122","331,933,745",21.85,21.90,21.60,21.90,+0.05,"4,083",
110/03/15,"16,550,601","363,356,209",21.85,22.00,21.85,21.90, 0.00,"4,392",
110/03/16,"13,846,978","303,026,275",21.95,21.95,21.80,21.90, 0.00,"3,455",
110/03/17,"16,323,413","356,800,265",21.90,21.95,21.75,21.80,-0.10,"5,023",
110/03/18,"21,784,419","478,514,144",21.90,22.05,21.85,21.90,+0.10,"4,885",
110/03/19,"28,192,419","611,364,700",21.85,21.90,21.55,21.65,-0.25,"5,979",
110/03/22,"13,692,674","296,801,937",21.60,21.80,21.55,21.75,+0.10,"3,528",
110/03/23,"18,083,308","395,232,317",21.75,22.00,21.70,21.90,+0.15,"4,022",
110/03/24,"49,900,897","1,107,936,214",22.00,22.40,22.00,22.15,+0.25,"10,064",
110/03/25,"20,564,301","457,765,267",22.15,22.35,22.15,22.30,+0.15,"4,867",
110/03/26,"17,797,268","396,726,123",22.40,22.40,22.25,22.25,-0.05,"6,091",
110/03/29,"16,509,939","368,272,763",22.30,22.35,22.25,22.35,+0.10,"4,672",
110/03/30,"24,789,947","556,476,737",22.35,22.65,22.25,22.65,+0.30,"6,604",
110/03/31,"29,298,982","663,158,769",22.70,22.75,22.50,22.50,-0.15,"6,467",
110/04/01,"14,518,696","326,427,918",22.60,22.65,22.40,22.40,-0.10,"4,404",
110/04/06,"13,424,063","302,721,855",22.55,22.65,22.50,22.50,+0.10,"4,097",
110/04/07,"11,888,286","268,695,214",22.65,22.65,22.55,22.60,+0.10,"3,543",
110/04/08,"10,458,885","236,747,888",22.65,22.70,22.55,22.70,+0.10,"3,426",
110/04/09,"27,028,017","621,290,883",23.05,23.05,22.90,23.00,+0.30,"8,081",
110/04/12,"26,207,951","609,429,956",23.05,23.40,23.05,23.35,+0.35,"6,929",
110/04/13,"25,481,553","595,196,033",23.45,23.55,23.10,23.15,-0.20,"7,160",
110/04/14,"24,226,056","561,844,132",23.20,23.30,23.05,23.30,+0.15,"6,633",
110/04/15,"38,430,395","911,204,851",23.35,24.00,23.30,24.00,+0.70,"10,503",
110/04/16,"52,435,226","1,279,486,363",24.00,24.75,24.00,24.75,+0.75,"13,090",
110/04/19,"59,857,338","1,534,893,151",24.90,26.20,24.85,26.10,+1.35,"17,571",
110/04/20,"45,655,445","1,177,277,754",26.05,26.05,25.55,26.00,-0.10,"13,922",
110/04/21,"44,181,655","1,137,879,273",25.75,26.15,25.45,25.70,-0.30,"14,074",
110/04/22,"49,734,166","1,299,405,932",25.85,26.65,25.65,25.95,+0.25,"14,310",
110/04/23,"29,428,146","765,062,194",26.20,26.40,25.80,25.90,-0.05,"8,654",
110/04/26,"38,803,467","1,021,200,723",26.15,26.50,26.05,26.50,+0.60,"11,735",
110/04/27,"22,684,431","597,979,534",26.55,26.55,26.25,26.35,-0.15,"7,464",
110/04/28,"22,272,990","582,936,204",26.30,26.40,26.05,26.10,-0.25,"6,927",
110/04/29,"34,038,787","885,795,352",26.00,26.30,25.75,26.00,-0.10,"7,733",
110/05/03,"49,950,749","1,285,468,774",25.90,26.10,25.50,25.50,-0.50,"13,836",
110/05/04,"45,872,769","1,155,073,528",25.50,25.85,24.65,25.05,-0.45,"12,568",
110/05/05,"28,160,060","714,751,510",25.10,25.70,25.00,25.30,+0.25,"7,706",
110/05/06,"29,135,636","740,510,751",25.50,25.85,25.45,25.70,+0.40,"6,447",
110/05/07,"22,723,927","586,400,614",25.90,26.00,25.60,25.90,+0.20,"5,338",
110/05/10,"51,741,141","1,366,883,746",26.00,26.80,25.95,26.70,+0.80,"11,602",
110/05/11,"60,369,443","1,590,116,686",26.40,26.85,25.80,26.00,-0.70,"15,266",
110/05/12,"102,034,622","2,518,502,576",25.85,26.00,23.50,24.50,-1.50,"28,707",
110/05/13,"64,868,847","1,560,751,886",23.80,24.60,23.40,23.90,-0.60,"19,407",
110/05/14,"36,670,656","891,773,803",24.15,24.60,24.10,24.30,+0.40,"9,168",
110/05/17,"53,391,323","1,254,570,292",23.65,24.20,22.95,23.15,-1.15,"17,051",
110/05/18,"29,681,543","719,195,030",23.35,24.65,23.35,24.45,+1.30,"8,625",
110/05/19,"16,944,900","414,272,870",24.40,24.70,24.15,24.35,-0.10,"5,754",
110/05/20,"21,739,040","529,563,809",24.20,24.65,24.10,24.45,+0.10,"5,101",
110/05/21,"20,318,856","502,615,519",24.75,25.10,24.40,24.65,+0.20,"6,191",
110/05/24,"16,586,800","411,961,494",24.45,25.00,24.35,25.00,+0.35,"5,004",
110/05/25,"17,484,019","439,417,041",25.00,25.30,25.00,25.05,+0.05,"5,465",
110/05/26,"11,061,517","277,557,979",25.25,25.25,25.00,25.15,+0.10,"3,320",
110/05/27,"41,730,701","1,048,643,237",25.05,25.20,24.80,25.20,+0.05,"5,347",
110/05/28,"24,647,215","627,732,062",25.20,25.60,25.20,25.60,+0.40,"7,185",
110/05/31,"15,680,759","402,433,949",25.65,25.80,25.50,25.60, 0.00,"4,659",
110/06/01,"15,079,478","386,008,723",25.60,25.75,25.45,25.70,+0.10,"3,822",
110/06/02,"16,068,979","415,129,878",25.65,25.95,25.65,25.95,+0.25,"4,510",
110/06/03,"26,480,408","692,463,875",26.05,26.55,25.90,26.00,+0.05,"7,273",
110/06/04,"12,082,229","311,347,350",25.80,25.90,25.70,25.80,-0.20,"6,494",
110/06/07,"18,510,798","472,521,884",25.75,25.80,25.20,25.50,-0.30,"6,366",
110/06/08,"9,783,128","252,168,157",25.55,25.95,25.55,25.85,+0.35,"2,944",
110/06/09,"11,681,964","298,640,616",25.85,25.85,25.45,25.50,-0.35,"4,461",
110/06/10,"14,024,819","356,709,632",25.55,25.60,25.35,25.50, 0.00,"4,120",
110/06/11,"8,477,709","216,760,089",25.50,25.70,25.45,25.50, 0.00,"2,549",
110/06/15,"10,201,987","259,651,982",25.50,25.50,25.40,25.40,-0.10,"2,776",
110/06/16,"12,871,666","328,056,823",25.30,25.65,25.30,25.40, 0.00,"4,343",
110/06/17,"11,947,866","302,821,145",25.20,25.45,25.20,25.45,+0.05,"3,422",
110/06/18,"30,203,124","762,897,278",25.35,25.50,25.20,25.20,-0.25,"5,739",
110/06/21,"24,565,917","613,185,575",25.00,25.30,24.80,25.05,-0.15,"7,923",
110/06/22,"18,031,967","455,297,124",25.05,25.40,25.05,25.35,+0.30,"5,526",
110/06/23,"15,413,337","392,238,923",25.35,25.60,25.30,25.45,+0.10,"3,827",
110/06/24,"33,925,495","878,858,024",25.60,26.10,25.55,26.05,+0.60,"8,412",
110/06/25,"29,000,085","764,587,163",26.10,26.50,26.10,26.45,+0.40,"7,682",
110/06/28,"25,068,561","667,351,049",26.60,26.70,26.40,26.40,-0.05,"6,703",
110/06/29,"26,525,199","701,122,421",26.40,26.55,26.20,26.40, 0.00,"5,875",
110/06/30,"39,440,105","1,059,819,898",26.45,27.05,26.45,26.85,+0.45,"11,049",
110/07/01,"28,701,631","770,481,341",26.75,26.90,26.60,26.65,-0.20,"6,645",
110/07/02,"26,335,389","703,062,993",26.65,26.80,26.50,26.50,-0.15,"5,767",
110/07/05,"50,351,351","1,360,867,792",26.60,27.15,26.60,27.10,+0.60,"10,598",
110/07/06,"65,256,702","1,793,871,039",27.35,27.80,27.20,27.50,+0.40,"14,782",
110/07/07,"70,326,655","1,909,085,688",27.45,27.45,26.90,27.00,-0.50,"18,247",
110/07/08,"85,526,851","2,326,758,066",27.25,27.30,27.10,27.15,+0.15,"15,588",
110/07/09,"117,101,429","3,008,485,544",25.65,25.75,25.35,25.55,X0.00,"30,595",
110/07/12,"40,860,922","1,046,132,926",25.65,25.80,25.40,25.50,-0.05,"13,211",
110/07/13,"29,592,381","752,865,153",25.55,25.60,25.30,25.40,-0.10,"10,721",
110/07/14,"29,215,189","742,867,200",25.45,25.60,25.35,25.35,-0.05,"7,302",
110/07/15,"30,611,981","774,438,960",25.30,25.55,25.25,25.45,+0.10,"9,305",
110/07/16,"33,627,931","861,901,235",25.45,25.90,25.40,25.90,+0.45,"7,913",
110/07/19,"17,986,080","462,881,048",25.75,25.90,25.60,25.80,-0.10,"5,743",
110/07/20,"16,806,642","429,566,019",25.65,25.65,25.45,25.55,-0.25,"7,187",
110/07/21,"30,174,510","766,806,622",25.55,25.60,25.25,25.40,-0.15,"11,616",
110/07/22,"23,247,456","593,455,621",25.40,25.65,25.40,25.55,+0.15,"6,379",
110/07/23,"13,358,502","343,255,686",25.65,25.75,25.65,25.70,+0.15,"3,924",
110/07/26,"19,715,901","501,536,103",25.70,25.75,25.30,25.30,-0.40,"7,682",
110/07/27,"16,440,591","414,825,416",25.40,25.40,25.10,25.20,-0.10,"6,279",
110/07/28,"20,125,832","502,374,650",25.00,25.15,24.85,25.05,-0.15,"8,104",
110/07/29,"19,864,347","501,655,792",25.05,25.40,25.00,25.35,+0.30,"4,562",
110/07/30,"16,118,939","407,980,843",25.15,25.40,25.15,25.40,+0.05,"3,779",
110/08/02,"13,222,269","337,282,065",25.45,25.65,25.30,25.65,+0.25,"3,748",
110/08/03,"10,754,704","276,398,386",25.80,25.80,25.55,25.80,+0.15,"3,779",
110/08/04,"10,178,880","262,590,918",25.75,25.85,25.70,25.85,+0.05,"3,101",
110/08/05,"11,364,520","294,311,862",25.85,25.95,25.75,25.95,+0.10,"3,616",
110/08/06,"21,122,762","544,365,796",25.90,25.90,25.65,25.70,-0.25,"3,452",
110/08/09,"23,939,963","613,451,399",25.60,25.80,25.35,25.80,+0.10,"5,127",
110/08/10,"27,429,641","700,286,809",25.70,25.80,25.30,25.60,-0.20,"5,960",
110/08/11,"199,782,806","4,846,516,169",25.45,25.50,23.80,24.25,-1.35,"56,938",
110/08/12,"40,837,340","991,195,835",24.30,24.65,24.10,24.40,+0.15,"13,659",
110/08/13,"66,101,052","1,576,617,711",24.45,24.45,23.55,23.70,-0.70,"21,696",
110/08/16,"44,811,174","1,077,160,635",23.75,24.30,23.75,24.05,+0.35,"10,339",
110/08/17,"38,771,267","919,818,258",24.05,24.05,23.45,23.70,-0.35,"11,357",
110/08/18,"62,264,379","1,466,916,624",23.50,23.95,23.20,23.90,+0.20,"12,180",
110/08/19,"59,893,645","1,405,991,577",23.80,24.00,23.15,23.35,-0.55,"15,577",
110/08/20,"34,947,552","824,956,717",23.70,23.85,23.30,23.65,+0.30,"9,741",
110/08/23,"23,389,097","563,240,862",23.95,24.25,23.90,24.15,+0.50,"5,479",
110/08/24,"19,529,804","474,402,715",24.20,24.50,24.05,24.45,+0.30,"5,395",
110/08/25,"16,635,740","405,311,653",24.50,24.50,24.15,24.50,+0.05,"4,628",
110/08/26,"13,401,610","325,936,581",24.50,24.55,24.15,24.30,-0.20,"3,475",
110/08/27,"19,246,177","471,622,924",24.20,24.60,24.15,24.60,+0.30,"5,361",
110/08/30,"19,185,443","476,482,070",24.60,25.00,24.60,25.00,+0.40,"6,026",
110/08/31,"26,854,364","665,828,243",24.90,25.00,24.50,25.00, 0.00,"6,630",
110/09/01,"16,538,257","411,007,306",24.60,25.00,24.60,24.90,-0.10,"5,985",
110/09/02,"17,401,292","427,609,177",24.65,24.80,24.50,24.50,-0.40,"6,374",
110/09/03,"13,007,288","320,797,090",24.60,24.80,24.50,24.70,+0.20,"3,667",
110/09/06,"16,142,882","395,658,698",24.70,24.70,24.45,24.50,-0.20,"5,220",
110/09/07,"19,384,434","471,857,284",24.50,24.50,24.25,24.30,-0.20,"5,120",
110/09/08,"21,806,599","537,253,467",24.55,24.75,24.50,24.65,+0.35,"6,348",
110/09/09,"13,098,212","321,467,569",24.50,24.65,24.45,24.60,-0.05,"2,839",
110/09/10,"13,405,339","331,783,410",24.60,24.85,24.60,24.75,+0.15,"3,849",
110/09/13,"12,739,615","317,070,424",24.75,24.95,24.70,24.95,+0.20,"3,621",
110/09/14,"18,021,236","451,746,379",25.00,25.30,24.95,25.10,+0.15,"4,928",
110/09/15,"16,232,497","406,398,680",25.05,25.10,24.90,25.10, 0.00,"4,560",
110/09/16,"16,890,389","423,546,346",25.00,25.20,25.00,25.05,-0.05,"5,111",
110/09/17,"29,411,992","731,175,872",25.05,25.10,24.75,24.75,-0.30,"5,020",
110/09/22,"25,245,614","613,832,888",24.45,24.50,24.15,24.30,-0.45,"7,246",
110/09/23,"11,128,558","274,693,310",24.50,24.80,24.45,24.80,+0.50,"3,056",
110/09/24,"7,658,814","189,281,500",24.90,24.95,24.55,24.65,-0.15,"3,063",
110/09/27,"12,835,971","317,963,733",24.65,24.90,24.50,24.80,+0.15,"3,809",
110/09/28,"8,108,303","199,865,475",24.60,24.80,24.55,24.60,-0.20,"2,686",
110/09/29,"16,971,564","413,870,948",24.50,24.60,24.30,24.40,-0.20,"4,981",
110/09/30,"13,096,063","321,748,282",24.40,24.75,24.35,24.70,+0.30,"2,757",
110/10/01,"21,884,313","530,081,960",24.50,24.60,24.10,24.20,-0.50,"7,258",
110/10/04,"8,768,245","212,306,373",24.25,24.35,24.15,24.20, 0.00,"2,584",
110/10/05,"15,453,058","371,375,126",24.10,24.20,23.95,24.05,-0.15,"5,246",
110/10/06,"20,089,799","488,495,176",24.20,24.60,24.10,24.45,+0.40,"5,045",
110/10/07,"9,974,109","244,789,246",24.55,24.60,24.40,24.55,+0.10,"2,791",
110/10/08,"6,770,383","166,122,070",24.75,24.75,24.45,24.45,-0.10,"2,428",
110/10/12,"13,326,384","324,384,576",24.25,24.50,24.15,24.50,+0.05,"3,115",
110/10/13,"8,365,047","205,010,388",24.60,24.70,24.40,24.40,-0.10,"2,874",
110/10/14,"11,281,388","274,133,376",24.55,24.60,24.20,24.20,-0.20,"3,021",
110/10/15,"16,242,792","399,334,549",24.25,24.70,24.25,24.70,+0.50,"5,648",
110/10/18,"18,060,537","449,861,221",24.70,25.00,24.65,24.95,+0.25,"5,212",
110/10/19,"13,302,209","331,625,779",25.10,25.10,24.70,24.75,-0.20,"4,323",
110/10/20,"10,223,506","252,726,653",24.80,24.90,24.50,24.80,+0.05,"3,391",
110/10/21,"14,038,160","350,241,204",24.85,25.00,24.70,25.00,+0.20,"2,147",
110/10/22,"5,780,743","143,016,972",24.80,24.90,24.65,24.70,-0.30,"2,172",
110/10/25,"6,569,659","161,930,438",24.65,24.80,24.55,24.60,-0.10,"1,841",
110/10/26,"18,696,262","466,144,024",24.75,25.00,24.70,24.95,+0.35,"4,957",
110/10/27,"9,649,911","239,783,842",24.80,24.95,24.75,24.90,-0.05,"2,813",
110/10/28,"6,521,744","161,922,683",24.75,24.95,24.75,24.85,-0.05,"2,433",
110/10/29,"15,254,101","375,843,462",24.70,24.80,24.50,24.70,-0.15,"3,905",
110/11/01,"8,686,616","213,887,632",24.75,24.85,24.55,24.55,-0.15,"3,050",
110/11/02,"13,385,706","327,537,557",24.60,24.70,24.35,24.35,-0.20,"4,892",
110/11/03,"6,047,525","147,991,737",24.40,24.55,24.40,24.50,+0.15,"2,325",
110/11/04,"6,758,883","166,303,052",24.60,24.70,24.50,24.50, 0.00,"1,915",
110/11/05,"5,503,493","134,961,966",24.45,24.65,24.40,24.65,+0.15,"2,398",
110/11/08,"15,018,636","369,719,346",24.65,24.70,24.55,24.70,+0.05,"2,911",
110/11/09,"92,062,917","2,219,483,918",24.70,24.70,23.70,24.20,-0.50,"22,221",
110/11/10,"16,311,593","397,473,227",24.30,24.45,24.25,24.45,+0.25,"4,652",
110/11/11,"11,848,039","288,954,258",24.40,24.45,24.30,24.35,-0.10,"3,619",
110/11/12,"15,739,282","385,007,034",24.40,24.55,24.35,24.50,+0.15,"3,823",
110/11/15,"15,519,632","383,356,804",24.55,24.80,24.55,24.75,+0.25,"4,235",
110/11/16,"11,826,618","293,607,602",24.75,24.90,24.70,24.85,+0.10,"4,104",
110/11/17,"23,684,400","592,225,665",24.85,25.15,24.80,25.15,+0.30,"7,166",
110/11/18,"22,631,803","569,689,149",25.20,25.40,25.05,25.10,-0.05,"7,341",
110/11/19,"18,032,029","451,164,736",25.20,25.20,24.90,25.05,-0.05,"5,577",
110/11/22,"9,982,705","249,843,830",25.05,25.10,24.95,25.00,-0.05,"3,041",
110/11/23,"15,457,768","383,949,578",24.90,25.00,24.70,24.75,-0.25,"4,127",
110/11/24,"16,033,998","399,877,091",24.90,25.10,24.80,24.90,+0.15,"3,884",
110/11/25,"15,239,591","377,987,992",24.95,25.00,24.70,24.90, 0.00,"5,454",
110/11/26,"29,961,053","735,083,042",24.60,24.80,24.45,24.45,-0.45,"7,848",
110/11/29,"19,437,935","473,260,776",24.25,24.50,24.15,24.30,-0.15,"5,459",
110/11/30,"69,353,102","1,662,718,814",24.25,24.50,23.70,23.70,-0.60,"7,347",
110/12/01,"45,488,819","1,098,355,144",23.90,24.45,23.90,24.35,+0.65,"8,596",
110/12/02,"23,536,299","577,024,094",24.20,24.75,24.20,24.55,+0.20,"6,146",
110/12/03,"17,859,042","441,844,107",24.60,24.85,24.55,24.75,+0.20,"4,701",
110/12/06,"13,313,698","330,501,134",24.60,24.95,24.50,24.90,+0.15,"5,749",
110/12/07,"14,707,365","365,373,375",24.80,24.95,24.70,24.95,+0.05,"4,484",
110/12/08,"41,244,226","1,031,890,937",25.05,25.10,24.90,25.05,+0.10,"10,323",
110/12/09,"28,036,116","701,959,704",25.10,25.25,24.95,25.00,-0.05,"6,609",
110/12/10,"19,971,295","497,850,855",25.00,25.05,24.85,24.95,-0.05,"6,288",
110/12/13,"13,484,480","337,362,056",25.00,25.10,24.95,25.00,+0.05,"3,987",
110/12/14,"14,833,521","366,875,529",24.85,24.85,24.65,24.70,-0.30,"4,547",
110/12/15,"10,700,176","264,497,143",24.65,24.80,24.65,24.70, 0.00,"3,775",
110/12/16,"8,882,450","220,134,999",24.80,24.85,24.70,24.85,+0.15,"3,145",
110/12/17,"16,178,488","404,456,846",24.85,25.10,24.75,25.05,+0.20,"3,325",
110/12/20,"16,846,309","415,870,371",24.80,24.85,24.60,24.65,-0.40,"5,734",
110/12/21,"12,107,056","299,912,246",24.60,24.95,24.60,24.75,+0.10,"2,501",
110/12/22,"6,122,340","151,922,626",24.90,24.95,24.75,24.80,+0.05,"2,340",
110/12/23,"9,341,974","232,799,136",24.85,25.00,24.80,24.95,+0.15,"2,356",
110/12/24,"6,311,715","157,728,998",25.00,25.05,24.90,25.00,+0.05,"2,133",
110/12/27,"5,450,402","136,159,154",25.00,25.05,24.90,25.00, 0.00,"2,136",
110/12/28,"12,845,633","321,323,051",25.00,25.05,24.95,25.05,+0.05,"3,209",
110/12/29,"17,791,252","449,165,197",25.05,25.30,25.05,25.30,+0.25,"5,728",
110/12/30,"10,901,176","276,088,279",25.30,25.40,25.25,25.30, 0.00,"4,070",
111/01/03,"13,235,486","335,312,259",25.30,25.50,25.20,25.20,-0.10,"3,173",
111/01/04,"12,617,535","319,678,360",25.25,25.45,25.20,25.40,+0.20,"6,967",
111/01/05,"15,130,376","382,891,872",25.30,25.45,25.20,25.25,-0.15,"3,789",
111/01/06,"15,214,011","385,679,512",25.20,25.45,25.15,25.40,+0.15,"3,764",
111/01/07,"24,659,873","634,928,913",25.55,25.95,25.50,25.75,+0.35,"8,295",
111/01/10,"17,710,140","451,355,974",25.70,25.70,25.40,25.50,-0.25,"7,068",
111/01/11,"30,009,597","771,071,734",25.50,25.95,25.35,25.85,+0.35,"7,574",
111/01/12,"22,167,892","573,829,129",25.85,26.10,25.75,25.90,+0.05,"7,248",
111/01/13,"36,556,578","956,393,574",25.90,26.30,25.85,26.30,+0.40,"11,459",
111/01/14,"27,775,954","721,845,177",26.20,26.30,25.85,25.90,-0.40,"10,361",
111/01/17,"12,749,457","329,925,097",26.00,26.00,25.80,25.85,-0.05,"5,544",
111/01/18,"21,098,996","545,505,648",25.85,26.00,25.75,25.80,-0.05,"8,240",
111/01/19,"24,175,469","622,386,202",25.65,25.85,25.60,25.70,-0.10,"6,288",
111/01/20,"17,715,966","456,848,938",25.65,25.90,25.65,25.85,+0.15,"4,285",
111/01/21,"33,939,722","864,519,242",25.65,25.75,25.25,25.35,-0.50,"10,258",
111/01/24,"25,081,465","632,141,295",25.05,25.35,25.05,25.20,-0.15,"6,160",
111/01/25,"23,364,015","585,245,095",25.00,25.20,24.95,25.15,-0.05,"5,919",
111/01/26,"17,042,926","431,004,038",25.10,25.40,25.10,25.25,+0.10,"5,701",
111/02/07,"34,205,838","867,372,732",25.05,25.60,25.00,25.50,+0.25,"9,699",
111/02/08,"18,570,176","478,072,761",25.55,25.95,25.50,25.80,+0.30,"6,289",
111/02/09,"12,957,735","335,891,963",25.80,26.05,25.80,25.90,+0.10,"5,065",
111/02/10,"15,691,811","405,772,165",26.00,26.10,25.70,25.85,-0.05,"6,726",
111/02/11,"26,107,626","666,387,762",25.65,25.70,25.35,25.60,-0.25,"7,715",
111/02/14,"20,573,196","521,001,979",25.35,25.50,25.20,25.45,-0.15,"5,925",
111/02/15,"23,547,846","594,518,311",25.50,25.50,25.10,25.20,-0.25,"8,793",
111/02/16,"18,964,239","481,147,596",25.35,25.50,25.25,25.35,+0.15,"6,615",
111/02/17,"19,443,371","494,833,277",25.50,25.55,25.30,25.40,+0.05,"5,527",
111/02/18,"18,783,249","476,864,885",25.30,25.50,25.20,25.40, 0.00,"3,977",
111/02/21,"15,796,335","401,240,186",25.30,25.55,25.20,25.50,+0.10,"3,832",
111/02/22,"26,048,630","657,555,549",25.35,25.40,25.10,25.35,-0.15,"7,520",
111/02/23,"20,374,045","514,474,810",25.30,25.35,25.20,25.20,-0.15,"5,420",
111/02/24,"45,218,684","1,127,356,568",25.20,25.20,24.80,24.85,-0.35,"13,229",
111/02/25,"37,539,093","929,328,736",24.85,25.00,24.60,24.85, 0.00,"10,251",
111/03/01,"28,640,307","725,287,890",25.15,25.55,24.95,25.25,+0.40,"6,377",
111/03/02,"18,121,074","458,773,554",25.20,25.45,25.15,25.40,+0.15,"3,896",
111/03/03,"12,923,561","328,908,895",25.45,25.50,25.35,25.50,+0.10,"4,027",
111/03/04,"23,046,834","577,150,588",25.15,25.20,24.85,25.05,-0.45,"6,166",
111/03/07,"44,293,276","1,082,528,100",24.85,24.90,24.10,24.50,-0.55,"13,185",
111/03/08,"36,858,462","890,486,766",24.30,24.35,24.00,24.20,-0.30,"12,717",
111/03/09,"20,856,961","505,592,348",24.30,24.35,24.15,24.20, 0.00,"4,828",
111/03/10,"18,723,674","462,210,095",24.35,24.90,24.35,24.80,+0.60,"5,673",
111/03/11,"10,355,411","256,122,767",24.70,24.85,24.55,24.75,-0.05,"3,775",
111/03/14,"13,734,926","340,815,937",24.80,24.95,24.70,24.85,+0.10,"3,894",
111/03/15,"16,886,202","415,096,698",24.85,24.85,24.50,24.65,-0.20,"6,017",
111/03/16,"38,203,695","976,973,941",25.30,25.70,25.30,25.60,+0.95,"12,504",
111/03/17,"33,272,512","864,822,444",26.10,26.10,25.75,26.00,+0.40,"10,772",
111/03/18,"42,172,242","1,105,283,483",26.10,26.35,26.00,26.25,+0.25,"9,085",
111/03/21,"20,084,562","526,150,779",26.30,26.45,26.05,26.10,-0.15,"7,908",
111/03/22,"30,293,600","787,115,541",26.10,26.10,25.90,26.00,-0.10,"8,369",
111/03/23,"31,386,192","818,000,096",26.00,26.20,26.00,26.10,+0.10,"8,896",
111/03/24,"20,760,514","539,921,155",26.05,26.10,25.90,26.00,-0.10,"6,716",
111/03/25,"28,712,028","741,552,557",26.00,26.05,25.75,25.75,-0.25,"10,681",
111/03/28,"22,327,505","575,599,963",25.55,26.00,25.55,25.90,+0.15,"7,894",
111/03/29,"16,274,801","422,557,207",25.95,26.05,25.85,26.05,+0.15,"4,497",
111/03/30,"23,728,508","622,126,730",26.10,26.30,26.05,26.20,+0.15,"7,319",
111/03/31,"26,018,745","687,616,554",26.25,26.50,26.25,26.40,+0.20,"7,346",
111/04/01,"20,830,348","550,852,742",26.20,26.60,26.10,26.60,+0.20,"6,036",
111/04/06,"27,961,287","752,715,012",26.60,27.20,26.50,27.20,+0.60,"10,566",
111/04/07,"32,860,902","884,805,847",27.15,27.25,26.65,26.70,-0.50,"13,860",
111/04/08,"14,580,432","391,095,170",26.75,27.00,26.60,26.85,+0.15,"5,481",
111/04/11,"23,005,220","616,983,213",26.85,27.10,26.60,26.80,-0.05,"8,130",
111/04/12,"13,539,767","362,142,737",26.70,26.90,26.50,26.75,-0.05,"5,186",
111/04/13,"14,666,987","392,572,420",26.90,27.00,26.70,26.95,+0.20,"4,790",
111/04/14,"18,040,741","483,534,081",26.95,26.95,26.55,26.55,-0.40,"6,267",
111/04/15,"15,923,670","422,876,419",26.50,26.70,26.35,26.60,+0.05,"4,521",
111/04/18,"18,978,490","500,439,975",26.45,26.60,26.20,26.35,-0.25,"7,079",
111/04/19,"17,988,910","473,174,735",26.40,26.60,26.15,26.15,-0.20,"6,628",
111/04/20,"34,803,909","916,019,452",26.25,26.60,26.00,26.30,+0.15,"7,235",
111/04/21,"22,734,867","601,934,657",26.55,26.55,26.25,26.55,+0.25,"3,535",
111/04/22,"30,110,034","796,484,817",26.25,26.65,26.20,26.65,+0.10,"11,712",
111/04/25,"38,234,296","996,558,214",26.25,26.25,25.90,26.25,-0.40,"16,498",
111/04/26,"26,369,300","690,554,062",26.20,26.30,26.05,26.15,-0.10,"9,084",
111/04/27,"27,179,435","701,253,603",25.85,25.95,25.65,25.75,-0.40,"9,390",
111/04/28,"22,748,208","588,395,247",25.80,26.00,25.75,26.00,+0.25,"7,620",
111/04/29,"11,963,358","312,832,749",26.15,26.30,26.05,26.15,+0.15,"3,020",
111/05/03,"10,150,582","263,856,454",26.10,26.15,25.90,25.90,-0.25,"4,578",
111/05/04,"11,734,792","304,196,958",26.00,26.05,25.85,26.00,+0.10,"4,946",
111/05/05,"12,204,278","317,132,322",26.15,26.20,25.90,25.90,-0.10,"5,107",
111/05/06,"21,997,873","563,359,317",25.70,25.80,25.50,25.60,-0.30,"10,087",
111/05/09,"25,679,171","644,312,866",25.30,25.35,25.00,25.00,-0.60,"12,138",
111/05/10,"30,497,335","754,721,180",24.70,24.90,24.40,24.75,-0.25,"11,254",
111/05/11,"27,025,689","661,456,103",24.65,24.70,24.40,24.45,-0.30,"10,662",
111/05/12,"36,392,655","870,920,240",24.40,24.45,23.60,23.65,-0.80,"18,548",
111/05/13,"24,394,016","580,060,858",23.65,23.95,23.50,23.85,+0.20,"8,678",
111/05/16,"28,012,224","665,431,668",24.10,24.10,23.50,24.00,+0.15,"11,703",
111/05/17,"19,459,827","464,081,374",24.20,24.20,23.70,23.75,-0.25,"8,376",
111/05/18,"21,246,726","509,298,643",23.70,24.15,23.70,24.05,+0.30,"7,996",
111/05/19,"33,090,392","776,044,636",23.70,23.75,23.30,23.35,-0.70,"14,220",
111/05/20,"20,293,905","474,770,892",23.35,23.55,23.15,23.45,+0.10,"6,818",
111/05/23,"44,351,653","1,037,161,927",23.50,23.95,22.90,23.90,+0.45,"15,094",
111/05/24,"40,352,775","946,480,256",23.80,23.85,23.30,23.30,-0.60,"13,183",
111/05/25,"32,305,970","746,123,073",23.30,23.30,23.00,23.05,-0.25,"11,801",
111/05/26,"33,671,914","773,788,282",23.15,23.20,22.90,22.90,-0.15,"12,745",
111/05/27,"34,256,298","791,985,848",23.05,23.30,22.95,23.15,+0.25,"8,888",
111/05/30,"35,838,781","847,902,575",23.25,23.95,23.25,23.90,+0.75,"10,646",
111/05/31,"93,244,846","2,253,955,676",23.80,24.35,23.55,24.35,+0.45,"9,295",
111/06/01,"32,727,815","784,893,941",24.05,24.10,23.70,23.70,-0.65,"11,670",
111/06/02,"17,747,058","417,499,371",23.55,23.65,23.40,23.50,-0.20,"6,951",
111/06/06,"23,477,546","548,219,583",23.50,23.50,23.20,23.35,-0.15,"8,731",
111/06/07,"15,900,078","372,520,826",23.35,23.55,23.30,23.40,+0.05,"4,897",
111/06/08,"11,040,265","259,450,174",23.45,23.60,23.45,23.45,+0.05,"4,976",
111/06/09,"15,394,166","360,236,197",23.30,23.60,23.25,23.40,-0.05,"4,337",
111/06/10,"14,066,133","329,800,022",23.30,23.60,23.25,23.45,+0.05,"4,256",
111/06/13,"28,170,104","651,497,209",23.30,23.35,23.00,23.10,-0.35,"12,383",
111/06/14,"27,941,183","645,567,943",23.05,23.20,23.00,23.10, 0.00,"8,392",
111/06/15,"22,680,230","524,372,006",23.05,23.25,23.05,23.05,-0.05,"9,040",
111/06/16,"20,627,083","479,390,725",23.25,23.45,23.10,23.10,+0.05,"7,076",
111/06/17,"36,713,290","842,565,512",22.85,23.05,22.75,22.90,-0.20,"10,474",
111/06/20,"39,927,924","916,591,721",22.90,23.10,22.40,22.80,-0.10,"13,419",
111/06/21,"34,561,592","805,906,618",23.00,23.55,22.85,23.50,+0.70,"10,797",
111/06/22,"18,188,280","424,587,430",23.50,23.60,23.05,23.10,-0.40,"6,513",
111/06/23,"28,528,978","660,242,183",23.40,23.40,23.05,23.10, 0.00,"6,164",
111/06/24,"27,103,829","634,058,236",23.35,23.45,23.30,23.45,+0.35,"6,706",
111/06/27,"54,169,327","1,267,106,552",23.55,23.60,23.30,23.30,-0.15,"13,197",
111/06/28,"95,641,083","2,031,110,799",20.85,21.35,20.85,20.90,X0.00,"27,831",
111/06/29,"48,331,678","988,463,771",20.90,20.95,20.25,20.25,-0.65,"20,855",
111/06/30,"50,120,297","995,985,920",20.30,20.30,19.70,19.70,-0.55,"17,692",
111/07/01,"27,056,551","533,061,615",19.65,19.95,19.55,19.60,-0.10,"9,792",
111/07/04,"16,348,532","322,088,390",19.80,20.00,19.50,19.65,+0.05,"5,566",
111/07/05,"20,295,526","407,141,160",20.00,20.20,19.90,20.10,+0.45,"5,654",
111/07/06,"26,694,990","523,094,834",20.10,20.15,19.40,19.40,-0.70,"11,052",
111/07/07,"29,758,009","587,264,844",19.55,20.00,19.30,19.85,+0.45,"6,970",
111/07/08,"19,340,150","383,589,684",19.85,20.00,19.65,19.80,-0.05,"5,934",
111/07/11,"11,641,513","228,430,632",19.80,19.85,19.50,19.50,-0.30,"5,526",
111/07/12,"25,154,032","480,292,862",19.35,19.35,18.95,19.10,-0.40,"9,036",
111/07/13,"29,597,461","582,394,127",19.35,19.90,19.35,19.75,+0.65,"7,022",
111/07/14,"12,613,398","247,528,846",19.65,19.75,19.55,19.55,-0.20,"5,027",
111/07/15,"42,569,240","807,401,966",19.50,19.50,18.70,18.80,-0.75,"18,029",
111/07/18,"27,396,767","523,458,342",18.90,19.30,18.80,19.15,+0.35,"6,553",
111/07/19,"22,286,793","426,128,887",19.10,19.25,19.00,19.20,+0.05,"6,600",
111/07/20,"25,395,480","490,630,226",19.40,19.60,19.15,19.25,+0.05,"8,261",
111/07/21,"19,241,251","371,566,808",19.25,19.45,19.05,19.40,+0.15,"5,575",
111/07/22,"25,137,039","492,564,726",19.45,19.75,19.30,19.70,+0.30,"7,078",
111/07/25,"15,408,154","306,476,514",19.75,20.05,19.65,19.85,+0.15,"5,367",
111/07/26,"10,131,599","202,359,313",19.90,20.00,19.75,19.90,+0.05,"3,859",
111/07/27,"7,025,883","139,521,056",19.90,19.95,19.75,19.95,+0.05,"3,565",
111/07/28,"12,301,161","246,387,204",20.00,20.10,19.90,20.10,+0.15,"5,108",
111/07/29,"16,742,771","336,781,605",20.25,20.35,20.00,20.00,-0.10,"6,069",
111/08/01,"11,786,302","237,772,178",20.10,20.30,19.90,20.30,+0.30,"4,029",
111/08/02,"16,641,281","339,059,272",20.10,20.30,19.95,20.15,-0.15,"4,641",
111/08/03,"10,235,627","205,488,912",20.05,20.15,19.95,20.15, 0.00,"3,751",
111/08/04,"13,499,480","272,461,983",20.10,20.30,20.00,20.20,+0.05,"4,831",
111/08/05,"21,995,949","452,220,952",20.30,20.70,20.30,20.70,+0.50,"6,743",
111/08/08,"17,952,089","371,117,023",20.55,20.80,20.40,20.80,+0.10,"5,856",
111/08/09,"18,510,819","382,965,346",20.80,20.80,20.60,20.65,-0.15,"6,119",
111/08/10,"21,246,010","440,105,800",20.65,20.90,20.55,20.75,+0.10,"5,701",
111/08/11,"29,141,911","614,715,600",21.00,21.20,20.95,21.20,+0.45,"9,391",
111/08/12,"21,838,996","450,440,451",20.75,20.80,20.55,20.55,X0.00,"7,531",
111/08/15,"11,911,831","246,561,108",20.70,20.80,20.60,20.70,+0.15,"4,009",
111/08/16,"15,690,445","326,964,122",20.80,21.00,20.70,20.90,+0.20,"4,260",
111/08/17,"22,004,566","460,345,085",20.95,21.05,20.80,21.00,+0.10,"11,298",
111/08/18,"10,640,719","221,332,528",20.90,20.95,20.70,20.80,-0.20,"3,393",
111/08/19,"15,859,655","328,598,266",20.80,20.85,20.60,20.80, 0.00,"5,536",
111/08/22,"14,581,486","300,758,258",20.65,20.70,20.55,20.60,-0.20,"4,908",
111/08/23,"19,535,147","396,538,795",20.50,20.50,20.20,20.20,-0.40,"8,814",
111/08/24,"13,036,458","263,390,353",20.25,20.40,20.05,20.25,+0.05,"5,154",
111/08/25,"10,705,577","217,364,175",20.30,20.40,20.20,20.35,+0.10,"3,699",
111/08/26,"10,114,519","206,352,354",20.45,20.50,20.35,20.40,+0.05,"3,484",
111/08/29,"14,383,058","289,393,748",20.00,20.25,20.00,20.15,-0.25,"5,394",
111/08/30,"16,115,820","324,974,262",20.15,20.30,20.05,20.20,+0.05,"5,135",
111/08/31,"13,101,082","265,749,712",20.15,20.35,20.10,20.30,+0.10,"2,943",
111/09/01,"17,364,218","348,523,783",20.10,20.20,20.00,20.05,-0.25,"6,231",
111/09/02,"14,518,751","291,299,591",20.10,20.20,20.00,20.00,-0.05,"4,903",
111/09/05,"12,251,147","248,326,792",20.15,20.40,20.05,20.30,+0.30,"3,861",
111/09/06,"23,693,971","490,861,609",20.45,20.90,20.40,20.85,+0.55,"7,767",
111/09/07,"25,387,702","519,556,238",20.80,20.80,20.30,20.35,-0.50,"8,596",
111/09/08,"15,841,982","324,757,232",20.50,20.60,20.35,20.60,+0.25,"4,211",
111/09/12,"32,686,833","683,046,703",20.85,21.10,20.70,20.90,+0.30,"6,517",
111/09/13,"20,810,485","430,374,112",20.95,20.95,20.55,20.60,-0.30,"8,637",
111/09/14,"21,796,561","441,475,767",20.25,20.35,20.10,20.20,-0.40,"9,116",
111/09/15,"17,694,264","357,995,256",20.25,20.30,20.15,20.25,+0.05,"5,076",
111/09/16,"35,659,341","716,898,173",20.15,20.20,20.05,20.10,-0.15,"9,053",
111/09/19,"14,031,776","283,088,205",20.20,20.25,20.10,20.15,+0.05,"3,771",
111/09/20,"15,555,715","317,575,087",20.30,20.55,20.25,20.50,+0.35,"4,288",
111/09/21,"19,099,868","387,800,111",20.50,20.50,20.15,20.25,-0.25,"6,559",
111/09/22,"20,524,397","411,851,895",20.10,20.15,20.00,20.05,-0.20,"6,027",
111/09/23,"7,608,671","153,084,188",20.05,20.20,20.00,20.15,+0.10,"3,048",
111/09/26,"17,211,584","343,701,499",20.05,20.05,19.90,19.90,-0.25,"8,769",
111/09/27,"21,692,796","430,998,320",19.90,20.10,19.75,19.85,-0.05,"9,367",
111/09/28,"21,066,313","413,329,792",19.90,20.05,19.45,19.55,-0.30,"10,189",
111/09/29,"20,299,901","398,374,136",19.80,19.90,19.45,19.70,+0.15,"8,068",
111/09/30,"19,388,861","378,385,494",19.60,19.60,19.40,19.55,-0.15,"5,616",
111/10/03,"13,604,095","263,204,812",19.45,19.55,19.25,19.30,-0.25,"6,118",
111/10/04,"18,074,326","349,944,657",19.45,19.60,19.25,19.35,+0.05,"7,090",
111/10/05,"19,032,630","371,485,286",19.40,19.65,19.40,19.55,+0.20,"5,091",
111/10/06,"19,567,907","384,012,371",19.60,19.75,19.50,19.70,+0.15,"5,132",
111/10/07,"9,944,259","194,270,004",19.60,19.60,19.50,19.50,-0.20,"4,733",
111/10/11,"25,292,193","483,522,664",19.25,19.30,19.00,19.10,-0.40,"9,675",
111/10/12,"16,244,004","312,528,061",19.10,19.40,19.00,19.35,+0.25,"4,633",
111/10/13,"20,562,979","392,836,788",19.35,19.35,19.00,19.05,-0.30,"6,520",
111/10/14,"16,742,235","320,214,719",19.15,19.30,19.05,19.10,+0.05,"4,972",
111/10/17,"15,450,506","293,714,563",19.15,19.15,18.85,19.10, 0.00,"6,216",
111/10/18,"9,008,102","172,911,064",19.15,19.30,19.10,19.20,+0.10,"2,901",
111/10/19,"16,121,029","308,519,802",19.20,19.35,19.00,19.00,-0.20,"5,898",
111/10/20,"22,428,528","425,792,849",18.80,19.25,18.75,19.05,+0.05,"5,976",
111/10/21,"18,287,431","354,782,070",19.15,19.55,19.00,19.45,+0.40,"5,284",
111/10/24,"16,070,791","314,237,090",19.65,19.75,19.35,19.55,+0.10,"3,976",
111/10/25,"15,892,883","309,233,178",19.60,19.60,19.30,19.55, 0.00,"4,058",
111/10/26,"13,267,081","261,212,108",19.55,19.80,19.40,19.75,+0.20,"4,401",
111/10/27,"12,537,694","247,842,034",19.80,19.90,19.65,19.70,-0.05,"3,848",
111/10/28,"11,913,707","234,123,565",19.75,19.85,19.50,19.60,-0.10,"3,448",
111/10/31,"10,388,912","205,060,065",19.80,19.85,19.60,19.70,+0.10,"3,285",
111/11/01,"15,029,117","300,027,695",19.75,20.10,19.70,20.05,+0.35,"4,135",
111/11/02,"12,357,015","248,045,511",20.10,20.20,19.95,20.20,+0.15,"3,674",
111/11/03,"14,847,241","297,056,549",19.90,20.10,19.90,20.05,-0.15,"3,096",
111/11/04,"14,610,057","292,161,821",20.00,20.15,19.90,20.05, 0.00,"3,501",
111/11/07,"11,065,687","222,779,342",20.10,20.25,20.00,20.20,+0.15,"3,864",
111/11/08,"15,624,530","316,326,228",20.20,20.35,20.15,20.30,+0.10,"3,996",
111/11/09,"18,873,679","384,886,839",20.35,20.50,20.20,20.50,+0.20,"5,199",
111/11/10,"11,581,330","235,708,474",20.50,20.50,20.25,20.40,-0.10,"3,430",
111/11/11,"49,275,959","1,029,641,565",20.60,21.20,20.60,21.20,+0.80,"13,331",
111/11/14,"25,211,571","534,466,453",21.20,21.35,21.05,21.20, 0.00,"6,658",
111/11/15,"22,127,362","470,621,978",21.05,21.45,20.95,21.45,+0.25,"5,561",
111/11/16,"19,174,620","408,065,913",21.45,21.45,21.10,21.25,-0.20,"6,430",
111/11/17,"10,338,748","218,012,005",21.15,21.20,20.95,21.20,-0.05,"4,117",
111/11/18,"16,609,104","348,134,306",21.15,21.25,20.80,20.90,-0.30,"6,648",
111/11/21,"14,391,118","301,757,953",20.90,21.10,20.75,21.10,+0.20,"5,003",
111/11/22,"30,883,640","659,720,960",21.15,21.60,21.00,21.60,+0.50,"8,941",
111/11/23,"36,291,805","798,150,595",21.60,22.20,21.55,22.10,+0.50,"11,770",
111/11/24,"23,549,100","522,283,034",22.20,22.30,22.00,22.30,+0.20,"7,610",
111/11/25,"15,892,618","351,661,432",22.15,22.30,22.00,22.05,-0.25,"8,182",
111/11/28,"24,468,155","541,939,624",21.80,22.35,21.80,22.25,+0.20,"6,961",
111/11/29,"22,444,893","502,500,528",22.40,22.50,22.15,22.50,+0.25,"6,145",
111/11/30,"32,484,024","731,655,661",22.50,22.60,22.30,22.60,+0.10,"8,305",
111/12/01,"20,449,457","463,947,293",22.70,22.80,22.60,22.60, 0.00,"6,520",
111/12/02,"14,720,741","329,864,787",22.50,22.55,22.30,22.45,-0.15,"6,562",
111/12/05,"24,200,007","548,158,814",22.45,22.75,22.40,22.60,+0.15,"7,627",
111/12/06,"23,257,007","523,819,136",22.40,22.70,22.35,22.50,-0.10,"6,639",
111/12/07,"19,385,224","437,030,564",22.35,22.65,22.30,22.60,+0.10,"5,169",
111/12/08,"25,339,944","563,412,973",22.40,22.40,22.05,22.30,-0.30,"7,462",
111/12/09,"15,013,930","336,828,035",22.30,22.55,22.25,22.40,+0.10,"4,640",
111/12/12,"15,584,074","348,431,229",22.55,22.55,22.25,22.40, 0.00,"5,570",
111/12/13,"26,148,389","579,754,229",22.30,22.50,22.05,22.10,-0.30,"8,576",
111/12/14,"17,730,197","394,824,692",22.25,22.40,22.05,22.30,+0.20,"5,295",
111/12/15,"15,307,618","343,205,003",22.15,22.55,22.15,22.45,+0.15,"5,058",
111/12/16,"63,379,793","1,413,167,567",22.15,22.60,22.10,22.15,-0.30,"11,495",
111/12/19,"51,999,962","1,149,720,080",22.05,22.30,22.00,22.10,-0.05,"7,411",
111/12/20,"54,856,145","1,199,920,223",22.00,22.15,21.75,21.80,-0.30,"10,539",
111/12/21,"48,512,534","1,058,877,144",21.80,21.95,21.70,21.80, 0.00,"7,772",
111/12/22,"47,876,189","1,049,606,755",21.90,22.00,21.65,22.00,+0.20,"8,090",
111/12/23,"10,785,999","234,932,220",21.75,21.90,21.70,21.80,-0.20,"4,011",
111/12/26,"4,466,360","97,685,712",21.90,21.90,21.80,21.90,+0.10,"2,187",
111/12/27,"7,530,056","165,474,262",21.90,22.10,21.85,21.95,+0.05,"2,725",
111/12/28,"6,927,009","151,753,755",21.85,22.00,21.80,21.95, 0.00,"2,999",
111/12/29,"13,595,704","294,800,819",21.75,21.85,21.60,21.65,-0.30,"4,596",
111/12/30,"6,097,918","132,745,380",21.70,21.90,21.70,21.70,+0.05,"2,164",
112/01/03,"14,404,633","310,697,613",21.60,21.70,21.40,21.65,-0.05,"5,724",
112/01/04,"8,236,818","179,087,731",21.65,21.90,21.60,21.80,+0.15,"3,130",
112/01/05,"9,584,281","210,214,315",21.85,22.00,21.80,21.95,+0.15,"3,188",
112/01/06,"10,337,634","226,289,480",22.00,22.00,21.80,21.90,-0.05,"4,554",
112/01/09,"24,530,510","546,862,567",22.15,22.50,22.05,22.50,+0.60,"6,987",
112/01/10,"13,607,526","305,894,935",22.45,22.60,22.35,22.60,+0.10,"4,150",
112/01/11,"12,736,208","286,550,041",22.60,22.65,22.40,22.45,-0.15,"4,373",
112/01/12,"13,140,583","295,979,444",22.55,22.60,22.40,22.55,+0.10,"4,117",
112/01/13,"10,864,380","244,643,356",22.45,22.65,22.45,22.50,-0.05,"3,905",
112/01/16,"20,033,079","454,797,168",22.60,22.80,22.50,22.70,+0.20,"6,731",
112/01/17,"18,019,489","408,265,031",22.70,22.75,22.55,22.70, 0.00,"5,301",
112/01/30,"52,476,996","1,207,922,554",23.10,23.15,22.90,23.05,+0.35,"11,831",
112/01/31,"28,366,142","642,489,899",23.00,23.00,22.50,22.50,-0.55,"7,485",
112/02/01,"14,158,674","320,906,163",22.60,22.75,22.50,22.75,+0.25,"4,424",
112/02/02,"20,519,321","465,656,248",22.65,22.85,22.40,22.80,+0.05,"6,608",
112/02/03,"9,463,535","215,082,968",22.65,22.80,22.60,22.75,-0.05,"4,065",
112/02/06,"13,914,061","315,806,783",22.55,22.85,22.55,22.70,-0.05,"4,805",
112/02/07,"11,308,351","257,343,423",22.70,22.85,22.60,22.75,+0.05,"3,825",
112/02/08,"10,171,583","230,823,657",22.65,22.80,22.60,22.65,-0.10,"4,145",
112/02/09,"9,747,298","221,295,571",22.60,22.85,22.55,22.70,+0.05,"2,741",
112/02/10,"9,849,946","224,163,038",22.65,22.85,22.60,22.80,+0.10,"3,863",
112/02/13,"10,488,222","238,793,858",22.70,22.85,22.60,22.80, 0.00,"3,550",
112/02/14,"10,907,701","248,297,567",22.90,22.90,22.70,22.80, 0.00,"4,647",
112/02/15,"7,226,425","163,616,185",22.70,22.75,22.60,22.60,-0.20,"4,371",
112/02/16,"9,378,649","213,699,900",22.70,22.85,22.65,22.75,+0.15,"3,467",
112/02/17,"7,871,487","178,934,219",22.70,22.85,22.65,22.75, 0.00,"3,228",
112/02/20,"10,408,513","237,846,591",22.75,22.95,22.75,22.90,+0.15,"4,045",
112/02/21,"8,307,970","188,979,737",22.90,22.90,22.65,22.75,-0.15,"3,895",
112/02/22,"12,376,932","281,232,970",22.60,22.90,22.50,22.75, 0.00,"4,685",
112/02/23,"9,812,836","224,114,528",22.80,22.90,22.75,22.85,+0.10,"3,532",
112/02/24,"24,139,456","548,387,832",22.85,22.90,22.60,22.75,-0.10,"5,443",
112/03/01,"26,638,835","597,263,863",22.55,22.65,22.30,22.40,-0.35,"12,640",
112/03/02,"20,790,554","465,391,963",22.40,22.60,22.25,22.50,+0.10,"7,738",
112/03/03,"7,099,118","160,046,484",22.50,22.60,22.45,22.55,+0.05,"3,423",
112/03/06,"8,878,989","201,632,055",22.65,22.80,22.55,22.70,+0.15,"4,234",
112/03/07,"11,989,487","273,974,450",22.70,22.90,22.70,22.90,+0.20,"5,393",
112/03/08,"9,812,839","223,759,348",22.80,22.90,22.75,22.80,-0.10,"3,883",
112/03/09,"11,409,566","258,908,222",22.75,22.85,22.60,22.65,-0.15,"4,481",
112/03/10,"21,946,612","490,157,348",22.45,22.50,22.20,22.30,-0.35,"11,381",
112/03/13,"13,386,843","298,509,465",22.10,22.45,22.05,22.35,+0.05,"5,662",
112/03/14,"28,965,953","634,495,675",22.05,22.10,21.60,21.95,-0.40,"13,403",
112/03/15,"11,618,493","255,956,991",22.00,22.10,21.95,22.05,+0.10,"5,147",
112/03/16,"19,485,873","422,252,799",21.80,21.85,21.60,21.70,-0.35,"10,535",
112/03/17,"19,997,525","436,084,938",21.70,21.85,21.70,21.85,+0.15,"5,558",
112/03/20,"11,198,869","243,571,595",21.90,21.90,21.65,21.80,-0.05,"4,842",
112/03/21,"11,501,743","252,792,997",21.85,22.15,21.80,21.95,+0.15,"5,106",
112/03/22,"11,798,161","260,668,048",22.10,22.15,22.00,22.10,+0.15,"4,588",
112/03/23,"11,578,927","256,640,276",22.10,22.30,22.00,22.25,+0.15,"4,007",
112/03/24,"9,115,003","202,352,055",22.25,22.30,22.10,22.20,-0.05,"3,518",
112/03/27,"10,798,330","239,172,088",22.20,22.25,22.05,22.15,-0.05,"4,299",
112/03/28,"7,778,345","173,088,430",22.20,22.30,22.15,22.30,+0.15,"3,046",
112/03/29,"9,408,215","209,908,303",22.15,22.40,22.15,22.40,+0.10,"3,884",
112/03/30,"13,332,615","297,011,695",22.40,22.45,22.20,22.30,-0.10,"5,598",
112/03/31,"12,306,854","275,156,954",22.40,22.45,22.30,22.35,+0.05,"3,610",
112/04/06,"13,635,582","304,793,628",22.20,22.45,22.20,22.40,+0.05,"5,496",
112/04/07,"4,616,870","103,177,211",22.40,22.40,22.25,22.40, 0.00,"3,113",
112/04/10,"4,924,884","110,376,821",22.40,22.45,22.35,22.45,+0.05,"2,855",
112/04/11,"14,814,270","333,108,314",22.45,22.55,22.40,22.55,+0.10,"3,786",
112/04/12,"9,369,297","211,250,481",22.60,22.60,22.45,22.55, 0.00,"3,221",
112/04/13,"10,744,028","241,972,610",22.55,22.60,22.50,22.55, 0.00,"4,149",
112/04/14,"14,329,373","323,390,714",22.50,22.65,22.45,22.65,+0.10,"6,202",
112/04/17,"13,698,195","307,752,890",22.60,22.65,22.35,22.50,-0.15,"6,165",
112/04/18,"8,020,970","180,535,278",22.50,22.60,22.40,22.50, 0.00,"2,682",
112/04/19,"9,140,117","205,219,321",22.55,22.55,22.35,22.45,-0.05,"3,841",
112/04/20,"8,457,702","188,813,373",22.40,22.40,22.25,22.30,-0.15,"3,961",
112/04/21,"9,673,076","216,799,531",22.40,22.50,22.30,22.45,+0.15,"3,675",
112/04/24,"5,329,878","119,300,889",22.40,22.45,22.30,22.40,-0.05,"2,697",
112/04/25,"9,098,940","203,876,640",22.40,22.55,22.30,22.40, 0.00,"3,448",
112/04/26,"10,994,263","246,242,941",22.35,22.55,22.30,22.45,+0.05,"3,713",
112/04/27,"10,312,435","230,966,357",22.35,22.50,22.25,22.45, 0.00,"3,774",
112/04/28,"10,754,199","242,430,240",22.55,22.60,22.45,22.60,+0.15,"3,194",
112/05/02,"7,347,696","166,384,845",22.60,22.70,22.55,22.70,+0.10,"3,463",
112/05/03,"7,014,831","159,191,031",22.70,22.75,22.60,22.75,+0.05,"3,213",
112/05/04,"9,996,929","228,457,073",22.75,22.90,22.70,22.90,+0.15,"3,989",
112/05/05,"5,341,833","121,974,097",22.90,22.90,22.75,22.85,-0.05,"5,961",
112/05/08,"16,422,389","377,454,973",22.90,23.10,22.80,23.00,+0.15,"10,103",
112/05/09,"5,895,593","135,290,756",23.00,23.00,22.85,23.00, 0.00,"3,970",
112/05/10,"8,044,918","184,689,327",23.00,23.00,22.85,23.00, 0.00,"4,319",
112/05/11,"8,324,591","190,690,634",22.90,23.00,22.85,22.90,-0.10,"3,933",
112/05/12,"9,939,712","225,419,845",22.80,22.85,22.60,22.65,-0.25,"4,182",
112/05/15,"9,660,135","219,907,677",22.55,22.90,22.55,22.80,+0.15,"3,764",
112/05/16,"7,312,980","167,651,819",22.90,22.95,22.85,22.95,+0.15,"3,716",
112/05/17,"17,483,828","403,393,679",22.95,23.15,22.90,23.10,+0.15,"5,342",
112/05/18,"17,233,372","401,567,935",23.20,23.40,23.15,23.40,+0.30,"6,160",
112/05/19,"17,397,632","407,104,569",23.40,23.45,23.25,23.45,+0.05,"6,379",
112/05/22,"13,709,533","321,217,410",23.45,23.50,23.30,23.45, 0.00,"4,596",
112/05/23,"18,090,964","426,246,948",23.45,23.65,23.35,23.65,+0.20,"6,864",
112/05/24,"8,643,588","203,045,938",23.50,23.55,23.40,23.55,-0.10,"4,234",
112/05/25,"10,118,900","235,908,916",23.40,23.40,23.25,23.25,-0.30,"5,825",
112/05/26,"15,728,883","368,047,844",23.15,23.55,23.05,23.50,+0.25,"5,417",
112/05/29,"12,523,357","295,680,715",23.55,23.70,23.50,23.55,+0.05,"4,495",
112/05/30,"17,735,994","420,523,556",23.65,23.80,23.55,23.70,+0.15,"7,364",
112/05/31,"33,913,410","807,358,150",23.75,23.85,23.60,23.85,+0.15,"5,124",
112/06/01,"15,009,327","356,285,541",23.80,23.85,23.60,23.65,-0.20,"7,973",
112/06/02,"18,139,596","432,623,682",23.70,23.90,23.65,23.85,+0.20,"7,162",
112/06/05,"29,494,963","708,406,887",23.90,24.15,23.85,24.00,+0.15,"6,726",
112/06/06,"21,803,410","526,850,446",24.00,24.30,23.95,24.20,+0.20,"5,156",
112/06/07,"21,794,597","533,355,048",24.25,24.60,24.25,24.60,+0.40,"8,009",
112/06/08,"23,627,993","579,405,391",24.50,24.65,24.40,24.50,-0.10,"7,852",
112/06/09,"13,526,447","332,048,484",24.50,24.60,24.50,24.60,+0.10,"4,745",
112/06/12,"20,808,018","510,069,782",24.55,24.60,24.45,24.55,-0.05,"7,217",
112/06/13,"21,550,003","525,466,400",24.50,24.50,24.35,24.35,-0.20,"10,964",
112/06/14,"22,092,856","539,324,068",24.35,24.55,24.25,24.40,+0.05,"8,286",
112/06/15,"25,838,985","631,649,251",24.40,24.55,24.25,24.50,+0.10,"8,015",
112/06/16,"26,958,079","656,488,467",24.50,24.50,24.30,24.35,-0.15,"5,280",
112/06/19,"17,182,910","419,114,017",24.25,24.50,24.20,24.40,+0.05,"3,905",
112/06/20,"25,800,245","628,906,056",24.45,24.60,24.25,24.25,-0.15,"5,626",
112/06/21,"24,688,957","602,211,710",24.25,24.40,24.20,24.35,+0.10,"5,020",
112/06/26,"14,687,457","356,834,008",24.35,24.35,24.25,24.30,-0.05,"3,588",
112/06/27,"16,457,769","397,868,348",24.25,24.30,24.05,24.20,-0.10,"6,068",
112/06/28,"26,663,603","643,392,409",24.15,24.20,24.05,24.10,-0.10,"6,244",
112/06/29,"22,237,596","521,258,274",23.50,23.65,23.30,23.30,X0.00,"8,282",
112/06/30,"25,473,492","589,346,308",23.25,23.30,23.05,23.10,-0.20,"7,452",
112/07/03,"9,301,497","215,875,006",23.10,23.30,23.05,23.20,+0.10,"3,479",
112/07/04,"14,040,249","324,587,229",23.20,23.20,23.05,23.05,-0.15,"4,702",
112/07/05,"11,277,309","261,215,799",23.05,23.25,23.00,23.15,+0.10,"3,763",
112/07/06,"33,282,604","760,381,495",23.10,23.15,22.60,22.70,-0.45,"13,143",
112/07/07,"18,732,791","423,081,331",22.60,22.80,22.35,22.65,-0.05,"5,740",
112/07/10,"22,622,784","520,493,768",22.95,23.20,22.85,23.00,+0.35,"6,360",
112/07/11,"17,580,292","409,751,637",23.10,23.45,23.10,23.30,+0.30,"5,045",
112/07/12,"18,411,035","431,388,390",23.30,23.55,23.25,23.45,+0.15,"4,140",
112/07/13,"21,195,758","497,189,676",23.60,23.65,23.30,23.30,-0.15,"5,191",
112/07/14,"22,463,905","529,274,251",23.40,23.75,23.35,23.75,+0.45,"5,311",
112/07/17,"20,169,422","482,964,590",23.65,24.10,23.65,23.95,+0.20,"6,120",
112/07/18,"13,327,593","320,135,648",24.00,24.10,23.90,24.10,+0.15,"4,559",
112/07/19,"19,786,256","477,974,454",24.10,24.35,23.95,24.10, 0.00,"6,766",
112/07/20,"26,188,402","637,287,390",24.10,24.45,24.05,24.45,+0.35,"6,878",
112/07/21,"16,001,208","390,628,062",24.30,24.50,24.20,24.40,-0.05,"4,463",
112/07/24,"16,032,740","387,506,190",24.35,24.40,24.00,24.10,-0.30,"5,434",
112/07/25,"8,119,470","196,944,781",24.40,24.40,24.20,24.25,+0.15,"2,754",
112/07/26,"12,993,074","317,775,108",24.25,24.55,24.25,24.55,+0.30,"5,033",
112/07/27,"14,614,190","359,922,452",24.55,24.70,24.55,24.70,+0.15,"5,474",
112/07/28,"18,133,934","442,719,338",24.55,24.65,24.30,24.40,-0.30,"8,007",
112/07/31,"19,580,810","479,089,041",24.55,24.80,24.35,24.40, 0.00,"4,883",
112/08/01,"26,027,823","644,238,870",24.60,25.00,24.50,24.90,+0.50,"9,860",
112/08/02,"22,883,925","559,735,508",24.70,24.75,24.25,24.45,-0.45,"9,368",
112/08/04,"18,719,633","455,324,015",24.45,24.55,24.20,24.35,-0.10,"5,481",
112/08/07,"16,464,180","403,757,925",24.35,24.70,24.30,24.70,+0.35,"5,921",
112/08/08,"42,444,556","1,066,872,493",24.90,25.40,24.90,25.10,+0.40,"12,954",
112/08/09,"15,715,900","394,286,589",25.15,25.25,24.95,25.15,+0.05,"6,937",
112/08/10,"24,039,161","605,502,041",25.15,25.30,25.00,25.30,+0.15,"6,864",
112/08/11,"16,883,467","418,385,894",25.10,25.15,24.60,24.75,X0.00,"7,160",
112/08/14,"20,484,704","498,631,977",24.70,24.70,24.20,24.30,-0.45,"7,768",
112/08/15,"12,761,774","308,820,954",24.40,24.45,24.10,24.20,-0.10,"4,575",
112/08/16,"29,452,079","703,976,884",24.05,24.10,23.80,23.85,-0.35,"8,914",
112/08/17,"23,279,892","549,698,826",23.60,23.90,23.30,23.75,-0.10,"8,033",
112/08/18,"16,918,253","405,158,732",23.90,24.15,23.80,23.95,+0.20,"4,322",
112/08/21,"14,105,227","337,546,297",24.00,24.15,23.80,23.90,-0.05,"7,867",
112/08/22,"8,173,485","195,138,890",23.95,24.05,23.75,23.85,-0.05,"3,398",
112/08/23,"10,437,119","251,766,388",23.80,24.25,23.80,24.20,+0.35,"3,887",
112/08/24,"13,336,943","324,527,656",24.20,24.50,24.15,24.45,+0.25,"4,303",
112/08/25,"12,191,033","297,839,749",24.25,24.55,24.20,24.40,-0.05,"3,727",
112/08/28,"9,428,238","229,598,320",24.40,24.45,24.25,24.40, 0.00,"3,282",
112/08/29,"16,375,664","401,738,432",24.40,24.65,24.30,24.65,+0.25,"4,470",
112/08/30,"12,794,016","316,828,314",24.70,24.80,24.65,24.80,+0.15,"3,864",
112/08/31,"24,897,746","608,836,962",24.85,24.85,24.40,24.40,-0.40,"4,383",
112/09/01,"7,082,948","174,819,004",24.55,24.75,24.55,24.75,+0.35,"3,106",
112/09/04,"5,275,831","129,494,374",24.60,24.65,24.45,24.50,-0.25,"3,673",
112/09/05,"11,988,500","291,181,778",24.45,24.50,24.20,24.20,-0.30,"6,220",
112/09/06,"14,734,483","357,690,936",24.30,24.45,24.10,24.25,+0.05,"5,428",
112/09/07,"25,654,526","633,881,156",24.50,24.95,24.40,24.70,+0.45,"7,690",
112/09/08,"14,746,877","363,084,850",24.65,24.70,24.50,24.65,-0.05,"4,560",
112/09/11,"6,625,318","163,038,587",24.65,24.70,24.50,24.70,+0.05,"3,173",
112/09/12,"12,376,910","306,283,270",24.70,24.80,24.60,24.80,+0.10,"3,931",
112/09/13,"15,368,671","382,581,740",24.85,25.00,24.75,25.00,+0.20,"4,817",
112/09/14,"16,524,531","415,222,387",25.00,25.20,24.95,25.20,+0.20,"6,171",
112/09/15,"27,684,678","700,257,092",25.20,25.35,25.10,25.35,+0.15,"5,256",
112/09/18,"16,153,790","410,263,201",25.35,25.50,25.25,25.40,+0.05,"5,210",
112/09/19,"21,622,334","554,489,275",25.45,25.75,25.40,25.75,+0.35,"7,302",
112/09/20,"17,633,379","448,415,254",25.75,25.75,25.35,25.40,-0.35,"10,798",
112/09/21,"21,207,579","531,215,468",25.30,25.35,24.85,25.00,-0.40,"9,798",
112/09/22,"14,057,531","350,056,033",24.80,25.10,24.65,25.10,+0.10,"4,515",
112/09/25,"7,893,164","198,303,387",25.10,25.25,24.95,25.20,+0.10,"3,115",
112/09/26,"11,449,356","286,551,001",25.05,25.20,24.90,25.00,-0.20,"4,954",
112/09/27,"15,150,983","380,109,440",24.90,25.20,24.85,25.15,+0.15,"4,486",
112/09/28,"10,738,707","269,862,624",25.10,25.30,25.00,25.05,-0.10,"3,319",
112/10/02,"6,574,348","164,276,297",25.10,25.15,24.90,24.95,-0.10,"4,973",
112/10/03,"11,299,695","279,290,826",24.80,24.80,24.55,24.65,-0.30,"6,834",
112/10/04,"21,094,988","512,569,953",24.40,24.50,24.20,24.25,-0.40,"9,600",
112/10/05,"8,627,152","211,594,449",24.30,24.60,24.25,24.55,+0.30,"3,801",
112/10/06,"6,518,484","161,400,453",24.60,24.85,24.60,24.80,+0.25,"2,869",
112/10/11,"30,034,906","759,797,623",25.00,25.50,25.00,25.50,+0.70,"10,773",
112/10/12,"18,210,702","464,839,866",25.50,25.65,25.25,25.65,+0.15,"7,172",
112/10/13,"13,444,542","342,358,207",25.45,25.55,25.25,25.45,-0.20,"5,952",
112/10/16,"12,917,131","329,323,112",25.40,25.55,25.35,25.55,+0.10,"4,637",
112/10/17,"15,883,160","404,328,605",25.55,25.60,25.30,25.30,-0.25,"6,119",
112/10/18,"31,029,823","791,240,539",25.55,25.55,25.30,25.55,+0.25,"5,196",
112/10/19,"21,254,686","533,864,065",25.30,25.40,25.00,25.10,-0.45,"7,536",
112/10/20,"28,301,528","696,471,569",24.65,24.85,24.35,24.75,-0.35,"10,357",
112/10/23,"14,907,850","364,189,149",24.60,24.65,24.30,24.40,-0.35,"6,506",
112/10/24,"10,200,951","248,809,343",24.40,24.60,24.25,24.45,+0.05,"4,606",
112/10/25,"10,575,450","260,537,048",24.60,24.75,24.55,24.60,+0.15,"4,115",
112/10/26,"16,690,548","406,971,518",24.35,24.60,24.20,24.35,-0.25,"4,843",
112/10/27,"10,378,791","253,417,039",24.40,24.50,24.35,24.40,+0.05,"4,010",
112/10/30,"19,448,031","468,957,006",24.20,24.40,24.00,24.10,-0.30,"8,571",
112/10/31,"13,454,034","326,466,703",24.10,24.35,24.10,24.30,+0.20,"3,407",
112/11/01,"9,613,703","234,524,667",24.35,24.50,24.20,24.40,+0.10,"3,731",
112/11/02,"9,340,652","229,465,958",24.60,24.65,24.45,24.50,+0.10,"3,901",
112/11/03,"13,355,058","330,858,894",24.65,24.95,24.60,24.95,+0.45,"3,910",
112/11/06,"25,407,040","632,565,290",25.05,25.10,24.80,24.90,-0.05,"9,501",
112/11/07,"6,716,914","167,917,561",24.85,25.05,24.85,25.05,+0.15,"3,121",
112/11/08,"6,741,275","168,413,692",25.05,25.05,24.90,25.00,-0.05,"2,835",
112/11/09,"6,031,469","150,652,541",25.00,25.05,24.90,25.00, 0.00,"2,205",
112/11/10,"4,332,765","108,120,354",24.80,25.00,24.80,25.00, 0.00,"2,187",
112/11/13,"9,108,624","227,183,231",25.00,25.05,24.80,25.00, 0.00,"3,509",
112/11/14,"9,434,143","236,288,053",25.05,25.10,25.00,25.05,+0.05,"3,826",
112/11/15,"23,990,525","607,315,064",25.35,25.40,25.20,25.30,+0.25,"6,803",
112/11/16,"17,808,581","452,369,332",25.40,25.50,25.30,25.45,+0.15,"6,213",
112/11/17,"12,559,992","319,198,162",25.35,25.45,25.35,25.35,-0.10,"5,018",
112/11/20,"9,071,185","229,684,244",25.35,25.40,25.20,25.35, 0.00,"4,041",
112/11/21,"24,440,130","626,380,540",25.50,25.70,25.40,25.70,+0.35,"9,348",
112/11/22,"6,385,350","163,513,141",25.60,25.70,25.55,25.60,-0.10,"3,059",
112/11/23,"6,927,339","177,516,573",25.70,25.70,25.50,25.70,+0.10,"3,756",
112/11/24,"11,161,307","287,466,899",25.70,25.80,25.65,25.80,+0.10,"5,594",
112/11/27,"15,955,839","413,591,352",25.85,26.05,25.75,25.85,+0.05,"6,218",
112/11/28,"19,022,323","495,156,080",25.90,26.10,25.85,26.10,+0.25,"7,073",
112/11/29,"16,141,041","420,372,944",26.05,26.10,25.95,25.95,-0.15,"5,830",
112/11/30,"23,562,108","612,838,912",26.10,26.10,25.90,26.00,+0.05,"4,735",
112/12/01,"12,200,861","318,122,213",26.00,26.20,25.90,26.10,+0.10,"5,274",
112/12/04,"18,587,670","489,288,564",26.20,26.40,26.10,26.35,+0.25,"7,007",
112/12/05,"17,920,819","472,295,626",26.30,26.40,26.15,26.40,+0.05,"6,702",
112/12/06,"15,180,825","401,528,558",26.45,26.50,26.35,26.45,+0.05,"5,921",
112/12/07,"11,156,816","295,077,626",26.35,26.50,26.35,26.50,+0.05,"5,592",
112/12/08,"13,926,147","368,773,998",26.50,26.55,26.40,26.55,+0.05,"4,609",
112/12/11,"13,011,034","344,428,010",26.55,26.55,26.30,26.55, 0.00,"4,799",
112/12/12,"21,629,101","577,421,920",26.60,26.80,26.50,26.80,+0.25,"7,344",
112/12/13,"14,605,696","391,574,230",26.85,26.90,26.60,26.75,-0.05,"5,197",
112/12/14,"24,170,691","651,961,986",26.90,27.10,26.65,27.00,+0.25,"9,507",
112/12/15,"40,803,767","1,104,111,926",27.10,27.20,26.95,27.00, 0.00,"8,305",
112/12/18,"24,225,671","654,809,784",26.80,27.15,26.80,27.05,+0.05,"7,773",
112/12/19,"31,976,269","856,302,209",26.95,27.10,26.60,26.70,-0.35,"11,466",
112/12/20,"31,270,321","833,727,058",26.75,26.90,26.55,26.55,-0.15,"9,779",
112/12/21,"28,909,853","764,024,615",26.35,26.55,26.25,26.45,-0.10,"12,987",
112/12/22,"16,923,314","452,589,395",26.45,26.85,26.45,26.80,+0.35,"4,386",
112/12/25,"7,693,322","204,929,569",26.80,26.80,26.50,26.60,-0.20,"9,414",
112/12/26,"12,977,029","348,978,792",26.70,27.05,26.60,26.85,+0.25,"4,369",
112/12/27,"22,293,049","604,342,791",26.90,27.15,26.90,27.15,+0.30,"7,085",
112/12/28,"22,478,047","612,872,624",27.10,27.40,26.95,27.35,+0.20,"7,468",
112/12/29,"21,959,669","604,654,551",27.30,27.60,27.25,27.60,+0.25,"8,083",
113/01/02,"18,819,196","520,783,425",27.45,27.85,27.45,27.75,+0.15,"6,245",
113/01/03,"26,176,632","709,787,850",27.60,27.60,26.95,26.95,-0.80,"24,693",
113/01/04,"19,560,717","531,555,179",26.95,27.30,26.90,27.20,+0.25,"5,327",
113/01/05,"10,279,332","277,000,143",27.15,27.25,26.80,26.95,-0.25,"5,176",
113/01/08,"12,353,995","333,742,641",27.00,27.25,26.85,26.90,-0.05,"4,717",
113/01/09,"9,771,305","262,690,158",27.00,27.10,26.80,26.80,-0.10,"4,269",
113/01/10,"13,366,702","354,377,148",26.75,26.75,26.40,26.50,-0.30,"6,125",
113/01/11,"8,330,214","222,967,534",26.50,26.85,26.50,26.80,+0.30,"3,406",
113/01/12,"8,714,280","232,303,485",26.70,26.75,26.50,26.65,-0.15,"3,379",
113/01/15,"10,373,584","277,745,649",26.75,26.90,26.60,26.70,+0.05,"3,513",
113/01/16,"23,636,371","620,855,964",26.30,26.45,26.10,26.25,-0.45,"8,847",
113/01/17,"27,519,378","715,601,371",26.15,26.20,25.80,25.80,-0.45,"11,249",
113/01/18,"15,486,605","399,768,856",25.70,26.00,25.70,25.80, 0.00,"6,746",
113/01/19,"15,650,648","407,959,006",25.75,26.25,25.75,26.20,+0.40,"5,710",
113/01/22,"15,269,700","402,232,255",26.25,26.50,26.25,26.35,+0.15,"4,257",
113/01/23,"7,205,267","190,747,684",26.50,26.55,26.35,26.55,+0.20,"3,017",
113/01/24,"6,148,148","163,369,449",26.55,26.65,26.50,26.60,+0.05,"3,767",
113/01/25,"8,630,482","230,181,729",26.70,26.75,26.50,26.75,+0.15,"3,117",
113/01/26,"12,114,687","325,116,363",26.75,26.95,26.60,26.95,+0.20,"4,185",
113/01/29,"10,518,098","284,158,713",26.85,27.10,26.80,27.10,+0.15,"3,663",
113/01/30,"14,072,067","378,118,518",27.10,27.10,26.75,26.85,-0.25,"5,415",
113/01/31,"13,893,244","374,631,274",26.75,27.05,26.75,27.05,+0.20,"3,770",
113/02/01,"12,214,867","330,075,811",27.05,27.10,26.90,27.05, 0.00,"5,076",
113/02/02,"9,861,617","264,643,330",26.95,26.95,26.75,26.90,-0.15,"4,305",
113/02/05,"17,033,784","458,785,612",26.65,27.05,26.60,27.00,+0.10,"5,326",
113/02/15,"21,404,385","576,767,671",26.90,27.05,26.80,27.00, 0.00,"6,902",
113/02/16,"9,040,527","244,602,959",27.00,27.15,26.95,27.15,+0.15,"4,042",
113/02/19,"13,179,280","360,068,359",27.20,27.45,27.10,27.45,+0.30,"4,983",
113/02/20,"23,937,530","662,650,316",27.50,27.85,27.30,27.85,+0.40,"9,849",
113/02/21,"23,169,721","634,452,857",27.50,27.65,27.25,27.35,-0.50,"9,361",
113/02/22,"13,237,974","363,260,517",27.45,27.55,27.30,27.55,+0.20,"3,816",
113/02/23,"11,559,496","316,202,595",27.50,27.55,27.20,27.30,-0.25,"4,893",
113/02/26,"13,236,967","360,162,018",27.20,27.30,27.10,27.10,-0.20,"4,842",
113/02/27,"15,377,432","418,508,166",27.05,27.30,27.05,27.20,+0.10,"5,883",
113/02/29,"25,599,669","700,357,293",27.10,27.45,27.05,27.45,+0.25,"5,856",
113/03/01,"10,744,624","288,355,855",27.35,27.40,27.20,27.30,-0.15,"4,258",
113/03/04,"11,934,261","325,581,214",27.10,27.35,27.10,27.35,+0.05,"5,032",
113/03/05,"10,432,321","285,038,860",27.15,27.45,27.15,27.30,-0.05,"4,037",
113/03/06,"18,522,732","508,689,926",27.40,27.55,27.30,27.50,+0.20,"5,585",
113/03/07,"39,895,372","1,112,869,149",27.30,28.10,27.30,28.10,+0.60,"11,224",
113/03/08,"35,056,874","995,517,302",28.05,28.55,28.05,28.45,+0.35,"10,540",
113/03/11,"19,622,697","566,693,262",28.55,28.75,28.45,28.55,+0.10,"6,398",
113/03/12,"18,529,474","533,400,599",28.60,28.90,28.60,28.90,+0.35,"6,597",
113/03/13,"39,033,088","1,143,544,310",28.90,29.50,28.90,29.50,+0.60,"12,214",
113/03/14,"66,574,509","2,008,219,521",29.60,30.70,29.55,30.30,+0.80,"23,191",
113/03/15,"45,591,493","1,371,279,210",30.00,30.20,29.80,30.20,-0.10,"13,989",
113/03/18,"30,984,785","911,989,439",30.00,30.10,29.20,29.35,-0.85,"24,948",
113/03/19,"22,260,250","650,659,967",29.30,29.35,29.10,29.20,-0.15,"7,934",
113/03/20,"23,761,271","691,702,227",29.25,29.40,28.85,28.90,-0.30,"8,990",
113/03/21,"27,018,012","803,422,301",29.25,29.95,29.20,29.80,+0.90,"9,739",
113/03/22,"23,851,131","709,658,476",29.80,30.20,29.45,29.45,-0.35,"9,908",
113/03/25,"19,712,293","581,128,404",29.35,30.00,29.35,29.85,+0.40,"6,827",
113/03/26,"20,993,010","631,951,298",29.95,30.30,29.85,30.10,+0.25,"8,269",
113/03/27,"22,484,399","680,617,230",29.95,30.45,29.90,30.30,+0.20,"8,564",
113/03/28,"16,194,767","486,728,888",30.10,30.20,29.95,30.10,-0.20,"9,260",
113/03/29,"16,344,450","495,568,081",30.20,30.40,30.10,30.40,+0.30,"5,122",
113/04/01,"11,092,014","342,014,153",30.45,30.50,30.10,30.10,-0.30,"7,937",
113/04/02,"10,740,864","324,165,313",30.15,30.30,30.05,30.30,+0.20,"4,179",
113/04/03,"16,445,054","493,958,637",30.40,30.40,29.90,29.95,-0.35,"7,702",
113/04/08,"21,408,740","645,880,521",29.80,30.35,29.80,30.30,+0.35,"5,362",
113/04/09,"32,920,689","1,015,853,861",30.40,31.25,30.35,30.90,+0.60,"9,692",
113/04/10,"18,339,754","561,528,712",30.90,30.95,30.50,30.50,-0.40,"9,146",
113/04/11,"16,936,142","516,071,690",30.30,30.60,30.20,30.50, 0.00,"4,581",
113/04/12,"20,559,344","622,895,701",30.20,30.50,30.10,30.30,-0.20,"6,772",
113/04/15,"19,590,981","596,576,108",30.20,30.65,30.00,30.55,+0.25,"6,568",
113/04/16,"23,735,937","712,432,141",30.35,30.50,29.80,29.95,-0.60,"12,222",
113/04/17,"19,061,372","572,129,525",30.00,30.10,29.80,30.00,+0.05,"5,733",
113/04/18,"29,789,436","907,563,661",29.95,30.65,29.95,30.60,+0.60,"9,207",
113/04/19,"50,007,181","1,495,787,987",30.20,30.60,29.60,29.90,-0.70,"20,360",
113/04/22,"40,796,229","1,220,410,522",30.15,30.20,29.70,29.90, 0.00,"10,210",
113/04/23,"35,660,999","1,066,218,166",29.95,30.15,29.70,29.80,-0.10,"11,386",
113/04/24,"36,324,979","1,098,968,894",30.00,30.40,29.95,30.35,+0.55,"7,827",
113/04/25,"22,946,284","684,861,664",30.00,30.10,29.75,29.80,-0.55,"8,560",
113/04/26,"13,709,399","412,911,319",29.90,30.30,29.90,30.00,+0.20,"5,429",
113/04/29,"32,776,145","1,010,138,230",30.25,31.05,30.20,31.05,+1.05,"11,004",
113/04/30,"13,741,055","422,893,301",30.85,31.10,30.65,30.65,-0.40,"8,963",
113/05/02,"14,784,383","452,617,267",30.55,30.90,30.45,30.65, 0.00,"5,256",
113/05/03,"13,027,778","400,972,039",30.80,31.00,30.55,30.55,-0.10,"5,701",
113/05/06,"22,681,876","709,971,830",30.75,31.50,30.70,31.50,+0.95,"9,381",
113/05/07,"22,446,205","710,922,136",31.55,31.90,31.30,31.80,+0.30,"7,074",
113/05/08,"13,386,677","424,355,560",31.80,31.90,31.50,31.80, 0.00,"6,790",
113/05/09,"22,368,943","713,883,957",31.95,32.20,31.50,31.65,-0.15,"8,289",
113/05/10,"13,386,267","428,428,957",31.65,32.20,31.65,32.10,+0.45,"6,158",
113/05/13,"11,771,526","377,139,369",32.10,32.20,31.85,32.00,-0.10,"7,695",
113/05/14,"18,982,948","599,067,039",32.00,32.00,31.35,31.45,-0.55,"7,719",
113/05/15,"21,927,857","703,816,478",31.80,32.40,31.80,31.85,+0.40,"8,705",
113/05/16,"35,449,334","1,152,622,468",32.30,32.60,32.05,32.60,+0.75,"11,453",
113/05/17,"15,115,824","491,742,617",32.50,32.70,32.30,32.65,+0.05,"6,910",
113/05/20,"16,629,001","537,680,192",32.80,32.80,32.15,32.35,-0.30,"9,147",
113/05/21,"15,949,833","509,914,247",32.10,32.15,31.85,32.05,-0.30,"5,241",
113/05/22,"37,967,999","1,268,937,585",32.50,34.20,32.45,33.35,+1.30,"12,843",
113/05/23,"19,736,047","651,667,155",32.95,33.20,32.75,33.15,-0.20,"9,986",
113/05/24,"17,168,548","559,820,678",32.85,32.90,32.50,32.50,-0.65,"10,183",
113/05/27,"12,441,993","405,993,826",32.50,32.80,32.15,32.70,+0.20,"4,798",
113/05/28,"15,716,053","517,791,317",32.75,33.10,32.65,32.85,+0.15,"5,811",
113/05/29,"23,303,671","749,326,442",32.85,32.90,31.85,31.85,-1.00,"12,322",
113/05/30,"31,506,887","994,727,370",31.60,31.95,31.25,31.45,-0.40,"9,867",
113/05/31,"37,358,262","1,180,848,133",31.55,31.90,31.40,31.65,+0.20,"7,538",
113/06/03,"10,298,862","326,085,868",31.65,31.75,31.40,31.75,+0.10,"6,143",
113/06/04,"14,718,468","461,333,271",31.45,31.50,31.15,31.45,-0.30,"6,582",
113/06/05,"14,535,715","456,779,020",31.35,31.65,31.30,31.30,-0.15,"4,763",
113/06/06,"10,646,084","336,496,306",31.30,31.80,31.30,31.70,+0.40,"4,541",
113/06/07,"11,773,110","375,283,921",31.75,32.10,31.70,31.80,+0.10,"5,117",
113/06/11,"15,546,674","494,726,772",32.00,32.15,31.55,31.60,-0.20,"6,050",
113/06/12,"13,244,838","416,839,775",31.60,31.80,31.35,31.45,-0.15,"5,589",
113/06/13,"16,214,875","518,799,329",31.80,32.15,31.65,32.00,+0.55,"6,701",
113/06/14,"11,997,314","384,198,656",32.15,32.20,31.85,32.00, 0.00,"7,114",
113/06/17,"12,763,194","412,341,574",32.00,32.45,31.95,32.30,+0.30,"6,909",
113/06/18,"13,744,396","449,480,771",32.50,32.90,32.35,32.90,+0.60,"7,023",
113/06/19,"27,607,571","925,601,056",32.95,33.80,32.95,33.75,+0.85,"15,297",
113/06/20,"40,927,589","1,398,175,490",33.90,34.35,33.85,34.35,+0.60,"12,013",
113/06/21,"31,411,258","1,072,910,963",34.30,34.35,33.90,34.15,-0.20,"6,256",
113/06/24,"30,040,935","1,030,679,094",34.00,34.50,33.85,34.50,+0.35,"10,015",
113/06/25,"36,275,276","1,241,983,745",34.60,34.60,33.95,34.40,-0.10,"7,489",
113/06/26,"43,013,520","1,458,162,082",34.35,34.35,33.65,33.80,-0.60,"13,217",
113/06/27,"95,906,681","3,024,740,913",32.20,32.45,31.20,31.75,X0.00,"34,878",
113/06/28,"37,883,280","1,210,391,447",31.75,32.15,31.55,32.05,+0.30,"12,024",
113/07/01,"18,517,447","593,476,430",32.05,32.35,31.85,32.00,-0.05,"8,266",
113/07/02,"21,683,756","694,406,529",31.80,32.15,31.75,32.10,+0.10,"5,594",
113/07/03,"30,355,871","986,097,125",32.05,32.80,32.00,32.70,+0.60,"9,333",
113/07/04,"22,854,024","756,679,438",32.90,33.35,32.80,33.10,+0.40,"8,330",
113/07/05,"9,725,455","320,936,057",33.00,33.10,32.90,33.00,-0.10,"3,814",
113/07/08,"15,836,333","524,804,629",33.00,33.35,32.80,33.20,+0.20,"6,443",
113/07/09,"13,914,349","460,208,407",33.20,33.40,32.85,33.00,-0.20,"4,990",
113/07/10,"17,122,387","572,620,736",33.00,33.55,33.00,33.55,+0.55,"5,238",
113/07/11,"19,070,334","642,650,009",33.65,34.10,33.40,33.65,+0.10,"7,563",
113/07/12,"17,398,078","585,194,125",33.40,33.90,33.35,33.75,+0.10,"6,385",
113/07/15,"25,822,948","851,756,755",33.70,33.70,32.75,32.90,-0.85,"11,287",
113/07/16,"20,583,659","677,894,027",33.10,33.30,32.75,33.00,+0.10,"6,446",
113/07/17,"28,326,758","936,703,670",32.95,33.35,32.70,33.15,+0.15,"9,471",
113/07/18,"33,903,925","1,125,345,982",33.20,33.45,32.75,33.25,+0.10,"9,667",
113/07/19,"32,087,372","1,046,836,249",33.40,33.40,32.25,32.60,-0.65,"11,823",
113/07/22,"27,675,530","884,462,937",32.35,32.45,31.70,31.85,-0.75,"9,698",
113/07/23,"20,783,694","681,939,903",32.30,33.05,32.25,33.00,+1.15,"7,327",
113/07/26,"29,543,222","948,827,063",32.50,32.60,31.85,32.05,-0.95,"11,969",
113/07/29,"17,787,618","580,888,719",32.60,32.85,32.50,32.70,+0.65,"5,096",
113/07/30,"15,696,698","505,840,099",32.70,32.70,31.85,32.35,-0.35,"6,139",
113/07/31,"20,662,859","675,782,852",32.40,32.80,32.35,32.80,+0.45,"4,184",
113/08/01,"19,705,166","649,072,736",32.70,33.10,32.70,33.05,+0.25,"5,094",
113/08/02,"22,839,150","730,759,246",32.20,32.40,31.75,31.90,-1.15,"10,337",
113/08/05,"37,000,583","1,105,397,836",31.10,31.10,29.20,29.35,-2.55,"17,312",
113/08/06,"32,540,615","988,166,636",29.60,31.05,29.30,30.70,+1.35,"11,983",
113/08/07,"19,139,995","600,549,038",31.70,31.75,31.00,31.30,+0.60,"7,150",
113/08/08,"19,625,364","614,948,736",30.80,31.65,30.75,31.40,+0.10,"6,233",
113/08/09,"29,093,660","945,629,839",31.75,32.95,31.75,32.60,+1.20,"9,441",
113/08/12,"17,701,530","566,521,241",31.80,32.50,31.80,31.80,X0.00,"6,717",
113/08/13,"16,507,638","524,050,244",32.30,32.45,31.50,31.60,-0.20,"6,276",
113/08/14,"17,903,374","574,465,639",32.15,32.35,31.85,32.00,+0.40,"5,032",
113/08/15,"17,806,335","565,552,843",32.35,32.40,31.50,31.50,-0.50,"6,578",
113/08/16,"19,388,429","621,976,046",32.05,32.40,31.80,32.00,+0.50,"5,627",
113/08/19,"11,709,101","372,051,627",32.00,32.05,31.65,31.65,-0.35,"5,000",
113/08/20,"10,252,304","325,242,126",31.95,31.95,31.60,31.75,+0.10,"3,685",
113/08/21,"13,687,701","433,610,030",31.90,32.00,31.55,31.70,-0.05,"4,690",
113/08/22,"13,681,499","428,887,889",31.70,31.70,31.10,31.45,-0.25,"6,290",
113/08/23,"25,021,420","772,119,214",31.05,31.15,30.60,30.90,-0.55,"9,838",
113/08/26,"15,890,298","505,098,892",31.00,32.00,31.00,32.00,+1.10,"5,684",
113/08/27,"8,763,206","279,353,574",31.70,32.00,31.70,31.90,-0.10,"4,947",
113/08/28,"7,413,808","235,611,920",31.70,31.90,31.65,31.80,-0.10,"3,250",
113/08/29,"11,463,099","362,685,825",31.70,31.90,31.50,31.55,-0.25,"3,942",
113/08/30,"23,422,718","745,770,864",31.55,31.90,31.45,31.90,+0.35,"3,055",
113/09/02,"7,719,976","245,554,481",31.85,32.00,31.70,31.75,-0.15,"3,402",
113/09/03,"13,249,856","414,923,282",31.60,31.75,31.15,31.20,-0.55,"6,382",
113/09/04,"31,707,833","958,752,711",29.70,30.65,29.65,30.35,-0.85,"13,217",
113/09/05,"12,873,262","394,016,422",30.50,30.85,30.40,30.50,+0.15,"5,384",
113/09/06,"9,768,346","299,389,386",30.40,30.95,30.20,30.75,+0.25,"3,789",
113/09/09,"46,849,468","1,389,254,549",29.65,30.05,29.35,29.70,-1.05,"20,671",
113/09/10,"20,627,088","618,837,702",30.00,30.25,29.75,29.95,+0.25,"5,321",
113/09/11,"13,389,511","398,529,917",29.95,30.10,29.60,29.60,-0.35,"7,346",
113/09/12,"19,257,629","572,990,442",29.85,29.95,29.45,29.85,+0.25,"6,800",
113/09/13,"11,862,329","358,488,883",29.85,30.45,29.80,30.25,+0.40,"5,052",
113/09/16,"7,586,693","231,522,017",30.30,30.65,30.25,30.50,+0.25,"4,270",
113/09/18,"13,401,964","408,582,154",30.60,30.70,30.30,30.40,-0.10,"7,046",
113/09/19,"11,187,063","343,809,820",30.50,30.90,30.30,30.90,+0.50,"5,410",
113/09/20,"21,677,270","673,473,011",30.95,31.25,30.90,31.00,+0.10,"5,397",
113/09/23,"13,603,834","426,423,584",30.90,31.50,30.90,31.40,+0.40,"4,959",
113/09/24,"15,879,501","499,071,870",31.20,31.55,31.20,31.50,+0.10,"5,354",
113/09/25,"21,212,801","673,794,621",31.85,31.85,31.50,31.80,+0.30,"7,551",
113/09/26,"15,892,924","503,397,982",32.00,32.00,31.50,31.50,-0.30,"5,665",
113/09/27,"12,387,813","393,043,124",31.95,31.95,31.60,31.75,+0.25,"4,261",
113/09/30,"17,817,635","566,326,567",32.00,32.00,31.70,31.70,-0.05,"4,904",
113/10/01,"12,340,591","390,284,948",31.70,31.90,31.50,31.50,-0.20,"4,227",
113/10/04,"20,414,557","646,063,933",31.05,31.90,31.05,31.80,+0.30,"6,190",
113/10/07,"19,170,967","611,642,542",31.60,32.15,31.60,32.00,+0.20,"6,890",
113/10/08,"17,889,936","566,830,375",31.60,31.90,31.45,31.75,-0.25,"5,401",
113/10/09,"8,203,087","260,983,863",31.90,31.95,31.65,31.65,-0.10,"2,974",
113/10/11,"12,740,360","405,095,475",31.90,32.00,31.55,31.55,-0.10,"4,039",
113/10/14,"10,326,947","327,902,303",31.70,31.85,31.60,31.80,+0.25,"3,453",
113/10/15,"27,831,277","899,167,576",31.65,32.60,31.65,32.60,+0.80,"10,636",
113/10/16,"19,257,541","624,515,921",32.10,32.75,32.05,32.25,-0.35,"7,811",
113/10/17,"15,588,489","507,954,802",32.20,32.75,32.20,32.65,+0.40,"6,870",
113/10/18,"28,618,335","952,057,387",32.75,33.50,32.65,33.50,+0.85,"12,067",
113/10/21,"18,312,701","600,788,814",33.50,33.50,32.55,32.70,-0.80,"18,359",
113/10/22,"17,536,179","581,403,230",32.55,33.30,32.50,33.30,+0.60,"7,688",
113/10/23,"11,328,775","371,847,114",33.05,33.10,32.70,32.70,-0.60,"9,538",
113/10/24,"8,560,923","279,873,042",32.60,32.80,32.45,32.70, 0.00,"3,584",
113/10/25,"6,711,490","221,219,743",33.00,33.15,32.80,32.95,+0.25,"3,642",
113/10/28,"9,663,018","316,921,341",32.95,33.05,32.55,32.75,-0.20,"4,414",
113/10/29,"14,448,752","470,305,660",32.60,32.80,32.35,32.60,-0.15,"5,304",
113/10/30,"18,427,870","596,714,760",32.50,32.60,32.15,32.45,-0.15,"5,172",
113/11/01,"29,601,171","930,422,615",30.25,32.55,30.25,32.10,-0.35,"8,953",
113/11/04,"12,643,050","413,452,805",32.00,32.90,32.00,32.75,+0.65,"4,545",
113/11/05,"7,540,939","246,803,078",32.70,32.85,32.50,32.85,+0.10,"4,577",
113/11/06,"12,212,147","397,165,346",32.60,32.80,32.30,32.45,-0.40,"4,898",
113/11/07,"14,550,702","473,739,468",32.45,32.90,32.35,32.55,+0.10,"5,502",
113/11/08,"20,013,213","663,594,329",32.90,33.30,32.80,33.20,+0.65,"8,451",
113/11/11,"8,465,470","278,699,884",32.95,33.10,32.75,32.95,-0.25,"7,279",
113/11/12,"21,653,055","713,436,385",32.80,33.15,32.65,32.95, 0.00,"6,258",
113/11/13,"22,370,864","731,263,922",32.65,33.00,32.45,32.65,-0.30,"8,031",
113/11/14,"21,353,966","697,286,313",32.65,32.85,32.35,32.70,+0.05,"6,535",
113/11/15,"25,797,011","848,235,843",32.60,33.30,32.55,32.55,-0.15,"8,413",
113/11/18,"13,372,059","438,295,419",32.55,32.95,32.45,32.80,+0.25,"4,921",
113/11/19,"34,989,012","1,174,057,854",33.00,33.85,32.85,33.85,+1.05,"11,912",
113/11/20,"22,481,487","750,745,114",33.60,33.80,33.20,33.45,-0.40,"14,650",
113/11/21,"16,892,190","566,232,176",33.45,33.80,33.05,33.80,+0.35,"6,141",
113/11/22,"15,680,300","525,799,780",33.80,33.90,33.35,33.50,-0.30,"9,063",
113/11/25,"58,219,836","1,934,852,911",33.85,33.85,33.15,33.15,-0.35,"8,930",
113/11/26,"19,959,719","667,067,919",33.15,33.70,33.05,33.45,+0.30,"7,102",
113/11/27,"19,814,155","660,512,676",33.30,33.50,33.25,33.30,-0.15,"5,408",
113/11/28,"13,362,891","445,873,638",33.30,33.55,33.20,33.25,-0.05,"4,907",
113/11/29,"18,378,976","608,925,066",33.10,33.30,32.70,33.25, 0.00,"5,735",
113/12/02,"25,400,404","860,106,065",33.30,34.10,33.30,33.90,+0.65,"9,723",
113/12/03,"30,055,064","1,038,684,708",34.10,34.80,34.05,34.80,+0.90,"10,644",
113/12/04,"13,461,961","466,681,486",34.85,34.85,34.35,34.70,-0.10,"7,395",
113/12/05,"10,279,083","358,408,781",34.70,35.00,34.60,34.85,+0.15,"5,561",
113/12/06,"10,335,987","359,458,860",35.00,35.00,34.55,34.90,+0.05,"6,455",
113/12/09,"15,233,409","533,557,944",34.90,35.40,34.75,34.95,+0.05,"8,168",
113/12/10,"12,883,954","449,376,581",34.95,35.10,34.65,34.95, 0.00,"6,813",
113/12/11,"14,567,116","506,529,391",34.95,35.05,34.60,34.70,-0.25,"6,944",
113/12/12,"16,889,789","591,248,722",34.70,35.15,34.60,35.15,+0.45,"7,474",
113/12/13,"10,474,768","367,154,476",35.10,35.20,34.85,35.05,-0.10,"4,444",
113/12/16,"19,941,001","705,075,899",35.05,35.65,35.00,35.25,+0.20,"11,303",
113/12/17,"22,751,590","795,079,311",35.35,35.35,34.75,34.85,-0.40,"14,475",
113/12/18,"16,376,632","566,863,149",34.70,35.00,34.45,34.65,-0.20,"12,112",
113/12/19,"27,892,569","964,888,443",34.05,34.85,34.05,34.85,+0.20,"9,993",
113/12/20,"103,362,811","3,483,786,480",34.35,34.40,33.60,33.60,-1.25,"28,748",
113/12/23,"25,853,524","889,142,815",34.00,34.65,33.90,34.40,+0.80,"6,767",
113/12/24,"24,792,146","857,044,992",34.90,34.90,34.35,34.75,+0.35,"8,778",
113/12/25,"23,157,439","796,668,469",34.80,34.85,34.30,34.45,-0.30,"5,288",
113/12/26,"20,656,617","709,461,320",34.55,34.65,34.20,34.45, 0.00,"7,100",
113/12/27,"11,744,797","407,670,806",34.50,34.85,34.25,34.85,+0.40,"4,419",
113/12/30,"7,483,244","260,020,502",34.70,34.90,34.55,34.75,-0.10,"5,044",
113/12/31,"14,029,661","479,265,145",34.35,34.50,34.00,34.00,-0.75,"7,045",
114/01/02,"18,253,402","624,833,537",33.95,34.55,33.90,34.55,+0.55,"5,710",
114/01/03,"12,762,676","443,686,411",34.55,34.90,34.45,34.75,+0.20,"4,902",
114/01/06,"23,495,637","827,084,721",34.75,35.45,34.65,35.45,+0.70,"9,248",
114/01/07,"22,024,804","788,348,118",35.70,35.90,35.55,35.80,+0.35,"9,758",
114/01/08,"15,619,046","554,275,875",35.40,35.70,35.25,35.60,-0.20,"8,440",
114/01/09,"14,006,660","493,975,709",35.60,35.75,34.95,34.95,-0.65,"10,421",
114/01/10,"21,961,363","756,010,306",34.70,34.90,34.15,34.40,-0.55,"10,439",
114/01/13,"22,367,344","762,223,044",34.30,34.60,33.80,34.05,-0.35,"9,569",
114/01/14,"15,898,262","547,249,294",34.15,34.65,33.95,34.45,+0.40,"8,035",
114/01/15,"12,124,756","418,307,139",34.45,34.90,34.35,34.40,-0.05,"6,114",
114/01/16,"13,548,178","472,364,936",34.70,35.00,34.65,34.90,+0.50,"4,873",
114/01/17,"14,525,459","504,165,551",34.85,34.90,34.50,34.50,-0.40,"6,658",
114/01/20,"13,924,530","478,625,289",34.70,34.75,34.20,34.25,-0.25,"5,607",
114/01/21,"12,945,844","448,415,339",34.25,35.00,34.15,34.65,+0.40,"4,924",
114/01/22,"11,262,682","390,507,187",34.85,35.00,34.55,34.60,-0.05,"4,125",
114/02/03,"30,757,674","1,072,831,810",34.60,35.15,34.35,35.00,+0.40,"9,327",
114/02/04,"18,847,843","656,184,035",35.25,35.30,34.40,34.50,-0.50,"7,286",
114/02/05,"18,214,139","636,102,685",34.90,35.30,34.60,34.85,+0.35,"5,380",
114/02/06,"22,272,834","785,740,484",34.85,35.55,34.75,35.50,+0.65,"7,038",
114/02/07,"17,434,360","614,719,855",35.20,35.80,35.00,35.10,-0.40,"8,756",
114/02/10,"15,375,817","546,355,713",35.15,35.75,35.15,35.60,+0.50,"6,477",
114/02/11,"10,739,403","383,977,743",35.60,36.00,35.50,35.80,+0.20,"6,849",
114/02/12,"10,828,382","389,569,516",35.80,36.15,35.60,36.00,+0.20,"5,652",
114/02/13,"13,814,828","497,313,145",35.90,36.15,35.60,36.10,+0.10,"6,566",
114/02/14,"16,718,837","609,005,815",36.05,36.65,35.90,36.40,+0.30,"7,136",
114/02/17,"19,567,911","721,958,183",36.80,37.20,36.65,36.75,+0.35,"12,266",
114/02/18,"17,528,203","649,472,001",36.95,37.20,36.75,37.20,+0.45,"9,328",
114/02/19,"15,102,375","558,174,811",37.45,37.45,36.80,36.90,-0.30,"10,537",
114/02/20,"13,130,193","483,580,723",36.85,37.00,36.60,36.85,-0.05,"9,446",
114/02/21,"12,354,315","456,430,870",36.85,37.15,36.65,37.05,+0.20,"5,706",
114/02/24,"24,521,384","896,239,377",36.70,36.90,36.35,36.45,-0.60,"9,912",
114/02/25,"18,185,771","663,721,702",36.10,36.80,36.10,36.50,+0.05,"6,996",
114/02/26,"19,228,667","709,516,947",36.40,37.20,36.25,36.95,+0.45,"7,714",
114/02/27,"21,369,801","783,906,917",36.70,37.00,36.60,36.65,-0.30,"6,647",
114/03/03,"19,794,890","723,926,975",36.60,36.85,36.25,36.70,+0.05,"7,472",
114/03/04,"33,073,066","1,197,362,437",36.15,36.45,36.10,36.25,-0.45,"11,543",
114/03/05,"17,414,242","629,059,289",36.15,36.30,36.00,36.25, 0.00,"7,189",
114/03/06,"17,576,839","636,402,929",36.20,36.45,36.10,36.15,-0.10,"7,427",
114/03/07,"29,769,962","1,057,970,889",36.30,36.30,35.30,35.40,-0.75,"14,097",
114/03/10,"25,147,741","890,704,730",35.45,35.65,35.15,35.40, 0.00,"7,975",
114/03/11,"32,008,003","1,110,459,953",34.80,35.10,34.25,34.85,-0.55,"14,107",
114/03/12,"17,054,345","597,776,837",35.10,35.30,34.95,35.00,+0.15,"8,384",
114/03/13,"23,818,171","830,435,144",35.15,35.20,34.70,34.70,-0.30,"6,246",
114/03/14,"21,719,773","753,832,398",34.95,35.05,34.50,34.75,+0.05,"9,538",
114/03/17,"26,516,444","942,345,162",35.70,35.95,35.00,35.70,+0.95,"12,283",
114/03/18,"27,462,362","974,613,320",35.85,36.10,35.05,35.50,-0.20,"13,706",
114/03/19,"18,894,815","667,549,559",35.60,35.85,35.15,35.15,-0.35,"10,359",
114/03/20,"9,561,101","337,903,524",35.40,35.55,35.15,35.35,+0.20,"4,921",
114/03/21,"31,397,590","1,104,527,970",35.30,35.55,35.05,35.05,-0.30,"9,488",
114/03/24,"14,794,168","520,417,058",35.35,35.45,35.05,35.10,+0.05,"7,543",
114/03/25,"12,351,875","435,814,128",35.25,35.45,35.15,35.15,+0.05,"5,385",
114/03/26,"16,808,490","593,924,881",35.15,35.50,35.10,35.25,+0.10,"6,222",
114/03/27,"20,978,605","741,700,573",35.25,35.50,35.20,35.30,+0.05,"7,906",
114/03/28,"24,428,358","855,022,901",35.30,35.30,34.80,34.85,-0.45,"10,289",
114/03/31,"51,460,124","1,745,936,473",33.85,34.40,33.45,33.45,-1.40,"19,766",
114/04/01,"21,924,238","747,690,483",33.60,34.30,33.60,34.05,+0.60,"10,139",
114/04/02,"13,826,165","476,477,581",34.10,34.70,34.00,34.40,+0.35,"5,546",
114/04/07,"11,563,913","358,491,137",31.00,31.00,31.00,31.00,-3.40,"8,562",
114/04/08,"77,831,149","2,324,760,959",30.65,30.65,29.15,29.95,-1.05,"32,340",
114/04/09,"69,135,219","1,979,513,129",29.50,29.85,27.30,27.30,-2.65,"31,634",
114/04/10,"15,637,129","469,113,870",30.00,30.00,30.00,30.00,+2.70,"4,275",
114/04/11,"42,897,605","1,280,707,070",28.85,30.45,28.60,30.30,+0.30,"16,089",
114/04/14,"25,554,685","784,745,797",30.30,31.10,30.20,30.65,+0.35,"9,001",
114/04/15,"23,683,880","743,376,822",30.95,31.70,30.75,31.50,+0.85,"9,235",
114/04/16,"22,827,512","709,233,986",31.45,31.60,30.60,31.15,-0.35,"11,595",
114/04/17,"30,787,211","935,846,621",31.00,31.00,30.20,30.25,-0.90,"20,279",
114/04/18,"13,562,204","411,782,388",30.50,30.55,30.20,30.25, 0.00,"5,652",
114/04/21,"15,091,894","455,376,772",30.30,30.35,29.95,30.30,+0.05,"6,525",
114/04/22,"17,501,774","522,045,461",30.00,30.00,29.70,29.80,-0.50,"9,588",
114/04/23,"21,362,763","644,631,164",30.10,30.30,30.05,30.10,+0.30,"7,648",
114/04/24,"29,795,211","889,170,699",30.15,30.25,29.65,29.65,-0.45,"14,890",
114/04/25,"24,491,622","740,301,036",30.05,30.45,30.05,30.25,+0.60,"9,588",
114/04/28,"19,048,186","574,485,163",30.35,30.45,30.00,30.20,-0.05,"8,741",
114/04/29,"32,258,324","975,934,749",30.20,30.45,29.95,30.35,+0.15,"9,498",
114/04/30,"37,236,666","1,150,084,840",30.40,31.10,30.35,31.10,+0.75,"16,818",
114/05/02,"28,910,664","905,099,072",31.20,31.55,31.05,31.35,+0.25,"12,791",
114/05/05,"36,585,267","1,145,335,941",31.20,31.80,30.70,31.50,+0.15,"12,395",
114/05/06,"37,575,147","1,192,912,594",31.80,32.05,31.45,31.70,+0.20,"13,690",
114/05/07,"41,311,164","1,307,490,891",31.75,32.10,31.30,31.40,-0.30,"13,094",
114/05/08,"36,405,484","1,146,224,278",31.70,31.95,31.10,31.10,-0.30,"16,692",
114/05/09,"38,019,364","1,200,334,255",31.00,31.95,30.85,31.75,+0.65,"11,016",
114/05/12,"21,457,266","689,008,440",32.05,32.35,31.90,32.15,+0.40,"8,149",
114/05/13,"28,894,606","932,115,198",32.35,32.60,32.15,32.15, 0.00,"9,511",
114/05/14,"39,771,557","1,313,253,399",32.60,33.30,32.50,33.15,+1.00,"13,470",
114/05/15,"30,425,455","1,014,649,538",33.30,33.60,33.05,33.60,+0.45,"11,305",
114/05/16,"34,402,618","1,146,036,743",33.55,33.55,33.00,33.50,-0.10,"14,010",
114/05/19,"32,922,495","1,084,186,882",33.10,33.30,32.70,32.70,-0.80,"12,670",
114/05/20,"33,692,746","1,110,792,086",33.00,33.20,32.65,33.00,+0.30,"11,324",
114/05/21,"30,020,153","982,465,897",32.80,33.00,32.40,32.90,-0.10,"13,177",
114/05/22,"28,340,003","926,177,557",32.80,32.95,32.45,32.55,-0.35,"10,376",
114/05/23,"35,819,552","1,170,129,484",32.70,33.00,32.50,32.65,+0.10,"11,564",
114/05/26,"33,239,584","1,072,692,950",32.60,32.60,32.15,32.30,-0.35,"11,862",
114/05/27,"42,240,170","1,341,043,175",32.15,32.25,31.55,31.65,-0.65,"19,456",
114/05/28,"44,284,644","1,404,037,183",31.80,31.90,31.45,31.75,+0.10,"15,768",
114/05/29,"73,341,554","2,303,463,206",31.70,31.70,31.35,31.35,-0.40,"18,554",
114/06/02,"31,132,967","976,844,364",31.25,31.65,30.90,31.60,+0.25,"10,320",
114/06/03,"50,768,841","1,639,920,691",31.80,32.55,31.65,32.55,+0.95,"12,305",
114/06/04,"30,755,801","1,002,826,642",32.50,32.85,32.15,32.60,+0.05,"9,316",
114/06/05,"21,343,755","689,222,295",32.60,32.75,32.10,32.15,-0.45,"9,507",
114/06/06,"18,814,660","610,708,932",32.40,32.70,32.30,32.45,+0.30,"7,896",
114/06/09,"20,507,678","672,460,901",32.50,33.00,32.40,32.85,+0.40,"8,137",
114/06/10,"24,235,319","795,686,668",32.60,32.95,32.45,32.90,+0.05,"9,388",
114/06/11,"23,154,927","759,830,230",32.90,33.10,32.55,32.95,+0.05,"8,967",
114/06/12,"26,706,457","887,309,487",32.95,33.40,32.95,33.30,+0.35,"7,753",
114/06/13,"20,309,044","675,495,016",33.10,33.40,33.00,33.30, 0.00,"6,760",
114/06/16,"26,631,096","897,113,036",33.10,33.80,33.10,33.70,+0.40,"9,186",
114/06/17,"30,996,667","1,052,432,520",33.85,34.10,33.75,33.75,+0.05,"10,780",
114/06/18,"25,477,382","866,333,008",33.75,34.10,33.70,34.10,+0.35,"12,804",
114/06/19,"21,026,259","713,562,424",33.95,34.10,33.80,33.80,-0.30,"11,396",
114/06/20,"82,690,655","2,781,953,096",33.70,34.10,33.55,33.55,-0.25,"13,783",
114/06/23,"36,820,665","1,237,594,333",33.30,33.75,33.25,33.65,+0.10,"9,628",
114/06/24,"41,752,090","1,402,979,585",33.70,34.00,33.25,33.65, 0.00,"11,684",
114/06/25,"39,211,684","1,332,113,671",33.85,34.10,33.70,34.00,+0.35,"10,518",
114/06/26,"44,766,379","1,517,044,115",34.00,34.15,33.65,33.85,-0.15,"13,924",
114/06/27,"39,278,960","1,325,505,111",33.85,33.90,33.55,33.70,-0.15,"9,260",
114/06/30,"162,942,639","5,557,051,460",33.75,34.55,33.45,34.15,+0.45,"28,212",
114/07/01,"116,260,189","3,750,799,298",31.70,32.70,31.50,32.70,X0.00,"35,214",
114/07/02,"59,063,262","1,895,040,985",32.25,32.45,31.75,32.25,-0.45,"20,017",
114/07/03,"38,337,687","1,240,463,276",32.25,32.50,32.00,32.45,+0.20,"15,300",
114/07/04,"41,212,221","1,314,469,208",32.30,32.35,31.75,31.75,-0.70,"16,058",
114/07/07,"38,608,911","1,221,753,026",31.80,31.95,31.40,31.50,-0.25,"15,741",
114/07/08,"28,671,280","912,093,858",31.50,31.95,31.50,31.85,+0.35,"9,267",
114/07/09,"23,374,707","734,712,313",31.65,31.80,31.30,31.40,-0.45,"12,602",
114/07/10,"15,420,451","487,221,591",31.50,31.75,31.30,31.70,+0.30,"5,830",
114/07/11,"47,725,956","1,551,036,632",31.90,32.95,31.90,32.40,+0.70,"13,019",
114/07/14,"22,344,857","721,684,182",32.30,32.60,32.15,32.30,-0.10,"8,557",
114/07/15,"19,298,989","619,882,670",32.20,32.30,31.95,32.25,-0.05,"6,439",
114/07/16,"19,203,830","621,324,932",32.30,32.50,32.10,32.40,+0.15,"9,153",
114/07/17,"19,304,406","620,661,354",32.30,32.50,32.05,32.05,-0.35,"7,989",
114/07/18,"17,879,268","571,789,121",32.10,32.20,31.90,32.00,-0.05,"6,481",
114/07/21,"17,553,844","556,725,485",32.00,32.10,31.55,31.70,-0.30,"10,436",
114/07/22,"23,570,871","745,729,452",31.70,31.85,31.45,31.60,-0.10,"9,962",
114/07/23,"14,532,008","462,366,297",31.80,31.95,31.65,31.95,+0.35,"6,021",
114/07/24,"27,018,437","863,287,242",32.00,32.15,31.70,32.05,+0.10,"7,309",
114/07/25,"14,755,786","471,137,807",32.00,32.10,31.80,31.95,-0.10,"6,965",
114/07/28,"12,994,181","414,023,023",32.00,32.10,31.75,31.75,-0.20,"5,623",
114/07/29,"20,037,413","630,226,334",31.75,31.75,31.30,31.45,-0.30,"9,882",
114/07/30,"17,055,338","539,426,649",31.50,31.85,31.35,31.70,+0.25,"6,506",
114/07/31,"26,842,109","839,795,202",31.55,31.55,31.20,31.20,-0.50,"12,268",
114/08/01,"15,565,000","490,232,385",30.95,31.80,30.80,31.55,+0.35,"7,257",
114/08/04,"16,196,876","517,940,446",31.55,32.20,31.40,32.10,+0.55,"6,558",
114/08/05,"19,332,534","624,650,312",32.10,32.50,32.05,32.40,+0.30,"8,392",
114/08/06,"23,766,830","776,381,551",32.40,32.80,32.35,32.70,+0.30,"6,943",
114/08/07,"22,146,943","732,243,640",32.80,33.20,32.80,33.15,+0.45,"8,582",
114/08/08,"16,577,498","544,269,568",33.00,33.10,32.70,32.75,-0.40,"11,060",
114/08/11,"21,321,799","705,175,707",32.75,33.30,32.70,33.20,+0.45,"6,390",
114/08/12,"21,081,550","680,970,574",32.35,32.65,32.05,32.20,X0.00,"6,084",
114/08/13,"17,208,389","554,645,093",32.35,32.55,32.05,32.35,+0.15,"5,569",
114/08/14,"18,717,791","606,260,003",32.35,32.60,32.30,32.35, 0.00,"5,012",
114/08/15,"10,301,934","332,902,370",32.35,32.50,32.20,32.25,-0.10,"3,906",
114/08/18,"24,129,856","783,433,790",32.30,32.65,32.25,32.55,+0.30,"6,537",
114/08/19,"11,022,554","356,367,632",32.35,32.40,32.30,32.30,-0.25,"4,252",
114/08/20,"16,123,542","519,086,374",32.35,32.50,32.00,32.05,-0.25,"8,153",
114/08/21,"11,204,268","363,925,934",32.25,32.60,32.20,32.60,+0.55,"4,323",
114/08/22,"9,184,455","298,676,607",32.40,32.65,32.35,32.60, 0.00,"4,666",
114/08/25,"15,729,269","516,174,511",32.75,32.95,32.50,32.90,+0.30,"5,067",
114/08/26,"32,760,540","1,063,904,743",32.70,32.90,32.40,32.40,-0.50,"5,926",
114/08/27,"13,148,422","426,914,532",32.40,32.70,32.35,32.35,-0.05,"4,271",
114/08/28,"16,227,601","530,406,359",32.25,32.80,32.25,32.65,+0.30,"4,710",
114/08/29,"10,057,761","327,937,706",32.55,32.80,32.50,32.50,-0.15,"3,664",
114/09/01,"11,312,441","371,402,617",32.50,33.05,32.50,32.75,+0.25,"4,866",
114/09/02,"10,087,573","332,529,790",32.75,33.10,32.70,33.00,+0.25,"4,495",
114/09/03,"6,432,384","211,567,334",32.95,33.10,32.70,32.90,-0.10,"4,662",
114/09/04,"16,049,633","530,410,302",32.90,33.15,32.85,33.10,+0.20,"5,213",
114/09/05,"17,927,226","602,728,460",33.25,33.85,33.20,33.80,+0.70,"7,473",
114/09/08,"9,829,098","331,089,282",33.75,33.80,33.55,33.60,-0.20,"4,803",
114/09/09,"10,067,725","340,668,835",33.80,34.00,33.60,33.90,+0.30,"3,783",
114/09/10,"11,279,538","382,590,292",33.90,34.00,33.75,34.00,+0.10,"5,320",
114/09/11,"21,253,695","723,679,209",34.05,34.20,33.90,33.95,-0.05,"6,902",
114/09/12,"25,537,738","878,860,793",34.05,34.70,34.00,34.60,+0.65,"12,437",
114/09/15,"15,189,621","525,966,236",34.60,34.90,34.45,34.45,-0.15,"9,744",
114/09/16,"14,504,776","499,640,286",34.75,34.75,34.25,34.50,+0.05,"14,705",
114/09/17,"17,480,610","599,532,100",34.25,34.60,34.10,34.30,-0.20,"19,253",
114/09/18,"17,459,312","600,088,467",34.30,34.60,33.90,34.60,+0.30,"11,287",
114/09/19,"32,305,473","1,125,000,641",34.65,35.00,34.35,34.85,+0.25,"11,694",
114/09/22,"20,277,666","710,143,789",34.95,35.15,34.80,35.15,+0.30,"7,269",
114/09/23,"21,133,309","740,975,027",34.90,35.20,34.75,35.10,-0.05,"8,342",
114/09/24,"19,042,445","668,408,781",35.00,35.40,34.95,35.05,-0.05,"8,561",
114/09/25,"26,834,790","930,600,710",35.10,35.10,34.50,34.60,-0.45,"25,901",
114/09/26,"14,591,347","501,703,196",34.45,34.60,34.15,34.45,-0.15,"8,005",
114/09/30,"21,250,651","737,958,488",34.60,34.85,34.30,34.85,+0.40,"5,741",
114/10/01,"16,141,794","558,977,454",34.70,34.85,34.50,34.65,-0.20,"6,054",
114/10/02,"17,922,407","617,712,409",34.50,34.80,34.30,34.30,-0.35,"6,878",
114/10/03,"11,036,096","377,043,205",34.65,34.70,34.00,34.05,-0.25,"6,342",
114/10/07,"15,627,286","535,514,447",33.90,34.60,33.80,34.35,+0.30,"6,922",
114/10/08,"11,048,188","386,035,185",34.40,34.65,34.30,34.45,+0.10,"5,486",
114/10/09,"14,970,935","516,686,830",34.65,34.85,34.25,34.45, 0.00,"6,024",
114/10/13,"21,796,491","745,254,234",34.15,34.40,33.80,34.40,-0.05,"9,095",
114/10/14,"24,404,615","846,390,517",34.20,34.95,34.20,34.50,+0.10,"8,991",
114/10/15,"17,111,129","590,798,966",34.55,34.75,34.25,34.60,+0.10,"9,122",
114/10/16,"17,108,153","592,009,680",34.65,34.85,34.35,34.45,-0.15,"7,277",
114/10/17,"17,721,330","604,530,564",34.55,34.75,33.90,33.95,-0.50,"8,793",
114/10/20,"10,816,990","368,314,747",34.30,34.50,33.90,34.05,+0.10,"5,500",
114/10/21,"14,519,762","501,759,205",34.40,34.70,34.20,34.60,+0.55,"6,303",
114/10/22,"12,197,311","424,370,360",34.55,34.90,34.55,34.70,+0.10,"5,190",
114/10/23,"7,939,806","275,784,969",34.55,34.85,34.50,34.85,+0.15,"4,887",
114/10/27,"16,579,252","573,466,957",35.00,35.10,34.40,34.65,-0.20,"13,181",
114/10/28,"11,485,773","394,992,612",34.80,34.80,34.25,34.35,-0.30,"5,264",
114/10/29,"10,882,687","374,160,271",34.45,34.65,34.30,34.30,-0.05,"4,891",
114/10/30,"13,114,973","448,857,386",34.10,34.45,34.05,34.25,-0.05,"5,769",
114/10/31,"15,299,438","527,895,372",34.40,34.75,34.20,34.50,+0.25,"4,315",
114/11/03,"13,022,117","450,325,308",34.50,34.75,34.35,34.50, 0.00,"4,944",
114/11/04,"13,728,331","477,374,609",34.65,34.95,34.60,34.75,+0.25,"4,664",
114/11/05,"32,167,279","1,130,380,458",34.85,35.50,34.45,35.45,+0.70,"13,156",
114/11/06,"23,636,583","839,465,964",35.50,35.70,35.30,35.45, 0.00,"8,330",
114/11/07,"12,309,758","431,963,982",35.65,35.70,34.85,34.85,-0.60,"12,183",
114/11/10,"10,836,936","376,385,905",34.85,34.90,34.45,34.65,-0.20,"6,497",
114/11/11,"16,617,480","577,972,129",34.80,34.95,34.55,34.75,+0.10,"7,069",
114/11/12,"25,668,178","914,876,461",34.95,35.95,34.95,35.60,+0.85,"10,764",
114/11/13,"16,012,683","567,717,653",35.35,35.75,35.35,35.35,-0.25,"6,370",
114/11/14,"16,759,863","591,319,071",35.30,35.55,35.10,35.10,-0.25,"6,507",
114/11/17,"20,604,313","724,371,228",35.20,35.35,35.00,35.20,+0.10,"8,949",
114/11/18,"38,059,650","1,334,295,848",34.95,35.30,34.80,35.20, 0.00,"16,538",
114/11/19,"53,399,189","1,880,358,270",35.50,35.85,34.55,34.90,-0.30,"28,644",
114/11/20,"46,909,370","1,677,552,365",35.20,36.05,35.15,36.05,+1.15,"14,421",
114/11/21,"49,322,560","1,764,615,155",35.65,36.25,35.45,35.65,-0.40,"22,694",
114/11/24,"65,549,775","2,356,814,449",35.60,36.20,35.50,36.05,+0.40,"15,218",
114/11/25,"36,151,738","1,276,172,066",35.95,36.00,35.05,35.25,-0.80,"39,722",
114/11/26,"23,410,929","837,167,012",35.50,36.00,35.45,36.00,+0.75,"8,378",
114/11/27,"25,248,774","916,199,780",36.00,36.70,35.75,36.50,+0.50,"11,250",
114/11/28,"17,390,107","628,601,283",36.45,36.45,35.90,36.10,-0.40,"6,280",
114/12/01,"12,505,939","447,689,565",35.95,36.10,35.65,35.75,-0.35,"12,915",
114/12/02,"31,882,590","1,158,106,831",36.00,36.55,35.80,36.55,+0.80,"8,901",
114/12/03,"19,019,052","693,533,010",36.70,36.70,36.15,36.55, 0.00,"7,771",
114/12/04,"36,652,683","1,368,404,253",36.75,37.70,36.50,37.30,+0.75,"14,839",
114/12/05,"20,631,619","775,500,127",37.80,37.80,37.30,37.75,+0.45,"8,179",
114/12/08,"22,828,777","852,338,787",37.50,37.60,37.05,37.40,-0.35,"19,140",
114/12/09,"31,823,562","1,206,162,746",37.40,38.20,37.35,38.20,+0.80,"13,231",
114/12/10,"26,731,893","1,006,814,331",38.20,38.20,37.40,37.40,-0.80,"22,641",
114/12/11,"22,831,839","856,851,036",37.80,38.00,37.20,37.55,+0.15,"10,863",
114/12/12,"18,703,134","710,207,532",37.65,38.20,37.60,38.05,+0.50,"7,291",
114/12/15,"23,567,841","906,743,598",38.00,39.00,37.65,38.40,+0.35,"10,662",
114/12/16,"38,641,150","1,497,836,859",37.95,39.20,37.95,38.80,+0.40,"17,469",
114/12/17,"43,805,458","1,729,589,981",38.80,40.10,38.75,39.35,+0.55,"23,331",
114/12/18,"35,526,267","1,399,505,552",39.40,39.70,39.10,39.25,-0.10,"16,716",
114/12/19,"49,972,115","2,000,332,987",39.25,40.20,39.20,40.20,+0.95,"12,909",
114/12/22,"29,826,532","1,194,221,603",40.20,40.25,39.95,40.00,-0.20,"8,149",
114/12/23,"30,848,461","1,246,628,835",40.00,40.80,39.95,40.55,+0.55,"9,391",
114/12/24,"22,293,939","896,186,280",40.55,40.60,40.00,40.10,-0.45,"11,858",
114/12/26,"23,638,347","944,348,602",40.10,40.30,39.65,40.00,-0.10,"16,798",
114/12/29,"17,407,145","694,516,475",39.90,40.20,39.70,39.85,-0.15,"13,468",
114/12/30,"34,437,861","1,364,157,787",39.60,39.85,39.45,39.65,-0.20,"21,318",
114/12/31,"55,860,672","2,189,026,766",39.80,39.95,39.00,39.30,-0.35,"43,345",
115/01/02,"49,993,463","1,974,026,154",39.50,39.85,39.30,39.65,+0.35,"13,404",
115/01/05,"52,422,387","2,066,156,055",39.65,40.10,39.20,39.30,-0.35,"22,690",
115/01/06,"34,614,383","1,388,367,523",39.35,40.45,39.35,40.45,+1.15,"13,030",
115/01/07,"32,545,887","1,301,624,485",40.10,40.30,39.75,40.20,-0.25,"20,552",
115/01/08,"29,161,895","1,190,647,030",40.20,41.25,40.05,41.10,+0.90,"10,004",
115/01/09,"11,702,383","477,024,253",41.20,41.20,40.50,40.80,-0.30,"10,967",
115/01/12,"14,398,643","581,718,124",40.75,40.75,40.10,40.50,-0.30,"11,130",
115/01/13,"15,275,986","618,281,189",40.80,40.80,40.15,40.50, 0.00,"4,926",
115/01/14,"17,324,257","708,172,050",40.70,41.15,40.40,41.15,+0.65,"8,393",
115/01/15,"23,776,032","996,356,484",41.15,42.20,41.10,41.85,+0.70,"10,719",
115/01/16,"14,273,400","597,241,409",41.85,42.00,41.40,41.80,-0.05,"9,915",
115/01/19,"25,252,716","1,069,965,360",42.20,42.75,41.65,42.40,+0.60,"12,351",
115/01/20,"16,105,349","674,358,638",42.05,42.20,41.70,41.70,-0.70,"11,578",
115/01/21,"22,466,481","928,312,571",41.50,41.65,41.00,41.35,-0.35,"8,505",
115/01/22,"13,948,127","580,407,793",41.55,41.75,41.50,41.60,+0.25,"6,379",
115/01/23,"22,747,961","945,310,699",42.00,42.00,41.30,41.55,-0.05,"7,241",
115/01/26,"19,879,395","836,351,999",41.70,42.45,41.20,42.40,+0.85,"9,175",
115/01/27,"21,668,101","917,559,888",42.45,42.60,42.15,42.30,-0.10,"10,724",
115/01/28,"20,862,595","885,064,767",42.30,42.70,42.00,42.60,+0.30,"10,247",
115/01/29,"30,437,572","1,309,098,775",42.75,43.35,42.35,42.95,+0.35,"10,966",
115/01/30,"37,263,885","1,602,075,368",42.95,43.15,42.65,43.05,+0.10,"9,531",
115/02/02,"22,138,010","938,252,993",43.05,43.10,41.95,42.20,-0.85,"14,676",
115/02/03,"19,144,869","809,979,406",42.55,43.10,41.90,42.00,-0.20,"8,511",
115/02/04,"15,063,686","640,367,807",42.10,42.80,42.10,42.40,+0.40,"6,045",
115/02/05,"12,966,312","553,377,304",42.20,43.05,42.15,42.75,+0.35,"6,118",
115/02/06,"14,791,253","629,507,293",42.50,42.90,42.05,42.65,-0.10,"7,747",
115/02/09,"28,963,103","1,272,656,182",43.00,44.45,42.95,43.90,+1.25,"11,396",
115/02/10,"25,042,402","1,113,324,956",43.80,44.70,43.80,44.35,+0.45,"11,782",
115/02/11,"23,360,310","1,048,154,636",44.70,45.20,44.45,44.75,+0.40,"11,276",
115/02/23,"49,111,260","2,308,863,255",46.95,47.95,46.05,46.55,+1.80,"24,914",
115/02/24,"30,185,986","1,430,322,688",46.55,47.80,46.45,47.45,+0.90,"14,976",
115/02/25,"32,767,025","1,552,089,947",47.15,47.90,46.70,47.25,-0.20,"14,910",
115/02/26,"56,965,743","2,784,196,716",47.20,49.70,47.20,49.15,+1.90,"15,305",
115/03/02,"33,177,249","1,580,113,651",48.00,48.60,47.10,47.25,-1.90,"21,022",
115/03/03,"17,361,246","821,200,375",47.25,47.80,46.95,47.25, 0.00,"7,727",
115/03/04,"32,152,164","1,455,637,771",46.45,46.90,44.80,45.00,-2.25,"19,136",
115/03/05,"19,585,700","890,720,600",45.75,46.25,45.10,45.35,+0.35,"8,488",
115/03/06,"13,989,721","640,017,351",44.55,46.20,44.55,45.90,+0.55,"7,191",
115/03/09,"31,649,432","1,389,937,363",43.40,44.45,43.20,44.15,-1.75,"16,597",
115/03/10,"19,936,045","879,936,840",45.35,45.35,43.65,43.85,-0.30,"11,042",
115/03/11,"14,223,156","630,599,690",43.85,44.70,43.85,44.35,+0.50,"6,797",
115/03/12,"19,814,557","871,817,268",43.90,44.45,43.60,44.25,-0.10,"10,145",
115/03/13,"23,023,809","998,371,501",43.50,43.90,43.20,43.30,-0.95,"15,280",
115/03/16,"23,741,140","1,056,415,529",44.00,45.05,43.90,44.60,+1.30,"11,271",
115/03/17,"26,736,764","1,195,032,908",44.85,45.10,44.50,44.65,+0.05,"10,081",
115/03/18,"16,477,152","737,064,095",44.70,45.00,44.65,44.65, 0.00,"7,129",
115/03/19,"22,274,656","984,021,781",44.60,44.65,43.85,44.25,-0.40,"11,158",
115/03/20,"26,624,305","1,177,857,646",44.00,44.70,43.90,44.20,-0.05,"6,372",
115/03/23,"22,574,961","991,844,130",43.25,44.35,42.90,44.20, 0.00,"10,133",
115/03/24,"31,627,115","1,425,355,061",44.65,45.35,44.30,45.10,+0.90,"10,919",
115/03/25,"27,878,419","1,277,369,614",46.05,46.15,45.30,45.85,+0.75,"11,725",
115/03/26,"20,850,336","961,724,995",45.85,46.75,45.75,46.05,+0.20,"11,857",
115/03/27,"17,285,412","786,724,262",45.60,46.05,45.30,45.30,-0.75,"8,622",
115/03/30,"30,359,121","1,355,441,166",44.50,45.10,44.45,44.45,-0.85,"11,573",
115/03/31,"35,501,804","1,589,206,111",44.00,45.05,44.00,44.75,+0.30,"10,258",
115/04/01,"34,273,989","1,600,057,878",46.50,47.20,45.50,47.10,+2.35,"13,519",
115/04/02,"27,597,587","1,272,904,412",47.05,47.10,45.80,45.85,-1.25,"16,100",
115/04/07,"16,417,992","759,653,475",45.85,46.60,45.80,46.50,+0.65,"8,536",
115/04/08,"24,855,331","1,167,555,668",46.75,47.15,46.40,47.10,+0.60,"10,913",
115/04/09,"31,287,212","1,489,510,458",46.95,48.00,46.90,47.95,+0.85,"13,522",
115/04/10,"19,609,007","939,344,877",48.30,48.35,47.60,47.70,-0.25,"11,644",
115/04/13,"15,069,565","716,255,677",47.70,47.95,47.15,47.45,-0.25,"10,185",
115/04/14,"37,289,859","1,844,514,487",48.50,50.10,48.20,49.55,+2.10,"18,228",
115/04/15,"29,370,682","1,480,252,457",50.20,50.90,49.70,50.40,+0.85,"13,134",
115/04/16,"22,493,867","1,136,953,106",50.40,51.20,50.10,50.70,+0.30,"13,593",
115/04/17,"25,292,363","1,265,411,324",50.80,50.80,49.75,50.20,-0.50,"12,447",
115/04/20,"23,188,194","1,187,016,120",50.70,51.60,50.20,51.20,+1.00,"10,238",
115/04/21,"23,612,940","1,207,981,413",51.90,51.90,50.80,51.00,-0.20,"14,839",
115/04/22,"34,338,043","1,727,485,391",50.70,51.00,49.80,50.10,-0.90,"15,510",
115/04/23,"30,570,819","1,532,741,203",49.80,50.80,49.80,50.20,+0.10,"9,794",
115/04/24,"26,816,501","1,342,286,032",50.20,50.60,49.95,49.95,-0.25,"9,134",
115/04/27,"33,313,843","1,691,095,179",50.00,51.50,49.85,50.80,+0.85,"9,980",
115/04/28,"26,172,088","1,361,062,827",50.80,52.60,50.80,52.20,+1.40,"11,302",
115/04/29,"23,560,300","1,225,020,830",52.80,52.80,51.50,52.30,+0.10,"11,818",
115/04/30,"33,966,640","1,781,272,522",51.30,53.00,51.30,52.20,-0.10,"10,217",
115/05/04,"28,751,523","1,514,983,207",52.80,53.20,52.00,53.10,+0.90,"9,329",
115/05/05,"30,594,571","1,676,767,285",52.80,55.70,52.70,55.40,+2.30,"11,666",
115/05/06,"26,222,713","1,474,357,121",56.00,56.90,55.60,56.20,+0.80,"9,637",
115/05/07,"30,560,294","1,732,806,431",57.00,57.40,56.10,56.10,-0.10,"13,315",
115/05/08,"26,118,691","1,468,917,361",56.90,57.10,55.40,56.50,+0.40,"10,520",
115/05/11,"25,216,829","1,425,482,373",56.70,57.40,55.80,56.50, 0.00,"10,860",
115/05/12,"31,911,258","1,771,617,278",57.30,57.30,54.60,54.60,-1.90,"16,937",
115/05/13,"19,524,157","1,085,419,245",55.00,56.20,54.80,55.80,+1.20,"8,839",
115/05/14,"21,879,463","1,219,752,826",56.30,56.80,55.20,55.50,-0.30,"8,965",
115/05/15,"22,361,030","1,240,480,060",55.90,56.70,54.60,54.80,-0.70,"9,709",
115/05/18,"24,072,430","1,308,780,215",54.80,55.00,53.90,54.30,-0.50,"11,458",
115/05/19,"32,971,846","1,819,731,695",54.50,56.30,54.40,54.70,+0.40,"13,367",
115/05/20,"20,110,457","1,107,704,251",55.00,55.50,54.50,55.10,+0.40,"9,346",
115/05/21,"26,797,060","1,471,669,887",55.50,56.10,54.60,54.70,-0.40,"12,991",
115/05/22,"25,396,600","1,394,767,250",54.50,55.50,54.40,55.10,+0.40,"12,015",
