日期,成交股數,成交金額,開盤價,最高價,最低價,收盤價,漲跌價差,成交筆數,註記
109/01/02,"39,321,623","1,699,254,292",42.30,43.85,42.20,43.60,+1.60,"18,429",
109/01/03,"28,586,557","1,230,882,280",44.20,44.25,42.30,42.50,-1.10,"13,176",
109/01/06,"25,307,713","1,044,564,502",41.95,42.00,40.85,41.35,-1.15,"11,614",
109/01/07,"17,381,682","720,905,783",41.70,41.80,41.10,41.30,-0.05,"8,342",
109/01/08,"15,980,292","647,897,521",40.55,41.00,40.30,40.45,-0.85,"8,859",
109/01/09,"16,333,142","672,149,922",41.00,41.55,40.95,41.05,+0.60,"7,410",
109/01/10,"28,099,535","1,180,899,568",41.40,42.40,41.25,42.40,+1.35,"13,027",
109/01/13,"33,550,483","1,459,039,993",43.00,43.90,42.65,43.90,+1.50,"15,493",
109/01/14,"80,918,532","3,667,428,923",45.00,46.00,44.50,45.40,+1.50,"29,777",
109/01/15,"36,881,631","1,658,485,056",45.20,45.60,44.40,44.75,-0.65,"14,745",
109/01/16,"49,209,118","2,164,265,065",44.60,44.60,43.55,43.60,-1.15,"20,319",
109/01/17,"28,452,980","1,245,176,115",43.75,44.45,43.15,43.25,-0.35,"12,245",
109/01/20,"31,951,515","1,417,799,600",43.75,44.80,43.65,44.80,+1.55,"13,316",
109/01/30,"33,662,777","1,362,065,306",40.40,40.85,40.35,40.35,-4.45,"12,662",
109/01/31,"53,858,220","2,084,268,230",40.10,40.80,37.10,38.65,-1.70,"21,615",
109/02/03,"44,675,268","1,632,978,366",36.50,37.75,35.25,36.75,-1.90,"16,739",
109/02/04,"57,378,206","2,254,834,160",37.65,40.25,37.15,40.25,+3.50,"22,784",
109/02/05,"38,062,741","1,513,465,311",40.85,40.85,39.10,39.15,-1.10,"17,803",
109/02/06,"30,604,117","1,224,489,816",39.70,40.55,39.40,40.20,+1.05,"13,483",
109/02/07,"20,366,369","799,767,410",39.50,39.80,38.85,38.90,-1.30,"9,152",
109/02/10,"43,809,914","1,682,722,050",36.00,39.85,36.00,39.85,+0.95,"18,519",
109/02/11,"25,867,623","1,041,904,709",40.30,40.75,39.70,40.30,+0.45,"12,308",
109/02/12,"61,654,202","2,594,805,074",40.60,42.90,40.35,42.85,+2.55,"25,453",
109/02/13,"33,634,885","1,427,931,644",43.00,43.10,42.00,42.05,-0.80,"16,643",
109/02/14,"29,431,551","1,232,505,900",41.85,42.55,41.50,41.50,-0.55,"13,299",
109/02/17,"17,283,432","712,744,574",41.00,41.85,40.90,41.35,-0.15,"8,154",
109/02/18,"13,744,110","565,733,531",41.00,41.60,40.80,41.10,-0.25,"6,805",
109/02/19,"18,911,820","789,929,530",41.30,42.15,41.30,41.75,+0.65,"9,277",
109/02/20,"22,564,169","954,833,548",42.15,42.85,41.90,42.00,+0.25,"9,802",
109/02/21,"22,592,495","949,198,421",41.85,42.40,41.70,41.70,-0.30,"9,503",
109/02/24,"21,795,786","913,015,495",40.80,42.45,40.80,42.45,+0.75,"9,418",
109/02/25,"19,099,303","801,730,504",42.05,42.40,41.70,41.75,-0.70,"8,894",
109/02/26,"23,766,415","991,686,397",41.30,42.50,41.05,41.25,-0.50,"9,750",
109/02/27,"31,297,979","1,255,787,498",41.60,41.85,39.20,40.00,-1.25,"14,143",
109/03/02,"27,736,693","1,090,394,223",38.80,40.15,38.35,39.25,-0.75,"12,494",
109/03/03,"43,747,786","1,820,995,273",40.60,42.35,40.30,41.45,+2.20,"18,815",
109/03/04,"28,075,976","1,167,544,245",41.50,42.15,41.00,41.40,-0.05,"12,116",
109/03/05,"64,813,421","2,743,484,719",42.20,43.20,41.50,41.90,+0.50,"24,535",
109/03/06,"14,802,395","617,287,702",41.30,42.10,41.30,41.60,-0.30,"6,576",
109/03/09,"33,854,007","1,362,485,717",41.20,41.85,39.50,39.50,-2.10,"16,009",
109/03/10,"49,533,282","1,906,451,360",38.75,39.75,37.65,38.95,-0.55,"20,341",
109/03/11,"40,124,043","1,552,543,252",39.30,40.00,37.40,37.40,-1.55,"18,167",
109/03/12,"67,001,624","2,304,475,148",36.80,36.80,33.70,33.70,-3.70,"23,627",
109/03/13,"44,992,560","1,373,967,028",30.35,31.50,30.35,31.45,-2.25,"13,401",
109/03/16,"36,863,881","1,110,098,733",31.30,31.85,28.40,28.40,-3.05,"15,742",
109/03/17,"46,154,546","1,259,127,492",27.00,28.60,26.45,26.50,-1.90,"19,526",
109/03/18,"40,064,336","1,089,605,990",27.40,28.00,26.20,26.20,-0.30,"18,046",
109/03/19,"71,791,017","1,807,712,939",26.00,27.05,23.65,24.60,-1.60,"28,488",
109/03/20,"27,863,501","748,082,446",26.70,27.05,26.05,27.05,+2.45,"6,515",
109/03/23,"43,902,265","1,186,148,404",26.05,27.70,25.50,27.05, 0.00,"16,243",
109/03/24,"36,622,823","1,051,654,345",28.20,29.45,28.00,28.60,+1.55,"16,114",
109/03/25,"50,104,310","1,547,515,291",30.50,31.40,30.30,31.10,+2.50,"18,113",
109/03/26,"39,909,754","1,232,618,894",31.60,31.65,30.05,31.00,-0.10,"18,187",
109/03/27,"48,965,559","1,527,731,147",31.90,32.20,30.25,30.25,-0.75,"17,460",
109/03/30,"26,101,033","786,787,043",29.20,30.90,29.00,30.90,+0.65,"11,718",
109/03/31,"76,347,420","2,461,646,388",31.80,33.50,31.35,32.00,+1.10,"31,436",
109/04/01,"32,897,012","1,045,462,992",31.80,32.15,31.50,31.70,-0.30,"13,447",
109/04/06,"40,463,184","1,269,334,578",32.00,32.35,30.70,31.35,-0.35,"18,798",
109/04/07,"64,423,605","2,129,896,273",32.50,33.70,32.10,33.15,+1.80,"26,812",
109/04/08,"54,416,613","1,836,325,550",33.65,34.20,33.15,34.00,+0.85,"21,923",
109/04/09,"61,310,691","2,134,006,232",35.00,35.85,34.05,34.70,+0.70,"24,912",
109/04/10,"26,329,029","911,983,955",34.80,35.00,34.15,35.00,+0.30,"11,163",
109/04/13,"60,777,566","2,191,707,105",35.80,36.80,35.35,35.55,+0.55,"25,916",
109/04/14,"58,954,460","2,228,181,558",36.45,38.85,36.05,38.15,+2.60,"28,097",
109/04/15,"57,832,612","2,239,473,497",38.80,39.90,37.40,37.40,-0.75,"27,119",
109/04/16,"41,182,456","1,566,774,044",36.80,38.70,36.75,38.10,+0.70,"19,285",
109/04/17,"46,197,153","1,780,436,870",39.30,39.60,37.70,38.10, 0.00,"21,304",
109/04/20,"19,489,324","742,032,620",38.10,38.50,37.80,38.10, 0.00,"9,220",
109/04/21,"39,232,616","1,459,318,868",37.70,38.45,36.30,36.65,-1.45,"18,183",
109/04/22,"29,309,861","1,070,974,045",35.95,37.45,35.70,37.45,+0.80,"13,704",
109/04/23,"25,113,234","947,703,752",37.45,38.35,37.10,37.60,+0.15,"10,780",
109/04/24,"16,167,377","607,578,209",37.80,37.95,37.30,37.45,-0.15,"6,411",
109/04/27,"27,274,692","1,044,065,494",37.95,38.70,37.80,38.30,+0.85,"10,929",
109/04/28,"45,808,301","1,794,585,004",39.00,39.55,38.50,39.45,+1.15,"20,217",
109/04/29,"94,570,689","3,918,205,388",39.95,43.10,39.95,42.00,+2.55,"39,651",
109/04/30,"59,548,016","2,550,971,906",42.90,43.50,42.35,42.85,+0.85,"25,345",
109/05/04,"33,146,683","1,403,402,000",41.40,43.25,41.05,43.00,+0.15,"15,753",
109/05/05,"33,732,963","1,453,433,967",43.40,43.95,42.20,42.50,-0.50,"14,935",
109/05/06,"31,384,192","1,348,412,106",42.85,43.45,42.40,43.05,+0.55,"13,552",
109/05/07,"56,397,167","2,494,577,814",43.65,44.85,43.40,44.30,+1.25,"25,193",
109/05/08,"46,740,838","2,097,486,182",44.60,45.30,44.40,44.70,+0.40,"20,287",
109/05/11,"33,192,158","1,506,964,475",45.40,46.00,44.80,44.95,+0.25,"14,703",
109/05/12,"28,759,424","1,292,971,846",44.60,45.55,44.30,45.00,+0.05,"13,011",
109/05/13,"27,425,602","1,230,483,694",45.10,45.50,44.40,44.70,-0.30,"11,732",
109/05/14,"32,090,494","1,401,898,524",44.50,45.00,42.60,42.80,-1.90,"14,717",
109/05/15,"36,075,704","1,560,990,087",43.80,44.45,42.00,43.90,+1.10,"15,341",
109/05/18,"75,117,001","3,019,526,408",41.75,42.50,39.55,39.55,-4.35,"33,411",
109/05/19,"106,180,979","4,074,309,198",39.75,40.40,36.55,39.10,-0.45,"45,380",
109/05/20,"51,407,637","2,036,609,672",39.50,40.45,38.90,39.60,+0.50,"22,700",
109/05/21,"36,597,121","1,482,490,766",40.40,40.80,40.05,40.75,+1.15,"15,149",
109/05/22,"36,624,310","1,450,301,795",40.60,40.65,38.85,39.15,-1.60,"15,881",
109/05/25,"25,319,604","987,388,627",39.30,39.75,38.10,39.40,+0.25,"10,692",
109/05/26,"30,249,257","1,215,041,700",39.95,40.65,39.60,40.00,+0.60,"12,918",
109/05/27,"17,384,227","699,709,204",40.50,40.70,39.85,39.90,-0.10,"8,391",
109/05/28,"35,601,608","1,452,619,454",40.35,41.65,40.10,40.40,+0.50,"16,499",
109/05/29,"16,562,056","668,270,936",40.50,40.80,39.90,40.10,-0.30,"6,576",
109/06/01,"78,810,399","3,373,883,769",41.50,44.10,41.25,44.10,+4.00,"33,930",
109/06/02,"108,498,630","4,875,976,591",45.50,46.15,43.30,43.40,-0.70,"48,049",
109/06/03,"36,877,948","1,607,816,701",43.70,44.20,42.85,43.80,+0.40,"17,226",
109/06/04,"38,065,086","1,693,688,620",44.45,45.00,44.05,44.80,+1.00,"16,276",
109/06/05,"36,068,941","1,622,940,786",45.20,45.45,44.65,44.80, 0.00,"16,820",
109/06/08,"38,413,907","1,698,500,058",45.15,45.35,43.85,43.85,-0.95,"19,783",
109/06/09,"23,719,035","1,034,213,658",44.15,44.20,43.25,43.30,-0.55,"12,904",
109/06/10,"86,257,085","3,874,164,516",43.25,45.65,43.10,45.20,+1.90,"39,630",
109/06/11,"110,094,353","5,039,999,347",45.35,47.20,44.30,44.65,-0.55,"44,686",
109/06/12,"54,434,811","2,432,696,454",43.55,45.50,43.50,44.80,+0.15,"24,354",
109/06/15,"35,626,701","1,585,524,694",44.75,45.30,44.00,44.00,-0.80,"14,677",
109/06/16,"39,415,848","1,777,902,110",45.10,45.70,44.60,45.00,+1.00,"14,848",
109/06/17,"36,729,089","1,658,232,405",45.20,45.65,44.75,45.00, 0.00,"14,072",
109/06/18,"52,488,279","2,392,345,236",45.45,46.15,44.80,45.75,+0.75,"20,990",
109/06/19,"32,951,773","1,508,765,594",46.15,46.40,45.25,45.95,+0.20,"12,815",
109/06/22,"29,204,285","1,342,305,160",45.65,46.30,45.55,45.85,-0.10,"11,258",
109/06/23,"40,630,695","1,879,353,373",46.70,46.85,45.80,46.10,+0.25,"15,958",
109/06/24,"95,545,827","4,521,040,819",47.80,48.45,46.35,47.00,+0.90,"38,346",
109/06/29,"35,038,061","1,636,624,617",46.30,47.45,46.25,46.30,-0.70,"15,081",
109/06/30,"127,815,700","6,318,253,550",47.30,50.90,47.00,50.10,+3.80,"51,649",
109/07/01,"85,259,506","4,294,283,739",51.20,51.80,49.40,49.45,-0.65,"36,656",
109/07/02,"38,332,876","1,927,540,890",50.00,50.80,49.80,50.80,+1.35,"15,683",
109/07/03,"81,571,571","4,241,582,610",51.10,54.20,50.30,53.50,+2.70,"33,646",
109/07/06,"90,386,172","5,120,381,992",55.00,58.10,54.10,57.30,+3.80,"40,716",
109/07/07,"69,644,911","3,912,767,779",57.70,58.20,54.50,55.90,-1.40,"32,456",
109/07/08,"35,132,833","1,985,019,956",56.40,57.50,56.00,56.30,+0.40,"16,023",
109/07/09,"38,052,305","2,158,064,779",57.00,57.50,56.30,56.50,+0.20,"15,860",
109/07/10,"34,044,881","1,884,902,401",57.00,57.30,54.00,54.40,-2.10,"14,733",
109/07/13,"26,656,058","1,452,605,332",55.00,56.20,53.80,53.90,-0.50,"12,026",
109/07/14,"36,883,498","1,944,167,672",53.60,54.10,51.90,52.20,-1.70,"15,895",
109/07/15,"35,299,010","1,868,049,293",52.40,54.20,51.60,51.80,X0.00,"16,415",
109/07/16,"16,069,810","840,497,424",52.20,53.00,51.80,52.40,+0.60,"7,146",
109/07/17,"34,513,338","1,781,499,438",52.70,53.30,50.60,50.80,-1.60,"15,068",
109/07/20,"43,497,463","2,281,661,400",51.80,53.50,51.40,53.40,+2.60,"18,213",
109/07/21,"83,441,611","4,692,774,745",54.70,57.20,54.60,56.60,+3.20,"37,508",
109/07/22,"48,939,709","2,767,146,242",55.70,57.50,55.50,56.50,-0.10,"20,928",
109/07/23,"30,269,082","1,716,373,293",56.90,57.70,56.00,56.30,-0.20,"13,040",
109/07/24,"32,778,327","1,811,652,165",55.90,56.70,54.00,54.70,-1.60,"13,860",
109/07/27,"44,133,017","2,491,363,651",56.10,57.20,55.20,56.50,+1.80,"18,997",
109/07/28,"96,564,709","5,632,443,458",58.00,59.50,56.70,59.40,+2.90,"43,648",
109/07/29,"66,669,512","3,915,539,808",60.40,60.90,57.10,59.00,-0.40,"29,136",
109/07/30,"110,404,319","6,811,014,317",60.00,63.40,59.10,62.90,+3.90,"48,518",
109/07/31,"76,014,822","4,864,729,574",63.00,65.10,62.20,64.30,+1.40,"35,234",
109/08/03,"35,102,624","2,246,052,427",64.60,64.80,63.40,63.40,-0.90,"18,355",
109/08/04,"74,308,657","4,940,887,219",64.40,68.30,64.00,67.00,+3.60,"36,158",
109/08/05,"117,264,999","8,459,025,885",69.00,73.70,68.50,73.70,+6.70,"47,823",
109/08/06,"106,237,604","8,015,318,575",74.60,77.20,74.00,76.10,+2.40,"52,840",
109/08/07,"59,214,293","4,475,823,597",75.50,76.80,74.50,75.50,-0.60,"29,575",
109/08/10,"61,928,468","4,749,777,568",75.50,78.70,74.60,76.00,+0.50,"31,194",
109/08/11,"141,534,998","11,327,968,744",77.50,83.50,76.50,81.60,+5.60,"69,725",
109/08/12,"179,504,364","15,529,281,596",82.60,89.60,82.60,89.00,+7.40,"92,884",
109/08/13,"236,260,720","20,500,068,791",89.20,94.50,80.20,80.60,-8.40,"124,335",
109/08/14,"163,925,031","13,634,972,535",81.50,86.90,79.00,85.00,+4.40,"85,437",
109/08/17,"93,665,076","7,854,505,308",86.60,87.30,82.10,83.00,-2.00,"49,052",
109/08/18,"82,069,985","6,923,540,565",83.30,86.30,83.00,84.10,+1.10,"41,375",
109/08/19,"103,063,024","9,006,124,464",85.40,89.00,85.10,88.50,+4.40,"54,280",
109/08/20,"122,075,751","10,083,194,474",89.00,89.20,79.70,79.70,-8.80,"62,187",
109/08/21,"132,515,338","10,800,709,697",80.00,83.00,79.10,80.60,+0.90,"62,826",
109/08/24,"100,074,833","7,814,584,428",81.00,81.60,76.30,79.20,-1.40,"45,204",
109/08/25,"62,674,598","4,998,301,188",80.50,81.40,78.70,78.70,-0.50,"30,962",
109/08/26,"44,093,946","3,501,675,272",78.20,80.80,77.70,79.60,+0.90,"22,187",
109/08/27,"58,963,830","4,653,012,017",80.60,81.30,77.20,77.30,-2.30,"30,301",
109/08/28,"69,516,854","5,235,957,452",77.30,77.70,74.00,74.50,-2.80,"33,468",
109/08/31,"42,298,245","3,166,649,330",75.70,76.70,73.50,73.60,-0.90,"20,684",
109/09/01,"99,504,170","7,534,985,827",73.90,78.30,72.20,77.40,+3.80,"48,231",
109/09/02,"59,733,562","4,590,862,113",78.20,78.30,75.70,76.80,-0.60,"29,557",
109/09/03,"57,061,507","4,499,934,914",78.50,79.80,78.00,78.60,+1.80,"28,959",
109/09/04,"52,343,353","3,996,399,318",76.10,77.50,75.60,75.70,-2.90,"26,745",
109/09/07,"69,231,563","5,050,666,410",75.80,76.50,70.20,72.10,-3.60,"33,518",
109/09/08,"40,526,909","2,978,889,816",74.00,74.80,72.50,73.20,+1.10,"20,453",
109/09/09,"30,867,722","2,246,453,730",71.50,74.00,70.80,73.90,+0.70,"15,155",
109/09/10,"33,925,233","2,472,358,542",74.50,74.80,72.10,72.90,-1.00,"17,876",
109/09/11,"39,026,470","2,818,146,155",72.40,73.60,70.50,72.30,-0.60,"20,471",
109/09/14,"45,467,244","3,404,717,744",72.80,76.00,72.80,76.00,+3.70,"22,172",
109/09/15,"86,957,206","6,729,159,891",75.70,79.70,75.00,76.30,+0.30,"43,997",
109/09/16,"42,684,809","3,323,838,790",77.20,78.70,76.80,77.90,+1.60,"21,846",
109/09/17,"50,868,304","4,016,578,224",78.20,80.20,77.90,80.20,+2.30,"25,268",
109/09/18,"37,030,143","2,920,204,219",80.20,80.20,78.20,78.20,-2.00,"19,211",
109/09/21,"37,567,292","2,947,343,108",78.00,79.40,77.10,78.90,+0.70,"18,461",
109/09/22,"50,430,278","3,934,077,429",78.50,80.00,76.70,77.40,-1.50,"25,514",
109/09/23,"25,427,778","1,978,558,521",78.10,78.60,77.30,77.30,-0.10,"12,491",
109/09/24,"42,244,014","3,159,483,536",75.70,76.70,73.70,73.80,-3.50,"22,217",
109/09/25,"48,059,404","3,506,717,581",74.60,75.30,70.50,72.50,-1.30,"23,786",
109/09/28,"57,542,891","4,384,319,232",73.20,78.30,73.00,77.50,+5.00,"31,115",
109/09/29,"67,272,307","5,104,326,088",78.40,79.20,74.10,74.10,-3.40,"35,093",
109/09/30,"39,072,727","2,889,180,522",75.40,75.50,72.90,74.40,+0.30,"20,326",
109/10/05,"61,783,137","4,745,686,586",73.90,78.20,73.80,78.20,+3.80,"27,862",
109/10/06,"55,005,148","4,310,569,400",79.10,79.90,77.20,77.70,-0.50,"26,705",
109/10/07,"35,045,484","2,760,466,836",77.40,79.30,77.20,79.00,+1.30,"17,195",
109/10/08,"124,914,919","10,348,652,719",80.00,85.40,79.10,84.80,+5.80,"65,166",
109/10/12,"89,574,364","7,667,379,423",86.00,87.80,83.60,85.20,+0.40,"44,540",
109/10/13,"41,588,142","3,512,769,519",85.70,86.50,83.10,85.50,+0.30,"22,097",
109/10/14,"51,547,455","4,426,748,079",85.60,87.00,84.50,85.60,+0.10,"27,514",
109/10/15,"58,056,675","5,017,839,526",85.90,88.60,85.20,85.50,-0.10,"29,698",
109/10/16,"60,837,478","5,237,809,070",86.60,87.90,83.40,83.70,-1.80,"29,866",
109/10/19,"60,483,477","5,223,148,365",85.30,87.70,85.00,85.50,+1.80,"30,738",
109/10/20,"52,960,662","4,585,923,292",85.50,88.00,84.70,88.00,+2.50,"25,845",
109/10/21,"62,430,211","5,443,816,692",89.00,89.50,85.40,86.40,-1.60,"32,336",
109/10/22,"45,930,892","3,962,527,704",85.90,87.40,84.70,87.30,+0.90,"24,230",
109/10/23,"33,391,066","2,866,508,029",87.30,87.40,85.00,85.10,-2.20,"18,100",
109/10/26,"37,314,179","3,162,836,952",85.40,85.70,83.20,85.40,+0.30,"18,907",
109/10/27,"62,942,060","5,212,515,770",84.00,84.90,81.50,81.60,-3.80,"32,989",
109/10/28,"136,100,727","10,359,030,830",79.10,79.60,73.70,74.90,-6.70,"70,823",
109/10/29,"184,275,451","12,593,601,415",67.50,70.80,67.50,67.90,-7.00,"78,705",
109/10/30,"105,431,813","7,246,639,280",68.10,70.50,67.50,68.20,+0.30,"53,846",
109/11/02,"84,517,485","5,593,973,789",68.90,69.50,65.00,65.20,-3.00,"43,691",
109/11/03,"61,612,032","4,084,382,418",66.50,67.70,65.20,66.30,+1.10,"31,580",
109/11/04,"67,756,041","4,586,019,453",67.00,68.80,65.90,68.80,+2.50,"35,554",
109/11/05,"49,663,173","3,423,672,169",69.20,69.80,67.90,68.80, 0.00,"25,537",
109/11/06,"64,914,747","4,544,395,236",69.30,71.20,68.80,68.80, 0.00,"33,682",
109/11/09,"32,851,773","2,291,146,099",70.50,70.80,69.30,69.50,+0.70,"16,382",
109/11/10,"86,121,003","6,144,771,277",69.50,73.10,69.30,71.50,+2.00,"40,371",
109/11/11,"83,998,480","6,197,533,751",73.10,74.50,72.40,74.30,+2.80,"41,001",
109/11/12,"54,361,418","4,020,042,736",74.90,75.60,72.60,72.60,-1.70,"28,113",
109/11/13,"32,764,203","2,389,026,401",73.00,74.20,71.60,74.10,+1.50,"17,543",
109/11/16,"31,963,364","2,380,965,632",75.00,75.20,73.80,74.60,+0.50,"15,189",
109/11/17,"38,848,391","2,923,119,674",75.00,76.00,74.50,74.60, 0.00,"19,857",
109/11/18,"25,763,757","1,932,998,407",75.00,75.70,74.30,75.50,+0.90,"12,987",
109/11/19,"29,308,267","2,211,420,616",75.80,76.40,74.80,74.90,-0.60,"14,575",
109/11/20,"22,437,370","1,689,295,868",74.90,75.80,74.60,75.70,+0.80,"10,304",
109/11/23,"68,660,224","5,367,542,579",78.00,79.30,76.70,78.70,+3.00,"32,781",
109/11/24,"100,707,580","8,293,241,364",80.00,83.90,79.80,82.00,+3.30,"53,382",
109/11/25,"72,270,354","6,026,112,732",84.00,85.00,80.60,83.10,+1.10,"35,001",
109/11/26,"149,709,362","13,138,826,845",83.70,89.90,83.40,89.60,+6.50,"70,421",
109/11/27,"117,243,354","10,606,682,612",90.50,92.40,88.70,90.40,+0.80,"58,686",
109/11/30,"184,078,768","16,721,771,813",92.00,93.50,89.90,89.90,-0.50,"42,582",
109/12/01,"91,641,009","7,887,320,588",90.30,90.70,84.50,84.70,-5.20,"48,450",
109/12/02,"47,552,759","4,073,765,578",85.10,87.20,84.90,85.20,+0.50,"22,547",
109/12/03,"40,251,356","3,388,740,572",85.80,85.90,83.20,83.70,-1.50,"20,903",
109/12/04,"56,212,200","4,611,914,754",83.50,84.00,81.00,81.30,-2.40,"29,806",
109/12/07,"32,254,162","2,652,605,796",82.00,83.80,81.30,82.00,+0.70,"17,809",
109/12/08,"31,780,935","2,655,552,096",82.20,84.50,82.00,84.50,+2.50,"17,324",
109/12/09,"35,720,444","2,989,097,237",85.10,85.60,82.90,83.20,-1.30,"19,113",
109/12/10,"19,487,384","1,606,599,104",82.70,83.60,81.70,82.20,-1.00,"10,450",
109/12/11,"53,083,832","4,410,131,427",82.90,84.70,81.50,81.60,-0.60,"27,645",
109/12/14,"27,044,688","2,257,872,262",82.60,84.40,81.70,83.80,+2.20,"14,486",
109/12/15,"70,522,319","6,001,492,368",84.30,86.00,83.80,85.80,+2.00,"32,510",
109/12/16,"111,045,457","9,747,595,572",88.00,89.70,86.50,86.70,+0.90,"49,934",
109/12/17,"85,744,885","7,521,983,970",88.10,89.60,85.30,86.00,-0.70,"41,976",
109/12/18,"35,407,920","3,056,309,218",86.60,87.50,85.60,85.60,-0.40,"17,482",
109/12/21,"45,090,822","3,755,265,924",85.60,86.00,81.60,84.40,-1.20,"23,785",
109/12/22,"25,103,279","2,099,456,293",83.60,85.20,82.10,82.10,-2.30,"13,720",
109/12/23,"46,462,499","3,957,995,954",82.60,87.50,82.20,86.20,+4.10,"23,098",
109/12/24,"24,407,178","2,079,984,433",86.20,86.50,84.40,84.50,-1.70,"13,128",
109/12/25,"15,368,802","1,297,927,291",85.30,85.80,83.50,84.00,-0.50,"8,740",
109/12/28,"17,000,764","1,441,760,679",84.30,85.80,83.70,85.30,+1.30,"9,812",
109/12/29,"36,623,053","3,155,228,441",85.10,87.20,84.30,85.70,+0.40,"19,237",
109/12/30,"32,849,473","2,863,400,115",86.80,87.80,86.10,86.90,+1.20,"17,753",
109/12/31,"30,599,854","2,677,180,836",88.00,88.50,86.30,87.40,+0.50,"15,470",
110/01/04,"85,694,419","7,775,440,709",88.80,93.20,87.80,90.50,+3.10,"45,426",
110/01/05,"81,051,713","7,460,881,389",91.30,94.30,88.50,94.30,+3.80,"43,186",
110/01/06,"114,758,736","10,867,428,519",95.50,98.00,90.50,91.10,-3.20,"60,994",
110/01/07,"47,179,561","4,372,572,323",92.00,94.20,91.10,92.10,+1.00,"24,867",
110/01/08,"40,095,493","3,622,464,943",92.50,93.00,89.10,90.20,-1.90,"21,827",
110/01/11,"48,852,704","4,545,466,760",90.50,95.00,89.50,94.90,+4.70,"26,980",
110/01/12,"98,307,324","9,581,002,058",95.00,99.90,93.40,99.40,+4.50,"51,745",
110/01/13,"74,422,218","7,414,114,133",101.00,103.50,97.60,97.60,-1.80,"41,215",
110/01/14,"32,667,261","3,190,358,564",97.60,99.70,96.20,96.70,-0.90,"18,893",
110/01/15,"62,175,681","6,148,192,246",97.50,100.50,96.50,100.00,+3.30,"32,283",
110/01/18,"58,694,231","5,640,206,929",99.60,99.60,94.80,95.00,-5.00,"32,811",
110/01/19,"26,115,384","2,518,258,822",95.80,97.20,95.20,96.40,+1.40,"14,863",
110/01/20,"39,610,036","3,722,970,750",96.90,97.60,92.10,92.40,-4.00,"22,535",
110/01/21,"35,563,801","3,372,691,048",93.80,96.40,92.60,95.60,+3.20,"19,615",
110/01/22,"73,381,621","7,281,613,362",95.90,102.00,94.80,101.00,+5.40,"38,110",
110/01/25,"55,929,111","5,458,282,984",99.50,102.00,94.90,95.70,-5.30,"31,589",
110/01/26,"44,745,538","4,301,586,666",96.30,98.50,94.00,94.00,-1.70,"25,675",
110/01/27,"36,624,404","3,406,651,129",94.70,95.00,92.20,92.60,-1.40,"21,148",
110/01/28,"39,140,061","3,478,094,408",88.20,90.80,88.00,88.10,-4.50,"23,299",
110/01/29,"27,815,055","2,442,426,632",89.20,89.80,86.50,86.50,-1.60,"15,428",
110/02/01,"29,449,349","2,528,629,134",86.60,87.50,84.00,85.80,-0.70,"16,484",
110/02/02,"32,710,315","2,885,586,637",86.90,89.60,86.60,88.70,+2.90,"16,750",
110/02/03,"28,986,865","2,543,570,958",89.50,90.00,86.10,86.30,-2.40,"16,691",
110/02/04,"91,244,092","7,627,911,344",85.80,87.60,80.00,84.10,-2.20,"45,514",
110/02/05,"83,025,901","7,193,809,365",84.10,89.70,82.30,89.70,+5.60,"45,457",
110/02/17,"47,279,285","4,316,211,003",91.50,93.00,90.00,91.60,+1.90,"24,938",
110/02/18,"21,774,880","1,989,345,036",90.80,92.50,90.10,91.60, 0.00,"11,707",
110/02/19,"22,429,196","2,060,466,338",91.00,93.00,90.60,91.60, 0.00,"11,439",
110/02/22,"45,627,625","4,339,667,303",92.90,97.00,92.20,95.40,+3.80,"25,023",
110/02/23,"105,705,314","10,500,529,242",96.00,102.50,95.40,99.60,+4.20,"50,882",
110/02/24,"109,059,139","10,919,655,511",99.80,103.50,96.50,97.00,-2.60,"53,935",
110/02/25,"64,480,610","6,304,924,366",99.70,101.50,95.00,95.60,-1.40,"35,850",
110/02/26,"47,734,491","4,618,649,266",93.20,98.20,93.20,97.50,+1.90,"25,345",
110/03/02,"43,458,245","4,195,995,043",99.60,100.50,94.10,94.30,-3.20,"25,634",
110/03/03,"40,925,405","3,770,298,465",94.90,95.50,90.10,91.80,-2.50,"23,295",
110/03/04,"38,261,426","3,533,966,361",92.00,93.80,91.00,92.70,+0.90,"22,014",
110/03/05,"29,836,093","2,732,308,647",91.00,93.20,89.60,91.20,-1.50,"16,806",
110/03/08,"21,455,188","1,970,913,466",92.50,93.40,90.10,90.20,-1.00,"12,105",
110/03/09,"38,164,885","3,344,218,196",90.00,90.50,86.50,86.60,-3.60,"22,801",
110/03/10,"22,306,922","1,978,585,916",87.70,89.70,87.60,88.70,+2.10,"13,900",
110/03/11,"24,624,340","2,249,272,925",89.10,92.90,89.10,92.90,+4.20,"15,027",
110/03/12,"26,368,663","2,435,129,827",93.60,94.30,91.00,91.50,-1.40,"15,802",
110/03/15,"17,897,495","1,624,268,234",91.40,92.30,90.20,90.60,-0.90,"10,636",
110/03/16,"13,322,190","1,213,751,505",91.30,92.20,90.50,90.70,+0.10,"7,953",
110/03/17,"10,620,794","968,894,905",91.50,91.90,90.70,90.90,+0.20,"6,123",
110/03/18,"24,737,419","2,295,366,497",91.90,93.80,91.70,92.10,+1.20,"13,082",
110/03/19,"31,517,587","2,828,188,267",91.70,91.80,88.70,89.00,-3.10,"18,847",
110/03/22,"21,082,904","1,850,757,558",88.50,88.80,87.10,87.70,-1.30,"13,033",
110/03/23,"25,940,371","2,290,504,967",88.30,90.50,87.60,88.00,+0.30,"14,648",
110/03/24,"20,648,838","1,826,789,322",87.90,89.70,87.60,87.90,-0.10,"11,837",
110/03/25,"34,501,439","2,997,596,984",88.30,89.30,85.70,85.90,-2.00,"21,938",
110/03/26,"39,615,129","3,525,031,012",87.00,90.90,86.60,89.90,+4.00,"22,907",
110/03/29,"24,269,682","2,184,949,539",91.00,91.70,89.10,89.80,-0.10,"13,067",
110/03/30,"59,026,910","5,453,918,527",90.20,93.70,90.20,91.20,+1.40,"31,437",
110/03/31,"26,751,012","2,453,928,589",92.00,92.40,91.20,91.50,+0.30,"13,568",
110/04/01,"30,409,898","2,806,977,357",92.40,93.80,91.00,91.60,+0.10,"16,506",
110/04/06,"21,170,162","1,967,376,969",93.20,93.80,91.80,93.10,+1.50,"11,628",
110/04/07,"26,165,005","2,411,981,746",94.10,94.20,91.10,91.40,-1.70,"14,095",
110/04/08,"21,782,187","2,006,012,497",91.60,93.20,90.30,92.90,+1.50,"12,090",
110/04/09,"30,693,268","2,835,555,506",93.20,93.70,91.10,91.70,-1.20,"12,147",
110/04/12,"20,453,843","1,852,429,977",92.30,92.50,89.60,89.60,-2.10,"11,961",
110/04/13,"31,861,408","2,849,444,397",89.60,90.70,88.00,88.00,-1.60,"9,848",
110/04/14,"36,230,225","3,162,109,846",88.60,89.20,84.60,87.50,-0.50,"15,048",
110/04/15,"12,841,573","1,127,745,846",87.90,88.70,86.60,87.90,+0.40,"8,371",
110/04/16,"19,453,142","1,741,128,293",87.90,90.50,87.50,90.10,+2.20,"11,558",
110/04/19,"40,977,210","3,811,354,920",92.80,93.70,92.00,93.20,+3.10,"21,640",
110/04/20,"20,632,370","1,924,549,386",93.50,94.00,92.30,93.30,+0.10,"11,757",
110/04/21,"18,072,512","1,682,294,721",93.60,94.00,92.50,92.60,-0.70,"10,992",
110/04/22,"28,490,466","2,648,270,763",93.30,94.70,90.30,90.80,-1.80,"17,060",
110/04/23,"29,069,306","2,716,847,675",91.60,94.30,90.50,94.20,+3.40,"15,904",
110/04/26,"90,431,638","8,901,233,607",98.00,100.50,94.60,99.80,+5.60,"47,911",
110/04/27,"50,337,764","5,140,189,258",103.00,104.50,100.00,102.50,+2.70,"26,755",
110/04/28,"52,575,332","5,799,657,470",107.00,112.50,105.50,112.50,+10.00,"19,755",
110/04/29,"122,819,933","14,276,487,149",115.00,121.00,111.50,115.00,+2.50,"53,437",
110/05/03,"47,152,275","5,327,425,642",116.50,119.00,108.50,109.50,-5.50,"23,492",
110/05/04,"53,440,342","5,544,165,667",110.00,111.50,98.70,104.50,-5.00,"24,380",
110/05/05,"34,367,325","3,505,376,957",104.50,107.00,98.50,99.00,-5.50,"17,068",
110/05/06,"52,466,706","5,474,521,945",100.00,108.00,98.80,106.50,+7.50,"25,405",
110/05/07,"39,789,559","4,260,961,086",106.50,109.50,105.00,106.50, 0.00,"19,832",
110/05/10,"22,608,558","2,336,572,712",107.50,109.00,100.00,101.50,-5.00,"12,926",
110/05/11,"30,667,108","2,985,706,446",97.00,102.00,95.00,96.40,-5.10,"17,378",
110/05/12,"46,854,550","4,333,534,946",96.60,98.20,86.80,91.20,-5.20,"26,563",
110/05/13,"41,915,721","3,912,314,723",87.50,96.50,85.20,94.60,+3.40,"23,795",
110/05/14,"49,297,794","4,838,414,584",95.80,104.00,94.50,95.00,+0.40,"27,611",
110/05/17,"55,257,303","5,219,682,972",88.40,99.60,88.30,93.10,-1.90,"32,958",
110/05/18,"48,276,792","4,756,858,850",97.50,101.00,95.00,99.70,+6.60,"27,462",
110/05/19,"25,549,424","2,525,392,259",99.40,101.50,97.10,98.10,-1.60,"15,749",
110/05/20,"29,430,057","2,845,856,274",97.60,100.50,94.10,94.60,-3.50,"16,307",
110/05/21,"40,284,589","3,987,363,057",97.20,100.50,96.60,100.50,+5.90,"22,475",
110/05/24,"33,940,966","3,442,219,547",100.00,104.00,99.00,103.50,+3.00,"16,738",
110/05/25,"45,726,511","4,861,326,629",105.00,109.00,103.00,105.50,+2.00,"23,764",
110/05/26,"20,406,866","2,132,212,754",108.00,108.00,102.00,103.00,-2.50,"11,686",
110/05/27,"21,019,520","2,121,118,822",102.00,102.50,99.80,101.00,-2.00,"9,050",
110/05/28,"23,426,218","2,433,400,548",102.50,106.50,101.50,104.50,+3.50,"11,727",
110/05/31,"49,125,225","5,401,570,948",107.50,114.00,106.00,112.50,+8.00,"25,627",
110/06/01,"31,839,879","3,613,561,409",115.00,115.50,111.00,113.00,+0.50,"17,124",
110/06/02,"28,680,284","3,226,205,720",115.00,117.00,108.50,110.50,-2.50,"15,575",
110/06/03,"62,919,433","7,426,727,241",113.00,121.50,112.00,121.50,+11.00,"29,660",
110/06/04,"54,261,007","6,404,027,542",119.50,120.00,116.00,117.50,-4.00,"29,020",
110/06/07,"105,633,761","13,023,798,687",120.00,129.00,115.00,127.50,+10.00,"56,084",
110/06/08,"127,334,829","16,458,163,140",129.00,135.00,124.00,125.50,-2.00,"68,957",
110/06/09,"70,703,918","9,083,038,546",127.00,131.50,125.00,127.00,+1.50,"37,647",
110/06/10,"48,087,896","6,144,185,548",128.00,129.50,125.00,129.00,+2.00,"25,047",
110/06/11,"38,976,307","4,920,916,994",129.00,130.00,124.00,124.50,-4.50,"21,891",
110/06/15,"25,502,374","3,243,856,591",126.00,129.50,125.50,127.00,+2.50,"14,262",
110/06/16,"39,757,407","5,123,655,020",126.00,132.50,125.50,126.00,-1.00,"23,512",
110/06/17,"56,353,298","7,415,239,278",126.50,136.00,126.00,134.00,+8.00,"31,108",
110/06/18,"65,876,287","8,911,598,748",135.00,140.00,130.00,130.00,-4.00,"36,431",
110/06/21,"45,791,120","6,049,992,006",131.00,135.50,129.00,131.00,+1.00,"25,138",
110/06/22,"87,578,760","11,987,747,066",135.00,141.00,131.50,134.50,+3.50,"48,471",
110/06/23,"53,804,941","7,248,298,478",137.50,139.50,130.50,132.00,-2.50,"30,003",
110/06/24,"49,572,881","6,581,835,888",134.00,136.50,129.00,131.00,-1.00,"26,278",
110/06/25,"33,143,031","4,273,205,681",132.50,133.50,127.00,127.50,-3.50,"21,473",
110/06/28,"23,653,296","3,018,603,696",126.50,129.50,125.50,129.00,+1.50,"14,970",
110/06/29,"17,519,574","2,260,260,571",130.50,131.50,127.00,127.50,-1.50,"10,138",
110/06/30,"13,074,791","1,684,531,324",128.50,130.00,127.50,129.00,+1.50,"7,199",
110/07/01,"36,250,528","4,485,186,828",128.50,129.00,120.00,123.50,-5.50,"22,482",
110/07/02,"22,274,074","2,817,928,395",123.50,129.00,123.00,126.50,+3.00,"12,627",
110/07/05,"46,469,409","6,134,043,494",127.50,135.50,126.50,132.00,+5.50,"27,815",
110/07/06,"35,116,061","4,695,527,584",132.50,137.00,130.50,132.50,+0.50,"20,559",
110/07/07,"68,194,247","9,376,626,307",135.50,140.50,134.00,137.00,+4.50,"35,941",
110/07/08,"110,187,006","15,816,727,807",139.00,149.50,138.00,141.00,+4.00,"63,042",
110/07/09,"54,525,369","7,728,652,778",139.00,145.00,138.00,142.50,+1.50,"30,075",
110/07/12,"51,974,333","7,432,704,818",147.50,148.00,140.00,140.50,-2.00,"32,012",
110/07/13,"39,618,165","5,564,717,959",143.00,145.50,135.00,136.00,-4.50,"24,069",
110/07/14,"39,320,348","5,561,960,872",139.50,144.00,137.00,143.00,+7.00,"24,144",
110/07/15,"36,176,045","5,191,609,133",143.50,145.50,141.00,143.50,+0.50,"21,789",
110/07/16,"17,663,834","2,528,123,641",142.50,145.00,141.50,143.50, 0.00,"10,814",
110/07/19,"18,375,318","2,620,824,939",143.00,145.00,140.00,142.00,-1.50,"11,124",
110/07/20,"25,276,694","3,589,359,017",141.00,144.50,138.50,141.50,-0.50,"16,311",
110/07/21,"41,892,696","5,939,857,870",144.00,146.50,136.00,137.50,-4.00,"24,118",
110/07/22,"51,767,636","7,491,737,187",141.00,148.50,140.50,146.50,+9.00,"27,895",
110/07/23,"50,858,702","7,314,293,603",151.00,151.50,138.00,139.50,-7.00,"30,362",
110/07/26,"38,737,307","5,593,280,415",142.00,147.50,138.50,146.00,+6.50,"20,724",
110/07/27,"35,475,325","5,034,237,470",147.00,148.00,138.00,142.00,-4.00,"20,569",
110/07/28,"49,188,001","6,611,673,321",139.00,140.00,128.50,138.00,-4.00,"29,519",
110/07/29,"103,246,473","15,401,470,618",144.00,151.50,143.00,151.50,+13.50,"47,191",
110/07/30,"64,969,506","9,598,678,306",152.50,153.00,144.50,146.00,-5.50,"39,852",
110/08/02,"18,614,837","2,716,465,424",148.00,148.50,144.00,145.50,-0.50,"11,122",
110/08/03,"40,793,033","6,046,345,983",146.00,150.50,144.00,150.00,+4.50,"22,317",
110/08/04,"24,363,930","3,610,162,878",149.50,150.50,146.00,147.00,-3.00,"14,304",
110/08/05,"25,096,388","3,757,164,924",148.00,152.00,147.00,148.50,+1.50,"14,960",
110/08/06,"16,364,687","2,387,205,687",147.50,148.00,144.50,146.00,-2.50,"10,740",
110/08/09,"12,071,205","1,762,989,726",146.00,148.00,144.00,145.00,-1.00,"7,869",
110/08/10,"23,965,650","3,382,313,507",144.50,146.00,139.00,141.00,-4.00,"14,949",
110/08/11,"21,078,001","2,914,549,931",140.00,142.00,135.00,138.50,-2.50,"12,407",
110/08/12,"12,093,501","1,700,711,088",139.00,142.00,138.00,142.00,+3.50,"7,183",
110/08/13,"29,022,342","3,962,197,045",142.50,143.00,133.50,135.00,-7.00,"15,967",
110/08/16,"19,365,519","2,602,954,571",134.50,137.00,132.00,136.50,+1.50,"10,869",
110/08/17,"21,646,416","2,847,133,254",137.50,137.50,128.00,128.50,-8.00,"14,036",
110/08/18,"33,627,704","4,477,327,363",125.50,138.00,123.50,138.00,+9.50,"17,896",
110/08/19,"18,095,305","2,412,669,463",135.00,136.50,130.50,131.00,-7.00,"11,437",
110/08/20,"19,234,515","2,562,029,281",133.50,135.50,130.00,134.00,+3.00,"11,156",
110/08/23,"19,588,994","2,701,682,880",136.00,139.50,135.50,138.00,+4.00,"11,547",
110/08/24,"16,348,635","2,272,874,736",141.50,141.50,136.50,136.50,-1.50,"8,628",
110/08/25,"29,890,177","4,268,211,311",139.00,146.00,138.50,142.50,+6.00,"17,861",
110/08/26,"19,559,968","2,755,651,616",144.50,145.00,139.00,139.50,-3.00,"10,584",
110/08/27,"34,183,170","4,919,406,183",140.00,147.00,138.00,144.50,X0.00,"20,771",
110/08/30,"27,645,637","4,079,293,729",146.50,149.50,145.00,148.00,+3.50,"16,579",
110/08/31,"15,732,101","2,310,210,697",148.00,148.50,145.00,147.50,-0.50,"8,119",
110/09/01,"21,327,815","3,173,684,733",147.00,151.50,145.50,148.50,+1.00,"12,381",
110/09/02,"22,816,016","3,400,949,914",149.00,151.00,147.00,147.50,-1.00,"12,053",
110/09/03,"44,160,514","6,720,583,543",149.50,156.00,148.00,155.00,+7.50,"24,155",
110/09/06,"36,396,594","5,642,040,543",155.00,158.50,151.50,154.50,-0.50,"22,285",
110/09/07,"40,552,113","6,033,713,468",155.00,156.00,143.00,148.50,-6.00,"21,953",
110/09/08,"41,651,289","5,915,131,251",146.50,147.00,138.50,143.00,-5.50,"23,817",
110/09/09,"19,635,375","2,817,054,508",141.00,146.00,140.00,144.00,+1.00,"12,277",
110/09/10,"13,447,219","1,938,158,052",144.50,145.50,141.50,145.50,+1.50,"7,844",
110/09/13,"8,444,412","1,218,677,263",145.00,146.50,143.00,144.50,-1.00,"4,822",
110/09/14,"9,822,206","1,412,764,979",144.50,146.00,142.00,142.50,-2.00,"6,147",
110/09/15,"8,251,311","1,173,954,605",142.50,144.00,141.00,141.50,-1.00,"5,680",
110/09/16,"22,778,026","3,325,020,421",143.00,147.50,142.50,145.50,+4.00,"12,990",
110/09/17,"15,774,999","2,298,119,931",145.00,148.00,143.00,147.50,+2.00,"9,116",
110/09/22,"16,765,915","2,380,493,487",142.50,145.50,141.00,141.00,-6.50,"11,377",
110/09/23,"16,576,195","2,384,220,295",144.00,146.00,142.00,142.00,+1.00,"9,609",
110/09/24,"14,250,930","2,047,166,039",144.00,145.00,142.50,143.00,+1.00,"7,269",
110/09/27,"25,472,331","3,534,090,528",142.00,142.50,137.00,138.00,-5.00,"17,323",
110/09/28,"28,528,543","3,818,878,255",134.00,138.50,131.00,137.00,-1.00,"16,727",
110/09/29,"23,890,422","3,141,368,507",131.50,133.50,130.00,131.00,-6.00,"14,061",
110/09/30,"29,736,849","3,879,813,702",131.50,133.00,126.00,132.00,+1.00,"16,386",
110/10/01,"20,122,203","2,580,960,193",129.00,132.00,125.50,127.50,-4.50,"11,481",
110/10/04,"26,136,279","3,268,080,859",129.00,130.00,122.00,122.50,-5.00,"12,322",
110/10/05,"30,754,537","3,799,677,489",118.50,128.00,116.50,125.50,+3.00,"14,892",
110/10/06,"15,736,243","1,943,475,096",126.00,127.00,120.50,121.50,-4.00,"9,183",
110/10/07,"25,776,902","3,243,911,787",122.50,128.50,122.00,126.50,+5.00,"13,885",
110/10/08,"17,331,731","2,234,294,901",127.50,130.50,126.50,130.00,+3.50,"8,478",
110/10/12,"14,146,800","1,782,470,260",128.00,130.00,123.00,124.00,-6.00,"7,836",
110/10/13,"29,165,710","3,464,770,454",125.00,125.50,116.00,116.00,-8.00,"15,521",
110/10/14,"25,300,984","2,958,653,433",116.00,119.50,115.00,117.00,+1.00,"12,015",
110/10/15,"35,503,329","4,441,201,531",120.50,128.50,119.50,126.00,+9.00,"18,075",
110/10/18,"36,425,156","4,710,719,286",130.00,131.50,126.50,129.00,+3.00,"18,472",
110/10/19,"84,087,527","11,664,411,035",133.00,141.50,132.50,141.50,+12.50,"33,835",
110/10/20,"121,515,513","17,695,260,379",142.50,151.00,141.00,145.50,+4.00,"63,546",
110/10/21,"50,600,813","7,262,502,509",145.50,147.50,140.00,142.00,-3.50,"28,045",
110/10/22,"43,985,793","6,355,223,757",145.00,147.00,141.50,143.50,+1.50,"22,899",
110/10/25,"56,328,253","8,367,560,043",143.00,153.00,142.50,150.50,+7.00,"32,680",
110/10/26,"83,852,359","13,077,237,189",157.00,160.50,152.50,156.00,+5.50,"42,222",
110/10/27,"52,290,164","8,903,558,621",171.00,171.50,167.00,171.50,+15.50,"21,858",
110/10/28,"133,831,775","23,781,704,896",176.00,181.50,173.00,178.50,+7.00,"69,668",
110/10/29,"98,455,838","18,129,792,577",179.50,191.00,176.50,190.00,+11.50,"62,491",
110/11/01,"71,674,191","13,825,420,105",197.50,198.50,188.50,189.00,-1.00,"54,258",
110/11/02,"91,361,986","17,820,574,964",192.50,200.50,189.00,196.00,+7.00,"55,084",
110/11/03,"72,174,925","13,498,744,557",197.50,198.00,182.50,187.50,-8.50,"50,062",
110/11/04,"48,998,741","9,416,654,974",192.00,195.50,189.00,190.00,+2.50,"29,331",
110/11/05,"54,345,348","10,336,782,798",190.50,196.00,182.50,195.00,+5.00,"34,927",
110/11/08,"27,862,898","5,275,327,346",191.50,192.00,187.00,190.00,-5.00,"23,221",
110/11/09,"48,392,224","9,467,290,907",193.00,199.00,192.50,192.50,+2.50,"26,978",
110/11/10,"42,275,213","8,344,688,576",191.00,201.50,191.00,199.50,+7.00,"24,842",
110/11/11,"44,492,246","8,777,491,177",196.00,203.00,194.00,195.00,-4.50,"30,608",
110/11/12,"52,134,122","10,499,001,534",198.50,206.00,195.50,202.00,+7.00,"30,145",
110/11/15,"53,708,476","10,751,091,459",205.00,206.50,195.00,196.00,-6.00,"34,064",
110/11/16,"31,333,097","6,115,403,790",197.50,199.50,192.50,195.00,-1.00,"19,144",
110/11/17,"18,149,099","3,554,170,511",196.00,198.00,193.00,198.00,+3.00,"11,981",
110/11/18,"30,431,351","5,851,128,989",196.50,197.00,189.00,192.50,-5.50,"20,767",
110/11/19,"17,127,361","3,342,450,647",194.50,197.00,193.00,195.50,+3.00,"10,620",
110/11/22,"16,318,433","3,152,014,243",193.50,196.50,189.50,196.00,+0.50,"12,331",
110/11/23,"19,989,666","3,925,866,135",194.00,199.00,192.50,197.00,+1.00,"11,852",
110/11/24,"37,299,187","7,444,257,475",196.50,203.50,194.50,198.50,+1.50,"24,297",
110/11/25,"65,189,877","13,491,703,204",200.00,212.00,199.50,210.50,+12.00,"40,213",
110/11/26,"60,771,251","12,604,822,841",210.00,212.50,201.50,207.50,-3.00,"39,019",
110/11/29,"49,109,183","10,259,740,820",206.50,214.00,202.00,213.00,+5.50,"30,268",
110/11/30,"69,052,834","15,528,373,019",217.00,229.50,214.50,228.00,+15.00,"40,654",
110/12/01,"33,173,026","7,411,481,814",225.00,226.50,221.00,223.50,-4.50,"23,449",
110/12/02,"51,805,463","11,320,943,008",224.00,228.00,213.00,213.00,-10.50,"33,505",
110/12/03,"28,237,593","6,095,521,023",215.00,218.00,212.00,217.50,+4.50,"16,177",
110/12/06,"21,679,589","4,727,094,969",218.50,220.50,214.50,219.00,+1.50,"13,562",
110/12/07,"31,057,496","6,868,405,130",220.00,227.00,215.00,216.50,-2.50,"23,790",
110/12/08,"26,337,755","5,861,343,525",222.00,225.00,219.00,221.00,+4.50,"17,775",
110/12/09,"32,434,346","7,215,688,029",224.50,228.00,217.50,218.00,-3.00,"23,908",
110/12/10,"28,312,448","6,279,410,820",217.00,225.00,215.00,224.50,+6.50,"16,709",
110/12/13,"22,632,226","5,035,126,827",226.00,227.00,219.00,220.50,-4.00,"17,426",
110/12/14,"16,757,113","3,643,235,801",220.00,222.00,215.50,216.00,-4.50,"12,529",
110/12/15,"22,989,240","5,064,523,973",218.00,224.00,216.00,221.50,+5.50,"11,008",
110/12/16,"20,857,562","4,664,852,654",225.00,226.00,220.00,225.00,+3.50,"17,103",
110/12/17,"55,442,100","12,402,338,730",225.50,231.50,218.00,222.00,-3.00,"30,880",
110/12/20,"19,801,504","4,364,385,805",221.00,225.00,217.50,218.00,-4.00,"15,174",
110/12/21,"18,310,122","4,010,587,761",219.50,222.50,215.00,222.50,+4.50,"11,312",
110/12/22,"28,680,902","6,485,640,360",224.00,229.00,222.00,227.50,+5.00,"18,663",
110/12/23,"55,627,208","13,137,932,639",230.00,240.00,229.00,240.00,+12.50,"39,081",
110/12/24,"26,940,670","6,437,845,825",241.00,243.00,236.50,239.00,-1.00,"16,908",
110/12/27,"34,465,337","8,323,543,432",240.50,247.50,236.00,236.00,-3.00,"23,128",
110/12/28,"13,274,826","3,163,933,497",239.50,240.00,236.00,239.00,+3.00,"9,205",
110/12/29,"15,250,800","3,587,923,089",239.00,240.00,233.00,233.00,-6.00,"11,607",
110/12/30,"18,284,580","4,243,287,373",232.00,236.00,229.00,231.00,-2.00,"11,819",
111/01/03,"30,680,600","7,218,335,430",235.00,240.50,231.00,231.00, 0.00,"18,316",
111/01/04,"23,913,232","5,617,108,847",234.50,238.00,231.50,237.00,+6.00,"15,879",
111/01/05,"20,977,602","4,893,444,978",237.00,239.00,230.00,230.00,-7.00,"14,784",
111/01/06,"32,633,746","7,278,805,896",228.00,228.00,220.00,221.00,-9.00,"21,531",
111/01/07,"34,146,702","7,413,089,373",222.00,223.50,212.50,217.50,-3.50,"20,575",
111/01/10,"33,270,618","7,013,408,674",213.00,216.00,207.00,209.50,-8.00,"21,218",
111/01/11,"25,479,110","5,332,212,282",206.50,212.00,206.00,208.50,-1.00,"14,892",
111/01/12,"31,060,917","6,679,790,005",215.50,217.50,212.00,216.00,+7.50,"17,613",
111/01/13,"22,506,242","4,886,132,549",215.50,220.00,212.50,218.00,+2.00,"13,825",
111/01/14,"20,733,222","4,477,665,321",216.50,220.50,211.50,220.00,+2.00,"13,056",
111/01/17,"23,283,703","5,184,314,946",222.50,225.50,221.00,221.50,+1.50,"14,504",
111/01/18,"19,261,255","4,324,603,567",222.50,227.50,220.50,222.00,+0.50,"11,967",
111/01/19,"20,382,178","4,405,027,062",217.00,219.50,213.50,215.50,-6.50,"14,136",
111/01/20,"17,642,065","3,838,271,786",215.00,222.00,213.50,222.00,+6.50,"12,077",
111/01/21,"45,271,304","9,453,186,892",215.00,216.00,200.50,201.00,-21.00,"38,698",
111/01/24,"36,189,629","7,297,912,970",196.50,208.00,194.00,207.00,+6.00,"20,216",
111/01/25,"27,785,984","5,608,182,363",202.00,205.50,199.00,200.50,-6.50,"19,267",
111/01/26,"17,876,927","3,599,270,842",200.50,204.00,199.00,200.00,-0.50,"15,433",
111/02/07,"19,851,394","4,009,150,053",204.00,206.00,198.00,203.00,+3.00,"17,207",
111/02/08,"26,548,764","5,462,776,542",203.50,209.00,203.00,205.50,+2.50,"19,033",
111/02/09,"44,888,729","9,686,344,971",209.00,222.00,208.50,221.50,+16.00,"33,905",
111/02/10,"30,957,800","6,806,478,715",223.50,225.00,216.00,217.50,-4.00,"29,350",
111/02/11,"27,542,874","6,106,106,311",215.00,224.50,215.00,222.00,+4.50,"16,147",
111/02/14,"13,712,914","2,979,072,380",217.50,219.50,215.00,217.50,-4.50,"18,659",
111/02/15,"23,078,039","5,169,383,456",220.00,227.00,219.50,222.50,+5.00,"18,047",
111/02/16,"38,530,990","8,991,540,396",230.00,237.00,229.00,233.50,+11.00,"31,647",
111/02/17,"27,431,289","6,442,932,264",234.50,238.00,231.00,234.50,+1.00,"21,692",
111/02/18,"58,539,601","14,159,649,877",233.00,247.50,231.50,242.00,+7.50,"42,420",
111/02/21,"32,745,720","7,834,998,088",239.50,244.50,235.50,237.50,-4.50,"32,741",
111/02/22,0,0,--,--,--,--, 0.00,0,
111/02/23,"38,012,664","8,999,629,842",233.00,241.00,232.50,240.50,X0.00,"31,530",
111/02/24,"90,931,264","22,328,964,535",238.50,254.00,234.50,243.00,+2.50,"55,561",
111/02/25,"66,414,114","17,067,065,331",254.00,261.00,252.50,254.00,+11.00,"55,505",
111/03/01,"53,817,420","13,604,408,287",257.50,260.50,246.50,246.50,-7.50,"38,856",
111/03/02,"31,846,269","7,858,897,246",248.50,251.00,241.00,250.00,+3.50,"29,180",
111/03/03,"26,160,990","6,533,391,036",253.00,255.50,246.00,246.00,-4.00,"28,192",
111/03/04,"30,244,189","7,496,591,343",246.00,253.00,243.50,245.00,-1.00,"25,615",
111/03/07,"45,140,523","10,222,231,192",237.00,237.50,221.00,222.00,-23.00,"37,407",
111/03/08,"41,909,884","9,306,879,194",214.00,229.50,213.00,216.00,-6.00,"38,424",
111/03/09,"35,910,725","8,040,527,705",224.50,227.50,219.00,227.00,+11.00,"35,218",
111/03/10,"38,470,621","9,192,133,017",238.50,241.50,234.50,241.00,+14.00,"36,702",
111/03/11,"25,146,480","5,942,764,853",241.00,241.00,233.50,235.50,-5.50,"30,294",
111/03/14,"47,316,192","10,728,583,918",236.00,239.50,222.00,225.00,-10.50,"30,353",
111/03/15,"37,435,065","8,176,092,948",223.50,225.00,213.50,217.50,-7.50,"37,849",
111/03/16,"30,353,132","6,541,887,200",224.50,225.00,210.00,212.50,-5.00,"21,652",
111/03/17,"34,118,151","7,629,584,982",223.00,228.00,219.50,225.50,+13.00,"31,587",
111/03/18,"23,171,057","5,086,622,339",222.00,222.50,217.00,219.50,-6.00,"17,894",
111/03/21,"21,527,280","4,863,197,534",222.50,230.00,222.50,226.00,+6.50,"28,341",
111/03/22,"19,900,973","4,553,049,059",224.00,232.00,223.50,232.00,+6.00,"13,045",
111/03/23,"26,922,762","6,414,524,578",238.50,240.50,235.00,239.00,+7.00,"18,658",
111/03/24,"20,258,673","4,825,466,672",236.50,241.00,235.50,238.50,-0.50,"29,560",
111/03/25,"33,893,819","8,218,746,094",241.00,246.00,237.50,246.00,+7.50,"32,835",
111/03/28,"19,124,406","4,604,375,074",241.00,243.00,238.50,241.00,-5.00,"23,076",
111/03/29,"23,542,476","5,755,933,069",245.50,249.00,240.00,244.00,+3.00,"30,273",
111/03/30,"30,475,509","7,604,507,902",248.00,252.00,246.00,248.50,+4.50,"26,521",
111/03/31,"19,364,756","4,789,787,524",249.00,250.00,243.00,249.00,+0.50,"20,046",
111/04/01,"23,064,446","5,616,189,015",246.00,246.00,241.00,243.50,-5.50,"25,867",
111/04/06,"31,197,099","7,257,239,316",234.00,236.50,230.00,230.50,-13.00,"37,843",
111/04/07,"29,447,577","6,813,894,902",228.00,236.00,227.00,227.00,-3.50,"35,651",
111/04/08,"17,229,951","3,954,272,728",231.50,233.00,226.00,231.00,+4.00,"27,799",
111/04/11,"30,127,354","6,555,195,706",227.50,227.50,213.00,213.50,-17.50,"39,847",
111/04/12,"18,348,533","3,978,114,361",211.00,221.00,210.50,215.00,+1.50,"14,042",
111/04/13,"18,162,086","3,923,408,879",219.00,220.00,213.00,216.50,+1.50,"20,433",
111/04/14,"11,081,751","2,426,247,427",219.50,222.00,217.00,217.50,+1.00,"8,747",
111/04/15,"20,742,040","4,314,759,173",213.00,213.50,205.00,205.00,-12.50,"19,225",
111/04/18,"20,116,477","4,137,479,023",199.00,210.00,198.00,206.50,+1.50,"14,509",
111/04/19,"15,334,107","3,236,561,391",211.00,213.00,209.00,210.50,+4.00,"17,706",
111/04/20,"23,840,852","5,201,796,341",214.00,220.00,214.00,220.00,+9.50,"15,982",
111/04/21,"22,552,339","4,938,420,772",216.00,221.00,215.50,220.00, 0.00,"20,799",
111/04/22,"25,506,149","5,384,910,537",213.00,216.50,209.00,210.00,-10.00,"16,069",
111/04/25,"24,244,616","4,920,151,300",202.00,208.00,199.00,202.00,-8.00,"17,895",
111/04/26,"24,161,136","4,859,094,639",207.50,208.00,197.00,199.50,-2.50,"18,225",
111/04/27,"63,792,152","13,166,781,986",195.00,219.00,192.00,216.50,+17.00,"36,058",
111/04/28,"47,221,179","9,896,500,128",213.00,215.50,205.00,205.50,-11.00,"64,504",
111/04/29,"40,325,577","8,552,139,164",210.50,216.00,207.50,213.00,+7.50,"24,770",
111/05/03,"19,738,296","4,222,670,000",213.00,216.50,211.50,213.50,+0.50,"17,063",
111/05/04,"26,541,775","5,792,121,640",216.00,222.00,214.50,217.50,+4.00,"24,142",
111/05/05,"35,672,578","7,944,269,171",225.00,227.00,218.00,218.00,+0.50,"32,222",
111/05/06,"24,375,308","5,104,526,477",210.50,213.00,207.00,208.00,-10.00,"47,379",
111/05/09,"28,043,442","5,952,460,171",208.50,215.50,208.00,211.00,+3.00,"18,302",
111/05/10,"27,654,668","5,826,617,670",205.00,216.50,203.00,216.50,+5.50,"30,703",
111/05/11,"17,428,516","3,717,417,756",216.50,217.00,211.00,212.00,-4.50,"18,687",
111/05/12,"18,903,320","4,004,573,189",210.00,215.50,208.50,208.50,-3.50,"16,729",
111/05/13,"19,892,245","4,258,600,188",213.50,216.00,211.00,215.00,+6.50,"12,736",
111/05/16,"23,945,454","5,240,263,162",220.00,223.50,214.00,214.50,-0.50,"19,223",
111/05/17,"20,817,850","4,538,091,753",218.00,220.50,214.50,219.50,+5.00,"16,843",
111/05/18,"25,628,681","5,744,265,072",226.00,228.00,222.00,222.50,+3.00,"17,883",
111/05/19,"20,266,191","4,398,127,143",217.00,219.50,214.00,219.00,-3.50,"29,226",
111/05/20,"12,439,441","2,726,014,828",221.00,221.50,217.00,217.00,-2.00,"13,035",
111/05/23,"11,025,244","2,395,183,687",218.00,220.00,215.00,216.00,-1.00,"17,484",
111/05/24,"27,926,948","5,834,528,669",216.50,217.00,204.00,204.00,-12.00,"29,539",
111/05/25,"29,249,758","6,081,573,383",207.00,213.50,202.50,213.00,+9.00,"21,415",
111/05/26,"37,810,666","7,775,892,215",212.00,213.00,201.00,201.50,-11.50,"52,627",
111/05/27,"26,809,571","5,466,670,090",205.00,207.00,201.00,201.50, 0.00,"17,594",
111/05/30,"37,682,547","7,989,095,009",206.00,216.00,205.50,213.00,+11.50,"25,777",
111/05/31,"23,224,059","4,991,990,147",214.00,217.00,212.00,215.50,+2.50,"13,410",
111/06/01,"38,507,930","7,979,712,835",210.00,211.50,205.00,205.50,-10.00,"49,807",
111/06/02,"27,299,492","5,559,444,927",202.50,206.50,202.00,203.50,-2.00,"20,228",
111/06/06,"18,922,506","3,877,473,047",205.50,207.50,202.50,203.50, 0.00,"10,054",
111/06/07,"19,735,346","3,966,463,942",204.50,205.50,199.00,200.00,-3.50,"16,495",
111/06/08,"19,618,751","3,994,967,221",203.00,206.00,201.00,204.50,+4.50,"12,545",
111/06/09,"22,830,348","4,729,299,552",206.00,209.50,205.00,206.50,+2.00,"19,123",
111/06/10,"12,078,408","2,478,702,206",204.50,207.50,203.00,206.50, 0.00,"16,979",
111/06/13,"19,853,263","3,979,247,993",200.50,202.50,199.00,200.00,-6.50,"14,173",
111/06/14,"18,938,842","3,775,700,979",199.50,202.50,197.00,201.50,+1.50,"13,173",
111/06/15,"51,421,524","9,804,059,112",201.00,203.00,182.00,183.00,-18.50,"42,218",
111/06/16,"126,625,079","22,122,983,504",182.50,184.50,165.50,165.50,-17.50,"76,419",
111/06/17,"92,286,949","15,060,099,554",165.00,167.50,158.00,166.00,+0.50,"51,082",
111/06/20,"38,596,252","6,227,658,481",166.50,167.00,156.50,157.50,-8.50,"27,686",
111/06/21,"49,578,687","8,232,168,428",164.00,170.00,162.50,169.50,+12.00,"31,721",
111/06/22,"42,796,843","6,899,320,949",168.00,168.00,157.50,158.00,-11.50,"32,070",
111/06/23,"30,103,882","4,778,212,144",162.00,162.00,155.00,159.00,+1.00,"19,914",
111/06/24,"27,606,324","4,455,042,507",161.50,164.50,158.50,160.50,+1.50,"21,779",
111/06/27,"30,111,669","5,055,130,598",164.50,170.50,164.50,167.50,+7.00,"23,238",
111/06/28,"32,833,377","5,271,831,573",165.50,166.00,157.00,161.00,-6.50,"24,209",
111/06/29,"22,726,752","3,662,143,153",159.00,164.00,157.50,162.50,+1.50,"13,400",
111/06/30,"22,700,123","3,605,316,630",161.00,161.50,156.50,158.50,-4.00,"17,253",
111/07/01,"49,603,536","7,431,097,037",158.50,159.50,144.50,146.00,-12.50,"30,932",
111/07/04,"38,497,356","5,800,614,352",151.00,154.00,147.50,149.00,+3.00,"25,674",
111/07/05,"42,046,494","6,431,115,739",152.50,156.50,149.00,153.50,+4.50,"21,709",
111/07/06,"30,716,027","4,654,318,954",152.00,155.50,147.50,147.50,-6.00,"18,189",
111/07/07,"41,524,857","6,420,827,162",152.50,160.00,147.50,156.50,+9.00,"25,111",
111/07/08,"43,913,917","6,969,669,733",159.50,163.00,155.00,157.50,+1.00,"30,514",
111/07/11,"26,993,165","4,207,500,124",159.50,160.00,152.50,153.00,-4.50,"18,495",
111/07/12,"23,303,603","3,523,203,432",150.50,155.50,148.00,148.50,-4.50,"12,521",
111/07/13,"24,732,538","3,822,354,186",156.50,159.50,149.50,149.50,+1.00,"13,814",
111/07/14,"26,236,949","3,998,125,946",149.00,155.50,147.00,153.50,+4.00,"12,255",
111/07/15,"35,880,346","5,568,056,810",154.50,159.50,150.50,156.50,X0.00,"20,024",
111/07/18,"38,850,375","6,295,273,450",158.00,167.00,155.00,163.50,+7.00,"31,530",
111/07/19,"30,590,470","5,045,968,259",163.00,167.50,162.50,164.00,+0.50,"30,095",
111/07/20,"46,418,692","7,875,337,389",169.00,173.00,166.50,170.50,+6.50,"25,958",
111/07/21,"40,678,637","7,132,245,796",172.00,178.50,170.50,177.50,+7.00,"28,402",
111/07/22,"30,874,792","5,484,414,584",177.50,180.50,175.00,177.00,-0.50,"24,646",
111/07/25,"24,035,992","4,224,310,709",176.00,179.00,172.50,176.00,-1.00,"22,249",
111/07/26,"36,843,484","6,262,051,570",176.00,176.50,166.50,170.00,-6.00,"36,278",
111/07/27,"64,743,620","11,331,823,989",173.00,180.00,169.50,179.50,+9.50,"46,057",
111/07/28,"85,102,439","14,161,326,765",173.50,173.50,162.00,162.00,-17.50,"65,622",
111/07/29,"75,510,359","11,999,144,806",158.00,162.00,156.50,158.50,-3.50,"46,419",
111/08/01,"58,963,721","9,131,946,352",157.00,159.00,152.50,155.00,-3.50,"37,239",
111/08/02,"55,600,095","8,263,612,641",153.50,153.50,145.00,148.00,-7.00,"35,783",
111/08/03,"44,478,699","6,569,038,348",150.00,151.00,145.50,147.50,-0.50,"25,620",
111/08/04,"44,073,209","6,432,345,405",148.00,149.50,142.50,146.00,-1.50,"26,497",
111/08/05,"40,722,271","6,156,324,890",148.50,154.00,147.50,150.50,+4.50,"25,108",
111/08/08,"19,441,112","2,915,522,066",149.50,153.00,147.00,153.00,+2.50,"11,699",
111/08/09,"28,053,267","4,315,852,286",152.50,156.00,151.00,154.00,+1.00,"15,648",
111/08/10,"22,673,681","3,456,421,660",153.00,155.50,150.00,150.00,-4.00,"15,531",
111/08/11,"28,892,731","4,448,897,239",154.50,155.50,152.00,152.50,+2.50,"14,674",
111/08/12,"33,673,271","5,283,706,146",154.00,159.00,154.00,158.00,+5.50,"19,717",
111/08/15,"51,091,803","8,351,098,826",160.00,166.00,160.00,163.50,+5.50,"31,380",
111/08/16,"21,086,020","3,426,074,747",164.00,164.50,161.00,162.50,-1.00,"14,048",
111/08/17,"26,526,867","4,243,671,569",162.50,163.50,158.00,159.00,-3.50,"25,694",
111/08/18,"33,019,003","5,165,335,330",156.00,160.50,153.00,160.00,+1.00,"19,848",
111/08/19,"28,289,820","4,601,790,718",159.00,165.00,159.00,163.50,+3.50,"17,418",
111/08/22,"36,133,264","5,965,808,808",160.50,168.00,160.50,163.50, 0.00,"22,663",
111/08/23,"40,641,865","6,392,179,636",160.50,161.50,154.00,154.50,-9.00,"29,114",
111/08/24,"27,773,548","4,277,182,517",154.00,156.00,151.00,154.50, 0.00,"17,755",
111/08/25,"17,472,289","2,718,207,043",155.50,157.50,154.00,154.50, 0.00,"12,537",
111/08/26,"15,993,575","2,514,818,574",157.00,158.50,156.00,156.50,+2.00,"9,102",
111/08/29,"25,869,325","3,887,891,074",150.00,152.50,148.00,151.50,-5.00,"14,946",
111/08/30,"13,804,040","2,106,285,027",153.00,154.00,151.00,153.00,+1.50,"8,025",
111/08/31,"15,998,238","2,419,623,174",150.50,152.50,150.00,151.50,-1.50,"9,849",
111/09/01,"63,058,363","8,916,025,292",147.00,147.50,137.00,138.00,-13.50,"43,646",
111/09/02,"41,118,853","5,714,755,114",140.00,141.50,136.50,138.50,+0.50,"23,544",
111/09/05,"25,151,484","3,524,279,887",140.50,143.00,137.50,138.00,-0.50,"14,089",
111/09/06,"16,489,371","2,305,510,667",140.00,142.00,138.00,139.00,+1.00,"9,597",
111/09/07,"41,292,410","5,593,973,414",137.50,140.00,131.00,139.00, 0.00,"19,973",
111/09/08,"23,707,157","3,306,545,242",141.00,142.50,136.50,139.50,+0.50,"13,535",
111/09/12,"21,545,220","3,090,024,226",143.50,146.00,141.50,142.50,+3.00,"11,794",
111/09/13,"30,204,271","4,247,131,874",144.50,145.50,138.00,139.00,-3.50,"16,715",
111/09/14,"33,925,376","4,560,108,995",132.50,136.50,132.00,135.50,-3.50,"18,924",
111/09/15,"18,887,696","2,544,287,593",136.00,137.00,132.50,133.00,-2.50,"11,508",
111/09/16,"23,884,350","3,143,247,048",132.00,134.00,130.00,130.00,-3.00,"11,073",
111/09/19,"21,017,202","2,770,162,437",131.00,134.00,128.50,131.50,+1.50,"11,101",
111/09/20,"26,447,449","3,434,779,942",133.50,134.00,128.50,129.00,-2.50,"16,456",
111/09/21,"18,460,660","2,355,411,740",128.50,130.50,126.00,127.50,-1.50,"10,864",
111/09/22,"25,278,707","3,134,582,337",124.50,126.50,122.00,124.00,-3.50,"13,830",
111/09/23,"16,751,615","2,077,794,861",123.50,125.50,123.00,123.00,-1.00,"9,923",
111/09/26,"32,414,097","3,879,286,814",121.00,123.00,117.00,118.00,-5.00,"16,509",
111/09/27,"28,987,525","3,511,383,587",120.50,123.50,118.00,123.50,+5.50,"15,305",
111/09/28,"36,556,638","4,306,536,391",123.00,123.50,114.50,115.00,-8.50,"19,623",
111/09/29,"28,869,802","3,316,679,664",118.50,119.50,112.00,113.00,-2.00,"14,874",
111/09/30,"35,184,538","3,993,397,076",109.00,117.50,108.00,117.50,+4.50,"15,641",
111/10/03,"25,316,748","2,958,467,887",114.50,120.00,113.00,117.50, 0.00,"14,561",
111/10/04,"37,535,292","4,541,562,429",123.00,124.00,118.00,122.50,+5.00,"17,634",
111/10/05,"36,088,639","4,435,690,449",125.00,126.00,120.00,121.50,-1.00,"19,113",
111/10/06,"19,843,589","2,434,930,942",121.50,124.50,120.50,123.50,+2.00,"10,244",
111/10/07,"26,506,108","3,206,386,118",121.50,124.00,119.00,120.00,-3.50,"14,327",
111/10/11,"30,180,021","3,424,489,530",114.50,117.00,111.00,112.00,-8.00,"15,643",
111/10/12,"29,374,531","3,316,318,791",112.50,114.50,111.00,113.00,+1.00,"14,765",
111/10/13,"25,063,143","2,757,690,710",113.00,114.00,106.50,107.50,-5.50,"13,632",
111/10/14,"24,245,527","2,818,494,672",113.50,118.00,112.50,118.00,+10.50,"13,061",
111/10/17,"54,968,650","6,358,652,867",117.00,120.00,112.50,119.50,+1.50,"24,475",
111/10/18,"45,724,453","5,549,915,334",123.50,124.50,118.00,121.00,+1.50,"23,723",
111/10/19,"45,760,490","5,658,811,872",120.50,126.00,120.00,122.50,+1.50,"25,930",
111/10/20,"61,289,138","7,148,136,006",120.50,121.00,113.00,116.50,-6.00,"33,174",
111/10/21,"37,835,632","4,464,841,524",116.50,120.00,115.50,116.50, 0.00,"20,775",
111/10/24,"70,814,073","8,775,919,476",121.50,127.50,121.50,122.00,+5.50,"36,208",
111/10/25,"45,841,508","5,592,131,770",123.00,123.50,120.00,121.50,-0.50,"23,713",
111/10/26,"67,815,296","8,080,727,177",123.50,124.00,115.50,118.50,-3.00,"36,098",
111/10/27,"42,012,221","5,060,028,186",120.50,122.50,118.50,120.50,+2.00,"21,769",
111/10/28,"46,972,152","5,734,226,239",118.50,124.50,118.50,122.50,+2.00,"21,253",
111/10/31,"45,228,502","5,637,567,945",126.50,127.50,122.50,124.50,+2.00,"23,154",
111/11/01,"23,587,355","2,942,353,991",124.00,126.00,123.50,125.00,+0.50,"13,044",
111/11/02,"37,431,359","4,754,474,768",125.00,128.50,124.00,127.50,+2.50,"19,613",
111/11/03,"28,177,152","3,579,834,417",125.00,128.50,124.50,127.50, 0.00,"13,610",
111/11/04,"36,710,195","4,636,865,197",126.50,129.00,124.00,129.00,+1.50,"18,209",
111/11/07,"34,886,031","4,469,697,166",130.50,131.00,125.50,128.00,-1.00,"18,578",
111/11/08,"62,842,988","8,411,599,991",130.50,137.00,130.00,133.00,+5.00,"34,764",
111/11/09,"97,390,805","13,818,248,202",137.00,145.50,136.50,145.00,+12.00,"52,018",
111/11/10,"53,541,663","7,769,765,416",142.50,147.00,142.00,147.00,+2.00,"30,231",
111/11/11,"106,436,993","17,043,566,211",161.00,161.50,157.00,158.00,+11.00,"41,443",
111/11/14,"68,128,385","10,897,303,660",159.50,163.50,156.50,158.50,+0.50,"38,465",
111/11/15,"45,159,257","7,193,362,046",158.50,162.00,156.50,161.00,+2.50,"30,083",
111/11/16,"38,714,964","6,204,775,743",161.00,162.00,157.50,161.50,+0.50,"22,320",
111/11/17,"36,531,472","5,839,966,932",161.50,163.50,158.00,158.50,-3.00,"23,510",
111/11/18,"42,573,832","6,660,947,655",158.50,160.00,153.00,154.00,-4.50,"25,924",
111/11/21,"21,474,706","3,358,222,334",154.50,158.50,153.00,157.00,+3.00,"13,007",
111/11/22,"23,328,228","3,657,840,946",157.50,159.00,155.00,156.00,-1.00,"13,716",
111/11/23,"24,279,798","3,771,611,287",157.50,158.00,153.00,153.50,-2.50,"14,008",
111/11/24,"23,096,676","3,585,354,654",154.00,157.50,152.50,157.50,+4.00,"14,246",
111/11/25,"31,719,780","5,018,116,803",157.50,161.00,156.00,156.50,-1.00,"17,118",
111/11/28,"16,512,540","2,569,859,151",154.00,158.00,153.00,155.50,-1.00,"9,813",
111/11/29,"32,350,319","4,915,656,072",154.50,155.00,150.00,151.00,-4.50,"21,910",
111/11/30,"18,927,937","2,909,552,288",151.00,155.50,150.50,155.50,+4.50,"11,120",
111/12/01,"92,007,576","14,952,889,402",161.00,167.50,159.00,159.50,+4.00,"51,632",
111/12/02,"24,128,229","3,865,281,308",158.50,161.50,158.00,160.50,+1.00,"15,096",
111/12/05,"53,535,719","8,878,400,132",162.00,168.50,162.00,166.00,+5.50,"32,284",
111/12/06,"32,406,655","5,357,133,816",164.50,167.50,163.00,163.00,-3.00,"27,406",
111/12/07,"66,480,202","10,234,302,741",161.50,161.50,149.50,150.00,-13.00,"42,885",
111/12/08,"35,187,186","5,240,940,501",149.00,151.50,146.50,149.50,-0.50,"20,224",
111/12/09,"27,939,235","4,188,972,223",151.50,152.50,147.50,149.50, 0.00,"16,561",
111/12/12,"12,951,038","1,929,698,853",148.00,151.00,146.50,150.00,+0.50,"7,807",
111/12/13,"31,777,207","4,706,410,371",151.50,152.00,145.00,146.00,-4.00,"15,735",
111/12/14,"22,681,124","3,330,022,019",146.50,148.00,145.00,147.50,+1.50,"12,724",
111/12/15,"12,139,160","1,799,279,919",146.50,149.00,146.50,149.00,+1.50,"7,590",
111/12/16,"28,186,938","4,031,800,243",144.50,144.50,142.00,142.00,-7.00,"18,133",
111/12/19,"19,176,462","2,702,453,441",140.50,143.50,139.00,140.50,-1.50,"10,386",
111/12/20,"64,996,939","8,400,645,064",132.50,134.50,126.50,126.50,-14.00,"42,720",
111/12/21,"68,104,058","8,338,437,931",123.00,126.00,120.00,120.50,-6.00,"35,258",
111/12/22,"35,434,853","4,330,077,586",123.00,124.50,120.50,122.00,+1.50,"19,819",
111/12/23,"35,224,321","4,325,560,606",120.00,125.00,118.00,125.00,+3.00,"20,437",
111/12/26,"13,749,850","1,690,588,065",124.50,124.50,122.00,123.00,-2.00,"8,872",
111/12/27,"12,820,649","1,581,810,010",123.50,125.00,122.00,122.50,-0.50,"7,786",
111/12/28,"16,239,219","1,964,402,832",121.00,123.50,119.50,120.00,-2.50,"9,955",
111/12/29,"16,172,402","1,951,330,460",118.50,122.00,118.50,121.50,+1.50,"9,275",
111/12/30,"16,703,854","2,026,486,476",123.50,124.00,120.00,120.00,-1.50,"10,171",
112/01/03,"11,471,114","1,391,074,626",119.50,122.50,119.00,122.00,+2.00,"6,905",
112/01/04,"23,101,170","2,758,350,882",121.50,122.50,118.00,120.00,-2.00,"15,416",
112/01/05,"24,089,852","2,875,686,036",120.50,122.00,117.50,119.00,-1.00,"14,369",
112/01/06,"26,640,579","3,247,265,223",119.00,124.00,118.50,123.00,+4.00,"15,482",
112/01/09,"31,998,441","4,034,205,831",125.00,127.50,124.00,127.50,+4.50,"18,434",
112/01/10,"16,631,624","2,097,972,406",126.00,127.00,125.00,126.50,-1.00,"9,883",
112/01/11,"13,343,594","1,700,714,296",127.00,128.50,126.00,128.00,+1.50,"8,501",
112/01/12,"17,048,328","2,156,185,382",128.50,129.00,125.00,125.00,-3.00,"10,135",
112/01/13,"29,226,567","3,728,307,867",127.00,130.00,125.50,126.00,+1.00,"17,375",
112/01/16,"26,225,351","3,384,549,078",126.00,131.00,126.00,128.00,+2.00,"16,285",
112/01/17,"18,085,899","2,296,831,167",128.00,128.50,126.00,127.00,-1.00,"12,096",
112/01/30,"43,181,475","5,754,737,832",131.00,136.00,129.00,136.00,+9.00,"24,724",
112/01/31,"24,953,006","3,402,241,730",135.50,138.00,135.00,136.50,+0.50,"14,451",
112/02/01,"35,751,997","5,032,400,874",139.00,142.50,138.00,141.50,+5.00,"20,883",
112/02/02,"40,037,391","5,720,570,224",144.00,145.00,140.50,143.50,+2.00,"20,189",
112/02/03,"32,488,040","4,537,502,077",143.00,143.00,136.50,137.00,-6.50,"21,030",
112/02/06,"32,183,965","4,196,921,692",132.50,133.00,129.00,129.00,-8.00,"22,482",
112/02/07,"21,779,279","2,830,720,283",128.50,131.50,128.50,130.00,+1.00,"12,706",
112/02/08,"18,094,327","2,370,946,655",131.50,132.00,130.00,131.50,+1.50,"11,829",
112/02/09,"16,136,503","2,131,653,609",130.50,133.00,130.00,132.50,+1.00,"9,404",
112/02/10,"17,324,690","2,255,123,470",132.00,132.50,129.00,129.00,-3.50,"11,399",
112/02/13,"9,258,396","1,193,389,097",129.00,130.50,128.00,128.50,-0.50,"6,524",
112/02/14,"15,927,555","2,095,339,825",130.50,133.00,130.00,131.50,+3.00,"9,944",
112/02/15,"28,379,119","3,814,977,172",131.00,137.50,130.50,137.50,+6.00,"18,268",
112/02/16,"34,635,533","4,785,113,570",139.50,140.50,135.50,138.50,+1.00,"21,627",
112/02/17,"19,483,745","2,654,980,784",136.50,138.00,135.00,136.00,-2.50,"11,572",
112/02/20,"11,724,345","1,606,472,445",137.00,138.50,136.00,136.50,+0.50,"7,882",
112/02/21,"14,877,279","2,035,759,673",137.00,138.50,135.00,137.50,+1.00,"9,987",
112/02/22,"27,076,853","3,636,705,253",135.00,136.00,133.50,133.50,-4.00,"18,518",
112/02/23,"25,471,038","3,413,583,017",133.00,135.50,133.00,134.00,+0.50,"15,533",
112/02/24,"50,247,832","6,500,861,610",133.00,133.50,128.00,128.00,-6.00,"36,348",
112/03/01,"32,915,316","4,243,973,647",126.00,131.50,124.00,131.50,+3.50,"17,543",
112/03/02,"26,518,986","3,482,590,307",130.00,135.00,129.00,134.00,+2.50,"14,809",
112/03/03,"43,647,690","5,986,220,068",136.00,139.50,135.50,136.50,+2.50,"28,446",
112/03/06,"22,111,957","3,057,993,789",139.00,139.50,137.00,138.50,+2.00,"13,640",
112/03/07,"17,618,847","2,398,856,116",138.00,138.00,135.00,136.50,-2.00,"12,290",
112/03/08,"20,125,450","2,755,622,061",135.00,138.50,134.00,137.00,+0.50,"11,009",
112/03/09,"20,469,765","2,801,354,716",138.50,138.50,135.50,136.00,-1.00,"11,827",
112/03/10,"20,235,055","2,691,261,061",134.00,135.50,131.00,131.50,-4.50,"14,860",
112/03/13,"17,671,130","2,325,179,788",130.00,134.00,129.00,133.50,+2.00,"10,615",
112/03/14,"14,530,118","1,906,254,042",131.00,133.00,130.00,130.50,-3.00,"9,393",
112/03/15,"9,348,109","1,234,072,325",132.50,133.00,131.00,131.00,+0.50,"6,753",
112/03/16,"11,662,400","1,519,962,094",130.50,132.00,129.00,129.50,-1.50,"8,473",
112/03/17,"15,386,124","2,042,705,388",131.50,134.00,131.00,134.00,+4.50,"7,407",
112/03/20,"14,501,789","1,958,924,043",134.50,136.00,133.50,135.50,+1.50,"9,538",
112/03/21,"30,443,954","4,207,855,696",137.00,139.50,136.00,138.50,+3.00,"18,932",
112/03/22,"32,564,239","4,601,035,359",141.00,143.00,139.50,140.00,+1.50,"21,813",
112/03/23,"42,478,671","6,093,359,142",140.00,146.00,139.00,146.00,+6.00,"27,711",
112/03/24,"56,380,224","8,389,428,830",149.00,151.00,146.50,148.00,+2.00,"35,424",
112/03/27,"27,097,680","3,962,696,373",149.00,149.50,144.00,145.50,-2.50,"18,964",
112/03/28,"43,994,366","6,182,402,835",145.00,145.50,138.00,138.50,-7.00,"27,726",
112/03/29,"16,463,572","2,313,788,328",139.50,142.00,139.50,140.50,+2.00,"11,534",
112/03/30,"44,885,160","6,586,182,160",143.50,148.50,143.00,147.50,+7.00,"28,961",
112/03/31,"34,816,965","5,178,281,557",149.00,151.00,147.00,147.50, 0.00,"20,792",
112/04/06,"20,838,541","2,994,073,860",145.50,146.00,142.00,144.00,-3.50,"14,480",
112/04/07,"10,989,646","1,591,612,979",145.00,146.00,144.00,144.50,+0.50,"7,255",
112/04/10,"7,736,579","1,116,921,909",144.50,145.50,143.00,144.50, 0.00,"5,564",
112/04/11,"11,189,512","1,615,637,248",145.00,146.00,143.00,143.00,-1.50,"7,931",
112/04/12,"13,408,173","1,904,664,601",144.00,144.00,141.00,142.00,-1.00,"9,632",
112/04/13,"18,223,957","2,552,089,208",141.00,142.50,139.00,139.50,-2.50,"13,446",
112/04/14,"11,189,595","1,559,981,636",141.00,141.00,138.50,139.00,-0.50,"8,538",
112/04/17,"11,789,493","1,636,549,086",139.00,140.00,137.00,139.00, 0.00,"8,747",
112/04/18,"15,503,960","2,131,932,943",139.50,140.00,136.00,136.50,-2.50,"12,362",
112/04/19,"22,654,980","3,036,218,043",136.00,136.50,132.00,132.50,-4.00,"18,351",
112/04/20,"21,483,855","2,906,363,106",131.50,137.50,131.50,135.50,+3.00,"13,647",
112/04/21,"22,921,703","3,143,725,411",136.00,139.00,135.50,136.50,+1.00,"15,044",
112/04/24,"17,762,119","2,456,559,177",136.00,139.50,135.50,139.50,+3.00,"11,283",
112/04/25,"26,407,417","3,629,862,518",140.50,141.50,135.00,135.00,-4.50,"16,023",
112/04/26,"37,295,764","5,149,974,064",133.50,140.50,133.50,139.00,+4.00,"22,001",
112/04/27,"21,899,467","2,991,675,545",137.50,138.50,135.00,136.50,-2.50,"13,434",
112/04/28,"60,170,857","8,655,997,941",140.50,146.00,140.00,145.00,+8.50,"34,898",
112/05/02,"40,388,802","5,872,040,937",144.00,148.50,142.50,143.50,-1.50,"30,292",
112/05/03,"32,763,115","4,780,680,511",143.00,148.00,141.50,147.00,+3.50,"19,535",
112/05/04,"29,408,649","4,325,293,891",146.00,148.50,144.00,148.50,+1.50,"19,121",
112/05/05,"42,508,290","6,426,322,300",147.50,153.00,147.00,152.50,+4.00,"28,769",
112/05/08,"65,659,935","10,506,231,895",158.00,162.00,157.00,161.00,+8.50,"39,266",
112/05/09,"33,185,695","5,296,098,758",161.50,162.00,157.00,160.50,-0.50,"23,658",
112/05/10,"21,744,933","3,427,687,428",159.00,159.50,155.50,158.00,-2.50,"17,191",
112/05/11,"22,690,723","3,580,555,913",159.00,161.00,156.00,156.00,-2.00,"17,740",
112/05/12,"26,970,485","4,254,381,427",155.50,160.50,154.00,160.00,+4.00,"17,901",
112/05/15,"17,746,921","2,796,172,520",158.50,159.50,156.00,156.00,-4.00,"13,147",
112/05/16,"26,735,418","4,290,867,244",158.50,162.00,158.00,161.00,+5.00,"16,171",
112/05/17,"44,718,152","7,350,011,695",161.00,166.50,160.50,165.00,+4.00,"28,521",
112/05/18,"43,513,728","7,347,742,844",169.50,171.50,166.50,167.50,+2.50,"29,878",
112/05/19,"25,978,866","4,371,935,807",169.50,170.00,166.00,170.00,+2.50,"23,502",
112/05/22,"40,936,004","6,669,559,821",168.50,168.50,160.50,161.00,-9.00,"37,213",
112/05/23,"30,372,941","5,023,626,065",163.50,167.00,162.50,167.00,+6.00,"18,851",
112/05/24,"18,797,075","3,127,050,235",166.00,168.50,164.00,167.50,+0.50,"15,575",
112/05/25,"77,703,032","13,813,789,815",175.00,183.50,172.00,180.50,+13.00,"46,773",
112/05/26,"56,200,678","10,542,598,652",190.00,193.00,182.00,185.50,+5.00,"50,976",
112/05/29,"47,420,338","8,696,242,065",189.00,190.00,179.50,182.50,-3.00,"46,257",
112/05/30,"26,880,218","4,831,031,628",181.50,182.00,178.00,180.00,-2.50,"21,358",
112/05/31,"34,483,316","6,220,931,518",181.50,183.50,178.50,180.50,+0.50,"17,496",
112/06/01,"20,647,240","3,726,361,688",178.50,182.50,178.00,181.00,+0.50,"11,462",
112/06/02,"24,032,856","4,378,914,725",182.00,184.00,180.00,182.00,+1.00,"15,376",
112/06/05,"21,131,486","3,840,311,181",182.00,184.50,179.50,181.00,-1.00,"13,314",
112/06/06,"20,515,391","3,662,883,727",183.00,183.00,176.00,177.00,-4.00,"17,077",
112/06/07,"32,379,093","5,672,387,744",176.00,179.00,173.50,176.00,-1.00,"21,178",
112/06/08,"54,272,756","9,156,113,716",174.00,174.00,165.50,167.00,-9.00,"41,385",
112/06/09,"27,924,895","4,728,579,147",164.50,172.00,164.50,171.50,+4.50,"18,712",
112/06/12,"20,002,926","3,437,798,272",171.50,174.50,168.00,172.50,+1.00,"17,212",
112/06/13,"37,124,818","6,634,911,239",174.50,181.00,174.50,180.00,+7.50,"25,067",
112/06/14,"18,705,098","3,360,222,266",179.50,181.00,177.00,180.50,+0.50,"20,202",
112/06/15,"29,464,168","5,437,047,013",181.50,186.50,180.50,186.50,+6.00,"23,344",
112/06/16,"26,681,270","5,000,722,703",186.00,189.50,183.50,189.50,+3.00,"22,603",
112/06/19,"16,652,000","3,120,699,424",189.00,190.50,185.00,185.50,-4.00,"22,401",
112/06/20,"21,360,189","3,982,633,116",186.00,188.50,183.00,188.50,+3.00,"14,179",
112/06/21,"14,466,201","2,711,578,969",188.50,190.00,186.50,187.00,-1.50,"10,754",
112/06/26,"19,934,467","3,611,935,089",181.50,184.00,179.50,180.00,-7.00,"38,773",
112/06/27,"21,831,011","3,868,613,027",178.50,181.00,174.00,177.00,-3.00,"14,221",
112/06/28,"18,236,753","3,186,199,694",179.00,180.50,172.00,173.00,-4.00,"14,857",
112/06/29,"15,191,663","2,647,112,646",174.50,176.50,172.00,174.00,+1.00,"10,399",
112/06/30,"12,395,912","2,157,283,766",173.00,176.00,171.00,176.00,+2.00,"7,403",
112/07/03,"17,003,405","3,033,450,458",177.50,181.00,173.50,179.50,+3.50,"11,336",
112/07/04,"13,063,588","2,335,819,103",179.50,180.50,176.50,180.00,+0.50,"9,235",
112/07/05,"21,064,725","3,804,245,873",180.00,184.50,177.00,178.00,-2.00,"14,489",
112/07/06,"34,382,340","5,892,020,058",175.00,175.50,168.00,169.00,-9.00,"29,911",
112/07/07,"21,214,744","3,584,887,168",168.00,172.00,166.50,170.00,+1.00,"14,888",
112/07/10,"12,532,614","2,117,722,777",171.50,172.00,167.00,167.00,-3.00,"9,283",
112/07/11,"11,280,445","1,913,110,278",169.00,171.00,168.50,169.00,+2.00,"7,251",
112/07/12,"23,527,395","4,014,659,585",170.50,171.50,168.50,171.00,+2.00,"12,225",
112/07/13,"60,499,951","10,530,429,294",168.00,179.00,168.00,175.50,X0.00,"33,834",
112/07/14,"57,474,832","10,659,528,133",185.00,188.50,181.00,187.00,+11.50,"37,721",
112/07/17,"37,582,146","6,959,222,251",189.00,191.00,182.00,182.00,-5.00,"51,676",
112/07/18,"92,145,431","17,848,816,430",184.00,200.00,183.00,200.00,+18.00,"64,744",
112/07/19,"97,121,697","19,714,844,981",206.00,208.00,197.00,203.00,+3.00,"67,104",
112/07/20,"48,554,009","9,690,091,066",203.00,205.50,195.00,196.50,-6.50,"37,922",
112/07/21,"41,209,005","7,859,232,153",189.50,193.50,188.00,190.50,-6.00,"34,233",
112/07/24,"46,989,376","9,296,341,400",192.00,201.50,190.50,199.50,+9.00,"34,285",
112/07/25,"74,145,236","14,952,789,059",202.50,208.00,195.00,195.50,-4.00,"52,033",
112/07/26,"60,888,446","12,197,980,079",200.00,204.50,195.50,197.50,+2.00,"41,909",
112/07/27,"50,246,010","9,644,690,170",190.00,196.50,189.50,190.50,-7.00,"44,773",
112/07/28,"30,428,913","5,791,407,212",191.50,193.00,188.00,191.00,+0.50,"28,693",
112/07/31,"32,636,315","6,110,139,181",193.00,194.00,183.50,184.50,-6.50,"25,880",
112/08/01,"17,729,209","3,301,759,417",186.00,189.50,184.50,186.00,+1.50,"12,316",
112/08/02,"43,572,876","7,977,118,930",186.00,191.00,177.00,180.00,-6.00,"30,990",
112/08/04,"25,448,365","4,496,157,691",177.00,179.50,174.00,177.50,-2.50,"17,064",
112/08/07,"17,449,221","3,141,084,776",178.50,182.50,176.50,182.00,+4.50,"11,214",
112/08/08,"17,637,278","3,160,357,817",183.00,183.50,177.00,178.50,-3.50,"11,528",
112/08/09,"32,276,441","5,961,655,992",179.50,187.50,179.00,184.00,+5.50,"20,909",
112/08/10,"22,522,840","4,026,064,883",181.50,182.50,175.00,177.00,-7.00,"31,221",
112/08/11,"14,513,277","2,559,595,914",179.50,180.00,174.00,174.50,-2.50,"11,290",
112/08/14,"16,199,171","2,756,272,220",173.00,173.50,167.50,170.50,-4.00,"13,594",
112/08/15,"15,112,471","2,653,233,922",175.00,177.50,173.50,175.50,+5.00,"10,973",
112/08/16,"21,851,738","3,893,594,944",176.00,180.50,175.00,178.00,+2.50,"16,379",
112/08/17,"18,171,534","3,250,309,006",178.00,181.00,176.00,180.50,+2.50,"14,015",
112/08/18,"13,375,297","2,359,119,565",179.50,180.50,173.00,174.50,-6.00,"12,021",
112/08/21,"8,745,932","1,520,187,853",174.50,177.00,172.50,172.50,-2.00,"6,546",
112/08/22,"16,823,993","2,927,637,126",174.00,177.00,170.00,176.00,+3.50,"11,863",
112/08/23,"12,258,623","2,159,547,489",176.00,177.50,174.50,177.00,+1.00,"8,438",
112/08/24,"50,438,808","9,389,233,697",183.00,191.50,180.00,189.00,+12.00,"35,144",
112/08/25,"30,569,229","5,550,539,590",185.00,185.50,179.00,179.50,-9.50,"28,044",
112/08/28,"14,105,586","2,507,523,068",181.00,181.50,176.00,176.00,-3.50,"10,810",
112/08/29,"28,205,559","5,169,621,969",179.50,186.50,179.00,184.00,+8.00,"20,555",
112/08/30,"18,126,748","3,358,479,744",187.00,188.00,183.00,184.00, 0.00,"21,119",
112/08/31,"14,308,414","2,650,154,622",184.50,186.50,182.50,185.50,+1.50,"12,024",
112/09/01,"11,009,899","2,019,618,782",186.50,187.00,182.00,182.00,-3.50,"9,029",
112/09/04,"10,602,840","1,947,844,545",184.00,185.00,181.00,185.00,+3.00,"7,152",
112/09/05,"10,147,400","1,881,792,882",184.50,186.50,183.00,186.50,+1.50,"7,141",
112/09/06,"10,698,559","1,990,046,593",187.50,188.00,184.50,187.00,+0.50,"8,376",
112/09/07,"7,586,057","1,404,273,821",185.50,186.50,184.00,184.50,-2.50,"6,134",
112/09/08,"8,878,149","1,614,987,509",183.50,183.50,180.50,181.00,-3.50,"7,643",
112/09/11,"9,966,145","1,807,159,933",182.00,183.50,179.50,179.50,-1.50,"7,986",
112/09/12,"13,622,138","2,492,545,240",180.50,186.00,177.50,185.00,+5.50,"12,624",
112/09/13,"12,895,252","2,361,526,183",186.00,186.50,181.00,181.50,-3.50,"11,601",
112/09/14,"14,608,398","2,715,872,606",183.50,188.00,183.00,186.00,+4.50,"10,114",
112/09/15,"35,666,576","6,750,901,344",186.50,191.50,186.50,190.50,+4.50,"25,493",
112/09/18,"19,375,861","3,603,692,617",188.00,189.50,184.00,184.50,-6.00,"19,494",
112/09/19,"26,096,584","4,915,914,370",184.50,191.00,184.00,188.50,+4.00,"17,587",
112/09/20,"21,114,147","3,916,339,302",189.00,189.00,183.00,183.50,-5.00,"20,854",
112/09/21,"14,722,698","2,663,529,854",182.50,182.50,180.00,180.50,-3.00,"12,273",
112/09/22,"20,052,043","3,563,984,755",177.50,181.00,175.00,181.00,+0.50,"15,276",
112/09/25,"13,238,100","2,362,009,128",179.50,180.50,177.00,178.50,-2.50,"10,116",
112/09/26,"8,917,521","1,582,030,079",178.00,180.00,176.00,176.00,-2.50,"7,310",
112/09/27,"15,876,664","2,755,580,571",174.00,175.50,172.50,173.50,-2.50,"12,188",
112/09/28,"15,126,355","2,637,042,027",174.50,177.00,173.00,173.50, 0.00,"8,820",
112/10/02,"16,207,443","2,895,593,697",175.50,180.50,175.00,178.50,+5.00,"10,192",
112/10/03,"9,054,034","1,606,609,826",178.00,180.00,175.50,175.50,-3.00,"9,803",
112/10/04,"10,699,159","1,853,440,966",173.50,174.50,172.00,174.00,-1.50,"8,123",
112/10/05,"10,518,224","1,823,433,202",175.50,175.50,172.50,172.50,-1.50,"8,967",
112/10/06,"9,782,239","1,683,187,301",174.00,174.00,171.00,172.50, 0.00,"8,267",
112/10/11,"21,771,996","3,771,443,810",174.00,177.50,171.00,171.50,-1.00,"12,692",
112/10/12,"10,593,814","1,818,846,456",172.50,173.00,170.50,171.50, 0.00,"8,734",
112/10/13,"14,342,570","2,430,792,254",171.00,171.50,168.00,169.00,-2.50,"12,730",
112/10/16,"20,908,824","3,436,361,701",167.50,168.00,162.00,164.50,-4.50,"16,641",
112/10/17,"13,419,112","2,254,485,082",167.50,170.00,166.00,166.50,+2.00,"9,692",
112/10/18,"20,955,512","3,381,998,937",165.50,166.00,159.50,160.00,-6.50,"14,598",
112/10/19,"14,288,296","2,277,554,715",157.50,161.50,156.00,160.00, 0.00,"9,263",
112/10/20,"11,634,691","1,839,419,056",157.50,161.00,155.50,161.00,+1.00,"9,063",
112/10/23,"8,938,001","1,429,464,459",158.50,162.50,158.50,158.50,-2.50,"6,232",
112/10/24,"24,650,279","3,819,986,150",157.50,157.50,152.00,157.00,-1.50,"17,153",
112/10/25,"14,277,867","2,263,521,447",159.00,161.50,156.50,157.00, 0.00,"9,586",
112/10/26,"30,317,210","4,556,316,613",152.50,154.00,148.00,149.00,-8.00,"20,493",
112/10/27,"24,471,368","3,638,425,057",150.50,152.00,146.50,147.00,-2.00,"12,921",
112/10/30,"14,694,342","2,149,291,317",146.50,149.00,145.00,145.50,-1.50,"9,819",
112/10/31,"13,317,456","1,930,750,840",147.00,148.00,143.00,143.00,-2.50,"8,971",
112/11/01,"9,639,032","1,388,729,204",144.50,146.50,142.00,144.50,+1.50,"6,730",
112/11/02,"17,285,483","2,584,728,303",147.00,151.00,147.00,151.00,+6.50,"10,465",
112/11/03,"18,386,764","2,831,680,639",152.00,156.00,151.00,155.50,+4.50,"11,692",
112/11/06,"10,811,875","1,702,050,123",157.00,159.00,155.00,158.00,+2.50,"7,747",
112/11/07,"10,586,091","1,634,841,418",156.50,157.00,153.00,153.50,-4.50,"8,373",
112/11/08,"9,345,000","1,443,651,320",153.50,156.00,153.00,154.50,+1.00,"6,425",
112/11/09,"7,868,155","1,206,852,694",154.50,155.00,152.00,154.50, 0.00,"5,390",
112/11/10,"13,158,509","1,982,092,680",152.50,152.50,149.50,151.00,-3.50,"7,852",
112/11/13,"14,349,072","2,234,171,517",153.50,157.50,153.00,156.00,+5.00,"9,206",
112/11/14,"10,822,414","1,659,903,074",155.00,156.00,152.00,153.00,-3.00,"7,170",
112/11/15,"15,819,172","2,458,892,936",156.50,157.50,154.00,154.50,+1.50,"8,920",
112/11/16,"9,759,640","1,511,229,816",156.00,157.50,153.50,155.00,+0.50,"5,240",
112/11/17,"15,207,587","2,401,319,819",156.00,159.50,155.50,159.00,+4.00,"10,388",
112/11/20,"18,008,723","2,898,787,166",159.00,163.00,158.50,160.00,+1.00,"10,868",
112/11/21,"36,285,578","6,075,541,560",163.00,169.50,162.50,168.50,+8.50,"23,389",
112/11/22,"25,515,667","4,337,074,789",167.50,172.00,165.50,171.00,+2.50,"17,552",
112/11/23,"14,616,776","2,464,211,696",171.00,171.50,167.00,168.00,-3.00,"13,217",
112/11/24,"7,930,327","1,327,688,702",168.00,169.50,166.50,167.00,-1.00,"5,729",
112/11/27,"7,345,933","1,217,046,911",168.00,168.50,164.50,164.50,-2.50,"5,924",
112/11/28,"16,163,333","2,734,210,424",166.00,171.00,164.50,170.00,+5.50,"12,257",
112/11/29,"21,887,517","3,805,541,353",171.50,175.50,170.00,175.00,+5.00,"23,166",
112/11/30,"19,955,801","3,504,076,921",176.50,177.00,173.00,177.00,+2.00,"11,410",
112/12/01,"12,617,170","2,223,915,125",174.50,178.00,174.00,176.00,-1.00,"9,102",
112/12/04,"10,883,858","1,910,587,872",176.00,177.50,173.00,177.00,+1.00,"9,894",
112/12/05,"15,262,990","2,643,962,555",175.00,176.00,171.50,171.50,-5.50,"10,261",
112/12/06,"7,225,525","1,236,638,234",172.50,173.00,170.00,170.00,-1.50,"5,874",
112/12/07,"5,937,548","1,010,227,174",170.00,172.50,168.50,168.50,-1.50,"4,533",
112/12/08,"9,656,174","1,677,096,687",171.50,175.00,171.50,174.50,+6.00,"7,414",
112/12/11,"27,852,654","4,993,332,521",181.50,182.00,176.50,178.00,+3.50,"18,367",
112/12/12,"12,921,296","2,293,459,679",179.50,180.00,175.50,176.00,-2.00,"19,921",
112/12/13,"7,579,040","1,337,999,426",176.50,178.00,175.00,177.00,+1.00,"5,013",
112/12/14,"17,287,318","3,103,007,138",177.50,180.50,177.00,180.50,+3.50,"11,556",
112/12/15,"23,727,794","4,310,292,326",183.00,183.00,179.00,182.00,+1.50,"14,783",
112/12/18,"14,087,305","2,507,462,593",182.00,182.50,176.00,176.00,-6.00,"9,574",
112/12/19,"10,653,632","1,866,418,141",176.50,178.00,173.50,174.50,-1.50,"6,707",
112/12/20,"12,609,492","2,198,362,470",174.50,177.00,173.00,173.00,-1.50,"8,331",
112/12/21,"16,808,474","2,980,543,652",170.50,180.00,170.50,179.00,+6.00,"11,051",
112/12/22,"9,369,791","1,653,095,057",178.00,179.00,175.00,175.00,-4.00,"9,894",
112/12/25,"4,296,239","756,810,985",175.50,177.50,174.50,175.00, 0.00,"2,824",
112/12/26,"7,210,903","1,279,503,842",176.00,178.50,175.00,177.50,+2.50,"4,458",
112/12/27,"5,558,936","989,617,908",177.50,179.00,177.00,178.00,+0.50,"3,726",
112/12/28,"4,981,720","878,565,515",178.50,179.00,175.50,175.50,-2.50,"4,389",
112/12/29,"6,756,637","1,186,254,435",175.50,176.50,174.00,176.00,+0.50,"4,060",
113/01/02,"9,013,542","1,566,161,139",176.00,177.00,172.00,173.00,-3.00,"6,287",
113/01/03,"11,153,830","1,894,368,716",171.00,171.50,168.00,170.00,-3.00,"9,184",
113/01/04,"13,673,171","2,272,767,932",169.50,170.00,164.00,164.50,-5.50,"12,444",
113/01/05,"16,668,127","2,699,795,776",163.50,164.50,160.00,160.00,-4.50,"12,861",
113/01/08,"5,854,776","947,430,005",160.50,163.50,160.50,161.00,+1.00,"4,993",
113/01/09,"10,107,950","1,652,530,279",162.50,166.00,161.50,162.50,+1.50,"6,122",
113/01/10,"12,740,176","2,056,409,338",162.00,163.50,160.00,162.50, 0.00,"5,626",
113/01/11,"9,845,657","1,587,326,785",163.00,163.50,160.00,160.50,-2.00,"6,815",
113/01/12,"8,960,393","1,430,755,160",160.50,161.50,158.50,159.00,-1.50,"7,098",
113/01/15,"10,172,949","1,623,159,841",160.50,161.50,157.00,159.50,+0.50,"7,004",
113/01/16,"7,822,434","1,262,250,567",159.00,163.00,158.50,162.00,+2.50,"5,449",
113/01/17,"12,869,384","2,055,233,272",161.00,162.50,158.50,158.50,-3.50,"7,189",
113/01/18,"10,629,094","1,672,907,778",159.50,160.00,155.50,157.00,-1.50,"6,103",
113/01/19,"24,771,545","4,113,768,659",160.00,169.50,160.00,169.50,+12.50,"16,328",
113/01/22,"22,326,058","3,873,735,437",172.50,175.00,171.50,175.00,+5.50,"18,453",
113/01/23,"13,715,791","2,372,630,763",175.00,175.50,171.00,174.50,-0.50,"15,722",
113/01/24,"19,091,021","3,257,623,724",173.00,173.00,169.00,169.50,-5.00,"12,664",
113/01/25,"31,784,360","5,559,902,734",174.00,176.50,173.00,175.50,+6.00,"19,353",
113/01/26,"16,660,862","2,880,465,850",175.00,175.50,171.50,171.50,-4.00,"15,315",
113/01/29,"21,122,300","3,738,463,145",172.00,178.50,171.50,178.00,+6.50,"15,082",
113/01/30,"14,695,174","2,624,581,729",180.00,180.50,177.00,178.00, 0.00,"13,464",
113/01/31,"8,167,384","1,440,925,454",177.00,178.00,175.50,176.00,-2.00,"6,110",
113/02/01,"7,836,487","1,381,760,655",175.00,177.50,174.50,177.50,+1.50,"4,718",
113/02/02,"10,036,500","1,799,380,246",178.50,180.00,177.50,180.00,+2.50,"7,545",
113/02/05,"8,801,528","1,557,024,750",179.00,179.50,176.00,176.50,-3.50,"7,403",
113/02/15,"14,862,958","2,669,432,067",183.00,183.00,176.00,180.50,+4.00,"10,858",
113/02/16,"10,622,840","1,928,013,342",182.00,183.00,180.00,182.00,+1.50,"7,421",
113/02/19,"46,875,252","8,943,374,444",183.00,195.50,181.50,192.50,+10.50,"36,562",
113/02/20,"23,405,199","4,453,539,785",193.50,193.50,188.00,190.50,-2.00,"36,736",
113/02/21,"14,128,082","2,684,236,508",191.00,192.50,188.00,189.50,-1.00,"13,369",
113/02/22,"15,943,782","3,006,732,542",192.50,193.50,186.00,189.00,-0.50,"12,944",
113/02/23,"16,253,709","3,081,296,319",191.00,192.50,187.00,188.00,-1.00,"11,310",
113/02/26,"38,275,984","7,431,443,038",189.00,196.50,188.50,196.00,+8.00,"26,284",
113/02/27,"66,445,709","12,117,263,922",191.50,191.50,177.00,179.00,-17.00,"55,989",
113/02/29,"30,093,048","5,310,612,630",175.00,179.50,172.50,179.50,+0.50,"18,860",
113/03/01,"10,886,995","1,947,992,858",179.50,181.00,177.50,178.00,-1.50,"8,758",
113/03/04,"10,036,591","1,816,141,868",180.00,182.00,179.50,180.50,+2.50,"7,731",
113/03/05,"8,770,394","1,575,075,988",182.00,183.50,178.00,178.00,-2.50,"10,117",
113/03/06,"16,762,450","2,919,734,791",175.00,176.00,173.00,174.00,-4.00,"16,222",
113/03/07,"14,873,677","2,585,831,603",175.00,176.00,172.50,172.50,-1.50,"9,970",
113/03/08,"16,563,951","2,882,177,347",173.00,177.00,171.50,173.50,+1.00,"11,498",
113/03/11,"10,271,837","1,806,996,828",172.50,178.00,172.50,177.00,+3.50,"7,382",
113/03/12,"15,583,300","2,818,068,426",177.00,182.00,177.00,182.00,+5.00,"11,592",
113/03/13,"11,377,597","2,041,697,296",183.50,184.00,177.00,177.50,-4.50,"9,298",
113/03/14,"8,823,809","1,576,260,826",177.50,181.00,176.00,177.50, 0.00,"6,070",
113/03/15,"16,935,361","2,938,502,763",176.00,177.50,172.00,172.00,-5.50,"10,347",
113/03/18,"36,261,881","6,661,395,876",174.50,187.50,174.50,187.00,+15.00,"25,959",
113/03/19,"42,743,307","8,213,290,687",189.00,194.50,187.00,192.50,+5.50,"45,136",
113/03/20,"39,497,945","7,748,448,519",194.50,199.00,193.00,196.50,+4.00,"29,330",
113/03/21,"34,134,378","6,855,111,703",199.50,204.00,198.00,200.00,+3.50,"40,996",
113/03/22,"18,315,746","3,625,587,499",200.00,200.50,195.00,200.00, 0.00,"25,470",
113/03/25,"11,699,499","2,313,620,954",199.50,199.50,195.00,198.00,-2.00,"18,259",
113/03/26,"24,935,395","4,853,657,026",200.00,203.00,189.50,190.00,-8.00,"26,074",
113/03/27,"11,972,341","2,285,282,576",190.00,193.00,188.50,191.50,+1.50,"10,903",
113/03/28,"9,080,876","1,728,145,468",191.50,193.00,188.50,190.00,-1.50,"7,126",
113/03/29,"11,593,546","2,231,690,473",190.00,195.00,189.00,191.00,+1.00,"8,814",
113/04/01,"13,532,269","2,644,123,925",192.50,199.00,192.50,193.00,+2.00,"13,274",
113/04/02,"8,067,131","1,565,255,965",194.00,196.50,192.00,193.50,+0.50,"6,870",
113/04/03,"7,896,198","1,515,687,127",191.50,194.00,189.00,192.00,-1.50,"5,938",
113/04/08,"22,897,423","4,539,157,358",195.50,200.00,195.00,199.00,+7.00,"14,660",
113/04/09,"12,046,951","2,349,457,971",200.00,200.00,192.00,193.50,-5.50,"22,951",
113/04/10,"6,908,224","1,331,106,755",193.00,195.00,191.50,191.50,-2.00,"5,755",
113/04/11,"6,146,382","1,174,949,153",190.50,193.00,189.00,192.50,+1.00,"4,747",
113/04/12,"8,218,058","1,581,579,183",191.00,195.00,189.50,194.00,+1.50,"5,983",
113/04/15,"21,881,940","4,025,419,836",190.00,190.00,182.00,182.50,-11.50,"17,995",
113/04/16,"15,974,229","2,850,411,328",179.50,184.00,176.00,177.00,-5.50,"12,643",
113/04/17,"16,431,795","2,917,299,247",176.00,180.50,174.00,179.00,+2.00,"12,189",
113/04/18,"7,840,510","1,399,420,141",177.00,180.50,176.00,178.50,-0.50,"5,211",
113/04/19,"21,435,045","3,692,305,034",177.00,178.50,168.00,170.00,-8.50,"15,492",
113/04/22,"11,506,829","1,940,431,809",170.00,171.50,166.50,167.50,-2.50,"8,507",
113/04/23,"9,496,286","1,617,347,108",170.50,172.50,169.00,170.00,+2.50,"8,235",
113/04/24,"21,799,894","4,029,000,374",178.00,187.00,177.50,187.00,+17.00,"13,508",
113/04/25,"39,120,321","7,377,276,727",190.00,194.00,183.00,184.00,-3.00,"21,697",
113/04/26,"17,397,398","3,183,346,603",186.50,187.00,180.00,182.50,-1.50,"16,347",
113/04/29,"7,272,506","1,333,227,705",183.00,185.00,181.50,184.00,+1.50,"5,707",
113/04/30,"7,778,389","1,429,346,637",183.00,187.00,182.00,182.00,-2.00,"5,821",
113/05/02,"10,608,843","1,910,172,988",180.50,183.50,178.00,178.00,-4.00,"9,450",
113/05/03,"8,413,678","1,499,473,926",180.50,181.50,176.00,176.00,-2.00,"7,127",
113/05/06,"13,453,829","2,461,947,605",179.00,185.50,178.50,184.00,+8.00,"10,000",
113/05/07,"7,694,579","1,403,306,008",186.00,186.50,180.50,182.00,-2.00,"9,106",
113/05/08,"20,229,589","3,790,868,120",181.00,190.00,179.00,189.00,+7.00,"14,372",
113/05/09,"18,397,019","3,526,660,533",188.50,194.00,187.00,190.50,+1.50,"17,964",
113/05/10,"8,744,163","1,659,136,790",189.50,191.50,187.00,190.00,-0.50,"12,763",
113/05/13,"9,040,137","1,685,535,737",189.00,190.00,185.00,186.50,-3.50,"22,206",
113/05/14,"7,121,326","1,310,937,902",185.00,186.00,183.00,183.50,-3.00,"9,528",
113/05/15,"8,164,974","1,497,990,880",184.00,185.00,182.00,182.50,-1.00,"5,452",
113/05/16,"9,899,320","1,827,895,182",186.00,188.50,183.00,183.00,+0.50,"6,383",
113/05/17,"4,947,718","906,090,045",183.00,184.50,181.50,183.50,+0.50,"3,583",
113/05/20,"10,359,911","1,871,237,828",182.00,183.00,179.00,180.50,-3.00,"7,290",
113/05/21,"5,687,752","1,033,054,862",181.00,183.00,179.50,182.00,+1.50,"3,915",
113/05/22,"5,995,452","1,092,868,122",181.00,184.00,180.50,182.50,+0.50,"5,445",
113/05/23,"21,295,291","4,028,214,017",182.00,191.00,182.00,191.00,+8.50,"15,839",
113/05/24,"6,951,272","1,310,797,750",188.50,190.00,187.00,189.00,-2.00,"19,100",
113/05/27,"12,160,037","2,322,417,968",189.50,193.00,188.00,192.00,+3.00,"12,144",
113/05/28,"7,264,835","1,386,206,495",191.00,193.00,188.00,192.00, 0.00,"13,094",
113/05/29,"35,818,918","7,048,870,506",194.00,202.50,191.00,191.00,-1.00,"24,240",
113/05/30,"10,607,080","1,993,467,291",190.50,190.50,186.00,187.50,-3.50,"25,871",
113/05/31,"16,978,462","3,138,486,621",189.00,190.50,182.50,182.50,-5.00,"9,417",
113/06/03,"12,463,479","2,371,770,236",187.00,193.00,187.00,188.50,+6.00,"11,627",
113/06/04,"10,223,222","1,924,583,115",189.00,190.50,186.50,187.50,-1.00,"12,016",
113/06/05,"5,690,018","1,057,566,725",188.00,189.00,184.00,185.50,-2.00,"5,113",
113/06/06,"8,552,045","1,619,148,248",187.50,192.00,187.50,187.50,+2.00,"6,669",
113/06/07,"11,161,515","2,071,414,549",190.00,191.00,183.50,184.00,-3.50,"11,668",
113/06/11,"6,573,330","1,204,819,200",184.00,185.00,182.00,182.50,-1.50,"5,768",
113/06/12,"10,499,501","1,950,371,464",183.50,189.50,183.50,185.50,+3.00,"7,201",
113/06/13,"10,276,681","1,906,791,991",188.00,189.00,184.00,184.00,-1.50,"11,821",
113/06/14,"10,690,208","1,957,661,824",185.00,185.50,182.00,182.50,-1.50,"8,280",
113/06/17,"5,102,429","937,561,348",183.50,185.00,182.00,184.00,+1.50,"4,292",
113/06/18,"14,937,465","2,820,250,018",186.00,191.50,185.00,190.00,+6.00,"11,939",
113/06/19,"12,196,083","2,336,819,306",193.00,195.00,188.50,189.00,-1.00,"17,463",
113/06/20,"5,901,220","1,126,298,912",190.50,193.00,188.50,190.50,+1.50,"10,345",
113/06/21,"11,870,229","2,220,027,689",188.50,189.00,185.00,187.00,-3.50,"12,896",
113/06/24,"6,957,806","1,293,649,374",186.50,188.00,184.00,186.00,-1.00,"5,233",
113/06/25,"27,195,348","4,924,335,622",184.50,184.50,179.50,180.00,-6.00,"19,143",
113/06/26,"13,898,484","2,514,242,356",181.00,183.00,179.50,180.00, 0.00,"7,835",
113/06/27,"12,210,436","2,177,854,058",178.50,180.50,175.50,178.50,-1.50,"10,996",
113/06/28,"15,060,615","2,708,597,383",179.00,181.00,178.00,180.00,+1.50,"5,591",
113/07/01,"5,934,245","1,067,868,736",181.00,181.50,178.00,179.50,-0.50,"4,865",
113/07/02,"9,714,090","1,735,419,773",178.50,181.00,177.00,178.50,-1.00,"6,680",
113/07/03,"8,801,842","1,599,324,784",179.50,183.00,179.00,183.00,+4.50,"5,847",
113/07/04,"20,718,995","3,794,400,689",186.00,187.50,180.50,181.50,-1.50,"12,100",
113/07/05,"14,629,696","2,625,056,828",182.50,183.50,178.50,178.50,-3.00,"11,914",
113/07/08,"8,232,071","1,484,946,967",179.50,181.50,178.00,181.00,+2.50,"6,534",
113/07/09,"13,867,416","2,470,417,260",181.00,182.00,177.00,177.00,-4.00,"10,638",
113/07/10,"23,885,639","4,173,531,628",175.50,177.00,173.50,175.50,-1.50,"17,802",
113/07/11,"68,014,604","12,637,811,711",175.50,189.50,175.00,189.50,X0.00,"39,097",
113/07/12,"73,670,633","14,169,921,370",188.00,198.50,186.50,190.00,+0.50,"45,470",
113/07/15,"25,703,227","4,919,279,586",193.50,194.00,187.50,191.00,+1.00,"26,655",
113/07/16,"39,618,712","7,818,367,143",192.50,199.50,192.00,198.00,+7.00,"29,510",
113/07/17,"76,796,020","16,139,448,646",198.00,217.00,196.50,215.50,+17.50,"71,931",
113/07/18,"59,562,763","12,441,567,416",208.50,218.00,202.50,205.00,-10.50,"63,433",
113/07/19,"51,796,320","10,173,663,132",205.50,207.00,191.00,192.50,-12.50,"38,089",
113/07/22,"34,895,625","6,716,329,562",195.00,197.00,188.00,190.50,-2.00,"24,063",
113/07/23,"42,980,251","8,476,667,394",196.00,202.50,193.00,194.50,+4.00,"26,986",
113/07/26,"25,977,001","4,915,435,566",186.50,193.50,185.50,191.00,-3.50,"20,303",
113/07/29,"27,088,248","5,053,275,271",194.00,195.50,181.00,181.00,-10.00,"20,443",
113/07/30,"24,170,098","4,348,390,197",181.00,185.00,175.50,183.50,+2.50,"17,658",
113/07/31,"35,950,172","6,385,851,988",178.50,182.00,173.00,179.50,-4.00,"24,744",
113/08/01,"36,654,587","6,795,459,131",184.00,190.50,180.50,183.00,+3.50,"24,593",
113/08/02,"55,829,257","9,514,180,730",173.50,176.50,165.50,166.00,-17.00,"47,266",
113/08/05,"29,213,539","4,388,004,531",151.50,153.50,149.50,149.50,-16.50,"23,003",
113/08/06,"57,902,603","8,210,786,739",151.00,153.00,135.50,140.50,-9.00,"36,020",
113/08/07,"41,217,887","6,057,060,910",142.50,150.50,141.50,148.50,+8.00,"27,205",
113/08/08,"22,189,762","3,186,858,151",143.00,146.00,141.50,144.00,-4.50,"15,840",
113/08/09,"47,799,871","7,136,975,338",150.50,151.50,146.50,148.00,+4.00,"25,286",
113/08/12,"30,661,255","4,836,438,207",150.00,161.50,150.00,158.00,+10.00,"21,485",
113/08/13,"19,613,827","3,116,251,548",160.50,162.50,157.00,157.50,-0.50,"17,277",
113/08/14,"20,052,732","3,194,596,393",160.50,162.00,157.00,159.50,+2.00,"13,276",
113/08/15,"10,819,258","1,708,584,584",159.00,161.00,156.00,157.00,-2.50,"8,057",
113/08/16,"15,870,156","2,552,107,698",161.00,163.50,159.00,159.50,+2.50,"10,844",
113/08/19,"12,801,263","2,025,328,814",159.50,160.00,156.50,158.50,-1.00,"9,000",
113/08/20,"8,919,185","1,420,021,223",160.00,161.00,158.00,158.00,-0.50,"6,728",
113/08/21,"19,536,509","3,019,047,820",157.00,158.00,152.00,153.00,-5.00,"13,848",
113/08/22,"33,537,640","5,394,406,429",154.50,164.50,154.00,161.50,+8.50,"23,452",
113/08/23,"18,978,011","3,043,038,448",161.00,163.50,157.00,162.50,+1.00,"18,931",
113/08/26,"10,207,687","1,651,493,641",163.00,164.00,160.00,160.50,-2.00,"9,235",
113/08/27,"8,226,652","1,306,073,491",159.00,160.50,157.00,160.00,-0.50,"6,067",
113/08/28,"7,163,922","1,137,292,930",161.00,161.50,157.50,159.00,-1.00,"5,843",
113/08/29,"22,630,332","3,679,450,594",156.50,166.00,155.50,164.50,+5.50,"16,690",
113/08/30,"28,757,772","4,777,297,903",167.00,170.50,162.50,163.50,-1.00,"19,191",
113/09/02,"13,456,830","2,194,999,806",164.50,166.00,160.50,162.50,-1.00,"8,276",
113/09/03,"20,844,557","3,314,560,530",162.50,164.50,156.00,156.50,-6.00,"15,042",
113/09/04,"39,366,857","5,700,886,833",145.50,147.50,142.00,143.00,-13.50,"33,140",
113/09/05,"20,257,850","2,904,119,996",144.00,145.50,142.00,142.00,-1.00,"13,857",
113/09/06,"11,313,474","1,616,366,240",142.50,144.50,141.50,142.50,+0.50,"6,706",
113/09/09,"9,589,130","1,360,087,288",139.00,143.50,139.00,142.00,-0.50,"7,157",
113/09/10,"17,557,431","2,475,221,562",143.00,144.50,138.00,139.50,-2.50,"13,978",
113/09/11,"9,729,893","1,349,628,755",140.50,140.50,137.50,138.00,-1.50,"7,594",
113/09/12,"14,073,679","2,042,438,792",143.00,147.00,142.50,146.00,+8.00,"10,507",
113/09/13,"12,352,823","1,823,362,569",147.50,150.00,145.00,147.50,+1.50,"10,062",
113/09/16,"8,305,754","1,219,801,732",148.00,149.50,145.50,146.50,-1.00,"6,516",
113/09/18,"11,602,819","1,674,999,068",147.00,147.00,142.00,143.00,-3.50,"7,314",
113/09/19,"14,102,717","2,043,420,609",144.00,148.00,141.50,147.00,+4.00,"8,023",
113/09/20,"14,811,802","2,206,568,727",150.00,152.50,147.00,147.00, 0.00,"8,719",
113/09/23,"7,394,737","1,097,937,631",149.00,149.50,146.50,149.50,+2.50,"5,756",
113/09/24,"12,260,100","1,785,421,268",148.00,148.00,144.00,145.00,-4.50,"9,537",
113/09/25,"13,199,155","1,949,980,315",148.00,149.50,146.50,146.50,+1.50,"9,069",
113/09/26,"18,713,565","2,765,070,887",148.50,151.00,145.50,146.50, 0.00,"10,692",
113/09/27,"35,877,459","5,439,482,897",148.50,155.50,148.50,149.00,+2.50,"21,628",
113/09/30,"18,645,012","2,724,222,906",147.00,149.50,144.00,144.00,-5.00,"12,706",
113/10/01,"9,207,091","1,330,052,954",145.00,146.00,143.00,144.50,+0.50,"6,621",
113/10/04,"17,255,588","2,442,332,877",144.00,144.00,140.00,140.50,-4.00,"10,609",
113/10/07,"14,518,172","2,045,194,023",141.50,142.00,140.00,141.50,+1.00,"9,356",
113/10/08,"19,032,166","2,623,604,629",140.00,141.00,137.00,137.00,-4.50,"16,874",
113/10/09,"21,627,178","3,095,531,448",139.50,146.00,139.50,142.50,+5.50,"14,680",
113/10/11,"13,304,794","1,887,528,471",142.50,144.00,140.50,141.00,-1.50,"9,151",
113/10/14,"8,012,894","1,142,798,358",142.00,144.00,140.50,143.50,+2.50,"5,346",
113/10/15,"11,120,383","1,604,446,906",144.50,145.50,143.00,145.00,+1.50,"7,693",
113/10/16,"13,235,973","1,893,306,417",142.50,145.00,141.50,142.50,-2.50,"6,855",
113/10/17,"24,954,940","3,684,227,276",144.50,150.50,144.00,147.00,+4.50,"16,566",
113/10/18,"16,944,153","2,479,524,876",149.50,150.00,143.50,144.50,-2.50,"11,832",
113/10/21,"39,756,360","6,005,906,719",146.00,154.00,145.50,151.50,+7.00,"25,822",
113/10/22,"78,605,238","12,769,540,760",156.50,166.00,155.50,163.50,+12.00,"47,037",
113/10/23,"68,085,499","11,363,158,864",166.50,169.00,164.00,167.50,+4.00,"47,417",
113/10/24,"33,665,183","5,528,965,264",168.00,168.00,161.00,161.50,-6.00,"20,550",
113/10/25,"25,735,547","4,230,771,674",164.50,167.50,162.00,166.00,+4.50,"17,596",
113/10/28,"29,840,148","4,908,270,593",167.00,167.50,161.50,166.00, 0.00,"26,313",
113/10/29,"24,513,540","3,981,939,757",165.00,165.00,160.50,163.50,-2.50,"15,853",
113/10/30,"44,861,891","7,244,382,362",160.00,166.50,156.00,161.50,-2.00,"29,186",
113/11/01,"32,368,477","5,243,839,606",156.00,166.50,155.50,166.00,+4.50,"21,109",
113/11/04,"19,924,160","3,272,350,771",167.00,167.50,162.50,163.50,-2.50,"19,124",
113/11/05,"18,447,293","3,056,962,065",163.50,168.00,163.50,165.00,+1.50,"11,186",
113/11/06,"11,714,727","1,948,415,604",165.50,168.00,164.50,166.00,+1.00,"11,417",
113/11/07,"53,432,051","9,271,554,404",167.00,177.00,166.00,176.50,+10.50,"36,927",
113/11/08,"35,813,759","6,308,352,928",179.00,179.00,173.00,174.00,-2.50,"34,764",
113/11/11,"16,041,328","2,743,984,990",174.50,175.00,169.50,170.50,-3.50,"12,473",
113/11/12,"18,870,472","3,183,595,187",167.50,171.50,166.50,167.50,-3.00,"12,437",
113/11/13,"20,879,154","3,516,581,261",168.50,171.00,165.00,169.50,+2.00,"15,070",
113/11/14,"14,952,350","2,489,731,673",168.50,170.00,164.00,166.00,-3.50,"11,281",
113/11/15,"12,161,909","1,999,328,018",166.50,167.50,162.00,163.50,-2.50,"10,478",
113/11/18,"18,093,908","2,867,911,951",163.00,163.00,156.50,159.00,-4.50,"13,353",
113/11/19,"9,143,710","1,463,665,998",161.00,162.50,159.00,159.50,+0.50,"6,485",
113/11/20,"9,946,676","1,576,659,801",160.00,161.00,156.50,157.50,-2.00,"7,371",
113/11/21,"10,808,296","1,723,673,897",156.00,162.50,155.50,160.50,+3.00,"7,860",
113/11/22,"9,591,254","1,547,712,961",162.00,163.00,160.00,161.00,+0.50,"7,044",
113/11/25,"12,937,092","2,087,670,972",162.00,164.50,159.00,159.00,-2.00,"8,440",
113/11/26,"10,666,019","1,700,074,928",158.50,162.50,157.50,158.50,-0.50,"8,020",
113/11/27,"21,475,353","3,301,005,540",159.00,159.00,150.00,150.00,-8.50,"17,564",
113/11/28,"25,955,354","3,808,081,175",150.00,150.50,144.00,147.00,-3.00,"16,559",
113/11/29,"10,490,704","1,556,528,730",145.00,151.00,144.00,149.00,+2.00,"7,778",
113/12/02,"8,955,742","1,339,046,985",151.00,151.50,148.50,148.50,-0.50,"7,136",
113/12/03,"12,007,460","1,802,774,977",151.00,153.00,148.50,149.00,+0.50,"8,145",
113/12/04,"10,924,695","1,645,769,184",150.50,152.00,149.00,150.00,+1.00,"7,016",
113/12/05,"20,272,480","3,103,667,362",151.00,156.00,149.00,153.50,+3.50,"13,662",
113/12/06,"11,072,765","1,697,873,980",154.00,155.50,151.00,151.50,-2.00,"8,649",
113/12/09,"12,496,512","1,859,865,968",150.00,151.00,147.00,148.50,-3.00,"9,152",
113/12/10,"6,819,107","1,016,307,581",149.50,151.50,148.00,148.00,-0.50,"5,420",
113/12/11,"6,203,098","920,897,873",147.50,150.50,146.50,148.00, 0.00,"6,241",
113/12/12,"12,392,903","1,852,164,600",150.00,153.00,147.00,147.00,-1.00,"8,467",
113/12/13,"23,241,873","3,311,192,281",146.50,147.50,140.00,141.50,-5.50,"20,098",
113/12/16,"18,665,386","2,599,878,877",142.00,142.50,137.00,137.50,-4.00,"16,432",
113/12/17,"12,941,601","1,833,267,912",138.50,143.50,138.50,141.50,+4.00,"8,595",
113/12/18,"10,009,796","1,427,079,339",142.00,144.00,140.50,143.00,+1.50,"7,153",
113/12/19,"12,258,798","1,722,355,567",140.00,142.50,139.00,141.50,-1.50,"8,274",
113/12/20,"9,444,036","1,339,367,801",141.50,144.00,140.50,141.00,-0.50,"5,709",
113/12/23,"15,387,617","2,243,300,575",143.50,147.50,142.50,145.50,+4.50,"10,611",
113/12/24,"20,492,468","3,030,691,624",147.50,151.50,145.00,145.50, 0.00,"17,003",
113/12/25,"10,150,136","1,477,917,893",147.50,148.00,144.00,145.00,-0.50,"7,767",
113/12/26,"8,253,911","1,205,768,328",147.00,147.50,145.00,145.50,+0.50,"6,236",
113/12/27,"7,264,425","1,060,705,358",145.50,148.00,145.00,145.00,-0.50,"6,110",
113/12/30,"8,208,464","1,167,538,621",144.50,144.50,141.00,141.50,-3.50,"8,077",
113/12/31,"8,225,126","1,157,338,355",140.50,142.00,139.50,141.00,-0.50,"6,067",
114/01/02,"23,662,265","3,481,273,241",142.00,149.50,141.00,147.00,+6.00,"16,008",
114/01/03,"23,601,062","3,527,186,253",150.00,151.50,146.50,149.50,+2.50,"21,809",
114/01/06,"17,611,508","2,672,453,762",151.50,153.50,149.50,151.50,+2.00,"16,578",
114/01/07,"19,438,368","3,002,051,549",155.00,156.00,153.00,154.00,+2.50,"16,170",
114/01/08,"9,635,253","1,479,075,905",153.00,154.50,152.50,153.00,-1.00,"9,672",
114/01/09,"15,474,945","2,298,941,211",151.50,152.00,145.50,145.50,-7.50,"17,475",
114/01/10,"6,873,156","1,002,409,278",145.50,148.00,144.50,145.00,-0.50,"5,186",
114/01/13,"14,729,939","2,059,771,322",144.00,144.00,137.50,140.00,-5.00,"12,893",
114/01/14,"7,594,769","1,067,097,687",140.00,141.50,139.50,140.50,+0.50,"5,156",
114/01/15,"8,373,775","1,166,324,913",139.50,141.00,138.00,138.50,-2.00,"6,631",
114/01/16,"6,829,116","973,593,152",141.50,143.50,141.50,142.00,+3.50,"4,785",
114/01/17,"3,867,528","548,936,193",143.00,143.50,141.00,142.00, 0.00,"4,650",
114/01/20,"9,395,111","1,329,397,601",143.50,144.00,140.50,141.00,-1.00,"7,296",
114/01/21,"15,671,189","2,181,789,842",141.00,141.00,138.50,139.50,-1.50,"12,223",
114/01/22,"21,541,442","2,988,871,229",139.00,140.00,137.00,139.00,-0.50,"14,205",
114/02/03,"42,372,518","5,420,569,620",135.00,136.00,125.50,126.50,-12.50,"34,851",
114/02/04,"32,050,404","3,938,418,191",127.00,127.50,121.50,121.50,-5.00,"23,177",
114/02/05,"18,573,840","2,280,985,980",122.00,125.00,120.50,123.00,+1.50,"12,919",
114/02/06,"11,631,963","1,443,825,982",123.50,125.00,123.00,123.50,+0.50,"8,704",
114/02/07,"10,376,117","1,292,927,644",123.50,125.50,123.00,125.00,+1.50,"7,963",
114/02/10,"10,442,026","1,302,958,042",125.50,126.00,123.50,123.50,-1.50,"8,553",
114/02/11,"9,656,695","1,210,883,776",124.50,127.00,124.00,124.50,+1.00,"8,116",
114/02/12,"14,365,378","1,779,382,979",125.50,127.00,122.00,122.00,-2.50,"11,979",
114/02/13,"18,484,287","2,323,386,767",122.50,128.00,122.00,128.00,+6.00,"11,861",
114/02/14,"12,917,354","1,634,904,844",128.50,128.50,125.50,126.50,-1.50,"9,280",
114/02/17,"21,050,144","2,637,051,572",125.50,126.50,124.00,125.00,-1.50,"15,761",
114/02/18,"13,749,305","1,747,614,830",125.50,128.50,125.00,128.00,+3.00,"10,025",
114/02/19,"32,826,030","4,320,155,239",129.00,134.00,128.50,130.00,+2.00,"25,232",
114/02/20,"20,451,148","2,625,272,845",131.50,132.00,127.00,127.50,-2.50,"17,379",
114/02/21,"30,653,217","4,023,673,887",127.50,133.50,127.00,131.50,+4.00,"18,098",
114/02/24,"15,619,617","2,034,680,880",129.00,132.00,128.50,130.50,-1.00,"11,641",
114/02/25,"14,615,685","1,905,740,994",129.00,131.50,129.00,129.50,-1.00,"10,056",
114/02/26,"24,594,723","3,087,306,571",126.50,127.00,124.00,125.50,-4.00,"20,561",
114/02/27,"48,884,472","5,878,464,487",124.00,125.00,117.50,118.00,-7.50,"46,300",
114/03/03,"23,385,297","2,677,835,167",114.00,117.00,113.00,114.00,-4.00,"17,278",
114/03/04,"27,221,360","3,063,276,975",111.50,114.00,110.50,113.50,-0.50,"16,347",
114/03/05,"15,317,030","1,765,918,666",115.00,116.50,113.50,116.00,+2.50,"11,343",
114/03/06,"11,822,586","1,353,982,446",116.50,116.50,113.50,113.50,-2.50,"10,651",
114/03/07,"14,395,533","1,621,938,597",112.00,114.50,111.50,112.00,-1.50,"9,808",
114/03/10,"11,730,492","1,338,026,126",114.00,115.50,113.00,113.00,+1.00,"7,505",
114/03/11,"23,006,242","2,488,514,940",109.00,109.50,106.00,109.50,-3.50,"15,192",
114/03/12,"9,461,612","1,054,276,801",110.00,113.00,109.50,112.00,+2.50,"6,918",
114/03/13,"18,285,159","2,013,014,908",113.50,114.50,107.50,107.50,-4.50,"14,717",
114/03/14,"30,754,863","3,242,243,136",107.00,107.50,103.50,106.00,-1.50,"17,711",
114/03/17,"20,912,192","2,232,885,600",107.00,108.50,105.50,107.50,+1.50,"9,638",
114/03/18,"7,220,231","781,250,932",107.50,109.00,107.50,108.00,+0.50,"5,275",
114/03/19,"15,478,599","1,637,894,535",107.00,108.50,104.00,104.50,-3.50,"10,900",
114/03/20,"11,968,322","1,295,657,569",106.50,109.50,106.00,109.50,+5.00,"7,396",
114/03/21,"12,050,588","1,320,573,321",109.50,111.00,108.00,110.00,+0.50,"6,866",
114/03/24,"8,092,120","874,669,580",111.00,111.50,106.50,106.50,-3.50,"6,293",
114/03/25,"9,140,092","977,821,070",108.50,109.50,106.00,106.00,-0.50,"5,766",
114/03/26,"5,758,890","618,748,300",107.00,108.50,107.00,107.00,+1.00,"3,958",
114/03/27,"8,408,689","878,208,100",105.50,105.50,103.50,104.50,-2.50,"6,780",
114/03/28,"32,220,348","3,213,923,331",103.50,103.50,98.00,99.00,-5.50,"24,729",
114/03/31,"29,117,227","2,740,538,131",94.50,96.60,92.00,92.50,-6.50,"20,336",
114/04/01,"19,448,435","1,829,684,386",94.60,95.80,92.20,95.40,+2.90,"13,614",
114/04/02,"14,472,394","1,370,653,614",94.50,96.40,93.00,96.40,+1.00,"10,438",
114/04/07,"1,726,645","149,872,184",86.80,86.80,86.80,86.80,-9.60,"2,863",
114/04/08,"16,644,192","1,306,725,246",78.50,80.50,78.20,78.20,-8.60,"10,296",
114/04/09,"27,967,371","1,995,753,984",71.50,74.40,70.40,70.40,-7.80,"18,294",
114/04/10,"15,838,720","1,225,588,592",77.40,77.40,76.80,77.40,+7.00,"9,292",
114/04/11,"37,134,104","2,882,752,321",76.00,80.80,73.40,78.30,+0.90,"59,997",
114/04/14,"27,575,720","2,346,041,044",84.60,86.10,83.40,84.70,+6.40,"23,045",
114/04/15,"29,483,850","2,619,911,725",87.00,90.30,86.70,88.80,+4.10,"23,486",
114/04/16,"18,142,075","1,563,415,592",86.40,87.80,85.20,85.20,-3.60,"15,767",
114/04/17,"12,533,638","1,052,773,539",83.70,85.10,82.70,84.70,-0.50,"8,909",
114/04/18,"8,575,323","730,537,119",84.70,86.40,84.30,85.20,+0.50,"6,126",
114/04/21,"10,509,509","864,828,996",84.50,84.90,81.00,81.20,-4.00,"7,822",
114/04/22,"11,446,338","933,060,744",79.40,83.50,79.30,81.00,-0.20,"8,068",
114/04/23,"31,939,800","2,826,416,098",86.30,89.10,86.20,88.80,+7.80,"19,830",
114/04/24,"23,310,943","2,035,311,128",88.80,89.30,85.80,86.50,-2.30,"18,071",
114/04/25,"37,166,508","3,440,069,036",90.80,94.40,90.60,92.60,+6.10,"22,502",
114/04/28,"28,567,775","2,704,517,348",93.50,96.00,92.80,95.30,+2.70,"25,650",
114/04/29,"23,188,041","2,221,593,716",95.50,96.40,94.60,96.00,+0.70,"22,924",
114/04/30,"17,472,137","1,657,752,024",95.20,96.70,93.60,93.90,-2.10,"24,727",
114/05/02,"16,011,366","1,524,289,307",95.00,96.40,94.20,94.60,+0.70,"11,505",
114/05/05,"24,571,382","2,286,927,944",95.50,96.20,90.60,92.50,-2.10,"17,470",
114/05/06,"8,914,894","821,141,566",91.00,93.20,91.00,92.30,-0.20,"11,193",
114/05/07,"9,800,618","894,623,640",92.60,93.20,90.50,90.90,-1.40,"7,680",
114/05/08,"9,222,086","854,707,627",91.60,93.20,91.30,92.60,+1.70,"6,544",
114/05/09,"9,669,770","900,959,691",93.60,94.40,91.90,93.90,+1.30,"6,420",
114/05/12,"28,936,862","2,873,714,484",95.20,102.00,95.10,101.00,+7.10,"20,585",
114/05/13,"31,457,143","3,198,528,590",104.00,106.00,99.40,99.80,-1.20,"23,397",
114/05/14,"19,040,392","1,941,752,363",101.50,103.50,100.00,102.50,+2.70,"11,514",
114/05/15,"10,258,210","1,035,786,776",102.00,102.00,100.00,101.00,-1.50,"6,301",
114/05/16,"12,034,887","1,231,300,769",102.50,103.50,101.00,102.00,+1.00,"8,416",
114/05/19,"9,640,226","966,633,467",102.00,102.50,99.00,99.00,-3.00,"7,443",
114/05/20,"13,218,867","1,340,248,269",100.50,103.50,99.90,100.50,+1.50,"7,361",
114/05/21,"10,029,451","1,020,291,876",101.00,103.00,100.00,102.50,+2.00,"5,746",
114/05/22,"8,702,429","881,752,501",101.50,102.50,100.50,102.00,-0.50,"5,316",
114/05/23,"37,781,246","4,015,177,987",102.00,108.50,101.50,106.00,+4.00,"23,366",
114/05/26,"18,075,343","1,891,349,093",106.00,106.50,103.50,104.00,-2.00,"11,602",
114/05/27,"68,253,739","7,492,798,745",106.00,112.50,104.50,110.50,+6.50,"36,458",
114/05/28,"74,406,490","8,222,139,681",112.00,115.00,105.50,109.50,-1.00,"38,171",
114/05/29,"31,984,482","3,422,064,106",111.50,111.50,106.00,106.00,-3.50,"16,767",
114/06/02,"18,463,321","1,878,496,181",104.00,104.50,100.50,101.00,-5.00,"11,529",
114/06/03,"10,973,551","1,122,925,437",103.00,103.50,101.50,102.00,+1.00,"6,829",
114/06/04,"22,324,577","2,302,605,214",103.50,105.50,101.50,103.00,+1.00,"11,294",
114/06/05,"11,706,643","1,206,342,869",103.00,104.00,102.00,103.00, 0.00,"6,027",
114/06/06,"6,846,921","704,400,987",102.50,104.50,102.00,103.00, 0.00,"4,370",
114/06/09,"19,438,772","1,943,868,127",103.00,103.00,98.10,100.00,-3.00,"13,954",
114/06/10,"25,944,396","2,731,644,617",101.50,107.50,101.50,107.00,+7.00,"16,669",
114/06/11,"24,252,468","2,615,205,646",107.00,110.00,105.50,109.00,+2.00,"14,834",
114/06/12,"10,436,870","1,118,567,101",108.50,108.50,106.50,107.00,-2.00,"7,226",
114/06/13,"14,132,424","1,462,018,411",105.50,106.00,102.50,102.50,-4.50,"10,422",
114/06/16,"8,617,800","881,206,346",102.00,103.00,101.00,103.00,+0.50,"5,206",
114/06/17,"15,853,641","1,616,797,031",104.00,105.00,100.00,101.50,-1.50,"10,353",
114/06/18,"11,830,229","1,216,565,850",101.50,104.00,101.00,103.50,+2.00,"8,427",
114/06/19,"9,799,692","992,049,525",103.00,103.50,100.50,100.50,-3.00,"7,467",
114/06/20,"37,735,671","3,783,640,297",101.50,103.00,100.00,100.00,-0.50,"8,952",
114/06/23,"61,005,719","6,535,969,551",99.00,110.00,98.30,110.00,+10.00,"32,360",
114/06/24,"83,917,118","9,501,890,799",113.00,116.50,110.50,111.50,+1.50,"49,238",
114/06/25,"36,948,650","4,222,147,340",114.00,116.00,112.50,114.00,+2.50,"22,015",
114/06/26,"18,058,164","2,059,273,489",114.00,115.50,112.50,114.00, 0.00,"9,664",
114/06/27,"21,443,953","2,419,369,859",114.00,115.00,110.50,113.00,-1.00,"12,586",
114/06/30,"14,542,516","1,652,115,252",113.50,115.00,111.50,114.00,+1.00,"8,485",
114/07/01,"22,898,420","2,612,999,500",114.00,116.00,112.00,112.00,-2.00,"13,612",
114/07/02,"9,382,986","1,053,827,596",112.00,113.50,111.50,112.00, 0.00,"6,071",
114/07/03,"73,400,740","8,576,499,081",114.00,119.50,113.50,117.00,+5.00,"39,393",
114/07/04,"56,011,863","6,649,748,091",118.50,121.00,116.00,118.00,+1.00,"30,396",
114/07/07,"25,206,718","2,949,171,727",120.00,120.50,115.00,115.00,-3.00,"19,137",
114/07/08,"11,351,711","1,306,731,123",114.00,116.50,113.00,116.00,+1.00,"8,003",
114/07/09,"55,036,327","6,682,986,946",116.50,124.00,115.50,122.50,+6.50,"36,235",
114/07/10,"68,131,403","8,541,243,904",124.00,128.00,122.00,125.50,X0.00,"37,977",
114/07/11,"24,649,337","3,090,740,469",126.50,127.50,123.50,124.00,-1.50,"18,207",
114/07/14,"24,231,920","2,920,681,718",123.50,124.00,119.50,120.00,-4.00,"16,092",
114/07/15,"96,095,745","12,329,661,568",120.00,132.00,120.00,132.00,+12.00,"60,462",
114/07/16,"178,875,421","24,331,661,055",133.50,141.50,130.00,135.50,+3.50,"103,636",
114/07/17,"59,690,609","8,029,013,095",137.00,138.50,132.00,133.50,-2.00,"41,540",
114/07/18,"33,368,863","4,443,029,225",134.50,135.00,131.50,133.00,-0.50,"21,036",
114/07/21,"28,460,895","3,799,043,065",133.00,135.50,131.50,133.50,+0.50,"18,588",
114/07/22,"46,116,170","6,003,205,308",134.00,135.00,127.50,128.50,-5.00,"30,934",
114/07/23,"45,854,043","6,044,207,124",130.00,134.50,128.50,131.50,+3.00,"29,169",
114/07/24,"26,492,014","3,496,365,778",133.00,133.50,131.00,132.50,+1.00,"16,211",
114/07/25,"34,519,854","4,580,601,178",132.00,135.00,131.00,131.00,-1.50,"22,620",
114/07/28,"22,930,853","3,053,342,994",132.50,134.50,131.50,133.00,+2.00,"13,395",
114/07/29,"114,489,321","16,209,698,627",138.00,145.00,137.50,140.00,+7.00,"65,550",
114/07/30,"58,375,228","8,157,830,617",142.00,142.50,136.50,142.00,+2.00,"47,943",
114/07/31,"45,007,870","6,210,349,052",139.00,139.50,136.50,137.50,-4.50,"32,937",
114/08/01,"33,207,731","4,597,938,356",133.50,141.00,133.00,138.50,+1.00,"20,094",
114/08/04,"19,078,120","2,590,181,640",136.50,137.00,135.00,135.00,-3.50,"13,963",
114/08/05,"17,520,906","2,400,177,739",136.50,139.00,135.50,135.50,+0.50,"11,441",
114/08/06,"17,282,085","2,323,204,000",135.50,136.00,133.50,134.00,-1.50,"11,349",
114/08/07,"20,357,713","2,793,705,816",136.50,139.00,135.50,136.00,+2.00,"14,145",
114/08/08,"15,522,714","2,134,257,500",136.50,138.50,136.50,137.00,+1.00,"11,036",
114/08/11,"38,683,959","5,464,447,778",138.00,143.00,137.50,142.50,+5.50,"26,425",
114/08/12,"21,474,806","3,001,616,296",142.50,142.50,138.00,138.50,-4.00,"18,670",
114/08/13,"28,204,237","3,912,991,637",140.50,142.00,136.00,138.00,-0.50,"18,077",
114/08/14,"31,770,415","4,452,405,393",140.00,144.50,137.50,138.00, 0.00,"19,735",
114/08/15,"29,696,432","4,083,487,227",139.50,142.00,135.00,135.50,-2.50,"24,120",
114/08/18,"53,936,215","7,574,437,608",134.00,142.50,134.00,142.00,+6.50,"32,322",
114/08/19,"32,549,940","4,593,900,092",144.00,145.50,138.50,139.00,-3.00,"22,136",
114/08/20,"28,473,773","3,827,471,511",137.00,139.00,133.00,133.50,-5.50,"22,467",
114/08/21,"18,224,912","2,433,474,148",132.50,135.50,132.50,133.50, 0.00,"13,657",
114/08/22,"12,823,238","1,721,682,365",134.00,135.50,132.50,135.00,+1.50,"8,342",
114/08/25,"26,238,917","3,654,659,467",138.00,140.50,138.00,140.00,+5.00,"15,413",
114/08/26,"55,622,392","7,959,019,429",141.00,146.00,140.00,142.00,+2.00,"40,535",
114/08/27,"78,875,832","11,789,645,368",145.50,152.00,145.00,152.00,+10.00,"59,419",
114/08/28,"56,299,084","8,470,728,082",151.50,153.50,147.00,150.00,-2.00,"41,173",
114/08/29,"45,478,963","6,708,378,023",152.50,153.50,144.50,144.50,-5.50,"35,629",
114/09/01,"45,628,424","6,254,103,471",143.50,144.00,133.00,134.50,-10.00,"36,917",
114/09/02,"30,783,090","4,052,191,315",135.00,135.50,129.50,131.00,-3.50,"22,881",
114/09/03,"15,310,351","2,023,298,585",132.00,133.00,131.00,132.50,+1.50,"10,399",
114/09/04,"18,638,543","2,495,704,171",134.50,135.50,132.00,133.50,+1.00,"10,090",
114/09/05,"16,038,706","2,165,387,955",136.00,137.50,133.00,134.00,+0.50,"10,941",
114/09/08,"18,119,903","2,405,409,652",135.00,135.50,130.50,133.50,-0.50,"10,723",
114/09/09,"9,786,778","1,318,074,189",135.00,136.00,133.50,135.00,+1.50,"6,933",
114/09/10,"34,188,146","4,791,424,832",137.00,143.00,135.00,141.50,+6.50,"25,443",
114/09/11,"36,645,537","5,266,746,810",144.50,146.50,141.50,142.50,+1.00,"24,520",
114/09/12,"29,762,268","4,334,928,702",145.50,147.50,143.50,144.50,+2.00,"20,737",
114/09/15,"12,585,488","1,797,955,212",145.50,145.50,141.50,142.00,-2.50,"18,488",
114/09/16,"64,156,759","9,637,894,536",144.00,153.00,142.50,152.00,+10.00,"48,349",
114/09/17,"22,731,939","3,380,043,305",152.00,152.00,147.00,147.50,-4.50,"21,105",
114/09/18,"27,918,539","4,117,125,181",150.00,150.00,145.00,148.50,+1.00,"15,798",
114/09/19,"77,040,318","12,200,466,205",155.00,161.50,154.50,157.50,+9.00,"49,617",
114/09/22,"28,067,760","4,443,463,202",159.00,159.50,156.50,158.50,+1.00,"22,322",
114/09/23,"49,227,532","7,945,299,387",160.00,165.00,159.00,159.00,+0.50,"31,890",
114/09/24,"22,247,841","3,484,307,091",159.50,160.00,154.50,157.00,-2.00,"16,812",
114/09/25,"18,732,551","2,961,091,356",156.50,159.50,155.00,157.00, 0.00,"13,466",
114/09/26,"22,663,847","3,410,415,677",155.50,156.50,148.00,149.00,-8.00,"19,897",
114/09/30,"12,365,063","1,878,042,155",152.50,153.00,150.50,151.50,+2.50,"7,949",
114/10/01,"19,127,217","2,990,874,851",153.00,159.50,152.00,155.00,+3.50,"14,969",
114/10/02,"19,461,486","2,995,806,856",157.00,157.50,151.00,153.00,-2.00,"14,253",
114/10/03,"18,510,051","2,874,675,054",154.00,157.00,153.00,156.00,+3.00,"13,176",
114/10/07,"18,875,133","2,997,952,639",160.00,161.00,157.00,158.00,+2.00,"13,578",
114/10/08,"15,608,289","2,463,487,412",156.00,160.50,154.00,160.00,+2.00,"11,343",
114/10/09,"49,101,285","8,034,358,806",161.00,167.50,160.50,161.00,+1.00,"45,790",
114/10/13,"31,538,717","4,804,565,433",151.00,154.50,150.50,153.50,-7.50,"32,285",
114/10/14,"24,470,429","3,678,576,049",155.50,157.50,146.00,146.00,-7.50,"21,927",
114/10/15,"40,885,807","6,376,197,883",148.50,159.50,148.50,158.50,+12.50,"29,131",
114/10/16,"66,717,955","10,991,406,942",160.00,168.00,160.00,165.50,+7.00,"43,552",
114/10/17,"24,087,543","3,914,258,679",165.50,166.00,160.50,160.50,-5.00,"29,746",
114/10/20,"16,913,013","2,705,889,411",163.00,163.50,158.50,160.00,-0.50,"13,840",
114/10/21,"18,055,061","2,911,149,526",161.00,163.00,159.50,160.00, 0.00,"11,892",
114/10/22,"13,392,749","2,133,051,521",160.50,162.00,157.50,159.00,-1.00,"10,447",
114/10/23,"14,103,945","2,215,362,271",157.50,160.00,155.00,156.00,-3.00,"10,609",
114/10/27,"27,029,263","4,418,624,099",161.50,165.50,161.00,163.50,+7.50,"18,464",
114/10/28,"17,893,084","2,892,094,181",163.00,163.50,158.00,162.50,-1.00,"14,325",
114/10/29,"22,661,349","3,741,596,686",164.50,167.00,162.00,166.00,+3.50,"16,618",
114/10/30,"23,973,575","3,906,371,967",168.00,169.00,159.00,160.00,-6.00,"33,058",
114/10/31,"20,577,763","3,394,480,399",161.50,169.00,160.50,163.50,+3.50,"16,895",
114/11/03,"90,228,850","16,035,362,900",168.00,179.50,167.00,178.50,+15.00,"52,710",
114/11/04,"52,986,700","9,091,073,428",177.00,177.50,168.00,168.50,-10.00,"45,166",
114/11/05,"31,267,721","5,102,446,020",163.50,166.00,161.00,164.00,-4.50,"19,997",
114/11/06,"20,317,290","3,337,827,695",167.50,167.50,162.00,165.50,+1.50,"13,459",
114/11/07,"13,676,701","2,210,800,335",164.00,166.00,160.00,161.50,-4.00,"12,192",
114/11/10,"23,211,420","3,783,489,670",162.50,166.50,158.00,164.50,+3.00,"15,237",
114/11/11,"17,169,427","2,872,577,992",166.00,170.00,164.00,166.50,+2.00,"13,520",
114/11/12,"16,832,699","2,852,168,941",168.00,173.00,167.00,167.50,+1.00,"12,879",
114/11/13,"48,910,447","8,642,509,828",170.50,180.00,170.00,178.50,+11.00,"42,829",
114/11/14,"23,311,749","4,012,685,807",172.50,175.50,168.50,171.50,X0.00,"46,947",
114/11/17,"19,686,741","3,373,685,243",174.00,177.00,167.50,167.50,-4.00,"14,868",
114/11/18,"50,213,238","8,704,208,412",167.50,179.00,167.50,170.00,+2.50,"34,355",
114/11/19,"38,610,127","6,253,983,493",164.00,165.50,160.00,160.50,-9.50,"45,712",
114/11/20,"28,955,332","4,947,113,698",166.50,175.00,166.50,171.50,+11.00,"20,243",
114/11/21,"34,009,078","5,489,237,539",163.50,165.50,158.00,160.00,-11.50,"29,177",
114/11/24,"25,032,463","4,028,919,678",163.00,164.00,157.50,164.00,+4.00,"14,927",
114/11/25,"45,898,480","7,903,196,471",168.00,178.00,166.50,176.00,+12.00,"31,272",
114/11/26,"51,502,697","9,212,451,740",175.00,183.00,174.00,178.50,+2.50,"40,794",
114/11/27,"55,318,867","10,234,037,588",179.00,189.50,178.00,187.00,+8.50,"43,710",
114/11/28,"20,954,146","3,908,562,399",187.50,188.00,184.00,186.50,-0.50,"16,605",
114/12/01,"71,599,696","14,128,614,878",190.00,201.00,190.00,197.00,+10.50,"46,636",
114/12/02,"43,927,581","8,710,090,470",200.00,204.00,194.50,196.00,-1.00,"55,670",
114/12/03,"30,774,294","6,097,637,645",197.00,203.00,195.00,196.50,+0.50,"26,021",
114/12/04,"34,051,059","6,821,047,461",197.00,204.00,197.00,198.50,+2.00,"33,038",
114/12/05,"80,682,253","16,961,287,903",202.50,218.00,201.50,215.00,+16.50,"64,638",
114/12/08,"53,880,320","11,831,028,350",215.50,224.00,212.00,220.50,+5.50,"44,594",
114/12/09,"72,841,341","16,590,598,407",221.50,234.00,221.50,226.00,+5.50,"105,619",
114/12/10,"36,724,769","8,312,517,077",227.50,230.00,222.50,227.50,+1.50,"35,004",
114/12/11,"36,200,499","8,301,432,226",230.00,235.00,224.50,225.00,-2.50,"68,153",
114/12/12,"19,839,313","4,448,099,543",228.00,229.50,222.00,225.00, 0.00,"18,650",
114/12/15,"12,347,665","2,737,570,043",220.00,224.50,219.50,221.50,-3.50,"16,498",
114/12/16,"23,424,436","5,046,312,816",220.00,221.00,211.50,214.00,-7.50,"20,383",
114/12/17,"21,114,961","4,530,457,125",220.00,221.00,211.50,212.00,-2.00,"30,201",
114/12/18,"18,715,861","3,894,940,717",209.00,213.00,204.50,207.00,-5.00,"16,772",
114/12/19,"26,149,364","5,602,903,283",211.00,216.50,209.00,215.00,+8.00,"16,180",
114/12/22,"25,048,848","5,461,851,038",219.50,221.00,213.00,220.50,+5.50,"21,729",
114/12/23,"15,591,482","3,378,245,402",220.00,220.00,214.50,215.50,-5.00,"13,547",
114/12/24,"13,473,338","2,931,584,972",218.50,220.50,215.00,217.00,+1.50,"10,742",
114/12/26,"16,204,155","3,592,520,636",218.50,224.00,216.50,220.50,+3.50,"13,977",
114/12/29,"11,127,246","2,451,322,795",222.50,222.50,217.50,220.50, 0.00,"11,383",
114/12/30,"11,167,785","2,465,359,124",221.50,224.00,218.00,219.50,-1.00,"10,087",
114/12/31,"12,816,555","2,836,771,368",220.00,223.50,219.00,220.00,+0.50,"11,851",
115/01/02,"21,511,262","4,726,739,953",222.50,225.00,216.00,219.00,-1.00,"18,119",
115/01/05,"49,165,233","11,196,657,621",223.00,233.00,221.00,230.00,+11.00,"37,209",
115/01/06,"26,340,552","6,079,675,485",231.00,235.50,228.00,230.50,+0.50,"36,003",
115/01/07,"59,270,632","13,876,517,690",232.50,244.50,225.50,226.00,-4.50,"54,396",
115/01/08,"23,871,079","5,379,232,098",224.00,230.00,219.50,227.50,+1.50,"42,021",
115/01/09,"19,385,893","4,371,176,729",229.00,229.50,221.50,225.50,-2.00,"16,455",
115/01/12,"41,637,350","10,057,501,060",234.50,246.00,234.50,243.50,+18.00,"38,584",
115/01/13,"56,504,691","14,291,711,010",246.50,257.00,242.50,254.00,+10.50,"63,266",
115/01/14,"30,300,387","7,576,347,013",255.50,256.00,245.50,250.00,-4.00,"57,787",
115/01/15,"30,354,323","7,611,576,766",250.00,257.50,245.50,249.50,-0.50,"25,165",
115/01/16,"74,016,521","19,744,966,398",253.00,274.00,247.00,274.00,+24.50,"63,779",
115/01/19,"76,308,584","22,278,788,257",278.00,301.00,274.50,301.00,+27.00,"73,355",
115/01/20,"117,003,208","35,976,422,887",297.00,318.00,295.50,308.00,+7.00,"86,998",
115/01/21,"78,717,699","25,318,088,011",312.50,328.00,310.50,321.00,+13.00,"86,133",
115/01/22,"63,875,536","21,255,292,074",335.50,343.00,325.00,327.00,+6.00,"79,374",
115/01/23,"45,013,468","15,058,722,684",327.50,340.00,327.50,339.00,+12.00,"37,939",
115/01/26,"43,059,381","14,140,887,299",333.50,335.00,318.00,333.00,-6.00,"36,248",
115/01/27,"68,458,449","23,979,177,154",333.50,363.00,329.00,354.00,+21.00,"54,734",
115/01/28,"45,778,289","16,681,544,728",356.50,370.00,355.00,367.50,+13.50,"39,686",
115/01/29,"59,291,180","20,558,311,006",365.00,365.00,334.50,344.50,-23.00,"60,443",
115/01/30,"76,990,794","27,899,931,914",347.50,378.50,343.00,378.50,+34.00,"62,123",
115/02/02,"88,667,655","32,539,246,108",375.00,377.00,355.00,365.00,-13.50,"73,332",
115/02/03,"68,774,219","26,583,878,608",384.50,397.50,375.00,385.00,+20.00,"56,816",
115/02/04,"101,586,634","39,526,273,869",371.00,401.00,370.00,388.00,+3.00,"83,757",
115/02/05,"72,224,131","26,690,231,921",380.50,385.00,361.50,365.50,-22.50,"73,585",
115/02/06,"68,395,699","23,108,673,645",336.00,347.50,329.00,340.00,-25.50,"59,527",
115/02/09,"80,608,982","27,937,954,139",355.00,358.00,332.50,347.50,+7.50,"64,340",
115/02/10,"63,529,136","23,525,775,708",356.00,381.50,351.00,371.50,+24.00,"57,989",
115/02/11,"46,907,630","17,472,837,638",371.50,379.50,366.50,369.00,-2.50,"48,037",
115/02/23,"51,972,076","20,820,021,118",387.00,405.50,387.00,405.50,+36.50,"43,075",
115/02/24,"85,969,566","37,149,068,836",410.50,446.00,408.00,446.00,+40.50,"77,643",
115/02/25,"77,302,412","34,967,478,755",454.50,463.00,438.00,458.50,+12.50,"73,091",
115/02/26,"85,576,984","39,594,012,727",458.00,484.50,436.00,481.50,+23.00,"81,281",
115/03/02,"77,111,368","37,734,973,723",463.50,504.00,463.50,481.00,-0.50,"82,710",
115/03/03,"18,315,957","8,616,516,849",477.00,493.50,457.00,463.00,-18.00,"30,132",
115/03/04,"27,313,108","11,540,775,053",440.00,440.00,417.00,417.00,-46.00,"50,538",
115/03/05,"18,583,555","8,181,236,415",450.50,450.50,417.00,450.00,+33.00,"25,137",
115/03/06,"13,951,006","6,170,695,813",442.50,450.50,430.50,432.00,-18.00,"21,752",
115/03/09,"16,081,708","6,262,042,015",389.00,391.50,389.00,389.00,-43.00,"28,370",
115/03/10,"15,566,596","6,503,278,882",410.00,427.50,410.00,424.00,+35.00,"21,716",
115/03/11,"15,139,938","6,960,170,987",446.50,466.00,445.00,466.00,+42.00,"19,506",
115/03/12,"15,311,434","7,254,506,344",466.50,486.00,461.00,480.00,+14.00,"20,407",
115/03/13,"21,131,674","10,464,396,608",468.00,509.00,468.00,508.00,+28.00,"30,022",
115/03/16,"17,800,019","9,432,426,957",519.00,550.00,505.00,549.00,+41.00,"29,117",
115/03/17,"62,525,249","35,122,752,902",571.00,594.00,524.00,543.00,-6.00,"80,355",
115/03/18,"50,602,935","28,791,915,833",550.00,591.00,539.00,580.00,+37.00,"57,575",
115/03/19,"9,690,719","5,625,598,454",564.00,590.00,564.00,581.00,+1.00,"11,979",
115/03/20,"9,060,263","4,982,862,056",577.00,577.00,533.00,554.00,-27.00,"15,539",
115/03/23,"8,936,699","4,490,977,273",501.00,512.00,499.00,499.00,-55.00,"20,239",
115/03/24,"10,317,920","4,698,217,989",510.00,510.00,449.50,460.00,-39.00,"17,101",
115/03/25,"5,286,906","2,662,414,821",487.50,506.00,487.50,506.00,+46.00,"7,364",
115/03/26,"8,065,176","4,192,122,388",510.00,538.00,500.00,502.00,-4.00,"10,460",
115/03/27,"5,779,396","2,854,458,954",473.00,505.00,473.00,505.00,+3.00,"8,463",
115/03/30,"5,105,202","2,471,505,338",485.00,496.00,473.50,493.50,-11.50,"8,416",
115/03/31,"10,008,247","4,517,844,016",479.00,479.00,444.50,444.50,-49.00,"20,754",
115/04/01,"8,025,819","3,866,123,805",484.00,488.50,477.00,488.50,+44.00,"6,854",
115/04/02,"49,200,504","25,957,223,443",535.00,537.00,515.00,519.00,+30.50,"53,185",
115/04/07,"36,593,469","20,578,244,270",546.00,570.00,545.00,564.00,+45.00,"39,532",
115/04/08,"40,382,195","24,845,450,055",606.00,620.00,597.00,620.00,+56.00,"47,153",
115/04/09,"43,182,032","27,286,524,321",624.00,655.00,614.00,625.00,+5.00,"55,690",
115/04/10,"31,035,746","19,850,214,896",641.00,660.00,620.00,638.00,+13.00,"38,139",
115/04/13,"58,280,942","36,817,752,043",635.00,648.00,624.00,626.00,-12.00,"38,343",
115/04/14,"10,850,371","6,487,125,650",630.00,630.00,592.00,597.00,-29.00,"16,141",
115/04/15,"8,044,362","4,959,383,226",600.00,629.00,600.00,618.00,+21.00,"7,814",
115/04/16,"7,013,959","4,424,156,452",620.00,646.00,606.00,645.00,+27.00,"9,447",
115/04/17,"4,620,642","2,959,844,554",640.00,645.00,633.00,643.00,-2.00,"7,528",
115/04/20,"9,523,328","6,496,382,489",644.00,707.00,644.00,678.00,+35.00,"13,971",
115/04/21,"8,275,747","5,860,676,791",710.00,715.00,700.00,710.00,+32.00,"10,796",
115/04/22,"4,691,666","3,377,916,051",718.00,730.00,711.00,716.00,+6.00,"8,715",
115/04/23,"8,318,815","5,847,705,139",726.00,749.00,660.00,728.00,+12.00,"16,907",
115/04/24,"9,904,455","7,675,808,875",775.00,790.00,760.00,790.00,+62.00,"13,226",
115/04/27,"8,268,907","6,751,863,127",835.00,839.00,790.00,839.00,+49.00,"13,710",
115/04/28,"40,694,123","34,547,379,624",864.00,886.00,822.00,825.00,-14.00,"71,613",
115/04/29,"33,105,424","26,652,560,274",805.00,832.00,782.00,803.00,-22.00,"73,684",
115/04/30,"34,452,546","29,614,041,091",828.00,883.00,815.00,883.00,+80.00,"45,831",
115/05/04,"43,775,340","39,497,726,439",912.00,920.00,862.00,911.00,+28.00,"71,957",
115/05/05,"28,445,776","25,874,777,531",899.00,948.00,893.00,903.00,-8.00,"65,348",
115/05/06,"44,744,339","39,239,638,752",908.00,928.00,846.00,858.00,-45.00,"136,126",
115/05/07,"26,519,253","23,480,157,201",875.00,905.00,862.00,896.00,+38.00,"49,505",
115/05/08,"36,009,716","30,174,708,339",871.00,872.00,808.00,818.00,-78.00,"146,881",
115/05/11,"28,324,275","24,465,278,249",830.00,889.00,822.00,861.00,+43.00,"52,140",
115/05/12,"30,082,205","27,022,593,227",904.00,926.00,872.00,875.00,+14.00,"53,121",
115/05/13,"26,722,633","23,585,004,447",853.00,903.00,853.00,892.00,+17.00,"46,772",
115/05/14,"29,924,774","26,917,151,496",910.00,918.00,879.00,881.00,-11.00,"55,186",
115/05/15,"31,599,903","26,663,513,670",901.00,902.00,814.00,821.00,-60.00,"114,841",
115/05/18,"21,413,916","17,082,703,515",791.00,818.00,776.00,816.00,-5.00,"53,556",
115/05/19,"23,542,123","19,571,985,601",821.00,860.00,808.00,818.00,+2.00,"40,072",
115/05/20,"21,306,136","17,369,003,147",819.00,830.00,793.00,823.00,+5.00,"38,706",
115/05/21,"32,618,917","29,096,835,325",870.00,905.00,868.00,905.00,+82.00,"67,133",
115/05/22,"42,132,962","40,442,520,937",932.00,986.00,931.00,970.00,+65.00,"71,312",
