日期,成交股數,成交金額,開盤價,最高價,最低價,收盤價,漲跌價差,成交筆數,註記
109/01/02,"20,758,722","1,886,677,519",91.00,91.50,90.30,90.80, 0.00,"9,994",
109/01/03,"37,936,877","3,471,335,594",91.40,92.20,90.80,91.60,+0.80,"16,491",
109/01/06,"26,352,522","2,388,785,688",91.10,91.10,90.10,90.50,-1.10,"11,872",
109/01/07,"43,978,140","3,935,667,984",90.50,91.00,88.30,89.10,-1.40,"21,340",
109/01/08,"56,101,121","4,891,344,755",87.90,88.10,86.50,86.50,-2.60,"28,087",
109/01/09,"28,513,381","2,491,571,248",87.30,87.70,87.00,87.10,+0.60,"13,485",
109/01/10,"32,264,863","2,852,056,044",88.00,89.00,87.50,89.00,+1.90,"14,951",
109/01/13,"23,369,554","2,084,580,613",89.70,89.70,88.60,89.60,+0.60,"9,793",
109/01/14,"19,568,838","1,758,920,258",90.00,90.10,89.60,90.00,+0.40,"9,250",
109/01/15,"23,798,041","2,141,165,898",90.00,90.30,89.50,89.90,-0.10,"9,104",
109/01/16,"19,281,565","1,734,134,777",89.80,90.20,89.40,90.00,+0.10,"6,958",
109/01/17,"78,180,511","7,195,625,358",91.00,92.40,91.00,92.30,+2.30,"33,753",
109/01/20,"35,277,412","3,266,663,404",92.70,93.40,92.10,92.30, 0.00,"14,735",
109/01/30,"153,655,274","12,913,538,375",85.50,86.20,83.10,83.10,-9.20,"63,060",
109/01/31,"69,686,948","5,823,335,061",83.00,84.90,82.60,83.20,+0.10,"28,528",
109/02/03,"66,666,856","5,331,667,770",79.50,82.30,77.30,82.20,-1.00,"27,283",
109/02/04,"49,697,853","4,125,328,043",82.80,83.90,81.50,82.20, 0.00,"18,430",
109/02/05,"49,302,064","4,053,426,295",82.20,82.70,81.60,82.20, 0.00,"17,553",
109/02/06,"44,278,109","3,674,127,347",82.50,83.60,82.30,83.60,+1.40,"16,635",
109/02/07,"26,495,116","2,198,259,716",83.60,83.60,82.70,82.90,-0.70,"12,149",
109/02/10,"42,505,477","3,452,575,714",79.00,82.70,78.90,82.00,-0.90,"18,921",
109/02/11,"28,310,130","2,343,130,610",82.60,83.40,82.10,82.90,+0.90,"11,338",
109/02/12,"57,339,491","4,848,610,083",83.00,85.60,83.00,85.50,+2.60,"22,018",
109/02/13,"36,204,520","3,092,757,614",85.80,86.30,84.70,84.70,-0.80,"15,769",
109/02/14,"21,292,704","1,806,237,388",84.70,85.30,84.30,84.90,+0.20,"9,353",
109/02/17,"16,771,107","1,408,020,326",84.20,84.20,83.80,83.90,-1.00,"10,096",
109/02/18,"22,611,466","1,887,907,282",84.00,84.30,83.00,83.40,-0.50,"10,033",
109/02/19,"25,476,407","2,132,686,918",83.00,84.60,82.50,83.80,+0.40,"12,306",
109/02/20,"35,972,272","2,991,260,607",84.00,84.10,82.50,82.80,-1.00,"13,928",
109/02/21,"29,778,377","2,438,828,133",82.10,82.20,81.60,81.70,-1.10,"14,457",
109/02/24,"32,852,370","2,650,828,496",80.60,81.40,80.20,80.70,-1.00,"15,908",
109/02/25,"47,213,818","3,849,837,516",80.20,82.70,79.90,82.30,+1.60,"19,636",
109/02/26,"43,075,406","3,504,698,711",81.20,82.20,80.70,81.10,-1.20,"18,692",
109/02/27,"53,384,898","4,297,286,977",80.80,81.50,80.00,80.30,-0.80,"21,538",
109/03/02,"54,992,166","4,355,555,537",78.20,80.30,78.10,79.20,-1.10,"23,725",
109/03/03,"34,822,180","2,828,098,980",81.10,82.00,80.60,81.00,+1.80,"16,398",
109/03/04,"29,907,913","2,438,150,154",81.50,81.90,81.10,81.70,+0.70,"11,887",
109/03/05,"36,950,021","3,067,987,721",83.30,83.60,82.60,82.70,+1.00,"16,471",
109/03/06,"38,712,605","3,137,596,043",81.60,81.70,80.70,80.80,-1.90,"17,173",
109/03/09,"45,009,955","3,574,569,517",79.20,80.10,79.10,79.10,-1.70,"23,367",
109/03/10,"39,205,665","3,099,346,390",78.50,79.80,78.50,79.40,+0.30,"17,013",
109/03/11,"30,546,137","2,418,343,099",79.30,80.10,78.60,78.60,-0.80,"14,050",
109/03/12,"85,760,356","6,495,111,843",77.40,77.50,74.50,74.70,-3.90,"42,675",
109/03/13,"108,780,196","7,771,885,443",70.00,75.00,69.90,74.60,-0.10,"46,824",
109/03/16,"65,223,917","4,720,458,460",73.90,74.30,71.10,71.10,-3.50,"32,325",
109/03/17,"72,635,874","5,158,152,404",70.10,72.80,70.00,70.60,-0.50,"30,114",
109/03/18,"76,268,240","5,378,721,353",70.70,71.30,70.00,70.00,-0.60,"30,314",
109/03/19,"107,256,149","7,251,995,017",68.70,69.30,65.70,66.30,-3.70,"47,548",
109/03/20,"104,299,524","7,291,745,045",68.00,71.40,68.00,70.80,+4.50,"40,245",
109/03/23,"66,805,202","4,526,103,196",67.50,68.40,67.00,67.50,-3.30,"27,995",
109/03/24,"41,628,933","2,912,829,700",70.60,70.70,69.10,69.40,+1.90,"19,834",
109/03/25,"53,652,986","3,851,366,575",71.20,72.60,71.10,71.40,+2.00,"26,059",
109/03/26,"38,695,860","2,744,977,279",71.50,71.70,70.50,71.00,-0.40,"15,719",
109/03/27,"59,785,740","4,243,023,340",71.40,72.20,70.00,70.10,-0.90,"23,636",
109/03/30,"33,595,577","2,344,257,604",69.50,70.30,69.00,70.00,-0.10,"13,149",
109/03/31,"38,298,560","2,683,048,464",70.10,70.50,69.90,69.90,-0.10,"14,066",
109/04/01,"25,810,865","1,810,237,557",70.50,70.50,70.00,70.00,+0.10,"10,193",
109/04/06,"48,957,455","3,422,092,605",70.00,70.30,69.40,70.20,+0.20,"16,309",
109/04/07,"46,626,787","3,321,176,546",71.40,71.90,70.80,71.20,+1.00,"19,700",
109/04/08,"90,172,291","6,665,687,725",71.50,75.30,71.40,75.00,+3.80,"45,059",
109/04/09,"55,267,837","4,121,063,355",75.50,75.90,73.70,74.00,-1.00,"27,239",
109/04/10,"19,079,314","1,406,163,797",73.50,73.90,73.40,73.90,-0.10,"9,662",
109/04/13,"25,076,651","1,840,201,557",73.80,73.90,73.10,73.10,-0.80,"12,994",
109/04/14,"36,772,932","2,724,034,232",73.50,74.50,73.20,74.40,+1.30,"13,991",
109/04/15,"42,208,905","3,140,527,398",74.50,75.20,74.10,74.10,-0.30,"19,762",
109/04/16,"46,873,293","3,488,949,075",74.00,75.00,73.80,74.00,-0.10,"16,737",
109/04/17,"71,076,153","5,396,376,021",75.50,76.50,75.30,75.80,+1.80,"29,356",
109/04/20,"34,062,921","2,589,741,185",76.10,76.60,75.40,76.20,+0.40,"13,541",
109/04/21,"50,476,839","3,748,124,545",75.20,75.50,73.50,73.50,-2.70,"26,194",
109/04/22,"27,664,535","2,028,813,790",72.60,73.90,72.50,73.90,+0.40,"11,631",
109/04/23,"26,918,129","1,999,116,982",74.20,75.20,73.60,74.00,+0.10,"10,752",
109/04/24,"18,097,847","1,338,133,578",74.00,74.20,73.70,73.80,-0.20,"8,073",
109/04/27,"28,422,746","2,127,044,766",74.20,75.20,74.20,74.90,+1.10,"12,354",
109/04/28,"22,472,772","1,686,693,617",75.10,75.40,74.80,75.20,+0.30,"9,829",
109/04/29,"32,618,555","2,472,509,066",75.20,76.20,75.10,75.60,+0.40,"15,525",
109/04/30,"50,247,112","3,846,340,874",76.20,77.00,76.00,77.00,+1.40,"21,023",
109/05/04,"50,274,654","3,743,144,292",74.00,75.00,73.90,74.50,-2.50,"24,021",
109/05/05,"30,499,283","2,267,358,676",74.70,75.00,74.00,74.10,-0.40,"14,431",
109/05/06,"26,782,236","1,994,740,599",74.10,75.20,74.10,74.30,+0.20,"12,458",
109/05/07,"31,856,315","2,394,950,417",74.50,75.80,74.50,75.20,+0.90,"13,922",
109/05/08,"38,394,983","2,932,358,445",76.80,76.80,75.90,76.20,+1.00,"17,416",
109/05/11,"59,444,957","4,658,299,492",76.90,79.20,76.90,78.90,+2.70,"28,011",
109/05/12,"45,434,634","3,527,174,435",78.30,78.40,77.00,77.30,-1.60,"21,458",
109/05/13,"43,132,241","3,378,556,440",77.70,78.80,77.70,78.80,+1.50,"21,005",
109/05/14,"42,128,911","3,298,686,731",78.00,78.90,78.00,78.20,-0.60,"19,774",
109/05/15,"47,550,082","3,678,862,332",78.20,78.60,76.40,77.10,-1.10,"22,470",
109/05/18,"57,978,171","4,380,323,435",76.60,76.60,74.90,75.00,-2.10,"26,917",
109/05/19,"49,410,505","3,711,927,230",75.40,76.00,74.60,74.80,-0.20,"21,590",
109/05/20,"30,828,720","2,304,984,331",74.90,75.30,74.50,74.50,-0.30,"13,870",
109/05/21,"24,213,322","1,809,690,550",74.50,75.00,74.30,74.70,+0.20,"11,673",
109/05/22,"46,433,168","3,429,622,432",74.20,74.40,73.50,73.60,-1.10,"24,358",
109/05/25,"26,982,259","1,975,050,566",73.50,73.60,72.60,73.60, 0.00,"13,590",
109/05/26,"28,310,825","2,118,555,875",73.70,75.30,73.60,74.80,+1.20,"12,743",
109/05/27,"22,380,029","1,681,599,201",74.80,75.50,74.80,75.30,+0.50,"9,717",
109/05/28,"26,184,820","1,974,966,847",75.70,75.90,74.80,75.30, 0.00,"11,142",
109/05/29,"44,896,709","3,390,842,168",74.30,75.80,74.30,75.80,+0.50,"8,845",
109/06/01,"25,890,941","1,978,249,140",76.00,76.80,75.90,76.20,+0.40,"11,983",
109/06/02,"46,411,048","3,578,984,344",76.50,77.50,76.40,77.10,+0.90,"17,377",
109/06/03,"42,871,656","3,345,926,880",78.00,78.40,77.60,78.10,+1.00,"20,113",
109/06/04,"43,657,351","3,416,129,837",78.50,78.70,77.60,78.40,+0.30,"16,411",
109/06/05,"33,935,695","2,653,168,238",78.10,78.50,77.80,78.50,+0.10,"14,514",
109/06/08,"53,575,560","4,252,869,778",79.10,79.80,78.80,79.70,+1.20,"25,563",
109/06/09,"38,143,498","3,037,880,359",79.30,80.20,78.90,79.50,-0.20,"17,925",
109/06/10,"25,863,059","2,061,805,675",79.60,79.90,79.10,79.90,+0.40,"11,783",
109/06/11,"42,535,010","3,373,446,609",79.90,80.30,78.10,78.60,-1.30,"19,143",
109/06/12,"30,382,486","2,353,848,108",77.30,78.00,76.60,78.00,-0.60,"14,859",
109/06/15,"26,332,046","2,038,172,490",77.70,77.90,77.00,77.00,-1.00,"12,905",
109/06/16,"22,339,775","1,747,515,973",77.80,78.50,77.70,78.40,+1.40,"9,686",
109/06/17,"18,039,312","1,413,407,434",78.90,79.00,77.90,78.20,-0.20,"8,443",
109/06/18,"18,089,756","1,416,482,565",78.40,78.70,77.70,78.50,+0.30,"7,536",
109/06/19,"35,887,232","2,822,258,010",78.60,78.90,78.10,78.80,+0.30,"7,669",
109/06/22,"16,769,227","1,318,411,513",78.70,78.90,78.20,78.90,+0.10,"7,610",
109/06/23,"45,708,143","3,655,911,340",79.60,80.70,79.30,80.20,+1.30,"20,574",
109/06/24,"88,391,479","7,322,897,783",81.10,83.50,81.00,83.50,+3.30,"41,893",
109/06/29,"98,493,392","8,314,264,132",83.60,85.80,83.40,85.20,+1.70,"39,748",
109/06/30,"57,741,437","4,972,422,082",86.00,86.40,85.70,86.30,+1.10,"23,058",
109/07/01,"44,576,514","3,854,998,428",86.50,87.60,85.50,85.90,-0.40,"22,175",
109/07/02,"34,490,431","2,950,800,438",85.80,86.00,84.60,86.00,+0.10,"16,916",
109/07/03,"44,883,049","3,832,093,245",86.10,86.20,85.10,85.30,-0.70,"21,640",
109/07/06,"44,370,881","3,833,581,654",85.70,86.60,85.60,86.40,+1.10,"17,935",
109/07/07,"52,853,744","4,572,499,757",87.10,87.50,85.60,87.00,+0.60,"21,050",
109/07/08,"40,532,208","3,524,880,599",87.00,87.30,86.60,87.00, 0.00,"15,078",
109/07/09,"51,421,490","4,442,391,525",87.30,87.40,85.80,86.20,-0.80,"20,494",
109/07/10,"55,453,243","4,737,240,248",86.20,86.20,84.80,84.80,-1.40,"22,536",
109/07/13,"36,625,700","3,154,223,682",85.40,86.70,85.40,86.70,+1.90,"14,492",
109/07/14,"34,934,410","3,029,522,815",86.80,87.50,86.30,86.30,-0.40,"13,706",
109/07/15,"47,807,002","4,148,430,451",86.60,87.20,86.50,86.60,+0.30,"22,664",
109/07/16,"50,530,654","4,420,166,927",87.00,88.00,86.90,87.60,+1.00,"20,067",
109/07/17,"48,813,379","4,307,330,703",88.30,88.60,87.60,88.00,+0.40,"21,341",
109/07/20,"74,478,567","6,424,395,139",88.00,88.00,85.00,86.80,-1.20,"29,010",
109/07/21,"74,962,395","6,405,280,586",86.00,86.10,85.10,85.30,-1.50,"34,475",
109/07/22,"73,724,655","6,309,707,947",85.30,86.00,85.10,85.90,+0.60,"28,177",
109/07/23,"79,361,972","6,498,304,084",81.30,82.50,81.10,82.10,X0.00,"31,355",
109/07/24,"50,435,732","4,076,404,565",81.50,81.90,80.00,80.00,-2.10,"23,339",
109/07/27,"68,636,332","5,391,711,702",79.60,79.90,78.00,78.00,-2.00,"29,796",
109/07/28,"89,739,664","7,145,636,184",77.80,82.70,77.30,78.40,+0.40,"36,892",
109/07/29,"39,362,154","3,086,153,861",78.60,79.80,78.00,78.00,-0.40,"20,547",
109/07/30,"40,501,045","3,157,449,637",78.70,78.80,77.50,78.00, 0.00,"17,186",
109/07/31,"47,089,202","3,713,121,252",78.50,79.40,78.40,78.40,+0.40,"17,849",
109/08/03,"61,172,243","4,755,970,977",78.40,78.90,77.10,77.10,-1.30,"28,055",
109/08/04,"23,090,382","1,797,852,065",77.70,78.20,77.50,78.10,+1.00,"10,819",
109/08/05,"27,876,127","2,178,907,032",78.30,78.50,77.90,77.90,-0.20,"14,160",
109/08/06,"33,250,505","2,629,079,995",79.30,79.70,78.50,79.00,+1.10,"16,746",
109/08/07,"21,862,438","1,721,842,306",79.60,79.60,78.30,78.30,-0.70,"11,805",
109/08/10,"49,798,520","3,990,124,915",79.20,80.90,79.10,80.50,+2.20,"23,279",
109/08/11,"30,816,578","2,468,946,640",81.00,81.10,79.60,79.80,-0.70,"13,848",
109/08/12,"45,677,601","3,690,920,427",80.90,81.50,79.90,81.40,+1.60,"20,916",
109/08/13,"91,723,728","7,358,971,725",82.00,82.30,79.20,79.50,-1.90,"36,555",
109/08/14,"35,459,498","2,840,778,377",79.80,80.70,79.60,80.40,+0.90,"13,587",
109/08/17,"23,622,631","1,896,828,119",80.70,80.70,80.00,80.20,-0.20,"11,055",
109/08/18,"33,226,399","2,650,389,582",80.50,80.50,79.30,79.80,-0.40,"11,086",
109/08/19,"34,690,778","2,772,846,440",80.90,80.90,79.30,79.30,-0.50,"13,857",
109/08/20,"62,249,250","4,824,965,577",79.60,79.90,75.60,77.10,-2.20,"28,426",
109/08/21,"24,487,793","1,910,674,209",78.20,78.40,77.50,78.20,+1.10,"11,775",
109/08/24,"21,801,923","1,698,792,494",78.20,78.40,77.60,77.60,-0.60,"8,976",
109/08/25,"17,655,262","1,381,004,042",78.10,78.50,77.80,78.30,+0.70,"7,599",
109/08/26,"16,286,412","1,272,133,537",78.30,78.40,77.90,78.20,-0.10,"7,049",
109/08/27,"24,154,047","1,879,109,966",78.20,78.70,77.50,77.50,-0.70,"11,696",
109/08/28,"25,486,462","1,976,344,876",77.40,78.20,77.10,77.50, 0.00,"11,424",
109/08/31,"30,590,373","2,364,666,097",77.80,78.00,76.90,76.90,-0.60,"9,800",
109/09/01,"22,918,104","1,761,448,751",76.90,77.30,76.40,77.00,+0.10,"9,429",
109/09/02,"24,934,189","1,926,749,142",77.20,77.80,77.00,77.80,+0.80,"10,679",
109/09/03,"41,884,369","3,282,356,882",78.80,79.30,77.60,77.70,-0.10,"19,460",
109/09/04,"36,806,710","2,831,784,400",77.00,77.30,76.60,76.90,-0.80,"15,981",
109/09/07,"21,248,188","1,638,392,849",76.80,77.50,76.80,77.30,+0.40,"10,350",
109/09/08,"26,249,612","2,037,963,124",77.70,78.10,77.30,77.50,+0.20,"9,471",
109/09/09,"22,505,471","1,737,061,038",77.30,77.90,76.60,77.90,+0.40,"10,226",
109/09/10,"29,117,204","2,283,088,513",78.00,78.70,78.00,78.50,+0.60,"12,763",
109/09/11,"16,132,726","1,263,705,910",78.50,78.50,78.00,78.50, 0.00,"7,897",
109/09/14,"27,029,525","2,139,654,572",78.80,79.50,78.60,79.40,+0.90,"13,151",
109/09/15,"16,938,546","1,340,750,906",79.40,79.40,78.90,79.10,-0.30,"7,801",
109/09/16,"18,122,360","1,429,007,221",79.40,79.40,78.60,78.80,-0.30,"8,344",
109/09/17,"20,784,040","1,628,079,884",78.60,79.10,78.00,78.10,-0.70,"10,005",
109/09/18,"32,663,875","2,538,932,050",77.90,78.20,77.50,77.60,-0.50,"9,826",
109/09/21,"19,006,472","1,475,770,876",77.60,78.30,77.30,77.40,-0.20,"9,495",
109/09/22,"25,601,394","1,969,959,728",77.30,77.30,76.50,76.80,-0.60,"10,596",
109/09/23,"18,141,854","1,392,920,098",77.00,77.20,76.60,76.70,-0.10,"8,408",
109/09/24,"57,338,020","4,323,761,301",76.10,76.40,75.00,75.00,-1.70,"27,989",
109/09/25,"38,124,876","2,845,940,140",75.40,75.70,74.10,74.30,-0.70,"17,695",
109/09/28,"32,250,992","2,463,972,584",74.90,76.90,74.80,76.90,+2.60,"14,071",
109/09/29,"36,475,973","2,829,789,508",77.30,78.40,77.00,77.00,+0.10,"14,074",
109/09/30,"19,229,698","1,492,921,059",78.00,78.00,77.30,77.40,+0.40,"8,011",
109/10/05,"19,075,464","1,486,550,675",78.20,78.50,77.50,77.70,+0.30,"8,036",
109/10/06,"16,976,308","1,322,915,817",78.10,78.20,77.60,77.80,+0.10,"7,560",
109/10/07,"17,236,406","1,334,976,005",77.40,77.80,77.10,77.40,-0.40,"6,752",
109/10/08,"14,942,266","1,162,407,848",77.80,78.00,77.50,78.00,+0.60,"7,978",
109/10/12,"38,085,427","2,991,588,689",78.40,78.80,78.10,78.70,+0.70,"14,391",
109/10/13,"22,946,661","1,803,540,423",79.00,79.10,78.10,78.90,+0.20,"10,059",
109/10/14,"42,431,974","3,319,711,242",78.10,78.80,78.00,78.00,-0.90,"11,427",
109/10/15,"26,260,704","2,052,076,611",77.70,78.50,77.60,78.10,+0.10,"9,280",
109/10/16,"48,409,062","3,826,593,625",78.40,79.90,78.20,78.60,+0.50,"21,575",
109/10/19,"85,721,985","6,933,767,387",80.00,81.50,79.70,81.30,+2.70,"41,492",
109/10/20,"45,688,857","3,719,173,202",81.50,82.00,80.80,81.40,+0.10,"23,005",
109/10/21,"32,456,107","2,621,588,828",81.50,81.50,80.30,80.40,-1.00,"14,481",
109/10/22,"24,773,904","1,997,772,128",80.80,80.80,80.30,80.80,+0.40,"9,087",
109/10/23,"18,968,821","1,533,150,361",81.20,81.40,80.50,80.70,-0.10,"7,944",
109/10/26,"14,376,600","1,155,662,321",81.10,81.10,80.00,80.20,-0.50,"7,849",
109/10/27,"21,240,221","1,694,981,771",79.90,80.00,79.40,80.00,-0.20,"9,012",
109/10/28,"33,914,127","2,673,591,837",79.40,79.70,78.20,78.30,-1.70,"16,485",
109/10/29,"30,618,945","2,376,702,905",77.60,78.20,76.80,78.00,-0.30,"15,101",
109/10/30,"26,399,018","2,048,506,123",77.60,78.20,77.10,77.50,-0.50,"9,463",
109/11/02,"17,820,319","1,388,494,460",77.50,78.30,77.40,78.30,+0.80,"8,075",
109/11/03,"14,624,015","1,146,787,065",78.50,78.80,78.10,78.30, 0.00,"7,545",
109/11/04,"18,927,508","1,490,884,001",78.40,79.40,78.00,78.80,+0.50,"7,641",
109/11/05,"14,675,062","1,157,728,567",79.00,79.30,78.50,79.00,+0.20,"6,177",
109/11/06,"21,927,838","1,745,003,872",79.60,79.90,79.30,79.70,+0.70,"9,256",
109/11/09,"42,301,888","3,424,501,240",80.70,81.50,80.50,81.20,+1.50,"19,937",
109/11/10,"21,869,925","1,766,382,105",81.10,81.20,80.30,80.80,-0.40,"10,248",
109/11/11,"36,850,179","2,992,317,172",80.80,81.70,80.40,81.60,+0.80,"17,181",
109/11/12,"44,996,299","3,672,675,394",81.70,82.00,80.80,81.90,+0.30,"19,911",
109/11/13,"32,250,189","2,628,738,658",81.90,82.00,80.90,81.40,-0.50,"14,397",
109/11/16,"50,715,538","4,182,976,762",82.00,82.90,81.90,82.60,+1.20,"22,122",
109/11/17,"45,390,693","3,760,327,206",83.10,83.30,82.30,83.00,+0.40,"17,332",
109/11/18,"30,992,749","2,576,431,712",82.90,83.40,82.70,83.20,+0.20,"14,929",
109/11/19,"23,992,520","1,985,723,356",82.70,83.20,82.50,82.90,-0.30,"11,054",
109/11/20,"24,856,126","2,050,460,680",83.30,83.30,82.10,82.50,-0.40,"11,943",
109/11/23,"24,645,027","2,041,909,040",82.90,83.20,82.50,82.90,+0.40,"10,383",
109/11/24,"22,997,794","1,893,349,073",83.10,83.10,82.00,82.00,-0.90,"11,782",
109/11/25,"23,351,912","1,915,145,608",82.40,82.50,81.50,82.00, 0.00,"10,804",
109/11/26,"35,654,143","2,955,779,864",82.60,83.20,82.50,83.00,+1.00,"15,087",
109/11/27,"21,516,682","1,778,145,042",83.00,83.00,82.50,82.60,-0.40,"10,239",
109/11/30,"66,105,032","5,444,498,467",82.70,83.00,82.00,82.30,-0.30,"11,699",
109/12/01,"24,824,339","2,050,440,234",82.50,82.90,82.20,82.90,+0.60,"9,164",
109/12/02,"38,583,640","3,190,762,355",83.00,83.30,82.40,82.70,-0.20,"15,581",
109/12/03,"30,688,528","2,519,994,773",82.30,82.40,81.90,82.00,-0.70,"14,542",
109/12/04,"48,068,126","3,987,392,806",83.00,83.40,82.60,82.90,+0.90,"20,329",
109/12/07,"163,867,512","14,119,652,736",83.30,88.10,83.10,87.90,+5.00,"80,798",
109/12/08,"118,755,890","10,495,182,078",88.40,89.70,87.30,87.60,-0.30,"56,530",
109/12/09,"67,952,932","6,033,649,403",88.50,89.30,88.20,89.00,+1.40,"31,573",
109/12/10,"54,580,931","4,795,519,790",88.40,88.70,87.10,87.70,-1.30,"27,323",
109/12/11,"61,349,293","5,351,066,332",88.50,88.50,85.80,87.60,-0.10,"29,628",
109/12/14,"47,987,980","4,241,965,989",88.30,89.00,87.70,87.70,+0.10,"21,135",
109/12/15,"38,956,460","3,390,831,919",88.30,88.30,86.50,87.10,-0.60,"18,357",
109/12/16,"47,026,342","4,130,677,034",88.00,88.20,87.40,88.20,+1.10,"21,515",
109/12/17,"28,097,957","2,470,825,265",88.30,88.40,87.60,87.80,-0.40,"12,277",
109/12/18,"27,787,804","2,439,199,919",88.10,88.20,87.50,87.70,-0.10,"11,920",
109/12/21,"28,905,010","2,538,797,919",88.10,88.50,86.90,88.00,+0.30,"14,714",
109/12/22,"94,049,036","8,374,170,934",88.00,90.50,87.50,87.70,-0.30,"44,931",
109/12/23,"56,278,242","5,000,495,202",88.50,89.40,88.30,88.80,+1.10,"25,699",
109/12/24,"41,263,965","3,691,307,949",89.50,89.90,89.00,89.60,+0.80,"18,937",
109/12/25,"114,607,503","10,497,953,149",90.90,92.20,90.80,91.80,+2.20,"61,188",
109/12/28,"67,626,965","6,240,713,115",92.40,93.00,91.80,91.80, 0.00,"34,315",
109/12/29,"46,148,101","4,192,521,279",91.80,91.80,90.40,90.40,-1.40,"26,781",
109/12/30,"40,526,518","3,687,922,978",91.00,91.60,90.10,91.60,+1.20,"20,750",
109/12/31,"32,420,293","2,974,403,637",91.50,92.00,91.10,92.00,+0.40,"16,438",
110/01/04,"233,726,746","22,587,972,258",93.40,100.00,93.30,99.90,+7.90,"115,789",
110/01/05,"234,178,116","24,176,652,664",101.00,105.00,101.00,104.00,+4.10,"114,366",
110/01/06,"222,119,287","23,465,513,766",107.50,109.00,102.00,105.00,+1.00,"114,160",
110/01/07,"114,653,734","12,242,829,524",108.00,108.00,105.50,107.00,+2.00,"59,013",
110/01/08,"115,547,259","12,431,474,200",109.00,109.50,106.00,108.00,+1.00,"61,278",
110/01/11,"70,525,408","7,582,606,654",108.00,109.00,106.50,107.50,-0.50,"39,544",
110/01/12,"106,622,057","11,119,079,660",106.50,107.00,103.00,104.00,-3.50,"56,730",
110/01/13,"83,561,136","8,856,217,204",105.00,107.00,105.00,106.50,+2.50,"40,226",
110/01/14,"321,271,715","36,391,347,707",109.00,117.00,108.00,116.00,+9.50,"141,468",
110/01/15,"171,273,151","19,817,867,014",118.00,119.00,113.00,115.50,-0.50,"86,061",
110/01/18,"95,824,657","10,843,315,189",115.50,116.00,111.00,114.00,-1.50,"52,153",
110/01/19,"95,320,325","10,971,429,720",115.00,116.50,114.00,115.00,+1.00,"45,246",
110/01/20,"133,839,555","15,534,875,651",116.50,118.50,114.00,114.50,-0.50,"62,204",
110/01/21,"88,148,629","10,260,813,496",116.50,117.50,115.00,117.00,+2.50,"41,785",
110/01/22,"222,771,956","26,779,865,039",117.50,121.50,117.00,121.50,+4.50,"108,571",
110/01/25,"144,137,047","17,407,181,744",122.00,124.00,117.50,123.00,+1.50,"70,532",
110/01/26,"129,763,217","15,878,540,462",122.50,125.00,120.00,122.00,-1.00,"64,483",
110/01/27,"100,937,464","12,345,781,130",124.00,124.50,122.50,123.00,+1.00,"41,497",
110/01/28,"126,109,713","15,041,934,387",120.00,121.00,118.00,118.50,-4.50,"67,691",
110/01/29,"182,193,247","20,945,648,631",119.00,120.00,111.50,111.50,-7.00,"94,768",
110/02/01,"126,542,433","14,005,129,697",111.00,114.50,108.00,113.00,+1.50,"57,812",
110/02/02,"84,723,356","9,830,393,889",115.00,118.00,114.00,116.50,+3.50,"41,228",
110/02/03,"61,266,257","7,139,280,649",118.00,118.50,115.00,116.50, 0.00,"26,771",
110/02/04,"64,821,924","7,403,951,223",114.50,116.00,113.00,114.00,-2.50,"32,329",
110/02/05,"88,545,854","10,144,603,345",115.00,116.50,113.00,113.50,-0.50,"44,497",
110/02/17,"91,569,404","10,442,945,499",115.00,116.00,112.50,114.00,+0.50,"43,802",
110/02/18,"47,383,973","5,380,177,658",113.50,114.50,113.00,113.00,-1.00,"24,592",
110/02/19,"87,882,501","9,701,331,173",112.00,112.50,109.50,110.00,-3.00,"46,144",
110/02/22,"60,772,150","6,816,444,876",111.50,114.00,111.00,111.00,+1.00,"32,269",
110/02/23,"51,483,656","5,690,394,165",109.50,112.50,108.50,111.50,+0.50,"26,413",
110/02/24,"59,398,315","6,652,961,790",112.00,114.00,110.50,110.50,-1.00,"29,603",
110/02/25,"113,086,563","13,028,463,836",115.00,116.50,114.00,116.50,+6.00,"53,677",
110/02/26,"122,126,804","13,787,932,415",114.50,115.00,112.00,112.00,-4.50,"55,063",
110/03/02,"54,679,187","6,208,416,490",114.50,114.50,112.00,112.00, 0.00,"24,377",
110/03/03,"90,671,041","10,385,729,569",113.00,116.00,112.00,115.50,+3.50,"36,128",
110/03/04,"79,491,784","9,055,229,129",115.50,116.00,112.00,114.50,-1.00,"30,614",
110/03/05,"87,263,439","10,007,886,347",113.50,116.00,112.50,115.00,+0.50,"34,097",
110/03/08,"54,725,412","6,277,482,760",116.00,116.50,113.00,113.50,-1.50,"23,284",
110/03/09,"44,151,477","5,019,110,304",113.00,115.00,112.00,115.00,+1.50,"20,125",
110/03/10,"49,011,206","5,676,662,482",116.00,117.00,115.00,115.50,+0.50,"20,545",
110/03/11,"76,015,788","8,894,298,610",116.50,118.00,116.00,117.00,+1.50,"36,312",
110/03/12,"97,811,913","11,662,163,611",117.50,120.00,117.50,120.00,+3.00,"51,423",
110/03/15,"70,166,127","8,428,413,588",120.00,122.00,118.50,121.00,+1.00,"35,682",
110/03/16,"93,898,518","11,496,180,042",121.50,123.50,121.00,123.00,+2.00,"46,078",
110/03/17,"145,610,279","18,331,370,516",123.50,128.00,123.00,126.00,+3.00,"75,496",
110/03/18,"139,458,505","18,102,452,005",128.00,131.50,128.00,129.50,+3.50,"70,643",
110/03/19,"168,584,321","21,042,857,494",127.00,127.00,123.50,123.50,-6.00,"88,025",
110/03/22,"110,246,598","14,033,692,679",124.00,130.00,124.00,130.00,+6.50,"58,130",
110/03/23,"114,215,010","15,097,213,858",133.00,134.50,130.00,130.50,+0.50,"60,873",
110/03/24,"83,454,915","10,735,343,710",130.00,132.00,126.50,128.00,-2.50,"49,048",
110/03/25,"68,884,133","8,771,645,445",127.00,129.50,125.50,126.50,-1.50,"35,440",
110/03/26,"53,269,507","6,765,454,880",127.50,128.00,126.00,126.50, 0.00,"26,855",
110/03/29,"41,716,728","5,343,103,863",128.00,129.00,127.50,128.50,+2.00,"22,188",
110/03/30,"47,600,474","6,154,998,092",129.50,130.00,128.50,129.50,+1.00,"25,886",
110/03/31,"132,523,915","16,524,687,255",125.00,126.50,123.00,124.00,-5.50,"80,792",
110/04/01,"97,942,681","11,979,889,015",124.50,125.50,120.50,121.50,-2.50,"58,865",
110/04/06,"42,038,412","5,173,429,747",123.50,124.00,122.00,122.50,+1.00,"23,481",
110/04/07,"34,046,989","4,203,938,017",124.00,124.50,122.50,123.50,+1.00,"19,722",
110/04/08,"39,136,758","4,793,168,068",123.00,123.00,121.50,122.50,-1.00,"22,754",
110/04/09,"81,190,769","9,840,669,741",123.00,123.00,120.00,120.00,-2.50,"48,261",
110/04/12,"69,698,881","8,412,790,814",120.00,122.00,119.00,120.50,+0.50,"34,745",
110/04/13,"49,938,841","6,104,468,787",121.50,123.00,121.00,122.50,+2.00,"27,114",
110/04/14,"53,715,724","6,503,412,481",123.00,123.50,119.00,121.50,-1.00,"30,993",
110/04/15,"39,721,032","4,787,637,644",121.00,121.00,119.50,121.00,-0.50,"19,434",
110/04/16,"53,301,304","6,553,729,709",122.00,124.00,122.00,123.50,+2.50,"28,744",
110/04/19,"32,456,085","3,960,275,441",123.50,123.50,121.50,121.50,-2.00,"20,644",
110/04/20,"26,315,401","3,200,501,050",121.50,122.00,121.00,122.00,+0.50,"16,401",
110/04/21,"35,462,621","4,268,553,354",121.00,121.50,120.00,120.00,-2.00,"26,330",
110/04/22,"68,387,339","8,132,044,568",122.00,122.00,117.50,117.50,-2.50,"48,086",
110/04/23,"39,536,828","4,672,962,184",117.00,119.00,117.00,119.00,+1.50,"21,716",
110/04/26,"41,610,001","4,920,766,189",119.50,120.00,117.50,117.50,-1.50,"27,201",
110/04/27,"54,687,858","6,524,558,198",118.50,120.50,118.00,118.50,+1.00,"27,876",
110/04/28,"39,359,343","4,616,990,789",118.00,118.50,117.00,117.00,-1.50,"28,818",
110/04/29,"46,015,350","5,394,760,734",118.00,118.50,116.00,116.00,-1.00,"23,471",
110/05/03,"72,538,032","8,208,678,758",115.00,115.00,112.00,112.50,-3.50,"41,556",
110/05/04,"89,596,108","9,800,361,771",112.00,112.00,107.50,108.50,-4.00,"53,065",
110/05/05,"65,838,793","7,336,678,783",110.00,113.50,110.00,110.00,+1.50,"35,566",
110/05/06,"38,108,953","4,267,799,288",112.00,113.00,110.50,112.50,+2.50,"20,913",
110/05/07,"60,794,976","7,060,345,979",114.50,117.50,114.00,117.50,+5.00,"31,435",
110/05/10,"41,895,494","4,774,715,374",116.00,116.50,113.00,113.00,-4.50,"25,092",
110/05/11,"81,061,955","8,760,238,578",109.50,110.00,106.00,107.00,-6.00,"52,353",
110/05/12,"150,803,046","15,233,688,207",104.00,106.50,96.50,102.00,-5.00,"81,587",
110/05/13,"70,831,609","7,257,570,159",99.50,105.00,98.20,103.00,+1.00,"37,633",
110/05/14,"44,125,994","4,625,585,079",105.00,106.00,103.50,104.50,+1.50,"24,199",
110/05/17,"97,655,746","9,727,936,586",100.00,102.00,97.10,98.20,-6.30,"53,058",
110/05/18,"81,996,675","8,583,172,481",101.50,107.50,101.00,107.00,+8.80,"38,862",
110/05/19,"47,578,836","5,007,165,726",106.50,106.50,104.00,105.00,-2.00,"22,779",
110/05/20,"45,667,137","4,830,640,300",105.00,106.50,104.50,106.00,+1.00,"17,658",
110/05/21,"54,294,943","5,915,349,127",108.00,110.00,108.00,109.50,+3.50,"24,601",
110/05/24,"31,185,744","3,397,485,475",108.50,110.00,108.00,109.50, 0.00,"15,620",
110/05/25,"51,415,212","5,763,067,348",111.00,113.00,110.50,112.00,+2.50,"24,932",
110/05/26,"24,843,379","2,770,423,040",113.50,113.50,110.50,111.50,-0.50,"13,505",
110/05/27,"61,345,941","6,696,631,324",110.00,110.50,107.50,109.50,-2.00,"18,480",
110/05/28,"26,999,728","2,990,527,150",110.50,111.50,110.00,111.00,+1.50,"12,829",
110/05/31,"34,363,475","3,879,023,225",112.00,113.50,111.50,113.50,+2.50,"18,834",
110/06/01,"22,421,329","2,559,926,686",114.50,115.00,113.50,114.50,+1.00,"14,042",
110/06/02,"33,224,565","3,741,059,700",115.00,115.50,111.00,112.00,-2.50,"21,467",
110/06/03,"24,092,372","2,687,851,339",113.00,113.00,110.50,111.00,-1.00,"12,120",
110/06/04,"30,062,210","3,321,498,146",110.00,112.50,109.00,112.00,+1.00,"16,040",
110/06/07,"20,456,903","2,266,693,907",112.50,112.50,109.00,110.50,-1.50,"12,472",
110/06/08,"18,593,259","2,057,056,822",111.00,111.50,110.00,110.50, 0.00,"9,979",
110/06/09,"23,900,252","2,629,388,923",110.00,111.00,109.50,109.50,-1.00,"12,614",
110/06/10,"19,385,582","2,147,142,899",110.00,111.50,109.50,110.50,+1.00,"8,737",
110/06/11,"38,750,164","4,379,542,303",111.50,114.50,111.50,113.50,+3.00,"19,549",
110/06/15,"23,669,454","2,669,519,218",113.50,114.50,112.00,113.00,-0.50,"12,539",
110/06/16,"24,015,917","2,690,279,796",112.00,113.00,111.50,111.50,-1.50,"13,461",
110/06/17,"18,216,980","2,029,826,374",110.50,113.00,110.00,113.00,+1.50,"11,268",
110/06/18,"30,836,806","3,448,966,642",112.50,113.00,111.50,111.50,-1.50,"12,120",
110/06/21,"35,268,628","3,851,837,858",110.50,110.50,108.50,108.50,-3.00,"25,025",
110/06/22,"22,187,502","2,420,791,691",109.50,110.00,108.50,108.50, 0.00,"11,877",
110/06/23,"27,861,665","3,077,038,861",109.00,112.00,108.50,111.50,+3.00,"14,754",
110/06/24,"32,245,265","3,633,060,884",111.50,114.00,111.00,113.00,+1.50,"14,922",
110/06/25,"35,822,902","4,085,680,684",114.00,115.00,113.00,113.00, 0.00,"19,887",
110/06/28,"23,851,540","2,668,210,950",113.00,113.50,111.00,111.50,-1.50,"13,223",
110/06/29,"17,814,779","1,993,813,362",112.50,112.50,111.50,111.50, 0.00,"9,753",
110/06/30,"31,230,317","3,519,673,041",112.00,113.50,112.00,112.00,+0.50,"13,468",
110/07/01,"16,011,423","1,792,574,133",112.50,112.50,111.50,112.00, 0.00,"10,028",
110/07/02,"16,766,612","1,874,444,040",112.00,112.50,111.50,111.50,-0.50,"10,507",
110/07/05,"80,686,116","9,296,782,029",112.50,117.00,112.00,117.00,+5.50,"40,275",
110/07/06,"44,138,854","5,138,832,378",116.50,117.50,115.50,116.50,-0.50,"21,534",
110/07/07,"28,054,333","3,244,332,101",116.50,117.00,115.00,115.00,-1.50,"15,291",
110/07/08,"23,917,768","2,762,238,298",115.00,116.50,115.00,115.50,+0.50,"11,013",
110/07/09,"28,610,616","3,258,117,138",114.50,115.00,113.00,114.00,-1.50,"15,481",
110/07/12,"17,647,120","2,030,742,052",115.50,116.00,114.50,115.00,+1.00,"9,603",
110/07/13,"36,808,740","4,286,001,151",116.00,117.00,115.50,116.50,+1.50,"17,750",
110/07/14,"27,249,198","3,182,976,809",117.50,117.50,116.00,116.00,-0.50,"14,012",
110/07/15,"63,085,625","7,493,484,174",117.00,120.00,116.50,119.50,+3.50,"30,392",
110/07/16,"33,812,892","4,017,523,761",118.50,119.50,118.00,119.50, 0.00,"16,742",
110/07/19,"31,942,648","3,738,317,961",118.50,119.00,116.00,116.50,-3.00,"19,463",
110/07/20,"26,486,822","3,043,884,113",115.00,116.00,114.50,114.50,-2.00,"17,409",
110/07/21,"63,825,965","7,250,315,923",116.00,116.00,112.00,112.50,-2.00,"35,175",
110/07/22,"60,124,515","6,645,106,382",109.00,112.50,108.50,110.50,X0.00,"29,073",
110/07/23,"21,722,648","2,407,842,839",112.00,112.00,110.00,110.50, 0.00,"13,034",
110/07/26,"33,652,939","3,694,569,273",111.00,111.00,108.50,110.00,-0.50,"17,549",
110/07/27,"28,379,286","3,153,607,081",111.00,112.00,110.00,111.50,+1.50,"12,947",
110/07/28,"32,814,950","3,604,648,055",110.50,111.00,109.00,110.50,-1.00,"16,826",
110/07/29,"20,902,566","2,315,628,083",111.00,111.50,110.00,111.00,+0.50,"10,101",
110/07/30,"29,089,453","3,206,014,166",110.00,111.50,109.50,110.00,-1.00,"11,111",
110/08/02,"24,500,264","2,735,666,103",111.00,113.00,110.00,113.00,+3.00,"11,998",
110/08/03,"24,697,233","2,753,719,080",112.50,113.00,110.50,111.50,-1.50,"10,293",
110/08/04,"21,287,183","2,383,267,724",112.00,112.50,111.00,112.00,+0.50,"8,393",
110/08/05,"20,014,604","2,231,990,278",111.00,112.00,111.00,112.00, 0.00,"9,708",
110/08/06,"41,391,590","4,644,148,106",111.50,113.00,111.00,112.50,+0.50,"16,500",
110/08/09,"23,280,701","2,603,188,402",112.00,112.50,111.00,112.00,-0.50,"8,483",
110/08/10,"43,432,544","4,759,075,067",111.50,112.00,108.50,108.50,-3.50,"27,993",
110/08/11,"49,868,351","5,366,409,027",107.00,109.00,106.00,109.00,+0.50,"21,961",
110/08/12,"18,592,236","2,027,562,903",109.00,109.50,108.00,109.00, 0.00,"8,730",
110/08/13,"46,681,998","5,097,311,545",109.50,110.00,108.00,109.00, 0.00,"17,924",
110/08/16,"35,027,999","3,762,459,490",108.50,109.00,106.50,107.50,-1.50,"16,454",
110/08/17,"26,076,961","2,788,145,927",107.50,108.00,106.00,106.50,-1.00,"12,893",
110/08/18,"36,974,897","3,912,990,840",105.50,107.50,104.50,107.00,+0.50,"16,564",
110/08/19,"52,199,317","5,427,105,069",106.00,106.00,102.50,103.00,-4.00,"31,835",
110/08/20,"30,552,525","3,181,870,656",104.00,106.00,102.00,104.50,+1.50,"14,626",
110/08/23,"24,065,630","2,572,410,231",105.50,108.00,105.50,107.50,+3.00,"10,503",
110/08/24,"18,000,797","1,953,125,584",108.50,109.00,107.50,109.00,+1.50,"9,365",
110/08/25,"14,477,188","1,568,051,183",109.00,109.00,107.50,108.50,-0.50,"7,852",
110/08/26,"13,135,805","1,414,850,208",108.50,109.00,107.00,107.50,-1.00,"7,699",
110/08/27,"13,875,837","1,495,362,654",107.50,108.50,106.50,108.00,+0.50,"6,260",
110/08/30,"14,000,606","1,515,530,387",108.50,109.00,107.50,109.00,+1.00,"7,629",
110/08/31,"30,641,222","3,368,752,300",108.50,111.00,108.00,111.00,+2.00,"10,640",
110/09/01,"22,374,844","2,481,606,824",111.00,112.00,110.00,111.00, 0.00,"11,694",
110/09/02,"29,727,679","3,315,302,873",111.00,113.00,110.50,111.50,+0.50,"14,134",
110/09/03,"24,501,274","2,747,764,310",112.00,113.00,111.50,112.50,+1.00,"12,699",
110/09/06,"18,445,528","2,059,630,802",112.50,113.00,110.50,111.00,-1.50,"11,402",
110/09/07,"23,359,117","2,542,208,391",109.50,110.00,108.00,108.50,-2.50,"14,579",
110/09/08,"28,705,746","3,100,212,882",108.50,109.50,107.00,107.50,-1.00,"15,013",
110/09/09,"20,446,876","2,187,406,741",106.50,107.50,106.00,107.00,-0.50,"9,228",
110/09/10,"13,324,559","1,435,914,081",107.00,108.50,107.00,108.00,+1.00,"7,687",
110/09/13,"15,455,264","1,652,913,445",107.50,108.00,106.50,106.50,-1.50,"9,602",
110/09/14,"19,260,856","2,066,358,163",107.50,108.00,106.50,107.50,+1.00,"8,249",
110/09/15,"64,013,002","7,002,242,836",108.00,110.50,107.50,108.50,+1.00,"27,970",
110/09/16,"23,004,506","2,488,329,118",108.50,109.50,107.50,107.50,-1.00,"11,043",
110/09/17,"46,682,899","5,061,166,381",107.50,109.50,107.00,108.50,+1.00,"10,254",
110/09/22,"38,855,713","4,142,578,220",106.50,107.50,106.00,107.00,-1.50,"18,533",
110/09/23,"18,991,583","2,029,833,013",107.00,108.00,106.00,106.50,-0.50,"9,716",
110/09/24,"15,366,616","1,652,429,167",107.50,108.00,107.00,107.50,+1.00,"7,419",
110/09/27,"13,936,074","1,502,118,415",107.00,108.50,107.00,107.50, 0.00,"7,375",
110/09/28,"22,319,338","2,378,000,921",107.00,107.50,106.00,106.50,-1.00,"11,238",
110/09/29,"32,798,414","3,441,324,697",105.00,105.50,104.50,105.00,-1.50,"26,132",
110/09/30,"24,317,553","2,554,201,387",105.00,106.00,104.00,105.00, 0.00,"11,340",
110/10/01,"36,074,566","3,737,734,962",104.50,105.00,103.00,103.00,-2.00,"24,649",
110/10/04,"25,434,032","2,627,827,660",104.50,105.00,102.50,103.00, 0.00,"13,424",
110/10/05,"43,345,161","4,403,998,216",102.00,102.50,101.00,101.50,-1.50,"24,840",
110/10/06,"40,294,629","4,180,811,261",103.50,104.50,103.00,103.00,+1.50,"17,917",
110/10/07,"38,383,881","4,075,145,593",104.50,107.00,104.00,107.00,+4.00,"18,047",
110/10/08,"27,568,061","2,961,998,681",107.50,108.00,106.50,108.00,+1.00,"12,592",
110/10/12,"38,777,410","4,082,299,711",106.50,107.00,104.50,105.00,-3.00,"16,707",
110/10/13,"18,802,301","1,980,524,377",106.00,106.50,104.50,105.50,+0.50,"10,776",
110/10/14,"17,764,699","1,899,471,130",107.00,107.50,106.50,106.50,+1.00,"8,638",
110/10/15,"49,336,872","5,372,684,627",108.00,110.00,107.50,109.50,+3.00,"25,187",
110/10/18,"42,330,142","4,608,902,380",110.50,111.00,107.00,107.50,-2.00,"22,880",
110/10/19,"26,479,700","2,845,164,375",108.50,109.00,106.50,107.00,-0.50,"17,559",
110/10/20,"29,508,905","3,171,041,387",107.50,108.50,106.50,107.50,+0.50,"16,183",
110/10/21,"30,590,262","3,302,542,666",108.00,108.50,107.00,108.00,+0.50,"8,301",
110/10/22,"14,751,899","1,590,679,060",108.00,108.50,107.00,107.50,-0.50,"7,061",
110/10/25,"21,266,978","2,300,605,515",107.50,109.00,107.00,108.00,+0.50,"9,801",
110/10/26,"18,109,494","1,970,534,065",108.50,109.50,108.00,109.00,+1.00,"8,008",
110/10/27,"15,933,998","1,722,962,751",109.00,109.00,107.50,108.00,-1.00,"7,865",
110/10/28,"14,245,290","1,542,758,851",108.00,109.00,107.50,108.50,+0.50,"6,112",
110/10/29,"20,791,860","2,229,495,724",108.50,108.50,107.00,107.00,-1.50,"10,689",
110/11/01,"18,216,191","1,951,366,670",108.00,108.00,106.50,106.50,-0.50,"8,368",
110/11/02,"21,351,175","2,302,658,025",107.00,108.50,107.00,107.50,+1.00,"10,361",
110/11/03,"12,336,039","1,330,768,535",107.50,108.50,107.50,107.50, 0.00,"6,756",
110/11/04,"11,377,672","1,229,646,696",108.50,108.50,107.50,108.00,+0.50,"6,193",
110/11/05,"17,741,997","1,921,456,453",108.00,109.00,107.50,109.00,+1.00,"9,600",
110/11/08,"20,910,258","2,243,805,853",107.50,108.00,107.00,107.50,-1.50,"11,664",
110/11/09,"23,994,381","2,581,028,511",107.50,108.00,107.00,108.00,+0.50,"10,776",
110/11/10,"22,997,778","2,501,611,468",108.00,109.50,107.50,109.00,+1.00,"12,303",
110/11/11,"18,767,739","2,023,469,603",108.50,109.00,107.50,107.50,-1.50,"9,980",
110/11/12,"26,736,055","2,906,574,566",108.50,109.50,108.00,109.00,+1.50,"10,665",
110/11/15,"25,873,466","2,817,874,176",109.00,110.00,108.00,108.00,-1.00,"11,776",
110/11/16,"16,174,955","1,751,338,074",108.50,109.00,108.00,108.00, 0.00,"8,537",
110/11/17,"34,385,746","3,691,148,900",108.50,108.50,106.50,107.00,-1.00,"19,788",
110/11/18,"30,585,311","3,268,987,325",107.00,107.50,106.50,107.00, 0.00,"14,109",
110/11/19,"20,981,372","2,244,077,950",107.50,108.00,106.50,106.50,-0.50,"13,079",
110/11/22,"17,929,580","1,914,281,840",107.00,107.50,106.50,106.50, 0.00,"8,752",
110/11/23,"22,502,493","2,389,716,981",106.50,107.00,106.00,106.00,-0.50,"13,646",
110/11/24,"30,255,836","3,184,629,206",106.00,106.50,104.50,105.50,-0.50,"21,337",
110/11/25,"17,940,754","1,893,470,344",106.50,106.50,105.00,105.00,-0.50,"10,674",
110/11/26,"24,721,253","2,569,062,256",105.00,105.00,103.50,103.50,-1.50,"21,640",
110/11/29,"28,063,125","2,910,115,330",103.00,105.50,102.50,103.50, 0.00,"16,158",
110/11/30,"50,063,743","5,204,093,799",104.00,105.50,103.00,103.50, 0.00,"14,807",
110/12/01,"22,533,336","2,368,450,389",103.50,106.00,103.50,105.50,+2.00,"10,602",
110/12/02,"27,492,234","2,908,367,984",105.00,107.00,105.00,105.00,-0.50,"13,471",
110/12/03,"18,384,929","1,937,921,897",105.50,106.00,105.00,105.00, 0.00,"7,487",
110/12/06,"22,958,298","2,441,979,400",105.50,107.00,105.00,106.50,+1.50,"10,190",
110/12/07,"25,348,727","2,689,552,435",106.00,107.50,105.00,106.00,-0.50,"14,407",
110/12/08,"36,805,823","3,895,356,586",106.50,107.00,105.00,105.00,-1.00,"15,734",
110/12/09,"15,133,685","1,598,487,037",105.00,106.00,105.00,106.00,+1.00,"7,128",
110/12/10,"20,489,274","2,154,660,136",105.50,106.00,104.50,105.00,-1.00,"10,060",
110/12/13,"17,647,182","1,852,509,797",105.00,106.00,104.50,104.50,-0.50,"9,436",
110/12/14,"22,146,940","2,316,525,199",104.50,105.50,104.00,104.50, 0.00,"10,561",
110/12/15,"23,023,808","2,406,720,086",104.00,105.00,103.50,105.00,+0.50,"9,288",
110/12/16,"37,191,946","3,873,098,576",105.50,106.00,103.50,103.50,-1.50,"17,723",
110/12/17,"39,330,766","4,071,468,879",103.50,104.00,103.00,103.50, 0.00,"13,426",
110/12/20,"18,272,107","1,885,981,860",103.50,104.00,103.00,103.00,-0.50,"11,526",
110/12/21,"13,505,921","1,405,710,813",103.50,104.50,103.00,104.50,+1.50,"6,955",
110/12/22,"11,876,421","1,232,165,204",104.50,104.50,103.50,103.50,-1.00,"7,271",
110/12/23,"13,909,972","1,445,971,691",104.00,104.50,103.50,104.00,+0.50,"6,824",
110/12/24,"11,661,892","1,217,546,724",104.50,105.00,104.00,104.00, 0.00,"7,385",
110/12/27,"8,907,924","930,190,687",104.50,105.00,104.00,104.50,+0.50,"5,644",
110/12/28,"15,627,624","1,640,980,899",104.50,105.50,104.50,105.50,+1.00,"8,247",
110/12/29,"13,450,079","1,409,325,387",105.00,105.50,104.50,105.00,-0.50,"7,412",
110/12/30,"17,090,958","1,782,340,385",104.50,105.00,104.00,104.00,-1.00,"8,360",
111/01/03,"22,163,293","2,301,355,961",104.50,105.00,103.00,103.00,-1.00,"14,002",
111/01/04,"18,460,781","1,912,476,375",104.00,104.00,103.00,103.50,+0.50,"11,989",
111/01/05,"142,927,366","15,545,527,529",104.00,111.00,103.50,109.00,+5.50,"65,457",
111/01/06,"49,399,140","5,297,978,610",108.00,108.50,106.00,107.00,-2.00,"26,343",
111/01/07,"39,268,835","4,192,632,017",108.00,108.50,106.00,106.50,-0.50,"15,864",
111/01/10,"34,836,774","3,658,148,684",106.00,106.50,104.00,104.50,-2.00,"20,396",
111/01/11,"26,266,891","2,742,382,008",104.50,105.00,104.00,104.50, 0.00,"13,414",
111/01/12,"18,941,505","1,977,481,666",105.00,105.50,104.00,104.50, 0.00,"10,532",
111/01/13,"19,714,232","2,073,574,056",105.00,105.50,104.50,105.50,+1.00,"10,057",
111/01/14,"39,061,978","4,050,449,624",105.00,105.50,103.00,103.50,-2.00,"25,878",
111/01/17,"16,235,777","1,683,743,255",103.50,104.50,103.50,103.50, 0.00,"8,944",
111/01/18,"14,894,743","1,548,782,389",104.50,104.50,103.50,103.50, 0.00,"9,070",
111/01/19,"24,064,174","2,496,807,090",103.50,104.50,103.00,103.50, 0.00,"12,635",
111/01/20,"29,541,931","3,053,907,659",103.50,104.00,103.00,103.00,-0.50,"13,904",
111/01/21,"34,317,926","3,511,235,299",102.50,103.00,102.00,102.00,-1.00,"22,344",
111/01/24,"42,011,474","4,340,699,854",103.00,104.50,102.50,103.00,+1.00,"18,368",
111/01/25,"29,251,026","3,002,543,422",103.00,103.50,102.00,103.00, 0.00,"16,508",
111/01/26,"33,435,293","3,422,890,628",103.00,103.50,102.00,102.00,-1.00,"20,822",
111/02/07,"34,222,573","3,532,074,933",102.50,104.50,102.50,103.00,+1.00,"14,794",
111/02/08,"43,806,303","4,606,162,011",104.00,106.00,103.00,105.50,+2.50,"18,295",
111/02/09,"23,653,775","2,508,012,682",106.00,106.50,105.50,106.50,+1.00,"12,452",
111/02/10,"20,202,759","2,145,700,069",106.50,107.00,105.50,106.50, 0.00,"10,184",
111/02/11,"16,707,627","1,760,438,097",105.50,106.00,104.50,106.00,-0.50,"9,086",
111/02/14,"22,517,058","2,344,653,736",105.00,105.00,103.50,104.00,-2.00,"12,120",
111/02/15,"13,542,993","1,413,403,014",104.00,105.00,104.00,104.00, 0.00,"7,665",
111/02/16,"13,503,882","1,421,385,079",105.00,106.00,104.50,105.50,+1.50,"7,625",
111/02/17,"25,548,971","2,705,371,212",106.00,106.50,105.00,106.00,+0.50,"10,473",
111/02/18,"11,375,198","1,199,705,108",105.00,106.00,105.00,105.50,-0.50,"6,534",
111/02/21,"23,535,017","2,494,887,566",105.00,107.00,104.50,106.00,+0.50,"9,971",
111/02/22,"26,135,723","2,730,651,445",105.00,105.50,104.00,104.50,-1.50,"13,000",
111/02/23,"14,607,481","1,532,153,333",104.50,105.50,104.50,105.00,+0.50,"6,820",
111/02/24,"47,746,141","4,927,652,706",104.00,104.50,102.50,102.50,-2.50,"25,803",
111/02/25,"29,911,231","3,082,648,052",103.00,103.50,102.50,103.00,+0.50,"12,863",
111/03/01,"30,997,685","3,241,194,164",104.00,105.50,103.50,104.50,+1.50,"10,193",
111/03/02,"13,856,628","1,447,933,122",104.00,105.00,104.00,104.50, 0.00,"7,727",
111/03/03,"13,875,811","1,454,723,635",105.00,105.50,104.50,104.50, 0.00,"6,783",
111/03/04,"18,504,180","1,930,947,109",104.00,105.00,103.50,105.00,+0.50,"8,128",
111/03/07,"45,910,892","4,729,612,213",104.00,104.00,102.50,102.50,-2.50,"22,699",
111/03/08,"61,133,394","6,189,736,839",101.50,102.50,100.00,101.50,-1.00,"38,356",
111/03/09,"29,548,450","3,008,585,959",102.00,102.50,101.50,101.50, 0.00,"17,043",
111/03/10,"29,400,154","3,033,282,899",103.00,104.00,102.50,103.00,+1.50,"12,409",
111/03/11,"24,223,838","2,504,793,316",103.00,104.00,102.50,103.50,+0.50,"9,082",
111/03/14,"26,933,784","2,774,250,224",103.00,104.00,102.50,102.50,-1.00,"10,301",
111/03/15,"31,444,438","3,189,574,182",102.00,103.00,101.00,101.00,-1.50,"16,486",
111/03/16,"36,150,101","3,657,323,884",101.50,102.50,100.00,101.50,+0.50,"18,966",
111/03/17,"43,672,218","4,532,326,631",103.50,104.50,103.00,104.00,+2.50,"16,099",
111/03/18,"82,471,801","8,685,872,459",105.00,106.00,103.50,106.00,+2.00,"19,378",
111/03/21,"21,258,452","2,237,503,189",106.00,106.50,104.50,104.50,-1.50,"11,458",
111/03/22,"21,111,299","2,195,813,907",104.00,104.50,103.50,104.00,-0.50,"9,133",
111/03/23,"20,090,168","2,107,142,071",104.50,105.50,104.00,105.50,+1.50,"9,389",
111/03/24,"50,697,996","5,397,675,520",105.00,108.00,104.50,106.50,+1.00,"25,623",
111/03/25,"21,198,835","2,253,282,800",106.50,107.00,106.00,106.00,-0.50,"10,670",
111/03/28,"19,925,357","2,104,511,278",105.50,106.50,104.50,106.00, 0.00,"8,885",
111/03/29,"17,591,342","1,853,051,914",106.00,106.50,104.50,105.50,-0.50,"10,487",
111/03/30,"21,868,440","2,308,264,334",106.00,106.00,105.00,105.50, 0.00,"9,187",
111/03/31,"21,500,251","2,280,008,116",106.00,106.50,105.50,106.00,+0.50,"7,476",
111/04/01,"23,640,400","2,476,028,386",105.00,105.50,104.50,104.50,-1.50,"11,333",
111/04/06,"31,406,042","3,286,232,058",104.50,105.00,104.00,105.00,+0.50,"13,404",
111/04/07,"37,755,211","3,913,045,570",104.50,105.00,103.00,103.00,-2.00,"23,911",
111/04/08,"25,228,715","2,595,666,790",103.00,103.50,102.50,103.00, 0.00,"16,466",
111/04/11,"29,147,204","2,980,505,593",103.00,103.50,101.50,102.00,-1.00,"17,667",
111/04/12,"17,944,652","1,838,013,259",102.00,103.00,101.50,102.00, 0.00,"8,667",
111/04/13,"15,917,450","1,650,449,118",103.00,104.50,102.50,104.00,+2.00,"8,164",
111/04/14,"8,950,642","932,060,147",104.00,104.50,103.50,104.00, 0.00,"4,739",
111/04/15,"11,788,063","1,218,303,498",103.50,104.00,103.00,103.00,-1.00,"7,425",
111/04/18,"11,467,286","1,175,593,100",102.00,103.00,102.00,102.50,-0.50,"6,740",
111/04/19,"17,733,292","1,817,596,133",103.00,103.50,102.00,102.00,-0.50,"9,035",
111/04/20,"19,662,727","2,015,778,459",102.50,103.00,102.00,103.00,+1.00,"9,913",
111/04/21,"18,417,433","1,903,089,354",103.50,104.00,103.00,103.00, 0.00,"7,548",
111/04/22,"16,673,991","1,716,622,304",102.50,103.50,102.00,103.50,+0.50,"7,495",
111/04/25,"41,906,690","4,237,319,618",102.50,102.50,100.50,100.50,-3.00,"30,162",
111/04/26,"21,726,110","2,193,460,471",101.00,101.50,100.50,101.00,+0.50,"11,296",
111/04/27,"30,138,259","3,016,451,382",99.90,100.50,99.70,100.00,-1.00,"17,635",
111/04/28,"29,238,494","2,947,263,239",100.00,101.50,100.00,101.50,+1.50,"9,370",
111/04/29,"16,075,115","1,637,797,439",101.50,102.00,101.50,102.00,+0.50,"5,885",
111/05/03,"17,632,994","1,802,733,630",102.00,103.00,101.50,102.50,+0.50,"7,921",
111/05/04,"31,111,663","3,235,058,146",103.50,104.50,103.00,104.00,+1.50,"10,754",
111/05/05,"44,182,291","4,628,347,344",105.00,105.50,104.00,104.50,+0.50,"12,418",
111/05/06,"27,888,783","2,881,440,462",103.50,104.00,102.50,104.00,-0.50,"10,725",
111/05/09,"26,841,790","2,779,471,215",103.50,104.00,103.00,104.00, 0.00,"8,839",
111/05/10,"17,928,513","1,856,919,197",103.00,104.00,102.50,104.00, 0.00,"8,128",
111/05/11,"19,699,065","2,037,087,206",103.50,104.00,103.00,103.00,-1.00,"8,733",
111/05/12,"22,335,157","2,289,193,629",103.00,103.00,102.00,102.00,-1.00,"13,271",
111/05/13,"19,748,688","2,047,312,222",104.00,104.00,103.00,104.00,+2.00,"8,699",
111/05/16,"25,235,126","2,630,129,235",104.00,104.50,103.50,104.50,+0.50,"9,481",
111/05/17,"28,505,126","2,987,443,219",104.50,105.00,104.00,105.00,+0.50,"10,382",
111/05/18,"56,423,484","6,011,093,630",105.50,107.00,105.00,107.00,+2.00,"27,172",
111/05/19,"38,150,307","4,058,217,532",105.50,107.50,105.00,107.50,+0.50,"18,694",
111/05/20,"46,344,487","4,999,084,485",107.50,109.00,107.00,107.00,-0.50,"22,702",
111/05/23,"34,504,056","3,732,164,287",108.00,109.00,107.00,108.00,+1.00,"17,625",
111/05/24,"37,409,126","4,055,836,265",108.00,109.00,108.00,108.00, 0.00,"17,990",
111/05/25,"77,602,667","8,479,699,424",108.50,110.00,108.00,109.50,+1.50,"33,228",
111/05/26,"40,239,038","4,404,353,832",110.00,110.50,108.50,109.00,-0.50,"21,229",
111/05/27,"52,655,635","5,809,140,386",110.00,111.00,109.50,110.00,+1.00,"21,201",
111/05/30,"44,021,707","4,841,079,725",110.50,111.00,109.00,110.50,+0.50,"18,566",
111/05/31,"98,246,343","11,021,326,677",111.00,113.00,110.00,113.00,+2.50,"35,106",
111/06/01,"74,240,455","8,507,384,291",112.50,116.00,112.00,114.50,+1.50,"35,977",
111/06/02,"40,493,740","4,654,000,679",114.50,116.00,113.50,114.00,-0.50,"20,147",
111/06/06,"36,024,843","4,147,464,601",115.00,116.00,114.00,115.50,+1.50,"18,252",
111/06/07,"37,928,495","4,328,936,881",115.00,115.50,113.50,113.50,-2.00,"20,332",
111/06/08,"18,702,532","2,133,910,077",114.50,115.00,113.50,114.00,+0.50,"10,975",
111/06/09,"29,946,032","3,438,617,821",114.00,115.50,113.50,115.50,+1.50,"13,212",
111/06/10,"24,455,998","2,798,219,698",115.00,115.00,114.00,114.00,-1.50,"12,183",
111/06/13,"45,720,589","5,107,246,823",112.50,112.50,111.00,111.50,-2.50,"23,704",
111/06/14,"32,230,251","3,576,321,970",110.00,112.50,110.00,111.50, 0.00,"14,824",
111/06/15,"25,173,947","2,820,402,492",112.50,112.50,111.50,112.00,+0.50,"11,371",
111/06/16,"31,674,634","3,556,826,569",113.50,113.50,110.50,111.50,-0.50,"13,942",
111/06/17,"51,770,484","5,686,050,951",110.00,111.00,109.50,109.50,-2.00,"28,807",
111/06/20,"33,567,864","3,676,739,596",110.00,110.50,108.50,109.00,-0.50,"15,595",
111/06/21,"38,779,129","4,320,466,442",110.50,112.50,110.50,112.00,+3.00,"14,609",
111/06/22,"31,484,183","3,473,065,898",111.50,111.50,109.50,109.50,-2.50,"13,454",
111/06/23,"46,046,917","4,995,374,241",110.50,110.50,107.50,108.00,-1.50,"19,795",
111/06/24,"29,649,132","3,254,328,039",109.00,110.50,108.50,110.00,+2.00,"11,362",
111/06/27,"26,037,844","2,902,463,017",111.00,112.00,111.00,111.00,+1.00,"10,969",
111/06/28,"28,867,008","3,215,018,487",111.50,112.00,110.00,112.00,+1.00,"10,443",
111/06/29,"35,640,396","3,970,267,323",111.50,112.50,110.50,111.00,-1.00,"11,207",
111/06/30,"45,967,258","5,036,836,151",110.50,111.00,109.00,109.00,-2.00,"23,664",
111/07/01,"63,133,602","6,758,749,961",108.50,109.00,105.50,106.00,-3.00,"32,535",
111/07/04,"70,995,980","7,140,989,017",100.50,102.00,99.50,100.00,X0.00,"32,374",
111/07/05,"45,713,186","4,669,649,468",102.00,103.00,101.00,102.50,+2.50,"20,422",
111/07/06,"45,875,699","4,653,042,441",103.00,103.50,100.50,100.50,-2.00,"22,660",
111/07/07,"41,084,778","4,210,411,576",101.00,103.50,100.50,103.50,+3.00,"15,382",
111/07/08,"35,186,757","3,613,971,179",103.50,104.00,101.50,102.00,-1.50,"15,471",
111/07/11,"18,971,045","1,917,673,836",102.00,102.00,100.50,101.00,-1.00,"10,175",
111/07/12,"26,222,208","2,629,265,988",100.00,101.00,99.70,100.50,-0.50,"13,954",
111/07/13,"32,354,911","3,333,763,591",103.00,103.50,102.50,102.50,+2.00,"15,547",
111/07/14,"46,239,887","4,831,039,581",102.50,106.00,102.50,105.00,+2.50,"18,374",
111/07/15,"25,505,254","2,682,379,312",105.00,106.00,104.50,105.00, 0.00,"10,272",
111/07/18,"17,083,253","1,789,285,264",105.00,105.50,104.00,105.00, 0.00,"8,324",
111/07/19,"20,535,363","2,138,674,698",104.50,105.00,103.50,104.00,-1.00,"10,417",
111/07/20,"35,585,856","3,703,922,190",104.00,105.00,103.00,103.50,-0.50,"17,562",
111/07/21,"24,149,090","2,529,832,035",104.00,105.50,103.50,105.50,+2.00,"9,269",
111/07/22,"29,400,418","3,117,384,373",105.50,106.50,105.00,106.00,+0.50,"11,003",
111/07/25,"41,471,982","4,448,057,977",106.00,108.00,105.50,107.50,+1.50,"14,188",
111/07/26,"23,277,125","2,508,249,267",108.00,108.50,107.00,108.00,+0.50,"10,247",
111/07/27,"30,876,807","3,344,846,475",108.50,109.50,107.50,108.00, 0.00,"13,670",
111/07/28,"21,932,255","2,378,939,021",109.00,109.00,108.00,108.50,+0.50,"11,572",
111/07/29,"21,951,559","2,389,538,354",109.00,109.50,108.50,109.00,+0.50,"9,079",
111/08/01,"14,996,382","1,629,872,946",108.50,109.00,108.00,109.00, 0.00,"7,143",
111/08/02,"40,743,180","4,375,448,073",108.00,108.00,106.50,108.00,-1.00,"23,127",
111/08/03,"31,052,217","3,343,751,905",107.50,108.50,107.00,108.50,+0.50,"12,003",
111/08/04,"40,577,638","4,369,634,786",108.00,108.50,106.50,108.00,-0.50,"15,013",
111/08/05,"25,350,396","2,748,564,050",108.50,109.00,108.00,108.00, 0.00,"10,246",
111/08/08,"23,526,674","2,528,924,473",107.00,108.00,106.50,108.00, 0.00,"10,035",
111/08/09,"25,851,764","2,801,896,212",108.00,109.00,107.00,109.00,+1.00,"12,052",
111/08/10,"56,629,249","6,226,414,995",109.00,111.00,108.00,110.00,+1.00,"21,011",
111/08/11,"62,481,183","7,007,322,071",111.50,113.00,110.50,113.00,+3.00,"28,607",
111/08/12,"48,654,945","5,500,411,046",113.00,114.00,112.00,112.50,-0.50,"21,376",
111/08/15,"29,468,828","3,304,752,550",113.00,113.00,111.50,112.00,-0.50,"13,776",
111/08/16,"28,989,314","3,220,129,668",112.00,112.00,110.50,111.00,-1.00,"15,650",
111/08/17,"33,849,726","3,787,892,860",111.00,112.50,111.00,112.50,+1.50,"15,653",
111/08/18,"26,002,863","2,903,643,194",112.50,112.50,111.00,112.00,-0.50,"8,565",
111/08/19,"17,707,131","1,971,372,238",111.50,112.00,111.00,111.00,-1.00,"6,899",
111/08/22,"16,613,929","1,834,457,540",110.50,111.00,110.00,111.00, 0.00,"7,788",
111/08/23,"18,158,910","1,998,932,319",110.00,110.50,109.50,110.00,-1.00,"8,259",
111/08/24,"24,754,117","2,713,269,554",110.50,111.00,109.00,109.50,-0.50,"13,931",
111/08/25,"14,187,366","1,558,328,414",109.50,110.50,109.50,109.50, 0.00,"7,050",
111/08/26,"17,147,941","1,886,254,324",110.00,110.50,109.50,110.50,+1.00,"7,974",
111/08/29,"27,166,245","2,941,811,595",108.50,109.00,108.00,108.00,-2.50,"15,622",
111/08/30,"21,904,735","2,374,080,779",108.50,109.00,108.00,108.50,+0.50,"9,238",
111/08/31,"29,733,770","3,228,381,242",108.00,109.50,107.50,109.00,+0.50,"11,975",
111/09/01,"37,780,861","4,063,042,055",108.00,108.50,107.00,107.50,-1.50,"18,455",
111/09/02,"17,178,614","1,848,950,477",108.00,108.00,107.00,107.50, 0.00,"7,327",
111/09/05,"23,510,808","2,538,564,619",108.00,108.50,107.50,108.00,+0.50,"6,211",
111/09/06,"16,470,152","1,779,506,758",108.50,108.50,107.50,108.50,+0.50,"8,119",
111/09/07,"32,007,211","3,421,330,308",107.50,108.00,106.00,106.00,-2.50,"18,264",
111/09/08,"15,510,168","1,656,117,929",107.00,107.00,106.00,107.00,+1.00,"6,785",
111/09/12,"18,494,607","2,002,065,443",108.50,109.00,107.50,108.50,+1.50,"8,219",
111/09/13,"32,868,739","3,602,070,045",109.00,110.50,108.50,110.00,+1.50,"12,365",
111/09/14,"26,601,015","2,865,653,445",107.50,108.50,107.00,107.50,-2.50,"12,413",
111/09/15,"17,777,392","1,921,785,611",107.50,108.50,107.50,108.00,+0.50,"6,869",
111/09/16,"37,358,400","4,010,943,876",107.50,108.00,107.00,107.50,-0.50,"10,689",
111/09/19,"17,257,682","1,845,794,832",107.50,108.00,106.50,107.00,-0.50,"7,763",
111/09/20,"26,209,523","2,827,366,527",107.50,108.50,107.00,108.50,+1.50,"8,429",
111/09/21,"25,899,668","2,781,298,302",108.50,108.50,106.50,107.00,-1.50,"11,423",
111/09/22,"24,170,156","2,579,720,303",106.50,107.50,106.00,107.00, 0.00,"8,938",
111/09/23,"16,305,687","1,739,541,489",107.00,107.50,106.00,106.50,-0.50,"7,187",
111/09/26,"41,225,652","4,308,616,542",105.50,106.00,103.50,104.00,-2.50,"25,521",
111/09/27,"21,421,110","2,220,381,066",104.00,104.50,103.00,103.50,-0.50,"11,725",
111/09/28,"49,671,045","5,043,131,194",103.50,104.00,100.50,100.50,-3.00,"30,069",
111/09/29,"40,492,428","4,109,231,315",101.50,102.50,101.00,101.50,+1.00,"16,864",
111/09/30,"28,211,012","2,856,502,539",100.00,102.00,100.00,102.00,+0.50,"11,023",
111/10/03,"21,183,821","2,143,649,886",101.00,102.00,100.50,101.00,-1.00,"9,540",
111/10/04,"17,338,770","1,775,289,678",102.50,103.00,102.00,102.50,+1.50,"8,375",
111/10/05,"52,597,518","5,601,502,334",105.50,107.50,105.00,107.00,+4.50,"24,801",
111/10/06,"28,164,289","3,022,608,414",108.00,108.50,106.50,107.50,+0.50,"9,528",
111/10/07,"22,004,516","2,360,964,734",107.00,108.00,106.50,107.50, 0.00,"8,626",
111/10/11,"37,777,028","3,947,147,436",105.00,105.50,104.00,104.00,-3.50,"17,666",
111/10/12,"39,428,854","4,078,843,113",104.00,104.50,102.50,103.00,-1.00,"14,435",
111/10/13,"32,316,574","3,346,175,558",103.50,104.50,102.50,103.50,+0.50,"11,606",
111/10/14,"25,127,634","2,636,770,751",104.50,105.50,104.50,105.00,+1.50,"9,995",
111/10/17,"28,401,379","2,977,431,995",104.00,105.50,104.00,105.00, 0.00,"9,575",
111/10/18,"39,455,842","4,109,787,801",105.50,106.00,103.00,103.50,-1.50,"19,163",
111/10/19,"54,152,038","5,612,465,128",104.00,105.00,103.00,103.00,-0.50,"15,893",
111/10/20,"58,306,844","5,951,493,644",103.00,103.50,101.00,102.50,-0.50,"22,034",
111/10/21,"24,536,653","2,524,575,133",102.50,103.50,102.00,103.50,+1.00,"8,983",
111/10/24,"29,141,002","3,013,138,437",104.50,104.50,102.50,103.00,-0.50,"9,666",
111/10/25,"38,858,324","3,993,757,410",103.00,103.50,101.50,103.50,+0.50,"11,904",
111/10/26,"28,329,890","2,937,155,193",104.00,104.50,103.00,104.00,+0.50,"8,880",
111/10/27,"31,344,230","3,275,026,065",105.00,105.00,104.00,104.00, 0.00,"8,827",
111/10/28,"22,278,147","2,313,697,404",104.50,104.50,103.00,104.00, 0.00,"9,030",
111/10/31,"53,476,790","5,461,306,704",101.50,103.00,101.50,102.50,-1.50,"16,740",
111/11/01,"52,125,801","5,282,805,586",101.50,102.00,100.50,101.50,-1.00,"26,058",
111/11/02,"35,124,774","3,566,618,886",101.50,102.00,101.00,102.00,+0.50,"12,819",
111/11/03,"42,249,526","4,267,316,533",101.00,101.50,100.50,101.00,-1.00,"17,786",
111/11/04,"49,148,814","4,918,094,984",100.00,101.00,99.50,100.50,-0.50,"33,397",
111/11/07,"40,826,295","4,088,713,099",100.50,101.00,99.80,100.00,-0.50,"23,472",
111/11/08,"30,439,852","3,046,907,124",100.00,100.50,100.00,100.00, 0.00,"17,953",
111/11/09,"42,446,062","4,313,824,989",100.00,102.50,100.00,102.50,+2.50,"17,078",
111/11/10,"39,874,839","4,016,631,941",101.00,101.50,100.50,100.50,-2.00,"20,790",
111/11/11,"90,276,048","9,085,057,365",101.50,102.50,100.00,100.00,-0.50,"44,969",
111/11/14,"67,217,227","6,754,151,364",99.50,101.50,99.50,101.50,+1.50,"24,864",
111/11/15,"47,027,211","4,779,761,515",101.50,102.50,101.00,101.50, 0.00,"16,800",
111/11/16,"46,862,982","4,768,522,978",101.50,102.50,101.00,101.50, 0.00,"20,569",
111/11/17,"26,583,078","2,695,972,528",101.50,102.00,101.00,101.50, 0.00,"12,390",
111/11/18,"45,343,250","4,593,844,884",101.50,102.50,100.50,100.50,-1.00,"23,533",
111/11/21,"30,472,000","3,062,313,373",101.00,101.50,100.00,100.00,-0.50,"15,281",
111/11/22,"28,582,534","2,864,959,737",100.00,100.50,100.00,100.50,+0.50,"15,095",
111/11/23,"32,079,101","3,239,173,343",101.00,101.50,100.50,100.50, 0.00,"15,745",
111/11/24,"42,611,350","4,279,895,317",100.50,101.00,100.00,101.00,+0.50,"21,615",
111/11/25,"35,032,161","3,524,752,085",100.50,101.00,100.00,100.50,-0.50,"16,153",
111/11/28,"47,154,746","4,716,021,374",100.50,100.50,99.60,100.00,-0.50,"25,143",
111/11/29,"34,334,057","3,434,389,648",100.00,100.50,99.70,100.00, 0.00,"19,657",
111/11/30,"89,148,734","8,977,234,174",100.50,101.50,100.00,100.50,+0.50,"17,838",
111/12/01,"68,347,930","7,001,482,266",101.50,103.00,101.50,103.00,+2.50,"25,731",
111/12/02,"77,966,393","8,196,980,095",103.00,106.00,103.00,105.50,+2.50,"37,773",
111/12/05,"46,083,936","4,890,939,475",106.50,107.00,105.50,105.50, 0.00,"21,284",
111/12/06,"55,270,666","5,718,145,431",104.00,104.50,102.50,103.00,-2.50,"28,597",
111/12/07,"44,811,782","4,602,965,359",102.50,104.00,102.00,102.00,-1.00,"22,576",
111/12/08,"31,027,361","3,161,754,629",102.00,102.50,101.50,101.50,-0.50,"17,802",
111/12/09,"33,294,761","3,406,859,417",102.50,103.00,102.00,102.00,+0.50,"11,747",
111/12/12,"19,498,779","1,982,855,426",102.00,102.00,101.00,102.00, 0.00,"9,634",
111/12/13,"34,807,666","3,530,853,812",102.00,102.50,101.00,101.00,-1.00,"16,396",
111/12/14,"24,772,267","2,530,062,580",101.50,102.50,101.00,102.50,+1.50,"9,297",
111/12/15,"27,539,463","2,802,889,858",101.50,102.50,101.50,101.50,-1.00,"10,331",
111/12/16,"72,581,761","7,307,497,834",100.50,101.50,100.00,100.50,-1.00,"27,944",
111/12/19,"29,579,834","2,990,882,519",100.50,102.00,100.50,101.50,+1.00,"10,973",
111/12/20,"45,367,320","4,556,752,819",101.00,101.50,100.00,100.00,-1.50,"21,274",
111/12/21,"28,064,923","2,815,313,181",101.00,101.00,100.00,100.00, 0.00,"13,945",
111/12/22,"21,298,650","2,147,374,947",101.00,101.00,100.50,101.00,+1.00,"7,969",
111/12/23,"15,490,469","1,557,178,104",100.00,101.00,100.00,101.00, 0.00,"6,696",
111/12/26,"8,798,497","887,900,694",101.50,101.50,100.50,101.00, 0.00,"5,888",
111/12/27,"8,915,931","897,847,206",101.00,101.50,100.50,100.50,-0.50,"5,964",
111/12/28,"23,260,583","2,332,393,166",100.50,100.50,100.00,100.50, 0.00,"12,398",
111/12/29,"38,383,359","3,829,311,707",100.00,100.00,99.50,99.70,-0.80,"36,241",
111/12/30,"18,189,761","1,818,159,658",100.00,100.50,99.80,99.90,+0.20,"9,852",
112/01/03,"47,341,828","4,674,470,643",99.90,99.90,98.00,99.10,-0.80,"37,746",
112/01/04,"42,812,802","4,206,947,798",98.00,98.70,98.00,98.10,-1.00,"34,793",
112/01/05,"37,046,103","3,637,807,642",98.10,98.90,98.00,98.00,-0.10,"26,593",
112/01/06,"20,649,438","2,035,341,101",98.30,98.80,98.30,98.40,+0.40,"16,660",
112/01/09,"34,166,209","3,390,702,893",99.20,99.60,98.90,99.10,+0.70,"19,622",
112/01/10,"21,706,054","2,157,139,787",99.40,99.80,99.10,99.40,+0.30,"10,304",
112/01/11,"22,096,447","2,195,950,633",99.80,99.80,99.10,99.10,-0.30,"10,725",
112/01/12,"22,014,869","2,179,239,269",99.10,99.50,98.60,98.60,-0.50,"15,225",
112/01/13,"18,652,790","1,845,839,426",99.00,99.50,98.60,98.60, 0.00,"11,985",
112/01/16,"32,736,172","3,226,475,964",98.60,99.20,98.10,98.10,-0.50,"24,717",
112/01/17,"28,810,658","2,829,914,291",98.20,98.50,98.10,98.10, 0.00,"18,708",
112/01/30,"88,808,349","8,751,639,423",99.60,99.70,98.00,98.10, 0.00,"47,704",
112/01/31,"82,451,939","8,235,695,667",98.30,101.00,98.20,99.70,+1.60,"31,359",
112/02/01,"40,082,663","4,014,650,015",100.50,101.00,99.80,100.00,+0.30,"16,606",
112/02/02,"51,715,604","5,183,855,801",100.50,101.00,100.00,100.00, 0.00,"24,174",
112/02/03,"43,915,390","4,379,946,034",100.00,100.50,99.50,99.60,-0.40,"24,321",
112/02/06,"50,479,656","5,122,110,765",100.50,102.00,100.50,101.50,+1.90,"23,715",
112/02/07,"31,412,710","3,171,480,698",102.00,102.00,100.50,100.50,-1.00,"16,026",
112/02/08,"25,572,350","2,572,849,160",100.50,101.00,100.50,100.50, 0.00,"12,039",
112/02/09,"29,347,314","2,961,597,502",100.50,101.50,100.00,101.00,+0.50,"11,842",
112/02/10,"25,620,289","2,599,062,864",101.50,102.00,100.50,101.50,+0.50,"12,161",
112/02/13,"18,497,222","1,875,032,750",101.50,102.00,101.00,101.00,-0.50,"8,575",
112/02/14,"18,440,692","1,877,679,340",101.50,102.00,101.50,102.00,+1.00,"10,403",
112/02/15,"38,436,177","3,925,070,338",102.00,102.50,101.50,102.50,+0.50,"17,123",
112/02/16,"39,872,101","4,115,677,752",103.00,103.50,102.50,103.50,+1.00,"18,244",
112/02/17,"28,987,254","2,989,845,607",103.00,103.50,102.50,103.50, 0.00,"13,156",
112/02/20,"22,229,942","2,291,386,991",103.50,104.00,102.50,103.00,-0.50,"13,457",
112/02/21,"13,906,642","1,427,077,845",102.50,103.00,102.50,102.50,-0.50,"8,104",
112/02/22,"26,465,654","2,693,882,799",102.00,102.50,101.50,102.00,-0.50,"12,340",
112/02/23,"20,893,415","2,146,712,771",102.00,103.00,102.00,103.00,+1.00,"9,364",
112/02/24,"54,293,618","5,520,468,409",103.00,103.50,101.00,101.00,-2.00,"24,077",
112/03/01,"48,149,835","4,893,501,805",100.00,103.00,100.00,102.00,+1.00,"14,119",
112/03/02,"27,936,296","2,858,642,381",102.50,103.00,101.50,102.50,+0.50,"9,933",
112/03/03,"29,276,021","3,019,226,308",103.50,104.00,102.50,102.50, 0.00,"12,785",
112/03/06,"38,599,819","3,995,898,779",103.00,104.00,102.50,103.50,+1.00,"18,452",
112/03/07,"72,773,055","7,636,342,931",103.50,106.00,103.50,105.00,+1.50,"32,304",
112/03/08,"31,871,831","3,327,789,129",104.50,105.00,104.00,104.00,-1.00,"15,640",
112/03/09,"62,246,571","6,408,341,852",104.00,104.50,102.00,102.50,-1.50,"26,740",
112/03/10,"28,023,340","2,855,815,664",102.00,102.50,101.50,102.00,-0.50,"14,965",
112/03/13,"23,735,276","2,433,153,486",102.00,103.50,101.50,103.00,+1.00,"10,260",
112/03/14,"32,014,406","3,267,067,677",102.00,102.50,101.50,102.00,-1.00,"12,409",
112/03/15,"21,152,568","2,169,924,790",102.50,103.00,102.00,102.50,+0.50,"11,367",
112/03/16,"27,823,368","2,851,039,319",102.50,103.00,102.00,102.00,-0.50,"12,437",
112/03/17,"62,542,797","6,479,829,076",103.00,104.50,102.50,103.50,+1.50,"19,122",
112/03/20,"21,491,112","2,210,421,080",103.50,104.00,102.50,102.50,-1.00,"10,314",
112/03/21,"21,169,729","2,193,540,108",103.00,104.00,103.00,103.50,+1.00,"10,812",
112/03/22,"22,619,832","2,345,556,939",103.50,104.50,103.00,103.50, 0.00,"9,328",
112/03/23,"32,467,261","3,366,040,153",103.00,104.50,103.00,103.50, 0.00,"10,373",
112/03/24,"70,639,353","7,416,784,272",104.50,106.00,104.00,105.50,+2.00,"25,165",
112/03/27,"33,360,546","3,472,600,020",105.00,105.50,103.50,103.50,-2.00,"15,606",
112/03/28,"24,536,833","2,536,665,378",104.00,104.00,103.00,103.00,-0.50,"11,298",
112/03/29,"21,518,974","2,227,326,554",103.00,104.00,103.00,103.50,+0.50,"8,803",
112/03/30,"23,644,023","2,461,031,108",104.00,104.50,103.50,104.50,+1.00,"7,085",
112/03/31,"18,383,489","1,916,810,351",104.50,105.00,104.00,104.00,-0.50,"7,879",
112/04/06,"39,285,783","4,091,954,496",104.50,105.50,103.00,103.50,-0.50,"16,621",
112/04/07,"11,913,773","1,231,720,055",104.00,104.00,103.00,103.00,-0.50,"7,332",
112/04/10,"12,576,290","1,298,176,099",103.00,104.00,103.00,103.00, 0.00,"8,531",
112/04/11,"29,392,861","3,036,301,674",103.50,104.00,103.00,103.50,+0.50,"12,528",
112/04/12,"20,658,342","2,125,490,764",103.50,103.50,102.50,102.50,-1.00,"14,522",
112/04/13,"23,559,745","2,424,959,743",102.50,103.50,102.50,103.00,+0.50,"11,631",
112/04/14,"25,764,557","2,679,788,131",104.00,104.50,103.00,104.50,+1.50,"12,224",
112/04/17,"15,419,355","1,604,349,556",104.50,104.50,103.50,104.00,-0.50,"8,478",
112/04/18,"16,151,848","1,682,286,478",104.00,104.50,103.50,104.50,+0.50,"7,834",
112/04/19,"18,893,968","1,965,342,220",104.50,104.50,103.50,104.00,-0.50,"10,653",
112/04/20,"19,945,258","2,079,062,205",103.50,104.50,103.50,104.50,+0.50,"8,798",
112/04/21,"33,085,440","3,461,031,076",105.00,105.50,104.00,104.00,-0.50,"12,670",
112/04/24,"18,482,135","1,918,190,124",104.00,104.50,103.50,103.50,-0.50,"8,082",
112/04/25,"29,981,837","3,096,473,866",103.50,104.00,103.00,103.00,-0.50,"12,350",
112/04/26,"34,093,936","3,537,109,209",103.00,104.50,103.00,103.50,+0.50,"12,389",
112/04/27,"16,743,295","1,732,575,022",103.50,104.00,103.00,103.50, 0.00,"7,135",
112/04/28,"19,643,921","2,046,209,314",104.00,104.50,103.50,104.50,+1.00,"6,696",
112/05/02,"50,296,436","5,301,337,184",104.50,106.00,104.00,106.00,+1.50,"22,045",
112/05/03,"27,017,028","2,851,879,362",105.50,106.00,105.00,105.50,-0.50,"10,815",
112/05/04,"12,816,496","1,348,173,051",105.50,105.50,105.00,105.00,-0.50,"8,061",
112/05/05,"12,635,718","1,326,313,874",105.00,105.50,104.50,105.00, 0.00,"6,031",
112/05/08,"10,633,215","1,118,390,878",105.50,106.00,105.00,105.00, 0.00,"6,543",
112/05/09,"40,822,363","4,326,837,704",105.00,107.00,104.50,106.50,+1.50,"17,889",
112/05/10,"17,540,555","1,865,834,176",106.50,107.00,106.00,106.50, 0.00,"8,986",
112/05/11,"21,870,548","2,310,508,079",106.50,107.00,105.00,105.00,-1.50,"9,864",
112/05/12,"72,076,682","7,398,358,087",103.50,104.00,102.00,102.50,-2.50,"35,447",
112/05/15,"28,337,659","2,894,073,030",102.50,103.00,102.00,102.00,-0.50,"18,204",
112/05/16,"42,174,115","4,319,139,417",102.50,103.00,102.00,102.00, 0.00,"20,186",
112/05/17,"38,916,253","3,990,558,925",102.00,103.00,102.00,102.50,+0.50,"19,396",
112/05/18,"27,750,265","2,859,066,325",103.00,103.50,102.50,103.00,+0.50,"11,029",
112/05/19,"33,713,208","3,461,854,482",103.00,103.00,102.00,103.00, 0.00,"12,566",
112/05/22,"18,170,383","1,866,853,138",102.50,103.00,102.50,103.00, 0.00,"9,157",
112/05/23,"22,258,821","2,285,492,765",103.00,103.00,102.50,102.50,-0.50,"10,188",
112/05/24,"16,034,234","1,647,545,401",102.50,103.00,102.50,103.00,+0.50,"9,002",
112/05/25,"26,400,866","2,710,347,354",102.50,103.50,102.50,102.50,-0.50,"13,709",
112/05/26,"36,602,590","3,748,110,490",102.50,103.00,102.00,102.50, 0.00,"17,727",
112/05/29,"79,007,460","8,268,281,823",103.50,106.00,103.00,105.50,+3.00,"28,339",
112/05/30,"88,779,354","9,504,107,532",106.50,108.00,106.00,107.00,+1.50,"41,319",
112/05/31,"59,443,196","6,330,618,253",107.50,107.50,105.50,106.50,-0.50,"19,843",
112/06/01,"46,558,650","4,996,062,921",106.50,108.00,106.00,108.00,+1.50,"19,267",
112/06/02,"53,924,446","5,829,505,836",108.50,109.00,107.50,108.00, 0.00,"21,889",
112/06/05,"24,624,081","2,653,815,411",108.50,108.50,107.00,107.50,-0.50,"12,713",
112/06/06,"36,383,280","3,882,385,473",107.00,107.50,106.00,107.00,-0.50,"13,826",
112/06/07,"22,459,238","2,417,445,504",107.50,108.00,107.00,108.00,+1.00,"9,840",
112/06/08,"17,392,265","1,866,463,325",108.00,108.00,107.00,107.00,-1.00,"9,944",
112/06/09,"16,744,580","1,803,462,864",107.50,108.00,107.00,108.00,+1.00,"8,347",
112/06/12,"98,652,902","10,866,249,777",108.00,112.00,107.50,110.50,+2.50,"40,913",
112/06/13,"70,173,913","7,888,170,176",111.00,113.00,111.00,112.50,+2.00,"34,877",
112/06/14,"36,488,322","4,102,517,677",112.50,113.00,111.50,112.50, 0.00,"17,554",
112/06/15,"35,696,946","3,986,611,487",112.50,113.00,111.00,111.50,-1.00,"18,814",
112/06/16,"47,565,732","5,306,261,172",111.50,112.50,111.00,111.00,-0.50,"16,319",
112/06/19,"25,243,032","2,832,301,801",111.50,113.00,111.00,112.50,+1.50,"12,614",
112/06/20,"30,784,850","3,463,018,660",113.00,113.50,111.50,112.50, 0.00,"11,952",
112/06/21,"34,892,673","3,931,657,328",112.50,113.00,112.00,113.00,+0.50,"17,874",
112/06/26,"100,474,885","11,551,510,415",113.50,116.00,113.00,115.50,+2.50,"36,472",
112/06/27,"67,357,566","7,750,488,365",116.00,116.50,114.00,114.00,-1.50,"25,369",
112/06/28,"45,726,557","5,262,217,985",114.50,116.00,114.50,115.00,+1.00,"19,399",
112/06/29,"39,965,191","4,562,815,301",116.00,116.00,113.00,113.00,-2.00,"23,356",
112/06/30,"48,499,554","5,448,631,430",113.00,113.00,111.00,113.00, 0.00,"22,524",
112/07/03,"88,011,450","10,089,020,094",114.00,115.00,113.50,115.00,+2.00,"32,871",
112/07/04,"88,850,920","9,848,987,145",112.00,112.50,109.50,110.00,X0.00,"46,037",
112/07/05,"51,570,862","5,599,325,907",110.00,110.50,107.50,108.50,-1.50,"33,413",
112/07/06,"70,071,473","7,440,779,674",107.50,107.50,105.00,105.50,-3.00,"41,285",
112/07/07,"30,868,905","3,247,695,283",105.00,106.00,104.50,105.50, 0.00,"18,448",
112/07/10,"25,044,324","2,631,065,877",105.50,106.00,104.50,104.50,-1.00,"17,505",
112/07/11,"23,862,651","2,503,776,581",105.00,105.50,104.50,105.00,+0.50,"13,567",
112/07/12,"37,780,699","4,033,895,506",105.00,107.50,105.00,107.50,+2.50,"15,229",
112/07/13,"30,341,999","3,278,152,117",108.50,109.00,107.00,107.00,-0.50,"14,701",
112/07/14,"43,454,213","4,702,063,534",107.50,109.50,106.50,109.50,+2.50,"18,981",
112/07/17,"41,502,082","4,572,570,706",110.00,111.00,109.50,110.50,+1.00,"17,109",
112/07/18,"52,688,441","5,894,531,944",110.50,113.50,110.00,112.00,+1.50,"25,727",
112/07/19,"54,967,023","6,055,023,271",113.00,113.50,108.00,108.50,-3.50,"26,548",
112/07/20,"33,167,955","3,600,029,166",109.00,110.00,107.50,108.00,-0.50,"13,586",
112/07/21,"25,278,976","2,715,559,372",107.00,108.50,106.50,107.50,-0.50,"10,913",
112/07/24,"19,896,359","2,146,631,209",108.00,108.50,107.00,108.00,+0.50,"9,411",
112/07/25,"61,862,737","6,856,399,236",108.50,112.00,108.50,112.00,+4.00,"25,155",
112/07/26,"30,223,635","3,373,004,998",112.00,112.50,111.00,111.50,-0.50,"18,007",
112/07/27,"32,278,647","3,590,682,916",112.00,113.00,110.50,110.50,-1.00,"18,735",
112/07/28,"23,255,646","2,555,161,402",110.50,111.00,109.50,109.50,-1.00,"15,209",
112/07/31,"30,730,719","3,355,672,410",110.50,111.00,108.50,108.50,-1.00,"14,355",
112/08/01,"24,113,256","2,653,917,873",109.50,111.00,109.00,110.50,+2.00,"9,945",
112/08/02,"34,095,728","3,706,374,022",110.00,110.50,108.00,108.00,-2.50,"20,180",
112/08/04,"40,122,815","4,419,908,982",109.00,111.00,109.00,111.00,+3.00,"16,129",
112/08/07,"45,621,252","5,055,979,980",112.00,112.50,109.50,109.50,-1.50,"20,471",
112/08/08,"29,311,389","3,236,790,526",110.50,111.00,109.50,110.50,+1.00,"10,143",
112/08/09,"20,468,574","2,265,522,164",110.50,111.50,110.00,110.50, 0.00,"9,312",
112/08/10,"22,401,300","2,462,848,227",111.00,111.00,109.50,110.00,-0.50,"9,959",
112/08/11,"22,854,757","2,490,127,311",110.00,110.50,108.50,108.50,-1.50,"14,053",
112/08/14,"30,169,722","3,309,279,031",109.50,110.50,109.00,110.00,+1.50,"13,517",
112/08/15,"64,762,274","6,974,932,952",108.00,109.00,107.00,107.00,-3.00,"36,735",
112/08/16,"44,390,097","4,696,567,368",106.50,106.50,105.00,105.50,-1.50,"27,924",
112/08/17,"24,753,076","2,631,718,597",105.50,107.00,105.50,106.50,+1.00,"10,441",
112/08/18,"17,412,067","1,848,910,219",106.50,107.00,105.50,106.00,-0.50,"11,848",
112/08/21,"10,884,357","1,154,268,088",106.50,107.00,105.50,106.00, 0.00,"7,109",
112/08/22,"13,225,842","1,408,358,404",106.50,107.00,106.00,106.50,+0.50,"6,142",
112/08/23,"16,581,083","1,768,910,267",106.50,107.50,106.00,106.50, 0.00,"6,682",
112/08/24,"51,036,295","5,583,078,102",109.00,110.50,108.50,109.50,+3.00,"21,344",
112/08/25,"21,353,911","2,312,509,951",108.50,109.00,108.00,108.00,-1.50,"9,503",
112/08/28,"16,852,420","1,827,707,759",108.50,109.00,108.00,108.00, 0.00,"8,352",
112/08/29,"64,563,484","6,850,480,774",108.00,108.50,105.00,106.00,-2.00,"29,666",
112/08/30,"20,861,174","2,217,019,155",106.50,107.00,106.00,106.00, 0.00,"10,060",
112/08/31,"57,884,785","6,155,654,231",106.00,107.00,105.50,106.50,+0.50,"10,679",
112/09/01,"14,106,975","1,510,351,150",106.50,107.50,106.50,107.50,+1.00,"6,817",
112/09/04,"21,399,910","2,279,496,433",107.50,108.00,105.50,106.50,-1.00,"10,338",
112/09/05,"13,947,190","1,486,693,623",106.50,107.00,106.00,107.00,+0.50,"5,467",
112/09/06,"17,723,586","1,882,250,089",106.50,107.00,106.00,106.00,-1.00,"10,036",
112/09/07,"14,703,513","1,553,316,168",106.00,106.00,105.50,105.50,-0.50,"9,238",
112/09/08,"12,232,593","1,290,143,049",105.50,106.00,105.00,106.00,+0.50,"8,184",
112/09/11,"17,970,490","1,892,009,180",106.00,106.00,105.00,105.00,-1.00,"11,073",
112/09/12,"29,936,070","3,197,367,679",106.00,107.50,105.50,107.50,+2.50,"10,719",
112/09/13,"18,447,173","1,957,599,943",107.00,107.50,105.50,106.00,-1.50,"8,124",
112/09/14,"15,925,971","1,696,098,318",106.50,107.00,106.00,106.50,+0.50,"7,901",
112/09/15,"35,796,358","3,800,337,901",106.50,107.00,106.00,106.00,-0.50,"11,524",
112/09/18,"19,458,299","2,065,336,849",106.00,106.50,105.50,106.50,+0.50,"8,648",
112/09/19,"13,864,956","1,482,205,613",106.50,107.50,106.50,106.50, 0.00,"7,128",
112/09/20,"19,168,653","2,037,961,517",106.50,107.00,106.00,106.00,-0.50,"10,432",
112/09/21,"22,481,559","2,367,772,067",106.00,106.50,105.00,105.00,-1.00,"14,523",
112/09/22,"15,164,145","1,593,608,220",105.00,105.50,105.00,105.00, 0.00,"8,678",
112/09/25,"16,714,643","1,759,692,944",105.50,106.00,105.00,105.50,+0.50,"9,163",
112/09/26,"30,615,520","3,199,617,720",105.00,105.50,104.00,104.00,-1.50,"20,954",
112/09/27,"16,571,407","1,721,873,446",104.00,104.50,103.50,104.00, 0.00,"12,931",
112/09/28,"24,489,178","2,538,919,585",104.50,104.50,103.00,104.00, 0.00,"15,612",
112/10/02,"13,980,808","1,462,459,227",104.00,105.00,104.00,104.50,+0.50,"7,239",
112/10/03,"17,720,597","1,843,275,774",104.00,104.50,103.50,104.00,-0.50,"9,751",
112/10/04,"27,864,693","2,867,342,618",103.00,103.50,102.50,103.00,-1.00,"18,392",
112/10/05,"16,777,516","1,734,010,040",103.00,104.00,103.00,103.50,+0.50,"8,814",
112/10/06,"28,202,817","2,970,616,668",105.00,106.00,104.50,105.50,+2.00,"12,925",
112/10/11,"39,153,271","4,154,453,547",106.50,106.50,105.50,106.00,+0.50,"13,879",
112/10/12,"30,018,890","3,205,481,301",106.50,107.00,106.00,107.00,+1.00,"11,222",
112/10/13,"27,592,508","2,953,567,748",107.00,107.50,106.00,107.50,+0.50,"9,635",
112/10/16,"17,539,617","1,875,705,357",107.00,107.50,106.50,107.00,-0.50,"8,617",
112/10/17,"17,843,132","1,906,762,803",107.50,108.00,106.50,106.50,-0.50,"8,336",
112/10/18,"28,734,757","3,035,342,968",106.00,106.50,105.00,105.50,-1.00,"13,667",
112/10/19,"42,470,168","4,409,816,317",105.00,105.50,103.00,103.50,-2.00,"20,878",
112/10/20,"33,199,943","3,441,469,923",103.00,104.50,103.00,103.50, 0.00,"13,143",
112/10/23,"84,175,293","8,487,114,330",102.00,102.00,100.00,100.50,-3.00,"52,609",
112/10/24,"113,705,847","11,205,467,571",99.80,99.80,97.30,98.30,-2.20,"87,571",
112/10/25,"41,361,487","4,096,713,022",98.30,99.50,98.30,99.00,+0.70,"30,692",
112/10/26,"42,562,225","4,188,969,892",98.30,98.70,98.00,98.50,-0.50,"27,214",
112/10/27,"33,549,955","3,300,859,897",98.50,98.90,98.20,98.20,-0.30,"21,702",
112/10/30,"139,233,228","13,257,335,235",98.30,98.50,94.00,94.50,-3.70,"116,153",
112/10/31,"63,987,716","6,153,398,199",95.10,96.90,95.10,96.50,+2.00,"35,607",
112/11/01,"26,792,559","2,570,478,042",96.40,96.50,95.60,95.60,-0.90,"21,619",
112/11/02,"25,319,099","2,450,735,413",96.20,97.40,96.00,97.00,+1.40,"17,294",
112/11/03,"44,283,856","4,236,360,020",95.80,96.20,95.20,95.80,-1.20,"40,355",
112/11/06,"39,193,519","3,794,411,528",96.20,97.70,96.20,96.40,+0.60,"23,895",
112/11/07,"28,714,421","2,753,863,793",96.40,96.80,95.50,96.10,-0.30,"23,562",
112/11/08,"20,362,795","1,971,844,942",95.70,97.40,95.70,97.00,+0.90,"13,149",
112/11/09,"31,177,239","3,053,579,951",97.40,98.40,97.30,97.90,+0.90,"20,430",
112/11/10,"16,713,387","1,626,270,416",97.90,98.00,97.00,97.20,-0.70,"15,312",
112/11/13,"18,461,159","1,806,009,405",97.80,98.40,97.50,97.70,+0.50,"13,027",
112/11/14,"47,364,152","4,734,302,962",98.40,101.00,98.20,100.00,+2.30,"27,140",
112/11/15,"51,481,834","5,164,217,515",100.50,101.50,99.80,100.50,+0.50,"26,562",
112/11/16,"31,965,062","3,226,643,998",101.00,101.50,100.50,101.00,+0.50,"14,473",
112/11/17,"47,314,771","4,852,922,519",101.50,103.50,101.00,102.50,+1.50,"23,755",
112/11/20,"29,960,033","3,035,807,810",102.50,102.50,101.00,101.00,-1.50,"12,951",
112/11/21,"37,190,582","3,790,855,390",102.00,102.50,101.00,102.50,+1.50,"16,512",
112/11/22,"28,562,720","2,935,360,945",103.00,104.00,102.00,102.00,-0.50,"12,646",
112/11/23,"24,125,544","2,455,999,116",102.50,103.00,101.00,101.50,-0.50,"10,895",
112/11/24,"22,653,476","2,301,261,787",102.00,102.50,101.00,101.50, 0.00,"9,218",
112/11/27,"24,041,482","2,455,162,105",102.50,103.00,101.50,101.50, 0.00,"11,758",
112/11/28,"29,821,679","3,055,254,883",102.00,103.00,102.00,102.50,+1.00,"11,499",
112/11/29,"34,373,056","3,510,103,840",102.50,103.00,101.50,102.00,-0.50,"12,370",
112/11/30,"44,645,586","4,534,045,899",102.00,102.50,101.00,101.50,-0.50,"10,505",
112/12/01,"27,879,140","2,807,464,674",101.00,101.50,100.50,100.50,-1.00,"17,492",
112/12/04,"14,873,417","1,499,633,313",101.00,101.50,100.50,101.00,+0.50,"8,102",
112/12/05,"22,028,554","2,223,432,776",101.00,102.00,100.50,101.00, 0.00,"8,926",
112/12/06,"15,438,431","1,562,479,107",101.50,102.00,101.00,101.00, 0.00,"7,905",
112/12/07,"14,143,974","1,428,146,272",101.00,101.50,100.50,101.00, 0.00,"7,132",
112/12/08,"16,171,663","1,639,620,507",101.00,102.00,101.00,101.50,+0.50,"6,795",
112/12/11,"25,693,233","2,593,695,579",101.50,102.00,100.50,101.00,-0.50,"11,857",
112/12/12,"21,061,040","2,125,989,733",101.00,101.50,100.50,101.00, 0.00,"8,493",
112/12/13,"15,245,857","1,537,987,053",100.50,101.50,100.50,101.00, 0.00,"7,389",
112/12/14,"32,842,321","3,338,175,011",101.50,102.00,101.00,102.00,+1.00,"12,087",
112/12/15,"41,228,565","4,180,365,912",101.50,102.00,101.00,101.50,-0.50,"13,318",
112/12/18,"28,168,793","2,865,746,536",101.50,102.00,101.00,102.00,+0.50,"12,178",
112/12/19,"32,970,317","3,364,490,305",102.00,102.50,101.50,102.50,+0.50,"11,744",
112/12/20,"54,775,393","5,673,101,084",102.50,104.50,102.50,104.50,+2.00,"25,178",
112/12/21,"34,981,356","3,610,901,992",103.00,103.50,102.50,103.50,-1.00,"11,089",
112/12/22,"23,874,742","2,467,566,999",103.50,104.00,103.00,103.50, 0.00,"8,311",
112/12/25,"11,452,984","1,185,902,142",103.50,104.00,103.00,103.50, 0.00,"5,585",
112/12/26,"10,038,346","1,040,821,927",104.00,104.00,103.50,104.00,+0.50,"5,211",
112/12/27,"19,101,096","1,978,512,501",104.00,104.00,103.00,103.50,-0.50,"8,997",
112/12/28,"23,454,232","2,432,149,853",103.50,104.00,103.00,104.00,+0.50,"10,532",
112/12/29,"26,228,159","2,736,716,660",104.00,105.00,103.50,104.50,+0.50,"10,422",
113/01/02,"20,339,186","2,128,017,722",104.50,105.00,104.00,105.00,+0.50,"8,860",
113/01/03,"19,284,338","2,012,960,063",104.50,105.00,104.00,104.50,-0.50,"7,777",
113/01/04,"15,626,821","1,630,513,586",104.50,105.00,104.00,104.00,-0.50,"6,666",
113/01/05,"13,458,610","1,401,623,876",104.00,104.50,104.00,104.00, 0.00,"7,991",
113/01/08,"35,053,132","3,594,588,454",103.50,104.00,101.50,101.50,-2.50,"20,103",
113/01/09,"25,951,574","2,631,608,130",102.00,102.50,101.00,101.00,-0.50,"14,140",
113/01/10,"23,473,035","2,358,632,814",101.00,101.50,100.00,100.00,-1.00,"17,069",
113/01/11,"34,911,583","3,504,250,726",100.00,102.00,99.70,100.50,+0.50,"17,009",
113/01/12,"29,378,104","2,954,863,822",100.00,101.50,100.00,100.50, 0.00,"13,960",
113/01/15,"22,849,994","2,292,819,409",101.00,101.50,100.00,100.00,-0.50,"14,482",
113/01/16,"26,322,401","2,630,507,690",99.80,100.50,99.30,100.00, 0.00,"13,748",
113/01/17,"48,863,335","4,847,251,358",99.80,100.00,98.50,98.60,-1.40,"40,296",
113/01/18,"18,285,961","1,820,209,756",99.00,100.00,98.90,99.90,+1.30,"9,853",
113/01/19,"16,535,880","1,658,760,739",100.00,101.00,100.00,100.50,+0.60,"7,804",
113/01/22,"23,125,015","2,315,424,649",100.50,101.00,99.90,99.90,-0.60,"11,986",
113/01/23,"19,081,079","1,922,295,589",100.00,101.50,99.90,101.00,+1.10,"7,308",
113/01/24,"13,279,806","1,338,933,642",101.00,101.50,100.50,100.50,-0.50,"7,853",
113/01/25,"24,411,257","2,481,788,550",101.00,102.00,100.50,102.00,+1.50,"11,459",
113/01/26,"26,269,872","2,697,725,913",102.00,103.50,102.00,102.50,+0.50,"11,872",
113/01/29,"16,486,936","1,692,279,578",102.50,103.00,102.00,102.50, 0.00,"8,333",
113/01/30,"17,948,156","1,835,704,156",102.50,103.00,102.00,102.00,-0.50,"8,470",
113/01/31,"18,670,512","1,908,083,358",102.00,102.50,101.50,102.50,+0.50,"8,431",
113/02/01,"15,011,693","1,538,413,859",102.50,103.00,102.00,103.00,+0.50,"7,699",
113/02/02,"17,360,028","1,769,947,561",102.50,103.00,101.50,102.00,-1.00,"9,502",
113/02/05,"17,589,601","1,785,655,319",101.50,102.00,101.00,101.50,-0.50,"8,261",
113/02/15,"28,273,526","2,866,994,311",101.50,102.00,101.00,101.00,-0.50,"14,939",
113/02/16,"36,916,925","3,733,038,587",101.00,101.50,100.50,101.50,+0.50,"12,607",
113/02/19,"25,690,866","2,629,333,173",101.50,103.00,101.00,103.00,+1.50,"13,906",
113/02/20,"39,677,541","4,120,188,412",103.50,104.50,103.00,103.50,+0.50,"15,466",
113/02/21,"18,655,698","1,927,413,724",103.50,104.00,103.00,103.00,-0.50,"8,714",
113/02/22,"20,473,149","2,115,169,994",103.50,104.00,103.00,103.50,+0.50,"7,952",
113/02/23,"17,387,814","1,795,917,981",103.50,104.00,103.00,103.00,-0.50,"8,781",
113/02/26,"20,262,550","2,097,770,991",103.00,104.00,103.00,103.50,+0.50,"9,149",
113/02/27,"29,154,596","3,020,731,690",104.00,104.50,103.00,103.50, 0.00,"11,029",
113/02/29,"39,113,569","4,033,382,050",103.00,103.50,103.00,103.00,-0.50,"12,345",
113/03/01,"28,288,633","2,907,270,754",103.00,103.50,102.00,102.00,-1.00,"11,037",
113/03/04,"107,381,334","11,281,294,815",102.50,107.00,102.50,106.50,+4.50,"44,548",
113/03/05,"75,946,177","8,154,265,909",107.00,108.50,106.50,106.50, 0.00,"29,230",
113/03/06,"40,719,766","4,332,592,128",106.00,107.50,105.50,106.50, 0.00,"17,135",
113/03/07,"48,017,303","5,170,730,400",108.00,108.50,107.00,107.50,+1.00,"19,427",
113/03/08,"69,726,404","7,414,600,307",107.50,108.50,104.50,105.00,-2.50,"26,940",
113/03/11,"140,871,436","15,354,598,565",105.00,111.50,105.00,109.50,+4.50,"58,916",
113/03/12,"351,300,080","40,666,691,799",111.50,119.00,111.50,119.00,+9.50,"142,023",
113/03/13,"345,545,874","41,695,955,256",121.50,123.50,118.00,120.50,+1.50,"127,032",
113/03/14,"197,698,899","23,658,016,973",121.00,121.50,117.00,121.00,+0.50,"59,679",
113/03/15,"407,962,863","53,340,909,160",128.00,133.00,127.00,132.00,+11.00,"150,839",
113/03/18,"241,783,637","32,315,657,361",133.00,137.00,131.50,136.00,+4.00,"102,089",
113/03/19,"173,862,333","23,278,131,149",133.00,136.00,130.00,136.00, 0.00,"71,019",
113/03/20,"206,917,477","28,683,832,198",136.50,142.00,135.50,138.00,+2.00,"85,273",
113/03/21,"185,853,649","26,387,734,222",141.00,145.00,139.00,142.50,+4.50,"79,200",
113/03/22,"240,446,038","34,947,728,098",144.00,148.50,142.00,145.50,+3.00,"115,706",
113/03/25,"146,548,712","21,334,826,225",147.00,147.50,143.00,145.50, 0.00,"59,987",
113/03/26,"183,134,455","26,273,764,855",146.00,147.00,139.00,142.00,-3.50,"83,230",
113/03/27,"147,441,892","21,585,196,958",143.00,150.00,143.00,148.50,+6.50,"70,894",
113/03/28,"200,955,134","30,872,961,740",150.50,157.00,150.00,155.50,+7.00,"95,738",
113/03/29,"154,117,085","23,632,502,947",157.00,157.50,150.00,150.00,-5.50,"97,343",
113/04/01,"78,537,153","11,925,127,763",151.00,154.50,150.00,150.50,+0.50,"42,398",
113/04/02,"180,494,521","28,086,273,426",152.00,159.50,151.00,159.00,+8.50,"80,443",
113/04/03,"142,522,729","22,371,497,644",156.00,159.00,155.00,159.00, 0.00,"63,209",
113/04/08,"109,070,055","17,246,511,925",159.00,160.00,156.50,158.00,-1.00,"47,875",
113/04/09,"102,584,375","16,273,584,213",158.50,161.50,155.50,158.00, 0.00,"56,349",
113/04/10,"98,947,805","15,448,179,471",159.00,160.00,154.00,154.50,-3.50,"55,685",
113/04/11,"174,128,794","26,094,065,300",153.00,153.50,147.00,150.00,-4.50,"98,358",
113/04/12,"118,079,241","17,853,619,777",151.00,153.50,148.50,150.50,+0.50,"48,466",
113/04/15,"113,282,549","16,647,693,899",148.50,150.00,144.50,146.00,-4.50,"62,507",
113/04/16,"177,628,458","24,873,995,882",142.50,143.00,137.50,141.00,-5.00,"88,723",
113/04/17,"105,843,742","15,332,678,859",143.00,147.50,141.00,146.50,+5.50,"51,481",
113/04/18,"76,071,986","11,198,695,942",144.50,148.50,144.50,148.00,+1.50,"35,021",
113/04/19,"133,862,460","19,138,041,136",146.00,147.50,140.00,143.00,-5.00,"70,725",
113/04/22,"71,622,415","10,254,949,481",141.50,145.50,141.50,143.00, 0.00,"34,393",
113/04/23,"68,570,312","9,926,746,521",145.50,146.50,143.50,144.00,+1.00,"26,841",
113/04/24,"193,442,337","29,479,331,645",147.50,157.00,146.50,156.00,+12.00,"86,029",
113/04/25,"109,088,390","16,645,440,545",153.00,154.50,151.00,151.50,-4.50,"58,725",
113/04/26,"100,344,911","15,645,735,231",156.50,158.00,154.00,155.00,+3.50,"46,551",
113/04/29,"99,096,768","15,720,358,140",157.00,161.00,156.00,158.50,+3.50,"51,528",
113/04/30,"73,433,543","11,579,053,739",159.50,161.00,156.00,156.00,-2.50,"39,006",
113/05/02,"67,513,806","10,356,048,901",153.50,155.00,152.00,154.00,-2.00,"30,879",
113/05/03,"68,197,928","10,731,628,875",157.50,159.00,156.00,156.00,+2.00,"30,929",
113/05/06,"179,516,827","29,682,254,035",161.50,168.50,161.00,167.50,+11.50,"103,277",
113/05/07,"126,287,105","21,356,710,345",169.50,171.00,166.50,169.50,+2.00,"72,560",
113/05/08,"78,084,583","13,254,161,269",168.50,171.50,168.00,169.50, 0.00,"44,087",
113/05/09,"114,983,332","19,833,371,468",169.50,175.00,169.50,170.50,+1.00,"62,224",
113/05/10,"85,310,403","14,450,512,084",171.50,172.00,167.00,169.50,-1.00,"47,274",
113/05/13,"78,843,674","13,484,783,543",171.00,173.00,169.00,169.50, 0.00,"44,491",
113/05/14,"125,671,087","21,512,647,061",170.00,175.00,168.00,172.00,+2.50,"63,359",
113/05/15,"156,608,812","26,587,852,187",168.00,174.00,165.50,170.50,-1.50,"86,077",
113/05/16,"151,581,757","26,534,649,671",175.00,179.00,170.50,171.50,+1.00,"78,824",
113/05/17,"89,280,668","15,170,624,052",173.00,173.00,167.00,170.00,-1.50,"69,059",
113/05/20,"75,406,063","12,652,387,586",170.00,170.50,166.00,167.50,-2.50,"58,491",
113/05/21,"47,272,089","7,876,646,755",166.00,168.50,165.50,166.00,-1.50,"33,570",
113/05/22,"55,692,866","9,402,953,187",166.00,170.50,166.00,169.00,+3.00,"32,413",
113/05/23,"84,761,305","14,609,041,232",173.50,174.00,169.50,173.00,+4.00,"44,857",
113/05/24,"72,217,014","12,590,363,373",172.00,176.00,171.00,176.00,+3.00,"46,278",
113/05/27,"115,328,484","21,133,969,515",179.00,185.00,178.50,185.00,+9.00,"82,407",
113/05/28,"71,081,551","13,140,134,110",185.50,186.00,183.50,185.50,+0.50,"71,106",
113/05/29,"79,257,473","14,466,097,397",185.50,186.00,180.50,180.50,-5.00,"58,857",
113/05/30,"80,629,020","14,299,977,466",177.00,179.50,176.00,176.50,-4.00,"61,089",
113/05/31,"150,789,406","26,271,213,387",177.00,179.00,172.00,172.00,-4.50,"83,966",
113/06/03,"90,323,078","15,969,599,627",177.00,179.50,174.50,176.50,+4.50,"53,352",
113/06/04,"104,412,410","18,008,953,714",175.00,176.50,170.00,171.00,-5.50,"78,780",
113/06/05,"118,643,822","20,674,659,753",171.00,178.00,168.50,175.50,+4.50,"66,524",
113/06/06,"122,671,053","22,094,756,570",181.50,183.00,177.50,177.50,+2.00,"78,146",
113/06/07,"56,520,045","10,049,044,147",177.50,180.00,176.50,177.50, 0.00,"43,159",
113/06/11,"85,329,821","15,338,544,528",179.00,181.50,177.50,180.50,+3.00,"38,710",
113/06/12,"126,289,783","23,393,538,750",184.00,188.00,182.50,187.50,+7.00,"73,072",
113/06/13,"148,512,198","28,450,483,573",191.00,195.00,188.00,192.00,+4.50,"101,895",
113/06/14,"125,211,164","24,479,589,921",192.50,198.50,191.00,198.00,+6.00,"75,673",
113/06/17,"90,945,035","17,988,971,061",197.50,200.00,195.00,200.00,+2.00,"59,920",
113/06/18,"93,439,720","18,599,886,778",200.50,201.00,197.00,198.50,-1.50,"65,645",
113/06/19,"176,031,571","36,081,706,615",200.00,208.00,199.50,203.00,+4.50,"107,041",
113/06/20,"180,562,091","38,133,209,814",205.00,217.50,203.50,217.50,+14.50,"104,422",
113/06/21,"174,076,905","37,127,696,834",211.00,217.50,211.00,212.00,-5.50,"97,392",
113/06/24,"109,548,050","22,653,801,367",209.50,210.00,205.00,206.00,-6.00,"82,746",
113/06/25,"121,206,515","25,045,108,196",203.00,212.00,201.00,211.00,+5.00,"70,769",
113/06/26,"110,939,569","23,499,859,690",211.50,215.50,210.00,210.00,-1.00,"63,281",
113/06/27,"85,520,365","18,119,649,387",208.00,214.50,207.50,212.50,+2.50,"45,667",
113/06/28,"76,615,716","16,423,256,571",214.00,216.00,212.50,214.00,+1.50,"42,916",
113/07/01,"74,505,315","16,078,735,485",215.00,217.00,214.50,216.00,+2.00,"43,491",
113/07/02,"147,154,898","30,602,743,184",212.00,213.00,203.00,204.50,X0.00,"128,721",
113/07/03,"77,916,135","15,974,048,414",205.00,208.00,203.00,203.00,-1.50,"67,881",
113/07/04,"112,375,851","23,865,052,729",208.00,215.00,207.50,214.50,+11.50,"73,515",
113/07/05,"44,877,435","9,608,898,174",214.00,215.50,212.50,214.50, 0.00,"44,283",
113/07/08,"116,266,597","25,999,507,999",217.00,226.50,216.50,226.50,+12.00,"81,632",
113/07/09,"140,667,212","31,972,261,941",226.50,234.50,220.50,225.50,-1.00,"110,588",
113/07/10,"72,345,924","16,175,517,511",225.50,226.00,220.50,223.50,-2.00,"59,377",
113/07/11,"66,478,277","15,013,634,144",226.50,229.00,224.00,225.50,+2.00,"44,786",
113/07/12,"145,211,899","31,540,686,831",219.00,221.00,214.00,216.00,-9.50,"148,848",
113/07/15,"53,360,233","11,564,701,198",216.50,219.00,214.50,216.50,+0.50,"40,212",
113/07/16,"84,353,418","18,071,422,075",216.50,217.50,212.50,213.00,-3.50,"69,899",
113/07/17,"76,957,900","16,434,832,998",213.00,217.50,211.50,212.00,-1.00,"54,093",
113/07/18,"136,319,692","27,955,662,427",206.00,209.00,203.00,204.00,-8.00,"126,875",
113/07/19,"92,595,590","18,698,864,046",200.50,204.00,200.00,204.00, 0.00,"74,087",
113/07/22,"162,437,272","31,663,789,302",203.00,204.00,191.00,192.50,-11.50,"138,256",
113/07/23,"86,260,900","17,207,851,304",198.50,201.50,197.00,201.50,+9.00,"60,728",
113/07/26,"105,379,193","20,201,830,838",190.00,194.00,188.50,192.00,-9.50,"97,070",
113/07/29,"59,992,669","11,633,485,095",196.00,197.00,192.00,193.00,+1.00,"40,921",
113/07/30,"56,000,732","10,814,583,971",190.50,197.00,189.00,196.00,+3.00,"40,850",
113/07/31,"78,102,814","15,516,769,258",194.50,202.00,194.00,198.00,+2.00,"44,998",
113/08/01,"71,018,214","14,415,202,229",205.00,205.50,200.50,202.50,+4.50,"41,705",
113/08/02,"180,006,074","34,309,570,053",192.50,194.50,185.50,186.50,-16.00,"180,226",
113/08/05,"235,984,497","39,931,952,149",169.50,172.50,168.00,168.00,-18.50,"180,467",
113/08/06,"312,722,064","52,502,900,780",173.50,175.00,160.00,167.50,-0.50,"169,366",
113/08/07,"172,980,115","29,614,701,438",169.00,175.00,168.00,170.50,+3.00,"106,835",
113/08/08,"175,362,627","28,738,573,698",163.50,166.50,161.00,163.50,-7.00,"124,274",
113/08/09,"138,560,409","23,576,514,546",170.00,172.00,168.00,168.50,+5.00,"77,924",
113/08/12,"116,336,000","20,471,799,850",172.00,179.00,171.50,176.00,+7.50,"73,217",
113/08/13,"117,511,594","21,246,757,812",180.00,183.00,178.00,181.00,+5.00,"74,230",
113/08/14,"99,284,664","18,403,713,063",186.00,187.00,183.50,185.50,+4.50,"58,594",
113/08/15,"85,168,990","15,597,220,467",185.50,186.00,181.00,181.00,-4.50,"69,384",
113/08/16,"73,463,052","13,598,937,157",186.00,187.00,183.00,184.00,+3.00,"49,246",
113/08/19,"58,296,324","10,895,078,643",185.00,188.00,184.50,187.00,+3.00,"41,243",
113/08/20,"85,359,040","16,073,514,773",189.50,191.00,186.00,186.50,-0.50,"60,468",
113/08/21,"73,330,894","13,472,333,866",185.00,186.00,181.50,183.50,-3.00,"59,842",
113/08/22,"74,784,164","13,506,319,190",184.00,185.00,179.00,179.50,-4.00,"64,888",
113/08/23,"50,027,162","8,912,666,314",176.00,181.00,175.00,180.00,+0.50,"41,328",
113/08/26,"42,914,990","7,848,485,950",182.00,185.00,180.50,182.00,+2.00,"32,596",
113/08/27,"28,579,088","5,157,009,913",181.50,182.00,179.00,180.50,-1.50,"32,152",
113/08/28,"60,573,731","11,100,743,471",181.00,186.00,179.50,185.50,+5.00,"40,669",
113/08/29,"58,392,678","10,641,492,477",180.50,185.50,180.00,184.50,-1.00,"41,615",
113/08/30,"55,298,840","10,204,591,983",185.00,186.00,183.50,184.50, 0.00,"25,936",
113/09/02,"36,343,903","6,688,191,942",185.50,187.00,182.00,183.00,-1.50,"26,722",
113/09/03,"52,160,276","9,664,621,237",184.00,187.00,183.00,185.00,+2.00,"30,186",
113/09/04,"126,923,199","22,545,752,187",175.00,181.00,172.00,179.50,-5.50,"88,719",
113/09/05,"77,629,690","13,796,237,402",180.00,181.00,175.00,175.00,-4.50,"72,711",
113/09/06,"39,222,622","6,922,689,688",175.50,178.00,175.00,176.50,+1.50,"28,471",
113/09/09,"68,938,987","11,869,037,943",172.00,174.00,170.50,172.00,-4.50,"63,220",
113/09/10,"92,555,358","15,703,874,968",173.50,174.00,167.50,169.00,-3.00,"78,401",
113/09/11,"29,538,055","5,032,175,690",170.00,172.00,169.50,169.50,+0.50,"20,075",
113/09/12,"53,142,993","9,359,414,247",174.50,177.50,174.00,177.50,+8.00,"39,767",
113/09/13,"37,100,441","6,557,941,556",179.00,179.50,175.00,176.00,-1.50,"27,286",
113/09/16,"54,484,267","9,745,444,472",177.00,182.00,175.00,181.00,+5.00,"34,487",
113/09/18,"78,892,097","13,867,710,200",179.00,179.50,173.50,174.00,-7.00,"72,219",
113/09/19,"41,818,994","7,338,504,656",174.50,176.50,173.00,176.50,+2.50,"24,742",
113/09/20,"82,199,775","14,730,717,699",180.00,182.00,177.00,177.00,+0.50,"39,913",
113/09/23,"30,951,518","5,552,858,366",178.00,180.50,177.50,180.00,+3.00,"26,766",
113/09/24,"57,714,716","10,452,057,970",179.00,184.00,178.00,183.00,+3.00,"38,239",
113/09/25,"119,878,344","22,641,200,780",186.50,191.00,186.00,188.50,+5.50,"81,722",
113/09/26,"66,162,758","12,583,833,926",192.00,193.00,188.50,189.50,+1.00,"64,179",
113/09/27,"69,739,488","13,370,192,685",192.00,194.00,190.00,191.00,+1.50,"57,434",
113/09/30,"64,605,410","12,219,149,922",190.00,191.00,187.50,187.50,-3.50,"76,067",
113/11/01,"89,610,123","18,433,074,201",202.00,208.50,201.50,208.00,-3.50,"80,888",
113/11/04,"58,094,813","12,294,890,607",209.00,214.00,208.00,214.00,+6.00,"39,861",
113/11/05,"43,852,449","9,367,062,523",212.00,215.50,211.00,214.00, 0.00,"38,403",
113/11/06,"67,838,254","14,573,660,427",215.00,217.00,212.50,213.50,-0.50,"45,706",
113/11/07,"77,417,403","16,779,105,487",212.00,219.00,212.00,217.00,+3.50,"53,480",
113/11/08,"54,800,994","11,986,609,909",219.50,220.00,217.50,218.00,+1.00,"51,977",
113/11/11,"42,180,625","9,234,072,034",219.50,220.00,217.50,220.00,+2.00,"31,177",
113/11/12,"69,315,077","14,949,730,622",217.50,218.50,214.00,214.00,-6.00,"57,578",
113/11/13,"55,926,693","11,973,365,753",212.50,216.50,212.50,214.50,+0.50,"36,731",
113/11/14,"72,322,171","15,335,395,727",215.00,215.50,209.00,211.50,-3.00,"55,336",
113/11/15,"102,463,857","21,409,852,373",212.00,214.50,206.00,207.00,-4.50,"90,848",
113/11/18,"61,852,042","12,613,633,700",205.00,208.00,202.00,202.50,-4.50,"63,316",
113/11/19,"60,416,837","12,275,277,231",203.50,205.00,201.00,203.50,+1.00,"45,425",
113/11/20,"44,351,353","9,149,397,305",206.50,208.50,205.00,206.00,+2.50,"30,182",
113/11/21,"50,295,948","10,213,455,556",205.00,205.00,202.00,202.50,-3.50,"40,002",
113/11/22,"37,504,512","7,668,676,032",205.50,207.00,203.00,203.00,+0.50,"27,903",
113/11/25,"80,800,240","16,909,706,981",206.00,210.50,205.50,210.50,+7.50,"32,913",
113/11/26,"95,313,693","19,363,557,785",207.00,207.00,202.00,202.50,-8.00,"99,867",
113/11/27,"96,019,881","19,063,838,432",200.50,201.00,196.50,196.50,-6.00,"110,119",
113/11/28,"58,511,555","11,432,751,066",196.00,199.00,193.00,195.50,-1.00,"58,622",
113/11/29,"50,800,936","9,954,052,225",193.50,199.00,192.50,195.50, 0.00,"37,878",
113/12/02,"47,905,269","9,428,699,635",198.50,199.50,195.50,196.00,+0.50,"41,679",
113/12/03,"52,170,125","10,312,565,933",198.50,200.00,196.50,196.50,+0.50,"47,992",
113/12/04,"50,379,504","10,055,268,944",197.50,201.50,197.00,201.00,+4.50,"32,459",
113/12/05,"46,475,440","9,319,676,695",203.00,203.50,199.00,199.00,-2.00,"47,064",
113/12/06,"47,526,532","9,465,077,239",199.50,201.50,197.50,198.00,-1.00,"36,972",
113/12/09,"41,114,306","8,084,426,101",198.50,199.00,195.00,195.00,-3.00,"55,012",
113/12/10,"58,994,150","11,375,383,210",193.00,195.00,192.00,192.00,-3.00,"73,633",
113/12/11,"66,246,732","12,596,425,979",190.00,194.00,189.00,189.00,-3.00,"86,964",
113/12/12,"50,634,757","9,624,979,364",190.50,193.00,188.50,188.50,-0.50,"51,432",
113/12/13,"55,417,050","10,371,852,143",188.50,189.50,185.50,186.50,-2.00,"78,777",
113/12/16,"75,228,642","13,834,643,194",188.00,189.50,181.50,182.00,-4.50,"96,744",
113/12/17,"55,667,607","10,220,503,792",181.00,186.00,181.00,183.00,+1.00,"47,278",
113/12/18,"47,937,386","8,823,563,402",183.00,185.50,182.50,184.50,+1.50,"36,056",
113/12/19,"65,029,900","11,756,961,039",181.00,182.00,179.00,181.00,-3.50,"68,455",
113/12/20,"56,744,328","10,296,646,083",181.00,184.00,180.00,181.00, 0.00,"33,841",
113/12/23,"52,761,423","9,808,419,401",185.00,187.50,184.00,185.50,+4.50,"37,334",
113/12/24,"33,589,660","6,258,359,645",187.50,187.50,185.50,185.50, 0.00,"29,234",
113/12/25,"21,758,176","4,062,013,540",186.50,188.00,186.00,186.50,+1.00,"18,772",
113/12/26,"36,347,153","6,835,578,141",187.50,189.00,187.00,187.50,+1.00,"26,373",
113/12/27,"22,136,195","4,128,454,600",187.50,188.00,185.50,186.50,-1.00,"22,469",
113/12/30,"24,531,536","4,550,186,856",185.50,187.00,184.50,185.00,-1.50,"22,906",
113/12/31,"22,003,451","4,048,043,958",184.50,185.00,183.00,184.00,-1.00,"24,178",
114/01/02,"41,467,354","7,588,159,603",184.00,186.00,181.50,182.50,-1.50,"48,006",
114/01/03,"48,659,205","8,838,730,132",183.00,184.00,180.50,181.00,-1.50,"52,820",
114/01/06,"67,829,021","12,539,307,339",185.00,187.50,183.50,184.50,+3.50,"48,289",
114/01/07,"83,019,294","15,727,768,928",187.00,192.00,186.50,190.00,+5.50,"61,312",
114/01/08,"41,798,818","7,881,691,230",190.00,190.00,187.00,188.00,-2.00,"68,591",
114/01/09,"47,079,538","8,712,211,883",188.00,188.00,183.00,183.00,-5.00,"53,956",
114/01/10,"42,317,494","7,698,779,260",182.50,184.00,181.00,181.50,-1.50,"47,888",
114/01/13,"157,188,534","27,407,637,685",180.00,180.50,171.50,171.50,-10.00,"192,669",
114/01/14,"64,355,673","11,130,474,220",171.50,174.50,171.00,174.50,+3.00,"52,963",
114/01/15,"60,432,737","10,411,822,201",174.50,175.50,171.00,171.00,-3.50,"65,891",
114/01/16,"42,128,703","7,331,867,358",175.00,176.00,173.00,173.50,+2.50,"32,338",
114/01/17,"47,442,329","8,231,498,177",173.00,175.50,172.00,173.50, 0.00,"33,175",
114/01/20,"35,167,919","6,214,216,149",174.50,178.00,174.50,178.00,+4.50,"44,005",
114/01/21,"32,613,034","5,818,448,615",178.50,180.00,177.00,178.50,+0.50,"31,806",
114/01/22,"44,375,092","7,991,917,051",180.50,181.00,178.50,180.00,+1.50,"34,107",
114/02/03,"168,103,694","27,880,932,586",164.00,168.00,163.50,165.50,-14.50,"203,537",
114/02/04,"68,458,788","11,379,696,528",167.00,169.00,165.00,165.00,-0.50,"73,349",
114/02/05,"53,304,973","9,033,062,898",167.00,171.50,167.00,171.00,+6.00,"42,917",
114/02/06,"41,060,652","7,081,097,296",172.50,174.00,171.00,173.00,+2.00,"31,971",
114/02/07,"52,118,210","9,202,320,428",175.00,178.00,174.00,178.00,+5.00,"44,998",
114/02/10,"37,723,196","6,590,892,944",176.00,176.50,174.00,174.00,-4.00,"48,491",
114/02/11,"71,048,641","12,782,953,142",178.00,182.00,176.00,179.00,+5.00,"48,761",
114/02/12,"42,666,219","7,608,185,758",181.50,181.50,177.00,177.00,-2.00,"63,003",
114/02/13,"40,596,733","7,259,602,358",177.00,181.00,177.00,180.00,+3.00,"24,848",
114/02/14,"26,925,038","4,808,438,797",180.00,180.50,177.50,178.00,-2.00,"25,657",
114/02/17,"47,251,327","8,577,655,581",179.50,182.50,179.00,182.50,+4.50,"34,023",
114/02/18,"27,184,244","4,958,070,370",183.00,184.00,181.00,183.50,+1.00,"22,580",
114/02/19,"35,389,548","6,488,063,362",183.50,184.50,182.00,183.00,-0.50,"27,655",
114/02/20,"23,659,372","4,311,924,877",183.00,183.50,181.50,182.00,-1.00,"20,159",
114/02/21,"35,359,340","6,465,535,028",181.50,184.00,181.00,183.00,+1.00,"21,572",
114/02/24,"27,928,907","5,103,161,593",181.00,184.00,180.50,184.00,+1.00,"21,220",
114/02/25,"70,811,787","12,690,044,507",181.50,182.00,177.50,177.50,-6.50,"73,391",
114/02/26,"45,145,771","8,041,430,005",175.00,181.00,174.50,180.50,+3.00,"29,868",
114/02/27,"81,509,723","14,374,897,915",180.00,181.50,174.00,174.00,-6.50,"74,546",
114/03/03,"70,556,492","12,112,410,727",172.00,175.00,170.00,170.00,-4.00,"76,523",
114/03/04,"71,127,819","12,007,537,766",165.50,172.00,165.00,170.50,+0.50,"65,668",
114/03/05,"45,364,409","7,855,325,151",171.50,175.00,171.50,173.50,+3.00,"31,719",
114/03/06,"28,989,951","5,056,441,595",175.50,176.00,173.50,173.50, 0.00,"25,315",
114/03/07,"32,530,175","5,607,535,311",171.00,174.50,171.00,172.00,-1.50,"29,463",
114/03/10,"36,673,846","6,293,376,887",173.50,174.00,170.00,172.00, 0.00,"26,004",
114/03/11,"69,729,259","11,667,727,498",166.00,169.50,165.00,168.50,-3.50,"65,332",
114/03/12,"41,085,436","6,996,341,452",169.00,171.50,169.00,170.50,+2.00,"29,551",
114/03/13,"35,310,891","6,014,788,759",172.50,174.00,168.00,168.00,-2.50,"44,215",
114/03/14,"33,052,530","5,596,145,369",168.50,170.50,168.00,170.00,+2.00,"21,222",
114/03/17,"50,999,196","8,651,398,483",172.00,172.50,168.00,168.00,-2.00,"49,501",
114/03/18,"40,404,616","6,786,977,089",169.00,169.50,167.00,167.50,-0.50,"40,157",
114/03/19,"80,802,409","13,339,464,376",167.00,167.50,163.50,164.00,-3.50,"98,597",
114/03/20,"37,221,459","6,170,852,921",165.00,167.00,164.50,166.00,+2.00,"29,854",
114/03/21,"55,445,821","9,171,520,069",167.00,167.00,165.00,165.00,-1.00,"28,897",
114/03/24,"42,919,426","7,041,098,300",166.50,167.00,163.00,163.00,-2.00,"49,232",
114/03/25,"34,677,689","5,728,366,017",165.50,166.50,164.00,165.00,+2.00,"24,782",
114/03/26,"19,840,998","3,290,605,842",166.00,167.00,165.00,166.00,+1.00,"16,078",
114/03/27,"68,898,389","11,113,072,033",163.50,164.00,160.00,160.50,-5.50,"90,993",
114/03/28,"111,580,460","17,310,150,126",158.00,158.50,153.00,154.00,-6.50,"127,991",
114/03/31,"130,858,564","19,290,960,164",145.00,149.50,145.00,146.00,-8.00,"109,001",
114/04/01,"61,385,394","9,269,985,746",148.50,153.00,148.00,152.00,+6.00,"42,452",
114/04/02,"38,868,764","5,955,684,019",153.00,154.50,152.00,153.50,+1.50,"31,686",
114/04/07,"30,755,604","4,259,646,765",138.50,138.50,138.50,138.50,-15.00,"39,912",
114/04/08,"308,542,896","39,193,398,694",127.00,130.50,125.00,125.00,-13.50,"184,008",
114/04/09,"366,032,118","42,809,132,937",119.00,122.50,112.50,112.50,-12.50,"219,246",
114/04/10,"36,901,188","4,557,296,036",123.50,123.50,123.50,123.50,+11.00,"15,924",
114/04/11,"297,865,611","37,718,131,962",118.50,135.00,117.00,134.50,+11.00,"151,793",
114/04/14,"214,264,335","30,130,175,092",141.50,145.00,136.00,138.50,+4.00,"127,354",
114/04/15,"86,203,486","11,926,176,813",139.00,140.00,136.00,139.50,+1.00,"63,145",
114/04/16,"61,680,512","8,447,843,722",138.00,139.50,136.00,136.00,-3.50,"50,625",
114/04/17,"64,431,249","8,622,798,581",134.50,135.50,132.00,134.50,-1.50,"39,467",
114/04/18,"26,363,008","3,564,680,170",135.00,136.50,133.50,135.50,+1.00,"21,715",
114/04/21,"32,102,734","4,366,804,312",135.00,137.00,134.50,136.50,+1.00,"21,917",
114/04/22,"44,476,006","5,940,736,369",134.50,136.00,131.50,132.00,-4.50,"55,134",
114/04/23,"65,973,272","9,086,566,741",136.00,139.50,136.00,139.00,+7.00,"38,655",
114/04/24,"46,353,045","6,354,097,505",139.00,139.00,135.50,136.50,-2.50,"30,115",
114/04/25,"57,201,568","7,980,480,834",140.50,141.00,138.50,139.00,+2.50,"32,639",
114/04/28,"47,321,711","6,732,928,742",140.00,143.50,140.00,142.50,+3.50,"32,931",
114/04/29,"40,351,039","5,750,350,132",141.50,143.50,141.00,143.00,+0.50,"23,400",
114/04/30,"42,090,535","5,991,475,670",143.00,144.00,141.50,141.50,-1.50,"24,152",
114/05/02,"60,280,797","8,810,890,892",144.50,148.00,144.00,147.50,+6.00,"43,319",
114/05/05,"66,798,494","9,625,497,137",149.00,149.00,142.00,142.50,-5.00,"46,397",
114/05/06,"53,330,985","7,744,348,350",142.50,146.50,142.00,146.00,+3.50,"28,490",
114/05/07,"43,382,455","6,280,064,242",146.50,148.00,143.50,145.00,-1.00,"26,060",
114/05/08,"29,519,952","4,306,942,606",145.50,146.50,144.50,146.00,+1.00,"19,660",
114/05/09,"30,063,441","4,411,271,067",146.50,147.50,145.50,147.00,+1.00,"19,339",
114/05/12,"59,409,981","9,007,425,118",149.00,153.00,148.50,153.00,+6.00,"39,231",
114/05/13,"95,098,747","15,131,219,536",159.50,161.50,157.00,158.00,+5.00,"62,733",
114/05/14,"71,682,968","11,574,000,654",161.50,163.00,159.50,163.00,+5.00,"52,174",
114/05/15,"71,845,843","11,496,060,994",163.00,163.00,158.50,159.50,-3.50,"63,640",
114/05/16,"34,670,607","5,488,707,082",158.50,159.50,157.00,158.00,-1.50,"29,721",
114/05/19,"53,345,121","8,302,375,919",157.00,158.00,154.00,154.00,-4.00,"45,200",
114/05/20,"41,647,356","6,466,185,354",157.00,158.50,153.50,154.00, 0.00,"29,970",
114/05/21,"29,698,374","4,611,696,553",155.00,156.50,154.50,155.00,+1.00,"21,779",
114/05/22,"37,074,612","5,656,223,455",153.50,154.00,151.50,153.00,-2.00,"31,839",
114/05/23,"22,518,013","3,464,814,657",156.00,156.00,153.00,154.00,+1.00,"16,196",
114/05/26,"28,992,215","4,448,552,234",152.50,155.00,151.00,153.00,-1.00,"18,855",
114/05/27,"27,594,038","4,221,069,063",153.50,155.00,152.00,152.00,-1.00,"19,732",
114/05/28,"31,758,614","4,842,901,295",154.00,154.00,151.50,152.00, 0.00,"20,993",
114/05/29,"91,749,249","14,345,913,002",154.50,158.00,154.00,156.00,+4.00,"45,878",
114/06/02,"55,748,448","8,490,668,458",154.00,154.50,151.00,152.50,-3.50,"44,219",
114/06/03,"38,422,320","5,875,967,951",153.50,155.00,151.50,151.50,-1.00,"21,959",
114/06/04,"39,837,003","6,177,051,978",153.50,156.00,153.00,156.00,+4.50,"22,240",
114/06/05,"34,529,119","5,394,408,492",156.50,157.00,155.50,155.50,-0.50,"21,708",
114/06/06,"24,170,636","3,717,157,598",155.50,155.50,153.00,153.00,-2.50,"22,121",
114/06/09,"18,474,613","2,857,946,753",155.00,155.50,154.00,154.50,+1.50,"14,285",
114/06/10,"33,025,153","5,137,840,933",155.50,156.00,155.00,155.50,+1.00,"22,857",
114/06/11,"27,402,761","4,286,075,422",156.50,157.50,155.50,156.00,+0.50,"19,829",
114/06/12,"33,551,155","5,270,624,142",155.50,158.00,154.00,157.50,+1.50,"21,890",
114/06/13,"37,530,090","5,883,267,960",157.00,158.50,156.00,156.50,-1.00,"21,288",
114/06/16,"21,896,497","3,402,676,630",156.00,157.00,154.50,155.00,-1.50,"15,947",
114/06/17,"25,564,725","3,969,622,214",156.50,157.00,154.50,155.00, 0.00,"17,489",
114/06/18,"38,500,036","5,983,147,696",155.00,156.50,154.00,156.00,+1.00,"20,288",
114/06/19,"20,674,399","3,197,614,958",155.50,156.00,154.00,154.00,-2.00,"17,858",
114/06/20,"60,372,534","9,354,470,414",154.50,155.50,153.00,155.50,+1.50,"20,508",
114/06/23,"49,297,718","7,596,329,559",153.00,156.00,152.00,156.00,+0.50,"27,058",
114/06/24,"67,130,349","10,749,342,455",158.00,162.00,157.50,160.50,+4.50,"40,109",
114/06/25,"48,758,589","7,862,835,911",161.50,162.00,160.00,162.00,+1.50,"29,240",
114/06/26,"65,708,560","10,691,392,412",162.00,164.00,161.50,163.00,+1.00,"36,047",
114/06/27,"75,664,710","12,435,280,695",163.00,165.50,162.50,165.00,+2.00,"40,110",
114/06/30,"62,308,280","10,165,201,855",166.00,166.50,161.00,161.00,-4.00,"41,102",
114/07/01,"103,158,692","17,001,710,493",161.50,166.00,161.00,165.50,+4.50,"53,985",
114/07/02,"66,421,265","10,698,542,359",160.00,162.00,160.00,162.00,X0.00,"38,870",
114/07/03,"46,192,607","7,556,844,035",164.00,164.50,163.00,164.00,+2.00,"26,993",
114/07/04,"27,987,146","4,531,231,445",164.00,164.50,160.50,161.00,-3.00,"24,426",
114/07/07,"24,255,997","3,893,392,715",161.00,162.00,159.50,161.00, 0.00,"18,640",
114/07/08,"30,781,568","4,903,079,458",160.50,161.00,158.50,159.00,-2.00,"23,369",
114/07/09,"29,446,200","4,719,377,359",159.50,161.50,159.00,161.00,+2.00,"18,944",
114/07/10,"31,990,223","5,165,062,832",161.00,162.50,160.00,161.50,+0.50,"15,492",
114/07/11,"21,551,645","3,482,917,796",161.50,162.50,160.50,161.50, 0.00,"13,418",
114/07/14,"18,862,970","3,040,162,750",161.50,162.50,160.50,160.50,-1.00,"13,802",
114/07/15,"20,779,193","3,370,418,821",160.00,163.00,160.00,163.00,+2.50,"14,323",
114/07/16,"25,282,174","4,125,245,246",163.00,164.00,162.50,162.50,-0.50,"19,191",
114/07/17,"20,679,892","3,376,492,590",163.00,164.00,162.50,164.00,+1.50,"13,941",
114/07/18,"35,368,360","5,849,477,745",165.00,166.00,164.50,165.50,+1.50,"25,273",
114/07/21,"17,115,644","2,829,769,056",166.00,166.50,164.50,165.00,-0.50,"15,836",
114/07/22,"39,452,683","6,460,051,684",165.00,166.00,161.50,162.00,-3.00,"29,483",
114/07/23,"51,058,093","8,423,168,242",163.50,166.00,163.50,166.00,+4.00,"29,683",
114/07/24,"127,736,383","21,927,528,908",168.00,174.00,167.50,174.00,+8.00,"88,818",
114/07/25,"57,244,442","9,987,099,598",175.50,175.50,173.00,174.50,+0.50,"46,623",
114/07/28,"55,666,706","9,839,859,868",176.00,178.00,175.50,176.00,+1.50,"42,177",
114/07/29,"49,613,588","8,549,605,375",175.00,175.50,171.00,171.50,-4.50,"69,848",
114/07/30,0,0,--,--,--,--, 0.00,0,
114/07/31,"90,529,600","16,087,437,011",178.00,179.00,176.00,178.00,X0.00,"65,592",
114/08/01,"65,361,707","11,706,827,616",175.00,181.50,175.00,181.50,+3.50,"51,454",
114/08/04,"44,503,796","7,997,047,960",179.50,181.00,178.50,180.00,-1.50,"46,741",
114/08/05,"52,169,907","9,581,384,795",182.00,185.00,182.00,184.50,+4.50,"44,275",
114/08/06,"68,868,790","12,855,469,334",185.50,188.50,184.00,186.00,+1.50,"57,215",
114/08/07,"119,398,749","23,135,389,200",190.00,195.00,190.00,194.50,+8.50,"89,235",
114/08/08,"65,469,369","12,751,231,873",197.00,197.00,193.50,194.50, 0.00,"56,247",
114/08/11,"52,291,064","10,257,696,276",194.00,198.00,192.50,198.00,+3.50,"48,797",
114/08/12,"38,689,326","7,612,313,926",198.50,199.00,195.50,197.00,-1.00,"45,555",
114/08/13,"103,356,675","20,312,528,967",198.00,199.00,193.50,198.50,+1.50,"106,187",
114/08/14,"78,943,020","15,688,176,080",197.50,200.00,197.00,199.50,+1.00,"51,680",
114/08/15,"156,672,765","32,140,128,028",205.00,208.00,202.00,207.00,+7.50,"120,858",
114/08/18,"73,566,364","15,318,133,373",207.50,210.00,206.00,210.00,+3.00,"71,361",
114/08/19,"49,978,122","10,455,248,708",210.00,212.00,208.00,208.00,-2.00,"48,934",
114/08/20,"124,219,182","25,064,469,815",206.00,206.50,200.00,200.50,-7.50,"146,067",
114/08/21,"67,845,018","13,866,663,290",201.00,206.00,201.00,206.00,+5.50,"57,751",
114/08/22,"54,944,456","11,230,285,900",208.00,208.00,202.00,202.50,-3.50,"75,006",
114/08/25,"52,074,373","10,794,411,131",207.00,208.00,206.00,207.50,+5.00,"36,892",
114/08/26,"42,252,559","8,781,319,005",207.00,209.00,206.00,209.00,+1.50,"31,176",
114/08/27,"41,852,802","8,721,224,257",210.00,210.00,207.50,208.00,-1.00,"36,106",
114/08/28,"48,681,221","10,022,449,817",207.50,207.50,204.00,206.00,-2.00,"34,179",
114/08/29,"55,250,195","11,287,102,203",206.00,207.00,202.50,203.50,-2.50,"44,100",
114/09/01,"70,459,817","14,078,205,621",203.00,204.50,197.00,198.50,-5.00,"71,939",
114/09/02,"35,779,045","7,156,125,061",200.00,203.50,198.00,198.50, 0.00,"34,355",
114/09/03,"34,371,962","6,872,038,310",198.50,201.00,197.00,200.50,+2.00,"27,080",
114/09/04,"41,864,177","8,521,942,683",203.00,205.00,202.00,203.00,+2.50,"31,214",
114/09/05,"39,235,404","8,029,752,712",205.50,206.50,203.00,205.00,+2.00,"28,923",
114/09/08,"45,711,589","9,334,946,908",206.00,207.50,202.00,203.50,-1.50,"50,746",
114/09/09,"64,990,917","13,418,391,286",204.50,208.00,204.00,207.50,+4.00,"49,854",
114/09/10,"86,104,648","18,091,486,378",211.00,211.00,209.00,210.00,+2.50,"59,270",
114/09/11,"133,210,297","28,371,439,699",212.00,216.50,209.00,214.50,+4.50,"110,323",
114/09/12,"74,001,120","16,094,789,200",217.00,218.50,216.50,217.50,+3.00,"59,880",
114/09/15,"56,651,315","12,223,562,936",218.50,218.50,213.00,216.00,-1.50,"75,033",
114/09/16,"50,810,161","10,921,782,120",217.00,217.00,213.50,215.50,-0.50,"55,352",
114/09/17,"57,358,177","12,178,164,074",214.00,214.50,211.00,212.00,-3.50,"55,556",
114/09/18,"80,554,452","17,094,718,551",211.50,216.00,208.00,215.00,+3.00,"58,698",
114/09/19,"60,640,765","13,043,430,662",216.50,217.00,214.00,214.00,-1.00,"31,511",
114/09/22,"34,758,075","7,497,072,101",215.50,218.00,214.00,216.00,+2.00,"26,738",
114/09/23,"106,127,922","23,372,213,555",218.00,222.00,217.50,221.00,+5.00,"80,860",
114/09/24,"66,406,960","14,704,333,060",222.00,223.00,219.00,223.00,+2.00,"57,218",
114/09/25,"126,590,277","28,960,571,650",223.00,231.00,222.50,230.00,+7.00,"104,399",
114/09/26,"122,225,692","27,112,438,607",230.00,230.50,218.50,219.50,-10.50,"135,714",
114/09/30,"92,277,798","20,154,961,826",224.00,224.00,215.50,216.00,-3.50,"76,105",
114/10/01,"58,600,187","12,838,949,104",219.00,222.00,216.00,219.00,+3.00,"47,081",
114/10/02,"73,884,573","16,555,137,360",221.50,226.00,221.00,225.50,+6.50,"60,311",
114/10/03,"52,446,781","11,878,763,582",226.00,228.00,224.50,226.50,+1.00,"39,885",
114/10/07,"66,127,414","15,079,906,793",230.00,231.50,225.00,228.50,+2.00,"86,692",
114/10/08,"50,104,069","11,216,169,955",225.00,225.50,222.00,225.00,-3.50,"48,832",
114/10/09,"56,700,891","12,630,175,220",227.00,227.00,221.00,221.50,-3.50,"55,320",
114/10/13,"111,260,942","23,697,376,844",210.00,216.00,210.00,213.00,-8.50,"116,570",
114/10/14,"108,702,039","22,810,488,993",216.00,217.50,205.00,206.00,-7.00,"128,309",
114/10/15,"65,964,764","13,607,971,885",207.50,208.00,203.00,206.50,+0.50,"56,585",
114/10/16,"154,273,795","33,877,031,923",215.00,225.50,211.50,223.00,+16.50,"118,148",
114/10/17,"119,855,855","27,170,967,116",224.00,230.00,222.50,226.50,+3.50,"95,615",
114/10/20,"152,953,266","36,075,523,914",230.00,239.50,229.00,238.50,+12.00,"134,231",
114/10/21,"120,698,819","29,149,120,621",241.50,245.50,238.00,239.00,+0.50,"167,654",
114/10/22,"71,609,786","17,220,549,578",238.00,243.00,236.50,242.50,+3.50,"61,493",
114/10/23,"50,955,830","12,197,332,916",240.00,240.50,238.00,239.00,-3.50,"52,881",
114/10/27,"80,708,542","19,851,228,769",249.00,249.00,243.00,246.50,+7.50,"92,215",
114/10/28,"73,662,546","18,319,667,921",248.00,250.00,246.50,250.00,+3.50,"54,245",
114/10/29,"125,297,120","32,456,157,743",254.00,263.00,253.00,260.00,+10.00,"134,759",
114/10/30,"108,445,874","28,366,663,326",262.50,265.00,256.50,262.00,+2.00,"120,853",
114/10/31,"63,119,828","16,335,488,543",261.00,262.00,257.00,257.50,-4.50,"80,469",
114/11/03,"97,190,219","24,506,690,764",255.00,256.50,250.00,251.50,-6.00,"112,031",
114/11/04,"95,832,447","23,802,735,472",252.00,255.00,244.00,244.00,-7.50,"112,749",
114/11/05,"114,664,242","27,783,011,433",239.00,248.50,237.00,247.00,+3.00,"102,625",
114/11/06,"65,794,425","16,345,639,683",249.50,250.50,246.00,248.00,+1.00,"54,035",
114/11/07,"50,319,199","12,385,551,288",246.00,250.50,244.00,244.00,-4.00,"55,005",
114/11/10,"51,628,691","12,765,449,635",245.00,250.00,244.00,249.50,+5.50,"41,416",
114/11/11,"50,821,377","12,670,099,307",251.00,252.00,246.50,246.50,-3.00,"50,065",
114/11/12,"65,085,447","16,260,745,721",248.00,252.00,245.00,251.00,+4.50,"48,915",
114/11/13,"90,541,908","22,755,846,470",256.00,256.00,247.00,252.00,+1.00,"67,939",
114/11/14,"112,889,692","27,463,897,255",246.50,247.00,241.00,241.00,-11.00,"136,154",
114/11/17,"84,874,596","20,140,677,581",241.00,242.00,235.00,236.00,-5.00,"85,770",
114/11/18,"77,859,170","18,076,847,443",231.50,237.00,230.00,230.00,-6.00,"92,234",
114/11/19,"70,909,837","16,178,869,413",226.50,230.00,226.50,229.00,-1.00,"72,522",
114/11/20,"78,464,576","18,508,648,331",237.00,238.00,232.50,236.50,+7.50,"54,773",
114/11/21,"97,471,576","22,084,882,032",226.00,229.50,225.00,225.00,-11.50,"119,688",
114/11/24,"100,270,276","22,226,945,000",226.50,227.00,220.00,220.00,-5.00,"90,400",
114/11/25,"73,643,136","16,338,521,691",225.00,226.00,219.00,219.00,-1.00,"61,366",
114/11/26,"68,461,990","15,412,792,724",221.00,228.00,221.00,227.00,+8.00,"51,731",
114/11/27,"63,038,658","14,475,516,970",229.00,232.00,226.00,231.00,+4.00,"54,522",
114/11/28,"56,939,840","12,896,392,543",229.50,229.50,225.00,225.50,-5.50,"59,159",
114/12/01,"52,409,098","11,697,363,425",225.00,226.00,222.00,222.00,-3.50,"52,888",
114/12/02,"49,869,243","11,112,126,391",220.50,225.00,220.50,222.00, 0.00,"42,121",
114/12/03,"53,110,402","12,105,405,038",225.00,230.00,225.00,227.00,+5.00,"42,615",
114/12/04,"25,728,854","5,881,293,758",230.00,230.00,227.50,228.50,+1.50,"22,327",
114/12/05,"35,103,317","8,092,547,584",229.00,231.50,228.50,231.00,+2.50,"31,120",
114/12/08,"29,940,997","6,921,563,147",231.50,232.00,229.00,232.00,+1.00,"30,589",
114/12/09,"54,359,440","12,759,646,823",233.00,236.50,232.00,235.00,+3.00,"42,902",
114/12/10,"36,069,288","8,426,123,662",236.00,236.00,232.00,233.50,-1.50,"39,039",
114/12/11,"60,054,527","13,752,207,520",234.00,234.50,226.00,226.00,-7.50,"89,601",
114/12/12,"29,684,376","6,726,641,967",227.00,228.50,225.00,227.00,+1.00,"31,448",
114/12/15,"44,481,528","9,866,068,296",221.00,223.00,220.50,221.50,-5.50,"71,295",
114/12/16,"63,458,370","13,793,757,767",220.00,220.50,215.00,218.00,-3.50,"89,675",
114/12/17,"51,129,639","11,120,465,506",218.00,219.50,216.00,216.50,-1.50,"52,205",
114/12/18,"50,364,181","10,832,883,459",214.50,217.00,213.50,216.00,-0.50,"46,455",
114/12/19,"41,562,299","9,148,598,443",219.00,221.50,218.00,221.50,+5.50,"26,550",
114/12/22,"40,062,169","8,987,821,737",224.50,225.50,223.00,224.00,+2.50,"30,314",
114/12/23,"29,629,268","6,653,399,339",225.50,226.00,223.50,224.00, 0.00,"21,819",
114/12/24,"36,443,763","8,211,187,033",225.50,227.50,224.00,224.00, 0.00,"29,599",
114/12/26,"28,935,431","6,533,625,977",225.50,227.50,224.50,225.50,+1.50,"27,254",
114/12/29,"57,945,280","13,368,023,317",227.00,233.00,226.50,231.00,+5.50,"51,591",
114/12/30,"36,162,418","8,276,095,353",230.50,231.00,228.00,228.00,-3.00,"38,132",
114/12/31,"41,319,239","9,518,671,728",228.50,231.50,228.00,230.50,+2.50,"37,119",
115/01/02,"58,776,015","13,613,204,429",232.00,233.50,229.00,232.00,+1.50,"45,971",
115/01/05,"64,697,110","15,183,814,610",234.50,236.00,233.50,234.50,+2.50,"52,049",
115/01/06,"68,919,645","16,207,891,463",237.00,239.00,232.50,236.00,+1.50,"82,940",
115/01/07,"88,280,139","21,020,122,381",237.50,241.50,235.00,238.50,+2.50,"65,005",
115/01/08,"89,498,594","20,719,981,503",237.50,237.50,228.50,229.50,-9.00,"106,087",
115/01/09,"37,370,013","8,591,804,743",230.00,232.00,227.00,230.50,+1.00,"35,498",
115/01/12,"32,968,055","7,573,734,159",233.00,233.00,228.50,228.50,-2.00,"38,285",
115/01/13,"45,735,375","10,407,033,498",230.00,230.50,226.00,226.50,-2.00,"51,794",
115/01/14,"65,365,361","15,210,404,940",228.00,234.50,227.50,234.50,+8.00,"52,971",
115/01/15,"35,041,875","8,134,428,925",234.00,234.00,231.00,233.50,-1.00,"33,091",
115/01/16,"48,950,439","11,418,317,875",235.00,235.00,231.00,234.50,+1.00,"40,375",
115/01/19,"53,439,088","12,286,441,632",233.50,233.50,229.00,229.50,-5.00,"64,724",
115/01/20,"77,123,735","17,372,372,600",228.50,228.50,223.50,223.50,-6.00,"117,356",
115/01/21,"81,041,618","17,901,650,432",221.00,225.00,219.00,219.00,-4.50,"106,896",
115/01/22,"47,823,356","10,709,313,209",223.50,226.00,222.00,223.50,+4.50,"47,343",
115/01/23,"34,322,647","7,654,006,218",225.50,226.50,221.50,221.50,-2.00,"39,340",
115/01/26,"39,852,299","8,882,149,216",222.50,225.00,220.00,224.00,+2.50,"38,954",
115/01/27,"37,140,264","8,370,439,856",226.00,227.00,224.00,225.50,+1.50,"34,151",
115/01/28,"80,017,265","18,150,589,689",227.00,231.50,224.00,225.50, 0.00,"76,165",
115/01/29,"56,613,117","12,688,518,717",226.50,227.50,222.00,224.00,-1.50,"47,910",
115/01/30,"72,547,288","15,969,960,312",223.50,223.50,218.50,220.50,-3.50,"68,562",
115/02/02,"65,660,345","14,146,239,487",219.50,220.00,213.50,214.50,-6.00,"98,433",
115/02/03,"42,920,416","9,305,896,810",218.50,220.00,214.50,216.50,+2.00,"37,764",
115/02/04,"27,678,218","6,006,005,709",214.50,219.00,214.00,219.00,+2.50,"27,877",
115/02/05,"43,304,385","9,395,278,758",217.50,220.00,215.00,215.50,-3.50,"40,001",
115/02/06,"56,581,372","12,094,098,268",215.00,216.50,210.50,215.00,-0.50,"49,991",
115/02/09,"31,063,914","6,790,047,933",219.00,220.50,217.50,218.50,+3.50,"27,738",
115/02/10,"47,159,412","10,395,442,089",220.00,222.00,218.00,221.00,+2.50,"41,265",
115/02/11,"67,662,179","15,227,871,661",222.50,227.00,220.50,227.00,+6.00,"58,996",
115/02/23,"89,438,337","20,484,840,309",229.50,231.00,227.00,228.50,+1.50,"58,657",
115/02/24,"68,380,419","15,807,760,926",229.50,232.50,228.00,232.00,+3.50,"52,089",
115/02/25,"168,289,021","40,771,218,065",235.00,247.00,234.50,246.50,+14.50,"164,175",
115/02/26,"122,692,650","30,070,220,979",253.50,253.50,241.50,243.00,-3.50,"133,219",
115/03/02,"75,106,481","17,837,046,251",234.00,241.00,232.50,239.00,-4.00,"78,895",
115/03/03,"87,819,659","20,415,819,056",239.00,240.00,228.00,229.00,-10.00,"122,333",
115/03/04,"122,301,965","26,748,024,357",224.50,225.00,216.50,217.00,-12.00,"133,412",
115/03/05,"55,660,316","12,480,037,425",224.50,228.00,222.00,224.00,+7.00,"47,861",
115/03/06,"37,319,287","8,284,985,732",221.00,223.50,219.00,223.00,-1.00,"31,086",
115/03/09,"93,407,607","19,576,427,237",208.00,212.50,206.00,210.50,-12.50,"110,783",
115/03/10,"69,438,646","14,721,492,405",216.00,216.50,209.50,209.50,-1.00,"76,351",
115/03/11,"54,702,636","11,869,345,300",212.50,220.00,212.50,219.00,+9.50,"47,571",
115/03/12,"45,309,134","9,742,723,558",217.00,218.50,213.00,214.50,-4.50,"54,688",
115/03/13,"36,890,490","7,884,236,728",211.50,216.00,210.00,214.50, 0.00,"32,449",
115/03/16,"38,534,463","8,319,744,215",216.00,217.50,214.00,216.50,+2.00,"28,544",
115/03/17,"110,777,320","23,627,888,398",215.50,216.50,212.00,212.00,-4.50,"122,819",
115/03/18,"77,136,445","16,286,470,703",212.50,213.50,210.00,210.00,-2.00,"90,963",
115/03/19,"89,096,476","18,364,171,662",207.50,207.50,205.00,205.00,-5.00,"135,863",
115/03/20,"92,925,929","18,814,966,145",203.50,205.00,200.50,203.00,-2.00,"93,930",
115/03/23,"78,470,506","15,385,926,618",196.50,197.50,195.00,196.00,-7.00,"121,660",
115/03/24,"56,280,296","11,063,942,210",198.50,199.50,194.00,195.00,-1.00,"62,593",
115/03/25,"43,133,240","8,590,139,879",200.00,201.00,197.00,200.00,+5.00,"39,973",
115/03/26,"41,973,121","8,527,296,581",202.50,206.00,200.50,200.50,+0.50,"43,536",
115/03/27,"29,525,374","5,852,919,796",197.00,200.50,196.50,199.50,-1.00,"33,104",
115/03/30,"46,503,907","9,034,499,881",194.50,195.50,193.00,194.00,-5.50,"60,931",
115/03/31,"95,729,350","18,136,622,253",191.00,192.50,187.50,187.50,-6.50,"99,913",
115/04/01,"45,229,464","8,867,580,113",195.00,197.50,194.50,197.00,+9.50,"36,115",
115/04/02,"41,954,568","8,143,562,865",198.00,199.00,191.50,193.00,-4.00,"41,669",
115/04/07,"36,598,072","7,011,119,549",195.00,195.50,189.50,192.00,-1.00,"43,824",
115/04/08,"66,909,375","13,389,666,314",196.50,202.00,196.50,201.50,+9.50,"49,201",
115/04/09,"43,945,793","8,763,194,332",201.00,201.50,198.00,200.00,-1.50,"35,544",
115/04/10,"60,470,665","12,150,482,196",200.50,202.50,199.50,200.50,+0.50,"37,467",
115/04/13,"37,375,471","7,495,731,191",200.00,202.50,198.50,200.00,-0.50,"25,621",
115/04/14,"58,959,164","12,173,640,384",204.00,208.00,203.50,207.50,+7.50,"48,569",
115/04/15,"71,250,931","14,931,988,718",211.50,211.50,206.50,207.50, 0.00,"57,933",
115/04/16,"45,261,862","9,410,655,460",207.50,211.00,206.00,207.00,-0.50,"39,314",
115/04/17,"48,943,270","10,087,096,305",207.50,209.50,203.50,206.00,-1.00,"53,011",
115/04/20,"39,312,365","8,159,546,847",206.00,209.50,204.50,207.50,+1.50,"32,617",
115/04/21,"59,285,018","12,522,747,790",210.00,213.00,209.50,211.00,+3.50,"46,677",
115/04/22,"140,959,574","31,012,934,973",213.00,223.50,212.50,221.00,+10.00,"108,092",
115/04/23,"172,706,743","38,982,831,793",229.50,233.00,218.00,225.00,+4.00,"167,373",
115/04/24,"77,230,253","17,199,443,102",227.00,227.00,218.00,221.50,-3.50,"77,948",
115/04/27,"109,457,408","24,667,901,587",224.00,230.00,220.00,228.00,+6.50,"85,234",
115/04/28,"104,089,860","23,862,867,181",230.00,234.00,225.00,225.50,-2.50,"87,891",
115/04/29,"43,603,455","9,772,948,119",226.00,226.00,222.00,225.00,-0.50,"35,320",
115/04/30,"73,683,654","16,520,785,864",224.50,230.00,219.50,219.50,-5.50,"79,651",
115/05/04,"57,506,042","13,028,901,060",224.00,229.50,223.50,227.50,+8.00,"48,021",
115/05/05,"162,873,566","38,242,818,193",227.50,240.00,227.00,239.50,+12.00,"129,745",
115/05/06,"240,330,399","59,900,737,351",246.50,253.00,245.00,252.00,+12.50,"167,309",
115/05/07,"128,767,846","32,675,028,299",255.00,258.00,250.00,253.50,+1.50,"99,338",
115/05/08,"102,375,417","25,681,314,188",254.00,256.00,245.50,250.00,-3.50,"90,563",
115/05/11,"63,063,740","15,967,564,839",256.50,258.00,251.00,252.00,+2.00,"53,855",
115/05/12,"84,325,367","21,054,986,313",254.00,254.00,246.00,250.00,-2.00,"64,483",
115/05/13,"72,415,109","17,904,870,346",246.50,251.00,242.50,251.00,+1.00,"54,330",
115/05/14,"73,360,409","18,260,193,256",255.00,255.00,244.00,244.50,-6.50,"98,873",
115/05/15,"138,413,483","35,053,027,233",249.00,260.00,247.00,248.50,+4.00,"106,675",
115/05/18,"63,512,356","15,672,562,637",251.00,251.00,241.00,248.50, 0.00,"55,720",
115/05/19,"70,223,341","17,474,685,394",251.00,254.00,244.00,245.00,-3.50,"52,910",
115/05/20,"62,650,287","15,132,372,673",246.50,246.50,239.50,240.00,-5.00,"72,312",
115/05/21,"51,483,466","12,723,783,372",245.00,249.00,244.00,247.50,+7.50,"39,019",
115/05/22,"56,310,552","14,068,289,262",249.00,251.50,245.00,250.00,+2.50,"42,953",
