日期,成交股數,成交金額,開盤價,最高價,最低價,收盤價,漲跌價差,成交筆數,註記
109/01/02,"864,420","8,049,033",9.25,9.34,9.25,9.33,+0.08,431,
109/01/03,"944,112","8,810,051",9.33,9.38,9.29,9.34,+0.01,533,
109/01/06,"738,356","6,865,467",9.34,9.34,9.26,9.29,-0.05,403,
109/01/07,"797,427","7,379,116",9.26,9.30,9.20,9.28,-0.01,467,
109/01/08,"718,952","6,635,352",9.24,9.28,9.18,9.18,-0.10,374,
109/01/09,"584,250","5,382,459",9.19,9.27,9.19,9.19,+0.01,308,
109/01/10,"679,331","6,250,990",9.20,9.24,9.18,9.20,+0.01,366,
109/01/13,"637,526","5,861,081",9.18,9.23,9.13,9.19,-0.01,255,
109/01/14,"457,471","4,204,788",9.20,9.23,9.16,9.16,-0.03,309,
109/01/15,"414,009","3,794,274",9.16,9.20,9.15,9.19,+0.03,262,
109/01/16,"594,647","5,465,841",9.19,9.23,9.16,9.21,+0.02,334,
109/01/17,"359,155","3,312,980",9.21,9.24,9.20,9.24,+0.03,216,
109/01/20,"685,124","6,327,231",9.24,9.26,9.20,9.23,-0.01,290,
109/01/30,"2,636,014","23,875,634",9.10,9.15,8.85,9.02,-0.21,842,
109/01/31,"682,205","6,196,114",9.02,9.14,9.01,9.10,+0.08,290,
109/02/03,"1,457,315","13,191,034",9.04,9.10,8.91,9.05,-0.05,575,
109/02/04,"962,321","8,752,298",9.04,9.15,9.04,9.11,+0.06,261,
109/02/05,"547,417","4,994,408",9.11,9.18,9.09,9.13,+0.02,252,
109/02/06,"601,183","5,515,821",9.14,9.20,9.14,9.19,+0.06,282,
109/02/07,"574,816","5,264,105",9.18,9.20,9.12,9.13,-0.06,261,
109/02/10,"570,332","5,199,495",9.13,9.15,9.09,9.14,+0.01,224,
109/02/11,"521,894","4,786,879",9.14,9.19,9.14,9.18,+0.04,297,
109/02/12,"671,507","6,176,617",9.18,9.22,9.18,9.20,+0.02,292,
109/02/13,"688,123","6,338,369",9.22,9.25,9.18,9.20, 0.00,323,
109/02/14,"848,839","7,836,686",9.25,9.26,9.19,9.22,+0.02,324,
109/02/17,"339,000","3,119,053",9.22,9.24,9.15,9.20,-0.02,206,
109/02/18,"370,834","3,406,850",9.22,9.22,9.15,9.20, 0.00,212,
109/02/19,"551,894","5,082,687",9.20,9.23,9.16,9.22,+0.02,282,
109/02/20,"548,593","5,059,317",9.22,9.25,9.20,9.23,+0.01,282,
109/02/21,"1,029,246","9,493,126",9.22,9.25,9.19,9.24,+0.01,454,
109/02/24,"588,328","5,409,297",9.23,9.23,9.15,9.19,-0.05,320,
109/02/25,"920,084","8,382,975",9.12,9.19,9.06,9.14,-0.05,452,
109/02/26,"626,990","5,716,011",9.09,9.15,9.08,9.13,-0.01,229,
109/02/27,"998,127","9,056,627",9.14,9.16,9.03,9.07,-0.06,470,
109/03/02,"886,427","8,004,863",9.05,9.07,8.91,9.06,-0.01,516,
109/03/03,"775,536","7,054,769",9.06,9.12,9.06,9.10,+0.04,334,
109/03/04,"760,856","6,908,448",9.06,9.11,9.04,9.11,+0.01,241,
109/03/05,"456,408","4,166,751",9.11,9.15,9.11,9.15,+0.04,192,
109/03/06,"866,695","7,870,578",9.12,9.12,9.05,9.09,-0.06,367,
109/03/09,"2,171,415","19,600,225",9.09,9.09,9.00,9.03,-0.06,848,
109/03/10,"2,840,838","25,473,124",8.86,9.02,8.86,8.94,-0.09,741,
109/03/11,"1,585,963","14,384,937",8.94,9.16,8.94,9.00,+0.06,619,
109/03/12,"2,118,641","18,837,973",9.00,9.03,8.66,8.75,-0.25,937,
109/03/13,"3,911,306","31,894,908",8.05,8.52,7.94,8.52,-0.23,"1,417",
109/03/16,"2,762,461","23,264,589",8.52,8.52,8.32,8.35,-0.17,"1,005",
109/03/17,"3,508,055","28,446,730",7.98,8.33,7.94,8.04,-0.31,992,
109/03/18,"3,536,165","28,532,340",8.01,8.18,7.99,8.04, 0.00,"1,224",
109/03/19,"4,999,999","38,966,505",8.00,8.05,7.56,7.65,-0.39,"1,482",
109/03/20,"2,230,901","17,633,729",7.65,8.03,7.65,7.94,+0.29,711,
109/03/23,"1,205,391","9,484,324",7.71,7.94,7.71,7.87,-0.07,439,
109/03/24,"1,144,807","9,090,672",7.83,8.09,7.83,7.92,+0.05,592,
109/03/25,"1,548,851","12,339,008",8.02,8.03,7.92,7.94,+0.02,627,
109/03/26,"852,026","6,743,515",7.99,8.00,7.86,7.87,-0.07,451,
109/03/27,"701,928","5,560,547",7.87,7.97,7.87,7.90,+0.03,359,
109/03/30,"754,920","5,895,821",7.85,7.88,7.78,7.82,-0.08,334,
109/03/31,"1,151,753","9,041,394",7.84,7.94,7.77,7.77,-0.05,548,
109/04/01,"947,182","7,412,377",7.78,7.88,7.78,7.82,+0.05,504,
109/04/06,"1,322,681","10,314,306",7.82,7.85,7.74,7.77,-0.05,571,
109/04/07,"1,373,187","10,700,361",7.79,7.85,7.76,7.78,+0.01,574,
109/04/08,"1,947,799","15,205,286",7.78,7.84,7.78,7.83,+0.05,692,
109/04/09,"2,504,352","21,562,450",8.61,8.61,8.61,8.61,+0.78,563,
109/04/10,"6,875,498","61,665,061",9.00,9.20,8.69,8.92,+0.31,"2,117",
109/04/13,"2,930,061","25,286,495",8.88,8.88,8.51,8.55,-0.37,"1,034",
109/04/14,"2,061,799","17,723,680",8.60,8.69,8.50,8.57,+0.02,666,
109/04/15,"2,448,337","20,972,117",8.57,8.64,8.50,8.62,+0.05,"1,049",
109/04/16,"1,952,598","16,839,999",8.64,8.66,8.57,8.63,+0.01,"1,012",
109/04/17,"2,498,863","21,950,408",8.72,8.95,8.66,8.69,+0.06,"1,206",
109/04/20,"1,684,824","14,932,013",8.79,8.95,8.75,8.82,+0.13,567,
109/04/21,"2,001,214","17,296,621",8.82,8.82,8.54,8.62,-0.20,907,
109/04/22,"1,074,020","9,237,305",8.54,8.71,8.51,8.70,+0.08,470,
109/04/23,"647,319","5,624,355",8.78,8.80,8.62,8.70, 0.00,300,
109/04/24,"644,426","5,618,574",8.75,8.77,8.67,8.71,+0.01,260,
109/04/27,"1,551,684","13,591,812",8.75,8.80,8.70,8.77,+0.06,469,
109/04/28,"733,460","6,448,197",8.80,8.85,8.77,8.80,+0.03,316,
109/04/29,"1,017,751","9,053,769",8.88,8.95,8.80,8.91,+0.11,372,
109/04/30,"1,378,120","12,335,248",9.00,9.00,8.86,8.93,+0.02,690,
109/05/04,"2,081,558","18,038,227",8.89,8.89,8.55,8.55,-0.38,768,
109/05/05,"710,539","6,139,328",8.58,8.68,8.58,8.66,+0.11,311,
109/05/06,"921,551","7,931,223",8.65,8.68,8.55,8.55,-0.11,413,
109/05/07,"1,217,242","10,515,340",8.57,8.76,8.57,8.59,+0.04,465,
109/05/08,"1,117,601","9,680,959",8.73,8.73,8.61,8.66,+0.07,391,
109/05/11,"1,051,801","9,145,967",8.66,8.76,8.65,8.67,+0.01,267,
109/05/12,"1,413,563","12,134,422",8.62,8.70,8.53,8.59,-0.08,521,
109/05/13,"701,470","5,976,844",8.59,8.59,8.49,8.54,-0.05,260,
109/05/14,"1,424,801","11,957,945",8.50,8.52,8.31,8.33,-0.21,429,
109/05/15,"1,230,914","10,275,321",8.40,8.43,8.31,8.33, 0.00,359,
109/05/18,"730,087","6,094,490",8.32,8.39,8.25,8.38,+0.05,345,
109/05/19,"861,870","7,239,524",8.40,8.45,8.34,8.39,+0.01,345,
109/05/20,"1,027,819","8,638,456",8.37,8.45,8.37,8.40,+0.01,270,
109/05/21,"1,057,193","8,939,714",8.54,8.54,8.40,8.45,+0.05,379,
109/05/22,"903,405","7,554,922",8.45,8.45,8.30,8.32,-0.13,308,
109/05/25,"618,140","5,152,336",8.39,8.41,8.20,8.34,+0.02,227,
109/05/26,"593,579","4,962,611",8.34,8.40,8.31,8.36,+0.02,302,
109/05/27,"526,225","4,403,388",8.40,8.41,8.31,8.38,+0.02,274,
109/05/28,"6,933,884","59,722,007",8.40,8.69,8.40,8.62,+0.24,"2,211",
109/05/29,"2,019,197","16,991,897",8.57,8.57,8.32,8.32,-0.30,678,
109/06/01,"694,173","5,819,298",8.37,8.45,8.35,8.37,+0.05,287,
109/06/02,"706,731","5,920,494",8.40,8.44,8.35,8.37, 0.00,366,
109/06/03,"1,229,510","10,422,656",8.43,8.53,8.43,8.48,+0.11,510,
109/06/04,"755,038","6,419,354",8.50,8.54,8.46,8.52,+0.04,288,
109/06/05,"2,129,178","18,309,413",8.52,8.65,8.52,8.63,+0.11,593,
109/06/08,"9,204,170","82,824,228",8.68,9.18,8.64,8.98,+0.35,"2,731",
109/06/09,"2,065,364","18,482,779",9.00,9.06,8.85,8.96,-0.02,747,
109/06/10,"1,340,944","12,047,624",8.96,9.05,8.90,9.00,+0.04,535,
109/06/11,"1,762,105","15,532,304",9.00,9.03,8.68,8.69,-0.31,653,
109/06/12,"861,659","7,348,046",8.45,8.60,8.43,8.55,-0.14,314,
109/06/15,"2,994,463","26,089,371",8.60,8.82,8.53,8.53,-0.02,"1,035",
109/06/16,"896,586","7,759,052",8.63,8.72,8.57,8.66,+0.13,346,
109/06/17,"888,078","7,722,953",8.66,8.76,8.65,8.76,+0.10,390,
109/06/18,"1,140,074","9,930,370",8.77,8.79,8.65,8.72,-0.04,441,
109/06/19,"1,250,327","10,917,124",8.77,8.79,8.64,8.64,-0.08,444,
109/06/22,"1,304,438","11,426,256",8.64,8.80,8.64,8.74,+0.10,518,
109/06/23,"812,051","7,066,729",8.75,8.82,8.62,8.72,-0.02,359,
109/06/24,"703,802","6,119,057",8.72,8.77,8.65,8.68,-0.04,289,
109/06/29,"985,634","8,452,718",8.62,8.68,8.52,8.58,-0.10,498,
109/06/30,"640,054","5,503,099",8.59,8.62,8.57,8.61,+0.03,288,
109/07/01,"831,014","7,154,176",8.64,8.68,8.57,8.59,-0.02,388,
109/07/02,"932,241","8,036,486",8.61,8.66,8.58,8.61,+0.02,365,
109/07/03,"893,478","7,692,055",8.65,8.65,8.57,8.62,+0.01,342,
109/07/06,"1,542,791","13,371,373",8.64,8.71,8.63,8.66,+0.04,574,
109/07/07,"940,427","8,116,674",8.70,8.71,8.58,8.59,-0.07,376,
109/07/08,"767,894","6,634,049",8.59,8.68,8.57,8.66,+0.07,311,
109/07/09,"1,425,166","12,397,899",8.65,8.75,8.64,8.68,+0.02,424,
109/07/10,"1,310,216","11,219,139",8.70,8.72,8.50,8.51,-0.17,457,
109/07/13,"587,200","5,019,065",8.55,8.59,8.53,8.56,+0.05,273,
109/07/14,"984,303","8,470,502",8.62,8.64,8.58,8.59,+0.03,349,
109/07/15,"2,490,407","21,632,971",8.60,8.74,8.60,8.73,+0.14,724,
109/07/16,"2,638,125","23,408,620",8.78,9.00,8.78,8.85,+0.12,891,
109/07/17,"1,429,651","12,536,419",8.89,8.93,8.68,8.69,-0.16,580,
109/07/20,"1,335,014","11,632,426",8.80,8.80,8.65,8.73,+0.04,418,
109/07/21,"1,468,898","12,871,802",8.76,8.82,8.69,8.75,+0.02,506,
109/07/22,"880,663","7,739,405",8.77,8.82,8.75,8.76,+0.01,323,
109/07/23,"943,717","8,263,005",8.77,8.82,8.70,8.79,+0.03,364,
109/07/24,"1,234,740","10,788,168",8.76,8.82,8.67,8.69,-0.10,498,
109/07/27,"1,664,333","14,290,242",8.66,8.77,8.48,8.48,-0.21,525,
109/07/28,"1,983,313","16,525,090",8.50,8.50,8.22,8.28,-0.20,701,
109/07/29,"743,970","6,185,694",8.27,8.38,8.26,8.30,+0.02,303,
109/07/30,"792,414","6,565,903",8.36,8.36,8.25,8.28,-0.02,329,
109/07/31,"557,613","4,614,025",8.29,8.30,8.25,8.28, 0.00,253,
109/08/03,"1,304,159","10,770,351",8.28,8.30,8.21,8.28, 0.00,397,
109/08/04,"968,296","8,076,817",8.28,8.40,8.28,8.34,+0.06,258,
109/08/05,"2,003,854","17,198,853",8.54,8.76,8.50,8.57,+0.23,696,
109/08/06,"818,475","7,007,381",8.65,8.65,8.51,8.53,-0.04,334,
109/08/07,"794,332","6,771,022",8.53,8.58,8.47,8.47,-0.06,313,
109/08/10,"705,178","6,006,206",8.54,8.58,8.46,8.58,+0.11,288,
109/08/11,"851,064","7,325,744",8.53,8.66,8.53,8.59,+0.01,293,
109/08/12,"1,956,607","16,952,501",8.61,8.70,8.58,8.70,+0.11,658,
109/08/13,"1,077,077","9,260,503",8.70,8.70,8.56,8.58,-0.12,351,
109/08/14,"533,470","4,580,961",8.58,8.63,8.54,8.62,+0.04,282,
109/08/17,"1,368,247","11,872,624",8.60,8.71,8.59,8.71,+0.09,579,
109/08/18,"1,029,374","8,986,189",8.76,8.77,8.67,8.74,+0.03,400,
109/08/19,"1,183,308","10,372,424",8.79,8.83,8.70,8.71,-0.03,562,
109/08/20,"14,229,741","130,328,832",9.00,9.48,8.95,9.10,+0.39,"4,143",
109/08/21,"21,270,257","205,734,403",9.50,10.00,9.37,9.97,+0.87,"5,967",
109/08/24,"11,288,778","107,588,078",9.73,9.80,9.31,9.41,-0.56,"3,577",
109/08/25,"4,471,641","41,889,645",9.49,9.49,9.26,9.44,+0.03,"1,480",
109/08/26,"3,730,491","35,285,090",9.54,9.61,9.38,9.39,-0.05,"1,185",
109/08/27,"2,709,646","25,570,631",9.43,9.57,9.38,9.44,+0.05,859,
109/08/28,"4,466,058","42,472,188",9.69,9.69,9.34,9.38,-0.06,"1,343",
109/08/31,"3,751,303","35,645,828",9.42,9.58,9.40,9.50,+0.12,"1,300",
109/09/01,"9,022,484","87,871,985",9.54,9.97,9.48,9.81,+0.31,"2,420",
109/09/02,"13,363,371","134,682,850",9.99,10.25,9.87,10.10,+0.29,"3,567",
109/09/03,"20,215,747","209,356,082",10.15,10.85,9.95,10.75,+0.65,"5,033",
109/09/04,"13,619,093","143,287,058",10.35,10.80,10.25,10.60,-0.15,"3,600",
109/09/07,"17,960,287","195,086,288",10.60,11.20,10.50,10.80,+0.20,"4,414",
109/09/08,"8,956,127","94,166,177",10.80,10.90,10.25,10.30,-0.50,"2,579",
109/09/09,"22,484,995","242,900,180",10.20,11.05,10.15,11.00,+0.70,"5,713",
109/09/10,"10,301,252","111,010,428",11.00,11.00,10.60,10.80,-0.20,"2,544",
109/09/11,"12,270,577","132,698,112",10.90,11.10,10.45,10.55,-0.25,"3,177",
109/09/14,"4,745,659","50,245,111",10.75,10.85,10.45,10.50,-0.05,"1,503",
109/09/15,"3,824,436","40,143,368",10.55,10.60,10.40,10.55,+0.05,"1,136",
109/09/16,"4,893,404","50,911,506",10.50,10.55,10.35,10.40,-0.15,"1,351",
109/09/17,"5,058,843","53,426,034",10.45,10.75,10.40,10.50,+0.10,"1,323",
109/09/18,"3,721,993","39,224,108",10.45,10.70,10.45,10.45,-0.05,"1,228",
109/09/21,"3,460,245","35,938,863",10.55,10.60,10.25,10.30,-0.15,961,
109/09/22,"5,157,403","51,842,340",10.35,10.35,9.99,9.99,-0.31,"1,365",
109/09/23,"4,628,492","46,356,895",10.15,10.15,9.90,10.10,+0.11,"1,266",
109/09/24,"5,285,574","51,161,511",10.00,10.00,9.48,9.50,-0.60,"1,715",
109/09/25,"3,357,327","31,460,904",9.52,9.65,9.21,9.28,-0.22,"1,015",
109/09/28,"1,810,296","17,224,383",9.46,9.66,9.31,9.60,+0.32,579,
109/09/29,"1,662,733","15,848,261",9.72,9.72,9.46,9.51,-0.09,355,
109/09/30,"4,297,739","41,984,225",9.51,9.88,9.50,9.81,+0.30,"1,318",
109/10/05,"1,030,249","10,004,896",9.75,9.77,9.67,9.72,-0.09,383,
109/10/06,"2,934,206","29,250,073",9.76,10.10,9.75,9.98,+0.26,986,
109/10/07,"1,851,250","18,501,360",10.00,10.10,9.95,9.99,+0.01,570,
109/10/08,"2,072,567","20,713,510",10.05,10.10,9.92,10.05,+0.06,629,
109/10/12,"1,916,860","19,247,174",10.10,10.20,9.98,10.00,-0.05,627,
109/10/13,"2,342,898","23,046,322",10.00,10.05,9.79,9.81,-0.19,797,
109/10/14,"24,714,238","261,513,242",10.00,10.75,10.00,10.75,+0.94,"5,737",
109/10/15,"24,806,553","273,520,625",10.60,11.30,10.55,11.00,+0.25,"6,806",
109/10/16,"7,401,974","79,055,714",10.95,11.00,10.45,10.55,-0.45,"2,272",
109/10/19,"3,456,532","36,270,186",10.55,10.65,10.35,10.60,+0.05,"1,236",
109/10/20,"2,847,993","29,610,669",10.60,10.60,10.30,10.30,-0.30,911,
109/10/21,"1,743,769","18,111,565",10.40,10.50,10.30,10.50,+0.20,717,
109/10/22,"2,792,446","28,719,044",10.40,10.50,10.20,10.20,-0.30,886,
109/10/23,"1,803,041","18,638,812",10.30,10.45,10.15,10.40,+0.20,675,
109/10/26,"2,537,926","26,379,436",10.45,10.50,10.30,10.45,+0.05,719,
109/10/27,"25,457,192","273,217,352",10.40,11.00,10.10,10.85,+0.40,"5,465",
109/10/28,"6,941,622","74,298,577",10.70,11.00,10.50,10.55,-0.30,"2,235",
109/10/29,"4,084,865","42,240,842",10.35,10.45,10.10,10.40,-0.15,"1,191",
109/10/30,"3,588,133","36,780,229",10.45,10.45,10.15,10.15,-0.25,"1,295",
109/11/02,"3,304,252","33,128,665",10.15,10.20,9.95,9.98,-0.17,"1,040",
109/11/03,"1,448,926","14,732,136",10.10,10.25,10.05,10.15,+0.17,558,
109/11/04,"4,976,427","51,434,573",10.25,10.50,10.20,10.20,+0.05,"1,412",
109/11/05,"3,021,963","31,090,193",10.25,10.45,10.15,10.30,+0.10,982,
109/11/06,"1,313,759","13,394,368",10.35,10.35,10.15,10.20,-0.10,554,
109/11/09,"3,354,903","34,877,674",10.30,10.50,10.30,10.35,+0.15,947,
109/11/10,"3,857,962","40,562,220",10.55,10.65,10.40,10.40,+0.05,"1,174",
109/11/11,"6,363,841","68,212,596",10.60,10.90,10.55,10.75,+0.35,"2,272",
109/11/12,"3,700,619","39,259,528",10.85,10.85,10.50,10.65,-0.10,"1,033",
109/11/13,"2,711,703","28,377,720",10.70,10.70,10.40,10.50,-0.15,879,
109/11/16,"3,808,939","40,280,768",10.65,10.75,10.45,10.50, 0.00,"1,213",
109/11/17,"11,483,118","122,079,360",10.65,10.90,10.45,10.50, 0.00,"2,801",
109/11/18,"2,858,931","30,188,361",10.55,10.65,10.50,10.55,+0.05,962,
109/11/19,"20,688,622","221,149,491",10.60,11.10,10.45,10.60,+0.05,"4,218",
109/11/20,"10,012,593","106,346,371",10.60,10.80,10.45,10.65,+0.05,"2,281",
109/11/23,"66,088,864","746,389,668",10.70,11.70,10.65,11.60,+0.95,"13,583",
109/11/24,"28,912,434","323,436,270",11.60,11.60,10.95,11.10,-0.50,"6,983",
109/11/25,"25,333,534","286,991,921",11.15,11.70,11.05,11.30,+0.20,"5,941",
109/11/26,"8,496,823","95,649,380",11.35,11.40,11.20,11.25,-0.05,"2,318",
109/11/27,"42,178,294","492,917,106",11.35,11.90,11.35,11.80,+0.55,"8,574",
109/11/30,"41,709,522","510,412,136",11.90,12.50,11.90,12.25,+0.45,"10,513",
109/12/01,"20,042,855","240,448,567",12.20,12.35,11.85,12.00,-0.25,"4,961",
109/12/02,"13,512,436","159,850,729",12.25,12.25,11.65,11.75,-0.25,"3,916",
109/12/03,"12,315,676","146,418,566",11.75,12.10,11.70,11.75, 0.00,"3,145",
109/12/04,"9,750,822","115,452,434",11.75,11.95,11.70,11.95,+0.20,"2,569",
109/12/07,"9,045,116","107,251,769",12.05,12.10,11.70,11.85,-0.10,"2,738",
109/12/08,"6,177,954","73,245,814",11.75,11.95,11.75,11.85, 0.00,"1,940",
109/12/09,"8,241,210","98,481,730",11.90,12.10,11.85,11.90,+0.05,"1,987",
109/12/10,"46,747,457","583,768,009",12.00,12.85,12.00,12.35,+0.45,"11,317",
109/12/11,"29,946,479","377,111,281",12.65,12.95,12.10,12.50,+0.15,"7,462",
109/12/14,"14,747,020","186,298,245",12.55,12.90,12.30,12.65,+0.15,"3,465",
109/12/15,"85,176,035","1,149,104,943",12.70,13.90,12.65,13.45,+0.80,"14,500",
109/12/16,"30,358,473","405,581,432",13.40,13.60,13.20,13.30,-0.15,"6,592",
109/12/17,"22,717,360","302,975,992",13.40,13.70,13.00,13.10,-0.20,"5,783",
109/12/18,"16,919,422","223,205,097",13.15,13.40,13.00,13.30,+0.20,"3,668",
109/12/21,"69,813,824","977,658,062",13.40,14.40,13.40,14.15,+0.85,"15,445",
109/12/22,"61,450,592","866,089,260",14.10,14.80,13.20,13.30,-0.85,"14,699",
109/12/23,"18,724,489","247,536,412",13.40,13.65,13.00,13.35,+0.05,"5,012",
109/12/24,"10,383,775","139,163,392",13.55,13.60,13.25,13.35, 0.00,"2,980",
109/12/25,"8,769,224","117,497,031",13.60,13.60,13.25,13.35, 0.00,"2,553",
109/12/28,"26,552,470","347,055,246",13.45,13.55,12.85,12.95,-0.40,"5,928",
109/12/29,"26,255,066","350,223,971",13.20,13.60,13.15,13.25,+0.30,"5,785",
109/12/30,"32,179,050","439,994,211",13.55,14.10,13.35,13.50,+0.25,"8,320",
109/12/31,"14,831,285","200,200,891",13.50,13.70,13.25,13.60,+0.10,"3,970",
110/01/04,"17,431,185","239,600,947",14.00,14.00,13.50,13.85,+0.25,"4,603",
110/01/05,"52,642,570","748,572,307",13.85,14.60,13.80,14.00,+0.15,"12,591",
110/01/06,"23,079,764","314,701,755",14.10,14.30,13.10,13.25,-0.75,"6,086",
110/01/07,"18,783,808","253,745,335",13.45,13.75,13.25,13.70,+0.45,"5,071",
110/01/08,"22,050,244","301,668,379",13.85,14.20,13.25,13.55,-0.15,"5,582",
110/01/11,"8,793,954","116,541,627",13.35,13.55,13.10,13.25,-0.30,"2,609",
110/01/12,"15,295,142","193,800,670",13.15,13.20,12.45,12.50,-0.75,"4,766",
110/01/13,"7,243,405","91,704,657",12.50,12.85,12.45,12.75,+0.25,"2,259",
110/01/14,"6,898,109","88,982,904",12.90,13.15,12.75,12.80,+0.05,"2,087",
110/01/15,"11,813,643","145,626,685",12.85,12.85,12.15,12.20,-0.60,"2,789",
110/01/18,"7,597,278","90,916,688",12.15,12.25,11.60,12.05,-0.15,"2,030",
110/01/19,"4,859,240","59,457,711",12.20,12.40,12.10,12.15,+0.10,"1,334",
110/01/20,"10,518,248","122,551,925",12.05,12.05,11.45,11.50,-0.65,"2,558",
110/01/21,"5,394,722","62,449,876",11.50,11.80,11.40,11.45,-0.05,"1,471",
110/01/22,"17,167,735","204,051,963",11.55,12.10,11.25,12.00,+0.55,"4,708",
110/01/25,"7,009,411","84,375,301",11.95,12.30,11.70,12.05,+0.05,"2,051",
110/01/26,"4,221,952","50,053,868",12.05,12.20,11.70,11.85,-0.20,"1,249",
110/01/27,"2,913,752","34,425,676",11.90,12.00,11.70,11.80,-0.05,801,
110/01/28,"3,297,124","38,193,716",11.50,11.75,11.45,11.70,-0.10,"1,202",
110/01/29,"4,653,187","53,725,817",11.70,11.85,11.35,11.35,-0.35,"1,537",
110/02/01,"3,768,060","43,246,049",11.30,11.75,11.10,11.60,+0.25,"1,292",
110/02/02,"4,927,026","57,947,339",11.65,11.90,11.45,11.85,+0.25,"1,511",
110/02/03,"4,645,433","54,343,967",11.90,11.90,11.60,11.65,-0.20,"1,142",
110/02/04,"2,764,658","32,315,862",11.60,11.85,11.55,11.70,+0.05,773,
110/02/05,"3,315,871","38,411,824",11.75,11.80,11.45,11.55,-0.15,924,
110/02/17,"10,145,033","122,069,985",11.95,12.20,11.80,12.05,+0.50,"2,538",
110/02/18,"8,992,971","112,208,944",12.30,12.65,12.10,12.60,+0.55,"2,556",
110/02/19,"5,811,779","72,595,291",12.65,12.65,12.30,12.60, 0.00,"1,549",
110/02/22,"7,977,387","102,171,388",12.80,13.00,12.60,12.95,+0.35,"2,428",
110/02/23,"27,665,055","371,266,965",13.15,13.75,13.10,13.30,+0.35,"6,804",
110/02/24,"11,961,381","156,215,417",13.45,13.50,12.80,12.90,-0.40,"3,514",
110/02/25,"8,093,166","106,288,347",13.25,13.30,12.90,13.20,+0.30,"2,021",
110/02/26,"6,005,483","78,608,891",13.00,13.25,12.85,13.15,-0.05,"1,688",
110/03/02,"6,795,084","89,848,229",13.40,13.40,13.00,13.00,-0.15,"1,606",
110/03/03,"19,251,838","257,635,201",13.15,13.55,13.00,13.45,+0.45,"4,701",
110/03/04,"17,444,963","236,285,985",13.45,13.80,13.25,13.40,-0.05,"4,510",
110/03/05,"7,304,139","95,985,848",13.25,13.40,12.95,13.00,-0.40,"2,071",
110/03/08,"8,253,505","109,989,760",13.15,13.55,13.15,13.25,+0.25,"1,855",
110/03/09,"16,672,212","225,175,226",13.50,13.75,13.30,13.40,+0.15,"3,087",
110/03/10,"4,073,457","54,296,949",13.40,13.45,13.25,13.40, 0.00,"1,245",
110/03/11,"5,046,287","67,908,665",13.55,13.60,13.40,13.45,+0.05,"1,647",
110/03/12,"21,742,226","297,210,873",13.50,13.85,13.35,13.60,+0.15,"5,771",
110/03/15,"7,224,107","98,502,014",13.75,13.80,13.50,13.60, 0.00,"1,985",
110/03/16,"5,568,723","74,590,995",13.60,13.60,13.30,13.40,-0.20,"1,782",
110/03/17,"4,834,793","64,192,196",13.30,13.45,13.15,13.25,-0.15,"1,583",
110/03/18,"3,980,566","52,961,232",13.35,13.40,13.25,13.25, 0.00,"1,483",
110/03/19,"4,492,162","59,295,244",13.25,13.35,13.10,13.35,+0.10,"1,552",
110/03/22,"5,758,411","77,744,608",13.45,13.70,13.30,13.55,+0.20,"1,875",
110/03/23,"3,969,437","53,185,307",13.60,13.65,13.25,13.30,-0.25,"1,457",
110/03/24,"4,238,182","56,029,996",13.25,13.35,13.15,13.20,-0.10,"1,419",
110/03/25,"11,138,598","147,674,880",13.10,13.50,13.05,13.10,-0.10,"2,680",
110/03/26,"2,540,543","33,507,222",13.25,13.30,13.15,13.15,+0.05,942,
110/03/29,"6,074,375","80,432,519",13.25,13.40,13.05,13.15, 0.00,"1,727",
110/03/30,"3,981,807","52,569,059",13.25,13.35,13.10,13.25,+0.10,"1,167",
110/03/31,"7,191,302","95,847,120",13.25,13.45,13.25,13.35,+0.10,"1,694",
110/04/01,"24,547,916","332,778,942",13.45,13.70,13.35,13.65,+0.30,"5,114",
110/04/06,"40,498,841","573,930,844",13.90,14.45,13.80,14.40,+0.75,"10,765",
110/04/07,"26,280,780","375,024,103",14.45,14.70,14.00,14.30,-0.10,"7,171",
110/04/08,"65,100,460","982,098,053",14.50,15.40,14.50,15.15,+0.85,"15,424",
110/04/09,"48,381,391","733,387,444",15.45,15.85,14.60,15.15, 0.00,"12,998",
110/04/12,"65,729,791","1,059,025,001",15.50,16.65,15.30,16.65,+1.50,"17,185",
110/04/13,"62,159,513","1,031,736,532",17.00,17.15,16.00,16.35,-0.30,"18,638",
110/04/14,"98,630,660","1,673,829,056",16.45,17.70,16.10,16.95,+0.60,"24,065",
110/04/15,"55,865,145","956,421,300",16.95,17.55,16.70,17.20,+0.25,"14,427",
110/04/16,"97,435,028","1,760,411,776",17.30,18.80,17.25,18.40,+1.20,"25,724",
110/04/19,"82,592,027","1,635,736,750",18.90,20.20,18.75,20.20,+1.80,"18,227",
110/04/20,"95,981,561","1,888,076,643",20.50,20.60,19.05,19.85,-0.35,"26,639",
110/04/21,"59,624,329","1,191,613,365",19.85,20.40,19.50,19.90,+0.05,"19,164",
110/04/22,"96,280,652","2,014,258,769",20.40,21.80,19.50,20.05,+0.15,"28,511",
110/04/23,"36,988,361","724,371,564",20.75,20.80,19.05,19.55,-0.50,"12,547",
110/04/26,"45,005,531","915,164,915",20.00,20.80,19.60,20.60,+1.05,"13,194",
110/04/27,"37,854,513","771,137,537",20.60,20.85,20.05,20.25,-0.35,"10,861",
110/04/28,"34,545,943","689,250,197",20.40,20.60,19.55,19.75,-0.50,"9,828",
110/04/29,"152,770,496","3,234,784,369",20.40,21.70,19.80,21.70,+1.95,"34,889",
110/05/03,"125,210,485","2,966,694,553",22.80,23.85,22.70,23.85,+2.15,"30,710",
110/05/04,"128,174,240","2,887,309,024",24.05,24.85,21.50,21.50,-2.35,"35,391",
110/05/05,"177,735,694","3,981,383,436",21.65,23.35,20.00,21.95,+0.45,"52,614",
110/05/06,"116,871,544","2,683,215,278",22.45,23.80,21.50,22.95,+1.00,"38,296",
110/05/07,"76,794,166","1,739,339,350",23.40,23.85,21.50,23.00,+0.05,"23,896",
110/05/10,"117,079,364","2,843,274,508",23.20,25.30,22.40,25.30,+2.30,"32,154",
110/05/11,"245,475,107","6,706,241,149",26.80,27.80,25.60,27.60,+2.30,"59,773",
110/05/12,"110,809,665","2,866,663,177",27.80,28.60,24.85,24.85,-2.75,"31,931",
110/05/13,"103,174,817","2,336,397,036",22.40,23.90,22.40,22.40,-2.45,"22,396",
110/05/14,"79,486,709","1,681,787,749",22.50,23.05,20.20,20.20,-2.20,"21,652",
110/05/17,"68,247,492","1,270,054,444",18.20,20.00,18.20,18.20,-2.00,"15,105",
110/05/18,"65,525,470","1,290,494,298",19.05,20.00,18.55,20.00,+1.80,"16,800",
110/05/19,"112,658,206","2,380,244,711",20.00,21.75,20.00,21.30,+1.30,"34,360",
110/05/20,"58,663,453","1,200,360,554",20.35,21.50,19.70,20.15,-1.15,"18,555",
110/05/21,"58,948,103","1,192,156,873",20.65,21.10,19.55,20.40,+0.25,"18,246",
110/05/24,"39,263,991","804,685,084",20.00,21.20,19.80,20.15,-0.25,"12,552",
110/05/25,"41,637,914","850,176,898",20.60,21.10,19.75,20.45,+0.30,"12,735",
110/05/26,"45,601,567","945,211,741",20.75,21.25,19.95,20.85,+0.40,"13,542",
110/05/27,"51,137,622","1,085,378,540",21.20,21.80,20.65,20.65,-0.20,"15,906",
110/05/28,"94,467,122","2,114,139,418",21.60,22.70,21.40,22.70,+2.05,"21,023",
110/05/31,"206,506,502","5,020,690,581",23.75,24.95,23.00,23.45,+0.75,"55,848",
110/06/01,"74,686,731","1,778,636,550",23.90,24.70,23.00,23.85,+0.40,"26,556",
110/06/02,"108,734,174","2,675,719,092",24.40,25.40,23.70,24.50,+0.65,"36,530",
110/06/03,"57,276,528","1,406,755,944",24.70,25.10,24.15,24.45,-0.05,"20,527",
110/06/04,"50,975,110","1,239,952,138",23.90,25.00,23.50,23.50,-0.95,"18,600",
110/06/07,"44,215,391","1,011,611,110",23.90,24.00,21.55,23.00,-0.50,"15,226",
110/06/08,"45,153,978","1,075,977,314",23.55,24.45,23.25,23.80,+0.80,"15,445",
110/06/09,"27,001,399","625,760,498",23.80,23.95,22.60,22.90,-0.90,"10,498",
110/06/10,"37,867,704","861,946,887",23.30,23.70,21.90,23.25,+0.35,"13,365",
110/06/11,"31,821,160","739,568,385",23.25,23.90,22.80,22.90,-0.35,"11,621",
110/06/15,"33,284,199","779,736,324",23.10,23.90,22.75,23.80,+0.90,"11,418",
110/06/16,"42,841,691","1,020,314,103",23.70,24.40,23.10,23.10,-0.70,"14,980",
110/06/17,"42,301,493","998,836,520",22.90,24.35,22.85,23.20,+0.10,"14,264",
110/06/18,"25,979,057","605,741,590",23.25,23.80,23.00,23.10,-0.10,"9,264",
110/06/21,"28,207,220","631,675,587",22.90,23.15,21.90,22.10,-1.00,"10,673",
110/06/22,"106,210,816","2,556,125,053",22.75,24.30,22.65,24.30,+2.20,"22,426",
110/06/23,"135,735,530","3,356,998,295",25.30,26.00,23.55,23.75,-0.55,"44,570",
110/06/24,"100,569,597","2,501,326,411",24.25,25.75,24.20,24.70,+0.95,"31,750",
110/06/25,"103,648,849","2,628,455,250",25.80,26.00,24.80,25.00,+0.30,"33,870",
110/06/28,"130,451,729","3,528,510,397",25.65,27.50,25.50,27.50,+2.50,"28,989",
110/06/29,"123,866,124","3,737,540,776",30.25,30.25,29.50,30.25,+2.75,"33,353",
110/06/30,"67,610,721","2,244,056,752",33.10,33.25,32.60,33.25,+3.00,"15,057",
110/07/01,"345,155,235","12,217,701,874",35.10,36.55,33.30,36.55,+3.30,"126,771",
110/07/02,"288,393,857","10,811,795,080",36.60,39.90,35.00,37.55,+1.00,"114,777",
110/07/05,"193,879,595","7,584,189,858",38.90,40.95,38.00,38.05,+0.50,"78,948",
110/07/06,"53,164,955","1,894,164,034",37.80,37.80,35.00,35.45,-2.60,"27,007",
110/07/07,"36,090,493","1,239,276,700",35.15,35.15,33.60,34.20,-1.25,"17,745",
110/07/08,"32,910,785","1,179,080,962",35.15,36.70,34.95,36.45,+2.25,"16,662",
110/07/09,"22,400,554","817,450,032",36.00,37.10,36.00,36.45, 0.00,"11,505",
110/07/12,"42,228,377","1,635,663,363",39.50,39.50,37.70,38.50,+2.05,"21,115",
110/07/13,"32,373,718","1,176,901,265",39.00,39.00,35.00,35.35,-3.15,"18,582",
110/07/14,"26,600,764","885,890,701",34.50,34.50,31.90,33.70,-1.65,"13,701",
110/07/15,"19,351,098","691,964,317",34.50,36.80,34.50,36.80,+3.10,"10,631",
110/07/16,"23,814,697","879,009,202",36.30,37.25,36.30,37.25,+0.45,"12,173",
110/07/19,"56,687,489","2,241,188,091",37.80,40.70,37.80,40.70,+3.45,"29,260",
110/07/20,"144,871,517","5,665,671,201",39.85,41.20,37.10,38.55,-2.15,"66,799",
110/07/21,"132,734,951","5,195,712,997",39.95,41.60,36.60,36.80,-1.75,"61,078",
110/07/22,"72,783,590","2,596,625,419",37.80,38.25,34.10,34.65,-2.15,"33,356",
110/07/23,"53,680,422","1,905,747,174",35.40,36.75,34.20,35.35,+0.70,"24,404",
110/07/26,"35,728,248","1,275,292,886",36.15,36.45,34.75,35.40,+0.05,"15,473",
110/07/27,"46,229,338","1,580,168,177",35.80,35.85,33.10,33.20,-2.20,"20,356",
110/07/28,"57,041,296","1,931,086,067",33.50,35.25,32.65,33.40,+0.20,"24,272",
110/07/29,"42,852,959","1,490,033,775",33.95,35.90,33.30,35.75,+2.35,"19,310",
110/07/30,"68,102,338","2,486,577,848",35.95,37.60,35.00,35.05,-0.70,"30,192",
110/08/02,"39,986,615","1,435,581,611",35.65,36.55,35.00,36.45,+1.40,"17,270",
110/08/03,"30,698,713","1,108,213,175",36.40,36.80,35.60,36.15,-0.30,"14,178",
110/08/04,"30,443,228","1,075,107,936",36.25,36.35,34.70,34.80,-1.35,"14,564",
110/08/05,"35,039,884","1,173,921,569",34.40,34.50,33.00,33.20,-1.60,"19,467",
110/08/06,"28,472,033","956,331,899",33.05,34.30,32.20,33.35,+0.15,"13,976",
110/08/09,"34,109,728","1,173,238,169",33.95,35.00,33.70,33.80,+0.45,"15,237",
110/08/10,"38,883,790","1,336,858,731",34.75,35.15,33.55,33.85,+0.05,"15,762",
110/08/11,"51,455,741","1,743,661,434",34.55,35.20,32.25,33.05,-0.80,"21,174",
110/08/12,"29,662,765","1,004,587,873",33.55,34.65,32.90,34.65,+1.60,"12,304",
110/08/13,"22,196,215","748,611,340",34.20,34.35,33.25,33.25,-1.40,"10,127",
110/08/16,"28,101,734","926,909,440",33.80,34.30,32.10,32.20,-1.05,"11,471",
110/08/17,"42,194,829","1,289,519,236",32.55,32.65,29.35,29.60,-2.60,"18,662",
110/08/18,"52,859,556","1,580,213,222",29.00,31.85,28.20,31.55,+1.95,"21,806",
110/08/19,"32,481,987","979,448,167",31.30,31.30,29.30,29.30,-2.25,"14,573",
110/08/20,"26,523,293","786,574,886",29.60,30.20,28.80,29.75,+0.45,"10,763",
110/08/23,"30,325,799","931,588,484",30.20,31.50,29.95,30.40,+0.65,"12,499",
110/08/24,"28,658,925","869,539,073",30.55,31.25,29.30,30.75,+0.35,"11,860",
110/08/25,"16,880,322","513,331,390",30.90,30.90,30.00,30.50,-0.25,"7,099",
110/08/26,"49,457,056","1,642,992,763",31.20,33.55,30.80,33.55,+3.05,"11,760",
110/08/27,"72,757,919","2,345,810,402",32.80,33.00,31.85,32.35,-1.20,"25,395",
110/08/30,"60,306,517","1,973,714,517",32.80,33.80,31.95,32.35, 0.00,"22,840",
110/08/31,"54,972,791","1,803,864,500",32.40,33.45,32.10,32.70,+0.35,"21,219",
110/09/01,"55,296,177","1,836,614,946",32.90,34.15,32.50,32.50,-0.20,"22,809",
110/09/02,"25,817,296","822,383,695",32.55,32.80,31.20,31.25,-1.25,"12,135",
110/09/03,"29,783,695","949,380,264",31.85,32.70,31.10,31.30,+0.05,"12,937",
110/09/06,"23,232,667","734,375,608",31.60,32.10,31.10,31.20,-0.10,"9,932",
110/09/07,"22,664,056","694,047,867",31.30,31.60,29.85,30.30,-0.90,"9,998",
110/09/08,"16,588,299","500,627,785",30.30,30.95,29.65,29.75,-0.55,"7,620",
110/09/09,"17,399,455","529,828,842",29.80,31.20,29.70,31.00,+1.25,"7,279",
110/09/10,"27,160,727","848,743,009",31.25,31.80,30.80,30.85,-0.15,"10,613",
110/09/13,"32,670,944","1,036,589,787",30.90,32.20,30.90,31.95,+1.10,"12,443",
110/09/14,"31,407,339","970,533,879",31.65,31.90,30.50,30.60,-1.35,"12,988",
110/09/15,"15,099,950","459,344,920",30.00,30.90,29.85,30.90,+0.30,"6,372",
110/09/16,"13,442,889","411,167,245",31.00,31.15,30.20,30.45,-0.45,"6,041",
110/09/17,"17,086,621","514,431,553",30.25,30.80,29.85,29.85,-0.60,"6,223",
110/09/22,"24,268,851","678,766,683",28.00,28.40,27.70,27.80,-2.05,"10,986",
110/09/23,"14,898,284","420,589,378",28.30,28.70,27.65,28.40,+0.60,"6,314",
110/09/24,"17,859,956","522,233,988",28.95,29.75,28.75,29.30,+0.90,"8,381",
110/09/27,"13,811,529","407,179,175",29.55,29.95,29.00,29.50,+0.20,"5,632",
110/09/28,"11,740,101","341,005,298",29.30,29.70,28.80,28.80,-0.70,"4,972",
110/09/29,"17,948,002","522,925,119",28.30,29.65,28.30,29.15,+0.35,"7,603",
110/09/30,"33,081,240","992,175,770",29.70,30.55,29.35,30.50,+1.35,"14,460",
110/10/01,"24,456,295","718,329,502",29.50,30.50,28.55,28.70,-1.80,"10,768",
110/10/04,"33,077,339","892,785,523",29.05,29.15,25.95,26.30,-2.40,"13,451",
110/10/05,"25,567,567","686,623,208",26.30,27.80,26.00,27.80,+1.50,"11,246",
110/10/06,"14,263,581","392,662,364",27.95,28.15,26.95,27.15,-0.65,"6,425",
110/10/07,"20,108,139","548,252,495",26.80,27.90,26.45,27.50,+0.35,"7,621",
110/10/08,"18,206,629","494,548,332",27.50,28.10,26.40,26.75,-0.75,"7,285",
110/10/12,"19,901,863","518,895,134",26.45,27.15,25.35,25.75,-1.00,"8,300",
110/10/13,"18,002,567","466,044,378",26.20,26.55,25.10,25.45,-0.30,"7,401",
110/10/14,"14,888,718","386,117,729",25.95,26.40,25.35,26.10,+0.65,"6,654",
110/10/15,"16,730,342","442,407,436",26.90,27.05,26.05,26.45,+0.35,"6,741",
110/10/18,"18,622,264","487,655,460",26.65,27.10,25.50,26.00,-0.45,"7,220",
110/10/19,"9,622,149","250,880,317",26.00,26.45,25.65,25.90,-0.10,"4,040",
110/10/20,"13,299,186","347,435,499",26.40,26.65,25.65,25.65,-0.25,"5,123",
110/10/21,"21,842,955","576,119,736",25.70,26.85,25.60,26.60,+0.95,"8,151",
110/10/22,"40,451,350","1,003,021,551",26.40,26.40,24.00,24.30,-2.30,"16,564",
110/10/25,"17,793,787","442,792,742",24.30,25.30,24.10,24.95,+0.65,"6,930",
110/10/26,"13,028,824","326,809,288",25.10,25.45,24.65,25.10,+0.15,"5,055",
110/10/27,"7,328,956","181,779,916",24.80,25.30,24.50,24.80,-0.30,"3,383",
110/10/28,"10,120,200","251,980,814",24.65,25.30,24.40,24.85,+0.05,"3,952",
110/10/29,"12,446,992","308,703,413",25.00,25.30,24.45,24.80,-0.05,"5,038",
110/11/01,"13,386,881","332,444,766",25.20,25.50,24.40,24.70,-0.10,"5,458",
110/11/02,"14,516,021","361,806,626",24.95,25.35,24.50,24.55,-0.15,"5,637",
110/11/03,"15,465,396","390,204,461",24.70,25.50,24.65,25.35,+0.80,"6,111",
110/11/04,"14,311,077","360,966,304",25.80,25.95,24.90,24.90,-0.45,"5,928",
110/11/05,"8,948,041","224,184,959",25.40,25.40,24.75,24.90, 0.00,"3,585",
110/11/08,"52,983,652","1,410,225,864",25.70,27.05,25.65,26.85,+1.95,"21,620",
110/11/09,"26,690,631","701,545,937",26.60,26.80,25.85,26.30,-0.55,"11,080",
110/11/10,"13,173,683","344,319,136",26.10,26.55,25.85,26.00,-0.30,"5,808",
110/11/11,"53,038,778","1,431,476,413",25.85,28.20,25.55,26.75,+0.75,"20,793",
110/11/12,"26,311,161","693,209,951",26.90,27.25,25.80,26.00,-0.75,"11,174",
110/11/15,"13,516,122","343,657,558",25.90,26.00,25.15,25.25,-0.75,"6,962",
110/11/16,"22,449,096","555,223,647",25.25,25.55,24.40,24.45,-0.80,"9,709",
110/11/17,"11,829,316","290,325,413",24.50,25.00,24.30,24.30,-0.15,"5,079",
110/11/18,"8,603,564","209,410,301",24.35,24.65,24.05,24.35,+0.05,"4,176",
110/11/19,"15,157,367","361,608,923",24.45,24.45,23.55,23.55,-0.80,"7,459",
110/11/22,"10,249,118","242,395,363",23.65,24.05,23.25,23.65,+0.10,"3,923",
110/11/23,"23,323,857","568,752,155",24.00,24.80,23.95,24.20,+0.55,"9,527",
110/11/24,"43,926,170","1,111,411,140",24.40,25.90,24.25,25.40,+1.20,"16,879",
110/11/25,"26,718,587","676,917,485",25.50,26.20,24.85,25.10,-0.30,"10,647",
110/11/26,"12,618,736","309,974,779",25.10,25.20,24.20,24.30,-0.80,"5,339",
110/11/29,"8,485,647","201,578,553",23.70,24.05,23.35,23.85,-0.45,"3,736",
110/11/30,"9,686,757","231,579,595",24.00,24.30,23.70,23.85, 0.00,"3,939",
110/12/01,"6,417,189","153,134,454",23.50,24.15,23.50,23.85, 0.00,"2,869",
110/12/02,"9,919,601","236,641,972",23.85,24.10,23.60,24.00,+0.15,"4,667",
110/12/03,"9,414,446","226,949,667",24.20,24.60,23.85,23.90,-0.10,"3,761",
110/12/06,"6,382,143","154,216,157",24.00,24.50,23.80,24.10,+0.20,"2,640",
110/12/07,"10,776,866","264,191,019",24.40,24.80,24.15,24.60,+0.50,"4,375",
110/12/08,"18,242,869","456,443,019",25.05,25.50,24.60,24.60, 0.00,"7,100",
110/12/09,"6,667,777","163,682,956",24.75,24.95,24.30,24.45,-0.15,"2,979",
110/12/10,"8,985,074","220,743,323",24.55,25.00,24.30,24.30,-0.15,"3,952",
110/12/13,"15,467,583","385,011,994",24.60,25.20,24.45,24.80,+0.50,"5,692",
110/12/14,"11,525,438","279,377,984",24.75,24.80,24.00,24.05,-0.75,"5,183",
110/12/15,"7,461,091","181,898,848",24.15,24.75,23.90,24.50,+0.45,"3,170",
110/12/16,"6,010,496","146,285,123",24.70,24.75,24.15,24.20,-0.30,"2,850",
110/12/17,"21,335,166","533,133,615",24.50,25.30,24.45,24.90,+0.70,"8,120",
110/12/20,"25,851,274","658,336,729",25.10,25.85,24.95,25.50,+0.60,"9,850",
110/12/21,"19,754,378","499,646,625",25.50,25.85,24.70,25.70,+0.20,"7,687",
110/12/22,"14,952,930","384,723,122",25.85,26.00,25.50,25.70, 0.00,"6,718",
110/12/23,"9,132,759","234,223,799",25.80,25.85,25.30,25.75,+0.05,"3,953",
110/12/24,"10,387,884","266,893,699",25.90,26.10,25.30,25.40,-0.35,"4,332",
110/12/27,"5,136,771","129,590,135",25.40,25.50,25.05,25.15,-0.25,"2,355",
110/12/28,"4,731,686","118,783,319",25.20,25.40,24.95,25.05,-0.10,"2,031",
110/12/29,"4,375,937","110,558,550",25.15,25.45,25.05,25.30,+0.25,"2,019",
110/12/30,"3,821,028","96,883,028",25.45,25.50,25.25,25.30, 0.00,"1,837",
111/01/03,"4,594,251","114,803,331",25.50,25.50,24.80,24.80,-0.50,"2,175",
111/01/04,"4,946,803","121,519,872",24.95,24.95,24.45,24.55,-0.25,"2,589",
111/01/05,"4,795,687","118,055,301",24.55,25.00,24.35,24.35,-0.20,"2,293",
111/01/06,"6,476,821","155,962,911",24.50,24.50,24.00,24.00,-0.35,"3,108",
111/01/07,"9,164,407","216,999,509",24.10,24.30,23.45,23.50,-0.50,"4,154",
111/01/10,"9,846,663","228,430,898",23.30,23.70,22.90,23.10,-0.40,"4,512",
111/01/11,"7,293,090","167,483,801",23.20,23.30,22.85,22.85,-0.25,"3,479",
111/01/12,"8,923,438","202,158,254",23.00,23.15,22.30,22.55,-0.30,"4,054",
111/01/13,"13,325,421","310,156,107",22.70,23.50,22.65,23.35,+0.80,"5,362",
111/01/14,"8,988,853","204,856,097",23.45,23.50,22.55,22.75,-0.60,"4,540",
111/01/17,"4,347,147","97,898,239",22.60,22.85,22.30,22.80,+0.05,"2,047",
111/01/18,"5,829,324","133,890,923",23.10,23.40,22.65,22.65,-0.15,"2,794",
111/01/19,"4,141,151","93,033,039",22.50,22.65,22.35,22.40,-0.25,"2,406",
111/01/20,"6,052,054","138,105,413",22.45,23.00,22.40,22.95,+0.55,"2,787",
111/01/21,"7,319,064","166,250,786",22.85,23.25,22.40,22.40,-0.55,"3,498",
111/01/24,"7,899,173","171,461,164",22.15,22.15,21.55,21.55,-0.85,"3,473",
111/01/25,"9,212,889","196,948,010",21.55,21.90,21.10,21.10,-0.45,"4,115",
111/01/26,"6,173,727","132,730,831",21.30,21.70,21.20,21.50,+0.40,"2,995",
111/02/07,"10,506,361","236,945,601",22.10,23.05,21.90,22.90,+1.40,"4,925",
111/02/08,"7,098,116","163,616,927",22.70,23.30,22.65,23.20,+0.30,"3,388",
111/02/09,"7,557,366","177,215,335",23.65,23.80,23.20,23.50,+0.30,"3,091",
111/02/10,"8,350,351","198,089,236",23.65,23.95,23.40,23.80,+0.30,"3,934",
111/02/11,"6,022,478","142,866,525",23.40,23.90,23.40,23.80, 0.00,"3,451",
111/02/14,"4,511,027","105,221,062",23.50,23.60,23.10,23.35,-0.45,"1,952",
111/02/15,"2,712,765","63,465,095",23.30,23.60,23.25,23.25,-0.10,"1,235",
111/02/16,"3,975,588","93,851,503",23.85,23.85,23.40,23.55,+0.30,"2,304",
111/02/17,"3,958,737","93,429,671",23.70,23.85,23.40,23.60,+0.05,"2,129",
111/02/18,"4,263,544","101,106,201",23.40,23.85,23.35,23.80,+0.20,"2,495",
111/02/21,"39,308,426","983,819,158",23.90,25.60,23.80,24.90,+1.10,"16,224",
111/02/22,"19,303,934","467,130,344",24.90,24.90,23.60,23.85,-1.05,"8,903",
111/02/23,"10,166,427","246,890,844",24.30,24.70,23.90,24.25,+0.40,"4,946",
111/02/24,"9,215,363","217,228,520",23.90,24.10,23.10,23.25,-1.00,"4,431",
111/02/25,"11,209,740","268,834,510",23.75,24.45,23.50,24.00,+0.75,"4,737",
111/03/01,"19,000,340","472,851,807",24.80,25.45,24.60,24.60,+0.60,"7,267",
111/03/02,"14,404,673","359,053,059",24.50,25.30,24.50,24.70,+0.10,"6,168",
111/03/03,"10,722,925","266,938,791",25.10,25.10,24.60,25.05,+0.35,"4,169",
111/03/04,"11,702,280","291,964,273",24.80,25.25,24.65,24.90,-0.15,"4,971",
111/03/07,"22,880,495","570,288,999",25.00,25.30,24.20,25.00,+0.10,"9,963",
111/03/08,"39,290,396","965,835,690",25.25,25.90,23.05,23.25,-1.75,"16,457",
111/03/09,"8,930,366","208,575,150",23.70,23.70,23.05,23.35,+0.10,"5,079",
111/03/10,"10,116,936","239,990,019",23.45,24.20,23.25,24.00,+0.65,"4,160",
111/03/11,"22,795,872","565,109,796",24.00,25.20,24.00,25.10,+1.10,"9,877",
111/03/14,"21,557,555","545,875,781",25.10,25.60,24.95,25.40,+0.30,"8,444",
111/03/15,"18,080,473","449,356,769",25.45,25.85,24.30,24.50,-0.90,"7,594",
111/03/16,"11,559,406","283,278,844",24.80,25.15,23.90,24.15,-0.35,"5,059",
111/03/17,"16,111,871","401,406,143",24.80,25.10,24.40,24.95,+0.80,"5,564",
111/03/18,"7,872,997","196,812,341",25.05,25.30,24.80,24.95, 0.00,"3,274",
111/03/21,"36,929,895","943,431,746",25.45,26.05,25.10,25.40,+0.45,"12,872",
111/03/22,"20,276,559","517,011,519",25.60,25.75,25.20,25.40, 0.00,"6,638",
111/03/23,"10,967,274","276,508,918",25.50,25.65,25.00,25.25,-0.15,"4,449",
111/03/24,"9,677,223","244,427,498",25.10,25.50,25.10,25.10,-0.15,"3,758",
111/03/25,"9,256,007","234,316,435",25.35,25.55,25.10,25.35,+0.25,"3,613",
111/03/28,"9,116,571","225,702,860",25.40,25.40,24.40,24.85,-0.50,"4,004",
111/03/29,"5,892,770","144,915,368",24.95,25.00,24.40,24.40,-0.45,"2,658",
111/03/30,"6,279,308","153,747,990",24.70,24.80,24.25,24.55,+0.15,"3,001",
111/03/31,"4,637,502","114,236,972",24.60,24.80,24.45,24.75,+0.20,"1,683",
111/04/01,"8,586,879","213,725,865",24.85,25.10,24.55,24.85,+0.10,"3,533",
111/04/06,"5,986,855","146,221,405",24.75,24.75,24.25,24.40,-0.45,"2,926",
111/04/07,"22,581,080","560,550,675",24.55,25.50,24.05,24.05,-0.35,"9,492",
111/04/08,"8,450,086","207,343,362",24.40,24.90,24.10,24.85,+0.80,"3,616",
111/04/11,"12,353,795","309,435,084",25.10,25.40,24.75,24.85, 0.00,"5,209",
111/04/12,"10,122,990","252,648,399",25.00,25.20,24.60,24.85, 0.00,"4,045",
111/04/13,"46,969,105","1,212,334,283",25.20,26.35,24.95,26.20,+1.35,"16,222",
111/04/14,"28,921,896","747,209,025",26.50,26.70,25.40,25.70,-0.50,"12,370",
111/04/15,"16,452,297","423,202,319",25.70,26.10,25.50,25.50,-0.20,"6,447",
111/04/18,"16,889,895","414,834,670",25.65,25.65,24.15,24.15,-1.35,"7,377",
111/04/19,"7,892,267","191,257,031",24.40,24.45,24.05,24.15, 0.00,"3,698",
111/04/20,"10,989,025","262,444,113",24.50,24.50,23.60,23.70,-0.45,"5,060",
111/04/21,"7,163,963","169,118,555",23.80,24.00,23.35,23.45,-0.25,"3,406",
111/04/22,"6,271,502","147,583,153",23.30,23.90,23.20,23.40,-0.05,"3,096",
111/04/25,"9,400,756","210,878,776",23.15,23.15,22.20,22.30,-1.10,"4,357",
111/04/26,"9,969,002","218,442,000",22.40,22.55,21.60,21.65,-0.65,"4,682",
111/04/27,"7,992,268","168,340,773",20.95,21.50,20.70,21.15,-0.50,"3,385",
111/04/28,"3,884,906","82,992,925",21.40,21.55,21.15,21.40,+0.25,"1,673",
111/04/29,"4,058,358","87,153,798",21.60,21.75,21.30,21.35,-0.05,"1,772",
111/05/03,"4,121,178","86,873,456",21.40,21.40,20.80,21.25,-0.10,"1,909",
111/05/04,"3,202,978","67,941,155",21.45,21.60,21.05,21.10,-0.15,"1,708",
111/05/05,"4,231,860","90,492,279",21.45,21.65,21.20,21.25,+0.15,"2,067",
111/05/06,"7,201,923","147,693,850",20.75,20.85,20.35,20.40,-0.85,"3,743",
111/05/09,"8,851,313","175,083,532",20.20,20.25,19.60,19.65,-0.75,"3,634",
111/05/10,"5,341,411","105,411,320",19.35,20.10,19.25,19.90,+0.25,"2,340",
111/05/11,"3,867,668","76,062,579",19.95,20.05,19.50,19.55,-0.35,"1,961",
111/05/12,"7,055,710","135,366,411",19.40,19.80,18.85,18.85,-0.70,"3,001",
111/05/13,"6,036,324","117,614,798",19.00,19.70,19.00,19.50,+0.65,"2,678",
111/05/16,"3,172,705","62,750,436",19.95,20.05,19.55,19.70,+0.20,"1,525",
111/05/17,"2,360,645","46,986,613",19.90,20.05,19.70,19.90,+0.20,"1,222",
111/05/18,"3,263,416","66,251,387",20.05,20.45,19.95,20.40,+0.50,"1,859",
111/05/19,"3,537,853","70,193,630",19.95,20.20,19.55,20.10,-0.30,"1,865",
111/05/20,"3,377,278","68,928,379",20.10,20.60,20.10,20.35,+0.25,"1,692",
111/05/23,"2,275,314","46,540,800",20.55,20.60,20.35,20.35, 0.00,"1,080",
111/05/24,"2,444,160","49,744,359",20.50,20.65,20.10,20.10,-0.25,"1,486",
111/05/25,"2,496,212","50,528,125",20.20,20.40,20.00,20.30,+0.20,"1,164",
111/05/26,"1,678,383","34,117,285",20.45,20.60,20.15,20.20,-0.10,"1,181",
111/05/27,"2,335,351","47,798,561",20.50,20.60,20.30,20.50,+0.30,"1,184",
111/05/30,"2,486,153","51,504,892",20.65,20.80,20.60,20.70,+0.20,"1,229",
111/05/31,"2,375,134","48,681,791",20.65,20.65,20.35,20.50,-0.20,"1,272",
111/06/01,"2,568,549","52,695,776",20.50,20.70,20.30,20.50, 0.00,"1,226",
111/06/02,"2,272,691","46,092,853",20.55,20.55,20.20,20.20,-0.30,"1,270",
111/06/06,"2,787,221","57,260,028",20.35,20.75,20.10,20.75,+0.55,"1,473",
111/06/07,"2,129,942","43,797,164",20.60,20.70,20.45,20.60,-0.15,"1,146",
111/06/08,"1,288,877","26,557,854",20.70,20.70,20.50,20.50,-0.10,824,
111/06/09,"1,030,182","21,091,424",20.50,20.55,20.35,20.55,+0.05,618,
111/06/10,"1,940,229","39,367,883",20.35,20.35,20.20,20.25,-0.30,990,
111/06/13,"4,398,889","85,813,740",19.85,19.85,19.40,19.40,-0.85,"2,273",
111/06/14,"4,628,823","87,971,159",19.00,19.30,18.70,19.10,-0.30,"2,024",
111/06/15,"3,659,500","70,846,507",19.30,19.75,19.00,19.25,+0.15,"1,894",
111/06/16,"4,451,490","84,262,621",19.50,19.50,18.50,18.50,-0.75,"2,363",
111/06/17,"5,114,685","93,286,221",18.20,18.55,18.00,18.15,-0.35,"2,133",
111/06/20,"9,063,302","158,131,376",18.30,18.40,16.80,16.80,-1.35,"3,801",
111/06/21,"6,512,803","114,279,952",17.15,17.90,17.15,17.85,+1.05,"3,014",
111/06/22,"4,169,767","72,356,346",17.90,17.90,17.00,17.15,-0.70,"2,337",
111/06/23,"7,027,142","118,092,706",17.10,17.35,16.45,16.85,-0.30,"2,739",
111/06/24,"3,780,582","65,190,083",17.05,17.45,17.00,17.30,+0.45,"2,336",
111/06/27,"3,425,205","60,937,531",17.55,17.90,17.55,17.80,+0.50,"1,597",
111/06/28,"2,936,985","51,606,395",17.50,17.90,17.35,17.60,-0.20,"1,633",
111/06/29,"2,904,533","50,088,731",17.40,17.45,17.05,17.25,-0.35,"1,529",
111/06/30,"5,651,564","94,585,930",17.25,17.25,16.60,16.60,-0.65,"2,133",
111/07/01,"6,151,753","100,720,505",16.65,16.90,16.00,16.10,-0.50,"2,872",
111/07/04,"3,738,697","60,665,635",16.15,16.45,16.00,16.25,+0.15,"1,644",
111/07/05,"3,361,464","55,274,928",16.45,16.70,16.15,16.55,+0.30,"1,452",
111/07/06,"4,013,236","64,484,445",16.50,16.50,15.85,16.10,-0.45,"1,777",
111/07/07,"4,405,507","70,371,289",16.15,16.20,15.60,16.10, 0.00,"2,114",
111/07/08,"4,307,297","71,034,350",16.30,16.65,16.20,16.55,+0.45,"1,900",
111/07/11,"3,157,384","51,421,297",16.50,16.50,16.10,16.40,-0.15,"1,222",
111/07/12,"5,833,552","90,842,260",16.20,16.20,15.20,15.50,-0.90,"2,450",
111/07/13,"3,992,497","62,245,297",15.75,15.95,15.45,15.60,+0.10,"1,854",
111/07/14,"3,072,567","47,423,821",15.55,15.70,15.10,15.65,+0.05,"1,473",
111/07/15,"2,384,974","36,736,899",15.65,15.65,15.25,15.50,-0.15,"1,157",
111/07/18,"3,915,496","61,114,972",15.50,15.80,15.40,15.80,+0.30,"1,555",
111/07/19,"4,017,059","64,421,151",15.85,16.20,15.70,16.15,+0.35,"1,663",
111/07/20,"3,442,418","55,682,794",16.35,16.35,16.00,16.05,-0.10,"1,600",
111/07/21,"2,309,379","37,121,507",16.00,16.20,15.85,16.15,+0.10,"1,046",
111/07/22,"1,831,095","29,683,800",16.20,16.40,16.10,16.10,-0.05,915,
111/07/25,"5,941,127","98,422,304",16.10,16.75,16.10,16.65,+0.55,"2,681",
111/07/26,"2,707,900","44,305,836",16.50,16.60,16.25,16.25,-0.40,"1,280",
111/07/27,"2,966,437","47,561,735",16.30,16.35,15.85,16.10,-0.15,"1,291",
111/07/28,"2,423,626","38,913,339",16.20,16.30,15.90,15.95,-0.15,"1,280",
111/07/29,"2,403,530","39,050,443",16.15,16.35,16.10,16.30,+0.35,"1,128",
111/08/01,"19,652,578","338,284,556",16.55,17.55,16.40,17.40,+1.10,"8,422",
111/08/02,"12,618,060","212,323,110",17.00,17.35,16.50,16.60,-0.80,"5,693",
111/08/03,"6,977,045","112,727,356",16.45,16.65,15.90,16.00,-0.60,"3,275",
111/08/04,"4,668,278","73,158,228",16.05,16.05,15.40,15.65,-0.35,"2,369",
111/08/05,"3,979,432","63,296,926",15.75,16.05,15.75,15.90,+0.25,"1,722",
111/08/08,"5,167,650","81,660,690",15.90,16.00,15.60,15.90, 0.00,"1,898",
111/08/09,"3,152,461","48,561,374",15.40,15.60,15.25,15.45,X0.00,"1,618",
111/08/10,"1,699,090","26,324,918",15.45,15.60,15.40,15.45, 0.00,928,
111/08/11,"1,986,648","31,059,053",15.65,15.70,15.55,15.65,+0.20,915,
111/08/12,"12,513,027","201,045,359",15.75,16.35,15.75,15.80,+0.15,"4,746",
111/08/15,"8,041,097","129,811,449",15.95,16.35,15.80,16.20,+0.40,"2,984",
111/08/16,"4,050,078","65,015,563",16.15,16.25,15.90,16.05,-0.15,"1,804",
111/08/17,"6,891,194","112,850,637",16.10,16.65,16.10,16.25,+0.20,"2,876",
111/08/18,"5,121,909","83,965,177",16.20,16.60,16.15,16.30,+0.05,"2,039",
111/08/19,"3,371,858","54,917,077",16.35,16.35,16.15,16.35,+0.05,"1,381",
111/08/22,"2,431,025","39,551,764",16.30,16.40,16.15,16.20,-0.15,"1,128",
111/08/23,"1,921,781","31,081,467",16.15,16.25,16.00,16.20, 0.00,957,
111/08/24,"3,976,881","65,420,115",16.35,16.65,16.30,16.30,+0.10,"1,621",
111/08/25,"2,441,871","40,046,669",16.50,16.50,16.30,16.40,+0.10,"1,048",
111/08/26,"3,737,627","61,802,052",16.55,16.70,16.40,16.45,+0.05,"1,400",
111/08/29,"4,334,250","69,041,376",16.05,16.05,15.80,15.95,-0.50,"1,956",
111/08/30,"2,879,506","45,011,482",15.45,15.75,15.45,15.65,X0.00,"1,336",
111/08/31,"1,608,010","25,158,308",15.65,15.80,15.55,15.70,+0.05,880,
111/09/01,"2,252,936","34,633,835",15.55,15.55,15.30,15.30,-0.40,"1,280",
111/09/02,"4,708,769","71,198,105",15.30,15.50,15.00,15.00,-0.30,"2,120",
111/09/05,"4,354,795","64,482,183",15.05,15.10,14.60,14.90,-0.10,"1,616",
111/09/06,"2,540,406","37,734,766",15.00,15.10,14.70,14.95,+0.05,"1,076",
111/09/07,"6,927,252","103,107,419",14.95,15.30,14.55,14.70,-0.25,"2,727",
111/09/08,"4,523,061","68,118,513",15.25,15.25,14.80,15.05,+0.35,"1,837",
111/09/12,"3,035,505","46,659,179",15.45,15.50,15.20,15.25,+0.20,"1,283",
111/09/13,"1,435,862","21,778,963",15.40,15.40,15.05,15.10,-0.15,854,
111/09/14,"1,934,098","28,633,425",14.80,14.90,14.65,14.85,-0.25,"1,030",
111/09/15,"2,276,327","33,862,038",14.85,15.00,14.75,14.90,+0.05,"1,038",
111/09/16,"2,914,532","43,147,976",14.90,14.90,14.65,14.90, 0.00,"1,130",
111/09/19,"3,866,312","57,535,933",15.15,15.30,14.60,14.60,-0.30,"1,764",
111/09/20,"4,271,152","61,759,919",14.75,14.75,14.25,14.60, 0.00,"1,861",
111/09/21,"3,225,901","46,169,680",14.55,14.55,14.15,14.45,-0.15,"1,479",
111/09/22,"2,955,417","41,737,376",14.25,14.25,14.00,14.25,-0.20,"1,270",
111/09/23,"1,950,083","27,542,034",14.25,14.35,14.00,14.00,-0.25,938,
111/09/26,"5,555,771","74,650,400",14.00,14.00,13.25,13.45,-0.55,"2,197",
111/09/27,"2,555,734","34,337,639",13.50,13.70,13.20,13.70,+0.25,"1,107",
111/09/28,"3,905,584","51,740,429",13.70,13.80,13.00,13.15,-0.55,"1,518",
111/09/29,"2,640,744","35,411,276",13.20,13.55,13.20,13.50,+0.35,"1,120",
111/09/30,"2,828,450","37,520,873",13.25,13.50,13.00,13.45,-0.05,"1,221",
111/10/03,"2,369,115","32,234,268",13.45,13.75,13.30,13.75,+0.30,"1,060",
111/10/04,"2,271,226","31,796,889",13.90,14.15,13.80,14.10,+0.35,"1,168",
111/10/05,"2,385,936","33,742,197",14.25,14.25,14.00,14.15,+0.05,"1,085",
111/10/06,"1,936,171","27,087,898",14.15,14.15,13.85,14.10,-0.05,846,
111/10/07,"1,709,947","24,240,100",14.00,14.35,14.00,14.15,+0.05,"1,229",
111/10/11,"2,567,641","35,636,944",13.90,14.10,13.70,13.95,-0.20,"1,796",
111/10/12,"1,775,885","24,556,492",13.95,14.05,13.65,13.90,-0.05,"1,040",
111/10/13,"3,946,444","52,901,833",13.85,13.95,13.10,13.30,-0.60,"1,754",
111/10/14,"2,071,354","28,293,258",13.60,13.80,13.55,13.60,+0.30,"1,195",
111/10/17,"2,550,617","33,890,944",13.45,13.55,13.00,13.55,-0.05,"1,398",
111/10/18,"6,824,562","97,350,214",14.20,14.50,14.05,14.35,+0.80,"3,213",
111/10/19,"4,570,991","65,401,619",14.30,14.50,14.10,14.40,+0.05,"2,044",
111/10/20,"6,869,031","98,988,404",14.30,14.65,14.00,14.65,+0.25,"1,970",
111/10/21,"2,439,277","34,925,770",14.55,14.55,14.20,14.20,-0.45,"1,163",
111/10/24,"2,773,051","39,970,038",14.45,14.60,14.20,14.30,+0.10,"1,382",
111/10/25,"2,007,856","28,679,949",14.30,14.40,14.15,14.35,+0.05,998,
111/10/26,"2,368,942","33,835,463",14.40,14.40,14.15,14.40,+0.05,979,
111/10/27,"2,363,439","34,197,400",14.45,14.55,14.35,14.50,+0.10,880,
111/10/28,"1,957,457","27,935,723",14.45,14.50,14.10,14.30,-0.20,848,
111/10/31,"2,136,658","30,355,124",14.30,14.30,14.10,14.30, 0.00,853,
111/11/01,"1,362,897","19,467,331",14.30,14.35,14.20,14.35,+0.05,730,
111/11/02,"2,454,322","35,495,307",14.35,14.60,14.30,14.40,+0.05,"1,169",
111/11/03,"1,147,753","16,456,129",14.25,14.40,14.20,14.40, 0.00,597,
111/11/04,"1,479,017","21,309,708",14.35,14.50,14.30,14.50,+0.10,797,
111/11/07,"3,469,310","51,193,053",14.60,14.90,14.50,14.85,+0.35,"1,622",
111/11/08,"2,669,851","39,491,773",14.80,14.90,14.65,14.65,-0.20,"1,342",
111/11/09,"2,600,398","38,017,801",14.70,14.75,14.55,14.60,-0.05,"1,202",
111/11/10,"2,510,549","36,442,278",14.50,14.65,14.40,14.60, 0.00,"1,043",
111/11/11,"2,558,781","37,511,540",14.85,14.90,14.55,14.70,+0.10,"1,122",
111/11/14,"7,680,925","115,735,344",14.75,15.25,14.75,15.15,+0.45,"3,302",
111/11/15,"5,960,670","91,311,904",15.15,15.50,15.05,15.30,+0.15,"2,427",
111/11/16,"3,138,241","47,585,941",15.30,15.45,15.05,15.15,-0.15,"1,567",
111/11/17,"1,500,402","22,735,326",15.10,15.30,15.05,15.20,+0.05,876,
111/11/18,"2,459,152","37,154,855",15.25,15.40,14.90,14.90,-0.30,"1,217",
111/11/21,"1,344,566","20,072,246",14.95,15.05,14.85,14.90, 0.00,736,
111/11/22,"1,422,109","21,131,583",15.00,15.05,14.70,14.95,+0.05,818,
111/11/23,"1,115,898","16,763,484",15.10,15.15,14.95,15.05,+0.10,685,
111/11/24,"1,222,078","18,405,772",15.10,15.15,15.00,15.00,-0.05,622,
111/11/25,"1,880,630","28,319,438",15.05,15.30,14.90,14.90,-0.10,965,
111/11/28,"1,976,230","29,265,272",14.75,15.00,14.65,15.00,+0.10,934,
111/11/29,"2,225,775","33,560,272",15.00,15.20,14.85,15.20,+0.20,"1,029",
111/11/30,"1,904,711","28,911,694",15.20,15.30,15.10,15.15,-0.05,921,
111/12/01,"2,722,279","41,569,229",15.25,15.40,15.15,15.20,+0.05,"1,112",
111/12/02,"1,498,287","22,791,890",15.25,15.35,15.15,15.25,+0.05,735,
111/12/05,"3,201,738","49,263,902",15.30,15.50,15.20,15.35,+0.10,"1,389",
111/12/06,"2,147,258","32,602,862",15.40,15.40,15.00,15.00,-0.35,"1,279",
111/12/07,"2,376,895","35,970,478",15.10,15.30,15.00,15.05,+0.05,"1,033",
111/12/08,"1,456,054","21,873,757",15.10,15.10,14.90,15.10,+0.05,575,
111/12/09,"1,105,531","16,706,406",15.15,15.15,15.05,15.15,+0.05,555,
111/12/12,"1,457,541","21,998,236",15.25,15.25,14.95,15.15, 0.00,710,
111/12/13,"21,733,542","345,003,078",15.25,16.30,15.20,15.80,+0.65,"8,459",
111/12/14,"16,625,420","265,793,943",16.00,16.30,15.70,15.85,+0.05,"6,719",
111/12/15,"20,820,528","343,534,629",15.90,16.85,15.90,16.35,+0.50,"8,550",
111/12/16,"8,157,895","132,763,055",16.10,16.50,15.95,16.20,-0.15,"3,570",
111/12/19,"6,187,467","98,641,758",16.30,16.35,15.70,15.80,-0.40,"2,460",
111/12/20,"12,382,825","200,326,204",15.95,16.50,15.85,16.00,+0.20,"4,734",
111/12/21,"35,642,814","603,052,596",16.50,17.35,16.35,16.80,+0.80,"13,883",
111/12/22,"13,771,724","232,381,422",17.20,17.25,16.60,16.90,+0.10,"5,278",
111/12/23,"4,853,888","81,178,430",16.65,16.95,16.50,16.80,-0.10,"2,240",
111/12/26,"4,601,375","76,127,005",16.80,16.90,16.40,16.45,-0.35,"2,007",
111/12/27,"3,695,184","60,410,287",16.45,16.55,16.20,16.35,-0.10,"1,551",
111/12/28,"3,844,613","62,692,656",16.40,16.60,16.05,16.05,-0.30,"1,925",
111/12/29,"4,852,557","76,711,619",16.05,16.15,15.70,15.95,-0.10,"1,727",
111/12/30,"6,945,784","112,397,765",16.10,16.55,16.00,16.00,+0.05,"2,863",
112/01/03,"2,793,608","44,760,117",16.10,16.20,15.85,16.05,+0.05,"1,461",
112/01/04,"1,846,719","29,610,916",16.05,16.15,15.90,15.95,-0.10,998,
112/01/05,"1,456,062","23,270,107",16.05,16.15,15.90,15.95, 0.00,899,
112/01/06,"1,823,926","28,984,819",15.95,16.00,15.75,15.90,-0.05,960,
112/01/09,"3,208,253","51,417,196",16.05,16.15,15.90,16.00,+0.10,"1,248",
112/01/10,"2,336,001","37,481,725",16.10,16.20,15.90,15.95,-0.05,"1,238",
112/01/11,"1,959,353","31,335,526",16.00,16.15,15.90,15.90,-0.05,892,
112/01/12,"5,421,645","87,675,910",16.10,16.40,15.95,16.00,+0.10,"2,421",
112/01/13,"1,962,425","31,385,577",16.00,16.15,15.90,15.95,-0.05,"1,076",
112/01/16,"2,571,062","41,101,394",16.10,16.20,15.90,15.90,-0.05,"1,146",
112/01/17,"2,174,456","34,803,752",16.05,16.10,15.90,16.05,+0.15,"1,106",
112/01/30,"8,467,494","140,490,378",16.60,16.80,16.20,16.75,+0.70,"3,758",
112/01/31,"11,415,823","194,932,509",16.85,17.25,16.80,17.10,+0.35,"4,548",
112/02/01,"10,284,503","177,641,980",17.20,17.55,17.05,17.15,+0.05,"4,502",
112/02/02,"7,509,349","129,527,998",17.25,17.40,17.05,17.35,+0.20,"2,804",
112/02/03,"4,108,880","70,512,270",17.35,17.35,17.10,17.15,-0.20,"1,792",
112/02/06,"2,726,135","47,004,585",17.10,17.40,17.05,17.20,+0.05,"1,371",
112/02/07,"3,147,689","54,137,591",17.20,17.30,17.05,17.25,+0.05,"1,484",
112/02/08,"2,488,518","42,792,583",17.35,17.35,17.10,17.20,-0.05,"1,248",
112/02/09,"1,713,486","29,379,005",17.20,17.30,17.10,17.10,-0.10,763,
112/02/10,"3,877,613","65,777,020",17.30,17.30,16.75,16.75,-0.35,"1,689",
112/02/13,"2,237,751","37,278,996",16.70,16.85,16.50,16.75, 0.00,"1,113",
112/02/14,"1,403,123","23,507,433",16.85,16.90,16.65,16.70,-0.05,826,
112/02/15,"1,409,797","23,546,947",16.85,16.85,16.60,16.60,-0.10,904,
112/02/16,"2,336,209","39,493,501",16.75,17.00,16.75,16.95,+0.35,"1,234",
112/02/17,"1,206,967","20,466,716",16.95,17.05,16.90,16.95, 0.00,817,
112/02/20,"1,527,956","26,025,209",17.00,17.10,16.90,17.05,+0.10,900,
112/02/21,"3,331,555","57,540,613",17.30,17.45,17.15,17.20,+0.15,"1,596",
112/02/22,"2,204,854","37,723,685",17.20,17.20,16.95,17.20, 0.00,"1,427",
112/02/23,"6,663,201","116,697,367",17.40,17.70,17.40,17.45,+0.25,"2,748",
112/02/24,"2,634,197","45,896,481",17.70,17.70,17.30,17.30,-0.15,"1,449",
112/03/01,"3,712,690","63,065,004",17.30,17.30,16.85,16.95,-0.35,"1,652",
112/03/02,"2,347,036","39,831,926",16.90,17.15,16.80,17.10,+0.15,"1,214",
112/03/03,"1,567,806","26,833,350",17.20,17.20,17.00,17.15,+0.05,934,
112/03/06,"2,122,098","36,524,092",17.25,17.35,17.10,17.20,+0.05,"1,105",
112/03/07,"3,944,643","68,349,871",17.20,17.50,17.10,17.30,+0.10,"1,544",
112/03/08,"2,074,279","35,723,010",17.20,17.30,17.15,17.25,-0.05,"1,213",
112/03/09,"2,398,097","40,996,990",17.30,17.35,17.00,17.00,-0.25,"1,306",
112/03/10,"4,639,039","77,010,066",16.85,16.85,16.45,16.50,-0.50,"2,232",
112/03/13,"3,037,997","49,413,666",16.10,16.50,16.10,16.40,-0.10,"1,329",
112/03/14,"1,955,841","31,785,776",16.30,16.40,16.15,16.20,-0.20,904,
112/03/15,"1,682,402","27,202,939",16.30,16.35,16.10,16.10,-0.10,936,
112/03/16,"4,906,455","76,837,493",16.10,16.10,15.30,15.50,-0.60,"2,064",
112/03/17,"2,190,951","34,421,212",15.80,15.85,15.55,15.70,+0.20,"1,003",
112/03/20,"1,058,036","16,629,729",15.70,15.80,15.65,15.70, 0.00,600,
112/03/21,"1,289,399","20,352,092",15.70,15.90,15.70,15.70, 0.00,660,
112/03/22,"1,267,044","19,910,923",15.80,15.80,15.65,15.70, 0.00,682,
112/03/23,"1,290,391","20,144,179",15.70,15.70,15.55,15.60,-0.10,699,
112/03/24,"2,394,556","37,350,638",15.75,15.75,15.55,15.60, 0.00,"1,036",
112/03/27,"1,601,510","25,189,883",15.65,15.85,15.60,15.70,+0.10,738,
112/03/28,"1,022,893","15,979,042",15.70,15.70,15.55,15.60,-0.10,659,
112/03/29,"917,587","14,317,561",15.60,15.70,15.55,15.60, 0.00,541,
112/03/30,"1,111,236","17,302,735",15.65,15.65,15.50,15.55,-0.05,593,
112/03/31,"954,200","14,923,705",15.60,15.75,15.55,15.70,+0.15,627,
112/04/06,"1,261,287","19,632,468",15.70,15.70,15.50,15.50,-0.20,789,
112/04/07,"999,780","15,568,138",15.60,15.65,15.50,15.60,+0.10,574,
112/04/10,"805,450","12,642,053",15.70,15.75,15.65,15.65,+0.05,545,
112/04/11,"982,706","15,379,931",15.80,15.80,15.60,15.65, 0.00,600,
112/04/12,"2,509,903","39,727,711",15.70,15.95,15.60,15.85,+0.20,"1,278",
112/04/13,"4,548,412","73,626,256",16.00,16.35,15.85,16.30,+0.45,"2,158",
112/04/14,"3,081,034","49,884,799",16.45,16.45,16.10,16.10,-0.20,"1,404",
112/04/17,"1,667,981","26,734,251",16.10,16.15,15.95,16.00,-0.10,922,
112/04/18,"1,459,953","23,210,460",16.10,16.15,15.80,15.80,-0.20,805,
112/04/19,"1,480,861","23,454,327",15.85,16.00,15.75,15.75,-0.05,920,
112/04/20,"1,152,519","18,061,568",15.75,15.80,15.60,15.65,-0.10,589,
112/04/21,"1,876,768","29,103,008",15.60,15.70,15.40,15.40,-0.25,879,
112/04/24,"1,220,077","18,719,462",15.40,15.45,15.25,15.30,-0.10,626,
112/04/25,"3,196,999","48,165,363",15.40,15.50,14.85,14.85,-0.45,"1,597",
112/04/26,"2,505,254","37,802,940",14.90,15.25,14.90,15.15,+0.30,"1,081",
112/04/27,"1,015,996","15,287,998",15.20,15.20,14.95,15.05,-0.10,625,
112/04/28,"1,302,515","19,766,496",15.20,15.25,15.10,15.20,+0.15,682,
112/05/02,"1,923,214","29,280,351",15.20,15.35,15.00,15.35,+0.15,774,
112/05/03,"1,488,301","22,445,272",15.30,15.30,15.00,15.00,-0.35,888,
112/05/04,"1,963,376","29,231,444",15.10,15.15,14.80,14.85,-0.15,"1,120",
112/05/05,"2,970,002","44,930,959",15.10,15.25,15.00,15.20,+0.35,"1,086",
112/05/08,"1,590,988","24,241,178",15.30,15.30,15.20,15.20, 0.00,710,
112/05/09,"3,391,775","51,706,370",15.25,15.35,15.15,15.25,+0.05,848,
112/05/10,"2,189,839","33,374,838",15.20,15.30,15.15,15.25, 0.00,688,
112/05/11,"2,300,215","34,862,441",15.30,15.30,15.10,15.10,-0.15,649,
112/05/12,"2,838,275","42,740,691",15.05,15.20,14.95,15.20,+0.10,881,
112/05/15,"1,835,068","27,863,458",15.00,15.25,15.00,15.20, 0.00,639,
112/05/16,"1,260,401","19,222,757",15.20,15.30,15.15,15.25,+0.05,675,
112/05/17,"3,144,732","48,673,470",15.25,15.65,15.20,15.50,+0.25,"1,797",
112/05/18,"1,832,299","28,436,302",15.40,15.60,15.40,15.50, 0.00,740,
112/05/19,"1,275,959","19,713,739",15.50,15.60,15.35,15.35,-0.15,596,
112/05/22,"1,166,353","17,977,457",15.35,15.50,15.25,15.45,+0.10,569,
112/05/23,"1,306,728","20,318,408",15.45,15.65,15.45,15.50,+0.05,894,
112/05/24,"1,493,471","23,216,786",15.50,15.65,15.45,15.60,+0.10,760,
112/05/25,"2,025,111","31,175,245",15.50,15.55,15.25,15.25,-0.35,856,
112/05/26,"2,003,639","30,560,186",15.25,15.35,15.15,15.30,+0.05,807,
112/05/29,"1,663,334","25,480,610",15.35,15.45,15.25,15.30, 0.00,648,
112/05/30,"1,447,236","22,177,562",15.30,15.45,15.25,15.35,+0.05,622,
112/05/31,"1,585,587","24,340,849",15.35,15.45,15.25,15.45,+0.10,"1,067",
112/06/01,"1,577,981","24,177,162",15.40,15.45,15.25,15.30,-0.15,976,
112/06/02,"2,796,316","42,726,887",15.35,15.35,15.20,15.30, 0.00,921,
112/06/05,"3,981,771","62,287,070",15.30,15.75,15.30,15.60,+0.30,"1,572",
112/06/06,"1,250,606","19,532,880",15.65,15.75,15.55,15.60, 0.00,754,
112/06/07,"1,485,442","23,227,174",15.75,15.75,15.60,15.60, 0.00,798,
112/06/08,"1,163,504","18,052,278",15.60,15.60,15.45,15.45,-0.15,774,
112/06/09,"1,620,680","25,136,594",15.45,15.60,15.40,15.55,+0.10,742,
112/06/12,"1,300,566","20,029,265",15.50,15.55,15.35,15.35,-0.20,622,
112/06/13,"1,904,749","29,129,109",15.30,15.35,15.20,15.35, 0.00,918,
112/06/14,"1,892,067","29,110,934",15.40,15.55,15.30,15.30,-0.05,846,
112/06/15,"1,851,675","28,330,429",15.30,15.40,15.25,15.35,+0.05,698,
112/06/16,"3,924,945","60,944,328",15.40,15.80,15.30,15.45,+0.10,"1,528",
112/06/19,"1,786,109","27,751,438",15.50,15.65,15.40,15.55,+0.10,894,
112/06/20,"1,277,320","19,833,444",15.55,15.60,15.45,15.50,-0.05,625,
112/06/21,"1,247,733","19,330,564",15.50,15.55,15.45,15.50, 0.00,713,
112/06/26,"6,388,485","101,510,628",15.60,16.10,15.55,15.80,+0.30,"2,598",
112/06/27,"2,508,871","39,427,582",15.80,15.90,15.60,15.65,-0.15,"1,157",
112/06/28,"1,227,277","19,247,077",15.75,15.80,15.60,15.70,+0.05,593,
112/06/29,"1,411,226","22,239,263",15.80,15.95,15.65,15.70, 0.00,741,
112/06/30,"1,093,913","17,203,989",15.75,15.80,15.65,15.70, 0.00,609,
112/07/03,"1,834,235","28,834,260",15.70,15.80,15.65,15.80,+0.10,747,
112/07/04,"2,143,832","33,825,932",15.80,15.85,15.70,15.75,-0.05,817,
112/07/05,"2,321,383","36,847,885",15.80,16.00,15.75,15.85,+0.10,"1,132",
112/07/06,"2,285,135","36,116,116",15.75,15.95,15.65,15.80,-0.05,989,
112/07/07,"2,586,521","40,213,773",15.70,15.70,15.50,15.60,-0.20,889,
112/07/10,"2,462,871","37,838,793",15.50,15.55,15.25,15.25,-0.35,"1,105",
112/07/11,"1,355,594","20,626,408",15.40,15.40,15.15,15.15,-0.10,827,
112/07/12,"1,891,740","28,489,167",15.20,15.25,15.00,15.05,-0.10,893,
112/07/13,"4,010,549","60,044,607",15.20,15.20,14.85,15.00,-0.05,"1,355",
112/07/14,"1,871,198","28,229,030",15.10,15.20,15.00,15.05,+0.05,918,
112/07/17,"1,574,081","23,676,904",15.05,15.15,14.95,15.10,+0.05,754,
112/07/18,"1,832,435","27,440,081",15.10,15.15,14.85,15.05,-0.05,947,
112/07/19,"2,484,419","37,031,942",15.00,15.00,14.80,14.95,-0.10,"1,126",
112/07/20,"1,763,349","26,512,203",14.95,15.15,14.85,15.05,+0.10,843,
112/07/21,"2,365,254","35,382,885",15.00,15.10,14.90,15.00,-0.05,868,
112/07/24,"2,833,332","42,568,220",15.05,15.25,14.85,15.10,+0.10,"1,070",
112/07/25,"3,327,544","50,068,912",15.00,15.15,14.85,15.10, 0.00,"1,282",
112/07/26,"2,447,719","36,829,835",14.90,15.20,14.90,15.00,X0.00,"1,094",
112/07/27,"1,732,110","26,217,706",15.15,15.20,15.05,15.15,+0.15,894,
112/07/28,"1,127,705","17,050,035",15.15,15.20,15.05,15.15, 0.00,720,
112/07/31,"3,016,038","45,257,173",15.20,15.20,14.90,14.95,-0.20,"1,254",
112/08/01,"2,373,340","36,043,086",15.15,15.30,15.10,15.20,+0.25,953,
112/08/02,"7,604,074","118,567,005",15.20,15.95,15.15,15.40,+0.20,"3,001",
112/08/04,"4,365,327","68,469,072",15.50,15.85,15.40,15.85,+0.45,"1,818",
112/08/07,"3,302,986","51,413,205",15.80,15.80,15.40,15.60,-0.25,"1,250",
112/08/08,"1,907,546","29,728,453",15.65,15.80,15.50,15.60, 0.00,996,
112/08/09,"2,454,056","37,651,071",15.60,15.60,15.20,15.25,-0.35,"1,168",
112/08/10,"1,383,111","20,868,049",15.20,15.20,15.00,15.10,-0.15,673,
112/08/11,"1,586,655","23,823,474",15.05,15.15,14.95,15.00,-0.10,706,
112/08/14,"3,046,340","44,371,038",14.90,14.90,14.40,14.40,-0.60,"1,411",
112/08/15,"2,862,504","42,787,038",14.70,15.15,14.60,15.00,+0.60,"1,225",
112/08/16,"2,580,866","38,965,447",15.00,15.20,14.80,15.20,+0.20,"1,096",
112/08/17,"3,087,168","46,094,908",15.15,15.15,14.75,15.00,-0.20,"1,268",
112/08/18,"1,632,028","24,736,465",15.10,15.25,14.90,15.25,+0.25,773,
112/08/21,"1,119,750","16,988,127",15.20,15.25,15.10,15.15,-0.10,455,
112/08/22,"867,981","13,090,977",15.15,15.20,15.00,15.10,-0.05,413,
112/08/23,"1,282,092","19,344,896",15.20,15.20,15.00,15.15,+0.05,565,
112/08/24,"1,887,800","28,351,614",15.15,15.15,14.90,15.05,-0.10,736,
112/08/25,"1,497,462","22,655,837",15.00,15.25,15.00,15.05, 0.00,624,
112/08/28,"611,177","9,216,478",15.00,15.20,15.00,15.10,+0.05,357,
112/08/29,"1,196,796","18,004,862",15.05,15.15,14.95,15.10, 0.00,645,
112/08/30,"894,716","13,482,974",15.00,15.15,15.00,15.05,-0.05,542,
112/08/31,"1,378,371","20,775,292",15.05,15.15,14.95,15.15,+0.10,623,
112/09/01,"1,216,977","18,427,701",15.05,15.20,15.05,15.20,+0.05,510,
112/09/04,"2,635,565","40,609,962",15.15,15.60,15.15,15.45,+0.25,"1,319",
112/09/05,"886,179","13,586,481",15.45,15.45,15.25,15.30,-0.15,595,
112/09/06,"1,048,860","16,007,900",15.35,15.35,15.15,15.30, 0.00,534,
112/09/07,"1,381,435","20,945,299",15.20,15.25,15.10,15.15,-0.15,521,
112/09/08,"1,103,666","16,652,343",15.10,15.15,15.00,15.15, 0.00,510,
112/09/11,"1,640,880","24,757,216",15.15,15.20,15.00,15.20,+0.05,543,
112/09/12,"963,449","14,634,877",15.20,15.25,15.10,15.25,+0.05,461,
112/09/13,"885,160","13,466,551",15.25,15.25,15.15,15.25, 0.00,488,
112/09/14,"1,250,269","19,085,119",15.20,15.35,15.20,15.30,+0.05,626,
112/09/15,"1,735,048","26,757,213",15.35,15.50,15.30,15.45,+0.15,849,
112/09/18,"1,939,587","30,242,460",15.45,15.70,15.45,15.50,+0.05,892,
112/09/19,"839,064","12,958,021",15.50,15.55,15.40,15.40,-0.10,450,
112/09/20,"1,113,013","17,250,716",15.45,15.60,15.45,15.45,+0.05,597,
112/09/21,"1,153,136","17,640,346",15.45,15.50,15.20,15.30,-0.15,583,
112/09/22,"753,529","11,501,345",15.25,15.35,15.20,15.30, 0.00,401,
112/09/25,"420,107","6,421,906",15.30,15.35,15.25,15.30, 0.00,292,
112/09/26,"1,100,534","16,747,143",15.25,15.30,15.15,15.25,-0.05,472,
112/09/27,"1,785,838","27,151,546",15.15,15.30,15.10,15.25, 0.00,598,
112/09/28,"2,535,812","38,364,450",15.15,15.25,15.00,15.25, 0.00,896,
112/10/02,"959,794","14,586,872",15.25,15.25,15.15,15.25, 0.00,413,
112/10/03,"1,277,434","19,415,520",15.25,15.25,15.15,15.20,-0.05,523,
112/10/04,"2,486,423","37,538,190",15.10,15.20,15.00,15.20, 0.00,711,
112/10/05,"903,192","13,805,614",15.15,15.40,15.15,15.25,+0.05,442,
112/10/06,"892,679","13,637,694",15.25,15.35,15.20,15.30,+0.05,403,
112/10/11,"1,838,261","27,960,555",15.30,15.30,15.10,15.25,-0.05,769,
112/10/12,"1,645,097","25,036,767",15.30,15.30,15.15,15.30,+0.05,765,
112/10/13,"1,598,043","24,338,070",15.15,15.30,15.10,15.30, 0.00,568,
112/10/16,"830,000","12,601,290",15.25,15.25,15.15,15.15,-0.15,458,
112/10/17,"1,276,392","19,407,420",15.30,15.30,15.15,15.15, 0.00,643,
112/10/18,"6,143,495","93,057,704",15.10,15.25,14.95,15.25,+0.10,"1,338",
112/10/19,"1,606,410","24,286,644",15.15,15.20,15.05,15.15,-0.10,517,
112/10/20,"1,617,348","24,459,551",15.15,15.20,15.05,15.15, 0.00,521,
112/10/23,"2,000,336","30,507,169",15.05,15.35,15.05,15.25,+0.10,736,
112/10/24,"1,785,077","27,482,968",15.35,15.55,15.25,15.40,+0.15,887,
112/10/25,"1,015,013","15,724,228",15.45,15.60,15.40,15.45,+0.05,577,
112/10/26,"2,489,632","38,584,191",15.50,15.65,15.30,15.35,-0.10,"1,011",
112/10/27,"741,516","11,450,201",15.40,15.50,15.35,15.50,+0.15,387,
112/10/30,"716,646","11,100,652",15.55,15.60,15.40,15.45,-0.05,380,
112/10/31,"1,552,380","24,102,866",15.50,15.60,15.45,15.45, 0.00,"1,015",
112/11/01,"809,443","12,442,968",15.50,15.55,15.30,15.30,-0.15,401,
112/11/02,"587,526","9,061,867",15.40,15.50,15.35,15.40,+0.10,356,
112/11/03,"1,252,909","19,334,150",15.45,15.50,15.35,15.40, 0.00,535,
112/11/06,"1,173,946","18,233,503",15.40,15.60,15.40,15.55,+0.15,631,
112/11/07,"577,889","8,948,848",15.55,15.55,15.45,15.45,-0.10,404,
112/11/08,"572,708","8,816,792",15.50,15.50,15.35,15.35,-0.10,319,
112/11/09,"651,712","9,983,711",15.35,15.40,15.30,15.30,-0.05,301,
112/11/10,"736,644","11,266,074",15.25,15.35,15.25,15.25,-0.05,309,
112/11/13,"1,247,938","19,097,467",15.35,15.40,15.25,15.30,+0.05,436,
112/11/14,"805,170","12,321,903",15.30,15.35,15.25,15.35,+0.05,387,
112/11/15,"2,372,375","36,863,566",15.45,15.70,15.40,15.65,+0.30,"1,143",
112/11/16,"4,517,829","71,620,884",15.80,15.95,15.70,15.95,+0.30,"1,618",
112/11/17,"1,598,696","25,286,886",16.00,16.00,15.70,15.70,-0.25,710,
112/11/20,"1,132,346","17,800,885",15.80,15.85,15.60,15.70, 0.00,574,
112/11/21,"11,187,230","183,757,695",16.00,16.75,16.00,16.55,+0.85,"4,474",
112/11/22,"13,484,760","228,100,723",16.70,17.30,16.60,16.65,+0.10,"5,364",
112/11/23,"4,869,241","81,403,015",16.65,16.85,16.50,16.85,+0.20,"1,744",
112/11/24,"4,653,145","79,094,422",16.90,17.15,16.80,17.00,+0.15,"1,852",
112/11/27,"3,962,097","67,065,429",17.35,17.35,16.65,16.90,-0.10,"2,066",
112/11/28,"2,474,203","42,132,604",16.90,17.20,16.90,17.00,+0.10,"1,163",
112/11/29,"2,728,796","45,823,917",17.15,17.15,16.65,16.65,-0.35,"1,525",
112/11/30,"2,549,818","42,351,080",16.65,16.80,16.50,16.60,-0.05,"1,398",
112/12/01,"2,415,555","40,875,353",16.70,17.05,16.70,16.95,+0.35,"1,067",
112/12/04,"3,588,786","61,250,727",17.05,17.25,16.80,17.15,+0.20,"1,749",
112/12/05,"2,997,393","51,567,855",17.10,17.30,17.00,17.25,+0.10,"1,391",
112/12/06,"1,852,412","31,892,906",17.20,17.30,17.05,17.20,-0.05,"1,033",
112/12/07,"3,158,734","53,779,386",17.20,17.20,16.90,16.95,-0.25,"1,450",
112/12/08,"2,023,185","34,305,282",17.05,17.10,16.85,16.95, 0.00,859,
112/12/11,"1,598,901","27,276,314",17.00,17.20,16.95,16.95, 0.00,832,
112/12/12,"1,228,659","20,726,749",17.00,17.05,16.80,16.85,-0.10,710,
112/12/13,"2,112,238","35,615,430",17.00,17.00,16.75,16.90,+0.05,746,
112/12/14,"2,185,913","37,041,449",17.00,17.05,16.80,16.95,+0.05,"1,077",
112/12/15,"20,140,690","368,788,723",17.00,18.60,17.00,18.60,+1.65,"7,434",
112/12/18,"57,501,603","1,091,933,138",18.85,19.95,18.20,18.20,-0.40,"20,807",
112/12/19,"18,614,425","335,762,649",18.20,18.55,17.60,18.00,-0.20,"7,189",
112/12/20,"12,038,164","219,680,472",18.30,18.85,17.90,18.05,+0.05,"4,968",
112/12/21,"8,528,885","156,912,522",17.80,18.65,17.80,18.45,+0.40,"3,320",
112/12/22,"3,692,227","67,012,524",18.30,18.40,18.00,18.20,-0.25,"1,938",
112/12/25,"14,740,649","272,537,639",18.40,19.05,18.00,18.05,-0.15,"5,715",
112/12/26,"4,421,433","80,559,590",18.05,18.45,18.05,18.15,+0.10,"1,690",
112/12/27,"2,599,149","46,955,523",18.15,18.25,17.95,17.95,-0.20,"1,532",
112/12/28,"4,999,982","88,953,484",17.95,18.05,17.65,17.75,-0.20,"2,067",
112/12/29,"1,622,990","28,940,508",17.80,17.95,17.70,17.85,+0.10,764,
113/01/02,"2,012,063","36,073,439",18.00,18.10,17.85,17.95,+0.10,894,
113/01/03,"2,757,272","48,808,985",17.95,17.95,17.60,17.65,-0.30,"1,255",
113/01/04,"2,140,107","38,189,556",17.65,18.00,17.65,17.80,+0.15,985,
113/01/05,"2,694,111","48,459,980",17.95,18.10,17.80,18.05,+0.25,"1,252",
113/01/08,"1,982,742","35,699,819",18.25,18.30,17.80,17.80,-0.25,"1,050",
113/01/09,"4,717,074","81,548,729",17.95,17.95,17.10,17.10,-0.70,"2,121",
113/01/10,"3,079,420","51,756,458",17.00,17.10,16.65,16.70,-0.40,"1,553",
113/01/11,"3,066,095","50,666,819",16.65,16.80,16.35,16.40,-0.30,"1,552",
113/01/12,"1,320,844","21,615,772",16.40,16.50,16.25,16.30,-0.10,687,
113/01/15,"1,183,073","19,391,861",16.30,16.50,16.30,16.35,+0.05,629,
113/01/16,"2,714,311","43,285,837",16.35,16.35,15.80,15.80,-0.55,"1,438",
113/01/17,"2,429,042","38,078,574",15.60,15.85,15.60,15.65,-0.15,"1,175",
113/01/18,"1,060,110","16,696,210",15.65,15.90,15.65,15.75,+0.10,640,
113/01/19,"1,445,341","22,541,576",15.65,15.75,15.50,15.60,-0.15,741,
113/01/22,"833,239","13,114,538",15.60,15.85,15.60,15.75,+0.15,558,
113/01/23,"951,435","15,139,190",15.80,16.00,15.80,15.95,+0.20,505,
113/01/24,"1,360,633","21,732,732",15.95,16.15,15.80,15.80,-0.15,757,
113/01/25,"821,239","12,968,705",15.85,15.95,15.65,15.65,-0.15,492,
113/01/26,"802,217","12,589,537",15.75,15.75,15.60,15.75,+0.10,522,
113/01/29,"994,513","15,643,170",15.60,15.85,15.50,15.75, 0.00,583,
113/01/30,"1,405,327","21,893,130",15.75,15.80,15.50,15.50,-0.25,874,
113/01/31,"1,078,813","16,655,070",15.50,15.55,15.40,15.40,-0.10,587,
113/02/01,"813,758","12,610,583",15.40,15.60,15.40,15.50,+0.10,511,
113/02/02,"1,504,494","23,095,236",15.50,15.50,15.25,15.25,-0.25,"1,043",
113/02/05,"1,709,683","25,961,206",15.25,15.35,15.10,15.25, 0.00,885,
113/02/15,"1,732,112","26,528,227",15.25,15.45,15.10,15.45,+0.20,996,
113/02/16,"1,980,879","31,050,252",15.45,15.75,15.45,15.75,+0.30,"1,249",
113/02/19,"1,990,953","31,678,621",15.90,16.05,15.80,16.00,+0.25,"1,142",
113/02/20,"1,072,435","17,038,539",16.00,16.05,15.80,15.90,-0.10,673,
113/02/21,"1,161,022","18,454,154",15.90,15.95,15.80,15.90, 0.00,705,
113/02/22,"1,683,783","26,891,588",16.00,16.10,15.90,15.90, 0.00,961,
113/02/23,"3,527,406","55,005,525",15.85,15.85,15.40,15.40,-0.50,"1,735",
113/02/26,"1,461,249","22,642,122",15.50,15.60,15.35,15.40, 0.00,939,
113/02/27,"2,249,183","34,232,850",15.40,15.40,15.00,15.30,-0.10,"1,213",
113/02/29,"2,006,051","30,571,369",15.30,15.35,15.20,15.25,-0.05,863,
113/03/01,"1,495,797","22,778,385",15.20,15.35,15.15,15.30,+0.05,776,
113/03/04,"1,524,820","23,383,498",15.25,15.40,15.20,15.30, 0.00,767,
113/03/05,"1,810,238","27,818,998",15.30,15.45,15.25,15.35,+0.05,871,
113/03/06,"1,408,648","21,613,665",15.35,15.50,15.25,15.30,-0.05,794,
113/03/07,"2,125,708","32,539,990",15.25,15.40,15.20,15.35,+0.05,997,
113/03/08,"5,665,375","85,081,424",15.20,15.25,14.85,15.10,-0.25,"2,050",
113/03/11,"1,217,125","18,487,324",15.10,15.25,15.10,15.20,+0.10,715,
113/03/12,"1,208,140","18,350,787",15.25,15.30,15.10,15.25,+0.05,773,
113/03/13,"1,635,318","24,718,408",15.15,15.20,15.05,15.15,-0.10,729,
113/03/14,"2,308,081","35,418,893",15.15,15.50,15.10,15.25,+0.10,"1,092",
113/03/15,"2,007,065","30,274,941",15.35,15.35,15.00,15.00,-0.25,905,
113/03/18,"1,774,416","26,769,322",15.00,15.15,15.00,15.15,+0.15,766,
113/03/19,"1,450,003","21,972,283",15.15,15.30,15.05,15.25,+0.10,746,
113/03/20,"2,312,294","34,908,835",15.10,15.15,15.00,15.15,-0.10,850,
113/03/21,"1,896,479","28,923,711",15.15,15.35,15.15,15.35,+0.20,868,
113/03/22,"2,022,469","31,187,054",15.35,15.55,15.30,15.50,+0.15,"1,023",
113/03/25,"1,346,822","20,914,105",15.50,15.65,15.40,15.40,-0.10,850,
113/03/26,"1,102,399","16,926,762",15.30,15.50,15.30,15.30,-0.10,653,
113/03/27,"939,383","14,384,340",15.20,15.40,15.20,15.30, 0.00,558,
113/03/28,"974,561","14,946,089",15.40,15.50,15.20,15.25,-0.05,581,
113/03/29,"1,194,673","18,179,476",15.25,15.35,15.15,15.15,-0.10,695,
113/04/01,"661,575","10,052,219",15.20,15.25,15.15,15.15, 0.00,480,
113/04/02,"824,799","12,511,426",15.20,15.25,15.10,15.15, 0.00,579,
113/04/03,"6,133,709","95,916,021",15.75,16.30,15.30,15.30,+0.15,"2,447",
113/04/08,"2,213,172","34,583,454",15.40,15.75,15.40,15.65,+0.35,"1,185",
113/04/09,"13,332,578","219,110,932",15.75,16.80,15.70,16.65,+1.00,"6,069",
113/04/10,"5,578,138","90,539,384",16.65,16.65,16.00,16.00,-0.65,"2,897",
113/04/11,"2,243,766","35,464,197",16.00,16.00,15.70,15.75,-0.25,"1,124",
113/04/12,"2,277,023","35,393,492",15.55,15.70,15.40,15.50,-0.25,"1,164",
113/04/15,"1,628,430","25,278,993",15.35,15.80,15.35,15.40,-0.10,965,
113/04/16,"3,014,848","45,633,837",15.50,15.50,15.00,15.15,-0.25,"1,379",
113/04/17,"1,822,076","27,612,712",15.05,15.25,15.05,15.15, 0.00,885,
113/04/18,"4,061,079","63,642,525",15.45,15.90,15.45,15.60,+0.45,"1,946",
113/04/19,"3,105,060","47,796,798",15.65,15.90,15.05,15.25,-0.35,"1,595",
113/04/22,"1,723,579","26,377,879",15.30,15.50,15.15,15.25, 0.00,847,
113/04/23,"1,098,336","16,750,998",15.25,15.45,15.15,15.25, 0.00,611,
113/04/24,"1,962,092","29,749,288",15.25,15.30,15.10,15.20,-0.05,953,
113/04/25,"1,485,299","22,473,414",15.25,15.25,15.05,15.20, 0.00,658,
113/04/26,"1,887,761","28,587,130",15.10,15.20,15.05,15.20, 0.00,665,
113/04/29,"2,953,695","45,665,470",15.20,15.60,15.20,15.60,+0.40,"1,160",
113/04/30,"982,086","15,170,429",15.60,15.60,15.35,15.40,-0.20,512,
113/05/02,"1,225,931","19,065,805",15.40,15.70,15.40,15.55,+0.15,684,
113/05/03,"1,177,301","18,322,945",15.55,15.70,15.40,15.45,-0.10,600,
113/05/06,"1,382,495","21,488,613",15.50,15.65,15.45,15.55,+0.10,673,
113/05/07,"1,318,856","20,371,415",15.65,15.70,15.30,15.45,-0.10,586,
113/05/08,"780,497","11,983,775",15.40,15.40,15.30,15.35,-0.10,377,
113/05/09,"789,798","12,061,985",15.40,15.40,15.20,15.20,-0.15,523,
113/05/10,"765,168","11,707,043",15.25,15.40,15.20,15.35,+0.15,513,
113/05/13,"868,578","13,406,739",15.35,15.55,15.30,15.40,+0.05,511,
113/05/14,"1,346,999","20,874,552",15.40,15.60,15.40,15.60,+0.20,566,
113/05/15,"1,504,704","23,580,119",15.70,15.75,15.60,15.70,+0.10,921,
113/05/16,"3,900,444","62,064,847",15.80,16.10,15.70,16.10,+0.40,"1,953",
113/05/17,"2,137,372","34,509,089",16.10,16.25,16.00,16.20,+0.10,"1,179",
113/05/20,"6,635,291","109,381,721",16.30,16.80,16.25,16.25,+0.05,"2,970",
113/05/21,"2,934,628","47,480,071",16.30,16.60,15.95,15.95,-0.30,"1,450",
113/05/22,"1,654,139","26,254,072",16.00,16.15,15.75,15.80,-0.15,898,
113/05/23,"2,247,070","34,767,242",15.65,15.65,15.35,15.35,-0.45,"1,134",
113/05/24,"937,468","14,383,251",15.30,15.45,15.20,15.40,+0.05,556,
113/05/27,"1,543,048","23,712,815",15.40,15.50,15.30,15.35,-0.05,853,
113/05/28,"1,628,151","25,313,700",15.40,15.70,15.40,15.60,+0.25,980,
113/05/29,"1,208,564","18,732,411",15.65,15.65,15.40,15.50,-0.10,768,
113/05/30,"781,117","12,036,654",15.45,15.50,15.35,15.40,-0.10,535,
113/05/31,"2,691,954","42,378,701",15.40,15.90,15.40,15.90,+0.50,818,
113/06/03,"2,151,774","33,569,948",15.90,15.90,15.50,15.60,-0.30,947,
113/06/04,"1,502,804","23,187,887",15.55,15.65,15.30,15.35,-0.25,780,
113/06/05,"964,494","14,803,249",15.45,15.45,15.30,15.35, 0.00,683,
113/06/06,"1,839,709","28,016,186",15.30,15.35,15.15,15.20,-0.15,941,
113/06/07,"1,062,132","16,292,156",15.20,15.45,15.20,15.40,+0.20,635,
113/06/11,"1,990,544","30,305,105",15.40,15.45,15.15,15.15,-0.25,881,
113/06/12,"1,399,073","21,211,145",15.20,15.20,15.10,15.15, 0.00,851,
113/06/13,"1,101,799","16,724,918",15.20,15.20,15.15,15.20,+0.05,653,
113/06/14,"1,024,606","15,591,782",15.20,15.30,15.15,15.25,+0.05,564,
113/06/17,"1,037,038","15,887,486",15.30,15.35,15.25,15.30,+0.05,625,
113/06/18,"1,187,412","18,060,900",15.40,15.40,15.15,15.20,-0.10,793,
113/06/19,"1,399,093","21,346,100",15.20,15.35,15.20,15.25,+0.05,939,
113/06/20,"7,939,126","125,422,792",15.30,16.20,15.30,15.85,+0.60,"2,987",
113/06/21,"10,245,143","165,033,623",16.10,16.30,15.85,16.20,+0.35,"3,348",
113/06/24,"2,452,680","38,743,465",16.20,16.20,15.70,15.70,-0.50,"1,538",
113/06/25,"950,801","14,826,220",15.85,15.85,15.45,15.55,-0.15,568,
113/06/26,"1,642,784","25,653,348",15.55,15.75,15.55,15.65,+0.10,788,
113/06/27,"1,823,169","28,185,428",15.55,15.60,15.30,15.35,-0.30,818,
113/06/28,"1,097,481","16,913,489",15.35,15.50,15.30,15.40,+0.05,635,
113/07/01,"767,497","11,866,795",15.40,15.55,15.40,15.45,+0.05,450,
113/07/02,"1,326,054","20,312,675",15.35,15.45,15.25,15.30,-0.15,718,
113/07/03,"1,481,064","22,955,595",15.30,15.65,15.30,15.60,+0.30,773,
113/07/04,"2,348,258","36,980,755",15.65,15.85,15.60,15.75,+0.15,"1,224",
113/07/05,"1,250,074","19,559,297",15.80,15.80,15.55,15.70,-0.05,693,
113/07/08,"1,336,513","20,971,230",15.85,15.85,15.60,15.65,-0.05,742,
113/07/09,"1,655,117","25,577,664",15.65,15.65,15.30,15.45,-0.20,819,
113/07/10,"955,672","14,690,950",15.45,15.45,15.30,15.35,-0.10,611,
113/07/11,"1,193,647","18,318,510",15.40,15.40,15.30,15.35, 0.00,679,
113/07/12,"1,302,381","20,166,575",15.35,15.60,15.35,15.50,+0.15,627,
113/07/15,"1,034,397","16,019,150",15.50,15.60,15.40,15.45,-0.05,560,
113/07/16,"955,017","14,715,238",15.50,15.55,15.35,15.35,-0.10,493,
113/07/17,"1,105,127","17,078,949",15.35,15.55,15.35,15.50,+0.15,600,
113/07/18,"1,878,068","29,348,732",15.55,15.75,15.40,15.55,+0.05,976,
113/07/19,"1,893,992","29,020,537",15.50,15.50,15.20,15.30,-0.25,"1,005",
113/07/22,"2,317,953","35,281,217",15.30,15.40,15.10,15.30, 0.00,"1,030",
113/07/23,"1,777,356","27,353,663",15.35,15.50,15.30,15.35,+0.05,"1,010",
113/07/26,"1,828,731","27,670,334",15.20,15.20,15.05,15.20,+0.05,"1,077",
113/07/29,"994,917","15,129,357",15.30,15.30,15.10,15.20, 0.00,613,
113/07/30,"1,428,573","21,622,168",15.15,15.25,15.05,15.15,-0.05,691,
113/07/31,"734,879","11,159,855",15.20,15.30,15.10,15.20,+0.05,480,
113/08/01,"1,623,420","24,882,798",15.30,15.45,15.20,15.40,+0.20,815,
113/08/02,"1,682,361","25,493,057",15.20,15.25,15.05,15.20,-0.20,778,
113/08/05,"7,482,124","104,075,246",15.00,15.00,13.70,14.00,-1.20,"2,523",
113/08/06,"5,011,208","69,826,370",14.20,14.35,13.40,14.35,+0.35,"1,597",
113/08/07,"1,917,878","28,033,866",14.15,14.80,14.15,14.70,+0.35,845,
113/08/08,"1,960,892","28,866,393",14.40,15.00,14.40,15.00,+0.30,867,
113/08/09,"2,880,783","43,427,873",14.80,15.25,14.80,15.00, 0.00,"1,148",
113/08/12,"832,698","12,502,931",15.00,15.15,14.90,15.00, 0.00,478,
113/08/13,"1,827,049","27,405,893",15.05,15.10,14.90,15.00, 0.00,507,
113/08/14,"2,476,223","37,646,626",15.00,15.40,15.00,15.05,+0.05,992,
113/08/15,"1,032,968","15,509,017",15.10,15.20,14.95,15.00,-0.05,548,
113/08/16,"1,583,294","23,744,310",15.15,15.15,14.90,14.90,-0.10,666,
113/08/19,"955,817","14,237,397",14.90,15.00,14.80,14.95,+0.05,572,
113/08/20,"987,923","14,749,135",14.95,15.00,14.85,14.85,-0.10,541,
113/08/21,"1,496,614","22,482,698",14.90,15.05,14.85,15.05,+0.20,658,
113/08/22,"936,436","14,158,819",15.05,15.20,15.00,15.10,+0.05,409,
113/08/23,"697,368","10,526,549",15.00,15.15,15.00,15.15,+0.05,414,
113/08/26,"1,441,749","22,072,775",15.15,15.40,15.15,15.35,+0.20,681,
113/08/27,"802,807","12,216,606",15.25,15.30,15.15,15.20,-0.15,474,
113/08/28,"980,843","14,703,244",15.15,15.15,14.90,15.00,X0.00,538,
113/08/29,"770,612","11,502,736",15.00,15.00,14.85,15.00, 0.00,439,
113/08/30,"1,265,592","19,066,207",15.00,15.15,14.95,15.15,+0.15,564,
113/09/02,"658,864","9,889,220",15.05,15.15,14.95,15.00,-0.15,355,
113/09/03,"578,441","8,636,500",14.95,15.00,14.85,14.95,-0.05,311,
113/09/04,"3,172,763","45,838,308",14.70,14.70,14.15,14.50,-0.45,"1,610",
113/09/05,"1,846,448","26,950,354",14.50,14.80,14.40,14.80,+0.30,835,
113/09/06,"1,295,212","19,154,500",14.75,14.90,14.65,14.85,+0.05,713,
113/09/09,"2,255,866","33,191,768",14.50,15.00,14.40,15.00,+0.15,964,
113/09/10,"2,270,584","33,979,055",14.90,15.05,14.85,14.95,-0.05,866,
113/09/11,"1,141,172","17,071,368",14.95,15.00,14.90,15.00,+0.05,540,
113/09/12,"1,128,210","16,920,407",15.05,15.10,14.90,15.05,+0.05,509,
113/09/13,"1,007,074","15,199,379",14.95,15.15,14.95,15.10,+0.05,492,
113/09/16,"1,677,526","25,561,243",15.10,15.40,15.00,15.30,+0.20,887,
113/09/18,"981,480","14,855,407",15.30,15.30,15.00,15.10,-0.20,448,
113/09/19,"953,808","14,438,757",15.10,15.20,15.05,15.20,+0.10,453,
113/09/20,"972,828","14,840,566",15.20,15.30,15.15,15.30,+0.10,503,
113/09/23,"508,251","7,731,141",15.35,15.35,15.15,15.15,-0.15,362,
113/09/24,"422,311","6,369,133",15.15,15.15,15.05,15.10,-0.05,253,
113/09/25,"1,475,018","22,568,586",15.15,15.40,15.15,15.25,+0.15,778,
113/09/26,"692,140","10,536,448",15.35,15.35,15.10,15.10,-0.15,495,
113/09/27,"14,974,165","238,875,703",15.30,16.40,15.25,16.10,+1.00,"5,678",
113/09/30,"10,179,358","165,159,703",17.00,17.00,15.85,15.85,-0.25,"4,007",
113/10/01,"2,230,215","35,501,726",16.00,16.10,15.70,16.05,+0.20,"1,076",
113/10/04,"7,740,884","127,592,189",16.35,16.85,16.25,16.45,+0.40,"3,292",
113/10/07,"4,953,964","82,585,198",16.75,16.95,16.35,16.45, 0.00,"1,822",
113/10/08,"3,982,661","64,957,638",16.45,16.90,15.90,15.90,-0.55,"1,738",
113/10/09,"3,075,738","47,424,760",15.90,15.90,15.25,15.30,-0.60,"1,440",
113/10/11,"1,020,723","15,564,386",15.45,15.45,15.15,15.20,-0.10,593,
113/10/14,"1,354,907","20,453,354",15.15,15.20,15.00,15.10,-0.10,701,
113/10/15,"1,558,242","23,825,461",15.30,15.40,15.05,15.40,+0.30,610,
113/10/16,"3,033,998","46,730,931",15.55,15.75,15.15,15.15,-0.25,"1,303",
113/10/17,"3,006,364","46,364,849",15.25,15.70,15.20,15.35,+0.20,979,
113/10/18,"2,525,742","38,985,841",15.50,15.65,15.20,15.35, 0.00,967,
113/10/21,"2,151,981","32,859,587",15.55,15.55,15.15,15.20,-0.15,"1,178",
113/10/22,"1,274,911","19,340,259",15.30,15.30,15.10,15.15,-0.05,885,
113/10/23,"1,420,191","21,473,326",15.30,15.30,15.05,15.05,-0.10,882,
113/10/24,"2,301,527","34,459,733",15.05,15.10,14.90,15.10,+0.05,"1,080",
113/10/25,"856,109","12,918,799",15.10,15.15,15.00,15.10, 0.00,530,
113/10/28,"1,430,667","21,725,266",15.10,15.30,15.05,15.20,+0.10,777,
113/10/29,"2,841,877","42,705,697",15.30,15.35,14.95,15.10,-0.10,896,
113/10/30,"1,124,687","16,968,628",15.00,15.15,15.00,15.15,+0.05,549,
113/11/01,"2,152,199","32,840,687",15.15,15.40,15.05,15.40,+0.25,"1,109",
113/11/04,"737,707","11,233,837",15.30,15.35,15.15,15.20,-0.20,509,
113/11/05,"384,961","5,842,108",15.15,15.30,15.10,15.10,-0.10,385,
113/11/06,"2,599,832","39,407,308",15.10,15.35,15.05,15.30,+0.20,968,
113/11/07,"3,256,077","50,454,878",15.40,15.80,15.30,15.30, 0.00,"1,459",
113/11/08,"1,136,835","17,398,092",15.45,15.45,15.20,15.30, 0.00,615,
113/11/11,"899,616","13,710,256",15.35,15.35,15.15,15.30, 0.00,508,
113/11/12,"2,228,929","33,826,544",15.15,15.25,15.10,15.25,-0.05,735,
113/11/13,"1,684,023","25,567,776",15.15,15.25,15.10,15.25, 0.00,589,
113/11/14,"2,579,270","39,045,103",15.15,15.25,15.05,15.15,-0.10,596,
113/11/15,"1,198,323","18,230,390",15.15,15.30,15.10,15.25,+0.10,506,
113/11/18,"1,018,240","15,556,224",15.25,15.35,15.20,15.30,+0.05,510,
113/11/19,"612,915","9,370,681",15.30,15.35,15.25,15.30, 0.00,417,
113/11/20,"865,208","13,194,602",15.20,15.30,15.20,15.30, 0.00,459,
113/11/21,"757,515","11,550,760",15.30,15.30,15.20,15.30, 0.00,320,
113/11/22,"1,368,708","20,929,201",15.30,15.35,15.25,15.30, 0.00,490,
113/11/25,"1,592,850","24,653,890",15.45,15.55,15.35,15.50,+0.20,780,
113/11/26,"753,521","11,634,297",15.40,15.55,15.35,15.35,-0.15,449,
113/11/27,"963,689","14,735,690",15.35,15.40,15.25,15.30,-0.05,368,
113/11/28,"1,418,257","21,664,565",15.35,15.35,15.20,15.35,+0.05,515,
113/11/29,"1,482,843","22,543,346",15.25,15.30,15.15,15.20,-0.15,467,
113/12/02,"1,228,624","18,687,987",15.25,15.30,15.15,15.25,+0.05,430,
113/12/03,"4,756,169","71,566,989",15.20,15.25,14.95,14.95,-0.30,"1,175",
113/12/04,"1,121,349","16,794,577",14.95,15.10,14.90,15.10,+0.15,627,
113/12/05,"1,001,071","15,085,781",15.20,15.20,15.00,15.10, 0.00,401,
113/12/06,"1,041,904","15,796,154",15.10,15.25,15.10,15.20,+0.10,431,
113/12/09,"587,384","8,921,723",15.20,15.25,15.15,15.20, 0.00,296,
113/12/10,"1,494,223","22,824,230",15.20,15.40,15.20,15.25,+0.05,457,
113/12/11,"955,112","14,491,497",15.15,15.25,15.10,15.20,-0.05,420,
113/12/12,"1,654,058","25,137,909",15.10,15.30,15.10,15.25,+0.05,448,
113/12/13,"2,607,510","39,486,577",15.15,15.25,15.00,15.25, 0.00,612,
113/12/16,"2,306,469","34,966,446",15.20,15.25,15.05,15.20,-0.05,588,
113/12/17,"1,890,537","28,546,554",15.10,15.15,15.00,15.15,-0.05,556,
113/12/18,"1,192,460","18,018,552",15.10,15.15,15.05,15.15, 0.00,466,
113/12/19,"2,328,755","34,903,476",15.05,15.10,14.90,15.00,-0.15,807,
113/12/20,"4,073,638","59,563,414",14.90,14.95,14.40,14.50,-0.50,"1,618",
113/12/23,"1,555,565","22,560,682",14.50,14.60,14.40,14.60,+0.10,820,
113/12/24,"913,988","13,328,985",14.65,14.65,14.50,14.65,+0.05,437,
113/12/25,"1,222,681","17,800,399",14.70,14.70,14.50,14.60,-0.05,510,
113/12/26,"1,681,406","24,387,658",14.55,14.65,14.40,14.55,-0.05,660,
113/12/27,"1,922,994","27,811,114",14.55,14.55,14.30,14.55, 0.00,635,
113/12/30,"1,039,483","15,066,130",14.50,14.55,14.40,14.55, 0.00,464,
113/12/31,"2,678,651","39,599,620",14.45,15.15,14.40,15.15,+0.60,"1,004",
114/01/02,"2,647,057","39,074,734",15.00,15.00,14.65,14.80,-0.35,"1,067",
114/01/03,"1,884,500","27,799,311",14.80,14.85,14.65,14.80, 0.00,631,
114/01/06,"1,172,884","17,344,593",14.80,14.85,14.70,14.85,+0.05,591,
114/01/07,"2,016,738","29,728,971",14.80,14.85,14.60,14.80,-0.05,598,
114/01/08,"1,433,303","21,140,500",14.75,14.80,14.65,14.80, 0.00,502,
114/01/09,"1,429,246","21,083,300",14.80,14.80,14.70,14.70,-0.10,517,
114/01/10,"1,718,660","25,291,815",14.60,14.95,14.55,14.95,+0.25,648,
114/01/13,"1,748,938","25,720,900",14.85,14.85,14.55,14.80,-0.15,816,
114/01/14,"1,442,965","21,553,905",14.70,15.05,14.70,15.00,+0.20,623,
114/01/15,"4,866,647","73,735,221",15.00,15.35,14.90,15.15,+0.15,"1,616",
114/01/16,"1,828,215","27,901,830",15.25,15.35,15.15,15.20,+0.05,915,
114/01/17,"3,733,840","58,084,881",15.20,15.80,15.20,15.45,+0.25,"1,673",
114/01/20,"1,592,091","24,704,185",15.45,15.65,15.25,15.60,+0.15,914,
114/01/21,"1,454,900","22,698,403",15.45,15.80,15.45,15.50,-0.10,741,
114/01/22,"678,525","10,519,985",15.65,15.65,15.45,15.45,-0.05,514,
114/02/03,"4,344,487","68,967,217",15.30,16.15,15.30,15.95,+0.50,"2,160",
114/02/04,"2,413,737","38,550,686",16.15,16.15,15.75,16.00,+0.05,"1,358",
114/02/05,"1,905,759","30,225,927",16.05,16.10,15.75,15.80,-0.20,"1,128",
114/02/06,"1,161,591","18,332,475",15.80,15.85,15.60,15.85,+0.05,640,
114/02/07,"1,354,268","21,121,899",15.85,15.85,15.45,15.45,-0.40,877,
114/02/10,"11,174,045","181,468,737",15.75,16.55,15.70,16.10,+0.65,"5,046",
114/02/11,"3,908,916","61,386,515",16.10,16.10,15.40,15.50,-0.60,"2,433",
114/02/12,"1,214,477","18,747,485",15.50,15.60,15.35,15.35,-0.15,792,
114/02/13,"10,917,185","178,548,437",15.55,16.75,15.45,16.55,+1.20,"4,892",
114/02/14,"10,900,068","179,689,038",16.40,16.85,15.95,16.40,-0.15,"4,898",
114/02/17,"5,526,912","91,855,956",16.80,16.95,16.45,16.60,+0.20,"2,624",
114/02/18,"3,298,920","53,944,734",16.60,16.65,16.10,16.40,-0.20,"2,172",
114/02/19,"4,164,499","68,774,578",16.40,16.70,16.30,16.60,+0.20,"1,813",
114/02/20,"5,871,582","98,433,834",16.90,17.30,16.45,16.45,-0.15,"2,656",
114/02/21,"1,532,690","25,281,899",16.45,16.55,16.40,16.50,+0.05,880,
114/02/24,"3,250,796","54,312,608",16.50,16.90,16.45,16.80,+0.30,"1,665",
114/02/25,"9,573,073","163,899,686",17.00,17.35,16.80,17.20,+0.40,"4,216",
114/02/26,"4,632,768","78,977,926",17.20,17.40,16.85,16.90,-0.30,"2,764",
114/02/27,"4,214,720","71,954,276",17.00,17.30,16.85,17.10,+0.20,"1,886",
114/03/03,"3,121,296","52,430,983",16.85,16.95,16.50,16.95,-0.15,"1,663",
114/03/04,"2,367,019","39,348,347",16.65,16.90,16.40,16.90,-0.05,"1,428",
114/03/05,"2,762,994","47,032,252",16.80,17.20,16.70,17.10,+0.20,"1,462",
114/03/06,"2,446,184","42,073,293",17.10,17.40,17.05,17.15,+0.05,"1,506",
114/03/07,"2,256,053","38,430,324",17.10,17.30,16.85,16.85,-0.30,"1,560",
114/03/10,"3,322,123","57,137,284",16.85,17.50,16.80,17.05,+0.20,"1,396",
114/03/11,"7,698,073","131,612,019",16.95,17.40,16.75,17.30,+0.25,"3,703",
114/03/12,"5,391,596","93,158,415",17.35,17.50,17.10,17.30, 0.00,"2,636",
114/03/13,"3,886,117","65,982,924",17.20,17.20,16.85,16.85,-0.45,"1,877",
114/03/14,"4,663,298","79,875,892",17.15,17.25,16.90,17.20,+0.35,"2,092",
114/03/17,"2,880,317","49,356,775",17.25,17.35,17.00,17.00,-0.20,"1,293",
114/03/18,"4,053,254","67,765,266",17.05,17.10,16.50,16.55,-0.45,"2,018",
114/03/19,"3,116,515","51,184,664",16.50,16.65,16.15,16.55, 0.00,"1,803",
114/03/20,"1,454,812","24,241,035",16.55,16.80,16.50,16.65,+0.10,903,
114/03/21,"1,970,469","32,173,154",16.65,16.75,16.15,16.15,-0.50,"1,339",
114/03/24,"1,343,973","21,694,896",16.20,16.30,15.90,16.10,-0.05,894,
114/03/25,"1,851,886","29,399,699",16.20,16.25,15.70,15.70,-0.40,"1,017",
114/03/26,"705,856","11,108,233",15.70,15.85,15.65,15.65,-0.05,508,
114/03/27,"793,923","12,458,749",15.65,15.80,15.60,15.65, 0.00,494,
114/03/28,"1,782,623","27,365,787",15.55,15.55,15.20,15.30,-0.35,957,
114/03/31,"2,026,042","30,729,866",15.05,15.40,15.00,15.10,-0.20,"1,063",
114/04/01,"1,937,252","29,781,159",15.05,15.50,15.05,15.35,+0.25,802,
114/04/02,"573,511","8,800,821",15.35,15.45,15.20,15.45,+0.10,436,
114/04/07,"655,420","9,142,980",13.95,13.95,13.95,13.95,-1.50,526,
114/04/08,"8,870,853","118,089,740",13.20,13.75,12.70,13.75,-0.20,"2,605",
114/04/09,"8,629,454","117,947,206",13.40,14.00,13.25,14.00,+0.25,"2,548",
114/04/10,"4,331,419","66,396,999",15.40,15.40,14.90,15.40,+1.40,"1,272",
114/04/11,"4,132,134","63,393,057",15.20,15.50,15.05,15.40, 0.00,"1,812",
114/04/14,"2,817,863","43,819,291",15.45,15.75,15.45,15.45,+0.05,"1,486",
114/04/15,"1,096,649","17,142,258",15.60,15.75,15.50,15.55,+0.10,"1,097",
114/04/16,"1,385,850","21,605,683",15.40,15.70,15.40,15.55, 0.00,998,
114/04/17,"1,706,844","26,402,589",15.50,15.60,15.30,15.55, 0.00,700,
114/04/18,"712,216","11,063,707",15.65,15.65,15.45,15.55, 0.00,411,
114/04/21,"1,941,155","30,096,139",15.65,15.65,15.40,15.50,-0.05,521,
114/04/22,"1,930,770","29,940,708",15.40,15.55,15.40,15.55,+0.05,513,
114/04/23,"2,081,663","32,431,513",15.60,15.70,15.50,15.60,+0.05,740,
114/04/24,"1,295,864","20,279,344",15.55,15.70,15.55,15.65,+0.05,499,
114/04/25,"1,628,698","25,637,050",15.75,15.85,15.65,15.80,+0.15,576,
114/04/28,"1,224,291","19,350,258",15.80,16.00,15.75,15.80, 0.00,539,
114/04/29,"1,070,732","16,961,899",15.80,15.95,15.75,15.80, 0.00,493,
114/04/30,"1,133,144","17,912,713",15.80,15.95,15.75,15.80, 0.00,589,
114/05/02,"896,840","14,222,898",15.80,15.95,15.80,15.80, 0.00,423,
114/05/05,"1,562,598","24,752,738",15.80,16.05,15.75,15.75,-0.05,644,
114/05/06,"2,084,565","33,256,577",15.75,16.15,15.75,15.95,+0.20,861,
114/05/07,"1,084,777","17,228,294",15.90,15.95,15.80,15.80,-0.15,456,
114/05/08,"1,576,737","24,849,006",15.80,15.85,15.60,15.80, 0.00,469,
114/05/09,"1,054,885","16,708,800",15.75,15.95,15.75,15.85,+0.05,525,
114/05/12,"1,458,927","23,399,265",16.05,16.15,15.95,15.95,+0.10,617,
114/05/13,"1,070,908","16,996,951",16.00,16.10,15.80,15.80,-0.15,541,
114/05/14,"1,630,307","25,724,825",15.90,15.95,15.70,15.80, 0.00,870,
114/05/15,"1,584,373","24,760,127",15.90,15.90,15.50,15.50,-0.30,638,
114/05/16,"2,360,613","36,130,942",15.40,15.50,15.20,15.25,-0.25,"1,037",
114/05/19,"1,344,330","20,387,247",15.20,15.25,15.05,15.20,-0.05,612,
114/05/20,"1,464,869","22,238,968",15.20,15.25,15.10,15.20, 0.00,583,
114/05/21,"640,826","9,755,610",15.20,15.30,15.15,15.25,+0.05,484,
114/05/22,"1,277,583","19,353,228",15.15,15.20,15.05,15.15,-0.10,617,
114/05/23,"641,445","9,721,826",15.10,15.25,15.10,15.10,-0.05,449,
114/05/26,"1,357,620","20,608,613",15.15,15.25,15.10,15.20,+0.10,750,
114/05/27,"1,265,948","19,201,825",15.20,15.30,15.05,15.20, 0.00,709,
114/05/28,"1,107,971","16,816,671",15.25,15.25,15.10,15.20, 0.00,459,
114/05/29,"2,166,357","32,834,932",15.20,15.25,15.05,15.20, 0.00,661,
114/06/02,"3,756,345","55,743,604",14.95,15.05,14.60,15.00,-0.20,"1,309",
114/06/03,"1,835,461","27,563,226",15.00,15.10,14.90,15.10,+0.10,618,
114/06/04,"2,144,178","32,696,607",15.05,15.35,15.05,15.30,+0.20,725,
114/06/05,"1,745,944","26,743,298",15.20,15.40,15.15,15.35,+0.05,534,
114/06/06,"1,233,164","18,950,973",15.30,15.40,15.30,15.40,+0.05,592,
114/06/09,"2,052,141","30,969,654",15.40,15.40,14.85,15.20,-0.20,790,
114/06/10,"1,596,917","24,483,537",15.25,15.45,15.10,15.30,+0.10,752,
114/06/11,"1,050,586","16,129,196",15.20,15.40,15.20,15.35,+0.05,572,
114/06/12,"782,161","12,013,234",15.35,15.45,15.30,15.35, 0.00,388,
114/06/13,"1,801,605","27,441,985",15.20,15.30,15.10,15.25,-0.10,751,
114/06/16,"1,379,026","21,071,426",15.20,15.35,15.15,15.30,+0.05,587,
114/06/17,"1,058,004","16,188,983",15.30,15.35,15.25,15.30, 0.00,510,
114/06/18,"1,537,328","23,767,397",15.25,15.55,15.25,15.45,+0.15,887,
114/06/19,"1,438,131","22,043,300",15.40,15.45,15.25,15.35,-0.10,598,
114/06/20,"15,298,235","227,547,146",15.30,15.40,14.80,14.80,-0.55,"1,272",
114/06/23,"1,520,946","22,664,115",14.80,15.00,14.60,15.00,+0.20,625,
114/06/24,"1,251,862","19,110,291",15.15,15.35,15.15,15.30,+0.30,525,
114/06/25,"760,734","11,626,539",15.30,15.40,15.25,15.25,-0.05,347,
114/06/26,"1,182,869","18,204,050",15.25,15.50,15.25,15.40,+0.15,645,
114/06/27,"968,298","14,957,367",15.40,15.50,15.35,15.50,+0.10,544,
114/06/30,"1,132,953","17,334,724",15.40,15.50,15.25,15.30,-0.20,455,
114/07/01,"1,093,684","16,811,008",15.25,15.50,15.25,15.35,+0.05,569,
114/07/02,"489,115","7,527,665",15.40,15.45,15.35,15.40,+0.05,315,
114/07/03,"713,165","11,005,336",15.30,15.55,15.30,15.40, 0.00,447,
114/07/04,"1,451,160","22,382,896",15.35,15.55,15.30,15.45,+0.05,482,
114/07/07,"1,709,109","26,838,688",15.40,15.90,15.40,15.65,+0.20,912,
114/07/08,"799,328","12,388,859",15.65,15.65,15.40,15.50,-0.15,370,
114/07/09,"834,141","12,938,924",15.60,15.60,15.50,15.55,+0.05,315,
114/07/10,"864,981","13,404,171",15.40,15.60,15.40,15.50,-0.05,317,
114/07/11,"994,701","15,482,827",15.45,15.70,15.45,15.60,+0.10,490,
114/07/14,"1,017,434","15,964,497",15.70,15.85,15.55,15.70,+0.10,474,
114/07/15,"636,831","9,977,052",15.60,15.75,15.55,15.65,-0.05,334,
114/07/16,"1,519,970","23,907,922",15.55,15.85,15.55,15.75,+0.10,691,
114/07/17,"889,931","14,014,976",15.80,15.85,15.65,15.75, 0.00,401,
114/07/18,"1,557,607","24,093,096",15.85,15.85,15.25,15.25,-0.50,"1,112",
114/07/21,"1,208,498","18,312,853",15.40,15.40,15.05,15.15,-0.10,602,
114/07/22,"2,371,574","35,563,209",15.15,15.15,14.85,14.90,-0.25,"1,040",
114/07/23,"1,641,537","24,849,266",15.05,15.25,14.95,15.10,+0.20,753,
114/07/24,"1,901,161","29,001,175",15.15,15.40,15.05,15.15,+0.05,881,
114/07/25,"2,058,728","31,209,142",15.15,15.45,15.00,15.10,-0.05,"1,001",
114/07/28,"1,629,399","24,427,896",15.10,15.15,14.90,15.00,-0.10,751,
114/07/29,"1,695,610","25,358,873",15.00,15.05,14.85,15.00, 0.00,814,
114/07/30,"3,347,203","49,944,392",15.00,15.05,14.85,15.00, 0.00,"1,019",
114/07/31,"3,237,304","48,239,983",14.95,15.00,14.80,15.00, 0.00,849,
114/08/01,"1,117,089","16,813,774",14.80,15.25,14.70,15.10,+0.10,611,
114/08/04,"628,284","9,499,597",14.95,15.25,14.95,15.10, 0.00,441,
114/08/05,"506,375","7,649,970",15.10,15.20,15.05,15.05,-0.05,346,
114/08/06,"453,436","6,830,879",15.05,15.15,15.00,15.05, 0.00,344,
114/08/07,"1,105,827","16,560,147",15.10,15.10,14.90,15.00,-0.05,370,
114/08/08,"803,851","12,039,691",14.90,15.05,14.90,15.00, 0.00,445,
114/08/11,"1,700,917","25,132,023",15.00,15.00,14.65,14.75,-0.25,"1,072",
114/08/12,"1,486,484","21,918,305",14.70,14.90,14.65,14.70,-0.05,729,
114/08/13,"2,421,673","36,502,688",14.80,15.25,14.80,14.85,+0.15,"1,011",
114/08/14,"1,524,610","22,594,448",15.00,15.05,14.75,14.80,-0.05,733,
114/08/15,"2,703,008","40,286,411",14.85,15.15,14.70,15.05,+0.25,"1,198",
114/08/18,"1,899,163","28,712,039",15.00,15.25,14.95,15.00,-0.05,867,
114/08/19,"1,641,571","24,867,110",15.00,15.35,14.90,15.05,+0.05,750,
114/08/20,"714,543","10,707,298",15.15,15.15,14.90,14.95,-0.10,426,
114/08/21,"1,554,261","23,554,033",15.00,15.25,14.95,15.25,+0.30,738,
114/08/22,"840,769","12,753,303",15.20,15.25,15.10,15.15,-0.10,398,
114/08/25,"680,132","10,291,939",15.30,15.30,15.05,15.15, 0.00,321,
114/08/26,"1,061,785","16,013,389",15.10,15.15,15.00,15.15, 0.00,455,
114/08/27,"741,355","11,188,133",15.05,15.20,15.05,15.10,-0.05,411,
114/08/28,"1,063,428","15,924,600",14.95,15.05,14.85,15.00,-0.10,456,
114/08/29,"748,969","11,248,381",15.00,15.10,14.95,15.05,+0.05,380,
114/09/01,"717,754","10,801,812",15.00,15.10,15.00,15.10,+0.05,397,
114/09/02,"1,035,792","15,703,118",15.15,15.25,15.10,15.15,+0.05,467,
114/09/03,"731,679","11,095,705",15.20,15.25,15.10,15.10,-0.05,454,
114/09/04,"713,902","10,835,448",15.20,15.35,15.10,15.20,+0.10,366,
114/09/05,"719,402","10,868,200",15.25,15.25,15.05,15.15,-0.05,330,
114/09/08,"1,085,486","16,398,265",15.10,15.15,15.05,15.15, 0.00,357,
114/09/09,"715,170","10,801,487",15.15,15.20,15.05,15.10,-0.05,331,
114/09/10,"1,217,706","18,400,019",15.05,15.20,15.00,15.15,+0.05,526,
114/09/11,"922,910","13,956,540",15.10,15.20,15.05,15.15, 0.00,476,
114/09/12,"1,153,197","17,499,028",15.15,15.25,15.10,15.20,+0.05,520,
114/09/15,"1,117,042","17,037,094",15.15,15.35,15.15,15.15,-0.05,501,
114/09/16,"721,531","10,954,553",15.15,15.25,15.10,15.15, 0.00,403,
114/09/17,"1,105,672","16,896,515",15.15,15.35,15.15,15.20,+0.05,553,
114/09/18,"876,425","13,393,594",15.35,15.40,15.20,15.30,+0.10,561,
114/09/19,"1,412,758","21,715,752",15.30,15.45,15.25,15.35,+0.05,689,
114/09/22,"867,816","13,348,611",15.35,15.45,15.30,15.35, 0.00,462,
114/09/23,"1,703,792","26,388,797",15.35,15.70,15.35,15.45,+0.10,893,
114/09/24,"1,574,952","24,592,214",15.45,15.75,15.45,15.65,+0.20,874,
114/09/25,"3,706,706","59,480,115",15.95,16.20,15.80,16.20,+0.55,"1,952",
114/09/26,"1,544,962","24,475,036",16.20,16.20,15.60,15.90,-0.30,"1,058",
114/09/30,"1,075,614","16,879,156",16.00,16.00,15.55,15.60,-0.30,627,
114/10/01,"1,233,689","19,121,760",15.60,15.70,15.40,15.50,-0.10,816,
114/10/02,"1,995,721","30,256,759",15.45,15.50,15.00,15.00,-0.50,"1,360",
114/10/03,"996,782","14,964,297",15.10,15.10,14.90,15.10,+0.10,469,
114/10/07,"980,109","14,791,885",15.05,15.20,15.00,15.05,-0.05,549,
114/10/08,"545,558","8,198,130",15.15,15.20,15.00,15.00,-0.05,428,
114/10/09,"634,761","9,539,539",15.05,15.10,15.00,15.00, 0.00,375,
114/10/13,"1,339,324","19,826,790",15.10,15.10,14.60,14.80,-0.20,965,
114/10/14,"1,425,875","21,257,606",14.90,15.00,14.80,14.85,+0.05,937,
114/10/15,"1,024,437","15,173,661",14.85,14.85,14.70,14.85, 0.00,726,
114/10/16,"1,148,765","17,022,876",14.85,14.90,14.75,14.85, 0.00,664,
114/10/17,"1,221,099","18,135,918",14.85,15.00,14.75,14.85, 0.00,602,
114/10/20,"1,213,671","17,947,812",14.85,14.85,14.70,14.85, 0.00,527,
114/10/21,"2,452,275","36,127,017",14.95,14.95,14.65,14.75,-0.10,"1,312",
114/10/22,"1,372,868","20,309,508",14.80,14.90,14.65,14.85,+0.10,593,
114/10/23,"1,207,866","17,912,767",14.85,14.95,14.70,14.85, 0.00,552,
114/10/27,"2,136,893","31,604,685",14.85,14.90,14.70,14.85, 0.00,660,
114/10/28,"2,105,254","31,002,200",14.85,14.85,14.65,14.75,-0.10,773,
114/10/29,"2,181,500","32,242,047",14.70,14.85,14.70,14.80,+0.05,628,
114/10/30,"1,151,474","17,006,937",14.80,14.85,14.70,14.80, 0.00,551,
114/10/31,"3,135,277","46,099,966",14.85,14.85,14.60,14.75,-0.05,625,
114/11/03,"1,539,820","22,734,306",14.75,14.80,14.65,14.80,+0.05,733,
114/11/04,"1,805,254","26,829,111",14.80,14.95,14.75,14.90,+0.10,811,
114/11/05,"993,284","14,700,412",14.90,14.90,14.75,14.80,-0.10,576,
114/11/06,"673,381","9,996,004",14.85,14.95,14.80,14.85,+0.05,414,
114/11/07,"590,001","8,735,950",14.85,14.85,14.75,14.80,-0.05,278,
114/11/10,"1,343,361","19,830,137",14.75,14.85,14.70,14.75,-0.05,499,
114/11/11,"2,878,936","42,311,398",14.80,14.80,14.55,14.70,-0.05,727,
114/11/12,"715,472","10,549,245",14.70,14.80,14.65,14.80,+0.10,459,
114/11/13,"1,223,787","18,141,667",14.80,14.90,14.75,14.85,+0.05,593,
114/11/14,"1,089,003","16,150,030",14.80,14.90,14.75,14.80,-0.05,569,
114/11/17,"3,211,336","46,761,786",14.70,14.75,14.40,14.40,-0.40,"1,386",
114/11/18,"2,361,984","34,186,489",14.30,14.65,14.25,14.65,+0.25,891,
114/11/19,"1,324,870","19,400,538",14.55,14.75,14.55,14.65, 0.00,614,
114/11/20,"795,322","11,735,751",14.65,14.80,14.65,14.75,+0.10,415,
114/11/21,"1,352,733","19,913,233",14.75,14.85,14.60,14.70,-0.05,519,
114/11/24,"2,017,281","29,654,089",14.70,14.75,14.65,14.70, 0.00,741,
114/11/25,"409,645","6,035,022",14.75,14.80,14.70,14.75,+0.05,350,
114/11/26,"1,429,973","21,390,072",14.80,15.10,14.80,14.95,+0.20,642,
114/11/27,"535,326","7,966,969",14.90,14.95,14.80,14.90,-0.05,249,
114/11/28,"1,472,291","22,057,565",14.85,15.05,14.85,14.90, 0.00,787,
114/12/01,"1,363,942","20,584,902",14.80,15.30,14.80,15.00,+0.10,646,
114/12/02,"1,524,957","23,143,790",15.10,15.30,15.05,15.20,+0.20,884,
114/12/03,"904,634","13,688,686",15.25,15.25,15.05,15.15,-0.05,460,
114/12/04,"751,250","11,361,829",15.10,15.20,15.10,15.15, 0.00,382,
114/12/05,"1,050,445","15,821,930",15.10,15.20,15.00,15.05,-0.10,407,
114/12/08,"831,941","12,472,506",15.05,15.05,14.95,15.00,-0.05,468,
114/12/09,"629,645","9,436,517",14.95,15.05,14.95,15.00, 0.00,398,
114/12/10,"708,945","10,640,847",14.95,15.05,14.95,15.00, 0.00,408,
114/12/11,"912,126","13,658,312",15.00,15.05,14.90,15.00, 0.00,428,
114/12/12,"1,156,870","17,372,053",15.10,15.15,14.95,15.00, 0.00,424,
114/12/15,"1,726,863","26,041,136",15.00,15.35,14.95,15.00, 0.00,796,
114/12/16,"2,374,775","35,303,562",14.95,14.95,14.75,14.90,-0.10,983,
114/12/17,"1,933,267","28,626,282",14.90,14.95,14.70,14.80,-0.10,695,
114/12/18,"978,705","14,483,578",14.80,14.90,14.70,14.80, 0.00,522,
114/12/19,"3,781,284","56,014,078",14.75,14.85,14.65,14.85,+0.05,729,
114/12/22,"1,081,728","15,968,586",14.85,14.85,14.70,14.80,-0.05,502,
114/12/23,"1,496,137","22,062,621",14.75,14.80,14.70,14.80, 0.00,462,
114/12/24,"1,204,071","17,761,871",14.80,14.80,14.70,14.80, 0.00,479,
114/12/26,"1,135,476","16,774,707",14.80,14.80,14.70,14.80, 0.00,484,
114/12/29,"1,080,369","16,111,363",14.85,15.00,14.85,14.85,+0.05,680,
114/12/30,"578,216","8,554,927",14.85,14.85,14.75,14.80,-0.05,327,
114/12/31,"1,867,147","27,879,272",15.00,15.05,14.75,15.05,+0.25,743,
115/01/02,"1,854,781","27,427,231",14.90,14.90,14.70,14.80,-0.25,858,
115/01/05,"2,310,272","34,067,995",14.75,14.80,14.70,14.80, 0.00,876,
115/01/06,"1,903,747","28,024,359",14.70,14.80,14.65,14.70,-0.10,628,
115/01/07,"4,197,006","63,460,649",14.80,15.35,14.80,15.20,+0.50,"2,046",
115/01/08,"2,379,843","35,892,478",15.25,15.40,14.85,14.85,-0.35,"1,391",
115/01/09,"3,341,253","49,211,275",14.85,14.90,14.65,14.80,-0.05,"1,161",
115/01/12,"1,105,534","16,444,631",14.80,15.00,14.75,14.80, 0.00,719,
115/01/13,"908,728","13,533,181",15.00,15.00,14.80,14.80, 0.00,546,
115/01/14,"895,744","13,388,509",14.90,15.00,14.85,14.95,+0.15,572,
115/01/15,"1,944,482","29,452,290",15.00,15.30,15.00,15.05,+0.10,"1,013",
115/01/16,"1,520,692","22,593,152",15.05,15.05,14.80,14.80,-0.25,736,
115/01/19,"1,518,004","22,492,869",14.75,14.90,14.70,14.80, 0.00,869,
115/01/20,"2,477,604","36,575,099",14.80,14.80,14.70,14.80, 0.00,824,
115/01/21,"4,054,987","59,586,002",14.80,14.80,14.60,14.75,-0.05,"1,024",
115/01/22,"1,557,541","22,933,044",14.75,14.85,14.65,14.75, 0.00,642,
115/01/23,"1,681,771","24,737,721",14.75,14.75,14.65,14.70,-0.05,624,
115/01/26,"1,799,741","26,791,127",14.70,15.00,14.70,14.95,+0.25,820,
115/01/27,"1,562,532","23,061,590",14.95,15.00,14.70,14.75,-0.20,928,
115/01/28,"1,684,228","24,953,149",14.85,14.95,14.70,14.85,+0.10,841,
115/01/29,"8,539,063","132,764,079",14.75,16.00,14.75,15.35,+0.50,"3,948",
115/01/30,"8,577,566","133,873,234",15.30,15.95,15.10,15.55,+0.20,"3,698",
115/02/02,"3,850,905","59,401,427",15.60,16.00,15.10,15.10,-0.45,"2,095",
115/02/03,"2,066,961","30,885,010",15.15,15.20,14.80,14.80,-0.30,"1,283",
115/02/04,"1,328,548","19,815,704",14.80,15.05,14.75,14.85,+0.05,812,
115/02/05,"900,526","13,363,553",14.90,14.95,14.80,14.90,+0.05,481,
115/02/06,"2,838,823","41,860,704",14.85,14.85,14.65,14.75,-0.15,923,
115/02/09,"1,303,547","19,261,594",14.90,14.95,14.70,14.80,+0.05,593,
115/02/10,"855,519","12,687,807",14.85,14.95,14.80,14.80, 0.00,529,
115/02/11,"1,457,867","21,781,232",14.90,15.00,14.80,14.95,+0.15,866,
115/02/23,"4,031,346","59,378,008",15.10,15.10,14.65,14.75,-0.20,"1,879",
115/02/24,"2,812,156","41,342,458",14.70,14.75,14.65,14.75, 0.00,"1,034",
115/02/25,"2,675,826","39,374,912",14.75,14.85,14.60,14.80,+0.05,"1,122",
115/02/26,"4,142,171","60,755,868",14.80,14.80,14.60,14.65,-0.15,"1,253",
115/03/02,"2,282,142","33,413,407",14.65,14.70,14.55,14.70,+0.05,"1,052",
115/03/03,"4,200,651","61,349,906",14.65,14.75,14.50,14.65,-0.05,"1,088",
115/03/04,"5,112,368","73,339,468",14.50,14.50,14.15,14.45,-0.20,"2,073",
115/03/05,"2,359,829","34,055,603",14.55,14.60,14.30,14.50,+0.05,"1,320",
115/03/06,"2,287,408","33,619,673",14.45,14.90,14.40,14.90,+0.40,"1,188",
115/03/09,"3,037,498","44,403,637",14.40,14.85,14.30,14.80,-0.10,"1,341",
115/03/10,"1,477,762","21,785,199",14.90,14.95,14.65,14.75,-0.05,826,
115/03/11,"1,419,232","20,916,332",14.65,14.85,14.65,14.75, 0.00,589,
115/03/12,"1,968,338","28,795,761",14.65,14.70,14.60,14.60,-0.15,805,
115/03/13,"3,076,453","44,591,111",14.50,14.60,14.40,14.55,-0.05,"1,078",
115/03/16,"2,535,686","36,664,245",14.50,14.60,14.40,14.45,-0.10,836,
115/03/17,"1,543,173","22,369,220",14.45,14.55,14.45,14.55,+0.10,710,
115/03/18,"2,149,231","31,325,960",14.70,14.80,14.50,14.50,-0.05,813,
115/03/19,"3,067,728","44,159,183",14.50,14.50,14.30,14.45,-0.05,945,
115/03/20,"3,022,583","44,190,294",14.50,14.85,14.45,14.55,+0.10,"1,521",
115/03/23,"2,558,682","36,977,202",14.50,14.55,14.35,14.50,-0.05,931,
115/03/24,"2,051,679","29,649,283",14.50,14.50,14.40,14.50, 0.00,560,
115/03/25,"1,028,196","14,921,087",14.75,14.75,14.45,14.50, 0.00,510,
115/03/26,"1,423,017","20,611,478",14.50,14.60,14.40,14.50, 0.00,613,
115/03/27,"1,026,266","14,838,686",14.40,14.50,14.40,14.50, 0.00,620,
115/03/30,"2,707,205","39,158,709",14.45,14.60,14.40,14.45,-0.05,759,
115/03/31,"3,663,550","52,415,009",14.40,14.55,14.20,14.20,-0.25,705,
115/04/01,"1,154,511","16,677,872",14.45,14.55,14.35,14.45,+0.25,533,
115/04/02,"808,152","11,721,888",14.50,14.60,14.40,14.50,+0.05,504,
115/04/07,"844,100","12,201,068",14.60,14.60,14.35,14.35,-0.15,384,
115/04/08,"865,371","12,463,191",14.50,14.50,14.35,14.35, 0.00,562,
115/04/09,"2,308,790","32,782,111",14.45,14.45,14.05,14.05,-0.30,"1,151",
115/04/10,"4,221,535","58,818,274",14.15,14.15,13.80,14.00,-0.05,"1,575",
115/04/13,"2,521,734","35,574,866",13.95,14.30,13.80,14.30,+0.30,"1,016",
115/04/14,"1,500,091","21,289,038",14.35,14.35,14.10,14.15,-0.15,685,
115/04/15,"1,728,759","24,241,669",14.15,14.20,13.95,14.00,-0.15,763,
115/04/16,"2,936,969","40,942,647",14.05,14.05,13.85,14.00, 0.00,"1,139",
115/04/17,"1,265,967","17,700,318",14.10,14.10,13.90,14.00, 0.00,643,
115/04/20,"1,099,575","15,325,440",14.05,14.05,13.90,13.95,-0.05,598,
115/04/21,"1,491,655","20,842,932",14.00,14.05,13.90,14.05,+0.10,759,
115/04/22,"1,945,686","27,220,818",14.10,14.10,13.90,14.05, 0.00,628,
115/04/23,"4,814,703","66,458,061",13.95,14.00,13.55,13.90,-0.15,"1,446",
115/04/24,"1,713,895","23,972,417",14.00,14.05,13.90,14.00,+0.10,677,
115/04/27,"2,066,830","29,136,945",13.90,14.25,13.85,14.20,+0.20,"1,004",
115/04/28,"1,242,165","17,554,467",14.25,14.30,14.00,14.05,-0.15,583,
115/04/29,"630,544","8,911,166",14.15,14.20,14.05,14.10,+0.05,504,
115/04/30,"3,047,393","42,547,862",14.10,14.10,13.90,14.00,-0.10,682,
115/05/04,"3,034,610","42,115,016",13.95,13.95,13.80,13.90,-0.10,824,
115/05/05,"2,145,894","29,781,294",13.90,13.95,13.80,13.95,+0.05,731,
115/05/06,"2,269,549","31,753,912",13.95,14.10,13.85,14.05,+0.10,"1,023",
115/05/07,"1,825,761","25,461,763",13.95,14.00,13.85,14.00,-0.05,790,
115/05/08,"3,877,161","55,002,249",14.05,14.50,13.90,14.40,+0.40,"1,396",
115/05/11,"4,275,674","59,775,773",14.15,14.20,13.85,13.95,-0.45,"1,145",
115/05/12,"3,573,382","49,520,610",13.95,13.95,13.75,13.90,-0.05,970,
115/05/13,"2,609,126","36,130,696",13.90,13.90,13.75,13.90, 0.00,721,
115/05/14,"2,282,854","31,709,722",13.85,13.95,13.80,13.95,+0.05,715,
115/05/15,"4,829,769","66,750,029",13.95,13.95,13.65,13.90,-0.05,980,
115/05/18,"2,549,523","34,977,257",13.90,13.90,13.60,13.75,-0.15,653,
115/05/19,"2,027,823","27,696,177",13.65,13.80,13.60,13.60,-0.15,548,
115/05/20,"3,017,403","40,770,249",13.65,13.65,13.35,13.65,+0.05,885,
115/05/21,"1,110,730","15,127,841",13.60,13.75,13.55,13.65, 0.00,531,
115/05/22,"4,350,261","59,029,339",13.60,13.70,13.45,13.70,+0.05,"1,045",
