日期,成交股數,成交金額,開盤價,最高價,最低價,收盤價,漲跌價差,成交筆數,註記
109/01/02,"13,304,479","296,950,177",22.40,22.40,22.25,22.35,-0.05,"4,964",
109/01/03,"17,305,776","387,256,043",22.35,22.45,22.30,22.45,+0.10,"5,833",
109/01/06,"25,122,532","559,229,520",22.45,22.45,22.15,22.25,-0.20,"8,233",
109/01/07,"23,433,012","522,613,880",22.25,22.40,22.20,22.35,+0.10,"6,612",
109/01/08,"34,392,341","763,803,608",22.25,22.25,22.10,22.25,-0.10,"7,369",
109/01/09,"23,072,240","513,647,010",22.25,22.35,22.20,22.30,+0.05,"4,550",
109/01/10,"24,460,745","544,608,418",22.30,22.40,22.15,22.25,-0.05,"6,723",
109/01/13,"26,002,400","580,500,038",22.35,22.50,22.20,22.50,+0.25,"8,504",
109/01/14,"35,947,690","809,737,262",22.50,22.60,22.45,22.60,+0.10,"7,699",
109/01/15,"33,337,659","754,642,221",22.70,22.75,22.50,22.70,+0.10,"7,825",
109/01/16,"22,443,307","506,345,733",22.65,22.70,22.50,22.60,-0.10,"8,114",
109/01/17,"17,771,153","400,835,616",22.65,22.65,22.45,22.60, 0.00,"7,052",
109/01/20,"32,131,541","729,828,427",22.60,22.90,22.60,22.90,+0.30,"9,630",
109/01/30,"105,917,554","2,355,337,413",22.55,22.55,22.00,22.00,-0.90,"22,206",
109/01/31,"56,609,172","1,248,493,002",22.00,22.25,21.95,22.05,+0.05,"10,244",
109/02/03,"41,522,634","905,434,348",21.60,21.95,21.50,21.95,-0.10,"8,325",
109/02/04,"43,992,077","972,976,845",21.90,22.30,21.90,22.30,+0.35,"6,800",
109/02/05,"27,399,395","610,707,345",22.20,22.40,22.10,22.40,+0.10,"4,920",
109/02/06,"23,983,939","537,894,606",22.40,22.50,22.35,22.50,+0.10,"6,081",
109/02/07,"31,906,792","715,899,419",22.40,22.50,22.35,22.50, 0.00,"5,068",
109/02/10,"29,232,982","656,230,646",22.40,22.50,22.35,22.50, 0.00,"5,832",
109/02/11,"19,638,667","442,308,552",22.50,22.55,22.40,22.55,+0.05,"5,681",
109/02/12,"36,229,145","819,456,762",22.50,22.75,22.50,22.65,+0.10,"7,558",
109/02/13,"24,941,107","567,308,523",22.65,22.80,22.60,22.80,+0.15,"6,124",
109/02/14,"14,428,746","328,832,463",22.75,22.85,22.75,22.80, 0.00,"4,295",
109/02/17,"45,878,889","1,048,123,784",22.80,22.95,22.70,22.95,+0.15,"7,264",
109/02/18,"44,621,770","1,027,716,474",22.95,23.10,22.85,23.10,+0.15,"7,062",
109/02/19,"37,229,590","863,626,718",23.20,23.30,23.00,23.30,+0.20,"9,085",
109/02/20,"44,025,624","1,029,962,295",23.30,23.45,23.25,23.45,+0.15,"7,439",
109/02/21,"28,376,526","659,403,792",23.35,23.45,23.10,23.20,-0.25,"7,567",
109/02/24,"35,463,325","811,536,353",23.00,23.00,22.70,22.85,-0.35,"8,635",
109/02/25,"30,031,348","682,484,847",22.65,22.80,22.60,22.80,-0.05,"7,876",
109/02/26,"42,043,614","952,625,421",22.55,22.80,22.55,22.80, 0.00,"7,100",
109/02/27,"46,866,541","1,062,476,705",22.70,22.80,22.55,22.70,-0.10,"7,266",
109/03/02,"61,067,923","1,358,463,487",22.10,22.45,22.00,22.25,-0.45,"13,026",
109/03/03,"48,984,294","1,103,219,899",22.35,22.65,22.35,22.55,+0.30,"11,882",
109/03/04,"37,172,030","837,090,269",22.45,22.60,22.40,22.55, 0.00,"5,495",
109/03/05,"38,086,159","864,905,715",22.70,22.85,22.55,22.85,+0.30,"7,880",
109/03/06,"48,583,007","1,091,043,528",22.75,22.80,22.30,22.40,-0.45,"11,834",
109/03/09,"85,760,208","1,879,259,732",22.00,22.10,21.75,21.80,-0.60,"23,375",
109/03/10,"84,712,457","1,826,219,008",21.50,21.70,21.40,21.55,-0.25,"18,966",
109/03/11,"87,372,906","1,871,531,560",21.50,21.60,21.30,21.35,-0.20,"18,865",
109/03/12,"88,864,211","1,832,673,326",21.05,21.05,20.40,20.50,-0.85,"23,327",
109/03/13,"169,063,828","3,229,931,344",19.00,19.80,18.60,19.65,-0.85,"44,167",
109/03/16,"104,731,939","2,011,321,104",19.50,19.50,19.00,19.05,-0.60,"26,681",
109/03/17,"113,863,406","2,098,766,234",18.45,18.75,18.30,18.35,-0.70,"30,625",
109/03/18,"90,387,788","1,632,454,892",18.25,18.30,17.90,17.95,-0.40,"27,274",
109/03/19,"120,667,927","2,025,213,284",17.50,17.55,16.30,16.30,-1.65,"38,022",
109/03/20,"133,394,613","2,276,621,951",16.55,17.40,16.55,17.10,+0.80,"25,013",
109/03/23,"108,187,738","1,757,930,062",16.35,16.45,16.05,16.15,-0.95,"35,164",
109/03/24,"82,306,075","1,380,785,936",16.75,17.05,16.60,16.60,+0.45,"17,570",
109/03/25,"81,773,053","1,433,672,294",17.30,17.80,17.30,17.50,+0.90,"20,070",
109/03/26,"59,751,163","1,034,926,555",17.55,17.70,17.05,17.30,-0.20,"13,341",
109/03/27,"74,791,081","1,332,974,232",17.80,17.95,17.65,17.90,+0.60,"16,835",
109/03/30,"54,418,539","966,721,710",17.50,18.15,17.35,17.90, 0.00,"10,880",
109/03/31,"55,664,105","999,135,840",18.15,18.30,17.70,17.90, 0.00,"11,613",
109/04/01,"34,452,934","612,164,844",17.75,17.90,17.70,17.75,-0.15,"10,450",
109/04/06,"52,673,702","934,215,036",18.15,18.15,17.40,17.85,+0.10,"17,695",
109/04/07,"36,503,651","654,736,768",18.05,18.10,17.85,17.90,+0.05,"8,596",
109/04/08,"43,704,887","784,814,909",17.75,18.10,17.70,17.95,+0.05,"13,203",
109/04/09,"48,224,212","869,875,846",17.95,18.10,17.95,18.05,+0.10,"10,112",
109/04/10,"54,236,425","1,004,970,612",18.15,18.75,18.10,18.65,+0.60,"14,787",
109/04/13,"54,476,531","1,026,202,357",18.70,19.05,18.65,18.80,+0.15,"18,754",
109/04/14,"69,661,201","1,358,641,411",19.00,19.75,18.90,19.65,+0.85,"17,412",
109/04/15,"75,824,740","1,514,452,900",19.95,20.15,19.80,19.90,+0.25,"20,885",
109/04/16,"54,383,445","1,062,623,329",19.80,19.80,19.40,19.50,-0.40,"16,436",
109/04/17,"43,389,376","855,500,313",19.75,19.90,19.55,19.60,+0.10,"10,689",
109/04/20,"33,183,531","644,398,865",19.60,19.60,19.30,19.30,-0.30,"10,652",
109/04/21,"77,668,150","1,461,721,469",19.10,19.15,18.65,18.70,-0.60,"23,810",
109/04/22,"59,156,590","1,088,579,270",18.25,18.55,18.15,18.50,-0.20,"17,083",
109/04/23,"44,084,029","819,356,003",18.55,18.85,18.40,18.55,+0.05,"14,184",
109/04/24,"38,033,501","707,908,041",18.55,18.75,18.50,18.60,+0.05,"10,908",
109/04/27,"50,844,530","964,884,106",18.90,19.20,18.75,19.05,+0.45,"11,911",
109/04/28,"41,065,464","794,288,634",19.15,19.50,19.10,19.50,+0.45,"12,380",
109/04/29,"54,043,299","1,068,231,826",19.55,19.90,19.50,19.70,+0.20,"15,520",
109/04/30,"69,091,028","1,387,289,160",19.90,20.25,19.85,20.00,+0.30,"15,471",
109/05/04,"49,015,584","955,092,090",19.45,19.65,19.25,19.50,-0.50,"14,927",
109/05/05,"23,527,196","462,541,467",19.65,19.75,19.60,19.65,+0.15,"6,917",
109/05/06,"32,635,119","638,000,873",19.55,19.65,19.40,19.55,-0.10,"9,093",
109/05/07,"26,461,880","521,705,160",19.60,19.85,19.55,19.70,+0.15,"5,618",
109/05/08,"19,783,385","392,967,542",19.95,20.00,19.75,19.80,+0.10,"5,179",
109/05/11,"30,048,861","602,851,359",19.95,20.15,19.90,20.00,+0.20,"8,248",
109/05/12,"52,780,238","1,036,503,519",19.75,19.75,19.50,19.65,-0.35,"13,352",
109/05/13,"30,479,650","598,526,193",19.55,19.80,19.50,19.80,+0.15,"7,677",
109/05/14,"34,590,172","676,589,916",19.60,19.65,19.50,19.55,-0.25,"10,370",
109/05/15,"29,798,480","584,882,289",19.70,19.80,19.50,19.60,+0.05,"7,068",
109/05/18,"29,876,029","584,232,390",19.50,19.65,19.50,19.50,-0.10,"7,548",
109/05/19,"35,769,020","708,997,262",19.90,19.90,19.70,19.85,+0.35,"8,297",
109/05/20,"32,978,059","653,521,933",19.85,19.90,19.70,19.85, 0.00,"7,036",
109/05/21,"37,824,897","749,218,904",19.80,19.90,19.70,19.80,-0.05,"6,614",
109/05/22,"34,460,349","675,669,990",19.75,19.80,19.55,19.55,-0.25,"9,512",
109/05/25,"15,164,205","297,804,604",19.55,19.75,19.50,19.75,+0.20,"5,172",
109/05/26,"31,638,254","630,059,810",19.85,20.00,19.75,19.95,+0.20,"7,909",
109/05/27,"27,032,956","541,602,193",20.00,20.10,19.95,20.10,+0.15,"7,126",
109/05/28,"45,782,017","911,539,602",20.15,20.15,19.80,19.85,-0.25,"8,726",
109/05/29,"143,225,996","2,848,732,670",19.75,19.95,19.65,19.95,+0.10,"9,097",
109/06/01,"33,203,696","666,731,609",19.95,20.20,19.90,20.05,+0.10,"8,502",
109/06/02,"37,425,367","755,186,682",20.10,20.30,20.05,20.30,+0.25,"7,505",
109/06/03,"40,834,562","844,288,978",20.50,20.80,20.45,20.75,+0.45,"11,541",
109/06/04,"30,903,914","641,233,688",20.90,20.95,20.65,20.65,-0.10,"8,014",
109/06/05,"24,815,772","515,440,104",20.65,20.85,20.55,20.80,+0.15,"8,418",
109/06/08,"26,535,911","555,410,513",20.95,21.00,20.80,21.00,+0.20,"7,592",
109/06/09,"27,015,212","566,493,602",21.00,21.05,20.85,21.05,+0.05,"6,081",
109/06/10,"22,133,140","465,878,253",21.00,21.10,20.90,21.10,+0.05,"5,552",
109/06/11,"45,259,415","941,817,395",21.00,21.05,20.60,20.65,-0.45,"11,251",
109/06/12,"46,574,184","940,469,407",20.10,20.35,20.00,20.20,-0.45,"11,861",
109/06/15,"41,924,977","845,990,920",20.20,20.30,20.10,20.10,-0.10,"9,916",
109/06/16,"36,454,952","740,700,336",20.25,20.40,20.20,20.35,+0.25,"8,361",
109/06/17,"33,141,295","675,386,575",20.35,20.55,20.25,20.55,+0.20,"10,068",
109/06/18,"26,035,721","529,600,934",20.55,20.55,20.25,20.30,-0.25,"7,671",
109/06/19,"69,956,567","1,411,508,759",20.35,20.40,20.10,20.10,-0.20,"11,874",
109/06/22,"18,717,771","378,500,844",20.10,20.30,20.10,20.30,+0.20,"5,886",
109/06/23,"21,684,740","439,601,461",20.30,20.40,20.10,20.40,+0.10,"3,989",
109/06/24,"30,149,239","611,776,632",20.30,20.45,20.20,20.25,-0.15,"5,927",
109/06/29,"28,769,370","581,191,218",20.20,20.30,20.10,20.25, 0.00,"6,075",
109/06/30,"22,296,241","453,953,733",20.30,20.45,20.30,20.35,+0.10,"4,228",
109/07/01,"25,520,693","523,840,448",20.40,20.60,20.40,20.50,+0.15,"6,287",
109/07/02,"48,242,936","990,704,147",20.50,20.65,20.40,20.50, 0.00,"5,943",
109/07/03,"38,019,228","786,947,233",20.70,20.80,20.60,20.80,+0.30,"12,075",
109/07/06,"52,034,431","1,090,446,201",20.90,21.05,20.85,21.05,+0.25,"11,917",
109/07/07,"52,148,470","1,100,629,180",21.15,21.25,20.95,21.20,+0.15,"11,061",
109/07/08,"53,560,798","1,130,682,227",21.10,21.20,21.00,21.15,-0.05,"10,009",
109/07/09,"63,425,149","1,341,170,435",21.20,21.20,21.10,21.15, 0.00,"11,465",
109/07/10,"89,915,745","1,884,129,008",21.10,21.15,20.80,20.90,-0.25,"18,344",
109/07/13,"78,250,952","1,567,957,724",20.00,20.15,20.00,20.10,X0.00,"12,571",
109/07/14,"43,348,624","866,365,430",20.10,20.15,19.95,19.95,-0.15,"14,149",
109/07/15,"53,009,880","1,055,014,330",20.00,20.05,19.85,19.90,-0.05,"14,991",
109/07/16,"49,710,853","986,715,103",19.95,19.95,19.80,19.85,-0.05,"14,203",
109/07/17,"36,563,612","725,841,627",19.90,19.95,19.80,19.90,+0.05,"11,529",
109/07/20,"21,363,090","424,387,900",19.90,19.95,19.80,19.85,-0.05,"6,489",
109/07/21,"42,213,621","837,359,577",19.95,19.95,19.80,19.80,-0.05,"10,993",
109/07/22,"54,468,215","1,075,560,853",19.80,19.90,19.65,19.80, 0.00,"16,041",
109/07/23,"21,828,195","429,886,985",19.70,19.75,19.65,19.75,-0.05,"6,372",
109/07/24,"33,632,411","658,716,993",19.65,19.70,19.50,19.50,-0.25,"13,309",
109/07/27,"47,639,933","927,599,225",19.50,19.70,19.35,19.35,-0.15,"15,121",
109/07/28,"38,252,650","739,115,508",19.25,19.40,19.25,19.35, 0.00,"11,530",
109/07/29,"20,796,939","406,481,365",19.35,19.70,19.35,19.50,+0.15,"7,736",
109/07/30,"27,438,141","536,159,287",19.65,19.70,19.45,19.65,+0.15,"5,239",
109/07/31,"34,529,476","672,497,534",19.70,19.70,19.40,19.40,-0.25,"7,096",
109/08/03,"28,424,824","549,942,610",19.40,19.50,19.30,19.30,-0.10,"8,182",
109/08/04,"17,593,102","341,048,373",19.40,19.50,19.35,19.35,+0.05,"4,149",
109/08/05,"20,418,537","394,935,769",19.35,19.40,19.30,19.30,-0.05,"6,921",
109/08/06,"20,375,760","394,960,144",19.35,19.45,19.35,19.40,+0.10,"7,764",
109/08/07,"24,893,886","482,241,731",19.40,19.45,19.30,19.35,-0.05,"9,349",
109/08/10,"29,893,614","580,670,818",19.35,19.50,19.35,19.40,+0.05,"6,417",
109/08/11,"25,583,850","497,463,771",19.45,19.55,19.40,19.40, 0.00,"8,128",
109/08/12,"22,428,265","435,700,470",19.45,19.50,19.40,19.40, 0.00,"6,108",
109/08/13,"19,697,233","383,307,817",19.50,19.50,19.40,19.50,+0.10,"5,615",
109/08/14,"21,702,997","420,792,403",19.40,19.45,19.35,19.35,-0.15,"6,278",
109/08/17,"25,818,720","502,747,592",19.40,19.60,19.35,19.50,+0.15,"10,488",
109/08/18,"30,838,651","599,253,287",19.50,19.50,19.40,19.40,-0.10,"11,300",
109/08/19,"31,795,097","618,839,659",19.45,19.55,19.40,19.40, 0.00,"14,268",
109/08/20,"65,518,106","1,251,618,843",19.35,19.40,19.00,19.00,-0.40,"27,613",
109/08/21,"32,880,374","628,602,670",19.10,19.20,19.05,19.20,+0.20,"13,259",
109/08/24,"21,457,504","408,894,998",19.20,19.20,19.00,19.05,-0.15,"9,790",
109/08/25,"31,308,924","597,981,788",19.05,19.15,19.00,19.10,+0.05,"7,910",
109/08/26,"23,169,658","442,709,242",19.10,19.20,19.05,19.20,+0.10,"4,919",
109/08/27,"36,175,730","688,502,279",19.15,19.15,19.00,19.00,-0.20,"13,910",
109/08/28,"19,712,292","375,232,104",19.00,19.10,18.95,19.00, 0.00,"6,670",
109/08/31,"39,370,467","747,736,269",19.05,19.10,18.95,18.95,-0.05,"7,844",
109/09/01,"49,368,686","932,966,434",18.95,19.00,18.85,18.90,-0.05,"13,790",
109/09/02,"56,688,508","1,063,276,256",18.85,18.90,18.70,18.70,-0.20,"24,377",
109/09/03,"37,512,389","706,018,656",18.70,19.00,18.70,18.85,+0.15,"10,664",
109/09/04,"33,911,138","636,235,675",18.65,18.85,18.65,18.80,-0.05,"8,865",
109/09/07,"29,148,335","548,871,934",18.80,19.00,18.75,18.85,+0.05,"9,982",
109/09/08,"24,615,170","464,269,248",18.95,19.00,18.80,18.90,+0.05,"8,902",
109/09/09,"26,947,078","506,455,915",18.85,18.90,18.70,18.80,-0.10,"8,125",
109/09/10,"21,532,275","404,978,925",18.85,18.90,18.75,18.90,+0.10,"8,831",
109/09/11,"25,122,894","471,817,402",18.90,18.90,18.70,18.85,-0.05,"10,634",
109/09/14,"16,481,832","309,584,816",18.80,18.85,18.75,18.80,-0.05,"5,524",
109/09/15,"17,160,399","322,568,493",18.80,18.90,18.75,18.90,+0.10,"6,376",
109/09/16,"18,504,827","348,926,700",18.90,18.90,18.80,18.85,-0.05,"5,066",
109/09/17,"26,405,125","495,055,618",18.80,18.90,18.70,18.70,-0.15,"11,609",
109/09/18,"46,877,374","874,211,317",18.75,18.80,18.60,18.60,-0.10,"12,771",
109/09/21,"34,326,629","637,068,269",18.60,18.65,18.50,18.50,-0.10,"12,954",
109/09/22,"52,993,055","969,496,040",18.45,18.50,18.20,18.20,-0.30,"23,086",
109/09/23,"53,183,905","959,935,870",18.20,18.20,18.00,18.00,-0.20,"23,097",
109/09/24,"76,180,573","1,350,815,849",17.90,17.90,17.60,17.60,-0.40,"32,260",
109/09/25,"81,235,445","1,434,112,297",17.70,17.85,17.50,17.60, 0.00,"23,246",
109/09/28,"35,622,645","638,456,187",17.70,18.10,17.70,18.05,+0.45,"12,556",
109/09/29,"40,124,504","732,530,100",18.20,18.35,18.15,18.30,+0.25,"9,102",
109/09/30,"33,184,677","608,497,070",18.40,18.40,18.25,18.40,+0.10,"8,604",
109/10/05,"27,658,754","504,575,186",18.50,18.60,18.10,18.15,-0.25,"10,350",
109/10/06,"18,660,287","342,519,311",18.25,18.45,18.25,18.45,+0.30,"7,801",
109/10/07,"23,024,543","421,174,652",18.30,18.40,18.25,18.25,-0.20,"8,556",
109/10/08,"12,367,136","226,228,029",18.35,18.35,18.20,18.35,+0.10,"3,885",
109/10/12,"30,316,210","550,773,655",18.40,18.40,18.05,18.15,-0.20,"11,162",
109/10/13,"36,139,127","651,915,364",18.10,18.15,17.95,18.05,-0.10,"11,658",
109/10/14,"37,704,533","681,254,845",18.00,18.20,18.00,18.10,+0.05,"6,994",
109/10/15,"35,321,603","635,320,645",18.00,18.10,17.95,17.95,-0.15,"8,946",
109/10/16,"25,088,485","451,266,930",18.00,18.15,17.90,17.90,-0.05,"7,899",
109/10/19,"19,191,392","345,890,381",18.00,18.10,18.00,18.00,+0.10,"5,432",
109/10/20,"24,505,142","441,431,638",18.00,18.10,17.95,18.00, 0.00,"6,771",
109/10/21,"21,937,753","395,876,971",18.10,18.15,18.00,18.00, 0.00,"8,273",
109/10/22,"32,278,282","587,227,826",18.05,18.25,18.00,18.25,+0.25,"6,542",
109/10/23,"13,979,161","254,509,486",18.20,18.25,18.15,18.25, 0.00,"3,657",
109/10/26,"14,846,344","271,677,567",18.25,18.35,18.20,18.35,+0.10,"4,691",
109/10/27,"33,547,963","611,461,080",18.35,18.35,18.15,18.15,-0.20,"5,829",
109/10/28,"23,632,005","427,616,213",18.15,18.20,18.05,18.15, 0.00,"7,564",
109/10/29,"25,876,658","465,812,943",18.05,18.05,17.95,17.95,-0.20,"8,769",
109/10/30,"35,075,247","631,482,721",17.95,18.05,17.90,18.05,+0.10,"6,727",
109/11/02,"20,054,703","363,213,746",18.05,18.20,18.00,18.15,+0.10,"5,093",
109/11/03,"14,882,363","271,038,474",18.20,18.25,18.15,18.25,+0.10,"3,582",
109/11/04,"15,247,297","278,229,245",18.25,18.30,18.20,18.20,-0.05,"3,217",
109/11/05,"16,749,022","306,388,840",18.30,18.35,18.25,18.30,+0.10,"3,630",
109/11/06,"30,129,321","556,691,237",18.30,18.65,18.25,18.65,+0.35,"7,966",
109/11/09,"46,464,701","871,524,758",18.80,18.90,18.60,18.65, 0.00,"10,477",
109/11/10,"88,058,928","1,677,439,778",18.85,19.20,18.75,19.10,+0.45,"19,877",
109/11/11,"104,423,806","2,043,622,558",19.25,19.80,19.25,19.80,+0.70,"26,326",
109/11/12,"57,873,051","1,134,683,436",19.75,19.75,19.50,19.60,-0.20,"14,561",
109/11/13,"35,952,276","702,730,722",19.55,19.65,19.45,19.60, 0.00,"10,683",
109/11/16,"62,328,456","1,232,662,261",19.70,19.85,19.65,19.85,+0.25,"14,062",
109/11/17,"50,247,626","997,363,920",19.95,19.95,19.75,19.90,+0.05,"12,200",
109/11/18,"48,870,199","975,427,052",19.95,20.00,19.85,20.00,+0.10,"11,873",
109/11/19,"34,713,305","685,571,539",20.00,20.00,19.60,19.60,-0.40,"10,036",
109/11/20,"27,423,502","535,425,055",19.65,19.70,19.45,19.55,-0.05,"7,492",
109/11/23,"24,959,080","489,844,332",19.60,19.70,19.55,19.65,+0.10,"5,619",
109/11/24,"27,532,330","538,673,524",19.65,19.70,19.50,19.55,-0.10,"6,834",
109/11/25,"18,652,035","367,072,909",19.65,19.75,19.60,19.70,+0.15,"4,668",
109/11/26,"16,834,210","330,611,926",19.70,19.75,19.55,19.70, 0.00,"5,661",
109/11/27,"27,995,947","550,384,611",19.65,19.75,19.55,19.75,+0.05,"7,809",
109/11/30,"106,107,437","2,047,130,752",19.75,19.80,19.15,19.15,-0.60,"13,453",
109/12/01,"32,638,469","630,890,248",19.25,19.45,19.25,19.40,+0.25,"9,890",
109/12/02,"32,746,905","635,738,637",19.30,19.50,19.30,19.50,+0.10,"7,056",
109/12/03,"20,438,229","397,644,671",19.40,19.50,19.35,19.50, 0.00,"6,309",
109/12/04,"28,161,446","549,785,264",19.50,19.60,19.45,19.60,+0.10,"6,063",
109/12/07,"26,499,015","517,464,884",19.65,19.65,19.45,19.55,-0.05,"7,778",
109/12/08,"40,386,125","776,783,930",19.25,19.35,19.10,19.35,-0.20,"11,098",
109/12/09,"25,976,181","499,090,934",19.25,19.30,19.15,19.20,-0.15,"7,406",
109/12/10,"21,550,651","414,895,873",19.20,19.35,19.10,19.30,+0.10,"5,112",
109/12/11,"35,272,200","686,994,416",19.35,19.55,19.30,19.55,+0.25,"7,565",
109/12/14,"21,414,714","416,074,478",19.50,19.55,19.35,19.40,-0.15,"5,907",
109/12/15,"25,769,376","496,646,461",19.35,19.40,19.20,19.30,-0.10,"6,778",
109/12/16,"22,643,021","440,828,858",19.30,19.55,19.30,19.55,+0.25,"9,278",
109/12/17,"24,459,117","475,140,159",19.55,19.55,19.35,19.35,-0.20,"5,842",
109/12/18,"26,737,091","516,638,730",19.35,19.40,19.25,19.30,-0.05,"7,841",
109/12/21,"14,610,070","282,636,001",19.30,19.40,19.25,19.40,+0.10,"4,904",
109/12/22,"13,021,303","252,164,178",19.35,19.40,19.30,19.30,-0.10,"4,002",
109/12/23,"10,873,407","208,957,073",19.25,19.25,19.15,19.20,-0.10,"3,852",
109/12/24,"18,173,476","349,474,228",19.25,19.30,19.15,19.25,+0.05,"5,899",
109/12/25,"12,837,945","247,063,732",19.25,19.30,19.20,19.30,+0.05,"4,725",
109/12/28,"23,118,523","444,315,880",19.30,19.30,19.15,19.20,-0.10,"6,490",
109/12/29,"25,936,559","499,808,537",19.25,19.35,19.20,19.25,+0.05,"4,926",
109/12/30,"50,925,101","997,529,320",19.25,19.75,19.25,19.75,+0.50,"13,532",
109/12/31,"27,161,674","534,466,657",19.75,19.80,19.55,19.70,-0.05,"6,298",
110/01/04,"25,983,998","509,401,472",19.60,19.70,19.55,19.55,-0.15,"6,643",
110/01/05,"25,736,876","504,629,808",19.55,19.70,19.45,19.60,+0.05,"6,657",
110/01/06,"29,616,026","579,854,540",19.55,19.70,19.50,19.55,-0.05,"8,448",
110/01/07,"39,492,678","780,059,131",19.65,19.80,19.60,19.80,+0.25,"9,594",
110/01/08,"59,881,800","1,190,953,264",19.85,20.00,19.75,20.00,+0.20,"12,750",
110/01/11,"35,804,760","713,479,045",20.00,20.00,19.85,19.95,-0.05,"9,413",
110/01/12,"21,726,910","429,753,820",19.95,19.95,19.70,19.70,-0.25,"6,206",
110/01/13,"26,818,941","531,412,878",19.85,19.85,19.75,19.85,+0.15,"5,762",
110/01/14,"30,496,254","605,073,892",19.85,19.90,19.70,19.85, 0.00,"7,357",
110/01/15,"29,730,070","588,557,375",19.85,19.90,19.70,19.70,-0.15,"7,344",
110/01/18,"29,441,316","577,447,485",19.70,19.75,19.50,19.70, 0.00,"6,981",
110/01/19,"23,432,275","460,603,953",19.65,19.70,19.60,19.65,-0.05,"5,165",
110/01/20,"52,545,656","1,016,363,684",19.60,19.60,19.10,19.20,-0.45,"17,530",
110/01/21,"23,496,317","453,712,883",19.20,19.45,19.20,19.25,+0.05,"6,113",
110/01/22,"26,896,032","516,772,440",19.30,19.35,19.20,19.20,-0.05,"8,374",
110/01/25,"43,132,972","841,794,820",19.20,19.65,19.20,19.60,+0.40,"9,148",
110/01/26,"28,996,908","561,634,126",19.45,19.50,19.30,19.30,-0.30,"6,749",
110/01/27,"30,486,404","588,730,475",19.35,19.50,19.30,19.40,+0.10,"4,739",
110/01/28,"40,144,783","771,447,113",19.30,19.40,19.10,19.20,-0.20,"10,952",
110/01/29,"56,546,185","1,077,705,159",19.15,19.20,19.00,19.00,-0.20,"13,086",
110/02/01,"16,443,635","314,662,300",19.00,19.20,19.00,19.15,+0.15,"4,442",
110/02/02,"23,268,023","448,118,349",19.10,19.35,19.05,19.25,+0.10,"5,418",
110/02/03,"32,976,854","634,891,276",19.25,19.35,19.20,19.25, 0.00,"4,006",
110/02/04,"14,226,120","273,460,877",19.20,19.30,19.20,19.20,-0.05,"3,427",
110/02/05,"26,423,071","511,317,089",19.25,19.45,19.20,19.40,+0.20,"5,601",
110/02/17,"84,216,368","1,668,533,712",19.75,19.90,19.70,19.90,+0.50,"18,648",
110/02/18,"73,960,907","1,480,797,477",19.95,20.20,19.85,20.00,+0.10,"16,916",
110/02/19,"50,118,427","1,007,644,196",20.05,20.20,20.00,20.20,+0.20,"11,220",
110/02/22,"38,153,625","775,726,262",20.25,20.40,20.20,20.40,+0.20,"10,904",
110/02/23,"59,609,312","1,224,562,743",20.40,20.70,20.35,20.70,+0.30,"15,543",
110/02/24,"61,608,110","1,281,421,375",20.95,20.95,20.70,20.75,+0.05,"11,295",
110/02/25,"50,328,214","1,047,264,252",20.80,20.90,20.65,20.90,+0.15,"12,382",
110/02/26,"108,408,456","2,191,499,369",20.75,20.80,20.00,20.00,-0.90,"16,266",
110/03/02,"37,186,926","755,330,029",20.35,20.40,20.20,20.20,+0.20,"7,672",
110/03/03,"41,944,860","856,533,130",20.35,20.50,20.25,20.40,+0.20,"8,127",
110/03/04,"37,019,106","750,611,407",20.50,20.50,20.10,20.35,-0.05,"6,793",
110/03/05,"33,556,881","680,466,227",20.10,20.45,20.05,20.30,-0.05,"6,181",
110/03/08,"48,027,935","989,235,472",20.45,20.80,20.35,20.60,+0.30,"9,143",
110/03/09,"108,308,815","2,275,500,056",20.75,21.10,20.75,21.10,+0.50,"22,879",
110/03/10,"53,403,957","1,129,091,708",21.10,21.30,21.00,21.20,+0.10,"14,178",
110/03/11,"67,666,217","1,443,487,301",21.30,21.50,21.10,21.10,-0.10,"18,674",
110/03/12,"51,397,792","1,091,061,015",21.15,21.35,21.00,21.35,+0.25,"12,174",
110/03/15,"74,387,631","1,611,373,197",21.35,21.80,21.35,21.75,+0.40,"19,120",
110/03/16,"56,927,346","1,237,460,801",21.85,21.85,21.60,21.80,+0.05,"12,751",
110/03/17,"47,969,315","1,040,156,358",21.80,21.85,21.55,21.60,-0.20,"12,176",
110/03/18,"33,823,597","729,333,476",21.60,21.70,21.45,21.55,-0.05,"10,182",
110/03/19,"61,927,673","1,319,948,007",21.45,21.50,21.20,21.30,-0.25,"10,480",
110/03/22,"23,282,595","496,312,655",21.20,21.45,21.10,21.35,+0.05,"7,341",
110/03/23,"32,800,929","702,568,639",21.30,21.50,21.25,21.40,+0.05,"7,909",
110/03/24,"31,519,560","668,935,395",21.40,21.60,21.30,21.50,+0.10,"7,022",
110/03/25,"56,116,366","1,220,282,311",21.55,21.85,21.55,21.80,+0.30,"12,784",
110/03/26,"43,233,005","944,404,951",21.80,21.95,21.70,21.90,+0.10,"12,142",
110/03/29,"32,439,823","711,617,562",22.00,22.00,21.85,22.00,+0.10,"11,273",
110/03/30,"43,722,617","960,192,656",22.00,22.00,21.90,22.00, 0.00,"10,040",
110/03/31,"37,910,712","835,616,433",22.00,22.10,21.90,22.10,+0.10,"9,099",
110/04/01,"26,493,965","579,668,803",22.05,22.10,21.80,21.85,-0.25,"7,608",
110/04/06,"22,921,805","501,527,084",21.95,21.95,21.80,21.95,+0.10,"8,470",
110/04/07,"26,429,315","580,557,290",22.00,22.00,21.90,22.00,+0.05,"8,335",
110/04/08,"21,321,849","465,332,337",21.90,21.95,21.75,21.80,-0.20,"7,153",
110/04/09,"27,440,454","592,880,527",21.80,21.80,21.50,21.60,-0.20,"8,310",
110/04/12,"24,450,346","533,495,767",21.65,21.90,21.60,21.90,+0.30,"7,699",
110/04/13,"41,651,149","919,411,236",22.00,22.15,22.00,22.10,+0.20,"12,442",
110/04/14,"32,901,511","725,508,205",22.10,22.15,21.90,22.10, 0.00,"7,766",
110/04/15,"35,867,533","795,553,825",22.15,22.25,22.10,22.25,+0.15,"10,224",
110/04/16,"24,785,860","550,830,555",22.25,22.30,22.15,22.25, 0.00,"7,496",
110/04/19,"64,180,690","1,449,625,090",22.25,22.80,22.25,22.80,+0.55,"18,021",
110/04/20,"46,536,582","1,064,288,959",23.00,23.00,22.65,22.90,+0.10,"12,233",
110/04/21,"33,348,288","760,850,642",22.75,22.95,22.70,22.90, 0.00,"9,934",
110/04/22,"49,541,109","1,135,321,553",22.95,23.00,22.80,22.90, 0.00,"13,736",
110/04/23,"30,723,797","700,900,119",23.00,23.00,22.70,22.80,-0.10,"9,330",
110/04/26,"54,165,241","1,246,362,411",22.90,23.10,22.85,23.10,+0.30,"14,376",
110/04/27,"39,113,901","903,793,533",23.10,23.20,23.00,23.15,+0.05,"9,396",
110/04/28,"36,912,121","856,060,421",23.15,23.30,23.10,23.25,+0.10,"9,886",
110/04/29,"39,199,218","900,278,408",23.25,23.25,22.80,22.80,-0.45,"9,620",
110/05/03,"50,881,840","1,152,349,381",22.70,22.80,22.50,22.75,-0.05,"11,098",
110/05/04,"61,855,968","1,388,202,186",22.80,22.85,22.10,22.35,-0.40,"14,291",
110/05/05,"39,757,697","893,531,910",22.35,22.70,22.25,22.50,+0.15,"7,345",
110/05/06,"55,480,843","1,264,948,797",22.60,23.05,22.50,23.00,+0.50,"10,874",
110/05/07,"35,312,903","813,728,700",23.05,23.15,22.95,23.10,+0.10,"9,965",
110/05/10,"98,965,337","2,334,439,098",23.15,24.00,23.10,23.95,+0.85,"26,222",
110/05/11,"109,916,201","2,607,700,517",23.90,24.05,23.25,23.65,-0.30,"26,870",
110/05/12,"168,690,949","3,804,171,671",23.65,23.85,21.35,22.35,-1.30,"35,797",
110/05/13,"76,268,345","1,688,267,479",21.95,22.65,21.60,22.05,-0.30,"17,738",
110/05/14,"49,081,484","1,081,940,918",22.05,22.35,21.90,22.00,-0.05,"10,883",
110/05/17,"66,172,291","1,414,831,651",21.15,21.85,21.10,21.55,-0.45,"17,838",
110/05/18,"49,177,105","1,094,944,337",21.65,22.50,21.60,22.50,+0.95,"12,792",
110/05/19,"38,307,509","856,199,194",22.35,22.65,22.10,22.25,-0.25,"9,635",
110/05/20,"51,003,593","1,135,167,959",22.30,22.40,22.05,22.30,+0.05,"9,693",
110/05/21,"70,783,943","1,610,811,900",22.65,23.30,22.40,22.60,+0.30,"13,191",
110/05/24,"31,643,309","707,754,877",22.25,22.60,22.20,22.50,-0.10,"6,903",
110/05/25,"66,633,514","1,531,592,351",22.55,23.20,22.50,22.85,+0.35,"13,660",
110/05/26,"22,033,638","505,458,595",23.00,23.10,22.85,23.00,+0.15,"6,500",
110/05/27,"112,442,107","2,523,903,147",22.80,22.85,22.40,22.40,-0.60,"13,249",
110/05/28,"56,113,211","1,284,813,314",22.65,23.05,22.50,23.00,+0.60,"11,923",
110/05/31,"32,533,979","750,676,195",22.95,23.20,22.90,23.05,+0.05,"9,487",
110/06/01,"17,403,304","399,414,953",23.00,23.05,22.85,23.00,-0.05,"4,930",
110/06/02,"36,684,304","838,406,754",22.90,23.10,22.70,22.95,-0.05,"9,246",
110/06/03,"18,208,856","416,484,686",23.00,23.05,22.75,22.90,-0.05,"5,274",
110/06/04,"36,407,477","822,097,483",22.55,22.75,22.50,22.75,-0.15,"9,768",
110/06/07,"21,411,576","481,095,963",22.70,22.70,22.20,22.55,-0.20,"5,692",
110/06/08,"14,418,470","324,911,251",22.70,22.70,22.45,22.55, 0.00,"3,964",
110/06/09,"23,519,875","526,691,062",22.50,22.55,22.30,22.45,-0.10,"6,514",
110/06/10,"18,192,934","407,801,791",22.45,22.50,22.30,22.50,+0.05,"4,190",
110/06/11,"11,676,943","262,094,922",22.50,22.50,22.40,22.50, 0.00,"3,974",
110/06/15,"17,655,266","395,280,895",22.50,22.50,22.30,22.40,-0.10,"5,751",
110/06/16,"27,899,900","621,264,165",22.25,22.40,22.20,22.40, 0.00,"11,657",
110/06/17,"31,067,227","690,523,956",22.20,22.30,22.15,22.30,-0.10,"8,183",
110/06/18,"48,217,318","1,068,672,481",22.20,22.25,22.15,22.15,-0.15,"8,129",
110/06/21,"39,372,396","870,655,319",22.10,22.25,22.00,22.25,+0.10,"12,591",
110/06/22,"26,895,978","600,262,898",22.30,22.40,22.20,22.30,+0.05,"8,066",
110/06/23,"22,890,494","513,640,415",22.30,22.60,22.25,22.55,+0.25,"6,893",
110/06/24,"19,470,216","438,451,831",22.55,22.60,22.45,22.55, 0.00,"4,146",
110/06/25,"34,593,077","784,990,104",22.60,22.80,22.55,22.75,+0.20,"6,761",
110/06/28,"16,011,093","363,030,422",22.80,22.80,22.60,22.65,-0.10,"4,443",
110/06/29,"25,770,796","580,346,577",22.65,22.70,22.40,22.60,-0.05,"8,504",
110/06/30,"30,644,357","695,454,508",22.60,22.85,22.50,22.70,+0.10,"6,794",
110/07/01,"24,157,658","544,878,374",22.60,22.65,22.50,22.55,-0.15,"7,966",
110/07/02,"16,935,858","380,110,616",22.60,22.60,22.35,22.40,-0.15,"5,275",
110/07/05,"21,004,605","472,143,227",22.55,22.60,22.40,22.50,+0.10,"4,853",
110/07/06,"32,240,712","727,822,184",22.50,22.65,22.50,22.60,+0.10,"5,087",
110/07/07,"29,211,035","659,960,994",22.60,22.70,22.45,22.65,+0.05,"6,742",
110/07/08,"36,430,571","832,026,624",22.80,22.95,22.75,22.85,+0.20,"7,715",
110/07/09,"40,744,803","923,444,474",22.75,22.80,22.55,22.70,-0.15,"8,431",
110/07/12,"36,011,984","820,439,430",22.90,22.95,22.65,22.65,-0.05,"9,011",
110/07/13,"35,784,849","812,696,420",22.75,22.80,22.60,22.70,+0.05,"8,679",
110/07/14,"27,357,159","620,054,804",22.65,22.80,22.60,22.70, 0.00,"7,001",
110/07/15,"27,494,160","624,309,081",22.70,22.75,22.65,22.75,+0.05,"6,791",
110/07/16,"65,599,786","1,504,116,607",22.70,23.05,22.70,23.05,+0.30,"15,906",
110/07/19,"33,536,731","770,417,854",23.10,23.15,22.85,23.00,-0.05,"8,069",
110/07/20,"34,811,135","789,730,788",22.70,22.85,22.60,22.65,-0.35,"10,905",
110/07/21,"22,888,144","518,472,129",22.70,22.75,22.55,22.70,+0.05,"10,207",
110/07/22,"18,936,529","432,044,787",22.75,22.85,22.70,22.85,+0.15,"5,139",
110/07/23,"20,700,072","474,670,401",22.95,23.00,22.85,23.00,+0.15,"4,287",
110/07/26,"24,014,390","550,970,324",23.00,23.05,22.80,22.90,-0.10,"5,656",
110/07/27,"15,619,439","356,843,922",22.90,22.95,22.75,22.85,-0.05,"3,587",
110/07/28,"28,984,086","657,812,290",22.85,22.90,22.55,22.75,-0.10,"7,652",
110/07/29,"18,992,003","432,654,428",22.80,22.85,22.65,22.80,+0.05,"4,120",
110/07/30,"30,696,473","701,216,362",22.85,22.90,22.75,22.85,+0.05,"4,413",
110/08/02,"27,267,510","626,469,150",22.95,23.10,22.85,23.10,+0.25,"6,160",
110/08/03,"22,054,836","507,634,377",23.10,23.15,22.95,23.05,-0.05,"5,415",
110/08/04,"21,464,384","494,280,025",23.10,23.10,22.95,23.00,-0.05,"4,590",
110/08/05,"37,227,592","858,284,816",23.10,23.15,23.00,23.10,+0.10,"7,958",
110/08/06,"35,113,564","811,056,204",23.10,23.15,23.00,23.10, 0.00,"6,269",
110/08/09,"32,622,181","751,079,597",23.10,23.10,22.85,23.10, 0.00,"5,773",
110/08/10,"27,184,921","625,842,495",23.10,23.10,22.95,23.00,-0.10,"6,008",
110/08/11,"34,165,317","785,846,774",23.00,23.05,22.95,23.00, 0.00,"7,007",
110/08/12,"56,232,547","1,290,219,616",23.05,23.05,22.85,22.90,-0.10,"7,720",
110/08/13,"76,236,206","1,741,574,597",22.90,22.95,22.75,22.80,-0.10,"10,119",
110/08/16,"99,966,568","2,166,210,712",21.60,21.70,21.20,21.40,X0.00,"20,895",
110/08/17,"36,059,798","775,116,644",21.40,21.60,21.40,21.60,+0.20,"8,714",
110/08/18,"22,885,925","493,708,231",21.55,21.60,21.50,21.60, 0.00,"6,256",
110/08/19,"38,533,691","823,495,181",21.60,21.60,21.20,21.35,-0.25,"9,863",
110/08/20,"33,524,414","709,878,954",21.40,21.40,21.05,21.15,-0.20,"9,473",
110/08/23,"40,570,386","871,797,539",21.40,21.65,21.35,21.45,+0.30,"5,363",
110/08/24,"34,571,978","754,156,756",21.60,22.00,21.50,22.00,+0.55,"7,692",
110/08/25,"34,442,156","763,586,113",22.00,22.40,22.00,22.30,+0.30,"7,448",
110/08/26,"34,981,344","777,970,154",22.35,22.40,22.10,22.40,+0.10,"5,126",
110/08/27,"37,803,260","855,213,216",22.35,22.75,22.25,22.75,+0.35,"9,125",
110/08/30,"35,598,212","811,680,243",22.75,22.90,22.65,22.90,+0.15,"9,165",
110/08/31,"50,096,734","1,148,417,166",22.95,23.00,22.75,23.00,+0.10,"7,981",
110/09/01,"25,572,740","586,409,177",22.90,23.00,22.85,23.00, 0.00,"7,473",
110/09/02,"23,225,770","525,806,077",22.90,22.95,22.50,22.70,-0.30,"8,345",
110/09/03,"17,104,256","389,807,704",22.70,22.85,22.70,22.85,+0.15,"5,496",
110/09/06,"11,818,941","269,581,772",22.90,22.90,22.65,22.85, 0.00,"4,446",
110/09/07,"9,165,285","208,934,700",22.90,22.90,22.70,22.85, 0.00,"3,356",
110/09/08,"28,076,404","642,106,220",22.95,23.00,22.70,22.90,+0.05,"6,698",
110/09/09,"20,445,878","465,868,440",22.80,22.85,22.55,22.85,-0.05,"5,397",
110/09/10,"20,724,813","474,801,754",22.80,23.00,22.75,22.95,+0.10,"5,430",
110/09/13,"23,533,675","540,226,880",22.85,23.00,22.75,23.00,+0.05,"8,129",
110/09/14,"35,213,613","809,316,871",22.90,23.00,22.85,23.00, 0.00,"10,146",
110/09/15,"31,327,886","719,799,684",22.85,23.00,22.85,23.00, 0.00,"11,387",
110/09/16,"74,155,034","1,728,775,856",23.00,23.65,22.95,23.40,+0.40,"17,324",
110/09/17,"67,838,635","1,572,247,111",23.30,23.40,23.00,23.00,-0.40,"13,826",
110/09/22,"52,798,744","1,191,716,853",22.60,22.75,22.40,22.60,-0.40,"16,121",
110/09/23,"38,204,257","871,854,524",22.70,22.95,22.70,22.95,+0.35,"11,284",
110/09/24,"36,963,945","845,735,632",23.05,23.05,22.70,22.80,-0.15,"9,345",
110/09/27,"22,351,368","509,261,993",22.80,22.95,22.65,22.75,-0.05,"4,710",
110/09/28,"29,863,586","680,563,743",22.65,22.95,22.55,22.90,+0.15,"5,687",
110/09/29,"29,595,186","671,456,584",22.75,22.80,22.50,22.75,-0.15,"8,609",
110/09/30,"36,681,757","837,262,016",22.65,22.90,22.60,22.90,+0.15,"5,111",
110/10/01,"45,047,897","1,013,288,885",22.65,22.80,22.35,22.50,-0.40,"13,265",
110/10/04,"21,165,745","473,383,943",22.55,22.60,22.25,22.40,-0.10,"6,053",
110/10/05,"40,602,598","908,188,051",22.30,22.50,22.20,22.45,+0.05,"8,609",
110/10/06,"42,804,394","965,980,780",22.50,22.70,22.40,22.70,+0.25,"7,643",
110/10/07,"50,267,796","1,152,941,911",22.85,23.05,22.75,22.85,+0.15,"14,542",
110/10/08,"19,474,957","445,750,207",22.95,23.00,22.80,22.90,+0.05,"4,793",
110/10/12,"31,607,655","718,575,179",22.70,22.90,22.50,22.90, 0.00,"5,741",
110/10/13,"13,593,274","309,646,284",22.85,22.90,22.65,22.85,-0.05,"3,959",
110/10/14,"18,578,016","425,734,304",22.95,23.00,22.85,22.95,+0.10,"5,094",
110/10/15,"30,047,831","690,082,092",23.00,23.00,22.85,23.00,+0.05,"10,279",
110/10/18,"41,145,287","949,198,951",23.00,23.15,22.90,23.05,+0.05,"6,980",
110/10/19,"27,073,965","624,179,976",23.05,23.15,22.95,23.00,-0.05,"6,040",
110/10/20,"34,362,651","792,146,742",23.00,23.15,22.95,23.00, 0.00,"8,639",
110/10/21,"63,056,653","1,468,691,884",23.05,23.40,23.00,23.40,+0.40,"10,988",
110/10/22,"39,321,004","921,409,239",23.40,23.55,23.15,23.55,+0.15,"9,982",
110/10/25,"25,845,394","608,591,119",23.55,23.60,23.45,23.55, 0.00,"6,751",
110/10/26,"29,440,030","693,992,019",23.55,23.65,23.45,23.55, 0.00,"6,871",
110/10/27,"25,720,451","601,360,228",23.50,23.55,23.30,23.40,-0.15,"7,978",
110/10/28,"19,446,750","454,031,523",23.40,23.45,23.25,23.40, 0.00,"4,085",
110/10/29,"23,208,226","538,414,609",23.30,23.40,23.15,23.20,-0.20,"4,627",
110/11/01,"23,306,369","537,905,078",23.25,23.40,22.95,23.05,-0.15,"6,083",
110/11/02,"24,725,265","572,091,853",23.10,23.30,23.05,23.10,+0.05,"3,818",
110/11/03,"19,816,431","461,107,727",23.10,23.35,23.05,23.35,+0.25,"3,883",
110/11/04,"32,780,573","767,170,099",23.40,23.50,23.25,23.25,-0.10,"4,812",
110/11/05,"25,529,433","591,844,727",23.30,23.35,23.10,23.20,-0.05,"7,228",
110/11/08,"21,174,878","493,910,478",23.30,23.40,23.20,23.40,+0.20,"3,884",
110/11/09,"31,347,323","737,117,747",23.50,23.60,23.45,23.55,+0.15,"9,204",
110/11/10,"14,827,468","348,391,395",23.50,23.55,23.40,23.55, 0.00,"5,456",
110/11/11,"24,381,124","573,142,383",23.50,23.60,23.45,23.60,+0.05,"5,650",
110/11/12,"23,701,107","560,301,936",23.60,23.70,23.45,23.70,+0.10,"5,303",
110/11/15,"32,827,348","785,017,239",23.75,24.00,23.70,24.00,+0.30,"8,079",
110/11/16,"27,811,844","667,418,129",24.00,24.05,23.90,24.05,+0.05,"8,232",
110/11/17,"45,739,588","1,112,486,183",24.05,24.50,23.95,24.45,+0.40,"13,732",
110/11/18,"43,959,318","1,084,153,495",24.50,24.90,24.45,24.75,+0.30,"11,714",
110/11/19,"39,556,045","964,112,598",24.65,24.65,24.20,24.25,-0.50,"12,875",
110/11/22,"26,630,930","649,347,600",24.25,24.50,24.20,24.40,+0.15,"5,248",
110/11/23,"28,363,422","693,067,261",24.50,24.55,24.25,24.50,+0.10,"5,318",
110/11/24,"40,350,829","1,000,857,826",24.50,24.90,24.45,24.80,+0.30,"11,234",
110/11/25,"40,866,054","1,014,873,470",24.80,24.95,24.70,24.95,+0.15,"11,443",
110/11/26,"33,390,228","823,892,471",24.85,24.90,24.55,24.70,-0.25,"12,730",
110/11/29,"30,747,311","747,316,908",24.25,24.40,24.20,24.30,-0.40,"9,279",
110/11/30,"77,217,749","1,884,489,189",24.25,24.50,24.20,24.40,+0.10,"6,999",
110/12/01,"28,585,312","703,773,449",24.25,24.85,24.20,24.85,+0.45,"8,515",
110/12/02,"45,000,056","1,116,643,138",24.80,25.00,24.45,25.00,+0.15,"12,996",
110/12/03,"48,836,349","1,224,443,068",25.00,25.20,24.85,25.20,+0.20,"12,783",
110/12/06,"40,222,238","1,016,889,631",25.00,25.45,24.90,25.45,+0.25,"14,201",
110/12/07,"56,262,968","1,448,363,326",25.45,26.00,25.25,26.00,+0.55,"16,082",
110/12/08,"57,223,418","1,480,736,618",26.00,26.00,25.70,25.95,-0.05,"16,815",
110/12/09,"20,321,303","525,243,572",25.90,26.05,25.70,25.90,-0.05,"9,997",
110/12/10,"26,377,444","684,306,170",25.80,26.00,25.75,25.95,+0.05,"27,317",
110/12/13,"30,041,541","775,875,089",25.95,25.95,25.70,25.85,-0.10,"11,242",
110/12/14,"29,244,862","743,928,082",25.50,25.55,25.25,25.55,-0.30,"10,146",
110/12/15,"21,503,177","547,277,958",25.40,25.55,25.35,25.35,-0.20,"7,129",
110/12/16,"25,608,405","651,353,132",25.35,25.60,25.30,25.50,+0.15,"7,251",
110/12/17,"47,885,174","1,228,390,529",25.65,25.85,25.50,25.60,+0.10,"7,695",
110/12/20,"22,235,007","563,805,795",25.45,25.60,25.25,25.35,-0.25,"7,375",
110/12/21,"26,843,864","686,587,403",25.35,25.75,25.25,25.65,+0.30,"6,202",
110/12/22,"29,062,641","750,962,991",25.80,25.95,25.70,25.80,+0.15,"8,116",
110/12/23,"25,264,782","652,565,902",25.90,25.90,25.70,25.90,+0.10,"6,277",
110/12/24,"11,730,849","303,668,149",25.95,25.95,25.80,25.85,-0.05,"3,819",
110/12/27,"12,556,709","324,288,511",25.85,25.90,25.75,25.80,-0.05,"3,503",
110/12/28,"20,572,259","532,525,341",25.80,25.95,25.80,25.95,+0.15,"5,588",
110/12/29,"28,502,003","741,203,888",26.00,26.10,25.90,26.10,+0.15,"7,834",
110/12/30,"16,583,325","431,225,987",26.10,26.10,25.95,25.95,-0.15,"5,720",
111/01/03,"18,077,873","467,874,201",26.10,26.10,25.70,25.75,-0.20,"8,087",
111/01/04,"19,795,784","510,905,541",25.80,25.95,25.70,25.95,+0.20,"12,638",
111/01/05,"22,221,672","576,721,461",25.80,26.05,25.80,26.05,+0.10,"7,194",
111/01/06,"41,174,068","1,074,138,333",25.95,26.30,25.90,26.20,+0.15,"12,767",
111/01/07,"39,755,391","1,044,467,577",26.20,26.50,26.00,26.30,+0.10,"12,009",
111/01/10,"30,774,776","807,807,621",26.35,26.40,26.05,26.40,+0.10,"9,172",
111/01/11,"87,909,585","2,369,476,441",26.25,27.40,26.25,27.40,+1.00,"21,512",
111/01/12,"65,537,576","1,795,685,097",27.10,27.75,27.05,27.40, 0.00,"21,562",
111/01/13,"122,858,679","3,455,177,924",27.65,28.50,27.55,28.45,+1.05,"30,648",
111/01/14,"78,081,273","2,189,565,168",28.40,28.65,27.70,27.90,-0.55,"29,157",
111/01/17,"42,223,134","1,173,530,289",27.75,28.00,27.60,27.80,-0.10,"17,308",
111/01/18,"42,466,624","1,186,772,979",27.90,28.05,27.80,27.90,+0.10,"12,135",
111/01/19,"65,727,954","1,832,791,194",27.80,28.15,27.60,27.80,-0.10,"18,158",
111/01/20,"43,840,933","1,212,031,918",27.60,27.80,27.30,27.70,-0.10,"16,363",
111/01/21,"50,003,427","1,364,059,862",27.40,27.50,27.10,27.40,-0.30,"15,733",
111/01/24,"44,515,632","1,212,667,361",27.15,27.65,26.85,27.50,+0.10,"14,338",
111/01/25,"43,439,252","1,176,106,508",27.05,27.25,26.90,27.25,-0.25,"12,019",
111/01/26,"35,656,156","982,111,874",27.25,27.85,27.25,27.60,+0.35,"10,043",
111/02/07,"95,047,673","2,689,570,971",27.90,28.55,27.80,28.50,+0.90,"24,346",
111/02/08,"73,392,509","2,098,685,889",28.60,28.95,28.15,28.70,+0.20,"24,472",
111/02/09,"53,061,496","1,529,151,028",28.70,29.10,28.60,28.90,+0.20,"16,764",
111/02/10,"55,787,016","1,597,974,843",28.90,28.95,28.45,28.85,-0.05,"17,255",
111/02/11,"42,382,526","1,215,334,432",28.60,28.85,28.50,28.85, 0.00,"12,600",
111/02/14,"39,689,438","1,129,834,942",28.35,28.70,28.25,28.65,-0.20,"12,966",
111/02/15,"42,178,039","1,194,822,523",28.60,28.65,28.10,28.15,-0.50,"16,591",
111/02/16,"56,263,183","1,592,571,793",28.35,28.50,28.20,28.20,+0.05,"18,380",
111/02/17,"52,923,897","1,507,854,560",28.60,28.80,28.30,28.45,+0.25,"13,509",
111/02/18,"30,716,916","870,104,816",28.20,28.45,28.15,28.35,-0.10,"11,491",
111/02/21,"27,871,580","785,824,826",28.10,28.35,28.05,28.35, 0.00,"9,833",
111/02/22,"57,608,324","1,599,256,767",28.10,28.15,27.50,27.85,-0.50,"24,579",
111/02/23,"33,172,367","919,415,322",27.75,27.95,27.55,27.80,-0.05,"20,646",
111/02/24,"108,455,292","2,925,539,445",27.50,27.55,26.70,26.90,-0.90,"41,346",
111/02/25,"83,489,399","2,242,690,129",26.90,27.15,26.50,27.15,+0.25,"22,399",
111/03/01,"91,747,334","2,519,763,275",27.00,27.80,26.95,27.75,+0.60,"17,824",
111/03/02,"42,611,975","1,184,830,264",27.55,27.95,27.50,27.95,+0.20,"12,155",
111/03/03,"41,880,993","1,170,909,743",28.00,28.10,27.80,27.95, 0.00,"7,981",
111/03/04,"56,960,709","1,560,558,841",27.60,27.70,27.25,27.35,-0.60,"15,699",
111/03/07,"103,281,342","2,705,312,602",26.90,26.90,25.90,26.25,-1.10,"34,131",
111/03/08,"74,694,575","1,923,145,190",25.85,26.05,25.60,25.60,-0.65,"26,895",
111/03/09,"52,928,940","1,370,884,446",25.70,26.20,25.70,25.75,+0.15,"19,065",
111/03/10,"42,540,524","1,134,177,655",26.35,26.90,26.25,26.80,+1.05,"11,655",
111/03/11,"24,513,782","650,939,019",26.55,26.75,26.40,26.50,-0.30,"8,915",
111/03/14,"27,309,626","731,084,601",26.65,26.95,26.50,26.80,+0.30,"8,374",
111/03/15,"34,763,568","925,956,661",26.65,26.90,26.50,26.60,-0.20,"8,521",
111/03/16,"35,953,055","966,010,937",26.90,27.15,26.70,26.95,+0.35,"9,446",
111/03/17,"62,511,421","1,727,844,674",27.90,28.15,27.25,27.60,+0.65,"15,793",
111/03/18,"100,552,292","2,842,679,576",28.35,28.60,28.00,28.15,+0.55,"21,477",
111/03/21,"49,516,986","1,403,804,948",28.45,28.50,28.10,28.30,+0.15,"12,861",
111/03/22,"39,078,070","1,110,200,046",28.35,28.55,28.15,28.55,+0.25,"10,528",
111/03/23,"64,389,856","1,866,121,316",28.60,29.20,28.55,29.20,+0.65,"19,215",
111/03/24,"35,323,200","1,028,779,692",29.10,29.25,28.90,29.15,-0.05,"8,772",
111/03/25,"27,806,516","804,840,775",28.95,29.10,28.80,29.00,-0.15,"9,277",
111/03/28,"28,454,325","816,610,712",28.75,29.00,28.40,29.00, 0.00,"8,772",
111/03/29,"14,518,021","418,190,116",28.95,28.95,28.70,28.80,-0.20,"6,459",
111/03/30,"53,877,960","1,563,676,278",28.85,29.15,28.75,29.00,+0.20,"16,013",
111/03/31,"52,283,566","1,531,802,382",29.10,29.40,29.10,29.40,+0.40,"11,463",
111/04/01,"58,811,421","1,746,224,722",29.40,29.85,29.10,29.85,+0.45,"16,118",
111/04/06,"107,318,527","3,222,378,330",29.80,30.15,29.70,30.15,+0.30,"24,031",
111/04/07,"124,954,414","3,815,118,007",30.15,30.95,30.00,30.35,+0.20,"33,838",
111/04/08,"51,058,572","1,551,399,404",30.45,30.60,30.10,30.50,+0.15,"17,125",
111/04/11,"49,998,923","1,529,212,885",30.60,30.85,30.30,30.45,-0.05,"14,340",
111/04/12,"54,279,211","1,660,919,379",30.50,30.75,30.35,30.70,+0.25,"14,392",
111/04/13,"45,132,455","1,371,580,370",30.70,30.80,30.20,30.35,-0.35,"15,642",
111/04/14,"55,672,215","1,652,673,242",30.35,30.35,29.45,29.45,-0.90,"22,529",
111/04/15,"37,526,000","1,099,427,974",29.10,29.60,28.85,29.35,-0.10,"11,602",
111/04/18,"46,533,339","1,336,736,698",29.10,29.15,28.35,28.75,-0.60,"22,652",
111/04/19,"41,114,435","1,189,998,038",28.90,29.20,28.70,28.95,+0.20,"14,393",
111/04/20,"42,417,282","1,229,073,608",28.95,29.20,28.80,29.20,+0.25,"12,572",
111/04/21,"33,321,632","959,623,402",29.00,29.10,28.65,28.75,-0.45,"14,169",
111/04/22,"59,730,172","1,739,768,419",28.70,29.45,28.50,29.45,+0.70,"18,141",
111/04/25,"53,996,980","1,566,909,034",28.85,29.30,28.70,29.10,-0.35,"17,869",
111/04/26,"56,100,981","1,656,738,919",29.10,29.70,29.05,29.70,+0.60,"14,498",
111/04/27,"57,295,163","1,664,364,353",29.15,29.40,28.90,28.90,-0.80,"24,380",
111/04/28,"45,694,877","1,315,842,118",28.70,29.00,28.50,29.00,+0.10,"12,583",
111/04/29,"34,381,946","1,001,881,750",29.05,29.30,28.90,29.25,+0.25,"7,544",
111/05/03,"25,226,134","727,915,008",29.10,29.20,28.75,28.75,-0.50,"13,198",
111/05/04,"16,777,571","484,727,565",29.00,29.10,28.75,28.90,+0.15,"5,955",
111/05/05,"57,284,435","1,621,684,476",29.00,29.10,28.00,28.05,-0.85,"21,756",
111/05/06,"61,766,387","1,708,261,894",27.40,28.00,27.25,28.00,-0.05,"21,361",
111/05/09,"55,358,178","1,516,517,908",27.45,27.75,27.15,27.30,-0.70,"17,116",
111/05/10,"58,810,745","1,609,685,927",26.90,27.80,26.80,27.55,+0.25,"17,961",
111/05/11,"40,401,876","1,094,890,288",27.30,27.40,26.90,27.10,-0.45,"15,006",
111/05/12,"63,235,160","1,660,797,767",26.55,26.70,25.95,26.05,-1.05,"23,742",
111/05/13,"73,984,492","1,910,359,860",26.05,26.30,25.55,25.80,-0.25,"23,100",
111/05/16,"48,920,315","1,257,231,151",25.90,26.30,25.45,25.70,-0.10,"14,577",
111/05/17,"49,732,907","1,270,850,877",25.70,25.80,25.40,25.50,-0.20,"15,164",
111/05/18,"50,412,582","1,305,977,576",25.50,26.20,25.45,26.10,+0.60,"14,416",
111/05/19,"60,798,784","1,540,198,699",25.60,25.60,25.15,25.30,-0.80,"15,695",
111/05/20,"46,093,149","1,171,273,650",25.30,25.55,25.20,25.45,+0.15,"11,200",
111/05/23,"44,467,966","1,131,951,125",25.55,25.70,25.20,25.45, 0.00,"11,088",
111/05/24,"45,339,884","1,160,939,599",25.45,25.90,25.40,25.55,+0.10,"10,880",
111/05/25,"49,196,589","1,248,422,337",25.75,25.75,25.15,25.35,-0.20,"12,500",
111/05/26,"37,092,830","940,782,482",25.45,25.60,25.15,25.30,-0.05,"10,328",
111/05/27,"86,096,091","2,266,651,683",25.80,26.65,25.65,26.60,+1.30,"18,908",
111/05/30,"88,093,550","2,366,474,292",26.85,27.10,26.40,27.10,+0.50,"19,230",
111/05/31,"236,161,970","6,361,128,375",26.80,27.15,26.30,27.15,+0.05,"20,428",
111/06/01,"38,482,726","1,027,332,186",26.90,26.90,26.55,26.55,-0.60,"13,380",
111/06/02,"36,635,226","972,747,486",26.40,26.75,26.25,26.60,+0.05,"8,754",
111/06/06,"29,194,751","781,385,223",26.55,27.00,26.45,26.85,+0.25,"8,645",
111/06/07,"21,304,529","566,483,337",26.60,26.80,26.50,26.55,-0.30,"8,037",
111/06/08,"22,628,493","605,478,662",26.70,26.85,26.65,26.75,+0.20,"7,164",
111/06/09,"73,588,446","1,919,257,398",26.50,26.55,25.85,25.85,-0.90,"23,610",
111/06/10,"44,983,133","1,161,489,064",25.40,26.10,25.35,26.00,+0.15,"11,117",
111/06/13,"51,662,170","1,315,486,176",25.45,25.70,25.30,25.55,-0.45,"14,760",
111/06/14,"49,293,307","1,278,410,216",25.60,26.15,25.50,26.00,+0.45,"9,901",
111/06/15,"48,883,434","1,279,350,912",25.70,26.40,25.70,26.30,+0.30,"13,757",
111/06/16,"71,511,488","1,913,095,111",26.65,27.00,26.40,26.60,+0.30,"16,010",
111/06/17,"59,251,539","1,546,347,740",26.15,26.40,25.95,26.00,-0.60,"15,094",
111/06/20,"48,854,374","1,252,458,110",26.05,26.40,25.15,25.50,-0.50,"13,125",
111/06/21,"48,373,601","1,273,649,766",26.00,26.50,25.85,26.45,+0.95,"11,962",
111/06/22,"39,278,930","1,023,804,214",26.10,26.45,25.85,26.05,-0.40,"10,014",
111/06/23,"37,335,007","971,719,410",26.35,26.40,25.65,26.05, 0.00,"9,176",
111/06/24,"26,686,444","701,151,849",26.40,26.40,26.05,26.30,+0.25,"7,275",
111/06/27,"25,497,222","671,827,372",26.50,26.50,26.15,26.20,-0.10,"9,044",
111/06/28,"26,342,151","679,463,991",26.00,26.15,25.60,25.80,-0.40,"10,165",
111/06/29,"40,651,919","1,044,946,158",25.55,25.90,25.55,25.80, 0.00,"9,504",
111/06/30,"42,383,136","1,070,370,570",25.60,25.80,25.10,25.10,-0.70,"12,021",
111/07/01,"77,389,173","1,904,291,939",25.00,25.10,24.30,24.60,-0.50,"17,330",
111/07/04,"50,339,039","1,222,856,551",24.60,24.80,24.00,24.30,-0.30,"10,647",
111/07/05,"40,888,823","993,637,847",24.65,24.85,24.00,24.30, 0.00,"9,804",
111/07/06,"72,787,634","1,725,048,013",24.15,24.30,23.40,23.50,-0.80,"18,815",
111/07/07,"40,624,465","964,494,531",23.55,24.00,23.40,23.70,+0.20,"8,259",
111/07/08,"39,782,606","953,671,028",23.95,24.20,23.80,23.85,+0.15,"9,049",
111/07/11,"25,209,024","599,331,660",24.00,24.00,23.65,23.65,-0.20,"7,239",
111/07/12,"44,271,403","1,019,648,595",23.40,23.45,22.95,22.95,-0.70,"12,233",
111/07/13,"84,764,403","1,991,438,178",23.15,23.80,23.15,23.45,+0.50,"13,541",
111/07/14,"92,196,145","2,065,727,432",22.35,22.65,22.20,22.25,X0.00,"15,489",
111/07/15,"55,732,544","1,220,725,239",22.20,22.20,21.75,21.80,-0.45,"18,156",
111/07/18,"58,773,460","1,303,390,140",22.10,22.45,21.90,22.30,+0.50,"11,692",
111/07/19,"42,296,444","938,666,137",22.30,22.30,22.05,22.20,-0.10,"11,383",
111/07/20,"60,496,655","1,355,142,393",22.55,22.80,22.15,22.25,+0.05,"16,683",
111/07/21,"45,275,510","1,019,124,935",22.35,22.75,22.15,22.65,+0.40,"8,605",
111/07/22,"36,804,698","833,843,929",22.50,22.80,22.30,22.75,+0.10,"8,489",
111/07/25,"31,285,394","712,245,952",22.75,22.90,22.55,22.70,-0.05,"7,943",
111/07/26,"32,709,973","749,053,817",22.70,23.05,22.70,22.95,+0.25,"6,345",
111/07/27,"24,970,172","572,417,430",23.05,23.05,22.75,22.95, 0.00,"6,441",
111/07/28,"25,266,720","584,358,363",23.00,23.25,22.95,23.20,+0.25,"8,420",
111/07/29,"42,051,575","967,366,148",23.45,23.50,22.75,22.95,-0.25,"9,970",
111/08/01,"22,584,585","516,337,677",22.90,22.95,22.60,22.95, 0.00,"5,680",
111/08/02,"41,529,018","933,173,698",22.50,22.60,22.30,22.45,-0.50,"13,783",
111/08/03,"33,265,322","742,457,332",22.35,22.55,22.25,22.30,-0.15,"9,918",
111/08/04,"24,631,235","548,127,747",22.20,22.35,22.10,22.25,-0.05,"6,787",
111/08/05,"37,350,285","851,573,375",22.50,23.05,22.45,23.00,+0.75,"8,166",
111/08/08,"22,328,112","515,115,012",23.00,23.20,22.80,23.10,+0.10,"8,592",
111/08/09,"34,205,959","797,456,112",23.20,23.50,23.05,23.30,+0.20,"13,068",
111/08/10,"36,251,533","854,632,552",23.30,23.80,23.20,23.55,+0.25,"11,152",
111/08/11,"37,939,340","909,874,176",23.85,24.10,23.70,24.05,+0.50,"10,541",
111/08/12,"24,305,183","584,749,184",24.10,24.15,23.85,24.10,+0.05,"9,424",
111/08/15,"25,105,676","608,536,786",24.10,24.40,23.95,24.25,+0.15,"7,492",
111/08/16,"34,854,821","854,041,545",24.30,24.65,24.15,24.55,+0.30,"9,413",
111/08/17,"38,630,691","959,151,665",24.70,24.95,24.55,24.90,+0.35,"15,061",
111/08/18,"33,748,546","829,603,640",24.80,24.85,24.45,24.45,-0.45,"15,341",
111/08/19,"30,839,483","756,237,138",24.40,24.70,24.15,24.60,+0.15,"9,933",
111/08/22,"25,362,591","618,037,923",24.30,24.55,24.25,24.35,-0.25,"9,226",
111/08/23,"34,792,109","833,531,841",24.20,24.30,23.80,23.80,-0.55,"13,777",
111/08/24,"39,853,422","938,834,668",23.80,23.90,23.35,23.45,-0.35,"14,161",
111/08/25,"30,853,961","733,562,579",23.65,23.90,23.55,23.75,+0.30,"7,235",
111/08/26,"26,922,462","643,072,836",23.80,24.00,23.70,23.85,+0.10,"8,530",
111/08/29,"32,048,450","752,497,694",23.25,23.60,23.20,23.50,-0.35,"9,249",
111/08/30,"38,972,088","908,774,419",23.40,23.60,23.20,23.25,-0.25,"11,360",
111/08/31,"43,027,333","1,010,204,792",23.20,23.70,23.20,23.50,+0.25,"6,035",
111/09/01,"47,669,887","1,096,961,247",23.10,23.25,22.85,23.05,-0.45,"14,280",
111/09/02,"23,891,193","548,925,069",23.00,23.10,22.90,22.90,-0.15,"7,168",
111/09/05,"23,758,732","550,521,100",23.10,23.35,22.95,23.25,+0.35,"6,226",
111/09/06,"20,050,547","469,213,354",23.35,23.50,23.25,23.40,+0.15,"6,665",
111/09/07,"45,737,203","1,048,182,160",23.10,23.20,22.80,22.80,-0.60,"18,504",
111/09/08,"27,078,509","618,676,594",22.95,22.95,22.70,22.90,+0.10,"7,783",
111/09/12,"32,500,402","747,439,745",23.20,23.25,22.90,22.90, 0.00,"7,224",
111/09/13,"38,731,157","885,597,007",23.10,23.15,22.70,22.75,-0.15,"11,386",
111/09/14,"48,771,034","1,091,516,244",22.45,22.55,22.30,22.30,-0.45,"19,490",
111/09/15,"25,037,605","558,804,820",22.30,22.45,22.20,22.30, 0.00,"9,687",
111/09/16,"71,792,293","1,591,652,343",22.20,22.35,22.10,22.10,-0.20,"12,214",
111/09/19,"29,847,062","662,295,937",22.10,22.40,22.10,22.15,+0.05,"10,044",
111/09/20,"27,011,484","599,069,873",22.25,22.30,22.05,22.20,+0.05,"9,140",
111/09/21,"32,899,022","725,992,999",22.10,22.15,22.00,22.05,-0.15,"11,269",
111/09/22,"51,921,590","1,122,810,047",21.90,21.90,21.50,21.60,-0.45,"19,829",
111/09/23,"29,564,833","640,227,868",21.60,21.85,21.40,21.65,+0.05,"8,548",
111/09/26,"32,604,848","695,604,299",21.55,21.55,21.25,21.25,-0.40,"12,097",
111/09/27,"65,770,290","1,372,970,023",21.15,21.35,20.70,20.75,-0.50,"22,935",
111/09/28,"81,166,323","1,646,657,194",20.75,20.90,20.10,20.10,-0.65,"24,900",
111/09/29,"73,995,626","1,488,248,737",20.15,20.45,20.00,20.05,-0.05,"17,546",
111/09/30,"76,896,075","1,527,160,742",19.85,20.00,19.75,19.85,-0.20,"19,543",
111/10/03,"48,766,484","964,785,292",19.80,19.95,19.60,19.70,-0.15,"13,826",
111/10/04,"37,840,619","764,450,290",20.10,20.30,20.10,20.15,+0.45,"7,998",
111/10/05,"50,759,340","1,045,394,495",20.40,20.80,20.35,20.50,+0.35,"12,380",
111/10/06,"30,614,812","630,665,733",20.60,20.75,20.40,20.60,+0.10,"7,341",
111/10/07,"21,755,301","445,326,357",20.40,20.60,20.40,20.45,-0.15,"7,297",
111/10/11,"42,173,402","849,010,025",20.20,20.30,20.00,20.10,-0.35,"10,185",
111/10/12,"25,269,595","511,175,307",20.10,20.40,20.05,20.25,+0.15,"6,540",
111/10/13,"65,390,090","1,294,438,894",20.25,20.25,19.60,19.65,-0.60,"24,780",
111/10/14,"40,571,529","806,096,043",19.85,20.00,19.80,19.80,+0.15,"10,518",
111/10/17,"22,904,918","454,019,529",19.75,20.00,19.60,19.80, 0.00,"8,209",
111/10/18,"28,846,278","578,381,636",20.00,20.25,19.80,20.10,+0.30,"7,990",
111/10/19,"47,994,198","956,343,727",20.05,20.20,19.70,19.90,-0.20,"13,837",
111/10/20,"66,310,823","1,299,483,882",19.50,19.90,19.45,19.70,-0.20,"15,403",
111/10/21,"23,571,103","468,887,678",19.85,20.00,19.70,20.00,+0.30,"7,745",
111/10/24,"34,007,318","680,048,024",20.20,20.25,19.90,19.90,-0.10,"6,217",
111/10/25,"27,486,722","549,119,618",20.10,20.15,19.80,20.00,+0.10,"8,093",
111/10/26,"34,669,466","704,855,297",20.15,20.55,19.95,20.35,+0.35,"11,045",
111/10/27,"36,261,098","747,804,947",20.60,20.75,20.55,20.55,+0.20,"10,978",
111/10/28,"25,794,331","530,302,099",20.65,20.70,20.35,20.55, 0.00,"7,215",
111/10/31,"27,298,298","559,984,834",20.70,20.85,20.40,20.40,-0.15,"5,063",
111/11/01,"36,708,612","768,133,196",20.70,21.10,20.55,21.10,+0.70,"10,870",
111/11/02,"27,449,228","574,259,140",21.25,21.25,20.80,20.85,-0.25,"11,211",
111/11/03,"31,106,165","640,736,032",20.65,20.75,20.50,20.55,-0.30,"7,431",
111/11/04,"18,104,026","374,902,445",20.55,20.90,20.50,20.90,+0.35,"4,800",
111/11/07,"30,489,604","648,942,344",21.15,21.45,21.05,21.45,+0.55,"12,193",
111/11/08,"27,222,489","585,249,347",21.55,21.60,21.30,21.55,+0.10,"10,110",
111/11/09,"51,912,735","1,097,092,338",21.05,21.30,20.90,21.20,-0.35,"14,038",
111/11/10,"23,125,237","488,030,983",21.00,21.20,20.95,21.15,-0.05,"6,711",
111/11/11,"56,857,633","1,232,491,689",21.45,21.85,21.40,21.85,+0.70,"13,865",
111/11/14,"49,615,373","1,082,604,319",21.95,21.95,21.70,21.70,-0.15,"11,994",
111/11/15,"36,874,837","805,507,731",21.60,22.00,21.40,22.00,+0.30,"8,166",
111/11/16,"38,578,445","843,419,141",21.90,22.10,21.65,21.80,-0.20,"11,362",
111/11/17,"23,390,723","506,172,740",21.85,21.90,21.55,21.65,-0.15,"7,020",
111/11/18,"33,607,465","719,485,592",21.45,21.60,21.30,21.40,-0.25,"10,932",
111/11/21,"30,746,424","655,896,407",21.30,21.45,21.20,21.40, 0.00,"7,544",
111/11/22,"28,082,567","603,796,785",21.35,21.65,21.15,21.65,+0.25,"7,691",
111/11/23,"67,160,068","1,504,246,177",21.90,22.70,21.85,22.55,+0.90,"22,356",
111/11/24,"41,031,282","921,095,478",22.70,22.75,22.30,22.45,-0.10,"10,906",
111/11/25,"24,710,931","555,058,569",22.40,22.60,22.30,22.40,-0.05,"8,021",
111/11/28,"41,890,449","930,402,493",22.10,22.45,22.00,22.20,-0.20,"10,045",
111/11/29,"49,651,010","1,125,214,572",22.40,22.90,22.15,22.85,+0.65,"14,446",
111/11/30,"84,480,363","1,946,729,526",22.85,23.25,22.70,23.00,+0.15,"12,551",
111/12/01,"41,263,264","943,408,901",23.20,23.30,22.60,22.60,-0.40,"13,421",
111/12/02,"25,199,066","568,526,718",22.50,22.75,22.45,22.50,-0.10,"8,188",
111/12/05,"30,915,018","706,890,143",22.70,23.00,22.65,22.75,+0.25,"9,040",
111/12/06,"44,194,352","997,898,072",22.55,22.90,22.40,22.40,-0.35,"10,862",
111/12/07,"64,264,376","1,480,360,715",22.45,23.20,22.45,23.05,+0.65,"18,348",
111/12/08,"30,210,447","689,284,740",22.90,23.05,22.60,22.80,-0.25,"9,914",
111/12/09,"37,660,993","856,001,622",22.60,22.90,22.55,22.70,-0.10,"8,021",
111/12/12,"39,607,883","903,920,158",22.75,23.00,22.55,22.90,+0.20,"8,149",
111/12/13,"38,964,397","887,709,615",22.95,23.10,22.65,22.70,-0.20,"8,313",
111/12/14,"45,749,077","1,049,657,985",22.85,23.10,22.75,22.90,+0.20,"10,211",
111/12/15,"42,757,425","972,094,616",22.70,22.90,22.55,22.75,-0.15,"9,072",
111/12/16,"92,542,996","2,072,130,124",22.50,22.70,22.25,22.25,-0.50,"17,537",
111/12/19,"63,269,134","1,398,329,374",22.05,22.35,22.00,22.05,-0.20,"10,720",
111/12/20,"69,115,912","1,515,539,257",21.95,22.15,21.80,21.90,-0.15,"15,002",
111/12/21,"65,555,031","1,424,685,866",21.80,21.95,21.60,21.70,-0.20,"13,437",
111/12/22,"52,879,624","1,167,178,122",21.90,22.15,21.75,22.15,+0.45,"6,901",
111/12/23,"23,817,348","520,708,438",21.70,22.05,21.65,21.90,-0.25,"7,158",
111/12/26,"7,305,018","160,888,056",21.85,22.10,21.85,22.10,+0.20,"3,032",
111/12/27,"10,257,549","228,059,673",22.20,22.30,22.10,22.25,+0.15,"3,056",
111/12/28,"16,730,288","370,163,462",22.10,22.35,22.00,22.15,-0.10,"4,753",
111/12/29,"18,326,194","401,167,905",21.95,22.10,21.75,21.90,-0.25,"5,892",
111/12/30,"14,516,779","321,837,721",22.10,22.30,21.95,22.10,+0.20,"3,787",
112/01/03,"17,423,661","383,875,152",22.00,22.25,21.80,22.15,+0.05,"7,140",
112/01/04,"18,241,934","406,374,103",22.00,22.35,22.00,22.35,+0.20,"4,695",
112/01/05,"40,602,842","913,599,833",22.35,22.60,22.30,22.60,+0.25,"7,735",
112/01/06,"18,685,116","421,926,601",22.55,22.70,22.45,22.60, 0.00,"7,134",
112/01/09,"46,496,447","1,068,303,478",22.90,23.15,22.70,23.15,+0.55,"12,875",
112/01/10,"25,244,147","581,967,223",23.10,23.15,22.85,23.15, 0.00,"9,878",
112/01/11,"20,673,897","477,614,613",23.15,23.25,22.95,23.10,-0.05,"7,845",
112/01/12,"18,742,470","429,953,071",23.10,23.15,22.80,22.90,-0.20,"5,528",
112/01/13,"24,014,063","550,514,454",22.95,23.15,22.80,22.80,-0.10,"6,889",
112/01/16,"24,453,761","564,223,926",22.95,23.25,22.90,23.05,+0.25,"6,674",
112/01/17,"30,462,402","705,163,148",23.05,23.25,22.95,23.20,+0.15,"7,955",
112/01/30,"82,623,230","1,914,509,282",23.25,23.40,22.90,23.20, 0.00,"23,682",
112/01/31,"48,726,908","1,118,742,025",23.25,23.30,22.85,22.85,-0.35,"10,335",
112/02/01,"38,764,006","880,552,585",22.95,23.05,22.60,22.75,-0.10,"12,761",
112/02/02,"46,528,896","1,048,891,994",22.70,22.70,22.40,22.50,-0.25,"14,618",
112/02/03,"31,717,281","710,969,006",22.45,22.50,22.35,22.40,-0.10,"11,435",
112/02/06,"23,724,208","530,791,026",22.35,22.55,22.25,22.35,-0.05,"9,768",
112/02/07,"25,001,699","559,838,166",22.40,22.60,22.30,22.30,-0.05,"8,694",
112/02/08,"16,341,579","365,538,047",22.30,22.45,22.30,22.40,+0.10,"6,886",
112/02/09,"16,862,889","376,887,825",22.30,22.45,22.30,22.30,-0.10,"7,847",
112/02/10,"21,077,247","471,799,356",22.30,22.50,22.25,22.45,+0.15,"5,879",
112/02/13,"23,153,840","523,329,567",22.35,22.75,22.30,22.75,+0.30,"6,403",
112/02/14,"39,103,184","895,017,975",22.80,23.05,22.65,22.90,+0.15,"8,824",
112/02/15,"43,285,044","981,071,077",22.80,22.90,22.50,22.55,-0.35,"10,877",
112/02/16,"23,265,625","527,779,200",22.60,22.80,22.55,22.70,+0.15,"5,174",
112/02/17,"24,841,839","565,707,714",22.60,22.85,22.60,22.75,+0.05,"5,301",
112/02/20,"15,297,268","350,306,180",22.80,23.00,22.70,22.95,+0.20,"5,547",
112/02/21,"13,646,211","310,729,227",22.85,22.90,22.70,22.80,-0.15,"5,641",
112/02/22,"21,817,031","496,064,315",22.60,22.90,22.50,22.80, 0.00,"6,363",
112/02/23,"16,630,270","380,332,282",22.85,23.00,22.75,22.85,+0.05,"4,439",
112/02/24,"38,184,090","870,516,858",22.95,22.95,22.75,22.75,-0.10,"5,772",
112/03/01,"26,345,113","597,671,843",22.70,22.80,22.60,22.70,-0.05,"8,293",
112/03/02,"26,855,189","605,078,809",22.75,22.80,22.40,22.55,-0.15,"9,896",
112/03/03,"22,285,434","500,544,268",22.60,22.60,22.40,22.40,-0.15,"7,415",
112/03/06,"27,534,011","620,638,461",22.60,22.60,22.45,22.55,+0.15,"8,878",
112/03/07,"53,241,350","1,205,077,127",22.55,22.75,22.55,22.65,+0.10,"7,568",
112/03/08,"40,467,468","913,911,368",22.60,22.75,22.45,22.75,+0.10,"8,862",
112/03/09,"29,738,047","672,492,828",22.75,22.80,22.50,22.50,-0.25,"8,428",
112/03/10,"37,199,423","829,311,807",22.30,22.40,22.20,22.25,-0.25,"14,814",
112/03/13,"31,034,115","688,577,252",22.20,22.30,22.05,22.20,-0.05,"9,493",
112/03/14,"72,392,734","1,579,192,783",22.00,22.00,21.70,21.70,-0.50,"26,245",
112/03/15,"47,127,865","1,022,782,576",21.80,21.85,21.55,21.55,-0.15,"19,959",
112/03/16,"90,902,847","1,910,931,239",21.30,21.35,20.85,20.90,-0.65,"38,621",
112/03/17,"86,412,114","1,809,596,103",20.95,21.15,20.85,20.85,-0.05,"25,648",
112/03/20,"38,677,575","807,998,305",20.90,21.00,20.70,21.00,+0.15,"15,634",
112/03/21,"39,911,028","841,090,092",21.00,21.25,20.85,21.05,+0.05,"14,099",
112/03/22,"30,072,843","640,853,586",21.20,21.40,21.15,21.35,+0.30,"11,229",
112/03/23,"25,578,106","548,045,183",21.25,21.55,21.15,21.55,+0.20,"8,098",
112/03/24,"26,488,189","567,360,219",21.55,21.60,21.30,21.40,-0.15,"9,006",
112/03/27,"16,690,072","358,046,780",21.55,21.55,21.40,21.45,+0.05,"5,974",
112/03/28,"19,277,073","415,634,145",21.50,21.70,21.45,21.50,+0.05,"5,856",
112/03/29,"22,647,734","490,867,827",21.50,21.75,21.50,21.70,+0.20,"6,796",
112/03/30,"24,120,044","522,084,961",21.75,21.80,21.55,21.65,-0.05,"6,484",
112/03/31,"29,310,312","640,024,959",21.70,21.90,21.70,21.85,+0.20,"5,972",
112/04/06,"28,159,232","612,157,035",21.85,21.85,21.65,21.70,-0.15,"10,938",
112/04/07,"14,847,570","322,093,763",21.70,21.80,21.65,21.70, 0.00,"6,530",
112/04/10,"12,053,447","262,476,101",21.70,21.85,21.65,21.80,+0.10,"5,382",
112/04/11,"27,808,555","605,486,666",21.65,21.85,21.65,21.85,+0.05,"8,247",
112/04/12,"20,767,361","455,906,202",21.85,22.00,21.80,22.00,+0.15,"6,809",
112/04/13,"26,634,414","592,280,520",22.05,22.35,22.05,22.30,+0.30,"10,174",
112/04/14,"19,887,841","445,184,446",22.30,22.50,22.20,22.50,+0.20,"9,154",
112/04/17,"21,375,118","480,441,627",22.50,22.55,22.40,22.50, 0.00,"7,704",
112/04/18,"14,290,042","320,495,202",22.50,22.50,22.35,22.40,-0.10,"5,345",
112/04/19,"17,478,577","392,411,698",22.45,22.50,22.40,22.45,+0.05,"6,855",
112/04/20,"10,574,547","236,128,312",22.35,22.40,22.25,22.35,-0.10,"4,552",
112/04/21,"16,575,077","369,417,137",22.35,22.40,22.20,22.30,-0.05,"5,765",
112/04/24,"12,023,180","269,328,615",22.25,22.50,22.20,22.45,+0.15,"4,066",
112/04/25,"21,069,220","472,428,171",22.45,22.55,22.30,22.35,-0.10,"5,160",
112/04/26,"19,433,496","434,767,727",22.35,22.45,22.30,22.45,+0.10,"6,592",
112/04/27,"17,884,832","400,551,162",22.45,22.50,22.30,22.40,-0.05,"5,183",
112/04/28,"22,737,635","511,901,760",22.45,22.60,22.30,22.60,+0.20,"5,033",
112/05/02,"33,442,558","762,386,873",22.80,22.90,22.70,22.90,+0.30,"10,939",
112/05/03,"26,517,570","607,908,938",22.85,23.00,22.75,22.95,+0.05,"8,231",
112/05/04,"21,601,170","497,938,797",22.95,23.15,22.85,23.10,+0.15,"7,159",
112/05/05,"18,318,014","422,290,150",23.10,23.15,23.00,23.05,-0.05,"5,258",
112/05/08,"28,739,880","668,053,599",23.15,23.35,23.10,23.35,+0.30,"8,622",
112/05/09,"16,329,568","380,202,042",23.35,23.40,23.20,23.30,-0.05,"6,528",
112/05/10,"18,457,324","429,461,259",23.35,23.35,23.15,23.30, 0.00,"6,368",
112/05/11,"20,804,934","484,418,311",23.30,23.35,23.20,23.30, 0.00,"5,782",
112/05/12,"22,013,671","510,427,949",23.35,23.35,23.10,23.10,-0.20,"8,477",
112/05/15,"21,469,110","498,671,740",23.10,23.40,23.00,23.35,+0.25,"5,869",
112/05/16,"33,972,882","797,846,720",23.50,23.55,23.40,23.55,+0.20,"9,924",
112/05/17,"60,542,053","1,442,201,007",23.50,24.00,23.50,23.80,+0.25,"21,034",
112/05/18,"42,768,525","1,028,749,218",23.90,24.15,23.85,24.10,+0.30,"11,503",
112/05/19,"39,270,250","953,473,542",24.20,24.40,24.15,24.40,+0.30,"12,115",
112/05/22,"35,423,335","870,232,226",24.40,24.70,24.35,24.55,+0.15,"12,774",
112/05/23,"30,539,165","750,464,360",24.55,24.70,24.35,24.60,+0.05,"9,692",
112/05/24,"22,336,487","545,174,530",24.50,24.55,24.25,24.50,-0.10,"11,345",
112/05/25,"22,699,695","548,307,231",24.30,24.35,24.05,24.10,-0.40,"8,780",
112/05/26,"24,686,560","593,935,874",24.10,24.25,23.85,24.10, 0.00,"8,045",
112/05/29,"16,798,797","409,002,873",24.15,24.45,24.15,24.40,+0.30,"5,968",
112/05/30,"27,222,186","667,736,096",24.55,24.60,24.40,24.50,+0.10,"9,787",
112/05/31,"72,549,839","1,763,888,566",24.50,24.55,24.25,24.30,-0.20,"7,927",
112/06/01,"23,561,327","574,068,976",24.30,24.50,24.25,24.30, 0.00,"9,570",
112/06/02,"24,956,867","606,900,503",24.50,24.50,24.25,24.30, 0.00,"6,768",
112/06/05,"40,030,968","981,748,934",24.45,24.65,24.40,24.45,+0.15,"8,182",
112/06/06,"27,178,948","664,504,109",24.45,24.55,24.35,24.45, 0.00,"6,908",
112/06/07,"28,620,398","702,109,487",24.50,24.60,24.45,24.60,+0.15,"7,288",
112/06/08,"30,282,407","744,008,609",24.55,24.65,24.50,24.65,+0.05,"9,062",
112/06/09,"51,605,412","1,294,128,628",24.80,25.25,24.75,25.20,+0.55,"16,381",
112/06/12,"35,271,068","880,681,244",25.20,25.30,24.70,24.80,-0.40,"13,367",
112/06/13,"29,375,398","731,010,793",24.80,25.00,24.70,24.80, 0.00,"7,953",
112/06/14,"28,116,987","697,216,753",24.80,24.95,24.70,24.75,-0.05,"7,379",
112/06/15,"25,621,429","632,104,259",24.70,24.80,24.60,24.70,-0.05,"10,076",
112/06/16,"47,799,217","1,177,120,801",24.70,24.80,24.55,24.55,-0.15,"8,553",
112/06/19,"29,535,910","735,154,581",24.55,25.05,24.50,25.05,+0.50,"8,224",
112/06/20,"26,973,018","674,050,986",24.95,25.05,24.80,25.05, 0.00,"6,016",
112/06/21,"28,278,950","707,451,829",24.90,25.15,24.85,25.10,+0.05,"8,973",
112/06/26,"29,088,429","727,590,436",25.00,25.20,24.90,24.95,-0.15,"8,615",
112/06/27,"22,174,721","549,459,552",24.90,25.00,24.60,24.75,-0.20,"7,379",
112/06/28,"19,718,058","490,441,672",24.70,25.00,24.70,25.00,+0.25,"5,448",
112/06/29,"20,041,017","499,038,719",25.15,25.15,24.80,24.90,-0.10,"7,533",
112/06/30,"27,450,561","683,389,665",24.85,25.15,24.70,24.85,-0.05,"6,022",
112/07/03,"17,301,978","433,566,664",24.90,25.10,24.85,25.10,+0.25,"7,804",
112/07/04,"23,010,923","573,647,955",24.95,25.10,24.80,24.85,-0.25,"5,898",
112/07/05,"22,266,077","556,524,902",25.00,25.10,24.90,24.95,+0.10,"6,424",
112/07/06,"55,511,626","1,359,450,309",24.80,24.85,24.25,24.50,-0.45,"17,082",
112/07/07,"27,627,488","674,189,489",24.30,24.65,24.15,24.60,+0.10,"7,838",
112/07/10,"23,400,430","574,514,305",24.50,24.75,24.35,24.50,-0.10,"6,124",
112/07/11,"26,532,615","659,811,383",24.80,25.00,24.75,24.95,+0.45,"4,891",
112/07/12,"29,564,943","741,020,616",24.90,25.15,24.85,25.15,+0.20,"7,023",
112/07/13,"21,348,384","533,921,393",25.20,25.25,24.90,24.90,-0.25,"6,810",
112/07/14,"48,999,499","1,238,641,939",25.00,25.40,25.00,25.40,+0.50,"11,892",
112/07/17,"59,959,059","1,556,099,622",25.40,26.15,25.35,26.15,+0.75,"17,394",
112/07/18,"49,439,396","1,293,089,425",26.05,26.30,25.90,26.25,+0.10,"18,539",
112/07/19,"52,379,504","1,366,055,113",26.25,26.30,25.90,26.05,-0.20,"14,261",
112/07/20,"51,544,344","1,349,160,025",25.80,26.25,25.80,26.20,+0.15,"15,323",
112/07/21,"58,424,663","1,542,095,780",26.00,26.60,26.00,26.45,+0.25,"14,447",
112/07/24,"39,240,154","1,024,461,778",26.40,26.40,26.00,26.10,-0.35,"14,230",
112/07/25,"27,536,011","724,374,922",26.00,26.45,26.00,26.35,+0.25,"7,957",
112/07/26,"26,589,789","704,723,504",26.30,26.60,26.25,26.50,+0.15,"7,123",
112/07/27,"24,081,763","639,831,048",26.50,26.70,26.45,26.60,+0.10,"7,081",
112/07/28,"26,656,653","702,515,299",26.45,26.60,26.15,26.35,-0.25,"8,588",
112/07/31,"54,758,678","1,443,416,644",26.45,26.60,26.25,26.25,-0.10,"11,414",
112/08/01,"49,281,782","1,290,793,991",26.40,26.45,26.05,26.25, 0.00,"11,123",
112/08/02,"70,802,970","1,846,312,248",26.25,26.25,25.95,26.15,-0.10,"15,267",
112/08/04,"85,676,269","2,124,586,507",25.30,25.30,24.55,24.60,X0.00,"29,826",
112/08/07,"48,992,182","1,207,452,767",24.70,24.90,24.55,24.60, 0.00,"14,470",
112/08/08,"50,817,450","1,249,059,017",24.65,24.75,24.50,24.60, 0.00,"13,168",
112/08/09,"59,015,482","1,459,689,147",24.80,24.95,24.60,24.80,+0.20,"12,436",
112/08/10,"33,101,701","820,847,839",24.80,24.90,24.65,24.90,+0.10,"10,413",
112/08/11,"25,646,472","640,112,688",24.95,25.20,24.80,24.90, 0.00,"7,890",
112/08/14,"57,967,155","1,405,194,014",24.65,24.70,24.05,24.30,-0.60,"21,203",
112/08/15,"53,161,816","1,275,396,178",24.30,24.30,23.80,23.90,-0.40,"21,894",
112/08/16,"64,350,790","1,501,209,829",23.55,23.55,23.15,23.40,-0.50,"28,683",
112/08/17,"64,064,087","1,476,845,239",23.05,23.25,22.80,23.25,-0.15,"22,138",
112/08/18,"31,908,248","747,916,681",23.25,23.80,23.10,23.35,+0.10,"11,445",
112/08/21,"31,539,490","751,645,639",23.60,23.95,23.55,23.85,+0.50,"11,403",
112/08/22,"56,766,932","1,337,014,782",23.85,23.95,23.35,23.55,-0.30,"16,867",
112/08/23,"23,791,223","563,195,485",23.55,23.85,23.50,23.70,+0.15,"7,603",
112/08/24,"26,452,842","630,722,877",23.70,24.00,23.70,23.85,+0.15,"8,262",
112/08/25,"24,431,993","576,681,995",23.80,23.85,23.50,23.50,-0.35,"11,443",
112/08/28,"16,252,241","385,616,657",23.50,23.85,23.50,23.80,+0.30,"4,710",
112/08/29,"19,804,892","473,023,303",23.80,24.00,23.75,24.00,+0.20,"7,912",
112/08/30,"23,031,203","551,163,994",24.05,24.10,23.80,23.90,-0.10,"8,767",
112/08/31,"47,871,280","1,140,460,115",24.00,24.05,23.70,23.85,-0.05,"10,531",
112/09/01,"19,987,858","476,132,459",23.80,24.00,23.75,23.80,-0.05,"10,183",
112/09/04,"12,231,618","291,925,629",23.75,23.95,23.75,23.95,+0.15,"5,382",
112/09/05,"18,335,039","439,716,640",23.95,24.05,23.90,24.00,+0.05,"7,398",
112/09/06,"24,319,413","578,110,415",23.95,24.05,23.65,23.65,-0.35,"13,104",
112/09/07,"21,645,335","510,693,139",23.60,23.70,23.55,23.60,-0.05,"8,273",
112/09/08,"28,068,411","673,081,484",23.90,24.10,23.80,24.05,+0.45,"9,347",
112/09/11,"31,896,252","770,810,995",24.10,24.35,24.05,24.25,+0.20,"9,169",
112/09/12,"25,694,753","623,017,694",24.35,24.35,24.10,24.35,+0.10,"7,538",
112/09/13,"29,998,081","734,335,814",24.40,24.70,24.30,24.70,+0.35,"10,961",
112/09/14,"36,648,148","911,318,150",24.80,25.00,24.65,25.00,+0.30,"11,130",
112/09/15,"68,807,039","1,704,065,617",25.05,25.10,24.60,24.85,-0.15,"16,571",
112/09/18,"28,135,343","697,201,642",24.70,24.95,24.60,24.95,+0.10,"11,637",
112/09/19,"33,044,851","824,621,194",24.95,25.10,24.80,24.95, 0.00,"12,745",
112/09/20,"41,211,810","1,028,493,981",24.90,25.10,24.80,24.85,-0.10,"11,643",
112/09/21,"56,545,144","1,379,448,653",24.70,24.75,24.20,24.35,-0.50,"23,708",
112/09/22,"41,959,720","1,017,492,410",24.20,24.45,24.10,24.25,-0.10,"18,068",
112/09/25,"30,656,776","750,225,719",24.40,24.70,24.35,24.60,+0.35,"9,394",
112/09/26,"27,572,660","674,744,965",24.50,24.60,24.35,24.55,-0.05,"8,774",
112/09/27,"28,565,784","696,638,032",24.40,24.55,24.30,24.40,-0.15,"12,067",
112/09/28,"30,534,920","747,984,416",24.50,24.60,24.40,24.50,+0.10,"7,046",
112/10/02,"12,871,461","315,708,473",24.55,24.60,24.50,24.50, 0.00,"5,765",
112/10/03,"29,366,790","711,912,396",24.40,24.45,24.15,24.20,-0.30,"11,749",
112/10/04,"55,824,556","1,328,648,979",24.00,24.10,23.70,23.70,-0.50,"29,539",
112/10/05,"36,916,056","886,808,329",23.70,24.15,23.70,24.10,+0.40,"12,552",
112/10/06,"25,705,100","622,361,325",24.10,24.30,24.00,24.25,+0.15,"6,449",
112/10/11,"78,793,062","1,952,616,631",24.55,24.90,24.50,24.90,+0.65,"17,724",
112/10/12,"50,018,317","1,254,077,992",25.00,25.25,24.75,25.20,+0.30,"14,641",
112/10/13,"28,074,195","704,583,628",25.10,25.15,24.95,25.15,-0.05,"9,927",
112/10/16,"28,321,848","714,839,542",25.15,25.35,25.05,25.35,+0.20,"11,048",
112/10/17,"27,597,752","693,576,704",25.35,25.40,25.00,25.15,-0.20,"12,785",
112/10/18,"50,365,928","1,262,626,934",25.25,25.30,24.90,25.15, 0.00,"12,111",
112/10/19,"49,521,332","1,234,546,200",25.00,25.15,24.80,24.85,-0.30,"9,288",
112/10/20,"48,610,490","1,193,411,733",24.60,24.80,24.20,24.65,-0.20,"14,181",
112/10/23,"26,094,699","636,856,000",24.65,24.70,24.30,24.35,-0.30,"10,747",
112/10/24,"29,001,614","706,563,125",24.40,24.50,24.20,24.45,+0.10,"7,557",
112/10/25,"31,144,089","766,275,748",24.55,24.70,24.45,24.65,+0.20,"7,465",
112/10/26,"41,373,758","1,011,074,574",24.35,24.70,24.30,24.35,-0.30,"9,954",
112/10/27,"28,039,181","690,156,255",24.40,24.70,24.40,24.60,+0.25,"6,593",
112/10/30,"27,280,444","664,434,705",24.60,24.70,24.25,24.35,-0.25,"10,168",
112/10/31,"23,758,403","577,664,074",24.35,24.45,24.25,24.35, 0.00,"8,352",
112/11/01,"18,987,811","463,642,299",24.50,24.60,24.35,24.35, 0.00,"7,250",
112/11/02,"27,130,846","668,748,490",24.60,24.70,24.50,24.70,+0.35,"10,262",
112/11/03,"62,358,372","1,568,081,612",24.85,25.35,24.80,25.35,+0.65,"16,719",
112/11/06,"36,848,272","933,886,937",25.50,25.50,25.20,25.30,-0.05,"13,291",
112/11/07,"21,094,443","530,436,199",25.25,25.30,25.00,25.15,-0.15,"6,886",
112/11/08,"21,451,727","539,496,385",25.20,25.25,25.10,25.10,-0.05,"5,861",
112/11/09,"24,331,913","615,916,537",25.25,25.40,25.20,25.35,+0.25,"6,199",
112/11/10,"30,625,025","779,002,938",25.40,25.50,25.25,25.50,+0.15,"8,781",
112/11/13,"27,854,349","713,375,198",25.55,25.70,25.50,25.60,+0.10,"9,542",
112/11/14,"58,786,507","1,530,716,854",25.80,26.20,25.75,26.15,+0.55,"15,622",
112/11/15,"87,467,576","2,323,627,094",26.35,26.85,26.25,26.80,+0.65,"26,506",
112/11/16,"46,109,596","1,232,171,532",26.85,26.85,26.50,26.85,+0.05,"15,672",
112/11/17,"41,142,933","1,104,582,645",26.85,27.00,26.70,26.85, 0.00,"13,679",
112/11/20,"37,439,811","1,001,377,051",26.65,26.85,26.55,26.85, 0.00,"11,438",
112/11/21,"59,895,760","1,620,748,688",26.85,27.15,26.85,27.05,+0.20,"16,993",
112/11/22,"39,961,065","1,082,272,224",27.00,27.20,26.95,27.20,+0.15,"11,694",
112/11/23,"42,860,162","1,151,394,445",27.20,27.30,26.65,26.85,-0.35,"16,108",
112/11/24,"36,323,737","970,874,677",26.90,27.00,26.60,26.75,-0.10,"8,908",
112/11/27,"37,606,340","1,010,653,884",26.90,27.15,26.70,26.70,-0.05,"15,265",
112/11/28,"67,302,210","1,832,387,845",27.40,27.40,27.05,27.15,+0.45,"18,720",
112/11/29,"49,400,199","1,332,516,503",27.20,27.25,26.85,26.85,-0.30,"13,747",
112/11/30,"71,589,322","1,948,552,924",26.95,27.35,26.90,27.35,+0.50,"12,444",
112/12/01,"25,331,507","683,922,802",27.30,27.30,26.85,26.95,-0.40,"9,764",
112/12/04,"27,846,817","749,562,093",27.15,27.15,26.80,26.90,-0.05,"8,946",
112/12/05,"39,805,894","1,060,692,338",26.85,26.85,26.55,26.75,-0.15,"13,496",
112/12/06,"43,211,018","1,167,433,692",26.85,27.15,26.80,27.10,+0.35,"8,582",
112/12/07,"21,558,440","578,821,837",27.10,27.10,26.75,26.85,-0.25,"8,215",
112/12/08,"67,444,641","1,843,889,224",27.10,27.50,27.00,27.50,+0.65,"18,165",
112/12/11,"27,038,537","738,306,080",27.50,27.50,27.10,27.40,-0.10,"8,239",
112/12/12,"36,750,054","1,012,116,690",27.70,27.70,27.40,27.60,+0.20,"10,095",
112/12/13,"51,102,627","1,424,250,093",27.70,28.00,27.60,27.95,+0.35,"10,732",
112/12/14,"80,048,430","2,263,414,744",28.00,28.45,27.80,28.45,+0.50,"20,559",
112/12/15,"66,655,172","1,882,116,920",28.50,28.50,28.10,28.15,-0.30,"15,736",
112/12/18,"49,422,380","1,395,558,335",28.00,28.40,28.00,28.25,+0.10,"13,563",
112/12/19,"58,104,825","1,632,723,918",28.20,28.25,27.90,28.25, 0.00,"15,377",
112/12/20,"64,620,803","1,797,932,384",28.20,28.25,27.70,27.80,-0.45,"25,045",
112/12/21,"42,728,359","1,181,584,481",27.50,27.85,27.45,27.85,+0.05,"11,198",
112/12/22,"28,623,204","792,394,477",27.65,27.80,27.60,27.75,-0.10,"9,417",
112/12/25,"22,838,082","634,898,926",27.75,27.95,27.60,27.85,+0.10,"8,385",
112/12/26,"24,921,023","697,396,944",27.95,28.10,27.80,28.00,+0.15,"7,458",
112/12/27,"28,334,648","793,311,606",28.00,28.10,27.90,28.10,+0.10,"8,319",
112/12/28,"37,141,544","1,047,683,889",28.00,28.40,27.95,28.40,+0.30,"10,476",
112/12/29,"30,568,088","862,831,212",28.25,28.35,28.10,28.35,-0.05,"9,032",
113/01/02,"42,855,948","1,208,401,404",28.20,28.35,28.00,28.35, 0.00,"10,789",
113/01/03,"56,163,079","1,577,152,564",28.10,28.30,27.80,28.20,-0.15,"12,724",
113/01/04,"38,772,528","1,092,633,503",28.20,28.35,28.05,28.15,-0.05,"9,462",
113/01/05,"33,532,015","942,266,705",28.15,28.20,28.05,28.10,-0.05,"8,928",
113/01/08,"52,695,517","1,493,645,146",28.20,28.50,28.15,28.40,+0.30,"15,118",
113/01/09,"36,718,389","1,035,281,257",28.50,28.50,28.05,28.10,-0.30,"10,404",
113/01/10,"37,999,134","1,062,269,606",28.05,28.15,27.70,28.05,-0.05,"9,503",
113/01/11,"33,781,894","955,973,925",28.20,28.40,28.15,28.35,+0.30,"6,772",
113/01/12,"35,481,321","995,442,853",28.20,28.20,27.85,28.05,-0.30,"10,264",
113/01/15,"21,151,781","595,958,654",28.10,28.30,28.10,28.15,+0.10,"5,206",
113/01/16,"53,197,776","1,483,937,276",27.80,28.10,27.65,27.95,-0.20,"14,228",
113/01/17,"84,187,908","2,326,025,037",27.70,27.80,27.50,27.55,-0.40,"24,069",
113/01/18,"45,432,788","1,257,588,416",27.50,27.85,27.40,27.85,+0.30,"12,961",
113/01/19,"44,693,573","1,242,349,328",27.60,27.90,27.60,27.90,+0.05,"9,219",
113/01/22,"33,976,103","953,666,139",27.95,28.20,27.90,28.20,+0.30,"8,352",
113/01/23,"38,897,415","1,090,903,428",28.30,28.30,27.90,28.10,-0.10,"8,140",
113/01/24,"26,932,238","752,810,414",28.20,28.20,27.85,28.00,-0.10,"10,253",
113/01/25,"25,702,448","721,959,172",27.90,28.20,27.90,28.15,+0.15,"6,778",
113/01/26,"51,079,518","1,450,663,736",28.10,28.60,28.05,28.50,+0.35,"11,665",
113/01/29,"22,969,203","654,373,004",28.40,28.55,28.35,28.50, 0.00,"6,260",
113/01/30,"26,200,145","745,346,272",28.50,28.60,28.35,28.40,-0.10,"6,459",
113/01/31,"25,030,609","711,285,199",28.45,28.50,28.30,28.45,+0.05,"5,506",
113/02/01,"43,906,915","1,253,881,214",28.40,28.70,28.25,28.65,+0.20,"11,041",
113/02/02,"47,789,873","1,353,707,476",28.50,28.60,28.15,28.30,-0.35,"14,905",
113/02/05,"41,991,904","1,183,848,259",28.05,28.40,28.00,28.15,-0.15,"7,250",
113/02/15,"45,246,294","1,287,935,192",28.80,28.80,28.25,28.40,+0.25,"12,184",
113/02/16,"22,394,138","633,729,483",28.40,28.45,28.20,28.25,-0.15,"8,447",
113/02/19,"31,191,507","891,723,863",28.30,28.70,28.25,28.70,+0.45,"9,019",
113/02/20,"32,410,733","936,761,354",28.70,29.00,28.65,29.00,+0.30,"10,549",
113/02/21,"28,423,918","823,416,428",28.85,29.05,28.85,28.95,-0.05,"9,577",
113/02/22,"28,378,489","828,722,519",28.95,29.35,28.90,29.30,+0.35,"9,825",
113/02/23,"29,445,988","857,867,691",29.20,29.30,28.90,28.90,-0.40,"10,803",
113/02/26,"28,966,430","844,568,822",28.90,29.30,28.90,29.10,+0.20,"8,217",
113/02/27,"36,711,446","1,066,741,180",29.05,29.35,28.95,29.00,-0.10,"10,717",
113/02/29,"56,136,813","1,645,116,093",28.90,29.40,28.90,29.40,+0.40,"8,500",
113/03/01,"26,393,262","770,040,179",29.30,29.30,29.05,29.05,-0.35,"7,882",
113/03/04,"34,839,765","1,016,406,746",28.95,29.25,28.95,29.20,+0.15,"9,122",
113/03/05,"28,706,340","835,908,757",29.05,29.20,29.00,29.15,-0.05,"9,818",
113/03/06,"36,159,949","1,065,284,082",29.10,29.65,29.10,29.50,+0.35,"12,635",
113/03/07,"43,620,228","1,292,163,322",29.30,29.85,29.30,29.80,+0.30,"13,494",
113/03/08,"63,500,314","1,911,314,995",29.75,30.25,29.70,30.20,+0.40,"16,649",
113/03/11,"39,440,394","1,191,458,926",30.20,30.45,30.00,30.30,+0.10,"12,331",
113/03/12,"34,095,179","1,034,238,733",30.30,30.45,30.10,30.45,+0.15,"10,195",
113/03/13,"109,658,294","3,436,237,738",30.30,31.95,30.30,31.85,+1.40,"29,417",
113/03/14,"82,056,942","2,623,219,521",32.00,32.20,31.70,32.00,+0.15,"21,398",
113/03/15,"72,521,769","2,296,613,809",32.00,32.00,31.15,31.75,-0.25,"17,605",
113/03/18,"35,760,353","1,125,376,755",31.60,31.80,31.30,31.50,-0.25,"13,665",
113/03/19,"48,608,475","1,540,320,486",31.50,31.90,31.25,31.75,+0.25,"15,325",
113/03/20,"56,700,517","1,780,747,019",32.00,32.00,31.20,31.25,-0.50,"22,677",
113/03/21,"58,592,024","1,870,706,104",31.40,32.20,31.40,31.95,+0.70,"13,536",
113/03/22,"56,925,494","1,825,376,392",32.10,32.80,31.70,31.90,-0.05,"16,801",
113/03/25,"35,338,380","1,123,509,810",31.70,32.05,31.65,31.70,-0.20,"12,006",
113/03/26,"40,021,007","1,275,345,950",31.70,32.20,31.60,31.80,+0.10,"11,882",
113/03/27,"49,907,125","1,611,618,490",31.95,32.60,31.80,32.60,+0.80,"18,190",
113/03/28,"56,360,676","1,822,113,724",32.35,32.45,32.10,32.40,-0.20,"19,698",
113/03/29,"82,921,685","2,720,687,641",32.40,33.25,32.25,33.05,+0.65,"23,433",
113/04/01,"53,428,195","1,706,750,026",32.80,32.85,31.50,31.65,-1.40,"33,953",
113/04/02,"29,623,595","941,973,572",31.65,32.05,31.60,31.80,+0.15,"7,720",
113/04/03,"44,530,432","1,406,818,492",31.95,31.95,31.45,31.45,-0.35,"9,151",
113/04/08,"48,952,261","1,569,848,217",32.00,32.30,31.55,32.05,+0.60,"10,296",
113/04/09,"23,320,701","749,148,651",32.20,32.30,31.90,32.15,+0.10,"7,057",
113/04/10,"26,463,218","848,139,942",32.35,32.45,31.75,31.85,-0.30,"10,866",
113/04/11,"23,471,171","745,095,592",31.60,31.95,31.60,31.95,+0.10,"7,948",
113/04/12,"27,997,751","891,859,730",31.70,32.10,31.70,31.75,-0.20,"9,422",
113/04/15,"32,240,045","1,029,821,673",31.75,32.20,31.55,31.95,+0.20,"9,169",
113/04/16,"66,530,872","2,079,062,481",31.80,32.05,30.90,30.95,-1.00,"22,943",
113/04/17,"40,169,251","1,262,867,845",30.95,31.80,30.95,31.50,+0.55,"11,017",
113/04/18,"46,173,229","1,465,303,832",31.70,31.95,31.45,31.70,+0.20,"12,021",
113/04/19,"65,596,968","2,037,482,978",31.50,31.85,30.65,31.00,-0.70,"20,253",
113/04/22,"45,048,672","1,414,140,950",31.25,31.80,31.10,31.35,+0.35,"12,840",
113/04/23,"38,021,286","1,202,796,108",31.50,31.80,31.45,31.55,+0.20,"7,318",
113/04/24,"40,907,964","1,294,049,299",31.80,32.10,31.40,31.45,-0.10,"10,437",
113/04/25,"31,204,934","970,751,210",31.25,31.45,30.95,31.00,-0.45,"10,652",
113/04/26,"19,796,526","618,971,917",30.95,31.45,30.95,31.15,+0.15,"5,367",
113/04/29,"178,921,038","6,103,256,013",33.45,34.25,33.35,34.25,+3.10,"43,783",
113/04/30,"102,643,027","3,519,858,573",34.25,34.90,33.80,34.10,-0.15,"26,579",
113/05/02,"61,571,022","2,102,370,567",34.00,34.75,33.95,34.10, 0.00,"18,128",
113/05/03,"94,602,777","3,286,935,312",34.35,35.10,34.20,34.75,+0.65,"25,045",
113/05/06,"85,113,438","3,055,944,577",34.95,36.35,34.80,36.10,+1.35,"27,327",
113/05/07,"87,741,842","3,174,661,479",36.05,36.45,35.65,36.00,-0.10,"25,283",
113/05/08,"77,805,363","2,830,666,902",36.05,36.80,35.90,36.40,+0.40,"22,910",
113/05/09,"46,378,665","1,680,767,497",36.20,36.40,36.05,36.10,-0.30,"15,957",
113/05/10,"78,724,831","2,905,143,354",36.10,37.50,36.05,37.45,+1.35,"24,352",
113/05/13,"90,470,756","3,305,007,406",37.05,37.10,36.20,36.50,-0.95,"32,966",
113/05/14,"94,131,156","3,392,594,593",36.25,36.35,35.70,36.05,-0.45,"21,613",
113/05/15,"57,535,578","2,124,634,642",36.20,37.20,36.20,36.90,+0.85,"18,448",
113/05/16,"67,400,253","2,526,324,341",37.05,37.70,37.05,37.50,+0.60,"21,172",
113/05/17,"64,588,911","2,440,517,529",37.05,38.10,37.00,38.10,+0.60,"19,725",
113/05/20,"71,074,526","2,721,540,389",38.10,38.55,37.60,38.55,+0.45,"25,560",
113/05/21,"73,210,447","2,760,786,548",38.05,38.20,37.25,37.75,-0.80,"24,331",
113/05/22,"43,297,152","1,636,343,771",37.60,37.95,37.40,37.90,+0.15,"14,496",
113/05/23,"69,336,298","2,610,134,596",37.40,38.00,37.20,38.00,+0.10,"18,468",
113/05/24,"52,192,319","1,942,106,571",37.70,37.70,37.00,37.05,-0.95,"21,226",
113/05/27,"87,520,191","3,259,570,616",36.70,37.55,36.50,37.55,+0.50,"22,325",
113/05/28,"78,608,746","2,893,751,585",37.40,37.45,36.60,36.75,-0.80,"31,124",
113/05/29,"73,583,466","2,658,468,999",36.70,36.70,36.00,36.05,-0.70,"30,520",
113/05/30,"97,024,313","3,454,487,783",35.80,36.30,35.20,35.30,-0.75,"30,824",
113/05/31,"158,069,782","5,626,454,708",35.35,36.10,35.35,35.40,+0.10,"19,620",
113/06/03,"95,724,757","3,495,084,458",36.10,36.75,36.00,36.40,+1.00,"19,674",
113/06/04,"97,280,882","3,534,435,127",36.20,36.65,35.75,36.35,-0.05,"25,621",
113/06/05,"91,951,318","3,338,356,943",36.10,36.60,35.85,36.30,-0.05,"20,593",
113/06/06,"71,254,886","2,626,731,718",36.25,37.10,36.25,36.85,+0.55,"16,810",
113/06/07,"74,656,327","2,771,673,574",36.85,37.35,36.50,37.20,+0.35,"16,387",
113/06/11,"75,373,809","2,793,124,895",36.80,37.30,36.70,37.10,-0.10,"17,847",
113/06/12,"63,836,826","2,364,537,011",36.75,37.25,36.75,37.25,+0.15,"13,368",
113/06/13,"53,107,460","1,974,244,974",37.00,37.30,36.95,37.10,-0.15,"17,143",
113/06/14,"26,412,326","984,206,250",37.10,37.40,37.10,37.30,+0.20,"8,211",
113/06/17,"31,863,055","1,192,608,800",37.25,37.70,37.15,37.25,-0.05,"10,847",
113/06/18,"38,448,234","1,449,852,863",37.45,37.90,37.25,37.90,+0.65,"13,969",
113/06/19,"39,205,606","1,490,519,011",37.90,38.25,37.75,37.90, 0.00,"14,716",
113/06/20,"30,568,839","1,160,316,700",37.90,38.10,37.80,38.00,+0.10,"10,982",
113/06/21,"76,384,292","2,895,809,821",38.10,38.15,37.80,37.85,-0.15,"11,763",
113/06/24,"53,393,057","2,033,739,829",37.75,38.25,37.55,38.25,+0.40,"11,615",
113/06/25,"37,101,447","1,412,990,564",38.30,38.35,37.90,38.00,-0.25,"9,966",
113/06/26,"45,022,592","1,701,241,771",37.90,38.10,37.65,37.65,-0.35,"12,690",
113/06/27,"45,889,601","1,732,609,738",37.30,38.05,37.25,37.70,+0.05,"10,392",
113/06/28,"45,521,120","1,730,984,756",37.85,38.30,37.75,37.85,+0.15,"8,241",
113/07/01,"46,062,297","1,755,983,722",38.10,38.25,37.90,38.20,+0.35,"8,195",
113/07/02,"78,171,028","3,002,256,950",38.05,38.70,38.00,38.50,+0.30,"14,284",
113/07/03,"85,495,642","3,332,019,129",38.50,39.25,38.50,39.20,+0.70,"19,880",
113/07/04,"110,955,972","4,399,571,975",39.50,39.95,39.25,39.75,+0.55,"22,240",
113/07/05,"79,226,637","3,169,912,766",39.95,40.20,39.70,40.05,+0.30,"17,147",
113/07/08,"77,825,323","3,119,700,115",40.05,40.25,39.85,40.10,+0.05,"15,701",
113/07/09,"51,412,991","2,057,924,019",40.10,40.25,39.85,39.95,-0.15,"16,794",
113/07/10,"75,114,341","3,030,533,141",40.00,40.95,39.80,40.85,+0.90,"15,975",
113/07/11,"77,250,692","3,143,348,645",40.80,41.70,40.20,40.25,-0.60,"25,447",
113/07/12,"84,921,773","3,412,265,055",39.90,40.75,39.85,40.20,-0.05,"19,636",
113/07/15,"188,446,427","7,099,638,356",38.55,38.70,36.80,37.65,X0.00,"60,887",
113/07/16,"76,325,169","2,844,795,765",38.10,38.10,37.10,37.35,-0.30,"31,727",
113/07/17,"67,956,490","2,528,715,384",37.50,37.60,37.00,37.00,-0.35,"25,794",
113/07/18,"86,853,438","3,202,026,821",37.05,37.25,36.60,37.00, 0.00,"27,701",
113/07/19,"116,680,483","4,213,189,665",37.00,37.00,35.75,35.95,-1.05,"43,512",
113/07/22,"69,976,819","2,499,778,263",36.05,36.35,35.50,35.50,-0.45,"22,449",
113/07/23,"63,920,226","2,292,160,922",35.80,36.25,35.60,35.85,+0.35,"16,322",
113/07/26,"64,470,446","2,283,718,393",35.25,35.70,35.10,35.60,-0.25,"21,401",
113/07/29,"47,447,562","1,703,432,752",36.20,36.45,35.65,36.00,+0.40,"16,090",
113/07/30,"69,172,449","2,432,529,305",35.90,35.90,34.85,35.30,-0.70,"25,943",
113/07/31,"54,944,903","1,949,573,019",35.25,35.80,35.10,35.50,+0.20,"11,026",
113/08/01,"44,741,808","1,601,401,421",36.05,36.15,35.60,35.90,+0.40,"12,931",
113/08/02,"103,009,673","3,596,022,950",35.20,35.30,34.60,35.05,-0.85,"32,330",
113/08/05,"114,428,003","3,713,403,258",34.10,34.10,31.60,32.25,-2.80,"42,987",
113/08/06,"79,680,617","2,588,544,107",33.00,33.20,31.50,32.90,+0.65,"26,257",
113/08/07,"56,090,109","1,875,329,367",32.75,33.90,32.70,33.90,+1.00,"14,078",
113/08/08,"52,233,495","1,769,941,076",33.70,34.30,33.30,33.75,-0.15,"15,905",
113/08/09,"64,587,504","2,251,699,092",34.20,35.20,34.20,34.70,+0.95,"18,246",
113/08/12,"80,427,597","2,776,680,755",34.85,35.05,34.30,34.50,-0.20,"23,749",
113/08/13,"71,361,719","2,441,216,571",34.60,34.65,33.75,34.50, 0.00,"27,245",
113/08/14,"48,078,539","1,671,111,940",34.85,34.95,34.45,34.75,+0.25,"15,969",
113/08/15,"38,150,951","1,316,950,967",35.10,35.10,34.30,34.50,-0.25,"13,392",
113/08/16,"51,487,067","1,797,072,238",35.00,35.20,34.75,34.90,+0.40,"16,055",
113/08/19,"43,611,261","1,526,018,704",35.05,35.20,34.85,35.00,+0.10,"20,197",
113/08/20,"56,764,727","1,979,273,089",35.20,35.20,34.65,35.00, 0.00,"25,976",
113/08/21,"232,403,561","7,790,517,888",33.80,34.10,33.30,33.70,-1.30,"97,891",
113/08/22,"139,725,702","4,696,111,747",33.95,34.20,33.35,33.45,-0.25,"52,353",
113/08/23,"127,178,158","4,209,148,245",33.40,33.45,32.95,33.10,-0.35,"41,766",
113/08/26,"149,615,470","4,966,384,376",32.95,33.65,32.70,33.15,+0.05,"38,809",
113/08/27,"154,918,404","5,074,083,370",33.10,33.15,32.55,32.85,-0.30,"57,142",
113/08/28,"129,316,599","4,269,966,362",32.90,33.30,32.70,33.10,+0.25,"36,823",
113/08/29,"121,880,097","3,979,636,519",32.80,32.95,32.50,32.60,-0.50,"48,449",
113/08/30,"317,318,382","10,362,679,677",32.60,32.85,32.60,32.65,+0.05,"29,315",
113/09/02,"118,505,848","3,915,667,501",32.80,33.30,32.75,33.10,+0.45,"28,087",
113/09/03,"86,140,235","2,844,919,002",33.20,33.25,32.90,32.95,-0.15,"20,308",
113/09/04,"173,963,608","5,574,965,556",32.30,32.50,31.80,32.05,-0.90,"57,242",
113/09/05,"76,291,351","2,466,187,281",32.15,32.65,32.00,32.30,+0.25,"21,156",
113/09/06,"67,576,655","2,208,443,843",32.50,33.05,32.25,32.90,+0.60,"21,382",
113/09/09,"96,546,694","3,134,601,229",32.35,32.70,32.20,32.70,-0.20,"27,938",
113/09/10,"79,753,531","2,605,940,127",32.75,32.95,32.50,32.70, 0.00,"16,794",
113/09/11,"84,192,983","2,722,268,456",32.60,32.65,32.20,32.30,-0.40,"27,463",
113/09/12,"106,528,618","3,420,621,886",32.50,32.50,31.90,32.15,-0.15,"34,366",
113/09/13,"77,616,864","2,514,294,097",32.15,32.60,32.15,32.55,+0.40,"14,544",
113/09/16,"62,376,838","2,027,848,648",32.70,32.70,32.30,32.70,+0.15,"15,805",
113/09/18,"208,527,980","7,055,783,399",33.80,34.25,33.40,33.60,+0.90,"52,610",
113/09/19,"85,742,053","2,870,334,256",33.50,33.65,33.30,33.50,-0.10,"26,501",
113/09/20,"259,368,274","8,835,555,406",33.90,34.45,33.80,34.00,+0.50,"35,878",
113/09/23,"182,001,849","6,395,008,216",34.75,35.50,34.40,35.35,+1.35,"50,675",
113/09/24,"116,413,546","4,069,556,868",35.20,35.25,34.70,35.00,-0.35,"35,163",
113/09/25,"96,100,612","3,346,282,292",34.85,35.00,34.60,34.95,-0.05,"24,627",
113/09/26,"85,481,583","2,994,250,460",35.10,35.20,34.90,35.00,+0.05,"16,701",
113/09/27,"94,244,771","3,269,114,675",35.00,35.05,34.50,34.60,-0.40,"26,240",
113/09/30,"69,208,596","2,390,176,807",34.55,34.85,34.40,34.40,-0.20,"15,651",
113/10/01,"32,220,882","1,113,010,370",34.45,34.70,34.40,34.70,+0.30,"9,731",
113/10/04,"79,475,046","2,725,060,610",34.10,34.55,34.10,34.25,-0.45,"18,650",
113/10/07,"44,259,047","1,537,283,620",34.50,34.90,34.35,34.90,+0.65,"13,827",
113/10/08,"73,104,583","2,556,300,305",35.00,35.20,34.60,35.20,+0.30,"19,821",
113/10/09,"56,000,118","1,960,823,485",35.15,35.35,34.80,34.90,-0.30,"15,548",
113/10/11,"58,031,567","2,040,551,805",35.15,35.30,35.00,35.15,+0.25,"11,856",
113/10/14,"58,675,106","2,078,246,341",35.25,35.60,35.10,35.60,+0.45,"16,847",
113/10/15,"72,559,652","2,623,345,603",35.65,36.40,35.65,36.35,+0.75,"24,630",
113/10/16,"79,372,524","2,875,088,686",36.10,36.40,36.00,36.30,-0.05,"27,423",
113/10/17,"43,673,573","1,587,347,627",36.35,36.50,36.15,36.50,+0.20,"14,810",
113/10/18,"74,548,261","2,760,483,066",36.55,37.30,36.50,36.90,+0.40,"25,016",
113/10/21,"71,107,100","2,585,442,806",37.00,37.05,36.05,36.10,-0.80,"33,769",
113/10/22,"40,181,450","1,461,600,692",36.05,36.60,36.00,36.60,+0.50,"14,099",
113/10/23,"28,457,706","1,031,703,998",36.45,36.55,36.15,36.15,-0.45,"12,035",
113/10/24,"40,719,625","1,465,329,924",36.05,36.25,35.90,35.90,-0.25,"14,443",
113/10/25,"23,809,339","857,241,038",35.90,36.15,35.90,36.10,+0.20,"9,737",
113/10/28,"33,337,387","1,198,593,898",36.15,36.20,35.90,35.90,-0.20,"10,151",
113/10/29,"48,242,452","1,727,195,245",35.90,36.10,35.65,35.85,-0.05,"12,231",
113/10/30,"48,029,832","1,719,798,842",35.95,35.95,35.60,35.90,+0.05,"13,648",
113/11/01,"79,541,502","2,797,646,167",34.20,35.90,34.20,35.70,-0.20,"24,964",
113/11/04,"50,832,904","1,841,695,702",35.75,36.45,35.70,36.45,+0.75,"13,394",
113/11/05,"40,991,833","1,496,482,536",36.20,36.65,36.20,36.65,+0.20,"12,167",
113/11/06,"40,995,063","1,504,225,593",36.60,36.85,36.40,36.70,+0.05,"14,831",
113/11/07,"49,044,623","1,807,492,401",36.70,37.10,36.60,36.90,+0.20,"15,297",
113/11/08,"47,242,692","1,744,981,622",37.05,37.10,36.70,36.90, 0.00,"12,352",
113/11/11,"48,165,979","1,782,246,104",37.15,37.20,36.75,37.20,+0.30,"13,702",
113/11/12,"52,795,394","1,952,827,229",37.00,37.20,36.85,37.00,-0.20,"13,988",
113/11/13,"57,054,133","2,090,439,190",36.80,37.00,36.35,36.55,-0.45,"18,602",
113/11/14,"52,753,086","1,934,419,498",36.45,36.90,36.45,36.65,+0.10,"13,506",
113/11/15,"45,590,713","1,684,180,335",36.65,37.15,36.65,36.80,+0.15,"13,962",
113/11/18,"48,679,308","1,791,208,118",36.90,37.00,36.65,36.80, 0.00,"11,941",
113/11/19,"49,694,910","1,826,396,840",36.80,36.95,36.60,36.85,+0.05,"11,710",
113/11/20,"154,358,866","5,854,690,375",37.10,38.10,37.10,38.05,+1.20,"37,332",
113/11/21,"69,768,643","2,645,090,747",37.75,38.05,37.65,38.05, 0.00,"16,390",
113/11/22,"39,893,075","1,509,442,019",38.05,38.20,37.70,37.75,-0.30,"20,848",
113/11/25,"133,909,616","5,032,747,217",38.20,38.35,37.35,37.35,-0.40,"15,747",
113/11/26,"45,721,453","1,731,392,341",37.60,38.10,37.40,38.00,+0.65,"13,881",
113/11/27,"43,245,209","1,633,668,688",37.85,38.00,37.55,37.70,-0.30,"14,457",
113/11/28,"41,786,387","1,575,472,159",37.65,37.95,37.45,37.75,+0.05,"13,118",
113/11/29,"51,349,149","1,925,573,844",37.50,37.75,37.25,37.40,-0.35,"13,503",
113/12/02,"76,998,819","2,956,998,993",37.70,38.70,37.70,38.60,+1.20,"21,819",
113/12/03,"61,328,103","2,376,643,538",38.70,39.00,38.45,39.00,+0.40,"21,496",
113/12/04,"44,197,256","1,709,922,567",39.00,39.00,38.50,38.80,-0.20,"14,909",
113/12/05,"31,780,090","1,239,815,420",38.80,39.15,38.80,39.05,+0.25,"10,042",
113/12/06,"30,342,228","1,182,492,567",39.15,39.15,38.80,39.10,+0.05,"11,334",
113/12/09,"31,799,720","1,240,220,398",39.10,39.15,38.85,39.05,-0.05,"14,050",
113/12/10,"33,519,456","1,307,454,720",39.15,39.15,38.80,39.10,+0.05,"11,200",
113/12/11,"33,861,059","1,321,030,482",39.00,39.20,38.85,39.10, 0.00,"11,843",
113/12/12,"55,039,511","2,169,117,009",39.10,39.65,38.90,39.60,+0.50,"15,567",
113/12/13,"41,240,038","1,628,708,889",39.45,39.60,39.30,39.60, 0.00,"13,028",
113/12/16,"50,942,116","2,029,194,114",39.55,39.95,39.50,39.90,+0.30,"16,112",
113/12/17,"56,606,909","2,250,977,640",39.75,39.90,39.40,39.90, 0.00,"15,915",
113/12/18,"61,697,098","2,443,429,877",39.70,40.15,39.25,39.70,-0.20,"19,541",
113/12/19,"68,194,049","2,674,456,688",39.15,39.50,39.00,39.40,-0.30,"22,685",
113/12/20,"102,448,923","3,945,165,743",38.80,38.90,38.30,38.50,-0.90,"37,223",
113/12/23,"53,637,045","2,102,023,098",38.80,39.45,38.60,39.30,+0.80,"17,322",
113/12/24,"34,598,832","1,363,575,005",39.35,39.60,39.15,39.35,+0.05,"9,186",
113/12/25,"29,526,964","1,162,913,857",39.50,39.65,39.25,39.25,-0.10,"8,489",
113/12/26,"15,767,808","621,161,859",39.45,39.45,39.30,39.45,+0.20,"7,172",
113/12/27,"20,835,709","823,377,883",39.30,39.65,39.25,39.45, 0.00,"7,146",
113/12/30,"23,571,178","933,590,147",39.50,39.80,39.35,39.45, 0.00,"8,870",
113/12/31,"28,991,033","1,137,446,788",39.35,39.40,39.10,39.10,-0.35,"11,441",
114/01/02,"51,605,975","2,002,849,989",38.95,39.20,38.60,38.70,-0.40,"18,447",
114/01/03,"27,372,891","1,067,149,404",38.70,39.15,38.70,39.00,+0.30,"7,871",
114/01/06,"31,438,275","1,238,084,452",39.15,39.50,39.15,39.40,+0.40,"12,121",
114/01/07,"23,772,863","933,383,757",39.45,39.50,39.10,39.20,-0.20,"8,738",
114/01/08,"24,936,024","976,646,016",39.15,39.40,39.10,39.10,-0.10,"9,038",
114/01/09,"27,956,193","1,093,949,239",39.15,39.45,38.85,38.95,-0.15,"10,895",
114/01/10,"52,397,904","2,012,017,679",38.75,38.80,38.15,38.55,-0.40,"21,502",
114/01/13,"44,038,068","1,687,295,046",38.45,38.65,38.10,38.30,-0.25,"16,249",
114/01/14,"30,300,055","1,171,745,789",38.50,38.85,38.45,38.85,+0.55,"10,886",
114/01/15,"32,769,038","1,271,542,834",38.85,39.15,38.60,38.75,-0.10,"11,637",
114/01/16,"36,607,779","1,428,760,065",39.00,39.20,38.85,39.10,+0.35,"11,612",
114/01/17,"31,478,977","1,225,043,973",39.10,39.15,38.65,39.05,-0.05,"10,000",
114/01/20,"20,914,166","810,785,396",39.05,39.10,38.70,38.70,-0.35,"9,782",
114/01/21,"22,462,905","876,853,245",38.75,39.20,38.60,39.00,+0.30,"7,708",
114/01/22,"31,324,849","1,226,874,313",39.30,39.30,39.05,39.10,+0.10,"9,275",
114/02/03,"47,405,520","1,840,372,407",38.60,39.05,38.35,39.00,-0.10,"18,395",
114/02/04,"41,046,784","1,600,658,081",39.30,39.40,38.65,38.85,-0.15,"14,780",
114/02/05,"36,603,263","1,438,549,067",39.20,39.40,39.05,39.40,+0.55,"10,386",
114/02/06,"30,838,131","1,217,827,645",39.40,39.60,39.25,39.60,+0.20,"10,675",
114/02/07,"26,825,872","1,065,295,859",39.50,39.95,39.50,39.75,+0.15,"9,461",
114/02/10,"51,644,732","2,067,583,153",39.65,40.20,39.55,40.15,+0.40,"17,043",
114/02/11,"32,289,731","1,291,759,762",40.20,40.20,39.90,40.05,-0.10,"13,630",
114/02/12,"48,092,528","1,936,303,194",40.00,40.45,39.95,40.25,+0.20,"14,163",
114/02/13,"33,151,969","1,340,542,810",40.30,40.55,40.10,40.50,+0.25,"11,613",
114/02/14,"27,155,960","1,090,348,147",40.40,40.50,39.95,39.95,-0.55,"15,103",
114/02/17,"33,979,087","1,375,098,645",40.15,40.65,40.10,40.65,+0.70,"15,571",
114/02/18,"22,084,975","892,152,977",40.65,40.65,40.30,40.35,-0.30,"15,703",
114/02/19,"33,242,365","1,333,530,966",40.30,40.45,39.90,40.00,-0.35,"14,682",
114/02/20,"41,168,901","1,654,090,924",40.10,40.50,39.90,40.20,+0.20,"11,519",
114/02/21,"36,447,897","1,466,361,766",40.30,40.40,40.00,40.30,+0.10,"12,142",
114/02/24,"38,741,207","1,556,626,889",40.00,40.40,39.95,40.40,+0.10,"8,297",
114/02/25,"37,592,951","1,522,402,160",40.05,40.65,40.05,40.65,+0.25,"10,390",
114/02/26,"57,404,598","2,352,957,551",40.70,41.20,40.50,41.05,+0.40,"19,656",
114/02/27,"71,797,034","2,934,436,900",40.95,41.20,40.65,40.75,-0.30,"14,514",
114/03/03,"48,436,359","1,979,313,897",40.30,41.05,40.30,41.05,+0.30,"16,965",
114/03/04,"55,506,103","2,270,795,151",40.55,41.20,40.55,41.00,-0.05,"14,781",
114/03/05,"43,964,255","1,783,298,747",40.95,41.10,40.40,40.40,-0.60,"18,808",
114/03/06,"27,027,637","1,100,046,851",40.65,40.85,40.50,40.75,+0.35,"11,139",
114/03/07,"70,858,730","2,840,514,930",40.65,40.70,39.95,40.05,-0.70,"22,765",
114/03/10,"35,334,425","1,415,362,707",40.15,40.20,39.90,40.00,-0.05,"10,477",
114/03/11,"95,966,945","3,790,579,304",39.60,39.80,39.10,39.65,-0.35,"28,421",
114/03/12,"51,423,848","2,065,537,124",39.90,40.35,39.70,40.30,+0.65,"16,542",
114/03/13,"31,922,385","1,277,997,033",40.35,40.35,39.85,40.00,-0.30,"10,225",
114/03/14,"63,215,002","2,515,761,311",40.20,40.20,39.55,39.75,-0.25,"18,395",
114/03/17,"52,315,545","2,089,676,253",39.95,40.10,39.55,40.10,+0.35,"14,089",
114/03/18,"65,028,651","2,607,890,930",40.15,40.55,39.70,40.30,+0.20,"24,154",
114/03/19,"66,338,837","2,688,913,476",40.55,40.90,40.25,40.25,-0.05,"16,515",
114/03/20,"52,850,235","2,115,059,256",40.40,40.50,39.85,39.95,-0.30,"19,422",
114/03/21,"70,672,811","2,826,418,992",40.00,40.25,39.80,39.95, 0.00,"19,782",
114/03/24,"47,260,754","1,907,068,274",40.25,40.55,40.10,40.35,+0.40,"13,483",
114/03/25,"25,228,607","1,017,612,447",40.35,40.55,40.20,40.25,-0.10,"7,691",
114/03/26,"46,563,216","1,885,192,873",40.60,40.60,40.35,40.45,+0.20,"12,496",
114/03/27,"47,143,701","1,892,826,332",40.25,40.40,39.85,40.40,-0.05,"17,220",
114/03/28,"65,800,630","2,655,578,363",40.15,40.55,40.10,40.45,+0.05,"15,756",
114/03/31,"84,309,826","3,349,266,640",39.80,40.00,39.45,39.45,-1.00,"25,580",
114/04/01,"33,965,739","1,356,436,994",39.65,40.05,39.65,39.90,+0.45,"11,203",
114/04/02,"44,048,926","1,776,290,145",39.75,40.50,39.55,40.40,+0.50,"11,986",
114/04/07,"26,424,490","961,856,304",36.40,36.40,36.40,36.40,-4.00,"15,931",
114/04/08,"147,037,446","5,247,317,175",35.50,36.40,35.15,35.85,-0.55,"48,962",
114/04/09,"122,845,962","4,317,688,171",36.30,36.45,33.65,34.00,-1.85,"45,202",
114/04/10,"42,508,814","1,589,829,249",37.40,37.40,37.40,37.40,+3.40,"8,391",
114/04/11,"105,343,985","3,903,771,118",36.50,37.50,36.05,37.25,-0.15,"31,965",
114/04/14,"63,431,506","2,369,033,560",37.70,38.00,37.00,37.05,-0.20,"19,839",
114/04/15,"39,474,172","1,480,905,512",37.15,37.75,37.05,37.75,+0.70,"13,604",
114/04/16,"53,947,734","2,022,107,352",37.50,37.80,37.10,37.75, 0.00,"19,612",
114/04/17,"41,053,855","1,532,038,049",37.70,37.80,37.20,37.20,-0.55,"14,547",
114/04/18,"60,697,328","2,238,040,723",37.05,37.10,36.60,36.75,-0.45,"18,595",
114/04/21,"33,398,570","1,219,170,147",36.75,36.85,36.30,36.30,-0.45,"14,575",
114/04/22,"55,571,141","1,989,301,748",36.10,36.10,35.60,35.70,-0.60,"17,342",
114/04/23,"50,881,489","1,855,363,807",36.20,36.90,36.10,36.25,+0.55,"15,295",
114/04/24,"50,760,512","1,840,274,210",36.30,36.75,35.85,36.35,+0.10,"17,517",
114/04/25,"63,562,106","2,337,229,381",36.75,37.15,36.30,36.95,+0.60,"18,627",
114/04/28,"92,412,667","3,487,645,266",38.10,38.10,37.45,38.00,+1.05,"28,440",
114/04/29,"89,592,071","3,467,618,796",38.00,39.10,37.85,39.00,+1.00,"26,988",
114/04/30,"78,516,928","3,075,263,032",39.05,39.40,38.85,39.30,+0.30,"23,277",
114/05/02,"84,913,213","3,404,590,701",40.40,40.40,39.75,40.25,+0.95,"21,532",
114/05/05,"107,058,276","4,197,157,407",39.50,39.55,38.80,39.30,-0.95,"35,609",
114/05/06,"83,718,786","3,333,582,010",39.70,40.10,39.05,40.00,+0.70,"20,374",
114/05/07,"65,346,652","2,599,944,011",40.20,40.20,39.30,39.60,-0.40,"17,260",
114/05/08,"54,334,972","2,163,713,670",39.80,40.05,39.55,39.70,+0.10,"12,870",
114/05/09,"69,664,713","2,760,909,524",39.25,39.95,39.05,39.95,+0.25,"23,483",
114/05/12,"55,611,837","2,226,052,021",40.00,40.15,39.85,40.10,+0.15,"16,549",
114/05/13,"79,411,393","3,202,480,127",40.30,40.60,40.10,40.20,+0.10,"18,250",
114/05/14,"76,552,789","3,098,064,793",40.50,40.65,40.25,40.60,+0.40,"17,887",
114/05/15,"85,283,103","3,497,663,916",40.60,41.25,40.45,41.15,+0.55,"25,642",
114/05/16,"82,425,779","3,430,135,920",41.05,42.00,41.00,42.00,+0.85,"24,004",
114/05/19,"73,843,276","3,062,109,138",41.95,42.00,41.10,41.50,-0.50,"22,736",
114/05/20,"73,593,010","3,049,917,470",41.65,41.75,40.95,41.75,+0.25,"26,393",
114/05/21,"134,205,725","5,716,212,284",41.85,43.15,41.45,43.00,+1.25,"45,411",
114/05/22,"136,502,547","5,880,018,817",42.45,43.30,42.40,42.90,-0.10,"30,900",
114/05/23,"122,713,094","5,281,122,163",43.25,43.35,42.75,42.80,-0.10,"29,184",
114/05/26,"130,538,879","5,510,199,553",42.65,43.00,41.35,41.35,-1.45,"40,525",
114/05/27,"168,049,223","6,916,639,621",41.35,41.90,40.80,40.80,-0.55,"54,220",
114/05/28,"194,365,202","8,030,421,355",41.30,42.00,40.85,41.10,+0.30,"46,364",
114/05/29,"259,173,797","10,664,144,558",41.40,41.75,40.85,40.85,-0.25,"40,908",
114/06/02,"166,018,693","6,867,825,141",40.55,41.80,40.35,41.80,+0.95,"46,451",
114/06/03,"214,520,762","9,143,403,579",41.75,43.00,41.45,43.00,+1.20,"54,387",
114/06/04,"158,279,053","6,765,351,809",42.70,43.00,42.20,42.50,-0.50,"52,505",
114/06/05,"110,362,963","4,572,715,425",42.20,42.40,40.80,41.20,-1.30,"46,608",
114/06/06,"64,746,759","2,697,667,455",41.25,41.95,41.25,41.55,+0.35,"18,939",
114/06/09,"40,960,266","1,710,979,402",41.75,42.00,41.40,42.00,+0.45,"14,134",
114/06/10,"96,269,345","4,088,426,475",41.85,42.75,41.55,42.50,+0.50,"26,447",
114/06/11,"75,799,422","3,187,738,681",42.45,42.50,41.60,42.15,-0.35,"25,850",
114/06/12,"62,921,068","2,670,866,785",42.15,42.60,42.05,42.50,+0.35,"15,605",
114/06/13,"68,081,981","2,897,990,878",42.00,42.85,41.95,42.70,+0.20,"17,406",
114/06/16,"39,346,930","1,680,508,389",42.60,43.05,42.55,42.70, 0.00,"13,507",
114/06/17,"73,007,164","3,130,090,804",42.70,43.10,42.60,42.60,-0.10,"18,280",
114/06/18,"54,550,018","2,344,016,943",42.65,43.10,42.60,43.10,+0.50,"21,348",
114/06/19,"39,420,561","1,699,517,452",42.75,43.25,42.75,43.00,-0.10,"15,177",
114/06/20,"57,036,681","2,449,344,577",42.90,43.15,42.65,42.95,-0.05,"13,570",
114/06/23,"31,463,796","1,344,900,953",42.65,42.95,42.45,42.95, 0.00,"9,469",
114/06/24,"55,775,051","2,432,662,219",43.10,43.75,43.05,43.75,+0.80,"16,746",
114/06/25,"38,692,291","1,693,197,189",43.80,43.90,43.50,43.90,+0.15,"14,122",
114/06/26,"57,518,948","2,547,202,716",44.00,44.50,43.90,44.30,+0.40,"18,614",
114/06/27,"49,995,762","2,223,355,884",44.30,44.75,44.25,44.50,+0.20,"18,700",
114/06/30,"45,064,865","1,976,499,734",44.25,44.25,43.70,43.70,-0.80,"18,382",
114/07/01,"113,510,253","5,004,285,599",43.75,44.85,43.55,44.00,+0.30,"32,436",
114/07/02,"49,291,282","2,173,537,786",43.95,44.65,43.90,43.90,-0.10,"15,211",
114/07/03,"53,025,376","2,348,208,654",44.05,44.50,44.00,44.40,+0.50,"14,757",
114/07/04,"44,019,225","1,960,764,872",44.45,44.80,44.35,44.50,+0.10,"19,714",
114/07/07,"56,407,727","2,521,712,036",44.50,44.95,44.30,44.95,+0.45,"18,237",
114/07/08,"58,392,944","2,598,438,603",44.90,44.95,44.15,44.40,-0.55,"20,281",
114/07/09,"84,640,492","3,718,098,443",44.40,44.50,43.35,43.90,-0.50,"35,593",
114/07/10,"82,345,696","3,616,839,600",43.90,44.30,43.35,44.10,+0.20,"31,098",
114/07/11,"91,889,099","4,058,508,701",44.00,44.40,43.85,43.85,-0.25,"33,410",
114/07/14,"89,361,199","3,730,617,807",41.15,42.40,40.90,41.90,X0.00,"29,183",
114/07/15,"56,309,662","2,392,620,498",42.05,42.90,42.05,42.90,+1.00,"16,470",
114/07/16,"54,192,347","2,324,655,771",42.65,43.00,42.45,43.00,+0.10,"17,766",
114/07/17,"49,477,551","2,116,272,603",43.00,43.00,42.50,42.80,-0.20,"18,160",
114/07/18,"21,194,690","904,392,636",42.90,43.10,42.50,42.70,-0.10,"10,494",
114/07/21,"43,852,485","1,870,573,573",42.75,43.25,42.25,42.50,-0.20,"15,209",
114/07/22,"51,735,351","2,215,332,602",42.70,43.15,42.45,42.65,+0.15,"18,472",
114/07/23,"44,188,362","1,891,440,577",42.95,43.00,42.45,43.00,+0.35,"17,426",
114/07/24,"38,554,049","1,649,778,144",42.90,43.10,42.50,42.95,-0.05,"13,204",
114/07/25,"50,448,582","2,141,505,367",42.65,42.85,42.25,42.50,-0.45,"19,451",
114/07/28,"41,148,200","1,735,921,862",42.60,42.80,42.00,42.10,-0.40,"14,059",
114/07/29,"52,634,918","2,194,037,222",42.20,42.30,41.50,41.70,-0.40,"22,252",
114/07/30,"26,225,297","1,096,707,851",41.80,42.10,41.60,41.90,+0.20,"9,295",
114/07/31,"25,854,061","1,069,796,986",41.55,41.65,41.25,41.25,-0.65,"10,533",
114/08/01,"25,760,513","1,066,252,040",40.85,41.70,40.70,41.45,+0.20,"9,576",
114/08/04,"35,844,515","1,517,033,376",41.35,42.65,41.35,42.65,+1.20,"13,726",
114/08/05,"38,973,975","1,654,727,032",42.40,42.75,42.15,42.60,-0.05,"16,862",
114/08/06,"22,437,638","961,087,282",42.60,43.00,42.55,42.90,+0.30,"9,735",
114/08/07,"28,946,185","1,243,613,227",43.00,43.10,42.75,42.95,+0.05,"9,541",
114/08/08,"17,284,317","742,299,315",42.75,43.00,42.75,43.00,+0.05,"8,192",
114/08/11,"21,578,076","928,371,255",42.80,43.20,42.80,43.10,+0.10,"8,766",
114/08/12,"27,598,031","1,184,708,280",43.10,43.20,42.80,42.80,-0.30,"13,330",
114/08/13,"33,614,190","1,442,086,142",42.80,43.00,42.70,43.00,+0.20,"10,662",
114/08/14,"29,371,060","1,268,128,278",43.10,43.40,43.00,43.20,+0.20,"10,989",
114/08/15,"23,098,491","990,702,732",43.10,43.30,42.80,42.85,-0.35,"11,584",
114/08/18,"40,880,919","1,741,539,676",42.85,42.90,42.25,42.85, 0.00,"24,903",
114/08/19,"26,755,747","1,148,387,403",42.75,43.15,42.60,42.95,+0.10,"17,805",
114/08/20,"37,104,228","1,585,965,839",43.15,43.15,42.50,42.70,-0.25,"25,406",
114/08/21,"28,170,731","1,214,896,192",43.00,43.20,42.90,43.20,+0.50,"11,724",
114/08/22,"21,915,120","938,016,885",43.00,43.15,42.65,42.70,-0.50,"12,122",
114/08/25,"20,839,120","891,300,616",42.85,42.95,42.50,42.90,+0.20,"8,231",
114/08/26,"41,366,699","1,744,100,665",42.70,42.75,41.95,42.00,-0.90,"14,916",
114/08/27,"34,119,690","1,429,014,721",41.80,42.10,41.75,41.75,-0.25,"15,615",
114/08/28,"23,227,568","973,867,425",41.85,42.25,41.80,41.80,+0.05,"7,809",
114/08/29,"34,042,518","1,408,787,339",41.80,41.95,41.15,41.15,-0.65,"18,152",
114/09/01,"31,904,632","1,320,874,133",41.20,41.70,41.20,41.40,+0.25,"11,056",
114/09/02,"26,618,245","1,110,477,142",41.40,42.00,41.35,42.00,+0.60,"9,028",
114/09/03,"16,679,996","698,629,354",42.00,42.15,41.65,41.90,-0.10,"7,232",
114/09/04,"16,797,401","703,146,777",41.70,41.95,41.65,41.90, 0.00,"7,225",
114/09/05,"15,484,250","648,270,203",41.90,42.10,41.75,41.85,-0.05,"5,933",
114/09/08,"19,974,009","835,850,255",41.85,42.00,41.75,41.75,-0.10,"8,186",
114/09/09,"20,461,102","858,967,826",41.80,42.15,41.75,42.00,+0.25,"6,505",
114/09/10,"26,015,351","1,093,783,520",42.00,42.15,41.85,42.05,+0.05,"8,514",
114/09/11,"27,076,491","1,144,721,935",42.00,42.45,42.00,42.25,+0.20,"8,792",
114/09/12,"28,591,175","1,220,460,622",42.50,42.80,42.45,42.80,+0.55,"9,598",
114/09/15,"41,934,065","1,809,617,434",42.80,43.35,42.80,43.15,+0.35,"12,053",
114/09/16,"51,336,233","2,239,634,720",43.45,43.80,43.35,43.45,+0.30,"15,943",
114/09/17,"21,371,427","923,735,004",43.30,43.45,43.10,43.10,-0.35,"10,308",
114/09/18,"22,699,683","979,002,681",43.35,43.45,42.95,43.15,+0.05,"8,714",
114/09/19,"155,423,228","6,771,695,667",43.35,43.65,42.80,43.65,+0.50,"14,161",
114/09/22,"20,823,779","901,660,312",43.60,43.60,43.20,43.20,-0.45,"12,879",
114/09/23,"21,347,556","922,107,771",43.25,43.30,43.00,43.25,+0.05,"5,748",
114/09/24,"19,893,063","859,784,697",43.25,43.55,43.15,43.15,-0.10,"5,525",
114/09/25,"30,176,400","1,287,768,740",43.50,43.50,42.50,42.50,-0.65,"14,115",
114/09/26,"25,657,443","1,087,912,512",42.50,42.65,42.15,42.60,+0.10,"9,413",
114/09/30,"41,359,669","1,766,015,370",42.20,42.95,42.20,42.90,+0.30,"6,938",
114/10/01,"31,548,883","1,355,122,154",42.70,43.10,42.60,43.05,+0.15,"8,140",
114/10/02,"19,989,434","860,646,131",43.05,43.20,42.90,42.95,-0.10,"7,557",
114/10/03,"24,050,749","1,022,908,002",43.15,43.15,42.35,42.35,-0.60,"12,718",
114/10/07,"34,334,062","1,455,859,270",42.25,42.85,42.00,42.25,-0.10,"9,631",
114/10/08,"18,716,958","797,595,539",42.60,42.85,42.50,42.50,+0.25,"6,062",
114/10/09,"40,036,534","1,708,943,121",42.90,43.10,42.35,42.60,+0.10,"13,035",
114/10/13,"39,116,105","1,650,461,379",42.40,42.45,41.85,42.15,-0.45,"14,971",
114/10/14,"36,178,151","1,541,935,222",42.20,43.00,42.20,42.35,+0.20,"11,425",
114/10/15,"31,233,692","1,328,384,556",42.40,42.70,42.30,42.60,+0.25,"9,661",
114/10/16,"24,185,417","1,032,599,617",42.55,42.95,42.55,42.60, 0.00,"8,824",
114/10/17,"23,642,370","1,008,551,077",42.65,43.05,42.50,42.50,-0.10,"9,356",
114/10/20,"13,216,292","561,584,565",42.80,42.85,42.40,42.40,-0.10,"7,588",
114/10/21,"20,641,856","876,247,184",42.65,42.75,42.30,42.30,-0.10,"7,018",
114/10/22,"26,979,802","1,138,701,743",42.60,42.65,42.05,42.05,-0.25,"11,086",
114/10/23,"26,098,938","1,095,720,859",42.00,42.10,41.90,42.00,-0.05,"9,153",
114/10/27,"52,823,981","2,262,785,708",43.20,43.20,42.45,42.65,+0.65,"14,897",
114/10/28,"39,481,830","1,661,022,698",42.60,42.65,41.90,41.90,-0.75,"18,816",
114/10/29,"32,464,764","1,368,781,121",41.95,42.50,41.95,42.00,+0.10,"10,393",
114/10/30,"29,270,044","1,226,804,779",42.00,42.15,41.75,41.95,-0.05,"15,118",
114/10/31,"27,209,401","1,142,058,910",42.20,42.20,41.85,41.85,-0.10,"7,486",
114/11/03,"17,951,487","755,302,998",41.85,42.25,41.85,42.05,+0.20,"8,390",
114/11/04,"29,664,826","1,257,256,982",42.05,42.55,42.05,42.40,+0.35,"8,776",
114/11/05,"19,673,366","829,879,960",42.40,42.40,41.85,42.25,-0.15,"8,127",
114/11/06,"33,165,322","1,412,985,328",42.55,42.85,42.35,42.55,+0.30,"9,453",
114/11/07,"19,687,092","829,770,010",42.40,42.50,41.90,41.90,-0.65,"8,789",
114/11/10,"21,597,551","917,190,968",42.20,42.65,42.20,42.40,+0.50,"8,027",
114/11/11,"42,815,895","1,847,414,183",42.45,43.45,42.45,43.35,+0.95,"13,253",
114/11/12,"29,517,714","1,278,387,586",43.50,43.75,43.05,43.05,-0.30,"9,579",
114/11/13,"31,157,003","1,337,965,984",43.10,43.45,42.75,42.90,-0.15,"16,148",
114/11/14,"29,586,276","1,264,349,462",42.65,43.15,42.40,42.70,-0.20,"10,322",
114/11/17,"34,037,094","1,437,527,586",42.45,42.50,42.00,42.20,-0.50,"11,416",
114/11/18,"41,155,840","1,752,099,643",42.15,42.75,42.10,42.60,+0.40,"12,981",
114/11/19,"40,014,645","1,716,401,847",42.70,43.10,42.40,42.90,+0.30,"13,666",
114/11/20,"33,916,264","1,464,501,015",43.05,43.30,42.75,43.30,+0.40,"11,303",
114/11/21,"37,763,324","1,631,197,658",43.10,43.40,42.90,43.40,+0.10,"14,640",
114/11/24,"79,070,976","3,469,958,361",43.50,44.10,43.30,44.10,+0.70,"22,098",
114/11/25,"35,627,587","1,546,855,328",43.75,44.00,43.25,43.30,-0.80,"22,943",
114/11/26,"33,976,470","1,469,436,019",43.70,43.70,43.05,43.40,+0.10,"13,163",
114/11/27,"34,143,739","1,495,555,144",43.40,44.00,43.25,44.00,+0.60,"11,697",
114/11/28,"29,045,918","1,263,022,044",43.65,43.95,43.30,43.45,-0.55,"14,275",
114/12/01,"22,268,620","968,276,145",43.30,43.70,43.25,43.40,-0.05,"6,395",
114/12/02,"31,413,229","1,382,761,062",43.80,44.10,43.65,44.10,+0.70,"10,124",
114/12/03,"27,402,854","1,197,414,806",44.00,44.10,43.50,43.70,-0.40,"19,342",
114/12/04,"26,258,778","1,160,506,579",43.60,44.40,43.60,44.35,+0.65,"10,514",
114/12/05,"21,347,896","947,704,111",44.40,44.55,44.20,44.55,+0.20,"9,154",
114/12/08,"26,982,595","1,201,660,134",44.55,44.75,44.30,44.55, 0.00,"11,905",
114/12/09,"28,682,060","1,284,329,386",44.60,44.95,44.40,44.95,+0.40,"10,966",
114/12/10,"20,774,941","929,699,266",44.95,44.95,44.55,44.80,-0.15,"10,262",
114/12/11,"34,453,735","1,547,918,129",45.00,45.15,44.50,45.05,+0.25,"14,758",
114/12/12,"53,225,115","2,453,690,616",45.30,46.50,45.25,46.50,+1.45,"19,083",
114/12/15,"37,395,548","1,749,511,043",46.50,47.15,46.15,46.75,+0.25,"18,989",
114/12/16,"90,278,154","4,213,636,159",46.30,47.10,46.30,46.65,-0.10,"25,348",
114/12/17,"126,074,237","6,145,127,306",46.90,49.40,46.85,48.95,+2.30,"44,781",
114/12/18,"75,653,296","3,725,525,715",49.90,49.90,48.65,49.35,+0.40,"28,295",
114/12/19,"88,296,236","4,381,742,051",49.15,50.20,48.95,49.50,+0.15,"22,483",
114/12/22,"71,558,308","3,590,533,699",50.00,50.40,49.70,50.40,+0.90,"19,815",
114/12/23,"51,498,944","2,582,201,017",50.40,50.40,49.85,50.40, 0.00,"11,416",
114/12/24,"57,248,619","2,871,231,856",50.10,50.90,49.85,50.30,-0.10,"18,747",
114/12/26,"50,917,330","2,527,480,618",50.30,50.30,49.45,49.80,-0.50,"41,396",
114/12/29,"19,188,858","963,551,267",49.95,50.60,49.65,50.40,+0.60,"7,679",
114/12/30,"19,228,308","965,127,534",50.00,50.50,49.95,50.20,-0.20,"6,989",
114/12/31,"23,732,239","1,192,292,545",50.20,50.50,49.80,50.20, 0.00,"7,274",
115/01/02,"37,562,055","1,903,681,715",50.20,51.00,49.85,50.80,+0.60,"17,273",
115/01/05,"35,653,785","1,787,455,613",50.40,50.70,49.90,49.90,-0.90,"22,805",
115/01/06,"26,365,831","1,312,841,911",49.95,50.20,49.60,49.85,-0.05,"19,275",
115/01/07,"27,122,320","1,339,817,447",49.90,50.10,49.10,49.35,-0.50,"14,618",
115/01/08,"30,167,877","1,496,545,243",49.40,49.65,49.30,49.35, 0.00,"8,067",
115/01/09,"18,284,802","896,599,424",49.40,49.70,49.30,49.70,+0.35,"4,842",
115/01/12,"23,012,022","1,149,960,884",50.00,50.40,49.80,50.00,+0.30,"7,775",
115/01/13,"24,292,393","1,207,179,457",50.20,50.30,49.60,49.65,-0.35,"8,219",
115/01/14,"26,331,414","1,304,025,649",49.95,50.20,49.30,49.30,-0.35,"10,399",
115/01/15,"35,529,124","1,785,288,471",49.55,50.40,49.55,50.40,+1.10,"12,135",
115/01/16,"33,638,555","1,702,562,030",50.10,51.00,49.90,50.50,+0.10,"11,240",
115/01/19,"33,753,568","1,729,635,963",50.20,52.00,50.10,51.20,+0.70,"14,426",
115/01/20,"24,164,430","1,235,242,116",51.00,51.50,50.90,51.00,-0.20,"8,431",
115/01/21,"24,895,385","1,263,807,400",51.00,51.20,50.50,50.60,-0.40,"11,044",
115/01/22,"25,030,530","1,272,275,436",50.60,51.20,50.50,50.80,+0.20,"10,113",
115/01/23,"22,426,783","1,129,488,986",50.80,51.00,50.00,50.50,-0.30,"10,020",
115/01/26,"26,762,656","1,356,905,426",50.50,51.00,50.10,51.00,+0.50,"12,048",
115/01/27,"42,638,993","2,175,376,391",50.90,51.40,50.80,50.80,-0.20,"11,008",
115/01/28,"27,241,720","1,386,853,833",50.90,51.20,50.50,51.20,+0.40,"8,792",
115/01/29,"40,859,598","2,124,375,033",51.20,52.40,51.10,52.00,+0.80,"14,600",
115/01/30,"40,572,408","2,074,301,707",52.00,52.10,50.80,50.90,-1.10,"10,795",
115/02/02,"26,281,839","1,333,356,440",51.00,51.20,50.30,50.90, 0.00,"8,515",
115/02/03,"19,104,558","981,038,937",50.90,51.80,50.80,51.10,+0.20,"6,320",
115/02/04,"24,961,009","1,282,088,434",51.20,52.20,50.90,51.20,+0.10,"7,628",
115/02/05,"26,929,603","1,388,649,867",51.10,51.90,50.90,51.70,+0.50,"9,473",
115/02/06,"22,962,734","1,181,281,895",51.30,51.80,51.00,51.60,-0.10,"7,579",
115/02/09,"23,955,974","1,248,120,090",51.90,52.40,51.70,52.00,+0.40,"8,752",
115/02/10,"29,260,246","1,520,011,869",52.00,52.30,51.70,51.70,-0.30,"8,097",
115/02/11,"35,413,891","1,844,985,497",51.90,52.40,51.60,52.20,+0.50,"12,315",
115/02/23,"77,095,130","4,174,051,482",53.80,54.90,53.00,53.90,+1.70,"29,735",
115/02/24,"36,735,788","1,976,542,147",54.10,54.20,53.20,53.80,-0.10,"13,899",
115/02/25,"47,480,780","2,556,204,087",53.70,54.70,53.20,53.50,-0.30,"15,301",
115/02/26,"105,177,672","5,848,562,579",53.90,56.40,53.90,55.90,+2.40,"22,997",
115/03/02,"71,939,285","3,897,026,801",55.20,55.20,53.50,53.80,-2.10,"36,117",
115/03/03,"43,239,710","2,309,468,228",53.00,53.90,53.00,53.50,-0.30,"15,960",
115/03/04,"81,891,264","4,170,771,829",52.50,52.60,50.50,50.50,-3.00,"36,316",
115/03/05,"33,861,742","1,738,827,076",51.50,52.00,50.90,51.50,+1.00,"13,704",
115/03/06,"30,432,406","1,565,531,589",50.90,51.80,50.90,51.40,-0.10,"9,422",
115/03/09,"69,794,553","3,524,135,919",49.45,51.00,49.40,51.00,-0.40,"19,830",
115/03/10,"52,553,359","2,682,266,645",52.00,52.00,50.50,51.20,+0.20,"15,754",
115/03/11,"26,471,192","1,357,369,882",50.80,51.90,50.80,51.20, 0.00,"10,344",
115/03/12,"58,542,923","2,974,061,825",50.60,51.30,50.20,51.30,+0.10,"18,246",
115/03/13,"38,854,165","1,991,041,553",51.00,51.80,50.70,51.30, 0.00,"12,652",
115/03/16,"33,041,613","1,716,691,457",51.70,52.60,51.30,51.90,+0.60,"12,424",
115/03/17,"46,711,808","2,472,022,108",52.50,53.40,52.10,52.90,+1.00,"13,273",
115/03/18,"26,215,982","1,396,771,355",53.80,53.90,53.00,53.30,+0.40,"10,503",
115/03/19,"43,183,067","2,236,845,962",52.40,52.40,51.50,51.60,-1.70,"19,825",
115/03/20,"37,046,334","1,926,440,981",51.40,52.20,51.40,52.10,+0.50,"8,332",
115/03/23,"61,126,020","3,124,481,731",50.80,51.70,50.40,51.50,-0.60,"24,350",
115/03/24,"27,752,603","1,440,545,618",51.50,52.30,51.30,52.00,+0.50,"10,257",
115/03/25,"34,518,189","1,818,927,352",53.30,53.30,52.10,52.80,+0.80,"10,550",
115/03/26,"21,292,099","1,127,317,047",53.00,53.20,52.60,53.00,+0.20,"7,099",
115/03/27,"33,063,902","1,742,303,418",52.80,53.00,52.20,53.00, 0.00,"9,184",
115/03/30,"47,208,431","2,449,901,232",51.50,52.50,51.50,51.90,-1.10,"16,227",
115/03/31,"47,749,427","2,460,235,847",52.20,52.20,51.30,51.30,-0.60,"13,401",
115/04/01,"60,426,407","3,222,675,502",52.70,53.90,52.10,53.70,+2.40,"17,216",
115/04/02,"50,959,018","2,758,096,996",55.00,55.00,53.60,54.50,+0.80,"14,798",
115/04/07,"54,325,908","2,969,781,669",54.20,56.00,53.30,55.80,+1.30,"22,013",
115/04/08,"72,173,236","4,030,681,300",56.30,56.90,54.50,56.50,+0.70,"25,119",
115/04/09,"66,900,923","3,661,409,350",55.80,55.90,54.10,54.80,-1.70,"29,520",
115/04/10,"43,434,788","2,343,423,169",54.00,54.40,53.60,54.00,-0.80,"19,257",
115/04/13,"38,080,525","2,038,556,217",53.60,54.20,53.30,53.30,-0.70,"18,519",
115/04/14,"46,561,861","2,491,630,283",53.30,54.30,53.10,53.10,-0.20,"16,609",
115/04/15,"55,358,343","2,921,702,972",53.30,53.40,52.50,52.80,-0.30,"28,778",
115/04/16,"51,776,658","2,745,451,150",53.00,53.70,52.50,53.40,+0.60,"23,042",
115/04/17,"44,474,698","2,345,531,927",53.30,53.30,52.50,53.10,-0.30,"21,287",
115/04/20,"47,288,398","2,520,135,135",53.10,53.70,52.70,53.10, 0.00,"15,168",
115/04/21,"47,287,342","2,513,256,727",53.60,53.70,53.00,53.00,-0.10,"13,799",
115/04/22,"38,111,789","2,042,723,485",53.00,53.90,53.00,53.50,+0.50,"12,040",
115/04/23,"52,023,210","2,760,141,765",53.50,54.00,52.60,52.70,-0.80,"18,732",
115/04/24,"38,226,379","2,028,384,129",52.80,53.30,52.80,52.90,+0.20,"9,815",
115/04/27,"48,782,011","2,583,293,471",52.90,53.50,52.70,52.70,-0.20,"13,630",
115/04/28,"45,406,895","2,422,449,904",53.50,53.80,52.90,53.30,+0.60,"13,375",
115/04/29,"46,618,085","2,475,742,454",53.60,53.90,52.70,53.10,-0.20,"16,367",
115/04/30,"52,055,563","2,736,606,502",52.70,53.10,52.30,52.30,-0.80,"18,963",
115/05/04,"45,601,590","2,417,114,426",53.00,53.30,52.60,52.90,+0.60,"11,279",
115/05/05,"56,231,261","3,014,182,642",53.30,54.40,52.80,53.50,+0.60,"18,963",
115/05/06,"68,048,483","3,728,639,283",54.40,55.20,54.20,54.70,+1.20,"21,336",
115/05/07,"77,423,940","4,331,286,911",55.00,56.50,54.90,56.20,+1.50,"23,519",
115/05/08,"56,787,112","3,207,526,280",57.00,57.00,55.60,56.40,+0.20,"15,954",
115/05/11,"50,449,302","2,784,772,363",56.00,56.00,54.70,55.30,-1.10,"18,912",
115/05/12,"89,185,505","4,815,954,823",54.90,54.90,53.50,53.50,-1.80,"32,915",
115/05/13,"56,703,402","3,108,660,149",53.50,55.30,53.50,54.90,+1.40,"16,694",
115/05/14,"39,236,138","2,155,387,106",54.40,55.90,54.40,54.80,-0.10,"12,289",
115/05/15,"36,032,190","1,986,520,147",55.10,55.60,54.70,54.80, 0.00,"10,796",
115/05/18,"30,347,395","1,668,243,770",55.00,55.40,54.40,54.80, 0.00,"10,420",
115/05/19,"60,742,665","3,385,566,882",55.30,56.60,54.90,55.40,+0.60,"17,847",
115/05/20,"114,703,217","6,594,036,054",56.40,58.00,55.60,57.80,+2.40,"38,337",
115/05/21,"72,093,148","4,169,014,023",57.90,58.60,57.20,57.50,-0.30,"20,603",
115/05/22,"37,279,590","2,151,778,278",57.50,58.20,57.20,57.60,+0.10,"10,709",
