日期,成交股數,成交金額,開盤價,最高價,最低價,收盤價,漲跌價差,成交筆數,註記
109/01/02,"6,237,434","2,758,621,262",445.00,446.00,440.50,441.50,-2.00,"4,171",
109/01/03,"12,375,266","5,364,928,476",445.00,445.50,423.00,434.50,-7.00,"9,265",
109/01/06,"8,520,516","3,632,830,840",428.00,431.50,424.00,424.00,-10.50,"6,039",
109/01/07,"11,707,155","4,982,703,572",428.00,431.00,418.00,426.00,+2.00,"7,952",
109/01/08,"9,695,448","4,178,143,323",426.00,436.50,424.00,430.50,+4.50,"6,606",
109/01/09,"7,061,194","3,077,279,278",435.00,439.00,432.50,437.00,+6.50,"4,873",
109/01/10,"7,882,248","3,401,903,337",439.50,441.00,426.00,432.00,-5.00,"5,974",
109/01/13,"10,239,998","4,358,608,124",432.00,435.00,422.00,422.00,-10.00,"8,127",
109/01/14,"19,437,055","8,113,096,100",422.50,424.50,412.50,416.00,-6.00,"12,927",
109/01/15,"26,086,092","10,741,727,720",409.00,419.00,406.50,416.00, 0.00,"17,129",
109/01/16,"13,075,722","5,495,435,494",419.00,423.50,415.00,421.00,+5.00,"8,603",
109/01/17,"8,818,316","3,724,242,970",428.00,428.00,418.50,420.50,-0.50,"5,956",
109/01/20,"6,172,773","2,590,427,739",421.00,422.00,417.00,419.00,-1.50,"4,178",
109/01/30,"22,330,256","8,733,286,560",400.00,400.50,382.50,383.50,-35.50,"14,587",
109/01/31,"10,439,123","4,053,010,283",385.00,393.00,382.00,388.00,+4.50,"6,604",
109/02/03,"10,641,830","4,039,690,053",376.50,387.00,373.00,382.00,-6.00,"6,696",
109/02/04,"9,511,276","3,714,645,692",384.00,396.50,384.00,390.50,+8.50,"6,475",
109/02/05,"16,355,382","6,272,530,188",390.50,390.50,378.50,381.00,-9.50,"11,107",
109/02/06,"10,507,866","4,040,943,705",381.00,390.50,380.00,382.00,+1.00,"7,266",
109/02/07,"10,226,510","3,905,283,810",380.50,385.50,379.00,381.00,-1.00,"6,890",
109/02/10,"11,049,172","4,211,632,204",377.50,386.50,375.00,380.00,-1.00,"7,215",
109/02/11,"11,384,133","4,418,605,620",382.00,391.50,382.00,390.00,+10.00,"7,917",
109/02/12,"13,600,808","5,440,307,816",398.00,403.50,395.00,401.50,+11.50,"8,503",
109/02/13,"15,526,270","6,348,760,210",408.50,412.00,406.50,408.50,+7.00,"8,732",
109/02/14,"9,177,582","3,724,845,554",407.00,408.00,403.50,405.50,-3.00,"6,104",
109/02/17,"9,237,824","3,669,593,100",397.50,399.50,394.00,398.00,-7.50,"6,894",
109/02/18,"7,500,223","2,956,294,585",394.00,396.50,392.00,392.00,-6.00,"5,297",
109/02/19,"9,008,260","3,519,298,920",395.00,396.00,387.50,388.50,-3.50,"6,307",
109/02/20,"8,177,571","3,199,218,235",391.50,394.00,387.50,394.00,+5.50,"5,293",
109/02/21,"7,800,080","3,038,322,028",394.00,394.00,388.00,388.00,-6.00,"6,438",
109/02/24,"13,117,425","4,973,563,735",382.50,384.50,376.00,377.00,-11.00,"8,825",
109/02/25,"10,230,047","3,865,178,360",374.50,383.00,371.00,378.50,+1.50,"7,545",
109/02/26,"10,994,144","4,135,433,490",375.00,380.00,373.00,375.00,-3.50,"7,002",
109/02/27,"14,733,370","5,392,264,050",376.00,378.00,360.00,360.00,-15.00,"9,355",
109/03/02,"11,727,602","4,237,999,575",356.00,368.00,353.50,363.00,+3.00,"7,845",
109/03/03,"10,014,005","3,747,508,875",373.00,378.50,371.00,372.00,+9.00,"6,126",
109/03/04,"10,894,688","4,012,499,436",371.50,372.50,364.00,370.50,-1.50,"5,720",
109/03/05,"11,305,601","4,317,208,665",377.50,385.00,376.00,385.00,+14.50,"7,410",
109/03/06,"7,682,406","2,914,891,650",380.00,382.50,376.50,378.50,-6.50,"5,211",
109/03/09,"11,652,891","4,271,197,888",368.50,371.00,361.00,366.50,-12.00,"7,613",
109/03/10,"11,832,469","4,357,631,145",363.50,373.50,362.00,373.50,+7.00,"7,776",
109/03/11,"9,371,669","3,471,915,840",373.50,377.00,362.00,363.00,-10.50,"6,371",
109/03/12,"19,312,208","6,651,230,970",356.00,358.50,336.00,336.00,-27.00,"12,801",
109/03/13,"23,633,277","7,679,822,957",307.50,348.00,305.00,341.00,+5.00,"15,128",
109/03/16,"12,157,253","4,020,202,713",333.00,342.50,320.00,320.00,-21.00,"8,087",
109/03/17,"14,400,860","4,580,804,120",308.00,328.50,308.00,315.50,-4.50,"9,491",
109/03/18,"14,131,612","4,441,650,824",315.50,321.50,301.50,301.50,-14.00,"9,639",
109/03/19,"25,712,419","7,248,969,225",291.00,298.50,273.00,274.00,-27.50,"16,966",
109/03/20,"17,586,676","5,245,651,976",296.00,301.00,287.00,301.00,+27.00,"8,826",
109/03/23,"21,198,004","6,537,935,776",307.00,314.00,296.00,308.00,+7.00,"14,232",
109/03/24,"13,447,078","4,486,612,738",336.00,338.50,326.00,330.00,+22.00,"8,947",
109/03/25,"20,283,591","6,973,782,076",348.00,353.00,330.00,334.50,+4.50,"13,754",
109/03/26,"11,554,093","3,906,131,492",339.00,345.00,328.00,343.50,+9.00,"8,461",
109/03/27,"13,224,545","4,583,620,030",359.50,359.50,336.50,340.00,-3.50,"9,161",
109/03/30,"11,164,349","3,697,049,811",329.50,336.50,323.00,336.50,-3.50,"7,513",
109/03/31,"10,956,002","3,640,562,391",339.00,343.50,326.00,327.50,-9.00,"7,793",
109/04/01,"6,677,209","2,209,097,396",333.00,334.00,325.50,334.00,+6.50,"4,960",
109/04/06,"8,234,391","2,805,449,722",346.00,346.00,336.50,341.00,+7.00,"5,494",
109/04/07,"10,214,322","3,551,388,356",348.00,350.00,346.00,347.00,+6.00,"5,632",
109/04/08,"6,885,590","2,399,316,273",346.00,352.00,345.00,349.50,+2.50,"4,941",
109/04/09,"8,237,776","2,892,865,250",356.00,356.00,347.50,351.50,+2.00,"5,200",
109/04/10,"6,619,621","2,318,809,264",352.50,352.50,348.00,350.00,-1.50,"4,052",
109/04/13,"7,148,004","2,515,220,408",349.00,354.50,348.50,351.50,+1.50,"4,177",
109/04/14,"13,578,196","4,929,041,591",354.00,368.50,353.50,365.50,+14.00,"8,960",
109/04/15,"8,890,815","3,253,892,664",370.00,370.50,363.50,365.50, 0.00,"5,873",
109/04/16,"6,871,648","2,491,533,020",361.00,365.50,360.50,361.50,-4.00,"4,174",
109/04/17,"13,317,197","4,923,770,465",379.00,379.00,363.00,368.00,+6.50,"8,819",
109/04/20,"5,979,488","2,213,219,259",371.00,373.50,366.50,370.00,+2.00,"3,799",
109/04/21,"11,421,460","4,098,032,604",367.00,367.00,352.00,353.50,-16.50,"8,627",
109/04/22,"12,142,371","4,208,265,880",350.00,352.00,342.00,346.00,-7.50,"9,299",
109/04/23,"8,791,011","3,063,268,876",347.50,351.00,344.00,351.00,+5.00,"5,965",
109/04/24,"6,025,467","2,112,875,917",351.00,353.00,348.00,348.50,-2.50,"4,076",
109/04/27,"13,194,986","4,820,204,264",357.00,374.00,355.50,372.00,+23.50,"9,305",
109/04/28,"10,769,852","3,988,722,587",374.50,375.00,363.50,375.00,+3.00,"7,675",
109/04/29,"31,507,975","12,411,291,051",400.00,400.00,386.50,398.00,+23.00,"21,633",
109/04/30,"22,045,679","9,056,156,448",412.00,415.50,405.00,415.00,+17.00,"14,050",
109/05/04,"11,748,303","4,709,062,700",404.00,405.00,398.00,399.50,-15.50,"8,589",
109/05/05,"7,287,899","2,917,832,410",403.50,405.50,396.00,401.50,+2.00,"5,685",
109/05/06,"10,340,772","4,204,073,308",405.00,409.50,401.50,408.00,+6.50,"6,072",
109/05/07,"8,184,230","3,379,054,800",412.00,415.00,411.00,411.00,+3.00,"5,478",
109/05/08,"6,884,964","2,852,857,389",415.00,418.00,411.50,411.50,+0.50,"4,489",
109/05/11,"6,480,940","2,658,770,900",415.50,415.50,407.00,410.00,-1.50,"4,593",
109/05/12,"5,093,041","2,075,357,228",408.00,409.50,404.00,407.00,-3.00,"3,520",
109/05/13,"11,287,740","4,685,732,680",408.50,420.00,407.00,420.00,+13.00,"7,564",
109/05/14,"8,304,088","3,425,799,668",417.00,419.00,406.50,411.00,-9.00,"6,379",
109/05/15,"5,826,797","2,391,258,070",414.00,415.50,404.50,411.00, 0.00,"4,110",
109/05/18,"25,672,990","11,420,605,156",452.00,452.00,436.50,440.50,+29.50,"16,188",
109/05/19,"23,381,164","10,775,474,986",462.50,464.00,458.00,462.00,+21.50,"14,326",
109/05/20,"18,969,567","8,904,290,369",467.00,479.00,464.00,470.00,+8.00,"12,582",
109/05/21,"9,455,736","4,403,000,074",470.00,472.00,460.50,464.50,-5.50,"6,202",
109/05/22,"15,484,024","6,915,073,334",446.50,455.00,440.00,442.00,-22.50,"10,880",
109/05/25,"11,364,742","5,164,434,635",451.50,460.00,449.00,460.00,+18.00,"7,958",
109/05/26,"6,684,259","3,099,929,881",460.00,468.00,458.00,460.00, 0.00,"4,925",
109/05/27,"8,859,230","4,103,795,784",465.00,466.00,459.50,464.50,+4.50,"5,659",
109/05/28,"10,968,535","5,042,125,065",468.00,469.00,453.50,460.00,-4.50,"7,753",
109/05/29,"9,592,183","4,434,895,676",460.00,467.00,453.50,463.00,+3.00,"5,039",
109/06/01,"8,808,266","4,094,933,126",468.00,470.00,460.00,461.50,-1.50,"5,843",
109/06/02,"17,040,745","8,263,201,631",488.00,490.50,479.50,485.00,+23.50,"11,511",
109/06/03,"9,783,845","4,795,053,535",492.00,493.50,487.00,490.00,+5.00,"6,731",
109/06/04,"8,538,190","4,164,028,020",485.00,493.00,482.00,490.00, 0.00,"5,735",
109/06/05,"8,958,917","4,427,235,038",493.00,497.50,491.00,494.00,+4.00,"5,831",
109/06/08,"9,669,114","4,816,878,316",495.50,505.00,493.00,494.50,+0.50,"6,567",
109/06/09,"7,942,284","3,924,509,580",491.00,499.50,487.50,497.50,+3.00,"5,550",
109/06/10,"6,677,972","3,336,974,966",495.50,503.00,495.00,500.00,+2.50,"4,723",
109/06/11,"11,175,186","5,609,874,256",500.00,509.00,496.00,496.50,-3.50,"6,813",
109/06/12,"12,644,920","6,151,832,640",473.00,495.50,473.00,492.50,-4.00,"7,828",
109/06/15,"7,204,482","3,586,931,838",498.00,505.00,492.50,492.50, 0.00,"5,822",
109/06/16,"11,665,647","5,862,318,882",492.00,510.00,491.50,510.00,+17.50,"8,554",
109/06/17,"7,132,179","3,630,936,522",511.00,516.00,505.00,510.00, 0.00,"4,807",
109/06/18,"5,601,592","2,864,049,135",515.00,515.00,508.00,513.00,+3.00,"4,127",
109/06/19,"22,189,522","11,989,751,968",520.00,560.00,518.00,546.00,+33.00,"15,535",
109/06/22,"17,896,887","10,151,518,290",553.00,576.00,546.00,576.00,+30.00,"13,403",
109/06/23,"16,106,824","9,274,502,722",580.00,594.00,558.00,574.00,-2.00,"12,564",
109/06/24,"9,137,582","5,259,213,560",572.00,584.00,568.00,580.00,+6.00,"7,353",
109/06/29,"12,360,207","7,025,233,756",566.00,576.00,563.00,565.00,-15.00,"8,848",
109/06/30,"9,477,547","5,446,853,713",569.00,579.00,568.00,579.00,+14.00,"6,474",
109/07/01,"7,704,668","4,509,588,420",590.00,594.00,575.00,577.00,-2.00,"6,026",
109/07/02,"6,031,098","3,479,994,448",577.00,582.00,573.00,574.00,-3.00,"4,713",
109/07/03,"8,709,502","5,076,814,670",575.00,587.00,575.00,585.00,+11.00,"6,503",
109/07/06,"7,257,983","4,246,965,987",587.00,589.00,580.00,589.00,X0.00,"5,745",
109/07/07,"19,739,242","12,030,718,684",598.00,632.00,595.00,618.00,+29.00,"13,788",
109/07/08,"23,384,399","15,334,797,441",629.00,674.00,625.00,661.00,+43.00,"17,451",
109/07/09,"17,228,954","11,275,283,916",661.00,663.00,640.00,651.00,-10.00,"14,157",
109/07/10,"17,015,547","10,729,476,093",641.00,647.00,616.00,616.00,-35.00,"13,330",
109/07/13,"10,446,840","6,560,638,360",626.00,639.00,618.00,629.00,+13.00,"8,478",
109/07/14,"9,446,920","5,812,727,670",627.00,628.00,610.00,611.00,-18.00,"7,700",
109/07/15,"14,729,162","8,973,203,197",612.00,618.00,598.00,609.00,-2.00,"11,055",
109/07/16,"7,417,218","4,474,246,018",601.00,612.00,599.00,599.00,-10.00,"6,190",
109/07/17,"8,994,459","5,420,967,613",598.00,608.00,596.00,607.00,+8.00,"7,114",
109/07/20,"9,008,151","5,388,054,902",609.00,611.00,590.00,601.00,-6.00,"7,345",
109/07/21,"15,777,808","9,951,824,696",612.00,643.00,612.00,637.00,+36.00,"12,392",
109/07/22,"17,852,109","11,827,985,376",659.00,670.00,651.00,664.00,+27.00,"13,618",
109/07/23,"17,793,987","11,920,667,659",658.00,687.00,653.00,677.00,+13.00,"13,937",
109/07/24,"24,419,901","16,795,888,977",677.00,703.00,670.00,675.00,-2.00,"19,725",
109/07/27,"21,431,219","15,305,966,243",695.00,737.00,691.00,728.00,+53.00,"17,615",
109/07/28,"36,378,539","26,105,851,132",741.00,763.00,680.00,680.00,-48.00,"28,746",
109/07/29,"14,628,939","9,963,495,157",683.00,694.00,667.00,682.00,+2.00,"11,816",
109/07/30,"13,796,896","9,398,689,156",686.00,694.00,670.00,683.00,+1.00,"10,458",
109/07/31,"15,072,563","10,404,919,783",678.00,707.00,670.00,701.00,+18.00,"11,281",
109/08/03,"25,733,096","18,346,505,200",743.00,743.00,695.00,696.00,-5.00,"18,912",
109/08/04,"19,275,303","13,831,395,469",703.00,732.00,700.00,732.00,+36.00,"15,575",
109/08/05,"13,153,226","9,617,048,441",735.00,739.00,722.00,730.00,-2.00,"11,020",
109/08/06,"12,890,678","9,525,236,974",736.00,753.00,730.00,732.00,+2.00,"10,579",
109/08/07,"14,627,882","10,442,868,630",730.00,736.00,704.00,705.00,-27.00,"11,960",
109/08/10,"11,142,754","7,852,221,586",696.00,714.00,696.00,706.00,+1.00,"8,617",
109/08/11,"9,919,208","6,937,393,600",698.00,708.00,691.00,693.00,-13.00,"7,588",
109/08/12,"11,143,131","7,593,118,866",684.00,690.00,674.00,680.00,-13.00,"9,131",
109/08/13,"11,410,405","7,843,859,640",700.00,702.00,671.00,684.00,+4.00,"8,500",
109/08/14,"9,672,925","6,534,060,700",670.00,683.00,670.00,680.00,-4.00,"7,620",
109/08/17,"6,056,362","4,133,827,694",684.00,689.00,677.00,685.00,+5.00,"4,901",
109/08/18,"42,389,663","26,292,418,734",617.00,642.00,617.00,617.00,-68.00,"29,380",
109/08/19,"23,597,107","14,523,241,377",618.00,626.00,605.00,609.00,-8.00,"16,757",
109/08/20,"34,547,307","19,914,507,343",603.00,611.00,551.00,565.00,-44.00,"25,051",
109/08/21,"21,528,784","12,783,058,888",583.00,606.00,581.00,604.00,+39.00,"16,027",
109/08/24,"14,910,954","8,782,716,860",599.00,600.00,583.00,585.00,-19.00,"10,811",
109/08/25,"9,904,789","5,827,153,088",592.00,594.00,584.00,589.00,+4.00,"7,028",
109/08/26,"10,781,130","6,225,606,530",585.00,586.00,573.00,578.00,-11.00,"8,424",
109/08/27,"15,405,596","8,699,815,356",583.00,586.00,555.00,558.00,-20.00,"11,910",
109/08/28,"13,150,295","7,431,101,510",558.00,575.00,553.00,574.00,+16.00,"9,934",
109/08/31,"17,151,699","9,604,529,440",580.00,583.00,552.00,556.00,-18.00,"11,460",
109/09/01,"11,319,355","6,433,047,190",559.00,577.00,553.00,576.00,+20.00,"8,040",
109/09/02,"18,844,801","11,280,884,998",605.00,609.00,590.00,596.00,+20.00,"12,899",
109/09/03,"13,567,883","8,257,205,598",614.00,615.00,598.00,603.00,+7.00,"9,148",
109/09/04,"13,800,424","8,238,699,944",589.00,610.00,582.00,603.00, 0.00,"10,195",
109/09/07,"7,096,189","4,261,503,400",608.00,613.00,593.00,598.00,-5.00,"5,150",
109/09/08,"6,683,057","4,042,322,428",602.00,614.00,598.00,604.00,+6.00,"4,994",
109/09/09,"10,536,718","6,239,805,210",594.00,599.00,586.00,595.00,-9.00,"6,741",
109/09/10,"7,308,603","4,393,136,800",601.00,607.00,598.00,599.00,+4.00,"5,081",
109/09/11,"7,837,495","4,650,879,020",598.00,603.00,586.00,595.00,-4.00,"5,736",
109/09/14,"8,675,428","5,233,147,652",596.00,610.00,589.00,609.00,+14.00,"6,491",
109/09/15,"8,056,558","4,920,099,488",609.00,614.00,603.00,611.00,+2.00,"5,673",
109/09/16,"10,738,991","6,671,065,386",618.00,628.00,616.00,617.00,+6.00,"7,563",
109/09/17,"12,572,944","7,541,286,456",610.00,611.00,593.00,599.00,-18.00,"9,393",
109/09/18,"11,402,876","6,880,435,732",599.00,611.00,591.00,611.00,+12.00,"7,318",
109/09/21,"8,306,351","5,127,267,604",614.00,624.00,610.00,616.00,+5.00,"6,436",
109/09/22,"7,641,728","4,636,982,822",614.00,615.00,602.00,603.00,-13.00,"5,330",
109/09/23,"6,545,842","4,023,666,830",609.00,619.00,609.00,617.00,+14.00,"5,378",
109/09/24,"8,632,965","5,233,787,930",606.00,616.00,600.00,600.00,-17.00,"6,797",
109/09/25,"9,004,337","5,347,702,520",605.00,608.00,581.00,585.00,-15.00,"6,153",
109/09/28,"8,878,900","5,283,154,209",583.00,607.00,581.00,603.00,+18.00,"5,669",
109/09/29,"6,297,334","3,838,339,406",606.00,614.00,606.00,610.00,+7.00,"4,160",
109/09/30,"6,064,893","3,709,483,144",615.00,618.00,607.00,607.00,-3.00,"3,930",
109/10/05,"5,000,804","3,065,861,440",614.00,617.00,610.00,611.00,+4.00,"3,718",
109/10/06,"3,949,603","2,430,698,845",618.00,619.00,612.00,615.00,+4.00,"2,936",
109/10/07,"17,770,203","11,356,350,935",617.00,658.00,613.00,647.00,+32.00,"13,775",
109/10/08,"15,705,367","10,500,532,887",660.00,677.00,650.00,670.00,+23.00,"12,010",
109/10/12,"22,052,450","15,693,779,250",710.00,722.00,699.00,714.00,+44.00,"15,294",
109/10/13,"7,971,165","5,579,824,814",712.00,712.00,693.00,699.00,-15.00,"6,971",
109/10/14,"6,302,855","4,356,676,095",692.00,698.00,687.00,689.00,-10.00,"4,890",
109/10/15,"7,045,919","4,902,792,771",693.00,707.00,689.00,689.00, 0.00,"5,800",
109/10/16,"5,020,630","3,454,686,400",689.00,695.00,680.00,680.00,-9.00,"4,254",
109/10/19,"3,933,553","2,717,806,676",683.00,695.00,683.00,692.00,+12.00,"3,358",
109/10/20,"4,936,501","3,403,891,195",688.00,697.00,683.00,697.00,+5.00,"3,773",
109/10/21,"5,171,741","3,610,215,031",704.00,710.00,687.00,691.00,-6.00,"4,410",
109/10/22,"5,130,155","3,539,705,240",688.00,696.00,685.00,688.00,-3.00,"4,019",
109/10/23,"4,854,113","3,314,929,066",689.00,694.00,678.00,678.00,-10.00,"4,192",
109/10/26,"4,340,545","2,941,638,788",680.00,686.00,672.00,674.00,-4.00,"4,215",
109/10/27,"6,628,379","4,519,508,301",674.00,688.00,672.00,685.00,+11.00,"5,167",
109/10/28,"6,124,573","4,181,870,597",685.00,689.00,675.00,681.00,-4.00,"5,075",
109/10/29,"4,542,886","3,076,287,992",670.00,687.00,666.00,684.00,+3.00,"4,286",
109/10/30,"6,389,520","4,326,277,336",678.00,682.00,670.00,678.00,-6.00,"4,816",
109/11/02,"14,039,866","9,335,843,532",690.00,690.00,650.00,653.00,-25.00,"11,901",
109/11/03,"8,279,509","5,523,878,468",661.00,676.00,660.00,665.00,+12.00,"11,086",
109/11/04,"9,310,114","6,274,340,491",671.00,685.00,661.00,677.00,+12.00,"9,508",
109/11/05,"11,771,407","8,117,648,877",685.00,696.00,679.00,696.00,+19.00,"9,961",
109/11/06,"7,383,559","5,156,129,124",701.00,704.00,692.00,700.00,+4.00,"6,770",
109/11/09,"6,643,292","4,667,880,620",710.00,714.00,693.00,702.00,+2.00,"5,899",
109/11/10,"6,061,984","4,182,276,658",702.00,702.00,681.00,686.00,-16.00,"6,312",
109/11/11,"8,075,443","5,436,057,097",662.00,682.00,662.00,676.00,-10.00,"7,507",
109/11/12,"4,845,993","3,271,112,494",677.00,683.00,671.00,673.00,-3.00,"4,385",
109/11/13,"4,707,048","3,159,429,474",671.00,677.00,667.00,675.00,+2.00,"3,865",
109/11/16,"6,340,597","4,358,490,909",685.00,695.00,681.00,694.00,+19.00,"5,967",
109/11/17,"6,537,087","4,557,362,547",701.00,703.00,691.00,696.00,+2.00,"5,665",
109/11/18,"21,267,800","15,274,889,320",702.00,728.00,701.00,728.00,+32.00,"18,619",
109/11/19,"9,175,800","6,716,017,917",732.00,738.00,727.00,733.00,+5.00,"8,347",
109/11/20,"11,660,336","8,660,917,741",732.00,754.00,723.00,747.00,+14.00,"10,207",
109/11/23,"7,122,453","5,317,595,635",754.00,758.00,738.00,743.00,-4.00,"7,131",
109/11/24,"5,788,982","4,298,264,456",752.00,752.00,734.00,742.00,-1.00,"5,581",
109/11/25,"7,168,939","5,251,824,639",746.00,748.00,724.00,724.00,-18.00,"7,386",
109/11/26,"3,674,272","2,682,388,406",733.00,737.00,725.00,730.00,+6.00,"3,525",
109/11/27,"3,520,339","2,551,171,068",725.00,731.00,721.00,725.00,-5.00,"3,789",
109/11/30,"14,282,872","10,101,719,632",711.00,718.00,703.00,704.00,-21.00,"11,498",
109/12/01,"8,546,033","5,967,592,057",700.00,708.00,693.00,697.00,-7.00,"8,994",
109/12/02,"8,951,519","6,324,640,621",706.00,717.00,695.00,712.00,+15.00,"7,919",
109/12/03,"7,043,862","4,953,838,001",715.00,715.00,698.00,700.00,-12.00,"7,128",
109/12/04,"5,447,920","3,824,994,925",700.00,707.00,696.00,705.00,+5.00,"5,563",
109/12/07,"5,507,847","3,860,949,678",705.00,708.00,695.00,704.00,-1.00,"5,571",
109/12/08,"10,092,358","7,250,849,121",703.00,731.00,702.00,730.00,+26.00,"10,065",
109/12/09,"7,934,850","5,851,551,385",735.00,746.00,730.00,734.00,+4.00,"7,950",
109/12/10,"7,890,093","5,635,221,751",730.00,730.00,706.00,709.00,-25.00,"8,877",
109/12/11,"7,743,157","5,496,198,310",720.00,722.00,701.00,707.00,-2.00,"7,305",
109/12/14,"3,923,653","2,760,735,687",706.00,710.00,699.00,702.00,-5.00,"4,288",
109/12/15,"5,126,489","3,590,787,610",702.00,706.00,696.00,701.00,-1.00,"5,345",
109/12/16,"6,278,334","4,431,853,093",711.00,714.00,701.00,701.00, 0.00,"5,293",
109/12/17,"6,085,006","4,282,246,143",703.00,711.00,699.00,704.00,+3.00,"4,691",
109/12/18,"4,932,935","3,459,200,259",704.00,708.00,699.00,699.00,-5.00,"4,147",
109/12/21,"5,459,098","3,818,331,402",698.00,708.00,689.00,708.00,+9.00,"4,791",
109/12/22,"6,455,645","4,599,270,877",708.00,722.00,703.00,703.00,-5.00,"5,998",
109/12/23,"5,391,073","3,853,814,191",708.00,722.00,705.00,720.00,+17.00,"5,207",
109/12/24,"3,363,422","2,422,416,459",724.00,725.00,714.00,714.00,-6.00,"3,493",
109/12/25,"2,222,300","1,593,359,269",720.00,722.00,712.00,715.00,+1.00,"2,353",
109/12/28,"10,682,986","7,855,015,517",724.00,741.00,723.00,740.00,+25.00,"10,693",
109/12/29,"4,621,472","3,417,903,144",741.00,746.00,734.00,734.00,-6.00,"5,277",
109/12/30,"5,673,669","4,213,092,325",740.00,746.00,735.00,746.00,+12.00,"5,955",
109/12/31,"4,667,590","3,490,385,717",747.00,753.00,742.00,747.00,+1.00,"4,395",
110/01/04,"14,143,143","11,014,629,474",755.00,798.00,752.00,792.00,+45.00,"13,938",
110/01/05,"9,450,974","7,488,249,698",796.00,804.00,775.00,797.00,+5.00,"9,484",
110/01/06,"9,331,483","7,429,735,716",802.00,814.00,785.00,792.00,-5.00,"9,870",
110/01/07,"7,755,897","6,199,710,425",794.00,808.00,785.00,799.00,+7.00,"7,099",
110/01/08,"13,336,420","11,039,865,423",810.00,844.00,802.00,838.00,+39.00,"12,816",
110/01/11,"8,031,597","6,796,558,803",843.00,856.00,835.00,851.00,+13.00,"7,931",
110/01/12,"10,441,036","8,888,052,276",857.00,868.00,842.00,846.00,-5.00,"10,185",
110/01/13,"16,971,279","14,943,846,563",855.00,899.00,850.00,884.00,+38.00,"15,795",
110/01/14,"11,667,769","10,113,235,076",872.00,881.00,854.00,861.00,-23.00,"13,824",
110/01/15,"9,997,448","8,596,469,996",878.00,882.00,842.00,850.00,-11.00,"12,337",
110/01/18,"9,010,949","7,500,023,716",850.00,851.00,817.00,844.00,-6.00,"11,302",
110/01/19,"8,072,808","7,013,524,168",861.00,880.00,854.00,879.00,+35.00,"8,828",
110/01/20,"11,111,720","9,781,496,840",885.00,898.00,870.00,872.00,-7.00,"12,085",
110/01/21,"17,720,132","16,233,512,122",890.00,935.00,888.00,934.00,+62.00,"18,986",
110/01/22,"16,584,582","15,321,037,330",914.00,946.00,908.00,917.00,-17.00,"18,003",
110/01/25,"9,057,069","8,219,463,684",917.00,925.00,891.00,910.00,-7.00,"9,764",
110/01/26,"10,311,306","9,203,515,892",914.00,922.00,871.00,871.00,-39.00,"16,397",
110/01/27,"11,567,263","10,294,493,861",881.00,905.00,871.00,897.00,+26.00,"10,997",
110/01/28,"18,167,308","15,822,333,470",866.00,880.00,863.00,869.00,-28.00,"18,351",
110/01/29,"18,258,898","16,221,768,275",889.00,903.00,875.00,875.00,+6.00,"15,415",
110/02/01,"13,638,526","12,231,800,540",886.00,909.00,875.00,905.00,+30.00,"13,575",
110/02/02,"14,757,663","13,823,288,847",925.00,952.00,920.00,931.00,+26.00,"15,925",
110/02/03,"11,707,296","11,125,117,801",947.00,959.00,942.00,950.00,+19.00,"12,276",
110/02/04,"13,251,920","12,449,698,311",933.00,953.00,915.00,946.00,-4.00,"12,750",
110/02/05,"15,508,268","14,956,647,397",955.00,987.00,950.00,950.00,+4.00,"16,636",
110/02/17,"11,965,819","11,790,760,581","1,000.00","1,010.00",971.00,980.00,+30.00,"13,142",
110/02/18,"6,379,963","6,239,667,374",980.00,987.00,968.00,978.00,-2.00,"7,661",
110/02/19,"7,991,437","7,699,805,545",971.00,975.00,953.00,964.00,-14.00,"10,875",
110/02/22,"7,565,200","7,298,460,088",972.00,980.00,951.00,951.00,-13.00,"10,666",
110/02/23,"8,565,124","8,143,886,849",945.00,968.00,932.00,965.00,+14.00,"8,916",
110/02/24,"8,417,401","8,009,520,071",948.00,967.00,940.00,940.00,-25.00,"10,319",
110/02/25,"8,044,929","7,582,966,805",950.00,955.00,930.00,944.00,+4.00,"8,937",
110/02/26,"15,572,480","14,209,617,300",923.00,931.00,896.00,896.00,-48.00,"20,992",
110/03/02,"14,215,554","13,098,514,067",920.00,939.00,900.00,900.00,+4.00,"13,094",
110/03/03,"9,625,941","8,837,615,736",915.00,930.00,895.00,930.00,+30.00,"8,639",
110/03/04,"12,469,716","11,254,176,843",919.00,919.00,895.00,897.00,-33.00,"16,165",
110/03/05,"10,585,927","9,336,956,818",877.00,892.00,870.00,883.00,-14.00,"14,218",
110/03/08,"9,984,494","8,845,209,010",901.00,909.00,866.00,867.00,-16.00,"16,017",
110/03/09,"9,503,232","8,279,561,250",860.00,885.00,854.00,879.00,+12.00,"10,624",
110/03/10,"9,564,427","8,328,731,610",890.00,892.00,860.00,864.00,-15.00,"15,028",
110/03/11,"9,536,535","8,430,374,000",869.00,895.00,865.00,888.00,+24.00,"10,157",
110/03/12,"8,342,109","7,527,169,082",900.00,915.00,892.00,899.00,+11.00,"8,754",
110/03/15,"6,870,767","6,230,613,032",900.00,914.00,900.00,907.00,+8.00,"6,715",
110/03/16,"6,819,333","6,234,175,801",917.00,919.00,906.00,919.00,+12.00,"7,308",
110/03/17,"6,095,656","5,565,381,375",924.00,925.00,902.00,908.00,-11.00,"7,775",
110/03/18,"4,643,748","4,231,446,015",914.00,920.00,903.00,903.00,-5.00,"5,308",
110/03/19,"7,815,136","6,927,620,271",895.00,896.00,880.00,885.00,-18.00,"9,599",
110/03/22,"7,242,365","6,389,829,722",880.00,891.00,872.00,881.00,-4.00,"8,209",
110/03/23,"8,634,587","7,613,375,900",890.00,892.00,870.00,870.00,-11.00,"9,295",
110/03/24,"7,176,317","6,341,977,147",872.00,895.00,866.00,894.00,+24.00,"7,245",
110/03/25,"16,822,913","15,609,054,889",904.00,950.00,896.00,949.00,+55.00,"21,882",
110/03/26,"11,990,455","11,296,233,820",951.00,955.00,930.00,943.00,-6.00,"13,237",
110/03/29,"9,733,633","9,294,980,212",953.00,970.00,941.00,941.00,-2.00,"10,779",
110/03/30,"12,775,101","12,318,722,192",958.00,977.00,941.00,971.00,+30.00,"14,504",
110/03/31,"9,308,335","9,056,085,526",972.00,984.00,960.00,969.00,-2.00,"9,430",
110/04/01,"5,773,029","5,608,220,878",978.00,985.00,961.00,961.00,-8.00,"6,689",
110/04/06,"12,518,802","12,496,987,935",985.00,"1,010.00",984.00,995.00,+34.00,"16,844",
110/04/07,"5,555,761","5,544,597,573","1,005.00","1,010.00",988.00,998.00,+3.00,"5,914",
110/04/08,"8,167,263","8,237,103,462",988.00,"1,030.00",985.00,"1,020.00",+22.00,"9,501",
110/04/09,"6,835,494","6,928,197,672","1,025.00","1,030.00",999.00,999.00,-21.00,"6,586",
110/04/12,"10,591,483","10,297,735,564",997.00,"1,005.00",956.00,960.00,-39.00,"15,811",
110/04/13,"9,936,111","9,642,426,913",973.00,984.00,952.00,961.00,+1.00,"11,616",
110/04/14,"8,837,949","8,418,348,992",965.00,969.00,935.00,965.00,+4.00,"11,115",
110/04/15,"6,003,442","5,831,329,760",971.00,985.00,957.00,985.00,+20.00,"7,185",
110/04/16,"6,494,451","6,334,177,260",990.00,990.00,967.00,975.00,-10.00,"7,062",
110/04/19,"4,616,211","4,474,368,427",985.00,985.00,962.00,963.00,-12.00,"6,067",
110/04/20,"11,068,834","10,957,963,828",966.00,"1,010.00",963.00,998.00,+35.00,"11,045",
110/04/21,"6,767,197","6,722,472,150","1,010.00","1,010.00",983.00,988.00,-10.00,"7,136",
110/04/22,"6,178,019","6,146,468,973",999.00,"1,010.00",984.00,984.00,-4.00,"6,739",
110/04/23,"11,303,072","11,456,437,658",980.00,"1,035.00",980.00,"1,035.00",+51.00,"14,963",
110/04/26,"11,479,738","12,202,088,290","1,070.00","1,090.00","1,030.00","1,070.00",+35.00,"11,981",
110/04/27,"8,769,643","9,422,271,120","1,075.00","1,100.00","1,055.00","1,065.00",-5.00,"8,147",
110/04/28,"9,050,437","9,718,091,545","1,075.00","1,090.00","1,055.00","1,080.00",+15.00,"7,798",
110/04/29,"6,567,928","7,782,994,680","1,185.00","1,185.00","1,185.00","1,185.00",+105.00,"5,215",
110/05/03,"26,691,326","30,048,400,595","1,175.00","1,175.00","1,080.00","1,105.00",-80.00,"25,290",
110/05/04,"18,231,506","19,476,054,820","1,100.00","1,105.00","1,025.00","1,085.00",-20.00,"19,476",
110/05/05,"14,706,523","15,353,608,999","1,090.00","1,100.00",999.00,"1,005.00",-80.00,"18,840",
110/05/06,"14,707,057","15,214,361,395","1,030.00","1,065.00","1,000.00","1,055.00",+50.00,"13,530",
110/05/07,"10,404,016","10,873,811,920","1,055.00","1,065.00","1,020.00","1,060.00",+5.00,"10,340",
110/05/10,"19,770,327","19,665,904,692","1,015.00","1,025.00",979.00,979.00,-81.00,"31,826",
110/05/11,"25,311,449","23,187,861,759",901.00,937.00,898.00,911.00,-68.00,"31,502",
110/05/12,"31,743,355","28,023,814,121",900.00,919.00,821.00,888.00,-23.00,"38,026",
110/05/13,"16,914,988","14,993,034,403",886.00,905.00,861.00,873.00,-15.00,"21,218",
110/05/14,"11,955,062","10,765,479,304",894.00,920.00,888.00,895.00,+22.00,"14,148",
110/05/17,"16,387,825","14,910,174,357",880.00,937.00,869.00,914.00,+19.00,"18,329",
110/05/18,"16,451,932","15,952,272,681",940.00,994.00,920.00,994.00,+80.00,"18,896",
110/05/19,"12,726,405","12,240,468,292",983.00,992.00,943.00,943.00,-51.00,"19,246",
110/05/20,"11,288,732","10,588,899,203",938.00,949.00,926.00,930.00,-13.00,"12,647",
110/05/21,"13,888,295","13,266,103,555",961.00,973.00,936.00,955.00,+25.00,"13,300",
110/05/24,"6,117,441","5,784,586,787",950.00,959.00,938.00,943.00,-12.00,"8,259",
110/05/25,"8,851,143","8,487,332,205",955.00,969.00,947.00,952.00,+9.00,"9,271",
110/05/26,"5,897,428","5,632,069,553",960.00,968.00,947.00,951.00,-1.00,"7,057",
110/05/27,"9,408,341","8,819,319,190",945.00,952.00,931.00,935.00,-16.00,"12,003",
110/05/28,"7,683,008","7,332,322,270",950.00,968.00,938.00,961.00,+26.00,"9,706",
110/05/31,"9,735,550","9,608,090,726",971.00,"1,010.00",959.00,995.00,+34.00,"13,973",
110/06/01,"7,359,973","7,283,387,219","1,005.00","1,015.00",976.00,977.00,-18.00,"10,639",
110/06/02,"7,280,733","7,043,811,180",981.00,988.00,957.00,959.00,-18.00,"13,543",
110/06/03,"5,997,351","5,861,387,770",968.00,984.00,965.00,981.00,+22.00,"6,020",
110/06/04,"4,084,872","3,968,840,304",971.00,977.00,966.00,977.00,-4.00,"5,074",
110/06/07,"5,423,299","5,227,747,851",971.00,976.00,948.00,973.00,-4.00,"8,011",
110/06/08,"3,584,585","3,476,996,181",975.00,977.00,966.00,966.00,-7.00,"4,429",
110/06/09,"3,982,070","3,877,203,073",963.00,984.00,963.00,967.00,+1.00,"4,939",
110/06/10,"9,223,103","9,167,098,512",980.00,"1,005.00",977.00,998.00,+31.00,"11,918",
110/06/11,"6,101,450","6,033,201,319","1,005.00","1,010.00",980.00,980.00,-18.00,"9,692",
110/06/15,"5,500,801","5,453,060,457",992.00,"1,005.00",985.00,989.00,+9.00,"6,280",
110/06/16,"5,172,619","5,097,641,346",995.00,995.00,981.00,985.00,-4.00,"5,738",
110/06/17,"6,313,231","6,144,746,315",978.00,979.00,968.00,978.00,-7.00,"8,883",
110/06/18,"6,077,649","5,917,845,107",980.00,990.00,965.00,965.00,-13.00,"7,380",
110/06/21,"11,806,041","11,032,287,422",960.00,961.00,918.00,918.00,-47.00,"31,213",
110/06/22,"14,408,209","12,977,450,724",902.00,916.00,890.00,903.00,-15.00,"26,175",
110/06/23,"8,988,863","8,320,566,023",903.00,941.00,898.00,941.00,+38.00,"11,752",
110/06/24,"3,582,547","3,345,842,419",945.00,947.00,927.00,929.00,-12.00,"7,189",
110/06/25,"5,050,278","4,738,907,582",940.00,952.00,927.00,927.00,-2.00,"6,803",
110/06/28,"3,891,044","3,615,209,572",929.00,935.00,922.00,935.00,+8.00,"5,103",
110/06/29,"5,525,324","5,201,733,467",942.00,949.00,935.00,935.00, 0.00,"6,487",
110/06/30,"10,667,882","10,263,530,432",945.00,978.00,943.00,962.00,+27.00,"12,046",
110/07/01,"5,621,060","5,387,345,203",971.00,976.00,948.00,955.00,-7.00,"7,519",
110/07/02,"4,790,985","4,592,233,661",963.00,964.00,953.00,957.00,+2.00,"5,146",
110/07/05,"7,532,324","7,253,624,843",960.00,975.00,957.00,957.00, 0.00,"9,256",
110/07/06,"7,187,618","6,676,788,826",937.00,940.00,920.00,922.00,X0.00,"14,620",
110/07/07,"5,379,862","4,952,152,805",926.00,928.00,917.00,917.00,-5.00,"10,297",
110/07/08,"6,530,700","6,014,637,645",920.00,929.00,914.00,920.00,+3.00,"6,436",
110/07/09,"5,186,052","4,771,071,467",915.00,929.00,911.00,919.00,-1.00,"6,165",
110/07/12,"5,706,017","5,346,107,568",940.00,941.00,930.00,935.00,+16.00,"6,153",
110/07/13,"7,219,531","6,738,427,622",940.00,944.00,926.00,926.00,-9.00,"8,066",
110/07/14,"3,410,706","3,173,452,902",929.00,938.00,925.00,930.00,+4.00,"4,476",
110/07/15,"7,490,469","7,081,346,164",935.00,952.00,930.00,951.00,+21.00,"8,262",
110/07/16,"6,055,983","5,759,854,226",948.00,960.00,941.00,957.00,+6.00,"6,788",
110/07/19,"7,197,515","6,661,594,919",941.00,945.00,915.00,919.00,-38.00,"13,264",
110/07/20,"3,177,142","2,924,310,492",917.00,928.00,915.00,920.00,+1.00,"5,347",
110/07/21,"5,054,585","4,617,028,966",926.00,931.00,906.00,912.00,-8.00,"8,650",
110/07/22,"4,257,367","3,924,562,982",915.00,931.00,915.00,919.00,+7.00,"5,162",
110/07/23,"4,544,769","4,224,700,764",932.00,934.00,924.00,933.00,+14.00,"4,790",
110/07/26,"5,040,016","4,673,380,933",940.00,940.00,920.00,923.00,-10.00,"4,825",
110/07/27,"8,669,067","8,141,558,032",928.00,948.00,924.00,938.00,+15.00,"8,987",
110/07/28,"17,046,717","15,308,710,868",931.00,932.00,887.00,890.00,-48.00,"28,720",
110/07/29,"10,421,629","9,571,909,485",915.00,935.00,903.00,933.00,+43.00,"10,860",
110/07/30,"6,139,039","5,629,687,066",935.00,937.00,907.00,910.00,-23.00,"8,663",
110/08/02,"4,122,769","3,826,838,780",924.00,934.00,920.00,934.00,+24.00,"5,452",
110/08/03,"3,168,619","2,972,009,646",948.00,948.00,930.00,938.00,+4.00,"3,738",
110/08/04,"6,227,344","5,907,071,537",948.00,953.00,941.00,950.00,+12.00,"8,307",
110/08/05,"7,656,801","7,345,324,298",960.00,964.00,952.00,961.00,+11.00,"8,722",
110/08/06,"3,869,980","3,640,698,712",956.00,957.00,935.00,936.00,-25.00,"6,801",
110/08/09,"4,439,039","4,087,240,470",928.00,928.00,911.00,921.00,-15.00,"5,807",
110/08/10,"2,513,902","2,320,569,397",930.00,930.00,916.00,922.00,+1.00,"3,144",
110/08/11,"4,585,315","4,175,799,220",913.00,916.00,906.00,910.00,-12.00,"6,948",
110/08/12,"4,309,333","3,919,105,870",923.00,923.00,901.00,904.00,-6.00,"6,828",
110/08/13,"5,316,640","4,834,227,125",909.00,916.00,901.00,910.00,+6.00,"4,922",
110/08/16,"3,748,871","3,400,104,149",910.00,918.00,900.00,901.00,-9.00,"5,421",
110/08/17,"5,619,978","4,996,772,917",903.00,905.00,880.00,880.00,-21.00,"14,819",
110/08/18,"6,112,567","5,442,899,929",870.00,912.00,865.00,912.00,+32.00,"9,482",
110/08/19,"5,605,024","5,009,046,115",908.00,914.00,882.00,888.00,-24.00,"9,574",
110/08/20,"5,568,161","4,914,351,650",899.00,904.00,870.00,873.00,-15.00,"9,040",
110/08/23,"5,355,550","4,834,290,895",882.00,915.00,882.00,911.00,+38.00,"7,145",
110/08/24,"3,669,517","3,336,483,251",920.00,920.00,903.00,909.00,-2.00,"3,725",
110/08/25,"4,529,009","4,118,558,224",915.00,915.00,900.00,911.00,+2.00,"3,740",
110/08/26,"9,982,776","8,837,978,854",906.00,907.00,870.00,888.00,-23.00,"20,930",
110/08/27,"5,541,636","4,931,572,441",873.00,896.00,873.00,896.00,+8.00,"6,152",
110/08/30,"4,321,735","3,915,780,618",902.00,912.00,898.00,912.00,+16.00,"5,396",
110/08/31,"7,759,596","6,953,519,849",917.00,917.00,885.00,901.00,-11.00,"8,621",
110/09/01,"9,426,404","8,682,486,888",917.00,930.00,906.00,927.00,+26.00,"11,910",
110/09/02,"5,835,912","5,453,594,073",930.00,945.00,927.00,933.00,+6.00,"7,530",
110/09/03,"5,982,064","5,518,704,279",938.00,938.00,917.00,919.00,-14.00,"6,585",
110/09/06,"8,507,094","7,686,402,319",907.00,917.00,895.00,896.00,-23.00,"10,893",
110/09/07,"3,756,993","3,384,475,936",901.00,907.00,897.00,903.00,+7.00,"3,952",
110/09/08,"5,405,988","4,901,792,058",899.00,914.00,895.00,912.00,+9.00,"4,710",
110/09/09,"6,326,324","5,699,357,147",903.00,908.00,898.00,901.00,-11.00,"5,278",
110/09/10,"4,863,848","4,460,103,582",903.00,925.00,902.00,925.00,+24.00,"6,005",
110/09/13,"3,014,460","2,790,479,842",918.00,932.00,918.00,927.00,+2.00,"3,988",
110/09/14,"8,536,498","8,046,039,802",932.00,949.00,932.00,947.00,+20.00,"11,472",
110/09/15,"5,483,694","5,124,282,580",943.00,945.00,928.00,935.00,-12.00,"5,478",
110/09/16,"4,041,855","3,762,823,568",930.00,936.00,926.00,936.00,+1.00,"3,589",
110/09/17,"7,362,257","6,955,190,698",940.00,952.00,936.00,940.00,+4.00,"7,460",
110/09/22,"8,480,705","7,704,784,466",918.00,925.00,900.00,911.00,-29.00,"10,848",
110/09/23,"5,320,705","4,856,619,712",919.00,921.00,905.00,915.00,+4.00,"5,237",
110/09/24,"4,848,703","4,449,683,534",918.00,923.00,912.00,920.00,+5.00,"4,063",
110/09/27,"11,010,430","10,454,270,707",921.00,959.00,921.00,959.00,+39.00,"15,793",
110/09/28,"7,353,868","7,040,725,953",959.00,969.00,945.00,957.00,-2.00,"7,994",
110/09/29,"8,807,094","8,136,007,674",940.00,943.00,913.00,913.00,-44.00,"11,362",
110/09/30,"8,747,603","7,916,414,107",913.00,915.00,896.00,905.00,-8.00,"10,672",
110/10/01,"6,601,268","5,882,005,182",905.00,905.00,882.00,885.00,-20.00,"16,255",
110/10/04,"4,625,996","4,119,878,988",892.00,899.00,878.00,892.00,+7.00,"5,911",
110/10/05,"9,075,762","7,871,135,272",872.00,878.00,855.00,867.00,-25.00,"18,097",
110/10/06,"5,437,206","4,767,022,092",875.00,890.00,871.00,871.00,+4.00,"6,466",
110/10/07,"7,536,884","6,822,097,941",885.00,914.00,883.00,911.00,+40.00,"8,016",
110/10/08,"4,815,175","4,406,502,069",919.00,925.00,906.00,910.00,-1.00,"5,205",
110/10/12,"9,179,159","8,201,224,912",907.00,908.00,885.00,887.00,-23.00,"8,148",
110/10/13,"5,792,133","5,042,864,544",891.00,893.00,862.00,862.00,-25.00,"14,479",
110/10/14,"8,950,553","7,605,345,119",870.00,873.00,839.00,840.00,-22.00,"20,052",
110/10/15,"6,522,822","5,563,539,719",853.00,859.00,847.00,857.00,+17.00,"8,236",
110/10/18,"6,064,288","5,275,492,160",862.00,878.00,860.00,867.00,+10.00,"7,122",
110/10/19,"6,912,775","6,172,110,128",877.00,900.00,872.00,898.00,+31.00,"8,399",
110/10/20,"4,559,291","4,130,277,207",910.00,918.00,901.00,901.00,+3.00,"5,579",
110/10/21,"6,120,161","5,596,723,352",912.00,924.00,903.00,913.00,+12.00,"8,635",
110/10/22,"4,750,886","4,369,613,496",913.00,926.00,906.00,926.00,+13.00,"7,063",
110/10/25,"5,842,189","5,448,006,760",928.00,944.00,916.00,938.00,+12.00,"8,317",
110/10/26,"6,475,143","6,130,124,961",951.00,952.00,940.00,946.00,+8.00,"8,292",
110/10/27,"8,154,279","7,711,498,281",949.00,958.00,932.00,942.00,-4.00,"9,452",
110/10/28,"3,849,136","3,599,037,910",942.00,947.00,927.00,936.00,-6.00,"5,982",
110/10/29,"5,549,918","5,098,098,677",938.00,939.00,913.00,913.00,-23.00,"7,640",
110/11/01,"2,963,703","2,736,013,975",925.00,930.00,917.00,922.00,+9.00,"3,578",
110/11/02,"2,965,080","2,753,908,718",929.00,934.00,919.00,928.00,+6.00,"3,534",
110/11/03,"3,089,194","2,885,456,706",934.00,939.00,929.00,932.00,+4.00,"3,186",
110/11/04,"3,142,300","2,933,243,510",945.00,945.00,926.00,928.00,-4.00,"2,836",
110/11/05,"3,922,770","3,677,044,994",939.00,940.00,927.00,940.00,+12.00,"4,519",
110/11/08,"10,948,581","10,613,395,514",947.00,983.00,944.00,980.00,+40.00,"17,597",
110/11/09,"7,326,160","7,251,540,976","1,000.00","1,000.00",976.00,978.00,-2.00,"10,156",
110/11/10,"3,607,273","3,474,161,864",972.00,978.00,958.00,958.00,-20.00,"6,984",
110/11/11,"3,976,455","3,772,947,123",936.00,960.00,936.00,954.00,-4.00,"5,155",
110/11/12,"4,506,624","4,410,740,653",964.00,988.00,956.00,983.00,+29.00,"7,089",
110/11/15,"11,863,385","12,113,913,220","1,010.00","1,035.00","1,000.00","1,025.00",+42.00,"19,824",
110/11/16,"5,968,762","6,144,548,995","1,025.00","1,045.00","1,010.00","1,035.00",+10.00,"8,160",
110/11/17,"7,313,793","7,639,038,614","1,060.00","1,075.00","1,020.00","1,030.00",-5.00,"8,746",
110/11/18,"13,199,272","14,235,901,080","1,060.00","1,100.00","1,050.00","1,085.00",+55.00,"15,124",
110/11/19,"10,562,661","11,498,116,635","1,115.00","1,120.00","1,060.00","1,090.00",+5.00,"10,365",
110/11/22,"5,357,065","5,840,128,695","1,100.00","1,110.00","1,080.00","1,080.00",-10.00,"5,522",
110/11/23,"6,209,563","6,604,229,951","1,070.00","1,090.00","1,050.00","1,055.00",-25.00,"7,474",
110/11/24,"4,303,829","4,467,249,200","1,045.00","1,060.00","1,025.00","1,040.00",-15.00,"6,877",
110/11/25,"3,042,360","3,150,355,090","1,045.00","1,055.00","1,020.00","1,035.00",-5.00,"4,431",
110/11/26,"4,570,424","4,593,923,765","1,020.00","1,025.00",996.00,"1,005.00",-30.00,"8,783",
110/11/29,"3,878,731","3,933,345,002",998.00,"1,030.00",991.00,"1,030.00",+25.00,"5,937",
110/11/30,"8,407,302","8,600,026,375","1,050.00","1,060.00","1,010.00","1,010.00",-20.00,"6,129",
110/12/01,"6,547,926","6,884,259,525","1,020.00","1,070.00","1,010.00","1,065.00",+55.00,"7,857",
110/12/02,"7,194,120","7,706,808,715","1,045.00","1,085.00","1,040.00","1,080.00",+15.00,"7,241",
110/12/03,"4,782,312","5,131,333,230","1,080.00","1,090.00","1,055.00","1,060.00",-20.00,"5,456",
110/12/06,"4,650,774","4,964,134,180","1,060.00","1,085.00","1,040.00","1,085.00",+25.00,"4,749",
110/12/07,"6,286,966","6,686,549,430","1,060.00","1,080.00","1,050.00","1,065.00",-20.00,"5,528",
110/12/08,"7,553,331","8,258,621,655","1,085.00","1,110.00","1,080.00","1,095.00",+30.00,"8,057",
110/12/09,"3,406,357","3,694,621,690","1,095.00","1,100.00","1,075.00","1,085.00",-10.00,"3,118",
110/12/10,"3,190,902","3,427,647,240","1,075.00","1,085.00","1,065.00","1,075.00",-10.00,"3,086",
110/12/13,"3,450,664","3,727,203,182","1,070.00","1,095.00","1,070.00","1,075.00", 0.00,"3,128",
110/12/14,"4,197,956","4,460,718,232","1,070.00","1,075.00","1,050.00","1,070.00",-5.00,"4,462",
110/12/15,"3,025,297","3,198,202,205","1,065.00","1,075.00","1,045.00","1,060.00",-10.00,"3,773",
110/12/16,"3,900,955","4,225,763,480","1,085.00","1,090.00","1,075.00","1,090.00",+30.00,"4,787",
110/12/17,"5,577,386","6,023,588,920","1,075.00","1,095.00","1,070.00","1,075.00",-15.00,"3,918",
110/12/20,"3,333,615","3,542,886,278","1,070.00","1,075.00","1,055.00","1,055.00",-20.00,"4,037",
110/12/21,"4,476,757","4,870,044,535","1,110.00","1,110.00","1,070.00","1,090.00",+35.00,"4,346",
110/12/22,"1,375,244","1,495,307,005","1,095.00","1,095.00","1,080.00","1,085.00",-5.00,"2,013",
110/12/23,"2,771,095","3,032,923,170","1,090.00","1,105.00","1,085.00","1,095.00",+10.00,"3,893",
110/12/24,"5,416,247","6,039,143,525","1,100.00","1,130.00","1,095.00","1,120.00",+25.00,"9,223",
110/12/27,"8,596,153","9,931,937,555","1,125.00","1,185.00","1,120.00","1,145.00",+25.00,"11,891",
110/12/28,"5,042,669","5,892,194,005","1,160.00","1,180.00","1,155.00","1,175.00",+30.00,"6,293",
110/12/29,"5,160,937","6,126,791,835","1,180.00","1,200.00","1,170.00","1,185.00",+10.00,"6,737",
110/12/30,"3,858,894","4,583,650,640","1,200.00","1,200.00","1,175.00","1,190.00",+5.00,"4,943",
111/01/03,"7,574,367","8,840,518,430","1,205.00","1,215.00","1,145.00","1,150.00",-40.00,"11,087",
111/01/04,"6,761,854","7,830,403,615","1,165.00","1,175.00","1,145.00","1,165.00",+15.00,"7,181",
111/01/05,"7,170,388","8,393,883,150","1,170.00","1,190.00","1,150.00","1,175.00",+10.00,"6,683",
111/01/06,"8,411,284","9,514,641,165","1,150.00","1,155.00","1,110.00","1,135.00",-40.00,"15,403",
111/01/07,"8,690,396","9,587,680,095","1,130.00","1,145.00","1,090.00","1,100.00",-35.00,"11,455",
111/01/10,"7,452,615","8,071,954,585","1,080.00","1,095.00","1,070.00","1,095.00",-5.00,"8,492",
111/01/11,"4,807,940","5,188,806,882","1,090.00","1,095.00","1,065.00","1,080.00",-15.00,"7,070",
111/01/12,"3,084,290","3,337,695,090","1,095.00","1,095.00","1,070.00","1,085.00",+5.00,"4,646",
111/01/13,"5,091,825","5,575,476,675","1,090.00","1,110.00","1,085.00","1,100.00",+15.00,"4,939",
111/01/14,"5,753,681","6,152,838,075","1,090.00","1,090.00","1,055.00","1,065.00",-35.00,"9,562",
111/01/17,"5,568,468","6,138,222,990","1,075.00","1,120.00","1,070.00","1,115.00",+50.00,"6,695",
111/01/18,"4,961,195","5,567,673,225","1,110.00","1,145.00","1,105.00","1,105.00",-10.00,"7,153",
111/01/19,"4,814,508","5,303,526,290","1,095.00","1,120.00","1,090.00","1,100.00",-5.00,"5,568",
111/01/20,"5,412,066","5,889,630,068","1,105.00","1,110.00","1,070.00","1,090.00",-10.00,"5,733",
111/01/21,"6,033,179","6,440,155,680","1,060.00","1,080.00","1,055.00","1,070.00",-20.00,"9,424",
111/01/24,"5,104,728","5,488,571,390","1,060.00","1,090.00","1,050.00","1,090.00",+20.00,"5,903",
111/01/25,"4,536,083","4,890,268,620","1,080.00","1,090.00","1,070.00","1,085.00",-5.00,"5,935",
111/01/26,"5,220,488","5,645,971,650","1,070.00","1,095.00","1,070.00","1,075.00",-10.00,"5,741",
111/02/07,"18,948,207","20,946,255,115","1,130.00","1,130.00","1,075.00","1,100.00",+25.00,"13,780",
111/02/08,"9,138,912","10,074,534,000","1,125.00","1,125.00","1,090.00","1,095.00",-5.00,"7,486",
111/02/09,"8,215,520","9,159,485,405","1,125.00","1,135.00","1,095.00","1,130.00",+35.00,"7,689",
111/02/10,"8,726,429","10,012,608,825","1,140.00","1,165.00","1,125.00","1,160.00",+30.00,"10,064",
111/02/11,"5,058,227","5,841,841,255","1,150.00","1,170.00","1,145.00","1,150.00",-10.00,"5,743",
111/02/14,"5,789,679","6,414,222,629","1,120.00","1,125.00","1,100.00","1,105.00",-45.00,"9,208",
111/02/15,"3,322,875","3,682,369,260","1,110.00","1,120.00","1,090.00","1,100.00",-5.00,"4,898",
111/02/16,"2,940,602","3,306,235,045","1,130.00","1,130.00","1,115.00","1,130.00",+30.00,"3,607",
111/02/17,"3,047,582","3,438,647,590","1,130.00","1,135.00","1,120.00","1,130.00", 0.00,"3,424",
111/02/18,"2,777,044","3,097,804,640","1,115.00","1,125.00","1,105.00","1,120.00",-10.00,"3,225",
111/02/21,"3,249,940","3,659,618,467","1,115.00","1,135.00","1,110.00","1,130.00",+10.00,"3,476",
111/02/22,"4,981,430","5,496,450,079","1,115.00","1,120.00","1,090.00","1,110.00",-20.00,"8,351",
111/02/23,"3,590,396","3,986,660,825","1,110.00","1,120.00","1,100.00","1,120.00",+10.00,"4,159",
111/02/24,"8,155,250","8,782,736,155","1,095.00","1,105.00","1,055.00","1,060.00",-60.00,"16,505",
111/02/25,"7,392,515","7,974,077,740","1,075.00","1,095.00","1,060.00","1,085.00",+25.00,"6,817",
111/03/01,"5,544,370","6,135,286,415","1,105.00","1,120.00","1,095.00","1,100.00",+15.00,"5,294",
111/03/02,"3,703,428","4,011,654,075","1,105.00","1,105.00","1,070.00","1,080.00",-20.00,"6,111",
111/03/03,"3,873,104","4,176,002,715","1,085.00","1,100.00","1,065.00","1,080.00", 0.00,"5,898",
111/03/04,"6,621,209","6,882,300,910","1,060.00","1,060.00","1,025.00","1,025.00",-55.00,"18,674",
111/03/07,"11,348,964","11,098,687,132",985.00,995.00,970.00,972.00,-53.00,"30,951",
111/03/08,"7,471,419","7,211,402,691",945.00,986.00,943.00,963.00,-9.00,"15,846",
111/03/09,"6,282,516","6,076,784,325",971.00,976.00,956.00,966.00,+3.00,"11,151",
111/03/10,"5,992,358","5,969,643,645",990.00,"1,005.00",982.00,995.00,+29.00,"9,214",
111/03/11,"6,396,559","6,227,011,456","1,000.00","1,000.00",961.00,963.00,-32.00,"20,824",
111/03/14,"8,927,797","8,461,181,196",973.00,975.00,934.00,944.00,-19.00,"21,155",
111/03/15,"10,994,846","10,002,479,174",933.00,935.00,901.00,904.00,-40.00,"32,824",
111/03/16,"7,790,859","7,077,881,282",930.00,931.00,900.00,907.00,+3.00,"13,640",
111/03/17,"9,926,344","9,548,022,910",951.00,978.00,949.00,968.00,+61.00,"15,593",
111/03/18,"7,194,385","6,938,262,300",971.00,974.00,955.00,969.00,+1.00,"8,572",
111/03/21,"4,146,781","4,067,311,946",985.00,985.00,977.00,978.00,+9.00,"6,731",
111/03/22,"3,993,632","3,884,612,543",971.00,980.00,967.00,975.00,-3.00,"6,676",
111/03/23,"4,955,261","4,878,211,645",988.00,995.00,976.00,977.00,+2.00,"7,078",
111/03/24,"4,765,504","4,629,338,454",978.00,978.00,967.00,972.00,-5.00,"6,567",
111/03/25,"5,031,201","4,883,542,317",975.00,976.00,965.00,971.00,-1.00,"6,097",
111/03/28,"2,814,908","2,685,291,726",950.00,964.00,946.00,964.00,-7.00,"10,517",
111/03/29,"14,174,826","13,095,920,655",931.00,951.00,903.00,912.00,-52.00,"54,087",
111/03/30,"11,786,348","10,751,298,361",912.00,923.00,903.00,915.00,+3.00,"26,957",
111/03/31,"8,830,610","8,016,666,212",900.00,919.00,900.00,905.00,-10.00,"19,821",
111/04/01,"11,812,480","10,627,369,757",900.00,904.00,893.00,900.00,-5.00,"25,507",
111/04/06,"14,330,964","12,466,721,425",858.00,883.00,855.00,882.00,-18.00,"33,829",
111/04/07,"19,182,221","16,510,631,995",858.00,872.00,850.00,850.00,-32.00,"47,806",
111/04/08,"14,333,839","12,088,289,411",851.00,859.00,834.00,840.00,-10.00,"41,837",
111/04/11,"6,422,208","5,377,624,527",839.00,847.00,832.00,836.00,-4.00,"17,372",
111/04/12,"8,125,095","6,823,947,154",840.00,848.00,830.00,842.00,+6.00,"14,765",
111/04/13,"10,355,160","9,006,590,467",849.00,882.00,847.00,880.00,+38.00,"16,334",
111/04/14,"6,810,310","5,891,990,227",874.00,874.00,861.00,861.00,-19.00,"14,411",
111/04/15,"7,666,989","6,447,149,105",851.00,852.00,831.00,832.00,-29.00,"28,913",
111/04/18,"4,094,460","3,422,814,997",827.00,844.00,827.00,833.00,+1.00,"8,310",
111/04/19,"6,379,783","5,422,143,761",855.00,862.00,838.00,838.00,+5.00,"11,511",
111/04/20,"5,567,216","4,734,430,752",847.00,856.00,841.00,856.00,+18.00,"7,792",
111/04/21,"5,096,585","4,409,481,336",854.00,872.00,850.00,868.00,+12.00,"7,831",
111/04/22,"6,109,863","5,198,351,912",848.00,857.00,846.00,854.00,-14.00,"12,225",
111/04/25,"6,665,153","5,558,320,674",833.00,838.00,831.00,837.00,-17.00,"12,812",
111/04/26,"7,337,645","6,094,172,080",833.00,837.00,825.00,833.00,-4.00,"16,120",
111/04/27,"8,869,795","7,165,112,326",806.00,816.00,797.00,808.00,-25.00,"22,977",
111/04/28,"13,045,549","10,877,852,085",835.00,853.00,821.00,828.00,+20.00,"17,016",
111/04/29,"6,766,620","5,666,868,147",850.00,850.00,830.00,830.00,+2.00,"11,125",
111/05/03,"8,551,333","6,986,257,572",830.00,833.00,808.00,820.00,-10.00,"15,008",
111/05/04,"3,612,614","2,996,209,538",829.00,835.00,825.00,829.00,+9.00,"5,483",
111/05/05,"7,049,410","5,942,495,082",843.00,848.00,837.00,841.00,+12.00,"7,303",
111/05/06,"5,758,127","4,732,740,532",809.00,834.00,808.00,834.00,-7.00,"9,838",
111/05/09,"3,222,122","2,636,025,658",821.00,827.00,813.00,813.00,-21.00,"10,985",
111/05/10,"6,325,340","5,136,326,100",801.00,824.00,801.00,820.00,+7.00,"11,252",
111/05/11,"3,922,273","3,231,229,998",814.00,831.00,813.00,829.00,+9.00,"5,409",
111/05/12,"4,176,731","3,450,498,187",828.00,835.00,820.00,820.00,-9.00,"7,573",
111/05/13,"4,717,939","3,957,879,772",831.00,845.00,828.00,843.00,+23.00,"8,098",
111/05/16,"5,271,200","4,426,095,858",849.00,858.00,825.00,825.00,-18.00,"9,742",
111/05/17,"4,072,755","3,424,398,030",838.00,847.00,830.00,841.00,+16.00,"5,569",
111/05/18,"5,519,119","4,697,334,265",854.00,855.00,845.00,855.00,+14.00,"7,388",
111/05/19,"5,322,227","4,473,161,556",839.00,847.00,835.00,845.00,-10.00,"6,957",
111/05/20,"3,553,014","2,997,531,781",841.00,850.00,836.00,846.00,+1.00,"6,740",
111/05/23,"3,264,401","2,775,119,698",854.00,857.00,843.00,843.00,-3.00,"5,669",
111/05/24,"2,984,755","2,499,343,055",848.00,848.00,830.00,830.00,-13.00,"6,755",
111/05/25,"3,361,816","2,821,221,160",833.00,848.00,826.00,843.00,+13.00,"4,640",
111/05/26,"3,510,535","2,940,492,421",849.00,849.00,832.00,833.00,-10.00,"7,479",
111/05/27,"3,370,246","2,857,928,299",842.00,852.00,838.00,851.00,+18.00,"5,581",
111/05/30,"5,414,530","4,717,690,406",865.00,878.00,864.00,878.00,+27.00,"11,313",
111/05/31,"10,757,306","9,606,861,348",876.00,905.00,867.00,905.00,+27.00,"13,412",
111/06/01,"5,422,330","4,907,376,308",903.00,912.00,896.00,905.00, 0.00,"9,874",
111/06/02,"3,955,773","3,562,860,728",899.00,906.00,897.00,898.00,-7.00,"6,072",
111/06/06,"5,946,507","5,367,688,643",896.00,912.00,890.00,905.00,+7.00,"8,267",
111/06/07,"5,947,743","5,324,460,195",900.00,901.00,890.00,890.00,-15.00,"10,678",
111/06/08,"10,728,702","9,919,121,129",903.00,933.00,900.00,930.00,+40.00,"16,796",
111/06/09,"5,984,203","5,552,191,495",927.00,935.00,920.00,924.00,-6.00,"10,133",
111/06/10,"5,318,503","4,931,943,552",915.00,934.00,914.00,930.00,+6.00,"7,921",
111/06/13,"9,022,930","8,081,190,065",902.00,907.00,885.00,887.00,-43.00,"20,231",
111/06/14,"6,584,136","5,750,598,076",870.00,882.00,866.00,880.00,-7.00,"13,736",
111/06/15,"5,067,404","4,474,935,208",880.00,893.00,878.00,884.00,+4.00,"6,841",
111/06/16,"5,021,856","4,468,917,292",906.00,908.00,869.00,873.00,-11.00,"8,871",
111/06/17,"13,752,224","11,548,911,969",847.00,856.00,831.00,831.00,-42.00,"27,262",
111/06/20,"7,147,473","6,012,756,393",838.00,852.00,832.00,840.00,+9.00,"8,695",
111/06/21,"7,646,638","6,568,149,782",861.00,868.00,847.00,868.00,+28.00,"8,042",
111/06/22,"15,085,390","12,425,155,424",848.00,852.00,805.00,807.00,-61.00,"32,343",
111/06/23,"32,333,439","22,732,535,908",731.00,740.00,679.00,689.00,X0.00,"62,753",
111/06/24,"15,415,332","10,509,979,531",682.00,696.00,669.00,670.00,-19.00,"29,549",
111/06/27,"13,100,554","8,977,848,998",685.00,695.00,678.00,678.00,+8.00,"14,594",
111/06/28,"16,972,052","11,115,478,619",670.00,678.00,646.00,651.00,-27.00,"28,249",
111/06/29,"14,778,786","9,747,634,341",644.00,668.00,640.00,661.00,+10.00,"16,246",
111/06/30,"10,036,830","6,557,748,075",655.00,662.00,647.00,651.00,-10.00,"15,408",
111/07/01,"10,444,271","6,562,692,799",652.00,655.00,610.00,612.00,-39.00,"29,811",
111/07/04,"9,444,092","5,799,381,785",609.00,623.00,606.00,611.00,-1.00,"11,938",
111/07/05,"9,082,053","5,555,086,686",624.00,630.00,597.00,615.00,+4.00,"15,427",
111/07/06,"7,751,766","4,726,523,306",617.00,619.00,603.00,605.00,-10.00,"12,374",
111/07/07,"8,855,162","5,551,468,106",612.00,638.00,606.00,636.00,+31.00,"11,438",
111/07/08,"9,192,119","5,976,764,826",650.00,657.00,642.00,651.00,+15.00,"16,890",
111/07/11,"5,167,336","3,314,636,508",655.00,656.00,635.00,637.00,-14.00,"12,095",
111/07/12,"7,529,559","4,639,207,645",628.00,629.00,608.00,614.00,-23.00,"10,886",
111/07/13,"6,699,944","4,287,447,149",650.00,652.00,631.00,634.00,+20.00,"11,217",
111/07/14,"5,577,460","3,590,444,662",629.00,652.00,625.00,646.00,+12.00,"8,116",
111/07/15,"7,813,312","5,052,960,465",646.00,652.00,638.00,648.00,+2.00,"13,389",
111/07/18,"7,954,940","5,280,617,788",652.00,673.00,650.00,661.00,+13.00,"9,954",
111/07/19,"4,731,512","3,132,930,395",658.00,667.00,655.00,662.00,+1.00,"11,438",
111/07/20,"8,248,076","5,595,574,765",680.00,687.00,667.00,671.00,+9.00,"10,657",
111/07/21,"12,111,113","8,488,282,401",681.00,716.00,678.00,716.00,+45.00,"17,765",
111/07/22,"8,431,314","5,978,930,945",718.00,721.00,701.00,705.00,-11.00,"13,524",
111/07/25,"6,110,219","4,223,766,558",695.00,698.00,687.00,688.00,-17.00,"9,838",
111/07/26,"5,427,846","3,701,689,388",679.00,696.00,675.00,681.00,-7.00,"8,674",
111/07/27,"6,722,762","4,488,695,451",661.00,677.00,660.00,677.00,-4.00,"10,404",
111/07/28,"4,804,152","3,290,719,574",693.00,693.00,678.00,682.00,+5.00,"6,467",
111/07/29,"7,074,682","4,872,385,537",690.00,702.00,676.00,683.00,+1.00,"9,012",
111/08/01,"6,498,892","4,472,860,515",684.00,696.00,674.00,694.00,+11.00,"7,550",
111/08/02,"6,232,318","4,222,708,403",679.00,690.00,672.00,683.00,-11.00,"9,906",
111/08/03,"3,594,609","2,460,950,569",685.00,689.00,678.00,686.00,+3.00,"4,366",
111/08/04,"3,502,217","2,400,403,315",689.00,692.00,680.00,684.00,-2.00,"4,765",
111/08/05,"7,340,789","5,219,518,437",700.00,717.00,698.00,717.00,+33.00,"12,241",
111/08/08,"5,124,852","3,649,872,758",713.00,720.00,706.00,709.00,-8.00,"6,351",
111/08/09,"5,387,167","3,754,373,108",702.00,706.00,690.00,694.00,-15.00,"9,829",
111/08/10,"6,662,101","4,484,571,966",677.00,680.00,668.00,668.00,-26.00,"17,814",
111/08/11,"9,463,374","6,325,345,090",670.00,676.00,663.00,670.00,+2.00,"14,321",
111/08/12,"4,506,950","3,060,275,976",674.00,684.00,670.00,684.00,+14.00,"6,233",
111/08/15,"5,002,381","3,506,716,189",688.00,709.00,686.00,706.00,+22.00,"8,815",
111/08/16,"5,593,958","3,974,041,901",709.00,717.00,705.00,706.00, 0.00,"7,766",
111/08/17,"4,721,071","3,320,164,382",707.00,711.00,699.00,703.00,-3.00,"6,859",
111/08/18,"4,254,484","2,971,144,776",702.00,705.00,691.00,702.00,-1.00,"6,460",
111/08/19,"4,994,714","3,478,798,083",701.00,701.00,693.00,693.00,-9.00,"7,440",
111/08/22,"5,870,198","3,973,404,879",682.00,683.00,672.00,672.00,-21.00,"15,594",
111/08/23,"3,574,827","2,407,108,308",668.00,679.00,665.00,676.00,+4.00,"4,946",
111/08/24,"4,170,803","2,803,517,395",680.00,683.00,667.00,667.00,-9.00,"7,093",
111/08/25,"3,040,907","2,041,802,169",670.00,677.00,666.00,670.00,+3.00,"4,646",
111/08/26,"3,037,313","2,070,387,424",679.00,687.00,675.00,678.00,+8.00,"4,711",
111/08/29,"4,913,425","3,215,400,550",657.00,659.00,651.00,653.00,-25.00,"13,480",
111/08/30,"4,614,677","3,015,642,116",653.00,660.00,648.00,657.00,+4.00,"7,434",
111/08/31,"4,275,779","2,838,527,637",655.00,671.00,652.00,667.00,+10.00,"4,903",
111/09/01,"7,390,933","4,814,941,577",655.00,661.00,643.00,648.00,-19.00,"16,299",
111/09/02,"10,901,940","6,885,087,505",640.00,645.00,620.00,620.00,-28.00,"28,323",
111/09/05,"5,910,336","3,716,454,019",616.00,637.00,616.00,631.00,+11.00,"7,528",
111/09/06,"4,176,482","2,636,271,162",633.00,636.00,627.00,629.00,-2.00,"5,094",
111/09/07,"5,355,654","3,307,014,339",620.00,625.00,609.00,619.00,-10.00,"10,027",
111/09/08,"3,442,261","2,141,104,520",622.00,626.00,617.00,623.00,+4.00,"5,104",
111/09/12,"5,127,405","3,244,893,742",634.00,642.00,626.00,627.00,+4.00,"7,154",
111/09/13,"4,689,244","2,948,386,712",631.00,636.00,625.00,626.00,-1.00,"7,183",
111/09/14,"6,259,768","3,827,891,515",603.00,617.00,602.00,615.00,-11.00,"10,142",
111/09/15,"3,853,962","2,373,197,309",611.00,620.00,611.00,616.00,+1.00,"6,490",
111/09/16,"8,391,808","5,065,647,703",607.00,611.00,600.00,600.00,-16.00,"17,740",
111/09/19,"4,322,884","2,617,168,057",606.00,611.00,601.00,604.00,+4.00,"5,916",
111/09/20,"3,254,305","1,972,905,814",607.00,611.00,603.00,605.00,+1.00,"4,313",
111/09/21,"4,364,075","2,645,701,239",610.00,610.00,601.00,605.00, 0.00,"5,915",
111/09/22,"5,723,804","3,391,233,925",598.00,600.00,587.00,591.00,-14.00,"12,780",
111/09/23,"4,343,315","2,536,553,260",591.00,594.00,580.00,580.00,-11.00,"12,203",
111/09/26,"5,278,826","3,010,560,602",573.00,576.00,564.00,569.00,-11.00,"12,527",
111/09/27,"4,472,787","2,544,556,730",571.00,574.00,563.00,568.00,-1.00,"6,226",
111/09/28,"7,440,529","4,142,357,736",572.00,576.00,545.00,545.00,-23.00,"14,559",
111/09/29,"8,115,892","4,468,973,424",558.00,563.00,540.00,543.00,-2.00,"9,434",
111/09/30,"5,860,219","3,187,075,770",536.00,554.00,533.00,551.00,+8.00,"7,393",
111/10/03,"3,271,406","1,795,428,707",543.00,556.00,541.00,548.00,-3.00,"5,224",
111/10/04,"4,517,792","2,567,702,944",564.00,573.00,564.00,573.00,+25.00,"6,655",
111/10/05,"9,728,323","5,836,284,535",596.00,608.00,592.00,599.00,+26.00,"12,235",
111/10/06,"7,405,325","4,377,251,228",603.00,604.00,585.00,587.00,-12.00,"8,362",
111/10/07,"6,707,924","3,825,743,283",581.00,582.00,564.00,566.00,-21.00,"10,266",
111/10/11,"8,122,275","4,503,449,251",546.00,565.00,541.00,553.00,-13.00,"9,540",
111/10/12,"6,851,051","3,765,707,696",557.00,557.00,541.00,549.00,-4.00,"7,869",
111/10/13,"7,943,988","4,333,873,285",550.00,554.00,538.00,544.00,-5.00,"7,710",
111/10/14,"9,366,120","5,394,386,932",562.00,588.00,559.00,585.00,+41.00,"11,763",
111/10/17,"6,597,059","3,775,192,174",568.00,580.00,565.00,578.00,-7.00,"7,788",
111/10/18,"6,538,834","3,820,470,278",593.00,595.00,576.00,588.00,+10.00,"6,624",
111/10/19,"5,894,955","3,439,414,613",585.00,591.00,577.00,577.00,-11.00,"6,208",
111/10/20,"9,114,239","5,158,345,617",566.00,570.00,558.00,570.00,-7.00,"7,727",
111/10/21,"5,295,651","3,028,567,765",567.00,579.00,565.00,567.00,-3.00,"4,976",
111/10/24,"6,109,417","3,610,058,482",587.00,596.00,585.00,588.00,+21.00,"7,129",
111/10/25,"6,720,783","3,853,493,127",591.00,592.00,563.00,563.00,-25.00,"10,531",
111/10/26,"6,569,981","3,773,328,804",569.00,582.00,565.00,579.00,+16.00,"6,548",
111/10/27,"6,098,740","3,582,669,309",589.00,592.00,583.00,589.00,+10.00,"5,980",
111/10/28,"6,162,964","3,517,928,193",582.00,585.00,564.00,565.00,-24.00,"10,637",
111/10/31,"17,458,521","10,338,378,870",585.00,604.00,576.00,590.00,+25.00,"16,012",
111/11/01,"8,454,173","5,066,185,885",592.00,604.00,590.00,599.00,+9.00,"8,540",
111/11/02,"6,841,497","4,109,052,853",595.00,607.00,593.00,599.00, 0.00,"7,254",
111/11/03,"6,419,381","3,821,968,691",587.00,602.00,587.00,600.00,+1.00,"6,193",
111/11/04,"4,423,954","2,623,880,755",600.00,600.00,586.00,597.00,-3.00,"5,275",
111/11/07,"8,262,942","5,078,432,629",608.00,623.00,601.00,620.00,+23.00,"11,008",
111/11/08,"7,912,180","4,935,202,620",632.00,632.00,616.00,620.00, 0.00,"8,359",
111/11/09,"12,934,955","8,338,402,107",628.00,656.00,626.00,650.00,+30.00,"17,037",
111/11/10,"7,376,979","4,821,749,086",648.00,660.00,641.00,660.00,+10.00,"9,603",
111/11/11,"17,001,177","11,806,758,817",698.00,700.00,680.00,700.00,+40.00,"22,148",
111/11/14,"9,849,795","6,905,143,390",705.00,710.00,694.00,697.00,-3.00,"11,187",
111/11/15,"13,979,872","10,096,572,609",704.00,735.00,700.00,722.00,+25.00,"18,790",
111/11/16,"10,399,350","7,582,172,184",732.00,738.00,719.00,729.00,+7.00,"14,354",
111/11/17,"6,928,331","5,027,403,190",740.00,740.00,716.00,725.00,-4.00,"9,279",
111/11/18,"5,558,511","4,040,977,105",732.00,742.00,716.00,722.00,-3.00,"9,509",
111/11/21,"4,436,545","3,176,325,869",716.00,722.00,709.00,720.00,-2.00,"6,032",
111/11/22,"6,289,730","4,468,309,323",707.00,715.00,703.00,713.00,-7.00,"7,509",
111/11/23,"3,202,235","2,280,951,283",722.00,722.00,705.00,705.00,-8.00,"4,506",
111/11/24,"7,750,672","5,637,591,387",715.00,736.00,711.00,728.00,+23.00,"10,547",
111/11/25,"5,847,844","4,263,799,460",729.00,736.00,723.00,727.00,-1.00,"6,457",
111/11/28,"5,606,289","3,978,283,881",703.00,719.00,703.00,703.00,-24.00,"9,685",
111/11/29,"5,160,799","3,656,689,639",695.00,718.00,695.00,713.00,+10.00,"6,712",
111/11/30,"9,728,516","7,115,518,294",714.00,738.00,711.00,733.00,+20.00,"10,675",
111/12/01,"6,932,733","5,181,123,495",750.00,756.00,738.00,741.00,+8.00,"9,553",
111/12/02,"4,119,211","3,047,112,302",730.00,748.00,730.00,739.00,-2.00,"5,244",
111/12/05,"4,535,657","3,388,070,615",739.00,755.00,739.00,739.00, 0.00,"6,450",
111/12/06,"5,041,043","3,674,154,553",739.00,744.00,720.00,725.00,-14.00,"7,955",
111/12/07,"5,325,977","3,830,890,858",717.00,728.00,713.00,716.00,-9.00,"6,311",
111/12/08,"4,204,451","2,987,804,378",724.00,725.00,705.00,705.00,-11.00,"7,685",
111/12/09,"4,613,417","3,331,419,350",714.00,729.00,711.00,729.00,+24.00,"5,915",
111/12/12,"5,234,621","3,724,605,627",715.00,716.00,705.00,712.00,-17.00,"7,310",
111/12/13,"6,051,369","4,324,084,063",717.00,722.00,708.00,709.00,-3.00,"5,144",
111/12/14,"4,980,611","3,578,510,558",717.00,724.00,714.00,718.00,+9.00,"4,611",
111/12/15,"14,093,519","9,739,391,587",703.00,706.00,681.00,681.00,-37.00,"28,944",
111/12/16,"13,076,649","8,595,271,153",653.00,665.00,651.00,660.00,-21.00,"22,055",
111/12/19,"6,975,640","4,578,728,304",650.00,662.00,650.00,656.00,-4.00,"7,639",
111/12/20,"6,420,511","4,179,355,420",650.00,660.00,646.00,646.00,-10.00,"9,498",
111/12/21,"6,274,754","4,106,021,894",649.00,661.00,646.00,654.00,+8.00,"5,411",
111/12/22,"4,093,339","2,714,084,932",665.00,668.00,661.00,661.00,+7.00,"4,587",
111/12/23,"2,430,760","1,593,195,003",651.00,661.00,648.00,660.00,-1.00,"4,030",
111/12/26,"1,515,532","990,014,478",661.00,661.00,651.00,651.00,-9.00,"3,725",
111/12/27,"1,969,029","1,296,438,262",654.00,664.00,653.00,656.00,+5.00,"3,432",
111/12/28,"9,053,565","5,733,731,251",649.00,649.00,621.00,638.00,-18.00,"18,647",
111/12/29,"3,690,707","2,318,312,241",630.00,631.00,623.00,629.00,-9.00,"6,059",
111/12/30,"2,648,733","1,667,920,438",635.00,640.00,625.00,625.00,-4.00,"3,868",
112/01/03,"4,509,288","2,862,420,546",623.00,645.00,621.00,644.00,+19.00,"5,310",
112/01/04,"3,081,086","1,968,829,054",639.00,644.00,635.00,636.00,-8.00,"4,230",
112/01/05,"5,429,497","3,435,081,194",638.00,641.00,625.00,631.00,-5.00,"7,914",
112/01/06,"7,951,964","5,180,362,150",634.00,660.00,634.00,660.00,+29.00,"9,860",
112/01/09,"7,084,736","4,751,028,441",671.00,675.00,665.00,675.00,+15.00,"8,817",
112/01/10,"8,836,356","6,105,714,415",684.00,696.00,681.00,694.00,+19.00,"12,069",
112/01/11,"7,050,840","4,954,597,477",700.00,707.00,694.00,707.00,+13.00,"11,082",
112/01/12,"6,557,029","4,682,287,784",710.00,720.00,708.00,715.00,+8.00,"10,182",
112/01/13,"7,897,961","5,560,195,350",722.00,726.00,691.00,694.00,-21.00,"11,086",
112/01/16,"5,310,041","3,750,923,858",707.00,712.00,701.00,704.00,+10.00,"7,180",
112/01/17,"4,750,714","3,313,462,885",706.00,709.00,693.00,693.00,-11.00,"6,120",
112/01/30,"18,980,506","13,790,479,800",734.00,739.00,709.00,739.00,+46.00,"17,959",
112/01/31,"13,095,953","9,576,987,866",734.00,752.00,716.00,718.00,-21.00,"13,372",
112/02/01,"5,815,887","4,200,815,801",724.00,728.00,718.00,724.00,+6.00,"6,472",
112/02/02,"11,416,420","8,528,075,777",747.00,753.00,737.00,747.00,+23.00,"13,378",
112/02/03,"6,601,968","4,944,315,922",742.00,753.00,741.00,751.00,+4.00,"9,821",
112/02/06,"7,693,098","5,688,901,183",745.00,749.00,730.00,731.00,-20.00,"11,360",
112/02/07,"7,367,549","5,311,698,169",739.00,739.00,716.00,717.00,-14.00,"11,225",
112/02/08,"7,991,431","5,916,772,668",726.00,747.00,725.00,744.00,+27.00,"10,390",
112/02/09,"4,016,255","2,989,612,567",740.00,749.00,736.00,749.00,+5.00,"5,237",
112/02/10,"3,235,750","2,403,001,389",749.00,749.00,739.00,740.00,-9.00,"5,088",
112/02/13,"4,171,947","3,045,507,641",735.00,737.00,726.00,731.00,-9.00,"6,401",
112/02/14,"3,487,039","2,564,692,740",737.00,742.00,731.00,732.00,+1.00,"4,800",
112/02/15,"6,977,304","4,988,019,068",730.00,730.00,708.00,710.00,-22.00,"16,412",
112/02/16,"5,178,561","3,694,202,826",716.00,718.00,706.00,711.00,+1.00,"6,729",
112/02/17,"3,610,451","2,594,173,860",708.00,723.00,707.00,723.00,+12.00,"5,088",
112/02/20,"2,619,587","1,906,206,540",725.00,732.00,719.00,726.00,+3.00,"4,338",
112/02/21,"2,746,079","1,998,529,680",728.00,734.00,724.00,725.00,-1.00,"4,237",
112/02/22,"4,610,941","3,302,548,740",718.00,722.00,713.00,713.00,-12.00,"7,121",
112/02/23,"8,227,452","6,079,143,664",724.00,745.00,722.00,745.00,+32.00,"11,541",
112/02/24,"8,209,174","6,028,811,080",751.00,752.00,723.00,723.00,-22.00,"9,480",
112/03/01,"16,624,548","12,828,468,206",737.00,795.00,731.00,791.00,+68.00,"26,563",
112/03/02,"9,729,803","7,592,031,747",790.00,790.00,773.00,775.00,-16.00,"14,995",
112/03/03,"6,642,734","5,163,568,412",778.00,789.00,771.00,775.00, 0.00,"10,379",
112/03/06,"7,685,453","6,049,105,130",785.00,795.00,777.00,784.00,+9.00,"10,868",
112/03/07,"5,202,228","4,091,966,772",789.00,790.00,783.00,788.00,+4.00,"6,190",
112/03/08,"8,741,223","6,729,680,891",782.00,784.00,765.00,768.00,-20.00,"17,818",
112/03/09,"5,335,712","4,110,500,928",769.00,775.00,767.00,767.00,-1.00,"6,909",
112/03/10,"6,008,380","4,545,088,178",759.00,761.00,753.00,756.00,-11.00,"12,293",
112/03/13,"5,327,065","4,021,022,474",756.00,764.00,743.00,764.00,+8.00,"7,981",
112/03/14,"6,588,044","5,002,423,313",749.00,768.00,749.00,761.00,-3.00,"7,536",
112/03/15,"5,292,738","4,047,409,136",766.00,773.00,757.00,758.00,-3.00,"6,729",
112/03/16,"6,000,004","4,541,544,083",751.00,765.00,748.00,756.00,-2.00,"6,801",
112/03/17,"6,841,068","5,280,283,889",770.00,777.00,766.00,773.00,+17.00,"7,653",
112/03/20,"5,321,040","4,114,477,130",773.00,780.00,768.00,770.00,-3.00,"6,578",
112/03/21,"5,445,430","4,185,541,006",776.00,779.00,763.00,771.00,+1.00,"6,733",
112/03/22,"5,659,553","4,417,944,470",777.00,785.00,776.00,781.00,+10.00,"7,836",
112/03/23,"4,865,131","3,834,404,560",780.00,794.00,778.00,793.00,+12.00,"7,970",
112/03/24,"4,406,461","3,479,100,049",790.00,794.00,785.00,790.00,-3.00,"6,748",
112/03/27,"3,071,593","2,403,206,571",789.00,790.00,779.00,780.00,-10.00,"5,435",
112/03/28,"4,137,411","3,191,025,633",775.00,780.00,766.00,766.00,-14.00,"9,013",
112/03/29,"2,981,780","2,296,524,417",774.00,775.00,765.00,773.00,+7.00,"4,682",
112/03/30,"3,614,487","2,815,573,656",780.00,783.00,775.00,778.00,+5.00,"4,424",
112/03/31,"4,496,209","3,534,422,715",778.00,789.00,778.00,787.00,+9.00,"5,547",
112/04/06,"9,301,246","7,072,674,882",774.00,777.00,751.00,753.00,-34.00,"24,999",
112/04/07,"4,618,526","3,458,532,925",749.00,752.00,743.00,749.00,-4.00,"10,303",
112/04/10,"5,956,250","4,420,784,503",748.00,750.00,739.00,742.00,-7.00,"13,212",
112/04/11,"4,665,168","3,511,077,889",743.00,759.00,743.00,756.00,+14.00,"7,064",
112/04/12,"4,555,491","3,441,964,064",756.00,760.00,752.00,758.00,+2.00,"5,006",
112/04/13,"5,815,842","4,381,121,212",759.00,760.00,749.00,750.00,-8.00,"7,854",
112/04/14,"5,990,292","4,503,878,440",754.00,758.00,746.00,748.00,-2.00,"6,423",
112/04/17,"14,840,026","10,464,098,539",705.00,710.00,694.00,709.00,-39.00,"34,048",
112/04/18,"15,093,599","10,480,918,174",702.00,703.00,685.00,688.00,-21.00,"49,991",
112/04/19,"11,632,986","7,903,417,920",682.00,685.00,675.00,675.00,-13.00,"25,595",
112/04/20,"10,238,247","6,891,358,128",661.00,684.00,661.00,673.00,-2.00,"19,824",
112/04/21,"5,480,008","3,676,148,049",676.00,679.00,665.00,665.00,-8.00,"19,297",
112/04/24,"4,802,301","3,242,393,639",663.00,681.00,663.00,676.00,+11.00,"8,818",
112/04/25,"9,007,698","5,930,130,933",678.00,678.00,650.00,650.00,-26.00,"31,984",
112/04/26,"7,417,677","4,777,149,807",641.00,652.00,638.00,649.00,-1.00,"16,794",
112/04/27,"4,770,671","3,152,624,789",654.00,667.00,653.00,662.00,+13.00,"9,753",
112/04/28,"6,790,242","4,529,918,972",668.00,674.00,663.00,665.00,+3.00,"10,301",
112/05/02,"6,448,130","4,302,882,149",654.00,673.00,654.00,671.00,+6.00,"9,035",
112/05/03,"6,817,126","4,611,339,378",674.00,680.00,668.00,680.00,+9.00,"8,651",
112/05/04,"5,752,312","3,851,938,881",674.00,674.00,666.00,668.00,-12.00,"10,808",
112/05/05,"3,271,540","2,208,574,724",675.00,678.00,672.00,675.00,+7.00,"5,551",
112/05/08,"3,131,678","2,124,964,499",681.00,684.00,674.00,675.00, 0.00,"5,877",
112/05/09,"2,224,247","1,506,233,758",681.00,681.00,674.00,677.00,+2.00,"4,243",
112/05/10,"3,945,608","2,638,535,063",677.00,677.00,666.00,668.00,-9.00,"9,567",
112/05/11,"3,193,160","2,137,741,368",666.00,674.00,664.00,668.00, 0.00,"5,049",
112/05/12,"5,310,815","3,550,676,106",673.00,676.00,661.00,673.00,+5.00,"8,930",
112/05/15,"3,670,003","2,489,853,213",676.00,682.00,673.00,680.00,+7.00,"6,123",
112/05/16,"3,837,504","2,620,878,344",688.00,688.00,680.00,680.00, 0.00,"5,960",
112/05/17,"8,035,289","5,493,373,284",680.00,689.00,677.00,685.00,+5.00,"10,159",
112/05/18,"4,642,695","3,200,338,709",690.00,694.00,685.00,689.00,+4.00,"8,361",
112/05/19,"5,282,896","3,673,257,462",691.00,698.00,690.00,698.00,+9.00,"9,546",
112/05/22,"4,735,362","3,341,857,307",702.00,709.00,701.00,705.00,+7.00,"9,084",
112/05/23,"5,482,158","3,928,976,662",710.00,722.00,708.00,716.00,+11.00,"11,233",
112/05/24,"5,846,655","4,135,802,176",713.00,713.00,701.00,711.00,-5.00,"9,900",
112/05/25,"4,795,371","3,412,320,191",708.00,718.00,706.00,708.00,-3.00,"6,765",
112/05/26,"11,322,817","8,207,870,188",708.00,737.00,708.00,730.00,+22.00,"17,632",
112/05/29,"10,781,343","8,063,584,735",755.00,758.00,738.00,738.00,+8.00,"16,109",
112/05/30,"18,933,732","14,459,869,753",759.00,773.00,757.00,763.00,+25.00,"27,159",
112/05/31,"12,616,197","9,562,099,509",757.00,767.00,748.00,759.00,-4.00,"16,745",
112/06/01,"6,475,068","4,868,929,695",755.00,761.00,748.00,748.00,-11.00,"12,824",
112/06/02,"6,602,831","4,982,214,698",754.00,762.00,750.00,751.00,+3.00,"9,224",
112/06/05,"5,479,487","4,171,283,712",757.00,767.00,757.00,759.00,+8.00,"7,792",
112/06/06,"4,539,092","3,442,249,836",760.00,764.00,752.00,757.00,-2.00,"7,935",
112/06/07,"5,460,461","4,177,283,567",759.00,769.00,756.00,768.00,+11.00,"8,339",
112/06/08,"7,438,271","5,720,311,094",770.00,775.00,763.00,768.00, 0.00,"10,465",
112/06/09,"4,669,885","3,571,523,667",768.00,770.00,761.00,764.00,-4.00,"6,631",
112/06/12,"3,946,889","3,026,933,470",769.00,769.00,763.00,767.00,+3.00,"6,807",
112/06/13,"7,414,411","5,756,670,843",770.00,782.00,768.00,779.00,+12.00,"10,937",
112/06/14,"5,431,002","4,232,561,467",781.00,782.00,776.00,780.00,+1.00,"7,425",
112/06/15,"8,544,438","6,586,645,202",777.00,779.00,765.00,766.00,-14.00,"16,254",
112/06/16,"10,727,794","8,094,227,601",760.00,765.00,751.00,751.00,-15.00,"21,009",
112/06/19,"20,318,537","15,909,363,580",769.00,793.00,764.00,785.00,+34.00,"26,282",
112/06/20,"28,362,644","20,011,729,130",708.00,725.00,691.00,691.00,X0.00,"65,729",
112/06/21,"17,552,774","12,120,655,715",689.00,696.00,683.00,693.00,+2.00,"26,228",
112/06/26,"4,807,895","3,300,325,080",688.00,690.00,685.00,685.00,-8.00,"11,779",
112/06/27,"4,722,955","3,225,501,069",680.00,688.00,680.00,681.00,-4.00,"9,347",
112/06/28,"6,520,526","4,516,514,229",692.00,697.00,685.00,695.00,+14.00,"7,311",
112/06/29,"5,304,709","3,709,769,079",704.00,705.00,695.00,696.00,+1.00,"8,091",
112/06/30,"5,442,323","3,747,464,516",692.00,692.00,686.00,688.00,-8.00,"9,006",
112/07/03,"3,088,086","2,141,017,531",692.00,698.00,690.00,691.00,+3.00,"6,300",
112/07/04,"3,880,537","2,709,906,033",696.00,702.00,691.00,700.00,+9.00,"6,626",
112/07/05,"3,803,541","2,658,944,163",703.00,703.00,696.00,697.00,-3.00,"8,183",
112/07/06,"4,539,581","3,143,104,928",692.00,699.00,688.00,690.00,-7.00,"10,016",
112/07/07,"4,819,527","3,290,322,779",686.00,686.00,680.00,682.00,-8.00,"13,453",
112/07/10,"6,111,018","4,140,939,458",680.00,686.00,673.00,673.00,-9.00,"19,401",
112/07/11,"3,472,971","2,373,320,268",682.00,687.00,676.00,686.00,+13.00,"6,472",
112/07/12,"4,353,464","2,980,969,593",689.00,689.00,680.00,685.00,-1.00,"7,308",
112/07/13,"5,685,109","3,901,937,367",692.00,693.00,680.00,680.00,-5.00,"10,157",
112/07/14,"6,182,648","4,283,678,268",686.00,698.00,685.00,692.00,+12.00,"8,640",
112/07/17,"4,524,171","3,093,727,632",692.00,692.00,681.00,683.00,-9.00,"11,559",
112/07/18,"4,934,643","3,365,994,070",680.00,686.00,678.00,683.00, 0.00,"9,675",
112/07/19,"6,475,653","4,500,608,421",690.00,699.00,689.00,696.00,+13.00,"9,525",
112/07/20,"2,629,394","1,820,754,106",697.00,697.00,689.00,692.00,-4.00,"7,055",
112/07/21,"11,982,886","8,058,873,925",677.00,683.00,652.00,682.00,-10.00,"25,941",
112/07/24,"7,662,267","5,203,894,459",679.00,690.00,673.00,675.00,-7.00,"14,516",
112/07/25,"7,473,142","5,014,321,171",675.00,679.00,665.00,665.00,-10.00,"23,685",
112/07/26,"7,778,681","5,120,489,517",665.00,670.00,654.00,655.00,-10.00,"31,645",
112/07/27,"4,857,149","3,194,902,005",658.00,661.00,654.00,658.00,+3.00,"9,381",
112/07/28,"4,310,361","2,845,151,777",660.00,666.00,655.00,658.00, 0.00,"7,692",
112/07/31,"17,202,994","11,887,601,735",691.00,698.00,684.00,690.00,+32.00,"20,590",
112/08/01,"14,701,465","10,393,991,697",700.00,715.00,695.00,713.00,+23.00,"24,975",
112/08/02,"9,248,789","6,575,616,534",712.00,720.00,704.00,709.00,-4.00,"14,747",
112/08/04,"7,295,888","5,138,768,846",710.00,711.00,699.00,706.00,-3.00,"9,436",
112/08/07,"5,595,685","3,951,754,578",709.00,712.00,703.00,706.00, 0.00,"5,678",
112/08/08,"5,805,650","4,031,912,974",705.00,705.00,690.00,690.00,-16.00,"13,125",
112/08/09,"3,247,603","2,265,532,667",689.00,702.00,686.00,701.00,+11.00,"4,922",
112/08/10,"4,544,788","3,158,102,399",702.00,703.00,688.00,693.00,-8.00,"8,516",
112/08/11,"5,202,231","3,539,258,825",688.00,689.00,675.00,679.00,-14.00,"16,950",
112/08/14,"3,774,054","2,529,763,269",672.00,673.00,666.00,672.00,-7.00,"10,963",
112/08/15,"2,827,119","1,924,022,667",682.00,684.00,676.00,678.00,+6.00,"4,985",
112/08/16,"6,070,735","4,187,226,900",698.00,698.00,683.00,689.00,+11.00,"7,762",
112/08/17,"4,930,026","3,330,214,464",680.00,681.00,673.00,674.00,-15.00,"13,198",
112/08/18,"3,292,501","2,218,441,454",670.00,679.00,669.00,674.00, 0.00,"5,772",
112/08/21,"2,756,277","1,845,868,466",678.00,679.00,667.00,669.00,-5.00,"5,450",
112/08/22,"3,767,273","2,543,062,818",675.00,682.00,668.00,672.00,+3.00,"5,631",
112/08/23,"2,124,750","1,427,851,493",672.00,676.00,670.00,671.00,-1.00,"3,835",
112/08/24,"6,428,618","4,426,048,032",682.00,692.00,680.00,691.00,+20.00,"8,416",
112/08/25,"5,811,245","4,025,113,887",692.00,695.00,687.00,694.00,+3.00,"7,410",
112/08/28,"6,133,086","4,316,285,594",700.00,709.00,698.00,701.00,+7.00,"9,647",
112/08/29,"5,358,981","3,794,022,630",714.00,716.00,702.00,710.00,+9.00,"8,187",
112/08/30,"4,407,859","3,116,618,557",714.00,715.00,702.00,709.00,-1.00,"7,479",
112/08/31,"6,359,299","4,497,912,808",705.00,714.00,704.00,705.00,-4.00,"5,942",
112/09/01,"3,098,361","2,194,233,690",707.00,712.00,701.00,710.00,+5.00,"5,086",
112/09/04,"2,522,028","1,790,655,792",713.00,713.00,705.00,711.00,+1.00,"5,126",
112/09/05,"5,279,205","3,777,301,172",712.00,718.00,711.00,718.00,+7.00,"10,046",
112/09/06,"3,242,836","2,316,021,848",721.00,722.00,712.00,712.00,-6.00,"5,168",
112/09/07,"3,316,214","2,370,553,657",709.00,718.00,708.00,717.00,+5.00,"5,156",
112/09/08,"4,521,206","3,191,658,625",705.00,710.00,701.00,709.00,-8.00,"7,898",
112/09/11,"2,183,539","1,555,111,730",715.00,715.00,708.00,714.00,+5.00,"3,750",
112/09/12,"7,009,423","5,054,812,986",710.00,729.00,709.00,728.00,+14.00,"13,900",
112/09/13,"9,660,616","7,101,607,140",739.00,744.00,729.00,732.00,+4.00,"12,945",
112/09/14,"5,768,123","4,216,460,010",735.00,735.00,725.00,733.00,+1.00,"9,076",
112/09/15,"17,615,207","13,290,100,894",741.00,763.00,737.00,763.00,+30.00,"28,624",
112/09/18,"12,668,690","9,868,737,755",751.00,792.00,750.00,782.00,+19.00,"23,002",
112/09/19,"6,470,728","5,000,886,964",782.00,782.00,764.00,773.00,-9.00,"11,800",
112/09/20,"5,579,484","4,230,842,020",765.00,766.00,751.00,759.00,-14.00,"11,814",
112/09/21,"5,238,125","3,925,948,016",752.00,762.00,744.00,746.00,-13.00,"11,237",
112/09/22,"7,898,746","5,831,361,888",735.00,748.00,728.00,746.00, 0.00,"11,960",
112/09/25,"4,731,685","3,575,077,564",741.00,762.00,741.00,755.00,+9.00,"6,826",
112/09/26,"3,992,725","2,957,669,856",748.00,755.00,736.00,737.00,-18.00,"11,763",
112/09/27,"3,938,690","2,882,112,327",728.00,737.00,728.00,737.00, 0.00,"7,050",
112/09/28,"4,663,792","3,426,158,618",739.00,741.00,730.00,735.00,-2.00,"5,288",
112/10/02,"3,984,135","2,963,606,586",747.00,748.00,740.00,745.00,+10.00,"5,116",
112/10/03,"10,858,690","8,412,345,746",767.00,784.00,766.00,772.00,+27.00,"17,368",
112/10/04,"8,115,420","6,289,880,396",771.00,783.00,764.00,780.00,+8.00,"12,101",
112/10/05,"6,094,736","4,776,226,228",783.00,786.00,776.00,786.00,+6.00,"10,710",
112/10/06,"3,120,332","2,453,114,600",790.00,790.00,781.00,786.00, 0.00,"6,465",
112/10/11,"14,131,456","11,419,057,143",790.00,816.00,790.00,814.00,+28.00,"23,063",
112/10/12,"7,541,921","6,127,982,884",817.00,819.00,805.00,815.00,+1.00,"10,182",
112/10/13,"10,447,476","8,708,648,285",820.00,842.00,818.00,842.00,+27.00,"21,252",
112/10/16,"5,985,812","5,027,107,296",838.00,849.00,832.00,840.00,-2.00,"10,897",
112/10/17,"8,686,799","7,270,589,119",845.00,854.00,820.00,825.00,-15.00,"24,047",
112/10/18,"7,906,890","6,428,956,499",800.00,822.00,800.00,813.00,-12.00,"11,466",
112/10/19,"7,862,713","6,526,116,271",811.00,838.00,811.00,830.00,+17.00,"10,621",
112/10/20,"8,706,294","7,196,195,716",831.00,837.00,812.00,828.00,-2.00,"9,166",
112/10/23,"5,392,858","4,423,551,151",825.00,829.00,816.00,821.00,-7.00,"6,999",
112/10/24,"5,162,297","4,198,669,990",821.00,823.00,804.00,816.00,-5.00,"8,898",
112/10/25,"6,590,507","5,423,652,068",818.00,832.00,816.00,822.00,+6.00,"8,185",
112/10/26,"5,768,583","4,702,033,952",815.00,817.00,811.00,817.00,-5.00,"7,126",
112/10/27,"7,422,025","5,983,780,231",824.00,824.00,800.00,801.00,-16.00,"13,768",
112/10/30,"16,750,720","14,151,297,863",819.00,864.00,818.00,857.00,+56.00,"25,868",
112/10/31,"12,015,011","10,190,091,698",860.00,861.00,834.00,842.00,-15.00,"15,665",
112/11/01,"6,970,553","5,891,819,996",854.00,856.00,832.00,846.00,+4.00,"9,019",
112/11/02,"10,079,016","8,749,273,451",863.00,877.00,855.00,868.00,+22.00,"16,158",
112/11/03,"5,808,935","5,051,786,196",872.00,876.00,864.00,870.00,+2.00,"8,826",
112/11/06,"7,492,650","6,620,945,849",879.00,890.00,873.00,882.00,+12.00,"12,011",
112/11/07,"7,289,254","6,483,453,992",890.00,899.00,879.00,888.00,+6.00,"12,458",
112/11/08,"9,834,316","8,929,972,964",898.00,916.00,895.00,914.00,+26.00,"20,422",
112/11/09,"6,965,311","6,304,354,543",913.00,913.00,899.00,905.00,-9.00,"12,204",
112/11/10,"7,983,550","7,111,530,507",900.00,904.00,884.00,884.00,-21.00,"18,990",
112/11/13,"9,776,090","8,937,264,362",909.00,925.00,905.00,906.00,+22.00,"12,956",
112/11/14,"4,874,889","4,426,154,989",916.00,917.00,902.00,905.00,-1.00,"7,906",
112/11/15,"8,644,081","7,873,232,495",925.00,925.00,900.00,908.00,+3.00,"12,797",
112/11/16,"8,055,932","7,233,028,077",914.00,914.00,891.00,893.00,-15.00,"15,230",
112/11/17,"4,982,028","4,484,268,169",896.00,905.00,893.00,904.00,+11.00,"7,695",
112/11/20,"7,092,656","6,472,936,322",920.00,924.00,904.00,912.00,+8.00,"9,815",
112/11/21,"9,993,957","9,260,452,191",922.00,934.00,915.00,926.00,+14.00,"17,737",
112/11/22,"6,698,496","6,278,262,700",928.00,942.00,925.00,942.00,+16.00,"13,145",
112/11/23,"5,460,045","5,121,695,328",951.00,951.00,929.00,930.00,-12.00,"10,785",
112/11/24,"4,669,666","4,404,099,015",935.00,950.00,932.00,945.00,+15.00,"9,720",
112/11/27,"6,360,969","5,983,434,367",946.00,951.00,931.00,931.00,-14.00,"9,994",
112/11/28,"5,755,130","5,385,881,213",929.00,942.00,925.00,942.00,+11.00,"8,131",
112/11/29,"5,410,850","5,106,200,641",941.00,949.00,936.00,948.00,+6.00,"7,406",
112/11/30,"7,863,209","7,428,850,143",949.00,953.00,939.00,945.00,-3.00,"7,856",
112/12/01,"3,529,034","3,331,470,185",942.00,947.00,938.00,947.00,+2.00,"5,430",
112/12/04,"5,265,906","4,928,215,841",945.00,946.00,930.00,933.00,-14.00,"12,031",
112/12/05,"5,372,126","4,971,556,739",925.00,933.00,921.00,929.00,-4.00,"10,932",
112/12/06,"3,170,413","2,944,814,959",925.00,933.00,925.00,927.00,-2.00,"5,388",
112/12/07,"3,086,422","2,884,241,837",933.00,943.00,927.00,931.00,+4.00,"5,037",
112/12/08,"5,198,667","4,898,086,203",941.00,946.00,937.00,943.00,+12.00,"7,305",
112/12/11,"5,744,574","5,392,243,514",942.00,944.00,932.00,941.00,-2.00,"7,747",
112/12/12,"4,720,019","4,442,843,877",950.00,950.00,935.00,939.00,-2.00,"6,770",
112/12/13,"6,227,011","5,917,664,618",944.00,955.00,939.00,955.00,+16.00,"10,682",
112/12/14,"6,861,135","6,607,614,587",961.00,969.00,953.00,966.00,+11.00,"11,144",
112/12/15,"12,593,164","12,463,941,697",975.00,998.00,971.00,996.00,+30.00,"19,497",
112/12/18,"4,945,844","4,894,059,697",995.00,997.00,981.00,989.00,-7.00,"9,332",
112/12/19,"5,132,438","5,059,593,551",977.00,994.00,977.00,992.00,+3.00,"8,525",
112/12/20,"6,529,930","6,440,079,225",993.00,995.00,983.00,983.00,-9.00,"9,439",
112/12/21,"4,676,270","4,562,342,050",972.00,983.00,972.00,976.00,-7.00,"10,425",
112/12/22,"3,389,702","3,344,436,145",980.00,990.00,979.00,990.00,+14.00,"5,936",
112/12/25,"3,423,982","3,403,659,385",991.00,998.00,987.00,995.00,+5.00,"6,827",
112/12/26,"3,482,709","3,484,499,316",999.00,"1,005.00",995.00,"1,000.00",+5.00,"9,289",
112/12/27,"8,968,047","9,314,288,250","1,010.00","1,050.00","1,010.00","1,040.00",+40.00,"17,974",
112/12/28,"5,646,158","5,832,760,119","1,045.00","1,055.00","1,025.00","1,025.00",-15.00,"9,573",
112/12/29,"5,190,939","5,276,242,225","1,025.00","1,030.00","1,010.00","1,015.00",-10.00,"9,454",
113/01/02,"10,668,557","10,539,569,604","1,010.00","1,015.00",980.00,981.00,-34.00,"33,320",
113/01/03,"13,403,900","12,879,381,226",976.00,977.00,953.00,953.00,-28.00,"36,634",
113/01/04,"9,628,243","8,961,976,323",940.00,947.00,922.00,928.00,X0.00,"26,322",
113/01/05,"5,851,876","5,418,281,372",929.00,935.00,921.00,921.00,-7.00,"14,629",
113/01/08,"6,035,931","5,581,861,138",930.00,936.00,918.00,920.00,-1.00,"13,205",
113/01/09,"5,893,697","5,489,896,904",938.00,940.00,926.00,928.00,+8.00,"9,566",
113/01/10,"4,380,442","4,054,858,477",935.00,935.00,922.00,924.00,-4.00,"8,327",
113/01/11,"7,008,030","6,482,779,978",932.00,937.00,920.00,920.00,-4.00,"11,674",
113/01/12,"4,936,513","4,561,920,934",920.00,929.00,916.00,926.00,+6.00,"9,685",
113/01/15,"4,413,758","4,080,345,389",935.00,935.00,919.00,922.00,-4.00,"9,604",
113/01/16,"11,367,477","10,254,923,229",915.00,917.00,895.00,895.00,-27.00,"37,490",
113/01/17,"12,081,845","10,707,584,168",890.00,903.00,879.00,879.00,-16.00,"30,859",
113/01/18,"6,915,744","6,173,380,276",884.00,897.00,884.00,897.00,+18.00,"11,614",
113/01/19,"9,409,813","8,600,857,759",920.00,920.00,907.00,920.00,+23.00,"13,964",
113/01/22,"9,745,086","9,050,768,641",928.00,943.00,920.00,922.00,+2.00,"15,392",
113/01/23,"6,388,646","5,841,194,585",918.00,922.00,909.00,911.00,-11.00,"14,619",
113/01/24,"8,378,719","7,791,599,313",916.00,936.00,915.00,936.00,+25.00,"13,468",
113/01/25,"9,340,986","8,802,170,010",939.00,950.00,933.00,943.00,+7.00,"16,055",
113/01/26,"5,458,694","5,095,110,405",936.00,939.00,928.00,936.00,-7.00,"10,429",
113/01/29,"7,208,528","6,734,392,277",945.00,945.00,926.00,938.00,+2.00,"10,747",
113/01/30,"9,996,375","9,570,984,605",938.00,973.00,938.00,963.00,+25.00,"21,404",
113/01/31,"9,456,227","9,151,346,526",976.00,977.00,958.00,966.00,+3.00,"14,915",
113/02/01,"17,458,860","16,288,251,640",951.00,951.00,922.00,930.00,-36.00,"37,516",
113/02/02,"8,662,912","8,069,772,997",931.00,936.00,926.00,936.00,+6.00,"10,936",
113/02/05,"5,880,641","5,499,992,171",929.00,940.00,928.00,937.00,+1.00,"9,041",
113/02/15,"12,555,654","12,162,095,404",983.00,983.00,951.00,972.00,+35.00,"20,065",
113/02/16,"4,761,127","4,617,210,037",976.00,977.00,963.00,970.00,-2.00,"9,390",
113/02/19,"4,384,732","4,207,695,206",973.00,973.00,951.00,963.00,-7.00,"14,307",
113/02/20,"8,929,345","8,723,625,360",960.00,985.00,960.00,982.00,+19.00,"16,007",
113/02/21,"5,894,546","5,774,043,213",972.00,986.00,972.00,981.00,-1.00,"9,239",
113/02/22,"11,143,348","11,182,372,563",988.00,"1,020.00",988.00,"1,015.00",+34.00,"27,457",
113/02/23,"24,851,080","26,426,454,270","1,035.00","1,100.00","1,010.00","1,100.00",+85.00,"45,703",
113/02/26,"12,802,833","14,099,735,320","1,090.00","1,120.00","1,060.00","1,115.00",+15.00,"21,866",
113/02/27,"17,764,235","20,091,190,478","1,125.00","1,160.00","1,105.00","1,115.00", 0.00,"25,231",
113/02/29,"9,629,679","10,913,144,214","1,115.00","1,145.00","1,110.00","1,140.00",+25.00,"12,969",
113/03/01,"12,340,648","13,885,865,445","1,165.00","1,165.00","1,095.00","1,105.00",-35.00,"19,824",
113/03/04,"12,662,274","14,412,286,170","1,115.00","1,155.00","1,105.00","1,150.00",+45.00,"18,174",
113/03/05,"8,791,366","10,110,507,669","1,150.00","1,160.00","1,130.00","1,155.00",+5.00,"11,614",
113/03/06,"10,101,276","11,900,123,883","1,145.00","1,200.00","1,140.00","1,190.00",+35.00,"18,023",
113/03/07,"15,486,926","19,124,067,055","1,220.00","1,260.00","1,215.00","1,230.00",+40.00,"27,116",
113/03/08,"16,879,880","20,901,360,710","1,260.00","1,275.00","1,195.00","1,230.00", 0.00,"29,378",
113/03/11,"5,890,017","7,194,112,840","1,235.00","1,245.00","1,205.00","1,225.00",-5.00,"13,988",
113/03/12,"5,763,673","6,982,065,633","1,200.00","1,225.00","1,190.00","1,215.00",-10.00,"10,293",
113/03/13,"7,058,092","8,664,872,625","1,245.00","1,260.00","1,210.00","1,215.00", 0.00,"10,150",
113/03/14,"13,127,561","15,362,729,390","1,220.00","1,230.00","1,140.00","1,150.00",-65.00,"29,288",
113/03/15,"8,765,752","9,952,629,412","1,135.00","1,150.00","1,120.00","1,135.00",-15.00,"12,868",
113/03/18,"6,022,543","6,998,166,230","1,135.00","1,180.00","1,135.00","1,170.00",+35.00,"9,226",
113/03/19,"8,911,458","10,275,345,250","1,150.00","1,165.00","1,135.00","1,150.00",-20.00,"11,577",
113/03/20,"6,413,758","7,334,841,690","1,145.00","1,175.00","1,120.00","1,130.00",-20.00,"14,933",
113/03/21,"6,662,414","7,591,384,995","1,160.00","1,160.00","1,125.00","1,140.00",+10.00,"10,301",
113/03/22,"6,420,828","7,221,186,772","1,140.00","1,145.00","1,110.00","1,125.00",-15.00,"12,312",
113/03/25,"3,339,686","3,757,398,540","1,120.00","1,140.00","1,115.00","1,120.00",-5.00,"7,196",
113/03/26,"6,780,815","7,730,813,565","1,140.00","1,170.00","1,120.00","1,130.00",+10.00,"9,698",
113/03/27,"6,243,784","7,246,200,275","1,135.00","1,175.00","1,125.00","1,165.00",+35.00,"11,039",
113/03/28,"7,545,389","8,765,813,082","1,160.00","1,180.00","1,135.00","1,160.00",-5.00,"10,171",
113/03/29,"8,549,357","10,121,577,230","1,160.00","1,200.00","1,160.00","1,195.00",+35.00,"13,892",
113/04/01,"5,481,587","6,409,200,810","1,190.00","1,200.00","1,155.00","1,160.00",-35.00,"10,079",
113/04/02,"4,324,010","5,063,537,850","1,170.00","1,185.00","1,160.00","1,165.00",+5.00,"6,086",
113/04/03,"4,204,622","4,891,943,030","1,150.00","1,175.00","1,140.00","1,160.00",-5.00,"5,494",
113/04/08,"4,137,606","4,778,797,730","1,175.00","1,180.00","1,145.00","1,150.00",-10.00,"7,147",
113/04/09,"3,400,861","3,952,733,860","1,160.00","1,175.00","1,150.00","1,160.00",+10.00,"5,240",
113/04/10,"6,687,109","8,011,380,680","1,170.00","1,215.00","1,165.00","1,195.00",+35.00,"12,678",
113/04/11,"6,406,311","7,726,137,125","1,205.00","1,230.00","1,185.00","1,200.00",+5.00,"9,361",
113/04/12,"5,339,872","6,300,724,555","1,190.00","1,200.00","1,165.00","1,180.00",-20.00,"9,369",
113/04/15,"9,660,747","10,847,625,695","1,160.00","1,160.00","1,110.00","1,110.00",-70.00,"25,149",
113/04/16,"13,458,990","14,336,452,869","1,065.00","1,090.00","1,055.00","1,055.00",-55.00,"23,861",
113/04/17,"8,144,332","8,580,285,060","1,065.00","1,075.00","1,045.00","1,050.00",-5.00,"19,981",
113/04/18,"7,339,262","7,647,418,425","1,045.00","1,060.00","1,020.00","1,050.00", 0.00,"11,160",
113/04/19,"16,604,482","16,532,346,800","1,020.00","1,030.00",970.00,993.00,-57.00,"47,696",
113/04/22,"9,681,250","9,431,274,708",984.00,989.00,966.00,966.00,-27.00,"28,270",
113/04/23,"6,158,115","6,017,378,864",989.00,989.00,970.00,972.00,+6.00,"13,064",
113/04/24,"6,424,187","6,461,514,898",995.00,"1,020.00",994.00,"1,010.00",+38.00,"11,641",
113/04/25,"6,733,096","6,652,777,384",996.00,"1,005.00",976.00,981.00,-29.00,"20,946",
113/04/26,"5,856,365","5,854,514,360",991.00,"1,005.00",987.00,"1,005.00",+24.00,"9,261",
113/04/29,"8,251,393","8,465,365,870","1,055.00","1,055.00","1,005.00","1,015.00",+10.00,"13,519",
113/04/30,"6,311,140","6,339,892,347","1,015.00","1,030.00",992.00,992.00,-23.00,"10,193",
113/05/02,"5,508,680","5,527,736,060",990.00,"1,020.00",982.00,"1,000.00",+8.00,"7,596",
113/05/03,"6,978,404","7,272,376,440","1,040.00","1,050.00","1,030.00","1,040.00",+40.00,"11,528",
113/05/06,"4,644,236","4,853,920,295","1,060.00","1,060.00","1,035.00","1,035.00",-5.00,"7,930",
113/05/07,"3,238,845","3,381,206,020","1,050.00","1,055.00","1,035.00","1,045.00",+10.00,"5,151",
113/05/08,"10,343,764","11,216,245,790","1,080.00","1,100.00","1,060.00","1,095.00",+50.00,"16,076",
113/05/09,"7,989,043","8,846,473,285","1,100.00","1,125.00","1,090.00","1,095.00", 0.00,"12,021",
113/05/10,"4,664,901","5,100,000,162","1,105.00","1,105.00","1,080.00","1,095.00", 0.00,"6,867",
113/05/13,"4,261,629","4,724,340,848","1,115.00","1,120.00","1,100.00","1,115.00",+20.00,"7,002",
113/05/14,"7,954,993","9,069,865,450","1,115.00","1,160.00","1,110.00","1,155.00",+40.00,"15,381",
113/05/15,"5,734,377","6,654,225,685","1,170.00","1,175.00","1,145.00","1,155.00", 0.00,"10,474",
113/05/16,"10,452,836","12,449,974,595","1,180.00","1,210.00","1,175.00","1,190.00",+35.00,"18,225",
113/05/17,"6,555,819","7,683,288,345","1,180.00","1,185.00","1,165.00","1,165.00",-25.00,"9,273",
113/05/20,"6,368,808","7,543,295,595","1,165.00","1,195.00","1,165.00","1,190.00",+25.00,"9,769",
113/05/21,"3,544,126","4,167,145,255","1,180.00","1,190.00","1,165.00","1,175.00",-15.00,"6,223",
113/05/22,"4,592,310","5,397,471,790","1,190.00","1,190.00","1,160.00","1,185.00",+10.00,"7,803",
113/05/23,"6,526,951","7,832,960,825","1,195.00","1,210.00","1,185.00","1,205.00",+20.00,"12,386",
113/05/24,"4,139,304","4,961,445,325","1,190.00","1,205.00","1,190.00","1,195.00",-10.00,"6,168",
113/05/27,"16,451,271","21,168,650,020","1,250.00","1,310.00","1,235.00","1,285.00",+90.00,"25,068",
113/05/28,"10,732,534","14,035,640,030","1,300.00","1,320.00","1,285.00","1,310.00",+25.00,"19,151",
113/05/29,"8,661,046","11,218,850,545","1,310.00","1,315.00","1,275.00","1,290.00",-20.00,"12,262",
113/05/30,"8,581,664","10,994,980,566","1,255.00","1,300.00","1,250.00","1,290.00", 0.00,"11,952",
113/05/31,"15,194,460","19,025,117,175","1,315.00","1,315.00","1,225.00","1,235.00",-55.00,"27,519",
113/06/03,"6,400,731","8,067,525,065","1,265.00","1,270.00","1,240.00","1,270.00",+35.00,"9,607",
113/06/04,"7,219,004","8,958,813,210","1,260.00","1,270.00","1,220.00","1,240.00",-30.00,"14,654",
113/06/05,"6,012,669","7,387,432,500","1,240.00","1,245.00","1,220.00","1,230.00",-10.00,"10,115",
113/06/06,"10,328,177","13,199,043,800","1,255.00","1,300.00","1,235.00","1,290.00",+60.00,"16,487",
113/06/07,"5,092,253","6,515,713,395","1,290.00","1,290.00","1,270.00","1,275.00",-15.00,"7,503",
113/06/11,"5,846,697","7,399,957,718","1,270.00","1,280.00","1,250.00","1,270.00",-5.00,"7,806",
113/06/12,"8,015,243","10,378,757,620","1,270.00","1,310.00","1,265.00","1,300.00",+30.00,"12,230",
113/06/13,"13,667,003","18,739,524,449","1,340.00","1,400.00","1,325.00","1,385.00",+85.00,"26,043",
113/06/14,"6,250,845","8,663,526,242","1,395.00","1,395.00","1,365.00","1,395.00",+10.00,"10,388",
113/06/17,"4,762,970","6,546,247,711","1,375.00","1,390.00","1,365.00","1,380.00",-15.00,"9,928",
113/06/18,"7,868,192","10,966,483,070","1,375.00","1,405.00","1,375.00","1,405.00",+25.00,"11,141",
113/06/19,"12,145,736","17,823,177,737","1,425.00","1,485.00","1,420.00","1,485.00",+80.00,"20,765",
113/06/20,"7,215,413","10,698,314,079","1,485.00","1,500.00","1,460.00","1,500.00",+15.00,"11,650",
113/06/21,"12,105,025","17,867,014,186","1,470.00","1,495.00","1,445.00","1,490.00",-10.00,"14,988",
113/06/24,"9,608,976","13,682,863,540","1,455.00","1,465.00","1,405.00","1,410.00",-80.00,"26,655",
113/06/25,"9,815,912","13,570,769,694","1,370.00","1,400.00","1,365.00","1,385.00",-25.00,"15,893",
113/06/26,"5,222,459","7,379,653,738","1,395.00","1,430.00","1,395.00","1,405.00",+20.00,"8,598",
113/06/27,"5,022,470","6,999,160,075","1,380.00","1,410.00","1,380.00","1,395.00",-10.00,"9,074",
113/06/28,"7,091,837","9,894,792,705","1,400.00","1,405.00","1,375.00","1,400.00",+5.00,"8,995",
113/07/01,"5,231,972","7,460,027,114","1,405.00","1,440.00","1,405.00","1,415.00",+15.00,"8,582",
113/07/02,"5,192,639","7,286,044,855","1,410.00","1,415.00","1,390.00","1,410.00",-5.00,"9,302",
113/07/03,"6,507,165","9,130,555,260","1,430.00","1,430.00","1,390.00","1,405.00",-5.00,"10,196",
113/07/04,"7,932,727","10,958,285,135","1,380.00","1,400.00","1,375.00","1,375.00",X0.00,"16,077",
113/07/05,"7,046,623","9,519,975,049","1,380.00","1,385.00","1,335.00","1,350.00",-25.00,"26,077",
113/07/08,"8,013,255","11,168,752,895","1,340.00","1,420.00","1,335.00","1,420.00",+70.00,"14,494",
113/07/09,"9,919,314","14,279,252,810","1,450.00","1,460.00","1,415.00","1,460.00",+40.00,"15,342",
113/07/10,"5,691,397","8,156,861,700","1,455.00","1,460.00","1,410.00","1,435.00",-25.00,"11,159",
113/07/11,"5,549,812","7,946,756,116","1,435.00","1,460.00","1,415.00","1,420.00",-15.00,"13,294",
113/07/12,"7,528,115","10,276,862,370","1,365.00","1,385.00","1,350.00","1,360.00",-60.00,"31,771",
113/07/15,"3,700,301","5,037,115,390","1,370.00","1,380.00","1,350.00","1,355.00",-5.00,"8,859",
113/07/16,"5,267,624","7,082,595,622","1,355.00","1,365.00","1,325.00","1,345.00",-10.00,"13,870",
113/07/17,"6,370,105","8,428,658,670","1,335.00","1,345.00","1,305.00","1,325.00",-20.00,"22,271",
113/07/18,"10,515,746","13,347,681,435","1,270.00","1,290.00","1,250.00","1,280.00",-45.00,"34,798",
113/07/19,"6,157,494","7,796,089,535","1,260.00","1,285.00","1,260.00","1,260.00",-20.00,"14,466",
113/07/22,"7,568,809","9,232,979,290","1,255.00","1,260.00","1,195.00","1,225.00",-35.00,"22,061",
113/07/23,"6,609,048","8,329,911,690","1,255.00","1,275.00","1,240.00","1,275.00",+50.00,"11,037",
113/07/26,"10,546,400","12,871,385,040","1,190.00","1,255.00","1,185.00","1,245.00",-30.00,"17,501",
113/07/29,"5,212,301","6,513,230,115","1,265.00","1,280.00","1,230.00","1,240.00",-5.00,"9,359",
113/07/30,"4,562,729","5,629,625,725","1,230.00","1,255.00","1,210.00","1,255.00",+15.00,"8,805",
113/07/31,"7,646,628","9,292,823,670","1,230.00","1,235.00","1,200.00","1,220.00",-35.00,"16,827",
113/08/01,"12,859,885","15,332,679,225","1,215.00","1,235.00","1,180.00","1,180.00",-40.00,"40,958",
113/08/02,"14,592,681","16,212,034,200","1,130.00","1,140.00","1,090.00","1,090.00",-90.00,"45,587",
113/08/05,"23,157,567","23,008,080,568",995.00,"1,020.00",981.00,991.00,-99.00,"51,632",
113/08/06,"16,842,716","18,099,654,330","1,090.00","1,090.00","1,035.00","1,075.00",+84.00,"23,781",
113/08/07,"10,786,767","12,169,127,620","1,090.00","1,150.00","1,080.00","1,150.00",+75.00,"17,566",
113/08/08,"8,260,831","9,237,311,345","1,120.00","1,140.00","1,100.00","1,115.00",-35.00,"12,520",
113/08/09,"7,138,660","8,121,186,220","1,150.00","1,155.00","1,120.00","1,125.00",+10.00,"11,062",
113/08/12,"4,732,084","5,517,573,265","1,145.00","1,175.00","1,140.00","1,175.00",+50.00,"9,353",
113/08/13,"3,893,560","4,536,605,460","1,180.00","1,185.00","1,150.00","1,160.00",-15.00,"7,811",
113/08/14,"4,566,599","5,398,623,020","1,175.00","1,190.00","1,170.00","1,185.00",+25.00,"8,030",
113/08/15,"3,208,717","3,738,001,210","1,170.00","1,180.00","1,155.00","1,155.00",-30.00,"7,783",
113/08/16,"7,309,904","8,910,532,695","1,185.00","1,240.00","1,185.00","1,230.00",+75.00,"15,832",
113/08/19,"6,237,209","7,801,873,255","1,240.00","1,265.00","1,230.00","1,255.00",+25.00,"10,611",
113/08/20,"4,411,805","5,535,190,910","1,270.00","1,270.00","1,240.00","1,250.00",-5.00,"8,077",
113/08/21,"4,669,809","5,711,510,720","1,220.00","1,240.00","1,210.00","1,220.00",-30.00,"9,980",
113/08/22,"3,087,965","3,789,002,525","1,230.00","1,240.00","1,215.00","1,230.00",+10.00,"5,251",
113/08/23,"4,319,266","5,221,802,920","1,205.00","1,225.00","1,190.00","1,225.00",-5.00,"8,071",
113/08/26,"3,784,179","4,646,596,305","1,245.00","1,245.00","1,210.00","1,215.00",-10.00,"8,504",
113/08/27,"3,963,303","4,767,933,865","1,200.00","1,215.00","1,190.00","1,210.00",-5.00,"6,862",
113/08/28,"4,883,821","5,851,724,725","1,205.00","1,220.00","1,185.00","1,200.00",-10.00,"15,038",
113/08/29,"5,628,485","6,915,425,790","1,175.00","1,255.00","1,175.00","1,250.00",+50.00,"11,336",
113/08/30,"6,035,560","7,485,534,325","1,260.00","1,260.00","1,225.00","1,240.00",-10.00,"6,644",
113/09/02,"3,294,144","4,033,872,708","1,240.00","1,250.00","1,215.00","1,225.00",-15.00,"5,675",
113/09/03,"3,534,979","4,292,070,390","1,225.00","1,225.00","1,200.00","1,220.00",-5.00,"6,693",
113/09/04,"10,457,652","11,943,320,285","1,135.00","1,170.00","1,130.00","1,135.00",-85.00,"31,959",
113/09/05,"9,432,513","10,509,325,015","1,120.00","1,130.00","1,105.00","1,110.00",-25.00,"21,502",
113/09/06,"5,340,953","6,061,653,645","1,110.00","1,150.00","1,105.00","1,145.00",+35.00,"7,743",
113/09/09,"7,455,495","8,209,712,700","1,100.00","1,115.00","1,090.00","1,105.00",-40.00,"17,956",
113/09/10,"5,893,397","6,599,039,331","1,115.00","1,130.00","1,100.00","1,130.00",+25.00,"8,084",
113/09/11,"4,096,499","4,588,000,025","1,125.00","1,135.00","1,110.00","1,110.00",-20.00,"6,026",
113/09/12,"4,719,178","5,409,189,304","1,150.00","1,155.00","1,135.00","1,155.00",+45.00,"6,893",
113/09/13,"3,546,828","4,032,559,340","1,160.00","1,165.00","1,125.00","1,125.00",-30.00,"6,532",
113/09/16,"3,821,456","4,270,566,545","1,120.00","1,130.00","1,100.00","1,130.00",+5.00,"8,134",
113/09/18,"7,611,728","8,412,320,642","1,115.00","1,120.00","1,095.00","1,105.00",-25.00,"15,994",
113/09/19,"7,911,002","8,750,858,160","1,105.00","1,130.00","1,080.00","1,120.00",+15.00,"11,279",
113/09/20,"9,138,981","10,381,805,590","1,145.00","1,155.00","1,125.00","1,125.00",+5.00,"8,642",
113/09/23,"4,562,996","5,195,943,045","1,125.00","1,150.00","1,120.00","1,145.00",+20.00,"5,228",
113/09/24,"7,297,056","8,563,842,676","1,135.00","1,195.00","1,135.00","1,195.00",+50.00,"14,778",
113/09/25,"11,480,089","13,988,663,410","1,220.00","1,230.00","1,205.00","1,225.00",+30.00,"14,305",
113/09/26,"9,967,330","12,562,372,950","1,235.00","1,280.00","1,230.00","1,270.00",+45.00,"21,463",
113/09/27,"9,319,433","11,879,994,727","1,280.00","1,305.00","1,250.00","1,260.00",-10.00,"15,498",
113/09/30,"8,944,466","10,742,053,380","1,235.00","1,235.00","1,175.00","1,175.00",-85.00,"21,604",
113/10/01,"6,670,719","8,060,023,400","1,195.00","1,230.00","1,190.00","1,210.00",+35.00,"8,267",
113/10/04,"7,601,314","9,294,983,046","1,200.00","1,240.00","1,200.00","1,230.00",+20.00,"8,311",
113/10/07,"9,261,022","11,611,379,170","1,250.00","1,295.00","1,230.00","1,250.00",+20.00,"14,015",
113/10/08,"4,746,298","5,848,883,970","1,240.00","1,250.00","1,225.00","1,225.00",-25.00,"7,199",
113/10/09,"5,671,636","7,099,612,015","1,260.00","1,275.00","1,240.00","1,245.00",+20.00,"7,683",
113/10/11,"10,811,730","13,968,305,075","1,265.00","1,310.00","1,265.00","1,300.00",+55.00,"22,160",
113/10/14,"4,125,156","5,348,414,625","1,310.00","1,310.00","1,285.00","1,290.00",-10.00,"7,589",
113/10/15,"6,492,009","8,443,064,872","1,310.00","1,310.00","1,290.00","1,300.00",+10.00,"9,409",
113/10/16,"7,425,191","9,479,271,445","1,260.00","1,295.00","1,260.00","1,275.00",-25.00,"9,120",
113/10/17,"4,514,915","5,769,191,656","1,295.00","1,295.00","1,265.00","1,275.00", 0.00,"6,882",
113/10/18,"8,916,104","11,696,603,095","1,300.00","1,330.00","1,295.00","1,305.00",+30.00,"16,167",
113/10/21,"6,706,607","8,911,068,199","1,310.00","1,345.00","1,310.00","1,330.00",+25.00,"11,042",
113/10/22,"5,500,454","7,177,881,915","1,310.00","1,315.00","1,295.00","1,310.00",-20.00,"10,422",
113/10/23,"5,639,751","7,338,656,535","1,280.00","1,325.00","1,275.00","1,300.00",-10.00,"9,043",
113/10/24,"4,698,981","6,041,857,535","1,300.00","1,305.00","1,270.00","1,270.00",-30.00,"9,742",
113/10/25,"7,326,983","9,577,728,957","1,270.00","1,325.00","1,270.00","1,315.00",+45.00,"10,790",
113/10/28,"5,720,182","7,605,546,735","1,330.00","1,340.00","1,315.00","1,335.00",+20.00,"9,320",
113/10/29,"5,519,603","7,163,705,970","1,315.00","1,315.00","1,285.00","1,300.00",-35.00,"10,164",
113/10/30,"5,528,055","7,169,814,530","1,290.00","1,315.00","1,285.00","1,290.00",-10.00,"7,456",
113/11/01,"9,461,786","11,967,886,995","1,220.00","1,300.00","1,220.00","1,290.00", 0.00,"10,479",
113/11/04,"3,513,519","4,539,376,735","1,285.00","1,305.00","1,280.00","1,295.00",+5.00,"5,920",
113/11/05,"3,688,814","4,751,449,530","1,285.00","1,300.00","1,280.00","1,290.00",-5.00,"6,252",
113/11/06,"3,881,189","5,070,565,620","1,290.00","1,320.00","1,290.00","1,305.00",+15.00,"6,136",
113/11/07,"4,517,086","5,932,832,649","1,330.00","1,330.00","1,300.00","1,305.00", 0.00,"6,241",
113/11/08,"4,299,470","5,567,448,850","1,310.00","1,320.00","1,280.00","1,280.00",-25.00,"14,432",
113/11/11,"2,878,555","3,717,921,510","1,300.00","1,310.00","1,280.00","1,295.00",+15.00,"5,204",
113/11/12,"4,326,905","5,530,202,775","1,280.00","1,295.00","1,265.00","1,265.00",-30.00,"10,206",
113/11/13,"4,182,334","5,275,535,820","1,265.00","1,275.00","1,255.00","1,255.00",-10.00,"8,709",
113/11/14,"4,605,044","5,717,344,476","1,260.00","1,265.00","1,230.00","1,235.00",-20.00,"11,474",
113/11/15,"4,349,007","5,454,514,520","1,240.00","1,275.00","1,230.00","1,270.00",+35.00,"7,255",
113/11/18,"3,985,278","4,960,974,080","1,260.00","1,265.00","1,230.00","1,240.00",-30.00,"7,815",
113/11/19,"4,531,599","5,776,061,685","1,255.00","1,290.00","1,245.00","1,285.00",+45.00,"7,013",
113/11/20,"4,926,471","6,292,653,555","1,285.00","1,300.00","1,260.00","1,275.00",-10.00,"7,151",
113/11/21,"2,634,995","3,323,655,575","1,265.00","1,270.00","1,255.00","1,265.00",-10.00,"4,531",
113/11/22,"6,437,379","8,349,403,790","1,280.00","1,310.00","1,270.00","1,310.00",+45.00,"10,922",
113/11/25,"7,734,600","10,046,168,660","1,325.00","1,330.00","1,280.00","1,280.00",-30.00,"8,760",
113/11/26,"3,272,636","4,185,567,280","1,280.00","1,290.00","1,270.00","1,280.00", 0.00,"5,069",
113/11/27,"3,069,870","3,882,721,705","1,270.00","1,285.00","1,250.00","1,250.00",-30.00,"7,171",
113/11/28,"4,374,911","5,459,813,114","1,260.00","1,265.00","1,240.00","1,255.00",+5.00,"6,775",
113/11/29,"4,324,490","5,418,649,990","1,235.00","1,270.00","1,225.00","1,255.00", 0.00,"5,275",
113/12/02,"4,705,833","6,127,313,545","1,275.00","1,315.00","1,270.00","1,310.00",+55.00,"10,639",
113/12/03,"6,211,010","8,141,226,882","1,325.00","1,330.00","1,295.00","1,315.00",+5.00,"7,911",
113/12/04,"4,844,752","6,364,952,020","1,315.00","1,325.00","1,305.00","1,320.00",+5.00,"6,345",
113/12/05,"5,559,581","7,367,160,465","1,325.00","1,335.00","1,310.00","1,325.00",+5.00,"10,447",
113/12/06,"4,364,288","5,747,214,795","1,325.00","1,340.00","1,300.00","1,305.00",-20.00,"11,555",
113/12/09,"4,592,126","6,045,281,525","1,320.00","1,325.00","1,300.00","1,325.00",+20.00,"5,865",
113/12/10,"8,230,114","11,015,978,916","1,315.00","1,360.00","1,310.00","1,350.00",+25.00,"12,323",
113/12/11,"7,633,823","10,191,659,690","1,320.00","1,355.00","1,305.00","1,350.00", 0.00,"9,374",
113/12/12,"8,447,774","11,722,376,470","1,370.00","1,400.00","1,370.00","1,380.00",+30.00,"20,476",
113/12/13,"6,733,740","9,392,980,005","1,385.00","1,410.00","1,365.00","1,410.00",+30.00,"14,746",
113/12/16,"7,521,031","10,583,170,115","1,435.00","1,440.00","1,385.00","1,385.00",-25.00,"18,946",
113/12/17,"9,362,088","13,364,542,220","1,390.00","1,445.00","1,390.00","1,425.00",+40.00,"18,088",
113/12/18,"6,198,374","8,798,918,600","1,430.00","1,430.00","1,405.00","1,420.00",-5.00,"9,091",
113/12/19,"6,719,997","9,496,773,480","1,400.00","1,430.00","1,395.00","1,420.00", 0.00,"10,465",
113/12/20,"5,731,484","8,030,795,624","1,420.00","1,425.00","1,390.00","1,390.00",-30.00,"8,536",
113/12/23,"4,417,200","6,243,376,090","1,405.00","1,425.00","1,400.00","1,410.00",+20.00,"6,948",
113/12/24,"3,278,608","4,639,180,175","1,430.00","1,430.00","1,405.00","1,405.00",-5.00,"5,156",
113/12/25,"2,449,652","3,471,607,295","1,420.00","1,430.00","1,410.00","1,410.00",+5.00,"4,418",
113/12/26,"2,448,448","3,484,465,905","1,420.00","1,430.00","1,415.00","1,420.00",+10.00,"4,902",
113/12/27,"2,406,377","3,443,523,815","1,420.00","1,440.00","1,420.00","1,430.00",+10.00,"5,985",
113/12/30,"2,890,276","4,117,831,075","1,430.00","1,435.00","1,420.00","1,420.00",-10.00,"5,362",
113/12/31,"3,371,199","4,756,664,780","1,410.00","1,425.00","1,400.00","1,415.00",-5.00,"7,737",
114/01/02,"7,374,055","10,011,026,495","1,395.00","1,400.00","1,335.00","1,350.00",X0.00,"26,063",
114/01/03,"6,413,343","8,684,840,857","1,365.00","1,370.00","1,335.00","1,365.00",+15.00,"10,151",
114/01/06,"7,760,498","10,980,061,110","1,390.00","1,425.00","1,390.00","1,425.00",+60.00,"14,520",
114/01/07,"13,043,149","19,029,056,158","1,445.00","1,500.00","1,415.00","1,490.00",+65.00,"27,139",
114/01/08,"11,341,648","16,799,397,207","1,500.00","1,500.00","1,460.00","1,470.00",-20.00,"19,669",
114/01/09,"7,283,127","10,619,853,655","1,470.00","1,480.00","1,440.00","1,440.00",-30.00,"14,596",
114/01/10,"7,456,378","10,977,244,936","1,460.00","1,495.00","1,445.00","1,465.00",+25.00,"12,703",
114/01/13,"10,467,556","14,785,600,300","1,435.00","1,460.00","1,385.00","1,390.00",-75.00,"30,506",
114/01/14,"5,672,581","7,934,393,535","1,385.00","1,415.00","1,380.00","1,400.00",+10.00,"10,105",
114/01/15,"6,608,704","9,392,555,305","1,390.00","1,445.00","1,390.00","1,420.00",+20.00,"9,999",
114/01/16,"7,526,306","10,959,335,965","1,450.00","1,470.00","1,430.00","1,460.00",+40.00,"12,053",
114/01/17,"5,593,733","8,016,913,060","1,450.00","1,455.00","1,420.00","1,430.00",-30.00,"8,875",
114/01/20,"4,054,089","5,848,835,115","1,425.00","1,455.00","1,425.00","1,445.00",+15.00,"6,526",
114/01/21,"4,729,517","6,929,917,275","1,440.00","1,475.00","1,435.00","1,465.00",+20.00,"9,236",
114/01/22,"6,939,769","10,271,774,681","1,480.00","1,495.00","1,465.00","1,465.00", 0.00,"11,316",
114/02/03,"19,472,385","28,977,442,706","1,420.00","1,525.00","1,415.00","1,500.00",+35.00,"28,334",
114/02/04,"8,418,410","12,648,914,715","1,510.00","1,530.00","1,480.00","1,490.00",-10.00,"18,290",
114/02/05,"9,272,623","14,081,050,805","1,505.00","1,530.00","1,490.00","1,525.00",+35.00,"13,028",
114/02/06,"9,633,472","14,822,104,932","1,530.00","1,570.00","1,520.00","1,525.00", 0.00,"17,483",
114/02/07,"7,062,069","10,728,691,173","1,525.00","1,530.00","1,505.00","1,525.00", 0.00,"11,358",
114/02/10,"9,291,243","13,801,284,039","1,505.00","1,510.00","1,475.00","1,480.00",-45.00,"19,899",
114/02/11,"8,734,703","13,207,679,005","1,490.00","1,530.00","1,490.00","1,510.00",+30.00,"11,192",
114/02/12,"8,078,186","12,184,246,270","1,530.00","1,540.00","1,480.00","1,485.00",-25.00,"21,212",
114/02/13,"4,801,436","7,239,919,170","1,495.00","1,520.00","1,485.00","1,520.00",+35.00,"7,853",
114/02/14,"4,867,021","7,398,870,815","1,515.00","1,535.00","1,505.00","1,505.00",-15.00,"8,554",
114/02/17,"8,095,856","12,386,691,075","1,515.00","1,545.00","1,510.00","1,545.00",+40.00,"11,050",
114/02/18,"5,461,888","8,359,528,915","1,550.00","1,550.00","1,520.00","1,535.00",-10.00,"8,901",
114/02/19,"4,710,329","7,242,322,405","1,535.00","1,545.00","1,525.00","1,540.00",+5.00,"7,304",
114/02/20,"7,150,167","10,837,847,830","1,545.00","1,545.00","1,500.00","1,500.00",-40.00,"19,681",
114/02/21,"5,756,665","8,675,140,570","1,500.00","1,525.00","1,490.00","1,510.00",+10.00,"8,561",
114/02/24,"6,497,488","9,923,578,445","1,500.00","1,545.00","1,495.00","1,545.00",+35.00,"9,834",
114/02/25,"8,502,805","13,096,692,819","1,525.00","1,560.00","1,510.00","1,550.00",+5.00,"13,187",
114/02/26,"8,063,842","12,531,654,210","1,555.00","1,575.00","1,525.00","1,560.00",+10.00,"12,099",
114/02/27,"12,022,234","18,461,918,925","1,555.00","1,575.00","1,515.00","1,515.00",-45.00,"19,253",
114/03/03,"11,544,405","17,065,859,785","1,490.00","1,495.00","1,465.00","1,470.00",-45.00,"30,460",
114/03/04,"8,330,012","12,336,290,155","1,435.00","1,510.00","1,435.00","1,505.00",+35.00,"15,675",
114/03/05,"6,674,087","10,051,018,845","1,505.00","1,530.00","1,490.00","1,505.00", 0.00,"10,556",
114/03/06,"3,240,661","4,847,368,380","1,505.00","1,510.00","1,485.00","1,495.00",-10.00,"8,829",
114/03/07,"5,873,135","8,612,824,705","1,475.00","1,485.00","1,450.00","1,465.00",-30.00,"22,901",
114/03/10,"10,835,218","15,344,073,454","1,450.00","1,460.00","1,395.00","1,395.00",-70.00,"45,490",
114/03/11,"10,487,926","14,267,901,375","1,320.00","1,390.00","1,320.00","1,385.00",-10.00,"25,009",
114/03/12,"8,365,942","11,777,174,615","1,375.00","1,425.00","1,375.00","1,410.00",+25.00,"12,826",
114/03/13,"7,308,998","10,304,679,577","1,430.00","1,440.00","1,390.00","1,390.00",-20.00,"12,805",
114/03/14,"7,265,400","10,227,486,165","1,400.00","1,430.00","1,390.00","1,400.00",+10.00,"8,879",
114/03/17,"5,027,826","7,174,512,270","1,415.00","1,440.00","1,415.00","1,425.00",+25.00,"8,244",
114/03/18,"10,558,598","15,597,290,320","1,450.00","1,500.00","1,445.00","1,475.00",+50.00,"16,566",
114/03/19,"8,043,123","11,933,903,510","1,500.00","1,515.00","1,460.00","1,465.00",-10.00,"12,703",
114/03/20,"6,559,527","9,745,443,875","1,495.00","1,500.00","1,465.00","1,485.00",+20.00,"9,855",
114/03/21,"4,914,917","7,303,573,220","1,495.00","1,500.00","1,475.00","1,480.00",-5.00,"7,474",
114/03/24,"4,129,520","6,168,251,990","1,500.00","1,505.00","1,480.00","1,480.00", 0.00,"7,655",
114/03/25,"8,622,310","13,173,707,790","1,505.00","1,540.00","1,505.00","1,525.00",+45.00,"20,948",
114/03/26,"4,039,361","6,153,186,695","1,535.00","1,540.00","1,515.00","1,515.00",-10.00,"6,644",
114/03/27,"4,922,392","7,343,806,075","1,500.00","1,510.00","1,480.00","1,485.00",-30.00,"10,365",
114/03/28,"4,752,661","6,988,697,440","1,470.00","1,495.00","1,455.00","1,465.00",-20.00,"13,110",
114/03/31,"8,456,107","11,888,354,050","1,420.00","1,440.00","1,390.00","1,390.00",-75.00,"27,974",
114/04/01,"6,663,880","9,603,895,550","1,410.00","1,460.00","1,410.00","1,460.00",+70.00,"12,331",
114/04/02,"4,680,070","6,764,240,810","1,460.00","1,460.00","1,435.00","1,435.00",-25.00,"8,403",
114/04/07,"2,148,387","2,782,161,165","1,295.00","1,295.00","1,295.00","1,295.00",-140.00,"14,866",
114/04/08,"19,252,718","24,229,978,295","1,255.00","1,300.00","1,225.00","1,260.00",-35.00,"40,100",
114/04/09,"20,017,897","24,055,879,685","1,250.00","1,255.00","1,140.00","1,185.00",-75.00,"51,334",
114/04/10,"2,039,439","2,651,270,700","1,300.00","1,300.00","1,300.00","1,300.00",+115.00,"4,416",
114/04/11,"17,343,947","23,239,311,570","1,280.00","1,395.00","1,250.00","1,385.00",+85.00,"30,417",
114/04/14,"12,977,957","18,237,704,555","1,410.00","1,425.00","1,385.00","1,400.00",+15.00,"20,591",
114/04/15,"6,829,960","9,519,040,535","1,405.00","1,415.00","1,375.00","1,385.00",-15.00,"14,509",
114/04/16,"5,794,610","7,967,862,075","1,370.00","1,385.00","1,365.00","1,365.00",-20.00,"12,242",
114/04/17,"6,954,102","9,290,936,420","1,340.00","1,350.00","1,315.00","1,340.00",-25.00,"15,307",
114/04/18,"3,602,072","4,917,730,681","1,350.00","1,380.00","1,345.00","1,365.00",+25.00,"7,330",
114/04/21,"3,123,347","4,194,210,360","1,355.00","1,355.00","1,325.00","1,345.00",-20.00,"8,010",
114/04/22,"5,199,584","6,872,585,530","1,330.00","1,355.00","1,300.00","1,300.00",-45.00,"19,179",
114/04/23,"6,303,810","8,563,742,601","1,340.00","1,375.00","1,340.00","1,370.00",+70.00,"10,866",
114/04/24,"6,331,633","8,522,102,810","1,375.00","1,375.00","1,325.00","1,330.00",-40.00,"13,936",
114/04/25,"7,381,768","10,192,478,505","1,375.00","1,390.00","1,370.00","1,380.00",+50.00,"13,014",
114/04/28,"5,546,486","7,564,477,485","1,385.00","1,390.00","1,350.00","1,350.00",-30.00,"13,530",
114/04/29,"5,933,337","8,045,158,791","1,350.00","1,370.00","1,335.00","1,370.00",+20.00,"10,386",
114/04/30,"5,687,722","7,714,260,515","1,370.00","1,370.00","1,350.00","1,350.00",-20.00,"9,806",
114/05/02,"17,916,167","23,509,378,545","1,370.00","1,370.00","1,290.00","1,300.00",-50.00,"64,942",
114/05/05,"7,473,805","9,747,478,020","1,310.00","1,335.00","1,290.00","1,295.00",-5.00,"16,819",
114/05/06,"7,890,120","10,117,638,665","1,295.00","1,300.00","1,275.00","1,280.00",-15.00,"25,321",
114/05/07,"6,119,782","7,833,289,070","1,285.00","1,300.00","1,265.00","1,275.00",-5.00,"14,950",
114/05/08,"6,304,556","8,138,686,536","1,285.00","1,305.00","1,275.00","1,290.00",+15.00,"11,702",
114/05/09,"6,740,443","8,816,540,890","1,295.00","1,325.00","1,280.00","1,325.00",+35.00,"11,794",
114/05/12,"5,353,789","7,050,780,685","1,320.00","1,325.00","1,305.00","1,315.00",-10.00,"12,850",
114/05/13,"10,308,570","13,956,016,690","1,350.00","1,365.00","1,345.00","1,355.00",+40.00,"17,085",
114/05/14,"6,786,896","9,238,538,490","1,370.00","1,375.00","1,345.00","1,360.00",+5.00,"12,709",
114/05/15,"5,860,573","8,027,559,070","1,365.00","1,380.00","1,350.00","1,370.00",+10.00,"11,993",
114/05/16,"3,651,046","4,984,158,740","1,365.00","1,375.00","1,360.00","1,365.00",-5.00,"7,619",
114/05/19,"7,591,783","10,048,326,155","1,345.00","1,350.00","1,310.00","1,310.00",-55.00,"25,404",
114/05/20,"5,952,630","7,911,812,063","1,330.00","1,350.00","1,315.00","1,315.00",+5.00,"9,616",
114/05/21,"4,523,644","6,053,389,365","1,325.00","1,345.00","1,320.00","1,340.00",+25.00,"8,676",
114/05/22,"3,388,750","4,503,198,930","1,325.00","1,340.00","1,320.00","1,325.00",-15.00,"6,631",
114/05/23,"4,462,357","5,879,825,325","1,335.00","1,340.00","1,310.00","1,315.00",-10.00,"11,447",
114/05/26,"7,955,667","10,251,122,085","1,305.00","1,305.00","1,275.00","1,280.00",-35.00,"29,930",
114/05/27,"6,608,314","8,471,750,200","1,280.00","1,290.00","1,270.00","1,280.00", 0.00,"11,687",
114/05/28,"8,817,184","11,272,137,395","1,300.00","1,305.00","1,270.00","1,280.00", 0.00,"17,752",
114/05/29,"20,205,556","25,707,789,050","1,285.00","1,305.00","1,260.00","1,260.00",-20.00,"16,151",
114/06/02,"11,219,790","14,031,392,770","1,250.00","1,270.00","1,230.00","1,260.00", 0.00,"31,804",
114/06/03,"5,807,284","7,420,084,345","1,270.00","1,290.00","1,265.00","1,275.00",+15.00,"9,345",
114/06/04,"10,763,483","13,687,995,446","1,280.00","1,290.00","1,260.00","1,275.00", 0.00,"18,189",
114/06/05,"16,144,910","20,131,853,280","1,260.00","1,265.00","1,235.00","1,245.00",-30.00,"40,568",
114/06/06,"10,993,646","13,938,119,745","1,250.00","1,280.00","1,245.00","1,280.00",+35.00,"14,901",
114/06/09,"8,132,095","10,447,196,795","1,290.00","1,300.00","1,275.00","1,285.00",+5.00,"11,268",
114/06/10,"11,936,093","15,779,324,090","1,300.00","1,335.00","1,300.00","1,335.00",+50.00,"22,546",
114/06/11,"12,029,172","15,853,485,250","1,340.00","1,345.00","1,305.00","1,315.00",-20.00,"18,471",
114/06/12,"11,678,446","15,047,244,306","1,300.00","1,305.00","1,280.00","1,285.00",-30.00,"21,736",
114/06/13,"9,534,606","11,970,931,370","1,255.00","1,265.00","1,250.00","1,250.00",-35.00,"30,652",
114/06/16,"4,284,348","5,390,193,035","1,260.00","1,270.00","1,250.00","1,255.00",+5.00,"9,567",
114/06/17,"5,831,116","7,402,810,590","1,260.00","1,280.00","1,260.00","1,275.00",+20.00,"9,090",
114/06/18,"5,972,295","7,641,957,995","1,265.00","1,290.00","1,260.00","1,285.00",+10.00,"8,699",
114/06/19,"4,944,842","6,299,243,825","1,280.00","1,285.00","1,265.00","1,265.00",-20.00,"8,887",
114/06/20,"5,606,034","7,025,571,340","1,265.00","1,275.00","1,245.00","1,250.00",-15.00,"11,914",
114/06/23,"4,528,761","5,656,629,495","1,230.00","1,260.00","1,225.00","1,255.00",+5.00,"9,235",
114/06/24,"4,576,079","5,812,811,295","1,275.00","1,285.00","1,260.00","1,270.00",+15.00,"7,391",
114/06/25,"6,418,795","8,295,907,405","1,280.00","1,300.00","1,280.00","1,295.00",+25.00,"12,246",
114/06/26,"5,312,078","6,868,062,225","1,295.00","1,300.00","1,285.00","1,290.00",-5.00,"8,462",
114/06/27,"5,979,958","7,704,618,190","1,285.00","1,300.00","1,280.00","1,285.00",-5.00,"8,692",
114/06/30,"7,970,814","10,093,427,225","1,290.00","1,300.00","1,250.00","1,250.00",-35.00,"14,769",
114/07/01,"8,803,695","11,339,208,385","1,265.00","1,305.00","1,265.00","1,275.00",+25.00,"14,818",
114/07/02,"7,261,051","9,385,839,060","1,295.00","1,300.00","1,275.00","1,295.00",+20.00,"10,333",
114/07/03,"11,872,297","15,207,103,239","1,300.00","1,300.00","1,270.00","1,270.00",X0.00,"14,481",
114/07/04,"7,363,385","9,540,997,340","1,290.00","1,305.00","1,285.00","1,290.00",+20.00,"12,605",
114/07/07,"4,549,857","5,848,904,360","1,300.00","1,300.00","1,280.00","1,280.00",-10.00,"8,070",
114/07/08,"3,658,204","4,652,919,095","1,280.00","1,280.00","1,265.00","1,270.00",-10.00,"8,411",
114/07/09,"14,460,572","19,300,327,670","1,280.00","1,360.00","1,280.00","1,355.00",+85.00,"35,957",
114/07/10,"12,339,983","17,085,260,139","1,375.00","1,400.00","1,360.00","1,400.00",+45.00,"27,552",
114/07/11,"10,428,598","14,673,505,330","1,405.00","1,420.00","1,390.00","1,420.00",+20.00,"20,428",
114/07/14,"6,067,428","8,449,999,917","1,410.00","1,410.00","1,385.00","1,385.00",-35.00,"13,304",
114/07/15,"4,659,162","6,487,157,908","1,385.00","1,405.00","1,380.00","1,395.00",+10.00,"9,562",
114/07/16,"6,099,561","8,586,546,210","1,395.00","1,415.00","1,395.00","1,410.00",+15.00,"10,661",
114/07/17,"5,516,070","7,701,353,575","1,405.00","1,420.00","1,385.00","1,390.00",-20.00,"11,502",
114/07/18,"5,064,123","7,115,366,362","1,405.00","1,410.00","1,400.00","1,410.00",+20.00,"9,172",
114/07/21,"6,030,920","8,606,380,470","1,415.00","1,445.00","1,410.00","1,425.00",+15.00,"13,361",
114/07/22,"8,242,534","11,871,821,880","1,440.00","1,455.00","1,425.00","1,430.00",+5.00,"17,494",
114/07/23,"5,013,381","7,215,294,292","1,455.00","1,455.00","1,425.00","1,430.00", 0.00,"9,088",
114/07/24,"5,122,916","7,324,152,830","1,445.00","1,450.00","1,420.00","1,430.00", 0.00,"8,261",
114/07/25,"5,942,860","8,484,208,399","1,430.00","1,445.00","1,415.00","1,430.00", 0.00,"8,369",
114/07/28,"7,334,211","10,248,910,780","1,435.00","1,440.00","1,385.00","1,400.00",-30.00,"24,540",
114/07/29,"10,316,682","14,114,593,145","1,390.00","1,395.00","1,350.00","1,360.00",-40.00,"38,244",
114/07/30,"5,754,600","7,888,746,665","1,365.00","1,385.00","1,360.00","1,380.00",+20.00,"9,791",
114/07/31,"9,291,286","12,663,968,210","1,360.00","1,385.00","1,340.00","1,370.00",-10.00,"18,373",
114/08/01,"6,495,615","8,832,521,555","1,350.00","1,375.00","1,350.00","1,350.00",-20.00,"17,426",
114/08/04,"5,214,085","6,967,850,885","1,340.00","1,350.00","1,330.00","1,330.00",-20.00,"16,941",
114/08/05,"3,858,955","5,194,331,600","1,350.00","1,355.00","1,340.00","1,340.00",+10.00,"8,809",
114/08/06,"5,970,701","7,966,823,010","1,340.00","1,350.00","1,320.00","1,320.00",-20.00,"20,358",
114/08/07,"5,689,384","7,718,335,583","1,345.00","1,365.00","1,345.00","1,355.00",+35.00,"10,668",
114/08/08,"5,865,744","7,931,502,268","1,355.00","1,360.00","1,335.00","1,350.00",-5.00,"9,232",
114/08/11,"3,971,509","5,381,089,706","1,350.00","1,370.00","1,340.00","1,355.00",+5.00,"8,794",
114/08/12,"3,496,091","4,755,253,497","1,360.00","1,370.00","1,350.00","1,360.00",+5.00,"7,430",
114/08/13,"8,333,913","11,435,601,780","1,370.00","1,385.00","1,360.00","1,370.00",+10.00,"12,180",
114/08/14,"4,747,498","6,584,612,200","1,370.00","1,395.00","1,365.00","1,390.00",+20.00,"9,169",
114/08/15,"4,475,553","6,187,722,500","1,395.00","1,400.00","1,370.00","1,370.00",-20.00,"10,621",
114/08/18,"7,238,014","10,141,297,405","1,375.00","1,410.00","1,375.00","1,410.00",+40.00,"13,663",
114/08/19,"6,589,846","9,274,440,925","1,415.00","1,430.00","1,390.00","1,390.00",-20.00,"12,564",
114/08/20,"7,113,575","9,722,960,436","1,380.00","1,390.00","1,350.00","1,355.00",-35.00,"20,660",
114/08/21,"4,554,398","6,196,837,397","1,350.00","1,375.00","1,345.00","1,365.00",+10.00,"7,137",
114/08/22,"2,800,266","3,826,154,725","1,365.00","1,375.00","1,355.00","1,365.00", 0.00,"5,476",
114/08/25,"5,280,140","7,403,266,550","1,385.00","1,410.00","1,380.00","1,410.00",+45.00,"12,470",
114/08/26,"5,465,231","7,621,822,629","1,405.00","1,410.00","1,380.00","1,400.00",-10.00,"9,377",
114/08/27,"3,506,996","4,913,433,895","1,405.00","1,410.00","1,395.00","1,400.00", 0.00,"6,973",
114/08/28,"3,889,428","5,416,975,190","1,395.00","1,405.00","1,385.00","1,385.00",-15.00,"7,939",
114/08/29,"4,055,886","5,596,928,792","1,390.00","1,405.00","1,370.00","1,370.00",-15.00,"10,535",
114/09/01,"3,937,354","5,364,125,515","1,370.00","1,380.00","1,350.00","1,360.00",-10.00,"12,737",
114/09/02,"3,365,146","4,596,124,440","1,360.00","1,380.00","1,360.00","1,360.00", 0.00,"5,893",
114/09/03,"4,795,588","6,658,413,350","1,380.00","1,400.00","1,370.00","1,395.00",+35.00,"8,519",
114/09/04,"3,501,155","4,872,588,395","1,405.00","1,405.00","1,380.00","1,385.00",-10.00,"7,014",
114/09/05,"9,434,638","13,369,682,190","1,400.00","1,435.00","1,395.00","1,435.00",+50.00,"22,501",
114/09/08,"6,680,707","9,627,626,360","1,450.00","1,460.00","1,425.00","1,430.00",-5.00,"13,857",
114/09/09,"11,956,440","17,720,448,190","1,445.00","1,515.00","1,435.00","1,510.00",+80.00,"31,125",
114/09/10,"6,863,070","10,292,368,080","1,520.00","1,520.00","1,485.00","1,490.00",-20.00,"15,438",
114/09/11,"4,767,141","7,122,159,225","1,505.00","1,510.00","1,480.00","1,480.00",-10.00,"13,167",
114/09/12,"4,412,355","6,544,585,155","1,495.00","1,500.00","1,470.00","1,485.00",+5.00,"9,791",
114/09/15,"2,858,166","4,253,700,825","1,490.00","1,495.00","1,480.00","1,485.00", 0.00,"7,072",
114/09/16,"8,933,496","13,665,161,725","1,500.00","1,545.00","1,495.00","1,535.00",+50.00,"22,781",
114/09/17,"4,850,205","7,393,113,405","1,545.00","1,545.00","1,510.00","1,510.00",-25.00,"10,521",
114/09/18,"3,898,960","5,886,633,915","1,525.00","1,530.00","1,495.00","1,510.00", 0.00,"9,924",
114/09/19,"14,627,316","21,255,949,407","1,500.00","1,505.00","1,440.00","1,440.00",-70.00,"56,273",
114/09/22,"9,812,784","13,854,465,394","1,425.00","1,430.00","1,400.00","1,405.00",-35.00,"42,035",
114/09/23,"12,576,021","17,416,626,380","1,390.00","1,405.00","1,375.00","1,375.00",-30.00,"64,002",
114/09/24,"12,755,552","17,127,055,115","1,345.00","1,355.00","1,330.00","1,330.00",-45.00,"65,448",
114/09/25,"8,286,782","11,176,517,185","1,330.00","1,365.00","1,330.00","1,345.00",+15.00,"24,755",
114/09/26,"7,611,319","10,040,903,340","1,345.00","1,350.00","1,310.00","1,310.00",-35.00,"35,705",
114/09/30,"8,306,274","10,899,864,267","1,310.00","1,325.00","1,290.00","1,315.00",+5.00,"22,105",
114/10/01,"7,751,607","10,039,506,669","1,305.00","1,305.00","1,285.00","1,285.00",-30.00,"53,075",
114/10/02,"10,088,897","12,986,608,607","1,290.00","1,300.00","1,280.00","1,280.00",-5.00,"32,824",
114/10/03,"7,236,351","9,466,945,567","1,285.00","1,325.00","1,285.00","1,320.00",+40.00,"24,083",
114/10/07,"7,486,053","9,912,629,365","1,325.00","1,335.00","1,305.00","1,325.00",+5.00,"20,744",
114/10/08,"5,299,148","7,079,312,880","1,330.00","1,350.00","1,325.00","1,335.00",+10.00,"13,886",
114/10/09,"5,265,459","7,097,543,545","1,350.00","1,370.00","1,335.00","1,345.00",+10.00,"14,253",
114/10/13,"8,122,847","10,672,523,175","1,330.00","1,330.00","1,300.00","1,315.00",-30.00,"33,081",
114/10/14,"5,948,388","7,835,373,085","1,330.00","1,340.00","1,300.00","1,305.00",-10.00,"22,047",
114/10/15,"4,631,857","6,096,750,952","1,325.00","1,330.00","1,300.00","1,315.00",+10.00,"11,637",
114/10/16,"4,051,576","5,383,441,700","1,320.00","1,340.00","1,320.00","1,330.00",+15.00,"10,788",
114/10/17,"8,663,045","11,642,505,570","1,340.00","1,360.00","1,325.00","1,330.00", 0.00,"16,007",
114/10/20,"3,725,225","4,969,703,910","1,335.00","1,345.00","1,325.00","1,340.00",+10.00,"12,691",
114/10/21,"4,220,554","5,679,766,675","1,350.00","1,355.00","1,335.00","1,340.00", 0.00,"13,501",
114/10/22,"3,868,924","5,166,014,920","1,335.00","1,345.00","1,325.00","1,330.00",-10.00,"8,299",
114/10/23,"8,788,088","11,425,098,945","1,325.00","1,330.00","1,290.00","1,295.00",-35.00,"45,627",
114/10/27,"5,937,221","7,867,951,010","1,320.00","1,340.00","1,310.00","1,335.00",+40.00,"13,619",
114/10/28,"5,361,231","7,062,043,605","1,330.00","1,335.00","1,310.00","1,315.00",-20.00,"16,859",
114/10/29,"8,508,525","11,154,372,075","1,305.00","1,330.00","1,300.00","1,300.00",-15.00,"27,988",
114/10/30,"5,817,287","7,633,136,613","1,305.00","1,325.00","1,300.00","1,310.00",+10.00,"12,687",
114/10/31,"7,731,098","10,087,461,815","1,300.00","1,325.00","1,290.00","1,310.00", 0.00,"21,604",
114/11/03,"11,818,214","15,297,596,480","1,310.00","1,325.00","1,280.00","1,300.00",-10.00,"49,578",
114/11/04,"6,554,186","8,560,661,230","1,290.00","1,315.00","1,285.00","1,315.00",+15.00,"13,216",
114/11/05,"7,083,306","9,270,745,930","1,295.00","1,330.00","1,285.00","1,330.00",+15.00,"16,921",
114/11/06,"8,025,111","10,464,817,295","1,320.00","1,330.00","1,290.00","1,290.00",-40.00,"27,132",
114/11/07,"8,573,403","10,899,130,735","1,285.00","1,295.00","1,260.00","1,260.00",-30.00,"60,454",
114/11/10,"5,623,223","7,044,297,415","1,250.00","1,260.00","1,250.00","1,250.00",-10.00,"24,185",
114/11/11,"6,110,008","7,633,940,950","1,250.00","1,270.00","1,240.00","1,240.00",-10.00,"33,787",
114/11/12,"4,410,578","5,509,913,915","1,240.00","1,260.00","1,240.00","1,245.00",+5.00,"12,884",
114/11/13,"3,456,429","4,306,170,941","1,240.00","1,255.00","1,235.00","1,245.00", 0.00,"11,460",
114/11/14,"4,560,804","5,632,837,735","1,230.00","1,255.00","1,225.00","1,230.00",-15.00,"25,691",
114/11/17,"4,963,056","6,129,263,765","1,230.00","1,250.00","1,225.00","1,230.00", 0.00,"11,675",
114/11/18,"10,222,030","12,170,076,025","1,220.00","1,220.00","1,170.00","1,170.00",-60.00,"60,130",
114/11/19,"7,084,197","8,272,560,415","1,150.00","1,195.00","1,150.00","1,160.00",-10.00,"29,711",
114/11/20,"7,617,511","9,023,995,135","1,180.00","1,205.00","1,170.00","1,185.00",+25.00,"16,842",
114/11/21,"7,912,862","9,031,425,135","1,130.00","1,155.00","1,130.00","1,145.00",-40.00,"29,558",
114/11/24,"10,115,078","11,673,233,130","1,155.00","1,170.00","1,145.00","1,150.00",+5.00,"12,975",
114/11/25,"7,621,993","9,041,655,833","1,175.00","1,205.00","1,175.00","1,185.00",+35.00,"14,245",
114/11/26,"12,757,928","16,410,108,190","1,220.00","1,300.00","1,215.00","1,300.00",+115.00,"25,385",
114/11/27,"20,617,533","27,664,800,312","1,360.00","1,370.00","1,325.00","1,340.00",+40.00,"36,441",
114/11/28,"20,747,611","28,860,055,665","1,375.00","1,410.00","1,365.00","1,395.00",+55.00,"45,234",
114/12/01,"20,715,349","29,651,936,810","1,420.00","1,450.00","1,400.00","1,445.00",+50.00,"48,740",
114/12/02,"11,909,886","17,011,817,080","1,445.00","1,460.00","1,410.00","1,415.00",-30.00,"30,704",
114/12/03,"10,101,740","14,265,341,760","1,405.00","1,435.00","1,400.00","1,400.00",-15.00,"21,947",
114/12/04,"6,588,595","9,228,240,625","1,405.00","1,415.00","1,385.00","1,405.00",+5.00,"18,002",
114/12/05,"7,989,290","11,377,687,955","1,420.00","1,445.00","1,405.00","1,425.00",+20.00,"14,692",
114/12/08,"6,112,182","8,711,411,150","1,430.00","1,440.00","1,405.00","1,440.00",+15.00,"16,137",
114/12/09,"5,330,190","7,596,006,023","1,435.00","1,440.00","1,415.00","1,420.00",-20.00,"13,194",
114/12/10,"9,199,887","13,313,888,785","1,435.00","1,460.00","1,425.00","1,460.00",+40.00,"28,478",
114/12/11,"10,005,124","14,165,013,793","1,445.00","1,450.00","1,395.00","1,395.00",-65.00,"40,778",
114/12/12,"5,427,610","7,567,549,810","1,390.00","1,415.00","1,380.00","1,405.00",+10.00,"19,612",
114/12/15,"10,012,197","14,250,039,120","1,385.00","1,450.00","1,385.00","1,420.00",+15.00,"20,453",
114/12/16,"9,341,946","13,370,636,375","1,420.00","1,450.00","1,415.00","1,420.00", 0.00,"20,256",
114/12/17,"9,223,276","13,269,409,475","1,435.00","1,455.00","1,425.00","1,425.00",+5.00,"20,676",
114/12/18,"5,601,522","7,995,260,035","1,425.00","1,445.00","1,415.00","1,420.00",-5.00,"11,801",
114/12/19,"8,310,030","11,826,655,290","1,440.00","1,445.00","1,410.00","1,410.00",-10.00,"13,655",
114/12/22,"6,073,797","8,518,761,335","1,430.00","1,435.00","1,390.00","1,400.00",-10.00,"19,730",
114/12/23,"5,671,118","7,875,954,580","1,405.00","1,405.00","1,380.00","1,390.00",-10.00,"27,279",
114/12/24,"3,385,989","4,693,020,512","1,395.00","1,400.00","1,380.00","1,380.00",-10.00,"15,662",
114/12/26,"3,219,060","4,464,817,615","1,390.00","1,395.00","1,380.00","1,385.00",+5.00,"11,132",
114/12/29,"6,672,115","9,424,111,410","1,390.00","1,425.00","1,380.00","1,420.00",+35.00,"17,233",
114/12/30,"4,492,497","6,361,456,305","1,405.00","1,430.00","1,400.00","1,420.00", 0.00,"12,415",
114/12/31,"6,748,078","9,686,222,450","1,420.00","1,450.00","1,415.00","1,430.00",+10.00,"17,521",
115/01/02,"12,570,809","18,471,115,845","1,450.00","1,495.00","1,440.00","1,470.00",+40.00,"31,044",
115/01/05,"14,470,072","21,994,553,600","1,510.00","1,530.00","1,495.00","1,525.00",+55.00,"40,471",
115/01/06,"8,513,790","12,704,209,860","1,505.00","1,505.00","1,480.00","1,485.00",X0.00,"26,313",
115/01/07,"7,517,221","11,219,211,765","1,490.00","1,505.00","1,475.00","1,490.00",+5.00,"20,346",
115/01/08,"9,055,715","13,184,614,030","1,495.00","1,500.00","1,435.00","1,445.00",-45.00,"44,172",
115/01/09,"8,606,613","12,327,291,180","1,455.00","1,460.00","1,415.00","1,420.00",-25.00,"31,171",
115/01/12,"4,496,882","6,470,457,220","1,445.00","1,450.00","1,425.00","1,445.00",+25.00,"11,395",
115/01/13,"10,707,392","15,778,985,280","1,455.00","1,485.00","1,450.00","1,485.00",+40.00,"24,956",
115/01/14,"6,438,448","9,603,931,375","1,485.00","1,500.00","1,480.00","1,500.00",+15.00,"14,709",
115/01/15,"8,207,614","12,144,079,145","1,500.00","1,500.00","1,465.00","1,490.00",-10.00,"15,700",
115/01/16,"11,159,846","16,849,674,845","1,500.00","1,525.00","1,490.00","1,505.00",+15.00,"22,611",
115/01/19,"5,943,945","8,825,060,905","1,510.00","1,510.00","1,465.00","1,485.00",-20.00,"15,709",
115/01/20,"6,508,709","9,662,514,435","1,480.00","1,500.00","1,470.00","1,485.00", 0.00,"12,232",
115/01/21,"8,818,222","12,981,058,725","1,470.00","1,495.00","1,450.00","1,465.00",-20.00,"21,130",
115/01/22,"8,378,753","12,473,418,925","1,495.00","1,525.00","1,465.00","1,485.00",+20.00,"13,174",
115/01/23,"24,256,744","39,079,604,070","1,525.00","1,630.00","1,525.00","1,630.00",+145.00,"64,346",
115/01/26,"24,725,299","43,517,084,185","1,740.00","1,790.00","1,720.00","1,770.00",+140.00,"52,308",
115/01/27,"12,659,900","22,547,180,435","1,755.00","1,820.00","1,750.00","1,775.00",+5.00,"33,517",
115/01/28,"10,480,567","18,617,399,740","1,755.00","1,800.00","1,740.00","1,780.00",+5.00,"22,711",
115/01/29,"10,329,367","18,497,751,251","1,780.00","1,815.00","1,770.00","1,780.00", 0.00,"24,091",
115/01/30,"11,234,997","19,695,898,115","1,770.00","1,775.00","1,735.00","1,760.00",-20.00,"34,161",
115/02/02,"10,073,770","17,174,617,138","1,715.00","1,740.00","1,685.00","1,705.00",-55.00,"50,443",
115/02/03,"11,841,933","20,963,541,730","1,740.00","1,805.00","1,720.00","1,795.00",+90.00,"30,328",
115/02/04,"11,777,248","20,924,454,250","1,760.00","1,810.00","1,740.00","1,800.00",+5.00,"28,345",
115/02/05,"16,289,216","28,774,089,590","1,750.00","1,800.00","1,740.00","1,770.00",-30.00,"34,595",
115/02/06,"11,897,828","20,399,989,430","1,745.00","1,755.00","1,690.00","1,710.00",-60.00,"52,089",
115/02/09,"12,809,280","23,212,906,520","1,760.00","1,870.00","1,760.00","1,830.00",+120.00,"47,015",
115/02/10,"11,214,078","20,663,380,075","1,860.00","1,865.00","1,820.00","1,845.00",+15.00,"24,013",
115/02/11,"8,732,306","16,026,324,885","1,795.00","1,865.00","1,795.00","1,855.00",+10.00,"27,326",
115/02/23,"17,358,721","31,758,379,894","1,880.00","1,880.00","1,790.00","1,795.00",-60.00,"64,283",
115/02/24,"7,063,638","12,818,189,860","1,810.00","1,825.00","1,795.00","1,825.00",+30.00,"18,921",
115/02/25,"8,467,982","15,700,483,570","1,840.00","1,870.00","1,830.00","1,870.00",+45.00,"22,508",
115/02/26,"14,552,360","28,093,839,600","1,895.00","1,975.00","1,850.00","1,945.00",+75.00,"36,972",
115/03/02,"9,622,026","18,429,524,093","1,945.00","1,945.00","1,880.00","1,900.00",-45.00,"34,097",
115/03/03,"11,048,054","20,390,419,420","1,900.00","1,910.00","1,815.00","1,815.00",-85.00,"72,084",
115/03/04,"12,334,830","21,393,307,315","1,760.00","1,780.00","1,715.00","1,720.00",-95.00,"68,147",
115/03/05,"8,337,045","14,796,388,815","1,760.00","1,800.00","1,750.00","1,775.00",+55.00,"25,456",
115/03/06,"4,669,229","8,231,052,570","1,745.00","1,790.00","1,735.00","1,765.00",-10.00,"16,715",
115/03/09,"12,529,102","20,452,295,445","1,620.00","1,665.00","1,610.00","1,665.00",-100.00,"53,942",
115/03/10,"5,620,606","9,594,863,435","1,730.00","1,730.00","1,685.00","1,705.00",+40.00,"21,568",
115/03/11,"6,109,945","10,753,194,580","1,760.00","1,780.00","1,720.00","1,765.00",+60.00,"18,386",
115/03/12,"6,611,202","11,737,588,675","1,745.00","1,815.00","1,735.00","1,785.00",+20.00,"16,160",
115/03/13,"7,254,798","12,556,593,370","1,730.00","1,745.00","1,720.00","1,720.00",-65.00,"39,577",
115/03/16,"4,716,006","8,107,981,505","1,720.00","1,740.00","1,710.00","1,710.00",-10.00,"18,143",
115/03/17,"4,685,106","8,089,638,981","1,730.00","1,740.00","1,715.00","1,730.00",+20.00,"11,417",
115/03/18,"6,292,375","10,907,603,005","1,730.00","1,745.00","1,725.00","1,730.00", 0.00,"16,202",
115/03/19,"8,011,625","13,494,405,290","1,700.00","1,705.00","1,665.00","1,680.00",-50.00,"60,682",
115/03/20,"8,267,553","14,001,969,440","1,685.00","1,715.00","1,655.00","1,700.00",+20.00,"15,985",
115/03/23,"7,225,878","11,746,298,935","1,630.00","1,645.00","1,600.00","1,625.00",-75.00,"47,119",
115/03/24,"5,766,587","9,388,850,365","1,655.00","1,665.00","1,600.00","1,620.00",-5.00,"20,843",
115/03/25,"6,144,537","10,068,539,055","1,665.00","1,665.00","1,620.00","1,620.00", 0.00,"18,690",
115/03/26,"7,833,984","12,615,638,600","1,610.00","1,640.00","1,590.00","1,590.00",-30.00,"43,055",
115/03/27,"7,673,536","11,969,994,985","1,560.00","1,585.00","1,545.00","1,585.00",-5.00,"38,770",
115/03/30,"8,234,525","12,514,043,200","1,540.00","1,555.00","1,505.00","1,510.00",-75.00,"51,715",
115/03/31,"11,429,002","17,227,711,850","1,525.00","1,540.00","1,490.00","1,490.00",-20.00,"29,883",
115/04/01,"11,745,526","17,578,588,190","1,550.00","1,550.00","1,460.00","1,465.00",-25.00,"52,369",
115/04/02,"9,301,597","13,658,631,065","1,500.00","1,510.00","1,445.00","1,465.00", 0.00,"37,849",
115/04/07,"7,645,561","11,115,853,865","1,480.00","1,480.00","1,430.00","1,470.00",+5.00,"31,759",
115/04/08,"14,575,742","22,563,726,171","1,520.00","1,585.00","1,505.00","1,580.00",+110.00,"33,434",
115/04/09,"8,422,977","13,258,679,011","1,600.00","1,600.00","1,550.00","1,575.00",-5.00,"18,210",
115/04/10,"5,738,781","9,068,482,680","1,600.00","1,605.00","1,570.00","1,575.00", 0.00,"17,938",
115/04/13,"9,234,745","15,135,043,540","1,645.00","1,665.00","1,620.00","1,620.00",+45.00,"23,226",
115/04/14,"12,902,742","21,955,753,890","1,645.00","1,745.00","1,640.00","1,720.00",+100.00,"40,466",
115/04/15,"22,780,413","41,285,487,220","1,805.00","1,845.00","1,770.00","1,790.00",+70.00,"60,578",
115/04/16,"17,931,934","33,673,921,618","1,850.00","1,930.00","1,810.00","1,895.00",+105.00,"54,617",
115/04/17,"16,759,982","32,254,903,336","1,930.00","1,955.00","1,885.00","1,925.00",+30.00,"47,267",
115/04/20,"11,656,022","22,429,056,265","1,960.00","1,965.00","1,895.00","1,900.00",-25.00,"39,510",
115/04/21,"19,459,855","39,679,045,365","1,930.00","2,090.00","1,925.00","2,090.00",+190.00,"75,124",
115/04/22,"24,343,038","53,914,644,435","2,120.00","2,295.00","2,110.00","2,295.00",+205.00,"70,985",
115/04/23,"29,760,982","67,224,124,503","2,325.00","2,335.00","2,170.00","2,215.00",-80.00,"82,418",
115/04/24,"22,985,015","55,362,223,685","2,340.00","2,435.00","2,330.00","2,435.00",+220.00,"65,871",
115/04/27,"25,538,897","63,023,380,470","2,470.00","2,575.00","2,410.00","2,435.00", 0.00,"66,003",
115/04/28,"24,314,216","63,772,412,370","2,490.00","2,675.00","2,485.00","2,615.00",+180.00,"65,017",
115/04/29,"13,156,720","33,551,596,295","2,550.00","2,595.00","2,500.00","2,575.00",-40.00,"45,120",
115/04/30,"17,532,158","45,996,897,710","2,665.00","2,685.00","2,565.00","2,610.00",+35.00,"39,780",
115/05/04,"4,019,865","11,537,012,550","2,870.00","2,870.00","2,870.00","2,870.00",+260.00,"15,261",
115/05/05,"10,091,886","31,839,900,330","3,155.00","3,155.00","3,155.00","3,155.00",+285.00,"15,221",
115/05/06,"39,638,460","134,835,679,265","3,470.00","3,470.00","3,155.00","3,430.00",+275.00,"136,243",
115/05/07,"8,465,341","28,424,771,670","3,430.00","3,430.00","3,295.00","3,420.00",-10.00,"62,969",
115/05/08,"9,525,653","33,977,538,350","3,320.00","3,670.00","3,320.00","3,630.00",+210.00,"48,880",
115/05/11,"8,690,923","33,138,490,190","3,575.00","3,985.00","3,565.00","3,880.00",+250.00,"48,678",
115/05/12,"11,090,404","42,010,052,690","3,835.00","3,910.00","3,700.00","3,700.00",-180.00,"91,390",
115/05/13,"9,694,046","34,291,736,165","3,625.00","3,680.00","3,400.00","3,495.00",-205.00,"81,759",
115/05/14,"7,103,890","24,559,679,255","3,585.00","3,590.00","3,385.00","3,405.00",-90.00,"60,632",
115/05/15,"7,341,025","25,001,195,410","3,425.00","3,555.00","3,200.00","3,260.00",-145.00,"50,469",
115/05/18,"7,040,537","23,527,192,745","3,240.00","3,550.00","3,150.00","3,400.00",+140.00,"40,138",
115/05/19,"10,055,471","32,667,124,010","3,475.00","3,495.00","3,100.00","3,155.00",-245.00,"79,004",
115/05/20,"9,296,108","30,202,447,785","3,195.00","3,350.00","3,155.00","3,230.00",+75.00,"36,439",
115/05/21,"5,983,092","20,948,671,600","3,415.00","3,550.00","3,405.00","3,550.00",+320.00,"16,558",
115/05/22,"20,839,466","78,869,385,469","3,765.00","3,880.00","3,675.00","3,860.00",+310.00,"81,663",
