日期,成交股數,成交金額,開盤價,最高價,最低價,收盤價,漲跌價差,成交筆數,註記
109/01/02,"10,281,275","286,689,201",27.95,27.95,27.80,27.95,+0.05,"3,851",
109/01/03,"12,500,288","349,108,164",27.95,28.00,27.85,28.00,+0.05,"5,328",
109/01/06,"11,942,169","332,243,052",27.90,27.90,27.80,27.80,-0.20,"4,664",
109/01/07,"12,085,430","335,211,430",27.80,27.85,27.65,27.80, 0.00,"4,629",
109/01/08,"14,378,398","398,707,779",27.80,27.85,27.65,27.70,-0.10,"4,529",
109/01/09,"12,677,291","353,493,123",27.75,27.95,27.75,27.90,+0.20,"3,663",
109/01/10,"26,086,772","732,848,163",28.00,28.20,27.95,28.10,+0.20,"7,079",
109/01/13,"27,047,550","768,070,705",28.20,28.55,28.15,28.55,+0.45,"9,122",
109/01/14,"32,317,361","928,367,642",28.55,28.95,28.50,28.65,+0.10,"8,824",
109/01/15,"20,079,794","574,597,744",28.75,28.80,28.50,28.60,-0.05,"6,275",
109/01/16,"15,537,434","446,851,223",28.70,28.85,28.60,28.85,+0.25,"4,911",
109/01/17,"22,943,585","662,234,265",28.90,29.00,28.75,29.00,+0.15,"5,493",
109/01/20,"25,263,867","738,683,277",29.05,29.35,29.05,29.30,+0.30,"8,644",
109/01/30,"101,984,608","2,885,792,605",28.20,28.70,28.10,28.10,-1.20,"37,750",
109/01/31,"50,262,113","1,422,243,399",28.05,28.60,28.05,28.10, 0.00,"16,224",
109/02/03,"47,814,606","1,323,182,155",27.50,28.10,27.20,28.05,-0.05,"16,814",
109/02/04,"28,525,918","813,574,010",28.35,28.65,28.25,28.65,+0.60,"8,416",
109/02/05,"29,175,089","840,434,539",28.90,28.95,28.50,28.85,+0.20,"10,147",
109/02/06,"24,239,963","704,165,071",29.00,29.15,28.95,29.10,+0.25,"6,907",
109/02/07,"23,713,706","682,018,223",28.95,29.00,28.55,28.70,-0.40,"9,441",
109/02/10,"22,290,159","637,038,091",28.50,28.70,28.35,28.70, 0.00,"6,229",
109/02/11,"12,178,386","350,115,099",28.80,28.90,28.65,28.75,+0.05,"4,993",
109/02/12,"12,898,189","371,408,134",28.75,28.85,28.70,28.75, 0.00,"4,479",
109/02/13,"21,406,414","620,654,815",28.90,29.10,28.90,29.00,+0.25,"7,103",
109/02/14,"17,590,974","509,074,105",29.00,29.05,28.85,28.90,-0.10,"5,710",
109/02/17,"14,614,940","422,156,537",28.90,29.00,28.75,29.00,+0.10,"6,016",
109/02/18,"15,107,047","438,462,216",28.95,29.10,28.90,29.10,+0.10,"4,758",
109/02/19,"40,493,967","1,199,718,217",29.20,29.90,29.15,29.85,+0.75,"12,796",
109/02/20,"33,113,487","996,924,317",30.00,30.30,30.00,30.00,+0.15,"12,543",
109/02/21,"16,715,355","500,367,000",30.00,30.10,29.85,29.85,-0.15,"7,099",
109/02/24,"26,643,845","788,175,196",29.65,29.75,29.50,29.50,-0.35,"11,191",
109/02/25,"26,708,840","783,741,791",29.05,29.70,29.00,29.55,+0.05,"9,905",
109/02/26,"32,517,923","953,751,764",29.25,29.45,29.20,29.30,-0.25,"10,334",
109/02/27,"45,665,511","1,329,138,794",29.35,29.45,28.90,29.05,-0.25,"14,904",
109/03/02,"53,866,787","1,543,536,982",28.50,28.90,28.50,28.65,-0.40,"16,708",
109/03/03,"21,741,837","629,139,655",29.10,29.25,28.80,28.80,+0.15,"7,620",
109/03/04,"22,019,064","634,237,491",28.75,29.00,28.60,29.00,+0.20,"6,439",
109/03/05,"30,147,406","883,312,248",29.10,29.50,29.10,29.50,+0.50,"8,412",
109/03/06,"26,293,669","765,100,152",29.30,29.35,29.00,29.10,-0.40,"8,821",
109/03/09,"75,592,926","2,141,854,294",28.50,28.60,28.05,28.15,-0.95,"31,087",
109/03/10,"60,002,467","1,666,578,928",27.45,28.30,27.45,28.00,-0.15,"19,456",
109/03/11,"43,045,511","1,203,747,704",28.05,28.15,27.80,27.80,-0.20,"15,647",
109/03/12,"130,071,277","3,538,337,310",27.85,27.90,26.75,27.05,-0.75,"44,644",
109/03/13,"129,436,727","3,313,607,911",25.25,26.70,25.00,26.50,-0.55,"42,787",
109/03/16,"88,087,851","2,258,031,391",26.05,26.20,25.20,25.20,-1.30,"31,879",
109/03/17,"163,608,415","3,901,563,242",23.90,24.40,23.55,23.55,-1.65,"47,045",
109/03/18,"162,751,115","3,693,666,592",22.80,23.25,22.20,22.20,-1.35,"50,725",
109/03/19,"220,178,259","4,439,050,380",20.70,20.75,20.00,20.00,-2.20,"67,597",
109/03/20,"187,037,322","3,998,942,584",20.40,22.00,20.40,22.00,+2.00,"53,212",
109/03/23,"68,163,781","1,439,983,318",20.45,21.80,20.25,21.20,-0.80,"22,718",
109/03/24,"83,262,628","1,890,479,853",22.15,23.10,22.15,22.55,+1.35,"25,332",
109/03/25,"121,669,935","2,940,737,807",23.80,24.60,23.80,24.20,+1.65,"34,369",
109/03/26,"66,348,754","1,591,493,711",24.45,24.55,23.35,24.10,-0.10,"19,768",
109/03/27,"69,082,195","1,689,533,893",24.90,24.90,24.10,24.20,+0.10,"19,400",
109/03/30,"48,182,595","1,150,469,595",23.40,24.35,23.30,24.10,-0.10,"12,922",
109/03/31,"41,170,026","1,001,959,574",24.50,24.65,24.10,24.25,+0.15,"10,371",
109/04/01,"33,155,076","804,962,186",24.30,24.45,24.10,24.25, 0.00,"9,761",
109/04/06,"55,701,661","1,343,977,093",24.35,24.45,23.70,24.25, 0.00,"14,328",
109/04/07,"43,578,430","1,067,925,995",24.50,24.60,24.40,24.60,+0.35,"11,551",
109/04/08,"42,482,098","1,054,138,488",24.50,25.00,24.40,25.00,+0.40,"12,319",
109/04/09,"48,668,184","1,237,030,145",25.05,25.75,25.05,25.50,+0.50,"16,168",
109/04/10,"34,566,147","891,223,222",25.55,25.90,25.50,25.85,+0.35,"10,898",
109/04/13,"35,649,983","911,007,179",25.80,25.85,25.30,25.50,-0.35,"12,964",
109/04/14,"51,905,569","1,347,739,986",25.50,26.30,25.40,26.05,+0.55,"12,977",
109/04/15,"47,372,365","1,257,706,537",26.35,26.65,26.30,26.65,+0.60,"15,202",
109/04/16,"37,902,749","999,362,086",26.40,26.50,26.15,26.40,-0.25,"10,900",
109/04/17,"43,547,033","1,155,914,727",26.65,26.85,26.25,26.30,-0.10,"14,074",
109/04/20,"27,835,416","726,932,595",26.30,26.30,25.95,26.20,-0.10,"10,217",
109/04/21,"51,474,385","1,323,356,533",26.00,26.10,25.50,25.60,-0.60,"19,247",
109/04/22,"35,828,341","905,784,130",25.00,25.50,25.00,25.35,-0.25,"11,005",
109/04/23,"30,801,954","787,440,096",25.55,25.85,25.30,25.50,+0.15,"8,998",
109/04/24,"17,969,103","460,839,962",25.50,25.75,25.50,25.70,+0.20,"4,499",
109/04/27,"26,669,558","695,824,471",26.10,26.25,25.85,26.20,+0.50,"7,616",
109/04/28,"22,347,065","588,999,608",26.40,26.50,26.20,26.40,+0.20,"6,446",
109/04/29,"35,456,549","948,217,764",26.50,26.85,26.45,26.75,+0.35,"10,683",
109/04/30,"47,957,805","1,305,429,139",27.00,27.40,26.95,27.30,+0.55,"12,696",
109/05/04,"35,159,046","942,386,349",26.55,27.00,26.50,26.80,-0.50,"12,074",
109/05/05,"18,691,633","503,091,641",26.95,27.15,26.70,26.85,+0.05,"6,007",
109/05/06,"21,081,052","564,306,510",26.80,26.90,26.55,26.85, 0.00,"6,958",
109/05/07,"20,174,235","541,892,536",26.85,27.00,26.70,26.80,-0.05,"5,559",
109/05/08,"23,129,960","621,474,089",26.85,27.00,26.80,26.85,+0.05,"6,242",
109/05/11,"30,746,530","832,782,982",27.05,27.15,27.00,27.05,+0.20,"7,911",
109/05/12,"25,969,857","698,921,131",26.95,27.00,26.85,26.85,-0.20,"8,789",
109/05/13,"17,841,994","482,467,048",26.80,27.15,26.75,27.15,+0.30,"6,191",
109/05/14,"22,264,653","599,839,512",27.05,27.05,26.80,26.90,-0.25,"8,264",
109/05/15,"18,584,346","500,765,073",27.00,27.10,26.80,26.95,+0.05,"5,645",
109/05/18,"42,286,752","1,126,188,054",26.95,27.00,26.75,26.80,-0.15,"7,333",
109/05/19,"66,144,695","1,749,060,590",27.10,27.15,26.90,26.90,+0.10,"6,283",
109/05/20,"23,220,111","627,365,197",27.10,27.15,26.90,27.00,+0.10,"6,807",
109/05/21,"23,557,581","636,437,448",27.05,27.10,26.90,27.00, 0.00,"6,400",
109/05/22,"42,037,216","1,127,582,504",26.95,27.00,26.75,26.75,-0.25,"14,129",
109/05/25,"18,132,963","484,582,901",26.75,26.85,26.55,26.85,+0.10,"6,575",
109/05/26,"27,176,172","733,277,594",27.00,27.10,26.90,26.90,+0.05,"6,991",
109/05/27,"23,580,838","635,138,806",26.90,27.00,26.90,26.95,+0.05,"7,359",
109/05/28,"40,422,461","1,085,341,315",26.95,27.00,26.75,26.80,-0.15,"12,901",
109/05/29,"87,095,790","2,324,282,054",26.80,27.00,26.65,26.65,-0.15,"9,041",
109/06/01,"25,701,804","694,796,807",26.80,27.15,26.75,27.05,+0.40,"7,007",
109/06/02,"44,496,412","1,217,094,050",27.05,27.60,27.00,27.55,+0.50,"12,461",
109/06/03,"44,228,036","1,241,501,594",27.80,28.35,27.80,28.20,+0.65,"14,203",
109/06/04,"43,864,792","1,230,540,801",28.30,28.35,27.80,28.10,-0.10,"12,393",
109/06/05,"28,764,052","805,644,574",28.00,28.10,27.90,28.00,-0.10,"7,142",
109/06/08,"28,562,469","801,783,656",28.10,28.15,28.00,28.10,+0.10,"8,340",
109/06/09,"30,368,851","853,382,225",28.10,28.20,27.95,28.20,+0.10,"8,206",
109/06/10,"29,357,058","829,454,266",28.20,28.35,28.10,28.35,+0.15,"8,398",
109/06/11,"43,514,666","1,228,504,058",28.35,28.45,28.00,28.00,-0.35,"12,129",
109/06/12,"64,836,348","1,788,051,791",27.40,27.85,27.20,27.65,-0.35,"18,421",
109/06/15,"33,152,663","916,205,702",27.65,27.80,27.50,27.50,-0.15,"10,582",
109/06/16,"30,792,448","863,581,574",27.75,28.20,27.75,28.05,+0.55,"8,161",
109/06/17,"25,570,893","715,754,929",28.05,28.15,27.90,28.05, 0.00,"7,839",
109/06/18,"14,400,751","402,674,819",28.05,28.05,27.85,28.00,-0.05,"4,242",
109/06/19,"30,544,725","850,752,200",28.00,28.00,27.80,27.80,-0.20,"6,550",
109/06/22,"17,545,954","487,494,104",27.80,27.85,27.70,27.80, 0.00,"5,648",
109/06/23,"18,814,604","524,622,862",27.80,28.00,27.70,27.95,+0.15,"4,290",
109/06/24,"17,041,266","476,584,298",27.95,28.05,27.85,27.95, 0.00,"4,194",
109/06/29,"23,808,736","660,775,521",27.80,27.85,27.65,27.80,-0.15,"7,582",
109/06/30,"24,715,598","686,894,597",27.80,27.85,27.70,27.80, 0.00,"5,112",
109/07/01,"12,705,874","355,217,141",27.80,28.00,27.80,28.00,+0.20,"4,206",
109/07/02,"17,942,671","502,972,588",28.05,28.10,27.90,28.05,+0.05,"4,120",
109/07/03,"22,627,166","635,325,373",28.05,28.15,28.00,28.10,+0.05,"5,683",
109/07/06,"33,484,044","947,784,715",28.10,28.40,28.10,28.40,+0.30,"9,176",
109/07/07,"36,664,217","1,037,002,365",28.50,28.50,28.10,28.30,-0.10,"6,574",
109/07/08,"24,087,413","683,952,705",28.30,28.50,28.30,28.45,+0.15,"6,483",
109/07/09,"21,497,839","611,201,964",28.50,28.60,28.30,28.30,-0.15,"6,328",
109/07/10,"27,744,116","782,080,640",28.25,28.35,28.00,28.30, 0.00,"7,506",
109/07/13,"37,391,745","1,072,889,289",28.50,28.85,28.45,28.80,+0.50,"9,487",
109/07/14,"24,598,785","710,241,202",29.00,29.00,28.80,28.80, 0.00,"7,328",
109/07/15,"24,956,311","720,522,244",28.85,29.00,28.80,28.85,+0.05,"7,281",
109/07/16,"27,039,372","782,611,488",28.95,29.00,28.85,28.95,+0.10,"7,044",
109/07/17,"27,910,004","813,395,915",29.00,29.30,28.95,29.15,+0.20,"8,606",
109/07/20,"28,636,706","836,293,609",29.15,29.30,29.10,29.25,+0.10,"8,501",
109/07/21,"30,084,054","879,959,670",29.25,29.35,29.20,29.25, 0.00,"8,091",
109/07/22,"40,569,261","1,181,570,319",29.25,29.30,29.00,29.20,-0.05,"13,044",
109/07/23,"29,921,900","870,410,376",29.05,29.15,29.05,29.10,-0.10,"6,021",
109/07/24,"52,919,766","1,532,790,914",29.00,29.05,28.90,28.95,-0.15,"11,758",
109/07/27,"85,414,355","2,472,398,045",29.00,29.05,28.85,28.95, 0.00,"18,095",
109/07/28,"169,799,702","4,517,007,388",26.45,27.00,26.20,26.95,X0.00,"49,016",
109/07/29,"52,638,393","1,438,057,479",26.95,27.75,26.95,27.20,+0.25,"18,495",
109/07/30,"29,492,793","798,841,948",27.40,27.45,27.00,27.25,+0.05,"9,434",
109/07/31,"22,824,083","619,339,412",27.25,27.25,27.10,27.10,-0.15,"5,881",
109/08/03,"37,018,760","995,133,270",27.05,27.05,26.80,26.80,-0.30,"14,958",
109/08/04,"22,852,491","617,150,407",26.85,27.10,26.85,27.10,+0.30,"7,316",
109/08/05,"24,939,833","671,934,174",27.10,27.10,26.90,26.90,-0.20,"11,942",
109/08/06,"20,867,403","562,226,437",26.95,27.05,26.85,27.00,+0.10,"8,790",
109/08/07,"12,218,243","329,274,847",27.00,27.00,26.90,26.90,-0.10,"5,213",
109/08/10,"19,010,908","510,948,191",26.90,27.00,26.85,26.85,-0.05,"7,958",
109/08/11,"16,075,013","432,551,551",26.85,27.00,26.80,26.85, 0.00,"5,821",
109/08/12,"14,236,132","382,172,764",26.90,26.95,26.80,26.85, 0.00,"5,529",
109/08/13,"11,752,254","316,990,561",27.05,27.05,26.90,27.00,+0.15,"4,071",
109/08/14,"13,286,141","357,398,676",27.00,27.05,26.85,26.95,-0.05,"4,789",
109/08/17,"19,473,791","525,938,855",26.95,27.10,26.85,27.10,+0.15,"5,598",
109/08/18,"24,208,531","660,179,621",27.20,27.50,27.10,27.50,+0.40,"6,931",
109/08/19,"30,519,885","846,902,400",27.70,28.00,27.55,27.55,+0.05,"10,619",
109/08/20,"41,883,219","1,135,852,658",27.55,27.75,26.85,27.05,-0.50,"14,859",
109/08/21,"18,715,944","510,810,896",27.20,27.40,27.10,27.40,+0.35,"6,859",
109/08/24,"14,087,653","382,310,292",27.35,27.35,27.05,27.05,-0.35,"5,375",
109/08/25,"12,105,725","330,181,147",27.10,27.45,27.05,27.25,+0.20,"4,238",
109/08/26,"19,990,672","546,008,955",27.40,27.40,27.25,27.35,+0.10,"7,972",
109/08/27,"16,157,577","439,693,168",27.35,27.35,27.15,27.20,-0.15,"8,163",
109/08/28,"16,491,894","448,206,197",27.20,27.30,27.10,27.20, 0.00,"6,013",
109/08/31,"24,950,479","677,958,888",27.20,27.30,27.05,27.20, 0.00,"5,980",
109/09/01,"27,728,920","751,481,894",27.20,27.20,27.00,27.20, 0.00,"7,782",
109/09/02,"40,801,682","1,097,165,914",27.10,27.10,26.80,26.90,-0.30,"16,842",
109/09/03,"21,015,836","563,792,041",26.95,26.95,26.70,26.85,-0.05,"9,583",
109/09/04,"27,029,939","721,511,417",26.70,26.75,26.65,26.65,-0.20,"11,906",
109/09/07,"23,499,144","625,393,760",26.60,26.75,26.50,26.70,+0.05,"9,917",
109/09/08,"18,613,286","494,600,564",26.50,26.65,26.50,26.60,-0.10,"7,364",
109/09/09,"28,792,201","759,950,807",26.45,26.60,26.25,26.60, 0.00,"12,561",
109/09/10,"11,871,196","316,021,821",26.70,26.70,26.50,26.70,+0.10,"4,801",
109/09/11,"10,483,649","279,071,054",26.60,26.70,26.55,26.70, 0.00,"4,130",
109/09/14,"11,325,177","300,994,673",26.65,26.70,26.50,26.60,-0.10,"4,929",
109/09/15,"11,409,723","303,113,667",26.55,26.60,26.50,26.60, 0.00,"4,664",
109/09/16,"11,359,170","302,570,884",26.60,26.70,26.55,26.70,+0.10,"5,117",
109/09/17,"14,329,521","380,278,465",26.60,26.60,26.50,26.60,-0.10,"7,094",
109/09/18,"27,518,131","727,994,856",26.60,26.60,26.40,26.40,-0.20,"7,995",
109/09/21,"31,513,736","823,559,126",26.35,26.35,26.05,26.05,-0.35,"16,308",
109/09/22,"42,150,665","1,082,048,499",26.00,26.00,25.55,25.60,-0.45,"19,595",
109/09/23,"25,717,346","657,083,784",25.60,25.70,25.50,25.55,-0.05,"10,780",
109/09/24,"61,358,023","1,532,652,325",25.35,25.35,24.85,24.90,-0.65,"28,166",
109/09/25,"28,548,300","723,566,507",24.95,25.60,24.95,25.30,+0.40,"11,004",
109/09/28,"19,470,325","501,631,050",25.50,25.95,25.50,25.90,+0.60,"7,265",
109/09/29,"18,180,518","469,915,825",26.00,26.05,25.75,25.80,-0.10,"5,165",
109/09/30,"13,900,450","357,798,377",25.90,25.95,25.60,25.60,-0.20,"4,635",
109/10/05,"25,252,287","643,745,831",25.60,25.70,25.40,25.45,-0.15,"8,190",
109/10/06,"15,992,497","411,360,536",25.60,25.90,25.55,25.75,+0.30,"6,322",
109/10/07,"12,241,976","314,026,194",25.70,25.75,25.60,25.60,-0.15,"3,974",
109/10/08,"25,363,772","642,997,291",25.50,25.50,25.30,25.35,-0.25,"10,810",
109/10/12,"24,892,438","627,630,602",25.30,25.40,25.05,25.35, 0.00,"8,776",
109/10/13,"15,807,293","397,615,475",25.30,25.35,25.05,25.15,-0.20,"5,814",
109/10/14,"21,753,545","546,811,731",25.20,25.25,25.10,25.15, 0.00,"6,724",
109/10/15,"26,186,231","654,388,388",25.10,25.15,24.90,25.05,-0.10,"10,795",
109/10/16,"25,715,482","641,053,250",25.00,25.00,24.85,24.90,-0.15,"11,938",
109/10/19,"27,666,884","687,289,285",24.90,25.00,24.75,24.75,-0.15,"12,468",
109/10/20,"25,194,021","619,789,416",24.75,24.75,24.50,24.70,-0.05,"9,588",
109/10/21,"29,166,370","716,286,633",24.70,24.70,24.50,24.50,-0.20,"11,033",
109/10/22,"23,095,664","568,765,105",24.50,24.80,24.50,24.80,+0.30,"7,280",
109/10/23,"19,680,123","486,990,466",24.80,24.95,24.60,24.75,-0.05,"6,922",
109/10/26,"23,003,468","573,232,091",24.70,25.15,24.70,24.95,+0.20,"8,690",
109/10/27,"21,658,138","536,187,555",24.85,24.85,24.70,24.75,-0.20,"8,853",
109/10/28,"16,616,356","410,016,956",24.75,24.80,24.60,24.70,-0.05,"10,243",
109/10/29,"34,456,111","841,364,784",24.50,24.55,24.30,24.35,-0.35,"18,081",
109/10/30,"34,453,208","836,477,799",24.30,24.40,24.20,24.30,-0.05,"14,370",
109/11/02,"15,082,424","367,573,318",24.25,24.60,24.25,24.60,+0.30,"7,928",
109/11/03,"14,661,835","363,151,877",24.75,24.90,24.65,24.90,+0.30,"6,164",
109/11/04,"17,195,897","428,407,274",24.95,25.05,24.80,24.85,-0.05,"9,965",
109/11/05,"19,676,419","491,711,159",24.95,25.05,24.90,25.05,+0.20,"8,763",
109/11/06,"20,476,586","515,818,372",25.10,25.30,25.05,25.30,+0.25,"8,312",
109/11/09,"29,960,647","760,242,802",25.40,25.50,25.20,25.45,+0.15,"8,595",
109/11/10,"29,268,237","753,033,936",25.55,25.90,25.50,25.80,+0.35,"10,471",
109/11/11,"72,869,757","1,917,180,887",25.90,26.50,25.90,26.50,+0.70,"21,112",
109/11/12,"27,766,378","726,337,524",26.50,26.55,26.00,26.15,-0.35,"9,837",
109/11/13,"19,225,418","500,061,262",26.10,26.15,25.90,26.10,-0.05,"7,724",
109/11/16,"25,234,257","659,322,782",26.20,26.25,26.00,26.15,+0.05,"8,306",
109/11/17,"19,659,683","511,434,686",26.05,26.10,25.90,26.10,-0.05,"6,791",
109/11/18,"39,011,164","1,008,948,974",25.95,26.00,25.75,25.85,-0.25,"13,155",
109/11/19,"37,793,725","965,451,413",25.60,25.75,25.40,25.65,-0.20,"14,311",
109/11/20,"39,712,488","1,008,072,351",25.60,25.60,25.25,25.35,-0.30,"18,327",
109/11/23,"22,455,084","573,907,141",25.35,25.65,25.35,25.60,+0.25,"7,228",
109/11/24,"18,499,054","474,667,302",25.65,25.75,25.50,25.75,+0.15,"6,861",
109/11/25,"29,833,837","761,670,647",25.65,25.70,25.40,25.40,-0.35,"13,424",
109/11/26,"14,084,956","358,833,339",25.40,25.60,25.40,25.55,+0.15,"5,688",
109/11/27,"20,582,185","523,550,917",25.50,25.55,25.40,25.45,-0.10,"8,588",
109/11/30,"55,661,358","1,404,524,867",25.45,25.50,25.15,25.15,-0.30,"12,289",
109/12/01,"24,075,696","607,043,848",25.20,25.30,25.15,25.30,+0.15,"8,994",
109/12/02,"31,041,818","782,172,102",25.20,25.30,25.10,25.30, 0.00,"9,671",
109/12/03,"15,011,005","378,902,646",25.25,25.30,25.15,25.25,-0.05,"5,882",
109/12/04,"22,289,893","564,544,520",25.30,25.40,25.25,25.40,+0.15,"7,598",
109/12/07,"23,657,670","596,683,523",25.40,25.45,25.15,25.15,-0.25,"10,432",
109/12/08,"38,357,813","958,164,760",25.00,25.05,24.90,25.05,-0.10,"14,979",
109/12/09,"23,915,882","598,944,023",25.00,25.10,25.00,25.10,+0.05,"8,521",
109/12/10,"16,993,028","425,885,221",25.10,25.20,25.00,25.00,-0.10,"6,772",
109/12/11,"22,697,694","569,835,882",25.05,25.25,25.00,25.10,+0.10,"6,968",
109/12/14,"23,072,934","577,524,207",25.10,25.20,25.00,25.00,-0.10,"9,067",
109/12/15,"28,910,375","719,521,537",25.00,25.00,24.85,24.85,-0.15,"12,926",
109/12/16,"18,533,805","466,279,816",24.85,25.25,24.85,25.25,+0.40,"9,192",
109/12/17,"17,435,709","440,935,373",25.25,25.40,25.15,25.30,+0.05,"5,183",
109/12/18,"17,144,286","432,675,062",25.30,25.35,25.15,25.15,-0.15,"5,539",
109/12/21,"12,699,351","320,066,427",25.15,25.30,25.05,25.30,+0.15,"5,033",
109/12/22,"13,414,181","337,144,252",25.20,25.20,25.00,25.00,-0.30,"6,326",
109/12/23,"13,219,828","330,472,271",24.95,25.10,24.90,24.95,-0.05,"5,241",
109/12/24,"11,167,565","279,174,879",25.00,25.05,24.95,24.95, 0.00,"4,071",
109/12/25,"12,207,172","305,184,585",25.00,25.10,24.95,25.00,+0.05,"4,313",
109/12/28,"14,644,865","365,312,458",25.00,25.00,24.90,24.95,-0.05,"6,907",
109/12/29,"13,939,645","347,925,636",24.95,25.00,24.90,25.00,+0.05,"5,388",
109/12/30,"32,980,202","836,912,017",25.05,25.70,25.00,25.70,+0.70,"12,049",
109/12/31,"20,982,433","535,539,158",25.80,25.80,25.40,25.55,-0.15,"6,559",
110/01/04,"20,070,012","509,340,219",25.45,25.50,25.20,25.35,-0.20,"6,559",
110/01/05,"16,559,816","418,177,979",25.30,25.35,25.15,25.30,-0.05,"6,312",
110/01/06,"24,403,830","614,426,509",25.15,25.30,25.10,25.20,-0.10,"10,519",
110/01/07,"21,383,819","538,809,633",25.20,25.25,25.15,25.20, 0.00,"6,806",
110/01/08,"32,716,367","826,713,139",25.15,25.50,25.10,25.50,+0.30,"10,506",
110/01/11,"19,095,096","485,453,894",25.45,25.50,25.35,25.50, 0.00,"7,223",
110/01/12,"17,652,000","446,403,895",25.35,25.45,25.20,25.30,-0.20,"6,313",
110/01/13,"19,992,522","506,238,490",25.30,25.45,25.20,25.30, 0.00,"5,672",
110/01/14,"23,007,257","580,195,019",25.30,25.40,25.10,25.20,-0.10,"7,252",
110/01/15,"25,517,860","640,196,411",25.15,25.20,25.00,25.00,-0.20,"11,927",
110/01/18,"28,940,742","720,509,563",25.00,25.00,24.80,24.90,-0.10,"11,748",
110/01/19,"20,416,582","508,179,941",24.90,24.95,24.85,24.90, 0.00,"9,140",
110/01/20,"48,730,505","1,202,257,818",24.85,24.85,24.55,24.55,-0.35,"25,129",
110/01/21,"32,511,887","798,218,679",24.55,24.70,24.50,24.50,-0.05,"15,520",
110/01/22,"38,229,449","930,250,637",24.50,24.55,24.30,24.30,-0.20,"18,496",
110/01/25,"31,340,611","758,910,608",24.20,24.30,24.10,24.25,-0.05,"13,624",
110/01/26,"34,318,745","828,430,132",24.15,24.30,24.00,24.10,-0.15,"15,751",
110/01/27,"28,467,331","690,305,873",24.20,24.50,24.15,24.20,+0.10,"8,167",
110/01/28,"42,698,950","1,025,841,959",24.00,24.15,24.00,24.00,-0.20,"19,378",
110/01/29,"69,232,314","1,648,526,423",24.00,24.00,23.60,23.60,-0.40,"31,639",
110/02/01,"23,119,446","550,746,982",23.60,24.00,23.60,23.90,+0.30,"10,820",
110/02/02,"21,886,667","526,479,928",23.90,24.20,23.70,24.10,+0.20,"8,573",
110/02/03,"25,884,840","621,373,725",24.10,24.15,23.95,23.95,-0.15,"9,711",
110/02/04,"22,615,642","542,650,482",23.90,24.15,23.80,24.00,+0.05,"6,280",
110/02/05,"18,957,194","456,171,729",24.00,24.15,23.95,24.10,+0.10,"6,284",
110/02/17,"49,352,560","1,216,665,923",24.20,24.90,24.20,24.70,+0.60,"16,060",
110/02/18,"21,586,782","538,024,875",24.75,25.00,24.75,24.90,+0.20,"8,495",
110/02/19,"18,651,204","462,857,355",24.90,24.95,24.70,24.90, 0.00,"7,429",
110/02/22,"22,038,743","548,634,948",24.85,25.00,24.80,24.85,-0.05,"9,465",
110/02/23,"32,917,232","825,953,327",24.85,25.30,24.85,25.25,+0.40,"10,159",
110/02/24,"29,255,591","742,892,258",25.30,25.50,25.30,25.35,+0.10,"8,803",
110/02/25,"34,610,507","885,569,285",25.45,25.75,25.40,25.75,+0.40,"12,077",
110/02/26,"57,664,763","1,457,989,996",25.55,25.55,25.15,25.25,-0.50,"14,441",
110/03/02,"31,449,241","795,795,966",25.35,25.55,25.10,25.15,-0.10,"9,394",
110/03/03,"28,465,257","718,875,365",25.20,25.40,25.20,25.25,+0.10,"7,159",
110/03/04,"30,942,364","775,735,059",25.25,25.30,25.00,25.10,-0.15,"9,345",
110/03/05,"21,036,152","527,736,036",25.00,25.25,24.90,25.05,-0.05,"5,962",
110/03/08,"24,666,864","622,157,967",25.15,25.40,25.10,25.15,+0.10,"6,876",
110/03/09,"43,139,151","1,102,648,432",25.35,25.70,25.30,25.70,+0.55,"12,959",
110/03/10,"41,284,489","1,072,264,207",25.95,26.20,25.85,26.00,+0.30,"13,981",
110/03/11,"31,354,802","816,261,290",26.10,26.20,25.90,25.90,-0.10,"12,268",
110/03/12,"18,753,133","485,130,778",25.95,25.95,25.75,25.95,+0.05,"6,659",
110/03/15,"24,989,230","649,886,572",25.95,26.10,25.85,26.10,+0.15,"8,996",
110/03/16,"26,388,178","690,383,507",26.15,26.20,26.10,26.20,+0.10,"8,834",
110/03/17,"21,454,141","559,873,419",26.20,26.20,26.00,26.00,-0.20,"9,817",
110/03/18,"22,897,821","597,486,033",26.05,26.20,26.05,26.10,+0.10,"6,430",
110/03/19,"40,589,320","1,054,556,673",26.05,26.10,25.90,26.05,-0.05,"11,564",
110/03/22,"23,085,147","598,713,866",26.00,26.10,25.80,25.95,-0.10,"8,647",
110/03/23,"22,000,804","571,201,322",25.95,26.05,25.85,25.90,-0.05,"7,309",
110/03/24,"16,001,260","407,321,646",25.85,26.00,25.85,26.00,+0.10,"5,235",
110/03/25,"20,935,049","544,866,602",25.90,26.10,25.90,26.05,+0.05,"6,863",
110/03/26,"21,423,950","559,407,393",26.05,26.20,26.05,26.20,+0.15,"7,108",
110/03/29,"23,547,348","616,903,704",26.25,26.30,26.15,26.20, 0.00,"9,207",
110/03/30,"25,583,034","668,444,781",26.20,26.25,26.05,26.20, 0.00,"7,921",
110/03/31,"26,195,351","683,880,117",26.20,26.20,26.05,26.10,-0.10,"7,702",
110/04/01,"14,449,540","376,744,057",26.10,26.15,26.00,26.10, 0.00,"5,677",
110/04/06,"16,386,308","427,886,622",26.15,26.20,26.05,26.10, 0.00,"6,831",
110/04/07,"13,452,436","351,560,150",26.10,26.20,26.10,26.15,+0.05,"6,018",
110/04/08,"18,986,348","496,004,567",26.15,26.20,26.05,26.20,+0.05,"6,469",
110/04/09,"18,812,918","492,396,261",26.20,26.30,26.15,26.15,-0.05,"6,262",
110/04/12,"32,186,140","841,372,958",26.10,26.20,26.05,26.20,+0.05,"8,901",
110/04/13,"36,634,094","961,544,688",26.20,26.30,26.15,26.25,+0.05,"7,880",
110/04/14,"47,506,629","1,250,050,259",26.30,26.35,26.20,26.35,+0.10,"8,534",
110/04/15,"43,767,879","1,172,206,914",26.45,26.90,26.40,26.90,+0.55,"15,122",
110/04/16,"33,183,698","890,776,927",26.95,26.95,26.75,26.95,+0.05,"10,001",
110/04/19,"31,308,548","848,462,585",27.00,27.25,26.95,27.25,+0.30,"12,448",
110/04/20,"20,354,135","552,458,026",27.25,27.30,27.05,27.20,-0.05,"8,494",
110/04/21,"22,413,044","606,054,478",27.05,27.10,27.00,27.00,-0.20,"8,749",
110/04/22,"36,321,382","976,502,990",27.00,27.05,26.75,26.85,-0.15,"15,273",
110/04/23,"26,124,182","696,769,377",26.80,26.85,26.55,26.80,-0.05,"10,130",
110/04/26,"21,971,915","591,575,181",26.80,27.00,26.75,27.00,+0.20,"9,211",
110/04/27,"16,675,126","448,607,139",26.95,27.00,26.80,27.00, 0.00,"6,975",
110/04/28,"15,263,941","410,504,078",26.95,27.00,26.85,26.95,-0.05,"5,766",
110/04/29,"25,587,519","687,264,866",26.80,26.95,26.80,26.95, 0.00,"7,755",
110/05/03,"29,110,256","776,916,022",26.90,26.90,26.60,26.60,-0.35,"12,153",
110/05/04,"53,175,631","1,394,411,539",26.50,26.60,25.80,26.25,-0.35,"19,309",
110/05/05,"24,002,002","629,707,881",26.15,26.45,26.00,26.30,+0.05,"7,554",
110/05/06,"17,610,228","467,062,788",26.35,26.65,26.35,26.60,+0.30,"6,464",
110/05/07,"16,351,543","434,722,344",26.65,26.75,26.50,26.65,+0.05,"6,306",
110/05/10,"27,287,362","727,799,731",26.65,26.85,26.50,26.80,+0.15,"7,934",
110/05/11,"34,848,264","921,244,876",26.60,26.70,26.05,26.25,-0.55,"13,008",
110/05/12,"106,514,882","2,707,694,030",26.10,26.25,24.40,25.40,-0.85,"37,517",
110/05/13,"46,888,337","1,184,090,121",25.20,25.60,24.70,25.35,-0.05,"16,122",
110/05/14,"22,736,569","579,696,915",25.40,25.70,25.35,25.55,+0.20,"8,622",
110/05/17,"56,344,941","1,402,968,573",24.60,25.25,24.60,24.95,-0.60,"21,518",
110/05/18,"25,885,268","658,881,148",25.00,25.70,25.00,25.60,+0.65,"7,992",
110/05/19,"13,332,256","339,778,055",25.50,25.65,25.40,25.40,-0.20,"6,783",
110/05/20,"18,084,571","456,437,253",25.40,25.40,25.15,25.25,-0.15,"7,359",
110/05/21,"15,564,764","395,516,563",25.35,25.60,25.25,25.45,+0.20,"5,600",
110/05/24,"14,045,788","355,177,386",25.25,25.35,25.20,25.25,-0.20,"6,470",
110/05/25,"18,807,439","478,030,242",25.25,25.50,25.25,25.40,+0.15,"6,071",
110/05/26,"12,343,295","314,836,092",25.40,25.60,25.35,25.55,+0.15,"4,598",
110/05/27,"44,889,490","1,137,269,731",25.40,25.55,25.30,25.30,-0.25,"7,246",
110/05/28,"21,571,085","547,676,602",25.40,25.50,25.30,25.40,+0.10,"6,814",
110/05/31,"18,433,060","470,628,368",25.45,25.65,25.40,25.55,+0.15,"6,350",
110/06/01,"13,190,506","338,972,261",25.60,25.90,25.55,25.90,+0.35,"5,062",
110/06/02,"18,157,799","470,880,792",25.90,26.10,25.80,26.00,+0.10,"7,863",
110/06/03,"13,634,925","353,480,759",26.00,26.00,25.85,25.95,-0.05,"5,133",
110/06/04,"9,682,020","250,611,712",25.85,25.95,25.80,25.95, 0.00,"3,828",
110/06/07,"10,578,787","273,239,818",25.90,25.95,25.70,25.90,-0.05,"5,002",
110/06/08,"11,431,413","295,222,836",25.95,25.95,25.70,25.95,+0.05,"4,864",
110/06/09,"11,417,059","294,086,769",25.85,25.90,25.70,25.70,-0.25,"4,431",
110/06/10,"9,588,441","247,360,320",25.70,25.90,25.70,25.85,+0.15,"3,616",
110/06/11,"10,570,561","272,829,964",25.85,25.90,25.75,25.80,-0.05,"4,012",
110/06/15,"10,851,520","279,066,967",25.80,25.80,25.65,25.75,-0.05,"5,139",
110/06/16,"21,972,265","564,061,107",25.65,25.75,25.60,25.60,-0.15,"10,212",
110/06/17,"17,688,179","452,347,615",25.50,25.65,25.45,25.65,+0.05,"5,002",
110/06/18,"33,312,565","850,505,908",25.60,25.65,25.50,25.50,-0.15,"8,571",
110/06/21,"21,205,361","539,362,955",25.40,25.65,25.35,25.45,-0.05,"9,362",
110/06/22,"12,706,638","323,646,192",25.55,25.60,25.40,25.40,-0.05,"5,091",
110/06/23,"16,260,178","418,506,940",25.50,25.90,25.45,25.90,+0.50,"6,795",
110/06/24,"11,568,933","300,004,034",25.95,26.00,25.80,25.95,+0.05,"4,935",
110/06/25,"17,844,127","465,941,856",26.00,26.20,25.95,26.15,+0.20,"6,558",
110/06/28,"14,154,363","371,383,809",26.20,26.30,26.20,26.25,+0.10,"5,626",
110/06/29,"19,837,748","518,153,492",26.25,26.25,26.00,26.15,-0.10,"7,090",
110/06/30,"17,606,833","462,146,256",26.15,26.30,26.10,26.30,+0.15,"5,584",
110/07/01,"32,492,382","846,369,205",26.20,26.25,26.00,26.00,-0.30,"6,419",
110/07/02,"13,079,198","340,016,327",26.00,26.10,25.95,26.00, 0.00,"4,903",
110/07/05,"16,623,409","432,732,707",26.00,26.10,25.95,26.05,+0.05,"5,818",
110/07/06,"11,974,489","312,895,762",26.10,26.20,26.05,26.15,+0.10,"4,821",
110/07/07,"14,518,870","379,076,808",26.15,26.15,26.05,26.15, 0.00,"4,952",
110/07/08,"17,925,245","468,552,330",26.15,26.25,26.05,26.20,+0.05,"5,878",
110/07/09,"20,221,823","527,495,649",26.05,26.20,26.00,26.20, 0.00,"6,353",
110/07/12,"19,401,826","509,785,788",26.20,26.35,26.20,26.25,+0.05,"6,823",
110/07/13,"24,660,326","647,446,751",26.30,26.30,26.15,26.25, 0.00,"6,445",
110/07/14,"22,445,478","589,190,355",26.10,26.30,26.10,26.30,+0.05,"6,606",
110/07/15,"12,942,926","341,002,031",26.35,26.40,26.30,26.35,+0.05,"4,531",
110/07/16,"25,363,917","669,518,820",26.30,26.50,26.20,26.50,+0.15,"7,708",
110/07/19,"18,734,650","493,672,832",26.45,26.45,26.25,26.40,-0.10,"5,555",
110/07/20,"23,004,753","607,085,552",26.30,26.50,26.25,26.40, 0.00,"6,396",
110/07/21,"18,269,694","481,152,873",26.40,26.40,26.25,26.35,-0.05,"8,160",
110/07/22,"22,720,215","599,568,462",26.20,26.45,26.20,26.45,+0.10,"5,458",
110/07/23,"21,442,532","568,785,984",26.45,26.60,26.40,26.60,+0.15,"5,439",
110/07/26,"19,980,575","530,622,741",26.50,26.65,26.50,26.50,-0.10,"6,806",
110/07/27,"14,965,329","396,606,058",26.55,26.55,26.45,26.50, 0.00,"4,455",
110/07/28,"20,402,762","538,977,024",26.50,26.55,26.25,26.50, 0.00,"7,318",
110/07/29,"17,312,917","459,435,955",26.50,26.60,26.40,26.60,+0.10,"6,451",
110/07/30,"20,357,391","540,522,041",26.60,26.65,26.50,26.50,-0.10,"4,745",
110/08/02,"24,601,111","659,467,926",26.60,26.90,26.60,26.90,+0.40,"7,284",
110/08/03,"11,847,266","318,484,628",26.90,26.95,26.80,26.95,+0.05,"3,649",
110/08/04,"14,608,130","392,982,140",26.90,26.95,26.85,26.90,-0.05,"4,686",
110/08/05,"15,985,429","429,669,078",26.80,26.95,26.80,26.90, 0.00,"5,443",
110/08/06,"15,172,912","407,651,389",26.90,26.95,26.80,26.85,-0.05,"4,110",
110/08/09,"22,229,899","595,837,540",26.85,26.90,26.65,26.90,+0.05,"5,233",
110/08/10,"17,759,475","477,762,855",26.90,27.00,26.80,27.00,+0.10,"5,869",
110/08/11,"13,865,597","373,788,795",27.00,27.00,26.90,27.00, 0.00,"4,622",
110/08/12,"17,135,323","462,174,019",27.00,27.00,26.90,27.00, 0.00,"5,114",
110/08/13,"17,716,488","476,602,177",27.00,27.00,26.85,26.95,-0.05,"5,525",
110/08/16,"25,243,024","674,789,894",26.90,26.90,26.60,26.70,-0.25,"7,958",
110/08/17,"30,444,548","815,358,726",26.70,26.95,26.65,26.95,+0.25,"8,095",
110/08/18,"28,596,475","769,694,530",26.90,27.00,26.75,27.00,+0.05,"8,625",
110/08/19,"36,162,640","972,723,765",26.95,27.00,26.80,26.95,-0.05,"8,451",
110/08/20,"22,445,425","603,034,228",26.95,26.95,26.75,26.85,-0.10,"6,176",
110/08/23,"25,626,883","689,723,860",26.95,27.00,26.85,26.90,+0.05,"6,022",
110/08/24,"52,734,757","1,427,035,544",27.00,27.30,26.90,27.30,+0.40,"11,603",
110/08/25,"27,187,477","742,795,380",27.35,27.45,27.20,27.35,+0.05,"7,652",
110/08/26,"36,242,747","990,938,469",27.35,27.40,27.25,27.40,+0.05,"7,312",
110/08/27,"62,140,957","1,710,113,851",27.40,27.70,27.30,27.70,+0.30,"15,102",
110/08/30,"75,699,641","2,106,071,792",27.80,27.90,27.70,27.85,+0.15,"19,747",
110/08/31,"104,915,589","2,746,743,903",26.00,26.60,25.90,26.60,X0.00,"26,982",
110/09/01,"55,122,184","1,438,666,627",26.55,26.55,26.00,26.05,-0.55,"22,934",
110/09/02,"33,577,808","877,305,817",26.10,26.25,25.95,26.25,+0.20,"8,226",
110/09/03,"22,820,006","599,258,167",26.25,26.40,26.15,26.30,+0.05,"6,656",
110/09/06,"21,135,154","554,622,114",26.30,26.35,26.10,26.25,-0.05,"6,845",
110/09/07,"16,512,183","432,145,912",26.25,26.25,26.05,26.25, 0.00,"5,154",
110/09/08,"27,289,469","715,407,609",26.25,26.30,26.15,26.25, 0.00,"7,560",
110/09/09,"19,390,861","508,491,392",26.25,26.30,26.10,26.25, 0.00,"5,143",
110/09/10,"16,748,668","439,342,372",26.25,26.30,26.10,26.30,+0.05,"4,850",
110/09/13,"13,863,084","364,186,032",26.30,26.30,26.20,26.30, 0.00,"4,854",
110/09/14,"14,606,628","384,811,408",26.30,26.40,26.25,26.35,+0.05,"4,771",
110/09/15,"10,612,737","279,406,843",26.40,26.40,26.30,26.30,-0.05,"5,663",
110/09/16,"14,730,943","387,645,443",26.30,26.40,26.20,26.35,+0.05,"4,992",
110/09/17,"34,021,122","894,578,553",26.35,26.40,26.25,26.25,-0.10,"5,692",
110/09/22,"41,213,177","1,066,672,264",25.95,26.00,25.80,25.90,-0.35,"18,847",
110/09/23,"12,783,319","334,544,125",26.00,26.25,26.00,26.25,+0.35,"4,516",
110/09/24,"12,368,287","325,514,287",26.40,26.45,26.20,26.30,+0.05,"4,392",
110/09/27,"16,292,537","430,021,191",26.35,26.45,26.30,26.40,+0.10,"5,385",
110/09/28,"9,491,834","250,095,176",26.40,26.45,26.25,26.40, 0.00,"4,102",
110/09/29,"21,834,595","572,974,866",26.40,26.40,26.10,26.35,-0.05,"7,766",
110/09/30,"19,306,844","506,980,550",26.35,26.35,26.15,26.30,-0.05,"8,571",
110/10/01,"24,185,129","629,998,632",26.15,26.25,26.00,26.10,-0.20,"12,723",
110/10/04,"16,122,298","419,729,230",26.10,26.15,26.00,26.00,-0.10,"7,309",
110/10/05,"17,500,039","453,592,570",25.90,26.00,25.85,25.90,-0.10,"9,226",
110/10/06,"17,223,065","447,524,260",25.95,26.10,25.90,26.05,+0.15,"7,546",
110/10/07,"14,558,813","381,721,080",26.15,26.35,26.10,26.25,+0.20,"5,420",
110/10/08,"12,716,076","331,140,035",26.20,26.20,26.00,26.00,-0.25,"6,064",
110/10/12,"24,492,414","636,700,594",25.90,26.15,25.85,26.15,+0.15,"6,602",
110/10/13,"11,601,428","303,396,802",26.20,26.30,26.05,26.15, 0.00,"5,246",
110/10/14,"10,578,804","276,567,313",26.15,26.30,26.00,26.10,-0.05,"4,051",
110/10/15,"15,316,404","401,008,874",26.15,26.25,26.10,26.20,+0.10,"6,799",
110/10/18,"12,179,328","319,166,624",26.20,26.25,26.15,26.20, 0.00,"6,035",
110/10/19,"12,195,107","319,941,123",26.30,26.30,26.15,26.25,+0.05,"5,110",
110/10/20,"12,746,213","334,862,058",26.30,26.30,26.20,26.30,+0.05,"7,036",
110/10/21,"23,098,991","610,679,275",26.40,26.50,26.30,26.50,+0.20,"6,888",
110/10/22,"8,515,783","225,302,757",26.50,26.50,26.40,26.45,-0.05,"3,936",
110/10/25,"9,479,199","249,985,401",26.45,26.45,26.30,26.35,-0.10,"4,233",
110/10/26,"23,461,144","624,126,305",26.45,26.65,26.45,26.65,+0.30,"6,626",
110/10/27,"26,612,275","677,824,983",26.65,26.80,26.60,26.75,+0.10,"5,889",
110/10/28,"27,772,014","709,642,890",26.80,26.80,26.60,26.60,-0.15,"5,874",
110/10/29,"33,121,835","846,589,036",26.40,26.60,26.35,26.55,-0.05,"5,472",
110/11/01,"17,790,152","458,675,302",26.80,26.85,26.60,26.65,+0.10,"4,589",
110/11/02,"9,654,855","257,681,839",26.75,26.75,26.65,26.70,+0.05,"3,743",
110/11/03,"7,079,777","188,831,664",26.65,26.70,26.55,26.70, 0.00,"3,367",
110/11/04,"11,137,037","297,648,208",26.75,26.80,26.70,26.70, 0.00,"4,103",
110/11/05,"9,341,164","249,694,761",26.70,26.80,26.65,26.80,+0.10,"4,641",
110/11/08,"14,922,351","400,728,722",26.80,26.90,26.70,26.90,+0.10,"5,961",
110/11/09,"15,162,610","408,207,339",26.85,27.00,26.80,27.00,+0.10,"5,242",
110/11/10,"34,481,647","941,794,102",27.00,27.45,26.95,27.35,+0.35,"10,786",
110/11/11,"40,635,053","1,122,842,685",27.50,27.80,27.45,27.75,+0.40,"13,835",
110/11/12,"19,736,925","545,755,646",27.75,27.80,27.50,27.60,-0.15,"10,138",
110/11/15,"25,906,897","721,605,783",27.60,27.95,27.60,27.95,+0.35,"11,471",
110/11/16,"18,102,625","504,823,295",27.95,27.95,27.85,27.90,-0.05,"8,175",
110/11/17,"13,117,902","366,011,726",27.90,27.95,27.85,27.95,+0.05,"6,051",
110/11/18,"14,495,908","404,638,944",27.95,27.95,27.85,27.95, 0.00,"6,687",
110/11/19,"18,220,317","505,513,871",27.95,27.95,27.65,27.65,-0.30,"10,811",
110/11/22,"21,934,802","600,581,234",27.60,27.60,27.15,27.50,-0.15,"8,820",
110/11/23,"12,217,468","333,967,521",27.35,27.40,27.20,27.40,-0.10,"5,000",
110/11/24,"34,471,498","964,065,264",27.60,28.25,27.55,28.00,+0.60,"11,110",
110/11/25,"12,147,669","338,360,954",28.00,28.00,27.75,27.90,-0.10,"6,517",
110/11/26,"19,228,935","530,296,009",27.70,27.75,27.50,27.60,-0.30,"14,735",
110/11/29,"18,649,645","508,057,394",27.15,27.40,27.10,27.20,-0.40,"7,940",
110/11/30,"45,505,481","1,231,270,817",27.20,27.50,26.95,26.95,-0.25,"7,399",
110/12/01,"12,216,217","334,330,069",27.00,27.55,26.95,27.55,+0.60,"6,458",
110/12/02,"12,737,763","351,239,828",27.55,27.70,27.35,27.70,+0.15,"4,839",
110/12/03,"15,584,977","433,524,293",27.90,27.95,27.70,27.85,+0.15,"7,154",
110/12/06,"14,600,799","406,477,391",27.75,27.95,27.60,27.90,+0.05,"66,617",
110/12/07,"19,480,735","543,401,804",27.80,28.00,27.65,28.00,+0.10,"9,931",
110/12/08,"15,032,435","420,575,171",28.05,28.05,27.90,28.00, 0.00,"5,854",
110/12/09,"16,325,166","456,291,370",28.00,28.00,27.90,28.00, 0.00,"5,586",
110/12/10,"13,583,997","379,519,855",27.95,28.00,27.90,27.95,-0.05,"6,932",
110/12/13,"14,333,956","400,267,665",28.00,28.00,27.85,27.85,-0.10,"35,046",
110/12/14,"13,474,778","373,490,398",27.85,27.85,27.60,27.75,-0.10,"5,482",
110/12/15,"9,649,505","267,210,560",27.70,27.80,27.60,27.70,-0.05,"3,988",
110/12/16,"8,241,599","228,953,267",27.75,27.85,27.70,27.85,+0.15,"3,676",
110/12/17,"16,264,760","454,687,646",27.85,28.00,27.80,28.00,+0.15,"4,755",
110/12/20,"9,006,029","250,393,754",27.90,27.95,27.70,27.80,-0.20,"4,768",
110/12/21,"9,918,642","276,401,507",27.80,27.95,27.70,27.95,+0.15,"3,176",
110/12/22,"7,405,889","206,438,432",27.95,28.00,27.80,27.90,-0.05,"3,832",
110/12/23,"8,435,622","235,426,530",27.80,28.00,27.80,27.90, 0.00,"3,394",
110/12/24,"7,449,236","208,187,958",27.95,28.00,27.90,27.95,+0.05,"3,027",
110/12/27,"6,087,326","169,991,583",27.95,27.95,27.90,27.95, 0.00,"3,919",
110/12/28,"16,229,204","453,981,039",27.95,28.00,27.90,28.00,+0.05,"4,758",
110/12/29,"18,386,518","515,270,811",28.00,28.15,27.95,28.05,+0.05,"7,193",
110/12/30,"14,108,007","395,950,484",28.05,28.15,28.00,28.05, 0.00,"6,044",
111/01/03,"11,041,923","310,195,374",28.10,28.20,28.00,28.00,-0.05,"6,272",
111/01/04,"10,745,448","301,405,138",28.05,28.15,28.00,28.10,+0.10,"5,474",
111/01/05,"25,356,526","699,150,937",28.00,28.20,28.00,28.20,+0.10,"7,273",
111/01/06,"29,977,013","852,790,079",28.30,28.55,28.20,28.55,+0.35,"11,091",
111/01/07,"31,308,829","905,479,588",28.65,29.00,28.65,28.95,+0.40,"12,642",
111/01/10,"14,716,503","425,247,958",28.90,28.95,28.80,28.95, 0.00,"8,623",
111/01/11,"26,845,564","781,374,115",28.90,29.30,28.85,29.30,+0.35,"10,420",
111/01/12,"33,402,540","979,004,953",29.30,29.45,29.10,29.40,+0.10,"11,010",
111/01/13,"31,921,443","946,459,797",29.45,29.90,29.40,29.90,+0.50,"13,621",
111/01/14,"26,636,242","786,485,116",29.90,29.90,29.05,29.50,-0.40,"19,115",
111/01/17,"17,040,590","497,508,967",29.35,29.45,29.10,29.20,-0.30,"10,088",
111/01/18,"13,360,112","390,253,555",29.20,29.40,29.00,29.20, 0.00,"6,150",
111/01/19,"15,678,080","455,394,109",29.10,29.15,29.00,29.00,-0.20,"9,586",
111/01/20,"21,129,970","610,734,513",29.00,29.05,28.75,28.95,-0.05,"6,943",
111/01/21,"21,736,543","625,022,839",28.75,28.90,28.65,28.85,-0.10,"8,422",
111/01/24,"18,469,807","527,637,397",28.55,28.85,28.35,28.85, 0.00,"10,062",
111/01/25,"26,534,084","758,183,935",28.50,28.85,28.40,28.85, 0.00,"9,522",
111/01/26,"15,564,356","450,475,218",28.85,29.05,28.70,29.00,+0.15,"6,683",
111/02/07,"39,525,433","1,172,930,799",29.30,29.95,29.25,29.95,+0.95,"15,958",
111/02/08,"31,791,868","955,899,049",29.95,30.30,29.80,30.10,+0.15,"11,884",
111/02/09,"30,832,541","932,679,186",30.10,30.35,30.05,30.35,+0.25,"12,352",
111/02/10,"20,317,023","613,901,148",30.35,30.40,30.10,30.30,-0.05,"9,595",
111/02/11,"19,518,221","589,585,617",30.15,30.40,30.00,30.40,+0.10,"6,794",
111/02/14,"19,508,823","590,149,365",30.25,30.35,30.10,30.35,-0.05,"7,194",
111/02/15,"21,217,607","643,071,464",30.35,30.45,30.25,30.25,-0.10,"10,871",
111/02/16,"26,953,848","824,025,228",30.35,30.95,30.30,30.65,+0.40,"14,000",
111/02/17,"29,662,430","907,234,336",30.95,30.95,30.35,30.50,-0.15,"10,626",
111/02/18,"12,691,782","385,585,226",30.15,30.65,30.15,30.35,-0.15,"6,017",
111/02/21,"34,942,550","1,054,051,956",30.15,30.30,30.10,30.20,-0.15,"7,005",
111/02/22,"40,659,551","1,215,562,181",30.00,30.05,29.80,30.00,-0.20,"15,482",
111/02/23,"16,033,635","480,803,028",29.90,30.05,29.90,30.00, 0.00,"6,304",
111/02/24,"42,717,189","1,261,022,816",29.75,29.75,29.25,29.60,-0.40,"22,072",
111/02/25,"45,966,532","1,350,079,955",29.60,29.60,29.10,29.45,-0.15,"14,635",
111/03/01,"25,978,385","772,713,707",29.15,30.00,29.15,29.80,+0.35,"9,081",
111/03/02,"21,055,924","628,237,798",29.75,29.95,29.55,29.90,+0.10,"7,150",
111/03/03,"20,447,314","611,449,614",29.95,29.95,29.70,29.95,+0.05,"4,955",
111/03/04,"13,619,977","403,234,159",29.50,29.80,29.20,29.70,-0.25,"6,929",
111/03/07,"36,106,531","1,050,647,835",29.35,29.40,28.90,29.20,-0.50,"18,727",
111/03/08,"31,206,569","901,360,359",28.35,29.20,28.35,28.95,-0.25,"14,304",
111/03/09,"22,542,844","652,963,412",29.00,29.40,28.80,28.80,-0.15,"12,308",
111/03/10,"29,119,721","866,039,635",29.40,29.95,29.40,29.90,+1.10,"12,341",
111/03/11,"18,149,346","542,894,684",29.90,30.05,29.75,29.95,+0.05,"9,060",
111/03/14,"16,800,965","504,367,892",29.95,30.10,29.95,30.05,+0.10,"6,763",
111/03/15,"20,111,517","604,041,964",30.00,30.15,29.90,30.10,+0.05,"8,007",
111/03/16,"25,763,722","784,408,348",30.25,30.60,30.25,30.50,+0.40,"9,377",
111/03/17,"34,452,535","1,068,621,327",31.40,31.50,30.65,30.90,+0.40,"11,871",
111/03/18,"36,502,622","1,135,554,937",31.05,31.30,30.95,31.05,+0.15,"9,419",
111/03/21,"18,868,533","587,876,672",31.10,31.30,31.05,31.15,+0.10,"7,032",
111/03/22,"26,398,002","824,993,445",31.10,31.40,31.00,31.40,+0.25,"6,364",
111/03/23,"23,836,074","752,891,752",31.45,31.70,31.45,31.70,+0.30,"9,538",
111/03/24,"17,352,102","550,327,391",31.70,31.80,31.55,31.80,+0.10,"5,787",
111/03/25,"14,704,573","466,614,426",31.70,31.80,31.60,31.80, 0.00,"7,077",
111/03/28,"18,342,641","583,780,758",31.45,32.10,31.45,32.10,+0.30,"8,817",
111/03/29,"24,658,713","796,392,629",32.10,32.50,32.00,32.30,+0.20,"9,008",
111/03/30,"27,132,316","890,002,472",32.60,33.00,32.55,32.85,+0.55,"13,925",
111/03/31,"24,693,613","816,138,242",32.85,33.15,32.85,33.05,+0.20,"8,095",
111/04/01,"20,927,506","690,245,015",32.95,33.20,32.75,33.00,-0.05,"8,405",
111/04/06,"37,248,891","1,249,929,137",32.90,34.05,32.85,34.05,+1.05,"15,692",
111/04/07,"70,621,794","2,422,298,052",34.25,34.95,33.75,33.75,-0.30,"28,709",
111/04/08,"41,423,543","1,429,004,589",33.95,34.90,33.70,34.85,+1.10,"15,418",
111/04/11,"56,960,631","2,003,237,848",35.00,35.70,34.80,35.35,+0.50,"23,325",
111/04/12,"35,921,695","1,258,324,789",35.30,35.30,34.85,35.15,-0.20,"14,703",
111/04/13,"29,873,191","1,052,465,583",35.30,35.60,35.05,35.25,+0.10,"11,182",
111/04/14,"80,484,569","2,728,552,868",35.30,35.30,33.00,33.35,-1.90,"39,694",
111/04/15,"36,356,279","1,213,329,532",33.00,33.90,33.00,33.30,-0.05,"13,335",
111/04/18,"47,842,292","1,540,438,386",33.05,33.10,31.70,32.20,-1.10,"23,843",
111/04/19,"23,452,027","756,874,741",32.25,32.80,32.05,32.15,-0.05,"9,544",
111/04/20,"23,778,967","765,206,419",32.20,32.50,31.85,32.50,+0.35,"11,658",
111/04/21,"18,502,589","597,316,706",32.85,32.85,32.05,32.20,-0.30,"7,878",
111/04/22,"36,634,330","1,198,233,975",32.10,33.10,32.05,33.00,+0.80,"11,622",
111/04/25,"28,015,303","908,670,799",32.65,32.80,32.10,32.45,-0.55,"15,083",
111/04/26,"33,857,776","1,123,893,929",32.50,33.55,32.50,33.45,+1.00,"11,395",
111/04/27,"33,792,088","1,117,231,461",32.90,33.25,32.75,33.20,-0.25,"12,902",
111/04/28,"40,381,130","1,340,069,257",33.40,33.50,32.65,33.30,+0.10,"11,351",
111/04/29,"20,613,501","692,889,136",33.45,33.85,33.35,33.85,+0.55,"6,300",
111/05/03,"31,391,742","1,034,393,047",33.60,33.65,32.60,32.70,-1.15,"21,563",
111/05/04,"21,493,644","698,774,113",32.70,32.80,32.35,32.40,-0.30,"9,719",
111/05/05,"26,439,529","852,383,268",32.75,32.80,32.00,32.10,-0.30,"12,654",
111/05/06,"29,565,823","933,071,025",31.55,31.85,31.20,31.80,-0.30,"13,116",
111/05/09,"33,137,580","1,022,845,414",31.05,31.40,30.70,30.70,-1.10,"15,456",
111/05/10,"59,166,933","1,772,130,022",29.50,30.60,29.20,30.35,-0.35,"15,945",
111/05/11,"32,193,870","982,420,393",30.25,30.70,30.20,30.65,+0.30,"9,170",
111/05/12,"45,840,377","1,363,257,363",30.40,30.40,29.35,29.50,-1.15,"22,251",
111/05/13,"49,039,342","1,439,010,889",29.55,29.75,28.90,29.45,-0.05,"15,475",
111/05/16,"30,345,691","883,553,591",29.00,29.50,28.90,29.10,-0.35,"14,942",
111/05/17,"32,810,470","946,090,850",29.50,29.50,28.60,28.60,-0.50,"18,891",
111/05/18,"50,761,839","1,487,069,474",28.65,29.80,28.55,29.60,+1.00,"14,688",
111/05/19,"36,531,362","1,051,532,208",28.95,29.00,28.60,28.75,-0.85,"13,082",
111/05/20,"28,343,825","820,629,856",28.90,29.20,28.80,28.90,+0.15,"8,084",
111/05/23,"33,559,261","984,913,999",29.25,29.80,28.80,29.45,+0.55,"9,387",
111/05/24,"16,357,175","483,578,917",29.45,29.85,29.35,29.45, 0.00,"6,410",
111/05/25,"18,671,510","551,647,112",29.65,29.75,29.30,29.55,+0.10,"7,090",
111/05/26,"61,741,983","1,781,996,670",29.35,29.40,28.70,28.80,-0.75,"27,195",
111/05/27,"23,390,827","684,289,080",28.90,29.50,28.70,29.40,+0.60,"8,095",
111/05/30,"26,412,223","787,750,580",29.65,30.05,29.50,30.05,+0.65,"9,536",
111/05/31,"63,810,959","1,935,438,663",30.00,30.60,29.60,30.60,+0.55,"8,512",
111/06/01,"28,533,283","856,084,601",30.30,30.35,29.80,29.80,-0.80,"11,485",
111/06/02,"21,618,682","638,717,408",29.60,29.80,29.40,29.55,-0.25,"8,227",
111/06/06,"13,253,624","391,208,353",29.75,29.75,29.35,29.60,+0.05,"7,176",
111/06/07,"16,755,507","492,618,237",29.60,29.60,29.30,29.35,-0.25,"5,608",
111/06/08,"17,981,111","530,079,903",29.55,29.60,29.35,29.50,+0.15,"6,270",
111/06/09,"21,567,767","628,879,559",29.30,29.45,29.00,29.15,-0.35,"9,628",
111/06/10,"14,393,240","419,045,174",28.85,29.35,28.80,29.15, 0.00,"5,164",
111/06/13,"28,956,545","836,638,775",28.95,29.00,28.80,28.90,-0.25,"11,741",
111/06/14,"21,755,080","635,097,863",28.90,29.45,28.80,29.45,+0.55,"7,491",
111/06/15,"32,845,197","955,086,191",29.05,29.35,28.90,29.15,-0.30,"12,044",
111/06/16,"28,953,602","856,807,885",29.45,29.90,29.35,29.50,+0.35,"10,170",
111/06/17,"39,864,048","1,160,932,042",29.30,29.45,28.90,29.10,-0.40,"11,840",
111/06/20,"26,923,097","786,979,289",29.10,29.65,28.90,29.00,-0.10,"10,968",
111/06/21,"23,865,111","702,023,087",29.40,29.60,29.10,29.50,+0.50,"7,271",
111/06/22,"25,578,585","742,223,466",29.15,29.40,28.80,28.95,-0.55,"13,905",
111/06/23,"21,865,336","641,069,758",29.35,29.50,29.10,29.40,+0.45,"6,409",
111/06/24,"13,885,459","411,363,521",29.70,29.75,29.50,29.65,+0.25,"5,438",
111/06/27,"15,311,208","456,965,314",29.90,29.95,29.70,29.70,+0.05,"8,058",
111/06/28,"12,604,306","373,864,839",29.70,29.90,29.40,29.70, 0.00,"5,134",
111/06/29,"18,594,425","547,893,207",29.40,29.70,29.30,29.40,-0.30,"10,331",
111/06/30,"17,376,668","506,111,214",29.40,29.40,29.00,29.00,-0.40,"7,153",
111/07/01,"33,980,076","987,391,717",28.95,29.30,28.80,29.10,+0.10,"11,745",
111/07/04,"18,244,413","531,188,630",29.25,29.45,28.90,28.95,-0.15,"11,868",
111/07/05,"13,227,323","385,013,518",29.35,29.35,28.90,29.05,+0.10,"5,073",
111/07/06,"29,676,226","853,991,686",29.15,29.25,28.60,28.60,-0.45,"12,896",
111/07/07,"23,276,012","662,756,135",28.70,28.75,28.20,28.60, 0.00,"10,130",
111/07/08,"20,500,808","583,212,202",28.60,28.80,28.20,28.30,-0.30,"11,323",
111/07/11,"50,458,769","1,374,782,677",27.80,27.85,27.00,27.05,-1.25,"25,642",
111/07/12,"43,275,613","1,149,890,359",26.75,26.80,26.20,26.50,-0.55,"17,658",
111/07/13,"36,847,753","998,210,897",26.95,27.35,26.85,27.10,+0.60,"13,963",
111/07/14,"25,190,293","689,873,354",27.10,27.65,27.05,27.40,+0.30,"9,496",
111/07/15,"17,971,376","487,887,350",27.30,27.30,27.00,27.20,-0.20,"9,195",
111/07/18,"27,907,229","776,213,961",27.25,28.05,27.20,28.00,+0.80,"8,740",
111/07/19,"25,839,108","717,526,533",27.80,27.95,27.60,27.85,-0.15,"8,726",
111/07/20,"27,955,830","783,469,546",28.00,28.30,27.80,27.85, 0.00,"10,429",
111/07/21,"34,928,547","986,532,980",28.10,28.55,27.85,28.45,+0.60,"7,480",
111/07/22,"31,638,536","912,266,148",28.55,29.15,28.35,29.05,+0.60,"11,044",
111/07/25,"33,336,250","975,158,827",29.15,29.50,29.00,29.15,+0.10,"11,393",
111/07/26,"27,978,707","818,719,488",29.40,29.40,29.10,29.20,+0.05,"8,363",
111/07/27,"38,593,526","1,127,809,596",29.10,29.35,29.05,29.35,+0.15,"10,612",
111/07/28,"37,639,769","1,033,385,826",27.20,27.65,27.15,27.65,X0.00,"19,501",
111/07/29,"35,528,349","972,884,240",27.80,27.80,27.00,27.50,-0.15,"20,476",
111/08/01,"13,152,269","358,816,430",27.50,27.55,27.10,27.20,-0.30,"8,836",
111/08/02,"23,857,343","650,191,245",27.05,27.50,27.00,27.35,+0.15,"10,069",
111/08/03,"28,127,004","760,865,706",27.20,27.30,26.90,27.20,-0.15,"13,027",
111/08/04,"12,696,541","345,371,133",27.20,27.30,27.00,27.30,+0.10,"6,384",
111/08/05,"12,105,197","332,716,738",27.30,27.60,27.30,27.55,+0.25,"5,755",
111/08/08,"13,355,499","367,221,138",27.50,27.60,27.20,27.60,+0.05,"5,723",
111/08/09,"22,538,595","629,736,838",27.70,28.10,27.65,28.10,+0.50,"7,792",
111/08/10,"15,611,346","439,857,150",28.10,28.35,27.90,28.15,+0.05,"7,979",
111/08/11,"18,172,722","517,210,876",28.25,28.60,28.15,28.50,+0.35,"6,348",
111/08/12,"15,143,782","430,146,585",28.50,28.60,28.25,28.45,-0.05,"6,889",
111/08/15,"13,004,712","369,326,152",28.45,28.55,28.30,28.35,-0.10,"6,839",
111/08/16,"13,487,200","380,969,398",28.35,28.35,28.15,28.30,-0.05,"7,161",
111/08/17,"17,500,961","493,595,921",28.20,28.35,28.10,28.25,-0.05,"8,530",
111/08/18,"18,287,618","512,723,031",28.05,28.25,27.90,28.05,-0.20,"9,442",
111/08/19,"12,701,597","356,227,708",27.95,28.20,27.90,28.05, 0.00,"5,305",
111/08/22,"16,330,493","454,463,662",27.80,27.95,27.70,27.80,-0.25,"10,415",
111/08/23,"18,180,131","501,067,493",27.60,27.65,27.50,27.55,-0.25,"9,842",
111/08/24,"14,021,936","387,112,067",27.60,27.85,27.50,27.65,+0.10,"6,099",
111/08/25,"9,633,268","268,317,260",27.80,28.00,27.75,27.80,+0.15,"5,316",
111/08/26,"9,526,709","266,450,547",28.00,28.05,27.80,28.00,+0.20,"5,204",
111/08/29,"16,679,959","461,348,656",27.50,27.75,27.50,27.70,-0.30,"8,714",
111/08/30,"16,515,649","456,912,278",27.70,27.80,27.55,27.65,-0.05,"7,210",
111/08/31,"29,644,449","832,558,207",27.70,28.20,27.65,28.20,+0.55,"10,244",
111/09/01,"35,228,041","977,421,733",28.10,28.15,27.60,27.65,-0.55,"19,975",
111/09/02,"13,510,219","373,567,314",27.65,27.75,27.60,27.60,-0.05,"6,488",
111/09/05,"24,931,398","686,811,199",27.60,27.80,27.45,27.55,-0.05,"13,880",
111/09/06,"15,569,625","432,307,753",27.60,27.95,27.60,27.80,+0.25,"8,351",
111/09/07,"25,826,080","707,520,689",27.50,27.65,27.30,27.30,-0.50,"17,735",
111/09/08,"14,759,597","405,224,964",27.55,27.55,27.30,27.50,+0.20,"6,025",
111/09/12,"21,483,119","593,476,019",27.50,27.80,27.40,27.75,+0.25,"8,556",
111/09/13,"21,909,571","609,640,241",27.85,27.95,27.70,27.75, 0.00,"7,236",
111/09/14,"24,211,426","665,489,870",27.55,27.70,27.40,27.40,-0.35,"11,250",
111/09/15,"19,498,971","535,812,416",27.40,27.70,27.30,27.55,+0.15,"8,239",
111/09/16,"38,606,367","1,058,027,388",27.40,27.55,27.30,27.40,-0.15,"9,288",
111/09/19,"9,080,840","249,281,371",27.50,27.55,27.40,27.40, 0.00,"4,596",
111/09/20,"14,354,390","393,152,862",27.45,27.50,27.30,27.40, 0.00,"6,734",
111/09/21,"15,560,034","424,775,380",27.40,27.40,27.20,27.30,-0.10,"9,175",
111/09/22,"37,244,304","999,696,801",27.05,27.15,26.70,26.80,-0.50,"21,072",
111/09/23,"19,610,053","525,511,096",26.80,26.95,26.65,26.75,-0.05,"10,760",
111/09/26,"31,063,120","821,551,064",26.65,26.65,26.35,26.35,-0.40,"18,444",
111/09/27,"28,131,486","736,716,836",26.20,26.45,26.10,26.15,-0.20,"14,071",
111/09/28,"31,047,134","811,018,855",26.15,26.65,26.00,26.10,-0.05,"11,524",
111/09/29,"35,777,146","930,544,766",26.10,26.10,25.90,26.10, 0.00,"14,227",
111/09/30,"31,459,488","812,710,614",26.00,26.00,25.75,25.75,-0.35,"13,911",
111/10/03,"30,650,727","778,697,132",25.65,25.65,25.30,25.35,-0.40,"15,180",
111/10/04,"23,959,642","607,986,897",25.45,25.60,25.30,25.30,-0.05,"12,399",
111/10/05,"27,034,940","684,333,537",25.35,25.45,25.25,25.25,-0.05,"14,953",
111/10/06,"45,407,458","1,148,964,674",25.25,25.45,25.10,25.45,+0.20,"11,182",
111/10/07,"15,852,089","401,204,491",25.30,25.40,25.25,25.30,-0.15,"7,256",
111/10/11,"52,711,123","1,296,047,412",25.00,25.00,24.35,24.40,-0.90,"32,977",
111/10/12,"23,910,096","583,018,751",24.25,24.70,24.10,24.60,+0.20,"9,996",
111/10/13,"61,291,168","1,462,381,794",24.55,24.60,23.50,23.75,-0.85,"35,748",
111/10/14,"44,572,342","1,054,653,183",23.90,24.05,23.55,23.55,-0.20,"22,243",
111/10/17,"36,939,311","853,800,314",23.25,23.30,23.00,23.10,-0.45,"16,987",
111/10/18,"52,231,918","1,199,416,679",23.20,23.35,22.80,23.00,-0.10,"24,545",
111/10/19,"42,594,430","968,494,280",23.05,23.05,22.50,22.50,-0.50,"27,229",
111/10/20,"45,409,340","1,011,365,888",22.10,22.70,22.00,22.55,+0.05,"18,237",
111/10/21,"40,894,801","937,568,211",22.65,23.15,22.45,22.95,+0.40,"12,744",
111/10/24,"39,097,256","892,789,888",23.25,23.25,22.65,22.85,-0.10,"11,676",
111/10/25,"36,638,095","831,216,763",22.75,22.85,22.50,22.80,-0.05,"14,582",
111/10/26,"26,528,710","617,037,813",22.90,23.50,22.75,23.20,+0.40,"9,532",
111/10/27,"28,497,488","662,828,824",23.25,23.55,23.10,23.10,-0.10,"9,141",
111/10/28,"15,294,733","354,143,426",23.20,23.35,23.00,23.15,+0.05,"6,142",
111/10/31,"18,089,552","421,720,197",23.35,23.50,23.20,23.20,+0.05,"5,363",
111/11/01,"12,692,460","296,934,014",23.25,23.50,23.20,23.40,+0.20,"4,680",
111/11/02,"14,899,759","346,981,706",23.40,23.50,23.20,23.25,-0.15,"7,681",
111/11/03,"14,173,664","326,913,841",23.10,23.20,23.00,23.05,-0.20,"6,951",
111/11/04,"17,326,852","397,970,625",23.00,23.05,22.85,23.05, 0.00,"7,939",
111/11/07,"16,524,328","385,526,335",23.25,23.50,23.10,23.50,+0.45,"7,326",
111/11/08,"20,277,086","475,846,567",23.55,23.60,23.40,23.50, 0.00,"8,350",
111/11/09,"30,759,754","720,810,125",23.45,23.50,23.35,23.45,-0.05,"11,752",
111/11/10,"17,723,113","412,149,582",23.30,23.35,23.20,23.20,-0.25,"10,057",
111/11/11,"53,353,876","1,272,846,938",23.55,24.10,23.50,24.00,+0.80,"13,873",
111/11/14,"45,011,734","1,079,770,692",24.05,24.05,23.90,24.05,+0.05,"10,735",
111/11/15,"39,793,774","958,446,504",24.00,24.25,23.80,24.20,+0.15,"10,627",
111/11/16,"35,889,606","862,238,011",24.15,24.20,23.90,24.00,-0.20,"11,599",
111/11/17,"26,950,959","638,460,051",23.90,23.95,23.55,23.75,-0.25,"11,425",
111/11/18,"22,181,173","523,143,007",23.70,23.70,23.45,23.70,-0.05,"9,044",
111/11/21,"21,137,889","498,645,708",23.65,23.75,23.45,23.75,+0.05,"8,387",
111/11/22,"18,094,115","428,184,008",23.70,23.75,23.50,23.75, 0.00,"6,797",
111/11/23,"24,618,990","589,276,917",23.75,24.05,23.75,24.00,+0.25,"7,531",
111/11/24,"17,781,725","429,577,526",24.15,24.25,24.05,24.25,+0.25,"6,072",
111/11/25,"30,260,284","726,924,578",24.15,24.20,23.85,24.15,-0.10,"9,299",
111/11/28,"27,508,824","658,889,299",23.90,24.15,23.75,24.10,-0.05,"9,757",
111/11/29,"32,014,718","778,021,283",24.25,24.50,24.05,24.50,+0.40,"8,486",
111/11/30,"43,259,740","1,069,998,798",24.40,24.95,24.30,24.80,+0.30,"10,221",
111/12/01,"25,120,004","620,363,062",24.90,25.00,24.45,24.60,-0.20,"11,488",
111/12/02,"31,545,079","765,850,530",24.45,24.55,24.10,24.15,-0.45,"13,989",
111/12/05,"16,361,336","398,534,287",24.15,24.50,24.15,24.25,+0.10,"7,665",
111/12/06,"18,234,677","440,878,996",24.25,24.30,24.05,24.20,-0.05,"8,302",
111/12/07,"34,359,263","837,793,355",24.20,24.50,24.05,24.40,+0.20,"7,884",
111/12/08,"26,161,792","640,592,938",24.50,24.70,24.20,24.65,+0.25,"7,335",
111/12/09,"12,571,629","310,131,073",24.75,24.75,24.50,24.65, 0.00,"5,299",
111/12/12,"17,259,335","422,798,498",24.65,24.65,24.30,24.55,-0.10,"8,581",
111/12/13,"31,778,353","771,676,933",24.55,24.65,24.10,24.20,-0.35,"11,787",
111/12/14,"17,145,538","421,604,931",24.50,24.65,24.35,24.65,+0.45,"5,205",
111/12/15,"12,826,628","314,498,180",24.65,24.65,24.35,24.60,-0.05,"5,770",
111/12/16,"23,309,255","566,161,807",24.25,24.50,24.15,24.25,-0.35,"8,211",
111/12/19,"16,299,711","393,357,893",24.05,24.30,24.05,24.30,+0.05,"7,177",
111/12/20,"28,378,499","681,453,161",24.10,24.30,23.80,24.00,-0.30,"13,840",
111/12/21,"9,191,162","221,073,371",24.00,24.15,23.95,24.10,+0.10,"4,383",
111/12/22,"9,032,214","219,079,079",24.20,24.35,24.10,24.35,+0.25,"3,539",
111/12/23,"10,271,872","247,392,346",24.05,24.15,24.00,24.10,-0.25,"4,790",
111/12/26,"5,432,704","131,368,778",24.15,24.25,24.10,24.15,+0.05,"3,753",
111/12/27,"5,777,781","140,307,300",24.20,24.35,24.15,24.30,+0.15,"2,781",
111/12/28,"9,244,697","222,808,687",24.20,24.20,24.05,24.05,-0.25,"5,261",
111/12/29,"15,310,711","367,105,360",24.00,24.20,23.85,24.10,+0.05,"6,966",
111/12/30,"10,130,461","244,264,596",24.20,24.20,24.05,24.05,-0.05,"3,179",
112/01/03,"10,098,038","242,008,060",24.00,24.15,23.80,24.00,-0.05,"5,719",
112/01/04,"20,394,026","486,318,762",23.85,24.05,23.80,23.80,-0.20,"12,770",
112/01/05,"13,197,747","316,743,875",23.90,24.10,23.90,24.00,+0.20,"4,231",
112/01/06,"11,875,004","284,807,232",23.95,24.05,23.90,23.95,-0.05,"6,984",
112/01/09,"41,685,739","1,018,947,621",24.20,24.60,24.05,24.60,+0.65,"12,807",
112/01/10,"18,325,794","447,923,672",24.60,24.60,24.30,24.50,-0.10,"8,062",
112/01/11,"18,212,333","442,247,856",24.60,24.60,24.20,24.20,-0.30,"10,005",
112/01/12,"20,915,633","505,271,244",24.25,24.40,24.05,24.05,-0.15,"10,989",
112/01/13,"13,387,797","325,367,216",24.25,24.40,24.20,24.25,+0.20,"6,623",
112/01/16,"23,071,647","564,992,097",24.50,24.60,24.35,24.45,+0.20,"8,855",
112/01/17,"33,665,019","816,448,980",24.45,24.50,24.15,24.15,-0.30,"12,407",
112/01/30,"64,738,146","1,595,554,340",24.60,24.90,24.35,24.90,+0.75,"20,384",
112/01/31,"39,254,899","964,945,865",24.80,24.80,24.50,24.50,-0.40,"11,777",
112/02/01,"22,918,245","564,576,036",24.60,24.70,24.55,24.65,+0.15,"7,079",
112/02/02,"21,097,257","520,107,716",24.65,24.75,24.55,24.65, 0.00,"8,075",
112/02/03,"13,623,663","336,318,016",24.70,24.75,24.60,24.70,+0.05,"7,132",
112/02/06,"20,246,382","497,465,937",24.60,24.70,24.50,24.50,-0.20,"13,797",
112/02/07,"20,695,284","506,487,680",24.50,24.60,24.40,24.40,-0.10,"11,499",
112/02/08,"28,087,983","690,182,182",24.80,24.85,24.40,24.50,+0.10,"14,371",
112/02/09,"14,417,390","354,115,557",24.45,24.65,24.40,24.60,+0.10,"5,857",
112/02/10,"16,533,508","407,827,843",24.55,24.80,24.50,24.70,+0.10,"6,690",
112/02/13,"39,328,857","982,299,781",24.75,25.25,24.70,25.20,+0.50,"11,612",
112/02/14,"30,662,294","775,252,412",25.25,25.40,25.20,25.25,+0.05,"9,770",
112/02/15,"24,591,464","617,157,065",25.25,25.25,25.00,25.05,-0.20,"11,305",
112/02/16,"19,381,099","486,956,681",25.05,25.20,25.00,25.10,+0.05,"8,214",
112/02/17,"29,681,692","752,919,079",25.25,25.50,25.20,25.40,+0.30,"11,555",
112/02/20,"37,882,664","982,079,118",25.45,26.10,25.45,26.00,+0.60,"15,175",
112/02/21,"163,664,242","4,042,082,990",24.90,24.90,24.55,24.75,-1.25,"68,633",
112/02/22,"45,538,895","1,126,965,899",24.70,24.90,24.55,24.90,+0.15,"20,665",
112/02/23,"34,582,872","862,230,416",25.00,25.00,24.80,24.95,+0.05,"15,367",
112/02/24,"60,620,829","1,511,832,947",25.00,25.00,24.85,24.95, 0.00,"8,981",
112/03/01,"29,236,979","724,913,464",24.95,25.00,24.70,24.80,-0.15,"14,536",
112/03/02,"21,640,338","534,611,632",24.80,24.85,24.60,24.70,-0.10,"9,870",
112/03/03,"16,819,037","415,591,235",24.80,24.80,24.65,24.65,-0.05,"8,561",
112/03/06,"23,247,871","576,681,447",24.75,24.90,24.70,24.85,+0.20,"10,497",
112/03/07,"22,132,117","551,815,211",24.85,25.00,24.80,25.00,+0.15,"9,749",
112/03/08,"23,806,620","594,626,482",25.00,25.05,24.90,25.00, 0.00,"11,353",
112/03/09,"24,461,269","607,970,488",25.00,25.00,24.80,24.85,-0.15,"10,882",
112/03/10,"31,739,614","781,257,383",24.70,24.75,24.55,24.55,-0.30,"19,974",
112/03/13,"47,914,961","1,163,258,305",24.35,24.40,24.15,24.35,-0.20,"21,551",
112/03/14,"35,193,303","847,909,003",24.15,24.15,24.00,24.05,-0.30,"18,001",
112/03/15,"30,100,426","725,574,632",24.20,24.20,24.00,24.00,-0.05,"16,666",
112/03/16,"58,667,258","1,384,929,311",23.80,23.80,23.50,23.55,-0.45,"33,116",
112/03/17,"31,456,862","746,284,851",23.55,23.95,23.55,23.70,+0.15,"11,462",
112/03/20,"24,414,792","578,509,210",23.60,23.80,23.60,23.75,+0.05,"10,372",
112/03/21,"18,978,066","455,118,966",23.80,24.30,23.80,23.95,+0.20,"9,235",
112/03/22,"17,085,374","415,796,966",24.20,24.45,24.10,24.45,+0.50,"7,870",
112/03/23,"19,231,924","471,890,112",24.35,24.65,24.20,24.65,+0.20,"7,515",
112/03/24,"12,789,586","315,044,199",24.65,24.70,24.50,24.70,+0.05,"5,615",
112/03/27,"13,770,996","340,095,827",24.70,24.75,24.60,24.70, 0.00,"7,036",
112/03/28,"12,881,522","318,952,171",24.70,24.85,24.65,24.80,+0.10,"5,546",
112/03/29,"15,556,320","387,057,808",24.90,24.95,24.85,24.90,+0.10,"6,320",
112/03/30,"21,901,210","546,720,120",25.00,25.00,24.90,25.00,+0.10,"7,822",
112/03/31,"31,782,423","801,046,158",25.00,25.30,24.95,25.30,+0.30,"10,223",
112/04/06,"44,991,846","1,143,906,054",25.30,25.60,25.15,25.45,+0.15,"19,896",
112/04/07,"17,237,932","431,321,571",25.30,25.35,24.90,25.00,X0.00,"9,565",
112/04/10,"8,118,395","202,680,419",24.95,25.10,24.90,25.00, 0.00,"5,945",
112/04/11,"15,932,909","401,294,688",25.10,25.25,25.00,25.25,+0.25,"6,890",
112/04/12,"13,840,725","349,149,498",25.25,25.30,25.10,25.30,+0.05,"5,082",
112/04/13,"11,618,000","293,176,732",25.30,25.30,25.15,25.30, 0.00,"5,020",
112/04/14,"13,500,772","342,224,067",25.30,25.45,25.20,25.45,+0.15,"5,558",
112/04/17,"15,216,177","383,371,718",25.35,25.35,25.10,25.25,-0.20,"8,434",
112/04/18,"11,906,783","300,523,118",25.20,25.30,25.10,25.30,+0.05,"6,387",
112/04/19,"16,002,345","400,947,603",25.15,25.20,25.00,25.05,-0.25,"8,452",
112/04/20,"12,648,137","315,069,025",24.95,25.00,24.80,24.90,-0.15,"6,672",
112/04/21,"12,890,378","320,364,063",24.90,25.00,24.70,24.85,-0.05,"7,851",
112/04/24,"10,147,706","252,542,727",24.85,25.00,24.70,25.00,+0.15,"5,628",
112/04/25,"12,268,005","305,938,158",24.95,25.05,24.85,24.95,-0.05,"6,360",
112/04/26,"14,272,723","355,733,606",24.95,25.00,24.80,24.95, 0.00,"5,672",
112/04/27,"13,625,386","337,566,658",24.85,24.90,24.70,24.80,-0.15,"7,753",
112/04/28,"14,169,591","352,571,529",24.85,24.95,24.75,24.95,+0.15,"4,778",
112/05/02,"26,065,376","643,638,159",24.85,24.90,24.50,24.90,-0.05,"12,522",
112/05/03,"28,088,384","695,200,960",24.70,24.85,24.60,24.80,-0.10,"15,744",
112/05/04,"15,202,546","377,400,793",24.75,24.90,24.70,24.90,+0.10,"8,292",
112/05/05,"10,292,720","256,393,874",24.80,24.95,24.80,24.95,+0.05,"11,850",
112/05/08,"20,873,900","521,448,631",25.00,25.05,24.90,24.95, 0.00,"10,564",
112/05/09,"15,519,957","387,799,454",24.95,25.05,24.90,25.05,+0.10,"6,025",
112/05/10,"41,933,670","1,065,901,600",25.10,25.60,25.05,25.50,+0.45,"14,044",
112/05/11,"13,045,167","331,599,048",25.50,25.55,25.30,25.45,-0.05,"9,082",
112/05/12,"15,386,301","388,344,528",25.40,25.40,25.10,25.25,-0.20,"6,280",
112/05/15,"11,616,133","293,242,557",25.15,25.40,25.10,25.30,+0.05,"7,010",
112/05/16,"30,725,655","784,870,709",25.40,25.70,25.30,25.70,+0.40,"12,263",
112/05/17,"31,646,248","816,483,230",25.65,25.95,25.55,25.90,+0.20,"14,947",
112/05/18,"25,446,430","660,687,257",25.90,26.00,25.85,26.00,+0.10,"9,466",
112/05/19,"36,931,060","968,088,887",26.00,26.30,26.00,26.30,+0.30,"13,672",
112/05/22,"18,537,293","486,358,009",26.20,26.40,26.10,26.20,-0.10,"11,691",
112/05/23,"16,122,399","421,250,769",26.20,26.25,26.00,26.10,-0.10,"11,154",
112/05/24,"14,474,224","376,547,020",26.10,26.10,25.95,26.10, 0.00,"10,456",
112/05/25,"14,942,577","386,285,648",26.00,26.00,25.75,25.80,-0.30,"9,285",
112/05/26,"14,527,073","374,984,121",25.70,26.00,25.65,25.75,-0.05,"6,881",
112/05/29,"11,324,869","292,986,777",25.80,25.95,25.80,25.80,+0.05,"5,567",
112/05/30,"16,776,660","435,002,432",25.85,26.00,25.85,25.90,+0.10,"7,794",
112/05/31,"41,892,520","1,085,236,064",25.90,26.00,25.85,25.90, 0.00,"5,282",
112/06/01,"11,185,225","289,431,020",25.90,25.95,25.80,25.85,-0.05,"4,675",
112/06/02,"19,578,596","509,657,609",25.95,26.10,25.90,26.00,+0.15,"7,283",
112/06/05,"22,588,082","595,606,840",26.15,26.50,26.15,26.35,+0.35,"11,974",
112/06/06,"17,618,471","468,356,863",26.45,26.75,26.40,26.55,+0.20,"8,998",
112/06/07,"14,717,400","391,800,727",26.65,26.70,26.50,26.70,+0.15,"7,146",
112/06/08,"11,653,804","309,573,514",26.70,26.70,26.50,26.60,-0.10,"9,533",
112/06/09,"12,667,140","336,484,400",26.65,26.70,26.50,26.50,-0.10,"8,025",
112/06/12,"15,921,114","418,215,407",26.50,26.50,26.10,26.20,-0.30,"11,854",
112/06/13,"14,982,218","394,093,565",26.20,26.40,26.10,26.30,+0.10,"7,552",
112/06/14,"10,161,094","266,946,974",26.30,26.35,26.15,26.25,-0.05,"5,765",
112/06/15,"12,759,683","334,227,508",26.25,26.30,26.10,26.25, 0.00,"7,279",
112/06/16,"23,935,555","627,840,893",26.25,26.40,26.15,26.20,-0.05,"6,138",
112/06/19,"9,221,570","241,352,719",26.20,26.30,26.05,26.30,+0.10,"7,653",
112/06/20,"11,445,071","300,381,220",26.30,26.30,26.15,26.30, 0.00,"4,972",
112/06/21,"11,049,641","291,248,445",26.25,26.45,26.20,26.40,+0.10,"6,277",
112/06/26,"17,206,797","453,471,578",26.45,26.45,26.25,26.35,-0.05,"7,408",
112/06/27,"9,467,484","248,116,651",26.25,26.35,26.10,26.20,-0.15,"5,558",
112/06/28,"10,988,210","286,959,605",26.15,26.20,26.05,26.10,-0.10,"4,758",
112/06/29,"16,447,035","427,739,359",26.10,26.15,25.90,25.95,-0.15,"8,117",
112/06/30,"25,375,198","661,257,667",25.85,26.30,25.85,26.05,+0.10,"7,186",
112/07/03,"11,754,853","308,109,639",26.05,26.40,26.05,26.20,+0.15,"5,838",
112/07/04,"12,526,979","326,090,391",26.05,26.15,25.95,26.05,-0.15,"5,724",
112/07/05,"16,402,271","428,186,062",26.05,26.15,26.05,26.15,+0.10,"6,252",
112/07/06,"40,716,358","1,056,445,535",26.05,26.10,25.80,25.80,-0.35,"10,678",
112/07/07,"18,827,088","480,162,546",25.70,25.70,25.40,25.55,-0.25,"11,096",
112/07/10,"16,751,926","426,642,879",25.55,25.70,25.30,25.45,-0.10,"9,630",
112/07/11,"14,350,332","368,645,240",25.55,25.85,25.50,25.80,+0.35,"4,905",
112/07/12,"14,983,604","385,813,338",25.50,25.95,25.50,25.95,+0.15,"5,513",
112/07/13,"15,651,485","407,502,071",26.00,26.15,25.95,26.00,+0.05,"5,694",
112/07/14,"19,100,978","499,573,696",26.05,26.30,26.00,26.30,+0.30,"7,297",
112/07/17,"23,395,384","617,559,144",26.25,26.50,26.15,26.45,+0.15,"9,017",
112/07/18,"15,288,638","403,757,126",26.40,26.50,26.25,26.45, 0.00,"5,576",
112/07/19,"19,356,035","511,562,639",26.45,26.55,26.30,26.45, 0.00,"5,729",
112/07/20,"20,423,494","541,402,091",26.45,26.60,26.35,26.60,+0.15,"6,760",
112/07/21,"26,346,108","699,461,832",26.50,26.65,26.45,26.45,-0.15,"6,505",
112/07/24,"18,484,617","485,912,287",26.45,26.45,26.05,26.25,-0.20,"6,536",
112/07/25,"27,497,229","727,524,949",26.25,26.60,26.20,26.55,+0.30,"7,796",
112/07/26,"47,404,360","1,272,343,549",26.55,26.95,26.50,26.95,+0.40,"14,033",
112/07/27,"45,895,380","1,192,051,827",26.00,26.05,25.85,26.00,X0.00,"16,168",
112/07/28,"13,849,952","359,486,478",26.00,26.10,25.90,25.95,-0.05,"7,184",
112/07/31,"19,873,299","515,295,388",26.00,26.10,25.85,25.85,-0.10,"8,718",
112/08/01,"11,008,979","285,339,544",25.85,26.00,25.85,25.95,+0.10,"5,642",
112/08/02,"27,543,864","708,207,909",25.85,25.90,25.60,25.65,-0.30,"13,657",
112/08/04,"15,289,803","391,423,741",25.65,25.75,25.50,25.55,-0.10,"7,778",
112/08/07,"11,335,785","291,473,992",25.55,25.80,25.55,25.75,+0.20,"6,762",
112/08/08,"19,585,457","502,202,335",25.75,25.80,25.55,25.60,-0.15,"7,882",
112/08/09,"12,812,515","330,086,045",25.60,25.90,25.60,25.90,+0.30,"4,728",
112/08/10,"15,635,100","403,564,586",25.85,25.90,25.70,25.85,-0.05,"7,096",
112/08/11,"9,499,211","244,891,142",25.80,25.95,25.70,25.70,-0.15,"4,764",
112/08/14,"22,973,153","584,465,367",25.70,25.75,25.30,25.35,-0.35,"11,276",
112/08/15,"20,854,906","524,480,178",25.30,25.35,25.00,25.00,-0.35,"14,379",
112/08/16,"30,990,936","762,585,464",24.90,24.90,24.50,24.55,-0.45,"20,526",
112/08/17,"17,014,329","416,315,588",24.45,24.60,24.30,24.50,-0.05,"9,606",
112/08/18,"14,126,738","348,360,042",24.50,24.85,24.45,24.60,+0.10,"6,782",
112/08/21,"10,708,799","265,856,499",24.65,24.90,24.65,24.85,+0.25,"5,069",
112/08/22,"12,966,179","320,325,556",24.95,24.95,24.60,24.65,-0.20,"7,931",
112/08/23,"13,228,891","325,262,257",24.60,24.65,24.55,24.55,-0.10,"7,494",
112/08/24,"22,139,043","541,093,620",24.55,24.60,24.35,24.40,-0.15,"14,030",
112/08/25,"12,173,289","296,969,796",24.40,24.45,24.35,24.35,-0.05,"7,456",
112/08/28,"9,432,015","231,612,910",24.35,24.65,24.35,24.50,+0.15,"5,108",
112/08/29,"8,455,270","207,879,688",24.50,24.70,24.50,24.60,+0.10,"4,401",
112/08/30,"10,301,318","255,594,610",24.75,24.90,24.70,24.80,+0.20,"8,475",
112/08/31,"36,681,495","899,938,921",24.80,24.80,24.45,24.45,-0.35,"10,781",
112/09/01,"10,305,152","253,335,383",24.50,24.65,24.50,24.55,+0.10,"8,267",
112/09/04,"7,028,577","173,042,667",24.55,24.70,24.55,24.60,+0.05,"5,950",
112/09/05,"9,581,324","234,999,162",24.50,24.60,24.50,24.50,-0.10,"6,689",
112/09/06,"19,378,052","472,807,402",24.50,24.55,24.35,24.35,-0.15,"13,196",
112/09/07,"19,155,526","464,495,819",24.35,24.35,24.20,24.20,-0.15,"14,777",
112/09/08,"12,733,508","308,340,498",24.20,24.30,24.10,24.20, 0.00,"7,621",
112/09/11,"12,918,122","311,817,981",24.20,24.25,24.10,24.15,-0.05,"10,410",
112/09/12,"17,623,185","426,353,290",24.15,24.30,24.10,24.25,+0.10,"8,130",
112/09/13,"9,796,570","237,924,149",24.25,24.40,24.20,24.30,+0.05,"5,899",
112/09/14,"19,944,113","491,086,693",24.45,24.80,24.35,24.80,+0.50,"7,411",
112/09/15,"41,225,027","1,009,259,321",24.90,24.95,24.35,24.40,-0.40,"13,845",
112/09/18,"7,428,769","181,316,251",24.40,24.45,24.35,24.45,+0.05,"5,542",
112/09/19,"6,844,971","167,428,391",24.40,24.50,24.40,24.45, 0.00,"4,628",
112/09/20,"14,511,086","353,784,550",24.45,24.45,24.30,24.35,-0.10,"6,806",
112/09/21,"23,398,919","564,496,812",24.35,24.40,24.00,24.05,-0.30,"14,570",
112/09/22,"11,622,252","280,452,721",24.05,24.20,24.00,24.10,+0.05,"6,067",
112/09/25,"8,135,025","197,481,702",24.10,24.40,24.10,24.30,+0.20,"5,462",
112/09/26,"13,353,694","322,575,417",24.20,24.25,24.10,24.15,-0.15,"9,341",
112/09/27,"8,843,405","213,569,048",24.15,24.20,24.10,24.15, 0.00,"6,072",
112/09/28,"7,884,799","191,001,375",24.15,24.25,24.15,24.25,+0.10,"4,892",
112/10/02,"10,394,999","251,732,602",24.25,24.30,24.15,24.15,-0.10,"7,945",
112/10/03,"14,482,302","348,985,139",24.10,24.15,24.05,24.10,-0.05,"9,100",
112/10/04,"32,730,723","780,853,436",24.00,24.05,23.80,23.80,-0.30,"22,314",
112/10/05,"16,204,721","389,186,088",24.00,24.15,23.90,24.00,+0.20,"7,811",
112/10/06,"9,635,814","232,500,459",24.00,24.20,24.00,24.20,+0.20,"5,268",
112/10/11,"28,698,269","703,066,670",24.55,24.60,24.30,24.60,+0.40,"10,830",
112/10/12,"17,666,185","436,285,098",24.70,24.80,24.55,24.75,+0.15,"6,313",
112/10/13,"12,154,680","299,197,151",24.70,24.75,24.40,24.65,-0.10,"7,606",
112/10/16,"11,801,377","291,053,714",24.65,24.70,24.55,24.70,+0.05,"6,285",
112/10/17,"13,254,036","326,897,756",24.65,24.70,24.60,24.70, 0.00,"8,044",
112/10/18,"9,627,334","236,063,109",24.70,24.70,24.40,24.50,-0.20,"5,756",
112/10/19,"12,716,698","308,849,292",24.30,24.40,24.20,24.20,-0.30,"6,843",
112/10/20,"24,296,123","583,055,583",24.00,24.20,23.85,24.00,-0.20,"10,473",
112/10/23,"11,716,787","280,914,498",24.00,24.10,23.90,24.05,+0.05,"7,191",
112/10/24,"11,511,987","275,699,624",24.00,24.05,23.90,23.95,-0.10,"5,738",
112/10/25,"10,999,327","263,734,114",24.00,24.05,23.95,23.95, 0.00,"6,022",
112/10/26,"15,840,826","377,892,540",23.90,24.00,23.80,23.80,-0.15,"7,817",
112/10/27,"6,532,699","156,473,440",23.85,24.05,23.85,24.00,+0.20,"4,211",
112/10/30,"13,250,912","316,361,195",23.95,24.00,23.80,23.85,-0.15,"7,933",
112/10/31,"14,263,277","340,195,562",23.85,24.00,23.80,23.85, 0.00,"5,651",
112/11/01,"7,620,551","181,932,029",23.85,23.95,23.80,23.85, 0.00,"4,511",
112/11/02,"12,924,727","312,131,266",24.05,24.30,24.00,24.15,+0.30,"5,470",
112/11/03,"16,197,689","394,409,282",24.20,24.50,24.20,24.35,+0.20,"5,552",
112/11/06,"23,750,459","583,347,546",24.55,24.75,24.40,24.55,+0.20,"9,407",
112/11/07,"14,062,098","343,567,631",24.40,24.50,24.30,24.50,-0.05,"6,644",
112/11/08,"17,164,774","420,855,457",24.65,24.70,24.45,24.55,+0.05,"5,014",
112/11/09,"8,664,076","212,264,332",24.55,24.55,24.45,24.45,-0.10,"3,314",
112/11/10,"15,151,404","371,083,248",24.40,24.55,24.35,24.50,+0.05,"4,552",
112/11/13,"11,706,526","287,105,824",24.60,24.65,24.45,24.50, 0.00,"4,697",
112/11/14,"19,276,609","471,789,094",24.55,24.55,24.40,24.50, 0.00,"5,999",
112/11/15,"35,591,316","874,661,689",24.65,24.70,24.45,24.60,+0.10,"9,235",
112/11/16,"43,343,670","1,081,097,439",24.80,25.15,24.75,25.15,+0.55,"14,386",
112/11/17,"18,796,608","473,083,210",25.10,25.25,25.00,25.15, 0.00,"8,274",
112/11/20,"14,373,438","361,517,934",25.15,25.20,25.05,25.20,+0.05,"8,771",
112/11/21,"35,925,542","919,528,526",25.30,25.70,25.25,25.70,+0.50,"13,834",
112/11/22,"13,636,311","348,412,919",25.60,25.70,25.50,25.50,-0.20,"7,041",
112/11/23,"11,948,941","304,213,492",25.50,25.55,25.35,25.55,+0.05,"6,041",
112/11/24,"7,561,688","192,681,626",25.55,25.55,25.40,25.50,-0.05,"4,248",
112/11/27,"12,127,195","309,067,123",25.50,25.70,25.35,25.35,-0.15,"7,077",
112/11/28,"21,929,406","561,771,992",25.45,25.70,25.40,25.70,+0.35,"7,958",
112/11/29,"18,488,629","473,704,158",25.65,25.70,25.55,25.55,-0.15,"7,635",
112/11/30,"39,679,043","1,015,682,427",25.65,25.65,25.50,25.60,+0.05,"6,256",
112/12/01,"21,486,514","543,306,851",25.50,25.60,25.15,25.25,-0.35,"15,304",
112/12/04,"13,684,581","344,896,230",25.25,25.30,25.10,25.25, 0.00,"6,546",
112/12/05,"14,939,331","378,383,184",25.20,25.50,25.15,25.45,+0.20,"7,276",
112/12/06,"21,605,652","552,696,759",25.55,25.70,25.45,25.55,+0.10,"7,242",
112/12/07,"9,044,138","230,405,775",25.50,25.55,25.40,25.50,-0.05,"4,696",
112/12/08,"13,693,231","350,482,062",25.60,25.65,25.55,25.60,+0.10,"5,384",
112/12/11,"9,875,764","252,095,961",25.55,25.60,25.40,25.60, 0.00,"6,652",
112/12/12,"13,010,841","331,649,672",25.60,25.60,25.40,25.50,-0.10,"6,272",
112/12/13,"13,218,128","336,117,867",25.50,25.50,25.35,25.45,-0.05,"8,151",
112/12/14,"26,186,199","672,690,338",25.60,25.75,25.45,25.75,+0.30,"10,948",
112/12/15,"29,553,724","760,346,965",25.75,25.80,25.60,25.70,-0.05,"9,830",
112/12/18,"9,729,783","249,298,946",25.70,25.70,25.55,25.65,-0.05,"5,805",
112/12/19,"12,699,674","322,972,200",25.50,25.55,25.30,25.50,-0.15,"11,701",
112/12/20,"16,325,089","414,764,453",25.50,25.50,25.35,25.40,-0.10,"6,366",
112/12/21,"14,700,824","369,118,205",25.25,25.40,25.20,25.40, 0.00,"5,232",
112/12/22,"11,488,154","291,123,078",25.30,25.40,25.25,25.40, 0.00,"3,852",
112/12/25,"5,138,829","130,260,595",25.40,25.45,25.30,25.35,-0.05,"4,268",
112/12/26,"9,338,401","237,697,479",25.35,25.50,25.30,25.50,+0.15,"4,545",
112/12/27,"15,743,406","403,954,637",25.50,25.75,25.45,25.70,+0.20,"6,780",
112/12/28,"16,175,622","416,390,595",25.70,25.80,25.60,25.80,+0.10,"6,711",
112/12/29,"11,461,126","295,359,876",25.75,25.85,25.65,25.80, 0.00,"4,397",
113/01/02,"12,555,917","324,073,052",25.80,25.90,25.70,25.90,+0.10,"6,336",
113/01/03,"12,788,107","326,722,706",25.70,25.80,25.35,25.60,-0.30,"9,587",
113/01/04,"9,646,266","247,419,066",25.60,25.75,25.50,25.70,+0.10,"4,187",
113/01/05,"9,219,078","236,523,858",25.60,25.75,25.60,25.65,-0.05,"4,241",
113/01/08,"15,239,477","393,669,567",25.70,25.95,25.65,25.80,+0.15,"6,457",
113/01/09,"11,515,118","295,166,845",25.80,25.85,25.50,25.50,-0.30,"5,359",
113/01/10,"8,476,116","215,685,195",25.50,25.55,25.40,25.40,-0.10,"4,910",
113/01/11,"14,061,203","357,616,096",25.40,25.50,25.40,25.40, 0.00,"5,819",
113/01/12,"9,570,325","242,365,592",25.35,25.40,25.25,25.35,-0.05,"5,000",
113/01/15,"10,750,421","272,868,075",25.35,25.45,25.30,25.40,+0.05,"5,169",
113/01/16,"23,238,836","581,884,609",25.15,25.15,24.90,25.00,-0.40,"11,826",
113/01/17,"26,217,861","648,193,154",24.90,24.95,24.60,24.60,-0.40,"16,351",
113/01/18,"17,659,183","434,694,036",24.60,24.80,24.55,24.55,-0.05,"9,371",
113/01/19,"18,700,150","460,751,250",24.50,24.80,24.50,24.70,+0.15,"6,914",
113/01/22,"16,998,061","418,409,915",24.70,24.75,24.50,24.55,-0.15,"9,858",
113/01/23,"15,760,293","388,222,417",24.55,24.80,24.55,24.65,+0.10,"5,855",
113/01/24,"17,360,300","427,347,274",24.55,24.70,24.55,24.65, 0.00,"9,493",
113/01/25,"11,157,978","274,898,002",24.60,24.75,24.60,24.65, 0.00,"5,655",
113/01/26,"11,631,853","288,901,011",24.60,24.95,24.55,24.85,+0.20,"5,137",
113/01/29,"9,154,795","228,192,966",24.75,25.00,24.75,25.00,+0.15,"4,977",
113/01/30,"16,931,752","420,347,942",25.00,25.00,24.75,24.75,-0.25,"7,778",
113/01/31,"14,457,890","356,582,064",24.70,24.80,24.70,24.75, 0.00,"4,523",
113/02/01,"14,812,665","367,890,473",24.70,24.90,24.70,24.90,+0.15,"5,528",
113/02/02,"11,958,306","296,706,081",24.85,24.90,24.75,24.85,-0.05,"6,045",
113/02/05,"39,247,842","963,907,944",24.55,24.60,24.45,24.50,-0.35,"18,569",
113/02/15,"27,471,001","677,985,538",24.60,24.95,24.55,24.65,+0.15,"11,788",
113/02/16,"14,409,360","354,947,691",24.70,24.75,24.55,24.65, 0.00,"8,119",
113/02/19,"16,503,619","408,393,190",24.70,24.80,24.65,24.80,+0.15,"7,290",
113/02/20,"14,818,821","367,415,697",24.80,24.85,24.75,24.75,-0.05,"7,197",
113/02/21,"21,240,077","524,167,027",24.75,24.80,24.60,24.65,-0.10,"8,443",
113/02/22,"19,627,290","482,330,791",24.60,24.65,24.50,24.50,-0.15,"10,522",
113/02/23,"27,087,511","663,317,887",24.50,24.55,24.40,24.40,-0.10,"13,658",
113/02/26,"31,073,641","756,670,447",24.35,24.40,24.30,24.35,-0.05,"14,595",
113/02/27,"52,320,107","1,309,060,409",24.85,25.30,24.85,25.10,+0.75,"16,476",
113/02/29,"49,436,797","1,248,239,191",25.10,25.35,25.10,25.25,+0.15,"12,457",
113/03/01,"19,160,196","481,488,531",25.20,25.35,25.10,25.35,+0.10,"8,382",
113/03/04,"24,242,477","614,464,486",25.30,25.40,25.25,25.35, 0.00,"8,898",
113/03/05,"16,922,955","428,966,639",25.40,25.45,25.30,25.30,-0.05,"7,619",
113/03/06,"20,305,493","515,038,442",25.30,25.45,25.25,25.40,+0.10,"7,897",
113/03/07,"21,865,416","554,400,468",25.25,25.45,25.25,25.40, 0.00,"7,351",
113/03/08,"29,472,901","746,036,967",25.20,25.40,25.20,25.30,-0.10,"9,809",
113/03/11,"24,189,560","615,505,638",25.30,25.50,25.25,25.50,+0.20,"8,547",
113/03/12,"21,187,779","541,788,924",25.50,25.65,25.50,25.65,+0.15,"8,580",
113/03/13,"20,122,949","515,904,564",25.55,25.70,25.55,25.70,+0.05,"7,993",
113/03/14,"42,505,229","1,103,703,657",25.75,26.20,25.70,26.05,+0.35,"15,164",
113/03/15,"49,671,704","1,297,307,369",26.15,26.20,25.85,26.20,+0.15,"14,014",
113/03/18,"46,340,572","1,229,685,193",26.70,26.80,26.30,26.50,+0.30,"17,347",
113/03/19,"28,171,126","747,270,318",26.40,26.70,26.30,26.55,+0.05,"10,420",
113/03/20,"25,426,846","673,401,779",26.55,26.60,26.35,26.50,-0.05,"14,120",
113/03/21,"28,437,152","760,679,413",26.50,26.85,26.50,26.75,+0.25,"9,953",
113/03/22,"35,244,903","953,838,074",26.85,27.25,26.80,27.10,+0.35,"12,485",
113/03/25,"17,019,168","459,283,963",27.10,27.20,27.00,27.05,-0.05,"9,778",
113/03/26,"36,694,028","998,485,488",27.00,27.35,27.00,27.35,+0.30,"14,329",
113/03/27,"19,917,019","543,261,973",27.35,27.45,27.10,27.20,-0.15,"9,923",
113/03/28,"22,478,072","611,067,557",27.20,27.30,27.10,27.15,-0.05,"6,466",
113/03/29,"17,037,965","463,983,043",27.15,27.35,27.05,27.25,+0.10,"5,412",
113/04/01,"15,269,790","417,839,600",27.25,27.40,27.20,27.35,+0.10,"8,302",
113/04/02,"16,042,822","437,067,165",27.30,27.35,27.20,27.30,-0.05,"5,723",
113/04/03,"29,730,216","801,841,526",27.30,27.30,26.90,26.90,-0.40,"17,077",
113/04/08,"19,202,664","519,372,329",26.90,27.15,26.90,27.15,+0.25,"8,552",
113/04/09,"19,182,074","521,381,043",27.10,27.30,27.05,27.30,+0.15,"6,593",
113/04/10,"17,076,156","464,076,561",27.30,27.30,27.05,27.15,-0.15,"10,409",
113/04/11,"13,840,182","375,381,014",27.10,27.25,26.95,27.25,+0.10,"5,355",
113/04/12,"17,944,577","485,852,214",27.20,27.25,27.00,27.10,-0.15,"5,593",
113/04/15,"20,711,583","559,744,548",27.05,27.15,26.85,27.05,-0.05,"7,515",
113/04/16,"51,683,004","1,371,136,340",26.90,27.00,26.20,26.30,-0.75,"21,534",
113/04/17,"30,392,184","802,641,795",26.25,26.60,26.15,26.50,+0.20,"10,226",
113/04/18,"24,860,255","667,694,261",26.50,27.05,26.40,27.00,+0.50,"7,531",
113/04/19,"39,998,548","1,062,699,533",26.90,26.95,26.30,26.55,-0.45,"14,844",
113/04/22,"24,111,615","650,961,232",26.95,27.10,26.75,27.05,+0.50,"7,565",
113/04/23,"27,526,898","749,306,465",27.05,27.30,27.05,27.20,+0.15,"8,022",
113/04/24,"18,732,082","509,814,902",27.25,27.35,27.05,27.05,-0.15,"6,691",
113/04/25,"21,465,720","578,224,745",27.00,27.15,26.75,27.15,+0.10,"9,164",
113/04/26,"11,925,667","323,182,131",26.95,27.20,26.95,27.10,-0.05,"4,580",
113/04/29,"43,929,702","1,209,759,978",27.15,27.70,27.10,27.65,+0.55,"14,174",
113/04/30,"24,823,590","683,168,561",27.60,27.75,27.40,27.40,-0.25,"8,763",
113/05/02,"21,574,695","595,436,205",27.45,27.80,27.40,27.45,+0.05,"8,008",
113/05/03,"18,568,340","513,703,677",27.60,27.80,27.50,27.60,+0.15,"10,250",
113/05/06,"41,052,454","1,150,415,986",27.70,28.25,27.70,28.10,+0.50,"19,877",
113/05/07,"23,954,161","674,859,607",28.15,28.20,27.95,28.20,+0.10,"8,301",
113/05/08,"19,835,718","558,591,156",28.25,28.25,28.05,28.25,+0.05,"10,702",
113/05/09,"18,378,627","515,539,155",28.15,28.25,27.90,27.90,-0.35,"11,019",
113/05/10,"26,368,329","745,436,194",27.95,28.50,27.95,28.50,+0.60,"10,393",
113/05/13,"16,880,155","477,700,835",28.50,28.50,28.20,28.30,-0.20,"8,114",
113/05/14,"18,508,764","517,960,313",28.20,28.25,27.90,27.90,-0.40,"8,154",
113/05/15,"21,767,378","612,267,448",28.05,28.35,27.90,28.00,+0.10,"9,678",
113/05/16,"28,451,880","803,476,557",28.30,28.35,28.05,28.30,+0.30,"8,377",
113/05/17,"83,724,451","2,415,787,613",28.30,29.10,28.10,29.00,+0.70,"21,260",
113/05/20,"87,386,287","2,557,505,596",29.15,29.45,28.80,29.40,+0.40,"25,443",
113/05/21,"69,391,607","2,006,489,648",29.30,29.35,28.40,28.85,-0.55,"30,705",
113/05/22,"56,604,813","1,620,882,809",28.90,29.10,28.50,28.50,-0.35,"20,465",
113/05/23,"74,045,837","2,107,244,422",28.20,28.75,28.15,28.65,+0.15,"18,878",
113/05/24,"33,109,171","937,078,645",28.30,28.45,28.20,28.30,-0.35,"11,904",
113/05/27,"36,631,381","1,043,243,413",28.25,28.65,28.10,28.65,+0.35,"9,023",
113/05/28,"20,803,242","591,615,965",28.60,28.60,28.35,28.40,-0.25,"8,697",
113/05/29,"33,128,804","929,601,839",28.40,28.40,27.90,27.90,-0.50,"15,053",
113/05/30,"29,743,900","825,915,357",27.80,28.00,27.70,27.70,-0.20,"11,467",
113/05/31,"123,275,120","3,526,074,608",27.75,28.95,27.75,28.60,+0.90,"32,281",
113/06/03,"49,483,473","1,415,985,153",28.55,28.80,28.15,28.60, 0.00,"22,180",
113/06/04,"23,373,943","663,764,608",28.20,28.60,28.20,28.35,-0.25,"10,704",
113/06/05,"25,231,850","721,065,668",28.50,28.75,28.25,28.60,+0.25,"10,913",
113/06/06,"27,283,531","785,222,094",28.40,28.85,28.40,28.85,+0.25,"14,672",
113/06/07,"22,480,735","649,836,307",28.90,29.00,28.75,28.95,+0.10,"9,187",
113/06/11,"22,485,534","645,624,466",28.60,28.90,28.50,28.60,-0.35,"12,681",
113/06/12,"15,340,869","438,947,077",28.80,28.85,28.65,28.75,+0.15,"5,194",
113/06/13,"19,556,545","563,635,078",28.95,29.00,28.70,28.70,-0.05,"7,250",
113/06/14,"12,900,871","370,226,467",28.70,28.80,28.55,28.75,+0.05,"4,788",
113/06/17,"12,745,692","366,233,219",28.75,28.80,28.65,28.70,-0.05,"9,018",
113/06/18,"21,359,712","617,812,673",28.70,28.90,28.65,28.85,+0.15,"6,537",
113/06/19,"40,660,513","1,177,430,363",28.95,29.05,28.75,28.95,+0.10,"10,166",
113/06/20,"21,046,092","608,262,089",29.00,29.05,28.75,29.00,+0.05,"9,908",
113/06/21,"28,590,506","826,325,417",28.95,29.00,28.75,28.90,-0.10,"6,596",
113/06/24,"20,258,146","583,429,786",28.85,29.00,28.70,29.00,+0.10,"6,367",
113/06/25,"25,058,718","727,684,261",29.00,29.10,28.90,29.10,+0.10,"7,976",
113/06/26,"21,192,080","610,181,775",28.90,29.00,28.60,28.80,-0.30,"9,974",
113/06/27,"26,295,040","749,613,452",28.50,28.65,28.35,28.60,-0.20,"9,665",
113/06/28,"26,264,132","752,817,630",28.50,28.95,28.50,28.55,-0.05,"5,835",
113/07/01,"14,929,590","428,488,871",28.55,28.85,28.55,28.75,+0.20,"5,657",
113/07/02,"13,207,092","378,849,941",28.60,28.80,28.55,28.75, 0.00,"5,448",
113/07/03,"29,069,001","840,903,822",28.75,29.05,28.65,29.05,+0.30,"7,789",
113/07/04,"24,374,559","711,032,761",29.10,29.30,29.00,29.25,+0.20,"8,538",
113/07/05,"14,060,979","412,899,841",29.25,29.30,29.05,29.25, 0.00,"6,916",
113/07/08,"20,612,933","602,054,644",29.20,29.30,29.00,29.25, 0.00,"8,565",
113/07/09,"27,408,532","802,268,964",29.25,29.40,29.15,29.25, 0.00,"9,771",
113/07/10,"30,132,314","887,615,176",29.25,29.60,29.20,29.60,+0.35,"12,266",
113/07/11,"26,052,358","775,498,644",29.60,29.95,29.55,29.85,+0.25,"10,213",
113/07/12,"22,034,690","658,011,745",29.80,30.00,29.65,29.90,+0.05,"8,959",
113/07/15,"33,560,315","1,003,889,422",30.00,30.20,29.70,30.00,+0.10,"12,345",
113/07/16,"38,680,563","1,156,462,464",30.00,30.00,29.75,30.00, 0.00,"11,417",
113/07/17,"47,081,961","1,412,895,802",29.90,30.10,29.80,30.05,+0.05,"12,420",
113/07/18,"63,890,282","1,936,797,933",30.05,30.60,29.80,30.45,+0.40,"18,205",
113/07/19,"49,144,695","1,484,505,013",30.55,30.55,29.90,30.25,-0.20,"26,054",
113/07/22,"51,560,124","1,529,228,582",30.10,30.15,29.40,29.70,-0.55,"17,451",
113/07/23,"53,594,001","1,600,958,835",29.80,30.10,29.75,29.80,+0.10,"10,887",
113/07/26,"96,500,816","2,620,825,919",26.45,27.50,26.45,27.00,-1.05,"42,363",
113/07/29,"58,529,507","1,571,120,337",27.05,27.20,26.70,26.70,-0.30,"24,739",
113/07/30,"48,654,712","1,277,291,018",26.70,26.75,26.05,26.25,-0.45,"21,976",
113/07/31,"36,301,492","959,947,740",26.15,26.75,25.90,26.55,+0.30,"10,252",
113/08/01,"34,686,339","920,482,639",26.55,26.65,26.35,26.65,+0.10,"15,822",
113/08/02,"34,231,813","899,663,376",26.30,26.45,26.10,26.45,-0.20,"14,354",
113/08/05,"69,674,365","1,771,238,397",26.00,26.05,24.85,25.35,-1.10,"32,573",
113/08/06,"43,676,473","1,117,955,427",25.80,26.10,24.80,25.75,+0.40,"17,063",
113/08/07,"24,602,257","635,079,583",25.65,25.95,25.55,25.90,+0.15,"10,772",
113/08/08,"23,575,854","609,624,234",25.65,26.10,25.60,25.80,-0.10,"8,472",
113/08/09,"43,172,771","1,148,210,351",26.05,27.00,26.05,26.65,+0.85,"13,428",
113/08/12,"28,945,835","782,010,019",26.85,27.30,26.75,27.00,+0.35,"10,282",
113/08/13,"21,612,300","579,827,426",27.00,27.00,26.70,26.80,-0.20,"9,281",
113/08/14,"28,144,718","764,898,517",26.95,27.40,26.85,27.25,+0.45,"8,369",
113/08/15,"22,207,083","598,067,749",27.45,27.45,26.70,26.70,-0.55,"10,813",
113/08/16,"26,182,061","712,485,577",27.10,27.35,27.05,27.30,+0.60,"7,983",
113/08/19,"10,881,513","295,904,868",27.35,27.35,27.05,27.15,-0.15,"5,685",
113/08/20,"16,321,702","444,737,090",27.30,27.35,27.05,27.30,+0.15,"6,352",
113/08/21,"12,994,251","353,879,196",27.25,27.35,27.10,27.35,+0.05,"7,324",
113/08/22,"16,081,919","439,213,699",27.35,27.40,27.15,27.40,+0.05,"5,024",
113/08/23,"13,660,509","373,989,136",27.30,27.50,27.15,27.40, 0.00,"4,927",
113/08/26,"23,036,736","640,531,464",27.50,27.90,27.45,27.90,+0.50,"8,429",
113/08/27,"10,056,636","279,516,451",27.65,27.90,27.65,27.90, 0.00,"6,354",
113/08/28,"7,828,394","217,339,699",27.80,27.85,27.65,27.85,-0.05,"6,803",
113/08/29,"19,372,230","540,114,842",27.85,28.00,27.70,27.95,+0.10,"10,154",
113/08/30,"35,491,763","998,565,694",28.00,28.20,27.95,28.20,+0.25,"9,236",
113/09/02,"11,875,546","333,907,258",28.20,28.25,28.00,28.10,-0.10,"7,637",
113/09/03,"18,717,607","521,178,671",28.10,28.10,27.65,27.65,-0.45,"7,875",
113/09/04,"34,770,652","945,219,479",27.35,27.40,26.90,27.25,-0.40,"13,717",
113/09/05,"15,340,773","420,431,549",27.25,27.70,27.15,27.30,+0.05,"6,709",
113/09/06,"10,988,922","299,974,879",27.20,27.50,27.00,27.50,+0.20,"5,560",
113/09/09,"25,674,478","704,276,491",26.85,27.90,26.85,27.90,+0.40,"9,262",
113/09/10,"20,815,533","580,654,531",27.90,28.00,27.60,27.95,+0.05,"8,980",
113/09/11,"10,196,406","282,713,068",27.95,27.95,27.60,27.60,-0.35,"7,098",
113/09/12,"14,360,743","398,231,174",28.00,28.00,27.45,27.70,+0.10,"6,092",
113/09/13,"6,644,867","184,313,381",27.65,27.80,27.65,27.80,+0.10,"4,163",
113/09/16,"7,145,187","198,157,575",27.80,27.80,27.65,27.70,-0.10,"5,324",
113/09/18,"10,767,477","299,117,160",27.65,27.85,27.60,27.85,+0.15,"5,913",
113/09/19,"14,464,491","403,411,212",27.75,28.00,27.70,27.85, 0.00,"6,573",
113/09/20,"29,449,390","827,777,067",27.90,28.20,27.90,28.20,+0.35,"9,401",
113/09/23,"16,376,579","463,819,105",28.20,28.40,28.10,28.40,+0.20,"7,666",
113/09/24,"16,875,344","480,205,198",28.40,28.50,28.30,28.50,+0.10,"7,057",
113/09/25,"22,143,136","634,079,285",28.65,28.75,28.35,28.50, 0.00,"14,004",
113/09/26,"15,440,249","442,328,594",28.70,28.75,28.50,28.65,+0.15,"7,769",
113/09/27,"18,171,128","516,074,509",28.85,28.85,28.15,28.30,-0.35,"6,987",
113/09/30,"20,106,607","566,543,418",28.40,28.45,28.05,28.05,-0.25,"8,225",
113/10/01,"20,163,936","572,222,161",28.10,28.65,27.90,28.65,+0.60,"10,893",
113/10/04,"30,072,002","842,056,948",28.20,28.25,27.80,28.00,-0.65,"15,320",
113/10/07,"19,351,702","540,903,244",28.05,28.15,27.80,28.10,+0.10,"8,344",
113/10/08,"20,979,792","585,621,363",27.85,28.10,27.70,27.95,-0.15,"7,080",
113/10/09,"15,141,027","424,960,632",27.95,28.20,27.95,28.05,+0.10,"5,683",
113/10/11,"12,354,605","348,373,417",28.15,28.30,28.10,28.15,+0.10,"5,725",
113/10/14,"10,974,751","309,617,759",28.20,28.30,28.10,28.30,+0.15,"5,225",
113/10/15,"21,772,481","620,675,636",28.35,28.65,28.30,28.65,+0.35,"8,863",
113/10/16,"22,917,004","654,452,730",28.40,28.65,28.20,28.35,-0.30,"7,632",
113/10/17,"11,610,030","328,328,636",28.35,28.45,28.15,28.25,-0.10,"4,618",
113/10/18,"32,775,423","940,951,803",28.40,28.85,28.30,28.80,+0.55,"11,507",
113/10/21,"23,196,012","657,039,337",28.85,28.85,28.15,28.15,-0.65,"15,719",
113/10/22,"13,385,606","376,825,089",28.15,28.20,28.05,28.20,+0.05,"6,390",
113/10/23,"14,337,078","401,039,674",28.15,28.20,27.90,27.90,-0.30,"7,712",
113/10/24,"19,558,275","543,765,434",27.80,27.90,27.70,27.85,-0.05,"7,769",
113/10/25,"11,751,253","326,063,514",27.85,27.95,27.65,27.65,-0.20,"8,016",
113/10/28,"17,453,334","481,469,773",27.70,27.90,27.50,27.50,-0.15,"9,412",
113/10/29,"22,985,692","626,327,939",27.45,27.50,27.10,27.30,-0.20,"12,231",
113/10/30,"18,054,982","493,347,464",27.50,27.55,27.15,27.40,+0.10,"6,480",
113/11/01,"47,559,847","1,273,236,652",26.05,27.35,26.05,26.85,-0.55,"15,833",
113/11/04,"12,971,365","354,316,212",26.90,27.50,26.90,27.35,+0.50,"5,627",
113/11/05,"13,947,120","380,200,728",27.30,27.35,27.10,27.30,-0.05,"5,372",
113/11/06,"13,166,647","364,759,250",27.20,27.35,27.05,27.05,-0.25,"5,567",
113/11/07,"13,566,909","372,310,918",27.05,27.60,27.05,27.40,+0.35,"5,098",
113/11/08,"9,773,120","267,934,406",27.55,27.60,27.30,27.45,+0.05,"6,108",
113/11/11,"11,153,294","306,075,198",27.45,27.60,27.30,27.45, 0.00,"5,540",
113/11/12,"36,739,169","994,993,245",27.10,27.20,27.00,27.15,-0.30,"11,675",
113/11/13,"19,573,272","529,777,623",27.15,27.15,27.00,27.10,-0.05,"7,109",
113/11/14,"39,180,544","1,050,295,675",27.00,27.10,26.70,26.70,-0.40,"14,652",
113/11/15,"34,135,200","919,479,428",26.95,27.20,26.80,26.85,+0.15,"12,375",
113/11/18,"52,975,616","1,429,244,519",26.85,27.15,26.80,27.15,+0.30,"11,598",
113/11/19,"76,507,795","2,065,958,438",27.30,27.30,26.80,27.10,-0.05,"15,656",
113/11/20,"76,254,571","2,068,030,709",27.00,27.35,27.00,27.05,-0.05,"15,053",
113/11/21,"62,359,644","1,683,359,696",27.05,27.35,26.85,27.35,+0.30,"13,862",
113/11/22,"45,390,124","1,242,771,331",27.30,27.45,27.10,27.45,+0.10,"13,037",
113/11/25,"47,043,900","1,304,293,601",27.60,27.80,27.45,27.80,+0.35,"7,269",
113/11/26,"11,164,336","306,862,778",27.55,27.60,27.35,27.45,-0.35,"4,594",
113/11/27,"14,305,696","392,270,443",27.55,27.60,27.30,27.35,-0.10,"4,920",
113/11/28,"11,729,059","319,602,336",27.35,27.45,27.15,27.30,-0.05,"4,618",
113/11/29,"25,014,595","676,343,784",27.10,27.20,26.90,27.00,-0.30,"5,561",
113/12/02,"15,098,583","412,624,403",27.10,27.40,27.10,27.35,+0.35,"4,580",
113/12/03,"22,918,671","634,452,973",27.60,27.80,27.45,27.80,+0.45,"8,504",
113/12/04,"15,479,589","426,373,720",27.90,27.90,27.40,27.55,-0.25,"5,974",
113/12/05,"11,478,121","317,290,071",27.70,27.75,27.55,27.70,+0.15,"4,510",
113/12/06,"9,277,389","253,632,056",27.70,27.75,27.45,27.55,-0.15,"4,286",
113/12/09,"12,590,702","346,240,413",27.50,27.65,27.40,27.55, 0.00,"5,369",
113/12/10,"9,537,259","261,808,249",27.55,27.60,27.35,27.50,-0.05,"4,762",
113/12/11,"13,188,616","367,930,701",27.40,27.55,27.35,27.50, 0.00,"4,097",
113/12/12,"11,470,173","315,582,002",27.45,27.55,27.40,27.55,+0.05,"3,790",
113/12/13,"11,172,636","306,270,446",27.60,27.60,27.35,27.35,-0.20,"4,366",
113/12/16,"16,257,125","446,079,803",27.50,27.60,27.35,27.35, 0.00,"6,417",
113/12/17,"43,012,288","1,175,605,606",27.35,27.55,27.10,27.55,+0.20,"8,640",
113/12/18,"33,622,544","916,514,961",27.40,27.45,27.10,27.35,-0.20,"8,099",
113/12/19,"38,994,569","1,052,629,190",27.10,27.15,26.90,27.00,-0.35,"11,126",
113/12/20,"44,514,011","1,197,879,901",26.85,27.10,26.80,26.85,-0.15,"14,020",
113/12/23,"26,167,994","713,792,383",27.10,27.35,27.05,27.35,+0.50,"6,919",
113/12/24,"22,517,714","619,747,882",27.40,27.65,27.20,27.65,+0.30,"6,657",
113/12/25,"10,030,712","276,358,518",27.65,27.65,27.40,27.60,-0.05,"8,172",
113/12/26,"6,746,617","185,065,580",27.60,27.65,27.35,27.40,-0.20,"5,124",
113/12/27,"7,329,514","198,168,776",27.30,27.30,27.20,27.25,-0.15,"3,242",
113/12/30,"8,977,243","243,930,892",27.15,27.30,27.10,27.10,-0.15,"4,289",
113/12/31,"12,630,238","340,747,348",27.00,27.10,26.95,26.95,-0.15,"6,128",
114/01/02,"12,965,175","348,665,255",26.95,27.00,26.85,27.00,+0.05,"7,889",
114/01/03,"6,310,540","170,311,803",27.00,27.10,26.95,26.95,-0.05,"3,639",
114/01/06,"14,559,540","395,956,576",27.00,27.30,27.00,27.25,+0.30,"6,914",
114/01/07,"11,376,784","309,481,858",27.30,27.35,27.10,27.10,-0.15,"5,137",
114/01/08,"17,339,084","473,556,107",27.25,27.40,27.15,27.30,+0.20,"6,935",
114/01/09,"23,107,356","636,847,952",27.30,27.85,27.25,27.35,+0.05,"7,593",
114/01/10,"19,943,962","543,915,324",27.15,27.40,27.10,27.35, 0.00,"7,259",
114/01/13,"24,709,382","669,133,120",27.40,27.50,26.90,27.05,-0.30,"9,361",
114/01/14,"21,482,900","588,909,502",27.15,27.55,27.15,27.55,+0.50,"6,367",
114/01/15,"21,224,174","585,010,664",27.60,27.75,27.45,27.45,-0.10,"8,051",
114/01/16,"24,857,895","688,918,898",27.70,27.80,27.55,27.75,+0.30,"7,709",
114/01/17,"16,224,727","447,761,079",27.75,27.75,27.40,27.60,-0.15,"5,144",
114/01/20,"11,548,596","318,430,358",27.60,27.65,27.50,27.55,-0.05,"4,207",
114/01/21,"15,669,662","434,910,879",27.70,27.85,27.55,27.75,+0.20,"5,043",
114/01/22,"22,376,019","622,254,562",27.75,27.90,27.70,27.80,+0.05,"6,778",
114/02/03,"35,607,684","994,094,694",27.60,28.10,27.60,28.00,+0.20,"14,357",
114/02/04,"49,722,320","1,418,153,418",28.30,28.75,28.20,28.60,+0.60,"13,219",
114/02/05,"16,225,982","461,990,688",28.70,28.75,28.30,28.45,-0.15,"13,084",
114/02/06,"12,905,844","368,848,213",28.50,28.65,28.40,28.65,+0.20,"7,048",
114/02/07,"8,513,161","242,894,177",28.55,28.65,28.45,28.55,-0.10,"5,756",
114/02/10,"16,272,060","465,773,858",28.50,28.70,28.40,28.70,+0.15,"6,807",
114/02/11,"8,722,346","249,810,334",28.70,28.70,28.55,28.70, 0.00,"4,709",
114/02/12,"21,710,128","627,016,715",28.80,29.00,28.70,28.95,+0.25,"8,031",
114/02/13,"27,793,334","808,966,954",29.00,29.20,28.90,29.20,+0.25,"12,446",
114/02/14,"15,329,860","447,688,884",29.25,29.30,29.05,29.25,+0.05,"6,408",
114/02/17,"18,120,990","532,413,700",29.30,29.45,29.20,29.45,+0.20,"10,284",
114/02/18,"13,556,697","399,196,228",29.45,29.50,29.30,29.50,+0.05,"7,202",
114/02/19,"13,160,069","387,547,345",29.45,29.50,29.40,29.50, 0.00,"5,679",
114/02/20,"16,551,197","485,242,775",29.45,29.45,29.20,29.30,-0.20,"7,688",
114/02/21,"22,894,180","676,050,131",29.30,29.65,29.30,29.65,+0.35,"8,302",
114/02/24,"15,035,677","443,654,083",29.45,29.65,29.35,29.60,-0.05,"8,113",
114/02/25,"12,013,290","354,119,779",29.25,29.55,29.25,29.55,-0.05,"5,495",
114/02/26,"29,435,305","878,517,345",29.50,30.00,29.50,30.00,+0.45,"12,849",
114/02/27,"42,007,300","1,232,124,214",29.95,29.95,29.15,29.15,-0.85,"26,539",
114/03/03,"35,575,720","1,037,744,448",29.00,29.45,28.75,29.45,+0.30,"11,861",
114/03/04,"24,478,278","715,309,515",29.00,29.40,28.95,29.25,-0.20,"8,962",
114/03/05,"17,453,144","508,354,433",29.40,29.40,29.00,29.00,-0.25,"8,552",
114/03/06,"13,721,464","399,110,906",29.00,29.20,29.00,29.05,+0.05,"5,327",
114/03/07,"20,785,184","598,615,115",29.10,29.10,28.75,28.75,-0.30,"8,617",
114/03/10,"29,905,089","863,769,806",28.80,29.05,28.50,28.95,+0.20,"10,505",
114/03/11,"28,972,683","833,215,405",28.85,29.00,28.50,28.95, 0.00,"9,917",
114/03/12,"25,899,868","752,288,898",29.00,29.20,28.80,29.10,+0.15,"8,838",
114/03/13,"31,809,472","941,327,876",29.30,29.75,29.25,29.60,+0.50,"10,738",
114/03/14,"19,745,906","586,246,475",29.70,29.80,29.65,29.65,+0.05,"6,593",
114/03/17,"36,396,211","1,085,787,148",29.65,29.90,29.65,29.90,+0.25,"12,855",
114/03/18,"27,265,819","816,341,484",29.95,30.00,29.75,30.00,+0.10,"9,004",
114/03/19,"30,701,098","919,527,718",29.95,30.00,29.85,29.85,-0.15,"9,648",
114/03/20,"17,825,769","533,710,637",29.95,30.00,29.85,29.95,+0.10,"5,902",
114/03/21,"46,488,080","1,390,907,199",29.90,30.00,29.75,29.90,-0.05,"9,873",
114/03/24,"18,796,638","558,716,797",29.80,30.00,29.70,29.95,+0.05,"7,106",
114/03/25,"32,339,967","967,051,864",29.95,30.15,29.65,29.65,-0.30,"8,842",
114/03/26,"17,486,176","523,873,221",29.65,30.00,29.65,30.00,+0.35,"5,647",
114/03/27,"18,615,225","556,577,096",29.95,30.00,29.70,30.00, 0.00,"7,427",
114/03/28,"23,505,989","692,539,129",29.70,29.80,29.35,29.65,-0.35,"9,680",
114/03/31,"45,834,456","1,324,012,437",29.00,29.10,28.75,28.75,-0.90,"12,763",
114/04/01,"21,484,211","624,443,295",28.80,29.25,28.80,29.05,+0.30,"8,407",
114/04/02,"12,714,440","371,093,358",29.00,29.30,28.90,29.30,+0.25,"4,906",
114/04/07,"21,109,054","557,299,776",26.40,26.40,26.40,26.40,-2.90,"17,538",
114/04/08,"80,935,958","2,155,295,575",26.50,27.20,26.20,26.75,+0.35,"27,503",
114/04/09,"65,826,651","1,737,026,357",26.75,27.20,25.50,25.90,-0.85,"23,719",
114/04/10,"61,205,983","1,713,433,891",28.45,28.45,27.50,27.80,+1.90,"23,890",
114/04/11,"49,845,433","1,370,208,804",27.70,27.70,27.15,27.60,-0.20,"13,988",
114/04/14,"34,367,883","952,886,651",27.50,28.00,27.45,27.55,-0.05,"10,858",
114/04/15,"18,143,711","503,900,986",27.65,27.90,27.65,27.75,+0.20,"8,322",
114/04/16,"23,496,085","652,060,048",27.70,28.00,27.50,27.85,+0.10,"9,695",
114/04/17,"16,481,761","455,995,419",27.95,27.95,27.55,27.60,-0.25,"5,838",
114/04/18,"7,615,483","210,954,106",27.85,27.85,27.55,27.65,+0.05,"3,307",
114/04/21,"7,541,885","208,170,785",27.65,27.80,27.50,27.55,-0.10,"4,368",
114/04/22,"16,784,223","457,341,832",27.50,27.50,27.15,27.20,-0.35,"6,514",
114/04/23,"15,768,005","437,480,772",27.40,27.85,27.40,27.80,+0.60,"5,289",
114/04/24,"15,627,299","429,253,498",27.50,27.70,27.35,27.40,-0.40,"6,490",
114/04/25,"9,502,381","262,543,218",27.65,27.75,27.55,27.55,+0.15,"4,287",
114/04/28,"17,111,122","477,122,477",27.65,28.05,27.65,27.80,+0.25,"5,812",
114/04/29,"21,887,545","608,977,426",27.80,28.05,27.60,27.80, 0.00,"9,404",
114/04/30,"31,903,255","899,334,663",27.75,28.35,27.70,28.30,+0.50,"9,613",
114/05/02,"19,344,789","543,331,365",28.10,28.25,28.00,28.00,-0.30,"11,606",
114/05/05,"30,917,634","863,807,806",28.00,28.15,27.70,27.85,-0.15,"10,474",
114/05/06,"33,182,803","942,849,914",28.20,28.70,28.10,28.60,+0.75,"9,585",
114/05/07,"42,489,512","1,230,992,578",28.70,29.45,28.60,28.85,+0.25,"10,258",
114/05/08,"23,787,703","689,900,177",28.85,29.20,28.75,28.85, 0.00,"6,802",
114/05/09,"65,590,470","1,949,551,397",29.75,29.80,29.45,29.80,+0.95,"17,275",
114/05/12,"19,203,100","568,198,192",29.80,29.85,29.35,29.50,-0.30,"8,711",
114/05/13,"25,469,706","750,177,069",29.55,29.60,29.30,29.50, 0.00,"9,049",
114/05/14,"25,875,291","768,686,775",29.55,29.90,29.50,29.70,+0.20,"8,620",
114/05/15,"28,695,977","857,458,150",29.75,29.95,29.65,29.95,+0.25,"11,155",
114/05/16,"44,237,760","1,328,126,547",29.95,30.10,29.85,30.10,+0.15,"13,438",
114/05/19,"25,624,127","770,785,360",30.10,30.20,29.95,30.10, 0.00,"9,659",
114/05/20,"17,727,846","533,057,778",30.10,30.25,29.95,30.10, 0.00,"6,476",
114/05/21,"19,709,263","592,706,720",30.10,30.15,29.95,30.15,+0.05,"8,543",
114/05/22,"19,442,124","583,532,791",29.95,30.15,29.90,30.05,-0.10,"6,034",
114/05/23,"23,615,794","709,004,616",30.05,30.10,29.85,30.05, 0.00,"7,319",
114/05/26,"26,335,219","794,046,432",29.90,30.25,29.85,30.25,+0.20,"9,866",
114/05/27,"27,428,453","827,811,238",30.05,30.30,30.05,30.15,-0.10,"6,589",
114/05/28,"30,581,681","921,824,161",30.15,30.25,30.00,30.25,+0.10,"7,982",
114/05/29,"78,055,141","2,329,660,894",30.30,30.35,29.60,29.80,-0.45,"16,954",
114/06/02,"48,884,049","1,473,826,667",29.60,30.30,29.60,30.30,+0.50,"12,719",
114/06/03,"73,876,584","2,236,680,213",30.30,30.45,29.95,30.45,+0.15,"15,931",
114/06/04,"31,415,695","955,494,658",30.45,30.50,30.20,30.50,+0.05,"10,350",
114/06/05,"19,199,908","584,967,790",30.50,30.60,30.35,30.50, 0.00,"10,356",
114/06/06,"22,934,109","706,092,115",30.55,30.90,30.40,30.90,+0.40,"9,746",
114/06/09,"20,707,206","642,774,322",30.90,31.10,30.85,31.10,+0.20,"10,015",
114/06/10,"22,288,016","695,721,470",31.10,31.30,31.10,31.20,+0.10,"10,745",
114/06/11,"23,498,531","733,842,654",31.25,31.30,31.05,31.30,+0.10,"9,069",
114/06/12,"13,502,108","422,025,318",31.10,31.30,31.10,31.30, 0.00,"6,792",
114/06/13,"30,714,816","965,763,896",31.25,31.55,31.15,31.55,+0.25,"11,022",
114/06/16,"28,049,407","889,218,890",31.55,31.75,31.55,31.75,+0.20,"10,531",
114/06/17,"29,751,312","947,993,273",31.80,32.00,31.55,31.80,+0.05,"11,230",
114/06/18,"35,540,235","1,135,338,940",31.80,32.00,31.70,32.00,+0.20,"12,702",
114/06/19,"33,061,672","1,056,076,183",31.70,32.05,31.70,32.00, 0.00,"9,684",
114/06/20,"40,811,512","1,297,363,435",32.00,32.15,31.60,31.80,-0.20,"10,358",
114/06/23,"25,028,352","785,843,145",31.35,31.75,31.15,31.60,-0.20,"12,225",
114/06/24,"25,506,659","813,202,259",31.75,32.00,31.75,31.90,+0.30,"9,108",
114/06/25,"43,799,737","1,408,634,264",32.00,32.30,31.85,32.30,+0.40,"16,352",
114/06/26,"39,048,020","1,263,513,281",32.25,32.50,32.15,32.40,+0.10,"10,968",
114/06/27,"50,345,926","1,649,749,759",32.20,33.00,32.20,33.00,+0.60,"14,142",
114/06/30,"45,155,454","1,481,405,658",32.90,32.90,32.55,32.85,-0.15,"12,961",
114/07/01,"57,436,863","1,886,340,183",32.85,33.15,32.20,33.05,+0.20,"19,836",
114/07/02,"20,594,364","676,918,412",32.80,33.00,32.65,33.00,-0.05,"9,849",
114/07/03,"21,518,760","711,107,136",33.00,33.15,32.90,33.15,+0.15,"8,353",
114/07/04,"26,770,351","893,415,776",33.20,33.60,33.20,33.35,+0.20,"9,394",
114/07/07,"37,133,127","1,255,030,965",33.30,34.00,33.30,34.00,+0.65,"14,066",
114/07/08,"38,626,367","1,315,274,468",34.00,34.20,33.95,34.00, 0.00,"11,083",
114/07/09,"30,714,619","1,046,157,862",33.85,34.20,33.70,34.20,+0.20,"10,575",
114/07/10,"37,431,753","1,292,965,842",34.05,34.80,33.80,34.70,+0.50,"17,137",
114/07/11,"50,022,636","1,747,022,395",34.75,35.00,34.70,34.80,+0.10,"18,461",
114/07/14,"44,153,672","1,548,729,842",34.90,35.20,34.85,35.15,+0.35,"17,753",
114/07/15,"51,211,391","1,800,685,575",35.15,35.30,34.80,35.30,+0.15,"17,168",
114/07/16,"45,259,875","1,589,370,171",34.90,35.30,34.70,35.25,-0.05,"26,788",
114/07/17,"36,638,899","1,290,796,956",35.10,35.40,35.10,35.25, 0.00,"11,466",
114/07/18,"48,720,926","1,705,722,936",35.25,35.25,34.85,35.00,-0.25,"20,746",
114/07/21,"63,510,259","2,182,081,604",34.80,34.95,34.15,34.20,-0.80,"27,923",
114/07/22,"43,384,048","1,435,231,853",33.00,33.30,32.90,33.20,X0.00,"17,441",
114/07/23,"28,635,119","946,486,551",33.30,33.35,32.90,33.05,-0.15,"10,445",
114/07/24,"25,739,771","843,859,970",33.00,33.00,32.65,32.85,-0.20,"11,149",
114/07/25,"26,532,562","862,747,068",32.75,32.80,32.35,32.55,-0.30,"11,017",
114/07/28,"29,399,159","953,382,692",32.55,33.00,32.15,32.20,-0.35,"10,866",
114/07/29,"27,960,400","893,604,155",32.20,32.30,31.85,31.95,-0.25,"12,519",
114/07/30,"31,127,577","998,175,356",31.95,32.25,31.90,32.15,+0.20,"9,056",
114/07/31,"17,615,037","563,838,051",31.95,32.15,31.65,32.05,-0.10,"5,553",
114/08/01,"19,157,845","616,310,960",31.65,32.35,31.65,32.25,+0.20,"7,929",
114/08/04,"29,240,920","949,588,023",32.05,32.70,32.00,32.60,+0.35,"15,378",
114/08/05,"31,925,712","1,041,057,723",32.60,32.90,32.45,32.65,+0.05,"15,520",
114/08/06,"29,116,835","954,967,228",32.65,32.90,32.55,32.90,+0.25,"13,688",
114/08/07,"35,547,642","1,175,717,657",33.25,33.40,32.80,33.15,+0.25,"12,723",
114/08/08,"33,096,452","1,095,905,111",33.30,33.40,32.95,33.25,+0.10,"17,627",
114/08/11,"19,672,422","650,682,854",33.25,33.25,32.95,33.15,-0.10,"12,849",
114/08/12,"26,559,940","878,343,003",33.10,33.20,32.95,33.20,+0.05,"17,155",
114/08/13,"33,800,525","1,140,793,041",33.25,34.05,33.25,34.05,+0.85,"14,379",
114/08/14,"32,458,051","1,116,744,827",34.25,34.50,34.15,34.50,+0.45,"10,529",
114/08/15,"31,802,448","1,087,761,769",34.50,34.55,34.00,34.00,-0.50,"16,325",
114/08/18,"34,250,973","1,167,849,278",34.00,34.35,33.55,34.35,+0.35,"10,057",
114/08/19,"23,738,584","812,294,806",34.05,34.35,34.00,34.20,-0.15,"9,246",
114/08/20,"24,363,550","827,678,154",34.40,34.40,33.80,33.90,-0.30,"12,878",
114/08/21,"20,455,157","690,464,716",34.20,34.35,33.60,33.75,-0.15,"10,230",
114/08/22,"13,986,293","471,873,602",34.10,34.10,33.55,33.65,-0.10,"6,201",
114/08/25,"24,595,890","823,057,230",33.80,33.90,33.25,33.40,-0.25,"9,604",
114/08/26,"69,113,484","2,320,395,967",33.25,33.70,33.05,33.70,+0.30,"8,764",
114/08/27,"13,992,543","469,143,094",33.70,33.75,33.40,33.40,-0.30,"9,285",
114/08/28,"18,372,438","618,182,495",33.55,33.80,33.45,33.60,+0.20,"8,909",
114/08/29,"18,097,651","606,954,934",33.65,33.70,33.40,33.45,-0.15,"8,177",
114/09/01,"15,073,661","505,455,963",33.50,33.65,33.40,33.65,+0.20,"6,670",
114/09/02,"14,866,610","502,541,387",33.70,34.00,33.60,34.00,+0.35,"6,888",
114/09/03,"19,527,022","662,480,564",34.40,34.40,33.75,33.95,-0.05,"8,518",
114/09/04,"15,047,957","509,113,117",34.05,34.10,33.65,34.00,+0.05,"5,996",
114/09/05,"23,929,347","817,003,262",34.10,34.30,34.00,34.30,+0.30,"10,627",
114/09/08,"22,820,073","770,768,111",34.30,34.40,33.50,33.60,-0.70,"13,718",
114/09/09,"23,927,180","809,967,733",33.80,34.00,33.70,33.90,+0.30,"8,350",
114/09/10,"28,597,106","966,154,808",33.90,33.95,33.60,33.80,-0.10,"9,218",
114/09/11,"26,524,860","899,752,866",34.00,34.10,33.75,33.90,+0.10,"9,786",
114/09/12,"23,056,993","780,450,961",34.00,34.05,33.75,33.85,-0.05,"11,542",
114/09/15,"20,507,046","692,035,396",34.00,34.20,33.50,33.55,-0.30,"9,519",
114/09/16,"25,706,036","857,952,171",33.50,33.55,33.20,33.40,-0.15,"11,797",
114/09/17,"16,425,390","545,647,519",33.60,33.60,33.15,33.15,-0.25,"8,420",
114/09/18,"23,610,769","784,186,285",33.25,33.35,33.00,33.35,+0.20,"10,399",
114/09/19,"30,351,562","1,017,822,066",33.50,33.70,33.15,33.55,+0.20,"11,625",
114/09/22,"11,597,842","388,811,184",33.55,33.65,33.40,33.55, 0.00,"5,429",
114/09/23,"27,817,688","921,443,402",33.45,33.45,33.00,33.15,-0.40,"13,531",
114/09/24,"16,575,476","551,775,259",33.30,33.55,33.15,33.40,+0.25,"6,315",
114/09/25,"24,531,095","812,195,279",33.50,33.55,33.00,33.05,-0.35,"13,349",
114/09/26,"26,647,004","875,088,868",33.05,33.10,32.70,32.90,-0.15,"12,975",
114/09/30,"35,823,006","1,190,955,217",33.35,33.40,33.00,33.35,+0.45,"9,218",
114/10/01,"21,985,758","731,158,175",33.35,33.40,33.05,33.35, 0.00,"8,311",
114/10/02,"26,089,493","865,262,937",33.25,33.45,33.00,33.00,-0.35,"8,292",
114/10/03,"30,068,829","983,416,814",33.00,33.05,32.60,32.60,-0.40,"15,468",
114/10/07,"30,654,117","998,691,557",32.50,32.80,32.20,32.70,+0.10,"11,360",
114/10/08,"27,281,947","896,346,172",32.75,33.05,32.70,32.80,+0.10,"10,815",
114/10/09,"32,041,425","1,057,233,528",32.95,33.15,32.90,33.00,+0.20,"10,761",
114/10/13,"28,159,809","916,610,815",33.00,33.00,32.35,32.50,-0.50,"19,139",
114/10/14,"31,252,464","1,027,441,659",32.50,33.10,32.50,32.80,+0.30,"8,329",
114/10/15,"18,436,504","605,246,674",32.95,33.00,32.70,32.95,+0.15,"9,503",
114/10/16,"37,361,054","1,213,394,311",33.00,33.00,32.30,32.40,-0.55,"21,582",
114/10/17,"17,229,980","559,843,516",32.65,32.65,32.35,32.55,+0.15,"7,334",
114/10/20,"16,267,248","525,588,588",32.55,32.55,32.20,32.30,-0.25,"9,363",
114/10/21,"15,133,422","490,440,412",32.45,32.60,32.30,32.50,+0.20,"6,579",
114/10/22,"20,676,994","672,128,616",32.60,32.60,32.40,32.60,+0.10,"6,159",
114/10/23,"17,383,840","564,789,001",32.55,32.65,32.30,32.65,+0.05,"10,144",
114/10/27,"280,910,308","8,533,156,711",31.10,31.45,29.90,30.30,-2.35,"110,090",
114/10/28,"180,863,174","5,465,524,715",30.30,30.50,30.00,30.00,-0.30,"78,022",
114/10/29,"137,942,848","4,145,032,273",30.05,30.30,29.95,30.20,+0.20,"37,200",
114/10/30,"106,585,922","3,191,918,305",30.20,30.20,29.80,29.80,-0.40,"51,997",
114/10/31,"95,362,223","2,831,138,770",29.70,29.90,29.55,29.75,-0.05,"39,925",
114/11/03,"60,324,410","1,815,061,782",29.60,30.35,29.50,30.15,+0.40,"19,874",
114/11/04,"53,657,172","1,629,263,111",30.15,30.50,30.10,30.30,+0.15,"16,685",
114/11/05,0,0,--,--,--,--, 0.00,0,
114/11/06,"80,792,243","2,431,016,118",30.70,30.70,29.95,29.95,X0.00,"30,674",
114/11/07,"77,358,979","2,302,857,499",29.95,30.10,29.60,29.60,-0.35,"34,288",
114/11/10,"43,628,102","1,290,916,690",29.60,29.80,29.40,29.50,-0.10,"19,558",
114/11/11,"61,889,439","1,862,303,610",29.80,30.20,29.75,30.15,+0.65,"20,277",
114/11/12,"48,054,679","1,457,789,089",30.30,30.50,30.20,30.20,+0.05,"14,036",
114/11/13,"45,613,615","1,377,362,379",30.25,30.45,30.10,30.10,-0.10,"13,445",
114/11/14,"52,730,203","1,586,376,448",30.15,30.25,29.80,30.00,-0.10,"13,181",
114/11/17,"36,617,655","1,103,098,239",30.10,30.20,29.95,30.20,+0.20,"11,864",
114/11/18,"34,285,042","1,028,228,187",30.00,30.20,29.90,29.90,-0.30,"13,444",
114/11/19,"23,512,630","705,118,331",30.15,30.15,29.90,30.00,+0.10,"10,840",
114/11/20,"21,638,618","652,075,514",30.20,30.20,29.95,30.20,+0.20,"8,692",
114/11/21,"38,182,405","1,147,276,078",30.10,30.25,29.90,30.05,-0.15,"14,109",
114/11/24,"104,633,717","3,205,595,648",30.25,30.80,30.25,30.80,+0.75,"18,147",
114/11/25,"39,342,655","1,191,681,635",30.70,30.70,30.10,30.10,-0.70,"15,840",
114/11/26,"30,322,525","922,931,207",30.45,30.50,30.30,30.50,+0.40,"11,800",
114/11/27,"16,615,761","505,157,506",30.40,30.50,30.30,30.40,-0.10,"7,481",
114/11/28,"26,889,097","816,953,639",30.50,30.55,30.30,30.35,-0.05,"7,750",
114/12/01,"27,041,966","825,918,966",30.50,30.70,30.40,30.55,+0.20,"8,907",
114/12/02,"38,178,839","1,173,899,992",30.60,30.85,30.55,30.85,+0.30,"11,208",
114/12/03,"35,517,658","1,085,497,324",31.00,31.00,30.30,30.40,-0.45,"14,429",
114/12/04,"22,190,634","679,609,983",30.40,30.80,30.40,30.80,+0.40,"8,437",
114/12/05,"25,312,877","773,956,135",30.80,30.80,30.50,30.65,-0.15,"9,412",
114/12/08,"146,711,672","4,693,660,637",31.85,32.95,31.35,32.00,+1.35,"30,648",
114/12/09,"62,333,143","2,010,989,147",32.45,32.55,32.00,32.10,+0.10,"20,657",
114/12/10,"25,131,406","809,607,481",32.10,32.45,32.10,32.10, 0.00,"8,939",
114/12/11,"38,374,488","1,241,069,775",32.15,32.45,31.95,32.35,+0.25,"14,902",
114/12/12,"40,549,399","1,333,240,719",32.55,33.15,32.50,32.80,+0.45,"16,342",
114/12/15,"49,691,776","1,635,854,607",33.00,33.05,32.60,33.00,+0.20,"16,357",
114/12/16,"58,607,805","1,942,375,092",33.00,33.45,32.95,32.95,-0.05,"20,303",
114/12/17,"66,951,780","2,241,963,331",33.20,33.80,33.10,33.50,+0.55,"21,748",
114/12/18,"76,417,838","2,551,204,110",33.80,34.20,32.90,33.25,-0.25,"41,715",
114/12/19,"140,458,700","4,703,810,321",33.20,33.70,32.90,33.55,+0.30,"22,425",
114/12/22,"112,981,625","3,769,923,857",33.45,33.60,33.10,33.30,-0.25,"28,430",
114/12/23,"106,150,508","3,535,273,595",33.20,33.55,32.75,33.55,+0.25,"26,522",
114/12/24,"107,419,499","3,612,624,206",33.15,33.95,32.85,33.95,+0.40,"24,649",
114/12/26,"91,774,406","3,110,186,174",33.65,34.15,33.20,34.15,+0.20,"27,527",
114/12/29,"33,784,450","1,141,781,262",33.95,33.95,33.60,33.65,-0.50,"15,951",
114/12/30,"60,570,093","2,048,476,015",33.55,34.15,33.20,33.85,+0.20,"26,035",
114/12/31,"59,988,389","2,029,963,832",33.85,34.05,33.40,33.75,-0.10,"24,494",
115/01/02,"61,726,864","2,090,586,766",33.80,34.10,33.40,34.10,+0.35,"28,841",
115/01/05,"59,631,064","2,025,599,991",33.95,34.20,33.70,33.85,-0.25,"19,050",
115/01/06,"38,643,639","1,305,739,090",33.90,34.05,33.65,33.70,-0.15,"17,400",
115/01/07,"44,421,826","1,482,456,973",33.75,33.75,33.20,33.25,-0.45,"29,539",
115/01/08,"40,405,693","1,334,548,917",33.20,33.40,32.80,32.80,-0.45,"18,176",
115/01/09,"22,936,877","751,896,517",32.85,33.05,32.65,32.85,+0.05,"11,522",
115/01/12,"29,140,164","949,189,444",32.60,32.70,32.50,32.50,-0.35,"17,727",
115/01/13,"26,281,985","853,757,152",32.60,32.60,32.40,32.40,-0.10,"12,778",
115/01/14,"29,029,779","939,421,206",32.50,32.65,32.30,32.30,-0.10,"12,836",
115/01/15,"31,147,732","1,013,839,626",32.45,32.70,32.45,32.45,+0.15,"10,468",
115/01/16,"27,771,605","909,693,981",32.50,32.95,32.45,32.65,+0.20,"11,279",
115/01/19,"36,730,474","1,217,355,644",32.65,33.50,32.60,33.00,+0.35,"13,777",
115/01/20,"30,188,715","1,000,267,784",33.05,33.40,33.00,33.10,+0.10,"11,348",
115/01/21,"33,216,181","1,103,612,051",33.00,33.35,32.85,33.35,+0.25,"12,081",
115/01/22,"40,100,688","1,341,615,160",33.55,33.60,33.30,33.50,+0.15,"11,840",
115/01/23,"34,131,139","1,135,219,844",33.65,33.65,33.00,33.25,-0.25,"21,442",
115/01/26,"30,229,933","1,011,306,860",33.30,33.65,33.00,33.65,+0.40,"10,537",
115/01/27,"27,307,286","919,431,386",33.75,33.80,33.60,33.60,-0.05,"9,291",
115/01/28,"30,536,651","1,019,676,093",33.60,33.70,33.25,33.50,-0.10,"12,608",
115/01/29,"36,513,440","1,227,476,419",33.50,33.75,33.30,33.70,+0.20,"10,206",
115/01/30,"37,969,721","1,266,260,880",33.65,33.65,33.10,33.40,-0.30,"18,405",
115/02/02,"29,636,057","978,880,777",33.45,33.45,32.70,33.30,-0.10,"17,467",
115/02/03,"27,942,584","935,223,804",33.35,33.60,33.30,33.40,+0.10,"7,985",
115/02/04,"27,484,215","926,430,306",33.40,33.90,33.40,33.70,+0.30,"8,929",
115/02/05,"33,443,496","1,134,117,828",33.70,34.00,33.60,33.95,+0.25,"11,693",
115/02/06,"22,294,205","753,458,144",33.70,34.00,33.45,34.00,+0.05,"9,082",
115/02/09,"29,883,580","1,011,842,364",34.10,34.20,33.70,33.70,-0.30,"13,216",
115/02/10,"22,285,981","752,944,524",33.70,33.90,33.70,33.80,+0.10,"9,445",
115/02/11,"34,829,327","1,186,310,699",34.00,34.15,33.90,34.15,+0.35,"14,417",
115/02/23,"73,342,176","2,546,624,135",34.70,34.90,34.45,34.85,+0.70,"23,265",
115/02/24,"32,997,584","1,140,360,434",34.90,34.90,34.25,34.70,-0.15,"21,098",
115/02/25,"39,072,681","1,360,378,198",34.60,35.00,34.20,34.95,+0.25,"16,169",
115/02/26,"101,501,150","3,569,245,574",34.80,35.50,34.75,35.10,+0.15,"20,134",
115/03/02,"37,861,839","1,318,442,887",34.50,35.10,34.50,34.90,-0.20,"17,431",
115/03/03,"35,571,248","1,241,358,646",34.60,35.10,34.60,34.90, 0.00,"11,486",
115/03/04,"49,799,760","1,677,928,338",34.45,34.55,33.35,33.65,-1.25,"20,650",
115/03/05,"30,239,365","1,024,755,397",33.75,34.05,33.75,34.05,+0.40,"10,560",
115/03/06,"22,070,698","747,088,687",33.90,34.00,33.65,34.00,-0.05,"7,780",
115/03/09,"43,449,590","1,440,609,199",32.65,33.50,32.60,33.35,-0.65,"17,276",
115/03/10,"24,077,068","804,741,287",33.45,33.85,33.20,33.40,+0.05,"9,384",
115/03/11,"23,392,853","783,720,305",33.40,34.00,33.30,33.30,-0.10,"8,183",
115/03/12,"44,385,765","1,457,491,675",33.00,33.10,32.65,33.05,-0.25,"19,669",
115/03/13,"27,550,528","909,301,897",32.95,33.25,32.85,33.05, 0.00,"9,641",
115/03/16,"68,045,660","2,205,682,335",33.05,33.05,32.10,32.20,-0.85,"32,813",
115/03/17,"54,957,036","1,767,871,446",32.30,32.55,32.00,32.25,+0.05,"23,517",
115/03/18,"35,788,983","1,150,399,722",32.70,32.75,32.00,32.25, 0.00,"17,054",
115/03/19,"41,506,997","1,318,045,109",32.25,32.25,31.65,31.70,-0.55,"24,320",
115/03/20,"53,882,734","1,704,134,473",31.95,31.95,31.30,31.80,+0.10,"17,128",
115/03/23,"36,774,751","1,141,113,537",31.10,31.25,30.85,31.15,-0.65,"18,698",
115/03/24,"21,610,622","678,817,798",31.15,31.65,31.00,31.55,+0.40,"8,212",
115/03/25,"27,290,698","873,161,889",32.40,32.40,31.65,32.10,+0.55,"8,542",
115/03/26,"23,136,520","745,866,447",32.45,32.45,32.00,32.35,+0.25,"8,053",
115/03/27,"18,515,318","596,624,401",32.10,32.35,32.00,32.20,-0.15,"7,240",
115/03/30,"35,065,679","1,124,785,035",31.95,32.25,31.90,32.00,-0.20,"9,795",
115/03/31,"31,563,353","1,005,317,130",31.95,32.15,31.75,31.75,-0.25,"9,674",
115/04/01,"19,272,080","620,384,235",32.15,32.30,31.85,32.30,+0.55,"7,163",
115/04/02,"20,530,689","661,934,953",32.45,32.60,32.10,32.15,-0.15,"9,053",
115/04/07,"16,534,492","533,076,113",32.20,32.40,32.00,32.40,+0.25,"7,880",
115/04/08,"24,182,082","784,371,289",32.85,32.85,32.25,32.45,+0.05,"9,736",
115/04/09,"24,963,676","810,304,898",32.40,32.60,32.20,32.60,+0.15,"8,728",
115/04/10,"25,766,300","833,476,997",32.60,32.60,32.20,32.25,-0.35,"11,342",
115/04/13,"28,525,981","915,682,366",32.25,32.25,32.00,32.05,-0.20,"7,994",
115/04/14,"31,208,360","1,016,393,921",32.40,32.70,32.25,32.70,+0.65,"10,303",
115/04/15,"38,138,993","1,254,026,033",32.80,33.10,32.60,32.95,+0.25,"12,270",
115/04/16,"24,595,463","810,927,105",33.00,33.20,32.80,33.00,+0.05,"8,362",
115/04/17,"24,132,216","789,219,132",33.05,33.05,32.50,32.75,-0.25,"12,971",
115/04/20,"38,944,093","1,280,214,283",32.90,33.15,32.75,32.85,+0.10,"12,086",
115/04/21,"38,365,945","1,262,474,042",33.10,33.15,32.75,32.95,+0.10,"10,843",
115/04/22,"42,755,484","1,408,484,940",32.85,33.10,32.80,33.05,+0.10,"11,169",
115/04/23,"42,807,191","1,393,411,387",32.75,33.05,32.35,32.45,-0.60,"26,452",
115/04/24,"38,407,291","1,248,134,249",32.40,32.70,32.30,32.55,+0.10,"10,617",
115/04/27,"40,146,908","1,304,943,505",32.35,32.70,32.00,32.55, 0.00,"13,906",
115/04/28,"30,787,044","999,700,012",32.70,32.95,32.15,32.45,-0.10,"12,888",
115/04/29,"34,842,777","1,126,821,467",32.85,32.85,32.10,32.40,-0.05,"12,999",
115/04/30,"48,508,781","1,552,030,167",32.10,32.40,31.80,31.85,-0.55,"18,479",
115/05/04,"59,013,659","1,857,880,792",32.15,32.15,31.30,31.30,-0.55,"28,790",
115/05/05,"35,874,248","1,125,333,155",31.30,31.55,31.10,31.55,+0.25,"15,723",
115/05/06,"40,013,467","1,270,708,871",31.65,31.95,31.50,31.85,+0.30,"16,921",
115/05/07,"42,535,750","1,370,250,011",31.85,32.50,31.85,32.10,+0.25,"14,022",
115/05/08,"40,274,456","1,299,079,071",32.50,32.50,31.90,32.50,+0.40,"13,382",
115/05/11,"28,821,923","933,224,084",32.50,32.55,32.30,32.30,-0.20,"11,324",
115/05/12,"48,368,669","1,541,723,573",32.30,32.30,31.75,31.80,-0.50,"19,995",
115/05/13,"32,594,464","1,039,934,278",32.05,32.10,31.60,31.90,+0.10,"10,676",
115/05/14,"25,650,673","817,879,244",31.95,32.10,31.75,31.85,-0.05,"9,967",
115/05/15,"35,569,729","1,137,132,837",31.95,32.10,31.80,31.95,+0.10,"11,323",
115/05/18,"33,257,380","1,060,361,409",32.20,32.20,31.70,31.70,-0.25,"12,484",
115/05/19,"34,018,806","1,092,340,160",31.80,32.40,31.75,32.00,+0.30,"10,003",
115/05/20,"32,499,681","1,032,742,366",32.00,32.05,31.60,31.70,-0.30,"16,874",
115/05/21,"28,628,175","906,266,021",32.05,32.05,31.55,31.55,-0.15,"13,151",
115/05/22,"40,828,522","1,281,636,709",31.50,31.80,31.30,31.30,-0.25,"19,928",
