日期,成交股數,成交金額,開盤價,最高價,最低價,收盤價,漲跌價差,成交筆數,註記
109/01/02,"3,500,498","112,603,328",32.05,32.30,32.05,32.10,+0.05,"1,404",
109/01/03,"7,478,279","236,703,189",32.30,32.30,31.20,31.40,-0.70,"3,492",
109/01/06,"5,239,908","164,214,671",31.40,31.60,31.10,31.20,-0.20,"2,037",
109/01/07,"3,592,029","112,527,846",31.40,31.50,31.20,31.25,+0.05,"1,566",
109/01/08,"5,014,224","154,787,766",31.15,31.25,30.50,30.50,-0.75,"2,466",
109/01/09,"2,401,491","73,659,818",30.60,30.85,30.55,30.60,+0.10,"1,172",
109/01/10,"4,609,933","143,331,859",30.60,31.35,30.55,31.25,+0.65,"1,871",
109/01/13,"7,697,467","245,067,144",31.45,32.25,31.25,31.95,+0.70,"3,451",
109/01/14,"3,980,383","126,699,125",31.95,32.00,31.65,31.95, 0.00,"1,909",
109/01/15,"3,044,034","96,546,468",32.00,32.00,31.55,31.65,-0.30,"1,486",
109/01/16,"2,643,047","83,577,580",31.70,31.80,31.55,31.55,-0.10,"1,289",
109/01/17,"2,697,390","84,754,259",31.60,31.60,31.30,31.45,-0.10,"1,278",
109/01/20,"2,747,353","85,623,867",31.45,31.45,31.10,31.10,-0.35,"1,448",
109/01/30,"8,018,141","239,549,546",29.30,30.35,29.30,29.80,-1.30,"3,245",
109/01/31,"2,813,753","84,562,435",29.75,30.35,29.75,30.20,+0.40,"1,199",
109/02/03,"3,654,749","107,053,744",29.10,29.65,28.80,29.35,-0.85,"1,743",
109/02/04,"2,014,491","59,259,432",29.35,29.65,29.30,29.40,+0.05,"1,169",
109/02/05,"2,673,760","78,019,180",29.40,29.60,29.10,29.10,-0.30,"1,382",
109/02/06,"2,098,413","61,857,193",29.30,29.60,29.30,29.55,+0.45,"1,052",
109/02/07,"1,790,198","52,423,505",29.55,29.55,29.10,29.25,-0.30,968,
109/02/10,"1,628,980","47,428,011",29.10,29.35,28.90,29.15,-0.10,776,
109/02/11,"1,928,462","57,075,942",29.55,29.80,29.25,29.60,+0.45,851,
109/02/12,"2,234,769","66,574,698",29.70,29.95,29.50,29.85,+0.25,"1,096",
109/02/13,"3,400,614","103,008,636",30.00,30.50,30.00,30.15,+0.30,"1,847",
109/02/14,"2,733,728","83,225,551",30.30,30.60,30.25,30.45,+0.30,"1,576",
109/02/17,"2,501,144","76,240,840",30.50,30.65,30.30,30.60,+0.15,"1,386",
109/02/18,"3,918,139","121,464,089",30.80,31.25,30.75,30.90,+0.30,"2,119",
109/02/19,"2,178,101","67,663,725",31.20,31.25,30.95,31.10,+0.20,"1,221",
109/02/20,"2,400,755","74,517,469",31.15,31.25,30.85,30.95,-0.15,"1,206",
109/02/21,"4,538,013","142,049,102",31.15,31.50,31.05,31.40,+0.45,"2,319",
109/02/24,"2,576,344","80,550,045",31.30,31.45,31.20,31.20,-0.20,"1,325",
109/02/25,"3,259,361","101,177,661",30.50,31.35,30.50,31.30,+0.10,"1,596",
109/02/26,"6,757,928","213,372,261",31.00,31.95,30.90,31.65,+0.35,"2,897",
109/02/27,"9,222,970","290,183,470",31.95,32.00,30.90,30.90,-0.75,"3,709",
109/03/02,"7,670,681","239,607,907",30.60,31.50,30.50,31.40,+0.50,"2,617",
109/03/03,"6,624,851","207,217,911",31.80,31.90,30.90,31.00,-0.40,"3,291",
109/03/04,"3,422,101","105,426,306",31.00,31.00,30.60,31.00, 0.00,"1,507",
109/03/05,"4,850,228","149,100,166",31.00,31.00,30.60,30.75,-0.25,"1,763",
109/03/06,"8,204,439","245,983,670",30.50,30.50,29.75,30.00,-0.75,"3,347",
109/03/09,"6,409,614","191,174,308",29.50,30.00,29.45,29.90,-0.10,"2,122",
109/03/10,"7,387,055","220,915,600",29.30,30.50,29.30,30.05,+0.15,"2,201",
109/03/11,"10,329,643","314,193,709",30.05,30.90,29.95,30.35,+0.30,"3,296",
109/03/12,"10,391,874","310,237,638",30.00,30.20,29.30,30.00,-0.35,"3,099",
109/03/13,"14,087,852","397,964,167",29.00,29.10,27.00,28.40,-1.60,"5,570",
109/03/16,"6,995,778","198,487,203",28.45,28.70,28.00,28.05,-0.35,"3,079",
109/03/17,"7,571,875","205,940,657",27.00,27.80,26.35,27.45,-0.60,"2,802",
109/03/18,"6,036,008","164,799,848",27.45,27.70,26.85,26.85,-0.60,"2,665",
109/03/19,"11,817,738","292,707,597",26.35,26.35,24.20,24.20,-2.65,"3,782",
109/03/20,"10,135,575","256,272,505",24.65,25.85,24.65,25.65,+1.45,"3,577",
109/03/23,"3,124,559","78,404,505",25.00,25.55,24.20,25.30,-0.35,"1,431",
109/03/24,"6,128,757","164,586,344",26.50,27.50,25.90,26.70,+1.40,"2,524",
109/03/25,"4,694,170","128,940,622",28.00,28.00,27.00,27.20,+0.50,"2,050",
109/03/26,"2,647,155","71,354,194",27.40,27.45,26.65,27.10,-0.10,"1,090",
109/03/27,"5,729,474","154,550,265",27.00,27.35,26.70,26.70,-0.40,"1,896",
109/03/30,"3,137,351","82,822,454",26.20,26.85,26.10,26.70, 0.00,"1,346",
109/03/31,"4,717,851","124,967,081",27.00,27.15,25.90,26.90,+0.20,"2,338",
109/04/01,"10,391,802","263,942,398",26.20,26.70,24.75,25.00,-1.90,"5,099",
109/04/06,"6,735,236","163,254,824",25.05,25.05,23.80,24.30,-0.70,"2,855",
109/04/07,"5,749,748","139,813,800",24.60,24.75,24.00,24.10,-0.20,"2,904",
109/04/08,"8,598,968","210,111,700",24.05,24.90,23.80,24.80,+0.70,"3,653",
109/04/09,"9,360,962","233,803,375",24.85,25.40,24.45,25.40,+0.60,"4,216",
109/04/10,"7,563,220","193,035,307",25.40,25.75,25.35,25.40, 0.00,"3,698",
109/04/13,"3,251,260","82,322,399",25.40,25.60,25.05,25.25,-0.15,"1,504",
109/04/14,"4,099,813","104,538,559",25.25,25.60,25.25,25.55,+0.30,"1,524",
109/04/15,"7,918,648","205,703,254",25.95,26.30,25.60,26.15,+0.60,"3,485",
109/04/16,"4,224,107","108,760,250",26.00,26.00,25.60,25.70,-0.45,"2,091",
109/04/17,"5,335,783","137,400,561",26.00,26.05,25.50,25.50,-0.20,"2,074",
109/04/20,"4,720,118","122,939,472",25.60,26.30,25.55,26.25,+0.75,"2,060",
109/04/21,"5,676,868","145,582,605",26.00,26.10,25.35,25.55,-0.70,"2,622",
109/04/22,"2,970,500","74,373,147",24.75,25.50,24.70,25.50,-0.05,"1,257",
109/04/23,"2,731,496","69,574,019",25.50,25.95,25.20,25.20,-0.30,"1,436",
109/04/24,"4,527,396","115,141,822",25.10,25.75,24.95,25.40,+0.20,"1,889",
109/04/27,"9,175,905","239,510,791",25.55,26.40,25.50,26.40,+1.00,"3,772",
109/04/28,"5,203,026","137,552,977",26.70,26.90,26.20,26.30,-0.10,"2,497",
109/04/29,"5,335,165","140,870,976",26.30,26.60,26.25,26.30, 0.00,"2,153",
109/04/30,"6,970,028","185,479,985",26.60,26.80,26.40,26.65,+0.35,"2,761",
109/05/04,"12,364,292","335,508,327",26.40,27.70,26.25,27.50,+0.85,"4,811",
109/05/05,"7,155,018","195,927,781",27.50,27.70,27.20,27.40,-0.10,"3,180",
109/05/06,"4,622,527","125,653,021",27.25,27.45,27.05,27.05,-0.35,"2,196",
109/05/07,"3,739,170","101,900,003",27.05,27.40,27.05,27.35,+0.30,"1,709",
109/05/08,"6,023,807","163,227,039",27.40,27.50,26.90,26.95,-0.40,"2,325",
109/05/11,"4,682,681","128,646,705",27.10,27.75,27.00,27.50,+0.55,"1,976",
109/05/12,"6,074,959","163,383,185",27.35,27.35,26.60,26.80,-0.70,"2,555",
109/05/13,"2,810,425","74,948,931",26.60,26.80,26.50,26.80, 0.00,"1,183",
109/05/14,"5,388,432","141,244,382",26.60,26.65,25.80,25.80,-1.00,"2,553",
109/05/15,"4,228,333","108,969,856",26.00,26.15,25.55,25.55,-0.25,"1,753",
109/05/18,"2,485,834","63,379,442",25.50,25.70,25.25,25.40,-0.15,"1,211",
109/05/19,"3,552,297","91,849,655",25.70,26.15,25.65,25.80,+0.40,"1,667",
109/05/20,"6,008,948","159,480,644",25.80,27.00,25.75,26.85,+1.05,"2,899",
109/05/21,"5,579,820","149,452,400",26.90,26.95,26.55,26.95,+0.10,"2,517",
109/05/22,"6,368,441","173,059,957",26.90,27.50,26.85,27.00,+0.05,"3,108",
109/05/25,"3,455,404","92,860,308",27.15,27.15,26.45,27.00, 0.00,"1,911",
109/05/26,"4,061,118","110,672,659",27.00,27.50,27.00,27.30,+0.30,"1,635",
109/05/27,"2,780,672","75,917,555",27.60,27.60,27.10,27.10,-0.20,"1,420",
109/05/28,"8,286,154","229,290,516",27.30,28.10,27.10,27.45,+0.35,"3,858",
109/05/29,"6,140,423","166,129,010",27.35,27.45,26.85,26.85,-0.60,"3,640",
109/06/01,"3,636,094","97,221,298",26.95,26.95,26.65,26.70,-0.15,"2,239",
109/06/02,"3,073,062","82,149,901",26.75,26.90,26.60,26.85,+0.15,"1,695",
109/06/03,"9,019,047","247,229,725",26.90,27.65,26.90,27.40,+0.55,"3,682",
109/06/04,"6,443,246","178,641,593",27.70,27.95,27.55,27.80,+0.40,"2,854",
109/06/05,"3,882,476","107,686,170",27.95,28.00,27.60,27.70,-0.10,"1,642",
109/06/08,"6,409,617","175,858,692",27.60,27.75,27.25,27.40,-0.30,"2,505",
109/06/09,"8,047,999","223,884,168",27.25,28.15,27.25,27.80,+0.40,"3,286",
109/06/10,"6,287,491","174,185,655",27.95,28.00,27.50,27.65,-0.15,"2,733",
109/06/11,"9,454,681","261,871,254",27.65,28.00,27.40,27.55,-0.10,"3,972",
109/06/12,"8,492,299","233,071,886",27.20,27.95,27.00,27.90,+0.35,"3,589",
109/06/15,"11,430,125","317,397,252",28.20,28.50,27.10,27.15,-0.75,"4,825",
109/06/16,"5,596,158","152,179,492",27.40,27.45,27.05,27.30,+0.15,"3,183",
109/06/17,"3,469,853","94,507,648",27.40,27.40,27.10,27.20,-0.10,"1,559",
109/06/18,"5,537,076","149,373,952",27.20,27.20,26.90,26.95,-0.25,"2,280",
109/06/19,"23,529,966","620,078,595",26.95,27.05,26.00,26.00,-0.95,"6,906",
109/06/22,"21,853,833","560,555,525",26.10,26.50,25.25,25.25,-0.75,"5,888",
109/06/23,"23,138,090","585,827,355",25.30,25.45,25.15,25.40,+0.15,"6,329",
109/06/24,"22,514,958","582,177,744",25.60,26.10,25.55,26.05,+0.65,"5,741",
109/06/29,"22,107,255","577,582,072",25.90,26.35,25.65,26.35,+0.30,"4,538",
109/06/30,"16,997,443","456,982,095",26.35,27.25,26.25,27.10,+0.75,"6,208",
109/07/01,"5,840,666","158,116,582",27.20,27.35,26.85,27.10, 0.00,"2,551",
109/07/02,"4,946,112","133,780,759",27.40,27.40,26.90,26.95,-0.15,"2,016",
109/07/03,"5,073,034","135,406,552",27.00,27.00,26.50,26.85,-0.10,"2,347",
109/07/06,"4,615,866","123,710,687",26.90,26.90,26.65,26.90,+0.05,"1,980",
109/07/07,"3,838,936","103,133,627",26.95,27.10,26.70,26.80,-0.10,"1,598",
109/07/08,"3,421,197","91,717,985",26.90,26.90,26.75,26.80, 0.00,"1,536",
109/07/09,"10,451,394","285,462,797",26.90,27.70,26.75,27.30,+0.50,"4,191",
109/07/10,"7,445,698","200,916,126",27.55,27.55,26.70,26.70,-0.60,"3,265",
109/07/13,"10,818,257","283,436,730",26.35,26.55,26.00,26.00,-0.70,"4,855",
109/07/14,"9,542,121","247,770,996",26.00,26.30,25.80,25.80,-0.20,"3,444",
109/07/15,"5,685,540","141,781,059",24.70,25.20,24.65,25.05,X0.00,"2,871",
109/07/16,"2,505,957","62,663,665",25.05,25.20,24.90,25.05, 0.00,"1,265",
109/07/17,"3,951,838","97,686,955",25.15,25.15,24.60,24.60,-0.45,"2,008",
109/07/20,"2,893,407","70,272,529",24.60,24.65,24.05,24.55,-0.05,"1,421",
109/07/21,"2,679,661","65,795,201",24.70,24.80,24.40,24.60,+0.05,"1,259",
109/07/22,"2,868,198","70,259,481",24.60,24.65,24.35,24.60, 0.00,"1,300",
109/07/23,"2,515,722","61,236,919",24.50,24.55,24.20,24.25,-0.35,"1,225",
109/07/24,"4,542,780","108,893,143",24.25,24.25,23.80,23.80,-0.45,"2,061",
109/07/27,"6,595,983","151,928,849",23.75,23.80,22.65,22.65,-1.15,"3,012",
109/07/28,"5,394,456","119,018,482",22.35,22.45,21.85,22.00,-0.65,"2,544",
109/07/29,"3,580,070","80,870,926",21.95,22.80,21.95,22.50,+0.50,"1,950",
109/07/30,"5,363,650","125,102,915",22.75,23.80,22.60,23.65,+1.15,"2,478",
109/07/31,"3,475,375","80,798,897",23.55,23.55,23.10,23.25,-0.40,"1,616",
109/08/03,"3,966,418","90,166,514",23.20,23.25,22.50,22.65,-0.60,"1,855",
109/08/04,"1,673,215","38,171,518",22.90,22.95,22.70,22.80,+0.15,957,
109/08/05,"4,849,450","111,469,971",22.90,23.55,22.70,22.70,-0.10,"2,063",
109/08/06,"4,338,040","98,594,256",22.90,23.15,22.50,22.70, 0.00,"1,824",
109/08/07,"4,802,445","107,189,723",22.80,22.90,22.15,22.25,-0.45,"2,357",
109/08/10,"4,662,129","104,096,505",22.40,22.55,22.15,22.50,+0.25,"2,283",
109/08/11,"8,502,265","192,926,508",22.50,23.15,22.20,22.20,-0.30,"3,940",
109/08/12,"4,255,323","94,091,648",22.30,22.45,22.05,22.10,-0.10,"2,028",
109/08/13,"6,289,108","137,197,226",22.20,22.30,21.60,21.80,-0.30,"3,477",
109/08/14,"7,046,642","152,764,868",21.80,22.20,21.55,21.60,-0.20,"3,485",
109/08/17,"6,957,779","147,986,793",21.60,21.65,21.15,21.35,-0.25,"3,249",
109/08/18,"4,752,393","101,851,298",21.35,21.65,21.35,21.40,+0.05,"2,665",
109/08/19,"7,515,975","157,857,412",21.50,21.60,20.70,20.85,-0.55,"4,362",
109/08/20,"12,894,027","263,047,915",20.80,20.80,19.90,20.55,-0.30,"5,451",
109/08/21,"4,433,380","93,413,297",20.65,21.40,20.65,21.35,+0.80,"2,187",
109/08/24,"3,116,168","66,673,103",21.35,21.65,21.20,21.45,+0.10,"1,341",
109/08/25,"2,608,310","56,291,872",21.45,21.75,21.40,21.60,+0.15,"1,318",
109/08/26,"3,036,911","65,470,210",21.70,21.80,21.35,21.45,-0.15,"1,524",
109/08/27,"3,894,960","82,326,380",21.50,21.50,21.00,21.00,-0.45,"2,423",
109/08/28,"7,816,454","167,009,567",21.00,21.70,21.00,21.25,+0.25,"3,297",
109/08/31,"6,176,830","131,923,047",21.40,21.65,21.20,21.25, 0.00,"2,253",
109/09/01,"6,543,961","141,015,480",21.30,21.75,21.30,21.70,+0.45,"2,024",
109/09/02,"10,264,365","228,120,959",21.75,22.50,21.65,22.40,+0.70,"4,198",
109/09/03,"8,538,859","189,726,640",22.50,22.65,22.05,22.10,-0.30,"2,980",
109/09/04,"7,365,482","159,441,369",21.70,21.85,21.35,21.65,-0.45,"2,377",
109/09/07,"11,109,670","247,782,510",21.40,22.75,21.40,22.45,+0.80,"4,293",
109/09/08,"4,677,106","104,321,598",22.65,22.70,22.10,22.15,-0.30,"2,407",
109/09/09,"11,044,129","250,629,612",22.15,23.00,22.00,22.85,+0.70,"3,686",
109/09/10,"7,072,510","161,083,855",22.85,22.95,22.65,22.90,+0.05,"2,534",
109/09/11,"17,679,148","383,375,893",22.00,22.30,21.25,21.40,X0.00,"6,736",
109/09/14,"11,146,890","231,705,890",21.25,21.40,20.55,20.70,-0.70,"4,140",
109/09/15,"9,623,203","197,703,628",20.70,20.95,20.30,20.50,-0.20,"4,141",
109/09/16,"4,558,905","93,300,923",20.60,20.60,20.30,20.60,+0.10,"2,079",
109/09/17,"6,242,652","130,310,724",20.60,21.20,20.60,20.75,+0.15,"2,564",
109/09/18,"4,457,165","93,094,265",20.75,21.00,20.75,21.00,+0.25,"1,388",
109/09/21,"3,764,062","78,431,315",21.00,21.10,20.55,20.65,-0.35,"1,530",
109/09/22,"5,763,618","116,637,859",20.50,20.50,20.00,20.20,-0.45,"2,243",
109/09/23,"3,544,247","71,066,066",20.25,20.25,20.00,20.00,-0.20,"1,689",
109/09/24,"8,091,182","157,057,585",19.90,19.90,19.05,19.10,-0.90,"3,911",
109/09/25,"6,017,519","114,536,578",19.15,19.35,18.70,18.95,-0.15,"2,288",
109/09/28,"2,371,203","45,201,572",19.05,19.20,18.90,19.05,+0.10,"1,045",
109/09/29,"5,682,301","110,651,537",19.10,19.75,19.05,19.50,+0.45,"2,051",
109/09/30,"2,846,620","55,898,636",19.55,19.75,19.40,19.65,+0.15,"1,069",
109/10/05,"2,057,275","40,195,589",19.55,19.65,19.40,19.55,-0.10,958,
109/10/06,"6,007,660","119,749,895",19.60,20.20,19.50,19.90,+0.35,"2,036",
109/10/07,"3,176,249","62,526,398",19.85,19.90,19.55,19.75,-0.15,"1,438",
109/10/08,"6,638,318","132,074,510",19.85,20.10,19.65,20.00,+0.25,"2,070",
109/10/12,"27,311,035","591,572,620",20.45,22.00,20.45,22.00,+2.00,"6,881",
109/10/13,"48,016,367","1,068,145,525",22.60,23.00,21.40,22.30,+0.30,"13,913",
109/10/14,"10,650,390","234,707,471",22.20,22.20,21.85,22.00,-0.30,"3,362",
109/10/15,"7,797,139","168,421,335",21.90,21.95,21.35,21.60,-0.40,"3,021",
109/10/16,"7,083,506","150,041,931",21.40,21.45,21.00,21.15,-0.45,"2,789",
109/10/19,"6,996,814","146,012,847",21.10,21.10,20.70,20.80,-0.35,"2,516",
109/10/20,"6,589,010","134,581,992",20.65,20.65,20.30,20.35,-0.45,"2,771",
109/10/21,"18,829,188","400,222,013",20.35,21.80,20.35,21.30,+0.95,"6,929",
109/10/22,"16,558,793","343,978,082",21.25,21.30,20.65,20.65,-0.65,"4,010",
109/10/23,"8,759,774","184,007,704",20.55,21.25,20.55,21.00,+0.35,"3,085",
109/10/26,"5,722,612","120,695,371",21.00,21.30,20.80,21.05,+0.05,"2,161",
109/10/27,"10,707,086","228,405,786",20.80,21.60,20.75,21.50,+0.45,"3,971",
109/10/28,"55,917,058","1,276,929,670",21.75,23.50,21.65,22.90,+1.40,"20,243",
109/10/29,"30,499,929","699,027,591",22.55,23.30,22.35,22.65,-0.25,"12,068",
109/10/30,"51,908,078","1,153,647,210",22.35,22.50,21.80,21.90,-0.75,"18,416",
109/11/02,"50,455,312","1,143,029,424",21.90,23.35,21.90,23.15,+1.25,"17,707",
109/11/03,"89,610,073","2,145,027,306",23.30,24.40,23.20,24.10,+0.95,"34,519",
109/11/04,"42,902,443","1,035,051,266",24.50,24.80,23.60,24.50,+0.40,"18,015",
109/11/05,"26,455,219","637,801,698",24.20,24.40,23.80,23.85,-0.65,"11,514",
109/11/06,"31,505,299","765,123,969",23.90,24.65,23.80,24.10,+0.25,"13,830",
109/11/09,"33,616,731","828,842,294",24.60,24.95,24.10,24.85,+0.75,"13,960",
109/11/10,"38,893,346","974,720,890",25.20,25.50,24.60,24.90,+0.05,"15,984",
109/11/11,"18,260,922","454,186,764",25.00,25.30,24.50,24.65,-0.25,"7,815",
109/11/12,"21,729,797","531,502,510",24.65,24.85,24.00,24.75,+0.10,"8,113",
109/11/13,"12,623,511","307,513,761",24.45,24.70,24.15,24.15,-0.60,"5,787",
109/11/16,"15,751,689","379,466,863",24.20,24.45,23.80,24.15, 0.00,"6,378",
109/11/17,"14,933,285","367,094,363",24.25,24.80,24.25,24.65,+0.50,"6,264",
109/11/18,"16,206,789","400,227,062",24.70,25.10,24.40,24.60,-0.05,"6,178",
109/11/19,"16,410,752","395,685,220",24.30,24.50,23.90,24.05,-0.55,"6,421",
109/11/20,"15,042,330","358,075,930",24.05,24.05,23.65,23.75,-0.30,"5,649",
109/11/23,"20,851,976","498,129,357",23.80,24.40,23.35,24.30,+0.55,"8,277",
109/11/24,"13,733,695","328,270,081",24.30,24.35,23.70,23.75,-0.55,"5,836",
109/11/25,"38,428,379","939,495,071",23.75,24.95,23.75,24.85,+1.10,"13,978",
109/11/26,"107,920,534","2,812,319,075",25.15,27.20,24.85,26.35,+1.50,"36,127",
109/11/27,"46,932,120","1,249,149,358",26.50,27.00,26.00,26.85,+0.50,"17,992",
109/11/30,"71,193,031","1,994,249,850",27.05,28.65,27.05,28.10,+1.25,"25,554",
109/12/01,"53,913,881","1,511,798,767",28.50,28.95,27.50,27.95,-0.15,"20,385",
109/12/02,"30,141,719","845,725,612",28.50,28.60,27.70,27.80,-0.15,"10,444",
109/12/03,"70,909,802","2,059,181,865",28.10,29.90,27.90,29.20,+1.40,"26,093",
109/12/04,"75,580,381","2,294,533,864",29.80,30.95,29.70,30.60,+1.40,"29,033",
109/12/07,"93,189,677","2,953,685,718",31.35,33.10,30.35,31.00,+0.40,"36,351",
109/12/08,"34,683,772","1,079,418,497",31.30,31.70,30.65,31.10,+0.10,"15,209",
109/12/09,"53,468,504","1,703,759,508",31.00,32.70,30.75,32.00,+0.90,"20,387",
109/12/10,"90,414,171","2,972,271,350",32.15,33.90,31.50,32.10,+0.10,"35,210",
109/12/11,"68,255,359","2,182,464,299",33.15,33.45,30.50,31.35,-0.75,"25,951",
109/12/14,"37,216,658","1,156,559,270",31.95,32.00,30.40,30.90,-0.45,"14,208",
109/12/15,"41,673,370","1,306,622,300",31.20,32.15,30.75,30.95,+0.05,"16,501",
109/12/16,"40,712,667","1,290,599,214",31.15,32.10,31.15,32.00,+1.05,"15,348",
109/12/17,"24,101,617","765,991,257",32.15,32.50,31.25,32.00, 0.00,"9,634",
109/12/18,"30,401,297","971,199,319",32.05,32.40,31.55,31.85,-0.15,"10,512",
109/12/21,"48,265,726","1,566,132,873",31.75,32.90,31.70,32.40,+0.55,"17,786",
109/12/22,"81,821,319","2,628,610,907",32.55,33.60,30.00,30.85,-1.55,"32,431",
109/12/23,"25,142,150","784,145,352",31.10,31.70,30.35,31.25,+0.40,"9,948",
109/12/24,"15,145,634","474,749,050",31.70,31.85,31.05,31.10,-0.15,"6,331",
109/12/25,"28,359,157","869,836,037",31.10,31.40,30.35,30.65,-0.45,"12,510",
109/12/28,"27,846,035","846,968,848",30.70,31.10,30.05,30.25,-0.40,"11,525",
109/12/29,"30,497,984","944,468,228",30.50,31.40,30.50,31.00,+0.75,"11,776",
109/12/30,"31,385,810","987,214,221",31.45,32.15,30.85,30.95,-0.05,"12,919",
109/12/31,"21,794,659","670,931,405",30.95,31.30,30.30,31.30,+0.35,"8,650",
110/01/04,"18,294,754","565,484,782",31.65,31.65,30.60,31.00,-0.30,"7,584",
110/01/05,"23,624,736","739,088,789",30.85,31.80,30.80,30.90,-0.10,"9,677",
110/01/06,"25,434,103","774,939,356",31.40,31.50,29.60,29.90,-1.00,"11,121",
110/01/07,"27,454,764","839,983,722",30.50,31.30,29.70,30.80,+0.90,"11,785",
110/01/08,"16,745,942","512,672,670",31.00,31.20,30.10,30.85,+0.05,"6,221",
110/01/11,"15,097,494","463,386,215",31.00,31.00,30.30,30.85, 0.00,"5,561",
110/01/12,"21,698,129","651,968,609",30.70,30.80,29.65,29.65,-1.20,"8,637",
110/01/13,"38,916,150","1,117,992,354",29.65,29.80,28.20,28.65,-1.00,"16,965",
110/01/14,"16,387,201","473,771,637",29.00,29.60,28.60,28.65, 0.00,"6,565",
110/01/15,"29,864,382","832,337,780",28.65,28.70,27.15,27.95,-0.70,"10,937",
110/01/18,"18,039,926","494,415,740",28.20,28.40,26.80,27.45,-0.50,"7,077",
110/01/19,"11,920,156","326,280,202",27.35,27.80,27.05,27.10,-0.35,"6,053",
110/01/20,"31,301,659","808,909,883",26.95,26.95,25.25,25.85,-1.25,"11,683",
110/01/21,"14,282,586","373,668,480",26.10,26.60,25.85,25.90,+0.05,"5,510",
110/01/22,"21,404,465","545,659,452",25.75,26.05,25.20,25.90, 0.00,"8,529",
110/01/25,"22,488,654","600,637,692",25.90,27.40,25.50,27.15,+1.25,"8,935",
110/01/26,"13,168,132","351,690,457",26.80,27.10,26.35,26.80,-0.35,"5,892",
110/01/27,"17,108,152","445,714,070",26.60,26.90,25.70,25.80,-1.00,"6,296",
110/01/28,"9,089,415","230,463,907",25.25,25.80,25.10,25.40,-0.40,"3,948",
110/01/29,"7,264,091","183,223,570",25.60,25.60,25.05,25.10,-0.30,"2,812",
110/02/01,"17,166,186","443,647,634",25.15,26.35,24.80,26.20,+1.10,"6,051",
110/02/02,"11,046,413","288,957,068",26.45,26.50,25.85,26.45,+0.25,"4,042",
110/02/03,"10,951,924","282,699,266",26.10,26.30,25.60,25.70,-0.75,"4,679",
110/02/04,"4,460,900","115,105,806",25.60,26.05,25.40,25.90,+0.20,"1,769",
110/02/05,"11,981,841","305,384,849",26.10,26.10,25.25,25.50,-0.40,"4,924",
110/02/17,"28,986,996","781,928,777",26.30,27.65,25.95,27.65,+2.15,"9,563",
110/02/18,"18,214,926","505,788,499",27.65,28.20,27.15,27.85,+0.20,"7,326",
110/02/19,"13,595,427","380,222,341",27.40,28.30,27.40,28.20,+0.35,"5,327",
110/02/22,"27,632,218","808,248,616",28.55,29.80,28.55,29.45,+1.25,"9,797",
110/02/23,"57,647,765","1,777,670,791",30.40,31.30,30.05,30.85,+1.40,"22,418",
110/02/24,"34,382,857","1,054,594,583",30.85,31.40,29.90,30.35,-0.50,"13,878",
110/02/25,"21,900,140","678,367,070",31.30,31.40,30.60,30.90,+0.55,"8,477",
110/02/26,"36,945,762","1,157,774,420",30.45,31.80,30.40,31.20,+0.30,"14,730",
110/03/02,"24,720,020","771,838,842",31.90,32.00,30.20,30.45,-0.75,"10,148",
110/03/03,"37,380,118","1,170,823,437",30.70,31.70,30.50,31.60,+1.15,"13,387",
110/03/04,"108,899,150","3,595,584,281",32.75,33.70,32.45,32.80,+1.20,"41,242",
110/03/05,"65,740,317","2,032,655,621",31.85,31.85,30.00,30.20,-2.60,"26,001",
110/03/08,"35,232,692","1,052,258,310",30.45,30.85,29.30,29.55,-0.65,"14,733",
110/03/09,"21,743,089","663,203,803",30.25,31.00,30.15,30.35,+0.80,"9,274",
110/03/10,"9,504,634","288,121,108",30.50,30.60,30.00,30.40,+0.05,"4,270",
110/03/11,"15,515,102","477,506,154",30.95,31.15,30.50,30.60,+0.20,"6,033",
110/03/12,"16,093,101","488,598,568",30.80,30.85,30.00,30.60, 0.00,"5,555",
110/03/15,"10,182,812","309,722,636",30.75,30.80,30.15,30.35,-0.25,"4,076",
110/03/16,"22,162,955","655,514,137",30.20,30.20,29.30,29.55,-0.80,"11,251",
110/03/17,"10,847,997","320,070,071",29.55,29.85,29.10,29.70,+0.15,"4,821",
110/03/18,"8,535,592","253,976,625",29.90,29.90,29.60,29.75,+0.05,"3,836",
110/03/19,"7,697,272","226,189,628",29.70,29.70,29.25,29.35,-0.40,"3,239",
110/03/22,"7,960,466","234,747,978",29.35,29.75,29.15,29.70,+0.35,"2,975",
110/03/23,"9,663,780","288,056,606",29.75,30.00,29.70,29.90,+0.20,"3,559",
110/03/24,"8,151,270","240,048,578",29.70,29.75,29.25,29.40,-0.50,"3,112",
110/03/25,"5,279,281","156,252,504",29.50,29.85,29.35,29.65,+0.25,"2,436",
110/03/26,"6,843,740","203,703,850",30.00,30.10,29.60,29.80,+0.15,"2,582",
110/03/29,"20,925,401","639,025,911",30.10,30.95,30.05,30.50,+0.70,"8,407",
110/03/30,"21,029,360","650,041,326",30.70,31.20,30.45,31.10,+0.60,"8,273",
110/03/31,"24,357,950","761,856,844",31.45,31.80,30.80,31.35,+0.25,"8,458",
110/04/01,"26,293,336","823,328,463",31.50,31.60,30.80,31.35, 0.00,"10,123",
110/04/06,"41,435,883","1,421,347,265",33.40,34.45,33.40,34.45,+3.10,"11,505",
110/04/07,"145,734,136","5,390,501,140",36.45,37.85,35.90,37.85,+3.40,"50,507",
110/04/08,"140,550,923","5,554,786,792",38.10,40.90,37.85,39.35,+1.50,"55,004",
110/04/09,"76,181,144","2,982,126,756",40.10,40.50,38.00,38.50,-0.85,"31,693",
110/04/12,"83,786,089","3,403,709,861",40.30,41.50,39.70,40.80,+2.30,"31,211",
110/04/13,"53,923,651","2,159,864,327",41.05,41.10,39.15,39.55,-1.25,"22,277",
110/04/14,"122,762,413","4,947,041,406",39.80,41.90,38.15,39.95,+0.40,"48,146",
110/04/15,"48,821,760","1,976,762,778",40.15,41.10,40.00,40.15,+0.20,"18,612",
110/04/16,"102,110,589","4,265,063,761",40.70,42.90,40.20,41.90,+1.75,"39,424",
110/04/19,"96,299,988","4,365,664,078",44.05,46.05,43.80,46.05,+4.15,"37,024",
110/04/20,"98,203,642","4,454,194,352",46.95,47.25,44.00,46.50,+0.45,"42,632",
110/04/21,"110,594,228","5,145,922,131",45.55,48.70,44.80,48.00,+1.50,"47,961",
110/04/22,"208,738,782","10,657,205,661",51.10,52.80,46.20,48.30,+0.30,"78,299",
110/04/23,"87,035,583","4,040,244,099",48.30,49.35,45.05,45.70,-2.60,"37,867",
110/04/26,"71,439,603","3,419,569,155",46.95,48.80,46.40,48.70,+3.00,"29,234",
110/04/27,"63,653,184","3,090,348,466",49.10,50.00,47.80,47.85,-0.85,"27,825",
110/04/28,"45,913,926","2,153,179,231",48.00,48.15,46.20,46.45,-1.40,"21,524",
110/04/29,"101,984,244","4,916,518,461",47.15,49.50,46.40,48.00,+1.55,"40,836",
110/05/03,"119,479,182","5,942,603,629",49.30,51.30,48.20,48.45,+0.45,"48,158",
110/05/04,"123,525,791","5,672,155,610",49.90,50.80,43.65,43.70,-4.75,"49,639",
110/05/05,"98,983,756","4,563,363,590",44.50,47.50,43.15,45.95,+2.25,"42,355",
110/05/06,"120,807,354","5,857,828,177",47.85,49.80,46.45,49.45,+3.50,"47,897",
110/05/07,"93,693,684","4,570,617,198",51.10,51.20,47.00,49.40,-0.05,"38,671",
110/05/10,"181,395,558","9,399,787,775",50.30,53.60,49.05,53.00,+3.60,"71,321",
110/05/11,"216,211,864","11,127,884,791",51.30,55.00,47.70,48.55,-4.45,"91,061",
110/05/12,"99,517,940","4,491,498,100",48.55,49.15,43.70,43.70,-4.85,"37,960",
110/05/13,"128,229,801","5,114,471,695",39.70,42.15,39.35,39.35,-4.35,"43,745",
110/05/14,"108,834,622","4,125,456,317",40.50,40.80,35.85,37.40,-1.95,"41,397",
110/05/17,"90,494,235","3,139,280,740",33.85,36.75,33.70,34.35,-3.05,"30,900",
110/05/18,"41,313,208","1,543,619,285",36.75,37.75,36.00,37.75,+3.40,"11,859",
110/05/19,"113,023,751","4,604,180,715",39.30,41.50,39.05,41.50,+3.75,"43,098",
110/05/20,"89,399,028","3,574,892,176",39.10,41.90,38.60,39.50,-2.00,"35,976",
110/05/21,"86,116,671","3,428,143,613",40.20,40.95,38.45,40.30,+0.80,"35,549",
110/05/24,"51,937,131","2,084,675,716",39.10,41.20,38.85,40.20,-0.10,"21,219",
110/05/25,"40,853,944","1,633,184,223",40.75,41.15,39.15,39.75,-0.45,"16,748",
110/05/26,"49,776,702","1,995,558,513",39.95,40.85,39.15,40.70,+0.95,"18,978",
110/05/27,"75,802,607","3,141,508,669",41.50,42.40,40.75,40.90,+0.20,"27,873",
110/05/28,"102,202,989","4,549,673,730",43.80,44.95,43.50,44.95,+4.05,"27,295",
110/05/31,"189,435,596","9,047,361,955",47.50,49.25,45.60,46.00,+1.05,"72,050",
110/06/01,"99,075,129","4,644,290,061",46.80,48.10,44.70,47.90,+1.90,"40,670",
110/06/02,"172,464,981","8,506,029,348",49.00,50.70,48.00,49.05,+1.15,"68,918",
110/06/03,"78,399,084","3,867,269,689",49.80,50.40,48.80,48.80,-0.25,"32,659",
110/06/04,"78,949,468","3,897,195,400",48.75,50.40,48.15,48.60,-0.20,"32,231",
110/06/07,"70,927,047","3,360,450,368",49.20,49.35,44.80,47.60,-1.00,"30,084",
110/06/08,"39,529,521","1,906,269,761",47.85,49.20,47.65,47.80,+0.20,"17,746",
110/06/09,"61,281,017","2,835,688,898",47.00,47.70,45.20,45.75,-2.05,"26,808",
110/06/10,"57,229,982","2,606,566,638",46.00,46.90,44.20,46.55,+0.80,"25,494",
110/06/11,"43,363,849","2,008,076,916",46.00,47.30,45.60,45.95,-0.60,"18,523",
110/06/15,"33,933,953","1,575,023,151",45.60,47.20,45.40,47.05,+1.10,"14,638",
110/06/16,"38,757,122","1,808,313,754",46.70,47.75,45.75,45.75,-1.30,"18,029",
110/06/17,"41,029,482","1,904,356,237",45.30,47.40,45.10,45.95,+0.20,"17,605",
110/06/18,"34,562,714","1,579,690,824",45.70,46.40,45.10,45.50,-0.45,"15,174",
110/06/21,"33,426,489","1,476,485,499",44.85,45.30,43.60,43.80,-1.70,"15,990",
110/06/22,"116,786,005","5,500,362,560",45.00,48.00,44.80,48.00,+4.20,"50,583",
110/06/23,"109,066,756","5,183,374,444",49.00,49.85,45.75,45.80,-2.20,"46,999",
110/06/24,"52,790,414","2,484,944,462",46.75,48.10,46.25,46.50,+0.70,"23,407",
110/06/25,"151,654,876","7,376,371,523",49.20,49.60,47.50,47.95,+1.45,"59,129",
110/06/28,"260,029,516","13,302,071,875",49.45,52.70,49.15,52.70,+4.75,"95,382",
110/06/29,"449,999,812","25,450,791,642",54.40,57.90,53.80,57.90,+5.20,"154,356",
110/06/30,"459,998,546","28,102,706,163",59.50,63.10,58.70,59.50,+1.60,"193,628",
110/07/01,"296,401,486","17,867,871,655",61.70,62.50,58.10,60.30,+0.80,"125,195",
110/07/02,"248,988,631","15,277,269,689",61.50,63.70,59.50,59.90,-0.40,"105,884",
110/07/05,"155,986,314","9,569,348,673",61.10,63.20,60.20,60.50,+0.60,"68,722",
110/07/06,"110,080,997","6,640,632,339",61.50,61.90,59.00,59.50,-1.00,"48,880",
110/07/07,"140,249,595","8,147,267,644",59.70,60.90,56.30,57.10,-2.40,"67,354",
110/07/08,"110,992,609","6,413,185,274",58.20,59.40,55.50,58.00,+0.90,"50,998",
110/07/09,"67,854,352","3,902,516,564",57.00,58.80,56.30,56.90,-1.10,"30,099",
110/07/12,"158,340,124","9,488,829,250",60.90,61.60,57.40,59.60,+2.70,"61,355",
110/07/13,"124,107,117","7,236,764,035",60.80,61.10,56.10,56.30,-3.30,"60,358",
110/07/14,"82,667,497","4,533,385,423",55.70,56.90,53.50,54.40,-1.90,"39,447",
110/07/15,"92,125,176","5,233,213,243",55.20,58.50,54.90,58.50,+4.10,"40,959",
110/07/16,"81,037,230","4,743,367,607",58.00,59.50,57.50,58.30,-0.20,"39,625",
110/07/19,"173,805,158","10,498,001,414",58.40,61.80,58.30,60.00,+1.70,"77,316",
110/07/20,"108,436,638","6,391,957,533",59.50,60.80,57.00,58.40,-1.60,"53,353",
110/07/21,"108,004,256","6,347,949,803",60.10,60.90,56.50,56.50,-1.90,"50,412",
110/07/22,"96,172,796","5,301,095,572",57.90,57.90,53.50,53.60,-2.90,"46,203",
110/07/23,"59,911,223","3,287,242,040",54.50,56.20,53.50,55.20,+1.60,"27,025",
110/07/26,"59,644,237","3,174,045,285",54.00,54.40,52.50,52.80,-2.40,"29,968",
110/07/27,"59,190,458","3,101,399,711",53.30,54.20,51.10,51.60,-1.20,"27,327",
110/07/28,"60,594,842","3,148,810,700",52.40,53.70,50.50,51.30,-0.30,"28,107",
110/07/29,"45,730,036","2,409,673,731",52.30,53.70,51.30,53.60,+2.30,"19,798",
110/07/30,"46,581,022","2,483,151,008",54.10,54.40,51.90,52.00,-1.60,"22,178",
110/08/02,"34,316,122","1,829,593,690",52.50,54.30,52.10,54.10,+2.10,"15,592",
110/08/03,"25,098,643","1,336,441,271",53.70,53.90,52.80,53.50,-0.60,"12,303",
110/08/04,"26,810,237","1,410,708,556",53.70,53.80,52.00,52.20,-1.30,"14,543",
110/08/05,"23,634,068","1,210,700,166",52.20,52.20,50.90,50.90,-1.30,"14,971",
110/08/06,"21,093,626","1,081,199,545",50.90,52.10,50.30,51.00,+0.10,"10,371",
110/08/09,"40,286,515","2,092,632,720",51.10,52.70,50.90,51.50,X0.00,"18,937",
110/08/10,"17,157,389","882,069,536",51.90,52.10,50.80,50.90,-0.60,"8,568",
110/08/11,"77,422,626","4,043,973,769",52.80,53.80,50.70,50.90, 0.00,"34,631",
110/08/12,"51,696,975","2,715,929,447",51.60,53.50,51.20,53.50,+2.60,"22,578",
110/08/13,"42,275,666","2,217,825,146",53.00,53.20,51.90,52.30,-1.20,"19,070",
110/08/16,"41,179,176","2,107,691,743",52.50,53.10,50.10,50.40,-1.90,"19,584",
110/08/17,"54,893,437","2,672,428,817",50.80,51.20,46.90,47.00,-3.40,"27,253",
110/08/18,"67,531,912","3,142,462,337",45.60,48.90,44.80,48.55,+1.55,"30,994",
110/08/19,"33,480,325","1,589,210,615",47.70,48.45,46.55,46.55,-2.00,"15,947",
110/08/20,"33,432,137","1,550,433,281",46.80,47.35,45.65,46.00,-0.55,"15,323",
110/08/23,"25,754,195","1,227,556,642",46.90,48.40,46.65,47.70,+1.70,"12,016",
110/08/24,"35,939,136","1,707,596,996",48.20,48.35,46.30,48.35,+0.65,"15,463",
110/08/25,"22,818,302","1,094,772,630",48.35,48.50,47.50,48.10,-0.25,"9,741",
110/08/26,"91,631,048","4,611,082,228",48.50,52.20,48.05,49.00,+0.90,"40,780",
110/08/27,"33,758,733","1,669,939,558",48.70,50.50,48.20,50.20,+1.20,"15,339",
110/08/30,"33,450,874","1,681,419,392",50.60,51.30,49.70,49.95,-0.25,"15,096",
110/08/31,"25,425,839","1,279,477,200",50.20,50.80,49.70,50.60,+0.65,"11,570",
110/09/01,"34,296,439","1,738,534,992",50.80,51.30,50.20,50.20,-0.40,"15,755",
110/09/02,"20,617,378","1,018,829,900",50.60,50.60,48.60,48.60,-1.60,"11,119",
110/09/03,"20,050,633","991,056,275",49.15,50.20,48.75,48.85,+0.25,"9,880",
110/09/06,"21,661,119","1,072,633,184",49.05,50.10,48.75,49.20,+0.35,"9,440",
110/09/07,"30,744,501","1,515,531,385",49.35,50.20,48.10,48.35,X0.00,"13,583",
110/09/08,"22,013,266","1,053,587,300",48.40,49.10,47.00,47.05,-1.30,"10,746",
110/09/09,"14,428,657","688,345,126",47.30,48.15,47.00,47.90,+0.85,"6,478",
110/09/10,"31,868,405","1,562,652,407",48.25,49.75,48.15,48.75,+0.85,"14,493",
110/09/13,"45,099,516","2,257,008,893",49.00,50.60,48.95,50.50,+1.75,"20,076",
110/09/14,"36,800,648","1,817,534,168",50.10,50.40,48.85,49.30,-1.20,"16,597",
110/09/15,"20,271,080","984,728,450",48.80,49.05,48.15,48.75,-0.55,"9,522",
110/09/16,"21,580,716","1,052,838,256",48.85,49.40,48.20,48.40,-0.35,"10,020",
110/09/17,"20,859,345","1,000,765,794",48.10,48.65,47.65,47.75,-0.65,"10,148",
110/09/22,"22,568,206","1,030,751,837",45.50,46.10,45.10,45.75,-2.00,"11,867",
110/09/23,"15,295,185","703,611,400",46.35,46.75,45.50,45.80,+0.05,"7,735",
110/09/24,"13,257,491","608,507,905",46.15,46.40,45.70,45.70,-0.10,"6,761",
110/09/27,"14,792,267","674,678,882",45.95,46.35,45.15,45.30,-0.40,"7,334",
110/09/28,"14,163,446","639,047,110",45.50,45.75,44.85,45.00,-0.30,"6,627",
110/09/29,"25,746,399","1,160,466,131",44.85,45.65,44.50,45.00, 0.00,"8,859",
110/09/30,"20,664,702","940,604,656",45.40,46.15,44.85,45.85,+0.85,"7,826",
110/10/01,"22,544,094","1,015,354,016",45.30,45.45,44.80,45.10,-0.75,"7,466",
110/10/04,"29,303,894","1,310,563,799",45.10,45.30,44.00,44.20,-0.90,"8,749",
110/10/05,"15,533,033","688,856,373",44.10,44.95,43.75,44.90,+0.70,"6,201",
110/10/06,"12,702,460","563,566,178",45.00,45.00,44.00,44.45,-0.45,"5,367",
110/10/07,"17,818,814","792,471,165",44.25,44.70,44.15,44.65,+0.20,"6,439",
110/10/08,"20,667,326","920,514,387",44.70,44.90,44.35,44.55,-0.10,"5,662",
110/10/12,"22,882,289","1,022,029,576",44.55,45.05,44.45,44.60,+0.05,"5,906",
110/10/13,"27,334,514","1,219,149,835",44.80,44.85,43.90,44.60, 0.00,"6,552",
110/10/14,"23,642,762","1,056,818,841",44.70,44.90,44.45,44.75,+0.15,"6,288",
110/10/15,"19,079,888","857,043,133",45.10,45.15,44.65,44.90,+0.15,"6,525",
110/10/18,"35,890,824","1,633,707,787",45.40,46.60,45.00,45.00,+0.10,"13,121",
110/10/19,"16,852,566","751,443,391",45.05,45.30,44.35,44.50,-0.50,"7,122",
110/10/20,"14,368,722","640,159,133",44.50,44.80,44.35,44.55,+0.05,"4,569",
110/10/21,"40,817,307","1,865,356,512",44.55,46.80,44.50,46.30,+1.75,"16,450",
110/10/22,"25,482,453","1,157,789,728",46.60,46.60,45.00,45.05,-1.25,"10,980",
110/10/25,"8,936,983","404,053,251",45.00,45.70,44.70,45.15,+0.10,"4,082",
110/10/26,"18,134,385","823,135,763",45.65,46.05,45.10,45.15, 0.00,"5,804",
110/10/27,"37,593,341","1,689,167,786",45.10,45.30,44.60,45.10,-0.05,"13,633",
110/10/28,"23,132,298","1,039,571,380",45.10,45.15,44.80,44.95,-0.15,"8,368",
110/10/29,"27,482,284","1,216,742,082",45.05,45.30,43.90,44.15,-0.80,"11,064",
110/11/01,"66,766,125","2,785,242,167",44.00,44.00,41.00,41.10,-3.05,"36,224",
110/11/02,"33,328,856","1,357,298,492",41.10,41.50,40.10,40.30,-0.80,"17,042",
110/11/03,"19,902,190","823,993,477",40.45,41.75,40.40,41.75,+1.45,"10,575",
110/11/04,"21,162,348","892,970,750",41.95,42.65,41.60,42.55,+0.80,"11,391",
110/11/05,"13,092,407","552,768,711",42.55,42.65,41.65,42.15,-0.40,"7,224",
110/11/08,"117,398,288","5,397,162,615",44.35,46.35,44.25,46.35,+4.20,"33,187",
110/11/09,"98,162,767","4,635,053,812",47.75,48.00,46.35,46.90,+0.55,"44,815",
110/11/10,"21,603,435","1,009,481,931",46.55,47.30,46.40,46.75,-0.15,"11,202",
110/11/11,"105,406,033","5,197,270,401",46.65,51.30,46.30,49.40,+2.65,"46,927",
110/11/12,"55,865,507","2,738,282,649",49.50,50.60,47.85,48.30,-1.10,"28,083",
110/11/15,"29,537,224","1,390,894,393",48.50,48.50,46.70,46.75,-1.55,"15,317",
110/11/16,"37,211,496","1,724,496,370",47.05,47.90,45.35,45.45,-1.30,"18,887",
110/11/17,"22,860,570","1,037,214,279",45.45,46.30,44.95,45.05,-0.40,"12,067",
110/11/18,"21,239,038","950,537,207",45.20,45.35,44.40,44.55,-0.50,"10,436",
110/11/19,"20,160,255","889,840,920",44.60,44.95,43.65,43.70,-0.85,"10,788",
110/11/22,"14,048,768","621,540,068",43.85,44.70,43.30,44.65,+0.95,"7,130",
110/11/23,"42,975,696","1,966,858,513",45.05,46.45,45.00,45.65,+1.00,"20,046",
110/11/24,"63,354,023","2,983,999,091",45.90,47.95,45.60,47.05,+1.40,"31,156",
110/11/25,"41,834,053","1,998,447,182",48.00,48.50,47.30,47.65,+0.60,"22,947",
110/11/26,"44,888,387","2,144,764,564",47.90,48.25,47.05,47.75,+0.10,"22,505",
110/11/29,"33,293,617","1,538,676,245",46.95,47.15,45.50,46.20,-1.55,"18,060",
110/11/30,"23,763,734","1,098,125,870",46.35,46.80,45.75,46.05,-0.15,"11,618",
110/12/01,"13,822,700","638,363,282",45.60,46.60,45.55,46.20,+0.15,"6,698",
110/12/02,"15,719,886","726,375,692",46.20,46.55,45.75,46.30,+0.10,"7,271",
110/12/03,"15,392,815","716,637,985",46.70,47.15,46.20,46.20,-0.10,"7,760",
110/12/06,"17,226,213","800,965,413",46.45,46.95,46.20,46.20, 0.00,"7,363",
110/12/07,"42,430,241","2,012,064,390",46.55,48.20,46.30,47.95,+1.75,"18,673",
110/12/08,"51,147,724","2,468,917,100",48.55,49.50,47.60,47.60,-0.35,"29,365",
110/12/09,"16,068,258","765,120,562",47.90,48.15,47.25,47.30,-0.30,"9,558",
110/12/10,"17,657,617","838,326,520",47.30,48.25,47.00,47.00,-0.30,"8,937",
110/12/13,"27,170,563","1,304,244,627",47.35,48.40,47.20,47.90,+0.90,"12,335",
110/12/14,"22,170,002","1,044,095,139",47.50,47.90,46.65,46.70,-1.20,"14,063",
110/12/15,"10,437,886","491,065,635",47.00,47.35,46.70,47.00,+0.30,"4,691",
110/12/16,"9,610,376","451,636,939",47.25,47.35,46.75,47.10,+0.10,"5,861",
110/12/17,"39,022,326","1,874,438,509",47.55,48.50,47.50,47.65,+0.55,"17,270",
110/12/20,"35,595,535","1,729,552,039",47.90,49.00,47.80,48.75,+1.10,"17,768",
110/12/21,"29,149,741","1,391,399,196",48.55,48.60,47.30,47.90,-0.85,"21,440",
110/12/22,"14,799,052","705,660,004",47.90,48.25,47.40,47.45,-0.45,"7,858",
110/12/23,"9,651,720","457,635,640",47.85,47.85,47.25,47.35,-0.10,"4,589",
110/12/24,"13,148,869","619,182,331",47.60,47.85,46.70,46.80,-0.55,"7,188",
110/12/27,"13,208,579","611,655,807",47.15,47.15,46.10,46.15,-0.65,"7,983",
110/12/28,"7,680,800","355,466,343",46.30,46.40,46.10,46.35,+0.20,"3,768",
110/12/29,"5,778,751","268,095,988",46.40,46.60,46.25,46.35, 0.00,"3,025",
110/12/30,"6,832,935","316,106,277",46.45,46.60,46.15,46.25,-0.10,"3,947",
111/01/03,"9,219,587","422,865,753",46.25,46.25,45.70,45.80,-0.45,"5,048",
111/01/04,"12,464,091","565,198,535",45.95,45.95,45.20,45.30,-0.50,"6,762",
111/01/05,"11,859,669","539,294,649",45.35,45.95,45.05,45.05,-0.25,"5,848",
111/01/06,"6,292,763","284,185,356",45.10,45.40,45.00,45.20,+0.15,"3,161",
111/01/07,"12,206,740","548,086,967",45.25,45.75,44.60,44.60,-0.60,"6,534",
111/01/10,"11,563,067","510,477,678",44.20,44.75,43.90,44.05,-0.55,"6,341",
111/01/11,"9,057,261","399,337,303",44.05,44.45,43.80,44.10,+0.05,"5,045",
111/01/12,"13,346,663","596,165,159",44.80,45.10,44.35,44.55,+0.45,"6,158",
111/01/13,"16,473,379","745,160,646",44.90,45.60,44.70,45.15,+0.60,"7,608",
111/01/14,"13,289,666","590,154,776",45.15,45.15,44.10,44.25,-0.90,"7,143",
111/01/17,"6,034,831","265,892,428",44.25,44.40,43.80,44.20,-0.05,"3,130",
111/01/18,"5,233,690","232,612,994",44.20,44.70,44.20,44.35,+0.15,"2,642",
111/01/19,"9,210,812","404,651,173",44.00,44.30,43.60,43.70,-0.65,"5,340",
111/01/20,"17,049,177","762,223,354",43.80,45.45,43.55,45.45,+1.75,"8,319",
111/01/21,"47,769,061","2,188,265,920",45.70,46.35,45.20,45.55,+0.10,"21,224",
111/01/24,"15,085,831","673,834,772",45.40,45.40,44.05,44.70,-0.85,"10,868",
111/01/25,"13,135,794","586,344,573",44.60,45.45,44.20,44.20,-0.50,"8,209",
111/01/26,"8,701,197","384,101,122",44.00,44.65,43.90,44.10,-0.10,"4,765",
111/02/07,"36,758,067","1,708,701,035",45.00,47.50,44.90,47.50,+3.40,"19,166",
111/02/08,"34,140,478","1,631,551,369",47.30,48.20,47.10,48.05,+0.55,"17,497",
111/02/09,"38,130,761","1,858,318,047",48.90,49.30,48.30,48.50,+0.45,"16,601",
111/02/10,"33,439,029","1,644,441,497",49.20,49.70,48.80,49.05,+0.55,"16,846",
111/02/11,"31,432,576","1,545,643,528",49.35,49.60,48.70,49.00,-0.05,"17,474",
111/02/14,"21,659,028","1,055,395,925",48.75,49.20,48.25,49.00, 0.00,"12,316",
111/02/15,"24,115,818","1,190,316,655",49.35,49.70,48.85,48.85,-0.15,"13,192",
111/02/16,"21,516,975","1,053,182,122",49.50,49.60,48.50,48.60,-0.25,"14,361",
111/02/17,"22,639,102","1,102,829,247",49.00,49.25,48.25,48.70,+0.10,"11,690",
111/02/18,"17,375,026","852,419,387",48.40,49.35,48.30,49.35,+0.65,"8,109",
111/02/21,"122,136,242","6,411,780,595",49.80,54.00,49.65,53.00,+3.65,"51,301",
111/02/22,"88,499,167","4,647,634,710",53.60,53.80,51.50,51.50,-1.50,"41,613",
111/02/23,"46,169,717","2,414,327,478",52.40,53.30,51.50,52.20,+0.70,"21,745",
111/02/24,"45,300,874","2,299,716,469",51.50,52.10,49.80,50.00,-2.20,"22,544",
111/02/25,"53,465,996","2,778,604,886",51.70,52.80,50.90,52.40,+2.40,"24,113",
111/03/01,"101,531,463","5,493,390,874",54.40,56.30,53.00,53.10,+0.70,"43,499",
111/03/02,"63,276,125","3,405,705,025",53.50,54.70,53.10,53.30,+0.20,"27,660",
111/03/03,"30,313,342","1,624,111,799",54.20,54.20,53.20,53.70,+0.40,"13,195",
111/03/04,"36,527,435","1,960,486,960",53.50,54.20,53.20,53.30,-0.40,"17,320",
111/03/07,"61,961,163","3,285,625,842",53.90,54.30,51.20,52.70,-0.60,"27,143",
111/03/08,"91,829,908","4,796,882,898",54.20,55.00,49.25,50.10,-2.60,"42,686",
111/03/09,"54,030,501","2,687,421,715",50.30,51.00,49.00,49.45,-0.65,"32,374",
111/03/10,"31,843,722","1,578,395,612",49.80,50.40,49.10,49.75,+0.30,"18,938",
111/03/11,"20,046,119","1,007,485,062",49.90,51.00,49.85,49.90,+0.15,"11,944",
111/03/14,"17,430,233","870,782,038",50.10,50.40,49.50,50.30,+0.40,"7,464",
111/03/15,"23,314,325","1,140,645,876",50.00,50.10,48.40,48.40,-1.90,"16,577",
111/03/16,"22,085,814","1,076,835,297",49.10,49.60,48.10,48.65,+0.25,"10,564",
111/03/17,"12,564,315","616,300,930",49.45,49.50,48.75,49.05,+0.40,"7,473",
111/03/18,"10,100,040","498,831,269",49.25,49.70,49.15,49.40,+0.35,"4,672",
111/03/21,"27,192,926","1,377,748,016",50.40,51.40,50.00,50.20,+0.80,"13,772",
111/03/22,"26,779,356","1,369,159,687",51.40,51.70,50.70,50.90,+0.70,"12,458",
111/03/23,"15,736,821","800,389,973",51.20,51.20,50.30,51.20,+0.30,"7,709",
111/03/24,"21,179,836","1,093,920,085",51.60,52.00,51.30,51.70,+0.50,"9,042",
111/03/25,"19,703,719","1,022,263,425",52.00,52.20,51.30,52.20,+0.50,"8,716",
111/03/28,"33,893,287","1,686,489,470",50.80,50.80,49.20,49.95,-2.25,"21,567",
111/03/29,"19,454,562","957,808,833",50.00,50.10,48.90,49.00,-0.95,"14,781",
111/03/30,"14,369,005","703,487,704",49.00,49.45,48.35,49.35,+0.35,"11,029",
111/03/31,"9,180,141","451,209,649",49.45,49.60,49.00,49.00,-0.35,"6,422",
111/04/01,"8,410,652","413,852,971",48.65,49.55,48.45,49.50,+0.50,"4,687",
111/04/06,"9,445,683","468,455,681",49.15,49.80,49.00,49.80,+0.30,"5,316",
111/04/07,"14,639,978","723,705,943",49.80,50.40,48.70,48.75,-1.05,"10,907",
111/04/08,"25,047,192","1,258,707,997",49.30,51.10,48.85,51.00,+2.25,"12,117",
111/04/11,"36,668,123","1,888,906,571",51.90,52.00,51.00,51.70,+0.70,"14,940",
111/04/12,"25,556,323","1,324,781,152",51.80,52.50,50.80,51.70, 0.00,"12,140",
111/04/13,"37,104,020","1,952,045,368",52.30,53.00,51.60,53.00,+1.30,"15,912",
111/04/14,"71,354,440","3,862,441,883",53.60,55.00,53.20,54.00,+1.00,"30,547",
111/04/15,"88,911,080","4,942,213,566",55.00,56.20,54.60,55.00,+1.00,"39,495",
111/04/18,"44,656,184","2,418,440,281",55.90,55.90,53.00,53.00,-2.00,"25,776",
111/04/19,"32,883,070","1,759,362,188",53.50,54.40,52.50,53.90,+0.90,"14,715",
111/04/20,"32,058,682","1,689,768,870",54.10,54.10,52.00,52.20,-1.70,"17,341",
111/04/21,"29,621,460","1,520,145,049",52.50,52.50,50.60,50.60,-1.60,"15,127",
111/04/22,"27,537,174","1,389,632,396",49.90,51.30,49.85,50.20,-0.40,"15,621",
111/04/25,"25,783,581","1,256,951,355",49.40,49.45,48.35,48.50,-1.70,"13,735",
111/04/26,"44,808,079","2,104,473,814",48.85,49.05,46.10,46.20,-2.30,"20,797",
111/04/27,"28,801,862","1,284,779,077",44.35,45.50,44.10,44.40,-1.80,"13,737",
111/04/28,"17,354,777","776,007,021",45.00,45.10,44.40,44.40, 0.00,"8,842",
111/04/29,"18,403,741","819,385,595",44.90,44.95,44.30,44.40, 0.00,"7,696",
111/05/03,"12,797,626","567,892,237",44.30,44.85,43.65,44.80,+0.40,"6,055",
111/05/04,"16,068,609","714,799,856",45.05,45.05,44.20,44.25,-0.55,"7,523",
111/05/05,"18,096,858","823,523,005",45.00,45.95,44.70,45.90,+1.65,"8,231",
111/05/06,"16,097,984","720,616,815",44.70,45.00,44.40,45.00,-0.90,"8,701",
111/05/09,"14,844,694","652,750,081",44.95,44.95,43.60,43.70,-1.30,"7,365",
111/05/10,"18,941,427","809,474,149",42.20,43.25,41.65,43.25,-0.45,"7,808",
111/05/11,"26,773,920","1,189,418,342",44.05,44.90,44.00,44.20,+0.95,"13,325",
111/05/12,"14,874,801","653,832,242",44.10,44.70,43.15,43.20,-1.00,"7,929",
111/05/13,"10,021,448","440,164,407",43.95,44.30,43.60,44.05,+0.85,"5,629",
111/05/16,"10,348,803","454,553,566",44.60,44.60,43.40,43.40,-0.65,"5,939",
111/05/17,"8,879,494","387,711,393",43.70,44.20,43.35,43.40, 0.00,"4,332",
111/05/18,"13,771,259","610,919,120",43.60,44.75,43.55,44.35,+0.95,"6,772",
111/05/19,"24,227,834","1,032,319,321",43.50,43.50,42.00,42.80,-1.55,"13,925",
111/05/20,"16,426,184","720,112,072",43.20,44.30,43.10,44.00,+1.20,"7,597",
111/05/23,"11,141,490","495,759,976",44.35,44.90,43.80,44.75,+0.75,"5,648",
111/05/24,"12,029,566","537,098,259",45.30,45.30,44.00,44.10,-0.65,"7,094",
111/05/25,"8,805,327","385,945,567",44.20,44.25,43.45,44.00,-0.10,"4,847",
111/05/26,"13,043,492","566,762,428",44.15,44.25,43.05,43.10,-0.90,"9,734",
111/05/27,"13,719,537","591,924,709",43.60,43.60,42.80,43.30,+0.20,"8,134",
111/05/30,"8,000,939","351,371,429",43.65,44.15,43.50,43.95,+0.65,"4,357",
111/05/31,"8,213,013","357,292,364",44.00,44.00,43.35,43.40,-0.55,"5,483",
111/06/01,"6,597,263","286,609,209",43.40,43.65,43.10,43.50,+0.10,"4,016",
111/06/02,"7,250,190","312,487,068",43.30,43.30,43.00,43.05,-0.45,"3,703",
111/06/06,"11,340,263","489,530,346",43.10,43.70,42.50,43.50,+0.45,"6,178",
111/06/07,"5,351,513","232,768,237",43.50,43.65,43.25,43.60,+0.10,"3,292",
111/06/08,"8,911,276","391,224,022",43.85,44.15,43.65,43.65,+0.05,"4,332",
111/06/09,"5,273,791","229,401,597",43.65,43.70,43.35,43.50,-0.15,"3,017",
111/06/10,"6,569,519","282,387,628",42.90,43.15,42.80,43.05,-0.45,"3,355",
111/06/13,"15,442,628","645,421,456",42.05,42.10,41.55,41.55,-1.50,"8,391",
111/06/14,"21,926,122","881,611,253",40.60,41.10,39.80,40.10,-1.45,"11,845",
111/06/15,"12,034,298","484,124,399",40.05,40.75,39.90,40.05,-0.05,"6,828",
111/06/16,"17,680,932","696,180,455",40.50,40.65,38.45,38.55,-1.50,"9,452",
111/06/17,"13,863,338","528,677,984",38.00,38.75,37.80,38.05,-0.50,"6,234",
111/06/20,"25,830,649","940,130,607",38.25,38.25,35.35,35.40,-2.65,"12,725",
111/06/21,"15,080,245","552,006,199",35.70,37.15,35.70,37.10,+1.70,"6,694",
111/06/22,"14,396,964","518,881,695",37.30,37.30,35.30,35.30,-1.80,"8,919",
111/06/23,"12,896,387","452,647,434",35.00,35.80,34.50,34.90,-0.40,"5,890",
111/06/24,"10,284,564","360,326,869",35.20,35.40,34.65,35.00,+0.10,"5,341",
111/06/27,"8,180,446","294,638,328",35.25,36.35,35.25,36.25,+1.25,"4,260",
111/06/28,"6,937,231","246,154,509",36.00,36.00,35.15,35.55,-0.70,"4,689",
111/06/29,"4,433,319","156,544,445",35.10,35.80,34.90,35.25,-0.30,"2,391",
111/06/30,"11,032,071","375,858,573",35.20,35.20,33.60,33.85,-1.40,"5,659",
111/07/01,"15,113,759","507,154,173",34.00,34.35,33.05,33.10,-0.75,"6,451",
111/07/04,"7,540,753","251,386,347",33.30,33.80,32.95,33.40,+0.30,"3,539",
111/07/05,"5,683,857","192,830,112",33.80,34.45,33.40,34.30,+0.90,"3,046",
111/07/06,"7,791,446","260,553,943",34.00,34.20,33.10,33.20,-1.10,"4,992",
111/07/07,"7,369,361","248,255,821",33.50,34.15,32.90,34.15,+0.95,"3,315",
111/07/08,"10,464,925","366,404,191",34.65,35.45,34.45,35.20,+1.05,"5,397",
111/07/11,"6,017,476","208,802,820",35.10,35.35,34.40,34.75,-0.45,"3,845",
111/07/12,"6,961,260","236,775,539",34.40,34.45,33.70,33.80,-0.95,"4,259",
111/07/13,"7,347,994","250,970,013",34.35,34.65,33.80,33.80, 0.00,"4,106",
111/07/14,"7,022,258","239,448,572",33.85,34.50,33.40,34.35,+0.55,"3,195",
111/07/15,"6,044,639","206,582,895",34.00,34.10,33.65,33.95,-0.40,"3,028",
111/07/18,"10,945,212","379,865,058",34.30,35.10,34.00,35.10,+1.15,"4,496",
111/07/19,"24,578,268","883,071,735",35.15,36.50,35.15,36.05,+0.95,"10,247",
111/07/20,"17,517,235","608,347,099",35.10,35.10,34.30,34.85,X0.00,"7,829",
111/07/21,"9,295,760","323,851,854",34.90,35.10,34.40,35.05,+0.20,"4,723",
111/07/22,"9,305,814","325,275,186",35.20,35.20,34.70,34.90,-0.15,"3,607",
111/07/25,"16,246,536","582,859,826",35.10,36.35,35.10,36.00,+1.10,"6,992",
111/07/26,"9,471,448","334,385,779",35.70,35.75,34.90,35.10,-0.90,"5,110",
111/07/27,"3,765,692","131,953,586",34.95,35.40,34.70,35.40,+0.30,"2,080",
111/07/28,"4,550,378","160,086,320",35.55,35.65,34.90,34.90,-0.50,"3,186",
111/07/29,"6,627,776","230,939,141",35.10,35.20,34.55,34.90, 0.00,"3,255",
111/08/01,"20,110,950","726,863,547",35.10,36.70,35.10,36.20,+1.30,"8,448",
111/08/02,"14,331,155","504,629,100",35.40,35.80,34.85,35.10,-1.10,"7,946",
111/08/03,"8,120,841","280,863,289",34.90,35.10,34.20,34.50,-0.60,"4,344",
111/08/04,"6,254,718","213,145,804",34.30,34.40,33.70,34.35,-0.15,"3,125",
111/08/05,"4,467,825","155,500,894",34.50,35.00,34.50,34.90,+0.55,"2,423",
111/08/08,"4,737,009","166,238,672",34.70,35.45,34.40,35.40,+0.50,"2,454",
111/08/09,"5,542,777","193,931,001",34.80,35.25,34.70,35.15,-0.25,"2,931",
111/08/10,"4,494,782","158,505,997",35.00,35.60,34.95,35.20,+0.05,"2,242",
111/08/11,"7,012,022","250,162,876",35.75,35.90,35.45,35.70,+0.50,"2,908",
111/08/12,"50,988,196","1,951,654,291",37.10,39.20,37.05,39.15,+3.45,"23,307",
111/08/15,"40,477,199","1,608,329,389",39.65,40.40,39.05,39.90,+0.75,"20,283",
111/08/16,"16,201,822","637,220,580",39.75,39.75,39.00,39.20,-0.70,"10,382",
111/08/17,"18,778,963","748,853,306",39.40,40.35,39.40,39.55,+0.35,"9,452",
111/08/18,"33,012,593","1,338,196,655",39.70,40.90,39.70,40.65,+1.10,"13,564",
111/08/19,"13,724,732","557,929,752",40.90,41.10,40.45,40.65, 0.00,"6,977",
111/08/22,"8,366,814","335,707,807",40.10,40.35,39.85,40.15,-0.50,"4,309",
111/08/23,"6,393,797","254,025,708",39.80,39.90,39.50,39.85,-0.30,"3,845",
111/08/24,"10,651,462","430,501,997",40.30,40.90,40.10,40.15,+0.30,"5,049",
111/08/25,"8,517,682","343,436,245",40.70,40.70,40.00,40.35,+0.20,"5,377",
111/08/26,"9,225,178","374,157,175",40.80,40.90,40.35,40.45,+0.10,"4,748",
111/08/29,"9,814,562","385,246,476",39.20,39.60,38.80,39.40,-1.05,"5,243",
111/08/30,"5,657,035","224,028,262",39.35,39.80,39.35,39.70,+0.30,"2,814",
111/08/31,"7,113,223","280,218,652",39.35,39.55,39.20,39.55,-0.15,"3,708",
111/09/01,"11,719,750","454,692,034",39.25,39.25,38.45,38.65,-0.90,"6,241",
111/09/02,"8,487,826","324,527,922",38.65,38.95,38.00,38.05,-0.60,"4,854",
111/09/05,"5,915,464","224,329,432",38.00,38.30,37.55,37.85,-0.20,"3,023",
111/09/06,"5,691,744","215,568,704",38.25,38.50,37.55,37.80,-0.05,"3,187",
111/09/07,"7,435,339","280,139,931",37.60,38.10,37.35,37.50,-0.30,"4,335",
111/09/08,"11,597,026","449,403,535",38.30,39.20,38.10,39.10,+1.60,"6,366",
111/09/12,"10,785,396","429,339,013",40.00,40.10,39.55,39.85,+0.75,"5,038",
111/09/13,"8,331,146","332,252,290",39.95,40.15,39.55,40.00,+0.15,"4,952",
111/09/14,"7,093,519","279,221,554",38.80,39.75,38.65,39.55,-0.45,"3,596",
111/09/15,"6,032,778","239,154,159",39.25,39.95,39.25,39.60,+0.05,"3,085",
111/09/16,"5,550,161","217,346,408",39.45,39.55,39.00,39.00,-0.60,"2,948",
111/09/19,"5,432,031","213,571,980",39.30,39.75,39.00,39.00, 0.00,"2,729",
111/09/20,"4,535,289","177,877,958",39.35,39.40,39.00,39.35,+0.35,"2,524",
111/09/21,"9,577,242","375,714,950",39.50,39.75,38.80,38.85,-0.50,"5,911",
111/09/22,"5,311,283","205,442,131",38.65,39.10,38.25,39.00,+0.15,"2,935",
111/09/23,"7,107,085","278,906,878",39.00,39.60,38.85,39.00, 0.00,"3,512",
111/09/26,"10,989,490","412,505,780",38.60,38.65,36.85,37.20,-1.80,"6,452",
111/09/27,"7,528,794","277,419,754",37.40,37.45,36.45,37.10,-0.10,"3,761",
111/09/28,"12,050,634","433,783,556",37.30,37.60,35.05,35.25,-1.85,"6,534",
111/09/29,"6,644,503","238,763,128",35.95,36.35,35.55,35.90,+0.65,"3,082",
111/09/30,"15,800,067","582,681,479",35.55,37.80,35.10,37.80,+1.90,"8,258",
111/10/03,"9,364,644","353,261,562",36.95,38.30,36.90,38.10,+0.30,"5,038",
111/10/04,"13,341,607","518,962,327",39.15,39.30,38.35,39.30,+1.20,"6,965",
111/10/05,"13,908,614","549,042,450",39.70,40.05,38.90,39.20,-0.10,"6,913",
111/10/06,"8,754,442","340,013,653",39.20,39.40,38.50,39.20, 0.00,"4,498",
111/10/07,"5,121,647","200,673,302",38.95,39.45,38.85,39.20, 0.00,"2,659",
111/10/11,"8,896,280","343,620,573",38.30,39.00,37.90,38.45,-0.75,"4,410",
111/10/12,"6,177,516","238,541,737",38.55,39.00,38.20,39.00,+0.55,"3,557",
111/10/13,"19,234,159","738,678,738",39.60,39.90,36.85,37.20,-1.80,"9,152",
111/10/14,"14,869,901","580,901,047",38.50,39.45,38.45,39.10,+1.90,"7,395",
111/10/17,"9,171,755","352,657,971",38.60,39.10,37.80,39.10, 0.00,"5,530",
111/10/18,"6,815,180","265,805,218",39.50,39.55,38.70,38.90,-0.20,"3,790",
111/10/19,"7,535,334","290,079,778",39.00,39.00,38.10,38.15,-0.75,"4,644",
111/10/20,"11,702,582","444,347,919",37.80,38.65,37.20,38.65,+0.50,"4,310",
111/10/21,"6,497,520","250,934,007",38.20,39.00,38.10,38.45,-0.20,"2,825",
111/10/24,"7,608,330","296,767,912",38.95,39.35,38.70,38.70,+0.25,"3,289",
111/10/25,"6,268,786","241,353,785",38.70,38.75,38.05,38.75,+0.05,"3,388",
111/10/26,"6,851,604","262,577,386",38.85,38.90,38.10,38.15,-0.60,"3,522",
111/10/27,"5,215,801","201,403,825",38.30,38.85,38.20,38.85,+0.70,"2,661",
111/10/28,"6,307,980","240,623,553",38.50,38.75,37.75,37.80,-1.05,"3,137",
111/10/31,"5,477,420","205,801,762",37.95,38.00,37.20,37.75,-0.05,"2,777",
111/11/01,"5,664,224","212,795,604",37.60,37.85,37.20,37.60,-0.15,"2,992",
111/11/02,"5,829,968","222,301,609",37.85,38.45,37.85,38.05,+0.45,"2,874",
111/11/03,"4,685,106","176,348,105",37.45,37.90,37.45,37.70,-0.35,"2,449",
111/11/04,"7,704,984","288,103,255",37.50,37.70,37.20,37.45,-0.25,"3,111",
111/11/07,"18,104,614","703,534,781",38.00,39.50,38.00,39.40,+1.95,"8,439",
111/11/08,"10,084,387","397,864,823",39.60,39.70,39.15,39.45,+0.05,"4,810",
111/11/09,"10,627,142","422,890,354",39.70,40.10,39.55,39.60,+0.15,"5,247",
111/11/10,"3,693,702","145,281,636",39.35,39.50,39.15,39.35,-0.25,"2,603",
111/11/11,"13,062,447","518,086,958",40.10,40.50,39.20,39.25,-0.10,"5,655",
111/11/14,"46,337,208","1,869,689,853",39.40,41.05,39.05,40.80,+1.55,"18,283",
111/11/15,"33,509,300","1,389,362,969",41.40,41.80,41.10,41.30,+0.50,"16,256",
111/11/16,"26,589,422","1,097,131,901",41.80,42.10,40.65,40.85,-0.45,"13,897",
111/11/17,"13,082,189","535,441,363",40.70,41.20,40.45,41.10,+0.25,"5,345",
111/11/18,"16,399,050","662,984,857",41.20,41.30,39.85,39.90,-1.20,"7,842",
111/11/21,"8,917,904","356,102,305",39.95,40.20,39.30,40.15,+0.25,"4,207",
111/11/22,"7,697,312","306,045,709",39.90,40.00,39.55,39.80,-0.35,"4,302",
111/11/23,"6,865,730","274,382,715",40.10,40.25,39.80,39.85,+0.05,"3,981",
111/11/24,"6,074,938","242,931,995",39.95,40.20,39.75,40.05,+0.20,"3,110",
111/11/25,"8,698,952","350,583,692",40.10,40.70,40.00,40.00,-0.05,"4,118",
111/11/28,"6,113,037","242,835,568",39.75,40.00,39.50,39.55,-0.45,"2,952",
111/11/29,"6,576,062","262,281,742",39.55,40.20,39.45,40.15,+0.60,"3,065",
111/11/30,"6,838,418","275,658,641",40.25,40.55,40.15,40.25,+0.10,"3,963",
111/12/01,"10,108,869","411,776,086",40.80,41.00,40.50,40.50,+0.25,"5,580",
111/12/02,"5,947,676","241,400,387",40.65,40.90,40.40,40.50, 0.00,"3,450",
111/12/05,"50,207,330","2,147,435,646",40.90,43.75,40.80,43.30,+2.80,"24,783",
111/12/06,"26,584,479","1,149,556,351",43.30,43.80,42.60,42.80,-0.50,"15,383",
111/12/07,"18,276,084","788,058,901",43.15,43.55,42.60,43.10,+0.30,"11,042",
111/12/08,"13,285,424","572,774,309",43.30,43.50,42.60,43.20,+0.10,"7,445",
111/12/09,"11,386,183","492,587,084",43.30,43.55,43.00,43.15,-0.05,"6,022",
111/12/12,"19,311,596","813,049,816",42.70,42.80,41.35,42.45,-0.70,"11,002",
111/12/13,"37,909,583","1,664,071,424",42.95,44.50,42.70,43.60,+1.15,"22,054",
111/12/14,"22,038,136","965,856,087",43.70,44.20,43.05,44.20,+0.60,"10,631",
111/12/15,"27,090,356","1,216,672,233",44.20,45.35,44.05,44.75,+0.55,"15,309",
111/12/16,"34,169,564","1,501,659,760",44.20,44.80,43.55,43.55,-1.20,"20,593",
111/12/19,"40,923,480","1,725,794,682",43.25,43.25,41.75,42.00,-1.55,"17,426",
111/12/20,"33,295,302","1,387,852,564",41.80,42.55,40.95,41.50,-0.50,"10,855",
111/12/21,"42,680,534","1,828,683,902",42.20,43.30,42.10,43.00,+1.50,"15,559",
111/12/22,"37,605,125","1,630,944,103",43.45,44.00,42.50,44.00,+1.00,"12,766",
111/12/23,"15,302,674","658,333,458",43.30,43.40,42.70,43.15,-0.85,"6,698",
111/12/26,"11,326,723","479,834,018",42.95,43.05,42.00,42.10,-1.05,"5,438",
111/12/27,"4,439,965","187,371,473",42.20,42.40,42.05,42.25,+0.15,"2,411",
111/12/28,"7,418,482","311,811,236",42.20,42.50,41.60,41.65,-0.60,"4,193",
111/12/29,"6,221,800","256,625,881",41.60,41.80,41.00,41.35,-0.30,"3,550",
111/12/30,"8,240,818","348,259,915",42.00,42.60,41.95,42.40,+1.05,"4,140",
112/01/03,"6,145,264","260,843,196",42.50,42.60,42.00,42.60,+0.20,"3,086",
112/01/04,"4,262,463","181,559,585",42.75,42.85,42.45,42.70,+0.10,"2,664",
112/01/05,"5,425,828","231,010,629",42.85,42.95,42.25,42.25,-0.45,"3,067",
112/01/06,"3,786,022","160,003,349",42.25,42.55,42.10,42.30,+0.05,"2,082",
112/01/09,"7,785,924","331,319,579",42.50,42.80,42.15,42.75,+0.45,"3,551",
112/01/10,"9,572,824","411,640,045",43.00,43.30,42.75,42.90,+0.15,"4,977",
112/01/11,"9,613,940","416,544,958",43.30,43.70,43.05,43.20,+0.30,"4,869",
112/01/12,"8,573,843","372,801,626",43.50,43.80,43.25,43.40,+0.20,"5,246",
112/01/13,"5,896,920","255,119,226",43.65,43.70,43.00,43.00,-0.40,"3,475",
112/01/16,"4,610,022","199,226,495",43.15,43.50,42.95,43.00, 0.00,"2,512",
112/01/17,"6,562,905","284,616,518",43.10,43.50,43.05,43.50,+0.50,"3,285",
112/01/30,"13,288,478","586,016,155",43.90,44.40,43.70,44.30,+0.80,"6,326",
112/01/31,"15,124,551","675,622,938",44.25,45.10,44.25,44.80,+0.50,"8,099",
112/02/01,"18,329,027","822,373,350",45.15,45.60,43.90,44.90,+0.10,"10,000",
112/02/02,"12,079,102","539,548,160",45.10,45.10,44.30,44.95,+0.05,"7,361",
112/02/03,"8,804,780","389,929,723",44.90,44.90,44.10,44.20,-0.75,"4,633",
112/02/06,"5,695,787","250,084,956",43.90,44.40,43.70,43.95,-0.25,"3,394",
112/02/07,"6,058,593","267,049,279",43.85,44.40,43.85,44.35,+0.40,"3,379",
112/02/08,"6,999,684","309,419,593",44.40,44.45,44.05,44.20,-0.15,"3,231",
112/02/09,"6,550,816","290,965,258",44.40,44.60,44.25,44.40,+0.20,"3,321",
112/02/10,"7,560,680","332,932,092",44.60,44.60,43.80,43.80,-0.60,"3,673",
112/02/13,"4,948,169","217,740,527",43.80,44.20,43.70,44.15,+0.35,"2,426",
112/02/14,"9,428,369","414,439,274",43.95,44.30,43.85,43.95,-0.20,"4,770",
112/02/15,"21,154,447","912,932,714",43.75,43.75,42.80,42.90,-1.05,"10,843",
112/02/16,"6,079,735","261,961,320",43.15,43.20,42.90,43.10,+0.20,"3,215",
112/02/17,"9,525,469","407,011,527",43.00,43.00,42.65,42.80,-0.30,"5,192",
112/02/20,"6,128,040","265,268,380",42.85,43.50,42.85,43.50,+0.70,"3,300",
112/02/21,"6,205,174","269,073,798",43.50,43.60,43.20,43.45,-0.05,"3,714",
112/02/22,"5,826,270","251,302,155",43.10,43.25,42.95,43.20,-0.25,"2,782",
112/02/23,"5,962,537","259,707,038",43.35,43.70,43.35,43.60,+0.40,"3,181",
112/02/24,"4,628,199","201,277,014",43.80,43.85,43.30,43.50,-0.10,"2,522",
112/03/01,"7,352,556","317,728,476",43.55,43.60,43.05,43.10,-0.40,"3,257",
112/03/02,"4,874,322","210,635,748",43.30,43.40,43.00,43.40,+0.30,"2,478",
112/03/03,"5,159,875","224,803,117",43.60,43.75,43.35,43.60,+0.20,"2,873",
112/03/06,"16,700,909","741,806,906",43.90,44.85,43.90,44.50,+0.90,"7,440",
112/03/07,"17,809,512","800,876,425",44.65,45.20,44.50,45.00,+0.50,"8,306",
112/03/08,"12,341,016","555,280,499",44.90,45.25,44.65,45.10,+0.10,"5,626",
112/03/09,"11,092,334","497,044,103",45.30,45.40,44.50,44.70,-0.40,"5,918",
112/03/10,"9,619,465","427,421,651",44.50,44.65,44.15,44.40,-0.30,"3,830",
112/03/13,"24,841,576","1,117,210,030",44.40,45.45,43.95,45.35,+0.95,"9,212",
112/03/14,"70,174,519","3,294,737,858",46.85,47.45,46.40,46.55,+1.20,"31,849",
112/03/15,"27,636,733","1,283,796,237",47.10,47.25,45.80,45.80,-0.75,"14,997",
112/03/16,"23,108,535","1,036,429,289",45.40,45.45,44.40,44.50,-1.30,"12,464",
112/03/17,"12,857,824","580,616,808",44.90,45.45,44.80,45.45,+0.95,"6,073",
112/03/20,"7,345,092","332,556,341",45.45,45.60,45.10,45.20,-0.25,"4,003",
112/03/21,"7,966,991","362,125,154",45.45,45.70,45.30,45.30,+0.10,"3,917",
112/03/22,"6,855,166","311,918,785",45.60,45.60,45.40,45.50,+0.20,"3,232",
112/03/23,"5,695,490","258,023,381",45.40,45.50,45.00,45.25,-0.25,"3,241",
112/03/24,"7,042,114","318,432,612",45.40,45.40,45.00,45.15,-0.10,"3,292",
112/03/27,"5,036,181","229,333,111",45.20,45.80,45.20,45.50,+0.35,"2,881",
112/03/28,"4,904,946","222,781,023",45.60,45.75,45.25,45.35,-0.15,"2,873",
112/03/29,"3,371,822","153,080,210",45.45,45.65,45.30,45.40,+0.05,"2,200",
112/03/30,"4,996,135","227,176,122",45.40,45.60,45.35,45.60,+0.20,"2,599",
112/03/31,"6,979,163","318,631,536",45.65,46.00,45.45,45.50,-0.10,"4,014",
112/04/06,"11,922,680","535,745,506",45.50,45.55,44.70,44.85,-0.65,"6,365",
112/04/07,"4,831,979","216,803,293",44.90,44.95,44.75,44.85, 0.00,"2,773",
112/04/10,"3,955,857","177,908,967",44.95,45.30,44.85,44.90,+0.05,"2,654",
112/04/11,"7,397,701","332,033,429",44.90,45.15,44.75,44.80,-0.10,"3,673",
112/04/12,"12,499,657","567,577,681",45.05,45.70,45.00,45.30,+0.50,"6,348",
112/04/13,"8,442,767","384,778,415",45.40,45.80,45.40,45.45,+0.15,"4,433",
112/04/14,"6,082,206","276,006,766",45.70,45.70,45.30,45.35,-0.10,"3,544",
112/04/17,"7,756,206","353,934,454",45.50,45.80,45.40,45.70,+0.35,"3,670",
112/04/18,"7,906,676","359,231,346",45.85,45.85,45.15,45.35,-0.35,"4,405",
112/04/19,"8,050,189","363,584,312",45.45,45.55,45.00,45.05,-0.30,"4,271",
112/04/20,"5,933,250","266,576,006",45.05,45.20,44.80,44.85,-0.20,"3,516",
112/04/21,"10,599,477","471,204,986",44.85,45.10,44.15,44.20,-0.65,"5,627",
112/04/24,"4,632,295","204,465,795",44.15,44.35,43.95,44.05,-0.15,"2,710",
112/04/25,"10,074,374","440,160,266",44.40,44.45,43.30,43.40,-0.65,"5,853",
112/04/26,"8,015,314","345,189,607",43.00,43.40,42.90,43.25,-0.15,"4,531",
112/04/27,"3,498,358","152,542,413",43.25,43.95,43.05,43.85,+0.60,"2,274",
112/04/28,"4,499,422","199,078,500",44.00,44.45,43.90,44.45,+0.60,"2,693",
112/05/02,"5,780,876","258,568,587",44.45,44.90,44.30,44.85,+0.40,"3,067",
112/05/03,"3,444,008","153,615,475",44.65,44.80,44.50,44.55,-0.30,"1,906",
112/05/04,"2,350,507","105,031,148",44.45,44.80,44.45,44.70,+0.15,"1,476",
112/05/05,"4,299,355","193,229,606",44.85,45.05,44.80,45.00,+0.30,"2,521",
112/05/08,"10,450,948","475,078,324",45.05,45.70,45.05,45.45,+0.45,"4,649",
112/05/09,"10,118,322","451,022,138",45.20,45.20,44.15,44.45,-1.00,"6,401",
112/05/10,"2,901,802","129,242,791",44.40,44.70,44.25,44.60,+0.15,"1,732",
112/05/11,"4,971,732","219,913,287",44.60,44.60,44.00,44.35,-0.25,"2,637",
112/05/12,"6,321,835","277,381,493",44.20,44.20,43.70,43.90,-0.45,"3,542",
112/05/15,"3,630,883","159,460,327",43.90,44.15,43.65,44.05,+0.15,"2,173",
112/05/16,"5,675,249","252,868,455",44.20,44.80,44.15,44.70,+0.65,"3,261",
112/05/17,"4,370,338","195,416,775",44.70,44.85,44.50,44.70, 0.00,"3,413",
112/05/18,"3,867,090","173,361,523",44.80,44.90,44.70,44.85,+0.15,"2,120",
112/05/19,"6,650,830","299,610,526",44.90,45.20,44.90,45.10,+0.25,"3,332",
112/05/22,"6,782,301","308,106,679",45.20,45.60,45.15,45.50,+0.40,"3,771",
112/05/23,"6,384,439","291,100,670",45.60,45.85,45.40,45.40,-0.10,"4,834",
112/05/24,"4,239,362","192,849,911",45.30,45.60,45.25,45.60,+0.20,"2,911",
112/05/25,"4,141,860","187,591,641",45.60,45.60,45.15,45.20,-0.40,"2,648",
112/05/26,"4,014,670","180,713,873",45.20,45.30,44.95,44.95,-0.25,"2,740",
112/05/29,"3,589,005","162,222,469",45.00,45.35,45.00,45.25,+0.30,"2,009",
112/05/30,"2,752,913","124,632,584",45.45,45.45,45.15,45.25, 0.00,"1,768",
112/05/31,"7,359,255","332,533,259",45.35,45.45,45.10,45.10,-0.15,"2,274",
112/06/01,"3,971,740","180,138,017",45.20,45.50,45.15,45.45,+0.35,"2,455",
112/06/02,"6,837,889","312,261,983",45.60,45.80,45.50,45.70,+0.25,"3,519",
112/06/05,"21,256,016","997,393,833",46.05,47.35,46.05,46.90,+1.20,"11,063",
112/06/06,"8,979,527","421,097,358",47.00,47.10,46.55,46.90, 0.00,"6,273",
112/06/07,"6,261,304","294,295,046",47.10,47.15,46.90,47.00,+0.10,"4,939",
112/06/08,"11,742,771","555,749,011",47.30,47.70,47.00,47.25,+0.25,"6,336",
112/06/09,"8,872,206","418,396,867",47.45,47.50,46.70,47.40,+0.15,"7,628",
112/06/12,"6,462,491","303,725,766",47.40,47.40,46.75,46.95,-0.45,"4,160",
112/06/13,"9,949,154","461,971,866",46.80,46.85,46.20,46.40,-0.55,"5,953",
112/06/14,"5,776,641","271,026,273",46.60,47.10,46.60,47.00,+0.60,"3,256",
112/06/15,"15,670,618","747,384,279",47.30,47.95,47.15,47.95,+0.95,"8,328",
112/06/16,"14,070,522","681,714,376",48.20,48.80,48.10,48.35,+0.40,"8,690",
112/06/19,"7,805,520","376,187,235",48.50,48.75,47.80,47.90,-0.45,"7,611",
112/06/20,"7,494,816","355,160,862",47.75,47.75,47.10,47.50,-0.40,"4,029",
112/06/21,"5,587,538","264,280,931",47.20,47.50,47.10,47.30,-0.20,"2,949",
112/06/26,"7,068,190","335,412,217",47.30,47.70,46.95,47.60,+0.30,"3,039",
112/06/27,"6,632,004","316,694,786",47.70,48.15,47.35,47.45,-0.15,"4,034",
112/06/28,"3,735,352","177,387,249",47.60,47.65,47.30,47.55,+0.10,"2,389",
112/06/29,"3,660,382","173,723,324",47.60,47.85,47.20,47.35,-0.20,"2,148",
112/06/30,"2,689,700","127,541,408",47.45,47.60,47.20,47.40,+0.05,"1,684",
112/07/03,"5,331,833","255,403,266",47.80,48.15,47.50,47.95,+0.55,"2,975",
112/07/04,"5,530,533","266,020,070",48.00,48.20,47.90,48.20,+0.25,"3,138",
112/07/05,"4,589,755","220,788,809",48.20,48.25,48.00,48.05,-0.15,"2,617",
112/07/06,"6,496,147","309,490,320",48.00,48.00,47.40,47.50,-0.55,"3,825",
112/07/07,"6,087,263","286,537,719",47.35,47.35,46.85,47.15,-0.35,"3,064",
112/07/10,"4,075,624","192,382,146",47.25,47.50,47.00,47.10,-0.05,"2,297",
112/07/11,"3,731,601","175,871,729",47.30,47.30,47.00,47.20,+0.10,"2,074",
112/07/12,"5,333,351","250,623,011",47.15,47.15,46.85,47.00,-0.20,"2,705",
112/07/13,"6,184,509","293,768,597",47.50,47.70,47.35,47.45,+0.45,"3,017",
112/07/14,"6,420,683","307,002,909",47.70,48.00,47.60,47.75,+0.30,"3,201",
112/07/17,"6,865,798","329,194,293",47.95,48.10,47.80,48.00,+0.25,"2,861",
112/07/18,"10,966,393","523,110,813",48.10,48.10,47.30,47.95,-0.05,"5,011",
112/07/19,"9,694,238","462,331,066",48.00,48.00,47.50,47.80,-0.15,"4,069",
112/07/20,"29,587,575","1,453,758,610",47.90,49.75,47.70,49.45,+1.65,"12,864",
112/07/21,"21,583,858","1,053,910,988",49.30,49.80,48.15,48.70,-0.75,"10,575",
112/07/24,"14,715,967","716,214,892",48.95,49.10,48.20,48.80,+0.10,"5,917",
112/07/25,"16,025,283","784,662,413",49.00,49.25,48.75,48.95,+0.15,"6,020",
112/07/26,"22,980,935","1,125,230,651",49.20,49.20,48.70,48.90,-0.05,"7,428",
112/07/27,"41,995,874","2,076,515,953",49.20,49.95,48.90,49.90,+1.00,"15,610",
112/07/28,"51,420,690","2,053,732,438",39.80,40.25,39.65,39.95,X0.00,"20,706",
112/07/31,"17,555,396","690,385,353",39.95,40.00,39.10,39.50,-0.45,"10,313",
112/08/01,"6,551,957","258,444,485",39.60,39.65,39.25,39.40,-0.10,"3,764",
112/08/02,"16,503,506","663,864,510",39.45,40.95,39.25,40.15,+0.75,"8,881",
112/08/04,"8,057,250","323,385,242",40.10,40.45,39.80,40.45,+0.30,"4,192",
112/08/07,"5,147,311","206,876,012",40.45,40.55,39.90,40.50,+0.05,"2,870",
112/08/08,"4,790,874","192,796,548",40.45,40.50,40.10,40.40,-0.10,"2,606",
112/08/09,"8,397,862","335,589,683",40.40,40.40,39.70,40.05,-0.35,"5,189",
112/08/10,"5,379,272","213,234,336",39.90,39.90,39.50,39.80,-0.25,"3,161",
112/08/11,"10,387,370","407,320,078",39.40,39.45,39.00,39.45,-0.35,"6,100",
112/08/14,"15,355,128","579,634,925",39.00,39.00,37.05,37.75,-1.70,"9,921",
112/08/15,"11,626,582","432,819,491",38.00,38.00,37.00,37.00,-0.75,"7,003",
112/08/16,"13,663,543","492,126,117",36.70,36.70,35.65,36.30,-0.70,"9,018",
112/08/17,"7,389,011","267,369,213",35.80,36.70,35.50,36.45,+0.15,"4,009",
112/08/18,"9,979,322","369,128,891",36.75,37.35,36.15,37.00,+0.55,"5,444",
112/08/21,"5,116,706","186,564,452",36.75,36.95,36.30,36.30,-0.70,"3,522",
112/08/22,"5,320,005","191,352,343",36.50,36.50,35.85,35.90,-0.40,"3,296",
112/08/23,"2,617,865","94,165,320",35.80,36.15,35.80,35.95,+0.05,"1,923",
112/08/24,"3,616,465","129,803,182",35.80,36.00,35.75,35.95, 0.00,"2,221",
112/08/25,"3,320,727","119,641,451",36.05,36.20,35.85,35.90,-0.05,"2,082",
112/08/28,"3,246,550","116,503,405",36.05,36.05,35.80,35.90, 0.00,"1,603",
112/08/29,"4,377,410","156,115,714",35.95,36.00,35.55,35.75,-0.15,"2,869",
112/08/30,"3,736,048","134,820,135",35.85,36.30,35.75,36.25,+0.50,"2,085",
112/08/31,"7,245,038","263,943,723",36.30,36.70,36.20,36.30,+0.05,"2,938",
112/09/01,"5,681,350","206,647,358",36.35,36.70,36.05,36.50,+0.20,"2,239",
112/09/04,"12,542,204","461,170,539",36.75,37.30,36.20,37.20,+0.70,"6,421",
112/09/05,"5,790,467","215,068,889",37.40,37.40,36.95,37.25,+0.05,"4,577",
112/09/06,"8,783,612","322,136,146",37.05,37.15,36.45,36.45,-0.80,"6,371",
112/09/07,"10,227,955","366,778,490",36.20,36.25,35.70,35.75,-0.70,"7,305",
112/09/08,"3,775,936","135,447,511",35.70,36.10,35.60,36.10,+0.35,"2,434",
112/09/11,"3,274,731","118,098,181",36.10,36.30,35.95,36.05,-0.05,"2,368",
112/09/12,"3,054,455","110,270,276",36.05,36.25,36.00,36.20,+0.15,"2,290",
112/09/13,"2,561,965","92,971,116",36.20,36.40,36.10,36.40,+0.20,"1,948",
112/09/14,"3,203,951","117,448,063",36.45,36.80,36.35,36.75,+0.35,"2,254",
112/09/15,"21,833,233","826,577,900",36.90,38.50,36.85,38.50,+1.75,"10,192",
112/09/18,"19,030,482","738,076,329",38.55,39.00,38.40,38.70,+0.20,"9,551",
112/09/19,"7,675,393","295,410,812",38.70,38.80,38.20,38.40,-0.30,"5,434",
112/09/20,"6,510,877","250,670,944",38.40,38.75,38.25,38.40, 0.00,"4,507",
112/09/21,"5,520,471","210,532,223",38.40,38.50,37.95,37.95,-0.45,"4,358",
112/09/22,"4,617,406","174,744,537",37.80,38.15,37.50,38.15,+0.20,"3,432",
112/09/25,"3,278,367","124,588,328",38.10,38.20,37.85,38.00,-0.15,"2,157",
112/09/26,"4,741,612","177,997,201",37.80,38.00,37.30,37.45,-0.55,"3,487",
112/09/27,"4,091,970","151,362,180",37.00,37.25,36.80,36.95,-0.50,"2,813",
112/09/28,"4,657,002","171,901,711",36.95,37.10,36.80,36.85,-0.10,"2,972",
112/10/02,"4,098,871","150,538,678",36.85,37.20,36.60,36.65,-0.20,"2,738",
112/10/03,"5,333,950","193,509,774",36.55,36.55,36.10,36.15,-0.50,"3,828",
112/10/04,"4,223,553","153,015,366",36.00,36.50,35.85,36.45,+0.30,"2,772",
112/10/05,"2,467,252","90,485,574",36.45,36.85,36.40,36.65,+0.20,"1,749",
112/10/06,"2,247,765","82,476,724",36.75,36.85,36.45,36.75,+0.10,"1,563",
112/10/11,"6,573,082","244,329,296",37.10,37.45,36.80,37.35,+0.60,"3,977",
112/10/12,"3,441,769","128,187,504",37.40,37.40,37.05,37.40,+0.05,"2,995",
112/10/13,"3,520,220","131,823,161",37.30,37.55,37.20,37.50,+0.10,"2,150",
112/10/16,"3,590,443","134,291,433",37.50,37.70,37.25,37.35,-0.15,"2,160",
112/10/17,"3,342,525","124,653,648",37.45,37.50,37.20,37.20,-0.15,"2,047",
112/10/18,"12,955,393","476,981,417",37.35,37.45,36.65,36.65,-0.55,"2,975",
112/10/19,"3,175,165","116,763,589",36.60,36.90,36.60,36.80,+0.15,"1,678",
112/10/20,"4,113,979","149,125,280",36.60,36.60,36.15,36.15,-0.65,"2,340",
112/10/23,"2,313,804","83,933,392",36.10,36.55,36.00,36.40,+0.25,"1,588",
112/10/24,"1,784,652","64,901,386",36.35,36.60,36.10,36.45,+0.05,"1,334",
112/10/25,"2,418,999","89,000,271",36.50,36.90,36.50,36.90,+0.45,"1,723",
112/10/26,"2,655,325","97,245,406",36.70,36.95,36.45,36.50,-0.40,"1,610",
112/10/27,"2,126,378","77,883,989",36.60,36.80,36.45,36.70,+0.20,"1,360",
112/10/30,"3,123,599","115,507,351",36.85,37.15,36.70,37.10,+0.40,"2,136",
112/10/31,"3,680,684","136,485,376",37.15,37.30,36.95,37.05,-0.05,"2,157",
112/11/01,"3,027,396","111,308,687",37.15,37.25,36.50,36.65,-0.40,"1,932",
112/11/02,"2,350,554","86,854,167",37.00,37.10,36.80,36.95,+0.30,"1,669",
112/11/03,"3,980,559","148,245,291",37.10,37.45,37.05,37.30,+0.35,"2,452",
112/11/06,"3,615,378","134,670,068",37.45,37.50,37.10,37.15,-0.15,"2,966",
112/11/07,"2,953,324","109,720,046",37.15,37.35,36.90,37.30,+0.15,"2,025",
112/11/08,"2,349,918","87,488,211",37.35,37.35,37.15,37.20,-0.10,"1,939",
112/11/09,"4,166,217","155,844,106",37.25,37.70,37.20,37.30,+0.10,"2,618",
112/11/10,"3,363,563","125,015,769",37.30,37.40,37.00,37.00,-0.30,"2,657",
112/11/13,"3,765,968","138,500,970",37.10,37.10,36.60,36.60,-0.40,"2,547",
112/11/14,"4,171,777","151,894,880",36.75,36.75,36.20,36.50,-0.10,"2,869",
112/11/15,"5,313,293","196,515,615",36.70,37.30,36.60,37.05,+0.55,"3,329",
112/11/16,"15,740,065","598,657,240",37.30,38.35,37.30,38.15,+1.10,"8,598",
112/11/17,"8,365,274","319,338,291",38.25,38.40,37.85,38.10,-0.05,"5,747",
112/11/20,"3,846,831","146,344,916",38.10,38.35,37.90,38.05,-0.05,"2,813",
112/11/21,"9,366,084","359,910,359",38.30,38.60,38.15,38.50,+0.45,"5,158",
112/11/22,"6,297,650","242,824,244",38.45,38.70,38.35,38.60,+0.10,"3,669",
112/11/23,"5,343,623","206,385,561",38.80,38.80,38.40,38.65,+0.05,"3,390",
112/11/24,"3,739,683","144,009,550",38.80,38.80,38.35,38.35,-0.30,"2,846",
112/11/27,"4,034,730","153,810,618",38.35,38.35,38.05,38.10,-0.25,"2,717",
112/11/28,"6,824,222","263,161,417",38.10,38.75,38.05,38.65,+0.55,"3,794",
112/11/29,"4,502,491","173,470,443",38.70,38.75,38.40,38.50,-0.15,"3,802",
112/11/30,"5,617,157","216,102,009",38.50,38.65,38.20,38.65,+0.15,"3,109",
112/12/01,"11,234,188","437,794,503",38.80,39.30,38.75,38.85,+0.20,"6,747",
112/12/04,"9,494,969","371,265,763",38.85,39.40,38.50,39.25,+0.40,"5,335",
112/12/05,"5,404,124","210,846,831",39.25,39.35,38.80,38.95,-0.30,"4,683",
112/12/06,"5,068,864","198,474,510",39.10,39.30,38.90,39.15,+0.20,"3,414",
112/12/07,"3,880,691","151,204,497",39.15,39.25,38.75,38.80,-0.35,"3,335",
112/12/08,"10,422,515","400,205,428",39.00,39.00,38.15,38.40,-0.40,"6,873",
112/12/11,"3,906,212","150,380,349",38.40,38.75,38.35,38.40, 0.00,"2,533",
112/12/12,"3,960,785","152,082,412",38.65,38.65,38.30,38.35,-0.05,"2,468",
112/12/13,"5,231,484","199,536,029",38.35,38.60,38.00,38.00,-0.35,"3,289",
112/12/14,"5,031,736","192,977,253",38.30,38.55,38.20,38.20,+0.20,"2,623",
112/12/15,"51,333,797","2,049,708,190",39.00,41.00,39.00,39.55,+1.35,"22,813",
112/12/18,"30,274,158","1,210,974,317",39.95,40.60,39.60,39.75,+0.20,"15,882",
112/12/19,"20,075,842","791,228,749",39.90,40.00,38.70,39.70,-0.05,"9,969",
112/12/20,"18,698,314","744,809,991",39.95,40.20,39.50,39.70, 0.00,"8,356",
112/12/21,"11,946,206","471,465,341",39.35,39.75,39.20,39.35,-0.35,"5,706",
112/12/22,"11,623,486","456,752,037",39.65,39.95,39.15,39.20,-0.15,"4,949",
112/12/25,"8,639,132","341,594,328",39.70,40.20,39.45,39.45,+0.25,"4,304",
112/12/26,"4,333,840","171,251,499",39.55,39.80,39.30,39.50,+0.05,"2,636",
112/12/27,"7,697,521","302,516,831",39.50,39.60,39.10,39.35,-0.15,"4,097",
112/12/28,"4,578,400","180,193,642",39.45,39.50,39.15,39.50,+0.15,"2,463",
112/12/29,"4,593,480","181,147,843",39.50,39.60,39.25,39.60,+0.10,"2,088",
113/01/02,"5,865,302","232,465,761",39.60,39.75,39.40,39.65,+0.05,"2,488",
113/01/03,"3,687,949","145,034,761",39.60,39.65,39.25,39.25,-0.40,"2,478",
113/01/04,"5,373,160","209,587,686",39.20,39.35,38.70,39.10,-0.15,"3,284",
113/01/05,"2,660,388","103,654,417",39.05,39.15,38.90,39.00,-0.10,"1,785",
113/01/08,"2,380,104","92,732,629",39.05,39.10,38.85,38.95,-0.05,"1,446",
113/01/09,"5,065,651","195,046,627",39.15,39.15,38.30,38.30,-0.65,"3,213",
113/01/10,"7,684,306","288,458,836",38.25,38.25,37.35,37.50,-0.80,"4,862",
113/01/11,"3,504,706","131,052,928",37.60,37.75,37.20,37.40,-0.10,"2,255",
113/01/12,"2,193,348","82,191,437",37.50,37.60,37.40,37.50,+0.10,"1,359",
113/01/15,"2,496,800","93,526,633",37.55,37.65,37.30,37.40,-0.10,"1,641",
113/01/16,"5,065,652","188,535,360",37.25,37.50,37.05,37.05,-0.35,"2,600",
113/01/17,"7,601,677","279,677,014",37.00,37.35,36.45,36.50,-0.55,"4,620",
113/01/18,"2,425,090","88,672,079",36.50,36.80,36.35,36.60,+0.10,"1,567",
113/01/19,"2,828,244","103,507,914",36.55,36.80,36.40,36.60, 0.00,"2,017",
113/01/22,"2,333,212","85,596,574",36.70,36.75,36.60,36.70,+0.10,"1,570",
113/01/23,"2,107,199","77,930,230",36.90,37.25,36.75,37.00,+0.30,"1,548",
113/01/24,"2,474,860","92,568,807",37.20,37.70,37.00,37.25,+0.25,"1,739",
113/01/25,"1,769,494","65,747,773",37.25,37.30,37.05,37.20,-0.05,"1,371",
113/01/26,"1,135,449","42,251,655",37.20,37.35,37.05,37.30,+0.10,866,
113/01/29,"1,532,372","57,207,900",37.15,37.45,37.15,37.40,+0.10,"1,058",
113/01/30,"2,743,819","101,734,719",37.50,37.50,36.90,36.95,-0.45,"2,029",
113/01/31,"2,919,094","108,022,441",37.00,37.35,36.80,37.10,+0.15,"1,513",
113/02/01,"2,612,893","96,634,541",37.10,37.30,36.85,37.00,-0.10,"1,846",
113/02/02,"2,822,370","103,900,277",37.15,37.20,36.70,36.80,-0.20,"2,118",
113/02/05,"5,064,995","184,464,391",36.75,36.75,36.30,36.35,-0.45,"3,176",
113/02/15,"5,418,496","195,209,619",36.35,36.35,35.80,36.20,-0.15,"3,409",
113/02/16,"4,425,518","160,131,777",36.20,36.40,36.00,36.30,+0.10,"2,816",
113/02/19,"2,617,392","95,835,774",36.35,36.75,36.35,36.75,+0.45,"1,923",
113/02/20,"3,158,769","115,286,634",36.80,36.80,36.40,36.40,-0.35,"2,310",
113/02/21,"3,209,394","116,790,580",36.40,36.55,36.25,36.30,-0.10,"2,066",
113/02/22,"2,737,835","99,536,505",36.45,36.45,36.25,36.45,+0.15,"1,839",
113/02/23,"3,936,798","143,097,032",36.50,36.55,36.20,36.20,-0.25,"2,457",
113/02/26,"2,861,778","103,683,298",36.20,36.35,36.15,36.15,-0.05,"1,889",
113/02/27,"5,736,240","205,928,588",36.15,36.30,35.70,35.80,-0.35,"3,922",
113/02/29,"3,751,451","134,572,236",35.95,36.15,35.75,35.90,+0.10,"2,052",
113/03/01,"2,513,134","90,628,881",36.00,36.25,35.90,36.05,+0.15,"1,645",
113/03/04,"5,059,915","181,788,190",36.05,36.10,35.85,35.85,-0.20,"2,631",
113/03/05,"3,984,170","143,181,105",35.90,36.15,35.85,36.00,+0.15,"1,986",
113/03/06,"5,085,017","183,656,433",36.10,36.45,35.95,36.05,+0.05,"2,622",
113/03/07,"6,183,004","220,960,552",36.00,36.00,35.60,35.85,-0.20,"3,457",
113/03/08,"7,218,713","256,520,106",35.80,35.95,35.30,35.45,-0.40,"4,335",
113/03/11,"4,001,007","142,062,283",35.45,35.65,35.30,35.60,+0.15,"1,961",
113/03/12,"4,813,510","173,308,276",35.70,36.20,35.65,36.20,+0.60,"2,290",
113/03/13,"6,379,311","227,271,886",36.15,36.15,35.45,35.70,-0.50,"4,027",
113/03/14,"10,816,514","392,709,089",35.85,36.75,35.85,36.30,+0.60,"4,428",
113/03/15,"6,086,147","219,689,459",36.30,36.35,35.80,36.30, 0.00,"3,209",
113/03/18,"4,051,599","145,487,895",36.15,36.15,35.70,35.90,-0.40,"2,214",
113/03/19,"9,071,161","330,804,828",36.15,36.70,36.10,36.30,+0.40,"3,955",
113/03/20,"10,688,417","391,500,410",36.65,36.95,36.40,36.40,+0.10,"5,371",
113/03/21,"11,738,803","434,102,701",36.90,37.20,36.65,37.15,+0.75,"4,915",
113/03/22,"12,031,057","449,274,598",37.85,38.05,36.80,37.10,-0.05,"6,513",
113/03/25,"6,974,527","255,339,316",36.80,36.90,36.45,36.70,-0.40,"7,253",
113/03/26,"4,853,254","176,428,203",36.60,36.65,36.10,36.45,-0.25,"5,531",
113/03/27,"3,499,263","127,570,488",36.35,36.75,36.20,36.65,+0.20,"2,595",
113/03/28,"10,579,805","392,176,463",36.70,37.35,36.70,37.10,+0.45,"5,358",
113/03/29,"15,020,019","549,675,390",37.20,37.30,36.35,36.50,-0.60,"10,025",
113/04/01,"6,126,645","223,606,210",36.70,36.80,36.30,36.40,-0.10,"3,014",
113/04/02,"6,290,545","227,605,051",36.45,36.55,35.80,36.10,-0.30,"3,347",
113/04/03,"11,582,185","422,477,909",36.50,37.10,36.05,36.10, 0.00,"5,364",
113/04/08,"5,755,096","210,089,339",36.15,36.65,36.15,36.60,+0.50,"3,051",
113/04/09,"18,011,715","673,491,809",36.75,37.90,36.50,37.50,+0.90,"8,246",
113/04/10,"7,878,734","292,697,551",37.80,37.80,36.90,37.00,-0.50,"6,839",
113/04/11,"3,937,371","144,489,026",36.85,37.00,36.60,36.65,-0.35,"2,516",
113/04/12,"3,429,649","125,143,412",36.60,36.65,36.35,36.50,-0.15,"1,942",
113/04/15,"8,239,856","305,371,084",36.90,37.60,36.70,36.70,+0.20,"4,113",
113/04/16,"9,851,526","362,114,023",37.00,37.00,36.35,36.70, 0.00,"5,714",
113/04/17,"7,669,723","283,950,100",36.90,37.20,36.70,36.95,+0.25,"4,206",
113/04/18,"30,620,388","1,168,473,665",37.95,38.95,37.60,37.80,+0.85,"13,963",
113/04/19,"16,998,086","641,624,397",38.35,38.45,36.90,37.70,-0.10,"11,422",
113/04/22,"7,690,502","290,912,610",38.10,38.25,37.50,37.60,-0.10,"4,323",
113/04/23,"4,782,597","180,439,573",37.60,38.00,37.55,37.80,+0.20,"3,134",
113/04/24,"8,896,014","331,526,280",38.00,38.00,37.05,37.10,-0.70,"9,876",
113/04/25,"4,379,290","160,988,130",37.00,37.05,36.65,36.65,-0.45,"2,592",
113/04/26,"4,203,826","154,056,403",36.60,36.80,36.45,36.65, 0.00,"2,710",
113/04/29,"5,703,086","211,246,448",36.80,37.30,36.70,37.25,+0.60,"2,965",
113/04/30,"3,890,605","143,663,124",37.25,37.30,36.75,36.80,-0.45,"2,912",
113/05/02,"7,776,455","290,254,790",36.85,37.65,36.70,37.60,+0.80,"3,838",
113/05/03,"4,713,481","176,023,835",37.60,37.70,37.10,37.30,-0.30,"4,242",
113/05/06,"3,366,183","124,868,473",37.45,37.50,37.00,37.15,-0.15,"2,473",
113/05/07,"5,455,797","201,680,603",37.30,37.30,36.75,37.20,+0.05,"2,760",
113/05/08,"3,726,781","137,882,703",37.20,37.20,36.85,37.15,-0.05,"1,739",
113/05/09,"3,833,157","141,141,898",37.20,37.20,36.65,36.65,-0.50,"2,205",
113/05/10,"4,665,477","172,024,147",36.75,37.15,36.55,37.15,+0.50,"2,601",
113/05/13,"2,341,204","86,636,406",37.25,37.25,36.90,37.00,-0.15,"1,923",
113/05/14,"3,931,600","145,770,466",37.20,37.40,36.90,36.95,-0.05,"1,942",
113/05/15,"6,572,570","244,225,716",37.40,37.40,37.00,37.05,+0.10,"3,391",
113/05/16,"6,461,671","241,120,033",37.25,37.55,37.15,37.45,+0.40,"3,356",
113/05/17,"15,749,498","594,332,704",37.50,37.95,37.20,37.95,+0.50,"5,793",
113/05/20,"81,544,851","3,247,168,357",39.20,40.70,38.85,40.05,+2.10,"33,721",
113/05/21,"39,767,628","1,590,401,520",39.85,40.80,39.35,40.05, 0.00,"24,926",
113/05/22,"25,225,152","991,931,960",40.10,40.10,38.90,39.30,-0.75,"20,894",
113/05/23,"21,870,711","851,178,706",39.00,39.45,38.10,39.35,+0.05,"12,369",
113/05/24,"10,365,917","398,323,022",38.80,38.80,38.25,38.25,-1.10,"12,513",
113/05/27,"13,432,060","518,638,622",38.25,39.15,38.05,38.45,+0.20,"6,872",
113/05/28,"12,566,817","479,546,463",38.60,38.65,38.00,38.15,-0.30,"5,818",
113/05/29,"4,967,841","190,685,539",38.35,38.60,38.25,38.30,+0.15,"2,702",
113/05/30,"4,911,186","187,067,752",38.30,38.40,37.90,37.95,-0.35,"3,147",
113/05/31,"6,748,373","258,698,050",38.15,38.60,38.00,38.35,+0.40,"3,147",
113/06/03,"4,217,154","160,572,985",38.35,38.35,37.95,38.15,-0.20,"3,528",
113/06/04,"5,519,700","208,186,887",38.15,38.15,37.50,37.80,-0.35,"3,497",
113/06/05,"4,228,017","158,654,381",38.00,38.00,37.40,37.50,-0.30,"3,025",
113/06/06,"6,527,229","246,079,444",37.50,38.00,37.25,38.00,+0.50,"4,051",
113/06/07,"9,414,589","361,305,087",38.00,38.65,37.70,38.65,+0.65,"4,753",
113/06/11,"8,993,016","339,752,738",38.30,38.35,37.55,37.75,-0.90,"5,861",
113/06/12,"7,790,185","291,939,620",37.55,37.75,37.10,37.65,-0.10,"4,196",
113/06/13,"5,691,131","212,321,552",37.60,37.65,37.15,37.15,-0.50,"3,726",
113/06/14,"7,334,337","270,343,482",37.10,37.10,36.80,36.80,-0.35,"4,358",
113/06/17,"5,257,718","193,967,686",36.80,37.05,36.60,37.00,+0.20,"3,023",
113/06/18,"5,088,928","187,431,534",37.00,37.00,36.75,36.90,-0.10,"3,113",
113/06/19,"8,070,885","296,139,121",37.00,37.00,36.50,36.55,-0.35,"4,928",
113/06/20,"4,261,444","156,683,422",36.60,36.90,36.50,36.90,+0.35,"2,711",
113/06/21,"19,065,757","702,916,075",37.05,37.40,36.80,36.80,-0.10,"4,181",
113/06/24,"7,812,600","285,462,488",36.85,36.85,36.30,36.60,-0.20,"4,470",
113/06/25,"5,901,556","214,370,950",36.70,36.70,36.20,36.30,-0.30,"2,919",
113/06/26,"5,658,380","204,693,785",36.40,36.55,36.05,36.05,-0.25,"2,732",
113/06/27,"6,002,365","215,876,481",36.05,36.15,35.85,35.95,-0.10,"2,836",
113/06/28,"3,635,986","131,008,878",36.05,36.25,35.90,35.90,-0.05,"2,123",
113/07/01,"4,608,394","167,172,942",36.15,36.45,36.00,36.45,+0.55,"2,977",
113/07/02,"8,712,784","315,579,683",36.50,36.55,36.00,36.40,-0.05,"4,123",
113/07/03,"9,683,546","352,103,100",36.35,36.70,36.20,36.70,+0.30,"4,378",
113/07/04,"4,661,496","171,105,357",36.65,36.85,36.50,36.80,+0.10,"2,593",
113/07/05,"5,575,724","205,500,334",36.80,37.05,36.65,37.05,+0.25,"2,646",
113/07/08,"5,905,119","217,549,328",37.05,37.15,36.65,37.00,-0.05,"3,159",
113/07/09,"5,936,137","216,575,409",36.70,36.75,36.30,36.65,-0.35,"2,980",
113/07/10,"4,041,506","147,350,202",36.60,36.60,36.35,36.55,-0.10,"2,037",
113/07/11,"4,439,569","161,447,846",36.40,36.50,36.25,36.50,-0.05,"3,014",
113/07/12,"6,956,776","256,704,992",36.65,37.25,36.60,36.95,+0.45,"3,302",
113/07/15,"18,790,364","712,210,098",37.30,38.60,37.25,37.65,+0.70,"9,383",
113/07/16,"8,710,550","329,653,085",37.90,38.10,37.50,37.75,+0.10,"4,359",
113/07/17,"15,981,488","610,855,339",38.05,38.40,37.90,38.30,+0.55,"7,689",
113/07/18,"30,485,281","1,189,874,349",38.30,39.60,38.00,39.20,+0.90,"14,482",
113/07/19,"15,410,365","599,347,388",39.00,39.10,38.60,39.00,-0.20,"7,722",
113/07/22,"18,045,350","699,886,944",39.50,39.60,38.20,38.95,-0.05,"9,728",
113/07/23,"22,021,537","862,819,796",39.00,39.50,38.65,39.50,+0.55,"10,638",
113/07/26,"14,383,374","567,431,571",39.30,39.75,38.85,39.60,+0.10,"7,525",
113/07/29,"10,956,803","432,549,566",39.65,39.70,38.95,39.15,-0.45,"6,290",
113/07/30,"10,260,903","401,017,672",38.90,39.50,38.55,39.50,+0.35,"5,129",
113/07/31,"9,566,038","376,725,743",39.25,39.60,39.05,39.20,-0.30,"4,929",
113/08/01,"11,470,839","450,084,491",39.45,39.45,38.90,39.45,+0.25,"7,053",
113/08/02,"13,370,378","516,520,062",39.00,39.00,38.15,38.20,-1.25,"12,261",
113/08/05,"15,985,958","559,488,742",36.20,36.35,33.90,34.20,X0.00,"21,155",
113/08/06,"9,393,430","320,300,890",34.65,34.80,33.00,34.60,+0.40,"4,976",
113/08/07,"4,570,690","160,710,607",34.10,35.35,34.10,35.30,+0.70,"4,316",
113/08/08,"3,211,445","111,953,699",34.80,35.20,34.55,34.75,-0.55,"2,217",
113/08/09,"3,850,674","133,046,420",34.90,35.30,34.85,34.90,+0.15,"2,105",
113/08/12,"2,701,429","94,663,356",34.95,35.25,34.90,35.00,+0.10,"2,145",
113/08/13,"3,611,333","124,806,482",34.90,34.90,34.40,34.45,-0.55,"2,313",
113/08/14,"2,923,043","101,732,264",34.70,35.05,34.65,34.80,+0.35,"1,764",
113/08/15,"2,865,567","99,505,001",34.90,35.00,34.50,34.50,-0.30,"1,942",
113/08/16,"3,065,993","106,322,293",34.85,34.90,34.50,34.70,+0.20,"2,091",
113/08/19,"2,128,097","73,742,202",34.70,34.85,34.45,34.75,+0.05,"1,547",
113/08/20,"3,667,644","128,354,453",34.90,35.20,34.20,35.05,+0.30,"2,001",
113/08/21,"3,646,767","128,332,199",35.20,35.45,34.90,35.15,+0.10,"2,932",
113/08/22,"9,932,169","353,859,426",35.45,36.00,35.15,35.80,+0.65,"4,503",
113/08/23,"2,494,045","88,227,900",35.80,35.80,35.20,35.40,-0.40,"2,962",
113/08/26,"3,813,788","136,298,313",35.55,35.95,35.40,35.70,+0.30,"1,950",
113/08/27,"6,167,638","220,275,487",35.70,35.85,35.60,35.85,+0.15,"1,900",
113/08/28,"2,578,702","92,024,616",35.90,35.95,35.55,35.75,-0.10,"1,663",
113/08/29,"2,594,048","92,057,403",35.70,35.80,35.30,35.45,-0.30,"2,758",
113/08/30,"8,433,546","306,741,694",36.20,36.60,36.00,36.50,+1.05,"3,696",
113/09/02,"3,104,120","111,212,634",36.50,36.50,35.65,35.65,-0.85,"3,770",
113/09/03,"2,273,930","80,458,686",35.80,35.80,35.15,35.15,-0.50,"1,552",
113/09/04,"5,685,824","194,166,037",34.15,34.50,33.50,34.00,-1.15,"3,692",
113/09/05,"3,981,368","135,232,926",34.20,34.35,33.80,33.80,-0.20,"2,539",
113/09/06,"2,418,157","81,513,914",33.85,33.90,33.45,33.70,-0.10,"1,765",
113/09/09,"3,435,946","113,538,755",33.10,33.30,32.70,33.15,-0.55,"2,269",
113/09/10,"7,280,118","236,272,069",33.00,33.10,32.10,32.10,-1.05,"4,854",
113/09/11,"3,224,794","103,421,744",32.00,32.35,31.90,31.90,-0.20,"2,233",
113/09/12,"4,961,411","161,835,752",32.25,32.95,32.10,32.60,+0.70,"2,436",
113/09/13,"5,979,977","198,742,328",32.90,33.55,32.75,33.05,+0.45,"3,105",
113/09/16,"2,256,259","75,299,367",33.25,33.55,33.00,33.20,+0.15,"2,288",
113/09/18,"3,704,646","124,092,772",33.45,33.85,33.20,33.25,+0.05,"2,413",
113/09/19,"2,709,817","90,517,785",33.35,33.60,33.20,33.50,+0.25,"2,129",
113/09/20,"11,303,874","385,600,284",33.70,34.25,33.60,34.25,+0.75,"3,408",
113/09/23,"6,723,306","228,540,807",34.30,34.50,33.80,33.80,-0.45,"4,365",
113/09/24,"5,254,694","176,128,376",33.85,33.90,33.40,33.45,-0.35,"2,193",
113/09/25,"6,550,852","221,593,666",33.70,34.30,33.65,33.70,+0.25,"2,779",
113/09/26,"6,162,591","207,850,553",34.10,34.20,33.55,33.60,-0.10,"2,796",
113/09/27,"19,532,097","684,645,745",34.10,35.90,34.00,35.50,+1.90,"7,869",
113/09/30,"6,652,767","233,204,982",35.65,35.65,34.65,34.65,-0.85,"6,931",
113/10/01,"3,845,732","134,436,923",34.55,35.30,34.50,35.30,+0.65,"2,403",
113/10/04,"5,943,774","211,205,231",35.00,35.90,34.95,35.60,+0.30,"3,266",
113/10/07,"3,803,963","134,785,889",35.60,35.70,35.05,35.70,+0.10,"2,733",
113/10/08,"6,673,792","234,115,344",35.50,36.15,34.65,34.65,-1.05,"5,878",
113/10/09,"4,544,280","155,186,119",34.70,34.80,34.00,34.10,-0.55,"4,729",
113/10/11,"6,075,782","203,350,023",34.10,34.35,33.10,33.20,-0.90,"3,680",
113/10/14,"1,675,800","56,260,430",33.25,33.70,33.25,33.70,+0.50,977,
113/10/15,"4,792,147","159,334,906",33.70,33.70,33.10,33.15,-0.55,"3,100",
113/10/16,"9,902,869","323,385,608",33.20,33.55,32.10,32.10,-1.05,"3,830",
113/10/17,"5,756,776","193,494,702",32.55,34.15,32.55,33.90,+1.80,"3,390",
113/10/18,"3,078,953","103,776,321",33.90,34.00,33.50,33.50,-0.40,"3,571",
113/10/21,"2,900,111","96,880,998",33.90,33.90,33.20,33.20,-0.30,"2,096",
113/10/22,"3,222,554","107,109,993",33.50,33.50,33.00,33.35,+0.15,"2,125",
113/10/23,"3,467,192","115,411,729",33.50,33.60,33.05,33.20,-0.15,"2,261",
113/10/24,"4,683,040","154,169,943",33.20,33.25,32.70,32.70,-0.50,"2,860",
113/10/25,"3,923,570","127,607,258",32.80,32.95,32.40,32.40,-0.30,"2,405",
113/10/28,"4,286,417","140,720,298",32.60,33.30,32.40,32.95,+0.55,"2,353",
113/10/29,"2,704,278","88,574,259",32.90,33.15,32.50,32.80,-0.15,"2,006",
113/10/30,"3,528,622","114,418,307",33.15,33.15,32.25,32.45,-0.35,"2,490",
113/11/01,"6,688,890","218,489,709",32.30,33.10,32.00,32.80,+0.35,"3,887",
113/11/04,"4,775,097","155,699,001",32.80,32.95,32.40,32.55,-0.25,"2,613",
113/11/05,"4,898,799","160,635,483",32.55,33.05,32.55,32.65,+0.10,"3,448",
113/11/06,"14,335,350","485,708,073",32.85,34.80,32.80,34.15,+1.50,"6,743",
113/11/07,"33,290,751","1,207,271,271",36.30,37.50,35.50,35.50,+1.35,"18,159",
113/11/08,"9,392,224","330,822,484",35.60,35.70,34.95,35.05,-0.45,"7,122",
113/11/11,"9,882,363","351,495,522",35.30,35.85,35.00,35.50,+0.45,"5,417",
113/11/12,"8,237,925","287,737,758",35.20,35.40,34.70,34.70,-0.80,"5,139",
113/11/13,"11,282,611","379,062,274",34.40,34.40,33.15,33.30,-1.40,"6,516",
113/11/14,"8,311,890","273,003,765",33.20,33.30,32.55,32.65,-0.65,"4,437",
113/11/15,"10,450,104","342,001,925",32.55,33.20,32.55,32.55,-0.10,"4,880",
113/11/18,"29,433,662","1,001,179,792",32.95,34.80,32.75,34.45,+1.90,"12,497",
113/11/19,"28,891,318","975,402,107",33.85,34.35,33.45,33.45,-1.00,"11,522",
113/11/20,"27,323,045","922,463,298",33.90,34.35,33.40,33.45, 0.00,"7,926",
113/11/21,"22,257,027","738,373,477",33.60,33.75,32.85,33.45, 0.00,"7,508",
113/11/22,"21,069,066","721,296,750",33.45,34.60,33.25,34.25,+0.80,"8,799",
113/11/25,"8,177,238","282,843,203",34.85,35.15,34.00,34.60,+0.35,"4,477",
113/11/26,"21,504,535","769,303,906",34.85,36.80,34.60,35.30,+0.70,"10,218",
113/11/27,"15,737,557","560,662,416",36.20,36.20,35.20,35.20,-0.10,"9,109",
113/11/28,"8,426,235","293,735,652",35.20,35.30,34.55,34.60,-0.60,"4,611",
113/11/29,"4,306,039","148,848,630",34.50,34.90,34.25,34.70,+0.10,"2,779",
113/12/02,"5,478,771","188,969,206",34.90,35.15,34.25,34.35,-0.35,"5,419",
113/12/03,"5,987,441","204,186,735",34.35,34.55,33.85,34.25,-0.10,"5,459",
113/12/04,"6,840,144","232,063,493",34.35,34.55,33.75,33.85,-0.40,"3,463",
113/12/05,"5,947,776","199,765,680",34.00,34.10,33.40,33.50,-0.35,"2,909",
113/12/06,"3,072,798","102,986,980",33.50,33.80,33.35,33.55,+0.05,"2,341",
113/12/09,"3,231,623","107,955,480",33.35,33.75,33.05,33.60,+0.05,"1,929",
113/12/10,"3,406,232","114,158,313",33.60,34.00,33.25,33.25,-0.35,"2,014",
113/12/11,"3,410,097","112,937,460",33.45,33.45,33.00,33.00,-0.25,"2,073",
113/12/12,"4,129,775","135,922,327",32.90,33.30,32.80,32.80,-0.20,"2,440",
113/12/13,"8,336,035","269,494,414",32.90,32.90,32.05,32.10,-0.70,"4,473",
113/12/16,"14,176,307","445,922,725",32.30,32.45,30.80,30.80,-1.30,"6,967",
113/12/17,"11,124,801","339,941,446",30.80,30.90,30.40,30.40,-0.40,"4,933",
113/12/18,"9,690,539","293,812,590",30.25,30.80,30.00,30.30,-0.10,"5,244",
113/12/19,"7,797,695","235,070,783",29.90,30.45,29.55,30.20,-0.10,"4,411",
113/12/20,"15,653,139","468,787,529",30.20,30.50,29.85,29.85,-0.35,"4,601",
113/12/23,"11,556,069","345,738,260",30.40,30.40,29.75,29.75,-0.10,"4,773",
113/12/24,"5,992,559","179,764,321",30.00,30.30,29.80,29.90,+0.15,"2,798",
113/12/25,"3,168,410","95,065,353",30.10,30.15,29.85,30.15,+0.25,"1,725",
113/12/26,"2,553,028","77,171,061",30.15,30.35,30.10,30.35,+0.20,"1,356",
113/12/27,"3,301,062","99,013,717",30.35,30.35,29.90,30.00,-0.35,"1,834",
113/12/30,"2,960,419","89,655,201",30.00,30.50,29.90,30.30,+0.30,"1,705",
113/12/31,"3,440,821","103,652,213",30.10,30.25,29.90,30.25,-0.05,"2,351",
114/01/02,"4,197,224","127,664,262",30.20,30.85,30.15,30.40,+0.15,"2,430",
114/01/03,"5,351,211","160,195,317",30.30,30.60,29.80,29.80,-0.60,"2,902",
114/01/06,"4,306,898","129,313,614",30.00,30.25,29.60,30.05,+0.25,"2,939",
114/01/07,"6,719,121","200,374,955",30.20,30.30,29.60,29.85,-0.20,"3,185",
114/01/08,"17,185,670","508,265,611",29.80,29.80,28.80,29.10,-0.75,"4,829",
114/01/09,"6,657,079","197,029,580",29.25,29.90,29.20,29.65,+0.55,"3,869",
114/01/10,"7,443,590","223,441,028",29.65,30.60,29.30,30.30,+0.65,"3,898",
114/01/13,"11,402,613","349,148,890",30.35,31.45,30.15,30.40,+0.10,"6,156",
114/01/14,"9,860,956","309,667,605",30.80,31.75,30.75,31.70,+1.30,"5,360",
114/01/15,"14,380,615","464,716,177",31.80,32.80,31.70,32.05,+0.35,"8,231",
114/01/16,"9,228,700","301,561,037",32.15,32.95,32.00,32.80,+0.75,"5,443",
114/01/17,"15,713,594","513,967,373",32.60,33.50,32.15,32.50,-0.30,"8,678",
114/01/20,"7,330,556","241,287,859",32.90,33.35,32.40,33.25,+0.75,"4,391",
114/01/21,"25,023,617","857,041,227",32.95,35.05,32.95,33.90,+0.65,"12,595",
114/01/22,"12,076,472","411,909,952",34.40,34.70,33.80,34.05,+0.15,"8,112",
114/02/03,"56,846,292","2,070,269,293",34.50,37.40,34.40,37.15,+3.10,"25,683",
114/02/04,"72,823,034","2,765,559,950",36.20,39.00,35.90,38.45,+1.30,"33,843",
114/02/05,"35,633,148","1,359,095,043",38.50,38.80,37.75,38.10,-0.35,"18,206",
114/02/06,"23,904,943","907,664,154",38.00,38.45,37.10,38.25,+0.15,"14,238",
114/02/07,"20,618,741","787,903,710",38.25,38.60,37.75,38.10,-0.15,"14,025",
114/02/10,"82,215,701","3,406,460,058",40.20,41.90,40.20,41.90,+3.80,"33,029",
114/02/11,"190,412,608","8,406,730,856",42.55,45.80,42.25,43.50,+1.60,"91,333",
114/02/12,"92,408,742","4,001,134,502",44.40,44.80,41.85,42.00,-1.50,"50,317",
114/02/13,"100,404,876","4,393,849,593",42.80,44.90,42.20,44.10,+2.10,"49,061",
114/02/14,"61,910,028","2,720,639,470",43.50,44.80,43.35,43.50,-0.60,"34,765",
114/02/17,"25,502,255","1,096,863,124",43.70,43.95,42.65,43.10,-0.40,"19,662",
114/02/18,"21,188,627","909,684,559",42.80,43.80,42.40,42.75,-0.35,"15,841",
114/02/19,"37,561,610","1,646,350,418",43.20,44.70,42.75,44.20,+1.45,"20,619",
114/02/20,"89,454,981","4,017,467,982",45.55,47.00,43.00,43.25,-0.95,"51,264",
114/02/21,"23,257,190","1,013,874,286",43.25,44.20,42.80,44.20,+0.95,"13,298",
114/02/24,"25,714,029","1,146,823,237",44.35,45.20,44.10,44.50,+0.30,"14,713",
114/02/25,"160,349,400","7,556,591,328",44.70,48.70,44.45,48.25,+3.75,"75,441",
114/02/26,"97,130,000","4,671,934,346",48.80,49.25,47.15,47.40,-0.85,"67,563",
114/02/27,"79,313,642","3,849,109,907",47.25,49.40,46.70,48.85,+1.45,"39,536",
114/03/03,"55,042,780","2,645,315,783",48.00,49.20,46.60,48.60,-0.25,"29,391",
114/03/04,"34,461,064","1,641,978,976",48.05,48.50,47.05,47.75,-0.85,"20,955",
114/03/05,"64,566,241","3,163,678,462",48.05,49.70,47.35,49.50,+1.75,"31,496",
114/03/06,"75,847,593","3,799,391,460",49.25,50.90,49.00,50.70,+1.20,"41,345",
114/03/07,"90,214,334","4,643,594,356",50.70,52.20,50.50,50.70, 0.00,"45,301",
114/03/10,"44,808,955","2,239,881,473",51.00,51.20,49.35,49.75,-0.95,"27,211",
114/03/11,"35,801,176","1,752,343,237",49.10,49.50,48.35,49.00,-0.75,"19,462",
114/03/12,"69,144,287","3,350,155,877",49.90,50.80,47.30,48.25,-0.75,"45,805",
114/03/13,"44,068,704","2,170,202,156",48.35,49.85,48.00,49.50,+1.25,"21,562",
114/03/14,"67,561,329","3,446,348,986",49.65,51.80,49.60,51.10,+1.60,"33,480",
114/03/17,"27,512,465","1,395,661,356",51.40,51.70,50.10,50.50,-0.60,"13,047",
114/03/18,"32,532,530","1,653,231,952",50.70,51.50,49.75,51.50,+1.00,"16,127",
114/03/19,"45,025,738","2,356,762,500",51.40,53.00,51.30,52.30,+0.80,"23,717",
114/03/20,"29,551,488","1,552,288,279",52.50,53.00,51.80,53.00,+0.70,"12,172",
114/03/21,"50,142,478","2,566,688,579",52.90,52.90,50.40,50.80,-2.20,"29,155",
114/03/24,"21,046,313","1,082,213,590",50.90,52.00,50.40,51.30,+0.50,"11,207",
114/03/25,"42,527,661","2,111,581,454",51.20,51.20,48.85,49.30,-2.00,"33,521",
114/03/26,"35,320,000","1,753,549,302",49.85,50.40,48.25,50.00,+0.70,"18,868",
114/03/27,"38,398,642","1,959,308,078",50.00,51.70,49.65,51.00,+1.00,"17,652",
114/03/28,"21,124,171","1,072,093,145",50.80,51.40,50.10,50.90,-0.10,"9,912",
114/03/31,"26,928,518","1,330,939,229",49.70,50.70,48.90,49.25,-1.65,"13,020",
114/04/01,"23,618,094","1,180,598,909",49.75,51.00,49.20,50.00,+0.75,"11,329",
114/04/02,"16,180,160","798,962,862",50.40,50.40,48.65,49.60,-0.40,"8,132",
114/04/07,"2,374,218","106,008,634",44.65,44.65,44.65,44.65,-4.95,"1,594",
114/04/08,"38,469,243","1,733,482,107",42.55,46.15,42.55,45.70,+1.05,"22,777",
114/04/09,"47,176,834","2,145,522,007",46.15,48.00,43.00,43.00,-2.70,"31,154",
114/04/10,"14,157,605","669,115,211",47.25,47.30,46.85,47.30,+4.30,"5,930",
114/04/11,"35,402,636","1,601,854,070",46.50,47.15,44.00,44.60,-2.70,"20,536",
114/04/14,"22,851,095","1,065,959,693",45.15,47.40,45.15,46.70,+2.10,"13,543",
114/04/15,"22,295,253","1,046,837,617",47.90,47.95,46.25,46.80,+0.10,"22,385",
114/04/16,"14,425,012","669,496,032",46.35,47.30,45.50,45.50,-1.30,"9,953",
114/04/17,"12,467,342","566,229,698",45.80,46.15,44.70,45.15,-0.35,"8,510",
114/04/18,"12,663,072","565,531,093",45.30,45.35,44.30,44.50,-0.65,"7,487",
114/04/21,"35,559,462","1,471,283,175",44.50,44.50,40.15,40.25,-4.25,"20,657",
114/04/22,"22,566,644","916,397,483",40.35,41.30,39.80,40.45,+0.20,"12,355",
114/04/23,"19,121,876","806,191,472",41.45,42.90,41.25,42.25,+1.80,"10,334",
114/04/24,"14,920,684","643,067,147",42.70,43.65,42.35,43.10,+0.85,"8,891",
114/04/25,"12,010,265","516,505,654",43.95,43.95,42.70,42.80,-0.30,"8,346",
114/04/28,"16,717,088","696,650,817",42.35,42.80,41.30,41.45,-1.35,"14,196",
114/04/29,"13,162,930","558,280,127",41.70,42.90,41.60,42.90,+1.45,"6,387",
114/04/30,"14,383,681","604,028,786",43.00,43.00,41.65,41.85,-1.05,"10,627",
114/05/02,"12,406,148","531,723,686",42.25,43.15,42.05,43.15,+1.30,"6,363",
114/05/05,"27,443,353","1,107,929,732",43.05,43.05,39.25,40.05,-3.10,"16,126",
114/05/06,"31,954,299","1,285,489,446",40.50,41.50,39.85,39.95,-0.10,"14,895",
114/05/07,"31,244,982","1,232,198,199",40.20,40.20,38.70,39.45,-0.50,"16,346",
114/05/08,"13,519,344","536,527,045",39.70,40.10,39.20,40.10,+0.65,"6,318",
114/05/09,"31,774,879","1,236,813,058",40.00,40.00,38.50,38.95,-1.15,"15,231",
114/05/12,"17,781,948","695,906,132",39.00,39.55,38.70,39.35,+0.40,"9,255",
114/05/13,"43,811,631","1,687,588,329",39.95,40.00,38.10,38.40,-0.95,"19,841",
114/05/14,"30,457,281","1,165,466,324",38.60,38.95,37.95,38.40, 0.00,"14,101",
114/05/15,"24,978,842","944,235,225",38.50,38.50,37.50,37.55,-0.85,"12,885",
114/05/16,"18,734,055","704,756,509",37.65,37.90,37.25,37.55, 0.00,"7,832",
114/05/19,"14,703,477","548,092,703",37.75,37.90,36.80,36.80,-0.75,"8,611",
114/05/20,"10,366,089","386,761,349",37.00,37.65,36.85,37.50,+0.70,"5,677",
114/05/21,"10,165,183","380,205,510",37.60,37.70,37.10,37.55,+0.05,"5,705",
114/05/22,"14,478,529","531,714,934",37.40,37.40,36.50,36.50,-1.05,"7,660",
114/05/23,"6,892,793","253,094,500",36.65,37.00,36.55,36.70,+0.20,"3,713",
114/05/26,"16,649,091","618,565,443",37.00,37.70,36.80,36.85,+0.15,"8,307",
114/05/27,"10,578,071","386,778,326",36.95,37.15,36.15,36.25,-0.60,"5,334",
114/05/28,"11,067,011","399,839,043",36.50,36.70,35.85,36.00,-0.25,"5,648",
114/05/29,"16,056,891","570,994,617",36.35,36.35,35.30,35.55,-0.45,"6,872",
114/06/02,"68,707,818","2,613,286,890",39.00,39.00,37.20,37.70,+2.15,"28,754",
114/06/03,"43,401,359","1,566,685,878",37.50,37.50,35.50,35.50,-2.20,"21,334",
114/06/04,"22,159,920","794,718,716",35.90,36.30,35.50,35.50, 0.00,"7,568",
114/06/05,"35,123,683","1,267,065,476",35.90,37.05,35.45,35.70,+0.20,"13,787",
114/06/06,"11,730,164","419,397,463",35.80,36.10,35.25,35.75,+0.05,"6,103",
114/06/09,"11,196,000","399,547,814",35.90,36.20,35.45,35.50,-0.25,"5,683",
114/06/10,"9,643,786","342,442,923",35.55,35.75,35.40,35.40,-0.10,"5,435",
114/06/11,"25,210,148","876,981,709",35.45,35.45,34.55,34.95,-0.45,"9,931",
114/06/12,"16,354,814","578,233,179",35.05,35.80,34.85,35.35,+0.40,"7,510",
114/06/13,"11,853,438","413,041,317",35.20,35.25,34.60,34.60,-0.75,"6,042",
114/06/16,"5,666,217","195,908,949",34.65,34.85,34.05,34.85,+0.25,"3,442",
114/06/17,"14,462,659","497,255,312",34.80,34.80,34.20,34.30,-0.55,"7,059",
114/06/18,"7,510,397","258,633,763",34.45,34.70,34.25,34.40,+0.10,"4,362",
114/06/19,"8,944,704","304,889,776",34.40,34.60,33.75,34.05,-0.35,"4,887",
114/06/20,"16,150,027","540,460,079",33.90,33.90,33.30,33.30,-0.75,"5,273",
114/06/23,"10,203,222","341,627,159",33.15,33.80,32.95,33.60,+0.30,"4,177",
114/06/24,"13,714,589","472,722,442",33.80,34.80,33.80,34.50,+0.90,"5,543",
114/06/25,"8,025,380","275,548,807",34.70,34.80,34.15,34.25,-0.25,"3,028",
114/06/26,"9,744,619","337,842,929",34.50,34.90,34.35,34.60,+0.35,"3,902",
114/06/27,"7,821,447","274,082,755",34.85,35.20,34.80,35.15,+0.55,"4,006",
114/06/30,"8,381,925","290,390,886",35.25,35.25,34.35,34.65,-0.50,"3,668",
114/07/01,"7,296,466","251,788,245",34.65,35.00,34.30,34.40,-0.25,"4,171",
114/07/02,"3,084,196","107,015,300",34.55,34.80,34.55,34.75,+0.35,"1,809",
114/07/03,"11,814,780","418,583,146",34.90,35.70,34.90,35.55,+0.80,"5,857",
114/07/04,"8,724,378","304,486,216",35.65,35.70,34.60,34.80,-0.75,"4,420",
114/07/07,"6,178,218","210,282,547",34.70,34.70,33.70,33.95,-0.85,"3,696",
114/07/08,"6,494,757","219,187,474",33.90,34.05,33.20,34.00,+0.05,"3,275",
114/07/09,"11,895,277","399,058,899",34.10,34.10,33.35,33.35,-0.65,"5,606",
114/07/10,"12,404,143","415,125,992",33.30,33.70,33.00,33.40,+0.05,"4,748",
114/07/11,"8,430,361","277,175,640",32.80,33.10,32.60,32.85,X0.00,"4,397",
114/07/14,"5,711,154","188,243,557",32.95,33.30,32.60,32.85, 0.00,"2,856",
114/07/15,"11,233,399","377,317,723",32.85,33.85,32.80,33.85,+1.00,"5,300",
114/07/16,"10,621,367","361,690,783",33.70,34.35,33.70,34.05,+0.20,"5,615",
114/07/17,"20,400,428","712,626,669",34.15,35.50,34.15,34.80,+0.75,"10,317",
114/07/18,"10,076,849","347,397,278",35.20,35.20,34.15,34.25,-0.55,"5,711",
114/07/21,"5,900,264","204,201,375",34.45,34.80,34.40,34.55,+0.30,"3,350",
114/07/22,"65,949,163","2,386,824,353",34.90,37.20,34.80,35.65,+1.10,"26,606",
114/07/23,"35,279,386","1,279,321,203",36.20,36.75,35.85,36.15,+0.50,"16,102",
114/07/24,"19,351,671","689,141,490",36.40,36.50,35.30,35.65,-0.50,"8,992",
114/07/25,"96,835,060","3,621,456,178",36.20,38.25,35.85,37.25,+1.60,"36,591",
114/07/28,"100,788,730","3,797,095,692",38.90,39.15,36.40,37.80,+0.55,"39,413",
114/07/29,"153,323,129","6,051,948,449",37.95,40.25,37.70,39.60,+1.80,"56,031",
114/07/30,"88,012,954","3,492,501,972",39.85,40.50,38.85,40.45,+0.85,"42,125",
114/07/31,"81,646,714","3,209,553,564",40.75,40.75,38.50,39.30,-1.15,"35,044",
114/08/01,"65,146,024","2,535,868,838",39.00,39.70,38.00,38.90,-0.40,"29,347",
114/08/04,"57,700,882","2,269,668,724",38.90,39.95,38.30,39.30,+0.40,"23,555",
114/08/05,"32,112,717","1,257,166,934",39.30,39.55,38.65,39.10,-0.20,"16,369",
114/08/06,"33,481,422","1,329,032,558",39.10,40.10,38.90,39.95,+0.85,"15,814",
114/08/07,"29,347,849","1,158,245,240",40.10,40.15,39.15,39.25,-0.70,"14,641",
114/08/08,"96,655,380","4,004,418,883",39.55,42.60,39.45,42.30,+3.05,"39,104",
114/08/11,"78,129,173","3,324,169,057",43.00,43.45,41.90,41.90,-0.40,"49,630",
114/08/12,"37,808,359","1,574,347,001",41.55,42.20,41.05,41.55,-0.35,"19,710",
114/08/13,"62,269,482","2,502,396,603",42.20,42.20,39.00,39.45,-2.10,"31,780",
114/08/14,"47,287,951","1,899,293,493",39.80,41.20,39.55,39.55,+0.10,"19,276",
114/08/15,"22,368,444","893,798,422",39.90,40.35,39.30,40.30,+0.75,"11,308",
114/08/18,"46,972,121","1,944,912,958",41.55,42.15,40.75,41.30,+1.00,"20,308",
114/08/19,"29,271,460","1,199,872,593",41.20,41.40,40.35,41.00,-0.30,"13,480",
114/08/20,"23,478,377","952,864,411",40.85,41.25,39.90,40.45,-0.55,"13,525",
114/08/21,"19,825,661","810,621,750",40.85,41.40,40.60,40.60,+0.15,"10,077",
114/08/22,"18,160,269","731,333,695",40.50,40.75,39.85,40.25,-0.35,"9,962",
114/08/25,"17,970,312","736,331,982",40.90,41.30,40.65,40.95,+0.70,"8,137",
114/08/26,"27,191,529","1,110,565,873",40.90,41.65,40.35,40.45,-0.50,"13,452",
114/08/27,"35,108,021","1,406,196,397",40.85,41.25,39.25,39.40,-1.05,"18,527",
114/08/28,"32,242,066","1,254,247,774",39.20,39.45,38.60,38.60,-0.80,"14,821",
114/08/29,"19,744,366","764,311,863",39.20,39.30,38.20,38.90,+0.30,"9,358",
114/09/01,"18,928,034","723,666,995",39.00,39.20,37.80,37.95,-0.95,"9,771",
114/09/02,"8,853,206","337,013,020",38.20,38.35,37.80,38.15,+0.20,"5,080",
114/09/03,"29,441,723","1,105,220,826",38.20,38.40,37.25,37.60,-0.55,"14,141",
114/09/04,"29,367,907","1,123,826,843",37.80,39.10,37.45,38.25,+0.65,"17,866",
114/09/05,"26,111,355","982,063,765",38.45,38.60,37.25,37.50,-0.75,"22,844",
114/09/08,"23,590,019","903,968,555",37.65,38.80,37.60,38.80,+1.30,"11,956",
114/09/09,"16,173,892","630,217,587",39.25,39.30,38.45,39.15,+0.35,"8,169",
114/09/10,"114,764,656","4,700,224,302",39.05,43.00,38.45,39.25,+0.10,"58,381",
114/09/11,"36,621,213","1,415,008,616",39.50,39.65,38.10,38.10,-1.15,"23,883",
114/09/12,"21,915,792","851,693,651",39.00,39.50,38.55,38.80,+0.70,"10,485",
114/09/15,"13,203,505","504,324,585",38.80,38.80,37.90,38.05,-0.75,"7,656",
114/09/16,"9,346,481","355,408,799",38.10,38.30,37.85,38.15,+0.10,"4,487",
114/09/17,"13,267,506","502,581,783",38.25,38.30,37.60,37.60,-0.55,"7,800",
114/09/18,"19,951,602","770,414,638",38.00,39.15,38.00,38.20,+0.60,"9,678",
114/09/19,"10,916,826","417,735,920",38.40,38.65,38.05,38.30,+0.10,"5,819",
114/09/22,"10,272,198","390,474,156",38.20,38.25,37.80,38.20,-0.10,"7,282",
114/09/23,"16,340,048","624,175,537",38.30,38.65,37.90,37.90,-0.30,"7,084",
114/09/24,"17,040,044","644,236,507",38.00,38.25,37.60,37.85,-0.05,"8,128",
114/09/25,"41,136,563","1,608,559,336",38.15,39.70,38.15,39.00,+1.15,"18,873",
114/09/26,"16,201,539","622,969,514",38.80,39.20,38.15,38.30,-0.70,"11,335",
114/09/30,"10,220,693","394,015,209",38.60,38.90,38.35,38.50,+0.20,"5,023",
114/10/01,"7,609,278","291,800,129",38.60,38.70,38.20,38.20,-0.30,"4,737",
114/10/02,"16,596,492","627,198,082",38.45,38.45,37.65,37.70,-0.50,"8,895",
114/10/03,"13,058,841","487,602,415",37.80,37.80,37.20,37.20,-0.50,"7,249",
114/10/07,"16,948,002","638,759,884",37.20,38.30,36.60,38.10,+0.90,"8,416",
114/10/08,"20,137,050","780,672,917",38.55,39.00,38.30,38.95,+0.85,"10,708",
114/10/09,"17,282,834","671,315,878",39.30,39.35,38.60,38.60,-0.35,"9,085",
114/10/13,"9,680,520","371,385,472",37.65,38.95,37.50,38.80,+0.20,"6,423",
114/10/14,"35,106,132","1,384,251,798",39.00,40.30,38.75,39.60,+0.80,"17,018",
114/10/15,"26,246,564","1,017,039,339",39.50,39.90,38.20,38.40,-1.20,"25,861",
114/10/16,"8,410,845","325,598,330",38.60,38.85,38.50,38.70,+0.30,"4,882",
114/10/17,"9,670,866","377,051,025",38.90,39.50,38.70,38.70, 0.00,"5,165",
114/10/20,"7,858,756","301,661,886",38.90,38.90,38.10,38.40,-0.30,"7,044",
114/10/21,"14,568,168","560,411,518",38.95,39.15,38.15,38.15,-0.25,"10,102",
114/10/22,"11,290,400","428,441,751",38.10,38.40,37.75,37.90,-0.25,"6,032",
114/10/23,"5,672,229","215,310,848",37.95,38.20,37.85,37.85,-0.05,"3,251",
114/10/27,"11,397,943","428,996,189",38.00,38.45,37.30,37.70,-0.15,"6,800",
114/10/28,"7,602,461","285,513,839",37.95,38.10,37.40,37.40,-0.30,"4,410",
114/10/29,"17,141,916","634,280,377",37.60,37.70,36.85,36.85,-0.55,"8,405",
114/10/30,"9,005,771","332,543,907",36.80,37.25,36.60,36.95,+0.10,"3,961",
114/10/31,"8,537,735","315,057,058",37.45,37.60,36.65,36.70,-0.25,"5,294",
114/11/03,"7,466,683","274,509,554",36.70,37.15,36.40,36.80,+0.10,"3,510",
114/11/04,"11,312,164","411,880,938",37.10,37.35,36.00,36.00,-0.80,"6,790",
114/11/05,"5,093,837","183,273,557",35.90,36.20,35.55,36.10,+0.10,"2,865",
114/11/06,"5,565,030","201,633,390",36.25,36.60,35.95,36.55,+0.45,"3,498",
114/11/07,"6,232,572","229,118,007",36.40,37.10,36.20,36.55, 0.00,"4,373",
114/11/10,"7,865,494","291,698,935",36.90,37.30,36.80,37.20,+0.65,"5,052",
114/11/11,"7,047,217","260,647,755",37.20,37.40,36.70,36.85,-0.35,"5,310",
114/11/12,"15,495,343","580,656,547",36.90,38.10,36.75,37.60,+0.75,"7,559",
114/11/13,"14,646,902","554,491,082",38.00,38.25,37.55,37.70,+0.10,"6,940",
114/11/14,"33,124,308","1,281,199,485",37.50,39.05,37.15,38.60,+0.90,"14,866",
114/11/17,"21,514,738","823,622,518",39.00,39.30,37.85,38.00,-0.60,"22,143",
114/11/18,"13,740,569","511,833,478",37.60,37.90,36.80,36.90,-1.10,"9,789",
114/11/19,"31,194,846","1,109,745,767",36.80,36.90,35.00,35.05,-1.85,"15,475",
114/11/20,"9,553,664","340,592,259",35.70,35.85,35.35,35.70,+0.65,"4,506",
114/11/21,"11,715,355","418,443,319",35.15,36.50,35.15,35.60,-0.10,"6,531",
114/11/24,"8,317,732","300,374,611",35.85,36.35,35.75,36.20,+0.60,"4,832",
114/11/25,"10,715,808","396,972,349",36.80,37.35,36.65,37.20,+1.00,"6,151",
114/11/26,"24,787,216","948,983,287",37.50,38.75,37.50,38.45,+1.25,"11,184",
114/11/27,"10,038,106","383,192,387",38.20,38.50,37.70,38.20,-0.25,"5,251",
114/11/28,"25,637,968","955,972,477",38.30,38.30,36.95,37.10,-1.10,"15,240",
114/12/01,"27,780,579","1,061,872,430",37.15,38.50,37.15,38.40,+1.30,"11,025",
114/12/02,"13,610,351","524,651,991",38.35,38.80,38.20,38.45,+0.05,"7,055",
114/12/03,"11,745,260","451,813,903",38.50,38.70,38.05,38.55,+0.10,"6,158",
114/12/04,"11,276,406","437,629,847",38.80,39.15,38.50,38.85,+0.30,"5,655",
114/12/05,"8,933,229","344,662,823",39.00,39.00,38.30,38.70,-0.15,"5,355",
114/12/08,"9,466,600","362,441,981",38.70,38.85,38.05,38.05,-0.65,"7,501",
114/12/09,"15,130,208","562,167,471",37.40,37.55,36.70,37.05,-1.00,"11,205",
114/12/10,"12,324,256","452,730,978",37.20,37.20,36.45,36.55,-0.50,"9,378",
114/12/11,"8,447,446","311,818,797",36.75,37.25,36.70,36.85,+0.30,"4,355",
114/12/12,"11,068,989","412,199,540",37.10,37.50,36.85,37.15,+0.30,"4,508",
114/12/15,"15,926,295","600,247,818",36.90,38.50,36.80,37.50,+0.35,"7,518",
114/12/16,"22,718,203","845,834,238",37.90,38.20,36.85,36.90,-0.60,"8,826",
114/12/17,"33,375,789","1,221,171,191",37.20,37.35,36.15,36.15,-0.75,"14,041",
114/12/18,"23,937,228","864,015,092",36.15,36.50,35.80,35.80,-0.35,"9,077",
114/12/19,"31,375,281","1,120,238,702",36.00,36.10,35.55,35.55,-0.25,"12,018",
114/12/22,"23,922,842","852,928,979",35.85,36.00,35.45,35.45,-0.10,"8,838",
114/12/23,"26,433,380","933,746,625",35.60,35.75,35.10,35.10,-0.35,"11,348",
114/12/24,"35,612,717","1,242,873,510",35.25,35.25,34.70,34.80,-0.30,"13,771",
114/12/26,"29,005,837","1,027,995,519",34.90,35.75,34.80,35.35,+0.55,"9,946",
114/12/29,"21,503,356","770,946,271",35.70,36.30,35.50,35.55,+0.20,"8,994",
114/12/30,"20,617,495","733,847,493",35.55,35.90,35.25,35.75,+0.20,"7,261",
114/12/31,"23,667,482","842,732,570",36.15,36.35,35.30,35.60,-0.15,"8,252",
115/01/02,"17,323,816","617,812,227",35.60,35.95,35.40,35.85,+0.25,"6,122",
115/01/05,"20,323,692","719,285,613",35.90,35.90,35.00,35.00,-0.85,"9,127",
115/01/06,"10,943,380","383,633,912",35.10,35.30,34.90,35.05,+0.05,"5,399",
115/01/07,"55,501,691","2,037,946,607",35.30,37.55,35.30,37.50,+2.45,"22,440",
115/01/08,"32,625,499","1,187,331,606",37.50,37.60,35.70,35.80,-1.70,"17,333",
115/01/09,"14,843,458","528,229,023",36.15,36.25,35.30,35.65,-0.15,"6,941",
115/01/12,"20,258,101","737,955,921",35.90,36.85,35.65,36.45,+0.80,"7,968",
115/01/13,"10,319,768","376,283,250",36.80,36.85,36.15,36.70,+0.25,"6,118",
115/01/14,"9,159,785","335,272,003",36.70,36.70,36.40,36.65,-0.05,"4,489",
115/01/15,"20,341,586","753,510,700",37.00,37.40,36.70,37.05,+0.40,"7,646",
115/01/16,"16,969,434","620,525,940",37.20,37.20,36.40,36.50,-0.55,"8,124",
115/01/19,"15,269,931","562,832,697",37.00,37.10,36.65,36.75,+0.25,"5,923",
115/01/20,"19,945,181","723,065,742",36.85,36.85,36.00,36.15,-0.60,"9,059",
115/01/21,"13,468,257","482,221,554",36.05,36.05,35.65,35.75,-0.40,"6,619",
115/01/22,"7,411,395","265,358,428",36.05,36.10,35.70,35.85,+0.10,"4,053",
115/01/23,"11,823,558","428,511,302",36.00,36.45,35.95,36.30,+0.45,"5,273",
115/01/26,"39,571,593","1,470,685,370",36.45,37.60,36.45,37.50,+1.20,"15,296",
115/01/27,"29,473,920","1,119,353,968",38.05,38.50,37.55,37.85,+0.35,"13,316",
115/01/28,"42,260,282","1,626,711,549",38.10,39.10,37.55,38.70,+0.85,"17,128",
115/01/29,"104,510,137","4,205,235,623",39.00,41.10,39.00,40.20,+1.50,"46,253",
115/01/30,"58,775,640","2,344,669,780",40.05,41.00,39.25,39.30,-0.90,"27,248",
115/02/02,"40,377,627","1,584,221,813",38.70,40.45,38.45,38.50,-0.80,"17,175",
115/02/03,"30,450,531","1,163,948,869",38.50,38.80,37.80,38.15,-0.35,"11,832",
115/02/04,"15,948,599","616,189,314",38.30,39.10,37.70,38.90,+0.75,"6,602",
115/02/05,"20,025,841","762,584,426",38.90,39.10,37.55,37.60,-1.30,"9,746",
115/02/06,"16,874,609","620,248,517",37.30,37.30,36.35,37.00,-0.60,"8,617",
115/02/09,"14,216,729","535,767,146",37.85,38.15,37.30,37.70,+0.70,"5,919",
115/02/10,"11,711,713","436,098,490",37.90,37.95,37.00,37.00,-0.70,"6,415",
115/02/11,"8,730,783","325,600,603",37.30,37.50,37.05,37.35,+0.35,"4,537",
115/02/23,"16,475,668","609,515,708",37.60,37.60,36.45,37.05,-0.30,"7,208",
115/02/24,"10,563,153","392,242,013",37.30,37.45,36.90,37.20,+0.15,"4,584",
115/02/25,"15,265,396","568,996,788",37.20,37.55,36.90,37.50,+0.30,"6,033",
115/02/26,"17,638,521","655,342,058",37.50,37.75,37.00,37.05,-0.45,"6,838",
115/03/02,"13,058,388","480,458,008",37.05,37.10,36.65,36.85,-0.20,"5,801",
115/03/03,"14,021,737","514,123,399",36.90,37.10,36.40,36.65,-0.20,"5,546",
115/03/04,"25,658,950","926,435,504",36.45,36.80,35.70,36.15,-0.50,"8,531",
115/03/05,"14,959,335","544,069,296",36.75,36.95,36.00,36.35,+0.20,"6,772",
115/03/06,"29,093,415","1,085,508,533",36.35,37.70,36.25,37.70,+1.35,"12,716",
115/03/09,"26,928,256","975,749,091",36.20,36.90,35.75,36.90,-0.80,"11,552",
115/03/10,"16,517,572","605,969,571",37.40,37.40,36.35,36.45,-0.45,"7,538",
115/03/11,"12,961,408","478,540,426",36.55,37.20,36.40,37.15,+0.70,"5,654",
115/03/12,"12,199,863","450,529,597",36.95,37.35,36.70,36.85,-0.30,"5,944",
115/03/13,"8,857,151","323,869,696",36.60,36.85,36.30,36.55,-0.30,"4,242",
115/03/16,"10,349,718","377,067,569",36.70,36.80,36.30,36.40,-0.15,"5,004",
115/03/17,"15,205,193","564,877,496",36.70,37.50,36.50,37.40,+1.00,"6,954",
115/03/18,"28,329,325","1,083,870,163",37.80,38.80,37.65,37.90,+0.50,"12,857",
115/03/19,"20,390,431","766,131,256",37.90,38.20,37.30,37.50,-0.40,"10,719",
115/03/20,"40,195,930","1,531,342,007",37.10,38.90,36.95,37.50, 0.00,"15,780",
115/03/23,"24,717,963","914,930,043",37.50,37.85,36.55,36.60,-0.90,"10,798",
115/03/24,"9,301,732","342,565,369",37.00,37.15,36.35,36.70,+0.10,"4,630",
115/03/25,"7,728,222","285,333,403",37.25,37.30,36.65,36.95,+0.25,"4,271",
115/03/26,"9,654,521","355,816,124",37.05,37.30,36.60,36.60,-0.35,"4,946",
115/03/27,"14,324,824","520,023,305",36.50,36.85,36.10,36.60, 0.00,"6,540",
115/03/30,"99,697,985","3,776,845,098",40.00,40.20,36.65,36.80,+0.20,"40,872",
115/03/31,"71,501,590","2,671,192,685",37.15,38.60,36.55,36.85,+0.05,"27,640",
115/04/01,"27,675,434","1,020,185,208",37.25,37.25,36.60,36.95,+0.10,"12,863",
115/04/02,"61,239,163","2,324,667,769",37.30,38.75,37.05,38.40,+1.45,"24,937",
115/04/07,"40,603,882","1,557,096,095",38.40,39.20,37.65,38.10,-0.30,"16,554",
115/04/08,"29,534,925","1,125,982,207",38.00,38.50,37.70,38.50,+0.40,"11,860",
115/04/09,"24,341,595","938,361,921",38.80,39.00,38.25,38.50, 0.00,"10,409",
115/04/10,"35,310,832","1,357,247,169",38.70,39.30,37.60,37.75,-0.75,"14,995",
115/04/13,"16,498,657","631,038,576",38.10,38.65,37.90,38.30,+0.55,"6,970",
115/04/14,"25,492,065","978,491,387",38.50,38.80,38.10,38.45,+0.15,"8,614",
115/04/15,"30,848,824","1,164,128,947",38.40,38.45,37.30,37.45,-1.00,"14,749",
115/04/16,"14,305,515","534,580,611",37.65,37.65,37.20,37.30,-0.15,"6,806",
115/04/17,"11,212,042","420,262,606",37.45,37.60,37.30,37.60,+0.30,"4,496",
115/04/20,"21,077,275","783,080,284",37.85,37.85,36.90,36.95,-0.65,"9,143",
115/04/21,"11,820,898","436,963,576",37.05,37.20,36.75,36.95, 0.00,"5,053",
115/04/22,"18,278,612","672,254,871",37.00,37.05,36.55,36.80,-0.15,"7,669",
115/04/23,"29,867,538","1,082,761,899",36.85,36.90,35.90,36.25,-0.55,"12,146",
115/04/24,"13,789,358","497,456,068",36.25,36.40,35.90,36.35,+0.10,"5,502",
115/04/27,"13,790,287","498,544,766",36.35,36.50,35.90,36.40,+0.05,"5,056",
115/04/28,"37,461,372","1,412,788,493",36.60,38.35,36.60,38.05,+1.65,"14,386",
115/04/29,"37,919,445","1,455,663,440",38.10,38.90,37.65,38.45,+0.40,"14,354",
115/04/30,"20,009,399","763,009,415",38.55,38.70,37.60,37.70,-0.75,"11,515",
115/05/04,"10,445,323","394,827,987",38.15,38.15,37.60,37.70, 0.00,"5,467",
115/05/05,"10,405,987","392,925,888",37.85,38.10,37.45,37.75,+0.05,"5,915",
115/05/06,"31,091,906","1,192,732,076",38.05,38.75,37.75,38.45,+0.70,"12,303",
115/05/07,"30,542,417","1,186,398,582",38.55,39.20,38.25,39.10,+0.65,"11,707",
115/05/08,"33,348,864","1,308,708,830",39.10,39.80,38.65,39.60,+0.50,"12,942",
115/05/11,"30,077,425","1,204,211,149",40.00,40.45,39.50,39.95,+0.35,"12,221",
115/05/12,"23,834,355","945,615,187",40.20,40.25,39.40,39.70,-0.25,"9,916",
115/05/13,"40,973,530","1,562,366,729",39.05,39.05,37.60,38.10,-1.60,"19,541",
115/05/14,"57,508,095","2,292,360,737",38.25,40.50,38.10,39.80,+1.70,"21,202",
115/05/15,"47,747,482","1,923,045,785",40.05,41.20,39.75,39.85,+0.05,"18,930",
115/05/18,"37,468,752","1,499,151,163",39.50,41.00,39.25,39.40,-0.45,"21,699",
115/05/19,"25,955,528","1,038,708,368",39.50,40.35,39.35,40.00,+0.60,"11,018",
115/05/20,"46,970,650","1,935,687,407",40.30,41.95,40.25,41.15,+1.15,"21,116",
115/05/21,"34,914,027","1,456,926,035",41.35,42.45,40.85,42.35,+1.20,"15,104",
115/05/22,"24,351,187","1,026,317,894",42.50,42.90,41.75,41.95,-0.40,"12,471",
