日期,成交股數,成交金額,開盤價,最高價,最低價,收盤價,漲跌價差,成交筆數,註記
109/01/02,"3,211,367","138,665,816",43.50,43.55,42.95,43.20,-0.45,"2,044",
109/01/03,"5,025,504","213,905,795",43.20,43.20,42.20,42.45,-0.75,"2,897",
109/01/06,"2,970,761","124,944,262",42.40,42.40,41.90,42.00,-0.45,"1,779",
109/01/07,"3,259,757","139,520,122",42.00,43.05,42.00,43.00,+1.00,"2,208",
109/01/08,"1,546,905","66,369,272",43.00,43.25,42.70,42.75,-0.25,947,
109/01/09,"1,931,609","82,384,157",42.50,43.00,42.25,42.95,+0.20,"1,278",
109/01/10,"1,194,941","51,218,413",42.95,43.00,42.65,43.00,+0.05,835,
109/01/13,"2,151,094","93,352,685",43.50,43.65,43.05,43.25,+0.25,"1,326",
109/01/14,"1,190,694","51,360,139",43.25,43.30,43.05,43.05,-0.20,862,
109/01/15,"1,259,874","54,245,974",43.10,43.30,42.80,42.85,-0.20,970,
109/01/16,"1,214,157","51,849,553",42.80,42.90,42.50,42.90,+0.05,892,
109/01/17,"875,086","37,569,398",43.00,43.10,42.80,43.00,+0.10,638,
109/01/20,"1,692,952","72,259,770",43.15,43.15,42.50,42.60,-0.40,"1,174",
109/01/30,"4,849,249","196,770,555",40.80,41.15,40.00,40.40,-2.20,"2,711",
109/01/31,"2,110,083","86,691,850",40.40,41.50,40.35,41.30,+0.90,"1,331",
109/02/03,"2,616,942","106,010,982",40.05,41.10,39.90,41.05,-0.25,"1,512",
109/02/04,"1,277,729","52,613,929",41.00,41.35,41.00,41.05, 0.00,959,
109/02/05,"1,658,714","68,059,670",41.10,41.50,40.90,41.05, 0.00,876,
109/02/06,"1,791,121","73,718,289",41.10,41.40,41.00,41.30,+0.25,"1,198",
109/02/07,"3,218,845","131,161,378",41.30,41.40,40.45,40.50,-0.80,"1,844",
109/02/10,"1,890,595","76,149,451",40.10,40.50,40.05,40.25,-0.25,"1,223",
109/02/11,"2,764,454","111,405,511",40.25,40.70,40.15,40.50,+0.25,"1,619",
109/02/12,"1,740,899","70,443,913",40.75,40.80,40.20,40.65,+0.15,"1,419",
109/02/13,"1,240,071","50,481,868",40.60,40.95,40.50,40.70,+0.05,950,
109/02/14,"996,085","40,641,202",40.70,40.90,40.65,40.75,+0.05,635,
109/02/17,"976,254","39,975,408",40.70,41.15,40.70,40.95,+0.20,659,
109/02/18,"2,696,615","112,244,711",40.95,42.40,40.95,41.45,+0.50,"1,657",
109/02/19,"1,485,236","61,464,755",41.45,41.65,41.10,41.45, 0.00,992,
109/02/20,"2,062,599","85,718,484",41.60,41.80,41.30,41.30,-0.15,798,
109/02/21,"1,961,340","80,777,540",41.40,41.45,40.90,40.95,-0.35,976,
109/02/24,"1,568,643","63,766,710",40.95,40.95,40.50,40.55,-0.40,"1,019",
109/02/25,"1,835,035","73,939,005",40.30,40.50,40.05,40.45,-0.10,"1,122",
109/02/26,"1,435,433","57,758,216",40.20,40.40,40.15,40.15,-0.30,862,
109/02/27,"1,207,216","48,561,883",40.25,40.35,40.10,40.30,+0.15,710,
109/03/02,"1,956,912","78,221,002",39.80,40.30,39.65,40.00,-0.30,"1,230",
109/03/03,"1,125,223","45,293,097",40.55,40.60,40.10,40.15,+0.15,851,
109/03/04,"1,281,472","51,230,680",40.15,40.15,39.90,40.00,-0.15,935,
109/03/05,"954,351","38,332,366",40.20,40.35,40.10,40.30,+0.30,698,
109/03/06,"1,289,398","51,639,496",40.30,40.30,40.00,40.05,-0.25,917,
109/03/09,"5,462,180","213,674,970",40.00,40.00,38.65,38.65,-1.40,"3,354",
109/03/10,"4,281,968","162,641,984",38.10,38.50,37.70,38.40,-0.25,"2,655",
109/03/11,"2,104,877","81,929,784",38.60,39.25,38.60,38.70,+0.30,"1,256",
109/03/12,"4,082,834","153,615,995",38.45,38.45,37.20,37.40,-1.30,"2,203",
109/03/13,"5,847,020","207,908,389",35.65,36.85,34.80,36.00,-1.40,"3,538",
109/03/16,"3,243,789","116,804,891",36.00,36.50,35.50,35.80,-0.20,"1,734",
109/03/17,"4,077,225","143,444,198",34.90,35.85,34.60,35.25,-0.55,"2,152",
109/03/18,"2,788,796","97,820,786",35.85,35.85,34.70,34.70,-0.55,"1,617",
109/03/19,"5,346,375","174,718,514",33.40,33.95,31.40,32.00,-2.70,"2,922",
109/03/20,"3,006,842","102,393,548",33.60,34.75,33.10,34.20,+2.20,"1,744",
109/03/23,"1,833,370","61,347,182",33.20,33.85,32.45,33.30,-0.90,"1,186",
109/03/24,"2,355,811","80,293,802",33.80,34.30,33.80,33.85,+0.55,"1,402",
109/03/25,"2,282,916","79,931,310",35.20,35.35,34.80,34.90,+1.05,"1,325",
109/03/26,"1,384,528","48,335,830",35.30,35.30,34.50,34.90, 0.00,873,
109/03/27,"2,319,437","81,694,955",35.30,35.40,35.10,35.10,+0.20,"1,043",
109/03/30,"3,746,842","135,796,674",34.75,37.35,34.30,36.50,+1.40,"2,272",
109/03/31,"4,987,188","186,821,530",37.25,38.15,36.80,36.95,+0.45,"3,076",
109/04/01,"3,857,664","143,678,571",37.00,37.85,36.70,36.95, 0.00,"2,251",
109/04/06,"2,519,462","93,043,026",37.15,37.20,36.55,37.05,+0.10,"1,354",
109/04/07,"3,023,924","112,382,301",37.45,37.55,36.95,37.05, 0.00,"1,868",
109/04/08,"2,486,780","92,536,980",37.10,37.45,37.00,37.15,+0.10,"1,254",
109/04/09,"1,905,792","71,384,069",37.40,37.60,37.30,37.50,+0.35,"1,053",
109/04/10,"1,962,446","73,942,190",37.60,37.95,37.50,37.80,+0.30,"1,193",
109/04/13,"1,873,977","70,606,768",37.85,37.90,37.35,37.65,-0.15,"1,225",
109/04/14,"3,049,048","116,567,689",37.60,38.50,37.60,38.45,+0.80,"1,546",
109/04/15,"4,357,017","171,635,738",38.60,39.75,38.60,39.70,+1.25,"2,238",
109/04/16,"2,608,594","102,612,229",39.30,39.50,39.00,39.40,-0.30,"1,536",
109/04/17,"3,624,985","142,102,265",39.50,39.70,38.80,38.80,-0.60,"2,027",
109/04/20,"2,393,139","94,118,151",38.90,39.60,38.90,39.45,+0.65,"1,477",
109/04/21,"2,199,951","85,625,389",39.60,39.60,38.55,38.65,-0.80,"1,337",
109/04/22,"1,477,395","56,618,760",38.40,38.70,37.95,38.55,-0.10,862,
109/04/23,"2,275,748","89,266,521",39.00,39.45,38.80,39.30,+0.75,"1,297",
109/04/24,"4,078,843","162,239,727",39.50,40.15,39.40,39.80,+0.50,"1,923",
109/04/27,"2,393,554","95,394,627",39.80,40.00,39.55,39.90,+0.10,"1,426",
109/04/28,"3,884,493","156,973,006",40.05,40.70,39.95,40.70,+0.80,"2,201",
109/04/29,"6,206,674","257,822,997",41.10,42.05,40.90,41.45,+0.75,"3,482",
109/04/30,"3,825,856","158,352,448",41.65,41.75,41.10,41.45, 0.00,"2,241",
109/05/04,"2,236,253","91,418,070",41.05,41.05,40.60,40.85,-0.60,"1,425",
109/05/05,"5,330,717","222,578,483",41.00,42.00,41.00,41.95,+1.10,"3,153",
109/05/06,"3,930,114","164,917,569",42.25,42.50,41.50,41.50,-0.45,"2,509",
109/05/07,"2,699,177","113,531,622",41.70,42.30,41.55,42.25,+0.75,"1,703",
109/05/08,"6,101,202","261,871,898",42.50,43.40,42.25,43.35,+1.10,"3,652",
109/05/11,"4,028,211","172,786,373",43.20,43.25,42.55,43.00,-0.35,"2,775",
109/05/12,"4,957,650","208,529,507",42.85,42.85,41.50,42.15,-0.85,"3,217",
109/05/13,"2,153,540","90,586,689",41.80,42.50,41.55,42.35,+0.20,"1,323",
109/05/14,"3,781,964","160,942,864",42.30,43.00,41.90,41.90,-0.45,"2,442",
109/05/15,"4,345,805","185,839,124",42.60,43.15,42.00,42.80,+0.90,"2,564",
109/05/18,"6,341,017","277,289,089",43.15,44.10,43.15,43.90,+1.10,"3,884",
109/05/19,"8,099,522","361,322,868",44.50,44.95,43.80,44.80,+0.90,"5,211",
109/05/20,"4,384,666","193,396,398",44.75,44.90,43.80,43.85,-0.95,"2,713",
109/05/21,"2,566,624","112,951,246",43.40,44.25,43.40,44.00,+0.15,"1,813",
109/05/22,"2,784,163","120,969,631",43.90,44.00,43.15,43.20,-0.80,"1,601",
109/05/25,"3,563,273","157,402,540",43.20,44.45,43.20,44.25,+1.05,"2,506",
109/05/26,"2,844,278","126,218,516",44.45,44.80,44.10,44.20,-0.05,"1,654",
109/05/27,"1,659,772","73,422,068",44.40,44.55,44.10,44.15,-0.05,988,
109/05/28,"2,094,126","91,985,480",44.15,44.50,43.75,43.75,-0.40,"1,207",
109/05/29,"2,427,317","105,302,144",43.55,44.00,43.00,43.00,-0.75,"1,163",
109/06/01,"2,147,514","93,806,236",43.30,43.95,43.30,43.70,+0.70,"1,396",
109/06/02,"882,483","38,620,066",44.00,44.00,43.50,43.80,+0.10,726,
109/06/03,"1,974,429","86,601,476",43.80,44.10,43.65,44.10,+0.30,"1,180",
109/06/04,"1,361,386","60,020,151",44.20,44.20,43.90,44.15,+0.05,894,
109/06/05,"2,535,804","111,926,431",44.15,44.35,43.90,44.20,+0.05,"1,319",
109/06/08,"3,661,872","160,105,963",44.45,44.45,43.30,43.80,-0.40,"2,391",
109/06/09,"2,434,363","105,986,030",43.80,43.90,43.35,43.55,-0.25,"1,270",
109/06/10,"2,387,386","103,854,519",43.20,43.65,43.20,43.55, 0.00,"1,114",
109/06/11,"3,363,579","144,894,986",43.35,43.55,42.55,42.55,-1.00,"1,792",
109/06/12,"2,578,505","108,569,892",41.20,42.50,41.20,42.25,-0.30,"1,543",
109/06/15,"1,810,827","77,977,689",42.50,43.45,42.50,42.70,+0.45,"1,174",
109/06/16,"1,635,524","70,429,527",43.20,43.50,42.70,43.10,+0.40,"1,004",
109/06/17,"2,788,494","121,410,576",43.80,44.30,43.10,43.10, 0.00,"2,028",
109/06/18,"3,181,603","139,356,506",43.85,44.10,43.45,43.80,+0.70,"1,906",
109/06/19,"2,926,285","126,945,788",43.90,43.90,43.10,43.10,-0.70,"1,531",
109/06/22,"1,322,662","57,088,808",43.30,43.45,43.00,43.05,-0.05,834,
109/06/23,"857,124","36,928,274",43.35,43.35,43.00,43.10,+0.05,526,
109/06/24,"1,254,868","53,999,048",43.20,43.30,42.90,43.05,-0.05,683,
109/06/29,"1,448,871","61,857,024",42.85,42.90,42.55,42.60,-0.45,896,
109/06/30,"988,956","42,256,256",42.80,42.90,42.65,42.65,+0.05,656,
109/07/01,"1,968,482","84,416,569",42.70,43.10,42.70,42.95,+0.30,"1,366",
109/07/02,"1,685,046","73,114,618",43.00,43.60,42.95,43.60,+0.65,"1,055",
109/07/03,"3,178,781","138,330,660",43.75,43.90,43.40,43.45,-0.15,"1,683",
109/07/06,"2,246,225","97,958,973",43.45,43.75,43.45,43.60,+0.15,"1,372",
109/07/07,"2,660,850","116,727,309",43.70,44.20,43.65,43.80,+0.20,"1,501",
109/07/08,"2,353,634","103,534,987",43.90,44.15,43.70,44.10,+0.30,"1,256",
109/07/09,"2,246,611","99,186,784",44.10,44.40,43.90,44.05,-0.05,"1,191",
109/07/10,"2,074,632","91,070,002",44.10,44.15,43.60,43.70,-0.35,"1,210",
109/07/13,"5,392,103","241,101,121",44.00,45.00,43.95,44.95,+1.25,"2,843",
109/07/14,"4,963,552","224,588,940",45.05,45.45,45.00,45.15,+0.20,"2,725",
109/07/15,"6,696,809","310,724,152",45.65,47.20,45.40,47.00,+1.85,"3,871",
109/07/16,"6,493,240","306,365,530",47.50,47.95,46.50,47.10,+0.10,"3,526",
109/07/17,"4,046,953","188,461,346",46.80,47.05,46.10,46.20,-0.90,"1,972",
109/07/20,"3,408,406","160,594,533",46.30,47.50,46.30,47.45,+1.25,"2,040",
109/07/21,"3,686,768","173,267,880",47.45,47.45,46.60,46.90,-0.55,"1,917",
109/07/22,"2,505,022","116,240,638",46.75,47.15,46.05,46.15,-0.75,"1,550",
109/07/23,"1,573,900","73,018,704",46.25,46.65,46.20,46.45,+0.30,855,
109/07/24,"2,624,112","120,741,618",46.45,46.60,45.55,45.90,-0.55,"1,312",
109/07/27,"2,429,017","110,683,351",45.55,45.85,45.45,45.60,-0.30,"1,197",
109/07/28,"3,230,595","147,005,915",45.50,46.35,44.95,45.10,-0.50,"1,566",
109/07/29,"1,300,546","59,328,161",45.10,45.90,45.05,45.30,+0.20,823,
109/07/30,"1,387,920","63,988,877",45.50,46.35,45.50,46.25,+0.95,804,
109/07/31,"1,583,964","72,978,667",46.00,46.50,45.75,46.10,-0.15,728,
109/08/03,"1,546,361","71,491,105",46.10,46.45,46.10,46.35,+0.25,953,
109/08/04,"1,237,520","57,439,007",46.60,46.60,46.20,46.25,-0.10,725,
109/08/05,"1,399,513","64,339,998",46.35,46.35,45.85,46.00,-0.25,811,
109/08/06,"1,571,694","72,237,093",46.35,46.40,45.75,45.85,-0.15,"1,003",
109/08/07,"1,919,999","88,026,579",46.05,46.20,45.65,45.65,-0.20,"1,355",
109/08/10,"2,963,392","138,281,795",46.00,47.00,46.00,47.00,+1.35,"1,986",
109/08/11,"2,251,338","104,653,700",46.85,46.85,46.20,46.25,-0.75,"1,521",
109/08/12,"1,918,076","88,509,182",46.30,46.55,45.85,46.15,-0.10,"1,290",
109/08/13,"2,690,487","125,886,439",46.50,47.15,46.40,46.85,+0.70,"1,724",
109/08/14,"2,785,864","131,021,818",46.80,47.25,46.40,47.15,+0.30,"1,602",
109/08/17,"5,933,692","287,925,304",47.35,49.15,47.35,48.90,+1.75,"3,016",
109/08/18,"4,195,687","205,207,800",49.00,49.50,48.30,48.95,+0.05,"2,437",
109/08/19,"4,356,910","215,454,428",49.45,49.70,48.85,49.60,+0.65,"2,350",
109/08/20,"6,703,516","322,834,218",49.65,49.65,47.00,47.90,-1.70,"4,087",
109/08/21,"3,294,861","161,258,797",48.10,49.30,48.10,48.85,+0.95,"2,107",
109/08/24,"2,203,437","107,712,370",48.80,49.25,48.65,48.75,-0.10,"1,317",
109/08/25,"4,711,794","230,115,973",48.75,49.00,48.70,48.90,+0.15,"1,286",
109/08/26,"4,984,423","244,102,284",49.20,49.25,48.80,48.90, 0.00,"2,155",
109/08/27,"8,239,171","404,690,436",49.00,49.45,48.90,48.95,+0.05,"2,969",
109/08/28,"8,960,781","418,128,077",46.65,46.75,46.20,46.45,X0.00,"2,982",
109/08/31,"6,817,558","309,129,852",46.45,46.45,44.20,45.25,-1.20,"3,571",
109/09/01,"4,348,581","194,572,516",45.45,45.85,44.25,44.45,-0.80,"2,413",
109/09/02,"2,775,406","123,940,047",44.45,44.85,44.30,44.50,+0.05,"1,561",
109/09/03,"7,524,278","328,383,218",44.60,44.60,43.20,43.50,-1.00,"4,972",
109/09/04,"3,727,406","162,430,517",42.80,43.90,42.65,43.60,+0.10,"2,408",
109/09/07,"2,643,680","114,984,191",43.60,43.80,43.10,43.50,-0.10,"1,782",
109/09/08,"2,444,922","107,567,563",43.60,44.20,43.35,44.20,+0.70,"1,331",
109/09/09,"2,719,697","118,637,618",44.00,44.00,43.50,43.55,-0.65,"1,642",
109/09/10,"1,204,168","52,559,930",43.70,43.80,43.30,43.70,+0.15,892,
109/09/11,"2,376,128","102,574,974",43.75,43.75,43.00,43.00,-0.70,"1,557",
109/09/14,"1,662,242","72,516,711",43.10,43.85,43.00,43.80,+0.80,956,
109/09/15,"1,524,373","66,747,000",44.00,44.15,43.55,43.60,-0.20,860,
109/09/16,"1,252,456","54,548,382",43.70,43.75,43.10,43.55,-0.05,869,
109/09/17,"1,666,193","73,165,503",43.85,44.00,43.70,43.90,+0.35,"1,205",
109/09/18,"1,887,400","82,905,538",43.90,44.10,43.60,43.80,-0.10,"1,280",
109/09/21,"1,540,623","67,778,453",43.90,44.15,43.80,43.90,+0.10,"1,069",
109/09/22,"1,704,576","74,378,187",43.90,44.00,43.30,43.50,-0.40,"1,006",
109/09/23,"2,047,327","88,065,611",43.50,43.50,42.80,42.85,-0.65,"1,274",
109/09/24,"3,886,978","162,742,576",42.50,42.55,41.50,41.50,-1.35,"2,301",
109/09/25,"2,376,652","99,843,177",42.00,42.15,41.75,42.10,+0.60,"1,333",
109/09/28,"1,286,984","54,270,112",42.50,42.50,42.00,42.25,+0.15,843,
109/09/29,"1,458,235","61,509,333",42.35,42.55,42.00,42.10,-0.15,971,
109/09/30,"1,975,547","83,206,282",42.40,42.40,41.85,42.25,+0.15,"1,084",
109/10/05,"1,895,700","80,640,383",42.25,43.00,42.25,42.95,+0.70,"1,394",
109/10/06,"3,204,999","140,453,730",43.15,44.20,43.15,44.10,+1.15,"1,828",
109/10/07,"2,829,274","124,505,418",44.00,44.15,43.75,44.10, 0.00,"2,160",
109/10/08,"3,021,969","134,283,191",44.20,44.75,44.15,44.55,+0.45,"1,733",
109/10/12,"3,249,902","146,131,890",44.70,45.20,44.70,44.90,+0.35,"1,882",
109/10/13,"2,487,775","110,864,678",44.90,44.90,44.20,44.60,-0.30,"1,107",
109/10/14,"2,030,774","91,235,727",44.60,45.30,44.55,44.90,+0.30,903,
109/10/15,"874,335","39,099,575",44.90,44.90,44.50,44.75,-0.15,569,
109/10/16,"1,101,378","49,430,033",44.85,45.00,44.75,44.75, 0.00,649,
109/10/19,"2,210,158","99,883,128",44.95,45.35,44.85,45.25,+0.50,"1,322",
109/10/20,"1,873,607","84,701,245",45.25,45.30,45.00,45.25, 0.00,"1,132",
109/10/21,"1,757,374","79,793,616",45.35,45.50,45.30,45.50,+0.25,"1,066",
109/10/22,"4,124,341","186,881,412",45.45,45.55,44.55,45.25,-0.25,"1,430",
109/10/23,"992,257","45,036,855",45.55,45.55,45.25,45.30,+0.05,543,
109/10/26,"2,369,560","107,904,588",45.35,45.80,45.30,45.60,+0.30,"1,188",
109/10/27,"1,643,077","74,691,649",45.50,45.55,45.35,45.45,-0.15,714,
109/10/28,"2,430,654","110,911,818",45.50,45.80,45.40,45.70,+0.25,"1,334",
109/10/29,"1,109,052","50,436,809",45.50,45.70,45.30,45.45,-0.25,679,
109/10/30,"1,763,745","79,734,783",45.45,45.60,44.90,44.95,-0.50,898,
109/11/02,"1,809,428","81,105,464",45.00,45.30,44.65,44.85,-0.10,"1,013",
109/11/03,"1,220,237","54,865,454",44.90,45.20,44.90,44.90,+0.05,726,
109/11/04,"1,078,615","48,352,486",44.95,44.95,44.55,44.90, 0.00,680,
109/11/05,"954,401","43,084,845",45.15,45.40,45.00,45.15,+0.25,576,
109/11/06,"956,718","43,125,545",45.20,45.35,44.95,45.00,-0.15,609,
109/11/09,"1,246,666","56,180,377",45.20,45.25,44.90,45.15,+0.15,803,
109/11/10,"2,258,693","103,350,861",45.25,46.05,45.20,45.90,+0.75,"1,383",
109/11/11,"2,060,078","95,304,154",45.90,46.45,45.85,46.45,+0.55,"1,402",
109/11/12,"1,735,383","80,171,024",46.60,46.60,46.00,46.15,-0.30,896,
109/11/13,"3,043,283","142,231,550",46.50,47.10,46.40,46.60,+0.45,"1,667",
109/11/16,"3,000,351","140,614,914",46.95,47.10,46.55,46.65,+0.05,"1,366",
109/11/17,"2,671,446","124,507,061",46.90,46.90,46.35,46.80,+0.15,"1,182",
109/11/18,"1,175,241","55,075,740",46.80,47.05,46.70,46.75,-0.05,826,
109/11/19,"1,080,902","50,343,210",46.60,46.80,46.35,46.40,-0.35,812,
109/11/20,"1,267,235","58,557,066",46.30,46.40,46.05,46.15,-0.25,909,
109/11/23,"2,061,708","96,234,124",46.15,46.85,46.15,46.65,+0.50,"1,211",
109/11/24,"1,524,792","70,958,919",46.80,46.80,46.40,46.45,-0.20,792,
109/11/25,"1,460,297","68,291,221",46.60,47.00,46.55,46.65,+0.20,904,
109/11/26,"1,226,581","57,298,018",46.65,46.85,46.50,46.70,+0.05,892,
109/11/27,"1,217,449","57,137,741",46.70,47.00,46.70,47.00,+0.30,857,
109/11/30,"2,625,122","123,349,737",47.10,47.55,46.35,46.35,-0.65,"1,405",
109/12/01,"1,174,935","54,784,320",46.55,46.80,46.50,46.60,+0.25,692,
109/12/02,"1,641,717","76,174,788",46.70,46.75,46.30,46.35,-0.25,773,
109/12/03,"1,546,946","71,749,980",46.35,46.55,46.25,46.25,-0.10,"1,025",
109/12/04,"2,458,096","113,578,379",46.35,46.50,46.05,46.40,+0.15,"1,555",
109/12/07,"1,966,042","90,960,881",46.50,46.70,46.10,46.10,-0.30,"1,213",
109/12/08,"1,296,537","59,781,455",46.20,46.25,46.05,46.05,-0.05,980,
109/12/09,"1,115,782","51,600,673",46.05,46.40,46.05,46.30,+0.25,698,
109/12/10,"6,974,115","331,732,118",47.00,48.00,47.00,47.50,+1.20,"3,907",
109/12/11,"3,829,057","179,585,543",47.55,47.60,46.50,46.90,-0.60,"2,202",
109/12/14,"2,361,531","109,796,546",46.90,47.00,46.25,46.30,-0.60,"1,316",
109/12/15,"2,302,309","105,564,651",46.00,46.20,45.65,45.70,-0.60,"1,537",
109/12/16,"2,125,070","97,445,885",45.70,46.05,45.70,46.00,+0.30,"1,347",
109/12/17,"1,965,190","89,968,367",46.05,46.10,45.55,45.60,-0.40,"1,372",
109/12/18,"2,182,378","100,699,856",45.70,46.45,45.70,46.45,+0.85,"1,401",
109/12/21,"1,407,164","65,252,025",46.55,46.65,45.90,46.60,+0.15,963,
109/12/22,"2,597,745","121,614,317",46.60,47.40,46.25,46.25,-0.35,"1,594",
109/12/23,"973,164","45,345,629",46.35,46.75,46.30,46.70,+0.45,652,
109/12/24,"1,011,300","47,357,422",46.85,47.00,46.70,46.80,+0.10,749,
109/12/25,"7,905,016","380,202,012",47.50,48.60,47.35,48.10,+1.30,"4,391",
109/12/28,"13,486,282","674,608,271",48.50,51.00,48.50,51.00,+2.90,"7,976",
109/12/29,"10,741,152","541,061,491",51.70,52.20,49.50,50.30,-0.70,"5,758",
109/12/30,"3,956,668","197,688,390",50.40,50.40,49.60,49.95,-0.35,"2,309",
109/12/31,"4,196,624","212,199,636",50.30,51.10,49.95,50.80,+0.85,"2,651",
110/01/04,"10,249,814","527,047,732",51.30,52.50,50.60,51.00,+0.20,"5,992",
110/01/05,"6,559,464","329,558,615",51.00,51.00,49.90,50.20,-0.80,"3,464",
110/01/06,"4,896,782","243,885,304",50.50,50.70,49.15,49.65,-0.55,"3,085",
110/01/07,"3,901,482","195,084,929",49.75,50.90,49.50,50.00,+0.35,"2,151",
110/01/08,"3,309,110","165,375,036",50.40,50.50,49.60,50.10,+0.10,"1,945",
110/01/11,"4,501,828","228,274,833",50.40,51.30,50.30,51.00,+0.90,"2,634",
110/01/12,"3,535,959","177,895,918",50.90,50.90,50.00,50.00,-1.00,"2,127",
110/01/13,"3,274,380","164,153,709",50.30,50.40,49.85,50.10,+0.10,"1,880",
110/01/14,"2,195,615","109,690,706",50.20,50.20,49.85,49.85,-0.25,"1,410",
110/01/15,"4,201,636","207,467,522",50.00,50.00,48.90,48.90,-0.95,"2,677",
110/01/18,"2,954,176","143,368,412",48.75,48.90,48.25,48.50,-0.40,"2,096",
110/01/19,"2,064,726","101,077,388",48.55,49.40,48.55,48.95,+0.45,"1,357",
110/01/20,"4,308,495","207,013,940",48.85,48.90,47.50,47.65,-1.30,"3,064",
110/01/21,"2,286,197","109,682,604",47.75,48.45,47.70,48.00,+0.35,"1,364",
110/01/22,"2,619,764","128,271,375",48.50,49.30,48.50,49.20,+1.20,"1,878",
110/01/25,"2,274,683","111,355,595",49.15,49.35,48.65,49.00,-0.20,"1,443",
110/01/26,"2,000,074","97,905,083",49.20,49.45,48.55,48.85,-0.15,"1,357",
110/01/27,"1,945,230","94,735,421",48.95,49.10,48.50,48.70,-0.15,"1,101",
110/01/28,"2,023,971","98,018,142",48.50,48.70,48.20,48.70, 0.00,"1,172",
110/01/29,"1,713,835","83,134,801",49.10,49.10,48.15,48.25,-0.45,"1,214",
110/02/01,"2,461,954","118,032,147",48.25,48.25,47.75,47.90,-0.35,"1,704",
110/02/02,"2,721,594","130,484,773",47.90,48.25,47.80,47.85,-0.05,"1,695",
110/02/03,"1,410,190","67,823,421",48.00,48.35,47.85,48.30,+0.45,816,
110/02/04,"739,483","35,685,036",48.30,48.40,48.00,48.30, 0.00,608,
110/02/05,"1,573,007","75,872,239",48.30,48.40,48.00,48.40,+0.10,"1,119",
110/02/17,"2,788,079","136,426,414",49.70,49.70,48.60,48.95,+0.55,"1,732",
110/02/18,"2,610,974","128,711,015",48.95,49.65,48.90,49.65,+0.70,"1,884",
110/02/19,"4,153,790","208,031,333",49.85,50.40,49.75,50.30,+0.65,"2,528",
110/02/22,"4,103,502","205,760,504",50.70,50.70,49.90,50.00,-0.30,"2,224",
110/02/23,"3,070,776","154,145,336",50.10,50.60,49.80,50.20,+0.20,"1,835",
110/02/24,"2,396,206","120,229,048",50.40,50.40,50.00,50.10,-0.10,"1,283",
110/02/25,"1,810,745","90,945,623",50.40,50.40,50.00,50.30,+0.20,"1,129",
110/02/26,"2,512,065","125,418,716",50.00,50.20,49.70,50.00,-0.30,"1,716",
110/03/02,"1,681,674","84,190,856",50.30,50.40,49.85,49.85,-0.15,"1,167",
110/03/03,"2,951,797","148,178,158",50.00,50.50,49.70,50.30,+0.45,"1,809",
110/03/04,"5,626,789","287,321,382",50.30,51.90,50.20,50.70,+0.40,"3,422",
110/03/05,"3,271,383","166,794,734",50.70,51.50,50.30,51.00,+0.30,"2,015",
110/03/08,"10,355,687","544,448,115",51.50,53.20,51.50,53.00,+2.00,"6,243",
110/03/09,"6,152,724","325,312,158",53.00,53.40,52.10,53.20,+0.20,"3,636",
110/03/10,"4,081,066","218,226,071",53.50,54.00,53.00,53.20, 0.00,"2,596",
110/03/11,"4,711,788","246,887,579",53.20,53.20,52.00,52.30,-0.90,"3,327",
110/03/12,"1,776,982","93,275,404",52.50,52.90,52.10,52.70,+0.40,"1,222",
110/03/15,"1,835,934","96,196,043",52.90,53.00,52.20,52.20,-0.50,"1,407",
110/03/16,"1,805,421","94,302,974",52.40,52.50,51.90,52.40,+0.20,"1,273",
110/03/17,"1,597,897","83,737,703",52.50,52.60,52.20,52.50,+0.10,"1,159",
110/03/18,"1,490,518","78,409,511",52.70,52.80,52.50,52.50, 0.00,"1,128",
110/03/19,"3,426,848","177,886,113",52.50,52.50,51.60,51.90,-0.60,"2,323",
110/03/22,"2,029,133","106,143,249",52.10,52.60,51.80,52.60,+0.70,"1,570",
110/03/23,"1,734,878","91,314,509",52.70,52.90,52.30,52.50,-0.10,"1,140",
110/03/24,"2,104,394","111,270,835",52.60,53.10,52.60,52.90,+0.40,"1,277",
110/03/25,"4,763,246","255,838,693",53.00,54.30,53.00,53.80,+0.90,"3,173",
110/03/26,"2,582,756","139,529,565",54.40,54.40,53.80,54.10,+0.30,"1,923",
110/03/29,"2,876,332","156,239,015",54.50,55.00,53.80,54.20,+0.10,"1,740",
110/03/30,"2,105,286","114,321,678",54.30,54.70,53.90,54.70,+0.50,"1,383",
110/03/31,"4,264,299","233,951,251",55.00,55.50,54.60,54.60,-0.10,"2,122",
110/04/01,"4,419,978","241,954,519",55.40,55.50,54.30,54.50,-0.10,"2,805",
110/04/06,"3,829,556","208,454,954",54.90,55.20,54.00,54.40,-0.10,"2,532",
110/04/07,"2,162,223","117,172,430",54.20,54.50,53.90,54.50,+0.10,"1,457",
110/04/08,"2,343,823","127,037,163",54.50,54.50,54.00,54.40,-0.10,"1,841",
110/04/09,"2,109,320","114,133,158",54.40,54.40,54.00,54.20,-0.20,"1,394",
110/04/12,"3,012,093","165,773,022",54.30,55.50,54.30,55.20,+1.00,"2,036",
110/04/13,"3,357,627","188,901,638",55.40,56.80,55.40,56.10,+0.90,"2,307",
110/04/14,"4,778,906","267,721,356",56.60,57.10,54.90,56.30,+0.20,"3,102",
110/04/15,"2,401,350","135,463,546",56.40,56.80,56.10,56.50,+0.20,"1,801",
110/04/16,"4,283,775","243,392,459",56.40,57.40,56.00,57.00,+0.50,"2,456",
110/04/19,"5,560,568","321,705,947",57.10,58.50,57.00,58.40,+1.40,"4,022",
110/04/20,"4,146,749","239,752,494",58.40,58.40,57.50,58.00,-0.40,"2,762",
110/04/21,"4,232,590","243,652,152",58.00,58.30,57.00,57.70,-0.30,"2,925",
110/04/22,"8,108,183","477,240,671",58.10,59.80,57.80,57.90,+0.20,"4,768",
110/04/23,"5,933,893","341,238,187",58.10,59.10,56.50,57.50,-0.40,"3,778",
110/04/26,"2,894,698","167,332,085",57.60,58.10,57.30,58.00,+0.50,"1,867",
110/04/27,"2,932,262","170,325,742",58.30,58.40,57.80,58.10,+0.10,"1,878",
110/04/28,"11,179,075","674,067,535",58.10,61.40,57.90,61.30,+3.20,"6,537",
110/04/29,"9,197,960","556,490,282",61.60,62.90,59.50,59.90,-1.40,"5,891",
110/05/03,"6,230,655","375,200,690",59.90,60.90,59.80,60.10,+0.20,"3,615",
110/05/04,"7,137,207","421,968,498",60.40,60.80,57.50,58.90,-1.20,"4,918",
110/05/05,"3,318,194","195,191,414",58.80,59.10,58.00,58.60,-0.30,"2,291",
110/05/06,"2,582,280","151,604,725",59.10,59.50,57.80,58.70,+0.10,"1,981",
110/05/07,"1,653,847","97,548,046",59.40,59.40,58.60,59.20,+0.50,"1,345",
110/05/10,"4,325,275","259,682,944",59.30,60.50,59.00,60.50,+1.30,"2,655",
110/05/11,"6,380,892","379,695,575",60.00,60.90,58.30,59.20,-1.30,"4,375",
110/05/12,"11,046,040","615,728,694",58.40,58.70,53.40,55.40,-3.80,"8,084",
110/05/13,"8,368,853","469,536,997",54.50,57.50,53.30,56.40,+1.00,"5,623",
110/05/14,"4,475,009","252,059,844",57.20,57.70,55.00,56.40, 0.00,"3,447",
110/05/17,"6,522,908","361,957,142",54.40,58.20,54.40,54.50,-1.90,"5,320",
110/05/18,"4,151,600","233,387,274",55.00,57.10,54.90,57.00,+2.50,"2,886",
110/05/19,"4,451,503","250,231,780",57.00,57.30,55.40,56.40,-0.60,"2,821",
110/05/20,"2,701,539","152,667,018",56.50,57.00,55.60,56.90,+0.50,"1,977",
110/05/21,"2,219,070","126,232,492",57.40,57.50,56.50,56.90, 0.00,"1,669",
110/05/24,"1,853,945","103,674,008",56.90,56.90,56.10,56.50,-0.40,"1,426",
110/05/25,"1,955,018","110,591,606",56.90,56.90,56.20,56.50, 0.00,"1,638",
110/05/26,"1,280,563","72,174,895",56.50,56.70,56.00,56.60,+0.10,"1,157",
110/05/27,"1,880,361","106,229,636",56.70,56.90,56.10,56.40,-0.20,"1,425",
110/05/28,"1,595,476","90,181,260",56.30,56.90,56.30,56.60,+0.20,"1,241",
110/05/31,"2,654,071","152,157,147",57.00,57.80,56.60,57.70,+1.10,"1,802",
110/06/01,"1,733,547","100,432,607",58.00,58.50,57.50,58.10,+0.40,"1,226",
110/06/02,"1,896,023","109,938,126",58.20,58.40,57.60,58.40,+0.30,"1,462",
110/06/03,"1,367,023","79,875,626",58.50,59.00,58.20,58.40, 0.00,"1,107",
110/06/04,"1,290,099","74,738,899",58.40,58.40,57.70,57.90,-0.50,"1,048",
110/06/07,"1,723,463","99,055,440",58.00,58.10,56.90,57.50,-0.40,"1,362",
110/06/08,"885,504","51,243,901",58.00,58.30,57.60,57.70,+0.20,780,
110/06/09,"608,560","35,078,135",58.00,58.00,57.40,57.60,-0.10,639,
110/06/10,"1,059,746","60,899,348",57.60,57.70,57.20,57.70,+0.10,848,
110/06/11,"1,575,802","91,366,435",57.90,58.20,57.70,57.90,+0.20,"1,148",
110/06/15,"2,827,277","165,489,684",58.10,59.00,57.60,59.00,+1.10,"2,167",
110/06/16,"1,990,234","117,620,296",59.10,59.70,58.70,59.20,+0.20,"1,749",
110/06/17,"1,553,559","91,645,123",59.00,59.30,58.40,59.00,-0.20,"1,341",
110/06/18,"2,085,555","122,426,070",58.90,59.10,58.40,59.10,+0.10,"1,615",
110/06/21,"1,328,019","77,949,330",58.90,58.90,58.40,58.60,-0.50,"1,231",
110/06/22,"1,893,143","111,426,161",59.20,59.30,58.50,59.00,+0.40,"1,374",
110/06/23,"1,916,278","113,482,245",59.00,59.40,59.00,59.30,+0.30,"1,511",
110/06/24,"2,393,018","143,039,219",59.50,60.20,59.30,59.90,+0.60,"1,759",
110/06/25,"2,203,249","132,295,297",60.00,60.30,59.90,59.90, 0.00,"1,468",
110/06/28,"3,185,546","192,967,900",59.90,60.90,59.90,60.80,+0.90,"2,057",
110/06/29,"2,379,828","144,040,760",61.10,61.30,60.20,60.60,-0.20,"1,593",
110/06/30,"2,334,947","140,652,235",60.80,60.80,60.10,60.10,-0.50,"1,520",
110/07/01,"1,994,930","120,555,725",60.10,60.90,59.90,60.60,+0.50,"1,508",
110/07/02,"1,047,290","63,320,628",60.90,60.90,60.20,60.40,-0.20,988,
110/07/05,"1,343,708","81,065,471",60.60,60.70,60.10,60.40, 0.00,"1,136",
110/07/06,"1,315,929","79,425,063",60.60,60.60,60.10,60.40, 0.00,"1,027",
110/07/07,"1,192,342","71,679,733",60.30,60.30,60.00,60.20,-0.20,"1,040",
110/07/08,"1,277,021","76,707,696",60.10,60.20,60.00,60.10,-0.10,982,
110/07/09,"2,412,054","143,842,326",60.00,60.10,59.40,59.60,-0.50,"2,090",
110/07/12,"1,950,772","116,654,648",60.00,60.20,59.50,59.70,+0.10,"1,449",
110/07/13,"2,004,778","119,407,532",59.80,59.80,59.30,59.60,-0.10,"1,738",
110/07/14,"1,782,916","105,421,312",59.60,59.60,59.00,59.30,-0.30,"1,528",
110/07/15,"1,180,548","70,167,435",59.40,59.70,59.00,59.70,+0.40,917,
110/07/16,"1,452,884","86,941,548",59.80,60.20,59.60,60.00,+0.30,"1,089",
110/07/19,"1,699,592","101,282,103",60.00,60.00,59.20,59.80,-0.20,"1,238",
110/07/20,"1,498,678","88,969,605",59.50,59.60,59.20,59.30,-0.50,"1,148",
110/07/21,"1,288,664","76,707,388",59.50,59.70,59.30,59.60,+0.30,"1,252",
110/07/22,"1,434,502","85,695,403",59.70,59.90,59.50,59.70,+0.10,922,
110/07/23,"1,168,805","69,770,117",59.90,59.90,59.60,59.60,-0.10,908,
110/07/26,"1,828,701","109,512,522",59.70,60.20,59.60,59.90,+0.30,"1,315",
110/07/27,"1,794,142","107,234,658",59.80,60.20,59.50,59.60,-0.30,"1,413",
110/07/28,"2,147,750","127,072,677",59.50,59.70,58.70,59.30,-0.30,"1,725",
110/07/29,"1,839,006","110,462,036",59.50,60.60,59.50,60.00,+0.70,"1,452",
110/07/30,"1,991,790","120,092,688",60.30,60.60,60.00,60.10,+0.10,"1,520",
110/08/02,"2,465,781","149,191,256",60.30,60.90,60.10,60.80,+0.70,"1,587",
110/08/03,"1,831,067","111,528,898",60.90,61.20,60.70,61.00,+0.20,"1,292",
110/08/04,"2,677,067","164,531,909",61.10,61.80,61.00,61.40,+0.40,"1,717",
110/08/05,"2,659,551","161,998,483",61.40,61.40,60.70,60.80,-0.60,"1,709",
110/08/06,"2,260,260","136,417,856",60.60,60.80,60.10,60.70,-0.10,"1,686",
110/08/09,"13,132,408","757,701,463",58.60,58.60,56.60,57.50,-3.20,"10,992",
110/08/10,"9,360,398","530,879,489",58.00,58.00,56.10,56.50,-1.00,"8,484",
110/08/11,"8,376,868","464,278,916",56.50,56.50,55.10,55.50,-1.00,"7,655",
110/08/12,"3,752,474","209,705,083",55.50,56.40,55.50,56.10,+0.60,"3,447",
110/08/13,"3,459,614","192,975,388",56.10,56.40,55.50,55.90,-0.20,"2,525",
110/08/16,"3,589,022","201,830,394",56.00,56.60,55.90,56.30,+0.40,"2,925",
110/08/17,"2,952,652","168,280,640",56.40,57.40,56.40,56.80,+0.50,"2,410",
110/08/18,"2,333,683","131,860,325",56.80,57.00,56.10,56.90,+0.10,"1,925",
110/08/19,"3,474,690","195,801,312",57.20,57.20,56.10,56.20,-0.70,"2,418",
110/08/20,"5,240,262","293,837,557",56.30,56.60,55.80,56.10,-0.10,"3,107",
110/08/23,"6,598,127","352,898,310",51.90,53.80,51.80,53.80,X0.00,"4,039",
110/08/24,"2,395,956","130,301,911",53.80,54.80,53.80,54.80,+1.00,"2,093",
110/08/25,"2,028,172","111,345,006",55.50,55.60,54.50,54.90,+0.10,"2,181",
110/08/26,"1,814,649","98,786,050",54.90,54.90,54.20,54.40,-0.50,"2,116",
110/08/27,"1,146,634","62,313,584",54.10,54.50,54.00,54.50,+0.10,"1,159",
110/08/30,"2,627,024","142,219,775",54.50,54.50,53.90,54.20,-0.30,"2,605",
110/08/31,"1,852,975","100,454,312",54.30,54.40,54.00,54.10,-0.10,"1,319",
110/09/01,"2,378,318","130,972,530",54.10,55.50,54.10,55.50,+1.40,"1,886",
110/09/02,"1,569,179","87,194,761",55.50,55.80,55.30,55.60,+0.10,"1,262",
110/09/03,"2,965,254","167,998,415",56.10,57.00,56.00,56.90,+1.30,"2,386",
110/09/06,"2,014,997","113,780,526",57.00,57.00,56.10,56.20,-0.70,"2,262",
110/09/07,"1,261,351","70,620,343",56.60,56.60,55.70,56.00,-0.20,"1,423",
110/09/08,"1,049,397","58,576,438",56.00,56.20,55.50,55.70,-0.30,"1,203",
110/09/09,"716,568","39,843,401",55.70,55.80,55.30,55.60,-0.10,738,
110/09/10,"950,788","53,120,376",55.70,56.20,55.60,55.90,+0.30,996,
110/09/13,"3,819,036","209,084,915",55.50,55.50,54.40,54.90,-1.00,"3,685",
110/09/14,"1,455,834","79,862,403",54.90,55.10,54.60,54.90, 0.00,"1,415",
110/09/15,"1,303,794","71,310,872",55.00,55.00,54.60,54.60,-0.30,"1,529",
110/09/16,"1,267,001","68,952,199",54.80,54.80,54.30,54.40,-0.20,"1,573",
110/09/17,"1,906,830","103,808,031",54.40,54.90,54.10,54.90,+0.50,"1,564",
110/09/22,"2,408,379","130,110,541",54.00,54.20,53.80,54.10,-0.80,"2,463",
110/09/23,"916,524","49,749,924",54.30,54.50,54.10,54.20,+0.10,996,
110/09/24,"866,226","47,135,853",54.50,54.70,54.20,54.40,+0.20,983,
110/09/27,"1,869,844","102,920,620",54.90,55.30,54.70,55.20,+0.80,"1,579",
110/09/28,"1,853,413","102,656,675",55.50,55.80,55.10,55.20, 0.00,"1,531",
110/09/29,"1,399,966","76,477,276",55.20,55.20,54.50,54.60,-0.60,"1,605",
110/09/30,"1,038,132","56,583,762",54.60,54.90,54.30,54.90,+0.30,"1,060",
110/10/01,"4,272,333","229,249,443",54.50,54.60,53.40,53.50,-1.40,"4,863",
110/10/04,"1,418,397","75,597,432",53.70,54.00,53.00,53.20,-0.30,"1,821",
110/10/05,"1,441,446","76,257,276",53.10,53.20,52.50,53.10,-0.10,"1,903",
110/10/06,"1,247,129","66,098,850",53.20,53.40,52.80,53.00,-0.10,"1,506",
110/10/07,"1,145,226","61,055,159",53.10,53.60,52.90,53.40,+0.40,962,
110/10/08,"913,478","48,585,844",53.40,53.40,53.00,53.10,-0.30,951,
110/10/12,"1,263,407","66,938,281",53.10,53.30,52.60,53.30,+0.20,"1,233",
110/10/13,"991,423","53,002,798",53.50,53.80,53.10,53.40,+0.10,967,
110/10/14,"724,854","38,845,096",53.60,53.70,53.40,53.70,+0.30,675,
110/10/15,"1,140,276","61,474,531",54.00,54.10,53.70,53.80,+0.10,976,
110/10/18,"1,259,482","68,327,914",53.90,54.40,53.90,54.30,+0.50,"1,069",
110/10/19,"907,347","49,342,479",54.50,54.50,54.30,54.30, 0.00,870,
110/10/20,"1,554,758","84,047,406",54.50,54.50,53.80,54.00,-0.30,"2,139",
110/10/21,"2,028,907","108,595,549",54.10,54.10,53.20,53.20,-0.80,"1,926",
110/10/22,"796,057","42,606,002",53.60,53.80,53.40,53.50,+0.30,"1,082",
110/10/25,"864,377","46,508,314",53.50,54.00,53.50,53.90,+0.40,996,
110/10/26,"1,841,213","98,929,526",54.00,54.00,53.60,53.60,-0.30,"1,836",
110/10/27,"901,099","48,285,191",53.60,53.70,53.50,53.70,+0.10,"1,125",
110/10/28,"741,995","39,747,288",53.60,53.80,53.40,53.70, 0.00,995,
110/10/29,"907,411","48,652,809",53.70,53.80,53.40,53.70, 0.00,"1,167",
110/11/01,"2,064,906","110,519,696",53.70,53.90,53.10,53.10,-0.60,"2,273",
110/11/02,"3,513,629","186,258,764",53.10,53.30,52.70,53.00,-0.10,"3,492",
110/11/03,"1,159,981","61,622,071",53.00,53.50,52.80,53.50,+0.50,"1,139",
110/11/04,"1,223,306","65,396,990",53.60,53.80,53.20,53.50, 0.00,"1,513",
110/11/05,"1,109,541","59,041,385",53.40,53.50,53.00,53.50, 0.00,"1,347",
110/11/08,"4,641,953","244,506,659",53.00,53.00,52.40,52.90,-0.60,"4,292",
110/11/09,"5,057,958","264,942,458",52.70,52.80,52.10,52.20,-0.70,"5,247",
110/11/10,"2,635,501","137,017,785",52.10,52.20,51.80,52.20, 0.00,"2,668",
110/11/11,"1,305,938","68,247,740",52.30,52.40,52.00,52.40,+0.20,"1,353",
110/11/12,"1,807,464","95,369,253",52.80,53.00,52.60,52.90,+0.50,"1,705",
110/11/15,"2,148,706","112,850,556",52.90,52.90,52.40,52.40,-0.50,"2,177",
110/11/16,"1,194,497","62,827,896",52.40,52.80,52.40,52.70,+0.30,"1,264",
110/11/17,"1,376,326","72,436,014",52.90,52.90,52.50,52.80,+0.10,"1,334",
110/11/18,"2,527,132","133,906,819",52.80,53.30,52.80,53.30,+0.50,"1,792",
110/11/19,"1,313,254","69,888,060",53.40,53.40,53.10,53.20,-0.10,"1,360",
110/11/22,"1,235,634","65,501,599",53.20,53.30,52.90,53.00,-0.20,"1,157",
110/11/23,"999,143","52,726,505",53.00,53.00,52.60,52.70,-0.30,"1,057",
110/11/24,"796,977","42,061,676",52.70,53.10,52.60,52.70, 0.00,836,
110/11/25,"817,434","43,150,996",52.70,52.90,52.70,52.80,+0.10,850,
110/11/26,"1,498,495","78,800,095",52.80,52.80,52.50,52.50,-0.30,"1,249",
110/11/29,"2,028,943","105,854,517",52.20,52.50,52.00,52.20,-0.30,"1,945",
110/11/30,"1,613,323","84,212,936",52.30,52.40,52.00,52.00,-0.20,"1,661",
110/12/01,"692,101","36,077,197",52.00,52.30,51.80,52.20,+0.20,981,
110/12/02,"1,280,998","66,717,882",52.20,52.30,52.00,52.00,-0.20,"1,396",
110/12/03,"1,027,698","53,568,256",52.30,52.30,52.00,52.20,+0.20,"1,117",
110/12/06,"771,275","40,357,626",52.20,52.50,52.10,52.30,+0.10,869,
110/12/07,"843,184","44,255,702",52.30,52.70,52.30,52.50,+0.20,891,
110/12/08,"787,003","41,456,391",52.80,52.80,52.50,52.70,+0.20,896,
110/12/09,"617,494","32,589,534",52.90,52.90,52.70,52.80,+0.10,731,
110/12/10,"513,287","27,057,178",52.80,52.80,52.60,52.70,-0.10,649,
110/12/13,"776,739","40,904,966",52.80,52.80,52.60,52.60,-0.10,775,
110/12/14,"845,997","44,419,706",52.50,52.60,52.40,52.40,-0.20,801,
110/12/15,"706,907","37,190,743",52.30,52.80,52.30,52.50,+0.10,745,
110/12/16,"1,385,010","72,605,656",52.60,52.70,52.30,52.30,-0.20,"1,177",
110/12/17,"1,638,113","85,720,922",52.30,52.70,52.20,52.30, 0.00,"1,194",
110/12/20,"1,539,964","80,423,288",52.50,52.60,52.00,52.20,-0.10,"1,381",
110/12/21,"507,055","26,558,205",52.20,52.60,52.20,52.50,+0.30,653,
110/12/22,"832,873","43,829,734",52.50,52.70,52.50,52.60,+0.10,778,
110/12/23,"615,459","32,412,486",52.80,52.80,52.60,52.70,+0.10,651,
110/12/24,"681,753","35,871,594",52.60,52.70,52.50,52.70, 0.00,714,
110/12/27,"833,049","43,928,094",52.70,52.80,52.60,52.70, 0.00,973,
110/12/28,"2,007,976","106,852,499",52.90,53.60,52.70,53.60,+0.90,"1,758",
110/12/29,"1,232,577","65,821,580",53.60,53.60,53.30,53.40,-0.20,"1,266",
110/12/30,"857,125","45,725,188",53.40,53.50,53.20,53.40, 0.00,815,
111/01/03,"1,272,972","67,585,747",53.30,53.50,52.80,52.90,-0.50,"1,472",
111/01/04,"1,491,738","78,424,493",52.90,52.90,52.40,52.70,-0.20,"1,679",
111/01/05,"973,567","51,085,110",52.60,52.60,52.40,52.50,-0.20,"1,171",
111/01/06,"652,928","34,363,089",52.70,52.80,52.40,52.70,+0.20,756,
111/01/07,"1,503,719","78,853,939",52.90,53.00,52.00,52.40,-0.30,"1,618",
111/01/10,"877,896","45,999,409",52.40,52.60,52.30,52.50,+0.10,982,
111/01/11,"1,270,558","66,366,417",52.70,52.70,52.00,52.30,-0.20,"1,581",
111/01/12,"1,169,053","61,015,720",52.20,52.30,52.10,52.30, 0.00,"1,287",
111/01/13,"663,692","34,763,106",52.50,52.50,52.20,52.50,+0.20,750,
111/01/14,"856,560","44,831,225",52.50,52.60,52.20,52.30,-0.20,940,
111/01/17,"1,216,688","63,469,527",52.30,52.30,52.10,52.20,-0.10,"1,316",
111/01/18,"526,948","27,546,310",52.30,52.40,52.20,52.20, 0.00,730,
111/01/19,"898,378","46,846,098",52.20,52.30,52.00,52.30,+0.10,919,
111/01/20,"831,403","43,347,225",52.30,52.30,52.10,52.10,-0.20,863,
111/01/21,"1,647,456","86,158,874",52.10,53.00,52.00,52.20,+0.10,"1,349",
111/01/24,"932,006","48,556,080",52.10,52.20,52.00,52.20, 0.00,"1,037",
111/01/25,"1,139,970","59,369,763",52.00,52.20,52.00,52.20, 0.00,"1,364",
111/01/26,"828,027","43,166,709",52.00,52.40,52.00,52.20, 0.00,957,
111/02/07,"2,508,416","132,095,259",52.20,53.00,52.20,53.00,+0.80,"2,145",
111/02/08,"1,656,272","87,394,133",53.20,53.20,52.50,52.90,-0.10,"1,594",
111/02/09,"817,091","43,170,692",52.90,53.00,52.70,52.90, 0.00,887,
111/02/10,"1,065,028","56,384,781",52.90,53.00,52.80,53.00,+0.10,990,
111/02/11,"1,660,335","88,016,340",53.00,53.10,52.80,53.00, 0.00,"1,207",
111/02/14,"1,803,914","95,688,092",53.00,53.20,52.70,53.10,+0.10,"1,326",
111/02/15,"2,182,574","116,970,246",53.30,53.90,53.20,53.40,+0.30,"2,557",
111/02/16,"1,832,393","97,840,216",53.60,53.60,53.30,53.50,+0.10,"1,349",
111/02/17,"1,086,542","57,950,909",53.50,53.50,53.20,53.40,-0.10,"1,092",
111/02/18,"7,890,376","432,477,135",53.30,55.90,53.20,55.20,+1.80,"5,116",
111/02/21,"2,032,409","111,575,313",55.00,55.30,54.60,54.90,-0.30,"3,870",
111/02/22,"2,377,137","129,418,861",54.60,55.00,54.20,54.70,-0.20,"3,451",
111/02/23,"1,056,509","57,851,383",54.70,55.10,54.60,54.70, 0.00,"1,155",
111/02/24,"2,927,176","159,618,383",54.70,54.90,54.10,54.30,-0.40,"2,132",
111/02/25,"1,523,176","83,006,399",54.40,55.20,54.20,54.20,-0.10,"1,348",
111/03/01,"1,317,276","71,793,814",54.50,54.80,54.20,54.50,+0.30,"1,264",
111/03/02,"1,043,224","56,868,349",54.50,54.80,54.20,54.60,+0.10,"1,030",
111/03/03,"1,198,973","65,952,012",54.80,55.30,54.80,54.90,+0.30,"1,202",
111/03/04,"1,585,881","87,321,838",54.90,55.30,54.80,55.00,+0.10,"1,953",
111/03/07,"2,682,673","145,935,264",55.00,55.10,54.10,54.20,-0.80,"2,358",
111/03/08,"2,849,635","152,211,251",54.00,54.00,53.00,53.20,-1.00,"2,955",
111/03/09,"1,413,733","75,966,480",53.30,54.00,53.30,54.00,+0.80,"1,299",
111/03/10,"1,356,727","73,975,543",54.20,54.80,54.20,54.60,+0.60,"1,175",
111/03/11,"1,520,405","81,935,643",54.40,54.40,53.70,53.80,-0.80,"1,563",
111/03/14,"3,791,576","199,935,532",53.50,53.60,52.50,52.60,-1.20,"3,679",
111/03/15,"1,499,867","78,356,025",52.60,52.60,52.10,52.20,-0.40,"1,955",
111/03/16,"1,321,282","69,098,714",52.20,52.50,52.20,52.40,+0.20,"1,327",
111/03/17,"1,350,416","71,238,005",52.50,52.90,52.50,52.80,+0.40,"1,169",
111/03/18,"2,329,574","122,855,198",53.10,53.30,52.50,52.50,-0.30,"1,406",
111/03/21,"1,218,044","64,195,201",52.60,52.90,52.50,52.90,+0.40,"1,154",
111/03/22,"972,850","51,518,275",52.90,53.10,52.70,53.10,+0.20,895,
111/03/23,"937,683","49,940,777",53.30,53.50,53.10,53.50,+0.40,970,
111/03/24,"904,630","48,049,566",53.30,53.30,52.80,53.30,-0.20,952,
111/03/25,"904,927","47,919,110",53.20,53.20,52.80,53.00,-0.30,"1,034",
111/03/28,"3,931,908","212,656,820",53.00,54.60,53.00,54.50,+1.50,"3,095",
111/03/29,"2,372,105","129,729,294",54.90,55.10,54.20,54.70,+0.20,"1,898",
111/03/30,"1,492,403","81,303,347",54.80,54.90,54.20,54.40,-0.30,"1,371",
111/03/31,"1,051,901","57,166,125",54.40,54.60,54.10,54.10,-0.30,980,
111/04/01,"979,151","52,893,995",54.00,54.40,53.50,54.40,+0.30,915,
111/04/06,"2,536,011","139,123,942",54.40,55.20,54.30,55.20,+0.80,"2,168",
111/04/07,"1,431,163","78,581,528",55.20,55.20,54.80,54.80,-0.40,"1,454",
111/04/08,"1,307,751","71,627,697",54.80,55.00,54.40,54.90,+0.10,957,
111/04/11,"1,709,471","93,768,985",55.00,55.00,54.60,54.90, 0.00,"1,458",
111/04/12,"1,490,252","81,198,435",54.90,54.90,54.20,54.20,-0.70,"1,210",
111/04/13,"1,456,725","79,187,642",54.30,54.80,54.20,54.40,+0.20,"1,175",
111/04/14,"2,995,657","164,334,465",54.50,55.00,54.50,54.90,+0.50,"2,283",
111/04/15,"8,553,221","474,181,511",53.60,57.80,53.50,55.30,X0.00,"5,976",
111/04/18,"7,294,876","405,337,189",56.10,56.80,54.40,54.50,-0.80,"4,712",
111/04/19,"3,141,783","170,161,774",54.90,54.90,53.70,54.30,-0.20,"2,771",
111/04/20,"4,832,673","266,326,529",54.30,55.90,54.10,55.60,+1.30,"3,144",
111/04/21,"3,702,631","204,740,523",55.90,56.00,54.50,54.60,-1.00,"2,800",
111/04/22,"1,209,622","66,121,500",54.30,55.00,54.20,54.70,+0.10,"1,072",
111/04/25,"1,466,922","79,074,052",54.50,54.50,53.60,53.70,-1.00,"1,586",
111/04/26,"1,493,271","79,970,240",53.80,54.20,53.20,53.40,-0.30,"1,314",
111/04/27,"2,294,173","120,905,125",52.90,53.20,52.50,52.50,-0.90,"2,305",
111/04/28,"1,578,820","84,393,715",52.70,54.10,52.60,53.20,+0.70,"1,385",
111/04/29,"1,176,164","62,425,892",53.80,53.90,52.60,52.80,-0.40,"1,278",
111/05/03,"1,890,602","98,922,798",53.00,53.10,52.00,52.20,-0.60,"2,431",
111/05/04,"1,884,330","98,064,782",52.20,52.40,51.90,52.00,-0.20,"1,952",
111/05/05,"1,538,928","80,712,558",52.10,52.90,52.10,52.10,+0.10,"1,121",
111/05/06,"1,336,110","69,544,464",51.80,52.40,51.80,51.90,-0.20,"1,254",
111/05/09,"2,548,536","129,475,943",51.80,51.80,50.30,50.40,-1.50,"3,488",
111/05/10,"1,694,343","84,113,123",49.80,49.95,49.10,49.95,-0.45,"2,044",
111/05/11,"3,112,180","152,673,130",50.00,50.20,48.80,48.80,-1.15,"3,594",
111/05/12,"3,003,868","143,575,189",48.80,48.90,47.30,47.35,-1.45,"3,753",
111/05/13,"1,816,962","86,122,262",47.35,47.80,47.15,47.45,+0.10,"1,931",
111/05/16,"1,322,591","62,646,273",47.55,47.85,47.05,47.25,-0.20,"1,653",
111/05/17,"1,862,553","87,504,699",47.30,47.45,46.75,46.90,-0.35,"2,582",
111/05/18,"1,678,659","79,319,010",46.95,47.65,46.95,47.50,+0.60,"1,479",
111/05/19,"1,216,292","56,983,051",47.30,47.30,46.55,47.05,-0.45,"1,447",
111/05/20,"1,422,055","67,226,688",47.05,47.70,47.00,47.45,+0.40,"1,733",
111/05/23,"1,086,053","51,763,202",47.60,47.95,47.40,47.55,+0.10,"1,218",
111/05/24,"1,475,440","69,673,632",47.55,47.95,46.95,47.05,-0.50,"1,852",
111/05/25,"719,535","34,281,943",47.25,48.00,47.10,47.75,+0.70,793,
111/05/26,"1,040,043","50,350,850",48.20,48.65,48.00,48.45,+0.70,"1,071",
111/05/27,"691,457","33,535,464",48.75,48.75,48.35,48.50,+0.05,774,
111/05/30,"963,334","46,993,350",49.00,49.05,48.50,48.90,+0.40,927,
111/05/31,"1,306,126","64,213,596",49.00,49.40,48.60,49.40,+0.50,789,
111/06/01,"594,952","29,232,127",49.30,49.30,48.95,49.10,-0.30,799,
111/06/02,"661,401","32,159,382",48.90,48.90,48.55,48.60,-0.50,714,
111/06/06,"313,424","15,309,961",48.70,49.00,48.70,48.85,+0.25,500,
111/06/07,"364,119","17,728,588",48.80,48.95,48.60,48.65,-0.20,549,
111/06/08,"552,058","26,961,795",48.80,49.00,48.65,49.00,+0.35,596,
111/06/09,"385,786","18,903,803",49.00,49.15,48.90,49.00, 0.00,485,
111/06/10,"460,751","22,385,726",48.40,48.75,48.40,48.75,-0.25,610,
111/06/13,"917,102","44,076,056",48.25,48.35,47.90,47.90,-0.85,"1,279",
111/06/14,"740,438","35,192,801",47.55,47.85,47.10,47.75,-0.15,846,
111/06/15,"803,541","39,078,752",47.85,49.05,47.85,49.00,+1.25,849,
111/06/16,"659,414","32,159,226",49.10,49.20,48.35,48.70,-0.30,904,
111/06/17,"979,085","46,764,583",47.25,48.30,47.25,47.60,-1.10,"1,016",
111/06/20,"723,594","34,227,440",47.65,48.15,47.00,47.00,-0.60,"1,208",
111/06/21,"880,673","41,605,384",47.00,47.50,46.90,47.35,+0.35,869,
111/06/22,"910,671","42,737,228",47.45,47.45,46.70,46.85,-0.50,"1,181",
111/06/23,"1,132,300","53,231,995",47.05,47.45,46.60,47.05,+0.20,"1,093",
111/06/24,"1,003,248","47,770,097",47.10,47.85,47.10,47.70,+0.65,914,
111/06/27,"882,341","42,269,312",47.70,48.20,47.70,47.80,+0.10,896,
111/06/28,"345,477","16,544,377",48.10,48.10,47.75,47.90,+0.10,380,
111/06/29,"363,238","17,253,937",47.50,47.60,47.35,47.45,-0.45,465,
111/06/30,"1,033,020","48,775,902",47.45,47.55,46.85,47.55,+0.10,805,
111/07/01,"749,787","35,550,988",47.50,47.90,47.15,47.35,-0.20,739,
111/07/04,"1,153,487","55,732,134",47.35,48.75,47.25,48.65,+1.30,"1,076",
111/07/05,"984,495","48,161,192",49.15,49.50,48.45,48.85,+0.20,"1,918",
111/07/06,"455,617","21,961,706",49.00,49.00,48.00,48.10,-0.75,723,
111/07/07,"336,410","16,147,959",48.10,48.45,47.65,47.95,-0.15,468,
111/07/08,"994,412","47,123,594",47.95,47.95,47.20,47.20,-0.75,"1,260",
111/07/11,"273,923","12,993,412",47.50,47.60,47.20,47.50,+0.30,352,
111/07/12,"573,314","26,961,008",47.15,47.35,46.85,47.10,-0.40,712,
111/07/13,"485,482","22,941,356",47.45,47.50,47.05,47.40,+0.30,549,
111/07/14,"190,593","9,028,799",47.40,47.50,47.10,47.45,+0.05,281,
111/07/15,"647,187","30,441,958",47.45,47.45,46.80,46.85,-0.60,937,
111/07/18,"446,633","20,903,747",46.85,46.95,46.60,46.95,+0.10,624,
111/07/19,"313,045","14,736,768",47.00,47.35,46.85,47.35,+0.40,403,
111/07/20,"536,711","25,604,008",47.60,47.90,47.50,47.70,+0.35,638,
111/07/21,"230,207","10,985,983",47.95,47.95,47.55,47.90,+0.20,327,
111/07/22,"367,184","17,528,245",47.90,47.90,47.60,47.65,-0.25,451,
111/07/25,"841,725","40,693,261",47.65,48.70,47.65,48.65,+1.00,807,
111/07/26,"627,015","30,540,616",48.55,48.95,48.35,48.80,+0.15,872,
111/07/27,"351,717","17,179,246",48.80,49.10,48.65,49.00,+0.20,854,
111/07/28,"490,054","23,996,266",49.15,49.15,48.75,48.95,-0.05,555,
111/07/29,"1,012,205","49,556,719",49.05,49.20,48.90,48.90,-0.05,533,
111/08/01,"497,433","24,114,065",48.80,48.80,48.35,48.40,-0.50,779,
111/08/02,"860,284","41,100,862",48.40,48.40,47.55,47.55,-0.85,"1,136",
111/08/03,"894,133","42,057,979",47.25,47.25,46.70,47.15,-0.40,"1,135",
111/08/04,"991,517","46,474,746",47.15,47.20,46.70,47.20,+0.05,"1,305",
111/08/05,"498,254","23,587,351",47.30,47.55,47.20,47.35,+0.15,598,
111/08/08,"262,737","12,462,972",47.30,47.75,47.10,47.75,+0.40,381,
111/08/09,"472,352","22,684,380",47.75,48.40,47.75,48.10,+0.35,448,
111/08/10,"636,336","30,440,567",48.20,48.25,47.60,47.60,-0.50,756,
111/08/11,"698,210","33,574,102",48.05,48.35,47.90,48.00,+0.40,624,
111/08/12,"823,293","40,220,711",48.30,49.15,48.30,48.90,+0.90,890,
111/08/15,"1,075,377","53,040,597",49.20,49.80,48.95,49.70,+0.80,"1,078",
111/08/16,"671,492","33,298,068",49.80,50.00,49.30,49.55,-0.15,882,
111/08/17,"708,610","35,182,234",49.55,49.80,49.50,49.50,-0.05,724,
111/08/18,"888,512","43,619,173",49.50,49.50,48.90,49.10,-0.40,943,
111/08/19,"633,881","31,044,516",49.10,49.15,48.80,49.10, 0.00,615,
111/08/22,"953,295","47,168,490",48.80,49.75,48.80,49.75,+0.65,834,
111/08/23,"904,976","45,134,920",49.50,50.10,49.35,49.95,+0.20,875,
111/08/24,"1,120,543","56,326,684",50.00,50.50,49.85,50.20,+0.25,928,
111/08/25,"1,021,720","51,641,774",50.20,50.80,50.20,50.50,+0.30,961,
111/08/26,"1,053,121","53,179,534",50.50,50.80,50.20,50.60,+0.10,967,
111/08/29,"1,560,210","78,695,279",50.20,50.80,49.85,50.70,+0.10,"1,260",
111/08/30,"1,165,033","57,067,896",48.60,49.30,48.60,49.15,X0.00,"1,125",
111/08/31,"670,491","32,897,349",49.15,49.25,48.85,49.25,+0.10,718,
111/09/01,"759,977","36,949,844",48.95,48.95,48.40,48.70,-0.55,"1,088",
111/09/02,"446,066","21,660,157",48.75,48.75,48.45,48.45,-0.25,622,
111/09/05,"484,510","23,476,468",48.45,48.65,48.25,48.45, 0.00,629,
111/09/06,"429,494","20,733,940",48.65,48.65,48.05,48.20,-0.25,743,
111/09/07,"696,572","33,344,936",48.00,48.30,47.70,47.75,-0.45,"1,127",
111/09/08,"317,507","15,270,897",47.75,48.35,47.75,48.20,+0.45,364,
111/09/12,"371,820","17,949,660",48.35,48.35,48.15,48.25,+0.05,454,
111/09/13,"431,730","21,047,624",48.65,49.05,48.60,48.70,+0.45,569,
111/09/14,"718,304","34,776,991",47.95,48.70,47.95,48.30,-0.40,923,
111/09/15,"348,925","16,909,106",48.35,48.65,48.20,48.65,+0.35,503,
111/09/16,"660,329","31,971,068",48.75,48.75,48.30,48.30,-0.35,624,
111/09/19,"621,630","29,757,443",48.30,48.30,47.70,47.70,-0.60,"1,130",
111/09/20,"209,080","10,010,077",48.00,48.10,47.75,47.95,+0.25,371,
111/09/21,"536,321","25,578,427",48.00,48.05,47.40,47.40,-0.55,879,
111/09/22,"522,938","24,737,889",47.40,47.55,47.10,47.40, 0.00,682,
111/09/23,"331,166","15,690,219",47.45,47.55,47.25,47.30,-0.10,526,
111/09/26,"600,073","28,159,437",47.30,47.30,46.80,46.90,-0.40,"1,132",
111/09/27,"780,252","36,355,211",46.90,47.00,46.40,46.60,-0.30,"1,245",
111/09/28,"1,256,715","57,340,831",46.60,46.90,45.20,45.25,-1.35,"2,107",
111/09/29,"987,468","44,713,562",45.35,45.75,45.00,45.45,+0.20,"1,142",
111/09/30,"964,763","43,012,340",45.30,45.30,44.30,44.50,-0.95,"1,272",
111/10/03,"1,017,727","44,705,416",44.00,44.15,43.70,44.00,-0.50,"1,458",
111/10/04,"578,137","25,522,365",44.20,44.55,43.85,44.40,+0.40,752,
111/10/05,"704,530","31,600,731",44.60,45.10,44.55,45.00,+0.60,836,
111/10/06,"380,108","17,031,197",45.00,45.00,44.55,45.00, 0.00,655,
111/10/07,"382,566","17,095,879",44.70,44.85,44.55,44.75,-0.25,677,
111/10/11,"896,290","39,090,674",43.35,43.90,43.35,43.80,-0.95,"1,495",
111/10/12,"1,050,155","45,482,369",43.70,43.70,43.15,43.35,-0.45,"1,217",
111/10/13,"864,860","37,153,647",43.40,43.40,42.60,42.75,-0.60,"1,564",
111/10/14,"423,529","18,314,036",43.00,43.55,42.80,43.55,+0.80,525,
111/10/17,"360,916","15,512,864",43.55,43.55,42.75,43.20,-0.35,609,
111/10/18,"606,994","26,444,489",43.10,44.20,42.80,44.10,+0.90,660,
111/10/19,"652,376","28,700,514",44.10,44.20,43.75,43.85,-0.25,"1,009",
111/10/20,"4,924,670","209,383,302",43.45,43.45,41.60,42.80,-1.05,"3,117",
111/10/21,"1,113,104","46,794,870",42.80,42.80,41.85,42.00,-0.80,"1,588",
111/10/24,"890,462","37,234,773",42.00,42.15,41.65,41.70,-0.30,"1,268",
111/10/25,"2,040,487","82,817,047",41.70,41.70,40.15,40.30,-1.40,"2,831",
111/10/26,"1,409,959","56,403,878",40.30,40.35,39.65,40.05,-0.25,"1,412",
111/10/27,"1,214,788","48,843,661",40.10,40.50,40.05,40.40,+0.35,"1,092",
111/10/28,"1,281,286","51,420,837",40.45,40.75,39.90,39.95,-0.45,"1,258",
111/10/31,"561,132","22,574,605",40.00,40.40,40.00,40.20,+0.25,668,
111/11/01,"835,736","33,923,936",40.40,40.80,40.20,40.60,+0.40,844,
111/11/02,"878,276","36,334,520",41.15,41.60,40.95,41.20,+0.60,952,
111/11/03,"518,825","21,304,164",41.05,41.25,40.85,41.05,-0.15,577,
111/11/04,"376,726","15,491,920",41.00,41.25,40.90,41.20,+0.15,484,
111/11/07,"356,939","14,805,494",41.30,41.60,41.30,41.60,+0.40,482,
111/11/08,"463,852","19,420,262",41.65,42.00,41.65,41.90,+0.30,651,
111/11/09,"946,780","39,532,807",42.00,42.00,41.50,41.90, 0.00,"1,086",
111/11/10,"680,208","28,353,076",41.80,42.00,41.35,41.70,-0.20,834,
111/11/11,"820,039","34,567,609",42.50,42.50,41.90,42.05,+0.35,831,
111/11/14,"1,125,701","48,128,255",42.15,42.95,42.15,42.90,+0.85,"1,134",
111/11/15,"990,543","42,751,717",42.95,43.35,42.75,43.30,+0.40,973,
111/11/16,"1,124,841","48,265,749",43.50,43.50,42.65,42.75,-0.55,"1,379",
111/11/17,"626,188","26,990,229",42.70,43.50,42.65,43.25,+0.50,688,
111/11/18,"377,815","16,339,111",43.50,43.50,43.10,43.25, 0.00,491,
111/11/21,"252,260","10,922,863",43.25,43.40,43.15,43.40,+0.15,445,
111/11/22,"415,003","17,898,283",43.45,43.45,43.00,43.35,-0.05,554,
111/11/23,"450,492","19,467,084",43.35,43.35,43.10,43.30,-0.05,622,
111/11/24,"852,844","37,177,332",43.35,43.75,43.35,43.55,+0.25,796,
111/11/25,"1,331,622","58,827,230",43.70,44.45,43.70,44.05,+0.50,972,
111/11/28,"933,921","40,881,783",44.05,44.10,43.55,43.75,-0.30,872,
111/11/29,"357,503","15,622,949",43.75,44.05,43.35,44.00,+0.25,570,
111/11/30,"1,745,832","77,653,601",44.00,44.65,44.00,44.55,+0.55,"1,257",
111/12/01,"1,462,188","65,287,456",44.95,45.00,44.40,44.75,+0.20,"1,027",
111/12/02,"700,813","31,359,013",44.75,45.00,44.60,44.75, 0.00,639,
111/12/05,"880,978","39,656,000",44.75,45.35,44.75,44.85,+0.10,817,
111/12/06,"684,961","30,551,055",44.85,44.85,44.30,44.40,-0.45,779,
111/12/07,"580,369","25,913,959",44.40,44.90,44.35,44.75,+0.35,608,
111/12/08,"558,264","24,751,849",44.70,44.75,44.20,44.25,-0.50,674,
111/12/09,"467,998","20,752,172",44.45,44.50,44.15,44.50,+0.25,513,
111/12/12,"556,134","24,660,168",44.50,44.60,44.10,44.50, 0.00,532,
111/12/13,"525,360","23,453,796",44.65,44.80,44.50,44.55,+0.05,579,
111/12/14,"704,294","31,671,694",44.65,45.10,44.65,45.00,+0.45,706,
111/12/15,"371,565","16,663,033",45.20,45.20,44.75,44.80,-0.20,465,
111/12/16,"627,489","27,896,237",44.45,44.70,44.25,44.35,-0.45,625,
111/12/19,"581,879","25,778,827",44.20,44.50,44.10,44.30,-0.05,599,
111/12/20,"870,426","38,910,923",44.30,45.10,44.20,44.40,+0.10,892,
111/12/21,"378,044","16,769,731",44.40,44.70,44.10,44.10,-0.30,453,
111/12/22,"302,054","13,466,201",44.25,44.75,44.25,44.60,+0.50,385,
111/12/23,"1,875,741","84,818,970",44.60,45.50,44.60,45.45,+0.85,"1,433",
111/12/26,"1,436,452","65,257,181",45.60,46.05,45.00,45.00,-0.45,"1,410",
111/12/27,"628,081","28,322,695",45.15,45.40,44.80,45.35,+0.35,607,
111/12/28,"2,741,228","127,228,983",46.00,47.25,45.70,46.05,+0.70,"2,432",
111/12/29,"949,101","43,081,695",46.05,46.05,45.15,45.40,-0.65,"1,305",
111/12/30,"510,906","23,258,945",45.60,45.65,45.35,45.55,+0.15,567,
112/01/03,"536,980","24,324,315",45.55,45.55,45.05,45.45,-0.10,619,
112/01/04,"983,037","44,410,152",45.45,45.60,45.00,45.35,-0.10,836,
112/01/05,"697,120","31,557,489",45.35,45.55,45.15,45.20,-0.15,674,
112/01/06,"629,683","28,503,678",45.20,45.45,45.20,45.25,+0.05,502,
112/01/09,"1,011,636","46,153,194",45.50,45.85,45.40,45.80,+0.55,896,
112/01/10,"1,538,152","70,795,772",45.80,46.30,45.80,46.30,+0.50,"1,124",
112/01/11,"1,345,086","62,442,593",46.50,46.80,46.00,46.05,-0.25,"1,245",
112/01/12,"824,926","38,000,974",46.10,46.30,46.00,46.20,+0.15,789,
112/01/13,"755,645","34,791,507",45.90,46.25,45.90,46.10,-0.10,789,
112/01/16,"1,144,614","52,811,510",46.10,46.50,45.80,45.80,-0.30,"1,207",
112/01/17,"1,076,859","49,358,182",46.05,46.20,45.65,45.85,+0.05,"1,087",
112/01/30,"1,650,532","75,787,203",45.95,46.20,45.65,45.65,-0.20,"1,551",
112/01/31,"1,184,912","54,906,860",46.00,46.50,45.95,46.30,+0.65,999,
112/02/01,"1,918,781","88,309,384",46.40,46.55,45.70,45.80,-0.50,"1,997",
112/02/02,"1,293,690","59,586,410",45.80,46.25,45.80,46.20,+0.40,"1,113",
112/02/03,"1,849,074","86,021,427",46.30,46.85,46.25,46.85,+0.65,"1,426",
112/02/06,"1,490,419","69,479,034",46.85,46.90,46.40,46.65,-0.20,"1,483",
112/02/07,"1,082,649","50,803,449",46.65,47.15,46.65,47.10,+0.45,"1,266",
112/02/08,"1,302,034","61,860,526",47.25,47.65,47.15,47.60,+0.50,"1,334",
112/02/09,"750,829","35,484,780",47.40,47.40,47.10,47.25,-0.35,860,
112/02/10,"2,143,268","99,880,111",47.30,47.30,46.20,46.35,-0.90,"2,250",
112/02/13,"736,847","34,361,892",46.70,47.00,46.45,46.60,+0.25,810,
112/02/14,"712,065","33,215,638",46.65,46.90,46.50,46.65,+0.05,726,
112/02/15,"851,838","39,906,047",46.70,47.00,46.70,46.85,+0.20,871,
112/02/16,"850,734","40,054,748",46.85,47.30,46.80,47.30,+0.45,873,
112/02/17,"686,160","32,281,754",46.90,47.25,46.90,47.05,-0.25,810,
112/02/20,"1,399,752","66,566,564",47.10,47.80,47.10,47.75,+0.70,"1,408",
112/02/21,"2,379,109","114,933,760",47.80,48.75,47.80,48.65,+0.90,"2,037",
112/02/22,"2,730,680","133,608,470",48.55,49.60,48.05,49.05,+0.40,"2,229",
112/02/23,"4,848,697","242,726,743",49.40,50.70,49.40,49.55,+0.50,"3,823",
112/02/24,"3,160,569","158,661,045",50.00,50.70,49.40,50.60,+1.05,"2,961",
112/03/01,"18,929,397","1,007,392,187",51.50,55.50,51.00,51.10,+0.50,"14,853",
112/03/02,"6,783,488","342,179,443",51.30,52.00,49.70,50.00,-1.10,"7,937",
112/03/03,"5,406,274","273,893,427",50.70,51.80,50.00,50.20,+0.20,"3,820",
112/03/06,"6,364,371","329,057,135",52.60,52.70,51.10,51.30,+1.10,"4,597",
112/03/07,"4,361,257","224,661,651",52.40,52.40,50.80,51.20,-0.10,"4,081",
112/03/08,"2,607,566","133,676,630",51.10,51.70,50.80,51.30,+0.10,"2,200",
112/03/09,"2,047,295","104,835,110",51.30,51.50,50.90,51.10,-0.20,"2,130",
112/03/10,"2,653,165","134,540,212",51.00,51.60,50.10,50.30,-0.80,"2,685",
112/03/13,"2,061,363","102,871,387",50.00,50.40,49.50,50.10,-0.20,"2,218",
112/03/14,"1,736,022","87,542,384",50.00,51.20,49.80,50.50,+0.40,"1,722",
112/03/15,"1,487,089","75,219,344",51.10,51.50,50.20,50.30,-0.20,"1,699",
112/03/16,"1,364,029","68,234,885",50.20,50.30,49.85,50.00,-0.30,"1,403",
112/03/17,"1,336,080","66,793,850",50.30,50.50,49.85,49.85,-0.15,"1,409",
112/03/20,"1,188,871","59,158,020",50.10,50.20,49.60,49.65,-0.20,"1,306",
112/03/21,"1,039,746","52,079,043",49.65,50.50,49.55,50.10,+0.45,981,
112/03/22,"1,064,203","53,351,882",50.50,50.60,50.00,50.10, 0.00,972,
112/03/23,"1,050,979","52,562,605",50.00,50.20,49.85,50.00,-0.10,"1,093",
112/03/24,"1,225,390","61,061,140",49.90,50.00,49.65,49.90,-0.10,"1,382",
112/03/27,"1,230,939","61,744,549",50.00,50.50,49.80,50.20,+0.30,"1,139",
112/03/28,"1,191,444","59,790,246",50.30,50.50,50.00,50.30,+0.10,"1,122",
112/03/29,"650,281","32,649,554",50.30,50.50,50.10,50.20,-0.10,748,
112/03/30,"864,868","43,449,564",50.20,50.40,50.00,50.30,+0.10,853,
112/03/31,"2,343,583","119,020,650",50.30,51.10,50.10,51.10,+0.80,"1,844",
112/04/06,"4,399,067","228,130,132",51.50,52.40,51.10,51.90,+0.80,"3,802",
112/04/07,"2,709,470","140,151,440",52.00,52.20,51.20,51.90, 0.00,"2,192",
112/04/10,"1,512,198","78,290,631",51.90,52.00,51.50,52.00,+0.10,"1,417",
112/04/11,"1,276,103","65,944,412",52.00,52.00,51.30,51.40,-0.60,"1,321",
112/04/12,"1,787,006","91,377,950",51.40,51.40,51.00,51.00,-0.40,"1,449",
112/04/13,"2,038,245","105,389,520",51.20,52.00,51.10,52.00,+1.00,"1,506",
112/04/14,"2,059,160","106,881,032",51.80,52.20,51.50,51.90,-0.10,"2,405",
112/04/17,"5,076,911","269,058,710",52.00,53.40,52.00,52.80,+0.90,"4,616",
112/04/18,"3,325,698","176,532,126",53.20,53.70,52.50,52.70,-0.10,"2,914",
112/04/19,"2,093,603","110,113,909",52.70,53.00,52.00,52.60,-0.10,"2,559",
112/04/20,"1,372,893","71,786,312",52.60,53.00,52.00,52.00,-0.60,"3,099",
112/04/21,"1,718,679","88,871,860",52.00,52.40,51.20,51.40,-0.60,"6,505",
112/04/24,"1,377,358","70,397,196",51.40,51.50,50.80,51.30,-0.10,"3,400",
112/04/25,"2,160,488","110,198,204",51.70,51.80,50.70,50.90,-0.40,"1,649",
112/04/26,"1,300,350","66,466,891",50.80,51.50,50.60,51.30,+0.40,"1,106",
112/04/27,"633,410","32,357,511",51.30,51.30,50.80,51.10,-0.20,750,
112/04/28,"988,807","50,541,542",51.30,51.40,50.90,51.30,+0.20,791,
112/05/02,"1,677,871","87,029,381",51.50,52.30,51.40,51.80,+0.50,"1,302",
112/05/03,"2,290,229","119,440,541",52.00,52.50,51.90,52.20,+0.40,"1,779",
112/05/04,"5,371,712","280,613,414",52.00,52.90,51.00,51.80,-0.40,"3,713",
112/05/05,"3,434,943","180,294,719",52.00,52.90,52.00,52.80,+1.00,"2,643",
112/05/08,"6,442,528","344,200,265",53.90,54.00,52.80,53.50,+0.70,"4,071",
112/05/09,"5,651,966","301,940,228",53.50,54.20,52.50,52.70,-0.80,"6,298",
112/05/10,"2,464,890","131,295,702",52.80,53.70,52.80,53.30,+0.60,"2,583",
112/05/11,"2,920,460","152,781,838",53.00,53.10,51.80,52.00,-1.30,"4,927",
112/05/12,"1,230,380","64,324,149",52.00,52.60,51.70,52.50,+0.50,"1,070",
112/05/15,"1,649,037","86,771,589",52.50,52.80,52.20,52.80,+0.30,"1,750",
112/05/16,"3,833,435","204,511,356",53.10,53.60,53.00,53.00,+0.20,"2,327",
112/05/17,"2,491,782","132,899,943",53.00,53.50,53.00,53.50,+0.50,"2,243",
112/05/18,"1,699,862","90,645,527",53.60,53.70,53.10,53.10,-0.40,"2,598",
112/05/19,"1,607,479","85,470,957",53.10,53.40,53.00,53.10, 0.00,"1,295",
112/05/22,"3,962,339","213,081,659",53.20,54.00,53.20,53.70,+0.60,"2,809",
112/05/23,"4,056,146","220,838,943",54.30,55.20,53.90,54.00,+0.30,"3,213",
112/05/24,"1,612,234","86,836,686",54.20,54.30,53.60,53.90,-0.10,"1,818",
112/05/25,"1,687,022","89,880,498",53.90,53.90,53.10,53.30,-0.60,"3,725",
112/05/26,"1,207,286","64,022,505",53.20,53.30,52.80,53.10,-0.20,"1,834",
112/05/29,"1,246,825","65,992,806",53.10,53.30,52.70,52.80,-0.30,"2,362",
112/05/30,"1,627,366","86,504,063",53.00,53.50,52.70,53.30,+0.50,"1,868",
112/05/31,"2,109,271","111,409,524",53.30,53.50,52.50,52.50,-0.80,"4,547",
112/06/01,"1,051,601","55,440,247",52.50,53.00,52.40,52.70,+0.20,"2,085",
112/06/02,"1,494,585","79,451,861",52.70,53.60,52.60,53.20,+0.50,"1,226",
112/06/05,"947,810","50,401,859",53.30,53.40,53.00,53.00,-0.20,"1,508",
112/06/06,"923,668","48,771,968",53.30,53.30,52.60,52.80,-0.20,"4,538",
112/06/07,"1,678,078","89,130,593",52.80,53.40,52.80,53.30,+0.50,"1,498",
112/06/08,"1,968,410","105,167,915",53.30,53.60,53.10,53.50,+0.20,"1,233",
112/06/09,"1,089,849","58,195,912",53.50,53.50,53.20,53.50, 0.00,"1,013",
112/06/12,"1,252,508","66,303,524",53.50,53.50,52.70,52.70,-0.80,"5,352",
112/06/13,"1,634,630","86,386,287",52.90,53.30,52.50,52.90,+0.20,"2,162",
112/06/14,"1,742,418","91,432,582",53.00,53.00,52.00,52.50,-0.40,"3,295",
112/06/15,"787,070","41,503,816",52.50,52.90,52.50,52.90,+0.40,"1,119",
112/06/16,"1,593,368","83,921,666",53.10,53.10,52.50,52.50,-0.40,"4,274",
112/06/19,"827,488","43,453,118",52.90,52.90,52.30,52.40,-0.10,"1,873",
112/06/20,"3,306,512","170,119,687",52.30,52.30,51.10,51.40,-1.00,"14,825",
112/06/21,"1,507,276","77,998,783",51.10,52.10,51.10,52.10,+0.70,"1,894",
112/06/26,"1,073,076","55,967,398",52.00,52.60,51.70,52.20,+0.10,"1,378",
112/06/27,"1,173,503","61,156,334",52.00,52.50,52.00,52.00,-0.20,"1,537",
112/06/28,"1,285,523","67,499,800",52.40,52.80,52.10,52.70,+0.70,"1,103",
112/06/29,"1,452,218","77,131,066",52.80,53.50,52.70,52.80,+0.10,"1,333",
112/06/30,"2,556,059","136,471,929",53.00,53.70,52.90,53.30,+0.50,"1,637",
112/07/03,"1,868,960","99,781,811",53.60,53.60,53.20,53.30, 0.00,"1,351",
112/07/04,"2,135,521","113,958,699",53.50,53.60,53.20,53.30, 0.00,"1,125",
112/07/05,"1,794,202","95,359,629",53.20,53.50,52.90,52.90,-0.40,"2,288",
112/07/06,"1,865,953","97,662,498",52.80,53.00,51.80,52.10,-0.80,"1,543",
112/07/07,"1,275,785","66,074,170",52.00,52.10,51.60,51.80,-0.30,964,
112/07/10,"3,064,052","160,678,380",52.10,52.90,52.10,52.50,+0.70,"1,556",
112/07/11,"3,571,723","185,492,222",51.50,52.50,51.40,52.00,X0.00,"1,825",
112/07/12,"1,883,242","97,564,707",52.00,52.20,51.50,51.80,-0.20,"1,215",
112/07/13,"3,732,091","194,046,708",51.90,52.30,51.70,51.80, 0.00,"1,696",
112/07/14,"5,544,217","293,901,689",52.10,53.80,52.10,52.60,+0.80,"3,454",
112/07/17,"16,543,609","914,626,760",53.70,56.50,53.60,55.90,+3.30,"10,186",
112/07/18,"15,344,109","870,910,312",56.00,58.80,55.10,55.90, 0.00,"9,321",
112/07/19,"9,335,391","531,982,232",56.80,57.80,56.30,56.30,+0.40,"5,317",
112/07/20,"11,538,090","672,214,234",57.50,59.30,57.10,58.60,+2.30,"7,532",
112/07/21,"9,280,595","547,387,574",58.90,59.50,58.10,59.00,+0.40,"8,678",
112/07/24,"5,574,108","329,537,865",60.00,60.00,58.40,59.00, 0.00,"5,171",
112/07/25,"4,858,719","282,835,943",59.00,59.20,57.60,58.10,-0.90,"4,858",
112/07/26,"5,697,116","334,677,839",58.30,59.60,57.60,59.00,+0.90,"3,420",
112/07/27,"4,311,153","254,665,135",59.90,59.90,58.40,59.50,+0.50,"3,768",
112/07/28,"3,212,431","189,735,528",59.50,59.50,58.50,59.40,-0.10,"2,267",
112/07/31,"9,115,133","549,756,552",59.50,61.50,59.40,59.80,+0.40,"6,519",
112/08/01,"13,980,499","861,605,069",60.00,62.40,60.00,62.20,+2.40,"10,501",
112/08/02,"14,775,697","920,067,556",63.40,64.00,60.60,61.40,-0.80,"11,171",
112/08/04,"20,426,712","1,173,144,222",61.10,61.50,55.30,56.70,-4.70,"38,224",
112/08/07,"7,902,416","463,131,413",57.70,59.40,57.50,58.80,+2.10,"4,567",
112/08/08,"5,298,808","313,995,836",59.80,60.30,58.50,58.90,+0.10,"4,647",
112/08/09,"16,518,240","900,246,809",54.10,55.60,53.10,55.40,-3.50,"23,252",
112/08/10,"5,484,155","297,888,559",55.30,55.90,53.80,54.30,-1.10,"3,917",
112/08/11,"3,131,884","169,356,991",54.30,54.70,53.50,54.10,-0.20,"2,081",
112/08/14,"6,251,435","330,094,895",53.50,53.60,52.00,52.90,-1.20,"4,387",
112/08/15,"1,759,622","93,733,981",53.00,53.60,53.00,53.10,+0.20,"1,434",
112/08/16,"3,419,271","183,034,061",53.30,54.40,52.60,53.40,+0.30,"2,730",
112/08/17,"2,178,283","117,356,937",54.00,54.10,53.40,54.00,+0.60,"1,900",
112/08/18,"5,573,568","306,636,344",54.70,55.70,54.50,54.70,+0.70,"3,327",
112/08/21,"2,300,670","125,467,720",54.70,55.40,54.10,54.30,-0.40,"2,309",
112/08/22,"1,153,451","62,819,420",54.50,54.90,54.20,54.60,+0.30,935,
112/08/23,"1,204,010","65,464,754",54.40,54.80,54.10,54.30,-0.30,908,
112/08/24,"1,715,976","92,737,628",54.30,54.50,53.80,53.80,-0.50,"1,440",
112/08/25,"1,464,311","79,728,833",53.80,54.80,53.80,54.30,+0.50,"1,141",
112/08/28,"1,813,801","98,589,384",54.40,55.00,53.90,54.20,-0.10,"1,598",
112/08/29,"1,309,639","71,578,289",54.50,55.00,54.20,54.80,+0.60,"1,268",
112/08/30,"1,634,148","88,941,370",54.90,55.00,54.20,54.30,-0.50,"1,679",
112/08/31,"1,782,591","97,688,307",54.60,55.20,54.30,54.60,+0.30,"1,280",
112/09/01,"1,428,369","78,462,262",54.50,55.30,54.40,55.00,+0.40,"1,527",
112/09/04,"4,452,690","249,184,834",55.60,56.60,55.10,56.10,+1.10,"3,207",
112/09/05,"2,420,898","134,894,739",56.10,56.60,55.30,55.40,-0.70,"2,573",
112/09/06,"2,168,708","118,992,732",55.40,55.50,54.50,54.80,-0.60,"1,986",
112/09/07,"1,418,014","77,683,968",54.40,55.20,54.40,54.60,-0.20,970,
112/09/08,"992,906","54,220,018",54.70,55.00,54.40,54.50,-0.10,"1,008",
112/09/11,"1,475,985","80,037,793",54.50,54.70,54.00,54.20,-0.30,"1,080",
112/09/12,"1,266,346","68,560,929",54.30,54.50,53.80,54.20, 0.00,"1,201",
112/09/13,"2,435,814","131,714,648",54.00,54.80,53.80,54.30,+0.10,"1,396",
112/09/14,"1,301,176","71,556,476",55.00,55.30,54.60,54.90,+0.60,"1,090",
112/09/15,"2,323,997","128,610,133",55.00,55.60,54.90,55.60,+0.70,"2,077",
112/09/18,"1,541,996","85,538,497",55.70,55.70,55.30,55.30,-0.30,"1,130",
112/09/19,"1,892,069","103,214,162",55.30,55.30,54.20,54.40,-0.90,"1,742",
112/09/20,"2,820,431","153,358,658",54.80,55.20,53.90,54.20,-0.20,"2,463",
112/09/21,"1,076,614","58,233,967",54.20,54.60,53.70,54.30,+0.10,"1,263",
112/09/22,"1,301,755","70,169,540",54.20,54.20,53.70,54.00,-0.30,"1,247",
112/09/25,"2,402,374","132,372,602",54.50,55.50,54.50,55.20,+1.20,"1,772",
112/09/26,"1,326,817","72,438,204",55.40,55.40,54.30,54.30,-0.90,"2,032",
112/09/27,"796,755","43,139,794",54.10,54.40,54.00,54.10,-0.20,784,
112/09/28,"1,464,748","79,168,316",54.30,54.40,53.80,53.80,-0.30,"1,281",
112/10/02,"1,227,924","66,142,254",53.80,54.30,53.60,53.80, 0.00,"1,195",
112/10/03,"2,420,635","128,908,261",53.80,53.80,53.00,53.10,-0.70,"2,311",
112/10/04,"3,008,582","157,227,453",53.10,53.10,52.00,52.10,-1.00,"3,248",
112/10/05,"1,086,834","57,192,636",52.40,52.80,52.30,52.60,+0.50,903,
112/10/06,"888,845","46,952,630",52.50,53.00,52.40,52.80,+0.20,818,
112/10/11,"1,610,528","85,081,717",52.90,53.10,52.60,52.70,-0.10,"1,339",
112/10/12,"895,996","47,426,296",52.90,53.20,52.70,53.20,+0.50,771,
112/10/13,"1,385,736","73,638,905",53.30,53.60,52.80,52.80,-0.40,"1,141",
112/10/16,"976,069","51,305,867",52.80,52.80,52.40,52.50,-0.30,"1,014",
112/10/17,"1,514,244","79,309,352",52.60,52.60,52.20,52.20,-0.30,"1,314",
112/10/18,"2,140,861","110,847,477",52.00,52.20,51.60,51.60,-0.60,"2,044",
112/10/19,"450,520","23,368,714",51.60,52.00,51.50,51.80,+0.20,542,
112/10/20,"1,809,676","92,655,060",51.60,51.60,50.90,51.20,-0.60,"1,667",
112/10/23,"1,112,244","57,297,755",51.40,52.00,51.20,51.60,+0.40,856,
112/10/24,"563,322","29,165,874",51.70,52.00,51.50,51.70,+0.10,614,
112/10/25,"616,838","32,103,770",51.80,52.20,51.80,51.90,+0.20,657,
112/10/26,"963,732","49,663,232",51.80,51.90,51.30,51.40,-0.50,"1,121",
112/10/27,"603,180","31,262,870",51.40,52.00,51.40,51.90,+0.50,597,
112/10/30,"788,225","40,831,506",52.00,52.20,51.60,51.60,-0.30,745,
112/10/31,"1,854,431","94,915,161",51.60,51.80,50.80,50.80,-0.80,"1,609",
112/11/01,"1,248,755","64,432,160",51.20,51.90,51.10,51.90,+1.10,716,
112/11/02,"762,302","39,643,018",51.90,52.10,51.80,52.10,+0.20,906,
112/11/03,"807,157","42,348,007",52.40,52.70,52.20,52.50,+0.40,673,
112/11/06,"1,080,259","57,139,201",52.80,53.10,52.70,52.80,+0.30,846,
112/11/07,"531,744","28,039,722",52.80,52.90,52.50,52.80, 0.00,"1,134",
112/11/08,"633,990","33,545,919",53.10,53.10,52.80,53.00,+0.20,664,
112/11/09,"599,803","31,724,493",53.20,53.20,52.80,52.80,-0.20,683,
112/11/10,"2,666,258","143,300,128",53.50,54.10,53.40,53.60,+0.80,"1,993",
112/11/13,"1,545,474","82,226,560",54.00,54.00,52.80,53.00,-0.60,"1,382",
112/11/14,"820,403","43,684,788",53.10,53.50,53.10,53.20,+0.20,718,
112/11/15,"1,964,953","105,622,821",53.40,54.00,53.40,53.90,+0.70,"1,784",
112/11/16,"1,699,665","92,006,869",54.00,54.50,53.70,54.00,+0.10,"2,104",
112/11/17,"1,433,297","77,253,349",54.00,54.10,53.70,53.90,-0.10,"1,265",
112/11/20,"1,357,766","72,927,000",54.00,54.20,53.50,53.60,-0.30,"1,215",
112/11/21,"2,387,730","129,778,121",53.90,54.70,53.80,54.50,+0.90,"1,740",
112/11/22,"1,938,829","106,412,100",54.60,55.20,54.40,54.90,+0.40,"1,522",
112/11/23,"2,676,551","148,127,608",55.00,55.70,54.80,55.20,+0.30,"1,963",
112/11/24,"1,344,412","74,013,080",55.20,55.30,54.80,55.30,+0.10,"1,244",
112/11/27,"1,505,900","83,292,375",55.50,56.10,55.00,55.00,-0.30,"2,767",
112/11/28,"1,673,875","93,095,278",55.30,55.80,55.20,55.80,+0.80,"1,417",
112/11/29,"1,456,670","81,384,819",55.80,56.10,55.70,55.90,+0.10,"1,308",
112/11/30,"1,948,046","109,534,904",56.10,56.50,55.90,56.30,+0.40,"1,614",
112/12/01,"1,550,005","86,736,799",56.40,56.40,55.60,55.80,-0.50,"3,198",
112/12/04,"1,918,811","107,900,007",55.90,56.50,55.90,56.10,+0.30,"1,465",
112/12/05,"2,356,681","133,026,524",56.60,56.60,56.20,56.50,+0.40,"1,643",
112/12/06,"2,807,414","160,667,404",56.60,57.60,56.40,57.40,+0.90,"2,496",
112/12/07,"1,911,091","109,152,551",57.40,57.90,56.60,56.80,-0.60,"3,563",
112/12/08,"1,324,383","75,857,394",57.00,57.60,57.00,57.20,+0.40,"1,232",
112/12/11,"979,900","56,002,660",57.40,57.60,57.00,57.00,-0.20,"1,206",
112/12/12,"1,536,634","87,776,584",57.00,57.40,56.90,57.20,+0.20,"1,247",
112/12/13,"2,242,556","126,755,339",57.40,57.50,56.00,56.30,-0.90,"6,852",
112/12/14,"2,226,079","126,386,974",56.30,57.00,56.30,56.90,+0.60,"1,632",
112/12/15,"1,666,613","94,814,020",57.00,57.10,56.60,57.00,+0.10,"2,802",
112/12/18,"4,995,021","289,739,222",57.00,58.40,56.80,58.40,+1.40,"4,055",
112/12/19,"5,017,782","291,992,662",58.40,58.70,57.40,58.60,+0.20,"5,808",
112/12/20,"4,439,169","259,391,312",58.60,58.80,57.80,58.80,+0.20,"5,158",
112/12/21,"4,532,087","266,570,891",58.30,59.20,58.00,59.20,+0.40,"3,884",
112/12/22,"4,572,292","268,379,722",59.00,59.00,58.30,59.00,-0.20,"4,665",
112/12/25,"2,316,133","134,434,974",58.90,58.90,57.70,57.70,-1.30,"3,949",
112/12/26,"956,253","55,230,855",57.50,58.00,57.40,58.00,+0.30,"1,101",
112/12/27,"1,551,296","89,271,954",58.00,58.00,57.30,57.50,-0.50,"1,520",
112/12/28,"768,497","44,303,300",57.60,57.80,57.50,57.80,+0.30,835,
112/12/29,"3,553,383","208,682,080",58.30,59.30,58.30,58.50,+0.70,"2,613",
113/01/02,"1,849,693","108,361,454",58.70,59.00,58.20,58.90,+0.40,"1,954",
113/01/03,"2,540,363","148,774,515",58.90,58.90,58.30,58.80,-0.10,"1,611",
113/01/04,"1,967,491","114,513,554",58.80,58.80,57.90,58.20,-0.60,"1,687",
113/01/05,"2,154,917","124,223,020",58.20,58.20,57.30,57.60,-0.60,"2,016",
113/01/08,"1,016,493","58,708,850",57.70,58.10,57.50,57.80,+0.20,928,
113/01/09,"1,766,922","101,058,140",58.10,58.10,57.00,57.10,-0.70,"1,632",
113/01/10,"1,657,632","93,960,734",57.00,57.20,56.10,57.00,-0.10,"1,374",
113/01/11,"1,800,663","102,552,259",56.80,57.20,56.70,56.80,-0.20,"1,163",
113/01/12,"1,583,801","90,089,659",57.30,57.30,56.50,57.00,+0.20,928,
113/01/15,"1,024,462","59,028,443",57.20,58.00,57.10,58.00,+1.00,837,
113/01/16,"1,146,868","65,721,046",57.30,57.80,57.00,57.40,-0.60,"1,284",
113/01/17,"2,354,802","135,330,210",57.40,57.80,57.00,57.70,+0.30,"1,710",
113/01/18,"1,690,021","96,791,019",57.70,57.80,56.90,57.10,-0.60,"2,269",
113/01/19,"681,157","38,950,841",57.10,57.30,57.10,57.30,+0.20,611,
113/01/22,"733,333","42,014,461",57.40,57.50,57.10,57.40,+0.10,913,
113/01/23,"1,225,855","70,768,696",57.60,58.00,57.40,57.80,+0.40,"1,103",
113/01/24,"965,857","55,630,801",58.00,58.00,57.40,57.50,-0.30,"1,633",
113/01/25,"1,519,693","88,190,772",57.50,58.30,57.50,58.10,+0.60,"1,364",
113/01/26,"1,106,039","64,360,163",58.10,58.70,57.90,58.20,+0.10,"1,532",
113/01/29,"753,611","43,885,291",58.10,58.40,58.10,58.30,+0.10,821,
113/01/30,"1,136,989","65,796,357",58.30,58.40,57.60,57.70,-0.60,"2,329",
113/01/31,"1,051,810","60,719,764",57.70,57.90,57.60,57.70, 0.00,"1,232",
113/02/01,"1,017,287","58,952,297",57.80,58.30,57.80,57.80,+0.10,"1,193",
113/02/02,"820,957","47,582,463",58.00,58.20,57.80,58.00,+0.20,872,
113/02/05,"1,517,069","88,143,710",58.00,58.30,57.70,58.20,+0.20,"1,633",
113/02/15,"2,672,000","152,953,459",58.20,58.30,56.90,57.20,-1.00,"4,711",
113/02/16,"1,672,081","95,562,363",57.20,57.60,57.00,57.00,-0.20,"1,523",
113/02/19,"1,473,641","84,938,259",57.00,58.10,57.00,58.00,+1.00,"1,227",
113/02/20,"1,879,171","109,135,027",58.10,58.70,57.80,57.80,-0.20,"1,375",
113/02/21,"2,552,997","149,281,064",58.00,58.70,57.90,58.50,+0.70,"1,735",
113/02/22,"1,609,076","94,258,348",58.70,58.80,58.20,58.60,+0.10,"1,722",
113/02/23,"2,082,320","122,612,240",58.60,59.30,58.60,58.70,+0.10,"1,507",
113/02/26,"1,769,153","104,515,278",58.90,59.40,58.90,59.00,+0.30,"1,366",
113/02/27,"1,592,630","93,383,679",59.20,59.30,58.00,58.50,-0.50,"2,963",
113/02/29,"1,159,126","67,824,341",58.60,58.90,58.30,58.40,-0.10,"2,651",
113/03/01,"1,263,651","74,433,818",58.60,59.10,58.50,58.90,+0.50,"1,035",
113/03/04,"1,608,077","94,734,650",59.00,59.30,58.70,58.70,-0.20,"2,716",
113/03/05,"5,069,706","303,832,407",58.80,60.50,58.80,60.30,+1.60,"3,435",
113/03/06,"2,214,505","133,515,537",60.30,60.60,60.00,60.40,+0.10,"1,907",
113/03/07,"1,819,594","109,395,797",60.40,60.50,59.60,60.30,-0.10,"2,856",
113/03/08,"2,122,440","126,698,066",60.10,60.20,59.30,59.40,-0.90,"3,816",
113/03/11,"1,599,077","95,406,745",59.40,60.10,59.40,59.60,+0.20,"2,615",
113/03/12,"2,077,800","124,760,528",59.50,60.40,59.50,60.10,+0.50,"2,359",
113/03/13,"2,148,858","129,623,441",60.10,60.90,60.00,60.10, 0.00,"2,593",
113/03/14,"4,648,065","283,650,377",60.40,61.80,60.30,60.50,+0.40,"6,651",
113/03/15,"14,066,662","806,054,420",59.40,59.40,56.40,56.80,-3.70,"14,432",
113/03/18,"4,080,631","231,281,359",56.80,57.30,56.00,57.10,+0.30,"3,339",
113/03/19,"1,854,016","106,455,044",57.10,57.70,57.10,57.20,+0.10,"2,000",
113/03/20,"3,358,266","195,572,213",57.50,58.70,57.50,58.20,+1.00,"2,511",
113/03/21,"2,047,444","119,295,176",58.60,58.80,58.00,58.20, 0.00,"1,993",
113/03/22,"1,787,753","103,354,998",58.20,58.40,57.60,57.60,-0.60,"1,878",
113/03/25,"1,268,363","73,313,191",57.80,58.00,57.70,57.70,+0.10,"1,203",
113/03/26,"1,256,118","72,284,241",57.80,58.00,57.20,57.40,-0.30,"1,179",
113/03/27,"765,061","44,171,852",57.40,58.00,57.40,57.80,+0.40,801,
113/03/28,"1,257,386","72,783,782",57.80,58.20,57.60,57.70,-0.10,"1,207",
113/03/29,"1,489,810","85,878,406",57.80,58.00,57.50,57.70, 0.00,"2,110",
113/04/01,"1,125,963","65,465,289",57.80,58.40,57.80,58.20,+0.50,"1,332",
113/04/02,"1,394,632","80,768,366",58.10,58.20,57.60,57.80,-0.40,"1,317",
113/04/03,"1,438,215","82,772,649",57.60,57.80,57.30,57.60,-0.20,"1,258",
113/04/08,"1,095,097","63,328,088",57.40,58.10,57.40,58.00,+0.40,"1,314",
113/04/09,"1,568,219","90,991,366",58.00,58.20,57.70,58.00, 0.00,"1,129",
113/04/10,"1,658,532","96,370,556",58.10,58.30,57.80,58.00, 0.00,"1,694",
113/04/11,"2,146,895","123,161,936",57.80,57.80,57.10,57.40,-0.60,"4,227",
113/04/12,"1,731,837","99,160,624",57.30,57.50,57.10,57.20,-0.20,"1,183",
113/04/15,"3,744,067","211,415,405",56.90,56.90,56.20,56.30,-0.90,"2,977",
113/04/16,"3,428,547","189,826,877",56.10,56.20,55.10,55.20,-1.10,"3,034",
113/04/17,"1,947,076","108,687,591",55.50,56.20,55.40,55.60,+0.40,"1,555",
113/04/18,"3,213,943","179,152,718",55.60,56.20,55.30,55.70,+0.10,"1,927",
113/04/19,"5,272,189","293,001,319",55.70,56.30,54.70,55.50,-0.20,"3,684",
113/04/22,"4,127,343","232,664,215",56.20,56.90,55.90,56.40,+0.90,"3,031",
113/04/23,"4,133,756","235,574,362",56.60,57.40,56.40,57.40,+1.00,"2,856",
113/04/24,"4,287,713","244,754,072",57.50,57.50,56.90,57.00,-0.40,"4,390",
113/04/25,"1,200,909","68,600,737",57.00,57.40,56.60,57.40,+0.40,"1,373",
113/04/26,"1,485,240","84,591,140",57.00,57.20,56.60,57.00,-0.40,"2,653",
113/04/29,"1,546,853","88,699,987",57.10,57.50,57.10,57.50,+0.50,"1,183",
113/04/30,"1,543,723","88,643,175",57.30,57.90,57.20,57.20,-0.30,"1,604",
113/05/02,"876,297","50,118,220",57.20,57.50,57.00,57.40,+0.20,991,
113/05/03,"998,234","57,124,013",57.60,57.60,57.00,57.00,-0.40,748,
113/05/06,"994,988","57,056,692",57.20,57.60,57.10,57.40,+0.40,928,
113/05/07,"1,631,889","93,838,907",57.50,57.70,57.10,57.50,+0.10,"1,304",
113/05/08,"2,103,056","121,689,165",57.50,58.30,57.40,58.10,+0.60,"1,255",
113/05/09,"1,307,557","76,147,481",58.30,58.40,58.10,58.10, 0.00,"1,014",
113/05/10,"1,542,741","89,559,575",58.10,58.50,57.60,57.60,-0.50,"2,857",
113/05/13,"1,857,178","107,918,048",57.70,58.40,57.60,58.10,+0.50,"1,479",
113/05/14,"1,328,263","77,408,846",58.30,58.70,58.00,58.10, 0.00,910,
113/05/15,"1,323,078","76,974,759",58.50,58.50,58.00,58.20,+0.10,"1,813",
113/05/16,"1,829,327","106,053,235",58.50,58.50,57.60,57.60,-0.60,"4,343",
113/05/17,"833,035","48,265,894",58.10,58.10,57.70,58.10,+0.50,697,
113/05/20,"2,766,864","162,324,428",59.00,59.00,58.30,58.40,+0.30,"1,859",
113/05/21,"1,186,298","68,983,211",58.40,58.50,57.80,58.10,-0.30,"1,419",
113/05/22,"1,267,099","73,576,044",58.10,58.40,57.80,58.00,-0.10,"2,172",
113/05/23,"1,699,368","97,723,022",57.80,58.00,57.20,57.20,-0.80,"2,587",
113/05/24,"856,133","48,859,820",57.10,57.40,56.70,57.10,-0.10,797,
113/05/27,"1,676,475","95,297,612",57.00,57.10,56.70,56.80,-0.30,"1,611",
113/05/28,"2,550,287","144,228,717",56.80,57.00,56.30,56.30,-0.50,"2,350",
113/05/29,"2,282,285","128,688,287",56.30,56.70,56.00,56.70,+0.40,"1,911",
113/05/30,"1,234,516","69,870,681",56.70,56.80,56.50,56.50,-0.20,"1,140",
113/05/31,"1,604,107","91,433,622",56.50,57.30,56.50,57.30,+0.80,"1,116",
113/06/03,"1,381,290","78,502,514",57.20,57.20,56.70,56.70,-0.60,"1,326",
113/06/04,"1,489,977","84,988,884",56.80,57.20,56.80,57.20,+0.50,"1,267",
113/06/05,"1,196,041","68,469,408",57.20,57.50,57.00,57.30,+0.10,"1,049",
113/06/06,"1,033,957","59,051,773",57.30,57.40,56.90,57.20,-0.10,983,
113/06/07,"1,057,243","60,368,801",57.00,57.30,57.00,57.10,-0.10,991,
113/06/11,"1,393,120","79,552,073",57.10,57.20,57.00,57.00,-0.10,"1,056",
113/06/12,"1,305,292","74,214,598",57.00,57.20,56.70,56.90,-0.10,"1,139",
113/06/13,"1,118,498","63,582,654",56.90,56.90,56.70,56.90, 0.00,"1,049",
113/06/14,"943,838","53,736,881",56.90,57.20,56.70,57.00,+0.10,841,
113/06/17,"1,174,088","66,964,526",57.00,57.30,56.90,57.30,+0.30,"1,482",
113/06/18,"809,998","46,335,134",57.30,57.40,57.10,57.20,-0.10,"1,354",
113/06/19,"1,440,179","82,052,596",57.20,57.30,56.80,57.00,-0.20,"1,513",
113/06/20,"1,482,861","84,400,432",57.20,57.20,56.80,57.00, 0.00,"1,153",
113/06/21,"2,912,245","165,273,608",57.00,57.00,56.70,56.70,-0.30,"1,232",
113/06/24,"886,455","50,189,173",56.70,56.70,56.50,56.60,-0.10,995,
113/06/25,"731,875","41,574,103",56.70,57.00,56.60,57.00,+0.40,756,
113/06/26,"1,350,253","76,858,445",57.00,57.40,56.60,56.70,-0.30,"1,043",
113/06/27,"1,283,939","72,941,862",56.70,57.10,56.50,56.90,+0.20,"1,191",
113/06/28,"1,181,500","67,507,630",56.90,57.30,56.80,57.20,+0.30,"1,020",
113/07/01,"1,143,116","65,209,863",57.20,57.20,56.90,57.10,-0.10,"1,589",
113/07/02,"1,402,962","79,817,902",57.00,57.10,56.70,56.70,-0.40,968,
113/07/03,"1,189,124","67,681,174",56.80,57.10,56.70,57.00,+0.30,941,
113/07/04,"2,197,485","126,283,468",57.00,57.80,57.00,57.70,+0.70,"1,488",
113/07/05,"1,226,622","70,841,938",57.80,57.90,57.60,57.70, 0.00,"1,137",
113/07/08,"1,400,081","81,003,316",57.80,58.00,57.60,58.00,+0.30,"1,185",
113/07/09,"982,531","56,483,704",57.80,57.90,57.20,57.30,-0.70,"2,590",
113/07/10,"863,444","49,435,793",57.30,57.60,57.10,57.10,-0.20,"1,906",
113/07/11,"1,200,547","68,790,806",57.10,57.80,57.00,57.30,+0.20,"1,163",
113/07/12,"864,292","49,699,995",57.50,57.70,57.30,57.60,+0.30,686,
113/07/15,"1,566,400","90,935,531",57.70,58.20,57.60,58.00,+0.40,"1,224",
113/07/16,"1,230,900","71,665,422",58.00,58.40,57.90,58.30,+0.30,"1,108",
113/07/17,"1,542,822","89,818,903",58.40,58.50,58.00,58.00,-0.30,"1,735",
113/07/18,"2,136,872","124,553,253",58.00,58.60,57.60,58.40,+0.40,"1,318",
113/07/19,"1,146,475","66,102,475",58.10,58.20,57.40,57.60,-0.80,"3,987",
113/07/22,"1,522,106","87,331,643",57.60,57.60,57.00,57.50,-0.10,"1,880",
113/07/23,"1,380,478","80,316,062",57.50,58.40,57.50,58.10,+0.60,"1,155",
113/07/26,"1,155,356","66,446,531",57.90,57.90,57.30,57.40,-0.70,"3,907",
113/07/29,"1,493,365","86,492,979",57.50,58.30,57.50,57.60,+0.20,"1,392",
113/07/30,"1,219,927","69,863,403",57.50,57.60,57.00,57.40,-0.20,"3,353",
113/07/31,"1,725,967","99,221,062",57.50,57.70,57.20,57.50,+0.10,"2,737",
113/08/01,"3,434,470","188,746,875",55.20,55.30,54.60,55.20,X0.00,"4,009",
113/08/02,"2,701,582","147,176,043",55.20,55.30,54.20,54.20,-1.00,"2,838",
113/08/05,"3,341,510","172,647,142",53.70,53.70,50.60,51.30,-2.90,"3,553",
113/08/06,"2,336,876","121,076,232",52.30,52.40,51.10,52.20,+0.90,"1,982",
113/08/07,"979,381","51,731,922",52.00,53.20,52.00,53.00,+0.80,"1,139",
113/08/08,"929,099","49,212,147",52.50,53.30,52.50,52.90,-0.10,"1,043",
113/08/09,"798,940","42,611,105",53.30,53.80,53.00,53.00,+0.10,924,
113/08/12,"709,117","37,543,527",53.00,53.30,52.80,52.80,-0.20,910,
113/08/13,"820,530","43,078,188",53.20,53.20,52.30,52.50,-0.30,"1,058",
113/08/14,"571,590","30,119,117",52.50,53.00,52.40,52.60,+0.10,"1,177",
113/08/15,"516,487","27,055,879",52.60,52.70,52.20,52.20,-0.40,881,
113/08/16,"1,060,887","55,367,139",52.50,52.60,52.00,52.00,-0.20,"1,374",
113/08/19,"912,836","47,388,767",52.20,52.30,51.50,52.00, 0.00,"1,119",
113/08/20,"983,389","51,284,072",52.10,52.60,51.80,51.90,-0.10,"1,016",
113/08/21,"867,950","45,246,571",52.30,52.50,51.90,52.10,+0.20,880,
113/08/22,"628,690","32,750,719",52.40,52.40,52.00,52.10, 0.00,628,
113/08/23,"728,825","37,832,725",52.10,52.20,51.80,51.90,-0.20,814,
113/08/26,"797,972","41,634,019",52.20,52.50,51.90,51.90, 0.00,"1,028",
113/08/27,"1,237,288","63,998,845",51.80,52.10,51.50,52.10,+0.20,"1,244",
113/08/28,"1,507,560","79,379,919",52.10,53.00,52.10,52.80,+0.70,"1,237",
113/08/29,"894,773","46,985,920",52.80,52.80,52.30,52.70,-0.10,878,
113/08/30,"1,323,874","70,326,108",52.90,53.60,52.60,53.60,+0.90,"1,078",
113/09/02,"873,824","46,146,942",53.50,53.50,52.60,52.80,-0.80,897,
113/09/03,"545,377","28,634,243",52.80,52.80,52.30,52.50,-0.30,699,
113/09/04,"1,979,496","101,619,958",51.20,51.80,50.90,51.30,-1.20,"2,192",
113/09/05,"1,185,524","60,832,402",51.50,51.80,51.00,51.00,-0.30,"1,424",
113/09/06,"759,191","38,814,250",51.10,51.40,50.80,51.20,+0.20,935,
113/09/09,"1,106,117","56,258,423",50.70,51.20,50.60,51.20, 0.00,"1,430",
113/09/10,"1,178,636","60,137,378",51.10,51.40,50.80,50.90,-0.30,"1,121",
113/09/11,"1,144,334","58,311,739",50.90,51.10,50.80,50.90, 0.00,"1,064",
113/09/12,"1,017,079","51,933,651",51.30,51.30,50.90,51.00,+0.10,903,
113/09/13,"741,064","37,815,071",51.10,51.20,50.90,50.90,-0.10,776,
113/09/16,"734,898","37,632,510",51.00,51.40,51.00,51.30,+0.40,907,
113/09/18,"941,728","48,361,756",51.50,51.60,51.10,51.40,+0.10,972,
113/09/19,"738,350","37,953,210",51.40,51.60,51.20,51.30,-0.10,738,
113/09/20,"6,264,644","321,513,050",51.30,52.00,51.20,51.20,-0.10,"1,206",
113/09/23,"829,754","42,873,065",51.80,51.90,51.50,51.50,+0.30,919,
113/09/24,"684,964","35,150,147",51.30,51.50,51.20,51.30,-0.20,798,
113/09/25,"884,393","45,507,061",51.40,51.70,51.30,51.40,+0.10,942,
113/09/26,"682,286","35,133,999",51.70,51.70,51.30,51.30,-0.10,832,
113/09/27,"1,418,485","73,703,888",51.80,52.30,51.50,52.20,+0.90,"1,185",
113/09/30,"1,531,705","79,339,107",52.40,52.70,51.50,51.50,-0.70,"1,281",
113/10/01,"522,025","26,981,799",52.00,52.00,51.50,51.70,+0.20,529,
113/10/04,"675,620","34,970,417",51.70,52.00,51.50,51.90,+0.20,711,
113/10/07,"1,166,293","61,267,522",52.10,53.00,52.10,52.40,+0.50,"1,206",
113/10/08,"877,844","45,694,090",52.10,52.50,51.90,51.90,-0.50,968,
113/10/09,"728,239","37,905,053",52.00,52.30,51.80,52.00,+0.10,767,
113/10/11,"567,102","29,444,321",52.00,52.10,51.70,52.10,+0.10,777,
113/10/14,"755,490","39,025,837",51.90,51.90,51.50,51.80,-0.30,900,
113/10/15,"610,913","31,595,902",51.80,52.00,51.50,51.90,+0.10,729,
113/10/16,"1,909,737","97,331,783",51.70,51.70,50.50,50.50,-1.40,"1,478",
113/10/17,"1,010,050","51,641,821",51.00,51.50,50.70,51.20,+0.70,"1,209",
113/10/18,"566,019","29,094,416",51.40,51.60,51.10,51.50,+0.30,615,
113/10/21,"544,135","28,055,953",51.60,51.80,51.30,51.50, 0.00,668,
113/10/22,"757,393","38,951,515",51.50,51.60,51.20,51.50, 0.00,721,
113/10/23,"1,012,488","51,733,115",51.50,51.60,50.90,50.90,-0.60,"1,315",
113/10/24,"590,858","30,077,525",50.90,51.20,50.70,50.90, 0.00,693,
113/10/25,"487,719","24,818,331",50.90,51.10,50.70,50.90, 0.00,580,
113/10/28,"549,030","28,095,125",50.90,51.50,50.90,51.10,+0.20,612,
113/10/29,"892,044","45,577,398",51.00,51.20,50.80,51.20,+0.10,894,
113/10/30,"759,794","38,974,307",51.40,51.50,51.00,51.20, 0.00,689,
113/11/01,"1,052,253","54,103,531",51.20,51.60,50.80,51.60,+0.40,"1,019",
113/11/04,"537,123","27,687,581",51.60,51.80,51.20,51.50,-0.10,813,
113/11/05,"387,172","19,831,205",51.40,51.70,51.10,51.10,-0.40,537,
113/11/06,"749,673","38,289,063",51.10,51.30,50.90,51.00,-0.10,677,
113/11/07,"496,441","25,365,626",50.80,51.30,50.80,51.10,+0.10,576,
113/11/08,"846,808","43,342,812",51.50,51.50,51.00,51.20,+0.10,731,
113/11/11,"609,131","31,156,290",51.20,51.40,50.90,51.40,+0.20,624,
113/11/12,"769,965","39,362,843",50.90,51.40,50.80,51.00,-0.40,786,
113/11/13,"959,946","49,267,786",51.10,51.70,50.80,51.20,+0.20,744,
113/11/14,"613,387","31,479,084",51.20,51.60,51.10,51.30,+0.10,554,
113/11/15,"679,871","35,005,048",51.30,51.70,51.30,51.50,+0.20,591,
113/11/18,"1,214,595","62,881,866",51.70,52.40,51.40,52.10,+0.60,967,
113/11/19,"1,218,847","63,861,688",52.40,52.70,52.10,52.70,+0.60,"1,036",
113/11/20,"1,002,975","52,840,930",52.40,52.90,52.30,52.90,+0.20,"1,012",
113/11/21,"702,875","37,061,169",52.80,53.00,52.60,52.80,-0.10,785,
113/11/22,"576,550","30,378,241",52.80,52.90,52.50,52.80, 0.00,640,
113/11/25,"1,036,179","55,061,423",53.00,53.40,52.90,53.40,+0.60,"1,098",
113/11/26,"654,406","34,743,398",53.40,53.40,52.90,52.90,-0.50,880,
113/11/27,"1,024,051","54,535,767",53.00,53.50,53.00,53.20,+0.30,"1,137",
113/11/28,"735,804","38,998,380",53.30,53.30,52.80,53.20, 0.00,715,
113/11/29,"900,137","47,708,711",52.80,53.30,52.20,53.30,+0.10,923,
113/12/02,"1,008,120","53,938,512",53.30,53.70,53.20,53.70,+0.40,"1,009",
113/12/03,"1,139,114","61,032,847",53.80,54.00,53.30,53.70, 0.00,"1,254",
113/12/04,"818,557","43,793,641",53.70,53.70,53.10,53.70, 0.00,889,
113/12/05,"540,040","28,870,150",53.60,53.70,53.30,53.50,-0.20,589,
113/12/06,"795,622","42,656,741",53.50,53.80,53.30,53.80,+0.30,"1,481",
113/12/09,"582,081","31,171,527",53.80,53.80,53.20,53.70,-0.10,"1,139",
113/12/10,"748,420","39,887,616",53.70,53.70,53.10,53.10,-0.60,"1,107",
113/12/11,"865,291","46,162,249",52.90,53.60,52.90,53.50,+0.40,699,
113/12/12,"818,944","43,727,728",53.20,53.60,53.10,53.10,-0.40,554,
113/12/13,"962,841","50,990,053",53.00,53.20,52.70,52.90,-0.20,"1,466",
113/12/16,"1,809,185","96,067,175",53.50,53.60,52.60,53.00,+0.10,"1,873",
113/12/17,"2,086,694","109,424,820",52.80,53.10,51.80,51.80,-1.20,"2,850",
113/12/18,"2,202,366","114,264,392",51.80,52.40,51.40,51.40,-0.40,"4,185",
113/12/19,"2,368,899","121,806,757",51.10,51.90,51.10,51.10,-0.30,"3,529",
113/12/20,"3,260,383","165,904,134",51.10,51.60,50.40,50.40,-0.70,"2,935",
113/12/23,"3,003,139","152,739,125",50.70,51.40,50.50,50.70,+0.30,"1,838",
113/12/24,"2,419,608","125,136,999",50.90,52.00,50.90,52.00,+1.30,"1,717",
113/12/25,"1,495,118","78,382,570",52.20,52.80,51.60,52.60,+0.60,"1,331",
113/12/26,"1,519,961","79,964,686",52.70,53.00,52.10,53.00,+0.40,"1,183",
113/12/27,"925,583","48,420,093",52.90,52.90,52.00,52.40,-0.60,"1,220",
113/12/30,"797,832","41,453,815",52.40,52.40,51.70,51.90,-0.50,"1,926",
113/12/31,"1,036,689","53,247,644",51.70,51.70,51.20,51.50,-0.40,"1,289",
114/01/02,"1,034,001","52,906,209",51.10,51.30,51.00,51.30,-0.20,968,
114/01/03,"691,592","35,420,128",51.30,51.40,50.80,51.40,+0.10,614,
114/01/06,"716,619","37,018,624",51.50,51.80,51.50,51.80,+0.40,"1,305",
114/01/07,"1,258,793","64,410,936",51.90,51.90,50.80,51.20,-0.60,"1,698",
114/01/08,"1,000,267","51,282,694",51.20,51.60,50.80,51.60,+0.40,"1,056",
114/01/09,"1,185,829","60,254,897",51.60,51.60,50.60,50.60,-1.00,"1,236",
114/01/10,"1,063,030","53,646,567",50.40,51.10,50.10,51.10,+0.50,"1,138",
114/01/13,"1,916,790","97,532,869",50.40,52.00,50.10,52.00,+0.90,"1,717",
114/01/14,"1,231,929","63,763,856",51.90,52.00,51.20,52.00, 0.00,"1,529",
114/01/15,"1,107,025","57,266,770",52.00,52.20,51.20,51.80,-0.20,"1,760",
114/01/16,"603,344","31,244,439",52.00,52.00,51.50,51.50,-0.30,754,
114/01/17,"701,327","36,307,251",51.50,52.10,51.30,52.10,+0.60,969,
114/01/20,"308,454","15,997,380",52.10,52.10,51.70,51.90,-0.20,635,
114/01/21,"232,921","12,075,992",51.90,52.10,51.60,51.80,-0.10,421,
114/01/22,"462,671","23,945,325",52.10,52.10,51.60,51.60,-0.20,765,
114/02/03,"1,404,964","73,473,180",51.60,52.80,51.60,52.70,+1.10,"1,495",
114/02/04,"958,568","50,748,790",52.70,53.20,52.40,53.00,+0.30,"1,147",
114/02/05,"725,550","38,425,752",53.00,53.10,52.80,53.10,+0.10,827,
114/02/06,"815,726","43,397,651",53.00,53.40,52.70,53.40,+0.30,880,
114/02/07,"456,249","24,319,314",53.40,53.50,53.00,53.50,+0.10,"1,310",
114/02/10,"818,388","43,645,649",53.30,53.50,53.20,53.40,-0.10,887,
114/02/11,"818,885","43,577,855",53.10,53.60,53.00,53.30,-0.10,"1,530",
114/02/12,"706,949","37,487,775",53.20,53.20,52.90,53.00,-0.30,961,
114/02/13,"767,160","41,031,684",53.20,53.60,53.20,53.60,+0.60,799,
114/02/14,"1,322,548","71,192,787",53.60,54.00,53.50,53.90,+0.30,"1,159",
114/02/17,"3,204,478","175,967,035",54.10,55.60,54.10,55.00,+1.10,"3,221",
114/02/18,"939,829","51,421,581",54.80,55.00,54.30,55.00, 0.00,"1,271",
114/02/19,"973,314","53,521,348",55.30,55.40,54.80,55.00, 0.00,"1,046",
114/02/20,"2,281,642","126,854,427",55.30,55.90,55.10,55.80,+0.80,"1,943",
114/02/21,"1,875,978","105,044,623",56.00,56.20,55.70,56.10,+0.30,"1,929",
114/02/24,"2,104,429","118,617,819",56.00,56.70,55.70,56.60,+0.50,"1,812",
114/02/25,"951,691","53,474,683",56.10,56.40,56.10,56.10,-0.50,905,
114/02/26,"639,918","35,805,339",56.00,56.20,55.80,56.00,-0.10,"1,081",
114/02/27,"1,288,796","71,979,864",56.00,56.20,55.60,55.60,-0.40,972,
114/03/03,"1,494,527","82,907,438",55.50,55.80,55.10,55.70,+0.10,"1,442",
114/03/04,"837,677","46,405,513",55.10,55.70,55.10,55.70, 0.00,"1,069",
114/03/05,"631,153","35,163,521",55.30,55.90,55.30,55.80,+0.10,918,
114/03/06,"487,564","27,112,212",55.90,55.90,55.40,55.80, 0.00,"1,119",
114/03/07,"697,271","38,830,001",55.50,55.80,55.50,55.80, 0.00,795,
114/03/10,"1,004,470","56,239,592",55.70,56.10,55.70,56.10,+0.30,"1,509",
114/03/11,"1,107,469","61,752,078",55.60,56.10,55.20,56.10, 0.00,"1,124",
114/03/12,"660,813","37,026,143",56.10,56.40,55.80,56.00,-0.10,725,
114/03/13,"3,314,733","186,895,113",56.80,57.00,55.10,56.80,+0.80,"2,734",
114/03/14,"2,569,751","146,725,528",56.80,57.40,56.60,57.40,+0.60,"2,161",
114/03/17,"2,744,765","158,009,363",57.60,58.30,56.80,57.40, 0.00,"3,300",
114/03/18,"1,749,038","100,966,662",57.70,58.00,57.30,58.00,+0.60,"2,062",
114/03/19,"1,339,392","77,417,520",58.00,58.20,57.30,57.90,-0.10,"1,128",
114/03/20,"748,419","43,304,763",57.90,58.00,57.60,58.00,+0.10,944,
114/03/21,"2,452,562","141,554,235",58.00,58.20,57.50,57.50,-0.50,"1,238",
114/03/24,"1,521,708","88,371,479",58.10,58.30,57.60,58.30,+0.80,"1,320",
114/03/25,"765,972","44,464,611",58.30,58.50,57.70,57.80,-0.50,969,
114/03/26,"596,671","34,556,794",57.90,58.00,57.70,58.00,+0.20,669,
114/03/27,"1,001,784","58,111,018",58.00,58.20,57.70,58.20,+0.20,997,
114/03/28,"1,297,423","75,216,959",58.20,58.30,57.60,58.20, 0.00,"1,287",
114/03/31,"2,127,864","122,621,940",57.60,58.10,57.20,57.70,-0.50,"1,629",
114/04/01,"1,616,137","94,033,288",57.70,58.40,57.70,58.40,+0.70,"1,351",
114/04/02,"828,154","48,024,417",58.10,58.30,57.60,58.20,-0.20,780,
114/04/07,"4,712,073","250,186,354",52.40,54.10,52.40,53.40,-4.80,"3,955",
114/04/08,"4,035,766","221,111,523",54.20,55.70,53.80,55.30,+1.90,"5,422",
114/04/09,"3,975,296","216,544,028",55.30,56.20,53.00,53.00,-2.30,"4,902",
114/04/10,"3,283,375","186,156,994",55.80,57.50,55.80,56.10,+3.10,"2,407",
114/04/11,"2,156,651","120,409,490",56.00,56.40,54.70,56.40,+0.30,"2,503",
114/04/14,"1,764,946","98,973,501",56.10,56.50,55.40,56.40, 0.00,"1,970",
114/04/15,"1,814,110","104,340,528",56.30,58.00,56.10,57.90,+1.50,"2,181",
114/04/16,"1,742,057","100,073,553",57.00,58.00,56.70,57.90, 0.00,"1,903",
114/04/17,"2,970,739","173,522,852",58.00,58.70,57.60,58.40,+0.50,"2,484",
114/04/18,"1,083,028","63,202,881",58.60,58.60,58.00,58.40, 0.00,"1,246",
114/04/21,"1,800,730","105,654,674",58.60,59.00,58.20,58.70,+0.30,"1,617",
114/04/22,"1,037,942","60,804,234",58.50,59.00,58.20,58.70, 0.00,"1,219",
114/04/23,"2,301,906","135,643,104",58.80,59.10,58.50,59.00,+0.30,"1,801",
114/04/24,"3,861,181","230,974,102",59.00,61.00,58.70,60.00,+1.00,"3,321",
114/04/25,"1,815,126","108,474,431",60.30,60.40,59.40,59.80,-0.20,"1,483",
114/04/28,"2,183,150","131,731,071",59.80,60.70,59.50,60.40,+0.60,"1,900",
114/04/29,"3,794,882","223,830,509",60.40,60.80,58.00,58.30,-2.10,"11,845",
114/04/30,"4,029,827","239,493,106",58.30,59.90,58.30,59.80,+1.50,"2,661",
114/05/02,"3,419,959","205,547,908",59.80,60.70,59.40,59.70,-0.10,"2,663",
114/05/05,"21,367,873","1,366,937,795",61.30,65.60,61.20,62.80,+3.10,"13,680",
114/05/06,"8,387,517","523,746,450",63.70,64.00,61.50,61.80,-1.00,"13,866",
114/05/07,"6,180,701","390,024,452",61.70,64.40,61.30,62.90,+1.10,"4,492",
114/05/08,"3,155,662","198,596,454",63.00,63.70,62.10,62.70,-0.20,"3,032",
114/05/09,"3,459,279","218,186,864",62.50,63.70,62.10,63.20,+0.50,"2,438",
114/05/12,"3,837,982","239,607,365",63.20,63.30,61.90,62.20,-1.00,"4,231",
114/05/13,"6,104,780","371,935,489",61.90,62.10,60.30,60.90,-1.30,"8,918",
114/05/14,"4,011,491","241,580,328",61.00,61.00,59.90,60.10,-0.80,"7,641",
114/05/15,"1,640,600","99,310,053",60.10,60.80,60.00,60.80,+0.70,"1,950",
114/05/16,"3,391,882","210,700,283",60.50,62.70,60.50,62.50,+1.70,"2,940",
114/05/19,"3,169,261","199,535,193",62.80,63.80,62.40,62.90,+0.40,"2,422",
114/05/20,"2,775,732","176,151,886",62.90,64.00,62.80,63.80,+0.90,"2,260",
114/05/21,"2,231,739","141,923,066",63.70,63.90,63.30,63.80, 0.00,"1,909",
114/05/22,"5,006,407","319,473,722",63.80,65.00,62.80,63.90,+0.10,"4,951",
114/05/23,"3,341,003","212,983,105",64.30,64.40,63.30,64.10,+0.20,"2,453",
114/05/26,"8,223,245","535,679,674",64.20,66.00,63.90,65.70,+1.60,"5,561",
114/05/27,"5,534,805","364,065,635",65.90,66.50,65.00,65.60,-0.10,"4,242",
114/05/28,"2,678,526","174,719,217",65.40,66.20,64.60,65.00,-0.60,"2,724",
114/05/29,"3,712,211","238,312,604",65.50,65.60,63.70,63.70,-1.30,"5,700",
114/06/02,"2,064,840","131,848,189",63.50,64.20,63.40,63.90,+0.20,"2,061",
114/06/03,"5,050,625","311,246,243",63.90,63.90,60.70,60.90,-3.00,"21,597",
114/06/04,"2,036,857","125,026,655",60.90,61.70,60.90,61.50,+0.60,"3,011",
114/06/05,"1,156,218","71,017,040",61.20,61.80,61.20,61.40,-0.10,"2,045",
114/06/06,"947,008","58,043,930",61.50,61.90,60.80,61.00,-0.40,"3,589",
114/06/09,"1,215,830","74,121,315",61.10,61.50,60.50,60.70,-0.30,"3,338",
114/06/10,"2,647,059","159,304,304",60.90,60.90,59.60,60.60,-0.10,"5,251",
114/06/11,"1,169,085","71,235,045",60.30,61.30,60.30,61.00,+0.40,"1,476",
114/06/12,"1,101,949","67,555,098",61.30,61.80,60.80,61.60,+0.60,"1,317",
114/06/13,"2,104,558","128,648,207",61.20,61.70,60.80,61.00,-0.60,"2,930",
114/06/16,"1,280,007","79,214,340",61.10,62.10,61.10,62.00,+1.00,"1,173",
114/06/17,"1,511,993","92,998,281",62.20,62.20,61.10,61.50,-0.50,"2,582",
114/06/18,"1,749,797","107,080,870",61.90,62.10,60.90,60.90,-0.60,"2,727",
114/06/19,"1,817,062","109,330,969",60.40,60.50,60.00,60.00,-0.90,"4,832",
114/06/20,"2,072,448","124,195,941",59.80,60.40,59.30,60.10,+0.10,"1,918",
114/06/23,"1,833,293","110,564,146",59.70,60.60,59.60,60.50,+0.40,"1,614",
114/06/24,"1,850,645","113,606,006",60.90,61.70,60.50,61.50,+1.00,"1,514",
114/06/25,"1,934,650","119,761,806",61.70,62.10,61.40,62.00,+0.50,"1,523",
114/06/26,"3,349,678","212,638,736",62.20,64.00,62.20,63.90,+1.90,"2,895",
114/06/27,"7,296,505","476,079,631",64.10,66.20,63.70,65.80,+1.90,"5,213",
114/06/30,"5,492,916","362,283,310",66.30,66.90,65.50,65.90,+0.10,"4,131",
114/07/01,"2,017,685","132,189,225",66.20,66.20,65.00,65.90, 0.00,"1,855",
114/07/02,"1,648,033","108,656,943",65.80,66.20,65.30,66.20,+0.30,"1,631",
114/07/03,"1,278,556","84,265,191",66.20,66.40,65.50,66.00,-0.20,"2,419",
114/07/04,"1,634,615","107,532,576",66.00,66.20,65.30,66.00, 0.00,"1,693",
114/07/07,"2,549,717","167,168,343",66.00,66.60,64.90,65.20,-0.80,"3,309",
114/07/08,"2,249,118","143,716,422",65.50,65.60,63.30,63.60,-1.60,"9,730",
114/07/09,"1,150,853","73,405,360",64.10,64.40,63.20,63.60, 0.00,"2,042",
114/07/10,"1,431,781","90,494,603",63.40,63.80,62.70,63.60, 0.00,"1,522",
114/07/11,"1,835,866","116,142,192",63.60,63.80,62.80,63.30,-0.30,"1,429",
114/07/14,"1,168,751","73,563,175",63.30,63.50,62.70,62.70,-0.60,"1,102",
114/07/15,"1,085,211","68,288,238",62.60,63.20,62.60,63.10,+0.40,967,
114/07/16,"2,757,877","173,720,591",62.90,63.90,62.50,62.60,-0.50,"2,377",
114/07/17,"3,576,149","225,896,741",63.00,63.70,62.50,63.70,+1.10,"2,197",
114/07/18,"5,845,308","365,492,244",64.10,64.10,62.00,62.70,-1.00,"3,994",
114/07/21,"5,983,378","371,958,165",62.70,63.40,61.60,62.00,-0.70,"3,328",
114/07/22,"5,078,751","310,573,465",62.00,62.00,60.60,61.20,-0.80,"3,866",
114/07/23,"2,529,479","156,355,588",61.40,62.20,61.20,62.10,+0.90,"1,638",
114/07/24,"2,835,114","175,607,495",62.70,62.80,61.60,61.90,-0.20,"1,538",
114/07/25,"2,676,853","165,829,045",61.70,62.40,61.20,62.30,+0.40,"1,642",
114/07/28,"1,707,992","105,878,421",62.30,62.40,61.50,62.10,-0.20,"1,919",
114/07/29,"1,759,932","108,824,029",62.10,62.30,61.50,61.70,-0.40,"1,242",
114/07/30,"1,233,547","76,326,023",61.70,62.10,61.60,61.70, 0.00,915,
114/07/31,"2,733,710","167,012,292",61.60,61.80,60.70,61.00,-0.70,"2,259",
114/08/01,"1,459,699","89,130,481",60.60,61.50,60.40,61.20,+0.20,"1,157",
114/08/04,"3,308,827","203,185,165",60.80,61.90,60.40,61.80,+0.60,"1,639",
114/08/05,"3,382,197","210,353,431",62.00,62.50,61.80,62.10,+0.30,"2,134",
114/08/06,"3,139,573","194,212,912",62.10,62.20,61.50,61.80,-0.30,"1,704",
114/08/07,"7,453,962","458,919,090",63.80,63.80,60.80,61.10,-0.70,"5,135",
114/08/08,"9,332,665","536,820,152",58.00,58.10,56.80,57.10,X0.00,"5,742",
114/08/11,"8,250,268","454,207,214",57.00,57.00,54.30,55.00,-2.10,"7,650",
114/08/12,"4,079,916","222,663,848",54.30,55.00,54.10,54.50,-0.50,"3,370",
114/08/13,"2,662,960","145,081,724",54.60,54.80,54.30,54.40,-0.10,"2,394",
114/08/14,"2,171,534","118,892,106",54.50,55.10,54.40,54.90,+0.50,"1,982",
114/08/15,"2,823,089","153,280,413",55.00,55.10,54.10,54.30,-0.60,"2,820",
114/08/18,"3,194,857","173,227,001",54.30,54.80,53.80,53.90,-0.40,"3,137",
114/08/19,"2,396,617","128,463,454",53.80,53.90,53.40,53.50,-0.40,"2,294",
114/08/20,"2,637,770","140,546,785",53.60,53.60,52.90,53.50, 0.00,"2,320",
114/08/21,"2,020,787","108,890,459",53.50,54.10,53.50,54.00,+0.50,"1,839",
114/08/22,"1,675,866","89,689,337",53.90,53.90,53.40,53.50,-0.50,"1,589",
114/08/25,"1,839,621","98,031,619",53.70,53.70,53.10,53.30,-0.20,"1,657",
114/08/26,"1,775,003","94,530,406",53.70,53.70,53.00,53.00,-0.30,"1,607",
114/08/27,"1,276,081","68,358,495",53.10,53.90,53.10,53.60,+0.60,"1,248",
114/08/28,"1,016,597","54,377,570",53.70,53.70,53.20,53.40,-0.20,"1,163",
114/08/29,"2,233,423","118,755,556",53.60,53.70,52.90,53.10,-0.30,"2,094",
114/09/01,"1,022,524","54,371,374",53.00,53.40,53.00,53.10, 0.00,"1,265",
114/09/02,"1,145,517","61,143,787",53.20,53.60,53.10,53.40,+0.30,"1,153",
114/09/03,"1,384,062","73,512,680",53.40,53.40,53.00,53.20,-0.20,"1,331",
114/09/04,"572,581","30,598,221",53.20,53.60,53.20,53.50,+0.30,648,
114/09/05,"1,028,282","54,694,479",53.60,53.60,53.10,53.10,-0.40,"1,138",
114/09/08,"888,669","47,299,975",53.10,53.50,53.00,53.30,+0.20,892,
114/09/09,"861,623","45,969,704",53.40,53.50,53.20,53.40,+0.10,893,
114/09/10,"1,495,929","79,681,555",53.30,53.50,53.00,53.20,-0.20,"1,483",
114/09/11,"1,229,849","65,395,734",53.20,53.40,53.10,53.10,-0.10,"1,168",
114/09/12,"1,510,963","80,225,234",53.10,53.30,53.00,53.10, 0.00,"1,379",
114/09/15,"1,374,881","73,441,868",53.30,53.70,53.20,53.20,+0.10,"1,249",
114/09/16,"1,914,785","101,680,611",53.40,53.60,52.90,52.90,-0.30,"1,806",
114/09/17,"2,547,012","134,691,295",53.00,53.30,52.70,52.70,-0.20,"2,346",
114/09/18,"1,852,725","97,362,063",52.90,53.00,52.40,52.40,-0.30,"2,181",
114/09/19,"2,023,880","106,445,623",52.40,52.90,52.20,52.90,+0.50,"1,412",
114/09/22,"1,612,305","85,032,565",53.00,53.10,52.50,52.70,-0.20,"1,687",
114/09/23,"2,318,487","120,809,461",52.60,52.60,51.80,52.00,-0.70,"2,655",
114/09/24,"1,626,435","84,856,794",52.00,52.60,52.00,52.00, 0.00,"1,425",
114/09/25,"1,351,259","70,621,654",52.50,52.70,52.00,52.20,+0.20,"1,307",
114/09/26,"2,278,897","118,220,811",52.20,52.30,51.70,51.70,-0.50,"2,449",
114/09/30,"2,071,909","107,420,031",52.00,52.30,51.70,51.80,+0.10,"1,619",
114/10/01,"1,899,943","97,928,234",51.80,52.00,51.30,51.30,-0.50,"2,431",
114/10/02,"1,802,837","92,084,185",51.30,51.40,50.90,51.10,-0.20,"1,951",
114/10/03,"1,311,189","67,257,219",51.10,51.60,51.10,51.30,+0.20,"1,128",
114/10/07,"1,386,288","71,186,742",51.30,51.50,51.20,51.30, 0.00,"1,253",
114/10/08,"1,438,169","73,781,380",51.30,51.70,51.20,51.20,-0.10,"1,420",
114/10/09,"961,445","49,315,440",51.20,51.60,51.10,51.40,+0.20,984,
114/10/13,"1,779,809","90,908,679",51.30,51.50,50.40,51.40, 0.00,"1,682",
114/10/14,"2,581,730","133,661,452",51.40,52.10,51.40,51.60,+0.20,"1,829",
114/10/15,"2,475,378","128,809,022",51.70,52.30,51.40,52.30,+0.70,"1,385",
114/10/16,"2,460,794","127,480,180",52.40,52.50,51.50,51.50,-0.80,"2,511",
114/10/17,"2,341,311","120,922,822",51.50,52.10,51.50,51.50, 0.00,"1,668",
114/10/20,"1,349,968","69,633,386",51.90,52.20,51.30,51.60,+0.10,"1,189",
114/10/21,"1,202,068","62,231,253",51.80,52.10,51.60,51.60, 0.00,"1,331",
114/10/22,"20,769,866","1,125,881,256",51.60,56.00,50.60,55.50,+3.90,"14,377",
114/10/23,"34,982,036","1,991,354,088",58.00,59.80,54.10,54.20,-1.30,"25,921",
114/10/27,"9,786,429","539,522,296",56.50,56.60,54.60,54.80,+0.60,"11,551",
114/10/28,"5,412,852","287,874,984",54.60,54.60,52.50,53.20,-1.60,"4,355",
114/10/29,"5,039,276","262,641,281",53.00,53.10,51.70,52.20,-1.00,"4,454",
114/10/30,"2,841,327","147,525,107",52.20,52.30,51.60,52.00,-0.20,"2,191",
114/10/31,"2,073,611","108,171,280",52.30,52.50,51.90,52.00, 0.00,"1,771",
114/11/03,"2,389,645","125,656,515",52.10,53.00,52.10,52.70,+0.70,"1,986",
114/11/04,"3,236,743","173,021,716",52.80,53.70,52.80,53.60,+0.90,"2,383",
114/11/05,"1,886,713","100,558,188",53.60,53.60,52.90,53.60, 0.00,"1,595",
114/11/06,"1,893,472","101,348,230",53.70,53.70,53.20,53.70,+0.10,"1,551",
114/11/07,"1,651,348","88,596,194",53.50,54.00,53.30,53.70, 0.00,"1,485",
114/11/10,"2,325,926","123,985,669",53.90,54.30,52.80,53.00,-0.70,"2,133",
114/11/11,"1,476,361","77,991,217",53.10,53.40,52.60,52.80,-0.20,"1,361",
114/11/12,"1,807,640","96,310,264",53.00,53.50,53.00,53.30,+0.50,"1,533",
114/11/13,"1,250,125","66,166,127",53.60,53.60,52.70,52.70,-0.60,"1,998",
114/11/14,"1,083,445","57,054,505",52.70,53.20,52.00,52.50,-0.20,"1,110",
114/11/17,"1,500,462","78,577,168",52.90,52.90,52.10,52.40,-0.10,"1,409",
114/11/18,"2,583,928","133,766,069",52.10,52.50,51.40,51.80,-0.60,"2,212",
114/11/19,"2,914,179","149,162,277",52.20,52.20,51.00,51.00,-0.80,"2,805",
114/11/20,"1,098,380","56,803,467",51.20,51.90,51.20,51.70,+0.70,895,
114/11/21,"1,629,457","83,783,480",51.70,51.90,51.10,51.10,-0.60,"1,429",
114/11/24,"1,145,166","58,969,633",51.20,51.80,51.20,51.50,+0.40,853,
114/11/25,"702,726","36,424,814",51.50,52.00,51.40,51.80,+0.30,742,
114/11/26,"1,106,249","57,624,928",51.80,52.40,51.80,52.30,+0.50,901,
114/11/27,"1,821,406","94,485,932",52.00,52.30,51.70,52.00,-0.30,"2,111",
114/11/28,"944,522","49,263,064",52.10,52.40,52.00,52.00, 0.00,804,
114/12/01,"1,278,773","67,390,840",53.00,53.50,52.40,52.50,+0.50,"1,154",
114/12/02,"811,851","42,665,796",52.70,52.70,52.30,52.70,+0.20,"1,063",
114/12/03,"727,806","38,269,271",52.90,52.90,52.40,52.40,-0.30,807,
114/12/04,"933,367","48,942,262",52.50,52.80,52.30,52.30,-0.10,927,
114/12/05,"595,966","31,264,167",52.70,52.70,52.20,52.60,+0.30,636,
114/12/08,"1,183,904","61,610,997",52.80,52.80,51.80,51.80,-0.80,"1,273",
114/12/09,"1,359,289","70,112,161",51.80,51.90,51.30,51.80, 0.00,"1,242",
114/12/10,"628,187","32,491,254",51.70,51.90,51.60,51.60,-0.20,701,
114/12/11,"1,001,804","51,710,736",52.00,52.00,51.40,51.50,-0.10,971,
114/12/12,"957,537","49,463,329",51.90,51.90,51.50,51.50, 0.00,841,
114/12/15,"924,369","47,649,943",51.60,51.80,51.40,51.40,-0.10,931,
114/12/16,"3,264,598","166,507,803",51.40,51.40,50.60,51.20,-0.20,"2,928",
114/12/17,"2,744,772","140,108,316",51.30,51.50,50.80,50.80,-0.40,"2,154",
114/12/18,"2,563,220","130,207,547",50.80,51.10,50.60,50.60,-0.20,"2,006",
114/12/19,"2,757,394","141,864,786",50.70,51.70,50.60,51.60,+1.00,"1,466",
114/12/22,"1,811,133","92,714,834",51.60,51.60,51.00,51.10,-0.50,"2,086",
114/12/23,"1,073,123","54,847,175",51.10,51.40,50.90,50.90,-0.20,937,
114/12/24,"952,560","48,558,429",50.90,51.30,50.90,50.90, 0.00,"1,128",
114/12/26,"1,589,385","80,769,321",50.90,51.10,50.70,50.70,-0.20,"1,615",
114/12/29,"943,447","48,415,136",51.00,51.50,51.00,51.40,+0.70,972,
114/12/30,"681,157","34,863,122",51.40,51.40,51.00,51.00,-0.40,754,
114/12/31,"1,046,342","53,400,237",51.00,51.30,50.90,50.90,-0.10,950,
115/01/02,"795,853","40,804,878",51.00,51.50,51.00,51.30,+0.40,828,
115/01/05,"1,271,575","65,382,535",51.50,51.60,51.20,51.40,+0.10,"1,178",
115/01/06,"1,271,995","65,222,635",51.50,51.50,51.00,51.20,-0.20,"1,275",
115/01/07,"826,097","42,428,683",51.20,51.60,51.10,51.40,+0.20,888,
115/01/08,"1,035,497","53,308,123",51.30,51.70,51.30,51.30,-0.10,874,
115/01/09,"830,110","42,672,739",51.30,51.70,51.20,51.20,-0.10,800,
115/01/12,"1,001,751","51,722,936",51.50,51.80,51.40,51.60,+0.40,987,
115/01/13,"2,585,352","134,277,081",51.80,52.50,51.50,51.70,+0.10,"1,897",
115/01/14,"1,203,559","62,496,974",52.00,52.10,51.80,51.80,+0.10,"1,327",
115/01/15,"971,524","50,725,031",51.80,52.40,51.80,52.40,+0.60,"1,032",
115/01/16,"1,185,524","61,944,709",52.50,52.50,52.00,52.20,-0.20,"1,255",
115/01/19,"2,078,427","109,233,781",52.00,53.00,51.90,52.30,+0.10,"1,731",
115/01/20,"972,744","50,780,089",52.10,52.50,52.00,52.10,-0.20,"1,770",
115/01/21,"1,188,889","61,955,075",52.20,52.30,52.00,52.20,+0.10,"1,194",
115/01/22,"1,220,771","63,805,008",52.20,52.50,52.10,52.40,+0.20,"1,133",
115/01/23,"820,559","42,874,268",52.50,52.60,52.10,52.30,-0.10,"1,098",
115/01/26,"1,221,195","63,977,095",52.30,52.60,52.10,52.30, 0.00,"1,151",
115/01/27,"2,526,175","131,587,809",52.40,53.00,51.60,51.70,-0.60,"3,612",
115/01/28,"2,641,296","135,558,579",51.80,51.90,50.90,51.50,-0.20,"2,210",
115/01/29,"1,754,428","90,775,065",51.60,52.10,51.20,51.70,+0.20,"1,304",
115/01/30,"1,881,969","96,268,437",52.00,52.00,50.90,50.90,-0.80,"1,629",
115/02/02,"2,129,249","107,944,584",50.90,51.00,50.40,50.70,-0.20,"2,080",
115/02/03,"1,522,494","77,307,529",50.90,51.10,50.60,50.70, 0.00,"1,378",
115/02/04,"1,740,406","88,580,617",50.70,51.20,50.60,51.00,+0.30,"1,227",
115/02/05,"1,478,410","75,924,891",51.00,51.60,51.00,51.30,+0.30,"1,290",
115/02/06,"1,730,039","87,776,168",51.30,51.30,50.50,50.90,-0.40,"1,972",
115/02/09,"1,877,662","95,566,066",51.20,51.20,50.70,50.70,-0.20,"1,711",
115/02/10,"1,568,194","79,571,525",50.70,51.00,50.50,50.90,+0.20,"1,369",
115/02/11,"1,552,621","79,625,313",51.10,51.50,51.00,51.40,+0.50,"1,456",
115/02/23,"2,351,461","121,550,019",51.80,52.00,51.40,51.60,+0.20,"1,791",
115/02/24,"1,587,604","81,740,493",51.90,51.90,51.30,51.30,-0.30,"1,674",
115/02/25,"1,587,268","81,236,226",51.30,51.40,51.00,51.10,-0.20,"1,619",
115/02/26,"1,917,185","97,839,385",51.20,51.30,50.90,50.90,-0.20,"1,874",
115/03/02,"1,421,973","72,814,949",50.80,51.60,50.60,51.40,+0.50,"1,427",
115/03/03,"1,096,903","56,163,755",51.30,51.40,51.00,51.20,-0.20,"1,977",
115/03/04,"2,658,218","134,425,038",51.10,51.10,50.40,50.40,-0.80,"2,709",
115/03/05,"1,820,197","92,178,359",50.80,51.10,50.40,50.40, 0.00,"1,886",
115/03/06,"1,496,544","76,326,046",50.50,51.50,50.20,51.30,+0.90,"1,334",
115/03/09,"2,481,267","126,962,090",50.40,51.60,50.40,51.30, 0.00,"2,276",
115/03/10,"1,284,725","66,192,951",51.50,51.80,51.20,51.40,+0.10,"1,153",
115/03/11,"2,118,069","109,642,310",51.50,52.10,51.50,51.70,+0.30,"1,648",
115/03/12,"4,588,110","243,133,168",52.30,53.70,52.30,52.90,+1.20,"4,265",
115/03/13,"2,324,368","123,398,629",52.90,53.40,52.70,52.90, 0.00,"2,934",
115/03/16,"2,429,003","129,935,068",52.90,53.70,52.80,53.70,+0.80,"2,395",
115/03/17,"3,180,585","171,275,292",54.00,54.20,53.40,54.10,+0.40,"2,766",
115/03/18,"2,323,822","125,008,573",54.30,54.50,53.50,53.50,-0.60,"3,165",
115/03/19,"2,640,866","140,458,229",53.50,53.60,52.80,53.10,-0.40,"3,305",
115/03/20,"1,857,067","99,465,342",53.10,53.90,53.10,53.80,+0.70,"1,744",
115/03/23,"2,316,406","124,621,192",53.00,54.30,52.80,54.00,+0.20,"2,327",
115/03/24,"1,591,437","85,920,623",54.30,54.30,53.70,53.90,-0.10,"1,805",
115/03/25,"2,279,376","122,045,152",54.30,54.30,53.10,53.80,-0.10,"3,994",
115/03/26,"1,552,106","83,912,121",54.20,54.30,53.70,54.00,+0.20,"2,562",
115/03/27,"3,365,872","182,972,427",54.20,54.60,54.00,54.30,+0.30,"2,603",
115/03/30,"1,751,883","95,136,203",54.20,54.60,54.00,54.50,+0.20,"2,198",
115/03/31,"1,933,206","105,089,817",54.80,54.90,54.10,54.30,-0.20,"1,962",
115/04/01,"1,832,866","99,585,182",54.70,54.70,53.80,54.60,+0.30,"1,708",
115/04/02,"2,293,512","125,830,191",54.60,55.20,54.30,54.70,+0.10,"1,898",
115/04/07,"3,200,704","176,185,713",55.20,56.00,54.70,54.90,+0.20,"2,334",
115/04/08,"2,607,128","142,518,206",55.30,55.50,54.30,54.50,-0.40,"4,487",
115/04/09,"1,356,819","73,713,859",54.80,54.80,54.10,54.40,-0.10,"1,503",
115/04/10,"1,268,840","69,259,316",54.20,55.10,54.20,54.30,-0.10,"1,195",
115/04/13,"3,016,829","166,108,978",54.50,55.50,54.40,55.10,+0.80,"2,162",
115/04/14,"2,606,485","142,108,523",55.20,55.20,54.20,54.20,-0.90,"4,630",
115/04/15,"2,400,956","131,136,352",54.20,54.90,54.20,54.80,+0.60,"2,016",
115/04/16,"1,896,255","104,081,927",55.10,55.50,54.60,54.80, 0.00,"1,556",
115/04/17,"1,918,463","104,283,419",54.90,54.90,54.20,54.20,-0.60,"2,073",
115/04/20,"3,671,170","200,007,276",54.20,55.00,53.60,55.00,+0.80,"2,992",
115/04/21,"3,476,274","188,608,189",55.00,55.10,54.00,54.10,-0.90,"6,928",
115/04/22,"2,897,933","156,150,390",54.10,54.10,53.60,54.10, 0.00,"2,559",
115/04/23,"3,510,705","187,676,703",54.10,54.10,53.10,53.60,-0.50,"3,075",
115/04/24,"2,082,441","110,822,708",53.60,53.60,53.10,53.10,-0.50,"1,805",
115/04/27,"2,123,426","113,071,312",53.10,53.70,52.70,53.70,+0.60,"1,762",
115/04/28,"1,126,080","60,868,161",53.70,54.30,53.50,54.10,+0.40,"1,061",
115/04/29,"1,280,179","68,807,800",54.20,54.30,53.50,53.70,-0.40,"1,278",
115/04/30,"1,675,829","89,416,257",53.80,53.80,53.20,53.40,-0.30,"2,320",
115/05/04,"3,276,791","172,476,287",53.40,53.40,52.40,52.60,-0.80,"4,270",
115/05/05,"1,881,368","98,483,105",52.60,52.60,52.10,52.40,-0.20,"1,603",
115/05/06,"2,593,678","134,901,300",52.40,52.40,51.80,52.00,-0.40,"2,513",
115/05/07,"1,287,351","67,174,000",52.00,52.50,51.90,52.30,+0.30,"1,229",
115/05/08,"1,921,851","101,114,966",52.20,52.90,52.20,52.90,+0.60,"1,585",
115/05/11,"2,608,180","136,446,897",52.80,53.00,52.10,52.30,-0.60,"2,143",
115/05/12,"2,474,523","129,434,303",52.30,52.60,52.00,52.10,-0.20,"1,658",
115/05/13,"1,705,869","89,085,167",52.10,52.50,52.00,52.30,+0.20,"1,396",
115/05/14,"1,734,524","91,292,054",52.30,52.90,52.30,52.60,+0.30,"1,360",
115/05/15,"2,142,428","113,459,322",52.60,53.20,52.60,52.90,+0.30,"1,652",
115/05/18,"1,932,609","102,431,429",52.90,53.40,52.50,52.80,-0.10,"1,565",
115/05/19,"2,553,880","137,162,934",53.00,54.10,53.00,53.50,+0.70,"2,141",
115/05/20,"1,669,943","88,780,813",53.50,53.60,52.80,53.00,-0.50,"1,837",
115/05/21,"1,506,691","80,048,214",53.10,53.50,52.90,52.90,-0.10,"1,427",
115/05/22,"2,137,410","112,089,037",53.00,53.00,52.30,52.40,-0.50,"2,137",
