日期,成交股數,成交金額,開盤價,最高價,最低價,收盤價,漲跌價差,成交筆數,註記
109/01/02,"4,655,355","345,260,154",74.30,74.60,73.50,74.20, 0.00,"3,446",
109/01/03,"4,106,135","306,475,860",74.30,74.80,74.30,74.80,+0.60,"2,629",
109/01/06,"6,241,361","461,167,935",74.40,74.40,73.60,73.90,-0.90,"2,831",
109/01/07,"6,383,030","468,478,384",73.70,74.00,73.10,73.40,-0.50,"3,114",
109/01/08,"5,159,215","375,610,895",73.40,73.40,72.60,72.60,-0.80,"2,859",
109/01/09,"6,308,040","462,169,838",72.70,73.80,72.60,73.40,+0.80,"2,448",
109/01/10,"4,231,374","312,761,876",73.30,74.40,73.30,74.00,+0.60,"2,428",
109/01/13,"4,507,176","335,654,393",74.10,74.80,74.10,74.60,+0.60,"2,584",
109/01/14,"7,371,510","548,447,715",74.50,74.70,74.10,74.40,-0.20,"3,041",
109/01/15,"6,292,051","468,583,774",74.40,74.60,74.10,74.60,+0.20,"2,971",
109/01/16,"9,104,708","683,674,753",74.30,75.50,74.20,75.50,+0.90,"4,678",
109/01/17,"6,843,898","517,200,062",75.70,75.80,75.30,75.70,+0.20,"4,431",
109/01/20,"5,132,787","387,637,445",75.50,75.70,75.20,75.40,-0.30,"2,725",
109/01/30,"23,689,030","1,735,472,383",75.40,75.40,71.80,72.00,-3.40,"9,450",
109/01/31,"11,901,409","868,667,417",72.10,73.70,72.10,72.60,+0.60,"5,326",
109/02/03,"7,888,011","576,707,799",72.50,74.20,72.40,73.00,+0.40,"3,577",
109/02/04,"9,227,245","677,503,245",73.20,73.80,72.90,73.50,+0.50,"2,789",
109/02/05,"9,696,908","712,178,769",73.50,73.70,72.80,73.70,+0.20,"3,204",
109/02/06,"4,854,050","358,030,884",73.80,74.00,73.50,74.00,+0.30,"2,550",
109/02/07,"6,078,371","447,482,656",73.20,74.10,73.10,73.60,-0.40,"3,175",
109/02/10,"8,362,865","623,526,595",73.80,75.00,73.40,75.00,+1.40,"3,430",
109/02/11,"6,537,317","489,255,675",74.80,75.30,74.30,74.60,-0.40,"3,548",
109/02/12,"9,192,875","686,057,315",74.40,74.90,74.40,74.40,-0.20,"4,131",
109/02/13,"8,706,870","647,540,959",74.30,74.70,74.10,74.50,+0.10,"3,015",
109/02/14,"4,469,080","331,872,925",74.10,74.60,74.10,74.20,-0.30,"2,356",
109/02/17,"3,687,800","275,841,775",74.20,75.00,74.20,75.00,+0.80,"1,695",
109/02/18,"6,571,254","492,827,750",74.90,75.20,74.60,75.10,+0.10,"3,092",
109/02/19,"6,012,958","451,656,350",75.20,75.30,74.90,75.00,-0.10,"3,073",
109/02/20,"8,024,475","596,206,774",75.00,75.00,74.00,74.00,-1.00,"4,350",
109/02/21,"4,703,263","348,169,702",74.00,74.40,73.70,74.00, 0.00,"2,337",
109/02/24,"18,632,439","1,367,226,036",72.20,73.80,72.20,73.50,-0.50,"4,146",
109/02/25,"8,383,856","615,232,242",73.00,73.60,72.80,73.50, 0.00,"3,943",
109/02/26,"8,791,928","641,597,243",72.80,73.30,72.80,73.00,-0.50,"3,334",
109/02/27,"10,588,934","773,076,389",72.80,73.50,72.60,73.20,+0.20,"3,865",
109/03/02,"18,205,933","1,301,333,342",71.40,71.90,71.20,71.20,-2.00,"8,989",
109/03/03,"9,426,839","677,290,936",71.70,72.30,71.40,72.00,+0.80,"4,865",
109/03/04,"8,582,691","626,797,780",72.00,73.50,72.00,73.50,+1.50,"4,277",
109/03/05,"8,456,162","622,200,699",74.20,74.20,72.80,73.60,+0.10,"4,365",
109/03/06,"8,688,680","633,238,440",73.60,73.70,72.50,72.70,-0.90,"5,096",
109/03/09,"15,373,808","1,104,332,693",71.60,72.70,71.20,71.80,-0.90,"7,198",
109/03/10,"13,774,295","994,121,598",71.80,72.80,71.40,72.40,+0.60,"5,792",
109/03/11,"14,163,307","1,027,530,201",72.00,73.20,71.80,72.90,+0.50,"5,667",
109/03/12,"19,721,933","1,389,580,549",72.70,72.70,68.90,70.30,-2.60,"8,636",
109/03/13,"28,827,276","1,909,237,775",66.30,69.00,63.40,68.20,-2.10,"11,209",
109/03/16,"15,121,759","1,011,918,374",67.60,68.20,66.00,66.30,-1.90,"6,300",
109/03/17,"22,276,147","1,443,992,611",63.00,65.90,62.90,64.90,-1.40,"8,823",
109/03/18,"18,256,131","1,156,887,853",64.50,64.50,61.90,61.90,-3.00,"8,307",
109/03/19,"19,234,181","1,196,628,699",61.50,65.00,60.60,62.90,+1.00,"8,984",
109/03/20,"24,719,546","1,614,809,444",63.50,68.10,63.40,65.00,+2.10,"10,629",
109/03/23,"16,806,671","1,065,903,644",62.60,65.10,62.50,62.60,-2.40,"5,467",
109/03/24,"13,682,328","915,190,802",65.70,68.00,65.00,66.60,+4.00,"7,053",
109/03/25,"11,435,852","765,394,463",66.40,68.40,66.40,66.60, 0.00,"6,502",
109/03/26,"13,885,099","925,385,733",66.30,67.80,65.80,65.80,-0.80,"5,127",
109/03/27,"13,130,706","857,783,190",66.20,66.70,64.10,64.10,-1.70,"5,738",
109/03/30,"11,044,114","704,660,210",62.70,64.50,62.70,63.80,-0.30,"4,491",
109/03/31,"13,541,060","887,172,330",64.80,66.20,64.50,65.60,+1.80,"5,034",
109/04/01,"10,920,723","719,820,628",66.10,67.00,65.10,65.10,-0.50,"4,846",
109/04/06,"17,887,448","1,218,683,632",68.20,69.00,67.10,69.00,+3.90,"7,687",
109/04/07,"14,621,954","1,019,675,895",70.30,70.90,68.80,69.00, 0.00,"6,097",
109/04/08,"9,998,101","704,812,189",69.00,71.00,69.00,70.20,+1.20,"4,701",
109/04/09,"6,283,504","437,783,680",70.00,70.70,69.20,69.60,-0.60,"3,322",
109/04/10,"3,617,302","250,319,090",69.20,69.60,68.90,69.00,-0.60,"2,294",
109/04/13,"4,326,039","296,126,955",68.30,69.30,68.10,68.10,-0.90,"2,137",
109/04/14,"10,186,959","700,473,456",68.00,69.40,68.00,68.10, 0.00,"3,383",
109/04/15,"13,614,473","927,156,290",68.00,68.50,68.00,68.00,-0.10,"6,390",
109/04/16,"8,790,987","594,910,399",67.80,68.20,67.50,67.50,-0.50,"3,962",
109/04/17,"13,307,681","908,740,055",68.20,68.90,67.80,67.80,+0.30,"5,121",
109/04/20,"11,058,785","751,289,539",67.80,68.40,67.60,67.80, 0.00,"3,892",
109/04/21,"14,805,274","988,158,651",67.50,67.80,66.00,66.00,-1.80,"8,242",
109/04/22,"8,927,358","596,733,589",66.00,67.50,65.80,67.10,+1.10,"4,111",
109/04/23,"9,031,345","611,356,663",67.40,68.00,67.30,67.90,+0.80,"2,818",
109/04/24,"13,716,121","919,195,988",67.90,68.00,66.60,66.60,-1.30,"5,853",
109/04/27,"8,207,757","556,450,476",67.50,68.10,67.20,67.70,+1.10,"3,199",
109/04/28,"8,062,614","550,589,264",68.00,68.60,67.90,68.30,+0.60,"4,081",
109/04/29,"10,730,437","744,886,069",68.60,70.00,68.50,69.00,+0.70,"5,121",
109/04/30,"10,128,339","706,418,839",69.20,70.00,69.20,69.50,+0.50,"4,866",
109/05/04,"9,501,639","649,152,168",68.00,68.90,67.70,68.30,-1.20,"5,060",
109/05/05,"7,039,574","491,809,602",68.90,70.20,68.90,70.00,+1.70,"3,973",
109/05/06,"9,809,574","684,286,180",70.20,70.50,69.10,69.70,-0.30,"4,477",
109/05/07,"7,778,407","546,948,684",70.10,70.80,69.90,70.10,+0.40,"3,216",
109/05/08,"7,819,061","553,748,780",70.20,71.20,70.20,70.90,+0.80,"4,161",
109/05/11,"5,012,056","356,947,476",71.20,71.80,70.90,71.00,+0.10,"2,498",
109/05/12,"10,855,008","755,813,035",70.10,70.40,69.40,69.40,-1.60,"4,852",
109/05/13,"5,800,381","405,586,835",69.50,70.40,69.30,70.40,+1.00,"2,656",
109/05/14,"7,019,442","489,683,912",70.00,70.10,69.30,70.00,-0.40,"3,086",
109/05/15,"9,376,065","650,773,303",70.00,70.20,69.10,69.10,-0.90,"4,119",
109/05/18,"5,906,133","411,057,758",68.60,70.20,68.60,69.80,+0.70,"2,769",
109/05/19,"9,576,729","675,457,040",71.10,71.20,70.00,70.20,+0.40,"4,431",
109/05/20,"7,908,847","562,275,730",71.00,71.30,70.60,71.30,+1.10,"3,805",
109/05/21,"9,600,745","692,995,923",71.30,72.70,71.10,72.30,+1.00,"4,646",
109/05/22,"11,194,201","811,104,616",73.00,73.30,71.80,71.90,-0.40,"5,435",
109/05/25,"5,610,584","400,000,187",72.20,72.20,70.60,71.80,-0.10,"2,582",
109/05/26,"7,717,692","561,378,499",72.50,73.20,72.10,72.30,+0.50,"3,355",
109/05/27,"4,468,697","322,733,961",72.30,72.80,72.00,72.40,+0.10,"2,016",
109/05/28,"8,364,435","601,343,520",72.80,72.80,71.50,71.50,-0.90,"3,069",
109/05/29,"14,164,198","1,028,206,277",71.10,72.80,71.10,72.80,+1.30,"2,331",
109/06/01,"8,148,063","600,069,991",73.50,74.20,73.00,73.40,+0.60,"3,773",
109/06/02,"6,540,404","480,931,984",73.30,73.90,73.20,73.50,+0.10,"2,715",
109/06/03,"10,773,724","800,636,460",74.80,74.80,73.90,74.30,+0.80,"4,721",
109/06/04,"8,940,617","663,603,155",73.60,74.60,73.50,74.60,+0.30,"3,651",
109/06/05,"6,604,879","488,692,520",74.50,74.50,73.70,73.90,-0.70,"2,631",
109/06/08,"9,600,573","707,219,036",74.10,74.20,73.40,73.50,-0.40,"3,498",
109/06/09,"8,373,982","616,541,940",73.00,74.00,72.80,73.90,+0.40,"2,578",
109/06/10,"10,103,912","744,749,081",73.90,74.00,73.40,73.70,-0.20,"2,946",
109/06/11,"18,569,534","1,355,914,862",73.30,73.80,72.80,73.00,-0.70,"4,172",
109/06/12,"9,604,531","693,898,112",72.50,72.60,72.00,72.00,-1.00,"3,960",
109/06/15,"13,644,589","972,193,399",71.90,72.00,70.60,70.60,-1.40,"5,828",
109/06/16,"12,402,619","899,701,587",71.10,73.40,71.10,73.30,+2.70,"4,366",
109/06/17,"7,695,746","558,777,655",73.30,73.30,72.20,72.50,-0.80,"3,193",
109/06/18,"7,428,404","539,221,314",72.80,73.30,72.30,72.50, 0.00,"2,342",
109/06/19,"18,900,757","1,352,694,493",72.50,72.70,71.20,71.20,-1.30,"5,866",
109/06/22,"11,020,234","783,983,494",71.20,71.80,70.90,71.00,-0.20,"4,086",
109/06/23,"9,956,518","715,013,392",71.40,72.10,70.90,72.10,+1.10,"2,801",
109/06/24,"10,540,157","755,075,048",72.20,72.30,71.30,71.40,-0.70,"2,923",
109/06/29,"9,600,128","686,732,216",71.80,72.20,71.00,71.80,+0.40,"4,106",
109/06/30,"10,759,466","768,425,436",71.90,72.00,71.30,71.30,-0.50,"3,667",
109/07/01,"8,133,087","580,548,401",71.30,71.60,71.20,71.20,-0.10,"3,812",
109/07/02,"9,150,360","657,776,921",71.70,72.60,71.30,72.40,+1.20,"4,906",
109/07/03,"7,119,084","519,545,219",72.70,73.30,72.60,73.20,+0.80,"3,398",
109/07/06,"8,648,223","635,914,090",73.30,73.80,72.70,73.80,+0.60,"3,156",
109/07/07,"13,688,264","1,002,697,589",73.80,73.80,72.80,73.20,-0.60,"4,743",
109/07/08,"7,652,157","561,066,065",73.20,73.60,72.60,73.30,+0.10,"2,803",
109/07/09,"8,502,085","624,882,732",73.00,73.90,72.50,73.50,+0.20,"3,125",
109/07/10,"7,779,462","571,516,132",73.40,73.80,72.60,73.60,+0.10,"3,034",
109/07/13,"10,391,809","766,142,786",73.60,74.00,73.40,73.60, 0.00,"3,517",
109/07/14,"7,224,104","527,349,141",73.10,73.30,72.60,72.90,-0.70,"2,965",
109/07/15,"7,612,528","556,955,044",72.70,73.60,72.60,73.00,+0.10,"3,114",
109/07/16,"5,431,857","396,873,661",72.70,73.40,72.70,73.00, 0.00,"2,045",
109/07/17,"3,785,038","275,943,925",73.80,73.80,72.50,72.50,-0.50,"1,873",
109/07/20,"2,398,695","173,873,018",72.40,72.70,72.20,72.60,+0.10,"1,330",
109/07/21,"4,795,475","348,408,021",72.80,73.10,72.10,72.10,-0.50,"2,052",
109/07/22,"5,009,532","361,399,381",72.10,72.50,72.00,72.10, 0.00,"2,074",
109/07/23,"7,505,848","540,572,302",71.80,72.40,71.50,72.00,-0.10,"2,201",
109/07/24,"9,331,257","666,770,998",71.30,71.80,71.20,71.30,-0.70,"4,481",
109/07/27,"14,291,798","1,024,567,999",71.20,72.10,71.20,71.30, 0.00,"2,204",
109/07/28,"8,665,373","613,405,416",70.80,71.00,70.40,70.60,-0.70,"3,519",
109/07/29,"12,732,805","901,726,355",70.40,71.40,70.40,70.70,+0.10,"3,327",
109/07/30,"6,055,731","432,383,132",70.90,72.00,70.50,72.00,+1.30,"2,397",
109/07/31,"8,386,895","598,609,434",72.00,72.00,71.00,71.50,-0.50,"2,998",
109/08/03,"10,263,028","723,423,745",71.00,71.40,70.00,70.00,-1.50,"5,421",
109/08/04,"8,981,654","631,194,302",70.20,70.60,70.10,70.20,+0.20,"4,691",
109/08/05,"10,313,210","725,850,277",70.20,70.70,70.10,70.70,+0.50,"5,933",
109/08/06,"10,290,311","712,622,589",69.60,69.70,69.00,69.50,X0.00,"7,408",
109/08/07,"8,624,982","596,226,018",69.20,69.40,69.00,69.10,-0.40,"4,890",
109/08/10,"7,488,211","516,171,107",69.20,69.30,68.70,69.00,-0.10,"4,237",
109/08/11,"8,109,159","559,007,481",69.10,69.30,68.60,68.60,-0.40,"5,086",
109/08/12,"10,385,674","706,359,209",68.70,68.80,67.70,67.80,-0.80,"5,148",
109/08/13,"6,958,262","475,587,792",68.20,68.60,68.10,68.30,+0.50,"2,932",
109/08/14,"7,638,106","521,673,350",68.20,68.70,67.90,68.30, 0.00,"2,677",
109/08/17,"6,174,883","425,726,344",68.30,69.30,68.30,69.20,+0.90,"3,154",
109/08/18,"6,214,950","427,507,018",69.00,69.20,68.60,68.70,-0.50,"2,740",
109/08/19,"8,495,152","582,744,947",68.50,68.90,68.40,68.40,-0.30,"3,433",
109/08/20,"48,390,220","3,273,911,960",68.30,68.40,67.00,67.10,-1.30,"6,234",
109/08/21,"6,068,298","408,752,919",67.60,67.80,67.10,67.10, 0.00,"2,992",
109/08/24,"10,493,658","703,127,782",67.10,67.20,66.80,67.00,-0.10,"2,676",
109/08/25,"6,457,130","435,057,545",67.10,67.80,67.00,67.40,+0.40,"2,706",
109/08/26,"7,643,281","512,679,870",67.10,67.40,66.90,67.30,-0.10,"3,933",
109/08/27,"3,330,951","223,866,547",67.20,67.40,67.00,67.40,+0.10,"1,888",
109/08/28,"51,560,705","3,352,370,083",67.40,67.60,66.80,67.00,-0.40,"3,628",
109/08/31,"13,974,186","933,013,862",67.60,67.60,66.10,66.60,-0.40,"5,362",
109/09/01,"14,091,133","932,532,933",66.50,66.60,65.90,66.20,-0.40,"4,201",
109/09/02,"16,438,878","1,075,326,647",66.40,66.50,64.30,65.20,-1.00,"7,842",
109/09/03,"22,978,278","1,481,683,719",64.60,65.80,62.70,64.60,-0.60,"10,263",
109/09/04,"22,599,706","1,444,119,953",64.00,64.40,63.60,63.60,-1.00,"10,245",
109/09/07,"8,655,377","554,279,460",64.30,65.20,64.10,64.90,+1.30,"4,667",
109/09/08,"9,988,376","654,765,873",65.20,66.00,64.90,66.00,+1.10,"4,022",
109/09/09,"8,555,569","557,649,885",65.00,65.60,64.80,65.30,-0.70,"3,894",
109/09/10,"5,192,497","340,903,204",65.50,66.00,65.00,66.00,+0.70,"2,415",
109/09/11,"5,767,992","380,010,390",65.70,66.10,65.50,66.00, 0.00,"2,831",
109/09/14,"5,462,887","362,905,829",66.30,66.80,65.90,66.80,+0.80,"2,741",
109/09/15,"6,104,522","403,822,822",66.80,66.80,65.80,66.00,-0.80,"3,331",
109/09/16,"5,971,423","395,049,401",66.20,66.40,65.70,66.40,+0.40,"2,354",
109/09/17,"18,363,013","1,188,770,866",64.30,65.30,64.30,64.50,-1.90,"7,963",
109/09/18,"28,243,680","1,825,497,990",64.80,65.10,64.50,64.50, 0.00,"3,466",
109/09/21,"10,387,960","667,597,253",64.30,64.60,64.00,64.00,-0.50,"4,631",
109/09/22,"8,844,829","565,940,349",63.80,64.40,63.50,64.00, 0.00,"3,377",
109/09/23,"6,136,007","391,251,802",64.00,64.40,63.50,64.00, 0.00,"3,061",
109/09/24,"17,536,485","1,092,918,682",63.40,63.40,61.70,61.70,-2.30,"9,823",
109/09/25,"12,274,282","761,103,855",62.10,62.50,61.80,61.80,+0.10,"3,990",
109/09/28,"6,576,562","413,849,580",62.30,63.30,62.30,62.80,+1.00,"3,002",
109/09/29,"6,515,901","408,200,843",63.30,63.40,62.30,62.50,-0.30,"2,637",
109/09/30,"8,891,219","559,287,801",63.10,63.60,62.50,62.50, 0.00,"2,877",
109/10/05,"8,887,514","558,795,779",63.40,63.60,62.50,62.60,+0.10,"4,404",
109/10/06,"6,568,022","415,552,863",63.20,63.50,62.90,63.40,+0.80,"3,073",
109/10/07,"11,484,455","718,659,266",62.50,62.80,62.40,62.40,-1.00,"4,597",
109/10/08,"8,638,420","542,391,242",62.50,63.20,62.40,63.10,+0.70,"3,801",
109/10/12,"8,629,206","546,041,581",62.80,63.70,62.80,63.10, 0.00,"4,191",
109/10/13,"5,537,205","347,796,365",62.60,63.00,62.60,62.80,-0.30,"2,431",
109/10/14,"8,483,498","532,463,274",62.70,63.10,62.60,62.70,-0.10,"2,953",
109/10/15,"8,494,747","530,908,175",62.40,62.80,62.30,62.50,-0.20,"3,484",
109/10/16,"6,765,222","421,838,896",62.50,62.70,62.10,62.10,-0.40,"2,883",
109/10/19,"4,134,604","258,945,207",62.30,62.90,62.30,62.30,+0.20,"2,486",
109/10/20,"3,560,708","222,792,931",62.80,62.90,62.40,62.50,+0.20,"1,788",
109/10/21,"4,371,443","272,344,190",62.80,62.80,62.00,62.00,-0.50,"2,616",
109/10/22,"5,867,709","367,652,699",61.90,63.00,61.90,63.00,+1.00,"2,457",
109/10/23,"4,424,817","277,601,953",63.00,63.10,62.60,62.60,-0.40,"1,804",
109/10/26,"4,469,767","280,065,630",62.60,63.10,62.40,62.60, 0.00,"2,399",
109/10/27,"11,763,601","728,981,440",62.20,62.30,61.80,61.90,-0.70,"5,706",
109/10/28,"9,096,649","561,866,593",61.70,61.90,61.70,61.70,-0.20,"4,262",
109/10/29,"7,744,428","475,271,958",61.70,61.70,61.20,61.20,-0.50,"4,569",
109/10/30,"12,025,952","734,983,224",61.10,61.80,60.60,61.30,+0.10,"4,590",
109/11/02,"9,264,259","567,799,421",61.30,61.50,60.80,61.20,-0.10,"2,328",
109/11/03,"5,334,216","330,427,531",61.50,62.30,61.30,62.30,+1.10,"2,427",
109/11/04,"4,272,231","266,024,960",62.10,62.50,61.90,62.50,+0.20,"1,686",
109/11/05,"4,788,103","299,842,855",62.80,62.90,62.50,62.60,+0.10,"2,348",
109/11/06,"5,277,944","329,884,616",62.60,62.80,62.20,62.80,+0.20,"2,092",
109/11/09,"9,290,258","586,980,850",63.20,63.30,63.00,63.30,+0.50,"3,313",
109/11/10,"12,057,733","772,204,621",63.50,64.30,63.40,64.30,+1.00,"5,452",
109/11/11,"10,247,183","663,228,349",64.30,65.10,63.90,65.10,+0.80,"4,738",
109/11/12,"25,519,335","1,712,723,356",66.50,67.70,66.30,67.50,+2.40,"12,269",
109/11/13,"14,571,054","990,724,882",67.50,68.40,67.20,68.40,+0.90,"7,568",
109/11/16,"10,328,756","703,519,192",68.60,68.70,67.70,68.00,-0.40,"5,608",
109/11/17,"10,644,043","720,872,806",68.00,68.00,67.30,67.90,-0.10,"5,415",
109/11/18,"9,497,415","648,441,001",67.90,68.50,67.80,68.30,+0.40,"4,734",
109/11/19,"7,246,066","495,227,478",68.80,68.80,68.00,68.40,+0.10,"2,969",
109/11/20,"4,612,074","314,087,069",68.40,68.40,67.90,68.10,-0.30,"1,998",
109/11/23,"6,143,959","419,754,469",68.00,68.50,67.60,68.50,+0.40,"3,350",
109/11/24,"4,591,788","311,338,012",68.10,68.20,67.60,67.60,-0.90,"2,765",
109/11/25,"6,939,708","466,954,289",67.80,67.90,66.80,67.00,-0.60,"3,586",
109/11/26,"5,137,601","343,435,683",67.10,67.10,66.50,67.00, 0.00,"3,377",
109/11/27,"10,226,861","678,251,306",66.60,66.70,66.10,66.30,-0.70,"5,236",
109/11/30,"31,660,016","2,071,887,877",66.30,67.00,65.00,65.00,-1.30,"8,950",
109/12/01,"9,368,135","616,445,877",65.20,66.10,65.20,66.10,+1.10,"4,337",
109/12/02,"14,934,270","978,340,680",65.50,65.90,65.30,65.30,-0.80,"5,053",
109/12/03,"8,246,030","541,905,343",65.30,66.20,65.20,65.70,+0.40,"3,709",
109/12/04,"7,563,746","501,201,010",66.20,66.50,65.80,66.30,+0.60,"3,415",
109/12/07,"10,481,170","686,044,829",66.50,66.50,65.10,65.60,-0.70,"5,545",
109/12/08,"7,735,928","506,364,343",65.20,65.70,65.10,65.40,-0.20,"3,471",
109/12/09,"7,600,225","497,476,351",65.40,65.70,65.30,65.40, 0.00,"2,696",
109/12/10,"5,958,821","390,965,412",65.20,66.00,65.20,65.50,+0.10,"2,588",
109/12/11,"9,708,260","632,893,200",65.20,65.70,65.00,65.10,-0.40,"3,471",
109/12/14,"12,710,665","828,528,510",65.10,65.60,64.90,65.00,-0.10,"3,676",
109/12/15,"11,750,012","761,360,289",64.90,65.30,64.40,65.00, 0.00,"4,684",
109/12/16,"14,033,019","917,552,250",65.30,66.00,65.00,65.70,+0.70,"6,286",
109/12/17,"13,744,229","917,913,088",66.00,67.40,65.90,67.00,+1.30,"6,924",
109/12/18,"12,210,220","815,438,662",67.20,67.40,66.50,66.50,-0.50,"5,309",
109/12/21,"8,722,133","579,945,137",66.20,66.90,66.00,66.80,+0.30,"4,054",
109/12/22,"6,571,816","435,766,815",66.50,66.70,65.90,66.10,-0.70,"2,850",
109/12/23,"3,978,594","261,885,073",65.80,66.20,65.50,65.90,-0.20,"2,051",
109/12/24,"11,494,922","758,260,592",66.10,66.30,65.90,66.00,+0.10,"1,387",
109/12/25,"3,853,970","256,033,141",66.50,66.80,66.10,66.30,+0.30,"2,079",
109/12/28,"4,361,614","290,972,514",66.80,66.90,66.20,66.90,+0.60,"2,606",
109/12/29,"4,143,581","277,216,022",67.00,67.10,66.60,66.90, 0.00,"2,032",
109/12/30,"8,766,337","592,323,826",67.20,68.00,67.00,67.80,+0.90,"4,450",
109/12/31,"6,556,828","443,202,551",68.00,68.00,67.30,67.50,-0.30,"2,749",
110/01/04,"8,709,881","589,739,680",67.00,68.00,66.90,67.60,+0.10,"4,339",
110/01/05,"8,494,017","569,437,909",67.60,67.70,66.80,67.00,-0.60,"4,896",
110/01/06,"14,074,965","934,071,122",66.80,67.20,65.80,66.10,-0.90,"7,181",
110/01/07,"6,375,451","423,855,394",66.50,66.70,66.20,66.60,+0.50,"3,285",
110/01/08,"18,059,727","1,212,850,974",66.50,67.80,66.10,67.70,+1.10,"7,532",
110/01/11,"9,655,922","649,333,652",67.70,67.80,66.80,67.30,-0.40,"3,980",
110/01/12,"6,564,076","438,168,350",66.80,67.00,66.40,67.00,-0.30,"2,916",
110/01/13,"11,551,151","771,337,406",66.50,67.00,66.40,67.00, 0.00,"4,013",
110/01/14,"12,617,979","842,659,326",67.10,67.40,66.20,66.80,-0.20,"5,195",
110/01/15,"15,730,689","1,041,587,375",66.50,66.70,66.00,66.00,-0.80,"4,126",
110/01/18,"10,261,630","685,854,254",66.30,67.40,65.90,67.40,+1.40,"4,211",
110/01/19,"7,936,743","531,624,761",67.40,67.40,66.80,67.10,-0.30,"3,170",
110/01/20,"22,919,241","1,498,854,479",67.00,67.10,64.20,64.30,-2.80,"10,818",
110/01/21,"10,200,899","674,646,384",66.00,66.40,65.60,66.10,+1.80,"4,575",
110/01/22,"19,920,684","1,332,367,401",66.80,67.70,66.20,66.70,+0.60,"8,028",
110/01/25,"9,505,951","632,516,064",66.80,66.80,66.30,66.70, 0.00,"4,093",
110/01/26,"8,102,233","541,635,071",66.80,67.20,66.50,67.00,+0.30,"4,310",
110/01/27,"10,532,282","708,524,232",67.60,67.60,67.00,67.20,+0.20,"3,716",
110/01/28,"16,642,189","1,124,379,704",67.20,67.90,67.00,67.90,+0.70,"6,037",
110/01/29,"19,133,341","1,305,972,726",67.70,68.90,67.50,68.00,+0.10,"9,368",
110/02/01,"13,299,309","911,372,337",68.50,69.00,68.00,68.00, 0.00,"7,558",
110/02/02,"13,707,767","929,854,723",67.80,68.30,66.60,67.60,-0.40,"4,872",
110/02/03,"7,116,387","483,716,337",67.60,68.30,67.30,68.10,+0.50,"2,536",
110/02/04,"8,362,471","571,425,394",67.70,68.50,67.60,68.50,+0.40,"3,233",
110/02/05,"10,839,608","742,968,227",68.70,68.80,68.00,68.70,+0.20,"4,763",
110/02/17,"15,599,704","1,068,128,533",68.40,69.00,67.60,68.80,+0.10,"7,330",
110/02/18,"11,045,276","760,903,927",68.60,69.40,68.40,68.70,-0.10,"5,121",
110/02/19,"8,819,878","603,855,165",68.40,68.80,68.10,68.40,-0.30,"3,221",
110/02/22,"6,174,564","423,377,102",68.60,68.90,68.30,68.50,+0.10,"2,914",
110/02/23,"14,802,309","1,023,607,808",68.50,69.50,68.30,69.00,+0.50,"4,515",
110/02/24,"10,332,785","716,212,035",68.90,69.90,68.90,69.10,+0.10,"3,574",
110/02/25,"8,181,122","570,188,634",69.70,69.90,69.10,69.90,+0.80,"3,453",
110/02/26,"20,096,587","1,363,069,768",69.70,69.70,67.20,67.20,-2.70,"8,129",
110/03/02,"11,892,631","812,126,399",69.00,69.00,68.00,68.00,+0.80,"4,639",
110/03/03,"14,397,849","992,457,844",68.60,69.30,68.10,69.10,+1.10,"4,213",
110/03/04,"9,688,285","662,414,638",68.80,69.10,67.90,68.50,-0.60,"3,750",
110/03/05,"8,866,585","606,995,195",67.60,69.00,67.60,68.40,-0.10,"3,642",
110/03/08,"8,734,765","601,370,915",69.00,69.30,68.40,68.80,+0.40,"2,533",
110/03/09,"14,384,657","1,002,805,996",68.80,70.10,68.80,70.10,+1.30,"6,370",
110/03/10,"7,318,018","514,341,252",70.40,70.60,70.10,70.20,+0.10,"3,577",
110/03/11,"14,496,162","1,018,477,392",70.20,70.90,69.70,69.80,-0.40,"4,065",
110/03/12,"12,937,635","903,356,511",70.00,70.00,69.60,70.00,+0.20,"2,987",
110/03/15,"7,860,569","547,536,334",69.50,69.90,69.10,69.70,-0.30,"2,859",
110/03/16,"7,568,183","525,334,589",69.70,69.80,69.30,69.30,-0.40,"2,765",
110/03/17,"8,441,334","585,447,834",69.30,69.70,69.10,69.40,+0.10,"3,261",
110/03/18,"7,882,311","551,756,710",69.30,70.20,69.30,70.10,+0.70,"2,778",
110/03/19,"22,138,433","1,519,815,192",69.30,69.50,68.50,68.50,-1.60,"6,832",
110/03/22,"3,980,941","274,647,067",68.50,69.40,68.40,69.00,+0.50,"2,126",
110/03/23,"5,640,551","388,559,754",68.90,69.00,68.70,68.90,-0.10,"1,710",
110/03/24,"5,253,998","360,894,642",68.90,69.30,68.50,68.50,-0.40,"2,435",
110/03/25,"8,218,572","572,324,064",68.70,70.00,68.70,69.70,+1.20,"4,023",
110/03/26,"15,951,502","1,136,600,846",70.20,71.70,70.20,71.20,+1.50,"8,428",
110/03/29,"9,131,057","652,259,238",71.70,72.00,70.80,71.70,+0.50,"4,632",
110/03/30,"12,729,709","922,586,482",71.70,73.00,71.60,73.00,+1.30,"6,372",
110/03/31,"12,628,512","919,306,508",73.00,73.00,72.30,73.00, 0.00,"4,128",
110/04/01,"5,079,603","368,148,779",72.60,72.90,72.30,72.50,-0.50,"2,520",
110/04/06,"6,116,364","446,060,878",73.00,73.30,72.60,72.90,+0.40,"3,434",
110/04/07,"5,984,389","435,941,734",72.90,73.00,72.50,73.00,+0.10,"3,313",
110/04/08,"4,808,041","350,741,791",73.00,73.20,72.80,73.00, 0.00,"2,315",
110/04/09,"7,887,913","574,409,898",72.90,73.00,72.50,72.80,-0.20,"2,724",
110/04/12,"5,226,134","378,930,029",72.30,72.80,72.30,72.50,-0.30,"3,077",
110/04/13,"10,102,051","738,577,288",72.50,73.50,72.40,72.70,+0.20,"5,149",
110/04/14,"10,030,398","729,288,165",72.40,73.10,72.00,73.00,+0.30,"3,487",
110/04/15,"4,255,789","310,404,283",72.50,73.10,72.50,73.10,+0.10,"2,053",
110/04/16,"5,456,859","398,939,391",73.10,73.20,72.80,73.20,+0.10,"2,872",
110/04/19,"8,644,081","642,537,985",73.20,74.80,73.00,74.70,+1.50,"5,552",
110/04/20,"11,632,400","878,540,165",74.80,75.80,74.80,75.80,+1.10,"5,478",
110/04/21,"7,802,864","585,043,431",75.40,75.70,74.60,74.70,-1.10,"4,285",
110/04/22,"14,693,763","1,113,568,521",75.00,76.40,74.90,76.00,+1.30,"6,701",
110/04/23,"10,006,183","755,290,002",76.50,76.90,75.00,75.60,-0.40,"4,302",
110/04/26,"9,718,705","729,185,445",74.80,75.50,74.10,75.50,-0.10,"6,069",
110/04/27,"7,583,179","568,307,144",74.70,75.30,74.60,75.20,-0.30,"3,255",
110/04/28,"7,822,752","589,319,789",74.70,75.90,74.20,75.80,+0.60,"3,842",
110/04/29,"10,227,104","773,023,075",75.00,76.20,75.00,75.10,-0.70,"3,856",
110/05/03,"7,041,653","527,825,397",74.10,76.00,74.10,74.50,-0.60,"3,523",
110/05/04,"13,626,927","1,015,351,832",74.60,75.70,73.70,74.10,-0.40,"6,285",
110/05/05,"10,371,912","763,551,845",73.90,74.20,72.50,73.00,-1.10,"3,768",
110/05/06,"9,626,525","698,531,483",72.50,74.70,72.50,74.70,+1.70,"3,432",
110/05/07,"8,716,184","651,385,350",74.70,75.10,74.40,74.60,-0.10,"2,163",
110/05/10,"4,424,578","332,171,146",75.00,75.50,74.60,75.20,+0.60,"2,106",
110/05/11,"6,428,854","480,618,747",75.50,75.50,74.10,74.70,-0.50,"3,162",
110/05/12,"17,955,457","1,301,563,501",75.00,75.50,69.00,72.60,-2.10,"9,177",
110/05/13,"12,876,920","942,237,814",72.90,74.20,71.80,72.70,+0.10,"6,471",
110/05/14,"8,804,124","645,624,635",72.20,74.20,71.70,74.20,+1.50,"4,747",
110/05/17,"19,687,989","1,455,445,670",74.30,76.90,72.00,72.60,-1.60,"9,695",
110/05/18,"7,503,928","551,596,518",72.70,74.20,72.30,74.00,+1.40,"4,002",
110/05/19,"4,843,934","355,984,292",73.00,74.00,72.90,73.40,-0.60,"2,367",
110/05/20,"8,050,029","597,266,989",73.50,74.50,73.40,74.50,+1.10,"3,392",
110/05/21,"8,681,137","650,595,765",75.00,76.00,74.10,75.00,+0.50,"3,929",
110/05/24,"6,190,311","455,728,292",74.50,74.50,73.20,73.60,-1.40,"5,007",
110/05/25,"9,216,388","675,086,069",73.30,73.70,73.00,73.20,-0.40,"4,438",
110/05/26,"8,031,304","584,234,298",73.10,73.10,72.40,72.80,-0.40,"3,593",
110/05/27,"20,529,049","1,480,076,569",73.00,73.00,71.90,72.00,-0.80,"5,535",
110/05/28,"9,323,477","678,838,971",73.00,73.10,72.40,72.80,+0.80,"3,484",
110/05/31,"6,799,964","498,845,706",73.40,73.70,72.60,73.60,+0.80,"4,056",
110/07/01,"2,903,461","211,623,084",73.20,73.50,72.70,72.70,-0.50,"1,733",
110/07/02,"3,468,341","253,690,963",72.80,73.70,72.50,73.40,+0.70,"1,724",
110/07/05,"4,722,610","348,091,993",73.50,73.90,73.00,73.90,+0.50,"2,027",
110/07/06,"2,945,856","217,544,344",73.90,74.10,73.50,73.80,-0.10,"1,438",
110/07/07,"2,587,489","190,672,212",73.20,73.90,73.20,73.90,+0.10,"1,377",
110/07/08,"4,358,288","322,271,971",73.80,74.20,73.50,74.10,+0.20,"2,254",
110/07/09,"7,310,267","534,756,708",73.50,74.10,72.60,73.80,-0.30,"4,309",
110/07/12,"4,389,396","321,180,514",73.40,73.80,72.80,72.90,-0.90,"2,576",
110/07/13,"6,009,008","442,161,040",73.50,73.90,73.10,73.90,+1.00,"2,905",
110/07/14,"4,610,200","337,384,565",73.50,73.80,72.80,73.20,-0.70,"2,321",
110/07/15,"3,214,280","234,974,002",72.80,73.40,72.80,73.40,+0.20,"1,507",
110/07/16,"3,682,026","269,175,630",72.90,73.50,72.80,73.10,-0.30,"2,164",
110/07/19,"4,703,322","341,934,138",72.60,73.30,72.40,73.20,+0.10,"2,528",
110/07/20,"2,623,706","190,501,550",73.00,73.20,72.30,72.50,-0.70,"1,821",
110/07/21,"3,322,346","240,903,803",72.30,72.80,72.20,72.70,+0.20,"2,293",
110/07/22,"5,210,834","381,941,287",72.80,73.50,72.70,73.50,+0.80,"2,509",
110/07/23,"2,550,477","186,914,934",73.50,73.60,73.00,73.20,-0.30,"1,762",
110/07/26,"3,015,714","219,315,065",72.60,73.20,72.50,72.50,-0.70,"2,032",
110/07/27,"4,650,909","339,819,105",73.00,73.30,72.60,73.30,+0.80,"2,016",
110/07/28,"7,120,462","517,287,400",73.30,73.40,72.00,72.60,-0.70,"4,099",
110/07/29,"5,378,447","394,557,592",72.90,73.50,72.80,73.50,+0.90,"2,388",
110/07/30,"4,362,603","320,300,993",74.00,74.00,73.00,73.20,-0.30,"2,237",
110/08/02,"11,851,063","880,893,712",73.70,74.90,73.40,74.70,+1.50,"5,444",
110/08/03,"4,699,914","351,016,326",74.10,75.00,74.00,75.00,+0.30,"2,507",
110/08/04,"9,158,892","691,763,335",74.20,76.00,74.20,75.50,+0.50,"6,728",
110/08/05,"4,389,700","330,075,387",75.50,75.50,74.60,75.30,-0.20,"2,541",
110/08/06,"5,089,185","381,017,703",75.10,75.20,74.20,75.20,-0.10,"2,887",
110/08/09,"6,369,601","470,162,083",74.20,74.80,72.50,74.60,-0.60,"3,900",
110/08/10,"4,903,750","366,309,767",74.80,75.00,73.70,75.00,+0.40,"2,856",
110/08/11,"5,737,348","424,685,900",74.00,74.40,73.40,74.40,-0.60,"2,369",
110/08/12,"7,351,010","537,246,943",74.00,74.00,72.50,73.00,-1.40,"3,955",
110/08/13,"20,130,831","1,418,062,326",72.00,72.20,69.80,69.80,-3.20,"12,488",
110/08/16,"13,687,201","957,282,430",69.50,70.60,69.30,70.10,+0.30,"4,903",
110/08/17,"9,393,335","658,918,947",70.20,70.90,69.60,70.00,-0.10,"3,634",
110/08/18,"6,930,915","484,447,089",69.80,70.20,69.50,70.10,+0.10,"3,325",
110/08/19,"13,470,001","932,364,506",69.80,70.00,68.60,69.10,-1.00,"6,239",
110/08/20,"9,113,837","631,058,705",69.80,70.00,68.60,68.90,-0.20,"4,321",
110/08/23,"6,391,246","447,885,166",69.80,70.90,69.50,69.50,+0.60,"2,648",
110/08/24,"2,844,132","199,943,500",69.90,70.50,69.80,70.50,+1.00,"1,670",
110/08/25,"6,334,231","446,334,577",70.10,71.00,69.90,70.60,+0.10,"2,805",
110/08/26,"9,077,963","635,967,468",70.00,70.90,69.70,69.80,-0.80,"3,248",
110/08/27,"8,026,258","567,717,857",69.90,71.70,69.80,70.50,+0.70,"3,122",
110/08/30,"5,240,443","372,928,569",70.60,71.60,70.50,71.60,+1.10,"2,612",
110/08/31,"9,051,255","649,997,386",71.10,72.30,70.70,72.30,+0.70,"2,853",
110/09/01,"5,492,388","392,542,995",71.50,72.00,71.10,71.40,-0.90,"2,477",
110/09/02,"6,915,235","498,973,782",71.20,73.00,71.10,71.60,+0.20,"3,149",
110/09/03,"5,840,543","418,984,377",72.10,72.40,71.30,72.00,+0.40,"2,930",
110/09/06,"2,952,518","211,951,675",72.00,72.10,71.40,71.50,-0.50,"1,909",
110/09/07,"6,297,792","446,150,980",71.40,71.50,70.60,70.70,-0.80,"3,135",
110/09/08,"7,755,695","549,054,386",70.50,71.20,70.50,70.90,+0.20,"4,048",
110/09/09,"15,717,306","1,059,590,322",68.10,68.20,67.00,67.20,X0.00,"10,573",
110/09/10,"5,708,520","388,625,415",67.20,68.50,67.00,68.40,+1.20,"3,401",
110/09/13,"4,410,876","303,424,565",68.50,69.10,68.30,69.10,+0.70,"2,750",
110/09/14,"4,463,541","310,056,723",69.40,69.80,69.10,69.40,+0.30,"2,565",
110/09/15,"4,584,418","318,558,530",69.40,69.80,69.20,69.40, 0.00,"2,279",
110/09/16,"10,164,973","701,606,813",69.40,69.70,68.40,69.10,-0.30,"4,309",
110/09/17,"12,857,976","896,342,516",69.40,70.40,69.30,69.60,+0.50,"3,315",
110/09/22,"10,130,417","691,525,874",68.50,69.00,67.70,68.50,-1.10,"5,941",
110/09/23,"5,589,334","384,954,073",68.70,69.30,68.60,68.80,+0.30,"2,466",
110/09/24,"3,578,715","247,506,142",69.30,69.80,68.90,69.10,+0.30,"1,845",
110/09/27,"4,877,615","338,918,943",69.50,70.00,69.10,69.50,+0.40,"1,948",
110/09/28,"5,197,037","357,927,275",69.00,69.50,68.50,68.70,-0.80,"2,531",
110/09/29,"8,074,249","551,644,951",68.80,68.90,67.80,68.60,-0.10,"4,095",
110/09/30,"8,007,675","547,117,081",68.10,68.70,68.00,68.30,-0.30,"2,382",
110/10/01,"10,195,108","686,566,379",67.90,68.50,66.90,67.10,-1.20,"6,592",
110/10/04,"2,855,302","192,456,578",67.80,67.80,67.10,67.50,+0.40,"1,768",
110/10/05,"7,096,007","473,700,057",67.10,67.20,66.30,66.70,-0.80,"4,331",
110/10/06,"9,534,032","640,496,268",67.50,67.60,66.70,67.30,+0.60,"3,227",
110/10/07,"6,702,708","456,590,703",67.90,68.50,67.40,68.00,+0.70,"2,663",
110/10/08,"3,644,308","247,634,659",68.30,68.40,67.60,68.00, 0.00,"2,228",
110/10/12,"7,126,472","478,470,883",67.20,67.90,66.70,67.20,-0.80,"3,640",
110/10/13,"4,021,128","271,088,574",67.90,67.90,66.90,67.20, 0.00,"2,297",
110/10/14,"7,686,170","523,102,086",67.90,68.50,67.70,67.70,+0.50,"1,851",
110/10/15,"7,066,879","478,938,964",68.00,68.20,67.20,68.10,+0.40,"3,304",
110/10/18,"3,512,522","238,956,962",68.10,68.30,67.80,68.10, 0.00,"2,022",
110/10/19,"3,038,756","206,617,975",68.30,68.40,67.70,67.80,-0.30,"1,788",
110/10/20,"6,080,203","411,280,239",67.90,68.20,67.40,67.40,-0.40,"3,521",
110/10/21,"6,617,503","445,021,102",67.80,67.80,67.00,67.00,-0.40,"2,965",
110/10/22,"4,521,069","303,510,055",67.00,67.40,66.80,67.30,+0.30,"1,740",
110/10/25,"2,788,402","187,116,999",67.00,67.30,66.90,67.10,-0.20,"1,814",
110/10/26,"9,621,207","647,170,423",67.50,67.70,67.00,67.30,+0.20,"3,329",
110/10/27,"9,583,742","641,036,287",67.20,67.50,66.70,67.20,-0.10,"4,985",
110/10/28,"5,151,776","345,523,473",67.20,67.30,66.70,67.20, 0.00,"1,817",
110/10/29,"9,046,745","603,717,497",67.00,67.00,66.60,66.60,-0.60,"4,238",
110/11/01,"5,020,098","335,989,105",66.80,67.10,66.80,66.90,+0.30,"2,775",
110/11/02,"5,136,473","345,735,190",67.10,67.40,67.00,67.40,+0.50,"2,046",
110/11/03,"4,716,207","318,070,096",67.30,67.90,67.00,67.50,+0.10,"2,411",
110/11/04,"3,928,630","263,280,812",67.80,67.80,66.80,66.80,-0.70,"3,674",
110/11/05,"6,133,625","405,451,178",66.70,67.10,66.60,67.10,+0.30,"2,402",
110/11/08,"6,820,451","453,655,355",67.10,67.50,66.80,67.40,+0.30,"2,749",
110/11/09,"10,723,591","719,167,975",67.00,67.30,66.70,67.30,-0.10,"4,921",
110/11/10,"4,505,618","303,049,690",67.50,67.50,67.10,67.30, 0.00,"1,867",
110/11/11,"10,535,597","707,415,863",67.30,67.50,66.90,67.20,-0.10,"3,054",
110/11/12,"8,888,329","598,011,888",67.50,67.70,66.90,67.30,+0.10,"3,763",
110/11/15,"10,417,604","706,648,130",67.50,68.00,67.30,68.00,+0.70,"4,303",
110/11/16,"11,182,454","765,625,284",68.20,68.60,68.10,68.60,+0.60,"5,145",
110/11/17,"11,259,704","766,532,585",68.50,68.60,67.70,68.40,-0.20,"6,366",
110/11/18,"10,672,288","730,561,103",68.50,68.80,68.00,68.50,+0.10,"2,847",
110/11/19,"5,088,053","347,735,465",68.50,68.70,68.10,68.20,-0.30,"2,495",
110/11/22,"4,182,816","283,249,651",68.20,68.30,67.50,67.50,-0.70,"2,397",
110/11/23,"6,333,241","425,387,719",67.50,67.60,67.00,67.10,-0.40,"3,160",
110/11/24,"4,965,257","335,671,665",67.20,68.00,67.20,67.50,+0.40,"2,504",
110/11/25,"2,634,172","179,205,308",68.00,68.20,67.80,68.10,+0.60,"1,596",
110/11/26,"5,085,023","342,946,074",67.60,68.00,67.20,67.40,-0.70,"2,675",
110/11/29,"5,598,220","377,059,213",67.10,67.70,67.00,67.30,-0.10,"2,590",
110/11/30,"22,691,588","1,498,351,003",67.10,67.50,65.40,65.40,-1.90,"5,615",
110/12/01,"8,889,286","595,763,220",66.10,67.50,66.00,67.10,+1.70,"4,727",
110/12/02,"3,673,087","248,014,043",67.00,67.80,66.90,67.70,+0.60,"1,709",
110/12/03,"6,161,374","416,450,550",67.80,68.00,67.10,67.50,-0.20,"3,112",
110/12/06,"4,324,147","291,370,077",67.40,67.80,67.10,67.30,-0.20,"2,259",
110/12/07,"8,016,452","544,354,061",67.20,68.50,67.00,68.50,+1.20,"3,352",
110/12/08,"6,465,603","443,409,420",68.60,68.90,68.20,68.40,-0.10,"3,862",
110/12/09,"4,369,239","300,011,242",68.50,68.90,68.30,68.90,+0.50,"2,542",
110/12/10,"4,472,676","307,712,720",68.60,69.00,68.50,68.90, 0.00,"2,417",
110/12/13,"5,755,077","394,518,980",68.90,69.00,68.20,68.40,-0.50,"5,912",
110/12/14,"3,602,111","246,726,875",68.00,68.80,67.80,68.80,+0.40,"2,177",
110/12/15,"4,489,364","307,858,043",68.80,68.90,68.20,68.40,-0.40,"3,755",
110/12/16,"4,638,160","317,235,511",68.70,68.70,68.10,68.50,+0.10,"3,193",
110/12/17,"11,013,204","749,633,872",68.00,68.70,67.90,67.90,-0.60,"3,803",
110/12/20,"7,177,237","486,506,812",67.60,68.30,67.50,67.60,-0.30,"3,451",
110/12/21,"5,207,944","354,058,335",67.90,68.20,67.70,67.90,+0.30,"2,006",
110/12/22,"3,547,580","241,271,816",67.90,68.20,67.70,68.20,+0.30,"2,059",
110/12/23,"2,429,328","165,689,176",67.90,68.40,67.80,68.30,+0.10,"1,297",
110/12/24,"1,501,065","102,770,035",68.40,68.50,68.30,68.50,+0.20,"1,023",
110/12/27,"2,111,564","144,698,835",68.50,68.70,68.40,68.40,-0.10,"1,975",
110/12/28,"2,600,739","178,565,458",68.40,68.80,68.20,68.70,+0.30,"2,026",
110/12/29,"5,250,787","363,914,039",68.90,69.60,68.80,69.40,+0.70,"3,040",
110/12/30,"3,024,457","207,816,839",69.00,69.20,68.50,68.60,-0.80,"4,728",
111/01/03,"4,163,663","286,300,227",68.80,69.30,68.30,68.40,-0.20,"1,578",
111/01/04,"2,731,318","187,327,897",68.30,68.80,68.30,68.80,+0.40,"2,025",
111/01/05,"3,788,086","259,722,201",68.20,68.90,68.00,68.90,+0.10,"1,936",
111/01/06,"4,000,756","273,413,537",68.60,68.70,68.10,68.40,-0.50,"2,679",
111/01/07,"3,998,079","272,491,490",68.30,68.40,68.00,68.00,-0.40,"1,875",
111/01/10,"3,254,756","222,829,835",68.00,68.70,68.00,68.70,+0.70,"1,436",
111/01/11,"3,904,101","267,931,887",68.10,68.90,68.10,68.70, 0.00,"2,038",
111/01/12,"5,708,082","393,854,378",68.70,69.30,68.50,69.30,+0.60,"3,068",
111/01/13,"4,881,351","339,389,965",69.40,69.80,69.30,69.80,+0.50,"2,966",
111/01/14,"3,572,680","247,282,911",69.80,69.80,68.90,69.30,-0.50,"3,957",
111/01/17,"4,190,628","287,538,285",68.50,69.00,68.30,68.80,-0.50,"6,414",
111/01/18,"3,378,921","231,471,912",68.80,68.80,68.30,68.30,-0.50,"2,023",
111/01/19,"3,654,399","250,193,700",68.90,68.90,68.20,68.30, 0.00,"3,230",
111/01/20,"4,433,954","303,206,517",68.30,68.90,68.10,68.30, 0.00,"2,411",
111/01/21,"10,031,055","675,879,221",67.80,67.90,66.90,67.80,-0.50,"5,735",
111/01/24,"4,485,967","305,534,114",67.90,68.50,67.40,68.10,+0.30,"2,212",
111/01/25,"8,456,881","567,877,859",67.00,67.60,66.70,67.60,-0.50,"5,729",
111/01/26,"4,761,763","322,163,599",67.50,67.90,67.50,67.60, 0.00,"2,686",
111/02/07,"14,202,093","948,479,804",66.30,67.30,66.30,67.00,-0.60,"6,368",
111/02/08,"7,094,386","479,545,749",67.20,68.00,67.00,67.80,+0.80,"3,059",
111/02/09,"3,888,773","265,028,723",67.50,68.40,67.50,68.40,+0.60,"2,064",
111/02/10,"6,784,641","464,477,038",68.40,68.80,68.00,68.80,+0.40,"2,696",
111/02/11,"5,934,533","406,445,280",68.00,68.80,68.00,68.80, 0.00,"2,926",
111/02/14,"6,493,032","441,459,329",68.40,68.50,67.70,68.10,-0.70,"3,082",
111/02/15,"6,290,050","428,427,305",67.90,68.50,67.70,67.90,-0.20,"2,918",
111/02/16,"4,500,805","307,880,498",68.50,68.60,68.20,68.40,+0.50,"2,085",
111/02/17,"7,758,797","530,953,592",68.50,68.80,68.10,68.50,+0.10,"3,069",
111/02/18,"8,391,904","569,531,099",67.90,68.40,67.60,67.60,-0.90,"4,594",
111/02/21,"4,303,176","293,922,690",67.60,68.60,67.60,68.50,+0.90,"1,762",
111/02/22,"10,164,262","686,794,941",67.80,68.20,67.20,67.60,-0.90,"5,171",
111/02/23,"5,465,604","371,616,221",67.60,68.20,67.60,68.00,+0.40,"2,835",
111/02/24,"16,611,839","1,112,611,060",67.10,67.60,66.60,66.80,-1.20,"9,338",
111/02/25,"16,738,193","1,121,850,790",67.10,67.30,66.60,67.10,+0.30,"5,488",
111/03/01,"11,882,510","798,598,413",66.80,67.50,66.80,67.50,+0.40,"3,974",
111/03/02,"6,935,405","469,680,489",67.40,68.00,67.10,68.00,+0.50,"3,160",
111/03/03,"5,265,647","357,482,915",67.70,68.10,67.50,68.00, 0.00,"2,896",
111/03/04,"6,997,281","470,673,723",67.00,67.80,66.70,67.20,-0.80,"3,813",
111/03/07,"13,295,933","881,183,892",66.70,67.00,66.00,66.20,-1.00,"8,635",
111/03/08,"19,074,267","1,244,053,436",66.10,66.20,64.50,65.40,-0.80,"12,913",
111/03/09,"10,921,197","711,117,249",65.60,65.90,64.80,65.10,-0.30,"6,887",
111/03/10,"7,184,228","473,333,660",65.50,66.10,65.30,66.00,+0.90,"3,631",
111/03/11,"5,686,344","376,559,224",66.10,66.50,65.90,66.30,+0.30,"2,543",
111/03/14,"8,368,458","549,995,504",66.40,66.50,65.40,65.50,-0.80,"5,140",
111/03/15,"7,748,681","505,812,941",65.50,65.70,65.10,65.30,-0.20,"3,892",
111/03/16,"17,599,075","1,143,562,056",65.10,65.40,64.50,65.30, 0.00,"7,939",
111/03/17,"11,979,785","787,488,844",65.90,66.30,65.30,65.50,+0.20,"5,998",
111/03/18,"12,565,519","822,646,225",65.50,65.70,65.30,65.50, 0.00,"3,826",
111/03/21,"5,973,291","392,571,830",65.50,66.20,65.30,65.70,+0.20,"2,977",
111/03/22,"7,155,557","469,083,183",65.80,65.90,65.40,65.50,-0.20,"3,510",
111/03/23,"7,858,336","516,586,199",65.90,66.20,65.50,65.90,+0.40,"4,204",
111/03/24,"5,860,825","384,361,771",65.70,65.80,65.50,65.60,-0.30,"3,824",
111/03/25,"9,546,228","624,710,397",65.30,65.60,65.20,65.50,-0.10,"4,818",
111/03/28,"8,648,041","565,082,339",65.20,65.50,65.10,65.50, 0.00,"3,376",
111/03/29,"4,723,750","309,379,006",65.50,65.80,65.20,65.60,+0.10,"2,942",
111/03/30,"7,978,065","524,253,020",65.90,65.90,65.50,65.70,+0.10,"4,230",
111/03/31,"9,849,999","648,580,284",65.90,66.20,65.60,65.60,-0.10,"3,590",
111/04/01,"9,380,997","616,298,614",65.40,66.10,65.20,66.10,+0.50,"2,610",
111/04/06,"10,620,774","696,598,290",65.10,66.00,65.10,65.90,-0.20,"4,823",
111/04/07,"11,727,439","771,319,559",65.40,66.20,65.30,65.50,-0.40,"5,494",
111/04/08,"4,532,395","298,994,354",65.50,66.20,65.50,66.00,+0.50,"2,691",
111/04/11,"5,679,261","372,752,303",66.00,66.10,65.50,65.50,-0.50,"3,070",
111/04/12,"6,040,724","396,442,263",65.60,65.90,65.50,65.70,+0.20,"2,945",
111/04/13,"4,253,155","281,033,393",66.10,66.30,65.80,66.00,+0.30,"2,776",
111/04/14,"4,370,753","289,356,060",65.80,66.50,65.60,66.30,+0.30,"3,274",
111/04/15,"11,099,897","747,093,097",66.30,68.00,66.20,67.40,+1.10,"6,494",
111/04/18,"5,068,211","341,237,691",67.40,67.90,66.80,67.00,-0.40,"3,540",
111/04/19,"3,736,083","250,632,382",67.40,67.60,66.80,66.80,-0.20,"2,816",
111/04/20,"6,478,426","435,154,672",66.50,67.50,66.50,67.30,+0.50,"3,547",
111/04/21,"5,737,523","387,476,006",67.80,67.90,67.30,67.50,+0.20,"3,363",
111/04/22,"4,996,835","335,994,200",66.90,67.60,66.90,67.40,-0.10,"3,244",
111/04/25,"10,152,137","683,271,935",67.10,67.80,66.80,67.60,+0.20,"4,889",
111/04/26,"8,421,790","574,543,355",68.00,68.60,67.80,68.20,+0.60,"5,457",
111/04/27,"7,972,836","539,405,990",67.80,68.10,67.10,67.30,-0.90,"5,480",
111/04/28,"9,682,182","660,070,102",68.00,68.50,67.60,68.30,+1.00,"5,030",
111/04/29,"4,259,662","290,741,639",68.30,68.60,67.80,68.40,+0.10,"2,616",
111/05/03,"6,157,012","421,376,023",68.40,68.80,68.00,68.60,+0.20,"3,524",
111/05/04,"3,820,185","260,702,555",68.30,68.60,68.00,68.20,-0.40,"2,445",
111/05/05,"4,191,945","285,386,307",68.20,68.50,67.80,68.00,-0.20,"3,510",
111/05/06,"9,325,471","628,875,942",67.30,68.00,67.20,67.30,-0.70,"6,566",
111/05/09,"6,153,179","410,125,219",66.50,67.30,66.40,66.50,-0.80,"5,517",
111/05/10,"6,404,179","427,734,658",66.30,67.20,66.00,66.90,+0.40,"3,341",
111/05/11,"5,991,632","397,736,231",66.40,67.30,66.10,66.30,-0.60,"4,613",
111/05/12,"7,074,162","464,134,948",66.20,66.30,65.20,65.30,-1.00,"4,867",
111/05/13,"6,372,602","416,499,170",65.50,65.80,65.10,65.20,-0.10,"3,634",
111/05/16,"10,348,972","669,217,434",66.00,66.00,64.10,64.50,-0.70,"6,310",
111/05/17,"6,247,331","403,523,307",65.00,65.10,64.20,64.20,-0.30,"4,249",
111/05/18,"5,153,842","334,926,890",64.10,65.50,64.10,65.10,+0.90,"3,838",
111/05/19,"5,279,323","340,582,862",64.90,64.90,64.30,64.50,-0.60,"3,836",
111/05/20,"3,913,649","253,432,901",65.00,65.20,64.50,64.60,+0.10,"1,943",
111/05/23,"5,880,572","382,000,107",65.40,65.40,64.50,65.10,+0.50,"2,365",
111/05/24,"6,392,056","413,175,026",64.80,65.00,64.40,64.40,-0.70,"3,798",
111/05/25,"5,966,589","386,067,547",64.90,65.00,64.30,64.90,+0.50,"2,881",
111/05/26,"4,242,039","275,361,428",65.20,65.40,64.50,64.90, 0.00,"2,114",
111/05/27,"5,962,837","387,503,119",65.30,65.30,64.50,65.00,+0.10,"2,775",
111/05/30,"7,651,057","501,774,140",65.30,66.00,65.00,66.00,+1.00,"3,983",
111/05/31,"19,642,260","1,312,504,807",65.90,67.40,65.20,67.40,+1.40,"3,958",
111/06/01,"7,520,802","495,734,167",66.60,66.60,65.60,65.60,-1.80,"4,065",
111/06/02,"3,485,669","226,835,556",65.20,65.50,64.80,65.10,-0.50,"2,384",
111/06/06,"5,217,703","338,672,892",65.50,65.60,64.50,65.20,+0.10,"3,242",
111/06/07,"5,279,511","342,202,057",65.10,65.10,64.60,64.80,-0.40,"2,955",
111/06/08,"3,825,825","249,632,253",65.40,65.40,65.10,65.30,+0.50,"2,209",
111/06/09,"3,298,810","214,490,453",65.00,65.40,64.90,64.90,-0.40,"1,840",
111/06/10,"4,085,656","264,082,996",64.50,64.90,64.30,64.60,-0.30,"2,232",
111/06/13,"6,663,341","427,682,494",64.20,64.70,64.00,64.40,-0.20,"4,835",
111/06/14,"4,093,271","262,545,415",64.50,64.50,64.00,64.00,-0.40,"2,641",
111/06/15,"5,785,914","371,180,354",64.00,64.60,64.00,64.10,+0.10,"3,715",
111/06/16,"5,103,357","328,637,947",64.70,64.70,64.10,64.20,+0.10,"2,893",
111/06/17,"15,237,792","970,608,318",63.50,64.30,63.40,63.60,-0.60,"5,889",
111/06/20,"7,359,032","466,402,660",63.60,63.90,63.00,63.00,-0.60,"4,036",
111/06/21,"9,179,901","590,935,583",63.90,64.70,63.80,64.70,+1.70,"3,363",
111/06/22,"4,808,880","309,324,544",64.50,64.90,64.00,64.00,-0.70,"2,743",
111/06/23,"12,979,073","853,540,194",65.30,66.20,65.20,66.00,+2.00,"5,305",
111/06/24,"6,320,940","419,065,560",66.70,66.80,65.80,66.40,+0.40,"3,373",
111/06/27,"7,957,702","533,176,772",66.80,67.50,66.60,66.60,+0.20,"3,711",
111/06/28,"4,060,952","272,096,229",66.90,67.10,66.70,67.10,+0.50,"2,279",
111/06/29,"5,439,347","364,584,146",66.60,67.40,66.60,66.90,-0.20,"3,020",
111/06/30,"10,123,461","679,817,652",66.80,67.60,66.60,67.00,+0.10,"4,097",
111/07/01,"12,228,370","829,660,381",67.30,68.30,67.20,67.90,+0.90,"6,248",
111/07/04,"11,840,369","809,963,718",67.90,68.70,67.80,68.00,+0.10,"5,630",
111/07/05,"11,796,130","812,135,985",68.60,69.20,68.40,68.70,+0.70,"6,769",
111/07/06,"14,330,875","999,134,445",69.30,70.20,69.20,69.60,+0.90,"7,793",
111/07/07,"14,115,460","995,177,593",69.60,70.90,69.50,70.60,+1.00,"8,451",
111/07/08,"11,747,081","807,806,024",69.90,69.90,67.90,68.80,-1.80,"7,467",
111/07/11,"6,642,569","462,442,640",69.50,70.40,69.20,69.30,+0.50,"3,185",
111/07/12,"7,077,968","491,006,573",68.70,69.60,68.70,69.50,+0.20,"3,505",
111/07/13,"11,148,474","769,498,674",70.00,70.00,68.50,68.60,-0.90,"6,671",
111/07/14,"9,225,775","636,135,948",69.00,69.40,68.50,69.10,+0.50,"5,566",
111/07/15,"6,238,348","427,395,302",68.50,69.20,67.90,68.50,-0.60,"5,877",
111/07/18,"7,124,637","482,999,497",68.00,68.20,67.20,67.90,-0.60,"7,043",
111/07/19,"6,644,337","447,752,968",67.70,68.40,66.90,67.50,-0.40,"8,909",
111/07/20,"20,175,744","1,390,252,061",70.10,71.70,67.50,67.80,+0.30,"16,228",
111/07/21,"8,482,559","572,778,742",68.20,68.20,66.80,67.90,+0.10,"4,167",
111/07/22,"10,442,135","720,079,231",68.50,69.80,67.70,69.60,+1.70,"4,746",
111/07/25,"7,294,248","510,785,590",70.00,70.50,69.50,70.00,+0.40,"4,204",
111/07/26,"7,142,886","501,987,029",69.50,70.50,69.50,70.50,+0.50,"3,418",
111/07/27,"3,983,332","279,969,941",70.80,70.90,69.80,70.40,-0.10,"2,435",
111/07/28,"5,391,754","376,930,010",70.50,70.50,69.40,69.90,-0.50,"3,023",
111/07/29,"7,409,335","520,395,205",70.50,70.50,69.90,70.40,+0.50,"2,627",
111/08/01,"7,499,209","524,170,901",70.40,70.40,69.60,70.00,-0.40,"3,464",
111/08/02,"18,808,355","1,284,375,548",69.30,69.60,67.70,67.90,-2.10,"8,867",
111/08/03,"7,156,096","487,676,312",67.70,68.70,67.50,68.50,+0.60,"4,813",
111/08/04,"15,083,021","980,799,576",65.90,66.20,64.00,65.10,X0.00,"9,854",
111/08/05,"5,013,253","330,219,494",66.40,66.40,65.40,65.80,+0.70,"2,879",
111/08/08,"3,822,655","251,272,463",65.80,66.10,65.40,66.00,+0.20,"2,787",
111/08/09,"3,292,144","217,501,558",66.30,66.40,65.70,66.20,+0.20,"2,261",
111/08/10,"6,052,190","396,937,354",65.70,66.00,65.40,65.60,-0.60,"3,631",
111/08/11,"5,301,154","348,849,345",65.60,66.10,65.40,66.00,+0.40,"2,830",
111/08/12,"5,258,725","346,305,180",66.40,66.40,65.50,65.90,-0.10,"2,662",
111/08/15,"5,408,260","356,545,095",66.10,66.20,65.70,65.70,-0.20,"2,349",
111/08/16,"8,253,027","541,050,709",65.50,66.10,65.00,65.80,+0.10,"3,860",
111/08/17,"6,281,300","412,836,030",66.00,66.00,65.40,66.00,+0.20,"3,240",
111/08/18,"4,326,881","284,285,826",65.90,66.00,65.30,65.90,-0.10,"2,342",
111/08/19,"4,546,631","298,998,387",65.50,66.10,65.50,65.80,-0.10,"1,945",
111/08/22,"3,477,378","229,930,096",65.40,66.40,65.40,66.20,+0.40,"1,905",
111/08/23,"3,827,453","252,250,597",66.00,66.20,65.70,65.90,-0.30,"1,872",
111/08/24,"3,437,942","226,327,666",65.90,66.10,65.60,65.80,-0.10,"1,965",
111/08/25,"2,900,268","191,926,368",65.80,66.50,65.80,66.10,+0.30,"1,446",
111/08/26,"3,953,872","262,715,504",66.40,66.70,66.20,66.40,+0.30,"2,162",
111/08/29,"6,363,635","417,602,859",64.90,66.30,64.90,66.00,-0.40,"3,139",
111/08/30,"6,086,296","400,250,557",65.40,66.30,65.40,65.60,-0.40,"3,035",
111/08/31,"9,044,196","595,296,896",65.60,66.10,65.40,66.00,+0.40,"2,167",
111/09/01,"8,605,788","563,371,542",65.30,66.00,65.00,65.70,-0.30,"4,131",
111/09/02,"4,376,802","287,263,333",65.50,66.00,65.40,65.50,-0.20,"1,711",
111/09/05,"3,509,618","230,784,120",65.50,65.90,65.50,65.70,+0.20,"1,423",
111/09/06,"6,445,426","425,847,555",66.00,66.40,65.50,66.40,+0.70,"2,397",
111/09/07,"7,961,171","528,262,325",66.00,66.70,65.80,66.50,+0.10,"4,256",
111/09/08,"4,308,493","287,644,773",66.60,67.00,66.20,66.90,+0.40,"3,560",
111/09/12,"6,216,563","418,733,089",68.10,68.20,66.60,67.20,+0.30,"4,028",
111/09/13,"6,613,886","448,452,143",67.80,68.00,67.20,67.80,+0.60,"2,966",
111/09/14,"8,634,941","579,256,693",66.70,67.80,66.50,67.00,-0.80,"5,457",
111/09/15,"6,710,490","447,734,543",66.70,67.20,66.10,66.90,-0.10,"3,317",
111/09/16,"17,450,174","1,146,321,678",66.10,66.30,65.40,65.70,-1.20,"7,242",
111/09/19,"8,893,757","579,574,082",65.50,65.80,64.90,65.20,-0.50,"4,237",
111/09/20,"10,053,296","654,846,915",65.50,65.70,64.70,65.50,+0.30,"4,953",
111/09/21,"4,864,147","319,123,459",65.10,65.80,65.00,65.70,+0.20,"3,101",
111/09/22,"6,678,693","435,307,682",65.10,65.70,64.70,65.30,-0.40,"3,437",
111/09/23,"5,705,482","373,748,832",65.50,65.80,65.10,65.50,+0.20,"2,916",
111/09/26,"7,233,696","474,310,028",65.20,66.60,64.80,66.00,+0.50,"4,190",
111/09/27,"6,352,184","418,821,543",66.30,66.40,65.60,65.90,-0.10,"3,043",
111/09/28,"10,984,584","731,217,514",66.30,67.00,66.00,66.60,+0.70,"4,680",
111/09/29,"9,875,977","663,984,250",67.20,67.70,66.60,67.50,+0.90,"4,814",
111/09/30,"13,604,210","913,380,340",66.60,67.40,66.50,67.30,-0.20,"4,344",
111/11/01,"5,289,341","348,714,833",65.50,66.20,65.30,66.10,+0.60,"2,103",
111/11/02,"3,670,381","242,031,796",66.20,66.60,65.60,65.90,-0.20,"2,468",
111/11/03,"6,614,518","432,373,829",66.00,66.00,65.10,65.60,-0.30,"2,484",
111/11/04,"6,883,311","448,926,726",65.50,65.50,64.90,65.50,-0.10,"2,478",
111/11/07,"6,040,871","395,008,615",65.10,65.80,65.00,65.80,+0.30,"2,568",
111/11/08,"5,851,345","381,887,165",65.30,65.60,65.00,65.50,-0.30,"3,323",
111/11/09,"8,838,405","575,580,133",65.20,65.40,64.80,65.30,-0.20,"4,168",
111/11/10,"8,383,137","542,780,523",64.90,65.20,64.50,64.90,-0.40,"4,544",
111/11/11,"8,719,735","570,714,883",65.50,65.90,65.10,65.40,+0.50,"3,888",
111/11/14,"9,712,941","639,988,776",65.80,66.20,65.50,66.10,+0.70,"4,118",
111/11/15,"9,417,176","620,445,770",65.70,66.10,65.50,66.00,-0.10,"4,479",
111/11/16,"17,593,126","1,138,989,690",64.90,65.30,64.50,64.50,-1.50,"8,970",
111/11/17,"12,704,948","814,357,206",64.50,64.70,63.90,64.10,-0.40,"7,481",
111/11/18,"6,904,824","441,948,786",64.00,64.30,63.90,64.10, 0.00,"4,311",
111/11/21,"10,029,506","640,854,292",64.10,64.40,63.70,64.20,+0.10,"5,248",
111/11/22,"13,406,666","851,612,400",63.60,63.80,63.30,63.80,-0.40,"7,159",
111/11/23,"11,373,355","723,029,800",64.00,64.10,63.30,64.00,+0.20,"6,696",
111/11/24,"19,311,753","1,241,259,700",64.30,65.30,63.60,65.30,+1.30,"7,130",
111/11/25,"17,978,738","1,165,343,887",64.50,65.70,64.20,65.70,+0.40,"7,421",
111/11/28,"23,474,760","1,517,220,042",64.80,65.30,64.10,65.30,-0.40,"8,097",
111/11/29,"15,056,610","984,441,597",65.10,65.80,64.60,65.80,+0.50,"5,882",
111/11/30,"33,674,050","2,219,864,697",65.50,66.30,65.20,66.10,+0.30,"6,014",
111/12/01,"18,963,833","1,246,923,293",66.20,66.20,65.30,65.90,-0.20,"8,200",
111/12/02,"15,184,503","987,518,201",65.20,65.40,64.80,65.00,-0.90,"6,013",
111/12/05,"9,704,950","633,999,498",65.00,65.50,64.80,65.40,+0.40,"4,808",
111/12/06,"13,171,495","855,370,140",65.10,65.30,64.60,64.60,-0.80,"3,868",
111/12/07,"13,674,336","891,425,905",65.00,65.60,64.70,65.20,+0.60,"4,875",
111/12/08,"9,149,827","592,082,601",64.90,65.10,64.40,65.00,-0.20,"5,297",
111/12/09,"10,505,078","690,478,991",65.40,66.00,65.00,66.00,+1.00,"3,861",
111/12/12,"6,986,457","459,027,446",65.50,66.00,65.20,65.80,-0.20,"2,801",
111/12/13,"9,677,302","633,581,601",66.00,66.20,65.10,65.40,-0.40,"3,106",
111/12/14,"7,408,689","488,215,897",65.90,66.00,65.60,66.00,+0.60,"3,282",
111/12/15,"7,422,174","487,188,467",65.70,66.00,65.40,65.50,-0.50,"2,799",
111/12/16,"10,721,859","699,763,290",65.00,65.70,64.90,65.30,-0.20,"2,773",
111/12/19,"4,931,852","322,069,809",64.90,65.60,64.90,65.30, 0.00,"2,010",
111/12/20,"5,923,841","388,403,620",65.10,66.00,65.00,65.60,+0.30,"2,736",
111/12/21,"6,343,327","415,023,324",65.90,65.90,65.00,65.40,-0.20,"2,919",
111/12/22,"3,365,376","221,154,815",65.50,65.90,65.20,65.90,+0.50,"1,767",
111/12/23,"2,802,958","184,103,592",65.20,65.90,65.20,65.90, 0.00,"1,552",
111/12/26,"1,558,041","102,634,901",65.80,66.00,65.70,65.80,-0.10,"1,176",
111/12/27,"3,767,846","249,347,784",66.00,66.30,65.90,66.20,+0.40,"2,789",
111/12/28,"5,396,165","356,606,806",65.80,66.20,65.60,66.20, 0.00,"1,955",
111/12/29,"6,697,678","442,736,704",65.70,66.40,65.70,66.30,+0.10,"2,594",
111/12/30,"6,968,070","464,521,006",66.20,66.90,66.10,66.60,+0.30,"3,536",
112/01/03,"6,180,074","410,732,304",65.80,66.90,65.70,66.60, 0.00,"3,144",
112/01/04,"6,843,156","454,969,403",66.10,66.80,66.10,66.50,-0.10,"2,409",
112/01/05,"7,286,981","485,676,405",66.50,66.80,66.20,66.60,+0.10,"3,243",
112/01/06,"6,617,435","442,248,477",66.80,67.20,66.50,66.60, 0.00,"4,110",
112/01/09,"10,198,983","688,934,438",67.50,67.80,67.20,67.60,+1.00,"6,636",
112/01/10,"7,405,411","496,734,996",67.60,67.70,66.70,67.10,-0.50,"5,648",
112/01/11,"6,372,716","426,966,602",67.20,67.50,66.70,66.90,-0.20,"4,119",
112/01/12,"10,732,589","722,478,732",67.30,67.70,67.00,67.10,+0.20,"4,718",
112/01/13,"4,461,546","301,848,591",67.80,67.90,67.30,67.50,+0.40,"2,607",
112/01/16,"5,452,506","370,307,589",68.00,68.20,67.30,68.00,+0.50,"4,185",
112/01/17,"7,161,952","485,804,159",68.00,68.00,67.60,67.90,-0.10,"3,669",
112/01/30,"21,485,299","1,454,097,526",68.20,68.60,66.70,68.00,+0.10,"9,572",
112/01/31,"10,745,026","724,719,317",68.10,68.10,67.10,67.30,-0.70,"4,022",
112/02/01,"5,706,531","382,415,860",67.20,67.40,66.80,67.10,-0.20,"3,907",
112/02/02,"8,542,535","574,015,755",67.40,67.50,66.80,67.50,+0.40,"3,032",
112/02/03,"9,694,284","644,622,098",67.00,67.00,66.20,66.30,-1.20,"6,621",
112/02/06,"5,886,809","390,151,147",66.40,66.70,66.10,66.20,-0.10,"3,645",
112/02/07,"6,427,418","428,459,679",66.30,66.80,66.20,66.80,+0.60,"2,428",
112/02/08,"3,234,130","215,398,056",66.40,66.80,66.40,66.60,-0.20,"1,855",
112/02/09,"2,130,984","142,086,625",66.50,66.80,66.50,66.80,+0.20,"1,596",
112/02/10,"3,171,930","210,996,522",66.30,66.80,66.30,66.60,-0.20,"1,800",
112/02/13,"5,583,552","372,783,290",66.50,67.10,66.20,67.10,+0.50,"2,339",
112/02/14,"3,820,866","256,388,827",67.20,67.40,66.80,67.00,-0.10,"2,043",
112/02/15,"3,705,187","246,833,175",66.80,67.10,66.40,66.50,-0.50,"2,517",
112/02/16,"4,903,210","325,753,826",66.60,66.80,66.30,66.30,-0.20,"2,238",
112/02/17,"3,691,639","245,038,318",66.30,66.50,66.30,66.40,+0.10,"2,316",
112/02/20,"2,913,202","193,558,320",66.30,66.60,66.30,66.40, 0.00,"1,744",
112/02/21,"2,276,516","151,724,229",66.70,66.80,66.50,66.80,+0.40,"1,419",
112/02/22,"4,731,468","315,206,439",66.60,66.80,66.40,66.60,-0.20,"2,801",
112/02/23,"9,341,274","627,660,434",66.80,67.50,66.50,67.20,+0.60,"4,769",
112/02/24,"10,063,995","678,448,879",67.20,67.60,66.90,67.50,+0.30,"3,225",
112/03/01,"9,001,751","605,904,655",66.80,67.70,66.80,67.10,-0.40,"4,601",
112/03/02,"7,416,495","502,288,881",67.10,68.00,66.90,68.00,+0.90,"4,000",
112/03/03,"7,676,064","525,506,468",68.30,68.60,68.20,68.40,+0.40,"4,066",
112/03/06,"8,280,334","570,926,803",68.90,69.20,68.50,69.00,+0.60,"5,175",
112/03/07,"6,220,932","428,641,564",69.10,69.20,68.60,68.80,-0.20,"3,360",
112/03/08,"5,946,256","408,156,882",68.50,69.00,68.00,68.90,+0.10,"3,255",
112/03/09,"5,281,671","362,268,668",68.70,68.80,68.20,68.80,-0.10,"3,031",
112/03/10,"5,726,413","391,778,913",68.80,69.10,68.10,68.40,-0.40,"4,038",
112/03/13,"7,058,920","483,016,710",68.40,68.70,68.20,68.50,+0.10,"3,397",
112/03/14,"8,753,740","599,624,927",68.00,68.90,67.70,68.90,+0.40,"3,397",
112/03/15,"6,744,410","465,064,717",68.60,69.20,68.30,69.20,+0.30,"3,953",
112/03/16,"7,555,231","520,904,667",69.00,69.20,68.50,69.20, 0.00,"3,524",
112/03/17,"11,873,297","816,159,256",68.90,69.00,68.50,68.70,-0.50,"5,161",
112/03/20,"4,924,601","340,505,831",69.20,69.50,68.90,69.00,+0.30,"2,431",
112/03/21,"6,043,458","419,469,064",69.30,69.80,69.00,69.30,+0.30,"3,112",
112/03/22,"6,420,571","446,646,724",69.80,69.80,69.20,69.60,+0.30,"4,497",
112/03/23,"5,709,764","397,890,917",69.60,69.90,69.30,69.80,+0.20,"3,400",
112/03/24,"6,941,748","487,602,071",70.00,70.50,69.70,70.40,+0.60,"3,893",
112/03/27,"9,777,793","693,780,924",70.50,71.40,70.40,71.00,+0.60,"5,316",
112/03/28,"10,124,834","722,100,120",71.20,71.80,71.00,71.30,+0.30,"5,578",
112/03/29,"9,195,645","658,705,637",71.50,72.00,71.00,71.90,+0.60,"5,749",
112/03/30,"6,659,126","479,132,337",72.10,72.20,71.80,72.00,+0.10,"4,498",
112/03/31,"6,929,275","498,991,401",72.00,72.20,71.90,71.90,-0.10,"2,872",
112/04/06,"14,436,435","1,048,771,085",72.10,73.40,71.90,72.60,+0.70,"7,415",
112/04/07,"4,656,801","336,170,089",72.60,72.60,71.90,71.90,-0.70,"3,699",
112/04/10,"3,585,655","259,040,150",71.90,72.70,71.60,72.50,+0.60,"2,790",
112/04/11,"9,220,197","676,883,724",72.80,73.90,72.50,73.90,+1.40,"5,511",
112/04/12,"9,098,227","666,662,517",73.90,73.90,73.00,73.10,-0.80,"5,195",
112/04/13,"7,493,118","550,911,134",73.00,73.80,72.70,73.80,+0.70,"4,474",
112/04/14,"4,871,790","356,698,154",73.80,73.80,72.90,73.10,-0.70,"4,764",
112/04/17,"3,985,684","292,145,460",73.00,73.50,72.80,73.30,+0.20,"3,306",
112/04/18,"5,757,518","423,786,650",73.40,73.80,73.30,73.60,+0.30,"3,718",
112/04/19,"6,974,636","511,289,303",73.60,73.60,72.90,73.60, 0.00,"4,582",
112/04/20,"6,982,042","506,685,385",73.00,73.40,72.10,72.50,-1.10,"7,061",
112/04/21,"9,082,143","662,951,285",72.50,73.30,72.50,73.00,+0.50,"3,272",
112/04/24,"4,865,916","354,952,756",72.80,73.10,72.60,73.00, 0.00,"3,851",
112/04/25,"7,961,657","582,556,132",73.20,73.50,72.90,73.00, 0.00,"4,594",
112/04/26,"9,720,906","716,905,227",73.00,74.00,73.00,73.90,+0.90,"5,613",
112/04/27,"4,685,049","343,959,824",73.50,73.80,73.00,73.50,-0.40,"4,376",
112/04/28,"6,108,716","448,378,928",73.50,73.60,72.70,73.60,+0.10,"4,022",
112/05/02,"5,591,404","412,231,270",73.70,73.90,73.40,73.90,+0.30,"3,496",
112/05/03,"3,185,617","234,336,845",74.00,74.00,73.10,73.50,-0.40,"4,157",
112/05/04,"6,095,828","450,303,449",73.50,74.10,73.30,74.10,+0.60,"3,669",
112/05/05,"2,314,405","171,044,706",74.10,74.30,73.60,73.90,-0.20,"2,141",
112/05/08,"5,155,770","382,018,920",74.10,74.40,73.70,74.40,+0.50,"4,326",
112/05/09,"4,127,985","307,126,011",74.40,74.60,74.10,74.40, 0.00,"2,581",
112/05/10,"3,574,373","266,066,283",74.70,74.70,74.20,74.50,+0.10,"3,501",
112/05/11,"3,700,137","275,173,278",74.00,74.60,73.60,74.40,-0.10,"2,121",
112/05/12,"5,223,176","390,100,987",74.60,75.00,74.30,74.60,+0.20,"3,155",
112/05/15,"5,393,979","402,081,172",74.10,74.80,74.10,74.60, 0.00,"3,768",
112/05/16,"7,689,976","576,328,464",75.00,75.10,74.60,74.90,+0.30,"4,813",
112/05/17,"15,265,607","1,156,665,928",75.00,76.20,74.70,76.20,+1.30,"8,524",
112/05/18,"9,295,861","702,329,781",75.60,76.00,75.20,75.30,-0.90,"8,287",
112/05/19,"8,502,320","641,710,487",75.70,75.90,75.10,75.40,+0.10,"5,700",
112/05/22,"5,165,485","390,198,111",75.30,76.00,75.00,75.70,+0.30,"3,724",
112/05/23,"4,203,131","318,471,041",75.90,76.00,75.60,75.70, 0.00,"2,556",
112/05/24,"6,846,076","515,701,613",75.50,75.80,74.90,75.60,-0.10,"6,472",
112/05/25,"4,239,376","317,129,134",75.00,75.40,74.60,74.90,-0.70,"6,570",
112/05/26,"7,507,563","559,052,559",74.50,74.80,74.10,74.60,-0.30,"5,112",
112/05/29,"3,519,190","263,289,551",75.10,75.20,74.70,74.70,+0.10,"2,478",
112/05/30,"6,782,192","504,266,379",74.70,74.90,74.10,74.30,-0.40,"5,870",
112/05/31,"20,997,595","1,561,528,180",74.50,74.90,74.30,74.30, 0.00,"3,125",
112/06/01,"4,452,646","331,615,629",74.30,74.80,74.10,74.50,+0.20,"3,121",
112/06/02,"9,046,588","679,034,660",74.90,75.40,74.70,75.10,+0.60,"4,818",
112/06/05,"3,844,213","288,276,791",75.10,75.40,74.60,74.70,-0.40,"5,868",
112/06/06,"6,819,186","509,891,081",74.40,75.00,74.40,74.80,+0.10,"3,669",
112/06/07,"10,139,454","764,559,723",75.30,75.50,74.80,75.40,+0.60,"5,446",
112/06/08,"5,304,252","400,230,353",75.40,75.70,75.10,75.40, 0.00,"3,954",
112/06/09,"5,860,616","444,784,632",75.80,76.00,75.50,76.00,+0.60,"3,606",
112/06/12,"5,185,058","396,076,166",76.00,76.60,75.90,76.20,+0.20,"4,257",
112/06/13,"7,200,070","549,230,984",76.20,76.50,75.90,76.10,-0.10,"4,035",
112/06/14,"3,848,933","293,522,719",76.10,76.50,76.00,76.40,+0.30,"2,905",
112/06/15,"5,635,989","429,497,145",76.00,76.40,75.80,76.30,-0.10,"4,189",
112/06/16,"20,606,536","1,594,421,805",76.20,78.60,76.00,77.20,+0.90,"6,181",
112/06/19,"16,466,166","1,280,526,974",76.80,78.80,76.40,78.80,+1.60,"6,276",
112/06/20,"16,014,620","1,254,528,048",78.00,78.70,77.10,78.20,-0.60,"7,877",
112/06/21,"8,524,086","656,170,574",78.00,78.00,76.30,77.40,-0.80,"10,991",
112/06/26,"8,346,684","636,100,957",76.10,77.20,75.80,76.20,-1.20,"4,740",
112/06/27,"3,815,460","290,821,717",75.60,76.60,75.60,76.20, 0.00,"2,129",
112/06/28,"4,813,900","366,543,697",75.80,76.30,75.80,76.30,+0.10,"2,006",
112/06/29,"5,765,704","440,666,852",76.50,76.90,76.10,76.30, 0.00,"3,414",
112/06/30,"7,497,409","571,810,783",75.90,76.80,75.80,76.30, 0.00,"3,287",
112/07/03,"4,862,048","372,994,443",76.90,77.20,76.50,76.50,+0.20,"3,318",
112/07/04,"5,421,910","414,367,254",76.10,77.00,75.80,76.90,+0.40,"3,734",
112/07/05,"5,369,452","408,248,196",76.30,76.90,75.50,75.80,-1.10,"4,275",
112/07/06,"13,268,485","979,419,474",74.20,74.40,73.30,74.00,-1.80,"9,185",
112/07/07,"12,271,668","896,818,713",73.10,73.50,72.50,73.20,-0.80,"5,337",
112/07/10,"4,653,465","342,868,639",73.30,74.10,73.30,73.70,+0.50,"2,864",
112/07/11,"5,232,463","389,771,511",73.70,74.90,73.70,74.80,+1.10,"3,231",
112/07/12,"8,320,671","618,644,315",74.00,74.80,73.70,74.80, 0.00,"4,234",
112/07/13,"5,814,816","436,475,575",74.90,75.50,74.50,74.70,-0.10,"3,365",
112/07/14,"6,220,004","469,861,778",74.70,75.90,74.60,75.60,+0.90,"3,823",
112/07/17,"5,342,019","405,590,423",76.00,76.20,75.40,75.70,+0.10,"3,525",
112/07/18,"9,316,971","709,495,897",75.20,76.60,75.00,76.10,+0.40,"5,155",
112/07/19,"9,667,175","737,766,693",76.10,76.70,75.70,76.40,+0.30,"6,553",
112/07/20,"7,718,541","589,090,646",76.00,76.50,75.90,76.50,+0.10,"4,000",
112/07/21,"9,987,050","757,672,701",75.00,76.50,75.00,75.60,-0.90,"4,689",
112/07/24,"11,994,649","914,127,946",75.80,76.50,75.20,76.30,+0.70,"4,573",
112/07/25,"5,836,155","442,854,272",76.30,76.40,75.60,75.60,-0.70,"3,922",
112/07/26,"4,689,494","357,422,624",75.60,76.40,75.60,76.30,+0.70,"2,711",
112/07/27,"6,380,210","488,557,286",76.50,77.20,76.10,76.40,+0.10,"4,059",
112/07/28,"6,224,924","472,689,099",75.80,76.40,75.60,75.90,-0.50,"3,862",
112/07/31,"10,908,588","823,072,886",76.20,76.30,75.20,75.30,-0.60,"4,333",
112/08/01,"10,133,661","771,740,974",75.50,76.50,75.40,76.50,+1.20,"4,516",
112/08/02,"12,442,391","945,705,876",75.40,76.20,75.40,76.20,-0.30,"5,117",
112/08/04,"17,682,146","1,273,254,641",73.10,73.10,71.00,71.10,-2.00,"11,052",
112/08/07,"6,891,002","492,979,355",71.50,72.00,71.30,71.70,+0.60,"4,013",
112/08/08,"8,761,883","623,051,251",71.70,72.00,70.80,71.00,-0.70,"5,722",
112/08/09,"6,793,412","482,580,512",71.40,71.70,70.70,71.10,+0.10,"3,062",
112/08/10,"7,718,848","544,120,280",71.10,71.20,70.20,70.70,-0.40,"4,761",
112/08/11,"6,533,195","470,793,944",71.20,72.50,71.00,72.30,+1.60,"3,901",
112/08/14,"6,419,479","464,776,358",72.50,72.80,71.80,72.80,+0.50,"4,254",
112/08/15,"5,541,004","401,684,261",72.80,73.20,72.20,72.30,-0.50,"3,969",
112/08/16,"6,035,014","436,362,743",71.50,72.60,71.40,72.50,+0.20,"3,345",
112/08/17,"11,523,482","836,875,885",71.70,73.10,71.40,72.80,+0.30,"4,650",
112/08/18,"3,419,972","247,423,906",72.40,72.60,72.10,72.40,-0.40,"3,134",
112/08/21,"3,030,017","218,664,683",72.40,72.50,71.80,72.20,-0.20,"1,731",
112/08/22,"2,781,763","199,722,538",72.20,72.20,71.60,71.80,-0.40,"1,804",
112/08/23,"3,420,705","246,817,354",72.40,72.40,71.50,72.20,+0.40,"2,024",
112/08/24,"3,298,473","236,946,847",72.10,72.10,71.60,71.70,-0.50,"2,911",
112/08/25,"4,163,565","296,115,348",71.40,71.50,70.90,71.10,-0.60,"3,143",
112/08/28,"4,296,304","304,686,139",71.00,71.50,70.60,71.10, 0.00,"2,713",
112/08/29,"6,426,028","463,165,935",71.10,72.40,70.90,72.40,+1.30,"2,915",
112/08/30,"8,181,522","595,128,254",72.50,73.10,72.20,72.80,+0.40,"4,275",
112/08/31,"15,735,103","1,117,690,446",72.50,72.50,70.70,70.70,-2.10,"7,439",
112/09/01,"8,250,331","584,415,120",71.10,71.40,70.50,70.70, 0.00,"4,777",
112/09/04,"7,277,649","513,554,640",70.60,70.90,70.30,70.80,+0.10,"4,525",
112/09/05,"4,341,840","307,367,678",70.50,71.00,70.40,71.00,+0.20,"2,933",
112/09/06,"8,458,268","594,967,150",70.80,70.80,70.10,70.30,-0.70,"5,653",
112/09/07,"5,313,745","373,212,938",70.00,70.50,69.90,70.20,-0.10,"3,521",
112/09/08,"2,812,785","198,468,278",70.00,70.80,70.00,70.80,+0.60,"2,316",
112/09/11,"2,875,209","203,014,471",70.70,70.90,70.50,70.50,-0.30,"2,665",
112/09/12,"4,486,565","316,714,907",70.90,71.00,70.30,70.70,+0.20,"3,726",
112/09/13,"4,410,110","311,911,438",70.70,70.90,70.50,70.90,+0.20,"2,592",
112/09/14,"5,352,948","378,466,753",70.80,70.90,70.50,70.60,-0.30,"3,457",
112/09/15,"9,384,709","666,560,966",70.90,71.10,70.70,71.10,+0.50,"2,662",
112/09/18,"2,586,003","183,098,570",70.80,71.00,70.60,70.90,-0.20,"2,202",
112/09/19,"2,434,340","172,296,115",70.70,70.90,70.60,70.70,-0.20,"1,864",
112/09/20,"4,118,875","292,320,523",70.70,71.20,70.60,70.90,+0.20,"2,288",
112/09/21,"10,155,942","713,766,554",70.90,71.60,69.70,69.80,-1.10,"6,889",
112/09/22,"3,520,842","245,959,905",69.60,70.10,69.60,69.80, 0.00,"2,495",
112/09/25,"3,074,255","215,908,282",70.00,70.50,69.90,70.30,+0.50,"2,727",
112/09/26,"4,321,491","302,533,690",69.80,70.30,69.70,70.10,-0.20,"4,144",
112/09/27,"4,319,508","302,882,178",70.00,70.30,69.90,70.30,+0.20,"3,114",
112/09/28,"7,602,365","533,036,245",70.00,70.40,69.90,70.10,-0.20,"3,115",
112/10/02,"4,227,086","296,668,304",70.10,70.50,70.00,70.30,+0.20,"3,388",
112/10/03,"4,746,645","332,008,058",70.00,70.30,69.80,69.80,-0.50,"4,219",
112/10/04,"14,887,195","1,013,220,910",68.90,69.30,67.50,67.70,-2.10,"15,720",
112/10/05,"9,803,860","671,869,793",67.90,69.00,67.70,68.60,+0.90,"6,448",
112/10/06,"5,967,052","409,407,308",68.50,68.80,68.40,68.70,+0.10,"5,108",
112/10/11,"14,301,454","998,447,279",70.50,70.50,69.10,70.00,+1.30,"8,585",
112/10/12,"10,085,027","700,155,839",70.00,70.00,69.10,69.50,-0.50,"5,828",
112/10/13,"6,634,568","457,425,628",69.10,69.40,68.80,69.00,-0.50,"5,308",
112/10/16,"4,233,459","291,923,751",69.00,69.10,68.60,69.00, 0.00,"2,752",
112/10/17,"5,551,237","384,503,940",69.30,69.70,69.00,69.30,+0.30,"3,570",
112/10/18,"14,094,297","969,364,725",69.50,69.60,68.60,68.60,-0.70,"3,723",
112/10/19,"4,654,922","319,784,173",68.20,69.20,68.20,68.60, 0.00,"3,168",
112/10/20,"8,511,491","575,930,769",67.70,68.00,67.50,67.60,-1.00,"6,815",
112/10/23,"6,069,324","410,851,009",67.50,68.00,67.40,67.70,+0.10,"3,543",
112/10/24,"4,910,704","333,038,489",67.60,68.20,67.50,68.00,+0.30,"3,484",
112/10/25,"4,983,190","337,452,986",68.00,68.20,67.60,67.60,-0.40,"4,964",
112/10/26,"11,551,143","777,583,748",67.30,67.70,66.80,67.30,-0.30,"5,381",
112/10/27,"8,041,905","541,108,410",67.30,67.60,67.10,67.30, 0.00,"5,225",
112/10/30,"10,969,935","739,335,213",67.40,67.90,67.10,67.60,+0.30,"5,634",
112/10/31,"12,067,106","818,333,168",67.30,68.20,67.30,67.90,+0.30,"5,357",
112/11/01,"12,242,700","834,095,599",67.70,68.50,67.60,68.10,+0.20,"4,124",
112/11/02,"15,726,836","1,089,877,364",68.60,69.80,68.60,69.30,+1.20,"5,467",
112/11/03,"9,329,038","650,332,774",69.10,70.00,68.80,70.00,+0.70,"4,494",
112/11/06,"6,228,994","437,622,351",70.50,70.50,70.00,70.20,+0.20,"4,497",
112/11/07,"6,715,293","467,523,572",69.80,69.90,69.20,69.70,-0.50,"5,071",
112/11/08,"6,406,849","448,676,242",69.70,70.40,69.50,70.10,+0.40,"3,520",
112/11/09,"3,923,295","276,414,668",70.30,70.70,70.10,70.40,+0.30,"2,575",
112/11/10,"3,599,764","251,708,236",70.10,70.30,69.60,69.80,-0.60,"5,927",
112/11/13,"4,879,745","340,598,250",70.00,70.50,69.40,69.80, 0.00,"2,863",
112/11/14,"5,606,531","392,816,596",70.30,70.30,69.80,70.00,+0.20,"3,045",
112/11/15,"9,710,178","684,403,424",70.70,70.80,70.00,70.50,+0.50,"4,806",
112/11/16,"9,065,689","645,402,727",71.00,71.40,70.80,71.10,+0.60,"5,518",
112/11/17,"6,918,265","492,659,682",71.40,71.50,70.90,71.00,-0.10,"4,462",
112/11/20,"5,578,508","397,545,002",71.60,71.60,70.70,71.50,+0.50,"4,494",
112/11/21,"15,899,852","1,144,813,561",71.60,72.30,71.30,71.90,+0.40,"8,840",
112/11/22,"17,529,184","1,267,641,495",72.00,72.90,71.80,71.80,-0.10,"10,738",
112/11/23,"21,886,797","1,597,952,858",72.10,73.60,72.10,72.50,+0.70,"12,126",
112/11/24,"26,626,526","1,948,910,435",73.50,73.90,72.60,72.60,+0.10,"12,399",
112/11/27,"26,035,736","1,893,557,388",72.80,73.70,72.00,72.00,-0.60,"10,821",
112/11/28,"25,888,178","1,874,035,646",72.60,73.20,71.80,71.80,-0.20,"13,729",
112/11/29,"22,263,807","1,615,889,994",72.10,73.20,72.10,72.20,+0.40,"8,136",
112/11/30,"38,049,181","2,774,685,892",72.20,73.20,72.10,73.00,+0.80,"9,046",
112/12/01,"19,626,005","1,455,975,737",72.70,74.50,72.60,74.30,+1.30,"11,226",
112/12/04,"14,595,851","1,090,728,911",74.40,75.10,74.10,74.40,+0.10,"8,317",
112/12/05,"12,911,189","958,942,021",73.80,74.70,73.70,74.00,-0.40,"6,937",
112/12/06,"6,931,552","510,206,560",74.10,74.50,73.10,73.30,-0.70,"5,471",
112/12/07,"5,599,256","414,001,948",73.50,74.40,73.30,74.10,+0.80,"2,449",
112/12/08,"6,400,276","474,338,493",74.60,74.60,73.70,74.10, 0.00,"3,807",
112/12/11,"6,511,710","481,905,848",74.10,74.40,73.70,74.10, 0.00,"4,367",
112/12/12,"5,020,205","372,499,515",74.90,75.00,74.00,74.00,-0.10,"3,161",
112/12/13,"5,203,292","381,660,153",74.40,74.40,73.10,73.20,-0.80,"6,326",
112/12/14,"7,743,240","572,670,354",73.00,74.40,73.00,73.80,+0.60,"3,583",
112/12/15,"12,214,246","903,645,956",74.30,74.70,73.70,73.70,-0.10,"4,013",
112/12/18,"9,516,386","707,263,427",73.50,74.70,73.50,74.20,+0.50,"5,104",
112/12/19,"10,957,931","807,839,171",73.70,74.10,73.30,73.80,-0.40,"5,391",
112/12/20,"11,835,919","878,885,089",73.80,74.60,73.80,74.30,+0.50,"4,471",
112/12/21,"10,527,560","776,614,329",73.60,74.30,73.40,73.70,-0.60,"5,087",
112/12/22,"10,963,390","804,210,905",73.40,74.10,73.10,73.10,-0.60,"8,311",
112/12/25,"2,772,014","202,833,434",73.20,73.50,72.90,73.40,+0.30,"3,564",
112/12/26,"3,067,391","225,476,511",73.60,73.80,73.20,73.50,+0.10,"2,381",
112/12/27,"6,526,159","481,208,801",73.30,74.10,73.10,73.90,+0.40,"3,895",
112/12/28,"6,290,418","464,768,118",73.40,74.30,73.30,74.20,+0.30,"4,405",
112/12/29,"6,627,212","492,094,681",73.90,74.60,73.80,74.50,+0.30,"3,418",
113/01/02,"6,766,188","499,302,061",74.40,74.50,73.40,74.10,-0.40,"10,575",
113/01/03,"9,689,721","704,522,501",73.30,73.50,72.10,73.00,-1.10,"16,832",
113/01/04,"5,233,461","379,278,523",72.60,72.80,72.30,72.50,-0.50,"2,914",
113/01/05,"6,727,219","489,159,257",73.20,73.20,72.40,72.80,+0.30,"2,977",
113/01/08,"3,251,280","237,235,021",73.00,73.50,72.50,73.00,+0.20,"2,017",
113/01/09,"3,239,910","235,376,067",73.20,73.30,72.50,72.50,-0.50,"2,147",
113/01/10,"3,465,402","251,081,778",72.50,72.60,72.30,72.50, 0.00,"2,110",
113/01/11,"4,040,316","292,667,806",73.00,73.00,72.30,72.30,-0.20,"2,835",
113/01/12,"5,101,190","368,460,527",72.10,72.60,71.80,72.60,+0.30,"3,169",
113/01/15,"3,332,401","240,645,216",72.50,72.50,71.90,72.20,-0.40,"2,601",
113/01/16,"8,984,409","640,221,030",71.40,71.90,70.60,71.20,-1.00,"6,604",
113/01/17,"8,849,918","624,896,424",70.70,71.50,70.30,70.30,-0.90,"6,943",
113/01/18,"6,729,089","476,993,969",70.70,71.20,70.40,71.10,+0.80,"3,094",
113/01/19,"4,539,256","323,184,991",70.30,71.50,70.30,71.50,+0.40,"2,555",
113/01/22,"4,889,959","346,068,283",71.10,71.20,70.50,70.60,-0.90,"4,188",
113/01/23,"4,252,948","302,841,905",71.00,71.50,70.80,71.50,+0.90,"2,695",
113/01/24,"2,634,849","187,955,032",71.70,71.70,71.10,71.30,-0.20,"2,643",
113/01/25,"3,096,840","221,530,080",71.60,71.70,71.20,71.70,+0.40,"2,104",
113/01/26,"3,586,744","256,349,825",71.10,71.70,71.10,71.50,-0.20,"2,345",
113/01/29,"3,413,888","244,079,944",71.20,71.70,71.10,71.50, 0.00,"2,317",
113/01/30,"4,356,068","311,743,277",71.70,71.90,71.30,71.50, 0.00,"2,322",
113/01/31,"6,156,603","444,807,877",71.90,72.40,71.50,72.40,+0.90,"2,229",
113/02/01,"7,968,059","583,749,244",73.00,73.50,72.50,73.50,+1.10,"4,718",
113/02/02,"3,119,624","227,508,611",73.00,73.10,72.60,73.10,-0.40,"3,507",
113/02/05,"5,370,366","391,440,285",72.30,73.40,72.20,73.10, 0.00,"3,249",
113/02/15,"10,659,878","784,434,792",75.20,75.20,72.90,73.50,+0.40,"6,706",
113/02/16,"5,930,050","435,015,419",73.80,73.80,73.10,73.50, 0.00,"4,408",
113/02/19,"7,871,289","583,204,644",74.10,74.60,73.40,74.60,+1.10,"5,783",
113/02/20,"13,497,843","1,020,924,642",74.60,76.10,74.50,76.10,+1.50,"8,660",
113/02/21,"8,278,192","631,242,529",76.10,76.80,75.60,76.80,+0.70,"5,810",
113/02/22,"4,327,956","329,629,664",76.30,76.50,75.70,76.50,-0.30,"4,068",
113/02/23,"4,765,620","361,647,411",76.00,76.20,75.60,75.80,-0.70,"3,156",
113/02/26,"4,820,687","363,587,485",75.30,75.60,75.00,75.50,-0.30,"3,283",
113/02/27,"6,898,708","520,109,555",75.00,75.90,75.00,75.30,-0.20,"4,330",
113/02/29,"10,783,567","824,092,487",75.00,76.70,75.00,76.70,+1.40,"4,037",
113/03/01,"5,255,634","398,393,329",75.90,76.10,75.40,75.80,-0.90,"6,849",
113/03/04,"4,356,599","331,236,151",75.30,76.30,75.30,76.20,+0.40,"2,803",
113/03/05,"4,109,517","311,846,658",75.90,76.20,75.60,75.90,-0.30,"3,815",
113/03/06,"4,110,469","313,176,985",75.80,76.50,75.60,76.50,+0.60,"2,438",
113/03/07,"7,733,826","593,251,229",76.70,77.00,76.20,76.80,+0.30,"4,557",
113/03/08,"11,005,605","833,125,991",75.80,76.30,75.30,75.70,-1.10,"12,329",
113/03/11,"8,602,241","655,903,671",76.50,76.80,75.50,76.60,+0.90,"4,989",
113/03/12,"5,488,242","420,298,373",76.50,76.80,76.00,76.60, 0.00,"3,313",
113/03/13,"15,141,307","1,176,455,242",76.00,78.60,76.00,78.00,+1.40,"7,197",
113/03/14,"12,778,730","994,078,530",78.10,78.50,77.30,77.80,-0.20,"7,119",
113/03/15,"16,737,114","1,297,674,875",77.80,77.80,77.00,77.50,-0.30,"4,482",
113/03/18,"7,592,118","582,603,423",77.00,77.70,76.30,76.30,-1.20,"10,807",
113/03/19,"17,356,137","1,320,085,684",75.70,76.40,75.60,75.90,-0.40,"8,463",
113/03/20,"10,373,769","792,287,505",75.90,76.70,75.90,76.50,+0.60,"4,674",
113/03/21,"11,348,051","870,408,211",76.50,77.30,76.30,76.60,+0.10,"5,937",
113/03/22,"10,762,239","811,910,349",76.30,76.60,74.90,75.40,-1.20,"20,073",
113/03/25,"3,681,281","277,841,114",75.00,76.00,75.00,75.60,+0.20,"8,369",
113/03/26,"16,648,104","1,250,892,151",75.60,75.70,74.40,75.50,-0.10,"17,441",
113/03/27,"14,944,807","1,135,218,145",74.90,76.60,74.90,76.60,+1.10,"4,784",
113/03/28,"17,221,576","1,310,709,811",76.00,76.70,75.50,76.40,-0.20,"7,652",
113/03/29,"28,189,638","2,167,827,308",76.50,77.70,75.80,77.50,+1.10,"10,373",
113/05/02,"9,798,400","745,443,582",76.20,76.90,75.80,76.00,-0.50,"5,532",
113/05/03,"11,020,058","841,090,204",76.50,77.20,75.90,76.00, 0.00,"5,388",
113/05/06,"8,275,999","641,763,728",76.50,78.20,76.20,77.60,+1.60,"5,132",
113/05/07,"10,667,408","819,785,821",77.10,77.30,76.40,77.00,-0.60,"5,502",
113/05/08,"6,411,408","492,059,595",76.60,77.00,76.40,77.00, 0.00,"3,531",
113/05/09,"4,944,817","377,748,621",76.70,76.90,76.10,76.30,-0.70,"2,373",
113/05/10,"7,490,407","576,807,498",76.50,77.20,76.50,77.20,+0.90,"3,631",
113/05/13,"7,544,789","587,661,925",77.50,78.20,77.30,78.20,+1.00,"5,786",
113/05/14,"10,276,861","804,915,401",78.10,78.70,77.60,78.30,+0.10,"5,598",
113/05/15,"10,438,292","824,430,288",78.90,79.30,78.00,79.10,+0.80,"7,055",
113/05/16,"16,188,184","1,293,954,007",79.90,80.50,79.10,79.80,+0.70,"8,237",
113/05/17,"15,006,720","1,192,980,517",79.60,80.00,78.90,79.20,-0.60,"7,071",
113/05/20,"21,404,752","1,664,030,330",77.90,78.90,76.30,77.90,-1.30,"16,750",
113/05/21,"18,061,279","1,428,831,620",77.80,79.50,77.80,79.20,+1.30,"6,880",
113/05/22,"19,187,837","1,534,115,683",80.20,80.30,79.00,80.30,+1.10,"8,915",
113/05/23,"19,228,028","1,553,421,337",79.40,81.50,79.30,80.80,+0.50,"9,108",
113/05/24,"11,066,999","880,620,234",80.10,80.70,79.10,79.10,-1.70,"10,676",
113/05/27,"10,545,148","841,586,924",78.90,80.40,78.80,79.60,+0.50,"7,131",
113/05/28,"10,965,173","862,995,134",79.60,79.80,78.40,78.50,-1.10,"9,158",
113/05/29,"14,739,969","1,138,985,031",77.30,78.30,76.80,76.80,-1.70,"7,127",
113/05/30,"10,978,563","846,146,209",77.00,77.80,76.60,77.00,+0.20,"6,450",
113/05/31,"32,653,443","2,601,264,703",77.30,80.30,76.90,80.00,+3.00,"13,206",
113/06/03,"14,717,268","1,173,866,562",79.50,80.20,78.80,80.10,+0.10,"10,490",
113/06/04,"10,990,856","873,018,504",78.70,80.20,78.40,79.30,-0.80,"9,187",
113/06/05,"10,261,513","814,917,139",79.10,80.00,78.80,79.50,+0.20,"6,390",
113/06/06,"9,548,787","765,551,798",79.30,80.50,79.30,80.30,+0.80,"6,086",
113/06/07,"7,411,099","594,134,562",79.60,80.30,79.50,80.30, 0.00,"3,969",
113/06/11,"9,555,489","755,398,048",79.10,79.50,78.70,79.00,-1.30,"10,846",
113/06/12,"7,293,954","585,593,688",80.10,80.70,79.20,80.30,+1.30,"4,917",
113/06/13,"7,787,688","628,526,927",80.50,81.00,80.00,80.90,+0.60,"4,537",
113/06/14,"6,460,134","528,258,159",81.20,82.00,80.90,81.70,+0.80,"4,980",
113/06/17,"4,136,789","337,871,604",81.00,82.00,81.00,81.70, 0.00,"2,705",
113/06/18,"9,336,141","759,721,257",81.70,82.00,80.70,81.50,-0.20,"7,347",
113/06/19,"9,493,539","775,389,788",82.00,82.40,80.80,82.10,+0.60,"7,524",
113/06/20,"9,219,703","745,332,162",81.50,81.50,80.40,81.00,-1.10,"15,921",
113/06/21,"10,964,025","893,789,452",81.00,82.00,80.70,81.50,+0.50,"3,479",
113/06/24,"10,790,552","887,948,842",82.30,82.90,81.00,82.90,+1.40,"6,334",
113/06/25,"10,215,747","847,255,259",83.20,83.50,81.90,83.20,+0.30,"7,595",
113/06/26,"6,725,947","555,309,711",82.50,83.20,82.20,82.70,-0.50,"6,321",
113/06/27,"11,135,520","907,756,574",81.90,81.90,81.00,81.90,-0.80,"12,982",
113/06/28,"9,389,655","766,311,344",81.90,82.40,81.10,81.30,-0.60,"8,426",
113/07/01,"4,114,955","334,846,625",81.30,82.00,80.90,81.50,+0.20,"3,882",
113/07/02,"8,141,817","665,685,295",81.00,82.30,80.90,82.00,+0.50,"3,421",
113/07/03,"10,161,018","836,616,886",82.00,82.90,81.70,82.00, 0.00,"5,476",
113/07/04,"10,489,153","881,313,062",82.90,84.70,82.60,84.20,+2.20,"7,300",
113/07/05,"5,806,806","489,616,746",84.50,85.10,83.50,84.20, 0.00,"6,651",
113/07/08,"7,216,323","604,391,919",84.10,84.20,83.30,83.70,-0.50,"7,199",
113/07/09,"8,013,845","676,710,358",84.00,85.00,83.50,84.70,+1.00,"5,256",
113/07/10,"6,593,969","557,876,216",85.10,85.10,84.10,84.70, 0.00,"4,606",
113/07/11,"6,357,131","542,831,937",84.50,85.80,84.30,85.50,+0.80,"4,525",
113/07/12,"7,178,657","614,848,118",85.50,86.50,85.00,85.70,+0.20,"5,414",
113/07/15,"6,900,547","594,420,084",86.00,86.80,85.60,86.50,+0.80,"6,090",
113/07/16,"14,965,031","1,276,217,710",86.50,86.50,84.50,84.90,-1.60,"15,019",
113/07/17,"10,814,143","914,667,826",85.00,85.40,84.00,84.80,-0.10,"5,324",
113/07/18,"15,282,762","1,330,383,302",85.00,88.00,84.70,87.40,+2.60,"7,968",
113/07/19,"13,066,844","1,133,095,175",86.50,87.80,85.40,86.90,-0.50,"7,912",
113/07/22,"14,752,235","1,294,840,569",87.00,88.30,86.10,88.30,+1.40,"9,002",
113/07/23,"12,098,547","1,075,747,435",90.10,90.40,87.90,88.50,+0.20,"11,837",
113/07/26,"19,355,311","1,702,125,384",92.20,92.80,85.80,87.20,-1.30,"11,747",
113/07/29,"15,261,206","1,314,174,047",88.20,88.40,85.00,86.40,-0.80,"8,117",
113/07/30,"9,327,192","794,291,867",86.80,86.80,83.90,85.70,-0.70,"6,012",
113/07/31,"12,904,371","1,093,892,266",85.00,85.80,83.90,83.90,-1.80,"6,336",
113/08/01,"38,571,858","3,052,043,503",78.50,80.30,78.40,79.90,X0.00,"26,881",
113/08/02,"17,302,045","1,365,614,342",79.00,79.90,78.50,79.20,-0.70,"10,092",
113/08/05,"23,235,645","1,782,279,443",77.70,78.00,75.50,77.20,-2.00,"13,153",
113/08/06,"19,665,827","1,541,695,009",78.20,79.00,77.00,78.90,+1.70,"8,787",
113/08/07,"11,247,121","879,667,974",78.00,78.80,77.70,78.30,-0.60,"9,156",
113/08/08,"17,216,961","1,364,543,968",77.80,80.20,77.50,79.20,+0.90,"7,520",
113/08/09,"14,132,568","1,150,317,637",79.70,82.50,79.60,81.80,+2.60,"8,386",
113/08/12,"8,020,819","654,494,842",82.60,83.20,81.00,82.00,+0.20,"9,312",
113/08/13,"7,303,115","601,689,225",82.90,83.00,81.80,82.70,+0.70,"3,777",
113/08/14,"10,007,971","828,334,413",83.00,83.40,82.20,82.70, 0.00,"5,148",
113/08/15,"7,222,419","589,722,468",83.60,83.60,80.80,81.00,-1.70,"5,277",
113/08/16,"9,094,346","741,191,508",82.20,82.50,80.90,81.20,+0.20,"4,788",
113/08/19,"5,696,760","459,741,501",81.80,81.80,80.20,80.50,-0.70,"3,851",
113/08/20,"9,048,335","729,253,436",80.70,81.20,79.90,80.60,+0.10,"4,209",
113/08/21,"6,951,027","564,959,057",81.10,81.70,80.80,81.70,+1.10,"4,238",
113/08/22,"6,588,087","538,512,273",81.70,82.00,80.90,82.00,+0.30,"3,310",
113/08/23,"4,958,157","405,002,123",81.80,82.10,81.30,81.80,-0.20,"2,004",
113/08/26,"7,040,027","574,230,660",81.80,82.20,81.10,81.50,-0.30,"3,370",
113/08/27,"13,124,210","1,084,769,944",81.20,83.40,81.00,83.40,+1.90,"5,827",
113/08/28,"8,144,465","672,016,373",83.30,83.30,82.20,82.80,-0.60,"4,368",
113/08/29,"9,954,101","821,818,339",83.40,83.50,82.20,82.20,-0.60,"4,745",
113/08/30,"17,141,753","1,413,783,499",82.70,83.00,81.90,82.60,+0.40,"4,383",
113/09/02,"6,413,525","526,738,940",82.80,82.90,81.60,82.40,-0.20,"3,703",
113/09/03,"6,834,476","566,039,693",82.10,83.40,82.00,83.10,+0.70,"2,599",
113/09/04,"14,414,832","1,180,214,993",81.10,82.90,80.60,81.70,-1.40,"6,985",
113/09/05,"7,350,097","604,733,920",82.30,82.90,81.90,82.10,+0.40,"3,497",
113/09/06,"9,545,343","796,459,792",82.60,84.20,81.90,83.60,+1.50,"5,000",
113/09/09,"10,510,197","875,714,770",81.80,84.30,81.80,84.00,+0.40,"6,139",
113/09/10,"12,486,962","1,076,797,903",84.00,87.30,83.70,87.00,+3.00,"7,101",
113/09/11,"7,960,335","690,607,927",87.30,88.00,86.10,86.10,-0.90,"6,558",
113/09/12,"10,759,241","938,836,274",86.60,87.80,86.10,87.50,+1.40,"7,103",
113/09/13,"6,871,665","598,469,998",87.50,87.80,86.60,87.20,-0.30,"4,992",
113/09/16,"6,933,193","598,607,756",87.70,87.80,85.80,86.50,-0.70,"9,261",
113/09/18,"8,028,791","697,080,027",86.50,87.50,85.80,86.80,+0.30,"4,883",
113/09/19,"9,164,389","799,964,444",86.80,87.80,86.40,87.80,+1.00,"6,250",
113/09/20,"10,296,025","908,234,682",87.80,88.70,87.50,88.10,+0.30,"4,742",
113/09/23,"4,759,263","418,029,105",88.20,88.30,87.40,87.90,-0.20,"8,090",
113/09/24,"7,329,648","652,926,075",87.80,89.50,87.80,89.50,+1.60,"5,032",
113/09/25,"7,268,290","650,445,766",90.10,90.10,88.90,89.70,+0.20,"6,194",
113/09/26,"7,877,094","707,269,726",90.60,90.60,88.80,89.60,-0.10,"4,974",
113/09/27,"7,152,025","634,461,621",90.20,90.20,88.00,88.70,-0.90,"15,880",
113/09/30,"12,851,143","1,128,582,598",89.70,89.70,87.20,87.20,-1.50,"10,803",
113/10/01,"7,541,588","663,964,243",87.40,89.00,85.90,89.00,+1.80,"6,317",
113/10/04,"12,411,779","1,087,619,438",88.30,88.70,87.00,87.10,-1.90,"5,764",
113/10/07,"9,304,541","813,839,673",87.50,89.20,86.50,87.20,+0.10,"5,174",
113/10/08,"8,189,361","712,106,645",86.60,87.50,86.00,87.30,+0.10,"4,034",
113/10/09,"5,288,845","462,593,178",86.70,87.90,86.70,87.70,+0.40,"2,732",
113/10/11,"5,820,287","506,150,127",88.70,88.70,86.40,86.60,-1.10,"3,714",
113/10/14,"4,543,596","397,845,109",86.40,88.00,86.20,88.00,+1.40,"2,609",
113/10/15,"10,610,606","939,283,648",87.70,89.00,87.40,88.50,+0.50,"4,577",
113/10/16,"14,761,320","1,300,290,860",87.80,88.80,87.10,88.30,-0.20,"6,077",
113/10/17,"6,944,591","618,989,543",88.70,89.80,88.00,89.70,+1.40,"4,101",
113/10/18,"6,941,762","623,306,945",90.00,90.40,89.30,89.70, 0.00,"6,337",
113/10/21,"4,972,900","443,671,047",90.40,90.40,88.30,89.50,-0.20,"10,419",
113/10/22,"4,310,926","382,211,369",88.90,89.30,88.10,88.80,-0.70,"3,761",
113/10/23,"4,648,056","410,367,666",89.40,89.40,87.90,88.10,-0.70,"2,970",
113/10/24,"9,148,804","818,560,861",88.20,89.80,88.20,89.80,+1.70,"4,060",
113/10/25,"3,703,053","329,939,777",89.80,89.80,88.90,88.90,-0.90,"2,834",
113/10/28,"3,995,535","359,280,482",89.60,90.50,89.30,89.80,+0.90,"3,018",
113/10/29,"6,460,163","575,115,410",89.20,89.90,88.50,89.10,-0.70,"5,581",
113/10/30,"8,389,402","754,054,190",89.90,90.40,89.50,89.70,+0.60,"3,337",
113/11/01,"13,055,306","1,155,807,992",85.50,90.20,85.50,88.60,-1.10,"6,159",
113/11/04,"6,789,419","597,932,612",87.50,88.70,87.30,88.70,+0.10,"3,915",
113/11/05,"6,077,839","545,142,016",88.30,90.20,88.20,90.20,+1.50,"4,002",
113/11/06,"5,385,957","480,064,521",89.30,90.00,88.60,88.70,-1.50,"3,652",
113/11/07,"3,995,220","353,069,155",88.00,89.20,87.90,88.20,-0.50,"2,688",
113/11/08,"7,283,399","636,267,872",88.60,88.70,86.70,87.30,-0.90,"5,556",
113/11/11,"5,518,780","478,213,932",87.30,87.30,86.10,87.00,-0.30,"4,095",
113/11/12,"11,267,033","969,954,714",86.00,86.80,85.70,86.00,-1.00,"5,830",
113/11/13,"8,994,330","778,264,489",85.40,87.30,85.10,86.90,+0.90,"4,942",
113/11/14,"8,460,538","730,376,475",86.10,87.00,85.80,86.00,-0.90,"3,569",
113/11/15,"8,401,322","722,822,193",87.20,87.30,85.50,85.90,-0.10,"4,465",
113/11/18,"9,469,345","805,375,932",86.00,86.40,84.20,84.90,-1.00,"5,672",
113/11/19,"11,386,842","957,765,869",84.90,85.00,83.20,84.70,-0.20,"7,291",
113/11/20,"10,666,205","910,402,580",84.20,86.00,84.00,86.00,+1.30,"5,691",
113/11/21,"9,802,126","835,450,282",85.10,85.70,84.60,85.50,-0.50,"4,283",
113/11/22,"5,859,156","499,945,879",85.50,86.30,85.10,85.10,-0.40,"2,988",
113/11/25,"15,215,007","1,322,803,585",86.00,87.30,85.90,87.00,+1.90,"4,061",
113/11/26,"4,642,980","399,067,454",86.30,86.50,85.40,86.10,-0.90,"2,745",
113/11/27,"4,378,572","378,409,038",86.00,86.90,85.90,86.50,+0.40,"2,161",
113/11/28,"4,208,266","362,261,472",86.50,87.00,85.50,85.90,-0.60,"2,687",
113/11/29,"7,503,887","636,030,323",84.80,85.80,84.50,84.50,-1.40,"3,164",
113/12/02,"5,630,843","480,383,351",84.60,85.60,84.60,85.60,+1.10,"2,714",
113/12/03,"5,606,145","481,592,337",85.10,86.20,85.10,86.10,+0.50,"3,033",
113/12/04,"5,766,060","497,210,536",86.30,86.50,85.60,86.50,+0.40,"2,756",
113/12/05,"3,173,748","271,875,937",86.50,86.50,85.40,85.60,-0.90,"2,193",
113/12/06,"4,890,218","421,106,124",86.40,86.40,85.30,86.40,+0.80,"2,801",
113/12/09,"7,224,109","613,287,565",85.80,86.00,84.60,84.60,-1.80,"5,029",
113/12/10,"4,892,137","414,843,134",84.60,85.10,84.10,85.00,+0.40,"2,574",
113/12/11,"3,857,911","328,676,893",85.00,85.40,84.60,85.40,+0.40,"2,291",
113/12/12,"4,968,896","419,754,528",84.90,85.30,84.20,84.30,-1.10,"3,281",
113/12/13,"5,039,934","424,065,560",84.10,84.50,83.80,84.30, 0.00,"3,514",
113/12/16,"6,636,047","567,152,571",84.80,85.70,84.50,85.70,+1.40,"2,978",
113/12/17,"12,632,015","1,062,137,555",84.90,85.60,83.60,83.60,-2.10,"5,512",
113/12/18,"9,771,068","818,396,912",83.40,84.10,83.30,84.10,+0.50,"5,393",
113/12/19,"9,717,370","803,508,257",82.60,83.70,82.10,82.70,-1.40,"7,009",
113/12/20,"17,256,145","1,403,032,162",81.80,82.50,81.00,81.00,-1.70,"7,294",
113/12/23,"7,840,532","650,127,236",81.40,83.60,81.40,83.10,+2.10,"5,026",
113/12/24,"3,628,111","302,737,898",83.20,83.80,82.90,83.40,+0.30,"2,612",
113/12/25,"1,454,382","121,686,443",84.10,84.10,83.10,83.80,+0.40,"1,292",
113/12/26,"2,492,386","206,106,532",83.80,83.90,82.40,82.40,-1.40,"2,115",
113/12/27,"1,502,265","124,236,417",83.30,83.30,82.30,82.80,+0.40,"1,346",
113/12/30,"3,600,112","295,490,856",82.30,82.80,81.90,81.90,-0.90,"2,367",
113/12/31,"6,717,406","544,443,770",81.30,81.60,80.80,80.90,-1.00,"5,146",
114/01/02,"16,255,478","1,295,063,496",80.40,80.90,78.90,79.90,-1.00,"10,913",
114/01/03,"14,117,517","1,123,802,114",80.40,81.00,79.10,79.60,-0.30,"8,645",
114/01/06,"17,396,225","1,396,431,617",79.80,81.00,79.60,80.90,+1.30,"9,535",
114/01/07,"18,186,069","1,452,535,027",81.20,81.90,79.00,79.50,-1.40,"10,141",
114/01/08,"16,084,080","1,265,407,692",79.50,79.70,78.30,78.70,-0.80,"10,186",
114/01/09,"6,452,467","507,952,450",78.60,79.20,78.00,78.60,-0.10,"4,280",
114/01/10,"4,523,508","354,208,509",78.10,79.00,77.80,78.50,-0.10,"3,805",
114/01/13,"22,027,034","1,707,506,599",78.10,78.50,77.00,78.00,-0.50,"5,215",
114/01/14,"4,802,506","379,470,843",78.70,79.30,78.50,79.00,+1.00,"3,875",
114/01/15,"5,714,493","446,011,126",78.80,79.00,77.70,77.70,-1.30,"4,671",
114/01/16,"5,618,119","442,430,767",78.90,79.10,78.30,78.80,+1.10,"3,087",
114/01/17,"6,907,356","541,550,005",79.30,79.30,77.90,78.50,-0.30,"3,386",
114/01/20,"4,258,002","332,676,826",78.70,78.70,77.80,77.80,-0.70,"3,539",
114/01/21,"4,084,154","319,525,016",77.90,78.70,77.50,78.40,+0.60,"2,913",
114/01/22,"6,626,295","520,211,475",79.00,79.00,78.20,78.40, 0.00,"3,648",
114/02/03,"14,663,313","1,149,731,007",76.20,79.30,76.20,79.20,+0.80,"7,504",
114/02/04,"9,865,720","778,047,760",79.50,79.80,78.30,78.40,-0.80,"6,174",
114/02/05,"7,552,331","598,335,306",79.30,79.90,78.70,79.20,+0.80,"4,020",
114/02/06,"6,298,894","500,615,844",79.00,79.80,78.80,79.80,+0.60,"3,519",
114/02/07,"5,685,465","451,992,302",79.50,79.80,79.20,79.60,-0.20,"3,577",
114/02/10,"5,225,878","413,833,532",79.40,79.60,78.80,79.40,-0.20,"3,402",
114/02/11,"4,713,208","373,537,195",79.80,79.80,78.80,79.10,-0.30,"2,971",
114/02/12,"6,221,959","496,552,945",79.30,80.00,79.20,80.00,+0.90,"2,820",
114/02/13,"8,647,015","697,559,719",80.60,81.30,80.10,80.90,+0.90,"5,381",
114/02/14,"5,848,631","473,143,214",80.80,81.30,80.30,80.90, 0.00,"3,613",
114/02/17,"4,975,113","405,049,232",81.50,81.60,81.10,81.30,+0.40,"4,649",
114/02/18,"6,249,114","506,103,392",81.00,81.20,80.70,81.00,-0.30,"2,707",
114/02/19,"5,444,986","442,160,644",81.00,81.50,80.80,81.50,+0.50,"3,245",
114/02/20,"4,268,078","349,843,848",81.30,82.20,81.10,82.00,+0.50,"3,479",
114/02/21,"5,757,075","477,236,026",82.50,83.20,82.40,82.80,+0.80,"4,706",
114/02/24,"4,534,676","375,162,683",82.30,83.20,82.20,82.50,-0.30,"5,893",
114/02/25,"4,180,600","344,059,409",82.00,82.80,82.00,82.10,-0.40,"3,704",
114/02/26,"6,365,270","525,609,972",81.90,83.00,81.50,82.80,+0.70,"4,067",
114/02/27,"12,831,440","1,049,068,867",82.50,82.70,81.50,81.50,-1.30,"5,447",
114/03/03,"11,986,989","991,714,730",81.30,83.60,81.30,83.60,+2.10,"6,262",
114/03/04,"8,048,512","661,077,812",82.40,83.10,81.50,81.50,-2.10,"6,862",
114/03/05,"5,992,414","492,881,311",82.40,82.60,81.90,82.40,+0.90,"3,157",
114/03/06,"7,963,526","661,864,785",82.00,83.60,81.80,83.00,+0.60,"4,462",
114/03/07,"9,690,676","789,310,864",82.50,82.50,81.20,81.20,-1.80,"6,697",
114/03/10,"7,051,166","582,358,409",81.70,82.90,81.70,82.90,+1.70,"3,638",
114/03/11,"11,311,650","930,562,068",81.40,83.00,81.40,82.60,-0.30,"5,066",
114/03/12,"7,349,542","610,367,246",83.00,83.60,82.50,83.10,+0.50,"3,572",
114/03/13,"7,972,474","659,266,461",83.30,83.40,82.20,82.30,-0.80,"3,502",
114/03/14,"6,419,072","528,797,085",82.90,83.40,81.80,82.40,+0.10,"4,700",
114/03/17,"10,034,600","820,075,869",81.90,82.40,81.10,81.50,-0.90,"5,770",
114/03/18,"7,718,378","633,891,174",81.90,82.70,81.80,82.10,+0.60,"4,059",
114/03/19,"8,148,233","661,743,500",82.30,82.30,80.70,80.80,-1.30,"5,844",
114/03/20,"7,794,202","633,152,506",80.70,81.60,80.70,81.30,+0.50,"3,728",
114/03/21,"12,466,421","1,022,096,762",81.30,82.30,80.90,82.10,+0.80,"3,320",
114/03/24,"4,309,127","353,984,671",81.70,82.60,81.70,82.00,-0.10,"2,718",
114/03/25,"5,840,959","481,317,829",82.40,83.20,81.80,82.50,+0.50,"2,993",
114/03/26,"5,940,288","489,248,852",82.60,82.70,82.00,82.30,-0.20,"3,274",
114/03/27,"7,134,925","590,375,298",82.30,83.20,82.10,83.00,+0.70,"3,265",
114/03/28,"6,426,795","529,084,037",82.60,82.70,81.90,82.30,-0.70,"3,090",
114/03/31,"11,620,322","943,073,029",81.20,82.10,80.50,80.50,-1.80,"5,311",
114/04/01,"7,536,787","616,509,686",81.10,82.30,81.10,82.10,+1.60,"4,187",
114/04/02,"5,634,284","462,062,059",81.50,82.40,81.50,81.90,-0.20,"3,094",
114/04/07,"21,230,946","1,588,631,959",73.80,76.50,73.80,74.50,-7.40,"12,893",
114/04/08,"30,612,113","2,373,015,940",76.80,79.10,75.80,78.30,+3.80,"15,374",
114/04/09,"27,009,535","2,096,709,352",75.20,80.00,75.00,75.00,-3.30,"13,629",
114/04/10,"32,911,723","2,607,480,248",80.90,81.80,77.80,78.40,+3.40,"17,781",
114/04/11,"21,951,871","1,718,756,469",78.40,79.70,77.80,78.00,-0.40,"9,325",
114/04/14,"16,640,706","1,289,387,366",77.60,78.80,76.50,76.50,-1.50,"10,403",
114/04/15,"20,451,914","1,558,067,932",76.50,77.00,75.60,75.60,-0.90,"12,289",
114/04/16,"17,482,452","1,325,889,100",75.10,76.80,74.70,76.80,+1.20,"9,564",
114/04/17,"14,601,504","1,102,725,241",76.00,76.40,75.00,75.60,-1.20,"8,094",
114/04/18,"8,589,016","644,599,571",75.40,75.60,74.80,74.90,-0.70,"5,108",
114/04/21,"9,617,601","720,612,548",75.30,75.60,74.50,74.70,-0.20,"6,305",
114/04/22,"20,360,793","1,525,254,570",74.70,75.60,73.90,75.40,+0.70,"8,827",
114/04/23,"17,194,933","1,321,512,571",75.40,77.50,75.00,77.50,+2.10,"8,971",
114/04/24,"12,721,372","973,901,829",77.00,77.20,76.00,76.50,-1.00,"8,276",
114/04/25,"14,201,785","1,084,711,950",76.50,76.90,75.80,76.20,-0.30,"5,534",
114/04/28,"6,911,417","530,383,434",76.60,77.30,76.30,76.80,+0.60,"3,351",
114/04/29,"7,779,188","597,152,707",76.60,77.00,76.40,76.70,-0.10,"3,962",
114/04/30,"8,360,881","642,254,434",76.40,77.20,76.30,76.80,+0.10,"4,413",
114/05/02,"6,927,075","538,989,658",77.30,78.20,77.10,78.10,+1.30,"4,378",
114/05/05,"23,255,370","1,876,507,240",79.30,82.10,79.00,80.80,+2.70,"11,856",
114/05/06,"12,272,658","995,943,645",81.50,82.30,80.40,80.70,-0.10,"8,950",
114/05/07,"9,055,834","733,188,807",81.50,81.50,80.40,80.70, 0.00,"5,112",
114/05/08,"6,985,895","564,851,820",80.30,81.30,80.30,80.70, 0.00,"3,816",
114/05/09,"9,302,562","751,042,081",80.00,81.40,79.70,81.20,+0.50,"4,998",
114/05/12,"9,444,176","762,659,817",82.00,82.00,80.10,80.30,-0.90,"9,616",
114/05/13,"13,159,771","1,038,826,585",79.80,80.00,78.40,78.70,-1.60,"16,588",
114/05/14,"15,508,649","1,215,574,350",79.50,79.50,78.00,78.50,-0.20,"9,203",
114/05/15,"14,669,754","1,157,462,643",78.80,79.60,78.00,79.50,+1.00,"8,748",
114/05/16,"10,224,248","808,740,458",78.80,79.60,78.60,79.60,+0.10,"6,629",
114/05/19,"29,423,455","2,422,691,053",79.80,83.20,79.70,83.00,+3.40,"16,259",
114/05/20,"15,773,360","1,294,852,597",83.00,83.70,81.50,81.50,-1.50,"15,997",
114/05/21,"15,240,848","1,234,124,276",81.50,82.00,80.70,81.00,-0.50,"9,398",
114/05/22,"12,975,473","1,041,134,819",80.50,81.10,79.90,80.40,-0.60,"5,710",
114/05/23,"13,622,691","1,088,452,098",80.00,80.40,79.60,79.90,-0.50,"6,341",
114/05/26,"25,005,712","1,980,937,223",79.90,79.90,78.70,79.70,-0.20,"10,852",
114/05/27,"23,464,760","1,899,777,358",80.00,81.80,79.90,80.80,+1.10,"10,272",
114/05/28,"10,961,996","888,400,317",81.00,81.30,80.40,81.30,+0.50,"5,901",
114/05/29,"21,567,373","1,728,171,101",81.50,81.60,79.60,79.60,-1.70,"7,350",
114/06/02,"19,417,974","1,541,563,571",79.50,80.30,78.90,79.00,-0.60,"8,497",
114/06/03,"26,744,163","2,110,843,277",79.20,79.80,78.30,79.30,+0.30,"12,272",
114/06/04,"16,941,889","1,342,400,308",79.30,79.90,78.80,78.80,-0.50,"6,622",
114/06/05,"9,035,623","719,721,285",78.80,80.00,78.80,79.70,+0.90,"4,587",
114/06/06,"9,349,034","742,766,201",79.90,80.00,79.10,79.10,-0.60,"4,764",
114/06/09,"9,486,952","754,289,046",79.60,80.40,79.10,79.10, 0.00,"5,604",
114/06/10,"12,957,925","1,025,682,753",79.20,79.50,78.90,79.10, 0.00,"5,208",
114/06/11,"12,886,546","1,018,529,643",79.10,79.80,78.80,78.80,-0.30,"6,324",
114/06/12,"8,188,649","648,204,790",79.40,79.50,78.80,79.20,+0.40,"3,882",
114/06/13,"12,327,162","981,789,234",78.90,80.10,78.90,79.70,+0.50,"4,917",
114/06/16,"13,809,511","1,101,481,322",79.50,80.40,79.40,79.40,-0.30,"5,002",
114/06/17,"24,486,964","1,934,619,880",79.80,80.40,78.40,78.90,-0.50,"8,381",
114/06/18,"26,500,123","2,071,137,572",78.70,78.90,77.90,78.00,-0.90,"11,008",
114/06/19,"25,674,713","1,991,506,697",78.00,78.40,77.30,77.50,-0.50,"8,442",
114/06/20,"50,853,039","3,964,886,668",77.70,78.80,77.40,77.90,+0.40,"12,904",
114/06/23,"39,602,080","3,117,505,700",77.80,79.20,77.30,79.20,+1.30,"8,894",
114/06/24,"46,335,689","3,691,943,050",79.60,80.00,78.80,79.90,+0.70,"10,217",
114/06/25,"41,682,281","3,310,809,123",80.00,80.20,79.00,79.40,-0.50,"10,750",
114/06/26,"44,793,577","3,588,660,410",79.60,81.00,79.30,80.30,+0.90,"10,714",
114/06/27,"28,475,652","2,288,895,697",80.30,80.90,79.90,80.10,-0.20,"14,321",
114/06/30,"28,802,549","2,346,859,084",80.80,82.40,80.50,81.00,+0.90,"10,733",
114/07/01,"19,629,188","1,602,608,023",81.10,82.50,81.00,81.70,+0.70,"11,612",
114/07/02,"19,328,750","1,574,060,444",80.60,82.10,80.60,82.00,+0.30,"7,903",
114/07/03,"18,977,988","1,542,865,276",81.40,82.20,80.90,81.10,-0.90,"8,258",
114/07/04,"11,226,697","925,606,429",81.70,82.90,81.30,82.50,+1.40,"6,535",
114/07/07,"7,453,508","618,730,269",82.10,83.40,82.10,82.70,+0.20,"5,330",
114/07/08,"11,475,451","959,924,294",82.80,84.00,82.80,83.80,+1.10,"6,961",
114/07/09,"11,804,623","987,775,303",83.40,84.00,83.00,83.50,-0.30,"6,224",
114/07/10,"9,098,167","764,843,478",83.10,84.60,83.10,84.00,+0.50,"7,321",
114/07/11,"10,965,352","931,425,611",83.90,85.30,83.80,84.90,+0.90,"7,259",
114/07/14,"12,305,110","1,056,204,473",85.30,86.60,85.00,85.30,+0.40,"7,928",
114/07/15,"10,009,393","848,961,342",85.00,85.90,84.30,84.60,-0.70,"8,282",
114/07/16,"11,862,573","1,013,641,166",84.00,86.00,84.00,85.50,+0.90,"7,606",
114/07/17,"11,431,608","980,681,164",85.40,86.20,85.10,85.90,+0.40,"6,579",
114/07/18,"10,812,868","929,922,138",85.90,86.50,85.50,86.10,+0.20,"7,269",
114/07/21,"10,738,645","926,518,864",86.20,86.80,85.60,86.60,+0.50,"5,623",
114/07/22,"11,838,973","1,027,719,609",86.60,87.10,86.10,87.00,+0.40,"6,396",
114/07/23,"11,946,568","1,034,812,602",87.10,87.20,86.20,86.30,-0.70,"9,117",
114/07/24,"9,572,970","818,730,614",86.30,86.50,85.00,85.40,-0.90,"10,067",
114/07/25,"8,344,608","710,732,439",85.00,85.90,84.90,84.90,-0.50,"7,853",
114/07/28,"15,986,995","1,334,157,489",85.00,85.50,82.80,83.40,-1.50,"50,801",
114/07/29,"9,950,713","822,329,427",83.40,83.60,82.10,82.60,-0.80,"13,409",
114/07/30,"8,250,491","682,159,566",82.50,82.90,82.20,82.70,+0.10,"5,879",
114/07/31,"16,549,302","1,307,073,477",79.70,79.70,78.60,79.20,X0.00,"11,662",
114/08/01,"7,677,704","610,616,875",78.90,80.10,78.90,79.40,+0.20,"5,908",
114/08/04,"6,118,058","486,936,858",79.20,80.00,79.20,80.00,+0.60,"4,455",
114/08/05,"8,136,708","647,496,950",79.80,80.40,79.40,79.80,-0.20,"6,347",
114/08/06,"7,487,658","593,387,972",79.80,79.80,79.00,79.10,-0.70,"6,810",
114/08/07,"10,111,835","801,629,349",79.30,79.80,78.90,79.10, 0.00,"5,901",
114/08/08,"12,775,057","999,764,986",78.80,79.10,77.80,78.20,-0.90,"11,447",
114/08/11,"11,037,355","857,402,933",78.20,78.20,77.30,77.80,-0.40,"10,226",
114/08/12,"10,895,627","848,049,256",78.00,78.20,77.60,77.80, 0.00,"6,107",
114/08/13,"13,214,520","1,025,206,769",78.40,78.40,77.20,77.60,-0.20,"10,321",
114/08/14,"7,386,892","576,872,825",77.90,78.40,77.60,78.20,+0.60,"4,324",
114/08/15,"8,067,858","631,858,670",78.60,78.80,77.70,78.80,+0.60,"4,124",
114/08/18,"8,218,872","639,222,043",78.50,78.60,77.50,77.80,-1.00,"7,695",
114/08/19,"7,568,390","584,415,601",77.60,77.60,77.00,77.30,-0.50,"6,495",
114/08/20,"7,786,251","599,552,016",77.20,77.40,76.80,77.10,-0.20,"6,760",
114/08/21,"9,005,381","699,604,156",77.70,78.30,77.30,77.80,+0.70,"7,177",
114/08/22,"8,816,575","684,993,755",78.20,78.40,77.30,77.50,-0.30,"5,007",
114/08/25,"8,328,914","646,209,748",77.80,78.10,77.30,77.80,+0.30,"4,598",
114/08/26,"18,616,972","1,425,922,225",77.50,77.50,76.30,76.30,-1.50,"12,302",
114/08/27,"7,396,942","567,584,928",76.40,77.20,76.20,76.70,+0.40,"5,244",
114/08/28,"11,198,572","868,085,821",76.50,77.90,76.40,77.70,+1.00,"5,352",
114/08/29,"11,740,973","912,279,067",77.90,78.10,77.20,77.40,-0.30,"4,904",
114/09/01,"3,943,425","305,944,540",77.40,77.90,77.10,77.40, 0.00,"3,207",
114/09/02,"5,378,072","419,452,915",77.30,78.20,77.30,78.20,+0.80,"3,661",
114/09/03,"4,423,185","344,897,793",78.10,78.30,77.70,77.90,-0.30,"3,286",
114/09/04,"5,442,607","425,051,561",78.00,78.30,77.70,78.10,+0.20,"3,069",
114/09/05,"4,947,791","387,317,513",78.20,78.50,78.10,78.10, 0.00,"3,467",
114/09/08,"6,876,658","540,610,689",78.10,79.10,78.10,78.90,+0.80,"3,976",
114/09/09,"11,414,751","906,484,467",78.90,79.80,78.70,79.40,+0.50,"6,094",
114/09/10,"9,585,758","763,345,890",79.40,79.90,79.10,79.50,+0.10,"6,632",
114/09/11,"7,989,354","632,955,202",79.30,79.70,78.70,78.90,-0.60,"4,933",
114/09/12,"5,800,215","458,893,210",79.00,79.50,78.80,79.30,+0.40,"4,352",
114/09/15,"4,976,918","393,817,243",78.70,79.40,78.60,79.20,-0.10,"3,494",
114/09/16,"7,280,486","577,421,752",79.50,79.60,78.80,79.40,+0.20,"3,597",
114/09/17,"5,502,107","433,881,357",79.00,79.30,78.40,79.00,-0.40,"5,907",
114/09/18,"5,473,298","432,699,320",79.30,79.40,78.50,79.20,+0.20,"2,637",
114/09/19,"12,961,154","1,017,879,632",79.20,79.20,78.40,78.40,-0.80,"3,798",
114/09/22,"5,591,864","439,189,041",78.80,78.80,78.30,78.60,+0.20,"2,898",
114/09/23,"8,343,420","653,545,158",78.20,78.50,78.20,78.40,-0.20,"3,136",
114/09/24,"7,610,108","601,135,985",78.50,79.10,78.30,79.10,+0.70,"2,927",
114/09/25,"9,413,819","738,957,288",79.10,79.40,78.20,78.30,-0.80,"5,488",
114/09/26,"6,957,730","545,324,013",78.70,78.70,78.00,78.40,+0.10,"3,835",
114/09/30,"9,551,809","749,713,253",78.90,79.00,78.20,78.40, 0.00,"4,058",
114/10/01,"5,750,465","450,401,833",77.80,78.70,77.80,78.30,-0.10,"3,671",
114/10/02,"6,014,682","470,203,037",78.40,78.60,78.00,78.00,-0.30,"3,940",
114/10/03,"5,871,003","455,404,472",78.10,78.10,77.30,77.40,-0.60,"5,357",
114/10/07,"5,996,405","466,937,070",77.20,78.20,77.20,78.10,+0.70,"3,718",
114/10/08,"6,292,486","490,918,889",78.30,78.40,77.80,78.00,-0.10,"3,955",
114/10/09,"4,285,466","333,219,183",77.90,78.30,77.60,77.60,-0.40,"3,229",
114/10/13,"10,440,410","808,424,926",78.00,78.00,76.70,77.60, 0.00,"5,477",
114/10/14,"10,418,858","814,887,033",77.50,78.60,77.50,78.00,+0.40,"4,289",
114/10/15,"6,694,833","520,265,557",77.80,78.50,77.50,77.50,-0.50,"4,949",
114/10/16,"4,947,278","384,183,495",77.30,78.30,77.30,77.60,+0.10,"2,940",
114/10/17,"7,232,062","567,041,355",78.00,78.90,78.00,78.20,+0.60,"3,276",
114/10/20,"3,720,422","292,378,358",78.60,79.10,78.20,78.70,+0.50,"3,604",
114/10/21,"5,299,097","418,429,238",78.80,79.20,78.60,79.10,+0.40,"3,327",
114/10/22,"5,671,700","448,636,606",79.20,79.40,78.80,78.90,-0.20,"4,509",
114/10/23,"10,247,955","816,511,045",78.90,80.00,78.90,79.90,+1.00,"5,691",
114/10/27,"8,317,296","660,535,945",80.00,80.20,79.00,79.00,-0.90,"7,475",
114/10/28,"4,270,765","336,934,771",79.30,79.40,78.70,79.00, 0.00,"4,079",
114/10/29,"6,088,701","479,256,933",79.00,79.40,78.30,78.80,-0.20,"9,691",
114/10/30,"6,289,153","497,481,780",78.40,79.60,78.40,79.60,+0.80,"4,298",
114/10/31,"6,507,130","513,002,624",79.70,79.70,78.70,78.70,-0.90,"3,563",
114/11/03,"4,997,260","390,918,506",78.10,78.90,78.00,78.10,-0.60,"3,694",
114/11/04,"5,672,072","442,193,551",77.70,78.10,77.70,78.10, 0.00,"3,247",
114/11/05,"7,189,343","558,661,245",77.90,78.10,77.10,78.10, 0.00,"4,805",
114/11/06,"6,894,307","535,385,084",78.40,78.60,77.40,77.50,-0.60,"4,227",
114/11/07,"10,650,131","812,177,314",77.30,77.30,75.60,76.40,-1.10,"9,193",
114/11/10,"10,535,372","794,469,265",76.40,76.40,75.00,75.50,-0.90,"8,994",
114/11/11,"14,118,194","1,054,746,349",75.50,75.50,74.20,75.00,-0.50,"11,296",
114/11/12,"7,996,255","603,726,875",75.00,75.90,74.80,75.30,+0.30,"5,815",
114/11/13,"11,530,176","863,584,741",75.10,75.40,74.60,74.80,-0.50,"6,544",
114/11/14,"6,898,140","519,638,836",74.60,75.90,74.40,75.20,+0.40,"4,611",
114/11/17,"8,200,796","617,787,350",75.50,75.80,75.10,75.10,-0.10,"4,494",
114/11/18,"10,026,997","751,454,172",74.60,75.50,74.50,75.00,-0.10,"5,150",
114/11/19,"7,651,659","573,492,261",75.50,75.60,74.70,74.80,-0.20,"4,854",
114/11/20,"6,409,375","481,643,890",75.20,75.50,74.80,75.00,+0.20,"3,509",
114/11/21,"12,391,233","930,432,408",75.00,75.70,74.70,74.80,-0.20,"5,240",
114/11/24,"16,608,517","1,247,043,677",75.00,75.50,74.80,74.90,+0.10,"5,169",
114/11/25,"7,549,371","567,170,176",74.80,75.40,74.80,74.90, 0.00,"4,097",
114/11/26,"7,724,493","580,572,021",75.10,75.40,74.90,75.20,+0.30,"4,367",
114/11/27,"11,703,058","893,840,302",75.00,77.20,75.00,76.60,+1.40,"6,351",
114/11/28,"4,750,594","363,401,972",76.60,77.00,76.20,76.50,-0.10,"4,106",
114/12/01,"6,017,144","461,294,303",76.20,77.10,76.10,76.50, 0.00,"2,956",
114/12/02,"7,756,424","589,772,348",77.00,77.30,75.70,75.70,-0.80,"5,402",
114/12/03,"5,876,934","444,447,522",76.30,76.50,75.30,75.30,-0.40,"3,454",
114/12/04,"5,135,983","387,797,461",75.50,75.80,75.20,75.70,+0.40,"2,958",
114/12/05,"5,753,388","437,201,794",75.50,76.40,75.40,76.40,+0.70,"3,276",
114/12/08,"6,599,006","499,292,403",76.50,76.70,75.30,75.30,-1.10,"4,454",
114/12/09,"7,313,896","548,118,699",75.30,75.50,74.80,74.80,-0.50,"6,075",
114/12/10,"6,073,120","457,773,218",75.50,76.00,75.00,75.00,+0.20,"3,441",
114/12/11,"6,353,184","475,475,337",75.50,75.50,74.70,74.70,-0.30,"5,742",
114/12/12,"2,946,891","221,320,749",75.20,75.40,74.90,74.90,+0.20,"2,040",
114/12/15,"6,551,743","492,230,858",75.00,75.50,74.60,75.10,+0.20,"3,785",
114/12/16,"14,332,961","1,074,571,305",74.70,75.40,74.70,74.70,-0.40,"5,770",
114/12/17,"31,370,212","2,394,054,979",74.80,77.10,74.70,76.90,+2.20,"9,534",
114/12/18,"34,305,659","2,677,849,404",76.30,79.80,75.10,79.00,+2.10,"19,447",
114/12/19,"45,938,179","3,612,340,106",78.40,80.00,76.00,78.40,-0.60,"24,854",
114/12/22,"36,678,256","2,861,619,531",77.50,78.90,76.60,77.80,-0.60,"25,344",
114/12/23,"20,071,869","1,558,262,656",77.00,78.50,76.90,77.30,-0.50,"14,349",
114/12/24,"23,927,778","1,867,529,037",77.10,79.00,76.50,78.40,+1.10,"15,108",
114/12/26,"27,059,373","2,150,984,180",77.90,80.50,77.20,80.50,+2.10,"14,467",
114/12/29,"10,769,048","858,405,842",79.80,80.50,78.50,79.60,-0.90,"14,477",
114/12/30,"7,923,656","621,393,136",78.70,79.10,77.80,77.80,-1.80,"11,338",
114/12/31,"8,191,283","633,845,184",77.60,77.80,77.00,77.10,-0.70,"11,983",
115/01/02,"8,791,772","675,943,784",77.10,77.60,76.20,77.40,+0.30,"30,261",
115/01/05,"10,628,462","819,770,028",76.80,77.80,76.50,77.00,-0.40,"8,263",
115/01/06,"13,356,417","1,024,663,694",77.00,77.70,75.90,76.20,-0.80,"10,126",
115/01/07,"16,831,658","1,270,686,079",75.80,76.40,75.20,75.30,-0.90,"11,296",
115/01/08,"11,660,815","883,348,438",75.30,76.10,75.30,75.60,+0.30,"4,590",
115/01/09,"21,452,176","1,617,527,716",75.80,76.40,75.10,75.30,-0.30,"5,929",
115/01/12,"9,238,387","698,644,617",75.60,76.10,75.30,75.60,+0.30,"5,457",
115/01/13,"12,080,143","919,422,520",76.00,76.80,75.70,76.10,+0.50,"5,658",
115/01/14,"6,692,550","506,912,112",76.10,76.40,75.50,75.50,-0.60,"5,704",
115/01/15,"7,694,657","584,114,050",75.80,76.30,75.60,76.00,+0.50,"4,598",
115/01/16,"14,556,782","1,095,745,579",75.70,75.80,75.00,75.40,-0.60,"9,426",
115/01/19,"10,023,520","751,223,980",75.40,75.40,74.70,74.70,-0.70,"8,279",
115/01/20,"9,130,324","680,771,976",74.60,75.00,74.40,74.50,-0.20,"8,505",
115/01/21,"8,055,291","598,977,047",74.50,74.70,74.10,74.30,-0.20,"5,510",
115/01/22,"7,927,707","588,546,532",74.60,74.90,74.10,74.10,-0.20,"6,175",
115/01/23,"10,183,273","752,217,371",74.20,74.50,73.60,73.60,-0.50,"10,021",
115/01/26,"9,879,791","726,600,505",73.60,74.20,73.00,73.50,-0.10,"6,786",
115/01/27,"9,084,380","665,768,153",74.00,74.10,73.00,73.00,-0.50,"8,780",
115/01/28,"12,445,059","904,008,443",73.50,73.50,72.20,72.70,-0.30,"13,478",
115/01/29,"8,827,593","641,012,821",72.50,73.40,72.30,72.40,-0.30,"6,396",
115/01/30,"12,294,397","883,480,820",72.60,72.60,71.70,71.70,-0.70,"8,140",
115/02/02,"7,255,933","520,225,189",72.30,72.30,71.30,71.60,-0.10,"6,761",
115/02/03,"6,180,146","447,825,330",72.10,72.80,72.00,72.50,+0.90,"4,110",
115/02/04,"6,281,539","453,432,953",72.40,72.50,72.00,72.10,-0.40,"4,566",
115/02/05,"8,268,092","605,133,961",72.20,73.60,72.20,73.30,+1.20,"5,383",
115/02/06,"8,807,131","649,682,562",73.30,74.20,73.00,74.20,+0.90,"5,098",
115/02/09,"7,886,866","579,601,422",74.40,74.40,73.20,73.20,-1.00,"5,832",
115/02/10,"7,809,796","570,061,834",73.30,73.50,72.80,73.00,-0.20,"5,081",
115/02/11,"7,586,516","557,949,852",73.80,73.80,73.30,73.40,+0.40,"5,086",
115/02/23,"20,495,459","1,540,706,536",75.40,76.00,74.50,75.10,+1.70,"11,430",
115/02/24,"13,714,367","1,018,832,955",75.00,75.10,74.00,74.00,-1.10,"7,901",
115/02/25,"12,335,755","920,911,124",74.60,75.00,74.30,74.70,+0.70,"6,759",
115/02/26,"25,709,817","1,873,598,815",74.10,74.10,72.50,72.50,-2.20,"15,657",
115/03/02,"15,888,229","1,166,536,296",73.50,73.80,72.80,73.60,+1.10,"6,686",
115/03/03,"11,131,153","819,443,028",73.10,73.90,72.90,73.90,+0.30,"5,929",
115/03/04,"12,205,916","878,355,793",73.00,73.40,71.60,71.60,-2.30,"8,819",
115/03/05,"11,528,326","824,547,640",72.70,73.20,71.00,71.20,-0.40,"9,967",
115/03/06,"9,018,816","644,979,782",70.90,72.00,70.60,71.90,+0.70,"6,211",
115/03/09,"14,426,311","1,019,404,742",70.00,71.30,70.00,70.80,-1.10,"10,053",
115/03/10,"10,722,731","754,428,400",71.40,71.40,70.00,70.20,-0.60,"11,062",
115/03/11,"5,993,703","422,213,953",70.70,70.80,70.20,70.20, 0.00,"5,131",
115/03/12,"13,512,645","948,763,540",70.20,70.70,70.00,70.10,-0.10,"9,009",
115/03/13,"10,866,730","761,782,150",70.00,70.60,69.90,70.00,-0.10,"7,279",
115/03/16,"9,971,420","703,165,411",70.20,71.10,70.00,70.50,+0.50,"7,206",
115/03/17,"11,363,443","809,741,842",70.60,71.70,70.60,70.90,+0.40,"6,182",
115/03/18,"8,967,990","638,946,568",71.70,71.70,70.90,71.40,+0.50,"4,292",
115/03/19,"11,102,866","785,256,789",71.10,71.20,70.30,70.40,-1.00,"7,132",
115/03/20,"15,345,802","1,080,724,540",70.40,71.20,70.20,70.20,-0.20,"5,720",
115/03/23,"12,506,836","873,562,168",70.00,70.20,69.50,69.50,-0.70,"9,625",
115/03/24,"8,753,777","611,381,452",69.50,70.50,69.10,70.10,+0.60,"5,678",
115/03/25,"9,538,789","669,341,957",70.90,70.90,69.60,70.70,+0.60,"5,658",
115/03/26,"6,168,440","439,363,877",71.00,71.70,70.50,71.30,+0.60,"3,732",
115/03/27,"9,220,287","664,639,844",71.00,72.50,70.90,72.00,+0.70,"5,571",
115/03/30,"13,622,700","980,528,184",71.30,72.30,71.30,71.90,-0.10,"5,915",
115/03/31,"15,360,363","1,095,511,811",71.50,72.10,70.80,71.00,-0.90,"8,525",
115/04/01,"9,479,421","681,332,078",71.80,72.20,71.20,71.90,+0.90,"4,280",
115/04/02,"7,271,574","527,439,118",72.20,73.00,72.20,72.40,+0.50,"4,302",
115/04/07,"6,372,925","462,945,733",72.40,72.90,72.30,72.50,+0.10,"4,387",
115/04/08,"8,275,982","601,326,691",73.30,73.30,72.00,72.70,+0.20,"5,629",
115/04/09,"7,471,629","537,762,188",72.50,72.70,71.60,72.00,-0.70,"4,160",
115/04/10,"13,670,845","980,188,715",71.00,72.40,71.00,71.80,-0.20,"6,044",
115/04/13,"8,446,892","607,324,630",71.80,72.20,71.40,72.00,+0.20,"3,696",
115/04/14,"7,905,409","570,670,739",72.50,72.50,71.80,72.10,+0.10,"4,093",
115/04/15,"11,845,193","858,121,391",72.50,72.80,72.10,72.60,+0.50,"6,724",
115/04/16,"8,508,981","619,379,302",72.80,73.30,72.40,73.00,+0.40,"6,883",
115/04/17,"9,429,740","691,747,565",73.30,73.60,72.90,73.50,+0.50,"6,261",
115/04/20,"12,685,422","923,916,990",73.50,73.70,72.50,72.60,-0.90,"7,422",
115/04/21,"10,950,442","790,382,718",72.60,72.80,71.90,72.00,-0.60,"6,280",
115/04/22,"11,203,144","810,112,498",72.10,72.60,72.00,72.40,+0.40,"6,528",
115/04/23,"13,965,036","1,002,915,442",71.50,72.20,71.30,71.90,-0.50,"9,642",
115/04/24,"11,246,243","807,450,658",72.00,72.20,71.50,71.50,-0.40,"4,778",
115/04/27,"10,369,319","736,110,439",71.30,71.70,70.50,70.50,-1.00,"7,895",
115/04/28,"8,199,498","578,393,642",70.80,71.10,70.00,70.60,+0.10,"5,304",
115/04/29,"15,238,984","1,066,410,137",70.50,70.60,69.80,70.00,-0.60,"10,885",
115/04/30,"14,125,978","981,801,097",69.70,70.00,69.30,69.30,-0.70,"10,548",
115/05/04,"12,773,554","890,055,530",70.00,70.20,69.40,69.60,+0.30,"9,371",
115/05/05,"10,847,905","750,776,199",69.90,69.90,69.10,69.10,-0.50,"9,012",
115/05/06,"16,462,509","1,132,883,989",69.60,69.60,68.50,68.70,-0.40,"12,275",
115/05/07,"19,155,077","1,327,158,081",68.70,69.90,68.70,69.40,+0.70,"7,863",
115/05/08,"35,053,381","2,529,514,661",70.20,73.40,70.00,73.20,+3.80,"17,118",
115/05/11,"15,953,926","1,173,683,816",73.00,74.20,72.50,73.90,+0.70,"8,861",
115/05/12,"15,905,294","1,175,044,571",73.90,74.70,73.10,73.10,-0.80,"8,355",
115/05/13,"24,861,423","1,861,780,488",73.50,75.60,73.20,75.20,+2.10,"12,655",
115/05/14,"12,388,191","930,047,926",74.60,75.60,74.60,74.80,-0.40,"6,957",
115/05/15,"17,694,457","1,345,060,017",75.00,76.70,74.90,75.70,+0.90,"9,637",
115/05/18,"10,538,962","788,787,233",76.20,76.40,74.10,74.70,-1.00,"12,769",
115/05/19,"12,364,345","927,220,144",75.60,75.60,74.50,74.80,+0.10,"6,639",
115/05/20,"13,838,366","1,015,987,281",74.80,74.80,72.70,73.40,-1.40,"28,202",
115/05/21,"13,692,208","999,281,610",73.50,73.80,72.60,73.10,-0.30,"11,663",
115/05/22,"18,384,453","1,319,287,782",72.80,72.90,71.40,71.50,-1.60,"12,929",
