日期,成交股數,成交金額,開盤價,最高價,最低價,收盤價,漲跌價差,成交筆數,註記
109/01/02,"4,953,219","103,084,899",20.75,20.85,20.75,20.85,+0.10,"1,707",
109/01/03,"7,364,185","153,510,917",20.85,20.90,20.80,20.90,+0.05,"2,711",
109/01/06,"7,844,125","163,226,549",20.85,20.90,20.75,20.75,-0.15,"2,843",
109/01/07,"5,554,129","115,237,048",20.75,20.80,20.70,20.75, 0.00,"2,164",
109/01/08,"10,980,676","227,046,011",20.70,20.75,20.65,20.65,-0.10,"4,451",
109/01/09,"6,648,291","138,020,562",20.70,20.85,20.70,20.75,+0.10,"2,141",
109/01/10,"6,829,123","142,283,376",20.80,20.90,20.80,20.85,+0.10,"2,189",
109/01/13,"11,666,627","244,473,317",20.90,21.00,20.85,21.00,+0.15,"3,268",
109/01/14,"10,673,666","224,428,476",21.00,21.05,21.00,21.05,+0.05,"3,625",
109/01/15,"12,112,431","255,620,790",21.05,21.15,21.05,21.15,+0.10,"3,383",
109/01/16,"5,096,782","107,686,270",21.15,21.15,21.10,21.15, 0.00,"1,958",
109/01/17,"7,554,701","160,169,445",21.15,21.25,21.15,21.25,+0.10,"2,549",
109/01/20,"13,973,120","299,072,793",21.25,21.50,21.25,21.50,+0.25,"3,977",
109/01/30,"47,020,672","976,016,903",20.65,20.95,20.60,20.60,-0.90,"18,344",
109/01/31,"23,589,563","491,330,819",20.60,20.95,20.60,20.80,+0.20,"6,463",
109/02/03,"26,627,024","547,489,147",20.50,20.70,20.35,20.70,-0.10,"8,824",
109/02/04,"18,608,143","387,173,212",20.70,20.95,20.65,20.85,+0.15,"4,503",
109/02/05,"15,059,216","315,051,066",20.90,21.05,20.65,21.00,+0.15,"3,904",
109/02/06,"14,543,369","307,368,281",21.05,21.20,21.00,21.20,+0.20,"3,074",
109/02/07,"16,672,311","352,042,056",21.05,21.20,21.00,21.20, 0.00,"3,599",
109/02/10,"11,321,087","238,859,667",21.00,21.20,20.95,21.20, 0.00,"2,899",
109/02/11,"11,031,954","234,376,419",21.20,21.30,21.20,21.25,+0.05,"2,886",
109/02/12,"12,300,492","260,852,859",21.20,21.30,21.15,21.15,-0.10,"3,890",
109/02/13,"8,865,245","188,123,239",21.15,21.25,21.15,21.25,+0.10,"2,724",
109/02/14,"6,688,493","141,983,665",21.15,21.30,21.15,21.30,+0.05,"2,218",
109/02/17,"7,735,583","164,322,708",21.15,21.30,21.15,21.30, 0.00,"2,865",
109/02/18,"8,102,476","172,287,152",21.20,21.35,21.15,21.35,+0.05,"2,448",
109/02/19,"12,037,040","257,986,138",21.30,21.50,21.30,21.50,+0.15,"3,635",
109/02/20,"15,044,317","323,509,562",21.50,21.65,21.35,21.40,-0.10,"4,732",
109/02/21,"12,019,098","256,172,889",21.40,21.50,21.25,21.25,-0.15,"3,980",
109/02/24,"16,222,527","341,909,903",21.10,21.15,21.00,21.05,-0.20,"6,354",
109/02/25,"14,650,563","306,781,873",20.90,21.00,20.85,20.95,-0.10,"5,627",
109/02/26,"17,312,617","361,293,966",20.85,20.95,20.80,20.85,-0.10,"5,156",
109/02/27,"19,641,671","409,749,110",20.80,20.95,20.80,20.95,+0.10,"5,381",
109/03/02,"28,893,006","596,001,533",20.55,20.75,20.55,20.60,-0.35,"10,040",
109/03/03,"13,811,923","286,491,686",20.80,20.85,20.65,20.70,+0.10,"4,953",
109/03/04,"10,701,874","222,133,858",20.65,20.85,20.60,20.85,+0.15,"2,666",
109/03/05,"6,947,055","145,448,334",20.85,21.00,20.85,21.00,+0.15,"2,208",
109/03/06,"15,823,204","328,145,994",20.95,20.95,20.65,20.70,-0.30,"6,047",
109/03/09,"39,310,113","803,245,572",20.60,20.60,20.35,20.35,-0.35,"14,650",
109/03/10,"33,957,507","683,084,285",20.00,20.35,20.00,20.30,-0.05,"10,070",
109/03/11,"20,454,716","415,425,318",20.30,20.45,20.20,20.30, 0.00,"7,025",
109/03/12,"56,459,112","1,116,590,027",20.10,20.10,19.60,19.60,-0.70,"22,971",
109/03/13,"69,977,173","1,288,851,987",18.70,19.10,18.05,18.95,-0.65,"24,216",
109/03/16,"46,237,829","850,538,735",18.65,18.80,18.15,18.15,-0.80,"17,755",
109/03/17,"64,774,594","1,131,159,411",17.25,17.80,17.25,17.35,-0.80,"18,294",
109/03/18,"47,781,712","821,741,554",17.35,17.40,17.10,17.10,-0.25,"14,441",
109/03/19,"78,667,218","1,269,830,414",16.60,16.65,15.85,16.05,-1.05,"23,329",
109/03/20,"60,350,397","1,038,356,879",16.30,17.65,16.30,17.40,+1.35,"17,621",
109/03/23,"54,331,838","895,959,673",16.55,16.90,16.00,16.50,-0.90,"14,408",
109/03/24,"43,996,043","769,555,845",17.25,17.65,17.20,17.40,+0.90,"12,942",
109/03/25,"45,341,391","823,710,231",18.00,18.35,18.00,18.15,+0.75,"12,832",
109/03/26,"26,498,965","480,758,456",18.05,18.30,17.95,18.15, 0.00,"7,147",
109/03/27,"36,958,724","684,010,821",18.50,18.70,18.30,18.40,+0.25,"9,962",
109/03/30,"24,594,249","447,997,596",18.10,18.45,17.90,18.20,-0.20,"5,988",
109/03/31,"25,916,670","473,963,799",18.35,18.40,18.10,18.35,+0.15,"5,880",
109/04/01,"17,817,311","323,747,711",18.30,18.30,18.10,18.10,-0.25,"5,499",
109/04/06,"23,605,010","428,314,963",18.15,18.30,18.00,18.30,+0.20,"5,080",
109/04/07,"22,105,644","407,939,210",18.50,18.55,18.35,18.50,+0.20,"5,997",
109/04/08,"23,126,188","428,843,708",18.50,18.65,18.40,18.50, 0.00,"5,984",
109/04/09,"18,280,072","341,651,786",18.55,18.85,18.50,18.75,+0.25,"5,393",
109/04/10,"20,875,550","397,768,381",18.80,19.20,18.75,19.15,+0.40,"5,951",
109/04/13,"15,811,057","301,541,809",19.20,19.20,18.90,19.05,-0.10,"4,838",
109/04/14,"27,218,214","530,692,482",19.05,19.70,19.05,19.65,+0.60,"6,769",
109/04/15,"29,739,559","593,428,110",19.70,20.05,19.70,20.05,+0.40,"9,094",
109/04/16,"21,384,268","424,611,210",19.80,19.95,19.75,19.85,-0.20,"5,800",
109/04/17,"23,569,000","471,942,255",20.05,20.30,19.85,19.90,+0.05,"6,031",
109/04/20,"14,089,701","279,008,945",19.85,19.90,19.65,19.85,-0.05,"4,438",
109/04/21,"34,975,079","677,363,705",19.60,19.70,19.15,19.20,-0.65,"11,468",
109/04/22,"22,436,561","426,756,580",18.90,19.15,18.85,19.10,-0.10,"6,461",
109/04/23,"20,977,149","401,169,151",19.10,19.30,19.00,19.05,-0.05,"5,414",
109/04/24,"16,290,963","310,679,632",19.00,19.20,19.00,19.00,-0.05,"4,416",
109/04/27,"16,973,552","330,718,097",19.30,19.60,19.25,19.50,+0.50,"3,977",
109/04/28,"13,268,030","261,672,189",19.65,19.80,19.60,19.80,+0.30,"3,306",
109/04/29,"21,625,950","431,783,650",19.80,20.05,19.80,20.00,+0.20,"5,422",
109/04/30,"24,388,622","490,576,623",20.10,20.20,20.05,20.10,+0.10,"5,736",
109/05/04,"25,442,221","500,990,540",19.70,19.85,19.50,19.65,-0.45,"7,841",
109/05/05,"10,380,442","205,417,973",19.70,19.90,19.70,19.75,+0.10,"3,047",
109/05/06,"13,612,374","268,557,770",19.75,19.85,19.60,19.70,-0.05,"4,053",
109/05/07,"10,902,002","215,757,207",19.70,19.95,19.65,19.80,+0.10,"2,763",
109/05/08,"11,454,203","228,012,326",19.95,20.00,19.80,19.85,+0.05,"2,974",
109/05/11,"15,710,611","316,760,417",20.00,20.30,20.00,20.10,+0.25,"4,500",
109/05/12,"10,982,055","219,897,096",20.00,20.10,19.90,20.00,-0.10,"3,638",
109/05/13,"9,120,801","182,823,963",19.95,20.15,19.90,20.05,+0.05,"2,683",
109/05/14,"11,806,337","236,336,336",20.05,20.10,19.95,20.05, 0.00,"4,187",
109/05/15,"12,497,445","250,277,556",20.10,20.20,19.90,19.95,-0.10,"3,712",
109/05/18,"10,506,964","209,693,038",19.95,20.05,19.90,19.95, 0.00,"3,045",
109/05/19,"11,713,279","235,548,193",20.20,20.30,20.00,20.10,+0.15,"2,956",
109/05/20,"10,281,440","206,287,567",20.10,20.15,20.00,20.05,-0.05,"3,180",
109/05/21,"11,821,222","237,641,251",20.05,20.15,20.00,20.15,+0.10,"2,957",
109/05/22,"14,196,597","283,893,685",20.10,20.10,19.95,20.00,-0.15,"4,744",
109/05/25,"10,979,070","219,022,432",20.05,20.10,19.85,20.00, 0.00,"3,211",
109/05/26,"12,697,032","256,172,202",20.10,20.25,20.05,20.15,+0.15,"3,073",
109/05/27,"13,051,529","263,942,944",20.15,20.30,20.15,20.25,+0.10,"4,301",
109/05/28,"13,897,841","281,299,300",20.30,20.35,20.10,20.25, 0.00,"3,947",
109/05/29,"42,294,504","861,188,768",20.15,20.40,20.10,20.40,+0.15,"5,902",
109/06/01,"24,071,008","500,110,524",20.40,21.00,20.40,20.70,+0.30,"6,376",
109/06/02,"13,956,780","291,573,661",20.75,20.95,20.70,20.95,+0.25,"5,776",
109/06/03,"22,520,790","476,428,537",21.10,21.25,21.05,21.10,+0.15,"7,773",
109/06/04,"18,641,980","394,644,383",21.25,21.25,21.05,21.25,+0.15,"5,475",
109/06/05,"9,183,424","194,733,182",21.25,21.25,21.10,21.25, 0.00,"3,429",
109/06/08,"21,516,297","456,382,700",21.20,21.30,21.10,21.30,+0.05,"5,978",
109/06/09,"12,291,644","260,766,668",21.30,21.30,21.15,21.25,-0.05,"3,695",
109/06/10,"13,231,705","280,776,804",21.20,21.25,21.10,21.25, 0.00,"4,404",
109/06/11,"24,230,009","509,444,139",21.20,21.25,20.85,20.90,-0.35,"8,107",
109/06/12,"19,084,043","394,004,648",20.55,20.85,20.45,20.75,-0.15,"6,257",
109/06/15,"15,321,002","316,605,487",20.75,20.80,20.50,20.60,-0.15,"4,846",
109/06/16,"11,755,533","245,945,766",20.75,21.00,20.70,20.90,+0.30,"3,679",
109/06/17,"10,762,188","223,968,529",20.85,20.90,20.70,20.85,-0.05,"3,912",
109/06/18,"9,710,801","201,568,246",20.85,20.85,20.70,20.75,-0.10,"2,655",
109/06/19,"22,311,036","462,189,321",20.75,20.85,20.65,20.70,-0.05,"2,182",
109/06/22,"6,339,283","131,266,430",20.70,20.75,20.65,20.75,+0.05,"2,207",
109/06/23,"10,869,649","225,329,271",20.75,20.80,20.60,20.80,+0.05,"2,670",
109/06/24,"12,423,236","258,894,481",20.85,20.90,20.80,20.80, 0.00,"2,750",
109/06/29,"12,372,943","255,705,202",20.65,20.75,20.60,20.65,-0.15,"3,787",
109/06/30,"11,725,683","243,415,192",20.70,20.90,20.65,20.75,+0.10,"2,468",
109/07/01,"5,333,280","111,244,464",20.75,20.90,20.75,20.85,+0.10,"1,797",
109/07/02,"8,430,237","176,378,427",20.85,20.95,20.80,20.95,+0.10,"2,373",
109/07/03,"10,968,186","230,355,356",21.00,21.05,20.95,21.00,+0.05,"3,013",
109/07/06,"13,670,891","289,317,067",21.15,21.20,21.05,21.15,+0.15,"3,686",
109/07/07,"11,174,752","236,146,233",21.15,21.25,21.05,21.15, 0.00,"3,068",
109/07/08,"11,715,560","247,809,238",21.15,21.20,21.10,21.15, 0.00,"2,824",
109/07/09,"11,843,012","250,346,924",21.15,21.20,21.10,21.15, 0.00,"2,853",
109/07/10,"14,400,451","303,356,083",21.10,21.15,20.95,21.10,-0.05,"3,366",
109/07/13,"16,373,129","346,731,238",21.10,21.25,21.05,21.20,+0.10,"3,185",
109/07/14,"7,573,819","160,218,583",21.20,21.25,21.10,21.10,-0.10,"2,121",
109/07/15,"12,457,240","263,582,374",21.15,21.20,21.10,21.20,+0.10,"3,375",
109/07/16,"10,941,305","232,442,983",21.20,21.30,21.20,21.25,+0.05,"3,043",
109/07/17,"9,106,572","193,969,294",21.35,21.35,21.25,21.30,+0.05,"2,422",
109/07/20,"7,376,690","156,499,974",21.25,21.25,21.15,21.25,-0.05,"2,182",
109/07/21,"11,895,869","252,836,961",21.25,21.30,21.20,21.25, 0.00,"2,456",
109/07/22,"8,253,682","175,522,148",21.20,21.30,21.20,21.30,+0.05,"2,209",
109/07/23,"8,758,694","185,723,735",21.20,21.25,21.10,21.25,-0.05,"2,336",
109/07/24,"9,633,465","203,439,133",21.10,21.20,21.05,21.05,-0.20,"3,100",
109/07/27,"12,800,677","268,777,617",21.00,21.10,20.95,20.95,-0.10,"3,434",
109/07/28,"16,614,679","349,689,339",20.90,21.20,20.85,21.20,+0.25,"3,766",
109/07/29,"18,413,312","392,591,813",21.15,21.40,21.10,21.35,+0.15,"4,702",
109/07/30,"16,099,374","344,796,289",21.40,21.50,21.30,21.50,+0.15,"3,941",
109/07/31,"12,257,332","262,582,581",21.45,21.50,21.35,21.40,-0.10,"2,690",
109/08/03,"16,400,622","348,705,845",21.35,21.35,21.20,21.20,-0.20,"4,202",
109/08/04,"10,609,197","225,602,563",21.20,21.35,21.15,21.25,+0.05,"2,901",
109/08/05,"13,957,943","298,252,478",21.30,21.45,21.25,21.40,+0.15,"3,660",
109/08/06,"19,524,502","420,948,711",21.45,21.60,21.45,21.60,+0.20,"4,525",
109/08/07,"20,484,092","443,371,645",21.60,21.70,21.60,21.65,+0.05,"4,148",
109/08/10,"29,415,690","641,283,481",21.70,21.90,21.65,21.90,+0.25,"6,183",
109/08/11,"39,799,899","870,683,317",21.95,21.95,21.80,21.85,-0.05,"8,377",
109/08/12,"57,564,575","1,177,906,151",20.50,20.55,20.35,20.40,X0.00,"15,031",
109/08/13,"13,226,740","270,983,999",20.45,20.55,20.40,20.55,+0.15,"4,137",
109/08/14,"11,616,141","237,268,292",20.50,20.55,20.35,20.45,-0.10,"3,884",
109/08/17,"9,500,819","193,931,537",20.40,20.45,20.35,20.45, 0.00,"3,199",
109/08/18,"7,215,412","148,044,240",20.45,20.60,20.40,20.60,+0.15,"2,612",
109/08/19,"12,117,423","249,544,641",20.55,20.70,20.50,20.50,-0.10,"5,445",
109/08/20,"27,275,076","551,570,415",20.40,20.50,20.05,20.15,-0.35,"9,528",
109/08/21,"11,318,104","230,488,134",20.20,20.50,20.20,20.50,+0.35,"4,093",
109/08/24,"7,451,264","151,170,327",20.45,20.45,20.20,20.25,-0.25,"2,489",
109/08/25,"8,803,459","178,630,311",20.25,20.40,20.20,20.25, 0.00,"3,154",
109/08/26,"7,930,076","160,428,616",20.30,20.30,20.20,20.25, 0.00,"2,688",
109/08/27,"15,522,880","311,717,730",20.25,20.25,20.00,20.05,-0.20,"6,375",
109/08/28,"10,012,909","201,763,725",20.05,20.25,20.05,20.20,+0.15,"3,114",
109/08/31,"15,385,018","309,774,289",20.30,20.30,20.05,20.05,-0.15,"2,962",
109/09/01,"12,260,341","245,488,929",20.10,20.10,20.00,20.00,-0.05,"2,960",
109/09/02,"16,179,581","322,752,720",20.00,20.10,19.90,19.95,-0.05,"7,026",
109/09/03,"10,097,299","201,606,830",19.95,20.10,19.90,19.90,-0.05,"3,349",
109/09/04,"20,699,959","409,748,515",19.85,19.95,19.70,19.75,-0.15,"8,895",
109/09/07,"11,618,139","229,621,519",19.75,19.90,19.65,19.80,+0.05,"3,898",
109/09/08,"4,913,587","97,828,040",19.90,19.95,19.85,19.90,+0.10,"2,145",
109/09/09,"12,739,344","251,463,626",19.85,19.90,19.65,19.85,-0.05,"5,411",
109/09/10,"5,806,980","115,119,050",19.90,19.95,19.70,19.95,+0.10,"2,814",
109/09/11,"6,724,351","133,925,945",19.90,20.00,19.80,20.00,+0.05,"2,727",
109/09/14,"5,911,039","117,799,480",20.00,20.00,19.85,19.95,-0.05,"2,403",
109/09/15,"4,887,343","97,547,112",19.90,20.00,19.90,19.95, 0.00,"1,921",
109/09/16,"9,824,240","196,648,531",19.95,20.10,19.95,20.10,+0.15,"4,787",
109/09/17,"10,059,011","200,699,034",20.00,20.05,19.90,19.95,-0.15,"5,518",
109/09/18,"10,608,219","212,734,081",19.95,20.10,19.95,20.10,+0.15,"3,112",
109/09/21,"9,607,652","191,626,663",20.00,20.05,19.85,19.90,-0.20,"3,742",
109/09/22,"16,399,474","323,329,024",19.85,19.85,19.65,19.65,-0.25,"7,545",
109/09/23,"12,712,950","248,461,008",19.65,19.65,19.50,19.55,-0.10,"6,212",
109/09/24,"28,547,871","544,830,956",19.40,19.45,19.00,19.00,-0.55,"12,685",
109/09/25,"11,933,413","228,820,574",19.10,19.30,19.10,19.15,+0.15,"4,090",
109/09/28,"10,543,742","206,045,306",19.30,19.70,19.25,19.70,+0.55,"3,386",
109/09/29,"11,101,875","218,813,799",19.80,19.80,19.60,19.70, 0.00,"2,637",
109/09/30,"13,818,064","270,836,003",19.80,19.80,19.50,19.50,-0.20,"3,598",
109/10/05,"4,562,054","89,722,915",19.75,19.75,19.60,19.65,+0.15,"1,897",
109/10/06,"7,953,286","157,724,270",19.75,19.90,19.70,19.90,+0.25,"2,747",
109/10/07,"5,725,048","113,830,310",19.90,19.95,19.80,19.90, 0.00,"2,404",
109/10/08,"4,939,274","98,053,519",19.90,19.90,19.80,19.85,-0.05,"2,011",
109/10/12,"9,402,464","186,595,537",19.85,19.95,19.75,19.90,+0.05,"3,284",
109/10/13,"5,470,113","108,078,275",19.85,19.90,19.70,19.80,-0.10,"2,673",
109/10/14,"10,552,014","208,367,427",19.80,19.90,19.70,19.70,-0.10,"2,524",
109/10/15,"9,742,934","190,886,339",19.80,19.80,19.50,19.50,-0.20,"4,084",
109/10/16,"5,068,543","98,983,602",19.50,19.60,19.50,19.50, 0.00,"2,317",
109/10/19,"5,813,932","113,712,463",19.55,19.65,19.40,19.50, 0.00,"2,446",
109/10/20,"5,077,110","98,819,447",19.50,19.55,19.40,19.50, 0.00,"2,390",
109/10/21,"5,638,103","109,897,030",19.55,19.55,19.45,19.50, 0.00,"3,217",
109/10/22,"4,469,120","87,388,291",19.45,19.60,19.45,19.60,+0.10,"1,626",
109/10/23,"5,199,272","101,635,056",19.60,19.65,19.50,19.50,-0.10,"2,192",
109/10/26,"4,159,449","81,588,426",19.50,19.70,19.50,19.65,+0.15,"2,319",
109/10/27,"8,950,933","175,057,046",19.50,19.65,19.50,19.55,-0.10,"2,821",
109/10/28,"5,528,831","108,134,023",19.60,19.65,19.50,19.60,+0.05,"3,517",
109/10/29,"11,095,240","214,998,453",19.40,19.50,19.30,19.35,-0.25,"5,960",
109/10/30,"16,076,692","309,033,431",19.35,19.35,19.00,19.20,-0.15,"6,389",
109/11/02,"6,133,186","118,773,878",19.15,19.50,19.15,19.50,+0.30,"2,409",
109/11/03,"6,515,352","128,027,649",19.60,19.70,19.55,19.65,+0.15,"2,504",
109/11/04,"4,970,376","97,449,818",19.65,19.70,19.50,19.65, 0.00,"2,116",
109/11/05,"7,107,053","140,513,219",19.75,19.90,19.70,19.70,+0.05,"2,611",
109/11/06,"9,507,826","188,802,800",19.75,19.95,19.70,19.90,+0.20,"3,172",
109/11/09,"9,005,357","180,154,941",20.00,20.10,19.90,20.00,+0.10,"3,138",
109/11/10,"12,372,899","248,823,133",20.10,20.15,20.05,20.15,+0.15,"4,110",
109/11/11,"17,817,720","362,202,241",20.20,20.45,20.20,20.45,+0.30,"6,111",
109/11/12,"13,551,282","271,892,220",20.40,20.40,20.00,20.00,-0.45,"4,118",
109/11/13,"6,920,065","139,523,415",20.10,20.20,20.05,20.20,+0.20,"2,572",
109/11/16,"14,069,815","286,956,909",20.40,20.45,20.30,20.45,+0.25,"4,759",
109/11/17,"9,834,191","200,736,176",20.35,20.50,20.30,20.50,+0.05,"4,193",
109/11/18,"14,623,277","299,688,129",20.40,20.60,20.35,20.60,+0.10,"4,784",
109/11/19,"10,351,220","211,144,317",20.55,20.55,20.30,20.45,-0.15,"3,493",
109/11/20,"8,837,682","179,154,872",20.40,20.40,20.20,20.25,-0.20,"3,139",
109/11/23,"10,194,740","207,306,550",20.40,20.40,20.25,20.35,+0.10,"2,962",
109/11/24,"6,894,742","139,226,243",20.30,20.35,20.15,20.15,-0.20,"3,329",
109/11/25,"6,915,889","139,994,327",20.30,20.35,20.15,20.25,+0.10,"2,663",
109/11/26,"6,545,541","132,434,427",20.30,20.35,20.15,20.35,+0.10,"2,794",
109/11/27,"12,609,089","254,465,186",20.30,20.30,20.10,20.20,-0.15,"5,214",
109/11/30,"42,677,749","864,563,695",20.20,20.30,20.05,20.30,+0.10,"5,552",
109/12/01,"7,842,723","157,970,084",20.30,20.30,20.05,20.20,-0.10,"2,925",
109/12/02,"11,057,280","222,728,106",20.05,20.20,20.05,20.20, 0.00,"3,084",
109/12/03,"6,380,582","128,441,909",20.10,20.20,20.05,20.15,-0.05,"2,557",
109/12/04,"10,792,056","218,901,283",20.25,20.35,20.15,20.30,+0.15,"3,237",
109/12/07,"15,260,824","308,173,124",20.40,20.40,20.10,20.20,-0.10,"4,891",
109/12/08,"21,589,796","430,713,822",20.00,20.00,19.85,19.90,-0.30,"8,178",
109/12/09,"21,672,395","428,110,110",19.85,19.85,19.70,19.75,-0.15,"8,808",
109/12/10,"11,098,392","220,054,232",19.75,19.90,19.65,19.85,+0.10,"3,963",
109/12/11,"11,339,056","226,587,126",19.80,20.10,19.80,20.00,+0.15,"3,924",
109/12/14,"8,125,845","161,907,584",20.00,20.00,19.85,19.90,-0.10,"3,732",
109/12/15,"11,314,202","224,383,928",19.90,19.95,19.75,19.85,-0.05,"4,574",
109/12/16,"12,101,993","242,462,907",19.90,20.10,19.90,20.05,+0.20,"5,697",
109/12/17,"6,313,024","126,092,619",20.05,20.05,19.90,19.95,-0.10,"2,476",
109/12/18,"10,645,397","211,735,717",19.95,20.00,19.85,19.85,-0.10,"3,890",
109/12/21,"6,287,535","125,180,956",19.85,20.00,19.80,19.95,+0.10,"2,452",
109/12/22,"5,709,990","113,682,412",19.85,19.95,19.85,19.85,-0.10,"2,770",
109/12/23,"5,338,996","105,912,058",19.80,19.90,19.75,19.80,-0.05,"2,600",
109/12/24,"4,498,668","89,440,464",19.85,19.95,19.85,19.85,+0.05,"1,706",
109/12/25,"3,609,212","71,910,067",19.90,19.95,19.85,19.95,+0.10,"1,541",
109/12/28,"6,358,730","126,687,856",19.95,20.00,19.85,19.95, 0.00,"3,239",
109/12/29,"6,722,830","134,191,912",19.95,20.00,19.85,20.00,+0.05,"2,559",
109/12/30,"19,479,719","393,736,041",20.00,20.40,20.00,20.35,+0.35,"6,745",
109/12/31,"11,427,861","231,825,556",20.35,20.35,20.15,20.35, 0.00,"2,536",
110/01/04,"9,157,035","185,047,038",20.10,20.35,20.05,20.15,-0.20,"3,022",
110/01/05,"9,633,722","194,425,526",20.15,20.30,20.05,20.30,+0.15,"3,323",
110/01/06,"12,025,436","241,825,505",20.10,20.20,20.05,20.15,-0.15,"4,879",
110/01/07,"9,063,331","182,864,638",20.10,20.30,20.10,20.15, 0.00,"3,476",
110/01/08,"16,726,310","338,698,676",20.10,20.35,20.10,20.35,+0.20,"5,350",
110/01/11,"10,717,972","217,883,924",20.35,20.45,20.20,20.40,+0.05,"3,824",
110/01/12,"7,409,643","149,635,980",20.30,20.35,20.10,20.10,-0.30,"2,894",
110/01/13,"14,479,142","292,241,526",20.15,20.30,20.15,20.15,+0.05,"3,668",
110/01/14,"10,713,916","215,987,459",20.20,20.20,20.10,20.20,+0.05,"3,506",
110/01/15,"11,001,040","221,544,775",20.20,20.25,20.10,20.10,-0.10,"3,423",
110/01/18,"14,181,824","282,854,707",20.05,20.05,19.90,19.90,-0.20,"5,121",
110/01/19,"11,699,000","233,274,674",19.90,20.00,19.90,19.90, 0.00,"4,692",
110/01/20,"28,217,960","555,765,525",19.90,19.90,19.55,19.55,-0.35,"13,496",
110/01/21,"13,456,546","265,052,557",19.60,19.90,19.55,19.60,+0.05,"4,948",
110/01/22,"19,118,672","373,510,491",19.60,19.65,19.50,19.50,-0.10,"6,214",
110/01/25,"10,681,126","209,303,697",19.50,19.75,19.45,19.65,+0.15,"3,589",
110/01/26,"10,216,497","200,005,205",19.55,19.70,19.50,19.55,-0.10,"3,996",
110/01/27,"11,404,855","223,452,311",19.60,19.85,19.55,19.55, 0.00,"2,939",
110/01/28,"16,787,575","326,803,437",19.50,19.60,19.40,19.50,-0.05,"6,572",
110/01/29,"24,569,586","474,391,289",19.40,19.50,19.15,19.15,-0.35,"9,699",
110/02/01,"10,501,314","203,581,746",19.15,19.50,19.15,19.35,+0.20,"5,009",
110/02/02,"13,241,317","257,680,103",19.35,19.65,19.20,19.40,+0.05,"5,662",
110/02/03,"10,621,237","207,470,332",19.45,19.60,19.40,19.60,+0.20,"3,127",
110/02/04,"6,923,295","135,189,136",19.45,19.65,19.45,19.50,-0.10,"2,510",
110/02/05,"7,948,139","155,696,507",19.50,19.75,19.50,19.60,+0.10,"2,662",
110/02/17,"19,509,755","386,122,627",19.65,19.95,19.65,19.80,+0.20,"6,868",
110/02/18,"9,674,545","192,414,907",19.90,19.95,19.85,19.85,+0.05,"3,501",
110/02/19,"9,058,634","180,048,148",19.85,19.95,19.80,19.95,+0.10,"3,052",
110/02/22,"10,816,629","216,620,182",19.95,20.15,19.95,19.95, 0.00,"3,582",
110/02/23,"14,361,485","288,878,694",19.95,20.20,19.95,20.20,+0.25,"4,344",
110/02/24,"17,862,550","361,205,180",20.25,20.35,20.10,20.15,-0.05,"4,069",
110/02/25,"18,739,813","381,416,748",20.25,20.45,20.25,20.45,+0.30,"5,629",
110/02/26,"39,023,992","781,541,862",20.30,20.30,19.95,19.95,-0.50,"9,208",
110/03/02,"12,080,105","242,603,395",20.10,20.20,20.00,20.00,+0.05,"3,619",
110/03/03,"20,970,520","423,918,727",20.10,20.30,20.05,20.20,+0.20,"4,637",
110/03/04,"16,367,642","328,802,304",20.20,20.25,20.00,20.10,-0.10,"4,549",
110/03/05,"9,780,714","196,318,986",19.95,20.20,19.95,20.15,+0.05,"3,034",
110/03/08,"13,454,410","271,542,858",20.20,20.30,20.05,20.10,-0.05,"3,725",
110/03/09,"17,625,662","358,098,343",20.25,20.40,20.20,20.30,+0.20,"4,319",
110/03/10,"12,672,117","258,173,639",20.35,20.45,20.30,20.40,+0.10,"3,808",
110/03/11,"17,793,701","364,538,187",20.40,20.60,20.40,20.40, 0.00,"4,750",
110/03/12,"7,895,484","161,443,200",20.40,20.50,20.35,20.50,+0.10,"2,798",
110/03/15,"9,962,391","204,869,115",20.55,20.60,20.50,20.55,+0.05,"3,334",
110/03/16,"17,653,744","365,325,534",20.65,20.75,20.60,20.70,+0.15,"4,826",
110/03/17,"19,926,636","411,276,092",20.75,20.75,20.50,20.60,-0.10,"8,630",
110/03/18,"11,255,686","232,491,560",20.60,20.75,20.55,20.65,+0.05,"3,591",
110/03/19,"26,365,886","538,378,810",20.55,20.60,20.30,20.40,-0.25,"7,082",
110/03/22,"7,786,480","159,490,504",20.40,20.60,20.30,20.50,+0.10,"2,678",
110/03/23,"8,871,618","183,016,894",20.60,20.70,20.55,20.65,+0.15,"3,219",
110/03/24,"15,097,942","305,362,652",20.65,20.75,20.60,20.65, 0.00,"3,933",
110/03/25,"10,563,835","219,201,002",20.65,20.80,20.65,20.80,+0.15,"3,337",
110/03/26,"21,240,277","444,578,799",20.85,21.05,20.80,20.90,+0.10,"5,461",
110/03/29,"13,293,669","279,818,084",21.00,21.10,20.95,21.10,+0.20,"4,349",
110/03/30,"13,447,276","283,522,402",21.10,21.20,21.00,21.10, 0.00,"4,493",
110/03/31,"13,499,683","285,471,403",21.10,21.20,21.10,21.15,+0.05,"3,655",
110/04/01,"9,007,091","189,936,340",21.15,21.20,21.05,21.05,-0.10,"3,221",
110/04/06,"11,859,718","249,727,853",21.10,21.15,21.00,21.00,-0.05,"4,146",
110/04/07,"9,908,270","207,815,839",20.95,21.05,20.90,21.00, 0.00,"4,182",
110/04/08,"9,528,901","199,456,954",20.95,20.95,20.90,20.90,-0.10,"3,582",
110/04/09,"10,497,081","219,118,239",20.90,20.95,20.85,20.85,-0.05,"3,664",
110/04/12,"10,126,275","211,858,555",20.85,21.00,20.85,20.95,+0.10,"3,500",
110/04/13,"10,408,559","218,555,683",20.95,21.05,20.90,21.00,+0.05,"3,780",
110/04/14,"10,181,667","213,864,404",21.00,21.10,20.95,21.00, 0.00,"3,277",
110/04/15,"11,534,260","243,331,426",21.00,21.15,21.00,21.10,+0.10,"3,604",
110/04/16,"11,836,540","250,375,935",21.10,21.20,21.05,21.20,+0.10,"3,826",
110/04/19,"14,411,905","308,131,506",21.20,21.45,21.15,21.45,+0.25,"5,001",
110/04/20,"13,291,574","285,157,366",21.50,21.60,21.35,21.45, 0.00,"4,444",
110/04/21,"11,699,980","249,376,092",21.35,21.40,21.25,21.25,-0.20,"4,941",
110/04/22,"14,145,922","301,890,943",21.40,21.45,21.25,21.35,+0.10,"3,955",
110/04/23,"8,774,358","187,070,226",21.35,21.40,21.25,21.40,+0.05,"3,243",
110/04/26,"16,851,567","361,772,415",21.40,21.55,21.30,21.55,+0.15,"4,791",
110/04/27,"11,712,919","251,689,778",21.50,21.55,21.40,21.55, 0.00,"4,865",
110/04/28,"8,860,840","190,001,777",21.50,21.50,21.40,21.50,-0.05,"2,901",
110/04/29,"9,777,357","209,488,893",21.40,21.50,21.40,21.40,-0.10,"3,023",
110/05/03,"14,810,884","315,794,010",21.35,21.40,21.25,21.25,-0.15,"5,250",
110/05/04,"25,595,941","542,093,349",21.30,21.50,21.00,21.15,-0.10,"7,556",
110/05/05,"11,398,977","240,573,183",21.10,21.20,21.00,21.05,-0.10,"4,316",
110/05/06,"12,455,012","264,073,476",21.10,21.35,21.10,21.20,+0.15,"5,083",
110/05/07,"13,105,258","280,114,927",21.30,21.50,21.25,21.50,+0.30,"3,817",
110/05/10,"23,550,114","510,243,603",21.50,21.75,21.50,21.75,+0.25,"5,910",
110/05/11,"20,593,576","442,701,244",21.75,21.75,21.30,21.35,-0.40,"6,695",
110/05/12,"58,264,105","1,205,770,662",21.20,21.45,19.90,20.55,-0.80,"19,449",
110/05/13,"30,624,309","627,642,138",20.35,20.75,20.15,20.40,-0.15,"9,512",
110/05/14,"17,052,271","351,591,102",20.50,20.80,20.50,20.75,+0.35,"4,735",
110/05/17,"30,709,495","622,730,758",20.25,20.50,20.10,20.10,-0.65,"11,012",
110/05/18,"18,724,547","387,072,218",20.15,20.90,20.15,20.85,+0.75,"4,987",
110/05/19,"16,876,406","347,790,814",20.60,20.80,20.50,20.55,-0.30,"5,660",
110/05/20,"13,898,703","284,537,135",20.50,20.55,20.40,20.45,-0.10,"3,848",
110/05/21,"8,947,574","185,162,108",20.65,20.80,20.60,20.75,+0.30,"2,816",
110/05/24,"8,035,806","165,738,114",20.70,20.70,20.50,20.65,-0.10,"2,662",
110/05/25,"10,316,035","213,313,817",20.65,20.75,20.55,20.70,+0.05,"3,146",
110/05/26,"9,290,819","192,183,585",20.65,20.75,20.60,20.70, 0.00,"3,093",
110/05/27,"29,195,445","601,353,459",20.60,20.65,20.55,20.60,-0.10,"3,503",
110/05/28,"12,123,985","251,948,712",20.65,20.85,20.60,20.85,+0.25,"3,391",
110/05/31,"10,188,851","213,144,322",20.85,21.00,20.80,20.95,+0.10,"3,260",
110/06/01,"4,771,604","100,071,495",20.95,21.05,20.90,21.00,+0.05,"1,915",
110/06/02,"8,583,593","180,910,761",21.00,21.15,21.00,21.10,+0.10,"3,854",
110/06/03,"4,665,375","98,629,794",21.20,21.20,21.10,21.15,+0.05,"1,823",
110/06/04,"5,536,313","116,696,827",21.15,21.15,21.00,21.05,-0.10,"2,175",
110/06/07,"6,554,054","137,385,591",21.05,21.10,20.80,21.00,-0.05,"2,861",
110/06/08,"5,670,314","119,517,904",21.10,21.15,21.00,21.15,+0.15,"2,396",
110/06/09,"7,341,547","154,076,318",21.05,21.10,20.90,20.95,-0.20,"3,539",
110/06/10,"8,026,033","168,255,649",20.95,21.05,20.90,21.00,+0.05,"2,340",
110/06/11,"8,015,804","168,586,326",21.00,21.10,20.90,21.10,+0.10,"2,568",
110/06/15,"6,683,654","140,945,213",21.10,21.15,21.00,21.10, 0.00,"2,888",
110/06/16,"12,580,335","265,126,316",21.00,21.15,21.00,21.15,+0.05,"6,101",
110/06/17,"7,266,968","152,882,314",21.00,21.10,20.95,21.10,-0.05,"2,864",
110/06/18,"25,336,785","528,777,807",21.00,21.10,20.80,20.80,-0.30,"5,943",
110/06/21,"10,176,404","212,192,769",20.80,20.95,20.80,20.90,+0.10,"4,416",
110/06/22,"6,992,844","146,769,293",20.95,21.05,20.90,21.00,+0.10,"3,147",
110/06/23,"10,703,312","225,845,880",20.95,21.20,20.95,21.05,+0.05,"4,245",
110/06/24,"8,452,476","178,625,897",21.05,21.20,21.05,21.10,+0.05,"2,792",
110/06/25,"9,277,621","196,840,757",21.10,21.30,21.05,21.25,+0.15,"2,897",
110/06/28,"7,059,716","150,489,445",21.35,21.35,21.25,21.35,+0.10,"2,768",
110/06/29,"7,789,821","165,736,800",21.25,21.35,21.20,21.25,-0.10,"2,799",
110/06/30,"10,230,481","217,567,719",21.25,21.35,21.20,21.25, 0.00,"3,726",
110/07/01,"7,149,132","151,540,158",21.20,21.30,21.10,21.20,-0.05,"2,740",
110/07/02,"8,353,816","177,140,814",21.25,21.30,21.15,21.15,-0.05,"2,583",
110/07/05,"7,412,828","158,113,877",21.20,21.40,21.20,21.35,+0.20,"2,444",
110/07/06,"8,361,192","179,183,579",21.35,21.50,21.30,21.45,+0.10,"3,058",
110/07/07,"7,891,982","168,885,607",21.40,21.45,21.35,21.45, 0.00,"2,480",
110/07/08,"6,711,672","143,877,677",21.45,21.50,21.40,21.40,-0.05,"2,332",
110/07/09,"10,816,827","231,389,356",21.35,21.50,21.30,21.50,+0.10,"3,030",
110/07/12,"11,426,967","246,064,797",21.55,21.60,21.45,21.45,-0.05,"4,017",
110/07/13,"9,207,460","198,355,532",21.50,21.60,21.45,21.60,+0.15,"3,283",
110/07/14,"7,223,096","156,075,952",21.55,21.65,21.55,21.65,+0.05,"2,259",
110/07/15,"6,567,104","141,937,289",21.65,21.65,21.55,21.65, 0.00,"2,529",
110/07/16,"10,073,880","218,195,225",21.60,21.70,21.55,21.70,+0.05,"3,385",
110/07/19,"12,996,116","280,790,677",21.60,21.75,21.50,21.70, 0.00,"3,406",
110/07/20,"7,297,528","157,533,235",21.60,21.65,21.55,21.55,-0.15,"2,815",
110/07/21,"11,176,368","241,778,209",21.60,21.70,21.55,21.70,+0.15,"5,235",
110/07/22,"18,234,973","397,911,358",21.70,21.90,21.70,21.90,+0.20,"4,097",
110/07/23,"7,930,430","173,857,000",21.90,21.95,21.85,21.95,+0.05,"2,965",
110/07/26,"8,473,723","185,641,181",21.90,22.00,21.85,21.90,-0.05,"3,022",
110/07/27,"10,735,271","234,954,984",21.90,21.95,21.80,21.95,+0.05,"2,964",
110/07/28,"12,690,457","277,606,630",21.90,22.00,21.80,21.95, 0.00,"4,133",
110/07/29,"9,119,272","199,995,475",21.95,22.00,21.85,21.95, 0.00,"3,137",
110/07/30,"15,657,532","343,087,083",21.95,22.00,21.85,21.85,-0.10,"2,851",
110/08/02,"18,626,756","409,978,121",21.95,22.10,21.90,22.10,+0.25,"5,120",
110/08/03,"7,189,124","159,020,516",22.00,22.15,22.00,22.15,+0.05,"2,852",
110/08/04,"11,537,559","256,053,291",22.20,22.25,22.15,22.20,+0.05,"3,151",
110/08/05,"22,760,954","507,021,021",22.20,22.35,22.15,22.35,+0.15,"7,929",
110/08/06,"19,636,382","437,639,044",22.30,22.40,22.15,22.30,-0.05,"7,525",
110/08/09,"21,862,644","484,010,316",22.20,22.20,22.00,22.20,-0.10,"7,370",
110/08/10,"27,791,796","614,272,906",22.15,22.15,22.05,22.15,-0.05,"8,641",
110/08/11,"27,315,314","584,288,825",21.30,21.50,21.25,21.45,X0.00,"9,142",
110/08/12,"18,311,751","389,730,024",21.50,21.50,21.15,21.35,-0.10,"8,686",
110/08/13,"9,193,738","194,388,412",21.30,21.35,21.10,21.15,-0.20,"4,503",
110/08/16,"17,213,982","361,564,529",21.15,21.20,20.90,21.00,-0.15,"7,144",
110/08/17,"10,583,667","222,489,270",21.00,21.15,20.95,21.10,+0.10,"3,332",
110/08/18,"7,601,208","159,991,919",21.10,21.10,21.00,21.05,-0.05,"3,381",
110/08/19,"15,127,951","316,814,125",21.00,21.05,20.90,20.95,-0.10,"5,869",
110/08/20,"11,163,475","234,340,819",21.05,21.10,20.90,21.05,+0.10,"4,257",
110/08/23,"7,932,577","167,478,222",21.10,21.20,21.00,21.10,+0.05,"2,901",
110/08/24,"8,869,068","188,901,996",21.20,21.45,21.10,21.45,+0.35,"3,000",
110/08/25,"6,461,688","138,481,620",21.50,21.50,21.40,21.40,-0.05,"2,614",
110/08/26,"8,261,704","176,673,040",21.40,21.45,21.30,21.40, 0.00,"2,642",
110/08/27,"12,833,267","278,520,715",21.45,21.85,21.45,21.85,+0.45,"4,085",
110/08/30,"14,691,229","322,979,581",21.95,22.15,21.85,22.15,+0.30,"4,279",
110/08/31,"21,642,194","480,699,896",22.05,22.35,22.00,22.35,+0.20,"4,688",
110/09/01,"10,604,257","235,592,828",22.25,22.30,22.15,22.20,-0.15,"4,090",
110/09/02,"9,779,824","215,743,293",22.15,22.20,22.00,22.05,-0.15,"4,356",
110/09/03,"12,076,002","268,306,152",22.15,22.30,22.05,22.30,+0.25,"4,142",
110/09/06,"9,522,947","212,550,097",22.30,22.35,22.25,22.35,+0.05,"3,846",
110/09/07,"11,305,390","252,739,258",22.35,22.40,22.25,22.40,+0.05,"4,038",
110/09/08,"18,993,464","418,914,598",22.05,22.20,21.95,22.05,X0.00,"6,124",
110/09/09,"12,797,845","280,733,786",22.00,22.00,21.85,21.90,-0.15,"3,949",
110/09/10,"9,326,916","204,982,742",21.85,22.05,21.85,22.05,+0.15,"2,800",
110/09/13,"9,269,787","203,644,928",22.00,22.05,21.80,22.05, 0.00,"3,331",
110/09/14,"12,093,656","267,474,719",22.10,22.20,22.00,22.20,+0.15,"3,342",
110/09/15,"11,108,617","245,511,429",22.20,22.20,22.00,22.15,-0.05,"3,820",
110/09/16,"7,867,306","174,373,992",22.10,22.20,22.10,22.20,+0.05,"3,038",
110/09/17,"19,315,282","425,848,968",22.20,22.20,22.00,22.00,-0.20,"4,271",
110/09/22,"20,561,026","446,484,234",21.75,21.85,21.60,21.75,-0.25,"10,838",
110/09/23,"9,035,479","198,743,814",21.85,22.10,21.85,22.10,+0.35,"2,680",
110/09/24,"5,118,848","113,360,983",22.15,22.20,22.10,22.15,+0.05,"2,563",
110/09/27,"6,081,316","134,417,587",22.10,22.20,22.05,22.05,-0.10,"2,537",
110/09/28,"6,825,419","150,650,718",22.00,22.15,21.95,22.15,+0.10,"2,654",
110/09/29,"13,485,132","296,372,088",22.10,22.10,21.90,22.05,-0.10,"6,388",
110/09/30,"8,318,893","183,206,052",22.00,22.10,21.90,22.10,+0.05,"2,388",
110/10/01,"18,577,198","406,691,651",22.00,22.00,21.80,22.00,-0.10,"7,995",
110/10/04,"8,725,549","191,511,865",22.00,22.05,21.85,22.00, 0.00,"3,413",
110/10/05,"11,128,370","244,319,481",22.00,22.05,21.85,21.95,-0.05,"3,463",
110/10/06,"11,840,981","259,872,899",21.95,22.05,21.90,21.95, 0.00,"4,470",
110/10/07,"9,452,929","209,020,458",22.05,22.15,22.00,22.15,+0.20,"2,787",
110/10/08,"5,429,621","119,703,326",22.15,22.20,22.00,22.00,-0.15,"2,300",
110/10/12,"13,758,598","301,434,415",21.85,22.05,21.75,22.05,+0.05,"4,776",
110/10/13,"9,573,726","211,632,174",22.10,22.15,22.00,22.15,+0.10,"4,308",
110/10/14,"8,652,503","192,032,932",22.20,22.35,22.10,22.10,-0.05,"3,998",
110/10/15,"8,140,631","180,716,432",22.25,22.30,22.10,22.25,+0.15,"3,834",
110/10/18,"10,395,109","232,349,770",22.30,22.40,22.25,22.40,+0.15,"4,105",
110/10/19,"8,739,956","196,189,926",22.55,22.55,22.35,22.40, 0.00,"3,002",
110/10/20,"6,326,684","142,014,385",22.50,22.50,22.35,22.50,+0.10,"2,777",
110/10/21,"9,312,464","209,610,784",22.50,22.60,22.40,22.45,-0.05,"2,847",
110/10/22,"4,857,148","109,025,330",22.45,22.55,22.40,22.40,-0.05,"2,123",
110/10/25,"4,722,915","106,048,852",22.40,22.50,22.40,22.50,+0.10,"2,376",
110/10/26,"17,045,529","386,489,306",22.55,22.75,22.50,22.75,+0.25,"4,871",
110/10/27,"8,926,812","203,667,501",22.75,22.90,22.70,22.85,+0.10,"3,007",
110/10/28,"7,737,346","176,001,897",22.80,22.80,22.70,22.75,-0.10,"3,543",
110/10/29,"10,530,233","238,228,048",22.75,22.75,22.60,22.60,-0.15,"4,398",
110/11/01,"6,593,821","149,237,469",22.65,22.80,22.55,22.65,+0.05,"2,715",
110/11/02,"9,194,848","209,255,398",22.75,22.80,22.65,22.80,+0.15,"3,003",
110/11/03,"5,187,466","117,844,392",22.75,22.80,22.65,22.75,-0.05,"2,383",
110/11/04,"5,638,977","128,262,989",22.80,22.85,22.70,22.75, 0.00,"1,913",
110/11/05,"4,324,436","98,251,240",22.70,22.80,22.65,22.80,+0.05,"2,294",
110/11/08,"11,758,325","267,993,363",22.85,22.90,22.75,22.80, 0.00,"2,598",
110/11/09,"10,964,219","250,959,345",22.80,23.00,22.75,23.00,+0.20,"3,638",
110/11/10,"18,061,672","414,681,003",23.00,23.10,22.95,23.10,+0.10,"4,465",
110/11/11,"6,305,749","145,882,893",23.10,23.20,23.05,23.20,+0.10,"2,773",
110/11/12,"11,322,915","264,553,152",23.20,23.45,23.20,23.45,+0.25,"4,257",
110/11/15,"16,038,678","379,294,075",23.45,23.85,23.45,23.55,+0.10,"5,536",
110/11/16,"13,864,555","325,448,420",23.55,23.55,23.35,23.45,-0.10,"5,903",
110/11/17,"8,609,730","202,963,178",23.45,23.65,23.40,23.65,+0.20,"3,719",
110/11/18,"13,960,576","332,768,961",23.65,23.95,23.60,23.90,+0.25,"4,279",
110/11/19,"11,672,376","276,933,908",23.90,23.95,23.60,23.65,-0.25,"5,979",
110/11/22,"7,274,541","171,791,550",23.60,23.75,23.55,23.70,+0.05,"3,238",
110/11/23,"9,563,006","225,249,770",23.70,23.75,23.45,23.50,-0.20,"4,340",
110/11/24,"10,243,301","243,152,381",23.60,23.95,23.60,23.70,+0.20,"3,681",
110/11/25,"8,156,305","194,221,982",23.75,23.90,23.70,23.90,+0.20,"3,730",
110/11/26,"16,233,694","383,848,372",23.75,23.85,23.50,23.55,-0.35,"8,045",
110/11/29,"12,585,435","296,600,580",23.40,23.75,23.40,23.55, 0.00,"4,681",
110/11/30,"38,772,619","919,063,788",23.60,23.75,23.40,23.75,+0.20,"5,487",
110/12/01,"9,333,106","221,902,172",23.55,23.90,23.55,23.85,+0.10,"4,489",
110/12/02,"10,018,936","238,456,503",23.85,23.90,23.70,23.90,+0.05,"3,376",
110/12/03,"16,553,054","397,640,316",23.85,24.10,23.80,24.05,+0.15,"4,888",
110/12/06,"11,681,551","282,105,794",24.05,24.25,24.00,24.20,+0.15,"4,530",
110/12/07,"13,186,502","318,973,914",24.20,24.30,24.05,24.30,+0.10,"4,851",
110/12/08,"16,172,014","396,493,008",24.40,24.70,24.30,24.70,+0.40,"6,188",
110/12/09,"26,458,778","660,399,203",24.85,25.20,24.70,25.20,+0.50,"10,406",
110/12/10,"16,705,362","418,172,742",25.15,25.15,24.90,25.10,-0.10,"9,093",
110/12/13,"16,843,750","424,304,288",25.20,25.45,25.00,25.00,-0.10,"7,127",
110/12/14,"17,568,962","434,363,571",24.85,24.85,24.65,24.70,-0.30,"7,909",
110/12/15,"9,402,845","232,030,995",24.75,24.85,24.60,24.65,-0.05,"5,113",
110/12/16,"10,182,113","252,592,261",24.75,24.95,24.65,24.90,+0.25,"4,840",
110/12/17,"12,520,519","313,241,247",24.90,25.10,24.85,25.10,+0.20,"4,090",
110/12/20,"10,533,498","261,702,466",25.00,25.00,24.75,24.80,-0.30,"5,369",
110/12/21,"7,527,238","187,670,721",24.80,25.00,24.80,25.00,+0.20,"2,506",
110/12/22,"3,818,800","95,147,322",25.00,25.00,24.85,24.95,-0.05,"2,384",
110/12/23,"6,594,318","164,863,680",25.00,25.10,24.90,25.00,+0.05,"2,635",
110/12/24,"4,932,918","123,431,660",25.00,25.10,24.95,25.05,+0.05,"2,092",
110/12/27,"5,925,219","148,245,306",25.00,25.05,24.95,25.00,-0.05,"2,866",
110/12/28,"14,900,759","375,241,545",25.00,25.45,25.00,25.35,+0.35,"4,635",
110/12/29,"11,237,864","285,566,220",25.35,25.50,25.30,25.50,+0.15,"5,205",
110/12/30,"9,100,254","231,743,833",25.45,25.55,25.40,25.45,-0.05,"4,296",
111/01/03,"8,789,746","223,566,853",25.45,25.60,25.30,25.40,-0.05,"4,867",
111/01/04,"10,069,743","254,748,950",25.40,25.45,25.20,25.40, 0.00,"5,424",
111/01/05,"9,374,309","238,253,888",25.30,25.55,25.30,25.55,+0.15,"4,241",
111/01/06,"11,340,344","290,497,042",25.50,25.75,25.40,25.75,+0.20,"5,363",
111/01/07,"16,679,170","433,420,752",25.75,26.20,25.75,25.95,+0.20,"6,147",
111/01/10,"14,850,194","388,549,029",26.00,26.40,25.90,26.30,+0.35,"6,774",
111/01/11,"24,176,564","645,417,222",26.30,27.00,26.30,26.95,+0.65,"8,985",
111/01/12,"17,159,245","463,543,052",26.95,27.30,26.85,27.15,+0.20,"7,153",
111/01/13,"16,818,525","458,699,465",27.15,27.40,27.05,27.40,+0.25,"8,934",
111/01/14,"20,029,919","543,546,934",27.30,27.40,27.00,27.20,-0.20,"10,309",
111/01/17,"13,188,689","356,368,919",27.10,27.15,26.95,27.00,-0.20,"7,596",
111/01/18,"11,920,508","321,317,648",26.95,27.05,26.80,27.05,+0.05,"6,024",
111/01/19,"12,585,890","339,729,827",26.95,27.05,26.90,27.00,-0.05,"6,979",
111/01/20,"12,111,036","324,427,148",26.85,26.95,26.65,26.80,-0.20,"5,815",
111/01/21,"25,668,495","678,108,277",26.65,26.70,26.30,26.45,-0.35,"11,935",
111/01/24,"22,517,845","588,148,560",26.20,26.45,25.85,26.35,-0.10,"11,307",
111/01/25,"22,703,410","590,136,173",26.00,26.20,25.90,26.20,-0.15,"11,464",
111/01/26,"17,649,801","466,359,968",26.15,26.60,26.10,26.45,+0.25,"7,956",
111/02/07,"22,340,465","601,676,296",26.50,27.25,26.50,27.05,+0.60,"9,313",
111/02/08,"28,755,141","792,639,046",27.10,27.80,27.10,27.70,+0.65,"10,260",
111/02/09,"16,457,617","455,226,350",27.80,27.90,27.50,27.75,+0.05,"8,676",
111/02/10,"10,406,894","287,392,440",27.75,27.75,27.50,27.70,-0.05,"4,500",
111/02/11,"11,540,904","319,456,232",27.60,27.80,27.50,27.75,+0.05,"4,537",
111/02/14,"12,087,129","331,048,686",27.45,27.50,27.30,27.45,-0.30,"7,153",
111/02/15,"8,421,833","230,754,381",27.40,27.50,27.35,27.35,-0.10,"4,546",
111/02/16,"10,792,218","296,304,051",27.50,27.60,27.30,27.40,+0.05,"6,190",
111/02/17,"9,053,654","248,563,426",27.35,27.55,27.35,27.45,+0.05,"3,196",
111/02/18,"8,182,918","224,008,118",27.30,27.50,27.20,27.35,-0.10,"4,034",
111/02/21,"6,465,257","176,217,931",27.30,27.35,27.15,27.25,-0.10,"3,300",
111/02/22,"22,287,961","599,432,586",27.05,27.10,26.70,26.95,-0.30,"11,991",
111/02/23,"9,615,154","259,087,051",26.95,27.15,26.80,27.05,+0.10,"4,993",
111/02/24,"26,476,632","703,302,048",26.80,26.90,26.30,26.60,-0.45,"17,080",
111/02/25,"23,187,023","610,882,977",26.50,26.60,26.10,26.45,-0.15,"11,231",
111/03/01,"16,540,322","440,671,011",26.40,26.90,26.20,26.65,+0.20,"5,544",
111/03/02,"12,668,411","338,850,359",26.65,26.90,26.45,26.90,+0.25,"4,791",
111/03/03,"6,825,502","183,155,413",26.90,26.95,26.75,26.85,-0.05,"3,267",
111/03/04,"12,759,665","340,450,380",26.50,26.80,26.30,26.80,-0.05,"4,415",
111/03/07,"31,256,054","819,330,541",26.45,26.50,26.00,26.30,-0.50,"13,483",
111/03/08,"31,443,911","813,499,037",25.60,26.20,25.60,25.90,-0.40,"15,127",
111/03/09,"10,171,293","264,439,288",25.90,26.15,25.85,25.95,+0.05,"5,052",
111/03/10,"11,034,444","292,862,502",26.05,26.75,26.00,26.75,+0.80,"4,595",
111/03/11,"6,556,374","174,453,648",26.75,26.75,26.50,26.65,-0.10,"3,629",
111/03/14,"9,353,584","249,418,346",26.55,26.75,26.55,26.75,+0.10,"3,243",
111/03/15,"15,955,303","429,345,130",27.05,27.15,26.80,26.95,+0.20,"6,586",
111/03/16,"15,755,784","426,650,967",27.00,27.30,26.90,27.30,+0.35,"6,192",
111/03/17,"24,594,822","678,860,076",27.85,27.85,27.30,27.55,+0.25,"8,093",
111/03/18,"38,973,810","1,091,620,456",27.75,28.15,27.55,28.15,+0.60,"7,951",
111/03/21,"16,076,876","449,503,123",28.05,28.10,27.80,27.85,-0.30,"8,381",
111/03/22,"9,167,571","255,773,050",27.90,28.00,27.80,28.00,+0.15,"3,827",
111/03/23,"23,896,464","677,084,326",28.05,28.60,28.00,28.60,+0.60,"7,468",
111/03/24,"12,680,394","362,623,894",28.50,28.85,28.35,28.65,+0.05,"5,133",
111/03/25,"11,882,435","339,358,440",28.50,28.65,28.45,28.65, 0.00,"5,208",
111/03/28,"14,061,781","402,452,618",28.45,28.90,28.35,28.90,+0.25,"6,462",
111/03/29,"8,711,532","250,576,645",28.85,28.95,28.60,28.75,-0.15,"4,667",
111/03/30,"14,622,835","422,131,766",28.75,28.95,28.70,28.95,+0.20,"5,692",
111/03/31,"23,568,289","693,512,608",28.95,29.70,28.90,29.55,+0.60,"8,091",
111/04/01,"13,119,593","387,735,394",29.50,29.70,29.25,29.65,+0.10,"5,599",
111/04/06,"32,478,865","983,855,511",29.70,30.75,29.60,30.75,+1.10,"12,665",
111/04/07,"32,762,086","1,000,551,907",30.75,31.00,30.05,30.05,-0.70,"15,984",
111/04/08,"16,087,553","487,350,176",30.00,30.55,29.95,30.55,+0.50,"6,023",
111/04/11,"23,510,357","725,140,326",30.75,31.50,30.40,30.65,+0.10,"10,519",
111/04/12,"22,230,263","670,480,361",30.40,30.40,30.00,30.15,-0.50,"9,907",
111/04/13,"15,527,105","470,085,554",30.20,30.55,30.05,30.35,+0.20,"6,194",
111/04/14,"26,972,488","803,138,557",30.25,30.30,29.55,29.55,-0.80,"14,815",
111/04/15,"19,429,424","569,131,974",29.25,29.70,28.95,29.25,-0.30,"9,334",
111/04/18,"24,573,768","701,023,227",29.00,29.00,28.10,28.55,-0.70,"15,462",
111/04/19,"9,587,699","274,588,087",28.60,28.90,28.55,28.55, 0.00,"5,353",
111/04/20,"14,595,425","417,787,514",28.60,28.90,28.30,28.85,+0.30,"6,490",
111/04/21,"10,520,590","300,807,991",28.85,28.90,28.45,28.55,-0.30,"6,075",
111/04/22,"15,281,735","436,548,152",28.25,28.90,28.10,28.85,+0.30,"6,448",
111/04/25,"18,704,741","529,536,440",28.30,28.50,28.15,28.30,-0.55,"8,884",
111/04/26,"11,572,402","332,315,773",28.35,29.00,28.35,28.80,+0.50,"5,355",
111/04/27,"14,432,896","409,878,788",28.45,28.55,28.20,28.30,-0.50,"7,918",
111/04/28,"20,903,335","587,951,006",28.30,28.40,27.90,28.20,-0.10,"8,959",
111/04/29,"9,379,131","266,867,815",28.30,28.55,28.30,28.50,+0.30,"4,197",
111/05/03,"7,320,784","206,270,867",28.40,28.40,28.10,28.15,-0.35,"4,841",
111/05/04,"7,333,213","206,089,963",28.15,28.20,28.00,28.05,-0.10,"4,132",
111/05/05,"14,386,257","402,466,658",28.35,28.40,27.80,27.80,-0.25,"8,896",
111/05/06,"20,152,206","550,147,591",27.20,27.50,27.10,27.40,-0.40,"10,962",
111/05/09,"30,896,689","823,405,492",27.00,27.10,26.40,26.40,-1.00,"18,121",
111/05/10,"29,573,943","772,268,218",25.95,26.55,25.65,26.20,-0.20,"11,002",
111/05/11,"14,644,943","382,914,675",26.05,26.30,26.00,26.15,-0.05,"6,055",
111/05/12,"32,932,814","843,720,035",26.05,26.05,25.35,25.35,-0.80,"16,386",
111/05/13,"19,176,351","488,293,180",25.35,25.70,25.15,25.50,+0.15,"7,511",
111/05/16,"14,051,126","360,067,515",25.80,25.95,25.50,25.65,+0.15,"6,245",
111/05/17,"16,388,005","424,898,522",25.85,26.20,25.50,26.00,+0.35,"7,186",
111/05/18,"38,365,160","1,034,432,944",26.00,27.40,26.00,27.30,+1.30,"12,668",
111/05/19,"28,515,305","759,882,351",26.60,26.90,26.30,26.85,-0.45,"8,578",
111/05/20,"20,830,058","563,423,537",27.05,27.20,26.75,27.15,+0.30,"5,869",
111/05/23,"19,998,209","544,421,863",27.45,27.50,26.85,27.25,+0.10,"6,470",
111/05/24,"13,487,189","369,155,250",27.20,27.50,27.15,27.35,+0.10,"4,736",
111/05/25,"14,050,464","383,954,227",27.25,27.50,27.05,27.40,+0.05,"5,281",
111/05/26,"20,919,866","577,008,228",27.45,27.70,27.35,27.70,+0.30,"6,400",
111/05/27,"17,787,694","496,096,155",27.75,28.00,27.55,28.00,+0.30,"6,382",
111/05/30,"20,294,771","569,587,851",28.05,28.20,27.80,28.20,+0.20,"7,267",
111/05/31,"64,072,674","1,800,495,501",28.15,28.15,27.80,28.15,-0.05,"5,539",
111/06/01,"13,656,821","378,957,667",28.00,28.00,27.55,27.65,-0.50,"5,474",
111/06/02,"8,610,092","235,813,607",27.45,27.55,27.10,27.35,-0.30,"4,111",
111/06/06,"7,105,112","194,396,308",27.65,27.75,27.20,27.30,-0.05,"4,076",
111/06/07,"9,426,212","256,873,035",27.25,27.55,27.10,27.30, 0.00,"3,742",
111/06/08,"6,205,154","169,977,979",27.45,27.45,27.25,27.45,+0.15,"2,967",
111/06/09,"5,818,945","158,833,719",27.25,27.40,27.15,27.30,-0.15,"2,215",
111/06/10,"8,440,857","228,310,124",26.95,27.30,26.80,27.15,-0.15,"3,486",
111/06/13,"16,414,481","438,442,032",26.65,26.95,26.55,26.95,-0.20,"8,081",
111/06/14,"10,950,063","294,747,318",26.65,27.15,26.65,27.00,+0.05,"4,143",
111/06/15,"12,963,433","352,078,142",26.90,27.45,26.85,27.20,+0.20,"5,033",
111/06/16,"12,173,364","332,450,996",27.50,27.75,27.05,27.10,-0.10,"4,386",
111/06/17,"23,491,141","627,290,876",26.90,26.90,26.50,26.75,-0.35,"7,428",
111/06/20,"18,348,082","482,915,517",26.55,26.90,25.85,26.10,-0.65,"12,502",
111/06/21,"22,408,964","602,628,403",26.50,27.15,26.35,27.10,+1.00,"6,430",
111/06/22,"7,480,393","200,472,381",27.10,27.15,26.50,26.75,-0.35,"4,032",
111/06/23,"11,056,506","297,288,988",26.75,27.20,26.60,26.95,+0.20,"3,781",
111/06/24,"10,538,409","287,394,151",27.50,27.50,27.00,27.35,+0.40,"4,038",
111/06/27,"9,307,672","254,573,086",27.40,27.50,27.15,27.15,-0.20,"3,838",
111/06/28,"7,062,097","191,732,815",27.30,27.35,27.00,27.15, 0.00,"2,361",
111/06/29,"9,979,739","270,750,048",26.95,27.35,26.90,27.20,+0.05,"3,975",
111/06/30,"11,384,535","305,517,466",27.00,27.20,26.65,26.85,-0.35,"4,764",
111/07/01,"10,724,610","285,068,282",26.60,26.90,26.40,26.50,-0.35,"5,095",
111/07/04,"10,064,170","267,277,557",26.70,27.00,26.25,26.55,+0.05,"4,328",
111/07/05,"6,660,624","177,499,916",26.90,26.95,26.40,26.55, 0.00,"2,864",
111/07/06,"12,292,720","322,129,354",26.50,26.70,26.05,26.10,-0.45,"5,638",
111/07/07,"13,431,170","350,727,941",26.10,26.35,25.85,26.10, 0.00,"4,319",
111/07/08,"10,176,312","265,438,016",26.05,26.25,25.90,26.00,-0.10,"3,930",
111/07/11,"9,182,915","236,379,588",26.00,26.00,25.60,25.65,-0.35,"5,278",
111/07/12,"15,222,707","383,853,242",25.40,25.40,25.10,25.20,-0.45,"7,389",
111/07/13,"14,113,214","362,946,685",25.65,26.00,25.40,25.85,+0.65,"5,279",
111/07/14,"6,763,280","174,516,760",25.80,25.95,25.60,25.80,-0.05,"2,858",
111/07/15,"10,524,253","267,673,014",25.75,25.75,25.30,25.30,-0.50,"5,637",
111/07/18,"11,737,760","298,775,324",25.30,25.60,25.25,25.50,+0.20,"4,214",
111/07/19,"7,259,437","185,643,234",25.45,25.70,25.35,25.65,+0.15,"3,071",
111/07/20,"10,839,444","279,614,203",25.85,26.10,25.50,25.60,-0.05,"4,838",
111/07/21,"8,133,098","209,905,928",25.60,26.00,25.50,26.00,+0.40,"2,770",
111/07/22,"14,334,231","372,927,369",25.85,26.15,25.65,26.05,+0.05,"4,070",
111/07/25,"10,412,679","273,931,127",25.85,26.50,25.85,26.50,+0.45,"3,677",
111/07/26,"9,743,438","257,663,147",26.35,26.60,26.30,26.50, 0.00,"3,961",
111/07/27,"9,964,051","266,674,361",26.50,26.95,26.40,26.95,+0.45,"3,813",
111/07/28,"11,979,412","325,818,064",27.05,27.40,26.95,27.25,+0.30,"5,158",
111/07/29,"20,523,508","560,729,262",27.45,27.50,27.05,27.40,+0.15,"4,476",
111/08/01,"6,881,026","188,475,287",27.35,27.45,27.15,27.45,+0.05,"3,200",
111/08/02,"10,545,646","286,684,497",27.05,27.35,27.05,27.25,-0.20,"4,556",
111/08/03,"10,062,274","274,070,199",27.20,27.35,27.10,27.35,+0.10,"3,700",
111/08/04,"10,900,353","298,626,993",27.40,27.60,27.20,27.35, 0.00,"4,036",
111/08/05,"15,141,471","417,723,845",27.35,27.70,27.35,27.65,+0.30,"4,599",
111/08/08,"21,740,900","605,739,413",27.65,28.00,27.50,28.00,+0.35,"5,859",
111/08/09,"38,021,847","1,076,709,795",28.00,28.50,28.00,28.50,+0.50,"9,622",
111/08/10,"29,855,359","808,691,362",26.90,27.35,26.90,27.20,X0.00,"11,998",
111/08/11,"16,908,659","462,258,563",27.45,27.50,27.15,27.45,+0.25,"5,999",
111/08/12,"9,891,247","271,077,426",27.50,27.50,27.25,27.45, 0.00,"4,117",
111/08/15,"6,664,588","182,980,787",27.50,27.55,27.35,27.50,+0.05,"3,568",
111/08/16,"8,160,649","224,646,508",27.50,27.65,27.35,27.65,+0.15,"3,841",
111/08/17,"11,560,972","320,110,089",27.60,27.75,27.50,27.75,+0.10,"4,260",
111/08/18,"5,873,004","162,521,390",27.70,27.75,27.50,27.75, 0.00,"2,430",
111/08/19,"7,453,057","205,484,246",27.60,27.65,27.40,27.60,-0.15,"3,170",
111/08/22,"7,668,901","210,104,914",27.40,27.50,27.30,27.40,-0.20,"3,630",
111/08/23,"9,645,142","261,186,345",27.25,27.35,27.00,27.00,-0.40,"5,875",
111/08/24,"8,460,098","227,762,454",27.00,27.10,26.80,27.00, 0.00,"5,170",
111/08/25,"4,608,972","125,690,084",27.05,27.40,27.05,27.30,+0.30,"2,386",
111/08/26,"5,269,273","144,420,463",27.40,27.45,27.30,27.45,+0.15,"2,603",
111/08/29,"9,929,325","269,172,985",26.85,27.25,26.80,27.20,-0.25,"5,012",
111/08/30,"9,826,799","266,647,094",27.10,27.30,27.00,27.20, 0.00,"3,959",
111/08/31,"13,056,797","359,588,713",27.20,27.65,27.10,27.65,+0.45,"2,866",
111/09/01,"13,298,469","359,950,888",27.10,27.30,26.95,27.10,-0.55,"6,160",
111/09/02,"6,364,046","172,099,703",27.20,27.25,27.00,27.00,-0.10,"3,038",
111/09/05,"8,142,924","220,526,122",27.00,27.20,26.90,27.15,+0.15,"3,080",
111/09/06,"12,068,029","330,288,586",27.20,27.60,27.15,27.45,+0.30,"4,551",
111/09/07,"13,595,879","367,239,250",27.15,27.25,26.90,26.95,-0.50,"7,626",
111/09/08,"6,970,316","189,118,377",27.10,27.25,26.90,27.25,+0.30,"2,924",
111/09/12,"9,422,591","257,477,452",27.30,27.45,27.15,27.45,+0.20,"3,588",
111/09/13,"9,473,282","260,188,289",27.45,27.60,27.40,27.45, 0.00,"5,611",
111/09/14,"11,451,911","310,704,422",27.00,27.25,27.00,27.05,-0.40,"8,111",
111/09/15,"12,439,088","340,014,339",27.05,27.50,27.05,27.50,+0.45,"4,795",
111/09/16,"21,874,683","600,866,261",27.20,27.55,27.20,27.55,+0.05,"5,426",
111/09/19,"8,535,660","232,588,596",27.55,27.60,27.15,27.15,-0.40,"5,160",
111/09/20,"10,343,575","280,757,185",27.30,27.30,27.05,27.25,+0.10,"6,012",
111/09/21,"10,604,193","287,197,018",27.10,27.15,27.00,27.10,-0.15,"5,932",
111/09/22,"14,327,986","383,749,225",26.95,26.95,26.60,26.80,-0.30,"8,774",
111/09/23,"8,942,270","239,145,944",26.70,26.95,26.65,26.70,-0.10,"5,620",
111/09/26,"13,347,812","350,971,321",26.50,26.50,26.20,26.25,-0.45,"9,926",
111/09/27,"10,463,073","273,904,133",26.25,26.40,26.05,26.15,-0.10,"5,788",
111/09/28,"23,380,240","614,994,838",26.20,26.45,26.00,26.45,+0.30,"6,388",
111/09/29,"18,698,944","492,732,709",26.45,26.50,26.20,26.50,+0.05,"6,339",
111/09/30,"20,996,143","553,438,078",26.50,26.60,26.15,26.25,-0.25,"5,175",
111/10/03,"15,912,655","410,519,698",25.95,26.05,25.60,25.70,-0.55,"10,557",
111/10/04,"14,149,993","362,873,979",25.80,25.90,25.40,25.85,+0.15,"6,954",
111/10/05,"10,341,864","266,653,386",25.90,25.95,25.70,25.70,-0.15,"5,690",
111/10/06,"11,011,524","286,100,400",25.75,26.05,25.75,26.05,+0.35,"3,820",
111/10/07,"6,882,106","177,451,577",25.80,25.95,25.70,25.80,-0.25,"4,686",
111/10/11,"21,227,967","534,684,018",25.40,25.50,25.05,25.05,-0.75,"11,361",
111/10/12,"13,944,036","349,653,892",25.00,25.25,24.90,25.10,+0.05,"4,735",
111/10/13,"20,371,194","502,584,554",25.00,25.10,24.50,24.55,-0.55,"11,305",
111/10/14,"13,531,286","332,780,099",24.70,24.80,24.50,24.50,-0.05,"5,409",
111/10/17,"13,428,345","325,476,225",24.25,24.45,24.00,24.35,-0.15,"5,631",
111/10/18,"11,813,525","288,049,416",24.60,24.65,24.25,24.40,+0.05,"3,436",
111/10/19,"15,001,478","363,190,728",24.40,24.50,24.00,24.05,-0.35,"7,865",
111/10/20,"25,242,129","602,524,583",23.45,24.30,23.40,24.25,+0.20,"7,761",
111/10/21,"9,038,043","221,122,743",24.20,24.70,24.00,24.50,+0.25,"3,863",
111/10/24,"11,382,279","281,598,369",24.75,24.90,24.60,24.70,+0.20,"3,290",
111/10/25,"14,722,280","367,176,847",25.00,25.15,24.65,25.15,+0.45,"4,637",
111/10/26,"12,399,620","313,699,264",25.20,25.55,24.90,25.30,+0.15,"4,513",
111/10/27,"12,808,704","324,122,881",25.40,25.70,25.05,25.05,-0.25,"4,771",
111/10/28,"8,639,920","216,574,208",25.25,25.30,24.85,25.05, 0.00,"2,844",
111/10/31,"11,374,304","285,142,532",25.15,25.35,25.00,25.00,-0.05,"3,039",
111/11/01,"7,035,920","177,249,490",25.00,25.35,24.80,25.35,+0.35,"2,642",
111/11/02,"5,776,129","144,967,006",25.30,25.35,25.00,25.00,-0.35,"3,351",
111/11/03,"6,202,057","154,528,769",24.80,25.05,24.75,25.00, 0.00,"3,036",
111/11/04,"10,066,566","254,311,823",24.80,25.75,24.70,25.75,+0.75,"3,218",
111/11/07,"10,575,751","269,567,293",25.60,25.60,25.35,25.60,-0.15,"5,014",
111/11/08,"6,794,700","174,262,166",25.65,25.75,25.45,25.75,+0.15,"3,111",
111/11/09,"8,090,455","209,737,905",25.75,26.00,25.70,26.00,+0.25,"3,552",
111/11/10,"4,411,488","114,217,115",26.05,26.05,25.75,25.90,-0.10,"2,734",
111/11/11,"20,275,890","536,575,069",26.30,26.70,26.20,26.55,+0.65,"6,638",
111/11/14,"18,453,515","490,499,908",26.60,26.80,26.40,26.55, 0.00,"6,005",
111/11/15,"14,452,292","383,512,676",26.40,26.75,26.20,26.70,+0.15,"5,429",
111/11/16,"11,280,541","298,569,194",26.50,26.70,26.35,26.45,-0.25,"5,479",
111/11/17,"7,182,457","187,923,274",26.45,26.45,26.05,26.20,-0.25,"3,339",
111/11/18,"13,046,284","337,216,354",26.00,26.10,25.70,25.80,-0.40,"6,689",
111/11/21,"7,315,376","188,969,907",25.95,26.05,25.60,26.05,+0.25,"3,750",
111/11/22,"6,671,829","173,172,379",26.15,26.15,25.70,26.05, 0.00,"2,922",
111/11/23,"7,316,669","191,255,218",26.10,26.30,26.00,26.10,+0.05,"2,732",
111/11/24,"10,863,434","284,663,844",26.35,26.35,26.05,26.30,+0.20,"4,231",
111/11/25,"15,249,849","400,039,725",26.30,26.35,26.05,26.30, 0.00,"4,458",
111/11/28,"15,958,083","415,258,672",25.90,26.30,25.70,26.15,-0.15,"6,329",
111/11/29,"10,003,885","263,221,152",26.20,26.50,25.95,26.50,+0.35,"4,868",
111/11/30,"45,969,400","1,223,532,553",26.50,26.65,26.25,26.65,+0.15,"4,484",
111/12/01,"9,241,768","245,982,510",26.70,26.75,26.45,26.70,+0.05,"3,676",
111/12/02,"6,775,244","178,727,601",26.50,26.50,26.30,26.40,-0.30,"3,355",
111/12/05,"8,088,375","211,843,210",26.25,26.35,26.10,26.10,-0.30,"4,580",
111/12/06,"14,075,906","364,816,202",26.00,26.20,25.80,25.80,-0.30,"5,597",
111/12/07,"11,873,270","309,449,449",25.80,26.30,25.70,26.05,+0.25,"4,567",
111/12/08,"6,625,251","172,133,934",25.95,26.15,25.85,26.05, 0.00,"2,694",
111/12/09,"6,660,093","174,282,665",25.95,26.25,25.90,26.25,+0.20,"2,604",
111/12/12,"11,969,516","314,885,703",26.20,26.35,26.10,26.35,+0.10,"2,611",
111/12/13,"14,541,316","379,642,322",26.40,26.45,26.00,26.10,-0.25,"3,886",
111/12/14,"15,020,205","397,060,495",26.30,26.50,26.20,26.50,+0.40,"4,212",
111/12/15,"10,244,671","270,653,561",26.40,26.50,26.20,26.50, 0.00,"3,566",
111/12/16,"15,048,358","394,049,563",26.15,26.45,26.05,26.15,-0.35,"4,607",
111/12/19,"8,133,519","212,163,515",26.00,26.20,25.95,26.15, 0.00,"3,066",
111/12/20,"7,818,557","203,038,394",25.95,26.15,25.85,25.95,-0.20,"3,986",
111/12/21,"4,281,727","111,123,185",25.95,26.05,25.85,26.00,+0.05,"2,636",
111/12/22,"3,862,221","100,735,097",26.05,26.15,25.95,26.15,+0.15,"1,675",
111/12/23,"4,866,235","126,219,204",25.85,26.10,25.85,25.95,-0.20,"2,388",
111/12/26,"3,360,685","87,543,214",25.95,26.10,25.90,26.10,+0.15,"2,234",
111/12/27,"3,409,679","89,176,170",26.15,26.20,26.10,26.10, 0.00,"1,869",
111/12/28,"4,747,746","123,277,250",26.00,26.10,25.90,25.90,-0.20,"2,667",
111/12/29,"10,225,250","262,787,018",25.90,25.90,25.60,25.65,-0.25,"5,838",
111/12/30,"5,859,243","152,116,316",25.75,26.05,25.75,26.00,+0.35,"2,442",
112/01/03,"5,068,769","130,788,514",25.80,25.95,25.65,25.90,-0.10,"3,277",
112/01/04,"6,923,951","179,725,925",25.90,26.15,25.80,26.00,+0.10,"2,310",
112/01/05,"6,970,268","182,523,835",26.05,26.25,26.00,26.25,+0.25,"2,883",
112/01/06,"9,946,422","261,664,410",26.25,26.40,26.15,26.30,+0.05,"4,084",
112/01/09,"21,002,328","562,881,936",26.60,27.00,26.50,27.00,+0.70,"7,927",
112/01/10,"15,355,606","413,648,430",27.00,27.00,26.70,27.00, 0.00,"5,261",
112/01/11,"13,136,468","350,545,667",26.95,27.00,26.50,26.70,-0.30,"6,530",
112/01/12,"12,723,658","336,367,352",26.60,26.70,26.30,26.40,-0.30,"5,343",
112/01/13,"10,929,532","289,356,051",26.70,26.80,26.35,26.35,-0.05,"3,700",
112/01/16,"9,803,038","262,882,149",26.60,26.95,26.60,26.85,+0.50,"4,659",
112/01/17,"10,795,452","288,907,371",26.80,26.90,26.70,26.70,-0.15,"4,127",
112/01/30,"35,762,634","967,905,039",27.00,27.40,26.50,27.30,+0.60,"11,705",
112/01/31,"26,108,962","695,396,451",27.20,27.20,26.45,26.45,-0.85,"9,224",
112/02/01,"8,366,672","221,587,956",26.65,26.65,26.25,26.55,+0.10,"4,194",
112/02/02,"7,236,079","192,294,406",26.55,26.65,26.40,26.65,+0.10,"3,290",
112/02/03,"3,774,851","100,389,402",26.45,26.65,26.40,26.65, 0.00,"2,599",
112/02/06,"10,182,899","269,002,491",26.50,26.55,26.35,26.35,-0.30,"6,048",
112/02/07,"7,771,157","205,194,150",26.40,26.50,26.30,26.40,+0.05,"4,109",
112/02/08,"3,957,310","104,415,601",26.35,26.45,26.35,26.35,-0.05,"2,916",
112/02/09,"4,697,900","123,781,969",26.30,26.40,26.30,26.35, 0.00,"3,092",
112/02/10,"7,080,975","187,398,951",26.30,26.60,26.20,26.60,+0.25,"3,350",
112/02/13,"6,536,269","174,066,882",26.60,26.80,26.35,26.80,+0.20,"3,118",
112/02/14,"5,183,416","138,576,155",26.80,26.80,26.60,26.75,-0.05,"2,933",
112/02/15,"6,766,277","180,146,676",26.80,26.80,26.50,26.60,-0.15,"3,932",
112/02/16,"6,232,194","165,821,104",26.70,26.75,26.55,26.55,-0.05,"3,769",
112/02/17,"4,033,856","107,311,625",26.50,26.70,26.45,26.60,+0.05,"2,932",
112/02/20,"7,466,459","199,785,137",26.55,26.90,26.55,26.85,+0.25,"4,754",
112/02/21,"4,764,560","127,076,098",26.75,26.75,26.60,26.70,-0.15,"2,904",
112/02/22,"8,283,071","219,691,662",26.50,26.65,26.40,26.50,-0.20,"4,391",
112/02/23,"7,612,606","203,653,882",26.70,26.85,26.55,26.80,+0.30,"3,567",
112/02/24,"14,178,868","378,047,035",26.80,26.80,26.65,26.65,-0.15,"2,774",
112/03/01,"16,961,731","449,302,431",26.50,26.70,26.40,26.45,-0.20,"8,992",
112/03/02,"6,049,354","159,554,152",26.50,26.50,26.25,26.40,-0.05,"4,232",
112/03/03,"4,905,815","129,640,948",26.45,26.55,26.35,26.40, 0.00,"3,053",
112/03/06,"6,946,799","184,926,943",26.65,26.70,26.45,26.60,+0.20,"4,730",
112/03/07,"4,487,282","119,555,609",26.75,26.75,26.55,26.65,+0.05,"3,220",
112/03/08,"7,526,212","200,078,992",26.60,26.65,26.50,26.60,-0.05,"4,110",
112/03/09,"8,316,678","219,948,282",26.60,26.60,26.35,26.45,-0.15,"5,542",
112/03/10,"13,409,422","352,060,528",26.35,26.40,26.15,26.15,-0.30,"10,226",
112/03/13,"10,913,246","284,530,036",26.05,26.20,26.00,26.10,-0.05,"6,324",
112/03/14,"17,221,898","445,079,996",25.95,25.95,25.80,25.80,-0.30,"12,665",
112/03/15,"18,685,683","481,199,459",25.85,25.95,25.60,25.60,-0.20,"12,399",
112/03/16,"14,728,234","373,132,887",25.45,25.50,25.20,25.30,-0.30,"10,833",
112/03/17,"13,191,064","334,485,083",25.40,25.40,25.30,25.35,+0.05,"6,311",
112/03/20,"7,280,078","183,565,205",25.40,25.40,25.15,25.20,-0.15,"6,332",
112/03/21,"7,181,986","182,675,180",25.30,25.60,25.25,25.40,+0.20,"4,224",
112/03/22,"8,181,742","211,127,470",25.60,25.95,25.50,25.95,+0.55,"4,267",
112/03/23,"9,838,275","256,292,255",25.95,26.15,25.80,26.10,+0.15,"3,490",
112/03/24,"6,679,992","174,448,021",26.10,26.25,25.90,26.15,+0.05,"2,919",
112/03/27,"5,919,093","154,829,680",26.15,26.20,26.10,26.20,+0.05,"2,903",
112/03/28,"5,323,393","139,480,326",26.15,26.30,26.10,26.20, 0.00,"2,352",
112/03/29,"5,756,528","150,644,769",26.10,26.25,26.05,26.25,+0.05,"3,076",
112/03/30,"4,957,222","129,580,136",26.25,26.35,26.10,26.10,-0.15,"2,713",
112/03/31,"12,199,325","319,641,541",26.15,26.40,26.10,26.10, 0.00,"3,738",
112/04/06,"6,949,522","182,455,133",26.40,26.40,26.15,26.20,+0.10,"4,992",
112/04/07,"3,673,554","96,075,055",26.20,26.25,26.10,26.20, 0.00,"2,864",
112/04/10,"3,118,807","81,931,965",26.20,26.35,26.20,26.30,+0.10,"2,679",
112/04/11,"6,889,719","181,825,234",26.25,26.50,26.25,26.45,+0.15,"3,839",
112/04/12,"4,496,432","118,780,338",26.50,26.50,26.35,26.40,-0.05,"3,068",
112/04/13,"5,112,476","135,277,684",26.50,26.50,26.40,26.50,+0.10,"3,739",
112/04/14,"8,007,111","212,836,152",26.50,26.70,26.40,26.60,+0.10,"3,439",
112/04/17,"6,834,933","181,196,290",26.60,26.65,26.35,26.55,-0.05,"4,717",
112/04/18,"4,299,957","114,173,092",26.55,26.60,26.45,26.60,+0.05,"2,438",
112/04/19,"5,208,625","138,399,706",26.60,26.65,26.50,26.60, 0.00,"2,930",
112/04/20,"5,509,611","145,394,242",26.45,26.50,26.25,26.40,-0.20,"3,572",
112/04/21,"6,397,031","168,347,744",26.25,26.45,26.25,26.35,-0.05,"3,501",
112/04/24,"3,753,887","99,184,507",26.35,26.50,26.25,26.50,+0.15,"2,416",
112/04/25,"15,392,885","410,888,111",26.70,26.95,26.50,26.55,+0.05,"6,638",
112/04/26,"10,661,550","283,600,282",26.55,26.70,26.50,26.60,+0.05,"4,431",
112/04/27,"7,052,271","187,409,967",26.50,26.70,26.45,26.60, 0.00,"3,288",
112/04/28,"15,137,058","404,248,098",26.60,26.80,26.50,26.75,+0.15,"4,027",
112/05/02,"18,196,813","492,045,093",26.80,27.20,26.80,27.20,+0.45,"7,922",
112/05/03,"5,926,690","160,527,286",27.20,27.20,27.00,27.05,-0.15,"4,143",
112/05/04,"5,013,720","135,762,821",26.95,27.15,26.95,27.15,+0.10,"2,961",
112/05/05,"5,873,903","159,505,928",27.10,27.20,27.10,27.20,+0.05,"3,322",
112/05/08,"7,495,798","204,615,248",27.25,27.35,27.20,27.30,+0.10,"4,084",
112/05/09,"5,927,643","161,716,338",27.25,27.35,27.20,27.35,+0.05,"3,857",
112/05/10,"6,132,019","167,521,357",27.35,27.40,27.20,27.35, 0.00,"2,956",
112/05/11,"4,616,119","125,849,904",27.35,27.35,27.15,27.30,-0.05,"2,296",
112/05/12,"5,015,388","136,221,756",27.20,27.20,27.10,27.15,-0.15,"3,111",
112/05/15,"6,822,499","185,756,456",27.15,27.35,27.05,27.30,+0.15,"3,797",
112/05/16,"9,510,003","260,963,832",27.40,27.50,27.30,27.50,+0.20,"4,021",
112/05/17,"20,427,687","568,522,558",27.45,28.00,27.45,27.90,+0.40,"9,816",
112/05/18,"12,230,568","342,310,405",27.95,28.05,27.90,28.05,+0.15,"5,110",
112/05/19,"11,837,485","332,854,794",28.05,28.20,27.95,28.20,+0.15,"5,633",
112/05/22,"6,650,098","187,555,873",28.20,28.30,28.10,28.20, 0.00,"4,731",
112/05/23,"7,037,651","198,367,830",28.20,28.30,28.10,28.20, 0.00,"4,585",
112/05/24,"8,801,050","248,182,913",28.10,28.35,28.05,28.35,+0.15,"7,277",
112/05/25,"6,453,615","180,965,757",28.05,28.30,28.00,28.00,-0.35,"5,440",
112/05/26,"6,530,284","182,418,032",27.90,28.10,27.70,28.00, 0.00,"3,737",
112/05/29,"5,715,277","160,447,360",28.05,28.15,27.95,28.10,+0.10,"3,696",
112/05/30,"10,298,611","289,497,407",28.10,28.20,28.00,28.10, 0.00,"5,641",
112/05/31,"28,394,408","794,552,860",28.10,28.25,27.95,27.95,-0.15,"4,686",
112/06/01,"5,850,357","163,615,211",28.00,28.05,27.90,27.90,-0.05,"2,995",
112/06/02,"8,011,478","225,121,450",27.95,28.20,27.95,28.20,+0.30,"2,836",
112/06/05,"6,121,051","172,842,266",28.20,28.35,28.00,28.15,-0.05,"3,384",
112/06/06,"5,834,684","164,747,237",28.20,28.30,28.15,28.25,+0.10,"3,119",
112/06/07,"6,413,116","181,488,041",28.20,28.35,28.20,28.35,+0.10,"3,809",
112/06/08,"4,505,812","127,649,645",28.30,28.40,28.20,28.40,+0.05,"2,449",
112/06/09,"4,374,297","124,026,933",28.40,28.40,28.30,28.35,-0.05,"2,643",
112/06/12,"7,275,192","205,013,042",28.15,28.30,28.05,28.10,-0.25,"5,136",
112/06/13,"7,178,262","202,749,414",28.15,28.45,28.00,28.25,+0.15,"3,515",
112/06/14,"4,442,642","125,042,262",28.25,28.25,28.10,28.10,-0.15,"4,242",
112/06/15,"6,692,094","188,080,779",28.10,28.20,28.00,28.10, 0.00,"3,271",
112/06/16,"13,527,306","379,179,135",28.10,28.15,28.00,28.00,-0.10,"4,327",
112/06/19,"6,130,855","171,433,434",27.90,28.10,27.75,28.10,+0.10,"3,512",
112/06/20,"5,814,091","163,189,693",28.10,28.10,28.00,28.10, 0.00,"2,581",
112/06/21,"8,020,816","225,785,250",28.10,28.30,28.00,28.20,+0.10,"4,136",
112/06/26,"7,874,935","221,057,883",28.20,28.20,27.90,28.05,-0.15,"4,061",
112/06/27,"7,295,933","205,386,240",28.05,28.30,28.00,28.10,+0.05,"2,783",
112/06/28,"6,506,527","182,672,229",28.05,28.20,28.00,28.15,+0.05,"3,267",
112/06/29,"7,499,880","210,631,309",28.20,28.20,28.00,28.05,-0.10,"3,433",
112/06/30,"12,671,206","355,143,338",27.95,28.15,27.95,28.05, 0.00,"3,684",
112/07/03,"6,958,603","195,894,771",28.10,28.25,28.05,28.25,+0.20,"3,208",
112/07/04,"4,043,593","113,832,898",28.10,28.25,28.05,28.20,-0.05,"2,222",
112/07/05,"7,014,358","197,320,175",28.05,28.30,28.05,28.10,-0.10,"3,169",
112/07/06,"22,189,694","617,554,719",28.00,28.05,27.65,27.70,-0.40,"9,684",
112/07/07,"11,347,401","312,055,944",27.60,27.65,27.35,27.65,-0.05,"6,068",
112/07/10,"8,027,579","223,227,761",27.65,27.95,27.60,27.85,+0.20,"3,718",
112/07/11,"5,232,831","146,640,996",27.90,28.10,27.85,28.05,+0.20,"2,337",
112/07/12,"6,238,667","175,079,253",28.00,28.15,27.95,28.15,+0.10,"3,091",
112/07/13,"4,594,237","129,228,497",28.15,28.25,28.05,28.05,-0.10,"2,603",
112/07/14,"9,939,902","280,164,651",28.05,28.30,28.05,28.30,+0.25,"3,811",
112/07/17,"9,009,017","255,713,403",28.30,28.45,28.20,28.45,+0.15,"4,562",
112/07/18,"5,599,872","158,890,993",28.25,28.45,28.25,28.45, 0.00,"3,817",
112/07/19,"7,544,538","214,817,090",28.40,28.65,28.30,28.35,-0.10,"3,382",
112/07/20,"4,524,249","128,773,314",28.30,28.50,28.30,28.50,+0.15,"2,811",
112/07/21,"7,818,657","222,218,669",28.50,28.60,28.25,28.25,-0.25,"2,972",
112/07/24,"7,480,414","210,819,578",28.25,28.30,28.10,28.20,-0.05,"3,889",
112/07/25,"5,823,108","165,591,003",28.30,28.50,28.30,28.40,+0.20,"2,724",
112/07/26,"13,473,991","388,282,500",28.40,29.00,28.40,28.95,+0.55,"5,281",
112/07/27,"11,740,457","342,997,772",29.00,29.30,29.00,29.25,+0.30,"4,835",
112/07/28,"8,003,087","234,051,892",29.15,29.35,29.10,29.25, 0.00,"3,904",
112/07/31,"14,846,048","436,896,370",29.30,29.65,29.30,29.40,+0.15,"4,833",
112/08/01,"7,323,841","215,901,660",29.40,29.60,29.35,29.50,+0.10,"3,524",
112/08/02,"18,084,450","526,936,449",29.40,29.50,28.90,29.00,-0.50,"8,513",
112/08/04,"15,282,080","444,701,690",29.00,29.30,28.95,29.15,+0.15,"5,229",
112/08/07,"16,846,609","495,212,022",29.15,29.50,29.10,29.45,+0.30,"5,616",
112/08/08,"22,219,420","653,143,879",29.50,29.60,29.25,29.35,-0.10,"7,039",
112/08/09,"21,980,759","608,822,216",27.55,27.85,27.45,27.85,X0.00,"11,716",
112/08/10,"11,277,941","313,297,822",27.85,27.90,27.70,27.80,-0.05,"6,036",
112/08/11,"8,648,504","239,592,206",27.80,27.90,27.60,27.60,-0.20,"5,345",
112/08/14,"12,360,808","335,903,530",27.55,27.55,27.05,27.10,-0.50,"8,261",
112/08/15,"10,065,036","271,751,311",27.10,27.20,26.90,26.90,-0.20,"6,753",
112/08/16,"11,984,428","318,668,428",26.80,26.80,26.50,26.55,-0.35,"9,315",
112/08/17,"11,056,258","291,093,364",26.35,26.55,26.15,26.35,-0.20,"7,373",
112/08/18,"8,304,660","220,439,559",26.35,26.75,26.30,26.55,+0.20,"4,158",
112/08/21,"5,866,367","156,551,236",26.60,26.80,26.60,26.65,+0.10,"3,411",
112/08/22,"4,264,838","114,096,393",26.80,26.85,26.65,26.80,+0.15,"2,585",
112/08/23,"5,734,133","152,942,461",26.75,26.75,26.60,26.60,-0.20,"3,384",
112/08/24,"3,600,330","96,241,807",26.80,26.85,26.65,26.70,+0.10,"2,142",
112/08/25,"9,467,247","250,759,830",26.75,26.75,26.40,26.40,-0.30,"7,290",
112/08/28,"5,684,511","150,735,237",26.40,26.70,26.30,26.50,+0.10,"2,869",
112/08/29,"8,056,669","212,667,668",26.50,26.55,26.30,26.45,-0.05,"5,410",
112/08/30,"4,874,436","129,598,817",26.60,26.70,26.50,26.65,+0.20,"2,643",
112/08/31,"17,215,010","452,908,208",26.65,26.65,26.25,26.25,-0.40,"5,736",
112/09/01,"3,963,146","104,637,801",26.25,26.50,26.25,26.35,+0.10,"2,930",
112/09/04,"5,230,797","137,867,591",26.30,26.40,26.30,26.40,+0.05,"3,723",
112/09/05,"4,789,888","126,125,247",26.30,26.45,26.30,26.30,-0.10,"3,650",
112/09/06,"9,939,778","260,209,009",26.30,26.35,26.10,26.10,-0.20,"8,325",
112/09/07,"6,944,755","181,477,095",26.10,26.25,26.05,26.15,+0.05,"4,226",
112/09/08,"4,959,884","129,409,488",26.10,26.15,26.00,26.10,-0.05,"4,361",
112/09/11,"9,079,091","236,581,542",26.00,26.15,26.00,26.15,+0.05,"5,569",
112/09/12,"7,701,166","201,628,066",26.15,26.35,26.05,26.25,+0.10,"5,925",
112/09/13,"4,566,351","119,893,956",26.25,26.30,26.15,26.25, 0.00,"4,650",
112/09/14,"9,930,541","262,076,628",26.35,26.55,26.25,26.55,+0.30,"4,967",
112/09/15,"20,015,428","528,522,265",26.55,26.55,26.25,26.40,-0.15,"6,438",
112/09/18,"5,833,044","153,637,794",26.40,26.40,26.25,26.35,-0.05,"4,504",
112/09/19,"4,911,637","128,919,741",26.35,26.35,26.20,26.20,-0.15,"4,146",
112/09/20,"6,736,029","176,147,272",26.30,26.30,26.10,26.10,-0.10,"5,149",
112/09/21,"28,258,507","729,010,852",26.10,26.10,25.65,25.65,-0.45,"20,082",
112/09/22,"7,309,615","187,919,945",25.65,25.80,25.55,25.70,+0.05,"4,907",
112/09/25,"6,366,117","164,386,692",25.80,25.90,25.70,25.85,+0.15,"3,792",
112/09/26,"15,727,725","402,467,274",25.75,25.80,25.45,25.55,-0.30,"11,282",
112/09/27,"8,189,427","209,159,681",25.50,25.65,25.45,25.50,-0.05,"6,050",
112/09/28,"6,028,040","154,467,451",25.55,25.70,25.50,25.60,+0.10,"3,095",
112/10/02,"4,456,824","114,498,256",25.70,25.75,25.60,25.65,+0.05,"3,349",
112/10/03,"7,027,896","179,284,552",25.55,25.60,25.35,25.50,-0.15,"5,520",
112/10/04,"16,741,060","422,054,439",25.35,25.45,25.10,25.10,-0.40,"13,244",
112/10/05,"9,146,170","231,750,592",25.10,25.45,25.10,25.30,+0.20,"4,378",
112/10/06,"4,477,148","114,550,769",25.30,25.70,25.30,25.65,+0.35,"2,717",
112/10/11,"17,547,700","457,292,044",26.10,26.20,25.85,26.10,+0.45,"6,962",
112/10/12,"10,272,670","268,825,158",26.25,26.25,26.00,26.20,+0.10,"3,843",
112/10/13,"5,729,280","148,820,271",26.00,26.10,25.85,25.95,-0.25,"3,449",
112/10/16,"7,672,790","200,144,064",25.95,26.20,25.90,26.15,+0.20,"3,546",
112/10/17,"5,750,366","149,541,447",26.15,26.15,25.90,26.05,-0.10,"4,092",
112/10/18,"5,711,973","148,338,562",26.10,26.15,25.90,26.00,-0.05,"3,306",
112/10/19,"7,651,921","197,049,065",25.85,25.90,25.65,25.65,-0.35,"5,880",
112/10/20,"15,209,122","386,576,566",25.35,25.65,25.20,25.50,-0.15,"6,613",
112/10/23,"8,761,639","222,090,827",25.40,25.50,25.25,25.30,-0.20,"5,993",
112/10/24,"7,146,459","180,699,487",25.30,25.40,25.25,25.25,-0.05,"4,471",
112/10/25,"8,161,827","206,635,060",25.40,25.45,25.25,25.25, 0.00,"4,093",
112/10/26,"9,849,337","247,611,221",25.20,25.30,25.10,25.10,-0.15,"5,807",
112/10/27,"3,804,996","96,313,892",25.20,25.40,25.20,25.30,+0.20,"2,328",
112/10/30,"10,670,866","268,365,885",25.35,25.40,25.10,25.10,-0.20,"5,907",
112/10/31,"6,429,639","161,750,165",25.10,25.25,25.10,25.15,+0.05,"2,921",
112/11/01,"3,163,423","79,791,556",25.15,25.30,25.15,25.25,+0.10,"2,374",
112/11/02,"7,079,035","180,678,772",25.40,25.65,25.35,25.50,+0.25,"3,496",
112/11/03,"5,221,100","133,853,974",25.65,25.70,25.55,25.70,+0.20,"2,796",
112/11/06,"10,397,330","268,764,422",25.85,26.00,25.65,25.85,+0.15,"4,132",
112/11/07,"4,354,846","112,101,198",25.80,25.85,25.70,25.75,-0.10,"2,399",
112/11/08,"3,590,926","92,498,727",25.85,25.85,25.70,25.75, 0.00,"2,192",
112/11/09,"4,203,074","108,127,462",25.85,25.85,25.70,25.70,-0.05,"2,144",
112/11/10,"4,173,552","107,268,108",25.65,25.80,25.60,25.75,+0.05,"2,580",
112/11/13,"5,674,667","146,283,336",25.75,25.85,25.70,25.80,+0.05,"2,835",
112/11/14,"6,100,342","157,728,779",25.95,25.95,25.75,25.90,+0.10,"2,455",
112/11/15,"17,055,565","448,530,585",26.25,26.40,26.10,26.40,+0.50,"7,000",
112/11/16,"11,706,991","309,506,293",26.40,26.55,26.30,26.50,+0.10,"5,902",
112/11/17,"9,951,832","264,256,112",26.50,26.65,26.45,26.45,-0.05,"4,424",
112/11/20,"7,301,177","192,980,328",26.45,26.50,26.35,26.45, 0.00,"5,146",
112/11/21,"14,321,300","382,711,486",26.50,26.80,26.45,26.80,+0.35,"5,716",
112/11/22,"6,204,546","164,605,118",26.70,26.70,26.45,26.50,-0.30,"5,239",
112/11/23,"6,063,206","159,966,886",26.40,26.50,26.30,26.40,-0.10,"3,569",
112/11/24,"4,970,889","131,265,736",26.40,26.50,26.30,26.50,+0.10,"2,961",
112/11/27,"8,345,618","221,828,864",26.50,26.80,26.40,26.50, 0.00,"3,539",
112/11/28,"11,637,321","310,805,593",26.75,26.80,26.55,26.75,+0.25,"5,235",
112/11/29,"10,161,746","271,668,491",26.80,26.90,26.60,26.70,-0.05,"4,855",
112/11/30,"41,281,294","1,110,798,152",26.75,26.95,26.60,26.95,+0.25,"4,607",
112/12/01,"7,379,098","196,390,476",26.70,26.80,26.55,26.55,-0.40,"4,267",
112/12/04,"6,885,076","184,249,476",26.90,26.95,26.60,26.75,+0.20,"3,121",
112/12/05,"5,630,231","149,876,357",26.65,26.70,26.55,26.65,-0.10,"3,339",
112/12/06,"5,194,465","138,943,057",26.65,26.85,26.60,26.80,+0.15,"2,572",
112/12/07,"3,485,125","92,979,216",26.70,26.75,26.55,26.75,-0.05,"2,679",
112/12/08,"5,689,010","152,123,141",26.75,26.80,26.70,26.75, 0.00,"2,477",
112/12/11,"6,047,735","161,084,623",26.75,26.75,26.55,26.65,-0.10,"3,182",
112/12/12,"8,726,336","232,326,487",26.80,26.80,26.55,26.65, 0.00,"3,325",
112/12/13,"8,418,747","223,021,097",26.65,26.65,26.40,26.50,-0.15,"4,512",
112/12/14,"14,389,700","385,407,990",26.70,26.85,26.50,26.85,+0.35,"6,818",
112/12/15,"20,248,150","543,062,300",26.90,27.00,26.75,26.75,-0.10,"5,739",
112/12/18,"4,562,458","121,477,312",26.60,26.70,26.50,26.70,-0.05,"3,881",
112/12/19,"6,114,344","162,536,409",26.50,26.70,26.45,26.70, 0.00,"3,277",
112/12/20,"11,735,799","310,161,559",26.55,26.60,26.35,26.35,-0.35,"5,452",
112/12/21,"6,997,749","183,108,939",26.15,26.30,26.05,26.15,-0.20,"4,245",
112/12/22,"3,969,863","104,026,587",26.10,26.25,26.10,26.25,+0.10,"2,121",
112/12/25,"3,734,790","97,970,872",26.25,26.30,26.15,26.20,-0.05,"2,502",
112/12/26,"5,526,155","145,571,211",26.30,26.45,26.25,26.45,+0.25,"2,773",
112/12/27,"8,722,983","231,520,410",26.40,26.65,26.35,26.55,+0.10,"3,226",
112/12/28,"9,254,065","247,083,508",26.50,26.85,26.45,26.85,+0.30,"4,765",
112/12/29,"5,752,497","153,574,828",26.65,26.80,26.60,26.70,-0.15,"3,193",
113/01/02,"4,467,420","119,320,909",26.65,26.80,26.60,26.80,+0.10,"3,488",
113/01/03,"7,960,182","210,090,173",26.50,26.70,26.30,26.35,-0.45,"4,912",
113/01/04,"3,952,332","104,401,272",26.30,26.50,26.30,26.50,+0.15,"2,289",
113/01/05,"3,365,146","88,960,466",26.50,26.50,26.35,26.50, 0.00,"2,671",
113/01/08,"6,312,342","167,636,849",26.50,26.75,26.45,26.50, 0.00,"3,184",
113/01/09,"4,271,532","112,942,018",26.65,26.65,26.35,26.35,-0.15,"2,840",
113/01/10,"6,245,971","163,883,683",26.40,26.40,26.20,26.20,-0.15,"4,269",
113/01/11,"7,394,476","193,536,489",26.20,26.30,26.10,26.10,-0.10,"3,404",
113/01/12,"5,692,673","148,146,490",26.00,26.10,25.95,26.00,-0.10,"3,695",
113/01/15,"6,779,493","176,585,289",26.10,26.20,26.00,26.00, 0.00,"4,246",
113/01/16,"17,676,188","452,503,411",25.65,25.75,25.50,25.50,-0.50,"11,971",
113/01/17,"22,838,752","577,395,771",25.50,25.50,25.15,25.15,-0.35,"14,982",
113/01/18,"10,067,896","254,212,276",25.20,25.35,25.20,25.20,+0.05,"5,423",
113/01/19,"9,456,235","239,028,679",25.10,25.40,25.05,25.30,+0.10,"4,584",
113/01/22,"8,140,874","206,079,682",25.35,25.45,25.25,25.25,-0.05,"5,156",
113/01/23,"4,977,890","126,133,980",25.25,25.40,25.25,25.30,+0.05,"3,192",
113/01/24,"5,310,167","135,089,472",25.30,25.50,25.30,25.50,+0.20,"3,234",
113/01/25,"4,798,082","122,338,682",25.50,25.55,25.45,25.50, 0.00,"2,753",
113/01/26,"5,934,867","152,350,478",25.40,25.75,25.40,25.70,+0.20,"3,113",
113/01/29,"6,050,313","155,646,345",25.50,25.80,25.50,25.75,+0.05,"2,862",
113/01/30,"10,505,037","267,837,451",25.70,25.75,25.40,25.40,-0.35,"6,118",
113/01/31,"10,570,240","268,754,865",25.35,25.55,25.30,25.45,+0.05,"3,303",
113/02/01,"9,652,407","248,810,522",25.80,25.85,25.60,25.85,+0.40,"3,230",
113/02/02,"4,098,827","105,678,632",25.80,25.85,25.65,25.85, 0.00,"2,682",
113/02/05,"6,933,474","177,581,654",25.55,25.75,25.55,25.60,-0.25,"4,323",
113/02/15,"14,228,958","364,873,232",25.60,25.90,25.55,25.55,-0.05,"7,888",
113/02/16,"7,970,470","203,414,273",25.55,25.60,25.45,25.60,+0.05,"5,444",
113/02/19,"5,651,342","145,730,912",25.80,25.85,25.70,25.85,+0.25,"3,735",
113/02/20,"5,458,879","141,417,574",25.85,25.95,25.75,25.95,+0.10,"3,528",
113/02/21,"6,837,675","176,858,177",26.00,26.00,25.80,25.85,-0.10,"3,505",
113/02/22,"7,744,428","199,713,846",25.85,25.90,25.70,25.75,-0.10,"3,506",
113/02/23,"4,013,633","103,397,142",25.75,25.85,25.70,25.75, 0.00,"3,130",
113/02/26,"7,109,896","182,666,509",25.65,25.75,25.60,25.75, 0.00,"4,050",
113/02/27,"8,314,187","213,688,002",25.70,25.85,25.65,25.65,-0.10,"4,670",
113/02/29,"17,594,302","455,136,881",25.65,25.95,25.60,25.95,+0.30,"4,530",
113/03/01,"5,702,396","147,230,266",25.85,25.90,25.70,25.80,-0.15,"5,232",
113/03/04,"7,388,986","190,090,234",25.65,25.80,25.65,25.70,-0.10,"4,765",
113/03/05,"7,821,198","200,681,191",25.65,25.75,25.60,25.60,-0.10,"5,114",
113/03/06,"6,256,878","161,170,423",25.60,25.80,25.60,25.75,+0.15,"3,590",
113/03/07,"8,869,600","228,123,021",25.70,25.85,25.65,25.70,-0.05,"5,074",
113/03/08,"9,417,915","242,575,316",25.65,25.85,25.65,25.85,+0.15,"4,887",
113/03/11,"9,760,271","252,684,817",25.85,26.05,25.80,25.85, 0.00,"5,088",
113/03/12,"10,120,894","261,553,784",25.90,25.95,25.80,25.85, 0.00,"5,408",
113/03/13,"11,194,552","289,266,228",25.75,25.95,25.70,25.85, 0.00,"5,254",
113/03/14,"20,691,368","541,892,888",25.85,26.35,25.85,26.30,+0.45,"7,839",
113/03/15,"23,172,293","604,116,723",26.30,26.30,26.05,26.05,-0.25,"5,117",
113/03/18,"9,368,526","244,455,595",26.05,26.20,26.00,26.05, 0.00,"4,548",
113/03/19,"13,345,804","346,157,190",26.00,26.10,25.85,25.85,-0.20,"5,589",
113/03/20,"17,447,729","448,958,603",25.85,25.90,25.65,25.65,-0.20,"8,166",
113/03/21,"8,487,337","220,236,863",25.70,26.10,25.70,26.05,+0.40,"4,742",
113/03/22,"7,256,323","188,564,372",25.85,26.10,25.85,26.00,-0.05,"4,128",
113/03/25,"5,947,954","154,492,321",26.00,26.05,25.90,25.95,-0.05,"3,678",
113/03/26,"14,510,354","380,049,922",26.05,26.35,26.05,26.15,+0.20,"6,051",
113/03/27,"6,621,583","173,031,865",26.05,26.20,26.05,26.10,-0.05,"3,990",
113/03/28,"9,910,937","258,052,162",26.10,26.30,26.00,26.00,-0.10,"3,922",
113/03/29,"10,348,382","271,234,853",26.05,26.30,26.05,26.20,+0.20,"4,262",
113/04/01,"6,134,159","161,017,399",26.25,26.30,26.15,26.30,+0.10,"3,620",
113/04/02,"7,609,043","199,819,200",26.30,26.35,26.20,26.30, 0.00,"3,693",
113/04/03,"13,927,649","363,329,304",26.30,26.30,26.00,26.00,-0.30,"4,583",
113/04/08,"6,992,149","182,979,325",26.00,26.25,26.00,26.20,+0.20,"3,826",
113/04/09,"5,382,551","141,304,563",26.20,26.30,26.15,26.25,+0.05,"2,573",
113/04/10,"7,674,539","201,546,795",26.30,26.35,26.15,26.20,-0.05,"3,663",
113/04/11,"8,321,799","217,668,965",26.25,26.30,26.10,26.10,-0.10,"3,706",
113/04/12,"10,021,806","260,838,532",26.00,26.10,25.95,26.05,-0.05,"4,033",
113/04/15,"9,313,440","243,643,914",26.45,26.45,26.05,26.10,+0.05,"3,751",
113/04/16,"20,301,914","523,995,679",26.00,26.10,25.70,25.70,-0.40,"11,403",
113/04/17,"10,989,533","282,619,232",25.70,25.85,25.60,25.70, 0.00,"5,988",
113/04/18,"10,271,943","265,674,823",25.70,26.00,25.65,25.85,+0.15,"3,316",
113/04/19,"23,484,472","600,933,825",25.65,25.90,25.45,25.60,-0.25,"10,982",
113/04/22,"12,222,422","318,683,022",25.80,26.20,25.70,26.10,+0.50,"4,751",
113/04/23,"8,557,297","224,007,879",26.15,26.30,26.05,26.15,+0.05,"3,352",
113/04/24,"7,980,688","208,643,158",26.30,26.30,26.10,26.10,-0.05,"3,520",
113/04/25,"7,440,534","192,589,236",25.90,26.00,25.85,25.85,-0.25,"4,820",
113/04/26,"7,895,242","204,200,657",25.80,25.95,25.80,25.80,-0.05,"3,599",
113/04/29,"19,549,511","513,585,975",25.85,26.40,25.85,26.40,+0.60,"6,361",
113/04/30,"12,074,887","316,658,625",26.20,26.30,26.15,26.20,-0.20,"4,498",
113/05/02,"12,277,572","324,515,282",26.30,26.50,26.25,26.45,+0.25,"4,397",
113/05/03,"9,720,787","257,433,220",26.50,26.60,26.30,26.40,-0.05,"4,620",
113/05/06,"15,560,311","415,771,459",26.50,26.90,26.50,26.70,+0.30,"6,650",
113/05/07,"9,295,706","247,658,284",26.80,26.85,26.55,26.70, 0.00,"3,967",
113/05/08,"7,724,857","205,591,604",26.70,26.70,26.50,26.70, 0.00,"5,455",
113/05/09,"8,660,981","228,896,258",26.65,26.65,26.30,26.30,-0.40,"5,277",
113/05/10,"8,494,050","225,610,814",26.50,26.65,26.40,26.60,+0.30,"3,534",
113/05/13,"9,075,196","241,224,575",26.60,26.70,26.40,26.60, 0.00,"3,764",
113/05/14,"6,409,339","169,209,659",26.60,26.60,26.35,26.35,-0.25,"3,775",
113/05/15,"10,324,249","273,917,000",26.50,26.70,26.40,26.40,+0.05,"5,388",
113/05/16,"13,257,194","353,231,740",26.60,26.70,26.50,26.70,+0.30,"4,590",
113/05/17,"6,816,333","181,561,865",26.55,26.70,26.55,26.60,-0.10,"2,961",
113/05/20,"13,622,714","365,178,370",26.80,26.90,26.60,26.90,+0.30,"5,832",
113/05/21,"12,931,587","346,124,571",26.90,26.90,26.65,26.80,-0.10,"5,342",
113/05/22,"12,397,070","331,080,619",26.90,26.90,26.60,26.60,-0.20,"7,244",
113/05/23,"10,285,084","272,064,321",26.50,26.55,26.40,26.40,-0.20,"4,215",
113/05/24,"11,867,317","311,878,736",26.35,26.45,26.20,26.20,-0.20,"6,340",
113/05/27,"10,037,736","262,914,226",26.20,26.30,26.05,26.15,-0.05,"5,655",
113/05/28,"10,034,269","263,187,535",26.15,26.30,26.15,26.20,+0.05,"5,311",
113/05/29,"18,505,470","481,637,781",26.10,26.20,25.95,25.95,-0.25,"8,812",
113/05/30,"25,645,439","661,862,044",25.85,25.95,25.70,25.70,-0.25,"13,176",
113/05/31,"69,873,722","1,789,534,009",25.65,25.85,25.55,25.55,-0.15,"10,513",
113/06/03,"16,050,758","412,040,897",25.65,25.75,25.60,25.60,+0.05,"9,208",
113/06/04,"17,351,996","443,487,646",25.55,25.70,25.50,25.55,-0.05,"8,473",
113/06/05,"15,945,805","407,780,338",25.55,25.75,25.50,25.50,-0.05,"6,252",
113/06/06,"11,280,754","288,854,215",25.50,25.70,25.50,25.60,+0.10,"4,835",
113/06/07,"16,972,565","438,767,427",25.60,26.00,25.60,25.85,+0.25,"4,425",
113/06/11,"16,143,246","416,484,093",25.65,25.90,25.60,25.75,-0.10,"6,749",
113/06/12,"11,023,579","283,532,112",25.70,25.80,25.70,25.70,-0.05,"4,718",
113/06/13,"9,893,747","255,744,186",26.00,26.15,25.75,25.75,+0.05,"4,228",
113/06/14,"8,590,916","222,192,299",25.90,25.95,25.75,25.95,+0.20,"3,244",
113/06/17,"7,389,212","192,038,667",26.00,26.05,25.90,26.00,+0.05,"3,837",
113/06/18,"8,934,053","232,797,067",26.00,26.15,25.95,26.15,+0.15,"4,541",
113/06/19,"14,192,360","370,258,652",26.15,26.20,26.00,26.05,-0.10,"6,785",
113/06/20,"9,350,422","244,068,626",26.10,26.15,26.00,26.15,+0.10,"3,407",
113/06/21,"20,883,845","543,782,643",26.15,26.20,26.00,26.00,-0.15,"3,794",
113/06/24,"10,024,017","260,847,035",26.00,26.10,25.85,26.10,+0.10,"3,831",
113/06/25,"9,428,529","247,005,105",26.30,26.30,26.05,26.25,+0.15,"3,357",
113/06/26,"10,742,179","279,787,709",26.25,26.25,26.00,26.00,-0.25,"4,273",
113/06/27,"9,323,662","241,569,551",25.75,26.00,25.75,26.00, 0.00,"3,600",
113/06/28,"10,016,801","261,158,193",26.00,26.25,25.95,26.00, 0.00,"2,733",
113/07/01,"8,208,900","213,513,574",26.05,26.10,25.95,26.00, 0.00,"4,578",
113/07/02,"11,987,959","310,042,303",25.90,26.00,25.80,25.80,-0.20,"6,074",
113/07/03,"20,231,645","529,213,440",25.85,26.40,25.85,26.40,+0.60,"5,694",
113/07/04,"12,698,250","336,211,641",26.40,26.60,26.35,26.55,+0.15,"5,193",
113/07/05,"7,286,595","193,424,125",26.50,26.60,26.50,26.55, 0.00,"4,611",
113/07/08,"13,123,987","349,111,357",26.50,26.65,26.45,26.65,+0.10,"6,140",
113/07/09,"8,828,013","233,536,031",26.65,26.65,26.35,26.40,-0.25,"5,740",
113/07/10,"11,913,804","313,627,030",26.40,26.50,26.25,26.30,-0.10,"5,568",
113/07/11,"12,416,629","328,168,672",26.30,26.55,26.30,26.45,+0.15,"3,809",
113/07/12,"13,146,814","348,122,967",26.35,26.55,26.30,26.55,+0.10,"4,983",
113/07/15,"8,662,776","230,443,832",26.60,26.70,26.50,26.60,+0.05,"4,135",
113/07/16,"6,240,251","165,754,065",26.60,26.60,26.50,26.60, 0.00,"3,100",
113/07/17,"10,236,767","271,786,654",26.60,26.65,26.50,26.55,-0.05,"4,419",
113/07/18,"15,557,572","415,563,268",26.65,26.85,26.50,26.80,+0.25,"6,081",
113/07/19,"13,995,775","370,973,353",26.70,26.75,26.30,26.65,-0.15,"6,419",
113/07/22,"11,801,478","311,160,191",26.55,26.55,26.20,26.40,-0.25,"5,755",
113/07/23,"8,561,434","228,140,747",26.50,26.70,26.50,26.70,+0.30,"3,437",
113/07/26,"10,417,713","275,454,778",26.65,26.65,26.30,26.55,-0.15,"5,529",
113/07/29,"14,662,562","393,521,321",26.60,26.95,26.60,26.95,+0.40,"5,099",
113/07/30,"7,761,811","207,123,327",26.85,26.95,26.55,26.65,-0.30,"3,661",
113/07/31,"8,461,518","227,057,558",26.65,26.90,26.55,26.85,+0.20,"2,925",
113/08/01,"16,094,865","435,748,133",26.85,27.20,26.85,27.20,+0.35,"5,860",
113/08/02,"14,216,650","381,402,271",26.85,26.95,26.65,26.95,-0.25,"6,047",
113/08/05,"30,039,767","777,573,469",26.25,26.35,25.50,25.70,-1.25,"13,990",
113/08/06,"20,476,032","531,719,079",25.75,26.35,25.50,26.15,+0.45,"6,805",
113/08/07,"10,403,982","271,937,777",26.05,26.30,25.95,26.15, 0.00,"5,645",
113/08/08,"12,879,829","336,610,341",26.00,26.35,25.95,26.05,-0.10,"4,290",
113/08/09,"24,461,008","650,592,407",26.10,26.90,26.10,26.55,+0.50,"6,225",
113/08/12,"13,996,893","374,580,380",26.70,26.90,26.60,26.75,+0.20,"5,950",
113/08/13,"22,603,902","599,574,258",26.85,26.85,26.40,26.45,-0.30,"8,038",
113/08/14,"33,906,208","868,855,666",25.20,25.90,25.15,25.85,X0.00,"11,465",
113/08/15,"12,582,860","323,516,260",26.10,26.10,25.55,25.55,-0.30,"7,132",
113/08/16,"18,471,258","479,691,697",26.00,26.10,25.75,25.95,+0.40,"4,633",
113/08/19,"6,712,657","173,349,845",26.00,26.00,25.70,25.75,-0.20,"3,812",
113/08/20,"5,835,075","150,542,863",25.90,25.90,25.65,25.80,+0.05,"3,338",
113/08/21,"7,418,679","191,608,082",25.95,25.95,25.70,25.85,+0.05,"3,583",
113/08/22,"6,807,783","175,927,767",25.85,25.95,25.70,25.95,+0.10,"2,983",
113/08/23,"6,073,773","157,067,602",25.95,25.95,25.70,25.95, 0.00,"2,274",
113/08/26,"9,476,562","246,156,405",25.80,26.10,25.80,26.00,+0.05,"3,151",
113/08/27,"5,541,542","143,021,669",25.75,25.90,25.70,25.90,-0.10,"2,505",
113/08/28,"5,835,190","150,345,998",25.75,25.85,25.70,25.80,-0.10,"3,028",
113/08/29,"7,294,022","187,652,645",25.80,25.85,25.65,25.70,-0.10,"3,521",
113/08/30,"16,827,348","435,358,216",25.80,25.90,25.70,25.90,+0.20,"2,981",
113/09/02,"3,826,892","98,773,904",25.90,25.95,25.75,25.75,-0.15,"2,640",
113/09/03,"7,140,387","183,207,128",25.80,25.80,25.60,25.60,-0.15,"3,670",
113/09/04,"23,039,848","580,892,095",25.10,25.35,25.10,25.20,-0.40,"13,011",
113/09/05,"8,468,987","215,366,492",25.30,25.60,25.25,25.40,+0.20,"4,581",
113/09/06,"7,171,572","183,380,111",25.30,25.80,25.20,25.70,+0.30,"3,122",
113/09/09,"10,833,505","274,065,989",25.15,25.55,25.15,25.50,-0.20,"5,031",
113/09/10,"6,299,476","160,709,969",25.60,25.65,25.40,25.55,+0.05,"2,851",
113/09/11,"9,999,316","253,941,778",25.50,25.65,25.25,25.25,-0.30,"3,391",
113/09/12,"12,042,048","309,631,814",25.60,25.90,25.40,25.80,+0.55,"3,606",
113/09/13,"3,251,887","83,467,773",25.60,25.80,25.55,25.65,-0.15,"2,264",
113/09/16,"6,297,733","161,613,935",25.70,25.70,25.60,25.70,+0.05,"6,260",
113/09/18,"6,919,682","177,333,641",25.60,25.70,25.55,25.65,-0.05,"5,375",
113/09/19,"9,036,718","232,068,687",25.65,25.75,25.55,25.65, 0.00,"4,671",
113/09/20,"15,827,344","407,289,462",25.70,25.85,25.70,25.70,+0.05,"4,386",
113/09/23,"5,839,943","150,740,439",25.75,25.90,25.70,25.85,+0.15,"3,088",
113/09/24,"6,322,757","163,201,751",25.80,25.90,25.70,25.90,+0.05,"3,992",
113/09/25,"11,266,087","292,259,541",26.00,26.00,25.80,25.95,+0.05,"5,421",
113/09/26,"9,754,501","253,977,826",26.05,26.10,25.95,26.00,+0.05,"4,474",
113/09/27,"11,896,552","309,606,582",26.20,26.20,25.85,26.05,+0.05,"4,238",
113/09/30,"7,656,927","198,756,957",26.05,26.10,25.90,25.90,-0.15,"3,271",
113/10/01,"4,652,141","120,334,505",25.90,25.95,25.75,25.95,+0.05,"2,528",
113/10/04,"11,488,946","295,583,517",25.70,25.90,25.60,25.75,-0.20,"5,539",
113/10/07,"12,676,170","328,341,616",25.75,26.10,25.70,26.10,+0.35,"4,851",
113/10/08,"14,877,778","381,191,119",25.80,25.90,25.55,25.55,-0.55,"6,054",
113/10/09,"9,756,223","248,989,789",25.70,25.70,25.45,25.45,-0.10,"4,750",
113/10/11,"6,456,532","165,779,703",25.75,25.85,25.50,25.50,+0.05,"3,294",
113/10/14,"4,666,334","119,109,959",25.60,25.70,25.45,25.50, 0.00,"3,028",
113/10/15,"14,134,237","361,384,881",25.70,25.70,25.50,25.55,+0.05,"4,141",
113/10/16,"11,368,686","289,323,099",25.50,25.55,25.40,25.40,-0.15,"6,013",
113/10/17,"7,352,939","188,182,134",25.40,25.70,25.40,25.70,+0.30,"3,461",
113/10/18,"12,259,951","316,762,526",25.70,25.90,25.65,25.90,+0.20,"4,696",
113/10/21,"6,963,613","179,529,008",26.00,26.00,25.65,25.70,-0.20,"7,054",
113/10/22,"5,102,290","131,075,538",25.65,25.75,25.55,25.75,+0.05,"2,975",
113/10/23,"8,097,361","206,828,545",25.65,25.70,25.50,25.50,-0.25,"4,298",
113/10/24,"10,866,454","276,246,075",25.40,25.55,25.40,25.40,-0.10,"2,973",
113/10/25,"3,953,201","100,706,882",25.45,25.55,25.40,25.50,+0.10,"3,203",
113/10/28,"3,800,908","96,891,810",25.50,25.60,25.40,25.50, 0.00,"2,687",
113/10/29,"13,369,527","337,999,693",25.45,25.50,25.20,25.25,-0.25,"6,985",
113/10/30,"13,921,622","351,413,106",25.45,25.50,25.20,25.20,-0.05,"3,294",
113/11/01,"15,883,239","398,960,976",25.20,25.25,25.00,25.15,-0.05,"7,728",
113/11/04,"5,724,507","144,706,985",25.15,25.35,25.15,25.35,+0.20,"2,757",
113/11/05,"5,492,636","139,297,933",25.30,25.45,25.15,25.45,+0.10,"2,607",
113/11/06,"5,786,220","146,611,803",25.45,25.45,25.20,25.30,-0.15,"2,854",
113/11/07,"4,686,569","118,800,730",25.20,25.45,25.20,25.40,+0.10,"2,531",
113/11/08,"4,038,458","102,399,041",25.50,25.55,25.25,25.30,-0.10,"2,606",
113/11/11,"4,841,796","122,471,789",25.30,25.40,25.25,25.35,+0.05,"2,837",
113/11/12,"19,952,865","502,161,553",25.15,25.20,25.10,25.20,-0.15,"7,208",
113/11/13,"10,497,273","263,366,808",25.05,25.20,25.05,25.10,-0.10,"5,645",
113/11/14,"15,837,401","396,181,118",25.05,25.10,24.90,25.10, 0.00,"8,235",
113/11/15,"7,553,272","189,901,373",25.20,25.30,25.05,25.10, 0.00,"3,399",
113/11/18,"9,750,460","244,748,291",25.20,25.20,25.05,25.05,-0.05,"3,853",
113/11/19,"9,941,002","251,481,733",25.10,25.45,25.05,25.45,+0.40,"4,014",
113/11/20,"8,604,088","216,399,801",25.15,25.30,25.10,25.10,-0.35,"5,941",
113/11/21,"7,559,214","189,421,981",25.05,25.10,25.00,25.05,-0.05,"3,145",
113/11/22,"6,108,647","153,503,558",25.15,25.25,25.05,25.05, 0.00,"2,528",
113/11/25,"27,825,539","699,608,514",25.25,25.25,25.05,25.15,+0.10,"4,239",
113/11/26,"6,952,272","174,490,216",25.10,25.20,25.00,25.10,-0.05,"3,062",
113/11/27,"9,209,184","231,604,454",25.10,25.30,25.05,25.10, 0.00,"3,405",
113/11/28,"8,997,787","225,488,151",25.10,25.15,25.00,25.10, 0.00,"3,540",
113/11/29,"15,539,951","387,377,359",24.95,25.05,24.85,24.90,-0.20,"6,741",
113/12/02,"8,946,034","224,470,483",24.95,25.15,24.95,25.15,+0.25,"4,068",
113/12/03,"12,022,532","303,140,088",25.20,25.30,25.15,25.30,+0.15,"4,730",
113/12/04,"9,933,318","251,370,951",25.25,25.40,25.20,25.40,+0.10,"3,923",
113/12/05,"6,234,935","157,740,096",25.30,25.40,25.20,25.35,-0.05,"3,282",
113/12/06,"6,277,944","158,934,849",25.35,25.40,25.25,25.35, 0.00,"3,200",
113/12/09,"6,804,580","172,195,552",25.35,25.35,25.25,25.30,-0.05,"3,529",
113/12/10,"7,232,576","182,674,925",25.35,25.40,25.20,25.20,-0.10,"3,428",
113/12/11,"8,916,761","224,990,646",25.20,25.40,25.10,25.10,-0.10,"3,513",
113/12/12,"6,923,061","173,854,326",25.15,25.25,25.05,25.05,-0.05,"3,105",
113/12/13,"6,399,384","160,215,134",25.10,25.15,25.00,25.00,-0.05,"3,588",
113/12/16,"8,188,419","205,227,532",25.10,25.20,25.00,25.00, 0.00,"4,376",
113/12/17,"13,524,881","337,459,049",25.00,25.05,24.90,25.00, 0.00,"7,352",
113/12/18,"9,510,242","237,039,848",24.90,25.00,24.90,24.90,-0.10,"5,916",
113/12/19,"22,750,750","561,043,858",24.75,24.80,24.60,24.70,-0.20,"12,620",
113/12/20,"76,207,416","1,855,189,788",24.55,24.60,24.30,24.30,-0.40,"17,877",
113/12/23,"8,869,635","217,712,488",24.50,24.70,24.40,24.50,+0.20,"4,488",
113/12/24,"6,091,448","150,572,677",24.65,24.80,24.60,24.70,+0.20,"3,044",
113/12/25,"3,988,677","98,835,770",24.80,24.85,24.70,24.80,+0.10,"2,544",
113/12/26,"3,220,470","79,935,848",24.85,24.90,24.75,24.75,-0.05,"2,421",
113/12/27,"4,751,331","116,948,827",24.65,24.75,24.55,24.55,-0.20,"3,484",
113/12/30,"8,739,726","213,834,712",24.55,24.60,24.40,24.40,-0.15,"5,450",
113/12/31,"10,758,123","261,591,016",24.35,24.40,24.25,24.30,-0.10,"6,235",
114/01/02,"10,131,809","245,616,685",24.30,24.35,24.20,24.25,-0.05,"6,957",
114/01/03,"4,776,360","116,190,006",24.30,24.40,24.30,24.30,+0.05,"2,998",
114/01/06,"10,554,222","258,736,722",24.40,24.65,24.35,24.50,+0.20,"5,821",
114/01/07,"8,083,232","197,877,625",24.60,24.65,24.40,24.40,-0.10,"4,776",
114/01/08,"12,543,367","309,985,537",24.40,24.85,24.40,24.75,+0.35,"4,542",
114/01/09,"8,564,005","211,144,389",24.55,24.80,24.55,24.55,-0.20,"3,779",
114/01/10,"12,140,989","295,676,070",24.40,24.50,24.25,24.25,-0.30,"6,594",
114/01/13,"16,470,323","397,016,584",24.15,24.30,24.00,24.15,-0.10,"8,667",
114/01/14,"7,311,371","177,140,033",24.15,24.45,24.15,24.15, 0.00,"3,668",
114/01/15,"10,230,320","249,968,757",24.40,24.60,24.35,24.35,+0.20,"4,560",
114/01/16,"10,470,857","256,419,685",24.55,24.70,24.35,24.45,+0.10,"4,955",
114/01/17,"6,374,977","155,522,470",24.55,24.55,24.35,24.35,-0.10,"2,673",
114/01/20,"4,951,261","120,584,566",24.40,24.45,24.30,24.30,-0.05,"3,146",
114/01/21,"4,868,537","119,130,787",24.35,24.55,24.30,24.50,+0.20,"2,461",
114/01/22,"11,273,675","275,873,979",24.60,24.60,24.40,24.40,-0.10,"5,507",
114/02/03,"17,492,919","428,100,516",24.40,24.60,24.35,24.55,+0.15,"7,501",
114/02/04,"11,712,946","286,549,369",24.55,24.70,24.35,24.35,-0.20,"5,565",
114/02/05,"10,285,298","251,671,738",24.50,24.65,24.35,24.45,+0.10,"4,690",
114/02/06,"6,322,513","155,233,960",24.45,24.65,24.35,24.65,+0.20,"3,254",
114/02/07,"7,547,105","184,564,667",24.55,24.60,24.40,24.45,-0.20,"4,695",
114/02/10,"10,319,684","250,613,232",24.40,24.40,24.25,24.30,-0.15,"6,991",
114/02/11,"7,173,583","174,197,915",24.40,24.45,24.25,24.25,-0.05,"4,587",
114/02/12,"6,898,656","167,535,485",24.30,24.35,24.25,24.35,+0.10,"4,184",
114/02/13,"7,508,532","183,048,965",24.45,24.45,24.30,24.40,+0.05,"4,749",
114/02/14,"7,500,710","182,828,072",24.40,24.45,24.30,24.45,+0.05,"3,312",
114/02/17,"9,528,687","233,441,978",24.50,24.60,24.40,24.40,-0.05,"4,896",
114/02/18,"5,897,715","144,407,660",24.40,24.55,24.40,24.55,+0.15,"3,369",
114/02/19,"6,067,543","148,661,986",24.55,24.55,24.45,24.55, 0.00,"4,218",
114/02/20,"6,837,059","167,280,689",24.50,24.50,24.40,24.45,-0.10,"4,043",
114/02/21,"8,549,944","209,850,888",24.45,24.60,24.40,24.60,+0.15,"4,267",
114/02/24,"8,329,064","203,617,571",24.50,24.50,24.40,24.40,-0.20,"5,463",
114/02/25,"8,792,020","214,373,413",24.35,24.50,24.30,24.35,-0.05,"4,987",
114/02/26,"8,910,634","218,034,351",24.35,24.60,24.30,24.60,+0.25,"4,748",
114/02/27,"15,839,867","388,561,327",24.55,24.60,24.45,24.55,-0.05,"4,487",
114/03/03,"18,848,871","464,880,797",24.60,24.80,24.50,24.80,+0.25,"7,483",
114/03/04,"14,970,170","366,976,464",24.60,24.65,24.45,24.45,-0.35,"6,267",
114/03/05,"7,577,187","185,347,559",24.45,24.55,24.40,24.45, 0.00,"3,929",
114/03/06,"8,126,336","198,727,160",24.45,24.50,24.40,24.40,-0.05,"4,279",
114/03/07,"10,323,660","251,665,574",24.45,24.50,24.35,24.35,-0.05,"4,985",
114/03/10,"9,984,070","243,152,883",24.35,24.50,24.30,24.35, 0.00,"5,373",
114/03/11,"18,517,735","447,148,657",24.20,24.30,24.00,24.30,-0.05,"9,898",
114/03/12,"10,612,703","256,620,292",24.30,24.30,24.10,24.15,-0.15,"7,004",
114/03/13,"7,944,803","191,996,246",24.30,24.30,24.10,24.15, 0.00,"4,203",
114/03/14,"7,184,593","173,842,293",24.30,24.35,24.15,24.15, 0.00,"3,137",
114/03/17,"11,098,189","268,804,597",24.35,24.35,24.15,24.25,+0.10,"5,427",
114/03/18,"8,444,937","205,505,884",24.30,24.40,24.20,24.35,+0.10,"4,218",
114/03/19,"7,410,943","180,034,273",24.40,24.40,24.25,24.25,-0.10,"4,278",
114/03/20,"6,369,767","155,379,542",24.30,24.45,24.30,24.45,+0.20,"3,463",
114/03/21,"19,973,499","484,384,404",24.40,24.45,24.20,24.20,-0.25,"4,422",
114/03/24,"6,362,915","155,141,629",24.30,24.45,24.25,24.45,+0.25,"3,743",
114/03/25,"11,923,723","292,252,300",24.45,24.60,24.45,24.45, 0.00,"4,711",
114/03/26,"7,576,136","185,824,238",24.45,24.60,24.45,24.55,+0.10,"3,469",
114/03/27,"9,198,763","225,557,331",24.55,24.60,24.40,24.60,+0.05,"3,781",
114/03/28,"12,418,469","302,331,785",24.55,24.55,24.25,24.25,-0.35,"5,917",
114/03/31,"14,293,918","343,892,167",24.10,24.20,24.00,24.05,-0.20,"7,204",
114/04/01,"8,164,769","197,367,074",24.10,24.30,24.05,24.25,+0.20,"4,426",
114/04/02,"7,895,235","191,993,012",24.15,24.35,24.15,24.35,+0.10,"3,294",
114/04/07,"45,786,653","1,007,895,358",21.95,22.30,21.95,21.95,-2.40,"24,075",
114/04/08,"28,325,815","643,845,125",22.50,23.15,22.45,22.90,+0.95,"11,598",
114/04/09,"24,812,357","559,608,305",22.50,23.10,22.10,22.25,-0.65,"12,362",
114/04/10,"19,530,602","468,200,234",24.40,24.40,23.55,23.75,+1.50,"9,493",
114/04/11,"16,969,760","403,150,397",23.70,23.95,23.30,23.95,+0.20,"6,010",
114/04/14,"14,055,265","334,871,773",23.65,24.00,23.50,24.00,+0.05,"6,023",
114/04/15,"8,827,386","211,550,918",24.05,24.10,23.90,23.95,-0.05,"4,025",
114/04/16,"9,781,342","233,063,272",23.85,24.00,23.65,23.85,-0.10,"5,579",
114/04/17,"4,751,430","113,227,682",23.90,23.90,23.65,23.90,+0.05,"2,780",
114/04/18,"4,017,902","95,603,273",23.95,23.95,23.70,23.80,-0.10,"2,575",
114/04/21,"6,875,392","163,699,255",23.65,24.00,23.60,24.00,+0.20,"3,365",
114/04/22,"5,378,941","128,064,427",23.90,23.90,23.70,23.90,-0.10,"2,674",
114/04/23,"5,609,873","134,277,701",23.80,24.00,23.80,23.95,+0.05,"2,959",
114/04/24,"5,366,347","127,741,126",23.85,23.90,23.70,23.85,-0.10,"3,124",
114/04/25,"6,592,893","157,276,549",23.85,23.95,23.75,23.75,-0.10,"3,536",
114/04/28,"4,335,116","103,230,963",23.75,23.90,23.70,23.90,+0.15,"2,587",
114/04/29,"9,848,333","236,346,667",23.90,24.10,23.80,24.10,+0.20,"3,723",
114/04/30,"10,696,097","259,352,187",23.95,24.35,23.95,24.35,+0.25,"4,498",
114/05/02,"7,779,096","189,683,198",24.35,24.50,24.20,24.50,+0.15,"3,714",
114/05/05,"19,505,051","478,993,360",24.45,24.70,24.40,24.45,-0.05,"6,756",
114/05/06,"15,191,459","375,984,013",24.55,24.85,24.45,24.85,+0.40,"5,224",
114/05/07,"11,513,326","286,445,597",24.95,25.10,24.65,24.80,-0.05,"4,340",
114/05/08,"6,675,314","165,291,943",24.80,24.90,24.70,24.70,-0.10,"2,819",
114/05/09,"10,646,937","264,778,813",24.60,25.00,24.60,24.95,+0.25,"3,670",
114/05/12,"7,887,706","197,458,438",25.05,25.15,24.90,25.00,+0.05,"3,336",
114/05/13,"6,072,816","150,806,119",24.80,24.95,24.75,24.85,-0.15,"3,368",
114/05/14,"7,801,402","194,506,354",25.00,25.05,24.75,25.00,+0.15,"4,197",
114/05/15,"5,927,891","147,731,818",25.00,25.00,24.80,24.95,-0.05,"4,470",
114/05/16,"7,766,025","194,064,425",24.95,25.05,24.85,25.05,+0.10,"3,296",
114/05/19,"7,271,852","180,982,266",25.00,25.00,24.75,24.95,-0.10,"3,989",
114/05/20,"7,955,759","198,522,384",25.00,25.00,24.85,25.00,+0.05,"2,817",
114/05/21,"8,125,713","203,005,985",25.00,25.10,24.85,25.05,+0.05,"4,690",
114/05/22,"9,165,661","226,617,811",24.90,24.95,24.65,24.75,-0.30,"6,841",
114/05/23,"6,984,371","172,038,469",24.55,24.75,24.50,24.75, 0.00,"3,252",
114/05/26,"8,249,991","204,350,405",24.70,24.90,24.65,24.75, 0.00,"3,964",
114/05/27,"10,151,178","249,564,889",24.65,24.80,24.50,24.50,-0.25,"4,824",
114/05/28,"8,799,620","215,466,726",24.55,24.65,24.40,24.50, 0.00,"4,045",
114/05/29,"57,221,320","1,376,679,744",24.65,24.70,24.00,24.00,-0.50,"8,081",
114/06/02,"14,257,071","342,180,103",24.25,24.25,23.90,23.90,-0.10,"6,051",
114/06/03,"8,350,523","200,065,642",24.10,24.10,23.90,23.90, 0.00,"3,880",
114/06/04,"8,283,042","200,415,930",24.00,24.25,23.95,24.25,+0.35,"2,917",
114/06/05,"7,341,626","176,954,942",24.15,24.30,24.05,24.05,-0.20,"3,403",
114/06/06,"5,515,410","133,785,733",24.25,24.35,24.10,24.35,+0.30,"2,470",
114/06/09,"5,061,745","123,080,636",24.40,24.45,24.25,24.35, 0.00,"3,243",
114/06/10,"8,280,476","201,789,613",24.45,24.45,24.30,24.30,-0.05,"3,427",
114/06/11,"6,375,653","155,536,975",24.35,24.45,24.30,24.45,+0.15,"2,547",
114/06/12,"3,398,190","82,968,646",24.35,24.45,24.35,24.45, 0.00,"2,080",
114/06/13,"11,633,462","285,269,173",24.30,24.65,24.30,24.60,+0.15,"3,664",
114/06/16,"11,206,318","277,196,394",24.70,24.85,24.65,24.65,+0.05,"3,346",
114/06/17,"9,290,871","230,505,663",24.80,24.85,24.70,24.85,+0.20,"3,194",
114/06/18,"9,996,998","248,087,032",24.80,24.95,24.70,24.80,-0.05,"6,117",
114/06/19,"7,018,006","172,503,964",24.70,24.75,24.50,24.50,-0.30,"3,719",
114/06/20,"10,960,692","268,102,704",24.60,24.65,24.35,24.45,-0.05,"2,712",
114/06/23,"5,585,870","135,522,792",24.30,24.35,24.20,24.25,-0.20,"2,686",
114/06/24,"5,300,678","130,171,218",24.45,24.70,24.45,24.55,+0.30,"2,192",
114/06/25,"11,579,372","286,920,762",24.65,24.85,24.60,24.85,+0.30,"4,104",
114/06/26,"12,770,127","318,160,981",24.85,25.00,24.75,24.90,+0.05,"4,224",
114/06/27,"10,477,227","261,155,034",24.75,25.00,24.75,25.00,+0.10,"3,973",
114/06/30,"14,794,620","366,752,779",24.75,24.90,24.70,24.75,-0.25,"5,456",
114/07/01,"20,165,226","500,943,382",24.55,25.00,24.55,24.80,+0.05,"4,123",
114/07/02,"3,626,426","90,034,505",24.65,24.90,24.65,24.90,+0.10,"1,672",
114/07/03,"5,654,492","140,961,042",24.75,25.00,24.75,25.00,+0.10,"2,866",
114/07/04,"6,724,405","167,890,325",25.00,25.05,24.90,24.95,-0.05,"3,199",
114/07/07,"12,190,789","305,689,451",24.95,25.15,24.85,25.10,+0.15,"4,034",
114/07/08,"15,019,836","379,103,706",25.15,25.35,25.10,25.35,+0.25,"6,023",
114/07/09,"5,511,271","138,827,896",25.20,25.35,25.10,25.20,-0.15,"3,396",
114/07/10,"7,975,000","201,179,884",25.20,25.30,25.05,25.30,+0.10,"3,968",
114/07/11,"15,910,158","406,360,334",25.35,25.65,25.25,25.60,+0.30,"5,735",
114/07/14,"9,792,209","251,568,309",25.70,25.75,25.60,25.75,+0.15,"4,017",
114/07/15,"9,145,628","234,189,799",25.75,25.80,25.35,25.65,-0.10,"4,005",
114/07/16,"10,009,739","256,770,982",25.40,25.75,25.35,25.70,+0.05,"4,988",
114/07/17,"6,127,599","157,726,052",25.70,25.80,25.65,25.75,+0.05,"2,931",
114/07/18,"6,946,219","178,269,033",25.75,25.80,25.55,25.70,-0.05,"3,195",
114/07/21,"5,878,255","150,337,571",25.70,25.80,25.45,25.50,-0.20,"2,772",
114/07/22,"6,926,098","176,664,812",25.50,25.60,25.45,25.45,-0.05,"2,581",
114/07/23,"8,178,484","209,671,544",25.60,25.75,25.45,25.70,+0.25,"3,369",
114/07/24,"4,278,912","109,848,616",25.70,25.70,25.60,25.70, 0.00,"2,218",
114/07/25,"5,402,119","137,961,426",25.50,25.65,25.45,25.55,-0.15,"2,613",
114/07/28,"7,112,618","180,999,500",25.55,25.60,25.35,25.40,-0.15,"4,151",
114/07/29,"6,020,727","153,020,976",25.40,25.50,25.35,25.40, 0.00,"2,698",
114/07/30,"8,093,408","207,216,568",25.45,25.70,25.40,25.65,+0.25,"3,189",
114/07/31,"11,058,729","281,285,244",25.50,25.55,25.30,25.40,-0.25,"3,988",
114/08/01,"9,551,420","243,461,687",25.15,25.70,25.10,25.65,+0.25,"4,038",
114/08/04,"12,225,789","315,493,089",25.40,25.90,25.40,25.90,+0.25,"4,460",
114/08/05,"14,385,510","374,170,450",25.80,26.10,25.80,26.05,+0.15,"4,930",
114/08/06,"16,733,500","439,612,822",26.05,26.40,26.05,26.35,+0.30,"5,763",
114/08/07,"10,563,474","277,655,008",26.35,26.40,26.20,26.25,-0.10,"4,094",
114/08/08,"10,573,464","275,597,501",26.10,26.20,26.00,26.05,-0.20,"7,771",
114/08/11,"13,015,401","337,782,437",26.05,26.10,25.85,25.90,-0.15,"7,298",
114/08/12,"18,651,607","483,216,934",25.90,26.00,25.85,25.95,+0.05,"8,327",
114/08/13,"19,442,987","478,582,240",24.65,24.85,24.50,24.60,X0.00,"11,604",
114/08/14,"12,375,213","307,343,162",24.55,24.95,24.55,24.85,+0.25,"3,988",
114/08/15,"11,931,978","295,091,129",24.95,24.95,24.60,24.60,-0.25,"5,385",
114/08/18,"7,810,242","192,107,662",24.65,24.80,24.50,24.60, 0.00,"3,179",
114/08/19,"7,179,069","176,050,315",24.55,24.60,24.45,24.55,-0.05,"3,277",
114/08/20,"11,765,054","287,330,616",24.65,24.65,24.35,24.35,-0.20,"6,296",
114/08/21,"4,862,024","118,829,542",24.50,24.55,24.40,24.45,+0.10,"3,112",
114/08/22,"12,382,353","299,968,266",24.40,24.40,24.15,24.15,-0.30,"6,810",
114/08/25,"12,020,316","289,694,841",24.35,24.35,24.05,24.05,-0.10,"5,612",
114/08/26,"27,958,539","667,539,649",24.00,24.05,23.80,23.80,-0.25,"10,013",
114/08/27,"7,889,875","188,608,015",23.80,24.05,23.80,23.80, 0.00,"4,430",
114/08/28,"11,063,327","264,373,735",23.80,24.05,23.75,23.80, 0.00,"4,690",
114/08/29,"14,055,715","334,341,514",23.85,23.95,23.70,23.70,-0.10,"5,970",
114/09/01,"5,865,029","139,825,089",23.75,24.00,23.75,23.80,+0.10,"3,447",
114/09/02,"6,577,276","157,552,475",23.85,24.00,23.85,24.00,+0.20,"2,980",
114/09/03,"6,888,881","165,340,055",24.10,24.10,23.95,24.00, 0.00,"2,778",
114/09/04,"4,854,635","116,888,445",24.00,24.15,24.00,24.05,+0.05,"2,279",
114/09/05,"6,249,770","151,338,493",24.15,24.35,24.15,24.20,+0.15,"2,862",
114/09/08,"5,445,037","131,150,719",24.15,24.20,24.00,24.05,-0.15,"3,235",
114/09/09,"6,855,785","166,053,948",24.10,24.30,24.05,24.25,+0.20,"2,605",
114/09/10,"9,254,620","224,774,759",24.25,24.40,24.10,24.35,+0.10,"3,838",
114/09/11,"9,650,920","234,882,777",24.30,24.40,24.30,24.35, 0.00,"2,845",
114/09/12,"6,340,391","154,753,433",24.35,24.45,24.35,24.45,+0.10,"3,066",
114/09/15,"9,464,941","231,355,078",24.45,24.60,24.30,24.30,-0.15,"3,505",
114/09/16,"9,176,003","222,857,423",24.35,24.40,24.20,24.30, 0.00,"6,637",
114/09/17,"6,345,034","153,645,190",24.30,24.30,24.10,24.15,-0.15,"5,875",
114/09/18,"11,351,176","275,640,762",24.20,24.40,24.15,24.30,+0.15,"5,111",
114/09/19,"14,638,111","355,439,640",24.30,24.40,24.20,24.25,-0.05,"4,770",
114/09/22,"4,784,100","116,273,031",24.35,24.35,24.25,24.30,+0.05,"2,957",
114/09/23,"6,030,864","146,223,601",24.25,24.30,24.20,24.30, 0.00,"3,656",
114/09/24,"6,449,373","156,734,756",24.30,24.40,24.20,24.35,+0.05,"3,129",
114/09/25,"8,360,442","203,010,794",24.45,24.45,24.20,24.25,-0.10,"4,040",
114/09/26,"7,000,176","169,598,193",24.25,24.35,24.15,24.20,-0.05,"3,589",
114/09/30,"20,075,233","493,840,498",24.45,24.80,24.35,24.65,+0.45,"5,625",
114/10/01,"10,977,831","271,169,220",24.65,24.80,24.60,24.75,+0.10,"4,759",
114/10/02,"6,723,491","165,128,121",24.60,24.75,24.45,24.45,-0.30,"6,033",
114/10/03,"7,218,385","175,814,930",24.45,24.55,24.30,24.35,-0.10,"3,808",
114/10/07,"14,177,784","342,743,372",24.25,24.30,24.10,24.10,-0.25,"7,534",
114/10/08,"9,476,115","228,460,221",24.20,24.30,24.05,24.05,-0.05,"3,931",
114/10/09,"14,244,142","342,188,567",24.10,24.15,23.95,24.05, 0.00,"6,939",
114/10/13,"19,253,750","459,469,425",24.00,24.05,23.70,23.85,-0.20,"11,522",
114/10/14,"12,399,162","297,843,103",23.85,24.15,23.85,23.95,+0.10,"4,246",
114/10/15,"9,150,091","219,813,506",24.20,24.20,23.95,23.95, 0.00,"4,141",
114/10/16,"6,774,159","163,240,641",24.05,24.20,24.00,24.10,+0.15,"3,116",
114/10/17,"9,633,694","232,664,126",24.00,24.30,24.00,24.15,+0.05,"3,878",
114/10/20,"8,398,557","202,045,017",24.20,24.25,24.00,24.00,-0.15,"4,471",
114/10/21,"5,565,055","133,866,122",24.15,24.15,24.00,24.05,+0.05,"2,969",
114/10/22,"9,163,190","220,487,279",24.10,24.15,23.95,24.15,+0.10,"3,421",
114/10/23,"5,547,145","133,796,509",24.05,24.20,24.00,24.20,+0.05,"2,729",
114/10/27,"10,983,769","264,181,364",24.20,24.25,24.00,24.00,-0.20,"5,115",
114/10/28,"8,007,873","191,917,483",24.15,24.15,23.90,23.95,-0.05,"4,158",
114/10/29,"11,645,735","278,217,120",23.95,24.05,23.85,23.85,-0.10,"5,876",
114/10/30,"11,419,868","273,000,626",23.95,24.00,23.80,24.00,+0.15,"4,660",
114/10/31,"15,293,168","363,907,274",24.05,24.05,23.75,23.75,-0.25,"6,610",
114/11/03,"6,206,513","147,969,134",23.80,23.90,23.75,23.90,+0.15,"3,771",
114/11/04,"7,518,809","179,466,225",23.85,24.00,23.85,23.85,-0.05,"3,765",
114/11/05,"7,692,232","182,985,436",23.85,23.90,23.70,23.85, 0.00,"4,379",
114/11/06,"10,369,566","247,694,998",23.90,24.00,23.80,23.80,-0.05,"4,070",
114/11/07,"9,673,324","231,286,681",23.85,24.00,23.80,23.85,+0.05,"3,362",
114/11/10,"8,736,783","209,861,192",24.00,24.10,23.95,23.95,+0.10,"3,150",
114/11/11,"6,439,280","154,996,733",23.95,24.20,23.95,24.00,+0.05,"2,838",
114/11/12,"13,238,587","319,684,339",24.15,24.30,24.00,24.00, 0.00,"4,220",
114/11/13,"6,013,793","144,849,320",24.05,24.15,24.00,24.05,+0.05,"2,786",
114/11/14,"10,298,329","248,423,503",24.05,24.20,24.00,24.10,+0.05,"3,867",
114/11/17,"10,041,550","242,047,507",24.10,24.15,24.00,24.10, 0.00,"3,269",
114/11/18,"10,058,418","240,974,931",23.95,24.10,23.90,23.90,-0.20,"6,178",
114/11/19,"9,860,323","235,186,171",23.90,24.00,23.80,23.80,-0.10,"6,981",
114/11/20,"6,441,082","154,509,633",23.90,24.05,23.80,24.05,+0.25,"3,099",
114/11/21,"12,349,314","296,186,061",24.00,24.15,23.90,24.00,-0.05,"4,172",
114/11/24,"34,262,101","830,444,073",24.00,24.30,24.00,24.30,+0.30,"8,058",
114/11/25,"13,678,998","327,706,940",24.30,24.30,23.85,23.85,-0.45,"7,625",
114/11/26,"8,606,093","205,768,914",23.95,24.05,23.85,23.95,+0.10,"3,244",
114/11/27,"8,752,549","208,640,266",23.80,23.90,23.75,23.85,-0.10,"4,409",
114/11/28,"7,624,190","181,855,939",23.85,23.95,23.80,23.85, 0.00,"3,052",
114/12/01,"12,906,185","307,036,936",23.80,23.90,23.70,23.80,-0.05,"5,409",
114/12/02,"7,189,047","171,293,773",23.80,23.90,23.75,23.85,+0.05,"3,400",
114/12/03,"9,655,163","229,672,951",23.90,23.95,23.70,23.80,-0.05,"4,512",
114/12/04,"7,778,308","185,199,011",23.80,23.90,23.75,23.90,+0.10,"3,707",
114/12/05,"6,434,220","153,539,375",23.85,23.95,23.80,23.95,+0.05,"3,033",
114/12/08,"9,642,114","231,485,181",23.95,24.10,23.85,24.05,+0.10,"3,942",
114/12/09,"8,842,711","212,662,024",23.95,24.10,23.95,24.10,+0.05,"3,295",
114/12/10,"9,915,846","239,611,798",24.15,24.20,24.10,24.20,+0.10,"3,697",
114/12/11,"15,759,988","382,859,771",24.25,24.40,24.10,24.35,+0.15,"4,788",
114/12/12,"16,913,514","414,483,271",24.35,24.65,24.35,24.45,+0.10,"5,668",
114/12/15,"12,713,133","311,571,889",24.45,24.65,24.30,24.60,+0.15,"5,202",
114/12/16,"14,129,892","346,693,642",24.30,24.60,24.30,24.60, 0.00,"4,185",
114/12/17,"19,394,980","479,201,405",24.60,24.85,24.60,24.75,+0.15,"5,849",
114/12/18,"10,983,513","270,536,786",24.60,24.75,24.40,24.70,-0.05,"5,817",
114/12/19,"21,534,138","532,974,191",24.50,24.85,24.50,24.75,+0.05,"4,742",
114/12/22,"7,729,952","191,659,772",24.75,24.90,24.70,24.85,+0.10,"3,691",
114/12/23,"9,547,126","236,429,691",24.80,24.85,24.60,24.80,-0.05,"3,379",
114/12/24,"6,849,572","168,530,116",24.80,24.80,24.50,24.55,-0.25,"5,584",
114/12/26,"5,765,519","141,206,063",24.55,24.60,24.40,24.50,-0.05,"3,191",
114/12/29,"5,093,314","124,789,575",24.50,24.55,24.45,24.55,+0.05,"2,816",
114/12/30,"6,557,144","160,239,225",24.55,24.55,24.40,24.40,-0.15,"3,043",
114/12/31,"7,007,707","170,566,836",24.45,24.50,24.30,24.30,-0.10,"4,669",
115/01/02,"6,937,193","168,260,104",24.30,24.40,24.20,24.25,-0.05,"5,271",
115/01/05,"12,886,344","313,077,092",24.20,24.45,24.15,24.30,+0.05,"5,309",
115/01/06,"11,176,232","271,650,751",24.40,24.45,24.20,24.30, 0.00,"7,992",
115/01/07,"17,376,535","419,078,230",24.30,24.30,24.00,24.05,-0.25,"16,462",
115/01/08,"14,985,416","359,445,286",23.90,24.10,23.90,24.00,-0.05,"6,930",
115/01/09,"10,405,283","249,905,578",24.05,24.15,23.95,24.10,+0.10,"5,539",
115/01/12,"14,765,238","354,491,475",24.15,24.20,23.95,23.95,-0.15,"6,727",
115/01/13,"13,103,643","314,569,670",24.10,24.10,23.95,24.00,+0.05,"5,199",
115/01/14,"15,512,958","371,647,433",24.10,24.10,23.90,23.95,-0.05,"5,511",
115/01/15,"11,166,071","268,066,182",24.05,24.05,23.95,24.05,+0.10,"4,659",
115/01/16,"18,579,203","445,226,828",24.05,24.10,23.90,23.95,-0.10,"7,855",
115/01/19,"12,884,306","309,032,100",23.95,24.10,23.90,24.00,+0.05,"5,158",
115/01/20,"19,990,947","477,541,070",23.95,24.00,23.85,23.85,-0.15,"10,072",
115/01/21,"25,903,068","615,528,112",23.85,23.85,23.70,23.70,-0.15,"12,226",
115/01/22,"19,887,247","471,979,762",23.80,23.85,23.70,23.70, 0.00,"9,130",
115/01/23,"17,738,682","420,932,324",23.80,23.80,23.70,23.75,+0.05,"8,636",
115/01/26,"18,387,586","436,074,593",23.75,23.80,23.65,23.80,+0.05,"7,860",
115/01/27,"15,524,787","369,166,925",23.90,23.90,23.70,23.70,-0.10,"6,450",
115/01/28,"17,927,806","424,756,195",23.80,23.80,23.65,23.70, 0.00,"7,962",
115/01/29,"17,406,984","413,625,978",23.70,23.85,23.65,23.85,+0.15,"5,614",
115/01/30,"33,224,389","784,014,313",23.80,23.85,23.55,23.55,-0.30,"11,161",
115/02/02,"20,424,127","477,421,768",23.60,23.60,23.30,23.35,-0.20,"11,665",
115/02/03,"12,539,447","295,389,737",23.40,23.65,23.40,23.50,+0.15,"4,755",
115/02/04,"12,141,100","286,633,547",23.55,23.80,23.50,23.55,+0.05,"3,987",
115/02/05,"13,785,827","326,758,382",23.55,23.80,23.55,23.75,+0.20,"5,596",
115/02/06,"12,239,538","288,801,763",23.65,23.70,23.50,23.65,-0.10,"5,393",
115/02/09,"12,517,070","296,706,828",23.70,23.85,23.65,23.75,+0.10,"5,451",
115/02/10,"16,957,754","404,096,126",23.80,23.90,23.70,23.90,+0.15,"5,238",
115/02/11,"23,500,381","562,846,460",23.95,24.05,23.85,23.90, 0.00,"8,453",
115/02/23,"41,274,030","998,509,147",24.10,24.35,24.00,24.25,+0.35,"12,668",
115/02/24,"22,161,281","533,697,885",24.20,24.25,24.00,24.05,-0.20,"8,022",
115/02/25,"19,812,414","475,083,072",24.05,24.05,23.90,23.95,-0.10,"8,175",
115/02/26,"34,970,206","839,165,941",23.95,24.10,23.90,24.00,+0.05,"9,356",
115/03/02,"23,975,622","571,715,467",23.95,23.95,23.75,23.95,-0.05,"8,887",
115/03/03,"15,366,636","367,215,228",23.80,24.00,23.80,24.00,+0.05,"5,771",
115/03/04,"33,683,646","791,359,481",23.75,23.75,23.40,23.45,-0.55,"14,740",
115/03/05,"17,533,119","411,646,180",23.70,23.70,23.40,23.40,-0.05,"7,545",
115/03/06,"12,019,660","281,398,869",23.35,23.55,23.30,23.40, 0.00,"5,164",
115/03/09,"29,700,724","681,673,983",23.00,23.20,22.65,23.00,-0.40,"14,384",
115/03/10,"13,219,284","306,420,733",23.20,23.40,23.05,23.10,+0.10,"5,891",
115/03/11,"7,824,289","182,787,712",23.15,23.50,23.15,23.30,+0.20,"3,597",
115/03/12,"16,158,122","373,542,092",23.25,23.30,23.05,23.10,-0.20,"8,201",
115/03/13,"13,308,757","307,016,438",23.05,23.20,23.00,23.00,-0.10,"6,281",
115/03/16,"13,700,274","316,323,720",23.15,23.20,23.00,23.05,+0.05,"5,536",
115/03/17,"18,013,694","416,036,001",23.05,23.20,23.00,23.20,+0.15,"6,128",
115/03/18,"14,697,988","341,245,134",23.25,23.35,23.10,23.20, 0.00,"6,471",
115/03/19,"17,060,452","392,158,881",23.10,23.10,22.95,22.95,-0.25,"8,285",
115/03/20,"18,598,726","427,169,509",22.90,23.10,22.90,22.95, 0.00,"5,839",
115/03/23,"24,546,222","555,116,677",22.80,22.85,22.55,22.55,-0.40,"14,046",
115/03/24,"14,606,253","334,415,502",22.80,23.15,22.75,22.90,+0.35,"5,981",
115/03/25,"16,063,153","374,230,527",23.35,23.45,23.05,23.35,+0.45,"5,586",
115/03/26,"13,172,877","310,170,716",23.45,23.65,23.35,23.50,+0.15,"4,944",
115/03/27,"11,302,881","264,646,808",23.35,23.60,23.35,23.40,-0.10,"5,654",
115/03/30,"25,361,430","588,096,358",22.95,23.35,22.95,23.20,-0.20,"8,293",
115/03/31,"23,920,624","560,779,931",23.25,23.60,23.15,23.45,+0.25,"5,699",
115/04/01,"17,356,422","413,032,219",23.70,23.90,23.65,23.80,+0.35,"5,961",
115/04/02,"9,246,456","218,925,923",23.85,23.90,23.60,23.65,-0.15,"3,691",
115/04/07,"5,951,870","140,874,858",23.65,23.75,23.60,23.70,+0.05,"3,304",
115/04/08,"14,752,107","351,285,357",23.90,23.90,23.65,23.85,+0.15,"5,198",
115/04/09,"17,348,304","414,811,368",23.90,24.05,23.75,24.05,+0.20,"6,008",
115/04/10,"11,616,652","278,158,904",24.05,24.10,23.80,23.85,-0.20,"5,941",
115/04/13,"10,282,323","244,993,964",23.85,23.90,23.70,23.90,+0.05,"5,202",
115/04/14,"17,225,085","411,450,763",24.05,24.05,23.80,23.90, 0.00,"5,938",
115/04/15,"14,976,264","357,070,108",24.00,24.00,23.70,23.85,-0.05,"7,308",
115/04/16,"11,154,170","266,342,897",23.90,23.95,23.80,23.90,+0.05,"5,062",
115/04/17,"14,469,607","343,701,045",23.95,23.95,23.65,23.90, 0.00,"8,094",
115/04/20,"14,995,364","355,573,276",23.90,23.95,23.65,23.65,-0.25,"6,984",
115/04/21,"13,511,624","318,816,651",23.80,23.80,23.50,23.55,-0.10,"5,628",
115/04/22,"15,894,936","372,452,349",23.50,23.55,23.40,23.40,-0.15,"8,220",
115/04/23,"25,904,610","600,638,824",23.10,23.35,23.10,23.15,-0.25,"9,776",
115/04/24,"18,908,124","436,205,643",23.15,23.20,23.00,23.00,-0.15,"9,141",
115/04/27,"25,732,381","590,532,178",23.00,23.10,22.80,22.90,-0.10,"9,969",
115/04/28,"14,055,369","323,241,689",22.90,23.10,22.90,22.95,+0.05,"5,949",
115/04/29,"17,278,400","398,355,250",23.05,23.15,23.00,23.15,+0.20,"5,870",
115/04/30,"16,648,364","383,115,950",22.95,23.10,22.95,22.95,-0.20,"5,531",
115/05/04,"17,451,810","400,281,721",23.00,23.05,22.90,22.90,-0.05,"7,698",
115/05/05,"10,633,599","243,605,573",22.95,22.95,22.85,22.90, 0.00,"5,470",
115/05/06,"15,005,123","344,914,593",23.05,23.10,22.90,22.95,+0.05,"6,258",
115/05/07,"22,627,448","520,865,400",22.95,23.15,22.90,23.00,+0.05,"7,451",
115/05/08,"15,616,976","359,873,934",23.10,23.15,22.95,23.05,+0.05,"6,292",
115/05/11,"14,792,317","340,907,930",23.15,23.15,23.00,23.00,-0.05,"6,037",
115/05/12,"23,232,949","531,697,845",23.05,23.05,22.80,22.80,-0.20,"11,093",
115/05/13,"16,167,342","369,311,012",23.05,23.05,22.75,22.85,+0.05,"6,491",
115/05/14,"17,895,045","407,997,044",22.80,22.95,22.75,22.75,-0.10,"8,733",
115/05/15,"18,639,638","425,211,211",22.80,22.95,22.75,22.85,+0.10,"6,618",
115/05/18,"14,200,917","322,816,784",22.80,22.80,22.70,22.70,-0.15,"7,533",
115/05/19,"20,666,593","473,129,813",22.70,23.00,22.65,22.80,+0.10,"6,008",
115/05/20,"15,588,366","354,566,847",22.90,22.90,22.70,22.70,-0.10,"7,859",
115/05/21,"13,084,403","297,191,633",22.80,22.85,22.65,22.70, 0.00,"6,322",
115/05/22,"15,434,059","350,253,676",22.70,22.80,22.65,22.70, 0.00,"7,363",
