日期,成交股數,成交金額,開盤價,最高價,最低價,收盤價,漲跌價差,成交筆數,註記
109/01/02,"8,212,565","524,953,530",64.30,64.30,63.50,64.00,-0.30,"4,818",
109/01/03,"7,229,367","462,658,609",64.00,64.20,63.50,64.20,+0.20,"3,753",
109/01/06,"14,527,954","908,791,002",62.40,63.30,61.50,63.00,-1.20,"5,388",
109/01/07,"13,139,415","819,100,237",62.50,62.70,61.70,62.60,-0.40,"4,066",
109/01/08,"6,632,136","413,549,450",61.80,62.60,61.80,62.40,-0.20,"2,355",
109/01/09,"4,931,541","310,887,011",62.50,63.50,62.40,63.10,+0.70,"2,171",
109/01/10,"7,789,946","496,953,846",63.10,64.10,63.10,64.00,+0.90,"3,252",
109/01/13,"5,858,080","373,447,320",64.00,64.10,63.00,64.10,+0.10,"2,974",
109/01/14,"7,456,035","480,425,233",64.30,64.60,63.90,64.60,+0.50,"3,758",
109/01/15,"8,788,837","568,909,250",64.60,65.00,64.40,64.60, 0.00,"3,939",
109/01/16,"7,655,506","496,429,026",64.80,65.00,64.40,65.00,+0.40,"3,999",
109/01/17,"6,270,195","407,251,114",65.00,65.20,64.70,65.00, 0.00,"3,665",
109/01/20,"3,718,133","241,444,606",65.00,65.10,64.80,65.00, 0.00,"1,575",
109/01/30,"22,651,696","1,412,886,605",63.50,63.50,61.30,61.60,-3.40,"8,104",
109/01/31,"12,648,920","787,447,440",61.60,62.80,61.60,62.00,+0.40,"3,446",
109/02/03,"12,538,606","761,101,305",60.00,61.90,59.70,61.10,-0.90,"5,721",
109/02/04,"7,625,538","471,909,564",61.00,62.30,60.80,61.80,+0.70,"2,687",
109/02/05,"10,940,429","680,943,875",61.90,62.80,61.50,62.20,+0.40,"4,357",
109/02/06,"7,356,149","465,425,754",62.80,63.70,62.40,63.50,+1.30,"3,023",
109/02/07,"6,313,054","400,248,523",63.40,63.70,62.80,63.70,+0.20,"2,910",
109/02/10,"5,635,808","356,461,098",62.80,63.60,62.20,63.50,-0.20,"2,660",
109/02/11,"6,193,506","395,741,467",63.50,64.40,63.30,63.80,+0.30,"2,808",
109/02/12,"5,625,421","362,030,844",63.60,64.50,63.60,64.30,+0.50,"3,230",
109/02/13,"6,336,760","409,953,561",64.20,65.00,64.20,64.80,+0.50,"3,256",
109/02/14,"8,473,400","544,736,900",64.00,64.90,63.90,64.00,-0.80,"3,297",
109/02/17,"6,061,111","383,838,339",63.00,63.80,62.70,63.60,-0.40,"2,490",
109/02/18,"8,384,820","526,703,021",63.00,63.40,62.10,63.10,-0.50,"3,239",
109/02/19,"4,328,961","273,480,019",63.00,63.50,62.50,63.30,+0.20,"2,047",
109/02/20,"4,264,077","269,423,466",63.50,63.50,63.00,63.20,-0.10,"1,806",
109/02/21,"5,153,796","324,637,848",63.00,63.30,62.70,63.00,-0.20,"1,945",
109/02/24,"7,615,282","476,234,366",62.00,63.00,62.00,63.00, 0.00,"3,058",
109/02/25,"5,280,276","331,634,348",62.20,63.10,62.20,62.80,-0.20,"2,343",
109/02/26,"8,620,941","539,073,259",62.10,62.90,62.10,62.60,-0.20,"2,245",
109/02/27,"7,586,203","472,057,317",62.30,62.70,62.00,62.00,-0.60,"2,550",
109/03/02,"14,853,195","912,642,795",60.20,62.00,60.20,61.60,-0.40,"6,058",
109/03/03,"8,387,190","517,508,190",61.60,62.00,61.30,61.60, 0.00,"3,266",
109/03/04,"4,778,934","295,202,186",61.30,62.10,61.30,62.10,+0.50,"1,954",
109/03/05,"8,314,156","517,099,408",62.10,62.70,61.80,62.30,+0.20,"3,134",
109/03/06,"7,209,058","445,920,070",62.00,62.10,61.60,61.80,-0.50,"3,090",
109/03/09,"9,009,696","547,808,471",60.70,61.60,60.20,60.50,-1.30,"3,983",
109/03/10,"8,958,447","540,445,969",60.00,61.40,59.80,60.50, 0.00,"4,117",
109/03/11,"5,650,159","343,875,932",60.40,61.40,60.30,60.70,+0.20,"2,806",
109/03/12,"12,769,619","749,840,921",60.20,60.20,57.80,58.80,-1.90,"6,605",
109/03/13,"23,301,672","1,334,878,642",56.20,61.20,54.50,60.60,+1.80,"9,611",
109/03/16,"16,417,272","971,519,009",60.00,60.30,57.30,57.30,-3.30,"7,484",
109/03/17,"15,429,722","869,672,901",54.70,57.30,54.70,56.20,-1.10,"5,628",
109/03/18,"12,345,681","686,311,678",55.40,56.30,55.00,55.00,-1.20,"6,079",
109/03/19,"16,602,828","871,325,956",53.30,54.10,50.70,51.70,-3.30,"8,665",
109/03/20,"17,879,218","970,698,928",52.40,56.00,52.40,54.80,+3.10,"7,591",
109/03/23,"7,673,021","409,989,519",52.00,54.90,52.00,52.60,-2.20,"3,726",
109/03/24,"11,018,118","625,219,517",54.90,57.40,54.80,57.30,+4.70,"5,251",
109/03/25,"10,533,388","631,554,304",60.50,60.60,58.60,59.60,+2.30,"6,290",
109/03/26,"8,167,624","490,700,440",60.30,60.60,58.90,60.10,+0.50,"3,683",
109/03/27,"7,426,101","449,302,160",61.20,61.50,59.30,60.20,+0.10,"4,241",
109/03/30,"7,054,744","419,115,307",59.10,60.00,58.60,59.60,-0.60,"3,023",
109/03/31,"10,606,723","645,957,721",61.00,62.00,59.80,60.20,+0.60,"4,997",
109/04/01,"6,061,251","362,965,260",60.20,60.50,59.60,59.70,-0.50,"2,749",
109/04/06,"15,563,075","975,558,286",63.90,64.00,61.90,62.80,+3.10,"6,840",
109/04/07,"11,580,295","728,628,007",63.40,63.70,62.30,62.80, 0.00,"6,072",
109/04/08,"7,034,523","440,225,673",62.60,63.00,62.30,62.50,-0.30,"2,441",
109/04/09,"12,000,739","750,143,533",64.50,64.50,61.50,61.80,-0.70,"6,556",
109/04/10,"3,689,074","228,263,588",62.10,62.40,61.70,61.80, 0.00,"1,813",
109/04/13,"3,715,114","230,105,839",62.00,62.40,61.70,61.90,+0.10,"2,054",
109/04/14,"11,259,024","711,982,904",62.60,63.80,62.40,63.70,+1.80,"5,335",
109/04/15,"14,624,256","928,305,014",63.70,63.90,63.10,63.40,-0.30,"5,385",
109/04/16,"11,116,449","703,132,421",62.80,63.70,62.60,63.10,-0.30,"4,357",
109/04/17,"11,505,227","727,197,044",63.60,64.00,62.20,62.80,-0.30,"5,182",
109/04/20,"8,380,004","528,111,330",62.70,63.30,62.60,63.10,+0.30,"3,925",
109/04/21,"7,052,376","440,182,912",62.60,63.20,61.70,62.20,-0.90,"4,554",
109/04/22,"5,995,944","371,318,610",62.00,62.40,61.70,62.00,-0.20,"4,032",
109/04/23,"5,613,054","351,572,582",62.30,63.30,61.90,62.90,+0.90,"3,206",
109/04/24,"5,987,810","374,181,193",63.00,63.10,62.20,62.40,-0.50,"3,250",
109/04/27,"8,624,648","540,299,152",63.20,63.20,62.00,62.50,+0.10,"2,910",
109/04/28,"10,079,757","633,925,404",63.00,63.20,62.70,62.80,+0.30,"3,742",
109/04/29,"12,204,298","776,606,255",63.50,64.20,63.10,63.20,+0.40,"5,078",
109/04/30,"14,997,987","964,049,528",63.60,64.90,63.40,64.90,+1.70,"7,061",
109/05/04,"10,448,965","665,564,860",64.00,64.30,63.00,64.00,-0.90,"4,965",
109/05/05,"10,354,755","664,327,780",63.90,64.70,63.80,64.00, 0.00,"4,820",
109/05/06,"8,366,864","538,689,816",64.00,64.70,63.30,64.50,+0.50,"3,882",
109/05/07,"6,470,523","417,834,426",64.50,64.80,64.30,64.50, 0.00,"2,661",
109/05/08,"10,388,422","678,378,772",65.00,66.20,64.80,64.90,+0.40,"5,110",
109/05/11,"12,186,129","804,205,572",65.80,66.40,65.10,65.90,+1.00,"5,707",
109/05/12,"11,313,889","740,015,802",65.00,66.00,64.80,65.60,-0.30,"5,447",
109/05/13,"6,963,950","455,190,100",65.30,65.60,65.10,65.50,-0.10,"3,807",
109/05/14,"8,347,048","543,358,120",65.50,66.20,64.50,65.00,-0.50,"4,887",
109/05/15,"13,727,025","896,227,617",65.50,65.90,64.40,65.20,+0.20,"6,982",
109/05/18,"13,618,500","902,871,670",65.20,67.00,65.20,66.50,+1.30,"7,591",
109/05/19,"21,077,776","1,442,012,512",68.00,69.30,67.50,68.30,+1.80,"10,475",
109/05/20,"10,612,733","727,264,558",69.00,69.20,67.70,68.30, 0.00,"6,109",
109/05/21,"16,351,331","1,137,733,660",69.00,69.90,68.90,69.80,+1.50,"8,515",
109/05/22,"9,504,649","657,515,995",70.00,70.00,68.60,68.70,-1.10,"5,613",
109/05/25,"5,751,434","396,165,985",69.50,69.70,67.60,69.00,+0.30,"3,512",
109/05/26,"8,795,859","612,135,403",69.30,69.90,69.30,69.50,+0.50,"4,765",
109/05/27,"10,711,000","743,181,200",70.00,70.10,68.80,69.00,-0.50,"4,173",
109/05/28,"13,483,389","932,745,143",69.60,69.80,68.90,69.50,+0.50,"5,045",
109/05/29,"24,360,965","1,696,564,450",69.50,70.00,68.90,70.00,+0.50,"4,057",
109/06/01,"9,483,498","664,303,691",70.10,70.50,69.50,69.90,-0.10,"5,404",
109/06/02,"7,537,887","527,287,901",70.00,70.30,69.50,69.90, 0.00,"3,808",
109/06/03,"10,202,967","715,216,290",70.30,70.50,69.80,70.10,+0.20,"4,544",
109/06/04,"19,806,807","1,412,121,333",70.60,72.00,70.50,71.50,+1.40,"8,050",
109/06/05,"7,904,958","567,853,954",71.90,72.00,71.50,72.00,+0.50,"3,963",
109/06/08,"20,925,364","1,461,219,765",70.00,70.80,69.00,70.80,-1.20,"9,676",
109/06/09,"12,637,883","890,253,836",70.40,70.90,69.50,70.80, 0.00,"6,980",
109/06/10,"14,046,152","990,575,966",71.00,71.40,69.80,69.80,-1.00,"7,148",
109/06/11,"10,164,157","710,431,370",70.20,70.50,69.50,69.70,-0.10,"4,773",
109/06/12,"14,664,068","996,826,597",68.90,69.00,67.50,67.80,-1.90,"6,670",
109/06/15,"8,911,957","599,040,019",67.20,67.80,66.70,67.00,-0.80,"4,762",
109/06/16,"7,856,143","533,232,524",68.00,68.10,67.60,68.00,+1.00,"4,148",
109/06/17,"6,996,531","475,673,498",68.50,68.90,67.60,68.10,+0.10,"4,427",
109/06/18,"7,833,057","536,465,606",68.50,68.80,68.20,68.80,+0.70,"5,049",
109/06/19,"19,301,217","1,353,174,083",70.60,71.60,69.60,69.60,+0.80,"8,364",
109/06/22,"7,559,976","528,927,120",70.10,70.20,69.70,70.00,+0.40,"3,665",
109/06/23,"7,105,249","498,036,895",70.10,70.50,69.70,70.00, 0.00,"2,882",
109/06/24,"6,660,955","471,631,513",70.50,71.40,70.40,70.90,+0.90,"3,346",
109/06/29,"7,515,570","531,288,314",70.10,71.50,69.90,70.90, 0.00,"4,095",
109/06/30,"8,072,316","572,275,189",71.40,71.40,70.70,71.00,+0.10,"3,456",
109/07/01,"7,218,199","515,933,576",71.00,71.70,70.90,71.60,+0.60,"2,911",
109/07/02,"11,648,718","846,395,585",71.90,73.10,71.80,72.60,+1.00,"4,484",
109/07/03,"11,031,971","815,748,854",73.00,74.20,73.00,74.00,+1.40,"5,677",
109/07/06,"9,586,314","717,711,950",74.30,75.40,74.20,75.40,+1.40,"4,151",
109/07/07,"16,760,003","1,266,865,800",75.50,76.20,74.90,75.80,+0.40,"5,828",
109/07/08,"19,448,784","1,491,531,310",75.80,77.10,75.50,76.70,+0.90,"6,259",
109/07/09,"15,644,715","1,212,609,009",77.30,78.70,76.50,76.70, 0.00,"6,468",
109/07/10,"10,192,024","779,722,723",77.00,77.30,75.00,77.00,+0.30,"5,075",
109/07/13,"6,935,986","538,173,794",77.30,78.10,77.20,77.80,+0.80,"2,739",
109/07/14,"6,472,204","500,980,248",77.60,77.90,76.60,77.50,-0.30,"2,686",
109/07/15,"10,257,813","806,167,321",78.30,79.30,78.10,78.70,+1.20,"5,018",
109/07/16,"6,483,667","509,336,826",79.30,79.30,78.00,78.00,-0.70,"2,932",
109/07/17,"6,826,458","536,549,024",79.50,79.80,77.70,78.00, 0.00,"3,598",
109/07/20,"8,673,119","684,970,744",78.60,79.60,78.30,79.00,+1.00,"5,472",
109/07/21,"14,055,707","1,124,091,084",79.40,80.20,79.40,79.90,+0.90,"5,163",
109/07/22,"14,392,163","1,170,880,302",79.70,82.00,79.70,82.00,+2.10,"7,254",
109/07/23,"9,547,855","783,490,185",82.00,82.80,80.70,82.00, 0.00,"4,429",
109/07/24,"13,993,761","1,127,083,014",81.20,82.00,79.20,79.90,-2.10,"6,734",
109/07/27,"13,449,732","1,082,790,341",79.80,81.80,79.70,79.80,-0.10,"6,506",
109/07/28,"15,522,929","1,238,626,738",78.90,80.90,78.90,79.70,-0.10,"6,619",
109/07/29,"13,760,755","1,108,939,961",80.00,81.30,79.90,80.60,+0.90,"8,168",
109/07/30,"20,279,862","1,663,365,384",82.00,82.50,81.00,82.10,+1.50,"8,707",
109/07/31,"21,467,875","1,768,703,648",82.70,82.80,81.80,81.80,-0.30,"7,191",
109/08/03,"36,948,928","2,762,518,815",74.70,76.20,73.50,73.60,X0.00,"14,312",
109/08/04,"16,174,435","1,204,281,571",74.50,75.30,73.30,75.30,+1.70,"8,047",
109/08/05,"16,250,900","1,246,999,815",75.70,77.90,75.30,77.40,+2.10,"8,777",
109/08/06,"11,131,499","852,375,757",77.50,77.80,75.90,76.20,-1.20,"6,433",
109/08/07,"9,316,727","712,939,202",76.20,77.30,76.00,76.00,-0.20,"5,592",
109/08/10,"10,840,768","831,464,342",76.30,77.60,76.30,76.30,+0.30,"5,560",
109/08/11,"7,943,289","602,029,729",76.50,76.50,75.30,75.30,-1.00,"3,952",
109/08/12,"5,835,317","434,307,467",75.80,75.80,73.80,74.20,-1.10,"3,536",
109/08/13,"5,731,191","428,769,388",75.20,75.40,74.20,75.00,+0.80,"3,441",
109/08/14,"44,662,142","3,580,953,412",77.00,82.00,76.80,81.00,+6.00,"20,073",
109/08/17,"26,052,630","2,175,717,578",82.20,84.60,82.00,84.30,+3.30,"15,524",
109/08/18,"16,306,372","1,347,883,893",84.60,85.00,81.90,82.20,-2.10,"8,841",
109/08/19,"10,396,615","858,613,011",83.00,84.30,81.50,81.50,-0.70,"6,046",
109/08/20,"15,395,597","1,212,648,446",81.50,81.50,76.10,78.90,-2.60,"8,317",
109/08/21,"21,554,895","1,691,490,624",80.00,80.20,77.00,77.90,-1.00,"12,980",
109/08/24,"9,335,394","726,251,964",78.30,78.60,77.40,77.60,-0.30,"5,278",
109/08/25,"13,014,794","1,025,797,576",78.80,79.30,78.40,78.90,+1.30,"5,943",
109/08/26,"13,695,958","1,082,048,354",79.90,80.00,78.40,79.10,+0.20,"6,402",
109/08/27,"12,578,055","983,559,616",79.10,79.20,77.50,78.50,-0.60,"5,742",
109/08/28,"16,321,210","1,261,610,965",78.80,78.80,76.30,77.20,-1.30,"10,015",
109/08/31,"15,953,639","1,234,012,216",78.10,78.60,76.80,77.00,-0.20,"7,701",
109/09/01,"16,370,592","1,271,034,576",77.70,78.80,77.00,77.90,+0.90,"9,033",
109/09/02,"12,238,780","951,561,840",78.30,78.60,77.20,77.80,-0.10,"7,086",
109/09/03,"13,719,137","1,072,106,969",78.30,78.70,77.50,77.80, 0.00,"6,741",
109/09/04,"17,930,539","1,365,213,401",76.20,77.20,75.10,76.80,-1.00,"7,839",
109/09/07,"9,884,373","749,848,766",76.80,76.80,75.50,75.60,-1.20,"5,481",
109/09/08,"11,086,323","830,538,601",76.50,76.50,74.40,74.90,-0.70,"6,098",
109/09/09,"13,942,749","1,026,314,006",74.10,74.40,72.70,74.40,-0.50,"7,203",
109/09/10,"11,524,031","872,445,147",75.70,76.40,75.10,75.90,+1.50,"6,009",
109/09/11,"7,365,656","559,338,975",75.90,76.40,75.20,76.40,+0.50,"3,213",
109/09/14,"8,796,455","678,304,963",76.80,78.10,76.20,78.10,+1.70,"4,159",
109/09/15,"8,749,597","682,833,817",78.20,78.50,77.60,78.30,+0.20,"5,401",
109/09/16,"10,763,554","846,313,637",78.60,79.30,78.00,78.80,+0.50,"5,204",
109/09/17,"7,201,912","568,563,268",78.80,79.50,78.50,78.60,-0.20,"4,049",
109/09/18,"10,013,346","781,793,204",78.30,78.70,77.70,78.10,-0.50,"3,507",
109/09/21,"6,363,307","489,897,675",78.00,78.10,76.30,76.30,-1.80,"3,617",
109/09/22,"7,007,505","530,862,512",75.50,76.20,75.20,75.60,-0.70,"3,985",
109/09/23,"5,435,354","410,405,716",75.60,76.20,75.00,75.40,-0.20,"3,433",
109/09/24,"13,664,963","1,004,355,070",74.50,74.90,72.70,73.00,-2.40,"7,331",
109/09/25,"7,114,338","520,381,967",74.00,74.10,72.40,73.40,+0.40,"4,455",
109/09/28,"8,221,454","606,782,660",73.70,74.40,73.40,74.20,+0.80,"4,787",
109/09/29,"7,153,188","533,122,795",75.00,75.30,74.10,74.50,+0.30,"3,368",
109/09/30,"7,021,849","527,834,676",74.90,75.60,74.50,75.60,+1.10,"3,311",
109/10/05,"9,349,746","694,786,894",75.60,75.80,73.70,74.00,-1.60,"4,478",
109/10/06,"8,615,949","642,392,757",74.70,75.10,74.00,74.90,+0.90,"5,295",
109/10/07,"8,629,674","640,305,108",74.90,75.00,73.80,74.20,-0.70,"5,408",
109/10/08,"7,270,324","541,100,846",74.50,74.90,74.10,74.90,+0.70,"4,537",
109/10/12,"12,446,272","915,616,506",74.80,75.00,73.10,73.30,-1.60,"6,326",
109/10/13,"6,437,497","473,472,978",73.20,73.90,72.80,73.90,+0.60,"3,143",
109/10/14,"5,799,510","428,225,340",73.90,74.20,73.50,73.90, 0.00,"2,416",
109/10/15,"6,439,276","474,827,137",73.60,74.20,73.20,74.10,+0.20,"2,704",
109/10/16,"5,874,286","431,077,483",73.80,74.00,73.20,73.20,-0.90,"2,899",
109/10/19,"3,650,878","267,617,027",73.40,73.50,73.00,73.20, 0.00,"1,843",
109/10/20,"3,610,012","265,157,476",73.90,73.90,73.10,73.20, 0.00,"1,934",
109/10/21,"15,597,770","1,123,411,049",73.70,73.70,71.20,71.20,-2.00,"8,867",
109/10/22,"10,713,441","768,133,824",70.90,72.20,70.80,72.10,+0.90,"5,220",
109/10/23,"5,340,975","382,784,500",72.10,72.20,71.40,71.70,-0.40,"2,849",
109/10/26,"4,142,928","299,330,801",72.10,72.40,72.00,72.20,+0.50,"2,321",
109/10/27,"6,821,980","491,876,467",71.90,72.50,71.30,72.30,+0.10,"2,516",
109/10/28,"6,793,493","495,266,948",72.30,73.20,72.30,73.10,+0.80,"3,266",
109/10/29,"7,248,648","521,875,226",71.80,72.60,71.20,72.00,-1.10,"3,820",
109/10/30,"7,806,738","561,520,926",71.50,72.40,71.30,72.00, 0.00,"3,874",
109/11/02,"4,399,273","318,476,564",72.00,72.80,71.60,72.80,+0.80,"2,122",
109/11/03,"5,495,176","401,417,624",72.80,73.40,72.40,73.30,+0.50,"2,908",
109/11/04,"6,602,507","481,175,500",73.00,73.30,72.30,72.70,-0.60,"3,889",
109/11/05,"7,422,466","542,841,441",72.80,73.90,72.70,72.70, 0.00,"3,581",
109/11/06,"7,522,344","552,944,999",72.90,73.80,72.80,73.80,+1.10,"3,331",
109/11/09,"6,824,948","504,784,271",74.30,74.40,73.50,74.00,+0.20,"4,006",
109/11/10,"11,671,463","848,543,600",73.00,73.30,72.00,72.10,-1.90,"6,088",
109/11/11,"14,146,843","1,015,796,264",71.80,72.50,71.30,71.60,-0.50,"7,700",
109/11/12,"11,220,394","803,751,156",72.20,72.30,71.10,71.10,-0.50,"5,569",
109/11/13,"9,467,522","674,784,323",70.80,71.80,70.80,71.50,+0.40,"4,967",
109/11/16,"23,047,292","1,729,901,621",73.30,76.30,73.20,76.10,+4.60,"12,333",
109/11/17,"21,292,393","1,607,355,010",76.60,77.00,74.90,75.60,-0.50,"8,436",
109/11/18,"13,741,403","1,045,081,842",75.50,76.50,75.20,76.30,+0.70,"7,373",
109/11/19,"9,145,884","699,409,732",76.20,76.80,75.60,76.50,+0.20,"4,216",
109/11/20,"5,415,399","413,150,498",76.80,76.90,76.00,76.50, 0.00,"2,687",
109/11/23,"9,962,430","769,504,739",77.40,77.50,76.50,77.50,+1.00,"5,079",
109/11/24,"8,475,548","656,268,339",77.60,77.90,77.00,77.40,-0.10,"4,438",
109/11/25,"6,889,417","533,320,503",77.50,77.70,77.10,77.50,+0.10,"3,442",
109/11/26,"6,624,674","514,496,458",77.80,78.30,77.30,77.70,+0.20,"4,050",
109/11/27,"8,149,042","630,183,428",77.40,77.70,77.00,77.70, 0.00,"3,639",
109/11/30,"19,139,610","1,470,803,739",77.80,77.90,76.00,77.00,-0.70,"5,544",
109/12/01,"6,088,410","468,121,010",76.50,77.50,76.00,77.50,+0.50,"3,580",
109/12/02,"10,090,786","783,743,458",77.40,78.10,77.10,77.80,+0.30,"4,670",
109/12/03,"7,797,247","606,806,542",78.00,78.30,77.30,77.40,-0.40,"3,930",
109/12/04,"9,510,631","746,930,791",77.80,79.00,77.60,79.00,+1.60,"4,751",
109/12/07,"16,949,268","1,372,599,319",80.00,81.50,79.80,81.40,+2.40,"7,955",
109/12/08,"13,941,288","1,140,679,907",82.00,83.40,80.90,81.90,+0.50,"6,815",
109/12/09,"7,167,349","586,032,057",82.00,82.00,81.20,81.90, 0.00,"3,900",
109/12/10,"11,336,322","912,623,969",81.00,81.20,79.90,80.60,-1.30,"4,868",
109/12/11,"8,760,837","708,415,387",80.70,81.90,79.90,81.10,+0.50,"4,225",
109/12/14,"8,501,194","681,782,537",81.00,81.00,79.90,79.90,-1.20,"4,410",
109/12/15,"11,954,883","934,890,579",79.80,80.00,77.30,77.60,-2.30,"6,278",
109/12/16,"11,133,142","871,575,130",78.00,79.40,77.60,78.90,+1.30,"5,827",
109/12/17,"6,399,802","499,263,396",78.90,78.90,77.70,77.70,-1.20,"2,891",
109/12/18,"10,477,549","828,253,146",78.20,79.80,78.00,78.90,+1.20,"4,217",
109/12/21,"6,387,076","505,088,330",78.90,79.50,78.00,79.50,+0.60,"3,728",
109/12/22,"6,908,485","542,293,134",79.50,79.50,77.90,78.30,-1.20,"3,435",
109/12/23,"6,481,704","508,148,657",78.00,79.00,77.00,79.00,+0.70,"3,198",
109/12/24,"3,662,009","288,132,009",79.10,79.10,78.30,78.80,-0.20,"1,879",
109/12/25,"4,628,739","368,515,288",79.20,80.00,78.90,79.80,+1.00,"2,566",
109/12/28,"6,729,287","541,732,411",80.50,81.00,80.00,80.90,+1.10,"4,010",
109/12/29,"3,972,175","318,810,925",80.80,80.90,80.00,80.40,-0.50,"2,480",
109/12/30,"4,209,798","339,779,904",80.70,81.00,80.00,81.00,+0.60,"2,644",
109/12/31,"4,113,407","332,507,704",80.70,81.20,80.40,80.90,-0.10,"1,729",
110/01/04,"9,164,248","742,458,321",80.40,81.50,80.20,81.10,+0.20,"4,971",
110/01/05,"17,034,217","1,423,013,007",81.30,84.80,81.20,84.70,+3.60,"9,167",
110/01/06,"14,793,018","1,249,111,185",84.00,85.80,83.10,83.90,-0.80,"8,015",
110/01/07,"8,899,811","749,583,199",83.80,84.90,83.80,83.90, 0.00,"5,208",
110/01/08,"9,496,651","800,499,780",85.00,85.00,83.70,84.60,+0.70,"5,419",
110/01/11,"7,992,515","673,655,120",84.60,85.00,83.60,84.90,+0.30,"5,147",
110/01/12,"8,368,077","706,271,175",84.90,85.00,83.80,84.90, 0.00,"4,770",
110/01/13,"14,484,656","1,246,281,355",85.00,86.90,84.90,86.10,+1.20,"7,500",
110/01/14,"10,914,911","937,824,409",86.00,86.90,85.00,85.60,-0.50,"5,794",
110/01/15,"10,879,035","932,317,196",86.20,86.70,85.00,85.00,-0.60,"6,396",
110/01/18,"10,239,064","849,553,513",84.20,84.20,81.80,83.20,-1.80,"5,604",
110/01/19,"7,981,616","662,575,828",83.50,83.90,82.60,82.60,-0.60,"4,466",
110/01/20,"12,708,997","1,032,913,190",82.60,83.00,80.20,81.20,-1.40,"6,615",
110/01/21,"7,772,804","633,556,559",82.00,82.50,81.00,81.40,+0.20,"4,819",
110/01/22,"7,952,261","653,179,443",81.50,82.90,81.30,82.40,+1.00,"4,614",
110/01/25,"9,672,896","810,641,040",82.60,84.50,82.60,84.30,+1.90,"5,513",
110/01/26,"7,038,219","586,707,295",84.30,84.30,83.00,83.00,-1.30,"4,469",
110/01/27,"8,460,254","710,726,612",83.20,84.90,83.20,84.10,+1.10,"4,869",
110/01/28,"10,868,856","902,237,142",83.10,85.00,82.10,82.80,-1.30,"6,505",
110/01/29,"10,521,892","859,952,641",82.30,83.10,80.70,80.70,-2.10,"5,278",
110/02/01,"8,213,090","675,437,279",80.90,82.90,80.90,82.50,+1.80,"5,412",
110/02/02,"14,744,356","1,246,681,324",82.80,85.10,82.80,84.60,+2.10,"8,120",
110/02/03,"11,066,314","946,863,902",85.60,86.10,84.30,85.50,+0.90,"6,486",
110/02/04,"5,613,781","477,071,972",85.50,85.70,84.50,84.50,-1.00,"3,537",
110/02/05,"7,622,177","647,594,723",84.50,85.80,84.00,85.10,+0.60,"4,272",
110/02/17,"20,498,811","1,802,466,381",87.00,88.90,86.10,88.70,+3.60,"10,114",
110/02/18,"12,100,517","1,073,546,728",88.20,89.30,87.80,88.90,+0.20,"6,297",
110/02/19,"9,312,710","815,410,675",88.20,88.40,86.80,88.20,-0.70,"5,592",
110/02/22,"10,562,617","927,917,666",88.30,89.60,87.30,87.30,-0.90,"6,401",
110/02/23,"8,224,180","710,709,998",87.10,87.10,86.10,86.70,-0.60,"5,034",
110/02/24,"10,133,155","870,868,210",86.60,87.30,85.20,85.50,-1.20,"5,807",
110/02/25,"9,479,690","819,399,016",86.30,87.00,85.80,87.00,+1.50,"4,880",
110/02/26,"15,174,234","1,291,097,739",86.00,86.10,84.80,85.00,-2.00,"5,801",
110/03/02,"7,971,211","686,365,844",85.80,86.50,85.70,86.00,+1.00,"4,821",
110/03/03,"10,840,540","928,462,283",86.50,86.80,85.30,85.60,-0.40,"5,327",
110/03/04,"12,142,698","1,036,259,911",85.60,85.90,85.00,85.20,-0.40,"6,393",
110/03/05,"10,411,271","885,580,710",84.80,85.50,84.50,85.50,+0.30,"4,695",
110/03/08,"9,537,788","815,663,373",86.60,86.60,84.60,85.00,-0.50,"4,762",
110/03/09,"11,337,222","960,990,556",85.80,85.80,83.80,85.50,+0.50,"6,795",
110/03/10,"8,565,621","735,128,997",86.50,86.50,85.50,85.70,+0.20,"5,258",
110/03/11,"6,787,293","587,134,337",85.80,86.90,85.80,86.80,+1.10,"4,104",
110/03/12,"10,532,083","925,837,126",86.80,88.70,86.80,88.50,+1.70,"6,895",
110/03/15,"8,239,033","731,615,355",88.00,89.20,87.80,88.90,+0.40,"4,258",
110/03/16,"8,394,078","749,909,223",89.10,89.70,88.60,89.50,+0.60,"4,446",
110/03/17,"8,274,823","734,648,799",88.90,89.30,88.30,88.60,-0.90,"5,266",
110/03/18,"15,978,734","1,464,630,784",88.60,93.70,88.60,91.50,+2.90,"9,158",
110/03/19,"13,318,088","1,197,722,083",91.00,91.40,89.40,89.40,-2.10,"5,036",
110/03/22,"5,538,561","500,589,098",89.60,91.00,89.30,90.80,+1.40,"3,720",
110/03/23,"14,293,688","1,336,735,968",90.70,94.90,90.70,93.40,+2.60,"8,512",
110/03/24,"7,464,333","693,189,619",93.50,94.50,93.30,93.70,+0.30,"3,765",
110/03/25,"7,336,495","683,283,589",92.80,94.30,92.50,93.00,-0.70,"3,878",
110/03/26,"5,528,698","519,136,960",93.20,94.30,93.20,94.00,+1.00,"3,334",
110/03/29,"13,944,622","1,359,863,987",94.90,98.40,94.90,98.00,+4.00,"7,190",
110/03/30,"14,419,124","1,416,169,148",98.00,99.40,96.60,99.00,+1.00,"7,338",
110/03/31,"22,848,397","2,275,752,240",100.00,102.00,98.00,98.00,-1.00,"10,737",
110/04/01,"8,830,130","876,899,781",100.00,100.50,98.90,99.00,+1.00,"4,880",
110/04/06,"5,555,522","554,299,401",100.00,100.50,99.20,99.30,+0.30,"3,489",
110/04/07,"7,849,363","777,116,567",100.00,100.50,98.50,99.00,-0.30,"4,610",
110/04/08,"6,926,191","685,490,415",98.90,99.50,98.80,98.80,-0.20,"3,714",
110/04/09,"9,469,680","927,413,813",98.80,99.00,97.60,97.90,-0.90,"5,366",
110/04/12,"5,578,597","545,805,280",98.00,99.00,97.40,97.40,-0.50,"3,614",
110/04/13,"12,167,213","1,168,251,278",97.00,97.40,95.20,95.90,-1.50,"7,995",
110/04/14,"12,176,617","1,167,776,476",96.90,97.30,95.00,96.00,+0.10,"7,288",
110/04/15,"8,881,682","850,973,532",95.90,96.00,95.20,95.90,-0.10,"4,293",
110/04/16,"9,335,558","905,995,321",96.20,97.90,96.00,97.90,+2.00,"4,759",
110/04/19,"6,502,782","631,928,879",97.30,97.80,96.80,97.30,-0.60,"3,728",
110/04/20,"7,745,333","757,435,671",97.50,98.50,97.40,98.00,+0.70,"4,414",
110/04/21,"8,079,002","789,781,853",97.50,98.50,97.50,97.80,-0.20,"4,503",
110/04/22,"12,605,560","1,226,576,624",98.20,98.40,96.80,97.20,-0.60,"6,274",
110/04/23,"9,901,846","966,388,488",98.00,98.70,97.00,97.60,+0.40,"5,589",
110/04/26,"6,132,075","603,381,576",97.60,98.80,97.50,98.80,+1.20,"3,534",
110/04/27,"11,003,092","1,075,961,200",99.40,99.40,97.00,97.40,-1.40,"6,628",
110/04/28,"7,973,552","776,403,251",98.00,98.40,96.90,97.60,+0.20,"3,583",
110/04/29,"7,763,796","762,512,788",97.90,98.50,97.70,98.40,+0.80,"3,431",
110/05/03,"11,342,742","1,097,789,826",97.10,98.00,96.20,96.20,-2.20,"4,055",
110/05/04,"12,358,292","1,169,852,079",96.20,96.20,93.40,94.30,-1.90,"6,489",
110/05/05,"7,757,239","731,279,841",93.80,94.90,93.70,94.10,-0.20,"4,390",
110/05/06,"13,935,757","1,295,561,764",93.70,94.20,92.30,93.00,-1.10,"7,382",
110/05/07,"10,552,187","1,000,208,790",93.00,95.40,93.00,95.40,+2.40,"5,107",
110/05/10,"6,954,805","660,207,919",95.40,96.00,94.30,94.50,-0.90,"3,732",
110/05/11,"12,120,406","1,113,501,556",93.00,93.40,90.60,91.50,-3.00,"6,480",
110/05/12,"23,909,836","2,102,393,416",90.10,91.30,84.00,87.90,-3.60,"11,788",
110/05/13,"15,607,414","1,374,081,134",87.00,89.80,85.20,88.10,+0.20,"8,235",
110/05/14,"14,976,538","1,368,311,330",90.00,93.00,89.40,90.30,+2.20,"9,088",
110/05/17,"16,275,691","1,434,631,727",88.40,89.50,87.00,88.30,-2.00,"10,540",
110/05/18,"15,650,771","1,391,931,696",87.60,90.30,86.50,90.00,+1.70,"7,282",
110/05/19,"9,828,634","883,361,717",89.60,90.90,88.90,89.50,-0.50,"4,941",
110/05/20,"11,987,595","1,066,945,985",89.40,90.50,88.30,88.40,-1.10,"6,938",
110/05/21,"10,779,059","960,122,353",88.70,90.80,88.40,88.80,+0.40,"5,823",
110/05/24,"7,664,809","674,568,498",88.30,88.60,87.50,87.90,-0.90,"4,550",
110/05/25,"11,984,689","1,056,199,556",87.90,88.60,87.80,87.90, 0.00,"5,880",
110/05/26,"14,479,032","1,262,412,139",87.80,88.10,86.50,87.20,-0.70,"7,901",
110/05/27,"37,550,450","3,276,443,469",86.60,87.90,86.10,87.40,+0.20,"7,339",
110/05/28,"12,941,525","1,136,305,165",86.80,88.80,86.80,87.90,+0.50,"6,517",
110/05/31,"10,804,715","962,328,662",88.10,89.80,88.00,89.70,+1.80,"6,277",
110/06/01,"9,083,486","818,428,395",90.40,90.70,89.80,89.90,+0.20,"6,110",
110/06/02,"14,666,308","1,304,104,979",89.90,90.30,88.20,88.40,-1.50,"8,980",
110/06/03,"12,673,182","1,112,196,741",88.20,88.60,87.40,87.80,-0.60,"8,667",
110/06/04,"8,901,069","775,300,307",87.30,87.50,86.80,87.10,-0.70,"5,823",
110/06/07,"8,730,017","756,766,694",87.10,87.20,86.00,87.00,-0.10,"4,597",
110/06/08,"7,695,881","668,988,169",87.20,87.70,86.60,86.70,-0.30,"4,459",
110/06/09,"15,149,999","1,296,374,347",86.50,86.70,85.10,85.10,-1.60,"9,875",
110/06/10,"11,685,068","996,827,839",85.10,86.20,85.00,85.10, 0.00,"6,255",
110/06/11,"7,623,619","655,584,766",85.30,86.40,85.20,86.00,+0.90,"3,812",
110/06/15,"11,879,535","1,035,352,687",86.70,87.80,86.30,87.10,+1.10,"6,005",
110/06/16,"12,962,370","1,140,032,549",87.10,88.30,87.00,88.30,+1.20,"7,571",
110/06/17,"13,638,623","1,191,086,950",87.50,87.80,86.70,87.60,-0.70,"7,751",
110/06/18,"13,643,334","1,189,338,187",87.70,87.80,87.00,87.00,-0.60,"4,984",
110/06/21,"9,566,797","833,857,636",87.00,87.60,86.50,87.10,+0.10,"4,755",
110/06/22,"16,602,957","1,432,908,390",87.00,87.20,85.70,86.20,-0.90,"8,284",
110/06/23,"10,363,576","900,967,354",86.20,87.40,86.20,87.00,+0.80,"5,863",
110/06/24,"13,207,462","1,145,291,497",87.00,87.30,86.30,86.80,-0.20,"6,432",
110/06/25,"9,910,494","865,092,818",86.60,87.80,86.50,87.30,+0.50,"5,341",
110/06/28,"7,124,430","623,642,256",87.50,87.80,87.00,87.70,+0.40,"4,709",
110/06/29,"8,384,419","729,956,560",87.90,88.00,86.60,86.90,-0.80,"4,790",
110/06/30,"7,895,005","691,077,339",87.20,87.80,87.10,87.50,+0.60,"3,913",
110/07/01,"10,942,463","965,635,541",87.40,88.80,87.10,88.20,+0.70,"6,198",
110/07/02,"9,686,283","860,999,257",88.00,89.40,87.80,88.90,+0.70,"4,758",
110/07/05,"9,811,694","885,763,324",89.30,90.60,89.20,90.20,+1.30,"6,902",
110/07/06,"10,355,258","935,012,485",90.20,90.90,89.50,89.50,-0.70,"6,750",
110/07/07,"5,906,141","529,289,702",89.40,89.90,89.40,89.50, 0.00,"4,091",
110/07/08,"8,000,741","726,678,593",90.10,91.40,90.10,90.60,+1.10,"4,948",
110/07/09,"9,957,646","901,252,330",90.60,91.00,90.00,90.50,-0.10,"6,106",
110/07/12,"10,439,226","949,955,973",91.00,91.50,90.50,91.30,+0.80,"5,070",
110/07/13,"8,580,315","785,563,169",91.40,91.80,91.00,91.80,+0.50,"3,914",
110/07/14,"10,899,815","986,467,947",91.60,91.80,89.70,89.90,-1.90,"5,554",
110/07/15,"10,340,217","926,458,510",90.00,90.50,89.00,89.40,-0.50,"5,960",
110/07/16,"8,541,420","772,003,633",89.50,91.40,89.10,91.40,+2.00,"4,465",
110/07/19,"8,372,195","756,717,848",90.30,91.00,89.80,90.70,-0.70,"5,204",
110/07/20,"10,299,591","936,130,980",91.20,91.20,90.00,91.00,+0.30,"4,553",
110/07/21,"16,521,769","1,495,384,634",91.80,92.00,89.80,90.30,-0.70,"5,229",
110/07/22,"12,946,842","1,164,989,498",89.90,90.80,89.70,90.00,-0.30,"5,191",
110/07/23,"19,302,957","1,729,657,303",90.30,90.70,89.10,89.40,-0.60,"10,608",
110/07/26,"37,911,465","3,116,062,988",82.50,82.50,80.60,80.90,X0.00,"18,631",
110/07/27,"16,566,243","1,324,946,039",81.00,81.00,79.60,80.40,-0.50,"8,733",
110/07/28,"12,198,455","960,991,176",79.20,79.50,78.30,79.00,-1.40,"7,292",
110/07/29,"8,971,733","703,874,374",79.00,79.10,78.20,78.40,-0.60,"5,500",
110/07/30,"13,206,850","1,023,647,518",78.40,78.40,77.10,77.30,-1.10,"7,509",
110/08/02,"8,740,583","679,177,667",77.30,78.40,77.30,78.00,+0.70,"4,863",
110/08/03,"10,969,679","845,811,960",78.00,78.10,76.50,77.40,-0.60,"6,832",
110/08/04,"15,819,238","1,209,501,135",77.40,77.40,76.10,76.20,-1.20,"10,186",
110/08/05,"7,314,423","558,714,527",76.10,76.90,76.10,76.40,+0.20,"5,254",
110/08/06,"5,748,237","441,589,670",76.90,77.50,76.20,77.10,+0.70,"3,779",
110/08/09,"8,235,083","634,715,028",77.20,77.50,76.20,77.50,+0.40,"4,433",
110/08/10,"5,757,466","443,311,265",77.80,77.80,76.80,77.10,-0.40,"3,115",
110/08/11,"7,846,094","599,861,625",77.00,77.00,76.20,76.40,-0.70,"5,156",
110/08/12,"6,542,450","496,735,239",76.50,76.60,75.60,76.00,-0.40,"3,945",
110/08/13,"14,009,399","1,037,001,644",75.90,75.90,73.30,73.70,-2.30,"8,928",
110/08/16,"12,243,945","894,721,126",73.60,73.70,72.50,73.20,-0.50,"6,315",
110/08/17,"9,699,155","713,370,949",73.90,74.60,73.20,73.70,+0.50,"4,605",
110/08/18,"12,292,183","918,630,004",73.80,75.50,73.50,75.20,+1.50,"6,462",
110/08/19,"6,795,159","506,654,187",75.00,75.30,74.10,74.90,-0.30,"3,768",
110/08/20,"6,821,731","516,383,698",75.90,76.50,74.80,75.60,+0.70,"4,082",
110/08/23,"5,707,842","434,606,771",76.40,76.60,75.50,75.90,+0.30,"3,208",
110/08/24,"5,987,629","458,869,057",76.30,77.00,76.20,76.70,+0.80,"3,247",
110/08/25,"5,528,017","425,833,626",76.80,77.20,76.80,77.00,+0.30,"3,265",
110/08/26,"4,700,085","358,721,231",77.00,77.20,76.00,76.30,-0.70,"2,797",
110/08/27,"4,123,327","316,034,001",76.10,76.90,76.00,76.80,+0.50,"1,949",
110/08/30,"4,785,918","369,361,218",76.90,77.50,76.70,77.50,+0.70,"2,781",
110/08/31,"9,530,056","744,013,870",77.50,78.40,77.20,78.40,+0.90,"3,360",
110/09/01,"4,495,398","350,853,780",78.20,78.30,77.80,78.00,-0.40,"2,922",
110/09/02,"2,629,349","203,699,256",77.80,78.00,77.00,77.10,-0.90,"1,973",
110/09/03,"3,470,331","268,158,370",77.30,77.80,77.00,77.40,+0.30,"1,979",
110/09/06,"2,925,553","226,155,959",77.90,77.90,76.80,76.80,-0.60,"1,948",
110/09/07,"2,782,830","214,498,976",76.60,77.50,76.50,76.90,+0.10,"1,350",
110/09/08,"4,655,196","355,655,572",76.90,77.20,76.00,76.20,-0.70,"2,744",
110/09/09,"3,630,957","275,467,873",75.70,76.50,75.20,76.00,-0.20,"2,108",
110/09/10,"7,942,232","591,529,625",75.40,75.50,73.80,74.90,-1.10,"5,161",
110/09/13,"4,536,907","340,063,204",74.90,75.50,74.50,75.20,+0.30,"2,639",
110/09/14,"3,821,256","288,689,677",75.00,76.10,74.90,75.70,+0.50,"2,180",
110/09/15,"5,171,837","393,519,078",76.00,76.60,75.70,75.90,+0.20,"2,737",
110/09/16,"2,901,516","220,102,943",76.20,76.40,75.50,76.00,+0.10,"1,746",
110/09/17,"13,285,894","1,027,430,838",76.00,77.90,75.90,77.90,+1.90,"4,057",
110/09/22,"12,902,109","993,619,146",76.90,78.40,75.80,78.40,+0.50,"7,007",
110/09/23,"13,208,307","1,041,847,982",78.00,79.50,77.90,79.50,+1.10,"7,697",
110/09/24,"10,158,016","799,949,520",79.80,79.90,78.10,78.40,-1.10,"6,095",
110/09/27,"6,004,804","470,140,537",78.40,78.70,77.80,78.20,-0.20,"2,132",
110/09/28,"5,107,750","396,313,445",77.70,78.20,77.20,77.50,-0.70,"2,318",
110/09/29,"5,980,481","457,932,843",76.80,77.10,76.30,76.70,-0.80,"3,755",
110/09/30,"5,821,330","449,600,213",76.20,77.80,76.10,77.50,+0.80,"2,992",
110/10/01,"6,102,575","469,640,613",77.00,78.00,76.50,77.00,-0.50,"3,283",
110/10/04,"4,440,404","344,114,943",77.50,78.40,77.20,77.30,+0.30,"2,940",
110/10/05,"4,685,734","361,033,377",77.40,77.40,76.60,77.10,-0.20,"2,595",
110/10/06,"4,490,763","347,071,235",77.10,77.70,76.80,77.50,+0.40,"2,223",
110/10/07,"6,555,869","514,982,631",78.00,79.10,77.90,78.10,+0.60,"3,569",
110/10/08,"3,461,939","272,085,685",78.20,79.10,78.10,78.50,+0.40,"2,080",
110/10/12,"5,919,223","455,674,622",77.60,77.60,76.30,76.90,-1.60,"3,354",
110/10/13,"4,649,788","360,187,323",77.80,78.10,76.80,77.40,+0.50,"2,453",
110/10/14,"5,922,053","465,161,720",78.10,78.90,77.80,78.90,+1.50,"3,205",
110/10/15,"7,568,897","594,787,310",79.30,79.60,78.20,78.40,-0.50,"3,993",
110/10/18,"6,332,664","500,712,599",78.90,79.40,78.50,78.90,+0.50,"3,049",
110/10/19,"4,340,666","343,405,320",79.20,79.40,78.60,79.40,+0.50,"3,141",
110/10/20,"6,537,175","515,115,351",79.70,79.70,78.20,78.40,-1.00,"4,233",
110/10/21,"6,005,775","467,645,564",78.70,78.70,77.60,77.90,-0.50,"3,123",
110/10/22,"5,969,690","467,089,440",78.50,78.80,77.90,78.30,+0.40,"2,431",
110/10/25,"3,929,551","307,361,732",78.30,78.70,77.80,77.90,-0.40,"2,096",
110/10/26,"6,535,074","516,950,084",78.30,79.30,78.20,79.20,+1.30,"2,972",
110/10/27,"3,040,364","239,278,848",78.70,79.20,78.40,78.60,-0.60,"1,688",
110/10/28,"1,951,836","153,723,776",79.10,79.10,78.50,78.90,+0.30,"1,238",
110/10/29,"3,824,054","298,922,437",78.90,78.90,77.80,78.00,-0.90,"1,958",
110/11/01,"3,940,805","309,602,198",78.10,78.90,78.10,78.50,+0.50,"2,257",
110/11/02,"5,517,012","436,906,553",79.10,79.40,78.90,79.20,+0.70,"2,859",
110/11/03,"2,882,424","227,885,901",79.50,79.50,78.70,79.10,-0.10,"2,243",
110/11/04,"5,646,943","448,858,618",79.00,79.80,79.00,79.70,+0.60,"3,059",
110/11/05,"6,535,540","520,660,524",79.70,80.20,78.70,80.00,+0.30,"4,401",
110/11/08,"8,317,335","672,282,036",80.10,81.50,79.80,81.50,+1.50,"4,732",
110/11/09,"6,319,798","511,349,128",81.50,81.50,80.40,81.10,-0.40,"4,726",
110/11/10,"13,028,699","1,079,259,753",82.00,83.90,81.90,82.80,+1.70,"7,968",
110/11/11,"3,917,807","323,417,954",82.80,83.00,82.20,82.50,-0.30,"2,642",
110/11/12,"7,161,193","593,796,665",82.90,83.50,82.30,83.00,+0.50,"3,671",
110/11/15,"19,612,964","1,680,904,464",85.00,86.30,83.90,86.00,+3.00,"10,781",
110/11/16,"17,167,420","1,511,708,886",87.00,88.60,87.00,88.60,+2.60,"10,150",
110/11/17,"8,452,216","745,247,013",89.10,89.20,87.30,88.50,-0.10,"7,078",
110/11/18,"5,862,445","516,291,125",88.50,88.60,87.50,88.30,-0.20,"4,546",
110/11/19,"9,752,345","848,335,288",87.80,88.10,86.30,86.90,-1.40,"9,742",
110/11/22,"6,334,256","547,620,498",86.90,87.20,85.80,86.50,-0.40,"5,279",
110/11/23,"7,326,300","637,751,824",86.50,87.60,85.80,87.60,+1.10,"4,655",
110/11/24,"3,043,424","265,022,188",87.90,88.00,86.60,87.00,-0.60,"2,677",
110/11/25,"3,214,098","281,884,842",87.60,88.00,87.20,88.00,+1.00,"2,464",
110/11/26,"4,805,424","418,432,490",87.50,87.80,86.50,86.60,-1.40,"5,195",
110/11/29,"5,242,250","452,475,015",85.20,87.20,85.10,86.60, 0.00,"5,200",
110/11/30,"13,579,221","1,176,084,997",86.50,87.80,85.90,85.90,-0.70,"6,655",
110/12/01,"6,686,246","585,237,208",86.30,87.90,86.30,87.90,+2.00,"4,921",
110/12/02,"6,898,020","601,781,617",87.20,88.00,86.70,87.90, 0.00,"7,060",
110/12/03,"5,822,781","513,121,021",88.20,88.50,87.70,87.80,-0.10,"5,032",
110/12/06,"4,424,313","387,564,074",87.40,88.10,86.90,87.30,-0.50,"3,119",
110/12/07,"6,850,128","599,705,335",87.10,88.00,87.00,87.90,+0.60,"3,688",
110/12/08,"8,206,285","727,048,205",88.40,89.20,88.00,88.40,+0.50,"5,642",
110/12/09,"6,043,454","535,954,799",89.10,89.10,88.20,89.00,+0.60,"4,067",
110/12/10,"7,185,694","642,426,513",89.20,89.80,88.70,89.30,+0.30,"6,463",
110/12/13,"6,635,793","591,563,126",89.70,89.90,88.70,88.70,-0.60,"11,544",
110/12/14,"7,204,980","641,869,789",88.40,89.50,87.90,89.30,+0.60,"5,220",
110/12/15,"5,745,438","509,652,900",89.30,89.30,88.30,88.80,-0.50,"8,817",
110/12/16,"9,453,764","850,315,044",89.70,90.30,89.30,90.10,+1.30,"6,205",
110/12/17,"9,375,036","835,883,830",89.20,90.00,88.90,88.90,-1.20,"11,935",
110/12/20,"9,656,032","852,866,634",88.40,89.30,87.80,87.80,-1.10,"14,438",
110/12/21,"7,937,373","705,561,617",87.80,89.50,87.80,89.30,+1.50,"6,531",
110/12/22,"5,963,243","535,638,503",90.10,90.30,89.30,90.00,+0.70,"4,331",
110/12/23,"4,120,807","371,343,677",90.10,90.40,89.70,90.30,+0.30,"4,494",
110/12/24,"4,100,041","370,682,570",90.50,90.50,90.10,90.50,+0.20,"3,092",
110/12/27,"5,373,306","490,065,322",90.80,91.80,90.70,91.40,+0.90,"7,129",
110/12/28,"20,828,467","1,954,851,526",92.50,94.80,92.50,94.70,+3.30,"15,090",
110/12/29,"12,772,320","1,208,856,297",95.00,96.00,93.50,94.60,-0.10,"13,298",
110/12/30,"8,717,995","828,425,601",94.60,95.50,94.30,94.70,+0.10,"4,912",
111/01/03,"7,772,801","731,562,040",95.30,95.80,93.30,93.70,-1.00,"8,743",
111/01/04,"8,594,808","801,610,755",93.70,94.50,92.80,93.50,-0.20,"7,110",
111/01/05,"5,700,952","531,021,036",92.90,93.70,92.70,93.50, 0.00,"4,002",
111/01/06,"7,515,833","697,285,679",93.20,93.50,92.10,93.30,-0.20,"5,639",
111/01/07,"9,386,095","874,117,642",93.60,94.60,92.20,93.00,-0.30,"6,335",
111/01/10,"8,232,529","761,097,070",93.50,93.60,91.90,92.50,-0.50,"5,359",
111/01/11,"10,866,116","997,170,588",92.10,92.30,91.10,92.10,-0.40,"5,998",
111/01/12,"5,162,013","474,448,887",92.50,92.80,91.50,91.90,-0.20,"3,208",
111/01/13,"9,380,844","862,494,702",92.40,93.10,91.40,92.20,+0.30,"6,524",
111/01/14,"8,309,532","763,358,746",92.20,92.50,91.10,92.50,+0.30,"4,102",
111/01/17,"5,053,441","464,232,465",92.10,92.60,91.60,91.90,-0.60,"7,876",
111/01/18,"9,448,384","882,922,586",92.20,93.90,92.20,93.40,+1.50,"7,606",
111/01/19,"7,374,152","687,202,143",92.90,93.90,92.60,93.40, 0.00,"6,999",
111/01/20,"8,833,365","820,919,962",93.10,93.60,92.50,92.80,-0.60,"4,400",
111/01/21,"9,359,986","863,993,166",92.50,92.90,91.80,92.90,+0.10,"4,744",
111/01/24,"7,267,867","677,084,552",92.20,94.00,91.90,94.00,+1.10,"3,834",
111/01/25,"9,069,851","839,586,989",92.40,93.40,91.90,93.00,-1.00,"8,027",
111/01/26,"4,941,814","458,810,996",93.00,93.50,92.40,92.90,-0.10,"4,104",
111/02/07,"6,432,136","599,839,279",92.90,93.80,92.50,93.70,+0.80,"5,157",
111/02/08,"6,246,837","586,976,416",94.10,94.20,93.60,94.20,+0.50,"4,773",
111/02/09,"12,112,190","1,156,030,972",94.60,96.00,94.30,95.70,+1.50,"6,934",
111/02/10,"7,411,579","702,779,403",95.80,95.80,94.20,95.00,-0.70,"7,853",
111/02/11,"5,199,338","487,243,521",93.90,94.10,93.40,93.80,-1.20,"9,801",
111/02/14,"5,539,179","510,844,994",92.90,92.90,91.70,92.60,-1.20,"7,006",
111/02/15,"3,450,078","318,533,065",92.30,92.80,91.60,92.40,-0.20,"2,652",
111/02/16,"6,020,863","560,192,486",92.70,93.60,92.40,93.40,+1.00,"7,391",
111/02/17,"5,420,759","505,453,308",93.80,93.90,92.90,93.20,-0.20,"4,642",
111/02/18,"4,577,361","430,033,842",92.80,94.30,92.80,94.30,+1.10,"2,851",
111/02/21,"4,795,516","452,615,591",93.40,95.00,93.20,94.70,+0.40,"3,061",
111/02/22,"8,072,066","756,739,281",94.40,94.80,92.80,94.80,+0.10,"8,280",
111/02/23,"4,110,587","387,718,555",94.80,94.80,94.00,94.30,-0.50,"2,919",
111/02/24,"14,375,963","1,324,148,712",93.50,93.60,91.30,91.90,-2.40,"9,202",
111/02/25,"10,923,524","1,008,421,147",92.60,93.30,91.50,92.90,+1.00,"6,947",
111/03/01,"5,994,747","562,261,081",94.00,94.90,93.10,93.80,+0.90,"4,006",
111/03/02,"5,611,028","522,328,959",93.40,93.50,92.40,93.20,-0.60,"3,706",
111/03/03,"2,921,013","273,375,763",93.70,93.90,93.40,93.60,+0.40,"1,897",
111/03/04,"5,243,041","486,687,808",92.60,93.30,92.20,92.90,-0.70,"5,326",
111/03/07,"11,743,611","1,064,313,029",91.60,91.90,90.00,90.90,-2.00,"10,404",
111/03/08,"13,820,712","1,239,072,681",89.30,90.80,88.80,89.60,-1.30,"12,276",
111/03/09,"10,601,491","946,771,164",89.90,90.40,88.70,89.10,-0.50,"12,189",
111/03/10,"10,425,878","963,516,811",91.10,93.30,90.90,92.60,+3.50,"6,551",
111/03/11,"3,695,314","340,954,897",92.70,92.80,91.90,92.00,-0.60,"3,416",
111/03/14,"5,189,816","476,415,359",92.00,92.50,91.40,92.00, 0.00,"3,383",
111/03/15,"5,714,508","519,785,229",92.00,92.00,90.70,91.00,-1.00,"3,861",
111/03/16,"8,939,761","816,651,036",91.00,92.40,90.60,92.00,+1.00,"4,788",
111/03/17,"11,975,189","1,106,875,612",93.40,93.60,91.40,92.40,+0.40,"7,387",
111/03/18,"10,271,938","949,189,049",92.40,92.70,92.00,92.50,+0.10,"3,137",
111/03/21,"5,617,141","517,791,343",92.50,92.70,91.90,92.00,-0.50,"4,031",
111/03/22,"7,350,747","670,487,858",92.00,92.10,90.80,91.40,-0.60,"8,769",
111/03/23,"4,812,851","442,629,309",91.40,92.70,91.20,92.70,+1.30,"3,969",
111/03/24,"4,503,994","412,937,010",91.90,91.90,91.30,91.80,-0.90,"3,376",
111/03/25,"5,049,429","460,625,928",91.10,91.50,91.00,91.50,-0.30,"5,913",
111/03/28,"5,157,892","469,383,384",90.60,91.80,90.40,91.80,+0.30,"7,832",
111/03/29,"6,325,705","575,635,116",91.00,91.50,90.80,91.30,-0.50,"6,096",
111/03/30,"14,113,717","1,266,866,125",90.00,90.30,89.20,89.60,-1.70,"9,404",
111/03/31,"15,003,621","1,329,327,784",89.30,89.70,88.10,88.30,-1.30,"10,039",
111/04/01,"17,886,288","1,547,111,669",87.20,87.30,86.20,86.50,-1.80,"11,894",
111/04/06,"11,968,308","1,036,489,076",86.10,87.10,85.80,87.00,+0.50,"7,840",
111/04/07,"10,463,241","901,937,416",86.20,86.70,85.70,86.00,-1.00,"7,318",
111/04/08,"10,042,688","859,909,497",86.00,86.30,85.30,85.90,-0.10,"6,238",
111/04/11,"8,175,208","702,615,553",85.90,87.80,85.30,85.60,-0.30,"5,182",
111/04/12,"6,397,989","548,695,983",85.50,86.30,85.20,85.70,+0.10,"4,059",
111/04/13,"5,446,692","474,201,482",86.80,87.70,86.30,87.70,+2.00,"3,150",
111/04/14,"8,686,027","748,446,819",86.80,86.90,85.60,85.60,-2.10,"5,768",
111/04/15,"5,771,005","493,532,262",85.30,85.90,85.10,85.90,+0.30,"3,798",
111/04/18,"8,063,347","685,254,693",85.30,85.60,84.40,85.20,-0.70,"4,828",
111/04/19,"5,229,569","445,959,102",85.00,85.70,85.00,85.00,-0.20,"2,652",
111/04/20,"13,808,449","1,173,512,572",85.00,85.80,84.30,85.80,+0.80,"6,969",
111/04/21,"8,799,100","747,769,744",85.70,85.70,84.60,84.60,-1.20,"5,172",
111/04/22,"12,042,870","1,015,073,125",84.10,84.90,83.60,84.50,-0.10,"6,324",
111/04/25,"9,274,794","773,252,806",83.60,84.00,83.00,83.20,-1.30,"6,909",
111/04/26,"10,971,401","916,022,536",83.30,84.00,82.20,83.90,+0.70,"4,998",
111/04/27,"5,452,921","452,994,577",83.20,83.80,82.70,83.00,-0.90,"3,068",
111/04/28,"4,729,806","391,078,013",82.80,83.10,82.10,82.90,-0.10,"3,828",
111/04/29,"3,520,202","294,467,995",82.90,84.20,82.90,83.80,+0.90,"2,839",
111/05/03,"5,113,073","425,532,601",83.70,84.00,82.30,83.60,-0.20,"2,501",
111/05/04,"4,371,014","369,628,039",83.30,85.30,83.20,85.20,+1.60,"2,528",
111/05/05,"4,217,785","361,499,872",85.90,86.10,85.40,85.50,+0.30,"3,578",
111/05/06,"4,985,408","424,607,261",84.50,85.80,84.50,85.60,+0.10,"3,193",
111/05/09,"4,100,933","347,525,014",84.00,85.60,83.70,84.90,-0.70,"2,370",
111/05/10,"6,623,025","553,397,365",83.90,84.40,82.50,83.60,-1.30,"4,105",
111/05/11,"6,085,644","505,519,434",82.60,83.50,82.50,83.00,-0.60,"3,321",
111/05/12,"7,082,744","581,753,437",82.50,83.20,81.50,82.10,-0.90,"5,984",
111/05/13,"7,371,494","602,084,547",82.40,82.50,81.10,82.10, 0.00,"6,013",
111/05/16,"21,604,775","1,666,870,715",80.50,80.60,76.00,76.40,-5.70,"16,183",
111/05/17,"16,279,793","1,229,002,893",76.30,76.40,75.10,75.40,-1.00,"9,151",
111/05/18,"15,277,593","1,151,590,059",75.10,76.00,74.90,75.70,+0.30,"8,780",
111/05/19,"11,082,298","825,942,469",74.80,75.20,74.10,75.10,-0.60,"7,422",
111/05/20,"9,452,407","707,002,199",75.20,75.60,74.50,74.50,-0.60,"6,110",
111/05/23,"8,734,070","660,084,087",75.40,76.20,75.00,75.50,+1.00,"4,581",
111/05/24,"8,842,931","664,697,630",75.60,76.40,74.90,75.00,-0.50,"4,158",
111/05/25,"5,343,612","404,370,093",75.60,76.20,75.00,75.70,+0.70,"2,827",
111/05/26,"6,281,393","480,859,171",76.30,76.80,76.10,76.70,+1.00,"3,995",
111/05/27,"6,036,216","465,867,079",77.00,77.50,76.20,77.20,+0.50,"3,348",
111/05/30,"8,577,828","675,924,138",78.00,79.30,77.70,79.10,+1.90,"5,248",
111/05/31,"11,052,594","878,040,845",79.10,80.00,78.50,79.60,+0.50,"4,180",
111/06/01,"4,590,536","367,251,485",79.40,80.50,79.20,79.90,+0.30,"2,903",
111/06/02,"6,673,503","530,303,579",79.40,80.20,78.90,79.10,-0.80,"4,445",
111/06/06,"5,790,980","461,285,471",80.00,80.20,79.30,79.60,+0.50,"3,647",
111/06/07,"5,697,497","454,456,398",79.50,80.20,78.80,80.00,+0.40,"3,054",
111/06/08,"4,248,224","342,362,260",80.10,81.30,80.10,80.20,+0.20,"2,831",
111/06/09,"3,914,407","315,074,673",80.10,80.70,80.10,80.60,+0.40,"2,172",
111/06/10,"3,808,540","305,624,625",79.60,80.90,79.10,80.40,-0.20,"2,638",
111/06/13,"6,720,377","531,395,461",79.30,79.90,78.70,79.30,-1.10,"3,384",
111/06/14,"5,337,995","425,299,424",79.30,80.30,79.10,79.90,+0.60,"3,422",
111/06/15,"5,238,865","419,612,221",79.50,80.80,79.30,80.00,+0.10,"3,500",
111/06/16,"4,913,706","395,684,976",81.00,81.40,79.80,79.80,-0.20,"3,464",
111/06/17,"10,475,203","841,577,356",78.50,81.00,78.50,81.00,+1.20,"3,591",
111/06/20,"5,829,329","461,185,407",80.00,80.20,78.50,78.90,-2.10,"3,487",
111/06/21,"6,966,376","559,859,720",80.80,80.80,79.10,80.60,+1.70,"2,998",
111/06/22,"5,380,335","428,498,394",80.40,80.80,79.00,79.40,-1.20,"3,041",
111/06/23,"6,760,677","538,950,024",80.20,80.70,78.80,80.00,+0.60,"3,255",
111/06/24,"3,852,531","309,377,798",80.70,80.70,79.80,80.40,+0.40,"2,332",
111/06/27,"4,311,357","348,878,690",80.90,81.20,80.40,80.80,+0.40,"2,411",
111/06/28,"3,372,385","273,665,542",81.30,81.80,80.60,80.90,+0.10,"2,417",
111/06/29,"8,156,330","650,181,035",80.20,80.60,78.50,80.10,-0.80,"3,845",
111/06/30,"9,191,620","733,225,907",79.40,80.60,78.60,79.80,-0.30,"5,148",
111/07/01,"6,833,476","544,164,506",79.20,80.40,79.10,79.30,-0.50,"4,302",
111/07/04,"6,761,595","538,907,026",79.50,80.40,79.10,79.20,-0.10,"3,855",
111/07/05,"5,945,681","475,069,772",80.50,81.20,79.20,79.50,+0.30,"3,327",
111/07/06,"10,783,820","826,570,219",79.90,80.10,75.00,75.00,-4.50,"7,114",
111/07/07,"8,552,299","659,167,810",75.30,78.20,75.00,77.50,+2.50,"4,642",
111/07/08,"10,633,960","816,712,770",76.80,78.20,75.80,76.20,-1.30,"6,195",
111/07/11,"4,941,384","383,804,628",77.40,78.50,76.80,78.00,+1.80,"3,060",
111/07/12,"7,534,219","579,361,790",77.00,77.40,76.20,76.80,-1.20,"4,937",
111/07/13,"7,898,450","625,252,870",79.40,79.90,78.50,79.20,+2.40,"4,238",
111/07/14,"6,079,396","487,150,840",79.30,80.70,79.10,80.30,+1.10,"3,770",
111/07/15,"5,386,866","431,571,576",80.10,80.70,79.70,79.70,-0.60,"3,477",
111/07/18,"7,850,811","629,724,256",79.60,80.90,78.80,80.70,+1.00,"3,301",
111/07/19,"8,415,288","685,638,614",80.70,82.10,80.20,81.10,+0.40,"4,755",
111/07/20,"8,728,693","710,992,596",81.50,82.00,80.80,81.10, 0.00,"4,567",
111/07/21,"11,261,634","935,615,785",81.90,83.90,81.70,83.70,+2.60,"5,904",
111/07/22,"8,025,295","665,099,271",83.30,83.60,82.40,83.00,-0.70,"4,138",
111/07/25,"4,717,371","389,155,976",82.90,83.00,81.40,83.00, 0.00,"2,287",
111/07/26,"3,817,906","314,797,711",82.80,83.20,82.00,82.50,-0.50,"2,450",
111/07/27,"6,959,785","578,657,011",82.50,83.60,82.20,83.40,+0.90,"2,654",
111/07/28,"8,329,288","699,336,010",84.00,84.40,83.30,84.40,+1.00,"3,764",
111/07/29,"12,547,087","1,060,733,365",84.60,84.90,84.10,84.60,+0.20,"5,117",
111/08/01,"18,807,054","1,470,261,779",78.80,78.90,77.00,78.40,X0.00,"8,403",
111/08/02,"8,200,695","641,817,717",78.10,78.70,77.70,78.70,+0.30,"5,284",
111/08/03,"7,873,306","615,923,290",78.90,78.90,77.80,78.50,-0.20,"4,427",
111/08/04,"6,134,676","481,586,493",78.70,79.30,78.00,78.30,-0.20,"4,289",
111/08/05,"6,011,115","474,826,193",79.20,79.30,78.60,79.10,+0.80,"3,313",
111/08/08,"5,400,404","426,640,963",78.90,79.70,78.40,79.70,+0.60,"3,112",
111/08/09,"4,253,137","340,795,631",79.60,80.60,79.00,80.50,+0.80,"3,310",
111/08/10,"5,643,952","458,210,042",79.90,81.60,79.90,81.50,+1.00,"3,219",
111/08/11,"6,219,426","506,364,386",82.00,82.00,80.90,81.30,-0.20,"4,350",
111/08/12,"5,036,039","408,463,200",81.60,82.00,80.80,80.90,-0.40,"3,039",
111/08/15,"18,091,675","1,413,889,832",80.80,80.80,77.70,77.80,-3.10,"11,551",
111/08/16,"14,420,786","1,121,885,862",77.20,78.50,76.00,78.40,+0.60,"8,841",
111/08/17,"9,343,208","727,653,168",78.20,78.30,77.70,77.80,-0.60,"4,947",
111/08/18,"5,814,292","455,665,641",78.00,79.00,77.60,79.00,+1.20,"3,261",
111/08/19,"5,660,083","446,995,511",78.50,79.80,78.30,79.80,+0.80,"2,986",
111/08/22,"5,386,416","426,732,641",78.80,79.60,78.50,79.50,-0.30,"3,204",
111/08/23,"4,378,156","344,042,778",79.20,79.20,78.20,78.30,-1.20,"2,353",
111/08/24,"3,706,460","290,427,623",78.40,78.80,78.10,78.40,+0.10,"2,026",
111/08/25,"3,216,363","253,101,614",78.70,79.00,78.10,79.00,+0.60,"1,659",
111/08/26,"6,155,425","486,109,584",79.00,79.20,78.70,79.00, 0.00,"3,018",
111/08/29,"5,700,489","445,649,664",77.70,78.70,77.50,78.30,-0.70,"2,977",
111/08/30,"4,788,737","375,364,331",78.00,79.10,77.70,78.60,+0.30,"2,912",
111/08/31,"7,206,876","568,980,564",78.40,79.30,78.20,79.30,+0.70,"2,526",
111/09/01,"6,050,600","472,003,957",78.20,78.80,77.50,78.10,-1.20,"3,715",
111/09/02,"3,274,918","255,590,781",78.30,78.50,77.70,77.90,-0.20,"1,829",
111/09/05,"7,508,380","594,286,004",78.30,79.80,78.20,79.20,+1.30,"4,307",
111/09/06,"6,248,078","496,780,550",79.70,80.00,79.10,79.50,+0.30,"3,437",
111/09/07,"5,772,890","456,654,912",79.00,79.60,78.20,79.30,-0.20,"4,008",
111/09/08,"4,121,508","327,687,197",79.70,79.80,78.80,79.80,+0.50,"2,558",
111/09/12,"6,667,875","536,596,663",81.00,81.40,79.40,80.80,+1.00,"4,007",
111/09/13,"7,129,341","575,759,492",81.10,81.30,80.30,80.70,-0.10,"3,424",
111/09/14,"7,743,621","615,554,300",79.50,80.00,79.10,79.20,-1.50,"4,837",
111/09/15,"7,980,042","633,678,891",79.20,80.10,78.30,79.60,+0.40,"3,543",
111/09/16,"12,999,036","1,032,880,908",79.00,79.90,78.60,79.50,-0.10,"4,125",
111/09/19,"7,073,208","564,918,927",79.60,80.30,79.60,79.70,+0.20,"3,885",
111/09/20,"8,051,458","639,907,602",79.80,80.10,79.20,79.30,-0.40,"3,357",
111/09/21,"9,914,853","781,052,615",79.30,79.80,78.10,78.60,-0.70,"4,622",
111/09/22,"10,970,994","852,150,092",78.00,79.00,76.60,79.00,+0.40,"6,664",
111/09/23,"4,579,413","354,744,122",78.30,78.40,77.10,77.30,-1.70,"3,071",
111/09/26,"6,421,782","492,328,609",76.30,77.20,76.10,76.50,-0.80,"3,325",
111/09/27,"6,308,996","483,892,242",76.30,77.60,75.90,77.00,+0.50,"3,170",
111/09/28,"7,276,124","561,380,833",77.00,77.70,76.30,77.70,+0.70,"3,341",
111/09/29,"8,138,613","629,675,275",78.00,78.30,76.70,78.20,+0.50,"4,155",
111/09/30,"7,387,932","568,937,176",78.20,78.20,76.40,77.00,-1.20,"2,811",
111/10/03,"6,585,205","493,599,286",76.20,76.30,74.10,74.20,-2.80,"4,203",
111/10/04,"7,456,546","565,046,387",75.20,76.60,74.90,76.20,+2.00,"3,525",
111/10/05,"7,128,108","546,424,018",77.40,77.40,76.20,76.20, 0.00,"4,081",
111/10/06,"8,804,563","673,590,799",77.00,77.90,75.90,76.00,-0.20,"3,939",
111/10/07,"6,417,320","482,307,540",76.40,76.40,74.70,74.80,-1.20,"3,980",
111/10/11,"10,950,620","801,602,142",74.50,74.60,72.60,73.00,-1.80,"6,961",
111/10/12,"6,588,049","483,214,841",73.00,73.90,72.50,73.80,+0.80,"3,095",
111/10/13,"6,834,417","497,035,960",73.80,73.90,72.20,72.50,-1.30,"4,454",
111/10/14,"6,071,318","441,855,201",73.50,73.70,72.40,72.50, 0.00,"3,754",
111/10/17,"11,638,237","830,733,878",71.40,72.60,69.50,71.30,-1.20,"5,425",
111/10/18,"12,864,186","906,375,670",71.60,72.30,69.70,70.70,-0.60,"8,288",
111/10/19,"8,402,703","596,114,104",70.60,71.50,70.10,70.60,-0.10,"3,788",
111/10/20,"11,107,761","772,800,154",69.60,70.30,68.70,70.00,-0.60,"4,553",
111/10/21,"5,636,405","391,565,919",70.10,70.20,68.80,68.80,-1.20,"3,461",
111/10/24,"4,603,601","319,402,906",69.50,69.80,69.00,69.30,+0.50,"2,779",
111/10/25,"7,199,917","494,063,401",69.80,69.80,67.80,68.80,-0.50,"3,655",
111/10/26,"5,854,699","399,374,134",69.20,69.20,68.00,68.30,-0.50,"3,882",
111/10/27,"6,179,947","422,652,911",68.70,69.30,68.00,68.10,-0.20,"3,289",
111/10/28,"4,542,266","308,652,285",68.50,68.60,67.50,67.70,-0.40,"3,007",
111/10/31,"4,897,543","332,836,980",68.00,68.40,66.80,68.40,+0.70,"2,472",
111/11/01,"10,158,750","682,115,183",67.80,68.00,66.70,67.00,-1.40,"7,915",
111/11/02,"7,886,709","528,637,477",67.10,67.50,66.30,67.30,+0.30,"4,982",
111/11/03,"6,090,812","406,781,930",66.80,67.10,66.60,66.80,-0.50,"3,575",
111/11/04,"5,910,638","392,761,242",66.50,66.80,66.20,66.70,-0.10,"4,027",
111/11/07,"7,374,108","497,806,694",67.30,67.90,66.90,67.90,+1.20,"4,237",
111/11/08,"9,783,653","670,171,882",68.20,69.20,67.90,68.10,+0.20,"5,785",
111/11/09,"6,259,813","431,694,685",68.70,69.20,68.60,69.10,+1.00,"4,414",
111/11/10,"6,711,300","458,419,133",69.10,69.10,67.80,68.10,-1.00,"4,131",
111/11/11,"11,502,960","807,073,421",69.40,70.70,69.40,70.50,+2.40,"6,887",
111/11/14,"20,385,015","1,483,800,519",71.50,73.80,70.80,73.00,+2.50,"11,877",
111/11/15,"10,825,098","782,835,419",73.00,73.00,71.70,72.40,-0.60,"7,055",
111/11/16,"9,364,622","670,463,017",72.10,72.20,71.30,71.30,-1.10,"5,526",
111/11/17,"10,391,365","732,031,011",71.00,71.10,69.70,70.90,-0.40,"5,897",
111/11/18,"7,940,854","566,578,968",71.10,72.10,70.80,71.50,+0.60,"4,534",
111/11/21,"4,660,302","329,449,805",71.60,71.60,70.30,70.50,-1.00,"3,630",
111/11/22,"5,309,787","372,565,294",70.60,70.70,69.60,70.60,+0.10,"3,480",
111/11/23,"4,796,290","340,044,179",70.90,71.20,70.60,70.70,+0.10,"3,071",
111/11/24,"7,414,391","533,502,725",71.40,72.30,71.30,72.10,+1.40,"4,779",
111/11/25,"7,441,387","530,684,351",72.30,72.30,71.00,71.00,-1.10,"4,342",
111/11/28,"6,094,169","430,201,498",70.30,71.00,70.30,70.50,-0.50,"3,563",
111/11/29,"3,951,175","281,636,068",71.00,71.60,70.50,71.50,+1.00,"2,858",
111/11/30,"8,518,130","609,845,072",71.50,71.90,71.10,71.60,+0.10,"3,208",
111/12/01,"6,534,912","471,565,480",72.30,72.50,71.80,72.20,+0.60,"3,990",
111/12/02,"6,231,962","447,296,651",71.50,72.20,71.40,72.10,-0.10,"3,468",
111/12/05,"8,719,389","635,532,076",71.90,73.60,71.70,73.60,+1.50,"6,041",
111/12/06,"7,221,486","523,924,246",73.00,73.00,72.20,72.50,-1.10,"4,426",
111/12/07,"6,673,430","478,005,789",71.90,72.10,71.30,71.50,-1.00,"4,498",
111/12/08,"6,554,530","468,648,794",71.30,72.30,70.70,71.90,+0.40,"4,212",
111/12/09,"5,348,306","387,915,465",72.40,72.70,72.00,72.50,+0.60,"3,483",
111/12/12,"5,342,810","385,007,030",72.30,72.60,71.30,72.50, 0.00,"3,592",
111/12/13,"5,671,665","408,756,619",72.50,72.60,71.70,72.10,-0.40,"3,265",
111/12/14,"4,633,268","336,403,219",72.60,72.90,71.80,72.80,+0.70,"3,018",
111/12/15,"6,080,670","441,638,685",72.50,73.10,72.20,72.60,-0.20,"3,453",
111/12/16,"30,258,948","2,165,806,983",71.60,72.10,70.70,72.00,-0.60,"13,423",
111/12/19,"22,658,217","1,635,379,962",71.40,72.50,71.20,72.40,+0.40,"8,979",
111/12/20,"26,746,532","1,887,651,423",71.80,72.00,70.00,70.20,-2.20,"11,428",
111/12/21,"28,422,001","1,995,099,347",69.80,70.50,69.30,70.50,+0.30,"12,114",
111/12/22,"21,467,841","1,539,524,601",70.90,71.90,70.70,71.90,+1.40,"7,286",
111/12/23,"4,353,641","309,296,671",70.80,71.50,70.70,71.20,-0.70,"2,722",
111/12/26,"3,186,286","227,810,037",71.10,71.90,70.80,71.70,+0.50,"2,181",
111/12/27,"3,226,126","231,315,682",71.90,71.90,71.30,71.70, 0.00,"1,930",
111/12/28,"5,406,896","386,712,561",71.10,71.90,70.60,71.80,+0.10,"3,454",
111/12/29,"5,894,461","421,613,158",71.10,72.00,71.00,71.70,-0.10,"3,341",
111/12/30,"6,803,399","492,928,686",71.60,72.90,71.50,72.30,+0.60,"3,721",
112/01/03,"8,341,456","601,942,254",71.90,72.80,71.60,72.10,-0.20,"4,866",
112/01/04,"5,772,933","418,743,908",72.40,73.20,72.10,72.10, 0.00,"3,213",
112/01/05,"6,374,794","456,258,050",72.30,72.60,71.10,71.20,-0.90,"4,900",
112/01/06,"3,755,689","269,425,077",71.60,72.00,71.20,71.80,+0.60,"1,799",
112/01/09,"9,534,616","698,165,323",72.60,73.60,72.30,73.60,+1.80,"5,689",
112/01/10,"5,276,864","389,180,445",73.80,74.00,73.20,74.00,+0.40,"3,507",
112/01/11,"5,051,414","372,272,847",74.30,74.40,73.30,73.60,-0.40,"4,284",
112/01/12,"4,124,872","303,761,033",74.00,74.00,73.30,73.50,-0.10,"2,181",
112/01/13,"3,632,774","268,793,672",74.00,74.30,73.60,73.90,+0.40,"2,467",
112/01/16,"4,836,321","358,747,669",74.10,74.50,73.80,74.10,+0.20,"2,777",
112/01/17,"6,016,035","449,851,310",74.40,75.10,74.10,75.00,+0.90,"3,650",
112/01/30,"11,733,302","893,503,414",76.70,76.90,75.40,76.30,+1.30,"6,675",
112/01/31,"9,043,483","682,383,049",76.30,76.40,74.70,74.70,-1.60,"6,337",
112/02/01,"4,128,655","312,867,304",76.00,76.10,75.20,75.90,+1.20,"2,226",
112/02/02,"5,435,590","414,746,317",76.40,76.60,75.70,76.50,+0.60,"3,272",
112/02/03,"3,729,219","283,889,178",76.50,76.80,75.50,76.10,-0.40,"2,745",
112/02/06,"5,381,480","412,029,088",75.90,77.00,75.80,76.40,+0.30,"3,125",
112/02/07,"6,063,931","470,368,272",76.70,77.90,76.70,77.80,+1.40,"3,919",
112/02/08,"5,842,947","455,096,124",77.80,78.20,77.40,77.50,-0.30,"4,871",
112/02/09,"2,871,704","222,899,866",77.70,78.00,77.50,77.50, 0.00,"2,024",
112/02/10,"6,176,751","479,360,450",77.10,78.20,76.80,77.60,+0.10,"4,148",
112/02/13,"4,968,348","386,954,377",77.50,78.30,77.10,77.70,+0.10,"3,146",
112/02/14,"4,142,858","326,448,794",78.50,79.10,78.30,78.80,+1.10,"3,138",
112/02/15,"5,043,447","396,362,564",79.00,79.10,78.00,78.50,-0.30,"3,391",
112/02/16,"4,613,091","364,618,918",78.50,79.30,78.50,78.90,+0.40,"2,682",
112/02/17,"1,962,642","154,673,840",78.50,79.00,78.30,78.90, 0.00,"1,395",
112/02/20,"3,322,823","264,200,879",78.70,79.90,78.60,79.60,+0.70,"2,555",
112/02/21,"4,515,973","361,510,395",79.90,80.50,79.90,79.90,+0.30,"2,806",
112/02/22,"5,937,867","468,627,904",79.30,79.60,78.20,79.20,-0.70,"7,343",
112/02/23,"5,336,997","426,430,831",79.50,80.40,78.50,80.10,+0.90,"3,037",
112/02/24,"10,583,827","851,183,313",80.20,81.00,79.90,80.10, 0.00,"4,560",
112/03/01,"6,528,781","520,094,966",78.50,80.30,78.50,79.80,-0.30,"4,180",
112/03/02,"4,931,194","395,515,729",80.00,80.80,79.20,80.50,+0.70,"3,114",
112/03/03,"3,645,181","294,316,852",81.00,81.20,80.40,80.60,+0.10,"2,131",
112/03/06,"6,338,746","517,342,937",81.00,82.00,80.90,81.70,+1.10,"3,979",
112/03/07,"4,399,134","359,998,379",81.80,82.00,81.50,82.00,+0.30,"2,901",
112/03/08,"3,721,481","304,645,287",81.80,82.20,81.50,81.90,-0.10,"2,574",
112/03/09,"4,812,728","395,053,275",82.20,82.40,81.60,82.20,+0.30,"3,066",
112/03/10,"7,749,238","630,991,707",81.50,82.00,80.90,81.50,-0.70,"4,112",
112/03/13,"8,197,109","667,242,700",80.50,82.20,80.00,81.60,+0.10,"4,249",
112/03/14,"8,635,138","704,086,057",80.60,82.00,80.60,81.20,-0.40,"3,830",
112/03/15,"4,277,753","348,356,471",81.10,81.80,81.10,81.30,+0.10,"3,401",
112/03/16,"12,952,243","1,071,498,308",81.80,83.50,81.70,82.80,+1.50,"7,592",
112/03/17,"11,751,518","978,701,961",83.20,84.00,82.20,83.20,+0.40,"6,611",
112/03/20,"5,477,156","456,185,611",83.40,83.80,83.00,83.20, 0.00,"5,707",
112/03/21,"6,018,567","505,377,757",83.60,84.40,83.20,83.80,+0.60,"4,284",
112/03/22,"9,880,302","839,372,591",84.20,85.40,84.10,85.00,+1.20,"7,127",
112/03/23,"9,999,963","852,501,119",85.00,85.80,84.20,85.30,+0.30,"7,181",
112/03/24,"16,907,868","1,471,862,965",85.80,87.50,85.80,87.50,+2.20,"8,457",
112/03/27,"9,480,480","829,235,964",87.50,87.80,86.90,87.50, 0.00,"8,531",
112/03/28,"9,370,534","819,620,378",87.50,87.60,87.20,87.30,-0.20,"7,421",
112/03/29,"7,700,398","676,455,300",87.30,88.20,87.20,88.00,+0.70,"6,543",
112/03/30,"10,703,444","947,922,443",88.10,89.00,87.60,89.00,+1.00,"10,085",
112/03/31,"11,113,202","993,282,551",89.00,89.90,88.80,89.10,+0.10,"7,414",
112/04/06,"11,603,045","1,039,445,326",89.10,90.30,88.90,89.90,+0.80,"7,068",
112/04/07,"11,167,940","1,002,059,298",89.30,90.00,89.30,89.80,-0.10,"4,776",
112/04/10,"9,854,873","883,218,392",89.40,90.00,89.30,89.90,+0.10,"4,785",
112/04/11,"12,388,788","1,117,935,071",90.00,90.70,89.60,90.60,+0.70,"5,612",
112/04/12,"19,874,146","1,791,271,366",90.60,91.10,89.70,90.90,+0.30,"8,009",
112/04/13,"25,297,357","2,262,422,601",89.60,90.40,89.00,89.30,-1.60,"14,460",
112/04/14,"40,229,249","3,291,836,211",81.90,83.20,81.10,81.80,X0.00,"19,583",
112/04/17,"15,940,357","1,289,881,129",82.10,82.30,80.40,81.30,-0.50,"11,491",
112/04/18,"12,185,341","998,431,370",81.50,82.80,81.20,82.60,+1.30,"7,890",
112/04/19,"28,969,102","2,492,634,731",83.20,88.00,82.90,86.00,+3.40,"16,539",
112/04/20,"12,175,369","1,042,086,605",86.10,86.80,84.70,85.50,-0.50,"14,026",
112/04/21,"10,742,018","905,841,590",86.40,86.40,83.50,84.30,-1.20,"6,824",
112/04/24,"10,288,104","870,292,507",84.30,85.00,83.50,85.00,+0.70,"6,716",
112/04/25,"11,196,420","934,426,280",85.00,85.00,82.50,83.70,-1.30,"6,589",
112/04/26,"11,007,790","911,178,589",82.50,83.40,82.30,83.10,-0.60,"5,915",
112/04/27,"11,281,153","959,670,252",83.60,85.70,83.50,85.30,+2.20,"6,569",
112/04/28,"8,866,342","760,281,490",85.30,86.30,85.00,85.90,+0.60,"6,410",
112/05/02,"36,958,582","3,295,423,897",86.80,90.00,86.70,89.60,+3.70,"20,339",
112/05/03,"19,424,076","1,723,798,825",89.10,89.40,87.90,89.30,-0.30,"12,561",
112/05/04,"15,931,160","1,419,263,302",89.50,90.20,88.50,89.00,-0.30,"9,459",
112/05/05,"16,081,896","1,441,942,695",89.00,90.10,88.60,89.60,+0.60,"8,353",
112/05/08,"13,264,682","1,198,918,584",90.00,91.20,89.00,90.40,+0.80,"9,753",
112/05/09,"18,038,114","1,663,742,972",92.50,93.50,91.20,91.80,+1.40,"10,804",
112/05/10,"11,910,655","1,090,942,325",92.80,92.80,90.30,91.70,-0.10,"10,311",
112/05/11,"16,676,346","1,546,537,563",92.50,93.30,91.90,92.30,+0.60,"11,206",
112/05/12,"72,350,266","7,207,513,016",96.30,101.50,95.60,101.50,+9.20,"48,254",
112/05/15,"54,095,424","5,346,485,579",102.00,102.00,96.60,97.60,-3.90,"44,555",
112/05/16,"57,179,328","5,749,911,209",99.90,102.00,98.10,101.00,+3.40,"27,029",
112/05/17,"36,197,978","3,634,670,140",100.50,101.50,98.80,100.50,-0.50,"22,454",
112/05/18,"34,859,571","3,560,520,499",101.00,103.00,99.90,102.50,+2.00,"19,300",
112/05/19,"53,026,418","5,714,443,403",104.50,110.00,103.50,109.00,+6.50,"23,523",
112/05/22,"32,874,400","3,493,797,554",109.00,109.50,104.50,106.00,-3.00,"16,987",
112/05/23,"31,882,776","3,369,366,562",105.50,107.50,104.00,107.00,+1.00,"14,993",
112/05/24,"22,603,251","2,396,564,433",108.00,108.00,105.00,105.50,-1.50,"10,717",
112/05/25,"51,496,780","5,793,250,366",111.50,115.00,109.50,113.50,+8.00,"24,127",
112/05/26,"51,451,056","6,001,068,004",119.00,119.50,114.50,115.50,+2.00,"33,494",
112/05/29,"43,921,241","5,027,988,228",116.50,117.00,113.00,114.00,-1.50,"19,286",
112/05/30,"75,068,045","8,782,983,163",122.00,123.50,113.00,115.00,+1.00,"39,390",
112/05/31,"63,098,915","7,322,180,531",117.50,119.50,113.50,116.50,+1.50,"28,806",
112/06/01,"30,831,661","3,532,254,870",114.50,115.50,113.00,115.00,-1.50,"14,972",
112/06/02,"75,414,254","8,955,016,209",116.50,121.50,115.50,118.00,+3.00,"33,629",
112/06/05,"32,334,300","3,777,142,756",118.00,118.50,115.00,117.00,-1.00,"17,772",
112/06/06,"28,768,221","3,385,003,078",116.00,119.50,115.50,118.50,+1.50,"13,993",
112/06/07,"67,800,683","8,352,597,959",120.00,126.00,119.00,125.00,+6.50,"34,415",
112/06/08,"40,891,602","4,957,542,474",122.50,122.50,120.00,120.00,-5.00,"22,846",
112/06/09,"76,978,597","9,951,386,213",123.50,132.00,123.00,131.50,+11.50,"33,682",
112/06/12,"84,886,163","11,190,479,440",132.00,137.00,128.00,129.00,-2.50,"38,931",
112/06/13,"68,934,626","9,405,435,386",133.50,139.50,133.00,138.00,+9.00,"38,615",
112/06/14,"42,443,049","5,903,852,975",140.00,141.00,137.50,140.00,+2.00,"22,991",
112/06/15,"59,224,837","8,641,293,332",144.50,148.50,141.50,147.00,+7.00,"30,066",
112/06/16,"59,407,738","8,744,336,756",147.00,149.00,143.00,149.00,+2.00,"27,799",
112/06/19,"35,797,309","5,335,222,265",148.00,151.50,146.00,150.00,+1.00,"18,606",
112/06/20,"60,198,841","8,748,627,493",148.50,149.00,142.50,145.00,-5.00,"33,199",
112/06/21,"62,385,008","9,386,004,851",146.00,153.00,146.00,151.50,+6.50,"31,829",
112/06/26,"52,414,780","7,652,867,702",148.00,148.00,143.00,146.50,-5.00,"29,576",
112/06/27,"48,036,511","6,779,651,400",141.00,143.50,138.00,141.50,-5.00,"26,898",
112/06/28,"37,926,736","5,512,152,454",144.50,148.00,143.00,144.00,+2.50,"20,660",
112/06/29,"28,092,643","4,089,268,500",145.50,147.00,144.00,146.50,+2.50,"14,285",
112/06/30,"58,848,823","8,838,097,312",146.50,152.00,145.00,152.00,+5.50,"26,700",
112/07/03,"70,996,109","11,389,437,672",155.00,164.50,155.00,160.50,+8.50,"35,861",
112/07/04,"101,935,439","17,103,477,940",161.50,175.50,160.50,170.50,+10.00,"60,015",
112/07/05,"54,130,811","9,060,099,015",168.50,171.50,162.00,169.50,-1.00,"33,069",
112/07/06,"58,575,090","9,815,657,616",166.50,172.50,163.50,165.00,-4.50,"38,330",
112/07/07,"51,609,806","8,385,275,455",162.00,166.50,160.00,160.50,-4.50,"33,957",
112/07/10,"35,811,122","5,792,204,704",158.50,165.00,157.50,162.50,+2.00,"20,068",
112/07/11,"71,422,489","12,218,621,476",167.00,174.00,166.00,173.00,+10.50,"39,095",
112/07/12,"97,876,207","17,903,612,943",176.00,189.50,174.50,187.50,+14.50,"75,866",
112/07/13,"113,871,044","22,859,227,526",196.50,206.00,189.50,195.00,+7.50,"67,018",
112/07/14,"153,028,998","30,310,040,948",203.50,205.50,189.50,198.00,+3.00,"89,867",
112/07/17,"62,439,680","12,305,938,289",193.50,202.00,192.00,196.00,-2.00,"43,901",
112/07/18,"110,282,449","22,273,662,944",202.50,208.50,193.00,201.50,+5.50,"66,364",
112/07/19,"76,797,727","15,584,985,899",208.00,210.00,196.50,198.00,-3.50,"50,942",
112/07/20,"92,852,527","19,056,553,138",200.00,211.00,196.50,211.00,+13.00,"58,298",
112/07/21,"136,948,872","29,408,063,812",204.00,227.00,202.50,226.00,+15.00,"93,992",
112/07/24,"123,367,316","29,519,260,653",231.00,248.50,230.50,248.50,+22.50,"80,465",
112/07/25,"160,270,155","41,345,174,785",255.00,266.50,246.50,248.50, 0.00,"107,701",
112/07/26,"129,313,937","32,759,353,102",250.00,258.50,244.00,258.50,+10.00,"83,832",
112/07/27,"103,274,520","26,859,633,507",265.50,266.50,251.00,252.50,-6.00,"67,258",
112/07/28,"93,328,483","23,930,196,895",252.50,264.50,246.50,264.50,+12.00,"62,532",
112/07/31,"128,680,484","32,558,935,514",269.50,271.00,238.50,238.50,-26.00,"96,478",
112/08/01,"130,080,293","30,177,083,017",230.00,240.50,222.00,237.00,-1.50,"90,419",
112/08/02,"166,914,370","37,297,195,646",238.00,242.00,213.50,213.50,-23.50,"111,496",
112/08/04,"140,707,799","30,574,044,876",209.00,227.50,206.00,220.00,+6.50,"99,556",
112/08/07,"129,125,869","30,207,077,855",226.00,242.00,221.00,242.00,+22.00,"81,996",
112/08/08,"129,644,815","31,280,681,082",241.00,249.00,233.50,240.00,-2.00,"80,018",
112/08/09,"108,629,287","25,600,646,641",227.00,243.50,226.00,233.50,-6.50,"74,272",
112/08/10,"116,106,925","24,954,659,777",220.50,225.00,210.50,210.50,-23.00,"81,640",
112/08/11,"111,247,922","24,660,603,322",216.00,228.00,214.00,223.50,+13.00,"64,706",
112/08/14,"155,869,025","36,650,084,628",228.00,242.50,223.50,239.00,+15.50,"106,882",
112/08/15,"108,044,284","27,038,171,303",250.00,255.50,246.00,246.50,+7.50,"101,573",
112/08/16,"133,299,459","34,215,427,122",245.00,270.00,244.00,270.00,+23.50,"116,829",
112/08/17,"148,236,127","40,175,987,307",264.00,280.50,263.00,272.50,+2.50,"99,891",
112/08/18,"157,529,129","41,123,180,819",271.00,275.00,247.00,256.00,-16.50,"122,090",
112/08/21,"88,998,651","22,749,550,072",261.50,263.50,250.50,250.50,-5.50,"65,718",
112/08/22,"114,576,691","30,014,984,197",261.00,267.00,256.50,258.50,+8.00,"74,651",
112/08/23,"66,285,272","17,091,386,458",260.00,262.00,253.00,262.00,+3.50,"59,494",
112/08/24,"160,444,175","43,475,430,937",282.00,282.00,257.50,262.50,+0.50,"104,000",
112/08/25,"123,129,883","30,467,255,387",249.50,253.00,241.00,244.00,-18.50,"94,998",
112/08/28,"96,951,962","22,982,769,691",245.00,245.50,229.50,238.00,-6.00,"62,107",
112/08/29,"54,567,756","13,295,369,989",242.00,247.00,240.00,244.50,+6.50,"39,971",
112/08/30,"54,186,461","13,614,292,310",252.00,254.00,248.00,248.50,+4.00,"36,970",
112/08/31,"71,738,211","17,878,319,652",246.00,253.50,240.00,253.50,+5.00,"49,415",
112/09/01,"57,414,537","14,185,686,807",255.00,255.00,240.50,240.50,-13.00,"52,098",
112/09/04,"44,225,644","10,692,711,143",240.50,246.00,238.00,246.00,+5.50,"36,951",
112/09/05,"27,072,676","6,588,572,068",243.00,246.00,241.00,245.00,-1.00,"20,597",
112/09/06,"47,917,232","12,056,783,548",246.00,254.00,246.00,254.00,+9.00,"33,402",
112/09/07,"33,303,597","8,356,669,809",250.00,253.00,248.50,252.00,-2.00,"29,087",
112/09/08,"48,197,771","11,881,922,048",249.00,252.50,241.50,242.00,-10.00,"36,190",
112/09/11,"98,692,923","22,516,015,020",241.00,242.50,219.00,228.00,-14.00,"68,985",
112/09/12,"56,578,685","12,709,972,837",228.00,228.00,221.50,224.00,-4.00,"34,788",
112/09/13,"36,463,042","8,236,781,102",225.00,229.00,221.50,228.50,+4.50,"23,512",
112/09/14,"48,231,676","11,286,591,324",232.00,237.00,230.50,235.00,+6.50,"30,045",
112/09/15,"42,678,099","10,019,163,628",236.00,237.50,232.00,233.00,-2.00,"21,649",
112/09/18,"46,055,003","10,295,390,935",227.00,227.50,220.50,222.50,-10.50,"35,882",
112/09/19,"40,486,226","8,965,132,793",224.00,227.00,217.00,219.00,-3.50,"28,138",
112/09/20,"55,454,721","12,302,396,841",217.00,229.50,215.00,218.50,-0.50,"37,985",
112/09/21,"52,610,458","11,384,198,894",213.50,222.00,211.00,219.00,+0.50,"34,370",
112/09/22,"49,929,815","11,081,228,278",216.50,227.50,214.50,227.50,+8.50,"33,022",
112/09/25,"39,076,310","8,832,349,891",227.50,228.00,222.50,226.00,-1.50,"28,693",
112/09/26,"46,419,427","10,484,099,720",227.00,231.50,221.50,221.50,-4.50,"32,412",
112/09/27,"37,580,439","8,510,836,891",223.00,230.00,221.50,230.00,+8.50,"26,948",
112/09/28,"87,510,142","20,947,446,178",235.00,244.00,235.00,239.50,+9.50,"67,173",
112/10/02,"97,943,823","24,753,091,520",245.00,259.00,244.50,254.50,+15.00,"70,758",
112/10/03,"48,415,023","12,197,966,270",257.00,257.50,248.00,248.50,-6.00,"49,635",
112/10/04,"49,285,046","12,134,003,896",240.00,251.50,239.50,250.50,+2.00,"42,029",
112/10/05,"40,064,025","10,024,676,016",252.00,252.50,248.00,249.50,-1.00,"27,813",
112/10/06,"58,042,777","14,766,338,630",252.00,258.00,251.00,254.50,+5.00,"35,291",
112/10/11,"79,041,637","19,665,071,061",262.00,262.00,238.00,238.00,-16.50,"60,139",
112/10/12,"65,964,588","15,774,826,929",235.00,244.00,234.50,238.00, 0.00,"45,460",
112/10/13,"81,323,569","18,515,409,412",238.00,240.00,222.00,226.00,-12.00,"64,126",
112/10/16,"41,180,087","9,196,959,731",221.50,227.00,221.00,221.50,-4.50,"27,637",
112/10/17,"44,852,365","9,973,199,069",224.50,226.50,218.00,221.50, 0.00,"31,292",
112/10/18,"91,161,788","19,315,774,041",217.00,218.00,208.00,209.50,-12.00,"59,957",
112/10/19,"49,450,199","10,273,963,630",207.00,211.00,203.50,208.50,-1.00,"32,023",
112/10/20,"87,100,779","17,654,079,304",206.00,207.50,199.00,204.50,-4.00,"49,163",
112/10/23,"43,526,151","8,829,034,969",201.50,207.50,200.00,200.50,-4.00,"25,878",
112/10/24,"54,659,258","11,208,513,474",204.00,209.00,200.50,209.00,+8.50,"31,841",
112/10/25,"42,224,803","8,875,792,872",210.00,214.00,207.00,210.50,+1.50,"26,381",
112/10/26,"43,216,214","8,785,109,515",202.00,206.00,201.00,202.50,-8.00,"24,565",
112/10/27,"36,587,320","7,455,797,459",206.00,206.50,201.50,203.00,+0.50,"22,143",
112/10/30,"24,975,381","5,139,034,957",204.00,208.00,203.50,206.00,+3.00,"13,706",
112/10/31,"71,459,209","14,056,251,660",207.00,208.00,189.00,189.00,-17.00,"50,057",
112/11/01,"45,440,918","8,647,495,028",193.00,194.00,188.00,191.00,+2.00,"26,338",
112/11/02,"49,455,245","9,946,775,080",199.50,204.00,198.00,201.00,+10.00,"29,353",
112/11/03,"38,674,087","7,784,282,419",202.50,205.00,199.00,200.00,-1.00,"27,120",
112/11/06,"30,607,371","6,246,138,145",204.00,206.00,202.00,205.50,+5.50,"17,988",
112/11/07,"23,261,912","4,753,625,957",205.00,207.00,203.00,204.00,-1.50,"16,339",
112/11/08,"71,750,857","15,372,561,637",205.50,220.50,205.00,215.00,+11.00,"45,431",
112/11/09,"45,389,523","9,837,826,420",215.50,219.50,213.50,219.00,+4.00,"31,306",
112/11/10,"33,264,099","7,115,783,520",217.00,217.50,211.50,213.50,-5.50,"30,376",
112/11/13,"69,834,972","14,542,986,308",211.00,214.00,206.00,206.00,-7.50,"43,410",
112/11/14,"33,500,655","6,956,211,621",207.50,211.00,205.00,208.50,+2.50,"20,544",
112/11/15,"46,599,500","9,937,548,214",214.50,218.00,209.00,209.00,+0.50,"28,289",
112/11/16,"38,076,599","7,983,682,649",211.00,215.00,206.50,208.50,-0.50,"22,879",
112/11/17,"26,961,117","5,641,784,327",210.00,211.00,207.50,208.50, 0.00,"14,942",
112/11/20,"27,079,923","5,709,261,177",210.00,213.00,208.00,212.00,+3.50,"15,040",
112/11/21,"48,468,409","10,521,018,768",216.00,219.00,215.00,217.50,+5.50,"30,100",
112/11/22,"44,694,393","9,388,437,420",212.00,213.50,208.00,208.50,-9.00,"41,997",
112/11/23,"35,278,323","7,252,369,606",208.00,209.50,203.00,203.50,-5.00,"28,059",
112/11/24,"31,770,731","6,411,485,980",204.00,205.00,200.00,203.50, 0.00,"24,622",
112/11/27,"51,001,377","10,023,419,234",203.00,203.00,193.00,196.50,-7.00,"43,921",
112/11/28,"34,567,985","6,779,673,318",196.00,198.00,194.00,197.00,+0.50,"21,869",
112/11/29,"37,752,103","7,550,236,059",198.50,202.00,196.00,201.00,+4.00,"21,605",
112/11/30,"55,734,198","11,215,917,208",199.00,203.00,197.00,203.00,+2.00,"22,698",
112/12/01,"30,376,425","6,069,459,408",201.00,202.00,198.00,200.00,-3.00,"19,381",
112/12/04,"27,451,006","5,477,126,150",202.00,202.50,197.50,197.50,-2.50,"16,841",
112/12/05,"29,376,076","5,707,775,494",195.50,196.50,192.50,195.00,-2.50,"18,015",
112/12/06,"22,116,889","4,421,993,528",199.00,202.00,198.00,199.50,+4.50,"14,590",
112/12/07,"27,499,966","5,511,511,109",199.50,203.50,196.00,201.00,+1.50,"20,650",
112/12/08,"29,825,312","6,081,501,516",205.00,206.50,202.00,203.00,+2.00,"18,873",
112/12/11,"20,920,534","4,282,381,233",208.00,208.00,202.00,204.00,+1.00,"15,045",
112/12/12,"21,583,173","4,384,055,734",205.00,206.00,201.00,201.00,-3.00,"17,270",
112/12/13,"24,049,992","4,866,178,863",203.00,205.00,200.50,201.00, 0.00,"15,776",
112/12/14,"30,157,759","6,168,826,407",204.00,206.00,202.00,205.50,+4.50,"18,219",
112/12/15,"31,923,048","6,495,797,695",206.50,207.00,202.50,202.50,-3.00,"15,293",
112/12/18,"26,818,335","5,455,787,221",202.50,205.50,199.00,203.00,+0.50,"12,923",
112/12/19,"52,909,098","10,898,691,309",205.00,210.00,203.50,203.50,+0.50,"27,143",
112/12/20,"70,764,561","14,839,333,996",206.50,212.50,204.00,210.00,+6.50,"46,306",
112/12/21,"66,534,354","14,140,008,914",207.00,217.50,204.00,215.50,+5.50,"58,075",
112/12/22,"38,583,431","8,360,094,300",217.50,219.00,214.00,215.00,-0.50,"46,051",
112/12/25,"23,823,565","5,159,860,097",216.00,219.00,214.50,215.50,+0.50,"29,483",
112/12/26,"17,113,936","3,686,182,909",217.00,217.00,213.50,216.00,+0.50,"16,069",
112/12/27,"17,098,655","3,686,115,070",216.50,217.00,214.00,215.50,-0.50,"12,775",
112/12/28,"19,760,672","4,294,054,449",217.00,219.00,215.50,217.00,+1.50,"13,497",
112/12/29,"55,866,475","12,503,920,216",218.00,226.50,217.50,224.50,+7.50,"37,169",
113/01/02,"42,474,060","9,242,593,841",224.50,225.00,213.50,214.00,-10.50,"36,813",
113/01/03,"23,219,794","4,950,587,958",209.50,216.00,209.00,214.00, 0.00,"16,072",
113/01/04,"27,444,184","5,968,942,580",214.00,220.00,212.50,219.00,+5.00,"18,919",
113/01/05,"29,553,759","6,460,207,453",219.50,221.50,215.50,215.50,-3.50,"18,641",
113/01/08,"18,315,187","3,944,803,383",217.00,218.00,214.00,214.00,-1.50,"20,699",
113/01/09,"40,282,596","8,866,028,252",220.50,225.00,216.00,216.00,+2.00,"23,615",
113/01/10,"22,952,122","4,992,840,769",215.00,219.50,214.00,218.00,+2.00,"20,893",
113/01/11,"35,815,527","7,966,091,982",220.00,225.00,217.00,224.00,+6.00,"29,284",
113/01/12,"53,306,227","12,225,190,448",222.50,234.50,220.50,231.00,+7.00,"43,061",
113/01/15,"43,734,567","10,066,707,058",234.50,235.50,226.00,226.50,-4.50,"45,543",
113/01/16,"23,296,792","5,295,788,563",225.50,230.00,224.50,228.00,+1.50,"20,185",
113/01/17,"44,081,331","10,149,057,117",230.00,233.00,227.50,228.50,+0.50,"26,971",
113/01/18,"34,790,817","7,776,275,604",228.00,229.00,220.50,221.50,-7.00,"38,409",
113/01/19,"86,067,526","20,250,030,951",226.00,241.00,225.50,240.00,+18.50,"55,153",
113/01/22,"100,042,561","25,518,196,155",252.50,260.00,249.50,253.50,+13.50,"78,107",
113/01/23,"41,967,856","10,591,972,438",255.00,255.00,249.00,252.50,-1.00,"44,734",
113/01/24,"23,746,258","5,979,704,004",253.50,254.50,249.50,250.00,-2.50,"26,094",
113/01/25,"31,551,751","7,941,730,769",254.00,255.50,249.00,249.00,-1.00,"20,823",
113/01/26,"29,597,484","7,206,891,723",248.00,248.00,241.00,242.00,-7.00,"31,067",
113/01/29,"22,949,669","5,610,270,915",242.00,247.50,241.00,245.50,+3.50,"18,564",
113/01/30,"41,247,412","10,385,542,364",250.00,254.00,248.00,253.00,+7.50,"28,111",
113/01/31,"32,460,795","8,043,765,848",250.00,250.50,245.00,247.00,-6.00,"35,125",
113/02/01,"35,452,237","8,661,977,366",246.50,249.50,241.50,243.00,-4.00,"21,893",
113/02/02,"41,010,456","10,315,561,608",249.50,254.00,247.50,253.00,+10.00,"26,496",
113/02/05,"38,108,714","9,688,101,284",253.50,256.50,251.50,255.00,+2.00,"33,498",
113/02/15,"66,714,823","17,848,134,269",271.00,273.00,262.50,266.50,+11.50,"53,746",
113/02/16,"84,887,432","21,476,350,554",258.50,258.50,248.50,248.50,-18.00,"78,852",
113/02/19,"43,875,949","10,712,551,685",248.50,250.00,241.00,241.50,-7.00,"39,507",
113/02/20,"32,962,251","7,992,473,296",241.50,245.50,240.00,242.50,+1.00,"24,278",
113/02/21,"34,556,687","8,215,835,765",239.50,240.50,235.50,236.00,-6.50,"30,772",
113/02/22,"39,981,279","9,731,618,053",245.50,247.50,240.50,243.50,+7.50,"25,915",
113/02/23,"34,421,914","8,434,107,632",248.50,249.00,241.00,241.00,-2.50,"31,434",
113/02/26,"18,612,705","4,473,998,451",240.00,243.00,238.00,241.00, 0.00,"16,440",
113/02/27,"31,686,288","7,442,611,710",241.00,242.00,230.50,232.50,-8.50,"32,174",
113/02/29,"29,736,438","6,887,349,823",230.50,234.00,228.00,232.00,-0.50,"19,955",
113/03/01,"26,223,882","6,193,009,490",234.00,238.50,232.00,237.00,+5.00,"17,081",
113/03/04,"25,714,237","6,163,688,526",241.00,243.00,236.50,239.00,+2.00,"18,460",
113/03/05,"27,710,895","6,750,919,174",240.50,246.50,239.00,245.00,+6.00,"25,428",
113/03/06,"19,775,820","4,855,358,341",243.00,247.00,242.50,246.50,+1.50,"29,653",
113/03/07,"23,644,951","5,752,002,861",248.00,248.50,240.50,240.50,-6.00,"32,296",
113/03/08,"26,550,790","6,438,453,359",241.00,246.50,239.50,241.50,+1.00,"17,059",
113/03/11,"47,860,377","11,879,268,082",243.50,254.50,243.00,249.50,+8.00,"39,343",
113/03/12,"44,712,502","11,313,207,794",253.00,256.00,247.00,254.50,+5.00,"51,842",
113/03/13,"35,589,567","8,952,053,745",256.00,257.00,248.00,250.50,-4.00,"49,581",
113/03/14,"24,852,254","6,074,263,980",250.50,251.50,241.00,243.50,-7.00,"29,810",
113/03/15,"69,508,683","17,566,885,985",240.50,258.50,239.50,257.50,+14.00,"43,320",
113/03/18,"57,548,118","14,906,838,948",265.00,267.50,253.00,255.00,-2.50,"55,128",
113/03/19,"33,360,934","8,557,940,132",256.00,260.50,253.00,257.00,+2.00,"30,756",
113/03/20,"55,810,767","14,105,311,148",257.50,261.00,248.00,249.00,-8.00,"35,797",
113/03/21,"33,794,333","8,626,101,445",254.50,257.50,253.00,254.50,+5.50,"25,542",
113/03/22,"42,860,311","11,081,803,573",256.50,262.50,254.50,257.50,+3.00,"38,743",
113/03/25,"18,242,235","4,691,278,501",258.00,259.50,255.00,255.00,-2.50,"29,641",
113/03/26,"38,992,957","10,022,778,494",258.00,262.00,252.00,254.00,-1.00,"25,611",
113/03/27,"20,191,342","5,142,647,359",254.00,258.50,251.00,257.50,+3.50,"22,071",
113/03/28,"97,361,040","26,132,012,141",259.50,280.00,259.00,280.00,+22.50,"68,900",
113/03/29,"135,928,954","39,327,453,727",279.00,298.00,276.50,293.50,+13.50,"113,820",
113/04/01,"66,759,245","19,212,764,899",294.50,296.50,281.50,282.50,-11.00,"77,738",
113/04/02,"87,462,983","25,759,711,026",286.50,299.00,286.50,298.00,+15.50,"60,512",
113/04/03,"54,178,226","15,865,052,312",294.50,295.50,289.50,293.50,-4.50,"54,825",
113/04/08,"44,690,685","13,086,884,942",294.50,296.50,290.00,291.50,-2.00,"30,103",
113/04/09,"41,330,777","11,879,426,508",294.00,294.00,283.00,287.00,-4.50,"33,712",
113/04/10,"34,153,216","9,723,781,385",290.00,291.00,282.00,282.00,-5.00,"39,319",
113/04/11,"33,129,231","9,422,407,548",282.00,288.00,281.00,284.50,+2.50,"27,869",
113/04/12,"49,700,099","13,667,909,315",276.50,280.50,271.00,271.00,X0.00,"45,010",
113/04/15,"39,186,632","10,334,378,260",268.50,273.00,259.00,261.00,-10.00,"35,248",
113/04/16,"47,520,159","11,991,975,116",258.50,261.50,248.00,249.50,-11.50,"42,354",
113/04/17,"41,068,840","10,330,360,334",254.00,256.00,247.50,254.50,+5.00,"28,726",
113/04/18,"25,587,743","6,418,946,035",250.00,254.00,248.50,250.50,-4.00,"19,605",
113/04/19,"37,114,969","9,060,801,065",250.00,251.50,237.00,241.50,-9.00,"29,772",
113/04/22,"32,704,452","7,639,950,059",238.00,241.00,230.00,230.00,-11.50,"31,060",
113/04/23,"21,894,681","5,163,077,477",236.00,239.00,233.00,237.00,+7.00,"14,774",
113/04/24,"44,632,468","11,422,695,838",250.00,260.50,249.00,260.50,+23.50,"32,203",
113/04/25,"42,964,267","10,997,611,755",257.50,261.00,250.00,255.50,-5.00,"36,024",
113/04/26,"40,911,363","10,701,633,788",266.00,269.00,257.00,257.50,+2.00,"30,112",
113/04/29,"15,610,050","4,078,592,693",260.50,263.50,258.50,261.50,+4.00,"21,632",
113/04/30,"14,843,386","3,879,572,934",262.00,264.00,260.00,260.00,-1.50,"13,996",
113/05/02,"22,185,686","5,744,710,805",254.00,263.00,251.00,261.00,+1.00,"18,661",
113/05/03,"23,079,872","6,020,658,244",264.00,266.00,256.50,256.50,-4.50,"27,449",
113/05/06,"43,592,042","11,633,781,868",262.00,273.00,262.00,262.00,+5.50,"39,134",
113/05/07,"22,586,603","5,974,327,575",265.00,267.00,260.50,267.00,+5.00,"31,229",
113/05/08,"44,764,504","12,229,468,348",267.00,277.50,266.50,273.50,+6.50,"32,729",
113/05/09,"27,492,939","7,552,299,993",274.00,278.00,272.00,274.50,+1.00,"32,015",
113/05/10,"32,696,944","8,845,001,901",275.00,275.00,267.00,270.50,-4.00,"38,687",
113/05/13,"20,104,613","5,504,666,209",272.00,276.00,269.50,274.50,+4.00,"16,668",
113/05/14,"47,211,747","13,353,452,185",275.00,290.50,272.00,288.50,+14.00,"47,140",
113/05/15,"63,321,591","18,399,837,019",288.00,295.00,285.50,287.00,-1.50,"75,085",
113/05/16,"82,967,358","23,598,719,768",290.50,292.00,276.50,277.00,-10.00,"97,076",
113/05/17,"47,095,741","13,414,799,568",279.50,289.00,279.50,286.00,+9.00,"33,703",
113/05/20,"24,611,697","6,973,905,276",287.50,287.50,279.50,282.00,-4.00,"34,531",
113/05/21,"18,882,778","5,338,352,065",282.50,286.50,280.50,282.00, 0.00,"14,518",
113/05/22,"22,072,151","6,271,227,255",282.50,286.00,280.00,285.50,+3.50,"16,498",
113/05/23,"30,110,434","8,612,068,797",287.00,293.00,282.50,284.00,-1.50,"22,558",
113/05/24,"22,866,514","6,547,282,082",283.00,289.00,282.50,286.50,+2.50,"17,405",
113/05/27,"40,649,265","11,863,165,074",290.00,295.00,288.00,293.50,+7.00,"44,290",
113/05/28,"28,482,624","8,274,446,979",293.50,294.00,288.00,289.50,-4.00,"39,519",
113/05/29,"30,632,167","8,927,339,068",290.50,297.00,287.00,287.00,-2.50,"25,182",
113/05/30,"18,805,873","5,326,290,022",286.00,287.00,281.00,281.50,-5.50,"34,580",
113/05/31,"37,645,592","10,433,217,346",281.50,282.50,274.00,274.00,-7.50,"33,906",
113/06/03,"28,549,413","8,071,175,648",279.00,288.50,278.00,282.50,+8.50,"21,097",
113/06/04,"27,723,883","7,697,754,217",283.00,284.50,273.00,275.00,-7.50,"31,076",
113/06/05,"14,829,732","4,123,152,161",278.00,281.00,274.50,276.50,+1.50,"12,538",
113/06/06,"19,060,891","5,356,602,068",284.00,285.00,278.00,279.50,+3.00,"15,655",
113/06/07,"26,576,693","7,281,602,043",278.00,280.00,271.00,273.00,-6.50,"30,265",
113/06/11,"18,578,391","5,137,487,994",276.50,279.50,274.00,274.50,+1.50,"14,528",
113/06/12,"16,850,597","4,627,119,212",277.00,277.00,273.00,274.50, 0.00,"18,298",
113/06/13,"28,316,917","7,951,525,965",277.00,284.00,277.00,284.00,+9.50,"22,565",
113/06/14,"34,560,601","9,931,997,016",285.00,292.00,282.00,290.50,+6.50,"36,484",
113/06/17,"17,439,497","5,015,070,612",290.50,290.50,284.50,288.50,-2.00,"43,320",
113/06/18,"20,750,060","6,030,325,838",290.00,293.00,287.00,291.00,+2.50,"19,567",
113/06/19,"111,394,537","34,554,644,814",292.50,320.00,291.50,316.00,+25.00,"100,363",
113/06/20,"73,255,020","23,833,512,611",319.00,331.50,318.00,330.00,+14.00,"74,752",
113/06/21,"52,479,029","16,644,768,690",320.50,322.00,311.00,319.50,-10.50,"72,926",
113/06/24,"43,240,893","13,321,616,155",313.00,317.00,304.00,304.00,-15.50,"42,512",
113/06/25,"41,318,995","12,373,446,752",301.00,306.00,293.50,305.00,+1.00,"38,936",
113/06/26,"26,589,631","8,252,876,738",308.00,313.50,307.00,309.50,+4.50,"26,177",
113/06/27,"19,821,403","6,029,986,938",304.00,308.50,299.00,305.00,-4.50,"37,115",
113/06/28,"19,813,400","6,161,423,740",306.00,314.00,306.00,312.00,+7.00,"17,234",
113/07/01,"16,182,302","5,011,646,115",313.00,313.00,307.50,308.50,-3.50,"23,294",
113/07/02,"18,881,962","5,821,560,060",310.50,312.50,304.50,306.50,-2.00,"15,211",
113/07/03,"13,478,412","4,150,738,038",311.00,311.00,306.00,308.00,+1.50,"14,157",
113/07/04,"16,557,163","5,156,115,043",314.00,315.50,309.00,309.00,+1.00,"17,718",
113/07/05,"14,386,413","4,491,114,970",312.00,316.00,309.00,312.00,+3.00,"15,779",
113/07/08,"28,788,552","9,201,493,109",312.00,326.50,309.50,319.50,+7.50,"29,115",
113/07/09,"68,464,418","22,922,840,430",329.00,342.50,326.00,336.00,+16.50,"65,795",
113/07/10,"36,436,406","12,377,600,584",344.00,345.00,331.00,341.00,+5.00,"31,101",
113/07/11,"24,228,767","8,112,061,018",343.00,343.00,332.50,332.50,-8.50,"27,942",
113/07/12,"18,864,689","6,161,893,381",324.00,332.00,320.00,326.00,-6.50,"20,637",
113/07/15,"17,944,703","5,857,756,616",330.00,332.50,322.50,323.00,-3.00,"20,205",
113/07/16,"17,383,510","5,591,682,357",324.00,327.00,318.00,322.50,-0.50,"19,596",
113/07/17,"20,119,944","6,374,837,150",321.00,321.00,313.50,314.00,-8.50,"27,444",
113/07/18,"44,677,420","13,405,714,840",302.50,307.00,296.50,298.00,-16.00,"49,812",
113/07/19,"21,895,809","6,541,471,378",298.00,302.50,295.50,297.00,-1.00,"22,920",
113/07/22,"24,908,600","7,208,276,097",296.00,298.50,283.00,288.00,-9.00,"30,098",
113/07/23,"17,720,158","5,219,919,510",294.50,297.00,292.00,297.00,+9.00,"23,558",
113/07/26,"37,235,663","10,348,705,362",275.00,282.00,272.00,275.00,-22.00,"42,577",
113/07/29,"24,890,545","6,806,580,115",278.00,279.50,270.00,270.00,-5.00,"23,796",
113/07/30,"32,003,495","8,516,773,673",266.00,271.50,261.50,270.50,+0.50,"25,309",
113/07/31,"39,982,749","10,896,137,462",262.50,279.50,262.50,272.50,+2.00,"28,551",
113/08/01,"40,157,568","11,475,489,644",286.00,291.00,281.00,289.00,+16.50,"29,117",
113/08/02,"41,983,211","11,398,533,446",274.50,277.00,265.50,266.00,-23.00,"55,369",
113/08/05,"54,328,916","13,252,921,756",245.00,250.50,239.50,239.50,-26.50,"51,287",
113/08/06,"44,804,865","10,986,375,393",249.50,251.00,233.00,247.00,+7.50,"37,017",
113/08/07,"54,337,367","13,663,688,986",245.00,260.50,242.50,250.00,+3.00,"45,223",
113/08/08,"57,582,750","13,828,271,846",240.00,244.00,236.00,240.00,-10.00,"46,103",
113/08/09,"50,045,087","12,520,422,532",249.00,255.00,247.00,250.00,+10.00,"30,828",
113/08/12,"49,294,166","13,122,688,875",260.00,272.00,256.50,267.00,+17.00,"39,713",
113/08/13,"27,017,620","7,232,680,056",272.00,272.50,265.00,266.50,-0.50,"24,018",
113/08/14,"29,175,604","7,924,505,758",271.00,275.50,269.00,271.00,+4.50,"31,998",
113/08/15,"16,717,194","4,553,468,151",273.50,275.00,270.50,271.50,+0.50,"17,608",
113/08/16,"29,204,948","8,152,307,167",278.00,281.50,276.00,278.50,+7.00,"35,654",
113/08/19,"14,917,063","4,155,101,033",280.50,280.50,276.50,278.00,-0.50,"47,045",
113/08/20,"27,195,528","7,786,076,524",283.00,289.00,282.50,284.00,+6.00,"22,673",
113/08/21,"20,206,903","5,715,512,870",282.00,286.00,280.50,282.00,-2.00,"35,874",
113/08/22,"16,177,018","4,504,423,220",283.00,284.00,276.00,276.00,-6.00,"17,499",
113/08/23,"19,610,793","5,370,954,709",272.00,277.50,271.00,276.00, 0.00,"14,383",
113/08/26,"15,059,996","4,196,304,666",278.50,283.00,275.00,275.00,-1.00,"18,727",
113/08/27,"17,159,154","4,674,915,309",273.50,276.00,270.00,275.50,+0.50,"17,447",
113/08/28,"19,139,358","5,277,903,686",275.50,280.00,272.00,278.50,+3.00,"13,671",
113/08/29,"23,133,126","6,263,411,040",268.50,273.50,266.50,272.00,-6.50,"21,142",
113/08/30,"21,576,411","5,822,219,696",272.00,272.50,268.00,268.00,-4.00,"15,346",
113/09/02,"12,071,008","3,249,134,832",270.50,273.00,267.00,267.00,-1.00,"11,337",
113/09/03,"19,227,832","5,200,812,262",268.00,273.00,265.50,272.00,+5.00,"14,018",
113/09/04,"44,435,920","11,174,784,808",255.00,255.00,248.00,250.00,-22.00,"64,792",
113/09/05,"20,589,711","5,143,128,238",251.50,253.00,247.00,247.00,-3.00,"21,253",
113/09/06,"28,110,182","7,172,538,712",250.00,260.00,249.00,256.50,+9.50,"21,429",
113/09/09,"32,446,229","8,089,020,130",250.00,251.50,247.50,250.00,-6.50,"34,763",
113/09/10,"55,884,105","13,572,739,942",247.00,247.00,238.00,239.50,-10.50,"52,347",
113/09/11,"16,807,290","4,085,374,481",241.00,245.50,241.00,242.00,+2.50,"13,566",
113/09/12,"39,344,947","9,975,464,720",250.00,257.50,250.00,253.00,+11.00,"27,924",
113/09/13,"18,404,172","4,664,863,548",254.50,256.00,250.50,254.50,+1.50,"17,297",
113/09/16,"13,299,760","3,374,987,226",255.00,256.00,252.00,254.00,-0.50,"9,662",
113/09/18,"13,594,247","3,414,161,501",252.50,254.00,249.00,250.00,-4.00,"13,886",
113/09/19,"15,193,651","3,830,129,330",251.00,254.00,248.00,253.00,+3.00,"10,983",
113/09/20,"24,306,991","6,199,081,061",257.50,259.50,252.50,252.50,-0.50,"14,200",
113/09/23,"10,801,017","2,765,535,652",255.00,257.00,253.50,257.00,+4.50,"8,873",
113/09/24,"20,056,734","5,143,379,497",256.00,258.50,253.50,256.50,-0.50,"12,941",
113/09/25,"49,823,265","13,536,508,121",263.00,275.00,262.50,272.50,+16.00,"37,800",
113/09/26,"27,630,050","7,608,625,477",277.50,278.00,272.50,275.50,+3.00,"37,994",
113/09/27,"32,046,559","8,927,931,218",278.00,283.00,275.50,277.00,+1.50,"46,076",
113/09/30,"33,524,424","9,001,990,188",272.00,273.00,264.00,264.00,-13.00,"46,141",
113/10/01,"13,637,619","3,658,603,508",268.50,271.50,266.00,268.00,+4.00,"13,618",
113/10/04,"29,276,096","7,777,162,332",265.50,272.50,261.50,262.00,-6.00,"27,466",
113/10/07,"19,612,183","5,248,341,681",267.50,271.00,265.00,267.50,+5.50,"15,456",
113/10/08,"15,399,298","4,069,243,858",264.50,265.50,262.50,265.50,-2.00,"11,280",
113/10/09,"34,116,165","9,380,568,979",272.50,279.00,271.50,273.50,+8.00,"26,388",
113/10/11,"38,882,938","10,943,539,590",277.00,284.00,276.00,282.00,+8.50,"46,843",
113/10/14,"17,240,099","4,871,910,613",282.50,285.00,278.50,283.50,+1.50,"35,572",
113/10/15,"49,926,934","14,682,457,378",289.00,297.50,287.00,295.50,+12.00,"52,772",
113/10/16,"30,224,204","8,876,612,493",290.00,298.00,288.00,295.00,-0.50,"55,515",
113/10/17,"26,622,191","7,970,880,368",300.00,303.00,295.00,300.50,+5.50,"27,163",
113/10/18,"57,479,547","17,829,337,666",310.50,316.00,302.50,307.00,+6.50,"70,432",
113/10/21,"21,136,809","6,565,010,092",311.00,313.00,309.00,309.00,+2.00,"24,344",
113/10/22,"44,547,126","14,143,656,095",312.00,322.50,310.00,319.00,+10.00,"35,167",
113/10/23,"21,766,947","6,902,704,884",318.50,319.00,315.00,317.00,-2.00,"40,435",
113/10/24,"39,743,164","12,223,841,750",315.00,315.00,303.50,305.00,-12.00,"92,688",
113/10/25,"16,081,544","4,971,419,199",306.50,312.50,306.00,310.00,+5.00,"17,386",
113/10/28,"19,096,682","5,931,376,264",313.00,314.00,306.00,310.00, 0.00,"18,399",
113/10/29,"23,545,009","7,125,320,197",308.00,308.00,299.50,303.00,-7.00,"38,631",
113/10/30,"16,585,308","5,058,173,850",304.00,308.50,303.00,303.50,+0.50,"15,851",
113/11/01,"22,156,956","6,640,664,747",290.00,307.50,289.50,305.00,+1.50,"32,671",
113/11/04,"24,296,494","7,549,674,905",306.50,314.50,306.00,313.50,+8.50,"35,826",
113/11/05,"26,320,120","8,341,870,090",310.50,320.00,309.50,318.00,+4.50,"29,655",
113/11/06,"31,233,581","10,043,663,763",319.00,324.50,318.00,320.50,+2.50,"29,495",
113/11/07,"28,946,990","9,432,170,639",323.00,329.00,320.00,325.50,+5.00,"42,080",
113/11/08,"32,335,688","10,670,191,342",328.00,333.00,326.50,328.00,+2.50,"41,765",
113/11/11,"24,134,803","7,836,391,237",328.00,328.00,322.00,325.00,-3.00,"63,918",
113/11/12,"30,705,857","9,704,467,805",319.50,321.00,313.00,313.00,-12.00,"45,275",
113/11/13,"30,693,873","9,769,939,420",311.00,322.50,311.00,322.00,+9.00,"22,715",
113/11/14,"27,530,632","8,668,073,711",319.00,320.50,310.00,314.50,-7.50,"44,423",
113/11/15,"78,419,034","23,582,775,568",308.00,308.00,295.00,297.00,-17.50,"79,975",
113/11/18,"30,185,974","8,815,713,742",295.00,298.00,288.50,290.50,-6.50,"28,952",
113/11/19,"32,889,679","9,551,200,534",293.50,293.50,288.00,290.00,-0.50,"26,466",
113/11/20,"24,526,181","7,252,595,657",295.50,298.50,293.50,295.50,+5.50,"20,040",
113/11/21,"19,230,894","5,640,550,596",290.50,297.00,289.00,294.00,-1.50,"13,833",
113/11/22,"20,164,260","6,014,718,632",298.00,301.00,296.50,297.00,+3.00,"15,230",
113/11/25,"23,184,220","6,963,098,718",301.50,304.00,299.00,299.00,+2.00,"21,898",
113/11/26,"14,965,935","4,446,066,334",297.00,300.50,293.00,297.00,-2.00,"15,332",
113/11/27,"23,484,003","6,804,984,615",294.50,294.50,286.50,286.50,-10.50,"31,859",
113/11/28,"17,034,725","4,896,555,551",288.00,290.00,284.00,288.00,+1.50,"14,467",
113/11/29,"14,671,668","4,260,881,573",286.00,293.50,285.00,291.00,+3.00,"10,818",
113/12/02,"11,646,143","3,423,684,871",295.00,296.00,292.50,293.00,+2.00,"9,692",
113/12/03,"15,989,623","4,730,851,873",297.50,300.50,293.00,293.00, 0.00,"13,344",
113/12/04,"13,880,979","4,077,223,589",294.50,295.50,292.00,294.00,+1.00,"11,615",
113/12/05,"11,067,437","3,270,017,535",297.50,298.00,294.00,294.00, 0.00,"9,592",
113/12/06,"13,994,987","4,165,999,666",297.00,300.50,295.50,297.00,+3.00,"12,052",
113/12/09,"12,720,716","3,780,612,023",299.50,300.50,295.00,296.00,-1.00,"16,965",
113/12/10,"14,789,558","4,341,567,170",297.00,298.50,291.00,293.00,-3.00,"15,967",
113/12/11,"22,380,583","6,462,533,617",290.50,292.00,286.00,287.00,-6.00,"31,470",
113/12/12,"15,763,011","4,540,467,429",291.00,292.00,286.00,286.00,-1.00,"15,914",
113/12/13,"12,643,893","3,612,589,939",285.00,287.50,285.00,285.50,-0.50,"15,423",
113/12/16,"30,402,631","8,472,953,608",287.00,287.50,274.00,275.00,-10.50,"41,273",
113/12/17,"19,110,286","5,263,811,482",273.00,277.50,273.00,275.00, 0.00,"17,874",
113/12/18,"17,073,091","4,692,432,444",272.00,277.00,272.00,276.00,+1.00,"17,407",
113/12/19,"24,653,565","6,702,035,431",272.50,275.50,269.00,274.50,-1.50,"24,598",
113/12/20,"17,114,989","4,730,416,432",274.00,279.00,273.00,277.50,+3.00,"14,503",
113/12/23,"29,302,160","8,457,091,964",285.00,290.50,284.50,289.00,+11.50,"25,559",
113/12/24,"18,860,850","5,500,174,146",292.00,293.00,289.50,291.00,+2.00,"35,190",
113/12/25,"13,874,708","4,070,756,817",293.00,296.00,291.00,292.00,+1.00,"21,641",
113/12/26,"11,103,068","3,238,021,736",294.50,295.00,290.50,291.00,-1.00,"27,303",
113/12/27,"6,966,967","2,021,171,056",290.50,292.00,288.50,291.00, 0.00,"8,986",
113/12/30,"9,528,057","2,757,823,475",290.00,291.00,288.00,288.00,-3.00,"8,987",
113/12/31,"9,842,402","2,814,144,164",286.50,287.50,284.00,287.00,-1.00,"9,080",
114/01/02,"16,591,592","4,692,119,032",285.00,289.00,280.00,280.00,-7.00,"18,773",
114/01/03,"30,083,830","8,635,851,482",283.00,293.50,279.50,289.00,+9.00,"21,689",
114/01/06,"35,725,003","10,566,654,410",293.50,299.00,290.50,294.00,+5.00,"36,122",
114/01/07,"22,525,550","6,681,246,188",299.00,299.00,294.50,295.50,+1.50,"34,068",
114/01/08,"13,403,862","3,955,397,913",293.50,297.00,292.00,295.00,-0.50,"20,226",
114/01/09,"15,622,235","4,565,618,578",295.00,296.50,288.00,288.00,-7.00,"24,407",
114/01/10,"17,078,549","4,865,091,876",286.50,289.00,283.00,283.50,-4.50,"18,039",
114/01/13,"38,450,156","10,545,373,493",280.00,281.00,270.50,270.50,-13.00,"42,324",
114/01/14,"34,950,275","9,350,748,153",267.50,271.00,262.00,269.00,-1.50,"43,013",
114/01/15,"32,415,157","8,544,612,492",268.00,272.00,260.00,260.00,-9.00,"47,864",
114/01/16,"31,992,226","8,401,077,757",267.00,267.50,260.00,260.00, 0.00,"28,925",
114/01/17,"23,217,781","6,058,167,181",261.00,263.50,259.00,260.50,+0.50,"21,674",
114/01/20,"24,441,114","6,485,610,088",260.00,268.50,259.50,267.00,+6.50,"19,945",
114/01/21,"12,786,372","3,425,512,723",267.00,269.50,265.50,269.00,+2.00,"12,358",
114/01/22,"22,127,129","5,969,809,583",270.00,271.50,267.50,269.50,+0.50,"17,229",
114/02/03,"61,003,067","14,852,970,054",243.00,246.50,243.00,243.00,-26.50,"89,249",
114/02/04,"61,922,270","14,719,885,213",242.00,243.00,235.00,235.00,-8.00,"65,500",
114/02/05,"34,313,041","8,251,140,626",235.50,243.00,235.50,240.00,+5.00,"28,897",
114/02/06,"26,751,847","6,511,607,726",243.50,246.00,241.00,242.50,+2.50,"23,258",
114/02/07,"26,797,840","6,673,723,917",245.00,252.00,244.50,252.00,+9.50,"29,540",
114/02/10,"23,394,092","5,886,712,558",253.50,253.50,249.00,252.00, 0.00,"28,189",
114/02/11,"27,429,633","7,099,034,733",257.00,262.00,255.00,258.00,+6.00,"22,633",
114/02/12,"15,376,812","3,967,810,171",259.00,260.00,256.00,258.00, 0.00,"14,605",
114/02/13,"19,291,870","4,996,867,397",256.00,261.00,256.00,260.00,+2.00,"15,877",
114/02/14,"16,382,035","4,253,844,568",257.50,262.00,257.50,260.00, 0.00,"22,345",
114/02/17,"8,218,376","2,142,386,761",260.00,261.50,260.00,260.50,+0.50,"13,722",
114/02/18,"11,709,725","3,079,900,424",261.50,264.50,260.00,264.50,+4.00,"12,144",
114/02/19,"23,834,735","6,405,554,247",265.00,271.00,264.00,269.50,+5.00,"33,001",
114/02/20,"13,541,594","3,616,556,184",268.50,270.00,266.00,266.50,-3.00,"25,320",
114/02/21,"9,780,770","2,620,884,888",266.50,270.00,265.50,270.00,+3.50,"9,309",
114/02/24,"15,596,828","4,121,712,759",265.00,266.00,263.00,265.00,-5.00,"16,098",
114/02/25,"33,808,806","8,659,100,448",258.00,260.50,254.00,254.50,-10.50,"37,202",
114/02/26,"21,365,894","5,449,912,765",247.00,260.50,247.00,260.00,+5.50,"15,511",
114/02/27,"36,067,027","9,134,382,841",260.00,260.00,250.00,250.50,-9.50,"38,163",
114/03/03,"30,644,187","7,694,293,869",249.00,254.00,248.00,250.50, 0.00,"22,702",
114/03/04,"28,834,123","7,346,104,270",248.00,259.00,246.00,258.50,+8.00,"21,730",
114/03/05,"19,650,240","5,126,988,639",259.50,263.00,258.00,262.00,+3.50,"21,574",
114/03/06,"12,785,940","3,352,781,747",263.00,264.50,260.50,260.50,-1.50,"25,931",
114/03/07,"15,089,148","3,908,775,846",256.00,262.00,256.00,258.00,-2.50,"12,823",
114/03/10,"19,742,945","5,153,010,856",260.50,264.00,257.00,261.00,+3.00,"14,811",
114/03/11,"33,264,148","8,419,949,182",252.00,256.00,248.00,254.50,-6.50,"25,990",
114/03/12,"19,927,890","5,181,127,571",256.50,262.00,256.00,259.50,+5.00,"14,392",
114/03/13,"15,599,234","4,088,329,466",264.00,265.50,257.50,257.50,-2.00,"24,305",
114/03/14,"12,717,403","3,280,209,700",259.00,260.00,256.00,256.50,-1.00,"25,207",
114/03/17,"15,973,234","4,104,543,961",260.00,260.50,255.00,255.00,-1.50,"13,762",
114/03/18,"13,300,180","3,457,943,273",258.00,262.00,257.50,259.50,+4.50,"10,281",
114/03/19,"17,247,182","4,393,622,054",257.50,258.00,252.00,253.50,-6.00,"25,618",
114/03/20,"8,835,375","2,276,104,291",256.50,259.00,256.50,257.00,+3.50,"7,434",
114/03/21,"11,219,926","2,885,062,599",258.50,259.00,256.00,256.00,-1.00,"9,121",
114/03/24,"18,762,765","4,713,744,749",256.50,257.00,249.00,249.50,-6.50,"23,814",
114/03/25,"20,256,397","5,063,815,444",251.50,253.50,247.50,249.50, 0.00,"19,716",
114/03/26,"10,824,765","2,713,956,815",249.50,252.00,248.00,252.00,+2.50,"8,712",
114/03/27,"18,309,978","4,507,190,963",247.00,248.50,245.00,246.00,-6.00,"22,160",
114/03/28,"22,005,725","5,302,094,468",242.50,244.50,238.00,241.00,-5.00,"25,919",
114/03/31,"38,711,891","8,812,313,610",228.00,232.00,224.00,224.50,-16.50,"40,607",
114/04/01,"16,629,222","3,837,751,328",227.00,234.00,227.00,234.00,+9.50,"15,103",
114/04/02,"13,328,139","3,114,402,927",235.00,237.00,232.00,233.00,-1.00,"11,792",
114/04/07,"8,680,533","1,822,911,930",210.00,210.00,210.00,210.00,-23.00,"8,644",
114/04/08,"66,898,776","12,845,226,397",193.00,199.50,189.00,191.50,-18.50,"48,341",
114/04/09,"73,418,274","13,682,954,944",192.50,201.00,174.00,178.50,-13.00,"58,315",
114/04/10,"6,429,637","1,260,173,852",196.00,196.00,196.00,196.00,+17.50,"2,922",
114/04/11,"65,148,266","13,368,203,241",192.50,215.50,190.00,215.50,+19.50,"45,215",
114/04/14,"64,130,207","14,745,589,769",225.00,236.00,223.50,228.00,+12.50,"49,760",
114/04/15,"32,189,335","7,341,403,720",227.50,232.00,223.00,228.00, 0.00,"31,161",
114/04/16,"17,826,790","4,057,161,421",223.00,229.50,223.00,227.00,-1.00,"16,290",
114/04/17,"18,735,548","4,261,592,216",226.50,230.00,223.50,230.00,+3.00,"31,504",
114/04/18,"13,060,279","2,994,859,420",229.50,231.00,226.50,230.50,+0.50,"12,110",
114/04/21,"13,703,839","3,161,575,923",229.00,232.50,228.00,232.00,+1.50,"11,098",
114/04/22,"20,203,432","4,561,936,263",228.00,230.50,222.50,223.50,-8.50,"47,286",
114/04/23,"25,090,236","5,828,986,774",230.50,236.00,229.00,235.00,+11.50,"21,241",
114/04/24,"14,352,268","3,327,900,218",235.00,236.00,230.00,230.00,-5.00,"28,087",
114/04/25,"20,380,703","4,815,437,117",238.00,239.00,234.00,235.00,+5.00,"14,860",
114/04/28,"30,796,591","7,527,575,271",240.00,248.00,238.50,245.00,+10.00,"25,698",
114/04/29,"13,002,314","3,159,803,721",244.00,244.50,242.00,242.50,-2.50,"17,643",
114/04/30,"14,992,537","3,593,536,865",239.50,243.00,238.00,238.50,-4.00,"16,881",
114/05/02,"35,896,255","8,933,521,918",244.50,251.00,244.00,251.00,+12.50,"24,931",
114/05/05,"27,173,930","6,728,114,176",251.00,251.50,245.00,246.50,-4.50,"19,315",
114/05/06,"21,870,326","5,511,791,795",246.00,255.00,245.00,254.00,+7.50,"18,026",
114/05/07,"19,311,662","4,887,968,473",255.00,257.00,249.50,254.00, 0.00,"15,623",
114/05/08,"16,832,060","4,256,636,317",256.00,256.00,251.00,251.50,-2.50,"13,363",
114/05/09,"22,726,085","5,778,803,976",253.00,257.00,250.00,256.50,+5.00,"16,770",
114/05/12,"20,030,811","5,186,710,454",260.00,262.50,256.00,258.50,+2.00,"18,120",
114/05/13,"32,614,946","8,630,959,864",266.00,268.00,261.00,262.00,+3.50,"31,403",
114/05/14,"49,833,839","13,532,770,982",268.00,277.00,267.00,276.50,+14.50,"45,362",
114/05/15,"35,835,176","9,906,026,755",276.50,278.50,274.50,277.50,+1.00,"29,885",
114/05/16,"16,924,620","4,662,487,327",277.00,278.00,274.00,275.00,-2.50,"27,848",
114/05/19,"16,998,444","4,589,675,439",273.00,274.00,266.00,266.00,-9.00,"21,240",
114/05/20,"11,318,411","3,039,921,427",270.00,272.50,266.50,266.50,+0.50,"20,770",
114/05/21,"14,915,626","4,036,417,221",268.00,272.50,267.00,272.00,+5.50,"16,601",
114/05/22,"10,700,787","2,862,844,160",268.00,269.00,266.50,267.50,-4.50,"67,192",
114/05/23,"10,487,019","2,778,945,003",269.00,269.50,263.00,264.00,-3.50,"11,629",
114/05/26,"8,973,937","2,391,670,819",264.00,268.50,263.50,265.50,+1.50,"8,460",
114/05/27,"9,085,288","2,425,777,748",266.00,270.00,265.00,266.00,+0.50,"9,428",
114/05/28,"16,418,514","4,430,108,583",270.00,272.00,268.00,269.00,+3.00,"18,840",
114/05/29,"28,824,955","7,890,800,322",273.00,276.00,271.50,271.50,+2.50,"24,031",
114/06/02,"19,536,880","5,277,281,643",270.00,271.50,269.00,271.00,-0.50,"13,815",
114/06/03,"18,214,942","5,013,627,704",273.50,276.00,272.50,275.00,+4.00,"13,132",
114/06/04,"24,618,435","6,925,333,553",280.00,283.00,279.00,280.00,+5.00,"22,310",
114/06/05,"17,322,988","4,896,791,076",283.50,286.50,279.50,281.50,+1.50,"19,144",
114/06/06,"15,451,230","4,263,269,079",280.00,280.00,273.50,276.00,-5.50,"91,646",
114/06/09,"9,523,603","2,633,583,429",278.00,278.50,274.50,276.00, 0.00,"8,892",
114/06/10,"18,866,209","5,309,568,811",276.50,283.50,276.50,283.50,+7.50,"16,884",
114/06/11,"13,325,983","3,763,342,136",284.00,284.50,281.00,283.00,-0.50,"15,751",
114/06/12,"15,984,172","4,558,596,875",283.00,286.50,281.00,286.50,+3.50,"14,967",
114/06/13,"16,713,436","4,779,457,846",283.50,287.50,283.00,287.50,+1.00,"12,902",
114/06/16,"9,734,381","2,776,943,517",286.00,287.00,284.00,286.00,-1.50,"9,616",
114/06/17,"16,505,771","4,704,671,238",287.00,287.50,283.00,283.00,-3.00,"17,179",
114/06/18,"13,447,582","3,813,167,821",282.50,285.50,282.00,283.00, 0.00,"13,537",
114/06/19,"13,875,479","3,907,044,665",282.00,285.00,279.00,279.00,-4.00,"22,486",
114/06/20,"16,423,414","4,606,491,314",280.50,283.00,279.00,279.50,+0.50,"13,102",
114/06/23,"17,463,276","4,884,256,351",275.00,282.00,273.00,282.00,+2.50,"13,260",
114/06/24,"26,861,317","7,767,551,693",286.00,291.50,286.00,289.50,+7.50,"20,180",
114/06/25,"20,454,205","5,969,093,656",291.00,293.00,289.50,293.00,+3.50,"15,865",
114/06/26,"25,266,778","7,359,469,472",294.00,296.00,288.50,290.00,-3.00,"43,278",
114/06/27,"22,435,667","6,437,131,905",290.00,290.00,285.00,285.50,-4.50,"21,767",
114/06/30,"35,114,041","9,653,014,966",275.00,279.00,271.50,274.50,X0.00,"27,967",
114/07/01,"30,493,456","8,594,486,278",277.00,283.50,277.00,281.00,+6.50,"22,195",
114/07/02,"9,387,928","2,635,113,400",281.00,282.00,279.00,282.00,+1.00,"14,368",
114/07/03,"10,487,205","2,942,922,847",282.50,283.00,279.00,280.00,-2.00,"14,346",
114/07/04,"10,519,617","2,947,596,800",282.00,284.00,278.00,278.00,-2.00,"10,584",
114/07/07,"7,009,377","1,937,063,811",277.50,279.00,274.00,277.00,-1.00,"10,324",
114/07/08,"10,601,279","2,896,593,906",275.50,276.00,272.00,272.00,-5.00,"11,787",
114/07/09,"10,544,502","2,905,830,755",273.50,277.00,273.50,276.00,+4.00,"9,365",
114/07/10,"13,757,147","3,764,954,034",276.00,276.00,272.50,273.00,-3.00,"13,435",
114/07/11,"9,737,136","2,661,104,540",272.50,275.50,270.50,273.00, 0.00,"9,993",
114/07/14,"19,607,767","5,283,101,015",271.50,273.50,268.00,269.50,-3.50,"20,778",
114/07/15,"16,372,356","4,430,055,357",270.00,273.00,269.00,270.50,+1.00,"16,273",
114/07/16,"13,919,070","3,812,830,056",272.00,276.00,271.50,272.50,+2.00,"13,301",
114/07/17,"10,608,473","2,878,959,866",273.50,275.00,270.00,271.00,-1.50,"12,409",
114/07/18,"12,539,637","3,437,550,385",273.50,276.00,272.50,273.50,+2.50,"11,332",
114/07/21,"8,454,940","2,310,248,156",274.50,274.50,271.50,273.50, 0.00,"7,793",
114/07/22,"30,152,531","8,027,219,976",273.00,274.00,261.50,262.50,-11.00,"39,213",
114/07/23,"15,842,886","4,178,512,918",264.00,265.00,262.50,264.50,+2.00,"15,343",
114/07/24,"15,785,470","4,229,346,357",266.00,270.00,265.00,269.00,+4.50,"13,145",
114/07/25,"7,904,591","2,119,214,840",270.00,270.50,267.00,268.50,-0.50,"9,136",
114/07/28,"14,847,007","4,016,835,427",269.00,272.00,269.00,272.00,+3.50,"10,114",
114/07/29,"13,562,396","3,623,962,744",271.50,271.50,265.00,267.50,-4.50,"16,683",
114/07/30,"11,000,384","2,947,691,071",269.00,270.00,265.50,270.00,+2.50,"10,469",
114/07/31,"48,210,508","13,467,110,924",271.50,285.00,270.00,281.50,+11.50,"39,503",
114/08/01,"20,318,200","5,714,604,682",276.00,285.00,276.00,285.00,+3.50,"28,749",
114/08/04,"19,154,947","5,386,389,066",281.50,284.00,279.50,281.00,-4.00,"32,562",
114/08/05,"25,040,026","7,166,792,645",284.00,288.00,282.00,288.00,+7.00,"21,771",
114/08/06,"16,085,555","4,627,885,439",287.00,289.00,285.50,288.50,+0.50,"16,905",
114/08/07,"20,917,241","6,069,555,901",288.50,294.00,288.00,289.00,+0.50,"27,854",
114/08/08,"17,138,897","4,977,105,467",290.50,293.50,289.00,290.50,+1.50,"12,864",
114/08/11,"17,453,640","5,028,563,013",288.50,290.50,283.50,290.00,-0.50,"42,902",
114/08/12,"23,048,108","6,551,813,542",291.50,291.50,282.00,283.00,-7.00,"33,908",
114/08/13,"66,058,217","18,186,675,157",284.00,285.00,271.00,271.50,-11.50,"72,239",
114/08/14,"23,479,265","6,372,155,236",272.00,274.00,268.50,270.50,-1.00,"21,051",
114/08/15,"24,656,970","6,641,772,762",272.00,273.50,267.50,270.50, 0.00,"32,069",
114/08/18,"20,875,074","5,614,696,360",270.50,271.50,267.00,269.00,-1.50,"24,656",
114/08/19,"14,933,576","3,999,614,201",267.50,269.00,266.50,268.00,-1.00,"15,060",
114/08/20,"38,340,385","10,031,962,657",266.50,267.00,259.00,259.50,-8.50,"48,331",
114/08/21,"26,045,092","6,758,520,233",262.00,263.00,257.00,259.00,-0.50,"31,518",
114/08/22,"17,556,268","4,520,257,384",258.50,261.50,256.50,258.50,-0.50,"14,086",
114/08/25,"25,613,599","6,780,608,572",263.00,268.00,260.50,268.00,+9.50,"21,788",
114/08/26,"21,767,616","5,761,371,646",267.00,267.00,263.00,265.00,-3.00,"21,940",
114/08/27,"17,744,234","4,755,141,402",266.50,269.00,265.00,269.00,+4.00,"15,311",
114/08/28,"9,846,972","2,633,385,617",268.00,269.00,266.00,266.00,-3.00,"11,326",
114/08/29,"13,766,301","3,643,317,502",267.50,268.50,262.50,262.50,-3.50,"19,445",
114/09/01,"19,560,706","5,040,730,234",260.50,262.00,255.50,256.00,-6.50,"28,241",
114/09/02,"16,230,886","4,139,140,770",257.50,260.00,253.00,253.50,-2.50,"21,319",
114/09/03,"14,851,393","3,769,190,871",253.00,255.00,252.50,253.50, 0.00,"19,043",
114/09/04,"10,200,031","2,629,428,674",256.00,260.00,256.00,257.00,+3.50,"27,112",
114/09/05,"7,876,262","2,034,465,407",258.50,259.50,256.50,258.50,+1.50,"8,553",
114/09/08,"15,708,398","4,090,580,384",260.00,262.00,259.00,260.00,+1.50,"11,315",
114/09/09,"20,058,259","5,228,129,604",259.00,263.00,256.00,262.50,+2.50,"16,852",
114/09/10,"36,652,954","9,942,036,273",266.50,274.00,266.50,273.00,+10.50,"33,936",
114/09/11,"29,092,124","7,911,048,874",276.00,276.50,269.00,270.00,-3.00,"36,366",
114/09/12,"15,516,785","4,241,835,662",273.00,275.00,272.00,274.00,+4.00,"15,075",
114/09/15,"21,965,610","6,040,418,305",275.00,276.50,272.50,276.00,+2.00,"24,249",
114/09/16,"16,694,979","4,585,261,770",276.50,277.00,273.00,273.50,-2.50,"27,252",
114/09/17,"13,259,157","3,643,282,049",273.50,278.00,273.00,273.00,-0.50,"12,533",
114/09/18,"20,905,813","5,790,414,409",275.00,279.50,273.00,279.50,+6.50,"18,604",
114/09/19,"28,422,052","8,006,662,571",280.50,285.00,279.50,281.00,+1.50,"34,373",
114/09/22,"13,726,076","3,855,131,025",281.50,283.50,279.50,281.00, 0.00,"14,001",
114/09/23,"36,526,183","10,454,471,563",283.00,288.00,283.00,286.50,+5.50,"33,568",
114/09/24,"29,865,786","8,424,410,645",283.00,284.00,280.00,283.50,-3.00,"66,664",
114/09/25,"22,386,647","6,377,953,588",281.50,288.00,280.00,285.00,+1.50,"23,877",
114/09/26,"29,718,734","8,422,304,354",287.00,289.00,279.00,285.00, 0.00,"38,539",
114/09/30,"41,755,376","12,213,863,001",288.00,298.00,287.50,290.00,+5.00,"51,850",
114/10/01,"36,304,344","10,586,997,656",293.00,297.50,285.50,286.50,-3.50,"83,026",
114/10/02,"31,036,103","9,071,888,452",292.00,295.00,289.50,294.00,+7.50,"30,849",
114/10/03,"40,685,629","12,103,938,710",294.50,300.00,294.00,300.00,+6.00,"43,812",
114/10/07,"41,733,132","12,908,093,891",310.50,314.00,305.00,308.50,+8.50,"91,528",
114/10/08,"24,129,909","7,371,025,613",307.00,308.00,303.50,306.00,-2.50,"43,197",
114/10/09,"38,277,955","11,524,501,842",310.00,311.00,298.00,298.00,-8.00,"64,800",
114/10/13,"30,591,821","8,915,433,537",289.50,295.00,287.00,294.50,-3.50,"29,248",
114/10/14,"31,282,060","9,065,931,250",299.00,299.00,284.00,284.00,-10.50,"39,438",
114/10/15,"17,058,294","4,865,263,013",285.00,288.00,281.50,286.00,+2.00,"20,461",
114/10/16,"15,861,395","4,597,312,212",287.50,292.00,286.00,291.50,+5.50,"14,739",
114/10/17,"13,199,377","3,814,654,820",289.50,291.50,287.50,288.50,-3.00,"15,042",
114/10/20,"22,761,850","6,728,966,115",291.00,297.50,290.50,296.50,+8.00,"21,532",
114/10/21,"17,705,613","5,192,281,054",297.00,297.50,291.00,291.00,-5.50,"26,767",
114/10/22,"12,550,601","3,622,788,155",289.00,291.50,287.00,289.50,-1.50,"14,392",
114/10/23,"34,466,817","10,222,785,215",289.50,303.00,289.50,293.50,+4.00,"30,336",
114/10/27,"45,895,629","14,048,194,179",303.50,310.00,301.00,309.50,+16.00,"43,516",
114/10/28,"18,741,550","5,717,935,073",308.00,308.50,303.00,304.00,-5.50,"43,361",
114/10/29,"13,464,651","4,139,832,234",307.00,309.00,305.00,308.00,+4.00,"14,390",
114/10/30,"21,037,837","6,441,208,490",308.00,310.00,303.00,306.00,-2.00,"35,471",
114/10/31,"13,735,019","4,149,904,238",306.00,306.50,300.50,300.50,-5.50,"35,750",
114/11/03,"12,063,356","3,598,854,680",300.00,302.50,296.00,297.50,-3.00,"17,159",
114/11/04,"20,690,113","6,011,968,408",297.50,298.50,287.00,287.50,-10.00,"33,642",
114/11/05,"19,352,306","5,498,553,113",282.00,290.00,280.00,289.50,+2.00,"21,347",
114/11/06,"15,069,094","4,411,906,735",289.50,297.00,287.00,293.00,+3.50,"13,575",
114/11/07,"9,974,302","2,872,971,344",290.00,291.50,286.50,287.00,-6.00,"22,015",
114/11/10,"9,651,296","2,794,063,223",288.00,291.50,286.00,291.50,+4.50,"9,188",
114/11/11,"12,190,691","3,584,413,224",294.00,297.50,291.00,291.50, 0.00,"13,962",
114/11/12,"16,108,479","4,631,667,064",288.00,289.50,285.50,288.00,-3.50,"27,441",
114/11/13,"25,420,381","7,306,983,468",292.00,293.50,285.00,285.00,-3.00,"23,454",
114/11/14,"20,227,273","5,666,155,427",281.00,282.50,278.00,279.50,-5.50,"23,536",
114/11/17,"13,654,094","3,793,065,525",281.00,282.50,275.00,276.00,-3.50,"15,027",
114/11/18,"19,023,300","5,181,896,439",275.00,278.50,270.00,270.00,-6.00,"24,539",
114/11/19,"14,761,573","3,968,862,865",271.00,273.50,267.00,267.00,-3.00,"21,963",
114/11/20,"10,369,655","2,844,642,193",275.00,276.50,272.50,274.00,+7.00,"11,037",
114/11/21,"14,481,053","3,893,703,258",267.50,272.00,266.50,270.00,-4.00,"16,430",
114/11/24,"15,676,654","4,268,693,515",272.00,274.00,270.00,272.00,+2.00,"9,382",
114/11/25,"9,487,541","2,621,988,947",278.00,279.50,274.00,275.00,+3.00,"14,906",
114/11/26,"9,642,937","2,688,136,980",278.00,281.00,276.50,279.50,+4.50,"13,323",
114/11/27,"6,596,605","1,849,449,783",279.00,282.00,278.00,281.50,+2.00,"7,214",
114/11/28,"13,070,062","3,658,596,350",281.00,284.00,276.00,282.00,+0.50,"11,412",
114/12/01,"17,764,157","5,080,885,578",283.00,288.00,282.00,287.00,+5.00,"13,495",
114/12/02,"15,836,911","4,592,279,951",288.00,293.00,287.50,288.50,+1.50,"12,369",
114/12/03,"15,038,614","4,390,231,214",287.50,293.00,287.50,292.50,+4.00,"13,852",
114/12/04,"11,696,629","3,433,330,100",293.00,294.50,292.00,294.50,+2.00,"10,314",
114/12/05,"22,303,251","6,639,572,404",294.50,301.00,294.00,297.50,+3.00,"16,120",
114/12/08,"11,252,879","3,336,217,449",297.50,298.00,295.00,297.50, 0.00,"10,743",
114/12/09,"15,286,479","4,533,030,235",299.00,301.50,293.50,296.00,-1.50,"63,217",
114/12/10,"10,284,410","3,015,933,639",297.50,298.50,291.00,292.50,-3.50,"24,170",
114/12/11,"11,325,210","3,277,814,306",295.00,295.00,287.50,288.00,-4.50,"17,566",
114/12/12,"6,348,791","1,823,823,397",290.00,290.50,285.50,286.50,-1.50,"8,395",
114/12/15,"8,548,326","2,425,935,828",282.50,285.50,280.50,285.00,-1.50,"10,846",
114/12/16,"27,400,395","7,569,874,208",282.00,282.50,273.00,273.00,-12.00,"35,148",
114/12/17,"50,920,956","13,626,509,549",269.50,271.00,265.00,265.00,-8.00,"57,717",
114/12/18,"30,614,675","8,008,984,300",265.00,265.50,260.00,260.00,-5.00,"37,018",
114/12/19,"22,665,570","5,969,889,171",262.50,265.00,261.50,265.00,+5.00,"19,044",
114/12/22,"19,486,070","5,194,453,994",267.50,268.50,265.00,267.00,+2.00,"20,385",
114/12/23,"18,187,170","4,824,336,647",268.00,268.00,263.50,264.50,-2.50,"23,003",
114/12/24,"14,914,341","3,946,822,666",265.50,267.00,263.50,264.00,-0.50,"17,264",
114/12/26,"16,607,988","4,359,147,506",265.00,265.00,261.00,263.00,-1.00,"20,929",
114/12/29,"14,666,887","3,863,685,602",262.00,265.00,260.50,263.00, 0.00,"13,882",
114/12/30,"12,494,721","3,271,297,282",263.00,263.00,260.50,263.00, 0.00,"16,221",
114/12/31,"24,493,074","6,593,075,424",263.50,272.50,263.50,272.00,+9.00,"23,609",
115/01/02,"23,284,219","6,418,480,280",274.00,280.00,270.00,277.00,+5.00,"22,413",
115/01/05,"26,091,670","7,250,166,679",277.50,280.00,275.00,278.00,+1.00,"33,325",
115/01/06,"24,217,657","6,736,960,407",277.00,282.00,273.50,282.00,+4.00,"23,804",
115/01/07,"19,165,223","5,408,003,066",282.00,285.00,280.50,282.00, 0.00,"19,266",
115/01/08,"25,077,378","6,898,645,943",280.50,281.00,272.00,273.00,-9.00,"50,794",
115/01/09,"50,339,272","14,224,574,403",278.00,287.50,277.00,283.00,+10.00,"39,195",
115/01/12,"20,975,317","5,888,590,408",285.50,286.00,278.00,280.50,-2.50,"49,499",
115/01/13,"19,233,920","5,384,097,035",284.00,285.00,277.00,279.00,-1.50,"15,774",
115/01/14,"28,468,651","8,106,368,383",282.00,287.00,280.00,286.00,+7.00,"21,137",
115/01/15,"15,829,638","4,472,162,893",285.50,285.50,279.50,283.00,-3.00,"15,215",
115/01/16,"24,727,059","7,126,021,708",286.00,290.00,285.50,289.50,+6.50,"22,642",
115/01/19,"16,471,514","4,675,153,175",288.50,288.50,281.50,282.00,-7.50,"46,145",
115/01/20,"13,982,826","3,900,575,858",281.00,282.00,277.00,277.50,-4.50,"28,928",
115/01/21,"15,233,756","4,205,250,605",275.50,279.50,273.50,275.00,-2.50,"22,828",
115/01/22,"17,312,431","4,871,112,474",279.50,283.00,278.50,283.00,+8.00,"13,240",
115/01/23,"12,404,272","3,483,241,653",284.50,285.50,278.50,280.00,-3.00,"21,506",
115/01/26,"19,071,978","5,438,343,698",283.00,287.00,280.50,287.00,+7.00,"19,803",
115/01/27,"11,372,092","3,269,779,197",287.50,290.00,285.00,287.50,+0.50,"13,333",
115/01/28,"15,566,496","4,477,175,391",288.00,292.00,284.50,287.00,-0.50,"19,826",
115/01/29,"11,253,021","3,195,882,668",287.00,288.00,281.50,283.00,-4.00,"21,269",
115/01/30,"19,845,894","5,541,322,667",282.50,283.00,276.50,280.00,-3.00,"49,295",
115/02/02,"17,031,984","4,668,674,024",279.50,279.50,271.50,273.00,-7.00,"23,630",
115/02/03,"14,546,068","4,010,779,222",278.50,281.00,272.00,276.50,+3.50,"13,188",
115/02/04,"9,783,637","2,697,207,864",274.50,278.50,272.50,278.00,+1.50,"8,914",
115/02/05,"11,581,789","3,188,103,544",275.50,281.50,272.00,273.00,-5.00,"12,318",
115/02/06,"18,595,396","5,134,411,558",273.50,280.00,268.50,279.50,+6.50,"14,058",
115/02/09,"12,804,351","3,630,104,896",284.00,285.00,281.50,284.00,+4.50,"12,999",
115/02/10,"15,443,379","4,398,056,498",285.00,287.00,282.50,285.00,+1.00,"12,479",
115/02/11,"16,720,496","4,759,701,431",286.00,286.50,281.00,286.00,+1.00,"26,118",
115/02/23,"22,367,379","6,391,372,697",288.00,288.50,282.50,283.50,-2.50,"33,497",
115/02/24,"13,613,344","3,860,242,168",286.50,286.50,282.00,284.00,+0.50,"17,085",
115/02/25,"49,605,894","14,652,320,929",285.50,299.00,285.50,297.50,+13.50,"42,027",
115/02/26,"25,012,945","7,332,490,439",302.00,302.00,290.00,291.50,-6.00,"44,082",
115/03/02,"45,426,013","13,551,548,510",291.50,302.00,289.00,301.00,+9.50,"39,434",
115/03/03,"22,202,503","6,594,487,367",302.00,302.00,293.00,294.50,-6.50,"46,870",
115/03/04,"32,154,524","9,128,531,294",289.00,289.50,281.00,281.00,-13.50,"28,603",
115/03/05,"20,002,777","5,779,427,418",288.00,293.00,286.00,289.50,+8.50,"17,045",
115/03/06,"12,981,360","3,722,987,338",287.00,289.00,282.50,289.00,-0.50,"12,328",
115/03/09,"18,419,730","5,097,946,004",272.50,282.00,272.00,282.00,-7.00,"17,826",
115/03/10,"16,769,716","4,743,812,069",286.00,287.50,279.50,282.50,+0.50,"14,464",
115/03/11,"18,070,456","5,200,788,140",283.00,290.00,283.00,289.00,+6.50,"13,524",
115/03/12,"14,953,523","4,302,181,019",289.50,290.50,284.50,288.50,-0.50,"12,955",
115/03/13,"10,001,210","2,871,788,100",286.00,290.00,283.50,289.00,+0.50,"9,113",
115/03/16,"14,729,408","4,272,176,091",290.00,292.00,287.50,289.00, 0.00,"12,040",
115/03/17,"14,073,036","4,080,980,802",290.50,292.50,288.00,289.00, 0.00,"11,941",
115/03/18,"18,703,000","5,480,542,523",292.00,295.00,291.50,293.00,+4.00,"14,437",
115/03/19,"10,487,627","3,023,590,568",290.50,292.00,286.00,286.50,-6.50,"20,884",
115/03/20,"13,350,676","3,789,273,361",286.00,288.00,281.00,283.50,-3.00,"11,388",
115/03/23,"15,477,296","4,320,636,283",278.50,282.50,275.50,280.00,-3.50,"11,779",
115/03/24,"10,370,224","2,931,785,152",283.00,285.00,281.00,281.50,+1.50,"9,395",
115/03/25,"9,268,746","2,640,742,560",286.50,288.00,282.50,285.00,+3.50,"7,659",
115/03/26,"11,451,879","3,295,576,248",287.00,291.00,284.00,287.00,+2.00,"10,601",
115/03/27,"13,285,807","3,818,915,078",283.50,289.50,282.00,289.00,+2.00,"9,435",
115/03/30,"17,954,484","5,066,410,801",282.00,284.50,280.50,281.00,-8.00,"18,700",
115/03/31,"18,101,221","5,069,541,291",280.00,284.50,278.00,278.50,-2.50,"23,192",
115/04/01,"18,751,067","5,422,987,211",287.00,291.00,285.00,290.50,+12.00,"17,500",
115/04/02,"11,221,762","3,212,312,387",290.50,291.50,284.50,284.50,-6.00,"15,770",
115/04/07,"9,060,786","2,607,980,162",287.00,289.50,284.00,289.00,+4.50,"7,554",
115/04/08,"54,410,413","16,450,750,311",295.00,307.50,293.50,307.50,+18.50,"48,700",
115/04/09,"46,807,353","14,388,612,997",304.50,314.00,295.00,313.00,+5.50,"60,219",
115/04/10,"39,034,675","12,576,062,290",315.00,327.50,312.00,321.50,+8.50,"37,508",
115/04/13,"16,849,027","5,354,556,461",320.00,320.50,313.00,319.00,-2.50,"31,350",
115/04/14,"20,523,896","6,665,477,410",321.00,329.50,321.00,323.00,+4.00,"25,010",
115/04/15,"34,222,733","10,741,061,897",324.00,325.00,307.00,308.50,-14.50,"66,683",
115/04/16,"19,430,054","6,135,581,416",314.50,318.50,311.00,318.50,+10.00,"17,001",
115/04/17,"20,083,510","6,505,423,257",320.00,327.50,317.50,323.00,+4.50,"18,900",
115/04/20,"19,861,377","6,515,996,141",320.00,330.50,320.00,329.00,+6.00,"18,261",
115/04/21,"24,631,021","8,329,756,692",333.00,341.00,332.00,340.00,+11.00,"24,748",
115/04/22,"18,439,843","6,237,802,811",342.00,345.00,333.50,335.00,-5.00,"22,640",
115/04/23,"27,349,239","8,890,286,841",337.50,339.00,317.00,322.00,-13.00,"28,550",
115/04/24,"18,393,593","5,902,211,430",325.00,326.50,318.00,323.00,+1.00,"17,685",
115/04/27,"16,453,590","5,344,589,036",328.00,328.50,319.50,325.50,+2.50,"15,527",
115/04/28,"15,997,095","5,127,271,183",328.50,330.00,317.50,321.00,-4.50,"18,717",
115/04/29,"11,774,226","3,769,398,146",322.00,322.00,317.00,322.00,+1.00,"10,688",
115/04/30,"18,917,525","5,975,404,272",320.00,321.00,312.00,312.50,-9.50,"25,823",
115/05/04,"17,713,587","5,625,129,852",317.50,321.50,315.00,318.00,+5.50,"14,889",
115/05/05,"12,463,306","3,980,618,575",317.00,323.50,315.00,321.00,+3.00,"17,085",
115/05/06,"44,808,704","15,162,562,366",328.00,348.00,328.00,346.50,+25.50,"44,476",
115/05/07,"23,382,815","8,079,928,594",349.00,352.50,341.00,344.00,-2.50,"26,576",
115/05/08,"17,406,713","5,929,009,384",343.50,345.50,335.50,340.50,-3.50,"17,517",
115/05/11,"14,508,377","5,010,939,445",350.00,350.00,341.50,343.50,+3.00,"14,265",
115/05/12,"12,855,467","4,402,922,457",346.50,347.50,338.00,340.00,-3.50,"13,993",
115/05/13,"13,159,804","4,471,842,276",339.50,343.00,335.50,340.50,+0.50,"11,796",
115/05/14,"21,733,250","7,407,304,577",346.00,351.50,333.00,334.50,-6.00,"22,464",
115/05/15,"66,013,746","20,429,542,128",310.00,317.00,305.00,306.00,-28.50,"76,407",
115/05/18,"36,475,336","10,947,129,014",305.00,305.00,296.00,300.00,-6.00,"30,467",
115/05/19,"37,484,794","11,033,810,587",300.00,302.50,290.00,290.00,-10.00,"37,972",
115/05/20,"36,185,735","10,531,071,400",288.50,294.00,288.50,290.00, 0.00,"28,534",
115/05/21,"38,942,347","11,882,580,749",296.00,312.50,295.00,308.00,+18.00,"31,749",
115/05/22,"36,233,592","11,380,951,543",310.00,317.00,305.50,316.00,+8.00,"28,696",
