日期,成交股數,成交金額,開盤價,最高價,最低價,收盤價,漲跌價差,成交筆數,註記
109/01/02,"6,752,734","313,641,661",46.60,46.70,46.30,46.45,+0.05,"3,707",
109/01/03,"10,274,009","479,870,392",46.50,46.85,46.45,46.75,+0.30,"3,516",
109/01/06,"7,800,140","361,558,690",46.55,46.55,46.20,46.40,-0.35,"2,618",
109/01/07,"8,345,434","386,139,724",46.40,46.50,46.15,46.30,-0.10,"2,790",
109/01/08,"11,318,932","519,428,863",46.10,46.10,45.80,45.80,-0.50,"3,614",
109/01/09,"10,746,081","494,261,726",45.90,46.05,45.90,46.00,+0.20,"3,823",
109/01/10,"11,056,777","512,891,022",46.05,46.50,46.05,46.40,+0.40,"4,934",
109/01/13,"13,559,557","633,782,614",46.55,46.90,46.50,46.80,+0.40,"4,333",
109/01/14,"13,108,152","615,698,696",46.90,47.05,46.85,47.00,+0.20,"4,026",
109/01/15,"11,321,551","530,204,446",47.05,47.05,46.60,46.80,-0.20,"3,418",
109/01/16,"15,160,579","708,794,484",46.80,46.90,46.60,46.90,+0.10,"2,893",
109/01/17,"12,606,769","593,196,043",47.00,47.15,46.90,47.15,+0.25,"4,639",
109/01/20,"9,469,013","445,779,159",47.15,47.15,47.00,47.10,-0.05,"3,487",
109/01/30,"40,112,249","1,817,507,269",46.00,46.05,44.60,45.00,-2.10,"12,091",
109/01/31,"14,884,589","671,517,249",45.00,45.65,44.80,45.05,+0.05,"4,821",
109/02/03,"18,054,022","795,192,046",43.30,44.65,43.30,44.15,-0.90,"6,567",
109/02/04,"13,436,588","600,472,990",44.20,45.05,44.10,45.05,+0.90,"4,206",
109/02/05,"9,970,515","450,038,487",45.10,45.40,44.55,45.40,+0.35,"3,330",
109/02/06,"12,907,210","590,946,015",45.60,46.00,45.50,46.00,+0.60,"3,157",
109/02/07,"12,602,855","572,231,691",45.40,45.70,45.20,45.40,-0.60,"3,657",
109/02/10,"11,903,931","535,839,736",44.75,45.25,44.75,45.15,-0.25,"3,680",
109/02/11,"11,565,457","530,924,522",45.80,46.00,45.75,46.00,+0.85,"3,741",
109/02/12,"19,505,418","906,755,451",46.55,46.65,46.30,46.35,+0.35,"5,633",
109/02/13,"12,332,323","568,415,227",46.40,46.40,45.95,46.05,-0.30,"3,514",
109/02/14,"6,672,300","307,459,908",46.00,46.15,45.95,46.15,+0.10,"1,985",
109/02/17,"6,536,560","298,990,840",45.90,45.95,45.65,45.95,-0.20,"2,502",
109/02/18,"6,244,460","286,541,060",45.80,46.00,45.70,46.00,+0.05,"2,360",
109/02/19,"7,185,602","332,310,771",46.00,46.40,45.90,46.35,+0.35,"2,690",
109/02/20,"9,498,997","438,012,733",46.30,46.35,45.90,46.10,-0.25,"2,911",
109/02/21,"6,792,650","310,773,847",45.55,45.95,45.55,45.70,-0.40,"2,502",
109/02/24,"17,144,822","772,578,984",45.30,45.35,44.90,45.00,-0.70,"6,224",
109/02/25,"9,054,312","405,805,053",44.50,45.00,44.50,44.95,-0.05,"3,704",
109/02/26,"14,219,348","634,501,112",44.50,44.90,44.30,44.70,-0.25,"4,668",
109/02/27,"15,768,868","700,931,536",44.60,44.65,44.35,44.45,-0.25,"4,534",
109/03/02,"17,791,593","782,099,524",43.70,44.20,43.60,43.95,-0.50,"6,275",
109/03/03,"11,304,756","499,251,879",44.10,44.30,44.10,44.15,+0.20,"3,891",
109/03/04,"11,005,726","486,411,488",44.05,44.45,44.00,44.45,+0.30,"3,106",
109/03/05,"10,640,115","478,981,455",45.20,45.20,44.80,45.15,+0.70,"3,260",
109/03/06,"14,599,375","647,439,175",44.90,44.95,44.10,44.20,-0.95,"5,272",
109/03/09,"36,016,216","1,537,159,936",43.40,43.40,42.35,42.35,-1.85,"14,931",
109/03/10,"22,245,818","944,860,523",42.00,43.00,42.00,42.35, 0.00,"7,760",
109/03/11,"21,835,875","925,915,220",42.35,42.65,42.15,42.15,-0.20,"6,479",
109/03/12,"33,454,565","1,367,131,981",41.90,42.05,40.40,40.50,-1.65,"14,019",
109/03/13,"65,107,292","2,490,440,248",38.50,39.65,36.95,39.65,-0.85,"17,031",
109/03/16,"38,573,225","1,494,282,167",39.95,39.95,38.00,38.05,-1.60,"12,498",
109/03/17,"38,282,391","1,434,418,071",37.35,38.05,37.00,37.35,-0.70,"10,833",
109/03/18,"30,545,208","1,130,248,607",37.40,37.55,36.70,36.85,-0.50,"11,557",
109/03/19,"46,895,323","1,656,876,939",36.00,36.00,34.85,34.85,-2.00,"15,533",
109/03/20,"44,141,050","1,606,854,913",35.20,37.50,35.20,37.50,+2.65,"13,724",
109/03/23,"25,571,381","918,490,690",35.65,36.45,35.20,36.00,-1.50,"6,903",
109/03/24,"24,382,066","894,773,242",36.40,37.20,36.25,36.25,+0.25,"7,241",
109/03/25,"21,063,887","781,520,164",37.15,37.40,36.60,37.10,+0.85,"6,604",
109/03/26,"15,831,237","589,672,874",37.55,37.55,36.80,37.30,+0.20,"5,951",
109/03/27,"23,821,133","910,034,450",38.00,38.60,37.90,38.30,+1.00,"7,771",
109/03/30,"13,042,612","492,069,876",37.30,38.10,37.20,37.90,-0.40,"4,122",
109/03/31,"20,596,405","778,479,226",38.30,38.40,37.30,37.55,-0.35,"6,198",
109/04/01,"13,506,234","505,372,661",37.50,37.60,37.20,37.40,-0.15,"4,633",
109/04/06,"25,332,672","944,337,885",38.10,38.30,36.80,37.30,-0.10,"7,435",
109/04/07,"19,756,103","737,902,544",37.60,37.75,37.05,37.25,-0.05,"5,985",
109/04/08,"20,967,571","793,817,548",37.20,38.15,37.20,37.95,+0.70,"6,969",
109/04/09,"14,204,067","542,248,766",38.10,38.45,38.00,38.20,+0.25,"4,311",
109/04/10,"17,114,306","667,831,824",38.20,39.60,38.15,39.20,+1.00,"6,100",
109/04/13,"15,164,813","601,051,217",40.00,40.00,39.30,39.50,+0.30,"5,786",
109/04/14,"19,532,331","786,911,890",39.55,40.80,39.50,40.65,+1.15,"6,445",
109/04/15,"17,651,290","721,603,993",40.90,41.15,40.65,41.05,+0.40,"6,673",
109/04/16,"21,971,619","884,985,807",40.55,40.55,40.20,40.20,-0.85,"7,005",
109/04/17,"18,758,672","766,239,127",40.55,41.35,40.40,40.60,+0.40,"6,874",
109/04/20,"10,911,479","438,938,660",40.50,40.60,40.10,40.10,-0.50,"4,213",
109/04/21,"18,671,544","733,843,928",39.95,40.00,38.85,39.00,-1.10,"7,366",
109/04/22,"14,354,830","558,587,449",38.55,39.45,38.35,39.45,+0.45,"5,354",
109/04/23,"10,879,769","430,799,107",39.50,40.10,39.20,39.60,+0.15,"4,257",
109/04/24,"9,989,353","393,247,543",39.35,39.80,39.20,39.20,-0.40,"3,038",
109/04/27,"11,851,531","473,950,136",39.90,40.25,39.50,40.10,+0.90,"4,219",
109/04/28,"7,655,849","308,068,279",40.45,40.45,40.05,40.30,+0.20,"2,829",
109/04/29,"15,274,925","627,989,788",40.40,41.45,40.40,41.05,+0.75,"5,661",
109/04/30,"20,246,120","851,364,671",41.60,42.50,41.60,42.30,+1.25,"6,914",
109/05/04,"24,649,105","1,004,506,710",40.80,41.30,40.40,40.75,-1.55,"8,857",
109/05/05,"8,102,348","330,339,926",41.10,41.10,40.55,40.65,-0.10,"3,245",
109/05/06,"8,991,553","364,978,386",40.55,40.90,40.30,40.55,-0.10,"3,158",
109/05/07,"10,433,712","423,472,383",40.50,40.85,40.45,40.50,-0.05,"3,406",
109/05/08,"9,626,405","393,043,235",41.00,41.15,40.65,40.65,+0.15,"2,872",
109/05/11,"10,618,884","438,528,225",41.00,41.60,40.95,41.20,+0.55,"3,609",
109/05/12,"14,820,252","608,152,668",41.00,41.30,40.70,41.20, 0.00,"4,577",
109/05/13,"9,772,855","400,273,605",41.15,41.20,40.70,40.95,-0.25,"4,148",
109/05/14,"12,588,440","512,119,663",40.95,40.95,40.50,40.55,-0.40,"5,046",
109/05/15,"16,569,146","680,855,058",41.20,41.30,40.75,41.15,+0.60,"5,355",
109/05/18,"7,305,693","300,615,161",41.00,41.45,40.90,41.20,+0.05,"2,871",
109/05/19,"21,735,909","910,728,528",42.00,42.20,41.50,42.00,+0.80,"7,339",
109/05/20,"16,158,614","682,548,304",42.10,42.35,42.00,42.25,+0.25,"5,250",
109/05/21,"14,589,024","619,561,163",42.10,42.80,42.00,42.70,+0.45,"6,468",
109/05/22,"15,423,030","646,315,610",42.45,42.45,41.60,41.70,-1.00,"4,834",
109/05/25,"8,215,465","340,603,702",41.90,41.95,41.00,41.70, 0.00,"2,551",
109/05/26,"18,596,544","790,774,402",41.75,42.80,41.50,42.45,+0.75,"6,198",
109/05/27,"10,481,595","446,823,166",42.45,42.90,42.45,42.65,+0.20,"3,224",
109/05/28,"11,204,676","472,730,694",42.85,42.85,41.75,42.05,-0.60,"3,653",
109/05/29,"24,010,130","1,013,750,925",41.65,42.40,41.65,42.40,+0.35,"3,570",
109/06/01,"10,918,155","466,972,915",42.80,43.00,42.50,42.50,+0.10,"4,546",
109/06/02,"9,343,354","400,952,839",42.80,43.00,42.65,42.95,+0.45,"3,291",
109/06/03,"14,849,561","644,852,280",43.25,43.60,43.20,43.55,+0.60,"5,272",
109/06/04,"11,561,773","503,259,107",43.70,43.75,43.30,43.55, 0.00,"3,282",
109/06/05,"7,712,562","335,643,425",43.55,43.65,43.30,43.50,-0.05,"2,311",
109/06/08,"13,284,158","582,066,377",43.75,44.00,43.55,43.85,+0.35,"3,815",
109/06/09,"12,566,698","553,056,778",43.95,44.20,43.80,44.00,+0.15,"3,245",
109/06/10,"17,720,695","789,975,706",44.20,44.80,44.15,44.60,+0.60,"5,537",
109/06/11,"21,802,794","966,474,800",44.85,45.05,43.30,43.60,-1.00,"6,558",
109/06/12,"11,829,131","508,349,477",42.70,43.25,42.60,43.25,-0.35,"4,252",
109/06/15,"11,782,168","510,278,142",43.30,43.75,43.05,43.10,-0.15,"3,815",
109/06/16,"14,920,506","652,946,988",43.70,44.30,43.50,44.10,+1.00,"4,258",
109/06/17,"15,662,302","690,282,088",43.90,44.35,43.70,44.30,+0.20,"5,455",
109/06/18,"12,616,949","552,170,305",44.25,44.30,43.40,43.85,-0.45,"4,348",
109/06/19,"14,722,948","642,736,151",44.05,44.10,43.60,43.60,-0.25,"2,293",
109/06/22,"7,776,121","338,334,972",43.40,43.60,43.40,43.60, 0.00,"2,325",
109/06/23,"11,265,979","493,823,294",43.95,44.10,43.40,44.00,+0.40,"2,805",
109/06/24,"10,104,234","445,984,226",44.10,44.30,44.00,44.15,+0.15,"2,855",
109/06/29,"12,680,436","554,240,446",43.80,43.85,43.55,43.80,-0.35,"4,068",
109/06/30,"24,583,365","1,078,482,964",43.90,44.05,43.75,43.90,+0.10,"6,462",
109/07/01,"13,160,330","554,052,778",41.80,42.50,41.70,42.30,X0.00,"4,294",
109/07/02,"7,287,674","307,647,034",42.35,42.45,42.10,42.10,-0.20,"2,704",
109/07/03,"11,331,379","483,245,835",42.35,43.10,42.30,42.80,+0.70,"3,772",
109/07/06,"13,512,682","583,895,547",43.00,43.40,42.95,43.30,+0.50,"3,995",
109/07/07,"13,484,848","583,859,916",43.65,43.75,43.05,43.30, 0.00,"4,352",
109/07/08,"16,804,451","725,817,465",43.30,43.55,43.00,43.10,-0.20,"3,828",
109/07/09,"20,521,872","888,787,511",43.50,44.10,42.80,42.80,-0.30,"6,886",
109/07/10,"6,817,321","289,924,983",43.00,43.05,42.40,42.40,-0.40,"2,687",
109/07/13,"10,806,384","464,279,894",42.90,43.15,42.75,43.00,+0.60,"2,860",
109/07/14,"10,236,539","438,576,305",42.95,43.00,42.65,42.70,-0.30,"3,060",
109/07/15,"11,341,312","486,780,655",43.10,43.10,42.80,42.80,+0.10,"3,404",
109/07/16,"12,820,876","549,543,834",42.80,43.00,42.60,42.85,+0.05,"2,810",
109/07/17,"7,049,060","302,308,491",43.10,43.10,42.75,42.80,-0.05,"2,323",
109/07/20,"6,358,662","270,973,731",42.70,42.90,42.50,42.65,-0.15,"2,110",
109/07/21,"19,042,359","811,580,841",42.55,42.80,42.45,42.50,-0.15,"5,026",
109/07/22,"13,354,151","573,381,096",42.50,43.10,42.50,43.10,+0.60,"3,674",
109/07/23,"6,434,262","274,835,295",42.75,42.95,42.55,42.70,-0.40,"2,222",
109/07/24,"12,544,873","529,304,271",42.50,42.60,41.90,42.00,-0.70,"4,268",
109/07/27,"7,207,468","302,413,428",41.95,42.35,41.80,41.80,-0.20,"2,572",
109/07/28,"12,546,650","523,274,625",41.50,42.00,41.40,41.70,-0.10,"3,902",
109/07/29,"12,698,184","534,650,908",41.70,42.65,41.70,41.80,+0.10,"4,908",
109/07/30,"10,770,866","452,982,196",42.50,42.50,41.80,42.20,+0.40,"3,185",
109/07/31,"18,066,927","754,431,949",41.95,42.10,41.60,41.75,-0.45,"3,880",
109/08/03,"12,359,931","511,543,264",41.65,41.70,41.20,41.25,-0.50,"4,292",
109/08/04,"8,308,555","343,490,147",41.30,41.45,41.20,41.30,+0.05,"2,380",
109/08/05,"10,450,085","432,461,673",41.30,41.55,41.25,41.40,+0.10,"2,722",
109/08/06,"12,615,104","524,192,394",41.55,41.80,41.30,41.55,+0.15,"3,448",
109/08/07,"10,564,310","436,196,070",41.55,41.55,41.15,41.15,-0.40,"3,218",
109/08/10,"12,714,414","529,188,898",41.30,41.80,41.15,41.75,+0.60,"2,946",
109/08/11,"23,748,509","997,406,280",42.30,42.35,41.55,41.75, 0.00,"5,211",
109/08/12,"14,627,385","611,663,300",41.90,41.95,41.60,41.85,+0.10,"3,986",
109/08/13,"14,812,791","622,221,872",42.35,42.35,41.80,42.00,+0.15,"3,380",
109/08/14,"11,494,689","480,370,988",41.60,42.00,41.60,41.85,-0.15,"2,893",
109/08/17,"12,072,031","510,556,126",42.15,42.50,41.90,42.50,+0.65,"3,940",
109/08/18,"11,683,329","496,834,862",42.50,42.65,42.35,42.55,+0.05,"3,560",
109/08/19,"21,179,890","912,090,922",42.80,43.30,42.65,42.75,+0.20,"7,548",
109/08/20,"23,935,755","1,000,381,287",42.90,42.90,41.25,41.40,-1.35,"7,876",
109/08/21,"18,328,482","761,763,814",41.95,42.00,41.35,41.80,+0.40,"5,825",
109/08/24,"7,388,720","308,259,577",41.95,41.95,41.40,41.70,-0.10,"2,161",
109/08/25,"43,406,185","1,868,671,361",41.90,43.65,41.90,43.40,+1.70,"11,537",
109/08/26,"15,638,258","676,762,623",43.70,43.70,43.00,43.40, 0.00,"4,855",
109/08/27,"11,230,656","483,437,980",43.50,43.50,42.80,43.10,-0.30,"3,425",
109/08/28,"14,665,160","634,942,400",43.15,43.55,43.05,43.30,+0.20,"3,919",
109/08/31,"15,100,192","648,694,259",43.65,43.65,42.65,42.80,-0.50,"3,499",
109/09/01,"15,085,822","644,160,947",42.80,42.95,42.40,42.80, 0.00,"3,625",
109/09/02,"13,286,642","561,485,824",42.90,43.00,42.05,42.20,-0.60,"4,475",
109/09/03,"10,479,213","446,791,322",42.45,43.00,42.25,42.75,+0.55,"3,607",
109/09/04,"9,167,166","388,050,988",42.15,42.55,42.15,42.45,-0.30,"2,469",
109/09/07,"6,282,869","266,686,111",42.80,42.80,42.20,42.45, 0.00,"1,886",
109/09/08,"6,992,412","296,873,883",42.60,42.65,42.30,42.50,+0.05,"2,608",
109/09/09,"13,511,783","566,483,401",42.10,42.45,41.70,42.25,-0.25,"4,780",
109/09/10,"17,438,272","747,425,184",42.45,43.20,42.05,43.05,+0.80,"5,470",
109/09/11,"18,362,750","796,507,844",43.35,43.50,43.25,43.45,+0.40,"6,076",
109/09/14,"17,056,572","743,234,352",43.50,43.70,43.25,43.65,+0.20,"5,264",
109/09/15,"10,581,457","461,882,101",43.70,43.75,43.55,43.75,+0.10,"3,617",
109/09/16,"12,506,413","546,154,484",43.75,43.75,43.40,43.75, 0.00,"3,751",
109/09/17,"12,650,873","549,306,666",43.55,43.70,43.20,43.25,-0.50,"3,897",
109/09/18,"18,022,219","774,376,402",43.25,43.30,42.85,42.85,-0.40,"3,742",
109/09/21,"15,270,907","649,620,729",42.75,42.90,42.25,42.40,-0.45,"4,704",
109/09/22,"15,323,043","643,048,506",42.25,42.25,41.80,41.90,-0.50,"4,841",
109/09/23,"21,220,309","882,199,993",41.90,42.10,41.30,41.75,-0.15,"6,806",
109/09/24,"32,598,055","1,327,765,015",41.25,41.30,40.40,40.60,-1.15,"11,344",
109/09/25,"12,935,694","528,488,103",40.60,41.00,40.60,40.80,+0.20,"3,272",
109/09/28,"9,149,141","376,562,341",41.00,41.35,40.90,41.30,+0.50,"3,094",
109/09/29,"10,543,697","438,461,992",41.50,41.70,41.40,41.65,+0.35,"2,635",
109/09/30,"9,530,357","398,611,349",41.80,41.90,41.65,41.90,+0.25,"2,363",
109/10/05,"15,182,416","629,403,450",42.05,42.10,41.20,41.20,-0.70,"5,669",
109/10/06,"11,263,103","467,126,044",41.40,41.60,41.20,41.50,+0.30,"3,494",
109/10/07,"11,548,570","476,621,131",41.10,41.45,41.10,41.15,-0.35,"3,089",
109/10/08,"13,196,584","542,777,742",41.30,41.35,41.00,41.05,-0.10,"4,152",
109/10/12,"10,983,190","454,647,435",41.35,41.50,41.30,41.45,+0.40,"3,935",
109/10/13,"10,561,448","438,168,921",41.65,41.70,41.30,41.45, 0.00,"3,543",
109/10/14,"18,579,543","775,653,774",41.65,41.80,41.55,41.80,+0.35,"4,140",
109/10/15,"12,655,566","524,488,131",41.65,41.75,41.30,41.30,-0.50,"4,117",
109/10/16,"10,915,651","452,856,633",41.30,41.65,41.30,41.35,+0.05,"3,444",
109/10/19,"8,697,813","361,304,823",41.45,41.70,41.40,41.45,+0.10,"2,649",
109/10/20,"8,109,104","335,553,707",41.45,41.60,41.30,41.40,-0.05,"2,448",
109/10/21,"9,008,960","373,667,713",41.60,41.60,41.40,41.40, 0.00,"3,905",
109/10/22,"16,101,573","668,815,269",41.30,41.75,41.30,41.50,+0.10,"3,603",
109/10/23,"9,373,754","387,844,976",41.30,41.50,41.30,41.40,-0.10,"2,481",
109/10/26,"8,614,883","358,171,430",41.45,41.70,41.40,41.70,+0.30,"3,204",
109/10/27,"12,379,262","511,401,901",41.50,41.50,41.20,41.30,-0.40,"3,221",
109/10/28,"11,464,155","472,561,912",41.30,41.35,41.10,41.35,+0.05,"3,712",
109/10/29,"13,777,258","561,768,448",40.90,40.95,40.65,40.75,-0.60,"5,538",
109/10/30,"15,670,713","637,104,952",40.75,40.75,40.50,40.70,-0.05,"3,657",
109/11/02,"7,905,448","324,818,605",40.70,41.45,40.70,41.45,+0.75,"2,476",
109/11/03,"8,308,883","344,963,766",41.55,41.65,41.35,41.60,+0.15,"2,856",
109/11/04,"6,681,826","277,579,481",41.50,41.65,41.25,41.65,+0.05,"1,896",
109/11/05,"11,322,549","472,530,550",41.70,41.85,41.60,41.65, 0.00,"2,704",
109/11/06,"8,335,274","348,818,916",41.65,41.95,41.65,41.95,+0.30,"2,942",
109/11/09,"18,637,402","793,701,284",42.10,42.85,42.10,42.70,+0.75,"6,042",
109/11/10,"28,378,745","1,234,420,489",43.10,43.80,43.10,43.60,+0.90,"9,575",
109/11/11,"60,875,251","2,741,689,315",44.10,45.70,44.10,45.55,+1.95,"21,134",
109/11/12,"31,235,439","1,408,593,201",45.50,45.50,44.60,45.20,-0.35,"9,292",
109/11/13,"19,617,179","888,296,771",45.00,45.50,44.90,45.30,+0.10,"6,394",
109/11/16,"22,954,753","1,048,366,578",45.90,46.00,45.35,45.55,+0.25,"7,321",
109/11/17,"25,860,782","1,177,346,106",45.55,45.80,45.15,45.55, 0.00,"8,189",
109/11/18,"18,621,807","847,593,223",45.50,45.70,45.30,45.50,-0.05,"6,852",
109/11/19,"13,045,423","591,791,520",45.50,45.65,45.15,45.25,-0.25,"4,062",
109/11/20,"20,322,119","907,659,116",45.10,45.15,44.35,44.90,-0.35,"7,309",
109/11/23,"15,060,834","683,222,204",45.05,45.60,45.00,45.50,+0.60,"5,417",
109/11/24,"15,377,512","693,364,411",45.60,45.60,44.90,44.95,-0.55,"5,397",
109/11/25,"13,729,310","620,679,885",45.45,45.45,44.95,45.15,+0.20,"3,668",
109/11/26,"19,573,788","891,243,246",45.40,45.70,45.40,45.60,+0.45,"7,347",
109/11/27,"17,425,290","793,780,924",45.70,45.80,45.35,45.65,+0.05,"6,538",
109/11/30,"60,378,142","2,697,423,370",45.70,45.75,44.30,44.30,-1.35,"10,176",
109/12/01,"16,776,138","749,478,003",44.65,44.90,44.40,44.80,+0.50,"6,066",
109/12/02,"24,770,273","1,102,962,156",44.65,44.75,44.35,44.55,-0.25,"6,802",
109/12/03,"19,429,779","865,783,235",44.50,44.85,44.25,44.45,-0.10,"6,094",
109/12/04,"19,904,106","891,834,385",44.40,45.15,44.35,45.15,+0.70,"5,386",
109/12/07,"23,923,918","1,086,391,242",45.30,45.60,45.10,45.60,+0.45,"8,797",
109/12/08,"22,862,816","1,030,006,520",45.25,45.40,44.80,45.40,-0.20,"6,383",
109/12/09,"15,271,637","686,878,337",45.05,45.20,44.80,45.10,-0.30,"4,752",
109/12/10,"27,500,914","1,254,651,969",45.10,45.95,45.00,45.65,+0.55,"8,559",
109/12/11,"48,409,609","2,284,211,191",46.65,47.70,46.65,47.20,+1.55,"18,967",
109/12/14,"31,348,002","1,485,697,307",47.45,48.00,47.00,47.30,+0.10,"10,755",
109/12/15,"36,707,619","1,687,778,264",47.10,47.10,45.35,45.85,-1.45,"12,719",
109/12/16,"18,644,181","863,570,049",46.05,46.50,46.00,46.35,+0.50,"7,825",
109/12/17,"11,027,254","510,157,812",46.45,46.50,45.90,46.20,-0.15,"4,046",
109/12/18,"20,490,433","948,313,345",46.05,46.80,46.00,46.00,-0.20,"6,517",
109/12/21,"30,116,552","1,368,659,632",46.35,46.45,45.10,45.50,-0.50,"10,980",
109/12/22,"17,518,340","791,646,042",45.35,45.45,44.90,44.90,-0.60,"7,464",
109/12/23,"12,251,692","546,832,708",44.75,44.85,44.10,44.80,-0.10,"4,691",
109/12/24,"20,779,816","947,189,895",44.90,46.00,44.90,45.55,+0.75,"5,815",
109/12/25,"6,538,845","297,760,728",45.60,45.70,45.40,45.50,-0.05,"2,336",
109/12/28,"7,970,511","361,699,747",45.55,45.60,45.25,45.55,+0.05,"3,201",
109/12/29,"8,113,872","369,821,189",45.65,45.70,45.50,45.50,-0.05,"2,912",
109/12/30,"31,522,293","1,461,632,012",45.55,47.00,45.50,46.90,+1.40,"12,374",
109/12/31,"23,055,467","1,074,815,155",47.10,47.20,45.65,46.75,-0.15,"8,131",
110/01/04,"18,812,189","870,346,477",46.15,46.50,45.95,46.25,-0.50,"6,361",
110/01/05,"13,617,561","629,127,088",46.25,46.45,45.85,46.35,+0.10,"4,998",
110/01/06,"21,616,050","991,063,840",46.10,46.25,45.55,45.60,-0.75,"8,797",
110/01/07,"21,724,732","1,003,769,801",46.00,46.45,45.95,46.20,+0.60,"8,138",
110/01/08,"42,271,839","1,987,545,824",46.45,47.70,46.25,47.45,+1.25,"14,210",
110/01/11,"35,639,707","1,691,394,977",47.70,48.35,46.65,47.40,-0.05,"12,418",
110/01/12,"39,778,965","1,908,584,643",48.40,48.60,47.50,47.75,+0.35,"13,404",
110/01/13,"31,932,937","1,536,236,137",48.00,48.30,47.80,48.30,+0.55,"10,428",
110/01/14,"21,440,775","1,035,778,872",48.55,48.55,47.95,48.45,+0.15,"7,056",
110/01/15,"24,337,076","1,166,732,026",48.50,48.55,47.55,47.60,-0.85,"8,438",
110/01/18,"24,954,742","1,167,657,545",47.05,47.30,46.45,46.95,-0.65,"7,562",
110/01/19,"13,003,728","614,968,844",46.75,47.55,46.70,47.25,+0.30,"4,255",
110/01/20,"21,776,539","1,013,033,919",47.00,47.20,46.10,46.20,-1.05,"8,248",
110/01/21,"13,986,929","649,098,703",46.30,46.70,46.20,46.20, 0.00,"4,402",
110/01/22,"20,524,152","951,662,307",46.35,46.55,46.25,46.25,+0.05,"4,900",
110/01/25,"27,801,372","1,313,523,763",46.50,47.95,46.30,47.40,+1.15,"8,690",
110/01/26,"19,379,099","906,713,161",47.50,47.50,46.50,46.50,-0.90,"6,783",
110/01/27,"15,050,838","704,185,651",46.85,47.00,46.55,46.80,+0.30,"3,405",
110/01/28,"19,821,828","915,518,222",46.30,46.75,45.90,46.20,-0.60,"7,123",
110/01/29,"25,446,024","1,165,596,550",46.15,46.70,45.55,45.55,-0.65,"6,510",
110/02/01,"9,635,500","441,418,546",45.35,46.15,45.30,45.95,+0.40,"3,740",
110/02/02,"37,453,646","1,761,075,306",46.35,47.40,45.80,47.25,+1.30,"11,570",
110/02/03,"22,486,272","1,065,179,059",47.40,47.60,46.80,47.60,+0.35,"5,822",
110/02/04,"13,912,019","656,056,544",47.50,47.50,46.90,47.10,-0.50,"4,606",
110/02/05,"14,095,420","663,513,110",47.20,47.50,46.90,46.90,-0.20,"4,388",
110/02/17,"61,769,519","3,013,259,389",48.75,49.45,48.05,48.90,+2.00,"20,410",
110/02/18,"35,450,695","1,757,649,456",49.00,50.00,49.00,49.20,+0.30,"11,566",
110/02/19,"22,029,874","1,080,862,122",49.20,49.50,48.80,49.10,-0.10,"6,635",
110/02/22,"22,109,334","1,091,063,876",49.35,50.00,48.95,48.95,-0.15,"8,029",
110/02/23,"27,137,394","1,345,787,914",49.00,49.95,49.00,49.75,+0.80,"9,506",
110/02/24,"34,458,155","1,722,979,508",50.00,50.20,49.80,50.00,+0.25,"9,095",
110/02/25,"58,286,243","2,995,924,187",50.60,52.20,50.50,51.70,+1.70,"17,235",
110/02/26,"65,601,653","3,317,988,981",51.00,52.30,49.90,49.90,-1.80,"19,992",
110/03/02,"30,999,767","1,570,479,076",51.00,51.20,50.00,50.10,+0.20,"9,760",
110/03/03,"28,330,932","1,442,496,568",50.60,51.20,50.50,51.00,+0.90,"8,924",
110/03/04,"26,368,962","1,332,779,089",50.90,51.20,50.10,50.60,-0.40,"7,330",
110/03/05,"15,283,944","772,482,849",50.20,50.90,50.00,50.80,+0.20,"5,649",
110/03/08,"38,292,930","1,994,473,254",51.40,53.00,51.20,52.10,+1.30,"13,286",
110/03/09,"56,794,868","3,038,723,700",52.70,54.00,52.60,53.70,+1.60,"19,135",
110/03/10,"38,119,976","2,046,349,629",53.60,54.00,53.20,54.00,+0.30,"11,175",
110/03/11,"88,979,695","4,971,974,439",55.20,57.00,54.70,55.40,+1.40,"27,803",
110/03/12,"35,646,272","1,962,201,032",55.80,55.90,54.60,54.90,-0.50,"12,449",
110/03/15,"40,229,775","2,241,653,841",55.40,56.40,55.20,55.50,+0.60,"11,348",
110/03/16,"17,288,855","958,137,039",55.70,55.80,55.20,55.40,-0.10,"6,016",
110/03/17,"29,276,597","1,599,785,341",55.40,55.40,54.20,54.50,-0.90,"12,808",
110/03/18,"20,635,715","1,128,181,977",55.40,55.40,54.20,54.40,-0.10,"7,711",
110/03/19,"45,752,832","2,457,281,001",54.20,54.90,53.30,53.70,-0.70,"13,530",
110/03/22,"17,860,505","959,018,705",53.70,54.10,53.10,53.90,+0.20,"6,561",
110/03/23,"25,272,453","1,380,307,525",54.60,55.10,54.20,54.50,+0.60,"7,790",
110/03/24,"24,046,474","1,299,199,322",54.80,55.30,54.10,54.40,-0.10,"8,274",
110/03/25,"29,131,809","1,603,836,803",54.80,55.40,54.50,55.30,+0.90,"9,115",
110/03/26,"28,377,801","1,579,290,872",55.80,56.30,55.20,55.50,+0.20,"8,937",
110/03/29,"19,532,083","1,090,431,511",55.90,56.10,55.60,55.90,+0.40,"6,452",
110/03/30,"36,049,986","2,027,019,595",56.20,56.90,55.60,56.80,+0.90,"10,417",
110/03/31,"41,896,423","2,392,576,387",57.20,57.80,56.60,56.80, 0.00,"11,483",
110/04/01,"38,865,333","2,241,451,207",57.60,58.00,57.30,57.80,+1.00,"13,261",
110/04/06,"25,333,675","1,460,499,577",58.20,58.30,57.30,57.30,-0.50,"9,190",
110/04/07,"24,160,586","1,381,515,902",57.60,57.70,56.90,57.50,+0.20,"8,481",
110/04/08,"19,810,851","1,129,598,788",57.40,57.40,56.80,56.90,-0.60,"7,498",
110/04/09,"22,305,380","1,259,651,943",56.80,57.00,56.10,56.40,-0.50,"9,780",
110/04/12,"32,425,336","1,872,685,970",57.40,58.40,57.10,58.00,+1.60,"11,079",
110/04/13,"35,362,594","2,052,091,775",58.50,58.70,57.50,57.80,-0.20,"10,808",
110/04/14,"23,981,022","1,369,463,393",57.50,57.90,56.60,57.10,-0.70,"9,245",
110/04/15,"62,992,448","3,711,833,617",57.80,60.00,57.60,60.00,+2.90,"20,381",
110/04/16,"31,804,544","1,893,701,841",59.90,60.00,59.00,60.00, 0.00,"11,730",
110/04/19,"39,812,576","2,431,725,680",60.00,61.80,59.90,61.80,+1.80,"14,031",
110/04/20,"31,654,333","1,956,668,718",62.40,63.00,60.90,61.80, 0.00,"11,554",
110/04/21,"27,929,164","1,708,757,624",61.10,61.80,60.80,61.40,-0.40,"11,071",
110/04/22,"39,994,819","2,456,283,710",61.80,62.10,60.60,61.10,-0.30,"12,298",
110/04/23,"18,767,727","1,148,493,234",61.60,61.70,60.70,61.30,+0.20,"6,775",
110/04/26,"43,162,245","2,742,778,411",61.80,64.30,61.70,64.10,+2.80,"16,370",
110/04/27,"24,388,598","1,567,151,279",64.20,64.90,63.60,64.90,+0.80,"10,697",
110/04/28,"29,626,778","1,932,801,331",65.60,66.30,64.50,65.10,+0.20,"11,841",
110/04/29,"25,686,850","1,653,648,005",64.90,65.00,64.10,64.20,-0.90,"8,799",
110/05/03,"104,458,828","7,301,158,889",70.40,70.50,68.60,68.80,+4.60,"33,952",
110/05/04,"69,548,339","4,719,763,076",69.60,69.90,65.60,67.40,-1.40,"28,180",
110/05/05,"54,322,514","3,757,957,904",67.80,70.50,67.00,69.50,+2.10,"20,926",
110/05/06,"40,100,586","2,803,007,848",70.40,71.10,68.70,69.60,+0.10,"15,031",
110/05/07,"31,402,162","2,214,113,628",70.10,70.90,69.70,70.80,+1.20,"11,046",
110/05/10,"78,144,991","5,852,359,674",71.80,77.50,71.20,76.60,+5.80,"31,329",
110/05/11,"95,962,121","7,324,242,275",76.50,78.80,73.10,74.80,-1.80,"42,437",
110/05/12,"141,408,793","9,918,188,134",74.50,74.60,67.40,70.00,-4.80,"54,818",
110/05/13,"69,444,690","4,793,741,129",67.10,71.00,67.00,68.60,-1.40,"28,783",
110/05/14,"45,730,541","3,194,921,239",70.00,71.40,68.70,69.60,+1.00,"18,194",
110/05/17,"63,954,250","4,261,281,013",66.20,68.50,65.10,65.60,-4.00,"27,190",
110/05/18,"66,344,202","4,657,456,785",66.80,71.50,66.80,71.40,+5.80,"28,195",
110/05/19,"37,984,950","2,696,091,381",71.40,72.30,69.80,70.60,-0.80,"17,204",
110/05/20,"29,735,697","2,083,738,693",70.60,71.20,69.40,70.20,-0.40,"11,467",
110/05/21,"57,010,771","4,177,057,903",76.40,76.40,71.50,72.00,+1.80,"20,283",
110/05/24,"21,661,751","1,551,132,137",71.00,72.20,70.80,72.00, 0.00,"9,711",
110/05/25,"24,084,456","1,733,373,440",72.00,72.60,71.70,71.90,-0.10,"9,203",
110/05/26,"14,922,331","1,066,301,146",71.80,72.00,71.10,71.60,-0.30,"7,558",
110/05/27,"54,203,470","3,859,366,172",70.60,71.60,70.10,71.60, 0.00,"10,698",
110/05/28,"26,643,883","1,915,845,747",72.00,72.40,71.00,72.00,+0.40,"10,008",
110/05/31,"21,327,602","1,540,009,580",72.10,72.60,71.70,72.30,+0.30,"8,753",
110/06/01,"14,646,097","1,063,035,071",72.60,73.00,72.10,73.00,+0.70,"6,571",
110/06/02,"25,389,818","1,869,801,539",73.20,74.70,73.00,74.50,+1.50,"11,619",
110/06/03,"26,997,722","1,995,597,977",75.00,75.10,73.30,73.60,-0.90,"10,925",
110/06/04,"14,075,288","1,024,042,791",73.00,73.10,72.50,72.90,-0.70,"6,683",
110/06/07,"17,208,457","1,251,539,508",73.10,73.60,71.40,73.20,+0.30,"7,417",
110/06/08,"10,556,215","776,002,994",73.80,74.00,73.00,73.70,+0.50,"4,480",
110/06/09,"9,154,942","668,306,502",73.30,73.40,72.80,72.90,-0.80,"4,542",
110/06/10,"17,910,051","1,316,676,172",73.40,74.30,72.90,73.80,+0.90,"6,011",
110/06/11,"15,080,405","1,115,931,764",74.20,74.40,73.80,73.80, 0.00,"6,645",
110/06/15,"16,195,966","1,184,758,248",73.90,74.00,72.80,73.00,-0.80,"7,101",
110/06/16,"17,839,972","1,295,946,165",72.60,73.20,72.30,72.60,-0.40,"9,944",
110/06/17,"12,763,087","920,822,833",72.10,72.40,72.00,72.30,-0.30,"6,385",
110/06/18,"30,784,245","2,203,152,327",72.10,72.20,71.30,71.30,-1.00,"11,105",
110/06/21,"41,245,281","2,888,916,238",70.40,70.70,69.70,70.00,-1.30,"17,224",
110/06/22,"20,952,487","1,480,124,477",70.30,71.10,70.30,70.70,+0.70,"7,355",
110/06/23,"17,404,389","1,238,926,178",70.80,71.90,70.50,71.80,+1.10,"7,956",
110/06/24,"8,726,464","626,509,494",71.70,72.10,71.30,71.90,+0.10,"3,473",
110/06/25,"18,856,815","1,375,823,930",72.20,73.40,72.20,72.90,+1.00,"7,942",
110/06/28,"13,463,563","984,666,591",73.10,73.70,72.60,73.20,+0.30,"5,895",
110/06/29,"17,828,024","1,292,718,823",73.10,73.20,72.10,72.60,-0.60,"6,899",
110/06/30,"22,015,103","1,622,696,614",73.30,74.00,73.10,73.90,+1.30,"8,384",
110/07/01,"13,667,841","1,006,015,510",74.00,74.10,73.20,73.40,-0.50,"6,320",
110/07/02,"16,074,225","1,176,472,987",73.60,73.80,72.60,72.90,-0.50,"5,296",
110/07/05,"12,814,732","944,359,664",73.20,74.00,73.20,73.90,+1.00,"5,872",
110/07/06,"16,566,418","1,224,819,012",74.00,74.20,73.60,73.70,-0.20,"5,515",
110/07/07,"13,018,117","961,605,804",73.60,74.10,73.30,74.00,+0.30,"5,192",
110/07/08,"23,078,103","1,721,021,512",74.30,75.40,74.00,74.80,+0.80,"9,665",
110/07/09,"24,115,613","1,787,173,933",74.20,74.60,73.70,74.20,-0.60,"8,019",
110/07/12,"68,581,016","5,304,559,113",75.70,79.40,75.70,76.10,+1.90,"29,628",
110/07/13,"39,647,201","3,046,381,480",77.20,77.70,75.90,76.20,+0.10,"13,652",
110/07/14,"38,851,597","3,015,749,092",76.80,78.50,76.70,78.10,+1.90,"15,225",
110/07/15,"34,723,004","2,758,724,004",79.00,79.90,78.60,79.50,+1.40,"14,122",
110/07/16,"61,220,667","5,001,445,174",79.40,83.30,79.10,82.90,+3.40,"24,963",
110/07/19,"59,854,715","5,002,161,307",84.50,85.70,82.40,83.00,+0.10,"21,831",
110/07/20,"38,387,086","3,133,038,710",81.00,82.50,81.00,81.50,-1.50,"16,458",
110/07/21,"37,815,442","3,090,781,575",82.90,82.90,81.00,81.80,+0.30,"15,967",
110/07/22,"45,195,581","3,770,316,616",82.30,84.40,82.00,84.10,+2.30,"14,727",
110/07/23,"51,960,893","4,375,734,217",84.30,85.00,82.90,85.00,+0.90,"19,561",
110/07/26,"78,260,614","6,286,251,931",82.20,82.70,78.50,78.50,X0.00,"36,355",
110/07/27,"50,663,010","3,885,159,244",78.10,78.30,75.60,76.40,-2.10,"22,588",
110/07/28,"35,666,515","2,677,554,139",75.70,76.40,74.30,75.60,-0.80,"17,429",
110/07/29,"23,192,941","1,758,309,497",76.40,76.80,75.10,75.80,+0.20,"9,469",
110/07/30,"32,887,116","2,466,552,022",75.80,76.00,74.40,75.00,-0.80,"10,696",
110/08/02,"21,286,889","1,605,496,143",75.00,76.50,74.50,76.50,+1.50,"8,159",
110/08/03,"10,892,296","829,844,314",76.80,76.80,75.70,76.40,-0.10,"4,753",
110/08/04,"11,976,629","912,201,893",76.50,76.80,75.80,76.30,-0.10,"4,703",
110/08/05,"10,830,860","824,826,667",76.00,76.40,75.80,76.30, 0.00,"4,295",
110/08/06,"11,450,474","869,730,402",76.30,76.50,75.50,76.00,-0.30,"5,078",
110/08/09,"19,735,169","1,492,818,443",75.80,76.40,75.00,76.10,+0.10,"6,419",
110/08/10,"13,223,981","1,007,889,007",76.00,77.00,75.80,76.00,-0.10,"4,122",
110/08/11,"45,809,692","3,598,840,217",77.40,79.80,77.10,79.20,+3.20,"21,072",
110/08/12,"17,826,180","1,404,780,224",79.90,79.90,78.20,78.80,-0.40,"8,044",
110/08/13,"14,805,771","1,156,652,203",78.60,78.80,77.70,78.10,-0.70,"6,338",
110/08/16,"20,193,147","1,548,885,958",77.70,77.70,76.00,76.50,-1.60,"9,519",
110/08/17,"25,231,481","1,961,129,103",77.00,78.20,76.70,78.20,+1.70,"8,544",
110/08/18,"17,111,938","1,328,691,120",77.20,78.30,77.00,78.00,-0.20,"7,399",
110/08/19,"23,157,615","1,786,811,622",77.40,77.90,76.70,77.00,-1.00,"7,693",
110/08/20,"20,125,110","1,536,849,460",77.20,77.50,75.60,76.50,-0.50,"8,667",
110/08/23,"33,374,009","2,626,146,540",77.60,79.30,77.50,79.00,+2.50,"11,184",
110/08/24,"29,833,574","2,374,680,152",79.00,80.40,78.30,80.40,+1.40,"10,350",
110/08/25,"19,093,436","1,536,286,723",80.80,81.00,79.70,80.80,+0.40,"8,389",
110/08/26,"17,319,883","1,397,577,507",80.50,81.40,79.90,81.30,+0.50,"6,776",
110/08/27,"28,901,068","2,386,283,808",81.00,83.50,80.90,83.50,+2.20,"13,238",
110/08/30,"25,817,333","2,171,171,944",83.80,84.80,83.00,84.80,+1.30,"10,672",
110/08/31,"34,790,145","2,937,596,527",84.00,85.00,83.60,85.00,+0.20,"11,685",
110/09/01,"21,974,074","1,862,337,481",84.60,85.50,84.00,84.20,-0.80,"8,981",
110/09/02,"29,167,266","2,423,421,511",84.10,84.10,82.30,82.70,-1.50,"12,314",
110/09/03,"37,959,062","3,205,430,926",83.40,85.00,83.20,84.80,+2.10,"13,483",
110/09/06,"51,372,524","4,000,457,859",77.70,79.40,76.80,77.20,X0.00,"27,946",
110/09/07,"19,879,790","1,548,263,426",77.60,78.40,77.00,78.10,+0.90,"9,985",
110/09/08,"30,040,978","2,320,848,019",78.00,78.00,76.60,77.40,-0.70,"14,710",
110/09/09,"19,937,456","1,529,126,102",76.90,77.40,76.10,77.40, 0.00,"10,135",
110/09/10,"13,634,332","1,058,165,900",77.50,78.00,77.00,77.60,+0.20,"6,055",
110/09/13,"46,452,018","3,733,510,014",78.60,82.20,78.30,81.40,+3.80,"19,008",
110/09/14,"27,068,980","2,206,073,972",81.90,83.20,80.70,80.80,-0.60,"13,475",
110/09/15,"23,931,322","1,938,284,546",80.50,81.50,80.10,81.40,+0.60,"13,987",
110/09/16,"17,040,948","1,379,542,216",80.80,81.90,80.30,80.70,-0.70,"8,498",
110/09/17,"43,168,256","3,426,233,374",80.70,80.90,78.80,78.80,-1.90,"16,506",
110/09/22,"42,099,392","3,232,757,196",76.70,77.70,76.10,77.10,-1.70,"21,749",
110/09/23,"16,470,770","1,278,324,989",78.00,78.10,77.20,77.40,+0.30,"8,794",
110/09/24,"15,422,663","1,196,760,270",78.10,78.20,77.20,77.50,+0.10,"7,869",
110/09/27,"12,896,879","1,003,145,943",77.60,78.30,77.40,77.70,+0.20,"5,658",
110/09/28,"12,142,388","937,774,259",77.40,77.60,76.70,77.50,-0.20,"6,340",
110/09/29,"18,948,569","1,454,285,430",77.10,77.50,76.50,76.70,-0.80,"10,804",
110/09/30,"15,113,922","1,160,822,129",77.20,77.20,76.50,76.70, 0.00,"5,358",
110/10/01,"34,879,669","2,631,568,327",76.50,76.60,74.80,75.40,-1.30,"21,014",
110/10/04,"21,367,315","1,598,812,840",75.70,75.90,74.00,74.40,-1.00,"10,968",
110/10/05,"24,346,320","1,790,831,859",74.20,74.20,72.70,73.80,-0.60,"13,190",
110/10/06,"22,774,454","1,694,197,266",74.50,75.30,73.70,74.70,+0.90,"9,081",
110/10/07,"22,667,017","1,718,303,523",75.50,76.50,75.20,75.50,+0.80,"10,084",
110/10/08,"10,234,368","771,230,399",76.10,76.10,75.00,75.30,-0.20,"4,660",
110/10/12,"16,262,789","1,207,906,632",74.40,74.80,73.60,74.80,-0.50,"7,234",
110/10/13,"12,515,882","932,429,092",74.90,75.40,74.10,74.50,-0.30,"5,391",
110/10/14,"10,166,342","759,386,122",75.00,75.10,74.10,74.40,-0.10,"5,616",
110/10/15,"16,907,314","1,272,114,387",75.00,75.50,74.60,75.10,+0.70,"6,899",
110/10/18,"13,753,384","1,035,769,158",75.50,75.80,75.00,75.10, 0.00,"5,429",
110/10/19,"14,799,783","1,110,159,258",75.20,75.50,74.60,74.80,-0.30,"7,748",
110/10/20,"16,770,621","1,247,912,460",74.90,75.00,74.10,74.30,-0.50,"8,878",
110/10/21,"21,859,887","1,633,560,037",74.00,75.30,73.90,74.80,+0.50,"5,509",
110/10/22,"15,496,632","1,150,308,951",74.80,75.10,73.90,74.10,-0.70,"7,605",
110/10/25,"9,036,759","673,935,196",74.10,75.00,74.10,74.80,+0.70,"5,089",
110/10/26,"14,505,541","1,091,836,193",74.90,75.50,74.50,75.50,+0.70,"6,633",
110/10/27,"15,242,531","1,138,391,903",74.90,75.20,74.40,75.00,-0.50,"8,084",
110/10/28,"10,594,589","789,892,019",75.00,75.00,74.40,74.50,-0.50,"5,917",
110/10/29,"45,596,696","3,352,833,279",73.50,73.80,73.20,73.60,-0.90,"33,197",
110/11/01,"25,581,088","1,872,587,977",73.70,74.00,73.00,73.10,-0.50,"18,335",
110/11/02,"31,733,604","2,309,520,096",73.10,73.50,72.30,72.60,-0.50,"20,906",
110/11/03,"14,911,092","1,083,163,963",72.60,73.00,72.40,72.70,+0.10,"11,467",
110/11/04,"14,876,750","1,080,695,224",72.80,73.00,72.50,72.50,-0.20,"9,819",
110/11/05,"16,014,627","1,157,525,309",72.70,72.80,72.00,72.50, 0.00,"12,008",
110/11/08,"17,910,862","1,313,404,036",72.50,73.70,72.40,73.60,+1.10,"10,878",
110/11/09,"16,178,234","1,185,126,819",73.80,73.80,73.00,73.10,-0.50,"9,339",
110/11/10,"16,675,523","1,217,903,575",73.10,73.40,72.80,73.00,-0.10,"8,006",
110/11/11,"15,654,511","1,144,090,803",73.20,73.40,72.80,73.00, 0.00,"8,358",
110/11/12,"15,105,696","1,107,870,240",73.50,73.60,73.10,73.30,+0.30,"8,090",
110/11/15,"19,398,275","1,438,647,792",73.50,74.70,73.40,74.00,+0.70,"12,273",
110/11/16,"19,705,454","1,452,459,822",74.20,74.30,73.30,74.00, 0.00,"10,403",
110/11/17,"42,669,663","3,210,283,063",74.00,76.10,74.00,76.10,+2.10,"22,249",
110/11/18,"33,617,984","2,567,599,950",76.10,77.20,75.60,76.40,+0.30,"17,197",
110/11/19,"30,799,839","2,321,081,875",76.30,76.30,74.80,74.80,-1.60,"16,714",
110/11/22,"22,827,485","1,699,480,789",74.40,74.90,74.20,74.40,-0.40,"10,044",
110/11/23,"22,481,851","1,673,530,275",74.30,75.10,74.10,74.30,-0.10,"11,683",
110/11/24,"17,623,567","1,316,889,491",74.40,75.50,74.30,74.40,+0.10,"9,015",
110/11/25,"12,862,725","955,889,908",74.60,74.80,74.20,74.30,-0.10,"7,035",
110/11/26,"32,961,290","2,454,129,439",74.70,75.10,74.20,74.20,-0.10,"14,961",
110/11/29,"25,062,175","1,842,415,702",73.80,74.00,73.00,73.50,-0.70,"14,849",
110/11/30,"46,446,954","3,404,068,960",73.70,73.90,73.00,73.10,-0.40,"14,720",
110/12/01,"16,569,331","1,222,578,455",73.10,74.50,73.00,74.10,+1.00,"8,771",
110/12/02,"14,608,608","1,077,267,074",73.60,74.10,73.40,73.70,-0.40,"8,516",
110/12/03,"18,528,622","1,372,726,100",74.10,74.60,73.90,73.90,+0.20,"7,905",
110/12/06,"16,796,794","1,241,353,933",73.90,74.20,73.40,74.10,+0.20,"7,685",
110/12/07,"22,528,601","1,681,395,747",74.30,75.30,73.90,75.30,+1.20,"9,479",
110/12/08,"24,996,561","1,887,335,256",75.30,76.00,75.00,76.00,+0.70,"13,161",
110/12/09,"15,575,405","1,181,054,038",75.60,76.20,75.50,76.00, 0.00,"8,854",
110/12/10,"14,330,192","1,089,598,638",76.10,76.40,75.80,75.90,-0.10,"7,451",
110/12/13,"20,345,980","1,548,530,601",76.50,76.90,75.50,75.70,-0.20,"12,323",
110/12/14,"15,330,803","1,149,166,256",75.30,75.40,74.80,74.90,-0.80,"9,187",
110/12/15,"14,251,165","1,063,646,075",74.70,74.90,74.40,74.60,-0.30,"8,605",
110/12/16,"11,650,531","870,434,047",74.70,75.00,74.50,74.90,+0.30,"5,429",
110/12/17,"94,657,439","7,043,586,364",74.90,75.20,74.30,74.30,-0.60,"8,935",
110/12/20,"17,531,043","1,301,967,218",74.40,74.90,74.00,74.10,-0.20,"10,477",
110/12/21,"12,868,303","962,743,308",74.20,75.10,74.20,74.80,+0.70,"6,321",
110/12/22,"11,956,795","891,235,095",75.00,75.00,74.40,74.40,-0.40,"8,428",
110/12/23,"9,255,224","691,203,705",74.50,75.00,74.40,74.80,+0.40,"4,519",
110/12/24,"12,164,773","915,436,696",75.00,75.70,74.80,75.20,+0.40,"5,521",
110/12/27,"9,593,109","723,042,966",75.50,75.60,75.20,75.20, 0.00,"6,408",
110/12/28,"17,437,907","1,319,501,033",75.50,75.90,75.20,75.90,+0.70,"7,433",
110/12/29,"19,964,111","1,523,993,593",76.20,76.60,76.00,76.60,+0.70,"10,491",
110/12/30,"13,553,094","1,035,821,503",76.70,76.90,76.20,76.30,-0.30,"9,183",
111/01/03,"15,609,815","1,180,736,529",76.50,76.60,75.00,75.30,-1.00,"10,658",
111/01/04,"12,249,044","923,135,379",75.60,75.80,75.10,75.30, 0.00,"5,979",
111/01/05,"12,908,237","973,481,801",75.20,75.90,75.00,75.70,+0.40,"5,811",
111/01/06,"16,599,654","1,254,804,433",75.70,75.90,75.20,75.90,+0.20,"6,995",
111/01/07,"23,357,665","1,775,590,754",75.90,76.60,75.70,75.70,-0.20,"9,176",
111/01/10,"14,841,602","1,129,819,251",75.80,76.40,75.50,76.40,+0.70,"7,127",
111/01/11,"80,209,890","6,293,582,240",76.80,79.90,76.40,79.90,+3.50,"35,881",
111/01/12,"41,020,127","3,270,566,323",79.90,80.40,78.80,80.00,+0.10,"25,726",
111/01/13,"54,512,508","4,409,680,749",79.70,81.80,79.60,81.60,+1.60,"36,302",
111/01/14,"38,469,666","3,096,796,357",81.20,81.90,79.70,80.40,-1.20,"30,661",
111/01/17,"29,768,461","2,353,409,325",80.00,80.00,78.60,78.90,-1.50,"21,171",
111/01/18,"16,567,494","1,316,815,108",79.40,80.00,78.80,79.40,+0.50,"8,626",
111/01/19,"16,198,957","1,280,023,231",78.90,79.50,78.70,78.80,-0.60,"11,100",
111/01/20,"19,501,841","1,526,037,501",78.70,78.80,77.70,78.30,-0.50,"10,779",
111/01/21,"33,297,980","2,560,133,727",77.50,77.70,76.50,76.70,-1.60,"20,293",
111/01/24,"26,227,975","1,994,156,661",76.30,76.60,75.40,76.50,-0.20,"13,326",
111/01/25,"40,092,387","3,023,275,014",75.70,76.30,75.00,75.50,-1.00,"22,144",
111/01/26,"19,022,908","1,437,848,793",75.20,75.90,75.00,75.60,+0.10,"10,446",
111/02/07,"28,501,647","2,178,182,237",75.30,77.30,75.20,77.10,+1.50,"15,985",
111/02/08,"18,973,099","1,459,307,367",77.10,77.40,76.20,76.80,-0.30,"11,276",
111/02/09,"17,812,111","1,368,679,293",77.00,77.10,76.30,77.10,+0.30,"10,472",
111/02/10,"15,114,725","1,164,380,441",77.10,77.40,76.80,77.40,+0.30,"6,951",
111/02/11,"13,837,969","1,066,095,048",76.80,77.30,76.70,77.30,-0.10,"7,901",
111/02/14,"15,545,657","1,184,351,466",76.50,76.50,76.00,76.10,-1.20,"10,792",
111/02/15,"19,249,323","1,482,783,949",77.10,77.50,76.60,76.60,+0.50,"12,138",
111/02/16,"19,501,392","1,510,782,979",77.40,77.80,76.90,77.80,+1.20,"12,394",
111/02/17,"22,810,316","1,785,268,640",77.90,78.70,77.60,78.20,+0.40,"10,375",
111/02/18,"10,496,797","817,109,765",77.60,78.10,77.40,77.80,-0.40,"9,197",
111/02/21,"10,775,832","833,496,248",77.30,77.60,77.00,77.60,-0.20,"5,765",
111/02/22,"24,963,567","1,907,947,539",77.00,77.20,76.00,76.50,-1.10,"15,304",
111/02/23,"13,505,985","1,033,386,511",76.40,76.90,76.10,76.50, 0.00,"6,189",
111/02/24,"36,445,726","2,762,924,990",76.00,76.20,75.20,75.90,-0.60,"18,417",
111/02/25,"48,122,294","3,610,586,516",75.50,75.80,74.50,75.10,-0.80,"21,814",
111/03/01,"26,613,173","2,011,803,946",74.40,76.30,74.40,76.20,+1.10,"11,812",
111/03/02,"17,748,831","1,340,599,473",75.70,75.90,75.20,75.60,-0.60,"9,931",
111/03/03,"9,856,370","746,223,992",75.60,76.00,75.50,75.60, 0.00,"5,432",
111/03/04,"32,217,662","2,402,805,943",74.90,75.00,74.30,74.40,-1.20,"20,234",
111/03/07,"54,845,619","3,951,818,304",73.20,73.50,71.50,71.70,-2.70,"40,273",
111/03/08,"51,320,587","3,614,519,176",70.40,71.30,70.00,70.60,-1.10,"33,304",
111/03/09,"23,491,587","1,688,357,194",71.80,72.50,71.40,71.70,+1.10,"16,409",
111/03/10,"23,678,566","1,743,161,816",72.80,74.00,72.50,73.80,+2.10,"14,636",
111/03/11,"15,976,718","1,166,280,898",73.50,73.70,72.70,72.70,-1.10,"13,640",
111/03/14,"18,585,449","1,359,118,111",73.60,73.80,72.70,72.70, 0.00,"10,310",
111/03/15,"15,360,893","1,112,966,647",72.80,72.90,72.10,72.70, 0.00,"11,593",
111/03/16,"14,303,345","1,043,624,747",73.00,73.40,72.60,73.10,+0.40,"7,444",
111/03/17,"22,006,020","1,640,358,763",74.20,75.00,73.90,74.80,+1.70,"11,252",
111/03/18,"28,435,959","2,121,966,261",75.00,75.60,74.20,74.30,-0.50,"12,711",
111/03/21,"16,594,866","1,230,866,481",74.60,74.90,73.60,74.30, 0.00,"12,704",
111/03/22,"16,684,882","1,233,398,179",73.80,74.40,73.50,74.30, 0.00,"12,058",
111/03/23,"27,515,067","2,086,335,844",74.60,76.30,74.60,75.90,+1.60,"14,002",
111/03/24,"20,323,484","1,527,354,195",75.80,75.80,74.60,75.50,-0.40,"12,409",
111/03/25,"11,598,756","870,926,099",75.10,75.50,75.00,75.00,-0.50,"7,322",
111/03/28,"14,573,495","1,091,177,015",74.70,75.40,74.50,75.10,+0.10,"10,247",
111/03/29,"11,981,037","902,216,611",75.20,75.70,75.10,75.20,+0.10,"6,779",
111/03/30,"20,255,595","1,537,694,922",75.50,76.30,75.40,76.10,+0.90,"9,469",
111/03/31,"16,165,032","1,236,456,376",76.10,76.80,75.90,76.50,+0.40,"6,804",
111/04/01,"21,135,929","1,623,534,539",76.00,77.10,75.80,77.10,+0.60,"8,760",
111/04/06,"18,985,111","1,462,574,780",76.40,77.50,76.30,77.50,+0.40,"10,503",
111/04/07,"28,123,540","2,157,214,469",77.20,77.50,75.80,76.00,-1.50,"14,663",
111/04/08,"13,632,068","1,037,028,214",76.10,76.60,75.80,76.30,+0.30,"7,622",
111/04/11,"15,469,752","1,180,189,744",76.50,77.10,75.30,76.50,+0.20,"8,365",
111/04/12,"16,887,409","1,280,596,908",76.30,76.40,75.50,75.80,-0.70,"7,729",
111/04/13,"10,001,100","762,893,093",76.40,76.60,75.70,76.40,+0.60,"4,578",
111/04/14,"10,138,722","768,522,108",76.70,76.70,75.60,75.60,-0.80,"8,245",
111/04/15,"8,946,005","672,986,065",75.20,75.80,75.00,75.10,-0.50,"5,817",
111/04/18,"21,222,608","1,571,427,355",74.60,74.80,73.50,73.90,-1.20,"10,944",
111/04/19,"14,059,728","1,038,454,472",74.10,74.60,73.50,73.50,-0.40,"7,515",
111/04/20,"17,130,391","1,272,502,847",73.80,74.90,73.70,74.90,+1.40,"7,702",
111/04/21,"15,608,310","1,160,358,161",74.80,74.80,74.00,74.60,-0.30,"8,020",
111/04/22,"20,370,723","1,525,309,839",73.80,75.90,73.70,75.90,+1.30,"10,408",
111/04/25,"24,128,904","1,793,336,163",74.80,74.80,73.90,74.80,-1.10,"11,297",
111/04/26,"13,260,239","992,933,575",74.80,75.10,74.50,75.10,+0.30,"7,097",
111/04/27,"19,825,846","1,459,184,854",74.00,74.20,73.20,73.20,-1.90,"14,037",
111/04/28,"16,863,000","1,233,920,627",73.50,73.80,72.70,73.40,+0.20,"9,191",
111/04/29,"14,205,054","1,054,071,587",73.90,74.80,73.60,74.40,+1.00,"5,965",
111/05/03,"12,943,889","955,786,135",74.30,74.30,73.40,73.70,-0.70,"8,437",
111/05/04,"11,729,386","871,258,107",74.00,74.80,73.70,74.60,+0.90,"4,486",
111/05/05,"18,399,546","1,373,387,627",75.40,75.40,74.20,74.50,-0.10,"10,587",
111/05/06,"64,939,195","4,613,520,393",72.00,72.10,70.60,71.30,-3.20,"34,342",
111/05/09,"51,009,684","3,504,526,255",70.30,70.40,67.60,67.80,-3.50,"36,278",
111/05/10,"51,871,559","3,463,348,155",66.60,67.50,66.10,67.10,-0.70,"29,744",
111/05/11,"30,775,815","2,036,809,145",66.80,66.80,65.90,66.20,-0.90,"18,427",
111/05/12,"50,027,403","3,214,767,647",65.20,65.30,63.20,63.30,-2.90,"31,071",
111/05/13,"47,729,057","3,019,203,389",63.40,64.00,62.70,63.50,+0.20,"18,355",
111/05/16,"50,418,265","3,138,152,618",63.60,63.60,61.40,62.40,-1.10,"23,283",
111/05/17,"41,461,934","2,562,451,431",62.50,63.00,61.50,61.60,-0.80,"19,589",
111/05/18,"36,009,806","2,274,467,632",61.90,64.10,61.90,63.70,+2.10,"17,538",
111/05/19,"32,358,161","1,997,904,045",62.00,62.20,61.60,61.60,-2.10,"19,332",
111/05/20,"19,875,300","1,231,058,497",61.90,62.20,61.70,61.80,+0.20,"9,853",
111/05/23,"44,833,416","2,719,804,356",61.90,62.00,60.20,60.50,-1.30,"25,291",
111/05/24,"29,686,831","1,792,516,697",60.60,61.10,60.10,60.10,-0.40,"15,308",
111/05/25,"37,454,122","2,227,618,654",60.00,60.20,59.10,59.50,-0.60,"23,161",
111/05/26,"30,457,789","1,826,726,354",59.90,60.50,59.60,59.70,+0.20,"14,009",
111/05/27,"29,601,642","1,805,886,141",60.40,61.50,60.30,61.30,+1.60,"12,169",
111/05/30,"29,089,084","1,827,832,750",62.20,63.40,62.00,63.20,+1.90,"15,582",
111/05/31,"85,596,400","5,471,998,888",63.50,64.20,62.50,64.10,+0.90,"14,573",
111/06/01,"21,862,446","1,391,463,873",63.90,63.90,63.30,63.60,-0.50,"9,498",
111/06/02,"14,713,204","936,740,055",63.10,64.10,62.90,63.70,+0.10,"6,468",
111/06/06,"15,431,645","982,501,846",63.30,64.20,63.10,64.00,+0.30,"7,777",
111/06/07,"24,222,383","1,545,484,926",64.00,64.30,63.40,63.40,-0.60,"8,681",
111/06/08,"11,866,559","757,229,711",63.90,64.00,63.60,63.80,+0.40,"5,952",
111/06/09,"16,648,335","1,055,161,609",63.60,64.00,63.10,63.40,-0.40,"8,879",
111/06/10,"20,800,855","1,306,865,233",62.60,63.40,62.50,62.90,-0.50,"8,364",
111/06/13,"24,753,178","1,528,575,654",62.10,62.10,61.50,61.80,-1.10,"12,790",
111/06/14,"20,118,792","1,244,835,119",61.30,62.60,61.20,62.00,+0.20,"7,510",
111/06/15,"16,425,924","1,016,708,756",61.70,62.30,61.60,61.80,-0.20,"7,664",
111/06/16,"17,457,805","1,086,960,526",62.50,63.20,61.60,61.90,+0.10,"8,109",
111/06/17,"23,550,135","1,434,852,589",61.00,61.30,60.80,60.80,-1.10,"11,272",
111/06/20,"24,642,481","1,493,191,267",61.10,62.00,59.80,60.20,-0.60,"11,804",
111/06/21,"27,625,186","1,727,067,372",61.00,63.30,60.80,63.20,+3.00,"11,700",
111/06/22,"14,701,864","915,724,710",63.10,63.60,61.70,61.70,-1.50,"11,241",
111/06/23,"16,976,061","1,039,374,536",62.00,62.40,60.60,61.10,-0.60,"8,538",
111/06/24,"13,004,164","804,943,560",62.30,62.50,61.20,61.90,+0.80,"6,391",
111/06/27,"14,527,093","905,704,414",62.60,62.80,61.90,61.90, 0.00,"7,785",
111/06/28,"12,293,690","758,358,925",62.00,62.10,61.20,61.60,-0.30,"6,731",
111/06/29,"17,971,480","1,093,923,793",60.90,61.20,60.50,60.80,-0.80,"9,144",
111/06/30,"19,782,154","1,189,188,446",60.50,60.80,59.80,59.80,-1.00,"10,040",
111/07/01,"32,485,695","1,907,547,001",59.80,60.10,58.00,58.30,-1.50,"18,344",
111/07/04,"17,110,562","994,007,947",58.30,59.30,57.30,57.90,-0.40,"9,313",
111/07/05,"23,311,692","1,393,527,781",59.10,60.40,58.90,60.30,+2.40,"8,934",
111/07/06,"18,217,045","1,072,964,778",60.20,60.40,58.20,58.20,-2.10,"13,758",
111/07/07,"22,847,791","1,345,821,094",58.50,60.00,57.50,59.20,+1.00,"8,589",
111/07/08,"18,958,517","1,122,159,730",59.10,59.80,58.60,58.90,-0.30,"10,476",
111/07/11,"7,768,723","454,047,232",59.10,59.10,58.20,58.20,-0.70,"6,956",
111/07/12,"29,925,236","1,684,623,291",57.60,57.60,55.50,55.80,-2.40,"20,644",
111/07/13,"27,818,569","1,627,613,412",57.50,59.40,57.30,58.70,+2.90,"12,547",
111/07/14,"19,956,099","1,167,557,476",58.00,59.20,57.60,58.30,-0.40,"11,479",
111/07/15,"26,589,852","1,531,579,234",58.00,58.40,57.20,57.30,-1.00,"11,421",
111/07/18,"27,204,734","1,607,711,671",58.00,59.70,57.70,59.60,+2.30,"9,628",
111/07/19,"25,133,777","1,475,845,374",58.90,59.20,58.40,58.60,-1.00,"14,330",
111/07/20,"26,153,646","1,534,939,814",59.30,59.50,58.00,58.10,-0.50,"12,884",
111/07/21,"20,308,480","1,178,173,834",57.70,58.50,57.20,58.40,+0.30,"11,234",
111/07/22,"16,919,617","987,098,028",58.70,58.70,58.00,58.40, 0.00,"8,480",
111/07/25,"22,840,652","1,346,369,511",58.40,59.20,58.20,59.20,+0.80,"9,749",
111/07/26,"35,780,761","2,119,025,264",59.20,59.80,58.80,59.20, 0.00,"11,247",
111/07/27,"51,922,671","2,868,000,072",55.60,55.60,54.50,55.30,X0.00,"20,887",
111/07/28,"21,115,195","1,186,175,742",55.70,56.90,55.70,56.30,+1.00,"11,034",
111/07/29,"18,261,157","1,025,191,326",56.80,56.80,55.70,56.10,-0.20,"10,619",
111/08/01,"10,708,431","605,308,081",56.30,56.80,56.10,56.60,+0.50,"5,273",
111/08/02,"19,900,803","1,115,900,017",55.80,56.90,55.50,56.60, 0.00,"9,259",
111/08/03,"17,805,976","999,695,872",56.00,56.70,55.70,56.60, 0.00,"7,937",
111/08/04,"18,752,005","1,052,038,884",56.40,56.50,55.70,56.00,-0.60,"8,626",
111/08/05,"19,933,221","1,129,322,985",56.00,57.20,56.00,57.00,+1.00,"7,430",
111/08/08,"15,220,549","879,151,085",57.00,58.40,56.70,58.10,+1.10,"7,743",
111/08/09,"10,837,682","628,879,445",58.10,58.50,57.60,57.90,-0.20,"7,116",
111/08/10,"9,927,389","576,857,313",57.70,58.50,57.50,58.20,+0.30,"5,488",
111/08/11,"29,200,533","1,738,556,624",59.40,60.20,59.00,59.90,+1.70,"11,840",
111/08/12,"13,192,300","790,009,409",59.90,60.10,59.50,60.00,+0.10,"11,364",
111/08/15,"11,473,311","690,127,105",60.30,60.40,59.90,60.10,+0.10,"5,837",
111/08/16,"11,607,105","696,924,492",60.10,60.20,59.90,60.00,-0.10,"5,073",
111/08/17,"11,964,504","721,491,274",60.10,60.50,60.00,60.50,+0.50,"6,089",
111/08/18,"10,537,868","631,947,085",60.30,60.30,59.80,60.00,-0.50,"6,372",
111/08/19,"10,109,418","604,015,767",59.70,60.00,59.50,60.00, 0.00,"5,991",
111/08/22,"16,887,946","994,981,232",59.20,59.40,58.70,58.80,-1.20,"10,828",
111/08/23,"11,582,435","675,206,114",58.50,58.60,58.20,58.20,-0.60,"8,244",
111/08/24,"12,239,003","713,055,541",58.50,58.80,58.00,58.30,+0.10,"5,744",
111/08/25,"15,617,795","915,245,610",58.80,59.10,58.20,58.30, 0.00,"6,994",
111/08/26,"12,192,387","714,949,254",58.60,58.90,58.40,58.50,+0.20,"4,989",
111/08/29,"14,839,414","854,405,110",57.30,57.90,57.30,57.60,-0.90,"10,478",
111/08/30,"13,666,227","784,913,985",57.60,57.80,57.20,57.30,-0.30,"8,399",
111/08/31,"17,620,766","1,012,031,819",57.00,57.70,57.00,57.40,+0.10,"5,134",
111/09/01,"16,113,061","915,834,118",57.00,57.30,56.60,57.10,-0.30,"9,032",
111/09/02,"10,166,367","577,121,767",57.10,57.20,56.60,56.60,-0.50,"6,212",
111/09/05,"10,071,714","569,983,273",56.50,57.00,56.30,56.60, 0.00,"5,136",
111/09/06,"9,683,346","550,824,657",57.00,57.40,56.60,56.90,+0.30,"4,948",
111/09/07,"18,828,180","1,059,582,571",56.90,56.90,56.00,56.10,-0.80,"13,015",
111/09/08,"13,574,159","765,502,036",56.70,56.70,56.00,56.50,+0.40,"5,836",
111/09/12,"18,622,671","1,065,385,923",57.20,57.70,56.80,57.30,+0.80,"6,635",
111/09/13,"14,313,614","825,515,730",57.90,57.90,57.30,57.70,+0.40,"5,918",
111/09/14,"18,456,465","1,047,177,778",56.60,57.00,56.30,56.70,-1.00,"10,807",
111/09/15,"12,444,428","707,073,809",56.90,57.20,56.50,56.80,+0.10,"5,574",
111/09/16,"23,869,565","1,348,801,709",56.50,56.90,56.30,56.50,-0.30,"9,363",
111/09/19,"12,062,605","685,339,114",56.90,57.00,56.50,56.80,+0.30,"5,640",
111/09/20,"12,650,346","720,531,883",57.10,57.30,56.70,56.90,+0.10,"5,423",
111/09/21,"19,805,307","1,123,710,372",56.90,57.20,56.40,56.50,-0.40,"11,782",
111/09/22,"26,159,046","1,403,642,282",54.00,54.60,52.80,54.40,X0.00,"15,790",
111/09/23,"10,594,891","573,207,310",54.40,54.60,53.80,53.80,-0.60,"8,149",
111/09/26,"25,459,073","1,344,756,401",53.30,53.80,52.10,52.90,-0.90,"16,398",
111/09/27,"20,561,381","1,072,815,479",53.20,53.20,51.90,51.90,-1.00,"12,891",
111/09/28,"25,948,066","1,314,845,428",51.90,52.00,50.10,50.10,-1.80,"16,665",
111/09/29,"20,094,657","1,010,438,281",50.80,50.90,49.90,50.30,+0.20,"10,208",
111/09/30,"34,497,179","1,711,846,237",49.75,50.20,49.15,49.90,-0.40,"18,918",
111/10/03,"17,786,089","873,767,513",49.40,49.80,48.85,48.90,-1.00,"12,908",
111/10/04,"13,915,309","685,221,353",49.50,49.70,48.80,49.45,+0.55,"8,103",
111/10/05,"16,173,649","817,883,318",50.50,51.00,50.10,50.60,+1.15,"7,544",
111/10/06,"11,286,260","570,490,416",50.90,51.00,50.20,50.70,+0.10,"5,239",
111/10/07,"6,725,197","340,634,769",50.50,50.90,50.30,50.70, 0.00,"3,803",
111/10/11,"20,259,768","1,006,043,232",49.75,50.00,49.30,49.50,-1.20,"10,020",
111/10/12,"12,006,165","594,695,588",49.30,50.00,49.10,49.60,+0.10,"7,440",
111/10/13,"20,890,025","1,013,797,664",49.50,49.60,48.10,48.15,-1.45,"15,636",
111/10/14,"13,066,004","635,545,946",49.00,49.10,48.45,48.45,+0.30,"6,533",
111/10/17,"12,202,108","590,220,397",48.25,48.85,47.70,48.70,+0.25,"7,853",
111/10/18,"14,203,747","708,937,550",49.10,50.50,49.05,50.50,+1.80,"8,808",
111/10/19,"18,432,480","930,586,076",50.50,51.00,50.00,50.40,-0.10,"11,744",
111/10/20,"17,384,479","861,297,294",49.30,50.20,49.10,49.95,-0.45,"8,541",
111/10/21,"8,931,921","443,502,407",49.85,49.95,49.30,49.65,-0.30,"7,326",
111/10/24,"9,503,871","475,849,474",50.20,50.40,49.75,49.80,+0.15,"4,448",
111/10/25,"14,080,262","698,851,300",49.85,50.10,49.20,49.95,+0.15,"7,635",
111/10/26,"11,668,494","587,400,040",49.65,50.80,49.60,50.40,+0.45,"6,938",
111/10/27,"14,218,925","727,899,801",50.70,51.50,50.70,51.10,+0.70,"6,798",
111/10/28,"8,821,802","453,122,705",51.50,51.70,51.00,51.50,+0.40,"4,931",
111/10/31,"11,943,544","612,737,459",51.50,51.90,51.00,51.00,-0.50,"7,019",
111/11/01,"9,062,244","468,683,436",51.30,52.00,51.10,52.00,+1.00,"7,164",
111/11/02,"7,888,661","409,151,078",52.20,52.30,51.50,51.90,-0.10,"5,527",
111/11/03,"10,436,732","537,429,008",51.00,51.90,51.00,51.70,-0.20,"5,572",
111/11/04,"7,382,472","379,420,459",51.20,51.70,51.10,51.50,-0.20,"4,635",
111/11/07,"10,308,919","540,058,488",52.00,52.80,51.80,52.80,+1.30,"7,028",
111/11/08,"11,502,530","610,701,711",53.20,53.50,52.60,53.20,+0.40,"7,850",
111/11/09,"14,842,111","796,059,907",53.20,53.90,53.00,53.70,+0.50,"7,822",
111/11/10,"10,789,281","572,192,616",53.40,53.40,52.80,52.80,-0.90,"7,428",
111/11/11,"39,378,745","2,165,650,039",53.90,55.80,53.80,55.50,+2.70,"18,363",
111/11/14,"19,865,581","1,112,366,938",55.90,56.30,55.40,56.30,+0.80,"12,402",
111/11/15,"15,094,872","846,963,730",55.50,56.50,55.20,56.40,+0.10,"9,286",
111/11/16,"17,270,862","965,311,843",56.30,56.70,55.30,55.50,-0.90,"10,350",
111/11/17,"7,835,355","431,568,518",55.30,55.50,54.50,55.50, 0.00,"4,986",
111/11/18,"7,767,257","429,974,694",55.00,55.90,55.00,55.30,-0.20,"4,807",
111/11/21,"9,887,559","547,288,683",55.30,55.70,54.80,55.50,+0.20,"5,359",
111/11/22,"8,427,899","468,540,561",55.50,56.00,55.00,55.90,+0.40,"4,574",
111/11/23,"18,929,678","1,076,933,281",56.00,57.40,55.80,57.10,+1.20,"10,216",
111/11/24,"15,485,400","890,277,059",57.40,57.80,57.10,57.70,+0.60,"9,400",
111/11/25,"21,259,126","1,228,652,623",57.70,58.20,57.20,57.90,+0.20,"10,688",
111/11/28,"19,538,496","1,127,002,575",57.50,58.40,56.80,57.90, 0.00,"11,759",
111/11/29,"25,516,502","1,501,650,352",58.00,59.60,57.30,59.60,+1.70,"12,795",
111/11/30,"38,237,859","2,313,509,798",59.50,61.00,59.00,60.80,+1.20,"16,623",
111/12/01,"19,866,672","1,208,649,364",61.10,61.60,60.20,60.40,-0.40,"12,098",
111/12/02,"11,320,119","680,392,586",59.50,60.60,59.50,60.10,-0.30,"7,333",
111/12/05,"11,633,363","693,054,119",59.70,60.10,59.20,59.20,-0.90,"8,719",
111/12/06,"15,784,109","922,062,265",58.70,58.80,58.00,58.40,-0.80,"10,238",
111/12/07,"12,548,317","731,947,810",58.00,58.80,57.80,58.20,-0.20,"6,974",
111/12/08,"16,866,631","965,548,409",58.20,58.30,56.90,57.00,-1.20,"10,902",
111/12/09,"11,986,785","689,492,240",57.20,57.80,57.20,57.50,+0.50,"4,509",
111/12/12,"26,826,371","1,513,644,124",55.70,57.70,54.80,57.50, 0.00,"14,687",
111/12/13,"16,148,035","931,988,797",57.90,58.40,57.20,57.60,+0.10,"6,224",
111/12/14,"10,969,319","633,370,156",58.10,58.20,57.40,57.50,-0.10,"5,475",
111/12/15,"8,744,069","499,431,630",57.30,57.60,56.60,57.30,-0.20,"5,184",
111/12/16,"29,153,181","1,642,211,008",56.40,56.80,56.10,56.10,-1.20,"13,621",
111/12/19,"16,914,110","956,256,767",56.60,57.20,56.10,56.60,+0.50,"7,459",
111/12/20,"21,124,560","1,181,154,245",56.10,56.60,55.20,56.20,-0.40,"13,329",
111/12/21,"13,015,982","732,170,702",55.90,56.80,55.70,56.20, 0.00,"6,984",
111/12/22,"10,394,599","587,682,075",56.60,56.80,56.20,56.80,+0.60,"6,226",
111/12/23,"6,587,209","372,377,290",56.00,56.90,56.00,56.70,-0.10,"3,747",
111/12/26,"3,360,141","190,978,553",56.60,57.00,56.50,56.80,+0.10,"2,550",
111/12/27,"4,757,886","272,095,710",56.90,57.50,56.90,57.10,+0.30,"2,924",
111/12/28,"8,650,175","490,832,467",57.00,57.20,56.30,56.70,-0.40,"5,122",
111/12/29,"8,606,706","482,163,909",56.10,56.50,55.70,56.00,-0.70,"5,057",
111/12/30,"6,002,132","338,895,817",56.50,56.80,56.20,56.30,+0.30,"2,908",
112/01/03,"7,590,880","425,948,872",56.10,56.90,55.30,56.40,+0.10,"4,785",
112/01/04,"8,313,409","474,224,243",56.50,57.40,56.50,57.20,+0.80,"4,627",
112/01/05,"15,767,274","917,056,135",57.40,58.50,57.40,58.50,+1.30,"8,030",
112/01/06,"8,060,454","470,109,611",58.40,58.50,57.90,58.50, 0.00,"7,749",
112/01/09,"19,905,396","1,182,219,480",59.00,59.60,58.90,59.60,+1.10,"9,280",
112/01/10,"12,479,554","736,967,193",59.60,59.60,58.60,59.20,-0.40,"11,115",
112/01/11,"12,250,237","713,685,816",58.70,58.80,58.00,58.10,-1.10,"8,096",
112/01/12,"9,306,938","546,308,445",58.40,58.90,58.40,58.90,+0.80,"5,230",
112/01/13,"8,223,303","484,932,043",58.90,59.50,58.60,58.70,-0.20,"5,622",
112/01/16,"13,098,178","777,128,086",59.20,59.50,59.10,59.40,+0.70,"6,852",
112/01/17,"19,013,729","1,137,726,832",59.40,60.00,59.40,59.80,+0.40,"8,605",
112/01/30,"37,955,338","2,300,894,199",61.30,61.50,59.50,61.00,+1.20,"20,257",
112/01/31,"23,917,339","1,444,848,123",60.70,60.90,60.10,60.20,-0.80,"14,955",
112/02/01,"21,172,991","1,267,966,760",60.00,60.40,59.50,60.00,-0.20,"11,514",
112/02/02,"19,865,573","1,196,795,400",60.30,60.70,59.70,60.50,+0.50,"10,185",
112/02/03,"10,241,884","614,280,421",60.50,60.50,59.80,59.80,-0.70,"7,048",
112/02/06,"16,387,504","972,241,124",59.50,59.90,58.80,59.40,-0.40,"9,347",
112/02/07,"11,575,710","688,846,679",59.40,60.00,59.30,59.40, 0.00,"6,974",
112/02/08,"12,515,645","740,947,154",59.20,59.50,59.00,59.20,-0.20,"7,612",
112/02/09,"5,145,599","303,971,336",58.80,59.30,58.80,59.10,-0.10,"3,174",
112/02/10,"10,042,935","591,054,086",58.80,59.20,58.60,58.90,-0.20,"7,574",
112/02/13,"11,178,299","662,669,384",58.60,59.80,58.60,59.50,+0.60,"6,139",
112/02/14,"12,866,854","771,867,129",60.00,60.20,59.50,60.10,+0.60,"6,268",
112/02/15,"12,438,703","742,827,428",60.00,60.30,59.10,59.50,-0.60,"7,893",
112/02/16,"8,384,645","499,739,032",59.60,60.00,59.40,59.40,-0.10,"6,812",
112/02/17,"12,368,089","743,536,637",59.80,60.30,59.70,60.30,+0.90,"6,746",
112/02/20,"10,384,651","630,364,047",60.00,61.10,59.90,60.70,+0.40,"7,152",
112/02/21,"6,616,552","398,620,928",60.60,60.60,60.00,60.20,-0.50,"4,918",
112/02/22,"12,997,215","775,726,605",59.50,60.10,59.30,59.90,-0.30,"7,149",
112/02/23,"10,659,435","638,356,694",60.10,60.20,59.70,59.80,-0.10,"5,535",
112/02/24,"12,667,750","758,473,789",59.70,60.00,59.50,60.00,+0.20,"4,560",
112/03/01,"13,742,338","812,510,778",59.20,59.50,59.00,59.00,-1.00,"10,059",
112/03/02,"10,447,174","617,391,734",59.00,59.70,58.60,59.40,+0.40,"6,022",
112/03/03,"7,150,477","425,859,527",59.70,59.80,59.30,59.50,+0.10,"3,725",
112/03/06,"12,001,500","719,326,866",60.00,60.20,59.60,60.00,+0.50,"7,363",
112/03/07,"11,264,524","673,887,594",60.00,60.20,59.60,59.80,-0.20,"6,065",
112/03/08,"10,931,487","653,019,743",59.80,60.00,59.50,60.00,+0.20,"6,124",
112/03/09,"12,166,832","724,423,371",59.90,59.90,59.30,59.40,-0.60,"6,564",
112/03/10,"21,296,922","1,246,075,770",58.70,59.10,58.20,58.30,-1.10,"20,326",
112/03/13,"17,229,181","992,977,357",57.50,58.00,57.30,57.70,-0.60,"12,468",
112/03/14,"19,331,316","1,098,489,593",57.00,57.30,56.50,56.70,-1.00,"16,398",
112/03/15,"13,881,105","787,937,640",56.90,57.20,56.50,56.50,-0.20,"11,745",
112/03/16,"26,836,200","1,484,971,639",55.80,55.90,55.00,55.10,-1.40,"22,610",
112/03/17,"24,670,307","1,372,718,377",55.50,55.90,55.40,55.50,+0.40,"10,438",
112/03/20,"16,300,803","897,800,982",55.40,55.40,55.00,55.00,-0.50,"13,968",
112/03/21,"12,292,575","680,509,594",55.20,55.70,55.10,55.30,+0.30,"7,435",
112/03/22,"16,303,718","913,290,705",55.60,56.30,55.40,56.20,+0.90,"7,484",
112/03/23,"9,823,595","552,929,359",56.00,56.50,55.80,56.50,+0.30,"6,597",
112/03/24,"8,424,048","474,191,636",56.60,56.60,56.00,56.30,-0.20,"4,982",
112/03/27,"6,616,274","371,708,286",56.20,56.50,56.00,56.30, 0.00,"4,585",
112/03/28,"5,685,840","321,105,426",56.30,56.70,56.30,56.50,+0.20,"3,306",
112/03/29,"6,690,993","379,718,323",56.50,56.90,56.40,56.90,+0.40,"3,719",
112/03/30,"7,460,904","422,690,160",57.10,57.10,56.40,56.80,-0.10,"5,488",
112/03/31,"11,075,222","627,714,571",56.80,57.10,56.50,56.50,-0.30,"4,829",
112/04/06,"8,640,985","489,574,219",57.10,57.10,56.30,56.80,+0.30,"4,964",
112/04/07,"4,618,320","262,391,710",56.80,57.00,56.60,56.90,+0.10,"3,602",
112/04/10,"5,092,236","290,596,975",56.90,57.30,56.80,57.10,+0.20,"3,259",
112/04/11,"9,316,984","530,010,280",57.10,57.10,56.60,57.10, 0.00,"5,528",
112/04/12,"8,751,483","499,665,646",57.10,57.30,56.80,57.30,+0.20,"4,209",
112/04/13,"9,630,196","553,033,925",57.30,57.70,57.10,57.40,+0.10,"4,901",
112/04/14,"14,342,173","835,151,352",57.50,58.70,57.40,58.60,+1.20,"8,029",
112/04/17,"8,212,033","479,672,002",58.70,58.80,58.10,58.50,-0.10,"5,105",
112/04/18,"6,772,770","396,286,028",58.60,58.70,58.20,58.60,+0.10,"4,227",
112/04/19,"8,237,030","480,814,115",58.70,58.80,58.00,58.20,-0.40,"5,892",
112/04/20,"7,132,218","412,461,764",57.90,58.00,57.50,57.90,-0.30,"3,871",
112/04/21,"7,283,980","422,873,375",58.20,58.40,57.80,57.90, 0.00,"3,270",
112/04/24,"5,019,805","290,992,653",57.90,58.20,57.70,58.10,+0.20,"2,599",
112/04/25,"8,103,065","469,505,374",58.20,58.60,57.50,57.50,-0.60,"4,975",
112/04/26,"13,028,478","749,223,886",58.00,58.00,57.10,57.80,+0.30,"5,906",
112/04/27,"8,610,747","496,789,440",57.60,58.00,57.30,57.70,-0.10,"4,818",
112/04/28,"18,307,219","1,079,587,894",58.30,59.40,58.20,59.00,+1.30,"8,684",
112/05/02,"11,696,302","687,702,784",59.30,59.30,58.40,58.80,-0.20,"7,146",
112/05/03,"7,333,450","429,272,285",58.60,58.80,58.30,58.60,-0.20,"4,928",
112/05/04,"7,877,647","463,716,201",58.50,59.10,58.30,59.10,+0.50,"3,689",
112/05/05,"4,554,126","268,859,277",59.00,59.20,58.90,59.10, 0.00,"3,177",
112/05/08,"11,809,773","701,269,563",59.40,59.60,59.10,59.40,+0.30,"5,418",
112/05/09,"10,185,586","604,836,202",59.60,59.60,59.20,59.50,+0.10,"3,948",
112/05/10,"8,819,165","521,145,867",59.40,59.40,58.90,59.20,-0.30,"5,635",
112/05/11,"15,364,622","914,256,709",59.70,59.80,59.20,59.50,+0.30,"5,351",
112/05/12,"9,747,483","575,845,422",59.50,59.50,58.70,59.00,-0.50,"5,222",
112/05/15,"11,677,428","691,051,816",59.00,59.50,58.80,59.40,+0.40,"5,380",
112/05/16,"13,545,133","807,360,045",59.70,59.90,59.20,59.80,+0.40,"6,303",
112/05/17,"20,876,187","1,252,759,515",59.70,60.30,59.60,60.20,+0.40,"10,170",
112/05/18,"28,045,212","1,705,039,661",60.30,61.20,60.20,61.10,+0.90,"10,921",
112/05/19,"27,168,075","1,672,936,506",61.30,61.90,61.20,61.60,+0.50,"11,261",
112/05/22,"8,922,508","550,203,148",61.60,61.90,61.40,61.70,+0.10,"5,999",
112/05/23,"15,198,635","938,123,447",61.80,62.20,61.20,61.40,-0.30,"8,039",
112/05/24,"10,781,097","657,726,870",61.20,61.40,60.70,61.40, 0.00,"7,443",
112/05/25,"14,506,218","878,157,557",60.90,61.00,60.20,60.40,-1.00,"9,485",
112/05/26,"11,890,492","718,911,885",60.10,60.90,59.80,60.50,+0.10,"7,500",
112/05/29,"14,508,135","888,263,951",61.00,61.60,60.80,61.10,+0.60,"7,617",
112/05/30,"10,508,207","641,634,122",61.20,61.60,60.80,60.80,-0.30,"6,355",
112/05/31,"31,066,581","1,890,368,819",60.70,61.40,60.70,60.80, 0.00,"5,980",
112/06/01,"14,066,674","848,735,138",60.70,61.00,60.00,60.40,-0.40,"8,163",
112/06/02,"10,252,305","621,691,086",60.50,60.90,60.40,60.60,+0.20,"5,062",
112/06/05,"27,569,549","1,704,919,793",61.00,62.50,60.90,61.70,+1.10,"9,585",
112/06/06,"11,138,439","687,730,120",61.60,62.00,61.50,61.90,+0.20,"5,925",
112/06/07,"15,010,569","927,917,758",62.00,62.10,61.60,61.80,-0.10,"7,505",
112/06/08,"29,218,425","1,780,987,845",61.80,61.90,60.50,60.80,-1.00,"14,469",
112/06/09,"8,915,218","545,300,969",61.20,61.30,60.80,61.20,+0.40,"4,456",
112/06/12,"10,011,259","614,357,799",61.30,61.70,61.10,61.20, 0.00,"4,843",
112/06/13,"22,495,104","1,375,493,030",61.40,61.50,60.50,61.10,-0.10,"7,472",
112/06/14,"18,989,375","1,173,864,851",61.40,62.10,61.20,61.80,+0.70,"6,319",
112/06/15,"8,453,355","520,175,954",61.80,61.90,61.40,61.60,-0.20,"5,536",
112/06/16,"19,054,698","1,167,787,695",61.70,61.80,61.10,61.10,-0.50,"5,292",
112/06/19,"16,617,013","1,012,966,606",61.10,61.40,60.70,61.30,+0.20,"6,593",
112/06/20,"8,662,464","529,231,783",61.30,61.30,60.90,61.10,-0.20,"4,790",
112/06/21,"7,888,316","483,725,659",61.20,61.50,61.00,61.40,+0.30,"4,019",
112/06/26,"12,758,014","777,297,540",61.10,61.20,60.80,60.80,-0.60,"6,150",
112/06/27,"9,058,226","549,870,605",60.70,61.00,60.50,60.60,-0.20,"4,600",
112/06/28,"8,255,582","505,435,894",60.70,61.40,60.70,61.40,+0.80,"3,172",
112/06/29,"12,620,841","776,170,423",61.50,61.90,61.20,61.30,-0.10,"4,842",
112/06/30,"13,297,982","810,791,036",61.20,61.40,60.80,60.80,-0.50,"5,967",
112/07/03,"6,543,901","400,784,886",61.10,61.40,61.00,61.30,+0.50,"3,317",
112/07/04,"9,660,234","589,226,399",61.00,61.30,60.80,60.90,-0.40,"4,477",
112/07/05,"7,042,086","430,166,111",61.00,61.30,60.90,61.00,+0.10,"3,565",
112/07/06,"23,322,587","1,416,003,027",60.80,61.10,60.10,60.30,-0.70,"12,856",
112/07/07,"15,671,836","938,771,811",60.00,60.30,59.70,60.00,-0.30,"10,277",
112/07/10,"10,200,318","615,694,917",60.00,60.80,60.00,60.20,+0.20,"5,742",
112/07/11,"20,917,736","1,284,235,692",61.10,61.60,61.00,61.40,+1.20,"6,787",
112/07/12,"21,018,339","1,298,658,692",61.40,62.00,61.40,62.00,+0.60,"6,694",
112/07/13,"15,122,740","935,269,919",62.10,62.20,61.60,61.70,-0.30,"6,086",
112/07/14,"17,904,853","1,114,028,500",61.90,62.50,61.80,62.50,+0.80,"7,721",
112/07/17,"38,902,931","2,496,684,315",62.80,65.20,62.60,65.00,+2.50,"16,983",
112/07/18,"35,598,387","2,328,653,047",65.30,66.00,64.80,65.60,+0.60,"14,411",
112/07/19,"34,141,911","2,220,910,777",65.90,66.00,64.60,64.80,-0.80,"14,798",
112/07/20,"20,454,231","1,299,173,623",63.40,64.00,63.00,63.50,X0.00,"9,651",
112/07/21,"15,820,753","996,352,704",63.00,63.30,62.70,63.00,-0.50,"7,585",
112/07/24,"12,126,845","759,591,050",62.90,62.90,62.30,62.60,-0.40,"5,560",
112/07/25,"9,452,965","595,223,662",63.00,63.30,62.70,62.90,+0.30,"4,314",
112/07/26,"19,656,388","1,257,271,565",63.10,64.50,62.80,64.50,+1.60,"8,816",
112/07/27,"26,348,596","1,720,593,517",64.70,65.80,64.60,65.50,+1.00,"13,298",
112/07/28,"10,803,541","705,324,862",65.20,65.60,64.80,65.40,-0.10,"8,700",
112/07/31,"26,392,859","1,736,968,553",65.60,66.60,65.20,65.50,+0.10,"12,599",
112/08/01,"22,723,378","1,499,383,372",65.70,66.60,64.90,66.50,+1.00,"13,414",
112/08/02,"32,243,255","2,101,150,814",65.90,65.90,64.60,65.10,-1.40,"15,909",
112/08/04,"11,352,448","735,066,961",64.90,65.10,64.40,64.80,-0.30,"6,071",
112/08/07,"12,768,494","835,103,694",64.80,65.70,64.70,65.50,+0.70,"5,849",
112/08/08,"14,022,043","915,136,454",65.40,65.70,65.00,65.20,-0.30,"6,780",
112/08/09,"10,004,691","651,851,485",64.90,65.40,64.80,65.30,+0.10,"4,436",
112/08/10,"12,244,166","800,720,197",65.00,65.80,64.90,65.40,+0.10,"5,146",
112/08/11,"12,572,916","824,832,775",65.80,66.10,65.20,65.40, 0.00,"5,769",
112/08/14,"22,351,409","1,427,915,595",64.90,65.00,63.30,63.90,-1.50,"13,507",
112/08/15,"19,664,278","1,248,857,640",63.90,64.50,63.00,63.50,-0.40,"8,785",
112/08/16,"15,884,424","994,814,792",62.80,63.00,62.40,62.50,-1.00,"11,890",
112/08/17,"16,883,280","1,049,628,768",62.00,62.80,61.50,62.50, 0.00,"8,337",
112/08/18,"9,869,085","616,672,690",62.30,63.10,62.00,62.40,-0.10,"6,246",
112/08/21,"10,185,039","641,421,159",62.60,63.40,62.50,63.10,+0.70,"5,566",
112/08/22,"8,378,839","525,928,032",63.20,63.30,62.60,62.80,-0.30,"4,957",
112/08/23,"7,306,633","460,222,890",62.80,63.30,62.80,62.80, 0.00,"4,230",
112/08/24,"6,798,740","429,584,232",62.90,63.40,62.90,63.30,+0.50,"3,293",
112/08/25,"10,574,023","665,843,248",62.90,63.50,62.30,62.80,-0.50,"5,839",
112/08/28,"11,761,563","749,918,582",62.80,64.20,62.80,64.10,+1.30,"5,272",
112/08/29,"7,421,717","476,807,816",64.00,64.50,63.80,64.40,+0.30,"3,908",
112/08/30,"8,608,945","554,422,540",64.40,64.70,64.10,64.50,+0.10,"4,668",
112/08/31,"21,373,342","1,363,229,289",64.50,64.50,63.60,63.60,-0.90,"5,735",
112/09/01,"14,201,652","917,851,208",63.60,65.00,63.60,64.80,+1.20,"7,379",
112/09/04,"9,246,993","575,646,626",62.00,62.50,61.90,62.20,X0.00,"7,170",
112/09/05,"12,101,649","749,636,080",62.40,62.50,61.70,61.80,-0.40,"9,333",
112/09/06,"14,069,471","865,668,272",61.60,62.00,61.40,61.40,-0.40,"10,358",
112/09/07,"8,521,246","522,232,412",61.20,61.60,61.20,61.20,-0.20,"5,445",
112/09/08,"6,202,249","382,047,968",61.20,61.90,61.10,61.80,+0.60,"3,478",
112/09/11,"6,858,250","423,730,760",61.80,62.10,61.50,61.90,+0.10,"4,370",
112/09/12,"9,283,606","575,649,426",62.10,62.20,61.70,62.10,+0.20,"4,192",
112/09/13,"7,185,080","447,817,192",62.00,62.50,62.00,62.40,+0.30,"3,486",
112/09/14,"8,539,823","536,503,093",63.00,63.00,62.60,62.90,+0.50,"4,581",
112/09/15,"18,460,888","1,155,941,629",62.90,63.00,62.50,62.50,-0.40,"4,637",
112/09/18,"5,144,489","322,181,585",62.50,62.80,62.30,62.80,+0.30,"3,378",
112/09/19,"4,929,578","309,016,832",62.70,62.90,62.50,62.60,-0.20,"3,530",
112/09/20,"11,304,964","702,489,468",62.60,62.60,61.90,62.10,-0.50,"6,593",
112/09/21,"14,978,773","920,645,521",61.80,62.00,61.10,61.40,-0.70,"10,630",
112/09/22,"14,096,142","861,961,908",61.10,61.40,61.00,61.00,-0.40,"7,525",
112/09/25,"8,885,334","543,720,244",61.00,61.50,60.90,61.30,+0.30,"4,383",
112/09/26,"16,190,925","982,083,852",61.00,61.20,60.40,60.60,-0.70,"13,749",
112/09/27,"10,944,473","661,260,374",60.10,60.80,60.10,60.60, 0.00,"7,308",
112/09/28,"12,867,584","783,181,551",60.80,61.40,60.50,60.70,+0.10,"4,422",
112/10/02,"6,930,159","421,212,053",60.60,61.00,60.60,60.80,+0.10,"4,782",
112/10/03,"7,874,179","475,862,981",60.60,60.60,60.30,60.50,-0.30,"6,036",
112/10/04,"19,249,624","1,152,191,188",60.00,60.10,59.70,59.70,-0.80,"13,389",
112/10/05,"11,405,534","687,588,998",59.90,60.70,59.60,60.50,+0.80,"5,246",
112/10/06,"5,016,988","304,147,305",60.50,60.80,60.40,60.70,+0.20,"3,414",
112/10/11,"17,192,861","1,054,139,252",61.00,61.60,60.80,61.60,+0.90,"7,256",
112/10/12,"14,667,051","899,773,401",61.70,61.70,60.90,61.70,+0.10,"6,184",
112/10/13,"14,918,815","908,453,641",61.20,61.30,60.70,60.90,-0.80,"9,971",
112/10/16,"9,939,661","605,266,464",60.70,61.10,60.60,61.00,+0.10,"5,206",
112/10/17,"9,127,119","558,200,306",61.20,61.30,60.90,61.30,+0.30,"5,728",
112/10/18,"28,311,489","1,733,788,267",61.30,61.50,60.60,61.40,+0.10,"8,698",
112/10/19,"11,337,697","692,974,215",61.00,61.40,60.90,61.00,-0.40,"5,165",
112/10/20,"25,502,757","1,534,558,460",60.50,61.00,59.10,60.70,-0.30,"13,194",
112/10/23,"18,076,731","1,083,267,872",60.10,60.40,59.60,59.90,-0.80,"11,879",
112/10/24,"10,512,026","628,817,190",59.70,60.20,59.60,59.90, 0.00,"6,382",
112/10/25,"7,322,747","440,267,319",60.10,60.30,60.00,60.00,+0.10,"4,401",
112/10/26,"9,789,643","584,745,569",59.50,60.20,59.30,59.60,-0.40,"4,792",
112/10/27,"5,168,729","310,905,129",59.80,60.40,59.70,60.30,+0.70,"3,656",
112/10/30,"11,466,392","686,060,482",60.30,60.50,59.60,59.80,-0.50,"6,797",
112/10/31,"10,600,499","635,743,726",60.00,60.20,59.70,60.10,+0.30,"5,879",
112/11/01,"11,416,870","685,071,914",60.30,60.30,59.90,60.00,-0.10,"5,709",
112/11/02,"13,305,208","809,181,880",60.60,61.00,60.40,60.90,+0.90,"7,017",
112/11/03,"9,273,418","566,324,225",61.00,61.30,60.60,61.30,+0.40,"7,910",
112/11/06,"10,634,312","654,512,902",61.60,61.80,61.20,61.50,+0.20,"6,594",
112/11/07,"5,446,321","334,273,917",61.50,61.50,61.10,61.50, 0.00,"3,982",
112/11/08,"8,035,676","494,411,254",61.60,61.70,61.20,61.70,+0.20,"4,201",
112/11/09,"3,949,855","243,259,503",61.60,61.70,61.40,61.70, 0.00,"2,715",
112/11/10,"3,928,050","241,391,390",61.10,61.60,61.10,61.50,-0.20,"3,613",
112/11/13,"8,013,751","493,585,254",61.70,61.90,61.40,61.70,+0.20,"3,993",
112/11/14,"10,390,606","641,633,216",61.90,61.90,61.50,61.70, 0.00,"5,601",
112/11/15,"25,839,785","1,612,425,304",62.00,62.70,61.90,62.70,+1.00,"12,537",
112/11/16,"14,185,805","891,814,355",62.90,63.00,62.60,62.90,+0.20,"6,727",
112/11/17,"15,287,330","964,545,731",62.60,63.50,62.50,63.20,+0.30,"8,659",
112/11/20,"13,523,629","855,590,348",63.30,63.50,63.00,63.50,+0.30,"6,331",
112/11/21,"33,451,291","2,160,966,154",63.90,64.90,63.80,64.90,+1.40,"17,444",
112/11/22,"11,591,096","747,875,621",64.60,64.80,64.20,64.60,-0.30,"7,969",
112/11/23,"7,443,896","477,885,483",64.50,64.60,63.80,64.30,-0.30,"7,368",
112/11/24,"7,240,276","462,572,033",64.40,64.50,63.70,63.90,-0.40,"10,475",
112/11/27,"9,499,584","608,519,962",64.00,64.70,63.40,63.50,-0.40,"11,978",
112/11/28,"12,025,309","768,573,917",64.00,64.20,63.40,63.90,+0.40,"5,328",
112/11/29,"13,085,245","835,440,090",64.00,64.20,63.50,63.70,-0.20,"10,433",
112/11/30,"25,587,330","1,644,001,426",64.10,64.40,63.70,64.40,+0.70,"6,418",
112/12/01,"10,577,817","674,628,685",64.20,64.20,63.60,63.80,-0.60,"9,346",
112/12/04,"9,762,246","626,939,164",64.00,64.50,63.80,64.40,+0.60,"5,822",
112/12/05,"12,004,653","766,379,688",64.20,64.20,63.60,64.10,-0.30,"5,941",
112/12/06,"8,943,759","570,982,157",64.10,64.20,63.60,63.80,-0.30,"4,657",
112/12/07,"19,565,628","1,232,031,837",63.50,63.50,62.50,63.20,-0.60,"11,509",
112/12/08,"13,531,535","853,141,044",63.40,63.50,62.80,63.20, 0.00,"7,312",
112/12/11,"8,733,499","549,268,293",63.20,63.20,62.70,62.90,-0.30,"5,201",
112/12/12,"8,905,565","560,388,780",63.10,63.20,62.70,63.10,+0.20,"4,725",
112/12/13,"8,034,401","504,997,214",63.10,63.10,62.70,62.90,-0.20,"5,055",
112/12/14,"56,177,039","3,639,605,203",63.60,65.30,63.30,65.20,+2.30,"23,435",
112/12/15,"30,206,648","1,965,283,028",65.20,65.30,64.80,65.10,-0.10,"10,430",
112/12/18,"12,039,567","775,309,787",64.80,64.80,64.10,64.50,-0.60,"16,518",
112/12/19,"10,869,734","694,235,181",64.20,64.40,63.60,63.90,-0.60,"6,782",
112/12/20,"15,805,221","1,007,280,227",63.90,64.10,63.60,63.60,-0.30,"8,557",
112/12/21,"9,778,230","618,927,641",63.10,63.60,63.10,63.40,-0.20,"5,298",
112/12/22,"7,543,558","478,239,263",63.20,63.50,63.10,63.50,+0.10,"3,861",
112/12/25,"6,188,749","393,613,961",63.50,63.80,63.40,63.70,+0.20,"2,908",
112/12/26,"8,430,116","539,913,720",63.80,64.30,63.60,64.30,+0.60,"4,023",
112/12/27,"7,926,557","511,315,534",64.30,64.70,64.10,64.60,+0.30,"4,759",
112/12/28,"9,385,226","607,626,497",64.50,64.90,64.40,64.90,+0.30,"5,186",
112/12/29,"10,472,044","677,170,660",64.60,64.80,64.40,64.80,-0.10,"5,027",
113/01/02,"6,042,362","389,400,284",64.80,64.80,64.20,64.60,-0.20,"7,310",
113/01/03,"13,410,038","852,952,444",63.90,64.00,63.30,63.70,-0.90,"8,679",
113/01/04,"9,775,798","621,051,520",63.70,63.90,63.30,63.50,-0.20,"4,543",
113/01/05,"13,079,353","827,830,298",63.30,63.70,63.10,63.20,-0.30,"5,516",
113/01/08,"21,907,250","1,410,402,103",63.60,65.00,63.60,64.10,+0.90,"8,314",
113/01/09,"7,537,683","482,746,517",64.30,64.50,63.80,64.00,-0.10,"5,302",
113/01/10,"7,348,719","470,103,492",63.80,64.20,63.70,64.00, 0.00,"3,415",
113/01/11,"7,590,033","485,901,524",63.70,64.30,63.60,63.90,-0.10,"3,101",
113/01/12,"6,845,036","437,992,560",63.60,64.20,63.60,64.10,+0.20,"3,104",
113/01/15,"7,753,704","497,854,073",64.20,64.50,64.00,64.10, 0.00,"5,113",
113/01/16,"19,634,559","1,242,722,698",63.50,63.90,63.00,63.20,-0.90,"9,112",
113/01/17,"35,093,625","2,197,599,231",63.00,63.10,62.20,62.30,-0.90,"16,761",
113/01/18,"18,349,004","1,141,682,659",61.90,62.60,61.90,62.30, 0.00,"8,188",
113/01/19,"14,938,740","938,292,999",62.00,63.20,62.00,63.00,+0.70,"5,719",
113/01/22,"10,043,459","635,627,033",63.20,63.70,63.00,63.20,+0.20,"4,153",
113/01/23,"10,303,452","656,124,763",63.50,63.90,63.40,63.90,+0.70,"3,872",
113/01/24,"12,304,469","791,316,794",63.90,64.60,63.90,64.40,+0.50,"6,160",
113/01/25,"8,296,148","535,139,667",64.40,64.60,64.20,64.60,+0.20,"4,395",
113/01/26,"14,316,350","926,995,267",64.50,64.90,64.50,64.80,+0.20,"5,453",
113/01/29,"8,404,036","543,910,141",64.60,64.90,64.60,64.80, 0.00,"4,404",
113/01/30,"13,362,868","862,262,080",64.90,65.00,64.00,64.30,-0.50,"8,241",
113/01/31,"11,340,346","728,351,765",64.30,64.60,64.10,64.50,+0.20,"3,853",
113/02/01,"11,042,386","713,941,427",64.80,64.80,64.40,64.80,+0.30,"5,116",
113/02/02,"8,020,564","519,271,962",64.80,64.90,64.40,64.90,+0.10,"5,324",
113/02/05,"12,551,632","814,080,620",64.10,65.00,64.00,64.70,-0.20,"9,710",
113/02/15,"22,305,833","1,458,101,018",65.50,65.80,65.00,65.30,+0.60,"10,718",
113/02/16,"16,476,443","1,081,684,753",65.50,66.00,65.20,65.90,+0.60,"9,447",
113/02/19,"11,973,274","790,160,424",66.00,66.40,65.80,66.10,+0.20,"7,792",
113/02/20,"16,887,191","1,113,816,835",66.00,66.50,65.80,66.50,+0.40,"8,828",
113/02/21,"10,150,278","672,207,248",66.50,66.50,65.90,66.30,-0.20,"9,973",
113/02/22,"9,143,093","607,122,750",66.30,66.60,66.10,66.50,+0.20,"5,971",
113/02/23,"9,791,144","652,888,628",66.80,66.80,66.50,66.60,+0.10,"5,865",
113/02/26,"11,100,187","741,170,711",66.30,67.00,66.30,66.90,+0.30,"6,966",
113/02/27,"10,987,635","735,158,318",66.90,67.30,66.50,66.90, 0.00,"8,915",
113/02/29,"22,904,320","1,550,925,639",66.60,68.30,66.50,68.00,+1.10,"10,096",
113/03/01,"11,754,723","797,183,956",67.80,67.90,67.20,67.40,-0.60,"21,191",
113/03/04,"12,086,055","815,276,535",67.00,67.80,67.00,67.40, 0.00,"8,645",
113/03/05,"9,413,045","633,723,094",67.20,67.50,67.20,67.30,-0.10,"7,129",
113/03/06,"11,196,471","754,671,851",67.20,67.70,67.10,67.30, 0.00,"8,455",
113/03/07,"20,164,089","1,368,352,480",67.30,68.40,67.30,68.10,+0.80,"8,422",
113/03/08,"31,479,081","2,167,312,775",67.80,69.20,67.80,69.20,+1.10,"13,097",
113/03/11,"18,949,296","1,316,088,274",69.30,70.00,69.00,69.20, 0.00,"14,670",
113/03/12,"17,392,547","1,208,861,911",69.50,69.90,69.30,69.70,+0.50,"6,479",
113/03/13,"21,993,070","1,529,900,156",69.20,69.90,69.10,69.90,+0.20,"9,894",
113/03/14,"38,764,134","2,731,880,183",69.90,70.70,69.80,70.70,+0.80,"12,115",
113/03/15,"38,781,161","2,699,525,575",70.30,70.40,69.20,69.60,-1.10,"36,931",
113/03/18,"14,161,103","983,064,770",69.50,69.90,69.00,69.50,-0.10,"9,061",
113/03/19,"14,690,645","1,025,439,210",69.00,70.20,69.00,69.80,+0.30,"6,233",
113/03/20,"16,334,008","1,140,894,132",69.90,70.30,69.30,69.60,-0.20,"12,941",
113/03/21,"20,697,392","1,457,143,717",69.90,70.90,69.80,70.70,+1.10,"10,139",
113/03/22,"21,535,553","1,507,691,309",70.70,71.40,69.20,69.60,-1.10,"63,478",
113/03/25,"17,976,656","1,243,234,363",69.50,69.80,68.90,69.00,-0.60,"13,834",
113/03/26,"9,636,947","668,832,623",69.00,69.60,69.00,69.60,+0.60,"5,189",
113/03/27,"7,393,241","514,377,155",69.60,69.90,69.20,69.80,+0.20,"5,008",
113/03/28,"12,470,943","864,210,115",69.60,69.80,69.10,69.30,-0.50,"6,213",
113/03/29,"9,759,181","679,082,741",69.10,69.90,69.00,69.70,+0.40,"4,570",
113/04/01,"8,716,340","606,423,861",69.80,70.00,69.40,69.50,-0.20,"7,649",
113/04/02,"7,375,663","511,359,891",69.40,69.70,69.20,69.50, 0.00,"4,689",
113/04/03,"16,283,540","1,120,387,838",69.40,69.50,68.60,68.60,-0.90,"8,828",
113/04/08,"12,833,868","880,467,912",68.00,68.90,68.00,68.70,+0.10,"5,748",
113/04/09,"12,831,818","894,184,316",68.70,70.00,68.70,70.00,+1.30,"6,249",
113/04/10,"10,307,451","716,434,939",69.90,70.00,69.20,69.20,-0.80,"8,525",
113/04/11,"21,732,683","1,486,305,324",68.60,69.20,68.10,68.40,-0.80,"11,554",
113/04/12,"18,616,261","1,263,721,257",68.00,68.20,67.80,67.80,-0.60,"9,712",
113/04/15,"15,198,144","1,025,259,396",67.30,68.00,67.00,67.40,-0.40,"8,517",
113/04/16,"26,545,037","1,762,807,971",67.00,67.20,65.60,65.70,-1.70,"18,168",
113/04/17,"16,404,377","1,082,101,660",65.80,66.40,65.50,66.00,+0.30,"8,625",
113/04/18,"17,788,556","1,176,441,470",66.00,66.70,65.50,66.30,+0.30,"7,882",
113/04/19,"29,840,020","1,945,929,328",65.90,66.10,64.20,65.00,-1.30,"17,146",
113/04/22,"15,962,865","1,054,225,080",65.30,66.50,65.30,66.20,+1.20,"7,261",
113/04/23,"11,264,720","747,557,505",66.50,66.70,66.10,66.30,+0.10,"9,108",
113/04/24,"9,836,656","658,604,339",66.90,67.40,66.70,66.80,+0.50,"5,293",
113/04/25,"11,861,021","789,838,538",66.50,66.70,66.10,66.40,-0.40,"5,749",
113/04/26,"18,462,199","1,250,038,240",67.30,68.30,67.10,67.60,+1.20,"9,398",
113/04/29,"22,635,156","1,564,352,455",68.20,69.70,68.10,69.40,+1.80,"11,885",
113/04/30,"13,933,895","966,175,460",69.10,69.80,69.10,69.10,-0.30,"6,161",
113/05/02,"14,660,708","1,016,031,910",69.30,69.80,69.00,69.00,-0.10,"7,922",
113/05/03,"9,460,541","655,125,969",69.10,69.60,68.90,69.00, 0.00,"10,861",
113/05/06,"18,462,082","1,289,368,625",69.10,70.20,69.10,70.00,+1.00,"8,872",
113/05/07,"14,384,566","1,007,490,079",70.20,70.20,69.30,69.90,-0.10,"8,077",
113/05/08,"10,381,180","724,496,263",70.00,70.10,69.50,69.90, 0.00,"7,239",
113/05/09,"19,604,926","1,375,807,867",69.80,70.60,69.60,69.90, 0.00,"8,811",
113/05/10,"37,176,106","2,648,815,508",70.30,71.80,70.30,71.80,+1.90,"16,055",
113/05/13,"18,336,568","1,309,334,413",72.00,72.00,70.90,71.50,-0.30,"11,428",
113/05/14,"16,232,696","1,165,412,138",71.60,71.70,71.00,71.20,-0.30,"8,778",
113/05/15,"52,047,831","3,814,556,098",71.60,74.10,71.50,73.80,+2.60,"26,718",
113/05/16,"45,642,966","3,416,159,593",74.20,75.80,73.60,73.90,+0.10,"27,124",
113/05/17,"23,778,349","1,774,438,904",74.20,75.00,74.00,74.60,+0.70,"17,641",
113/05/20,"15,210,276","1,121,405,324",75.00,75.00,73.20,73.80,-0.80,"32,928",
113/05/21,"15,662,118","1,139,645,821",73.40,73.50,72.40,72.90,-0.90,"28,218",
113/05/22,"11,844,560","866,550,484",72.90,73.70,72.80,73.50,+0.60,"8,059",
113/05/23,"12,804,770","928,069,295",72.60,72.90,72.20,72.50,-1.00,"17,813",
113/05/24,"20,712,924","1,518,348,722",72.30,73.80,72.30,73.30,+0.80,"7,551",
113/05/27,"14,276,985","1,046,805,147",73.10,73.70,72.90,73.50,+0.20,"11,440",
113/05/28,"11,546,992","851,928,072",73.60,74.20,73.10,73.80,+0.30,"5,669",
113/05/29,"23,724,385","1,726,304,643",74.00,74.00,72.30,72.40,-1.40,"12,533",
113/05/30,"25,315,997","1,826,156,061",71.90,72.90,71.80,71.90,-0.50,"10,045",
113/05/31,"32,985,333","2,417,490,091",72.70,73.50,72.50,73.40,+1.50,"7,865",
113/06/03,"9,888,078","722,368,384",73.40,73.80,73.10,73.80,+0.40,"6,848",
113/06/04,"11,779,703","863,394,219",73.00,73.70,72.80,73.60,-0.20,"8,062",
113/06/05,"15,444,682","1,141,736,765",73.40,74.30,73.30,74.00,+0.40,"7,661",
113/06/06,"21,329,150","1,597,723,829",74.00,75.20,73.80,75.20,+1.20,"12,859",
113/06/07,"21,041,991","1,592,004,352",75.40,76.00,75.10,76.00,+0.80,"13,383",
113/06/11,"26,524,832","2,051,415,262",77.50,77.80,76.70,77.30,+1.30,"12,499",
113/06/12,"20,684,895","1,582,249,479",76.90,77.00,75.80,76.00,-1.30,"25,084",
113/06/13,"13,943,601","1,063,893,655",76.40,76.80,76.00,76.20,+0.20,"7,187",
113/06/14,"12,755,711","975,506,906",76.50,76.90,76.10,76.90,+0.70,"6,184",
113/06/17,"12,169,612","925,729,294",77.00,77.00,75.80,76.00,-0.90,"9,913",
113/06/18,"12,496,913","957,159,920",76.60,77.00,76.20,77.00,+1.00,"7,539",
113/06/19,"18,993,406","1,471,313,137",77.00,78.00,76.60,77.80,+0.80,"12,711",
113/06/20,"15,805,348","1,226,167,567",78.00,78.00,77.00,78.00,+0.20,"10,689",
113/06/21,"26,418,399","2,064,218,291",77.70,78.50,77.60,78.30,+0.30,"6,927",
113/06/24,"19,680,641","1,535,336,503",78.50,78.80,77.50,78.10,-0.20,"12,570",
113/06/25,"12,581,198","984,162,411",78.50,78.60,77.80,78.50,+0.40,"5,228",
113/06/26,"16,337,294","1,275,201,493",78.20,78.70,77.60,77.80,-0.70,"8,117",
113/06/27,"13,560,103","1,055,428,657",77.10,78.40,76.80,78.40,+0.60,"7,021",
113/06/28,"34,423,653","2,724,274,358",78.40,79.80,78.10,79.30,+0.90,"16,507",
113/07/01,"19,342,649","1,550,989,399",79.80,80.70,79.50,80.40,+1.10,"10,772",
113/07/02,"24,234,908","1,956,534,734",80.40,81.20,79.80,81.00,+0.60,"10,858",
113/07/03,"32,014,845","2,644,922,347",81.30,83.40,81.30,83.30,+2.30,"17,109",
113/07/04,"19,046,463","1,594,272,165",83.80,84.40,83.10,83.70,+0.40,"14,608",
113/07/05,"22,021,489","1,864,439,865",83.70,85.00,83.70,84.90,+1.20,"11,177",
113/07/08,"23,444,301","2,008,934,294",85.10,86.10,84.50,86.00,+1.10,"11,997",
113/07/09,"20,055,122","1,721,943,813",86.00,86.50,85.00,86.00, 0.00,"20,115",
113/07/10,"39,957,971","3,566,600,676",87.70,90.50,87.60,89.10,+3.10,"29,175",
113/07/11,"49,945,697","4,598,365,498",89.90,93.60,89.50,92.40,+3.30,"40,722",
113/07/12,"35,707,291","3,284,624,003",93.00,93.20,91.00,91.90,-0.50,"31,383",
113/07/15,"31,537,217","2,858,055,901",92.70,92.70,89.80,90.90,-1.00,"19,397",
113/07/16,"26,967,083","2,464,199,978",91.50,92.00,90.70,91.70,+0.80,"13,613",
113/07/17,"34,767,760","3,181,361,016",92.90,92.90,90.60,91.00,-0.70,"20,470",
113/07/18,"47,138,959","4,220,917,751",90.40,90.50,88.50,89.90,-1.10,"27,742",
113/07/19,"53,978,555","4,642,825,837",87.30,88.30,85.00,86.10,X0.00,"30,706",
113/07/22,"44,411,222","3,695,615,052",85.70,85.80,82.50,82.60,-3.50,"25,931",
113/07/23,"20,585,782","1,747,224,902",83.90,85.50,83.90,85.50,+2.90,"10,566",
113/07/26,"17,333,946","1,463,948,757",83.80,85.40,82.50,84.90,-0.60,"10,544",
113/07/29,"26,501,491","2,307,725,769",86.00,87.70,86.00,87.20,+2.30,"11,458",
113/07/30,"14,109,997","1,215,373,136",86.70,86.80,85.50,86.50,-0.70,"10,548",
113/07/31,"22,051,175","1,944,385,934",85.90,89.20,85.80,88.20,+1.70,"11,748",
113/08/01,"21,395,590","1,896,553,643",89.00,89.70,87.80,88.20, 0.00,"18,867",
113/08/02,"21,137,597","1,825,398,296",86.10,87.20,84.60,86.90,-1.30,"11,794",
113/08/05,"48,543,550","3,925,064,764",84.60,84.60,78.90,79.00,-7.90,"30,021",
113/08/06,"32,656,464","2,629,533,082",82.00,82.50,77.20,80.70,+1.70,"18,928",
113/08/07,"19,365,033","1,593,715,100",80.90,83.20,80.90,82.60,+1.90,"22,324",
113/08/08,"19,898,529","1,650,645,079",81.50,84.40,81.40,83.10,+0.50,"15,900",
113/08/09,"28,550,382","2,458,766,619",85.20,87.30,84.50,86.00,+2.90,"18,360",
113/08/12,"19,638,629","1,713,278,342",88.00,88.80,86.40,86.80,+0.80,"16,836",
113/08/13,"11,510,671","1,005,526,319",87.50,88.00,86.80,87.50,+0.70,"6,878",
113/08/14,"27,262,431","2,427,975,605",88.70,89.70,88.20,89.30,+1.80,"12,236",
113/08/15,"16,786,330","1,505,183,143",90.50,90.60,89.00,89.00,-0.30,"14,210",
113/08/16,"51,071,948","4,679,627,288",90.50,92.50,89.90,92.40,+3.40,"26,663",
113/08/19,"27,233,289","2,471,565,191",92.40,92.40,90.00,90.00,-2.40,"43,723",
113/08/20,"20,081,164","1,786,441,409",90.80,90.80,88.30,88.80,-1.20,"14,613",
113/08/21,"10,972,295","976,253,206",89.10,89.60,88.60,89.20,+0.40,"8,159",
113/08/22,"16,836,212","1,479,824,896",89.30,89.30,87.40,88.10,-1.10,"12,767",
113/08/23,"11,471,901","1,013,074,697",87.70,89.30,87.20,89.00,+0.90,"5,867",
113/08/26,"31,420,174","2,879,094,796",90.00,92.20,89.80,91.90,+2.90,"15,682",
113/08/27,"19,549,311","1,795,315,323",91.40,92.30,90.90,92.20,+0.30,"13,212",
113/08/28,"11,255,327","1,035,621,857",92.20,92.80,91.40,92.00,-0.20,"9,925",
113/08/29,"12,770,901","1,168,135,883",91.50,92.40,91.00,91.30,-0.70,"24,885",
113/08/30,"27,892,973","2,565,887,293",91.60,92.50,91.60,91.90,+0.60,"10,109",
113/09/02,"31,343,754","2,948,540,690",93.00,95.00,92.50,94.00,+2.10,"18,841",
113/09/03,"13,887,808","1,301,785,068",94.20,94.30,93.00,93.70,-0.30,"20,128",
113/09/04,"36,157,879","3,275,992,408",90.00,91.50,89.50,90.50,-3.20,"21,270",
113/09/05,"25,296,194","2,329,602,252",91.60,93.20,91.20,92.30,+1.80,"10,100",
113/09/06,"16,723,561","1,543,736,262",92.20,93.00,91.00,92.50,+0.20,"9,882",
113/09/09,"37,655,844","3,237,812,529",86.50,87.20,85.50,86.00,X0.00,"29,402",
113/09/10,"25,089,209","2,177,908,308",86.80,88.20,85.90,86.40,+0.40,"11,866",
113/09/11,"19,144,977","1,638,830,865",86.50,86.50,85.20,85.50,-0.90,"13,982",
113/09/12,"16,222,568","1,397,961,124",87.10,87.10,85.70,85.80,+0.30,"7,696",
113/09/13,"11,429,051","988,195,005",86.60,86.90,85.80,86.70,+0.90,"6,222",
113/09/16,"9,710,204","841,710,849",86.90,86.90,86.30,86.80,+0.10,"5,346",
113/09/18,"19,755,761","1,726,776,666",86.90,88.00,86.70,87.10,+0.30,"10,795",
113/09/19,"25,101,163","2,229,818,647",87.30,89.90,87.10,89.30,+2.20,"12,389",
113/09/20,"37,615,107","3,398,371,758",90.30,90.90,89.20,90.80,+1.50,"16,625",
113/09/23,"27,222,543","2,479,144,621",90.90,91.90,90.00,91.90,+1.10,"19,185",
113/09/24,"20,758,489","1,911,584,173",91.90,92.60,91.40,92.60,+0.70,"11,714",
113/09/25,"27,364,634","2,541,192,301",93.00,93.30,92.10,93.30,+0.70,"16,314",
113/09/26,"15,731,450","1,467,280,981",93.60,93.80,92.80,93.00,-0.30,"11,419",
113/09/27,"23,695,021","2,176,556,130",93.90,93.90,91.10,91.30,-1.70,"44,934",
113/09/30,"24,739,995","2,246,851,677",91.40,91.60,90.40,90.40,-0.90,"10,046",
113/10/01,"16,336,381","1,474,777,939",90.80,91.10,89.70,90.70,+0.30,"7,657",
113/10/04,"17,616,834","1,583,847,320",89.30,90.70,89.30,90.10,-0.60,"9,483",
113/10/07,"15,074,752","1,371,984,440",90.30,91.90,90.30,91.10,+1.00,"7,457",
113/10/08,"17,989,787","1,631,219,912",90.30,91.40,89.60,91.40,+0.30,"10,870",
113/10/09,"14,491,630","1,319,513,877",91.50,92.10,90.60,90.60,-0.80,"6,778",
113/10/11,"8,539,792","774,527,817",91.10,91.20,90.20,90.70,+0.10,"6,968",
113/10/14,"7,612,727","688,848,999",90.80,91.00,90.00,90.50,-0.20,"4,719",
113/10/15,"17,736,619","1,622,067,898",90.90,91.90,90.40,91.90,+1.40,"13,352",
113/10/16,"22,802,133","2,071,007,377",90.80,91.40,89.70,90.30,-1.60,"26,465",
113/10/17,"12,819,080","1,167,622,838",90.20,91.60,90.20,91.60,+1.30,"8,207",
113/10/18,"39,194,821","3,643,426,026",92.20,93.40,91.80,93.20,+1.60,"19,684",
113/10/21,"28,974,084","2,648,392,482",93.20,93.20,90.80,90.90,-2.30,"54,152",
113/10/22,"29,432,307","2,727,393,274",91.30,93.30,90.90,93.30,+2.40,"17,710",
113/10/23,"10,757,668","992,838,752",92.60,93.00,92.00,92.10,-1.20,"30,461",
113/10/24,"11,341,185","1,039,336,112",92.00,92.40,91.30,91.30,-0.80,"12,838",
113/10/25,"7,066,210","650,727,912",92.10,92.50,91.70,92.20,+0.90,"6,418",
113/10/28,"10,332,129","950,777,573",92.20,92.40,91.60,91.90,-0.30,"6,417",
113/10/29,"14,054,792","1,281,080,727",91.90,91.90,90.50,91.60,-0.30,"13,640",
113/10/30,"12,511,168","1,138,956,049",91.80,91.80,90.60,90.80,-0.80,"7,003",
113/11/01,"27,735,986","2,479,198,462",87.50,90.80,87.40,90.40,-0.40,"16,478",
113/11/04,"18,335,221","1,686,141,937",90.50,92.30,90.40,92.30,+1.90,"9,697",
113/11/05,"9,814,873","903,423,814",91.60,92.40,91.30,92.30, 0.00,"11,546",
113/11/06,"8,445,751","778,219,975",92.30,92.40,91.40,91.40,-0.90,"10,119",
113/11/07,"15,152,960","1,396,057,295",91.80,93.00,91.60,92.20,+0.80,"15,541",
113/11/08,"11,778,955","1,091,529,837",92.50,92.90,92.20,92.90,+0.70,"7,619",
113/11/11,"12,007,965","1,103,077,555",92.50,92.80,91.50,91.70,-1.20,"12,194",
113/11/12,"21,255,659","1,956,188,417",92.10,92.40,91.60,91.70, 0.00,"9,340",
113/11/13,"23,399,607","2,128,813,988",91.70,92.10,90.30,91.00,-0.70,"14,983",
113/11/14,"18,182,110","1,643,024,159",90.60,91.40,90.00,90.30,-0.70,"10,746",
113/11/15,"23,518,136","2,153,522,524",91.00,92.40,90.80,91.00,+0.70,"10,644",
113/11/18,"32,877,991","2,961,964,255",91.70,91.90,89.50,89.80,-1.20,"25,456",
113/11/19,"33,708,074","3,052,017,646",90.20,91.40,89.20,91.40,+1.60,"14,386",
113/11/20,"29,547,355","2,677,091,710",90.90,91.40,90.20,90.50,-0.90,"14,832",
113/11/21,"33,767,828","3,021,272,908",90.00,90.10,89.30,89.30,-1.20,"20,541",
113/11/22,"24,493,343","2,195,890,037",90.20,90.70,89.30,89.30, 0.00,"10,594",
113/11/25,"37,770,846","3,420,732,758",90.30,91.20,89.90,90.50,+1.20,"10,028",
113/11/26,"16,514,946","1,487,513,582",90.40,90.50,89.50,90.10,-0.40,"8,429",
113/11/27,"21,470,584","1,920,589,646",90.40,90.80,88.80,88.80,-1.30,"14,522",
113/11/28,"11,029,024","981,229,588",89.00,89.40,88.70,88.90,+0.10,"7,186",
113/11/29,"20,368,101","1,792,820,239",88.00,88.50,87.30,88.00,-0.90,"13,049",
113/12/02,"18,413,473","1,648,832,992",88.50,90.10,88.20,89.60,+1.60,"8,474",
113/12/03,"17,649,514","1,598,848,653",90.10,90.90,89.90,90.90,+1.30,"8,140",
113/12/04,"11,329,231","1,026,655,244",91.10,91.30,90.20,90.60,-0.30,"12,117",
113/12/05,"14,616,200","1,331,492,163",90.70,91.30,90.70,91.30,+0.70,"7,541",
113/12/06,"18,827,251","1,727,802,517",91.10,92.00,91.10,92.00,+0.70,"11,753",
113/12/09,"10,252,385","946,843,316",91.90,92.10,91.30,91.50,-0.50,"9,492",
113/12/10,"10,906,680","1,001,486,596",91.50,92.00,91.20,92.00,+0.50,"7,917",
113/12/11,"12,546,586","1,153,312,481",92.00,92.30,91.40,91.60,-0.40,"12,648",
113/12/12,"41,781,205","3,902,137,191",92.00,94.20,91.90,93.90,+2.30,"21,658",
113/12/13,"11,571,092","1,084,045,840",93.50,94.10,93.00,93.60,-0.30,"9,644",
113/12/16,"19,192,051","1,809,522,298",93.30,94.90,93.30,93.70,+0.10,"13,363",
113/12/17,"20,393,582","1,889,978,183",93.50,93.90,92.20,92.50,-1.20,"20,288",
113/12/18,"13,447,273","1,240,442,849",92.20,93.20,91.80,91.90,-0.60,"13,452",
113/12/19,"26,857,498","2,431,095,903",90.90,91.00,90.00,90.90,-1.00,"60,830",
113/12/20,"22,886,573","2,067,618,808",90.20,91.10,89.90,90.40,-0.50,"8,157",
113/12/23,"10,911,542","998,491,150",91.10,92.00,90.90,91.40,+1.00,"5,763",
113/12/24,"7,164,116","658,391,893",92.00,92.20,91.40,91.80,+0.40,"4,921",
113/12/25,"5,360,990","490,705,837",92.20,92.20,91.10,91.50,-0.30,"4,835",
113/12/26,"5,754,916","525,021,509",91.70,91.90,91.00,91.30,-0.20,"4,063",
113/12/27,"5,953,248","544,556,176",91.50,91.80,90.80,91.80,+0.50,"4,111",
113/12/30,"6,525,285","596,425,291",91.50,91.90,91.10,91.30,-0.50,"5,064",
113/12/31,"16,198,944","1,464,195,293",90.70,91.00,90.20,90.30,-1.00,"10,313",
114/01/02,"11,314,685","1,021,206,388",90.00,90.70,90.00,90.70,+0.40,"7,490",
114/01/03,"5,941,404","540,807,007",90.90,91.30,90.70,91.10,+0.40,"4,024",
114/01/06,"11,045,308","1,014,097,335",91.30,92.00,91.20,91.90,+0.80,"8,015",
114/01/07,"10,498,646","963,174,994",92.10,92.20,91.20,91.90, 0.00,"7,088",
114/01/08,"7,415,841","677,504,967",91.80,91.80,91.10,91.10,-0.80,"4,664",
114/01/09,"12,725,564","1,165,897,678",91.30,92.30,90.90,91.10, 0.00,"6,788",
114/01/10,"25,543,196","2,301,905,166",91.10,91.10,89.30,89.90,-1.20,"19,249",
114/01/13,"22,000,484","1,977,066,417",90.20,91.10,89.20,89.80,-0.10,"14,632",
114/01/14,"14,924,875","1,355,594,366",90.10,91.40,90.00,90.80,+1.00,"9,071",
114/01/15,"9,614,537","878,201,592",91.00,91.60,90.20,90.40,-0.40,"15,848",
114/01/16,"13,354,973","1,222,804,625",91.50,91.90,91.30,91.60,+1.20,"7,800",
114/01/17,"6,806,019","619,690,525",91.60,91.60,90.70,91.00,-0.60,"15,301",
114/01/20,"6,805,372","618,826,272",91.20,91.60,90.50,90.50,-0.50,"6,183",
114/01/21,"13,658,524","1,252,089,712",90.80,92.10,90.60,91.50,+1.00,"6,785",
114/01/22,"25,150,054","2,331,163,223",92.20,93.20,92.10,92.80,+1.30,"12,300",
114/02/03,"19,253,415","1,762,272,932",91.50,91.70,90.40,91.40,-1.40,"29,680",
114/02/04,"14,585,606","1,326,765,086",92.00,92.30,90.30,90.30,-1.10,"10,654",
114/02/05,"11,197,669","1,026,568,361",91.50,92.00,91.10,91.80,+1.50,"7,963",
114/02/06,"16,748,701","1,548,621,786",92.00,93.00,91.60,93.00,+1.20,"9,639",
114/02/07,"8,358,661","772,433,261",92.60,93.00,92.10,92.30,-0.70,"16,202",
114/02/10,"17,676,820","1,645,680,190",92.00,93.40,92.00,93.40,+1.10,"10,148",
114/02/11,"15,061,350","1,417,705,440",93.60,94.50,93.40,93.80,+0.40,"9,760",
114/02/12,"9,178,225","858,372,982",93.30,93.90,93.30,93.40,-0.40,"9,006",
114/02/13,"11,213,315","1,045,544,322",93.00,93.80,92.50,93.40, 0.00,"12,577",
114/02/14,"9,148,769","853,396,881",93.20,93.60,93.00,93.10,-0.30,"9,401",
114/02/17,"10,262,710","965,138,585",93.50,94.30,93.50,94.00,+0.90,"8,415",
114/02/18,"8,576,526","806,917,900",93.70,94.30,93.70,94.30,+0.30,"8,917",
114/02/19,"25,986,198","2,413,430,594",93.90,94.10,92.40,92.40,-1.90,"43,006",
114/02/20,"14,751,871","1,360,513,425",92.30,92.90,92.00,92.00,-0.40,"8,684",
114/02/21,"8,222,755","759,688,130",92.00,92.60,91.90,92.60,+0.60,"4,823",
114/02/24,"18,276,611","1,677,926,215",91.90,92.30,91.50,91.60,-1.00,"13,413",
114/02/25,"9,785,930","897,441,060",91.30,92.00,91.20,91.70,+0.10,"5,054",
114/02/26,"13,902,891","1,283,882,258",91.30,92.90,91.30,92.80,+1.10,"6,530",
114/02/27,"30,059,319","2,777,060,455",92.60,92.90,92.30,92.30,-0.50,"5,408",
114/03/03,"14,952,239","1,379,522,364",92.00,92.80,91.70,92.80,+0.50,"8,596",
114/03/04,"22,722,516","2,074,776,433",91.50,91.90,90.80,91.20,-1.60,"12,905",
114/03/05,"10,744,846","987,642,429",91.20,92.30,91.20,91.80,+0.60,"6,321",
114/03/06,"6,446,976","595,210,781",91.50,92.50,91.50,92.50,+0.70,"4,370",
114/03/07,"20,766,298","1,892,477,851",91.80,91.90,90.90,90.90,-1.60,"13,599",
114/03/10,"13,919,786","1,265,008,463",91.30,91.30,90.60,90.70,-0.20,"6,547",
114/03/11,"35,972,541","3,216,410,006",89.80,90.30,88.60,89.70,-1.00,"22,797",
114/03/12,"18,221,655","1,635,430,690",89.80,90.20,89.50,89.50,-0.20,"11,819",
114/03/13,"14,907,218","1,334,726,674",90.10,90.10,89.00,89.00,-0.50,"9,377",
114/03/14,"23,406,633","2,074,189,979",89.00,89.70,88.20,88.20,-0.80,"16,714",
114/03/17,"19,878,376","1,786,453,571",88.80,90.30,88.70,90.00,+1.80,"11,436",
114/03/18,"21,386,359","1,930,767,976",90.40,91.00,89.60,90.40,+0.40,"8,387",
114/03/19,"15,977,043","1,429,074,887",90.20,90.40,89.00,89.00,-1.40,"12,393",
114/03/20,"9,851,623","886,560,752",89.70,90.50,89.60,89.90,+0.90,"5,151",
114/03/21,"14,855,734","1,325,855,350",89.90,90.10,89.00,89.00,-0.90,"6,610",
114/03/24,"7,749,846","694,488,237",89.20,89.80,89.00,89.00, 0.00,"5,929",
114/03/25,"8,472,283","759,550,020",89.50,90.20,89.30,89.70,+0.70,"4,889",
114/03/26,"6,046,074","543,029,768",89.70,90.10,89.50,89.90,+0.20,"3,676",
114/03/27,"10,662,715","955,311,923",89.50,89.90,89.10,89.90, 0.00,"6,815",
114/03/28,"17,635,799","1,564,973,589",89.30,89.50,88.00,88.20,-1.70,"15,922",
114/03/31,"31,811,098","2,737,256,903",86.50,87.00,85.30,85.30,-2.90,"21,416",
114/04/01,"16,517,566","1,436,738,072",85.80,87.50,85.60,87.40,+2.10,"9,783",
114/04/02,"9,092,777","796,060,146",86.90,87.90,86.90,87.60,+0.20,"5,916",
114/04/07,"10,574,527","834,329,865",78.90,78.90,78.90,78.90,-8.70,"14,208",
114/04/08,"58,653,875","4,497,484,532",74.00,78.50,74.00,77.90,-1.00,"35,246",
114/04/09,"46,882,643","3,536,073,219",79.00,79.80,72.10,72.10,-5.80,"35,447",
114/04/10,"9,962,966","790,062,800",79.30,79.30,79.30,79.30,+7.20,"4,730",
114/04/11,"29,271,460","2,321,007,059",77.50,80.80,77.40,80.40,+1.10,"16,733",
114/04/14,"24,336,144","1,979,786,311",80.80,82.50,80.60,80.90,+0.50,"12,629",
114/04/15,"14,647,284","1,207,136,741",81.30,83.20,81.20,82.50,+1.60,"10,227",
114/04/16,"24,003,098","1,934,560,704",81.50,81.90,80.00,80.10,-2.40,"21,165",
114/04/17,"12,727,571","1,016,254,489",80.10,80.30,79.40,79.60,-0.50,"8,531",
114/04/18,"8,832,195","704,503,571",80.00,80.30,79.50,79.50,-0.10,"5,247",
114/04/21,"7,929,672","627,054,665",79.50,79.80,78.30,79.00,-0.50,"6,657",
114/04/22,"16,318,149","1,274,056,111",77.60,78.10,77.00,77.30,-1.70,"13,378",
114/04/23,"15,368,181","1,207,064,293",78.30,79.30,77.70,79.30,+2.00,"8,177",
114/04/24,"16,088,318","1,264,469,341",79.20,79.70,78.00,78.30,-1.00,"10,175",
114/04/25,"13,916,533","1,103,561,355",79.30,79.60,78.80,79.40,+1.10,"8,476",
114/04/28,"17,163,036","1,364,782,450",79.90,80.10,79.20,79.20,-0.20,"9,109",
114/04/29,"21,402,367","1,733,109,899",79.50,81.50,79.50,81.40,+2.20,"11,497",
114/04/30,"42,913,607","3,624,940,118",82.50,85.50,82.50,84.30,+2.90,"20,885",
114/05/02,"22,992,933","1,944,779,779",84.70,85.00,84.00,85.00,+0.70,"14,453",
114/05/05,"70,400,279","5,619,388,581",80.00,80.80,78.80,80.00,-5.00,"40,592",
114/05/06,"60,319,133","4,759,093,213",78.30,79.30,77.80,79.00,-1.00,"31,189",
114/05/07,"53,335,088","4,165,185,338",79.20,79.20,77.60,78.00,-1.00,"34,118",
114/05/08,"26,532,848","2,077,498,550",78.00,78.70,78.00,78.10,+0.10,"14,489",
114/05/09,"44,738,307","3,451,759,199",77.20,77.80,76.70,77.40,-0.70,"33,509",
114/05/12,"20,699,312","1,616,029,289",77.60,78.50,77.60,78.10,+0.70,"13,009",
114/05/13,"38,567,171","3,050,331,567",78.80,79.70,78.70,79.00,+0.90,"15,541",
114/05/14,"43,729,656","3,487,365,014",79.60,80.10,79.20,80.00,+1.00,"18,107",
114/05/15,"36,836,018","2,948,029,826",80.40,80.50,79.40,80.50,+0.50,"16,092",
114/05/16,"32,888,099","2,672,557,894",80.20,82.00,80.20,81.90,+1.40,"15,598",
114/05/19,"29,641,546","2,377,547,560",81.10,81.20,79.80,79.80,-2.10,"18,391",
114/05/20,"15,988,443","1,288,424,162",80.70,81.10,80.10,80.70,+0.90,"7,429",
114/05/21,"31,151,790","2,535,963,108",80.50,81.80,80.40,81.50,+0.80,"17,242",
114/05/22,"26,189,260","2,135,933,159",80.50,82.10,80.20,81.90,+0.40,"12,794",
114/05/23,"21,658,492","1,776,850,128",81.70,82.90,81.50,81.50,-0.40,"11,493",
114/05/26,"19,167,975","1,560,189,901",81.30,82.00,80.80,80.90,-0.60,"9,377",
114/05/27,"17,761,609","1,432,444,377",80.70,81.40,80.30,80.30,-0.60,"9,180",
114/05/28,"20,243,421","1,618,054,274",80.70,80.90,79.50,79.50,-0.80,"11,890",
114/05/29,"52,766,317","4,221,632,361",80.00,81.00,79.60,79.60,+0.10,"12,973",
114/06/02,"68,838,382","5,581,177,446",79.60,82.20,79.20,81.80,+2.20,"25,806",
114/06/03,"66,346,624","5,469,786,062",81.80,83.60,80.80,83.60,+1.80,"33,437",
114/06/04,"132,692,907","11,532,685,464",83.90,89.40,83.20,87.10,+3.50,"59,884",
114/06/05,"97,016,772","8,503,436,064",86.40,88.60,85.70,87.10, 0.00,"32,585",
114/06/06,"101,116,694","8,926,706,397",87.00,89.10,86.30,87.80,+0.70,"31,877",
114/06/09,"93,110,159","8,227,162,646",87.80,88.80,87.40,88.50,+0.70,"23,910",
114/06/10,"98,244,185","8,656,242,552",88.20,88.90,86.40,87.70,-0.80,"39,117",
114/06/11,"140,435,571","12,308,652,466",87.10,90.10,84.50,90.10,+2.40,"67,380",
114/06/12,"51,000,885","4,471,095,471",87.80,88.40,87.20,87.50,-2.60,"39,274",
114/06/13,"45,910,824","3,971,393,675",86.50,87.10,85.50,86.50,-1.00,"40,878",
114/06/16,"43,829,577","3,803,594,405",86.50,87.70,85.60,86.00,-0.50,"12,779",
114/06/17,"41,864,813","3,619,280,697",86.30,87.40,85.80,85.80,-0.20,"14,339",
114/06/18,"30,803,021","2,672,206,661",86.20,87.40,86.00,87.40,+1.60,"14,824",
114/06/19,"29,307,670","2,520,090,523",86.60,86.90,85.50,86.70,-0.70,"44,773",
114/06/20,"31,851,683","2,718,067,427",86.10,86.30,84.90,84.90,-1.80,"12,758",
114/06/23,"22,050,261","1,858,204,319",84.20,84.70,83.60,84.70,-0.20,"15,267",
114/06/24,"20,857,738","1,790,903,456",85.20,86.50,85.10,86.10,+1.40,"9,417",
114/06/25,"27,082,827","2,328,079,501",86.50,86.50,85.70,85.70,-0.40,"11,725",
114/06/26,"31,023,887","2,666,708,263",86.00,86.40,85.60,86.10,+0.40,"12,154",
114/06/27,"42,650,415","3,695,255,158",85.90,86.30,85.10,86.10, 0.00,"12,327",
114/06/30,"121,457,028","10,587,513,647",85.90,88.00,85.10,87.30,+1.20,"30,191",
114/07/01,"51,372,450","4,315,509,648",83.00,84.90,82.80,83.20,X0.00,"31,059",
114/07/02,"23,445,825","1,951,564,685",83.30,83.90,82.80,82.90,-0.30,"15,305",
114/07/03,"19,666,218","1,634,322,216",83.00,83.70,82.60,83.00,+0.10,"9,356",
114/07/04,"30,814,761","2,517,119,657",82.90,83.10,81.00,81.00,-2.00,"21,850",
114/07/07,"19,568,905","1,600,603,427",81.30,82.20,80.90,82.00,+1.00,"10,095",
114/07/08,"15,362,117","1,253,060,641",81.90,82.50,81.10,81.20,-0.80,"9,184",
114/07/09,"21,068,540","1,701,221,408",81.00,82.00,80.30,80.30,-0.90,"13,753",
114/07/10,"18,414,969","1,504,692,548",80.20,82.40,80.10,82.30,+2.00,"9,815",
114/07/11,"21,263,890","1,759,793,186",82.50,83.90,82.30,82.60,+0.30,"10,395",
114/07/14,"20,316,152","1,680,556,510",82.60,83.40,82.40,82.60, 0.00,"8,805",
114/07/15,"11,198,497","931,182,986",82.30,83.50,82.30,83.50,+0.90,"5,559",
114/07/16,"19,923,387","1,675,108,449",82.80,84.40,82.80,84.40,+0.90,"9,066",
114/07/17,"13,592,123","1,147,116,690",84.20,85.10,83.80,84.10,-0.30,"7,990",
114/07/18,"19,951,654","1,668,671,150",84.10,84.70,83.00,83.70,-0.40,"11,420",
114/07/21,"12,380,373","1,034,223,103",83.50,84.10,83.10,83.10,-0.60,"7,130",
114/07/22,"11,917,185","986,485,605",83.50,83.70,82.30,82.50,-0.60,"6,274",
114/07/23,"15,157,025","1,263,520,624",83.20,83.80,82.60,83.80,+1.30,"7,485",
114/07/24,"8,413,204","702,177,564",83.60,83.80,83.20,83.60,-0.20,"6,347",
114/07/25,"8,280,659","689,474,681",83.00,83.50,83.00,83.40,-0.20,"6,027",
114/07/28,"11,492,541","953,943,260",83.40,83.70,82.80,82.80,-0.60,"7,241",
114/07/29,"14,625,599","1,202,572,477",82.80,83.20,82.00,82.00,-0.80,"10,326",
114/07/30,"10,513,529","868,721,036",82.60,83.00,82.30,82.60,+0.60,"7,349",
114/07/31,"16,033,350","1,317,381,851",82.10,82.80,81.60,82.40,-0.20,"12,043",
114/08/01,"11,198,097","922,912,935",81.40,83.10,81.10,82.60,+0.20,"7,571",
114/08/04,"14,646,753","1,222,680,834",81.90,84.00,81.90,84.00,+1.40,"8,072",
114/08/05,"12,559,426","1,054,556,539",83.70,84.30,83.40,84.00, 0.00,"8,302",
114/08/06,"13,996,890","1,179,139,699",84.00,84.60,83.50,84.40,+0.40,"7,549",
114/08/07,"12,716,730","1,081,519,040",84.50,85.40,84.50,84.80,+0.40,"7,391",
114/08/08,"9,740,337","826,925,534",84.50,85.20,84.30,85.20,+0.40,"10,040",
114/08/11,"11,158,117","958,450,864",85.20,86.30,85.00,86.20,+1.00,"7,593",
114/08/12,"16,038,535","1,390,458,943",86.50,87.00,86.20,86.70,+0.50,"6,689",
114/08/13,"23,309,704","1,990,034,390",87.20,87.50,86.80,87.40,+0.70,"8,144",
114/08/14,"21,989,915","1,943,207,778",87.40,88.80,87.30,88.80,+1.40,"12,111",
114/08/15,"12,976,991","1,149,116,919",88.70,88.90,88.00,88.80, 0.00,"8,504",
114/08/18,"15,840,742","1,406,638,725",88.20,89.00,88.10,89.00,+0.20,"11,465",
114/08/19,"16,399,057","1,447,949,935",88.20,88.60,88.10,88.10,-0.90,"9,086",
114/08/20,"22,022,721","1,921,071,265",88.10,88.20,86.70,86.90,-1.20,"21,843",
114/08/21,"13,656,331","1,203,299,358",87.50,88.50,87.40,88.30,+1.40,"6,828",
114/08/22,"12,369,200","1,088,662,909",87.60,88.40,87.60,87.90,-0.40,"6,824",
114/08/25,"22,903,375","2,044,163,571",88.60,89.60,88.20,89.60,+1.70,"12,593",
114/08/26,"34,253,619","3,003,732,001",89.00,89.30,87.10,87.10,-2.50,"37,008",
114/08/27,"26,919,748","2,321,969,467",87.10,87.70,85.70,85.70,-1.40,"53,051",
114/08/28,"19,513,769","1,669,309,096",85.50,86.10,85.00,85.20,-0.50,"13,579",
114/08/29,"24,498,320","2,071,262,733",85.20,85.60,83.90,83.90,-1.30,"15,745",
114/09/01,"11,138,211","943,171,906",84.00,85.20,84.00,84.50,+0.60,"6,613",
114/09/02,"18,870,588","1,630,246,486",84.90,86.80,84.90,86.80,+2.30,"9,222",
114/09/03,"11,769,459","1,014,098,065",86.80,86.80,85.80,86.00,-0.80,"12,614",
114/09/04,"10,783,579","935,274,118",86.10,86.80,86.00,86.50,+0.50,"4,915",
114/09/05,"8,850,668","767,955,146",86.40,87.00,86.20,87.00,+0.50,"7,519",
114/09/08,"15,188,710","1,310,746,129",86.80,86.80,86.00,86.00,-1.00,"5,845",
114/09/09,"12,258,025","1,058,628,501",86.00,86.90,85.90,86.40,+0.40,"5,682",
114/09/10,"14,636,091","1,276,082,116",86.40,87.60,86.40,87.60,+1.20,"8,191",
114/09/11,"17,028,011","1,484,789,019",87.50,87.80,86.50,86.90,-0.70,"14,287",
114/09/12,"18,537,964","1,635,010,008",87.40,88.50,87.40,88.50,+1.60,"9,886",
114/09/15,"17,297,881","1,542,619,127",88.50,89.80,88.50,88.80,+0.30,"14,336",
114/09/16,"16,071,704","1,432,600,191",89.30,89.60,88.80,88.80, 0.00,"11,582",
114/09/17,"15,563,190","1,381,328,664",88.60,89.20,88.10,88.70,-0.10,"14,893",
114/09/18,"14,663,458","1,295,408,048",89.00,89.20,87.80,88.30,-0.40,"30,355",
114/09/19,"23,751,552","2,083,394,972",88.10,88.20,87.30,87.80,-0.50,"9,923",
114/09/22,"16,188,845","1,436,530,985",87.80,89.20,87.80,88.60,+0.80,"7,504",
114/09/23,"13,761,600","1,222,909,414",88.50,89.10,88.30,88.40,-0.20,"10,031",
114/09/24,"20,702,855","1,845,528,728",88.70,89.90,88.60,89.00,+0.60,"12,323",
114/09/25,"21,160,494","1,828,343,924",87.10,87.40,86.00,86.00,X0.00,"20,645",
114/09/26,"16,153,118","1,393,665,873",86.10,86.90,85.50,86.50,+0.50,"8,006",
114/09/30,"19,923,921","1,751,343,568",86.90,88.30,86.80,88.30,+1.80,"7,223",
114/10/01,"14,509,912","1,276,515,418",88.00,88.90,87.40,87.40,-0.90,"9,474",
114/10/02,"6,716,832","589,532,057",88.10,88.40,87.40,87.40, 0.00,"5,391",
114/10/03,"10,969,163","953,050,894",88.00,88.00,86.50,86.50,-0.90,"7,289",
114/10/07,"14,392,339","1,256,101,777",86.40,88.20,86.20,86.90,+0.40,"7,619",
114/10/08,"9,338,011","821,464,026",87.30,88.40,87.30,87.90,+1.00,"5,761",
114/10/09,"32,204,848","2,881,479,201",88.20,90.00,88.10,89.80,+1.90,"14,641",
114/10/13,"20,708,803","1,823,611,760",88.70,89.00,87.50,87.80,-2.00,"46,541",
114/10/14,"25,886,313","2,308,712,651",88.80,90.20,88.20,88.20,+0.40,"11,568",
114/10/15,"23,902,852","2,134,026,384",88.90,89.60,88.30,89.60,+1.40,"10,260",
114/10/16,"26,574,577","2,397,905,906",89.80,90.80,89.60,89.80,+0.20,"15,257",
114/10/17,"16,807,156","1,507,756,028",89.50,90.20,89.30,89.50,-0.30,"7,271",
114/10/20,"9,606,520","858,321,045",90.10,90.10,88.90,89.10,-0.40,"12,359",
114/10/21,"24,387,441","2,217,108,687",89.60,91.70,89.60,90.60,+1.50,"11,778",
114/10/22,"15,590,168","1,424,407,709",91.20,91.60,90.80,91.60,+1.00,"8,587",
114/10/23,"13,085,974","1,198,817,539",91.10,92.00,90.80,91.90,+0.30,"9,476",
114/10/27,"17,870,477","1,649,679,152",92.80,92.80,91.80,92.10,+0.20,"11,217",
114/10/28,"15,489,728","1,412,235,430",91.80,91.90,90.80,90.90,-1.20,"13,933",
114/10/29,"8,516,678","781,048,714",91.10,92.00,91.10,91.80,+0.90,"5,069",
114/10/30,"13,071,299","1,200,878,293",92.80,92.80,91.10,92.40,+0.60,"9,958",
114/10/31,"11,447,531","1,046,176,675",92.50,92.50,91.20,91.20,-1.20,"9,376",
114/11/03,"14,938,302","1,367,705,690",91.20,92.10,90.90,92.00,+0.80,"6,592",
114/11/04,"16,514,844","1,526,062,999",92.40,93.00,92.00,92.50,+0.50,"7,331",
114/11/05,"16,021,146","1,455,991,354",91.50,91.60,90.60,90.60,-1.90,"27,811",
114/11/06,"12,158,359","1,114,454,100",91.80,92.00,90.90,91.80,+1.20,"8,211",
114/11/07,"8,938,529","811,183,393",91.10,91.20,90.40,90.50,-1.30,"12,771",
114/11/10,"11,047,753","1,003,032,122",90.50,91.40,90.20,90.60,+0.10,"7,756",
114/11/11,"18,245,382","1,670,935,180",91.40,92.50,91.00,91.00,+0.40,"10,033",
114/11/12,"14,280,557","1,312,311,612",91.50,92.30,91.50,91.70,+0.70,"6,612",
114/11/13,"54,354,805","5,093,663,878",92.50,94.40,92.20,94.00,+2.30,"26,068",
114/11/14,"35,544,211","3,328,116,470",93.40,94.20,93.00,93.30,-0.70,"20,972",
114/11/17,"49,167,786","4,550,752,990",93.60,93.60,91.50,91.80,-1.50,"31,590",
114/11/18,"62,152,476","5,634,955,407",91.20,92.80,89.50,89.50,-2.30,"97,783",
114/11/19,"74,528,045","6,632,028,278",89.60,90.70,88.10,88.10,-1.40,"81,594",
114/11/20,"66,335,241","5,956,612,316",89.10,90.60,89.10,89.30,+1.20,"20,491",
114/11/21,"75,934,875","6,790,539,458",88.40,90.30,88.40,88.70,-0.60,"24,750",
114/11/24,"101,667,876","9,337,902,538",89.50,93.00,89.00,92.00,+3.30,"35,910",
114/11/25,"77,311,040","7,229,177,774",91.80,94.00,91.00,92.90,+0.90,"30,878",
114/11/26,"58,023,931","5,443,826,084",93.90,94.60,92.90,93.20,+0.30,"25,202",
114/11/27,"51,827,067","4,862,619,660",92.70,94.50,92.10,93.90,+0.70,"27,037",
114/11/28,"21,212,945","1,971,868,729",93.20,94.10,92.50,92.60,-1.30,"28,817",
114/12/01,"14,153,247","1,306,964,187",92.50,93.70,91.80,91.80,-0.80,"28,063",
114/12/02,"26,391,626","2,425,279,496",92.70,92.70,91.40,92.10,+0.30,"12,130",
114/12/03,"18,807,323","1,741,560,007",92.20,93.10,91.70,93.10,+1.00,"9,469",
114/12/04,"25,429,629","2,402,600,491",93.10,94.90,93.00,94.70,+1.60,"14,810",
114/12/05,"11,789,587","1,113,297,195",94.90,94.90,93.60,94.90,+0.20,"14,537",
114/12/08,"15,786,472","1,502,172,491",94.60,95.50,94.00,95.50,+0.60,"11,069",
114/12/09,"16,634,688","1,598,242,042",95.30,96.30,95.20,96.30,+0.80,"10,140",
114/12/10,"12,252,912","1,168,634,529",96.30,96.80,94.70,95.20,-1.10,"47,038",
114/12/11,"11,702,145","1,112,075,956",95.70,96.00,94.40,95.10,-0.10,"17,273",
114/12/12,"22,347,129","2,151,457,971",95.80,97.20,95.50,96.80,+1.70,"15,207",
114/12/15,"15,156,694","1,453,269,576",96.00,96.60,95.30,95.60,-1.20,"35,736",
114/12/16,"29,334,087","2,802,130,387",95.00,96.20,94.80,96.00,+0.40,"14,662",
114/12/17,"33,741,813","3,279,810,715",96.00,97.90,96.00,97.30,+1.30,"17,684",
114/12/18,"24,121,169","2,329,280,293",97.60,97.60,95.80,96.80,-0.50,"29,190",
114/12/19,"21,547,066","2,092,477,979",96.60,97.60,96.30,97.30,+0.50,"14,384",
114/12/22,"20,764,618","2,039,511,212",97.90,98.50,97.80,98.20,+0.90,"14,086",
114/12/23,"16,397,664","1,600,838,546",98.50,98.60,96.70,98.10,-0.10,"15,247",
114/12/24,"15,681,176","1,539,923,778",98.40,98.80,97.90,98.00,-0.10,"9,219",
114/12/26,"13,026,945","1,262,700,797",98.10,98.30,97.00,97.00,-1.00,"24,791",
114/12/29,"6,620,803","648,240,109",96.90,98.30,96.80,98.20,+1.20,"5,479",
114/12/30,"9,888,380","969,443,104",97.60,97.80,96.80,97.00,-1.20,"42,420",
114/12/31,"12,624,997","1,217,300,566",97.00,97.40,96.10,96.10,-0.90,"22,594",
115/01/02,"13,130,192","1,258,863,384",96.20,97.00,95.50,95.60,-0.50,"8,954",
115/01/05,"20,458,306","1,969,265,376",95.60,97.30,95.30,97.20,+1.60,"8,887",
115/01/06,"12,562,628","1,214,672,407",97.30,97.70,96.30,96.40,-0.80,"16,740",
115/01/07,"13,021,584","1,251,224,298",96.50,96.70,95.70,96.10,-0.30,"8,161",
115/01/08,"10,025,083","970,082,283",96.30,97.10,96.10,97.00,+0.90,"6,684",
115/01/09,"16,348,577","1,571,291,955",97.00,97.00,95.20,95.50,-1.50,"19,154",
115/01/12,"13,610,868","1,295,407,136",95.60,95.80,95.00,95.00,-0.50,"9,408",
115/01/13,"19,356,778","1,825,960,939",95.20,95.20,94.00,94.20,-0.80,"12,464",
115/01/14,"19,974,657","1,878,829,545",94.50,95.10,93.80,93.80,-0.40,"12,111",
115/01/15,"17,608,776","1,665,700,915",94.60,95.50,94.10,94.10,+0.30,"9,265",
115/01/16,"18,937,260","1,802,201,375",94.60,95.80,94.40,95.00,+0.90,"9,414",
115/01/19,"15,713,225","1,496,104,680",94.40,96.20,94.40,95.00, 0.00,"10,601",
115/01/20,"16,804,671","1,586,386,227",94.90,95.20,94.00,94.00,-1.00,"12,624",
115/01/21,"20,749,683","1,935,931,677",93.70,94.00,92.80,93.00,-1.00,"16,318",
115/01/22,"18,954,588","1,766,727,157",93.70,94.20,92.80,93.00, 0.00,"11,636",
115/01/23,"13,752,664","1,280,302,952",93.70,93.70,92.60,93.50,+0.50,"8,690",
115/01/26,"14,196,688","1,326,651,888",93.50,93.90,93.10,93.20,-0.30,"8,921",
115/01/27,"22,317,365","2,076,643,099",93.50,94.30,92.40,92.40,-0.80,"12,746",
115/01/28,"17,945,361","1,653,313,222",92.90,93.10,91.80,92.50,+0.10,"16,805",
115/01/29,"15,538,698","1,437,815,454",92.10,93.30,91.80,92.30,-0.20,"8,952",
115/01/30,"25,423,566","2,318,207,745",92.20,92.50,90.90,90.90,-1.40,"17,674",
115/02/02,"22,413,812","2,025,638,351",91.50,91.60,89.80,90.50,-0.40,"15,112",
115/02/03,"13,798,868","1,269,093,689",91.60,92.60,91.30,91.80,+1.30,"8,512",
115/02/04,"17,826,890","1,650,625,852",91.70,93.50,91.70,92.70,+0.90,"8,938",
115/02/05,"14,597,965","1,362,643,689",92.80,93.70,92.10,93.50,+0.80,"9,414",
115/02/06,"13,345,737","1,231,334,203",92.70,92.90,91.40,92.40,-1.10,"18,209",
115/02/09,"14,048,109","1,317,080,578",93.00,94.20,92.90,93.80,+1.40,"9,322",
115/02/10,"15,681,415","1,482,307,916",94.20,95.00,93.50,94.50,+0.70,"11,831",
115/02/11,"17,238,526","1,642,775,822",95.00,95.70,94.70,95.20,+0.70,"11,119",
115/02/23,"37,628,732","3,604,175,887",96.50,96.50,95.20,95.70,+0.50,"21,307",
115/02/24,"22,590,358","2,135,002,690",95.80,96.20,94.10,94.10,-1.60,"77,645",
115/02/25,"28,789,700","2,683,788,293",94.00,94.00,92.80,92.90,-1.20,"16,347",
115/02/26,"34,978,747","3,297,563,471",92.90,95.10,92.90,94.20,+1.30,"11,841",
115/03/02,"22,795,452","2,128,492,778",94.20,94.20,92.80,93.00,-1.20,"19,867",
115/03/03,"12,947,138","1,204,236,847",92.70,93.50,92.60,93.10,+0.10,"8,118",
115/03/04,"37,495,788","3,388,621,863",92.20,92.30,89.80,89.80,-3.30,"26,560",
115/03/05,"19,487,570","1,762,109,156",90.80,91.30,89.80,90.50,+0.70,"11,678",
115/03/06,"36,379,825","3,241,578,957",89.80,90.00,88.60,88.80,-1.70,"33,254",
115/03/09,"41,839,694","3,579,225,354",84.00,87.20,83.50,87.20,-1.60,"29,017",
115/03/10,"17,912,418","1,577,574,496",88.70,88.70,87.30,88.30,+1.10,"12,805",
115/03/11,"14,723,202","1,314,538,305",88.00,90.10,87.80,89.20,+0.90,"8,675",
115/03/12,"23,074,827","2,048,609,580",88.00,89.40,88.00,89.40,+0.20,"12,537",
115/03/13,"21,699,376","1,915,807,663",88.50,88.70,88.00,88.10,-1.30,"14,130",
115/03/16,"13,732,091","1,215,864,733",89.10,89.60,88.40,88.80,+0.70,"8,257",
115/03/17,"24,990,613","2,251,253,557",89.50,90.90,89.40,89.80,+1.00,"11,623",
115/03/18,"15,143,244","1,356,719,858",90.90,90.90,89.10,89.50,-0.30,"16,201",
115/03/19,"26,004,197","2,287,775,369",89.00,89.20,87.50,88.20,-1.30,"20,522",
115/03/20,"35,481,530","3,133,543,788",87.50,89.40,87.20,88.60,+0.40,"18,366",
115/03/23,"25,217,545","2,182,973,751",85.80,87.50,85.30,86.80,-1.80,"19,912",
115/03/24,"12,263,167","1,067,994,040",87.30,87.90,86.60,87.10,+0.30,"7,846",
115/03/25,"13,566,318","1,201,645,352",89.20,89.20,87.90,88.80,+1.70,"8,440",
115/03/26,"13,848,827","1,224,474,894",89.20,89.20,88.00,88.60,-0.20,"8,902",
115/03/27,"13,618,949","1,192,309,041",87.80,88.30,87.10,87.70,-0.90,"12,176",
115/03/30,"21,382,145","1,850,868,834",86.20,87.40,86.20,86.40,-1.30,"13,883",
115/03/31,"20,499,708","1,767,326,485",85.80,87.20,85.80,86.00,-0.40,"8,300",
115/04/01,"13,477,253","1,180,851,586",87.60,88.00,87.00,87.80,+1.80,"7,112",
115/04/02,"10,713,620","945,215,174",88.10,88.40,87.20,87.80, 0.00,"5,936",
115/04/07,"14,257,485","1,242,556,011",87.90,88.30,86.50,87.70,-0.10,"10,165",
115/04/08,"17,573,091","1,556,120,241",89.20,89.20,87.90,89.20,+1.50,"9,857",
115/04/09,"21,410,667","1,887,240,360",89.20,89.20,87.60,88.50,-0.70,"14,410",
115/04/10,"20,801,353","1,822,716,640",87.50,88.20,87.30,87.60,-0.90,"15,367",
115/04/13,"17,475,064","1,520,422,257",87.50,87.60,86.70,86.70,-0.90,"13,117",
115/04/14,"18,208,748","1,596,736,393",86.70,88.40,86.70,87.60,+0.90,"10,018",
115/04/15,"21,344,754","1,871,254,479",88.00,88.40,87.10,87.50,-0.10,"15,389",
115/04/16,"21,047,422","1,846,697,120",87.30,88.40,87.20,87.90,+0.40,"14,670",
115/04/17,"24,660,205","2,150,856,897",88.00,88.00,86.80,88.00,+0.10,"19,367",
115/04/20,"22,352,882","1,956,965,187",87.90,88.00,87.20,87.20,-0.80,"12,569",
115/04/21,"18,530,577","1,624,152,795",88.10,88.10,87.20,87.70,+0.50,"9,765",
115/04/22,"23,952,733","2,118,375,693",87.80,88.80,87.70,88.30,+0.60,"10,895",
115/04/23,"26,420,607","2,339,738,067",88.20,89.20,88.10,88.30, 0.00,"12,395",
115/04/24,"16,799,554","1,479,239,698",88.20,88.70,87.80,87.80,-0.50,"15,124",
115/04/27,"24,301,357","2,138,587,029",87.50,88.50,87.20,87.90,+0.10,"12,303",
115/04/28,"21,109,166","1,874,429,139",88.50,89.20,88.10,88.60,+0.70,"11,020",
115/04/29,"38,229,183","3,468,149,092",89.40,91.30,89.10,91.30,+2.70,"22,095",
115/04/30,"31,101,166","2,823,399,768",90.40,91.80,90.00,90.00,-1.30,"23,879",
115/05/04,"49,550,204","4,562,445,826",91.80,94.00,91.00,91.00,+1.00,"30,904",
115/05/05,"24,852,424","2,282,438,441",91.50,92.30,90.40,92.20,+1.20,"17,309",
115/05/06,"24,441,556","2,279,575,327",93.00,94.00,92.40,92.80,+0.60,"13,930",
115/05/07,"35,427,644","3,333,411,633",93.30,94.80,92.50,94.50,+1.70,"16,660",
115/05/08,"58,348,270","5,620,496,097",94.50,96.90,94.10,96.70,+2.20,"25,935",
115/05/11,"22,797,950","2,192,230,185",96.70,96.70,95.50,95.50,-1.20,"10,088",
115/05/12,"36,169,553","3,425,052,609",96.00,96.00,93.70,93.70,-1.80,"14,166",
115/05/13,"18,416,008","1,741,330,356",93.50,95.20,93.30,94.70,+1.00,"9,129",
115/05/14,"20,009,347","1,897,485,334",93.90,96.00,93.90,94.60,-0.10,"8,826",
115/05/15,"100,424,729","9,712,633,432",96.50,98.60,95.00,96.10,+1.50,"49,509",
115/05/18,"25,769,182","2,454,603,299",96.30,96.60,94.50,95.20,-0.90,"17,594",
115/05/19,"36,306,020","3,530,014,114",95.70,98.10,95.50,97.20,+2.00,"20,045",
115/05/20,"29,549,102","2,842,259,669",97.10,97.20,95.60,95.80,-1.40,"22,981",
115/05/21,"32,176,090","3,084,362,235",96.50,96.80,95.30,96.10,+0.30,"16,618",
115/05/22,"41,801,468","3,965,510,756",95.40,96.00,94.30,95.10,-1.00,"20,266",
