日期,成交股數,成交金額,開盤價,最高價,最低價,收盤價,漲跌價差,成交筆數,註記
109/01/02,"8,548,211","3,737,101,549",443.00,444.50,432.50,436.00,-1.00,"6,725",
109/01/03,"28,118,067","12,940,430,856",454.50,475.00,447.50,468.00,+32.00,"22,014",
109/01/06,"12,740,655","5,906,745,227",468.00,470.50,458.50,460.00,-8.00,"10,033",
109/01/07,"21,192,602","8,941,001,228",416.00,435.00,414.00,414.00,-46.00,"16,243",
109/01/08,"35,163,274","13,747,417,538",388.00,406.00,381.00,387.00,-27.00,"26,491",
109/01/09,"14,140,532","5,608,480,296",397.00,402.00,390.00,392.00,+5.00,"10,879",
109/01/10,"9,523,566","3,773,988,004",397.00,402.50,390.50,392.50,+0.50,"7,356",
109/01/13,"9,042,478","3,521,609,398",396.00,398.00,383.00,390.00,-2.50,"7,204",
109/01/14,"17,957,312","7,350,849,040",400.50,419.00,397.50,419.00,+29.00,"13,762",
109/01/15,"14,049,419","5,917,089,885",425.00,427.50,411.50,413.00,-6.00,"10,737",
109/01/16,"9,812,476","4,134,731,920",418.50,427.00,415.50,417.00,+4.00,"7,689",
109/01/17,"7,288,120","3,052,115,071",424.00,425.50,413.00,413.00,-4.00,"5,940",
109/01/20,"4,665,752","1,943,916,084",417.00,418.50,414.50,415.50,+2.50,"3,600",
109/01/30,"16,309,733","6,220,851,642",380.00,393.50,374.00,374.00,-41.50,"12,090",
109/01/31,"13,467,785","5,178,378,580",382.50,389.50,377.50,386.50,+12.50,"10,076",
109/02/03,"15,756,985","5,975,216,090",373.50,392.00,367.00,392.00,+5.50,"11,457",
109/02/04,"17,514,716","7,234,014,504",402.00,423.00,399.00,418.50,+26.50,"13,613",
109/02/05,"14,773,647","6,211,069,858",425.50,426.00,410.00,413.00,-5.50,"10,730",
109/02/06,"9,846,376","4,143,693,044",422.00,426.50,416.00,417.00,+4.00,"7,572",
109/02/07,"9,884,754","4,132,772,999",419.50,421.50,414.00,416.50,-0.50,"7,260",
109/02/10,"11,237,658","4,691,249,511",416.50,422.50,409.50,418.50,+2.00,"8,562",
109/02/11,"17,162,890","7,486,653,430",429.50,442.00,429.00,437.00,+18.50,"13,160",
109/02/12,"12,732,741","5,666,524,968",447.00,449.00,440.00,448.00,+11.00,"9,810",
109/02/13,"10,823,507","4,825,516,766",453.00,455.00,437.50,439.00,-9.00,"8,656",
109/02/14,"14,994,074","6,743,544,744",445.00,457.00,438.50,457.00,+18.00,"11,304",
109/02/17,"10,235,254","4,646,002,143",454.50,460.00,448.00,453.00,-4.00,"8,122",
109/02/18,"20,988,371","9,682,504,063",469.50,471.50,450.00,450.00,-3.00,"15,987",
109/02/19,"16,209,294","7,340,103,240",454.00,460.00,441.00,460.00,+10.00,"12,126",
109/02/20,"10,709,955","4,945,748,293",463.00,466.00,457.50,457.50,-2.50,"8,093",
109/02/21,"17,354,003","8,114,607,416",464.50,473.50,460.50,472.00,+14.50,"13,165",
109/02/24,"15,141,728","7,156,269,536",468.00,484.50,464.00,484.50,+12.50,"11,425",
109/02/25,"24,217,945","11,832,864,160",478.00,498.00,475.50,485.00,+0.50,"18,564",
109/02/26,"33,457,849","15,414,339,012",476.00,482.50,437.00,441.00,-44.00,"25,189",
109/02/27,"33,187,422","14,139,228,630",441.00,449.00,410.00,410.00,-31.00,"24,782",
109/03/02,"27,123,904","11,209,120,892",406.00,426.00,398.00,418.50,+8.50,"19,854",
109/03/03,"17,748,337","7,579,981,877",434.00,436.50,416.50,417.00,-1.50,"13,143",
109/03/04,"23,244,898","9,413,559,486",419.00,419.00,398.50,400.50,-16.50,"17,492",
109/03/05,"15,313,493","6,233,636,088",408.00,412.00,401.50,410.50,+10.00,"11,876",
109/03/06,"11,601,616","4,701,010,560",404.00,409.00,401.50,406.50,-4.00,"8,747",
109/03/09,"18,877,374","7,415,564,860",398.00,402.50,383.50,386.00,-20.50,"13,980",
109/03/10,"20,610,783","7,887,190,851",373.50,394.50,373.50,394.50,+8.50,"15,177",
109/03/11,"17,098,764","6,733,175,640",396.00,403.50,378.00,383.50,-11.00,"13,138",
109/03/12,"27,805,955","9,936,840,291",381.00,381.00,345.50,345.50,-38.00,"20,344",
109/03/13,"24,783,620","7,782,221,640",313.00,326.50,311.00,320.00,-25.50,"16,696",
109/03/16,"25,494,123","7,942,862,793",320.00,330.50,290.50,290.50,-29.50,"18,251",
109/03/17,"38,827,745","10,792,166,915",276.00,296.00,262.00,265.00,-25.50,"28,134",
109/03/18,"27,465,524","7,296,200,644",273.00,275.00,250.00,254.50,-10.50,"19,059",
109/03/19,"29,688,751","7,068,121,230",253.50,256.50,229.50,229.50,-25.00,"19,730",
109/03/20,"25,209,846","6,242,319,192",244.00,252.00,239.00,252.00,+22.50,"16,243",
109/03/23,"18,554,723","4,520,979,478",241.00,254.50,232.00,252.00, 0.00,"13,301",
109/03/24,"17,219,746","4,679,921,150",269.00,277.00,265.50,274.00,+22.00,"13,270",
109/03/25,"21,333,546","6,195,843,024",290.00,295.50,283.00,292.00,+18.00,"16,090",
109/03/26,"17,889,890","5,133,348,682",292.00,292.50,280.00,291.50,-0.50,"13,474",
109/03/27,"14,558,400","4,263,614,868",303.50,305.00,280.50,280.50,-11.00,"11,630",
109/03/30,"9,849,553","2,701,858,340",267.50,280.00,267.00,278.00,-2.50,"7,547",
109/03/31,"9,349,063","2,617,261,388",287.00,287.50,272.50,274.50,-3.50,"7,079",
109/04/01,"9,186,334","2,505,865,658",272.00,277.00,268.00,272.50,-2.00,"6,775",
109/04/06,"16,526,254","4,656,319,160",283.00,288.50,275.00,288.00,+15.50,"11,396",
109/04/07,"22,324,704","6,647,196,807",297.50,301.50,294.00,299.50,+11.50,"15,703",
109/04/08,"36,580,695","11,551,333,655",300.50,329.00,298.50,329.00,+29.50,"24,602",
109/04/09,"38,122,004","12,939,467,344",341.50,348.50,333.00,335.00,+6.00,"27,242",
109/04/10,"21,336,899","7,266,115,172",337.00,344.50,335.00,343.00,+8.00,"16,019",
109/04/13,"21,289,141","7,133,245,985",341.00,341.50,330.00,332.50,-10.50,"15,687",
109/04/14,"19,499,009","6,599,144,010",336.00,342.00,334.00,338.00,+5.50,"12,851",
109/04/15,"65,520,676","22,665,496,156",329.00,359.00,328.50,343.50,+5.50,"45,519",
109/04/16,"24,324,203","8,267,587,706",338.00,343.00,336.00,341.50,-2.00,"17,051",
109/04/17,"27,935,233","9,632,421,686",349.00,353.00,338.00,339.50,-2.00,"19,253",
109/04/20,"15,392,526","5,249,809,970",339.00,344.50,337.00,343.00,+3.50,"11,038",
109/04/21,"22,079,257","7,348,813,296",338.50,342.00,325.00,326.00,-17.00,"16,142",
109/04/22,"25,198,766","8,395,565,536",327.00,345.00,321.50,344.00,+18.00,"18,031",
109/04/23,"25,038,913","8,690,209,485",348.50,352.50,342.00,344.00, 0.00,"18,116",
109/04/24,"19,811,817","6,818,283,682",342.50,348.50,338.50,345.00,+1.00,"13,523",
109/04/27,"35,901,034","13,108,544,363",360.00,379.50,355.50,379.50,+34.50,"24,900",
109/04/28,"43,220,251","16,799,050,635",384.00,401.00,381.00,383.50,+4.00,"32,126",
109/04/29,"23,027,753","8,846,000,646",385.00,389.00,380.00,380.00,-3.50,"16,570",
109/04/30,"26,927,142","10,509,493,531",390.00,395.00,385.00,391.00,+11.00,"19,420",
109/05/04,"22,700,776","8,705,574,192",372.00,391.50,372.00,391.50,+0.50,"16,985",
109/05/05,"51,277,140","21,204,430,120",403.50,426.50,403.00,407.00,+15.50,"37,458",
109/05/06,"24,553,397","10,196,544,652",415.00,419.50,411.00,416.00,+9.00,"18,509",
109/05/07,"26,384,470","10,963,420,640",421.00,424.50,410.00,410.00,-6.00,"19,226",
109/05/08,"20,375,769","8,296,401,945",415.00,416.00,402.00,403.50,-6.50,"15,287",
109/05/11,"15,265,921","6,276,975,290",410.50,415.50,405.50,413.50,+10.00,"11,241",
109/05/12,"18,936,331","7,740,723,879",413.50,418.00,400.00,406.00,-7.50,"14,148",
109/05/13,"22,286,620","8,964,147,600",404.00,408.00,397.00,402.50,-3.50,"16,323",
109/05/14,"24,842,784","9,763,367,692",398.50,401.00,382.00,385.50,-17.00,"18,215",
109/05/15,"23,332,264","9,083,697,696",397.50,398.00,382.00,386.00,+0.50,"17,253",
109/05/18,"22,091,787","8,332,049,551",382.00,388.50,368.50,369.00,-17.00,"16,372",
109/05/19,"16,504,079","6,187,182,704",378.50,380.00,372.00,373.00,+4.00,"12,232",
109/05/20,"33,041,224","12,779,005,688",381.00,395.00,379.00,384.50,+11.50,"24,029",
109/05/21,"18,520,790","7,128,217,219",388.00,391.50,380.50,382.00,-2.50,"13,261",
109/05/22,"15,033,489","5,616,185,595",379.50,380.00,371.00,371.50,-10.50,"11,337",
109/05/25,"23,638,313","8,649,722,940",371.50,377.00,356.00,376.00,+4.50,"17,616",
109/05/26,"14,315,026","5,403,127,701",381.00,382.50,371.00,371.00,-5.00,"10,348",
109/05/27,"13,488,699","5,044,860,722",372.50,378.00,370.00,376.00,+5.00,"9,694",
109/05/28,"13,104,627","4,917,209,871",379.00,381.50,370.00,370.00,-6.00,"9,593",
109/05/29,"13,260,438","4,889,261,436",367.50,372.50,364.00,370.50,+0.50,"8,484",
109/06/01,"16,762,692","6,372,294,112",375.50,386.00,373.50,385.50,+15.00,"12,110",
109/06/02,"16,222,643","6,262,308,698",389.00,391.00,380.50,383.00,-2.50,"11,793",
109/06/03,"18,149,635","7,090,385,190",390.50,394.50,385.50,392.00,+9.00,"13,046",
109/06/04,"23,245,616","9,294,990,016",398.50,404.00,396.50,400.50,+8.50,"16,532",
109/06/05,"27,175,886","10,739,487,429",405.00,405.50,386.50,387.50,-13.00,"20,223",
109/06/08,"17,786,490","6,982,942,060",393.50,396.50,387.00,393.00,+5.50,"13,021",
109/06/09,"10,599,605","4,169,462,370",394.50,396.50,390.00,392.50,-0.50,"7,263",
109/06/10,"14,082,126","5,590,935,396",396.50,401.00,394.50,394.50,+2.00,"10,120",
109/06/11,"16,082,971","6,229,705,303",394.50,396.00,382.00,383.50,-11.00,"12,164",
109/06/12,"14,763,044","5,529,443,896",372.00,381.00,368.00,381.00,-2.50,"11,185",
109/06/15,"10,382,129","3,969,689,778",381.00,385.50,378.00,382.00,+1.00,"7,282",
109/06/16,"17,328,425","6,800,811,800",389.00,396.00,387.50,396.00,+14.00,"12,028",
109/06/17,"17,218,919","6,891,541,180",398.00,404.00,397.00,399.00,+3.00,"12,256",
109/06/18,"17,960,177","7,246,733,685",403.50,405.00,400.00,405.00,+6.00,"9,993",
109/06/19,"19,665,495","8,040,091,178",415.00,417.00,404.50,404.50,-0.50,"13,288",
109/06/22,"16,621,750","6,612,423,584",393.50,402.00,393.00,396.50,X0.00,"11,788",
109/06/23,"23,033,836","9,332,518,416",405.00,410.50,398.00,406.00,+9.50,"15,613",
109/06/24,"15,938,994","6,540,197,052",413.50,416.00,406.00,407.50,+1.50,"10,911",
109/06/29,"16,192,029","6,396,238,397",399.00,401.50,390.00,391.00,-16.50,"12,119",
109/06/30,"28,345,298","10,740,312,634",383.00,385.00,373.00,381.00,-10.00,"21,287",
109/07/01,"11,319,095","4,328,340,195",383.00,386.50,378.00,379.50,-1.50,"8,799",
109/07/02,"9,488,367","3,589,156,460",381.00,382.50,376.00,377.00,-2.50,"7,308",
109/07/03,"8,932,943","3,383,576,840",379.50,383.50,376.00,377.00, 0.00,"6,882",
109/07/06,"15,591,634","5,868,339,920",376.50,382.00,371.00,378.50,+1.50,"12,392",
109/07/07,"23,672,312","9,236,493,116",388.00,398.00,384.00,392.50,+14.00,"17,282",
109/07/08,"15,317,861","5,971,416,445",391.50,394.50,386.50,387.00,-5.50,"10,729",
109/07/09,"13,542,263","5,179,038,203",388.50,389.00,379.50,379.50,-7.50,"10,261",
109/07/10,"13,136,576","4,929,040,348",381.00,382.50,370.50,370.50,-9.00,"10,528",
109/07/13,"9,190,203","3,467,783,843",376.00,381.50,371.00,380.50,+10.00,"7,357",
109/07/14,"10,502,109","3,991,234,120",383.00,386.50,374.00,374.00,-6.50,"8,281",
109/07/15,"6,567,141","2,474,705,016",379.00,381.50,373.00,374.50,+0.50,"5,439",
109/07/16,"6,969,756","2,638,295,524",377.50,381.50,375.00,377.00,+2.50,"5,247",
109/07/17,"8,637,183","3,285,022,040",379.00,384.50,376.00,379.00,+2.00,"6,626",
109/07/20,"5,885,360","2,239,532,525",380.50,382.50,377.50,382.00,+3.00,"4,329",
109/07/21,"12,745,195","4,951,806,855",386.00,391.00,386.00,388.00,+6.00,"9,260",
109/07/22,"14,899,758","5,875,971,168",391.00,397.50,390.00,396.00,+8.00,"11,398",
109/07/23,"11,792,691","4,624,577,360",398.00,398.50,387.50,389.50,-6.50,"8,590",
109/07/24,"12,620,358","4,922,082,620",388.50,396.00,385.00,389.50, 0.00,"9,984",
109/07/27,"22,788,908","9,118,169,108",395.00,408.50,389.50,406.00,+16.50,"17,424",
109/07/28,"38,002,440","15,248,206,280",413.00,420.00,382.50,384.00,-22.00,"28,330",
109/07/29,"12,048,818","4,594,922,653",380.00,387.00,376.00,382.50,-1.50,"8,853",
109/07/30,"6,866,265","2,627,017,100",385.50,386.50,379.00,381.50,-1.00,"5,329",
109/07/31,"9,046,834","3,492,827,260",380.00,389.50,378.50,389.00,+7.50,"6,624",
109/08/03,"11,269,487","4,437,933,141",389.00,399.50,389.00,390.00,+1.00,"8,628",
109/08/04,"6,704,071","2,617,970,903",394.00,395.00,387.00,391.00,+1.00,"5,249",
109/08/05,"14,724,384","5,852,114,094",393.50,400.50,391.50,397.50,+6.50,"10,692",
109/08/06,"13,812,892","5,449,240,556",399.00,401.50,390.00,391.50,-6.00,"9,953",
109/08/07,"22,777,535","9,040,019,921",399.50,404.50,390.00,390.00,-1.50,"16,194",
109/08/10,"8,275,711","3,190,343,657",389.00,390.00,383.00,384.50,-5.50,"6,467",
109/08/11,"6,240,654","2,415,493,413",386.00,391.50,383.50,385.50,+1.00,"4,885",
109/08/12,"13,840,909","5,329,546,070",388.50,391.00,380.00,380.50,-5.00,"9,958",
109/08/13,"9,656,363","3,653,685,731",383.50,384.50,374.50,376.50,-4.00,"7,573",
109/08/14,"6,745,524","2,530,217,310",375.50,379.00,371.50,375.00,-1.50,"5,301",
109/08/17,"4,878,113","1,849,121,476",377.00,383.00,375.50,379.00,+4.00,"3,872",
109/08/18,"6,562,895","2,462,600,625",381.00,381.00,372.50,373.00,-6.00,"5,571",
109/08/19,"19,459,723","7,047,268,557",374.00,376.50,351.00,354.50,-18.50,"15,422",
109/08/20,"28,846,777","9,594,193,795",352.00,352.00,320.00,330.00,-24.50,"20,843",
109/08/21,"11,719,526","3,967,849,574",337.00,346.00,331.00,344.00,+14.00,"9,287",
109/08/24,"9,176,922","3,084,682,792",341.50,342.50,332.00,333.50,-10.50,"7,126",
109/08/25,"8,257,972","2,763,876,120",335.00,339.50,330.00,333.00,-0.50,"6,446",
109/08/26,"5,011,588","1,675,987,332",333.00,337.00,331.00,337.00,+4.00,"3,971",
109/08/27,"6,150,430","2,071,031,410",338.50,340.50,333.50,336.50,-0.50,"4,837",
109/08/28,"6,053,240","2,053,722,320",337.00,343.00,334.00,340.50,+4.00,"4,846",
109/08/31,"11,054,676","3,705,852,960",344.00,345.00,329.50,333.00,-7.50,"7,671",
109/09/01,"7,166,929","2,388,141,502",332.00,338.00,326.00,337.00,+4.00,"5,552",
109/09/02,"6,397,154","2,152,763,636",339.50,341.00,333.00,335.00,-2.00,"4,587",
109/09/03,"6,842,359","2,328,278,496",338.00,344.00,336.50,344.00,+9.00,"5,522",
109/09/04,"5,784,478","1,961,491,020",338.00,343.00,336.50,340.00,-4.00,"4,534",
109/09/07,"3,275,641","1,110,630,681",341.00,343.00,335.50,335.50,-4.50,"2,686",
109/09/08,"12,082,069","4,199,189,152",344.50,351.00,342.00,350.00,+14.50,"9,325",
109/09/09,"8,506,217","2,948,256,384",345.00,353.50,342.00,350.50,+0.50,"6,646",
109/09/10,"6,558,069","2,293,580,443",354.00,355.00,345.00,345.00,-5.50,"5,222",
109/09/11,"4,105,974","1,423,786,900",345.50,349.50,344.00,349.50,+4.50,"3,311",
109/09/14,"6,629,852","2,354,375,398",352.50,359.50,350.00,358.50,+9.00,"5,301",
109/09/15,"4,716,201","1,680,154,056",358.50,359.00,354.00,355.50,-3.00,"3,693",
109/09/16,"4,847,807","1,720,225,371",357.50,359.00,351.50,353.00,-2.50,"4,028",
109/09/17,"7,569,951","2,715,956,954",352.00,363.00,352.00,357.50,+4.50,"5,924",
109/09/18,"2,907,671","1,040,028,870",359.50,359.50,356.00,357.00,-0.50,"2,251",
109/09/21,"4,720,529","1,658,600,592",356.00,358.00,348.00,348.00,-9.00,"3,874",
109/09/22,"5,518,815","1,899,087,860",345.00,347.00,341.00,344.00,-4.00,"4,219",
109/09/23,"3,548,543","1,218,416,919",346.00,348.00,341.00,341.50,-2.50,"2,938",
109/09/24,"6,630,685","2,214,150,543",337.50,339.00,331.00,331.00,-10.50,"5,367",
109/09/25,"6,297,776","2,058,383,700",334.50,335.50,320.00,324.00,-7.00,"4,894",
109/09/28,"3,070,319","1,005,342,235",326.50,331.50,322.50,331.50,+7.50,"2,525",
109/09/29,"14,758,283","5,138,801,519",341.50,355.00,340.00,348.00,+16.50,"11,350",
109/09/30,"8,482,625","2,968,754,375",350.00,352.50,346.00,351.50,+3.50,"6,276",
109/10/05,"4,987,804","1,757,081,989",351.50,355.00,348.00,354.50,+3.00,"3,968",
109/10/06,"4,287,888","1,527,975,740",355.50,358.50,355.00,355.50,+1.00,"3,255",
109/10/07,"3,100,335","1,102,770,260",354.00,358.00,353.00,356.00,+0.50,"2,443",
109/10/08,"10,350,746","3,746,374,384",363.00,363.50,359.50,363.00,+7.00,"7,005",
109/10/12,"9,114,452","3,259,464,460",365.00,366.50,353.00,353.00,-10.00,"6,699",
109/10/13,"6,117,440","2,175,649,640",353.00,359.50,349.00,356.50,+3.50,"4,716",
109/10/14,"3,214,092","1,142,737,660",357.00,358.50,353.50,354.00,-2.50,"2,287",
109/10/15,"4,473,080","1,585,317,847",353.00,357.00,352.50,354.00, 0.00,"2,454",
109/10/16,"8,860,365","3,185,750,967",354.00,363.00,353.00,359.50,+5.50,"6,671",
109/10/19,"4,891,428","1,768,617,580",361.50,364.00,359.50,360.00,+0.50,"3,780",
109/10/20,"3,161,491","1,135,464,495",358.00,361.50,357.00,360.00, 0.00,"2,419",
109/10/21,"3,109,387","1,116,212,447",361.50,362.00,356.50,356.50,-3.50,"2,521",
109/10/22,"3,977,271","1,411,367,205",355.50,359.00,352.00,354.50,-2.00,"2,536",
109/10/23,"2,020,744","715,563,120",356.00,357.00,352.50,354.00,-0.50,"1,715",
109/10/26,"6,498,382","2,343,107,878",357.50,363.00,356.00,363.00,+9.00,"5,222",
109/10/27,"6,597,564","2,360,951,773",361.00,361.00,355.00,359.00,-4.00,"4,940",
109/10/28,"3,817,067","1,370,153,991",358.00,362.00,356.00,357.00,-2.00,"3,253",
109/10/29,"4,959,909","1,735,822,414",351.50,353.00,347.00,351.00,-6.00,"4,223",
109/10/30,"6,534,592","2,320,936,863",349.50,361.00,347.00,355.50,+4.50,"5,294",
109/12/01,"14,006,911","6,292,888,502",446.00,454.00,442.00,454.00,+12.00,"11,341",
109/12/02,"11,541,765","5,193,734,449",455.00,456.50,445.00,450.00,-4.00,"9,827",
109/12/03,"17,833,810","8,209,042,746",454.00,470.00,450.00,460.50,+10.50,"14,679",
109/12/04,"9,204,195","4,224,309,265",462.50,464.00,455.00,459.00,-1.50,"8,134",
109/12/07,"11,257,141","5,197,486,910",469.50,471.00,455.00,458.50,-0.50,"9,405",
109/12/08,"10,327,406","4,813,429,682",462.00,470.00,461.00,466.50,+8.00,"8,629",
109/12/09,"30,904,971","15,194,854,200",470.50,502.00,470.00,499.00,+32.50,"24,127",
109/12/10,"29,122,134","14,807,379,521",518.00,520.00,495.00,509.00,+10.00,"22,652",
109/12/11,"25,112,843","12,902,682,717",515.00,526.00,495.00,518.00,+9.00,"20,695",
109/12/14,"13,198,933","6,828,521,580",520.00,522.00,509.00,520.00,+2.00,"10,569",
109/12/15,"24,403,184","12,216,067,377",519.00,523.00,486.50,488.50,-31.50,"22,216",
109/12/16,"11,502,486","5,718,580,437",497.00,502.00,492.00,495.50,+7.00,"9,729",
109/12/17,"18,099,926","8,820,109,945",497.00,498.00,475.00,495.00,-0.50,"15,785",
109/12/18,"8,924,360","4,365,020,784",494.50,498.00,485.00,485.50,-9.50,"8,205",
109/12/21,"9,714,417","4,670,908,197",482.00,488.00,474.00,482.00,-3.50,"8,846",
109/12/22,"9,068,433","4,391,969,542",479.50,491.50,476.00,477.50,-4.50,"8,192",
109/12/23,"10,488,186","5,119,034,625",480.00,495.50,478.00,492.00,+14.50,"8,923",
109/12/24,"23,480,435","11,962,465,176",509.00,519.00,502.00,504.00,+12.00,"18,665",
109/12/25,"8,955,496","4,510,339,453",508.00,512.00,498.50,500.00,-4.00,"8,039",
109/12/28,"6,030,014","3,022,673,969",504.00,507.00,498.50,502.00,+2.00,"5,546",
109/12/29,"9,311,044","4,726,871,288",505.00,514.00,504.00,506.00,+4.00,"8,157",
109/12/30,"12,657,574","6,529,460,295",510.00,522.00,507.00,521.00,+15.00,"10,926",
109/12/31,"9,508,661","4,922,489,424",523.00,525.00,513.00,518.00,-3.00,"8,093",
110/01/04,"6,512,407","3,385,336,547",521.00,523.00,515.00,520.00,+2.00,"5,986",
110/01/05,"13,060,135","6,903,477,423",519.00,537.00,518.00,528.00,+8.00,"11,322",
110/01/06,"17,332,899","9,005,359,481",532.00,535.00,506.00,513.00,-15.00,"15,670",
110/01/07,"10,431,363","5,467,049,239",523.00,530.00,513.00,529.00,+16.00,"8,988",
110/01/08,"34,916,449","19,445,974,290",541.00,580.00,537.00,572.00,+43.00,"28,950",
110/01/11,"20,126,275","11,856,463,856",582.00,598.00,580.00,592.00,+20.00,"17,690",
110/01/12,"16,863,019","9,765,963,705",592.00,592.00,572.00,575.00,-17.00,"16,149",
110/01/13,"22,581,287","13,473,038,526",583.00,612.00,582.00,604.00,+29.00,"19,049",
110/01/14,"17,690,093","10,613,336,121",606.00,610.00,590.00,608.00,+4.00,"16,054",
110/01/15,"19,506,927","11,893,748,398",620.00,625.00,596.00,602.00,-6.00,"17,237",
110/01/18,"12,006,514","7,167,110,168",600.00,605.00,583.00,602.00, 0.00,"11,707",
110/01/19,"9,297,992","5,663,742,091",608.00,618.00,604.00,608.00,+6.00,"8,497",
110/01/20,"11,275,255","6,752,893,500",609.00,612.00,591.00,594.00,-14.00,"11,961",
110/01/21,"10,302,668","6,214,740,038",601.00,608.00,596.00,608.00,+14.00,"9,357",
110/01/22,"10,189,207","6,218,685,787",607.00,618.00,601.00,608.00, 0.00,"9,368",
110/01/25,"21,669,193","13,614,745,347",613.00,644.00,608.00,626.00,+18.00,"19,040",
110/01/26,"16,161,623","9,905,321,367",630.00,636.00,595.00,597.00,-29.00,"16,736",
110/01/27,"11,280,196","6,706,436,327",601.00,605.00,581.00,597.00, 0.00,"11,453",
110/01/28,"12,071,481","7,004,806,081",577.00,589.00,575.00,577.00,-20.00,"12,495",
110/01/29,"11,047,861","6,445,176,732",586.00,594.00,573.00,574.00,-3.00,"9,860",
110/02/01,"14,847,434","8,395,728,531",579.00,580.00,548.00,573.00,-1.00,"13,319",
110/02/02,"10,237,950","6,049,204,064",582.00,598.00,581.00,596.00,+23.00,"9,294",
110/02/03,"9,062,692","5,375,584,604",601.00,605.00,587.00,593.00,-3.00,"8,569",
110/02/04,"5,943,569","3,477,895,492",587.00,592.00,581.00,583.00,-10.00,"6,053",
110/02/05,"6,350,890","3,753,468,948",592.00,597.00,587.00,588.00,+5.00,"6,405",
110/02/17,"19,012,105","11,725,702,309",608.00,632.00,598.00,623.00,+35.00,"18,063",
110/02/18,"9,415,841","5,800,639,508",623.00,626.00,608.00,612.00,-11.00,"9,729",
110/02/19,"7,358,310","4,461,237,087",610.00,612.00,600.00,609.00,-3.00,"7,621",
110/02/22,"10,362,810","6,446,118,201",615.00,629.00,613.00,620.00,+11.00,"10,018",
110/02/23,"15,165,427","9,553,902,507",620.00,638.00,616.00,637.00,+17.00,"14,256",
110/02/24,"12,501,226","7,783,963,498",634.00,638.00,611.00,612.00,-25.00,"13,422",
110/02/25,"6,138,330","3,801,455,995",628.00,628.00,612.00,614.00,+2.00,"6,039",
110/02/26,"11,061,764","6,608,557,885",598.00,605.00,593.00,593.00,-21.00,"12,596",
110/03/02,"7,239,083","4,303,662,744",606.00,610.00,580.00,583.00,-10.00,"8,500",
110/03/03,"7,038,139","4,126,925,913",589.00,594.00,574.00,592.00,+9.00,"6,601",
110/03/04,"7,930,110","4,605,681,809",590.00,593.00,573.00,575.00,-17.00,"9,359",
110/03/05,"8,191,380","4,643,908,104",562.00,573.00,560.00,564.00,-11.00,"9,740",
110/03/08,"10,012,532","5,574,986,277",571.00,573.00,547.00,547.00,-17.00,"11,958",
110/03/09,"12,558,205","6,758,858,124",542.00,554.00,530.00,535.00,-12.00,"12,851",
110/03/10,"7,487,328","4,018,741,718",542.00,543.00,533.00,534.00,-1.00,"7,446",
110/03/11,"17,011,942","9,494,701,626",548.00,568.00,545.00,565.00,+31.00,"14,731",
110/03/12,"10,642,291","6,120,778,559",579.00,583.00,568.00,572.00,+7.00,"9,992",
110/03/15,"6,016,971","3,465,698,227",570.00,584.00,565.00,580.00,+8.00,"5,874",
110/03/16,"6,829,364","3,986,692,661",583.00,593.00,577.00,579.00,-1.00,"6,718",
110/03/17,"5,877,218","3,355,683,211",580.00,581.00,564.00,568.00,-11.00,"7,138",
110/03/18,"7,459,610","4,207,661,919",574.00,575.00,556.00,559.00,-9.00,"8,426",
110/03/19,"7,672,500","4,210,261,998",549.00,552.00,545.00,552.00,-7.00,"8,153",
110/03/22,"5,321,262","2,961,618,831",553.00,565.00,547.00,563.00,+11.00,"5,527",
110/03/23,"4,651,664","2,592,168,478",566.00,569.00,553.00,554.00,-9.00,"5,109",
110/03/24,"4,637,973","2,557,028,937",549.00,557.00,547.00,552.00,-2.00,"4,662",
110/03/25,"6,685,105","3,646,754,426",550.00,554.00,542.00,542.00,-10.00,"7,141",
110/03/26,"5,760,068","3,204,956,936",546.00,563.00,546.00,559.00,+17.00,"5,844",
110/03/29,"4,144,410","2,315,899,381",565.00,566.00,553.00,554.00,-5.00,"4,916",
110/03/30,"5,484,815","3,090,507,117",559.00,568.00,556.00,563.00,+9.00,"5,247",
110/03/31,"4,820,790","2,679,071,591",565.00,565.00,552.00,553.00,-10.00,"5,350",
110/04/01,"4,506,113","2,484,688,399",556.00,559.00,546.00,553.00, 0.00,"5,096",
110/04/06,"4,402,389","2,466,276,398",562.00,563.00,556.00,562.00,+9.00,"4,877",
110/04/07,"5,844,811","3,316,939,165",568.00,572.00,561.00,570.00,+8.00,"6,259",
110/04/08,"14,033,638","8,189,837,606",580.00,588.00,578.00,587.00,+17.00,"13,667",
110/04/09,"7,278,804","4,232,492,599",593.00,594.00,575.00,578.00,-9.00,"7,838",
110/04/12,"6,038,949","3,437,640,085",580.00,582.00,563.00,563.00,-15.00,"7,450",
110/04/13,"4,221,873","2,367,663,481",564.00,569.00,553.00,556.00,-7.00,"5,711",
110/04/14,"6,739,073","3,686,714,782",556.00,559.00,538.00,546.00,-10.00,"8,658",
110/04/15,"5,148,554","2,815,164,509",546.00,554.00,542.00,553.00,+7.00,"4,497",
110/04/16,"6,153,580","3,373,567,673",552.00,553.00,542.00,551.00,-2.00,"6,845",
110/04/19,"4,416,585","2,453,546,185",554.00,562.00,552.00,553.00,+2.00,"4,620",
110/04/20,"12,440,433","7,100,142,718",556.00,582.00,555.00,571.00,+18.00,"11,491",
110/04/21,"7,184,080","4,033,181,892",571.00,571.00,557.00,557.00,-14.00,"7,681",
110/04/22,"5,200,325","2,875,809,885",563.00,564.00,546.00,546.00,-11.00,"6,228",
110/04/23,"8,882,784","4,965,483,017",559.00,568.00,553.00,554.00,+8.00,"8,300",
110/04/26,"4,316,798","2,410,968,318",560.00,564.00,552.00,560.00,+6.00,"4,545",
110/04/27,"3,703,961","2,063,879,074",561.00,563.00,553.00,555.00,-5.00,"4,230",
110/04/28,"5,724,506","3,144,828,152",555.00,556.00,547.00,547.00,-8.00,"6,802",
110/04/29,"5,021,938","2,741,946,557",549.00,553.00,543.00,543.00,-4.00,"5,858",
110/05/03,"7,143,849","3,780,027,795",542.00,543.00,522.00,522.00,-21.00,"10,328",
110/05/04,"10,824,148","5,486,720,892",523.00,528.00,490.00,503.00,-19.00,"12,027",
110/05/05,"6,032,338","3,018,561,777",506.00,513.00,490.00,490.50,-12.50,"8,232",
110/05/06,"6,002,608","3,000,219,036",500.00,508.00,493.50,501.00,+10.50,"6,245",
110/05/07,"9,404,794","4,934,852,900",507.00,535.00,505.00,535.00,+34.00,"9,538",
110/05/10,"7,568,342","3,948,153,558",539.00,540.00,511.00,511.00,-24.00,"8,216",
110/05/11,"17,146,265","8,183,326,063",492.00,496.00,460.50,469.00,-42.00,"19,944",
110/05/12,"22,304,585","9,770,703,711",469.00,469.00,422.50,423.00,-46.00,"21,739",
110/05/13,"17,606,975","7,270,451,338",404.00,428.00,393.50,409.50,-13.50,"15,842",
110/05/14,"18,905,375","8,385,858,899",438.00,450.00,432.00,440.00,+30.50,"15,276",
110/05/17,"14,800,765","6,236,254,504",420.50,440.00,402.00,415.50,-24.50,"14,079",
110/05/18,"13,719,420","6,046,600,102",435.00,449.00,428.50,449.00,+33.50,"11,770",
110/05/19,"8,983,803","3,977,691,616",443.50,452.00,436.50,442.50,-6.50,"8,786",
110/05/20,"7,291,950","3,247,961,812",446.00,451.50,440.50,443.50,+1.00,"6,320",
110/05/21,"11,523,776","5,389,098,547",487.00,487.00,457.00,458.50,+15.00,"10,226",
110/05/24,"5,569,273","2,544,052,687",449.00,466.50,445.00,463.50,+5.00,"5,724",
110/05/25,"9,080,430","4,327,785,311",472.00,483.00,468.00,479.00,+15.50,"8,927",
110/05/26,"5,917,477","2,837,300,777",482.00,486.50,474.00,481.00,+2.00,"5,931",
110/05/27,"5,347,812","2,560,729,628",477.00,483.50,474.50,478.50,-2.50,"4,429",
110/05/28,"7,489,725","3,674,209,402",487.00,494.00,483.50,490.00,+11.50,"7,321",
110/05/31,"8,491,130","4,277,672,253",501.00,511.00,498.50,505.00,+15.00,"7,993",
110/06/01,"5,334,060","2,683,271,268",510.00,510.00,499.00,500.00,-5.00,"5,733",
110/06/02,"6,948,718","3,408,703,071",500.00,501.00,483.50,486.00,-14.00,"8,524",
110/06/03,"3,588,727","1,765,874,237",489.50,496.50,486.00,494.50,+8.50,"3,735",
110/06/04,"4,942,519","2,407,920,387",484.50,492.00,482.50,491.00,-3.50,"4,559",
110/06/07,"6,725,219","3,221,199,166",488.00,489.50,471.50,477.50,-13.50,"7,428",
110/06/08,"7,190,664","3,536,284,992",485.50,497.50,485.50,497.50,+20.00,"7,000",
110/06/09,"4,354,265","2,156,721,055",496.50,502.00,491.00,496.00,-1.50,"4,699",
110/06/10,"3,562,362","1,778,322,822",500.00,504.00,496.00,500.00,+4.00,"3,835",
110/06/11,"2,690,918","1,339,387,489",501.00,503.00,494.00,494.00,-6.00,"3,106",
110/06/15,"14,987,017","7,726,032,521",494.00,525.00,494.00,523.00,+29.00,"13,469",
110/06/16,"12,340,929","6,505,960,047",523.00,536.00,516.00,531.00,+8.00,"11,350",
110/06/17,"16,994,162","9,230,643,945",529.00,552.00,525.00,545.00,+14.00,"15,935",
110/06/18,"8,261,276","4,507,559,424",550.00,555.00,540.00,540.00,-5.00,"8,045",
110/06/21,"7,141,238","3,770,332,359",531.00,536.00,522.00,527.00,-13.00,"7,423",
110/06/22,"5,693,801","3,003,977,871",536.00,538.00,522.00,525.00,-2.00,"5,090",
110/06/23,"4,247,724","2,262,993,411",531.00,537.00,528.00,534.00,+9.00,"3,999",
110/06/24,"3,023,997","1,614,494,212",540.00,542.00,530.00,530.00,-4.00,"3,228",
110/06/25,"5,457,611","2,940,557,396",535.00,546.00,532.00,535.00,+5.00,"5,137",
110/06/28,"4,005,549","2,165,794,151",539.00,545.00,534.00,545.00,+10.00,"4,236",
110/06/29,"13,037,119","7,293,721,246",561.00,569.00,551.00,555.00,+10.00,"12,026",
110/06/30,0,0,--,--,--,--, 0.00,0,
110/07/01,"11,013,703","6,229,682,016",573.00,578.00,556.00,557.00,X0.00,"11,146",
110/07/02,"4,274,819","2,367,941,193",560.00,561.00,545.00,556.00,-1.00,"4,900",
110/07/05,"7,649,064","4,363,602,007",567.00,575.00,564.00,571.00,+15.00,"7,904",
110/07/06,"13,287,003","7,821,063,948",579.00,599.00,578.00,597.00,+26.00,"14,566",
110/07/07,"13,783,192","8,347,286,316",597.00,615.00,594.00,603.00,+6.00,"14,684",
110/07/08,"7,808,490","4,666,094,807",605.00,610.00,588.00,590.00,-13.00,"8,813",
110/07/09,"4,900,184","2,875,463,914",583.00,595.00,581.00,584.00,-6.00,"5,942",
110/07/12,"3,816,112","2,249,709,841",594.00,596.00,585.00,586.00,+2.00,"4,051",
110/07/13,"4,193,971","2,471,442,578",595.00,598.00,580.00,581.00,-5.00,"4,805",
110/07/14,"3,227,097","1,879,124,931",587.00,588.00,576.00,583.00,+2.00,"3,850",
110/07/15,"3,829,502","2,248,241,365",587.00,595.00,582.00,586.00,+3.00,"3,845",
110/07/16,"3,187,440","1,843,681,038",579.00,582.00,575.00,578.00,-8.00,"4,211",
110/07/19,"5,098,299","2,938,259,049",575.00,587.00,566.00,583.00,+5.00,"5,722",
110/07/20,"4,357,647","2,487,141,638",578.00,580.00,565.00,568.00,-15.00,"5,490",
110/07/21,"8,080,588","4,706,037,985",578.00,592.00,572.00,588.00,+20.00,"8,300",
110/07/22,"7,087,325","4,232,823,802",598.00,604.00,591.00,591.00,+3.00,"7,775",
110/07/23,"4,107,660","2,440,977,899",594.00,603.00,586.00,589.00,-2.00,"4,396",
110/07/26,"7,524,346","4,458,291,251",595.00,600.00,580.00,600.00,+11.00,"6,780",
110/07/27,"9,640,102","5,698,810,349",601.00,605.00,581.00,581.00,-19.00,"9,561",
110/07/28,"7,246,457","4,124,712,070",580.00,590.00,555.00,565.00,-16.00,"8,315",
110/07/29,"2,755,264","1,568,934,048",574.00,575.00,563.00,571.00,+6.00,"3,153",
110/07/30,"4,375,186","2,476,179,781",568.00,575.00,560.00,560.00,-11.00,"5,247",
110/08/02,"2,902,797","1,607,785,368",558.00,559.00,548.00,557.00,X0.00,"3,473",
110/08/03,"2,994,731","1,660,523,763",558.00,562.00,551.00,553.00,-4.00,"3,640",
110/08/04,"2,242,668","1,241,051,591",554.00,558.00,551.00,554.00,+1.00,"2,756",
110/08/05,"3,583,875","1,998,129,464",557.00,561.00,552.00,558.00,+4.00,"3,242",
110/08/06,"3,160,563","1,761,564,955",560.00,563.00,552.00,558.00, 0.00,"3,041",
110/08/09,"4,157,072","2,286,181,569",558.00,559.00,545.00,545.00,-13.00,"4,783",
110/08/10,"4,536,226","2,430,162,509",548.00,549.00,530.00,531.00,-14.00,"6,170",
110/08/11,"5,073,966","2,695,000,200",530.00,542.00,519.00,533.00,+2.00,"5,234",
110/08/12,"1,993,953","1,060,546,938",534.00,539.00,527.00,529.00,-4.00,"2,393",
110/08/13,"8,538,573","4,349,088,332",529.00,530.00,499.50,500.00,-29.00,"10,679",
110/08/16,"6,148,930","3,023,032,912",494.00,504.00,483.50,492.00,-8.00,"6,742",
110/08/17,"4,779,253","2,306,284,615",491.50,495.00,473.50,474.00,-18.00,"6,172",
110/08/18,"6,224,348","3,023,281,479",470.00,498.00,469.00,498.00,+24.00,"6,265",
110/08/19,"18,452,458","8,519,336,534",478.00,481.00,450.00,450.00,-48.00,"20,849",
110/08/20,"11,632,815","5,202,456,968",450.00,457.00,435.50,446.00,-4.00,"11,436",
110/08/23,"7,462,583","3,360,809,806",451.50,456.50,444.00,454.00,+8.00,"7,820",
110/08/24,"5,741,890","2,640,484,595",456.50,467.50,455.00,455.50,+1.50,"5,949",
110/08/25,"4,553,657","2,121,777,644",454.50,472.00,454.50,472.00,+16.50,"4,844",
110/08/26,"6,891,785","3,216,580,308",477.00,477.50,458.00,464.50,-7.50,"6,262",
110/08/27,"6,254,615","2,977,155,497",465.00,482.50,462.00,477.00,+12.50,"6,152",
110/08/30,"4,688,663","2,251,436,881",480.00,484.50,475.00,484.50,+7.50,"4,135",
110/08/31,"5,734,585","2,726,146,623",480.00,481.50,468.50,479.50,-5.00,"5,528",
110/09/01,"4,747,738","2,302,439,115",477.00,492.00,476.50,489.00,+9.50,"4,703",
110/09/02,"4,241,331","2,053,001,833",490.00,491.50,479.50,479.50,-9.50,"4,476",
110/09/03,"3,222,339","1,554,874,404",484.00,489.00,479.00,480.50,+1.00,"3,435",
110/09/06,"3,353,354","1,611,301,268",483.00,485.50,472.00,480.50, 0.00,"3,442",
110/09/07,"2,762,471","1,322,522,243",481.00,484.00,474.00,477.00,-3.50,"3,013",
110/09/08,"5,511,084","2,571,599,228",480.50,480.50,457.00,460.50,-16.50,"6,199",
110/09/09,"3,494,606","1,644,501,042",459.00,475.00,458.00,475.00,+14.50,"3,479",
110/09/10,"2,631,812","1,260,130,292",472.50,483.00,472.50,481.50,+6.50,"2,827",
110/09/13,"2,906,689","1,409,343,720",483.00,490.00,480.00,484.00,+2.50,"3,201",
110/09/14,"3,538,862","1,723,155,736",487.00,493.50,480.00,481.00,-3.00,"3,903",
110/09/15,"4,153,837","1,949,309,449",479.00,480.50,463.50,466.00,-15.00,"5,310",
110/09/16,"3,476,268","1,605,700,268",467.00,469.00,458.00,461.50,-4.50,"3,892",
110/09/17,"2,911,439","1,364,514,191",461.00,473.00,460.00,470.50,+9.00,"2,538",
110/09/22,"2,886,669","1,322,164,688",457.00,463.00,452.00,463.00,-7.50,"3,438",
110/09/23,"2,248,029","1,052,778,004",466.50,471.50,466.00,469.00,+6.00,"2,097",
110/09/24,"2,052,219","968,746,535",472.00,476.50,467.50,469.00, 0.00,"2,213",
110/09/27,"1,687,045","786,141,244",473.00,473.00,462.50,466.00,-3.00,"1,994",
110/09/28,"3,695,345","1,680,320,407",463.00,463.50,451.50,453.00,-13.00,"4,851",
110/09/29,"4,841,697","2,130,180,006",441.00,446.50,435.00,439.00,-14.00,"6,337",
110/09/30,"3,330,011","1,470,154,188",439.00,447.00,436.00,442.50,+3.50,"3,256",
110/10/01,"6,198,626","2,638,033,810",436.00,436.50,417.50,418.00,-24.50,"7,999",
110/10/04,"5,261,035","2,169,974,203",419.00,425.00,405.50,409.50,-8.50,"4,992",
110/10/05,"4,904,382","2,001,363,205",398.00,417.00,397.50,417.00,+7.50,"5,081",
110/10/06,"4,324,343","1,756,769,800",417.00,417.00,399.00,403.00,-14.00,"4,990",
110/10/07,"3,468,271","1,430,370,181",407.50,416.50,406.50,415.50,+12.50,"3,529",
110/10/08,"2,798,803","1,162,547,576",420.00,422.50,409.50,410.00,-5.50,"3,467",
110/10/12,"2,879,217","1,185,257,688",404.00,417.00,402.00,414.00,+4.00,"2,923",
110/10/13,"3,301,237","1,338,587,394",417.00,417.00,400.50,402.00,-12.00,"4,052",
110/10/14,"1,719,404","697,080,593",405.00,409.00,401.50,405.50,+3.50,"1,918",
110/10/15,"3,159,955","1,307,651,211",411.00,419.00,409.00,417.00,+11.50,"3,189",
110/10/18,"2,652,028","1,097,239,109",421.00,422.00,407.50,410.50,-6.50,"2,778",
110/10/19,"2,220,360","927,078,416",413.00,421.00,411.50,419.00,+8.50,"2,469",
110/10/20,"3,200,375","1,357,070,416",421.00,428.00,416.00,426.00,+7.00,"3,433",
110/10/21,"4,333,707","1,825,240,848",420.00,428.00,413.50,419.50,-6.50,"4,243",
110/10/22,"3,044,497","1,274,739,703",418.50,422.00,413.00,421.50,+2.00,"2,959",
110/10/25,"2,387,534","1,009,753,298",421.00,427.00,418.00,427.00,+5.50,"2,290",
110/10/26,"3,499,818","1,497,575,549",428.00,432.00,425.00,427.50,+0.50,"3,244",
110/10/27,"2,787,711","1,190,642,047",426.50,431.00,423.00,430.50,+3.00,"3,020",
110/10/28,"7,404,532","3,259,258,463",435.00,446.00,433.50,438.50,+8.00,"6,800",
110/10/29,"3,113,951","1,361,691,854",441.00,442.50,434.00,434.00,-4.50,"3,365",
110/11/01,"2,939,627","1,263,800,180",437.00,437.50,427.00,427.00,-7.00,"3,343",
110/11/02,"8,656,512","3,583,242,672",424.00,426.00,408.00,410.00,-17.00,"10,105",
110/11/03,"6,317,560","2,666,479,243",413.00,428.00,412.50,422.50,+12.50,"6,019",
110/11/04,"2,499,210","1,062,638,059",426.50,429.00,421.50,423.00,+0.50,"2,756",
110/11/05,"2,386,051","1,012,571,873",425.00,426.50,420.50,425.50,+2.50,"2,261",
110/11/08,"2,827,551","1,184,608,565",421.00,423.00,416.00,419.00,-6.50,"3,183",
110/11/09,"3,321,779","1,414,898,126",419.50,430.50,419.50,429.00,+10.00,"3,488",
110/11/10,"2,035,458","876,066,750",427.50,434.50,426.00,430.00,+1.00,"2,874",
110/11/11,"1,449,982","622,330,918",426.50,432.00,426.00,429.50,-0.50,"1,736",
110/11/12,"2,238,150","969,395,643",433.50,436.50,429.50,429.50, 0.00,"2,462",
110/11/15,"4,128,887","1,815,127,829",432.00,444.00,432.00,442.00,+12.50,"4,275",
110/11/16,"3,251,302","1,425,995,361",444.50,445.00,435.00,436.50,-5.50,"3,586",
110/11/17,"5,850,345","2,601,420,057",439.00,450.50,435.00,448.00,+11.50,"5,873",
110/11/18,"5,672,513","2,580,329,351",454.00,460.00,451.00,456.00,+8.00,"5,402",
110/11/19,"4,190,109","1,921,587,105",461.00,463.00,453.00,463.00,+7.00,"4,555",
110/11/22,"3,452,383","1,599,078,052",463.00,466.00,457.50,466.00,+3.00,"4,071",
110/11/23,"2,867,083","1,323,496,312",462.00,467.00,458.00,463.00,-3.00,"3,505",
110/11/24,"3,759,296","1,749,377,746",463.00,470.00,459.00,468.00,+5.00,"3,806",
110/11/25,"3,020,415","1,416,509,291",471.00,473.00,465.00,465.00,-3.00,"3,561",
110/11/26,"4,081,513","1,869,609,768",461.50,469.00,452.00,452.00,-13.00,"4,876",
110/11/29,"4,134,072","1,875,969,833",446.00,460.00,443.00,459.50,+7.50,"4,560",
110/11/30,"4,688,838","2,166,622,963",465.00,470.00,453.50,456.50,-3.00,"5,055",
110/12/01,"3,380,153","1,563,731,984",455.00,467.00,454.50,465.00,+8.50,"3,465",
110/12/02,"2,637,170","1,226,316,599",463.50,469.00,461.00,465.00, 0.00,"3,020",
110/12/03,"3,368,648","1,587,006,051",468.00,473.00,466.50,472.50,+7.50,"3,857",
110/12/06,"2,946,412","1,378,122,586",472.50,472.50,465.00,465.00,-7.50,"3,342",
110/12/07,"4,398,310","2,011,172,551",465.50,466.50,454.00,456.00,-9.00,"5,202",
110/12/08,"2,410,876","1,101,742,819",459.00,461.00,454.50,454.50,-1.50,"2,665",
110/12/09,"2,654,660","1,204,130,610",452.00,458.00,450.00,453.50,-1.00,"2,979",
110/12/10,"2,495,222","1,119,355,343",450.50,452.50,446.50,447.50,-6.00,"3,185",
110/12/13,"2,181,922","993,128,102",447.50,459.00,447.00,456.50,+9.00,"2,260",
110/12/14,"2,208,604","999,845,120",455.00,455.50,447.50,448.50,-8.00,"2,417",
110/12/15,"1,403,037","634,501,053",448.50,457.00,448.50,450.50,+2.00,"1,610",
110/12/16,"1,594,956","721,521,014",454.50,455.00,451.00,451.00,+0.50,"1,813",
110/12/17,"1,985,463","890,937,046",450.00,453.50,445.50,447.00,-4.00,"2,461",
110/12/20,"1,320,733","592,373,205",449.00,451.00,446.50,448.00,+1.00,"1,479",
110/12/21,"1,876,607","849,037,781",447.00,455.50,445.50,455.00,+7.00,"2,081",
110/12/22,"5,283,192","2,462,153,310",460.00,470.00,457.50,469.50,+14.50,"5,792",
110/12/23,"4,788,702","2,267,885,490",473.00,476.50,468.50,476.00,+6.50,"5,710",
110/12/24,"3,477,794","1,657,545,293",478.00,482.00,472.00,473.00,-3.00,"3,838",
110/12/27,"3,412,321","1,641,818,050",479.50,483.00,477.00,481.50,+8.50,"3,576",
110/12/28,"6,409,768","3,070,036,599",482.50,484.00,477.00,478.00,-3.50,"3,775",
110/12/29,"2,815,146","1,335,504,750",477.00,480.00,471.00,474.00,-4.00,"3,151",
110/12/30,"2,367,715","1,133,731,658",475.00,483.00,475.00,479.50,+5.50,"2,530",
111/01/03,"6,754,138","3,305,948,296",479.50,496.00,479.00,491.00,+11.50,"7,427",
111/01/04,"22,127,506","11,514,272,700",505.00,533.00,505.00,533.00,+42.00,"21,175",
111/01/05,"10,205,371","5,421,226,685",531.00,538.00,524.00,535.00,+2.00,"11,496",
111/01/06,"7,005,041","3,671,987,900",523.00,531.00,519.00,523.00,-12.00,"10,196",
111/01/07,"7,326,033","3,803,599,956",529.00,533.00,510.00,515.00,-8.00,"8,218",
111/01/10,"4,121,050","2,132,488,549",509.00,523.00,508.00,519.00,+4.00,"4,778",
111/01/11,"5,904,043","2,989,216,771",517.00,521.00,498.00,501.00,-18.00,"8,664",
111/01/12,"3,331,394","1,688,404,324",509.00,510.00,502.00,510.00,+9.00,"3,891",
111/01/13,"3,750,584","1,877,614,523",510.00,512.00,496.00,498.00,-12.00,"4,669",
111/01/14,"5,121,289","2,496,016,645",495.50,496.50,480.00,492.00,-6.00,"6,057",
111/01/17,"3,231,402","1,597,260,221",490.50,501.00,488.00,501.00,+9.00,"3,667",
111/01/18,"6,566,448","3,343,104,564",510.00,517.00,502.00,502.00,+1.00,"6,348",
111/01/19,"5,338,525","2,624,049,731",493.00,498.00,487.50,487.50,-14.50,"5,819",
111/01/20,"3,624,378","1,753,567,218",487.00,490.00,481.50,481.50,-6.00,"4,018",
111/01/21,"5,150,049","2,425,068,163",476.00,478.00,467.00,469.50,-12.00,"6,795",
111/01/24,"3,437,491","1,590,044,050",465.00,467.00,458.50,463.00,-6.50,"4,268",
111/01/25,"4,243,609","1,928,972,952",460.00,461.00,451.00,451.00,-12.00,"5,486",
111/01/26,"2,730,814","1,247,126,504",453.00,459.00,451.00,459.00,+8.00,"3,065",
111/02/07,"3,515,254","1,600,565,003",458.50,462.50,451.00,454.00,-5.00,"4,184",
111/02/08,"2,780,461","1,273,140,123",455.00,462.50,455.00,456.50,+2.50,"3,098",
111/02/09,"2,289,785","1,059,886,426",462.00,466.00,460.00,466.00,+9.50,"2,845",
111/02/10,"5,461,363","2,615,669,467",472.00,489.50,469.50,489.50,+23.50,"5,989",
111/02/11,"3,211,833","1,541,416,694",479.00,483.00,476.50,482.00,-7.50,"4,178",
111/02/14,"2,502,016","1,167,976,150",472.00,472.50,464.00,464.00,-18.00,"3,596",
111/02/15,"1,695,474","792,449,189",465.00,471.50,464.00,464.50,+0.50,"2,101",
111/02/16,"2,155,011","1,014,241,974",473.00,473.00,468.00,472.50,+8.00,"2,472",
111/02/17,"2,654,753","1,252,212,023",477.00,477.00,466.50,467.50,-5.00,"3,218",
111/02/18,"2,307,380","1,081,526,276",461.50,475.50,460.50,473.00,+5.50,"2,799",
111/02/21,"2,872,358","1,360,014,541",468.00,479.50,465.50,479.50,+6.50,"2,988",
111/02/22,"3,702,708","1,737,402,748",475.00,475.00,466.00,469.50,-10.00,"3,776",
111/02/23,"4,054,685","1,890,166,377",470.50,473.50,463.00,463.50,-6.00,"4,526",
111/02/24,"5,389,928","2,431,846,630",458.00,459.00,445.00,448.00,-15.50,"7,485",
111/02/25,"3,686,870","1,656,959,285",455.00,455.00,444.00,451.50,+3.50,"3,885",
111/03/01,"3,846,604","1,779,403,010",463.00,466.00,457.50,465.00,+13.50,"3,820",
111/03/02,"1,989,663","914,732,033",460.00,463.50,457.00,462.50,-2.50,"2,363",
111/03/03,"2,141,937","990,266,771",466.00,468.50,459.00,459.50,-3.00,"2,475",
111/03/04,"2,264,668","1,025,470,176",457.00,457.00,450.00,450.50,-9.00,"3,287",
111/03/07,"5,017,607","2,162,186,410",440.00,441.00,427.00,427.00,-23.50,"7,099",
111/03/08,"4,065,607","1,703,323,048",414.00,430.50,414.00,414.50,-12.50,"5,914",
111/03/09,"2,693,443","1,138,834,113",423.50,428.00,418.00,423.50,+9.00,"3,020",
111/03/10,"2,885,236","1,254,848,865",438.00,438.50,432.50,436.00,+12.50,"3,218",
111/03/11,"1,241,936","537,226,589",432.00,434.00,431.00,434.00,-2.00,"1,537",
111/03/14,"2,181,747","948,470,367",436.50,441.00,430.50,436.00,+2.00,"2,321",
111/03/15,"2,759,855","1,168,099,247",432.00,432.00,419.00,420.00,-16.00,"3,890",
111/03/16,"2,883,258","1,205,788,966",427.00,427.50,413.00,417.50,-2.50,"3,527",
111/03/17,"5,714,235","2,510,207,533",429.00,448.00,429.00,445.50,+28.00,"5,672",
111/03/18,"9,722,000","4,100,738,248",422.50,426.50,415.00,423.50,-22.00,"8,657",
111/03/21,"3,238,482","1,360,674,177",423.50,427.00,417.00,418.50,-5.00,"4,357",
111/03/22,"3,740,721","1,597,969,609",425.00,434.00,420.00,432.00,+13.50,"4,201",
111/03/23,"2,015,738","875,226,047",432.00,437.00,432.00,433.00,+1.00,"2,561",
111/03/24,"1,471,098","633,541,815",430.00,434.00,426.00,433.00, 0.00,"2,422",
111/03/25,"1,693,018","732,622,642",435.00,436.50,430.50,430.50,-2.50,"1,924",
111/03/28,"1,721,920","732,874,259",428.00,431.50,420.50,431.50,+1.00,"2,030",
111/03/29,"1,432,462","615,321,194",433.00,434.00,426.50,429.50,-2.00,"2,659",
111/03/30,"2,895,634","1,272,417,386",434.50,443.00,433.00,440.00,+10.50,"3,488",
111/03/31,"1,583,360","692,246,568",443.50,444.00,434.00,434.00,-6.00,"2,047",
111/04/01,"1,863,943","794,825,307",430.00,430.00,424.00,426.00,-8.00,"2,339",
111/04/06,"2,534,489","1,067,268,696",423.00,425.00,418.50,423.50,-2.50,"2,552",
111/04/07,"3,264,641","1,351,995,538",417.50,420.00,408.50,409.00,-14.50,"5,294",
111/04/08,"1,591,774","658,213,787",414.00,417.50,411.50,413.00,+4.00,"2,082",
111/04/11,"3,171,120","1,270,868,305",412.00,412.00,398.00,398.00,-15.00,"5,792",
111/04/12,"3,588,132","1,405,874,452",393.50,395.50,386.00,393.00,-5.00,"5,234",
111/04/13,"1,931,219","769,413,006",397.50,402.00,392.50,401.00,+8.00,"2,174",
111/04/14,"1,968,101","794,036,909",401.00,406.50,398.00,406.00,+5.00,"2,771",
111/04/15,"2,155,273","870,494,861",400.50,407.00,396.00,405.00,-1.00,"3,030",
111/04/18,"1,386,181","559,665,760",400.50,406.50,398.00,405.00, 0.00,"2,450",
111/04/19,"2,317,828","956,698,332",408.50,415.00,408.00,413.00,+8.00,"2,985",
111/04/20,"2,171,427","894,090,796",415.50,416.00,409.50,409.50,-3.50,"3,115",
111/04/21,"825,862","340,478,042",413.00,414.50,410.50,412.50,+3.00,"2,033",
111/04/22,"1,090,744","442,527,334",406.50,409.50,403.50,405.50,-7.00,"2,483",
111/04/25,"2,159,419","851,484,537",398.00,399.00,391.00,393.50,-12.00,"3,804",
111/04/26,"2,009,897","801,452,945",396.00,402.00,395.00,399.00,+5.50,"2,242",
111/04/27,"3,129,070","1,255,477,898",395.50,408.00,391.50,407.00,+8.00,"4,229",
111/04/28,"2,029,619","824,669,842",407.00,410.50,402.00,405.00,-2.00,"2,952",
111/04/29,"3,360,100","1,359,064,743",406.50,409.00,400.50,404.50,-0.50,"3,763",
111/05/03,"1,742,910","707,061,129",407.00,410.50,401.50,406.50,+2.00,"2,656",
111/05/04,"1,587,468","646,350,912",406.50,408.50,404.50,408.50,+2.00,"2,199",
111/05/05,"2,346,657","977,301,580",415.50,418.50,414.00,417.00,+8.50,"2,947",
111/05/06,"2,474,606","1,010,494,868",406.50,410.00,406.00,408.00,-9.00,"3,064",
111/05/09,"2,008,838","804,193,723",403.00,404.00,398.50,398.50,-9.50,"2,052",
111/05/10,"4,336,116","1,696,467,406",391.00,396.00,385.00,392.50,-6.00,"4,329",
111/05/11,"2,715,747","1,064,472,276",396.00,397.00,389.50,392.00,-0.50,"3,244",
111/05/12,"3,087,432","1,187,112,639",387.00,390.50,377.50,378.00,-14.00,"4,652",
111/05/13,"1,467,467","562,352,164",383.00,385.00,381.50,383.00,+5.00,"2,571",
111/05/16,"2,357,295","906,423,775",388.00,390.50,380.50,381.50,-1.50,"2,963",
111/05/17,"3,089,436","1,208,139,930",385.00,397.50,381.50,397.00,+15.50,"2,834",
111/05/18,"2,865,132","1,154,830,878",402.00,408.50,400.50,401.00,+4.00,"3,594",
111/05/19,"1,971,832","777,908,778",392.00,398.00,389.50,398.00,-3.00,"2,721",
111/05/20,"2,101,643","838,166,134",409.00,409.00,395.00,395.00,-3.00,"3,092",
111/05/23,"1,476,447","581,042,822",399.00,401.50,390.00,390.00,-5.00,"1,756",
111/05/24,"1,751,317","676,959,890",392.00,392.00,382.00,382.00,-8.00,"2,060",
111/05/25,"1,296,514","500,406,222",384.50,390.00,381.00,387.50,+5.50,"1,432",
111/05/26,"1,263,001","490,345,334",393.00,393.00,384.50,385.50,-2.00,"1,426",
111/05/27,"1,376,241","539,440,531",390.00,394.50,389.00,393.00,+7.50,"1,416",
111/05/30,"1,713,584","682,709,467",398.00,399.50,397.00,399.50,+6.50,"1,888",
111/05/31,"4,994,067","2,012,474,473",400.00,405.00,396.00,405.00,+5.50,"2,444",
111/06/01,"1,518,414","614,890,953",404.00,407.00,401.00,405.00, 0.00,"1,731",
111/06/02,"1,399,725","568,211,843",402.00,409.00,400.50,407.00,+2.00,"1,644",
111/06/06,"2,251,376","917,323,194",407.50,411.00,403.00,410.50,+3.50,"2,406",
111/06/07,"1,935,822","788,508,225",409.00,410.00,406.00,407.00,-3.50,"1,178",
111/06/08,"2,518,461","1,029,251,199",410.00,414.50,401.50,403.00,-4.00,"3,216",
111/06/09,"1,761,206","711,013,044",403.00,405.50,400.00,405.00,+2.00,"1,434",
111/06/10,"1,140,363","456,336,855",400.00,403.00,398.00,400.00,-5.00,"1,321",
111/06/13,"2,847,892","1,099,128,883",390.00,391.00,384.00,384.00,-16.00,"3,669",
111/06/14,"3,701,892","1,396,742,040",380.00,383.00,374.00,377.00,-7.00,"4,461",
111/06/15,"2,515,350","961,231,695",379.50,386.00,378.00,383.50,+6.50,"2,303",
111/06/16,"2,892,426","1,092,161,871",386.00,387.50,368.00,368.00,-15.50,"3,755",
111/06/17,"4,347,058","1,546,203,943",358.00,363.00,352.00,354.00,-14.00,"4,840",
111/06/20,"3,973,894","1,366,336,390",355.00,355.00,339.50,342.00,-12.00,"4,148",
111/06/21,"2,019,175","703,471,582",347.50,353.50,342.50,353.00,+11.00,"1,985",
111/06/22,"2,762,533","939,712,445",352.50,352.50,335.00,335.50,-17.50,"3,509",
111/06/23,"3,871,658","1,282,739,562",335.50,337.00,325.00,331.50,-4.00,"3,709",
111/06/24,"2,695,882","890,820,537",332.50,337.50,326.00,328.00,-3.50,"2,575",
111/06/27,"2,816,561","950,809,135",333.00,341.50,332.50,341.50,+13.50,"2,383",
111/06/28,"2,024,469","672,324,965",338.00,339.00,328.00,332.00,-9.50,"2,211",
111/06/29,"2,556,609","829,378,841",330.00,330.50,320.50,325.00,-7.00,"2,826",
111/06/30,"3,883,334","1,205,308,986",324.00,324.00,305.50,308.00,-17.00,"4,495",
111/07/01,"7,556,739","2,207,741,453",307.50,307.50,282.00,282.00,-26.00,"8,099",
111/07/04,"5,047,852","1,417,622,044",277.00,287.00,277.00,278.00,X0.00,"4,646",
111/07/05,"4,702,959","1,332,883,439",285.50,292.00,276.00,284.50,+6.50,"6,131",
111/07/06,"3,690,355","1,043,614,552",286.00,287.50,280.00,280.00,-4.50,"5,433",
111/07/07,"4,044,461","1,163,562,307",283.50,292.50,279.50,291.00,+11.00,"5,543",
111/07/08,"7,017,717","2,168,277,716",302.50,318.00,300.00,308.50,+17.50,"11,128",
111/07/11,"3,643,519","1,104,549,395",310.00,310.00,299.00,304.00,-4.50,"3,876",
111/07/12,"5,715,226","1,778,497,456",314.00,314.50,308.50,309.00,+5.00,"6,513",
111/07/13,"4,390,042","1,398,313,097",321.00,324.00,316.00,318.00,+9.00,"4,632",
111/07/14,"2,716,100","865,704,708",313.00,323.50,312.00,320.00,+2.00,"3,480",
111/07/15,"3,042,064","970,940,132",320.00,323.00,316.00,318.50,-1.50,"4,297",
111/07/18,"2,852,369","920,290,687",318.50,326.50,317.50,326.50,+8.00,"3,799",
111/07/19,"1,763,150","572,598,278",323.00,326.50,321.50,326.00,-0.50,"2,342",
111/07/20,"3,427,656","1,120,033,244",330.00,332.00,321.50,322.50,-3.50,"6,023",
111/07/21,"3,564,044","1,181,080,446",323.00,336.50,323.00,336.50,+14.00,"3,456",
111/07/22,"2,172,982","724,956,159",337.00,337.00,332.00,333.50,-3.00,"4,693",
111/07/25,"1,707,910","569,127,949",330.50,337.00,329.00,337.00,+3.50,"1,925",
111/07/26,"1,659,798","557,625,694",336.50,338.00,334.00,336.50,-0.50,"1,628",
111/07/27,"2,140,777","725,578,677",336.00,342.50,334.50,342.50,+6.00,"2,049",
111/07/28,"1,984,538","678,235,214",344.50,347.00,339.50,340.50,-2.00,"1,958",
111/07/29,"1,629,415","557,535,596",345.00,345.00,339.50,342.00,+1.50,"1,496",
111/08/01,"1,687,496","572,724,013",338.50,342.50,336.00,341.00,-1.00,"1,552",
111/08/02,"3,695,792","1,215,864,660",335.00,336.50,324.50,325.50,-15.50,"7,782",
111/08/03,"2,409,982","786,111,268",326.00,330.00,324.00,326.50,+1.00,"2,161",
111/08/04,"5,305,793","1,683,142,243",325.00,325.50,311.50,317.00,-9.50,"4,718",
111/08/05,"2,659,558","857,338,991",320.00,325.00,319.50,323.00,+6.00,"2,417",
111/08/08,"1,069,505","345,013,503",320.50,326.00,318.50,325.00,+2.00,"1,743",
111/08/09,"1,105,745","357,845,731",325.00,325.50,320.50,325.00, 0.00,"1,988",
111/08/10,"1,992,612","637,079,142",320.50,322.00,318.00,319.00,-6.00,"2,282",
111/08/11,"2,599,708","846,286,147",324.50,328.00,323.50,326.50,+7.50,"2,107",
111/08/12,"3,595,274","1,172,468,306",322.50,330.00,320.50,330.00,+3.50,"5,548",
111/08/15,"2,200,551","730,905,010",331.00,336.00,328.00,334.50,+4.50,"2,551",
111/08/16,"1,537,792","512,954,812",335.00,335.50,331.50,332.50,-2.00,"1,668",
111/08/17,"3,007,016","987,080,193",329.50,330.00,326.00,329.00,-3.50,"5,474",
111/08/18,"1,963,531","638,749,533",325.50,327.50,323.00,327.50,-1.50,"1,730",
111/08/19,"2,078,457","687,896,045",326.00,333.00,326.00,332.00,+4.50,"2,107",
111/08/22,"1,250,859","410,329,424",328.00,331.00,326.50,327.00,-5.00,"1,547",
111/08/23,"1,276,586","412,925,860",324.00,325.00,322.00,324.00,-3.00,"1,694",
111/08/24,"1,476,419","477,686,808",325.00,326.00,321.00,324.00, 0.00,"1,725",
111/08/25,"904,190","294,764,268",325.50,327.50,324.50,326.00,+2.00,"1,587",
111/08/26,"2,105,680","698,365,912",328.50,333.50,328.50,332.00,+6.00,"2,117",
111/08/29,"5,297,850","1,670,964,154",321.50,321.50,312.00,317.50,-14.50,"9,115",
111/08/30,"2,305,795","732,518,245",317.50,319.50,315.00,317.50, 0.00,"3,030",
111/08/31,"3,203,927","1,040,274,518",316.50,328.50,316.00,328.50,+11.00,"2,537",
111/09/01,"2,883,119","919,180,703",322.00,323.50,316.50,317.00,-11.50,"6,797",
111/09/02,"2,825,827","889,780,121",320.50,320.50,312.00,312.50,-4.50,"2,661",
111/09/05,"3,184,082","984,502,619",312.50,314.00,307.00,308.50,-4.00,"2,723",
111/09/06,"2,992,798","932,435,698",305.00,316.50,305.00,316.00,+7.50,"3,306",
111/09/07,"2,178,594","687,538,366",311.50,319.50,311.00,316.00, 0.00,"2,398",
111/09/08,"6,912,833","2,292,145,007",319.00,342.00,318.50,335.00,+19.00,"7,214",
111/09/12,"5,035,137","1,689,456,088",341.00,341.50,329.00,333.00,-2.00,"6,792",
111/09/13,"1,741,461","580,560,324",336.00,336.00,331.50,333.00, 0.00,"2,199",
111/09/14,"2,339,985","757,794,876",321.50,326.50,320.50,325.00,-8.00,"11,616",
111/09/15,"4,014,241","1,345,715,283",326.00,339.00,325.50,338.00,+13.00,"4,168",
111/09/16,"4,145,489","1,380,219,912",334.00,336.50,332.00,332.00,-6.00,"2,482",
111/09/19,"2,255,800","756,386,664",333.00,339.00,332.00,335.50,+3.50,"2,158",
111/09/20,"2,386,651","795,767,685",337.50,337.50,330.00,333.50,-2.00,"3,861",
111/09/21,"2,042,455","670,265,391",331.50,333.00,325.00,327.50,-6.00,"5,423",
111/09/22,"1,645,282","531,571,042",323.00,325.50,321.00,322.50,-5.00,"2,712",
111/09/23,"1,842,482","588,303,136",322.00,325.50,314.50,315.50,-7.00,"3,186",
111/09/26,"2,888,887","871,802,483",308.00,310.50,297.00,297.00,-18.50,"3,899",
111/09/27,"1,557,733","467,301,135",303.50,303.50,297.50,300.00,+3.00,"1,831",
111/09/28,"2,993,498","865,691,875",301.50,301.50,285.00,285.00,-15.00,"4,709",
111/09/29,"6,832,636","1,897,469,778",290.00,292.00,271.00,271.00,-14.00,"7,594",
111/09/30,"4,792,007","1,272,270,407",265.00,269.50,262.00,269.00,-2.00,"4,791",
111/10/03,"4,352,080","1,204,535,407",265.00,283.50,264.00,281.00,+12.00,"6,827",
111/10/04,"2,782,840","799,740,155",287.50,290.00,284.00,287.50,+6.50,"4,722",
111/10/05,"5,210,375","1,523,012,663",295.00,303.00,291.50,297.50,+10.00,"11,240",
111/10/06,"3,080,415","909,285,610",301.00,301.50,292.00,294.50,-3.00,"9,451",
111/10/07,"5,890,548","1,696,614,290",293.50,294.00,286.00,287.00,-7.50,"6,157",
111/10/11,"3,476,717","958,668,825",276.50,281.00,271.00,272.50,-14.50,"4,823",
111/10/12,"3,607,764","972,378,086",274.50,276.00,265.00,270.50,-2.00,"3,776",
111/10/13,"1,896,433","507,536,192",271.00,274.00,263.00,264.00,-6.50,"4,835",
111/10/14,"2,546,077","705,635,120",274.50,281.00,273.00,277.50,+13.50,"3,930",
111/10/17,"2,156,930","589,345,775",271.00,279.00,267.00,278.50,+1.00,"6,638",
111/10/18,"2,693,345","755,442,022",283.00,285.00,278.00,278.50, 0.00,"3,831",
111/10/19,"3,941,850","1,071,435,591",278.50,279.50,268.00,268.00,-10.50,"14,930",
111/10/31,"4,730,916","1,672,408,159",348.00,367.00,336.00,367.00,X0.00,"7,539",
111/11/01,"5,779,732","2,141,754,813",367.50,382.00,358.00,379.00,+12.00,"7,615",
111/11/02,"3,756,400","1,424,777,491",375.00,385.50,374.50,381.50,+2.50,"4,552",
111/11/03,"4,586,272","1,771,919,667",373.00,392.00,372.00,389.50,+8.00,"6,241",
111/11/04,"4,767,579","1,851,880,806",386.00,393.50,383.00,389.50, 0.00,"5,033",
111/11/07,"3,633,475","1,399,877,922",390.00,392.50,381.00,382.00,-7.50,"7,647",
111/11/08,"6,263,323","2,462,756,496",386.00,398.00,386.00,393.50,+11.50,"5,614",
111/11/09,"8,749,589","3,634,612,527",398.00,425.00,397.00,424.00,+30.50,"11,274",
111/11/10,"3,720,088","1,564,665,160",420.00,425.00,417.00,421.50,-2.50,"4,948",
111/11/11,"7,785,200","3,471,434,910",445.00,453.50,435.00,445.50,+24.00,"11,029",
111/11/14,"4,446,688","1,961,589,904",446.50,450.00,436.50,439.50,-6.00,"8,657",
111/11/15,"5,404,686","2,442,133,882",445.50,458.50,441.50,455.00,+15.50,"6,523",
111/11/16,"6,451,302","2,948,852,359",456.00,462.50,447.00,461.00,+6.00,"7,639",
111/11/17,"3,384,505","1,567,425,857",462.00,466.00,459.00,466.00,+5.00,"4,794",
111/11/18,"3,673,626","1,685,287,304",464.00,467.50,451.50,453.50,-12.50,"8,510",
111/11/21,"2,681,859","1,229,009,580",453.00,464.00,451.50,454.00,+0.50,"3,832",
111/11/22,"1,952,973","891,224,646",453.50,460.00,453.00,458.00,+4.00,"2,700",
111/11/23,"2,554,374","1,160,901,258",462.50,465.00,449.00,449.00,-9.00,"8,998",
111/11/24,"2,679,207","1,207,686,679",453.00,454.00,447.00,452.00,+3.00,"2,889",
111/11/25,"1,591,859","712,875,049",452.00,454.50,443.00,445.00,-7.00,"3,563",
111/11/28,"2,220,807","974,158,143",440.00,443.50,435.00,437.50,-7.50,"5,615",
111/11/29,"1,916,048","839,576,323",436.50,442.50,435.00,438.00,+0.50,"2,613",
111/11/30,"4,658,527","2,123,017,824",439.50,463.00,437.50,463.00,+25.00,"4,760",
111/12/01,"6,114,918","2,904,179,060",469.00,482.00,465.50,473.00,+10.00,"6,570",
111/12/02,"5,347,862","2,590,091,479",472.50,493.50,472.50,489.50,+16.50,"6,238",
111/12/05,"4,921,262","2,464,540,582",492.00,509.00,492.00,502.00,+12.50,"6,606",
111/12/06,"3,141,029","1,557,688,321",498.50,505.00,488.00,491.00,-11.00,"10,258",
111/12/07,"3,688,206","1,784,752,949",491.00,492.50,477.00,484.50,-6.50,"7,822",
111/12/08,"3,284,624","1,574,958,528",480.50,486.00,473.00,478.50,-6.00,"4,554",
111/12/09,"3,280,785","1,594,194,012",489.00,493.50,478.00,479.00,+0.50,"3,603",
111/12/12,"1,978,170","949,225,778",477.00,485.50,472.00,485.50,+6.50,"2,160",
111/12/13,"3,468,654","1,657,849,513",487.00,488.00,472.00,474.00,-11.50,"5,583",
111/12/14,"2,466,304","1,189,215,787",478.50,486.00,474.50,486.00,+12.00,"2,914",
111/12/15,"3,418,299","1,683,811,194",486.00,498.00,484.00,495.00,+9.00,"4,060",
111/12/16,"3,622,733","1,751,043,251",488.00,490.00,480.50,480.50,-14.50,"4,449",
111/12/19,"2,521,445","1,199,690,319",479.00,484.50,472.00,472.00,-8.50,"3,838",
111/12/20,"4,530,831","2,107,687,016",473.00,481.50,455.50,455.50,-16.50,"5,521",
111/12/21,"2,185,626","998,390,689",460.50,464.00,452.00,454.50,-1.00,"2,751",
111/12/22,"1,761,209","819,647,773",464.00,468.50,460.00,466.50,+12.00,"2,080",
111/12/23,"1,468,065","674,637,839",457.50,462.00,454.50,460.00,-6.50,"2,599",
111/12/26,"1,096,943","508,141,778",463.00,466.50,460.50,462.50,+2.50,"1,344",
111/12/27,"1,467,705","687,487,843",467.50,474.00,463.00,464.50,+2.00,"2,241",
111/12/28,"1,022,416","469,730,306",460.50,464.00,457.00,458.00,-6.50,"1,458",
111/12/29,"927,934","421,363,301",452.50,456.50,450.50,455.50,-2.50,"1,384",
111/12/30,"1,352,704","615,530,896",461.50,464.00,451.00,451.00,-4.50,"3,391",
112/01/03,"1,741,813","798,582,129",450.00,466.50,446.00,465.50,+14.50,"2,314",
112/01/04,"1,364,782","635,724,502",466.00,469.00,462.00,465.00,-0.50,"1,795",
112/01/05,"4,044,495","1,938,747,746",470.00,486.00,470.00,485.50,+20.50,"5,478",
112/01/06,"7,199,821","3,555,996,927",486.00,499.50,484.00,496.00,+10.50,"6,285",
112/01/09,"8,682,855","4,490,480,571",515.00,525.00,507.00,525.00,+29.00,"12,333",
112/01/10,"6,567,661","3,475,778,729",522.00,535.00,519.00,535.00,+10.00,"8,713",
112/01/11,"2,590,924","1,369,986,701",536.00,537.00,523.00,528.00,-7.00,"3,279",
112/01/12,"1,889,853","988,966,160",527.00,531.00,520.00,520.00,-8.00,"3,368",
112/01/13,"2,387,130","1,234,961,937",525.00,526.00,513.00,514.00,-6.00,"3,936",
112/01/16,"1,654,658","850,124,530",516.00,517.00,511.00,513.00,-1.00,"2,289",
112/01/17,"3,432,835","1,778,850,623",516.00,522.00,511.00,519.00,+6.00,"3,531",
112/01/30,"6,710,976","3,562,195,601",543.00,543.00,522.00,532.00,+13.00,"11,652",
112/01/31,"4,283,854","2,305,589,928",530.00,544.00,526.00,540.00,+8.00,"4,903",
112/02/01,"2,869,738","1,543,049,198",543.00,545.00,528.00,540.00, 0.00,"5,291",
112/02/02,"3,194,015","1,726,238,316",547.00,547.00,534.00,541.00,+1.00,"4,268",
112/02/03,"2,570,122","1,390,068,778",541.00,545.00,536.00,540.00,-1.00,"3,121",
112/02/06,"2,143,270","1,143,585,065",535.00,538.00,528.00,533.00,-7.00,"2,485",
112/02/07,"1,120,460","595,957,385",531.00,537.00,529.00,529.00,-4.00,"1,618",
112/02/08,"1,845,461","982,685,304",534.00,538.00,529.00,531.00,+2.00,"2,009",
112/02/09,"6,101,496","3,130,597,424",525.00,528.00,505.00,511.00,-20.00,"8,885",
112/02/10,"2,707,538","1,385,923,474",508.00,517.00,504.00,516.00,+5.00,"3,586",
112/02/13,"2,174,030","1,113,946,038",513.00,516.00,508.00,516.00, 0.00,"2,449",
112/02/14,"6,140,786","3,294,176,451",526.00,544.00,522.00,540.00,+24.00,"7,730",
112/02/15,"3,927,174","2,126,561,768",536.00,545.00,536.00,545.00,+5.00,"6,311",
112/02/16,"9,720,147","5,547,645,484",555.00,579.00,552.00,575.00,+30.00,"15,156",
112/02/17,"3,363,232","1,918,745,640",569.00,577.00,565.00,569.00,-6.00,"4,860",
112/02/20,"2,471,779","1,399,035,094",574.00,574.00,559.00,561.00,-8.00,"4,960",
112/02/21,"2,265,513","1,269,133,316",562.00,566.00,556.00,560.00,-1.00,"2,616",
112/02/22,"3,253,224","1,768,082,287",555.00,555.00,540.00,541.00,-19.00,"5,543",
112/02/23,"3,202,915","1,732,275,105",543.00,545.00,535.00,543.00,+2.00,"3,786",
112/02/24,"2,182,561","1,177,853,274",543.00,544.00,536.00,538.00,-5.00,"2,965",
112/03/01,"4,198,641","2,235,110,266",532.00,541.00,525.00,538.00, 0.00,"4,408",
112/03/02,"3,044,055","1,621,350,841",541.00,544.00,528.00,531.00,-7.00,"3,198",
112/03/03,"3,760,555","2,044,476,391",538.00,549.00,537.00,539.00,+8.00,"4,688",
112/03/06,"3,509,466","1,934,149,255",548.00,559.00,542.00,557.00,+18.00,"4,912",
112/03/07,"2,540,087","1,419,220,604",560.00,562.00,553.00,559.00,+2.00,"3,007",
112/03/08,"2,122,714","1,170,718,426",554.00,555.00,546.00,550.00,-9.00,"3,078",
112/03/09,"2,470,288","1,345,240,607",552.00,554.00,540.00,541.00,-9.00,"4,649",
112/03/10,"5,696,994","2,971,190,301",534.00,535.00,515.00,518.00,-23.00,"8,898",
112/03/13,"3,304,978","1,698,130,713",510.00,520.00,507.00,519.00,+1.00,"4,039",
112/03/14,"4,799,123","2,439,102,149",512.00,516.00,505.00,505.00,-14.00,"7,190",
112/03/15,"6,062,874","3,032,266,997",500.00,510.00,492.00,492.00,-13.00,"8,473",
112/03/16,"3,913,461","1,899,464,020",490.00,493.50,481.00,486.50,-5.50,"5,232",
112/03/17,"3,005,269","1,479,009,920",492.00,497.50,485.00,496.00,+9.50,"3,699",
112/03/20,"2,058,482","1,028,247,994",497.50,503.00,495.00,500.00,+4.00,"3,004",
112/03/21,"2,137,309","1,079,309,382",505.00,509.00,499.00,505.00,+5.00,"2,425",
112/03/22,"2,136,091","1,082,092,023",508.00,509.00,504.00,505.00, 0.00,"3,653",
112/03/23,"2,945,117","1,515,009,723",504.00,520.00,502.00,517.00,+12.00,"3,454",
112/03/24,"3,772,586","1,977,508,927",521.00,530.00,515.00,527.00,+10.00,"4,627",
112/03/27,"2,737,895","1,451,655,406",529.00,534.00,524.00,533.00,+6.00,"3,363",
112/03/28,"3,048,361","1,621,911,099",535.00,537.00,527.00,531.00,-2.00,"3,369",
112/03/29,"1,913,482","1,001,397,327",533.00,534.00,518.00,520.00,-11.00,"5,065",
112/03/30,"1,129,844","588,140,204",524.00,526.00,518.00,520.00, 0.00,"1,703",
112/03/31,"2,304,023","1,221,791,679",524.00,535.00,523.00,529.00,+9.00,"3,191",
112/04/06,"1,545,399","804,587,236",526.00,526.00,517.00,520.00,-9.00,"3,037",
112/04/07,"1,572,422","815,130,368",518.00,523.00,515.00,516.00,-4.00,"3,423",
112/04/10,"3,317,770","1,762,711,929",520.00,535.00,520.00,530.00,+14.00,"3,944",
112/04/11,"1,786,991","943,489,924",529.00,532.00,525.00,527.00,-3.00,"2,062",
112/04/12,"5,009,277","2,708,836,119",527.00,547.00,527.00,542.00,+15.00,"6,119",
112/04/13,"4,276,846","2,330,903,976",548.00,552.00,540.00,542.00, 0.00,"4,279",
112/04/14,"4,270,856","2,360,508,835",549.00,557.00,544.00,553.00,+11.00,"6,267",
112/04/17,"2,614,538","1,425,717,563",558.00,558.00,541.00,542.00,-11.00,"5,990",
112/04/18,"3,401,507","1,842,374,726",547.00,551.00,537.00,538.00,-4.00,"2,946",
112/04/19,"2,176,882","1,164,941,153",544.00,544.00,529.00,535.00,-3.00,"8,833",
112/04/20,"2,801,424","1,472,811,268",533.00,536.00,518.00,518.00,-17.00,"3,916",
112/04/21,"6,438,596","3,237,230,523",520.00,524.00,495.50,495.50,-22.50,"9,836",
112/04/24,"1,663,779","838,918,001",497.00,508.00,496.00,507.00,+11.50,"2,209",
112/04/25,"3,081,149","1,519,579,614",507.00,507.00,486.50,490.50,-16.50,"5,689",
112/04/26,"2,002,978","985,504,970",489.50,495.50,488.00,495.00,+4.50,"2,244",
112/04/27,"1,847,875","908,249,617",497.00,497.00,486.00,492.00,-3.00,"2,607",
112/04/28,"1,514,853","753,753,313",498.00,502.00,495.00,496.00,+4.00,"2,026",
112/05/02,"1,242,488","623,606,606",499.00,504.00,496.50,502.00,+6.00,"1,549",
112/05/03,"1,059,141","525,924,007",500.00,501.00,494.00,498.00,-4.00,"2,349",
112/05/04,"1,676,788","824,616,259",494.00,496.00,489.00,493.50,-4.50,"2,249",
112/05/05,"2,520,451","1,272,882,817",496.00,509.00,496.00,506.00,+12.50,"3,155",
112/05/08,"1,625,930","823,559,250",512.00,512.00,504.00,504.00,-2.00,"1,854",
112/05/09,"3,005,716","1,489,936,864",498.00,501.00,488.50,500.00,-4.00,"3,916",
112/05/10,"1,583,244","783,235,296",498.00,498.00,492.00,494.50,-5.50,"1,984",
112/05/11,"1,590,609","786,190,436",495.00,502.00,490.00,490.00,-4.50,"2,894",
112/05/12,"1,397,927","687,441,975",486.00,496.00,486.00,496.00,+6.00,"1,857",
112/05/15,"1,519,676","744,055,385",496.00,496.00,487.00,488.00,-8.00,"2,360",
112/05/16,"1,508,024","742,888,267",492.00,495.00,490.00,491.00,+3.00,"1,758",
112/05/17,"2,347,708","1,150,677,453",491.00,494.00,487.00,488.50,-2.50,"2,774",
112/05/18,"2,790,562","1,383,448,336",493.50,501.00,491.00,500.00,+11.50,"3,079",
112/05/19,"3,088,508","1,541,394,775",502.00,505.00,495.50,495.50,-4.50,"3,059",
112/05/22,"3,856,130","1,889,698,238",496.50,496.50,487.00,493.00,-2.50,"4,127",
112/05/23,"2,739,890","1,351,606,419",493.50,496.50,490.00,493.50,+0.50,"2,721",
112/05/24,"3,574,591","1,748,376,573",491.00,493.50,487.00,492.50,-1.00,"3,284",
112/05/25,"5,110,837","2,535,428,692",493.00,507.00,488.50,507.00,+14.50,"4,402",
112/05/26,"6,516,152","3,270,812,901",506.00,512.00,498.00,502.00,-5.00,"5,933",
112/05/29,"4,412,978","2,232,106,212",507.00,510.00,503.00,508.00,+6.00,"3,959",
112/05/30,"6,286,796","3,123,669,265",508.00,508.00,493.00,496.00,-12.00,"6,045",
112/05/31,"8,130,543","4,104,341,740",495.00,508.00,494.50,508.00,+12.00,"4,224",
112/06/01,"3,229,932","1,617,073,328",503.00,506.00,498.50,500.00,-8.00,"3,330",
112/06/02,"4,596,068","2,324,471,140",504.00,510.00,501.00,506.00,+6.00,"4,475",
112/06/05,"4,009,710","2,066,991,067",510.00,521.00,507.00,519.00,+13.00,"4,920",
112/06/06,"3,990,750","2,032,227,457",518.00,520.00,502.00,502.00,-17.00,"5,102",
112/06/07,"1,733,274","874,304,199",502.00,507.00,501.00,504.00,+2.00,"2,148",
112/06/08,"3,251,811","1,612,104,893",502.00,504.00,493.00,494.00,-10.00,"3,867",
112/06/09,"1,947,301","962,077,420",499.00,499.00,492.50,492.50,-1.50,"2,430",
112/06/12,"2,649,171","1,297,663,550",499.00,499.00,488.00,488.00,-4.50,"4,290",
112/06/13,"2,369,106","1,171,794,500",492.50,497.00,491.00,495.00,+7.00,"2,708",
112/06/14,"2,763,995","1,385,323,275",497.50,505.00,496.00,499.50,+4.50,"3,019",
112/06/15,"3,566,129","1,813,142,981",502.00,514.00,502.00,510.00,+10.50,"4,036",
112/06/16,"2,565,332","1,298,138,950",511.00,513.00,501.00,506.00,-4.00,"2,634",
112/06/19,"1,751,789","876,339,332",502.00,506.00,498.00,498.00,-8.00,"2,520",
112/06/20,"1,510,034","751,453,021",502.00,503.00,495.50,496.00,-2.00,"2,190",
112/06/21,"2,294,630","1,129,511,997",496.50,497.50,490.00,491.00,-5.00,"3,394",
112/06/26,"2,513,655","1,224,488,368",491.00,492.00,486.00,486.00,-5.00,"3,469",
112/06/27,"1,835,248","892,162,363",485.00,490.00,482.00,487.00,+1.00,"2,348",
112/06/28,"984,137","481,865,502",489.00,491.50,487.50,488.00,+1.00,"1,408",
112/06/29,"1,859,744","919,143,056",492.00,496.00,489.50,495.00,+7.00,"1,937",
112/06/30,"865,695","426,155,113",496.00,496.00,491.00,491.50,-3.50,"1,384",
112/07/03,"2,266,948","1,131,898,355",496.50,503.00,495.00,499.50,+8.00,"2,606",
112/07/04,"2,508,382","1,249,922,959",499.50,501.00,495.50,497.50,-2.00,"2,743",
112/07/05,"2,968,842","1,460,691,349",495.00,499.50,487.00,487.50,X0.00,"3,507",
112/07/06,"1,427,142","698,639,220",485.50,491.50,484.50,489.00,+1.50,"1,762",
112/07/07,"2,305,867","1,131,917,375",487.50,497.50,484.50,491.50,+2.50,"2,655",
112/07/10,"1,426,201","695,840,805",489.00,492.00,485.00,485.00,-6.50,"2,361",
112/07/11,"1,936,138","959,613,447",489.50,498.50,488.50,496.50,+11.50,"2,210",
112/07/12,"881,981","436,955,660",494.00,498.00,492.00,497.00,+0.50,"1,297",
112/07/13,"2,727,257","1,353,753,458",499.50,503.00,490.00,491.00,-6.00,"5,559",
112/07/14,"1,397,438","691,290,611",493.00,497.50,492.00,495.50,+4.50,"1,477",
112/07/17,"2,510,218","1,256,725,251",497.50,504.00,494.00,503.00,+7.50,"2,908",
112/07/18,"3,673,356","1,810,680,347",507.00,507.00,488.50,489.00,-14.00,"7,746",
112/07/19,"2,159,105","1,052,514,954",491.00,492.50,485.00,486.00,-3.00,"3,293",
112/07/20,"1,014,306","493,109,509",486.00,490.00,484.50,485.00,-1.00,"1,533",
112/07/21,"3,083,878","1,463,602,847",485.00,485.00,472.00,473.50,-11.50,"4,544",
112/07/24,"4,115,107","1,899,496,515",473.50,474.00,457.00,457.50,-16.00,"7,150",
112/07/25,"1,468,066","676,994,061",461.50,463.50,459.00,461.50,+4.00,"2,265",
112/07/26,"3,803,934","1,717,269,246",461.50,463.00,449.00,449.50,-12.00,"5,854",
112/07/27,"1,562,081","710,933,456",451.50,459.00,450.00,456.00,+6.50,"2,196",
112/07/28,"3,439,012","1,608,915,977",465.00,472.00,457.00,471.50,+15.50,"3,967",
112/07/31,"2,422,652","1,125,818,363",473.50,474.50,459.50,459.50,-12.00,"4,311",
112/08/01,"2,588,445","1,193,480,293",461.50,464.00,458.50,461.50,+2.00,"1,813",
112/08/02,"2,606,266","1,207,481,654",460.00,468.50,459.50,463.00,+1.50,"2,704",
112/08/04,"1,628,205","753,504,681",465.00,465.50,459.50,464.00,+1.00,"1,417",
112/08/07,"1,478,268","689,497,583",465.00,468.00,463.00,468.00,+4.00,"1,191",
112/08/08,"888,205","412,797,112",470.00,470.50,463.00,463.50,-4.50,"1,278",
112/08/09,"1,258,990","586,793,014",464.00,471.50,463.50,465.50,+2.00,"1,329",
112/08/10,"1,313,923","613,799,159",465.00,469.00,465.00,467.00,+1.50,"1,541",
112/08/11,"1,370,239","644,003,983",467.00,472.00,467.00,470.00,+3.00,"1,671",
112/08/14,"1,758,455","808,551,896",470.00,470.00,456.00,457.00,-13.00,"8,561",
112/08/15,"1,011,323","460,945,411",459.00,463.00,453.00,453.00,-4.00,"2,143",
112/08/16,"1,434,158","644,877,243",452.00,455.00,446.50,448.50,-4.50,"2,823",
112/08/17,"2,324,887","1,052,843,773",446.50,462.00,441.00,457.00,+8.50,"2,801",
112/08/18,"1,067,687","491,335,368",455.00,463.50,454.50,461.50,+4.50,"1,370",
112/08/21,"700,899","320,734,731",461.50,462.50,454.50,456.50,-5.00,"1,046",
112/08/22,"1,427,669","664,073,445",459.00,468.00,459.00,466.00,+9.50,"1,704",
112/08/23,"1,030,518","484,642,368",464.00,472.00,464.00,470.50,+4.50,"1,318",
112/08/24,"1,110,712","524,018,536",474.50,474.50,470.50,471.50,+1.00,"1,242",
112/08/25,"833,047","390,804,798",468.00,472.00,467.50,470.00,-1.50,"1,004",
112/08/28,"1,568,434","748,242,552",472.50,480.00,472.50,478.00,+8.00,"2,102",
112/08/29,"1,042,701","497,752,371",480.00,480.00,474.00,479.00,+1.00,"1,220",
112/08/30,"1,658,189","800,991,529",479.50,486.50,479.00,482.50,+3.50,"1,839",
112/08/31,"2,518,851","1,222,982,316",483.00,488.00,481.00,485.00,+2.50,"1,875",
112/09/01,"8,509,036","4,281,994,180",487.50,512.00,485.50,499.50,+14.50,"9,276",
112/09/04,"2,559,976","1,282,470,993",507.00,507.00,497.00,497.50,-2.00,"2,938",
112/09/05,"2,546,610","1,284,851,177",498.00,508.00,498.00,508.00,+10.50,"3,083",
112/09/06,"1,599,079","807,043,852",507.00,509.00,500.00,505.00,-3.00,"1,821",
112/09/07,"880,150","442,418,927",502.00,507.00,501.00,502.00,-3.00,"1,358",
112/09/08,"729,524","366,256,937",502.00,505.00,499.50,502.00, 0.00,"1,076",
112/09/11,"1,774,867","896,138,223",505.00,510.00,499.00,500.00,-2.00,"2,393",
112/09/12,"3,489,579","1,781,395,907",505.00,514.00,501.00,514.00,+14.00,"4,619",
112/09/13,"1,876,467","952,431,659",512.00,514.00,504.00,506.00,-8.00,"2,102",
112/09/14,"1,120,255","570,103,737",509.00,512.00,505.00,512.00,+6.00,"1,471",
112/09/15,"3,299,414","1,710,044,153",515.00,523.00,511.00,522.00,+10.00,"4,582",
112/09/18,"2,635,489","1,379,032,320",515.00,532.00,511.00,525.00,+3.00,"3,595",
112/09/19,"1,099,154","573,310,415",524.00,529.00,518.00,520.00,-5.00,"1,636",
112/09/20,"1,613,922","837,067,308",523.00,524.00,513.00,520.00, 0.00,"2,077",
112/09/21,"1,324,852","686,077,168",520.00,520.00,514.00,518.00,-2.00,"1,588",
112/09/22,"1,113,678","577,617,432",516.00,523.00,513.00,521.00,+3.00,"1,613",
112/09/25,"1,563,127","817,916,066",525.00,529.00,518.00,521.00, 0.00,"2,563",
112/09/26,"1,797,977","937,687,985",521.00,527.00,519.00,521.00, 0.00,"1,890",
112/09/27,"1,220,700","635,634,562",522.00,523.00,518.00,523.00,+2.00,"1,529",
112/09/28,"1,776,737","932,716,000",523.00,529.00,521.00,525.00,+2.00,"1,792",
112/10/02,"1,430,133","761,055,461",530.00,537.00,528.00,533.00,+8.00,"2,068",
112/10/03,"1,849,858","968,118,093",528.00,530.00,518.00,520.00,-13.00,"8,095",
112/10/04,"1,769,741","914,937,959",515.00,523.00,509.00,521.00,+1.00,"2,753",
112/10/05,"1,415,768","746,598,685",525.00,530.00,523.00,530.00,+9.00,"2,054",
112/10/06,"1,132,245","595,841,076",530.00,531.00,524.00,525.00,-5.00,"1,339",
112/10/11,"1,407,262","743,293,605",531.00,532.00,526.00,527.00,+2.00,"1,551",
112/10/12,"3,725,002","2,004,492,232",530.00,545.00,525.00,543.00,+16.00,"5,954",
112/10/13,"1,788,185","967,355,814",538.00,547.00,535.00,542.00,-1.00,"2,346",
112/10/16,"1,083,167","582,985,312",538.00,544.00,534.00,536.00,-6.00,"1,785",
112/10/17,"3,840,966","2,116,147,836",543.00,556.00,543.00,547.00,+11.00,"5,678",
112/10/18,"2,982,142","1,641,873,950",547.00,555.00,542.00,550.00,+3.00,"4,048",
112/10/19,"1,846,045","1,007,497,543",547.00,552.00,542.00,549.00,-1.00,"2,278",
112/10/20,"2,546,292","1,357,261,783",545.00,545.00,528.00,530.00,-19.00,"20,517",
112/10/23,"1,096,642","583,354,302",526.00,540.00,525.00,530.00, 0.00,"1,501",
112/10/24,"1,193,133","626,981,453",534.00,534.00,522.00,525.00,-5.00,"1,684",
112/10/25,"1,071,755","561,300,806",528.00,529.00,521.00,521.00,-4.00,"1,420",
112/10/26,"2,364,843","1,206,793,639",516.00,516.00,507.00,510.00,-11.00,"7,538",
112/10/27,"2,772,714","1,470,286,006",521.00,536.00,516.00,534.00,+24.00,"4,193",
112/10/30,"1,411,564","760,552,754",532.00,542.00,532.00,539.00,+5.00,"2,032",
112/10/31,"2,072,748","1,096,354,667",539.00,539.00,522.00,526.00,-13.00,"6,590",
112/11/01,"3,510,277","1,903,897,118",533.00,550.00,528.00,538.00,+12.00,"4,274",
112/11/02,"1,996,987","1,092,526,657",545.00,550.00,540.00,547.00,+9.00,"4,396",
112/11/03,"1,320,290","724,267,176",551.00,553.00,544.00,549.00,+2.00,"2,268",
112/11/06,"1,489,196","821,148,820",553.00,555.00,547.00,551.00,+2.00,"2,127",
112/11/07,"2,023,932","1,125,685,812",555.00,560.00,552.00,557.00,+6.00,"3,491",
112/11/08,"1,155,671","636,951,076",559.00,559.00,548.00,549.00,-8.00,"1,726",
112/11/09,"690,552","376,910,393",554.00,554.00,542.00,545.00,-4.00,"2,025",
112/11/10,"592,939","322,391,795",541.00,548.00,540.00,545.00, 0.00,988,
112/11/13,"2,138,313","1,188,059,458",551.00,558.00,549.00,557.00,+12.00,"2,975",
112/11/14,"1,292,721","709,884,299",560.00,560.00,545.00,546.00,-11.00,"1,941",
112/11/15,"1,360,231","748,230,817",555.00,558.00,545.00,548.00,+2.00,"1,723",
112/11/16,"1,391,434","755,692,649",550.00,552.00,539.00,545.00,-3.00,"2,414",
112/11/17,"1,291,458","702,803,835",543.00,549.00,539.00,547.00,+2.00,"1,380",
112/11/20,"967,771","524,449,960",549.00,549.00,540.00,543.00,-4.00,"1,662",
112/11/21,"1,204,542","663,280,627",548.00,554.00,548.00,550.00,+7.00,"1,538",
112/11/22,"595,646","326,998,802",547.00,551.00,546.00,550.00, 0.00,"1,260",
112/11/23,"747,099","408,936,272",548.00,552.00,545.00,545.00,-5.00,"1,078",
112/11/24,"7,049,104","4,039,789,882",552.00,585.00,552.00,575.00,+30.00,"9,334",
112/11/27,"1,788,892","1,022,544,474",575.00,575.00,567.00,571.00,-4.00,"2,326",
112/11/28,"6,514,629","3,826,079,695",573.00,595.00,571.00,594.00,+23.00,"10,663",
112/11/29,"4,041,646","2,409,117,775",596.00,600.00,592.00,599.00,+5.00,"6,260",
112/11/30,"3,966,923","2,379,631,770",604.00,604.00,596.00,601.00,+2.00,"4,370",
112/12/01,"2,064,140","1,232,866,717",597.00,602.00,591.00,597.00,-4.00,"3,462",
112/12/04,"1,621,305","970,058,818",600.00,601.00,595.00,599.00,+2.00,"2,065",
112/12/05,"1,933,616","1,159,066,466",600.00,603.00,596.00,600.00,+1.00,"2,531",
112/12/06,"2,189,696","1,305,846,607",602.00,607.00,589.00,595.00,-5.00,"4,727",
112/12/07,"1,754,653","1,045,149,116",594.00,601.00,591.00,595.00, 0.00,"2,519",
112/12/08,"2,675,674","1,607,128,741",598.00,606.00,596.00,601.00,+6.00,"3,560",
112/12/11,"5,099,697","3,124,338,504",610.00,618.00,606.00,614.00,+13.00,"7,234",
112/12/12,"4,223,876","2,621,750,968",622.00,624.00,615.00,619.00,+5.00,"5,610",
112/12/13,"3,197,733","1,951,420,649",622.00,623.00,600.00,605.00,-14.00,"12,827",
112/12/14,"7,047,151","4,420,745,016",610.00,634.00,610.00,634.00,+29.00,"9,817",
112/12/15,"3,441,805","2,171,095,688",630.00,633.00,625.00,633.00,-1.00,"3,832",
112/12/18,"1,852,653","1,148,472,704",628.00,629.00,615.00,620.00,-13.00,"5,469",
112/12/19,"2,027,836","1,250,503,648",620.00,627.00,612.00,616.00,-4.00,"2,555",
112/12/20,"1,535,040","944,154,441",617.00,619.00,613.00,614.00,-2.00,"2,108",
112/12/21,"1,545,897","939,430,497",607.00,614.00,603.00,607.00,-7.00,"2,626",
112/12/22,"2,903,545","1,732,851,348",607.00,612.00,591.00,596.00,-11.00,"4,562",
112/12/25,"1,623,587","962,718,325",596.00,598.00,590.00,594.00,-2.00,"2,747",
112/12/26,"877,599","525,755,551",595.00,602.00,593.00,600.00,+6.00,"1,455",
112/12/27,"765,089","460,761,448",602.00,606.00,600.00,601.00,+1.00,"1,370",
112/12/28,"1,593,485","950,338,656",602.00,605.00,592.00,597.00,-4.00,"2,983",
112/12/29,"940,089","559,519,325",600.00,600.00,592.00,597.00, 0.00,"1,338",
113/01/02,"2,194,894","1,297,985,654",601.00,605.00,587.00,587.00,-10.00,"2,733",
113/01/03,"2,127,926","1,231,277,176",581.00,585.00,575.00,578.00,-9.00,"3,438",
113/01/04,"1,294,914","751,747,167",588.00,590.00,575.00,577.00,-1.00,"1,892",
113/01/05,"1,193,617","686,531,187",580.00,580.00,572.00,572.00,-5.00,"1,963",
113/01/08,"1,157,640","664,012,078",576.00,581.00,570.00,572.00, 0.00,"1,636",
113/01/09,"1,715,759","975,605,719",575.00,575.00,563.00,565.00,-7.00,"3,482",
113/01/10,"2,159,066","1,200,474,248",561.00,561.00,553.00,555.00,-10.00,"3,203",
113/01/11,"1,802,045","997,809,785",555.00,560.00,550.00,554.00,-1.00,"2,320",
113/01/12,"1,123,887","628,517,248",554.00,562.00,554.00,560.00,+6.00,"1,608",
113/01/15,"2,748,154","1,574,479,722",567.00,578.00,562.00,576.00,+16.00,"2,876",
113/01/16,"1,977,600","1,120,515,929",572.00,574.00,563.00,564.00,-12.00,"2,532",
113/01/17,"5,499,090","3,143,170,668",575.00,589.00,557.00,559.00,-5.00,"5,388",
113/01/18,"1,499,053","841,079,479",560.00,567.00,557.00,557.00,-2.00,"1,761",
113/01/19,"2,021,107","1,131,413,786",560.00,565.00,553.00,564.00,+7.00,"2,448",
113/01/22,"2,157,964","1,201,586,837",564.00,564.00,552.00,556.00,-8.00,"2,838",
113/01/23,"1,237,921","692,767,542",558.00,563.00,556.00,560.00,+4.00,"1,417",
113/01/24,"1,136,443","631,628,935",560.00,561.00,553.00,553.00,-7.00,"2,184",
113/01/25,"807,796","449,446,827",557.00,559.00,554.00,556.00,+3.00,"1,193",
113/01/26,"652,487","361,222,108",556.00,559.00,551.00,552.00,-4.00,"1,664",
113/01/29,"1,127,136","628,265,156",553.00,560.00,552.00,558.00,+6.00,"1,186",
113/01/30,"1,790,368","988,479,315",559.00,560.00,549.00,550.00,-8.00,"2,407",
113/01/31,"1,301,292","715,202,051",550.00,553.00,544.00,552.00,+2.00,"1,896",
113/02/01,"1,962,160","1,083,079,926",554.00,556.00,548.00,552.00, 0.00,"1,839",
113/02/02,"1,228,816","682,422,481",553.00,558.00,553.00,555.00,+3.00,"1,162",
113/02/05,"1,512,756","831,327,594",553.00,553.00,545.00,550.00,-5.00,"2,307",
113/02/15,"2,399,039","1,324,364,277",560.00,564.00,545.00,551.00,+1.00,"3,008",
113/02/16,"2,943,838","1,596,159,004",550.00,551.00,538.00,543.00,-8.00,"4,527",
113/02/19,"1,524,210","831,582,947",546.00,551.00,540.00,551.00,+8.00,"2,390",
113/02/20,"979,412","541,314,221",551.00,555.00,549.00,554.00,+3.00,"1,518",
113/02/21,"1,691,436","939,646,711",556.00,558.00,554.00,556.00,+2.00,"2,218",
113/02/22,"1,335,451","740,703,488",559.00,559.00,552.00,552.00,-4.00,"2,334",
113/02/23,"2,361,513","1,289,824,136",554.00,554.00,541.00,541.00,-11.00,"3,971",
113/02/26,"902,112","491,855,408",541.00,549.00,541.00,547.00,+6.00,"1,520",
113/02/27,"1,502,676","813,275,797",545.00,548.00,538.00,539.00,-8.00,"2,360",
113/02/29,"3,761,252","2,084,675,927",548.00,558.00,547.00,558.00,+19.00,"4,316",
113/03/01,"12,379,196","6,962,954,522",569.00,575.00,561.00,563.00,+5.00,"7,172",
113/03/04,"2,929,490","1,634,983,081",565.00,566.00,555.00,556.00,-7.00,"4,491",
113/03/05,"2,691,031","1,482,042,903",557.00,558.00,547.00,549.00,-7.00,"4,080",
113/03/06,"2,049,167","1,137,064,978",549.00,559.00,549.00,556.00,+7.00,"2,359",
113/03/07,"1,678,688","934,915,558",557.00,561.00,553.00,556.00, 0.00,"2,498",
113/03/08,"4,792,108","2,707,503,170",559.00,571.00,556.00,565.00,+9.00,"5,809",
113/03/11,"1,314,069","742,191,882",566.00,567.00,561.00,566.00,+1.00,"2,347",
113/03/12,"3,043,388","1,747,821,563",567.00,580.00,566.00,578.00,+12.00,"4,319",
113/03/13,"3,524,661","2,054,343,378",585.00,588.00,578.00,583.00,+5.00,"4,520",
113/03/14,"2,707,912","1,578,899,390",584.00,590.00,574.00,584.00,+1.00,"3,637",
113/03/15,"2,265,259","1,316,338,923",581.00,583.00,576.00,583.00,-1.00,"2,475",
113/03/18,"1,634,011","957,196,001",586.00,589.00,583.00,586.00,+3.00,"2,431",
113/03/19,"1,834,747","1,062,392,662",583.00,583.00,575.00,578.00,-8.00,"2,702",
113/03/20,"1,883,342","1,092,308,431",581.00,584.00,576.00,579.00,+1.00,"2,454",
113/03/21,"4,381,361","2,541,178,680",583.00,588.00,571.00,585.00,+6.00,"4,734",
113/03/22,"2,540,178","1,478,350,217",580.00,588.00,575.00,588.00,+3.00,"4,275",
113/03/25,"3,089,856","1,813,963,190",590.00,598.00,580.00,582.00,-6.00,"3,692",
113/03/26,"6,380,737","3,677,602,885",585.00,588.00,571.00,577.00,-5.00,"3,297",
113/03/27,"1,187,059","684,964,195",578.00,581.00,573.00,581.00,+4.00,"2,224",
113/03/28,"3,563,864","2,105,207,337",583.00,595.00,582.00,594.00,+13.00,"5,598",
113/03/29,"1,912,336","1,136,632,140",598.00,600.00,591.00,591.00,-3.00,"3,183",
113/04/01,"8,397,053","5,172,953,470",597.00,628.00,594.00,622.00,+31.00,"13,421",
113/04/02,"2,935,020","1,808,327,050",619.00,622.00,612.00,616.00,-6.00,"6,496",
113/04/03,"2,691,618","1,661,238,735",614.00,625.00,613.00,614.00,-2.00,"4,470",
113/04/08,"3,151,737","1,957,264,172",630.00,631.00,615.00,617.00,+3.00,"6,605",
113/04/09,"2,409,146","1,488,139,135",620.00,625.00,614.00,615.00,-2.00,"3,900",
113/04/10,"2,241,708","1,393,729,540",616.00,627.00,615.00,621.00,+6.00,"3,332",
113/04/11,"2,949,741","1,805,596,310",618.00,618.00,608.00,609.00,-12.00,"5,316",
113/04/12,"2,978,385","1,842,437,105",612.00,623.00,610.00,618.00,+9.00,"3,373",
113/04/15,"3,378,117","2,043,468,643",614.00,614.00,601.00,602.00,-16.00,"5,020",
113/04/16,"3,386,279","1,985,049,682",594.00,597.00,579.00,585.00,-17.00,"5,950",
113/04/17,"1,772,808","1,048,900,365",594.00,595.00,589.00,593.00,+8.00,"2,465",
113/04/18,"2,157,532","1,272,991,096",589.00,593.00,586.00,593.00, 0.00,"2,780",
113/04/19,"3,862,601","2,277,892,898",590.00,601.00,578.00,588.00,-5.00,"5,187",
113/04/22,"5,070,436","3,054,800,853",593.00,611.00,593.00,599.00,+11.00,"6,070",
113/04/23,"2,700,702","1,636,430,012",608.00,614.00,599.00,607.00,+8.00,"4,149",
113/04/24,"3,571,990","2,211,127,643",613.00,625.00,612.00,624.00,+17.00,"6,094",
113/04/25,"1,907,546","1,176,103,469",620.00,623.00,613.00,615.00,-9.00,"3,149",
113/04/26,"1,717,493","1,058,688,975",618.00,620.00,612.00,615.00, 0.00,"3,058",
113/04/29,"4,511,070","2,835,177,630",619.00,631.00,619.00,631.00,+16.00,"6,617",
113/04/30,"2,226,534","1,402,727,907",630.00,638.00,625.00,625.00,-6.00,"3,803",
113/05/02,"1,396,051","872,274,385",623.00,630.00,620.00,625.00, 0.00,"2,211",
113/05/03,"11,754,349","7,785,707,360",637.00,685.00,635.00,655.00,+30.00,"22,283",
113/05/06,"3,605,814","2,374,746,824",671.00,671.00,651.00,659.00,+4.00,"11,475",
113/05/07,"3,592,924","2,342,920,770",664.00,664.00,643.00,658.00,-1.00,"10,961",
113/05/08,"2,951,662","1,954,272,013",664.00,671.00,656.00,662.00,+4.00,"4,984",
113/05/09,"3,320,272","2,166,854,815",662.00,667.00,647.00,648.00,-14.00,"9,791",
113/05/10,"4,813,264","3,068,447,442",649.00,652.00,635.00,635.00,-13.00,"6,582",
113/05/13,"1,386,709","883,863,307",638.00,642.00,632.00,636.00,+1.00,"2,559",
113/05/14,"1,777,006","1,126,164,351",635.00,640.00,628.00,634.00,-2.00,"4,937",
113/05/15,"1,839,240","1,165,371,317",636.00,640.00,628.00,630.00,-4.00,"3,128",
113/05/16,"2,508,255","1,612,510,632",636.00,647.00,636.00,645.00,+15.00,"4,976",
113/05/17,"1,533,126","984,835,619",648.00,649.00,637.00,640.00,-5.00,"2,433",
113/05/20,"1,691,174","1,074,637,569",640.00,642.00,631.00,634.00,-6.00,"2,976",
113/05/21,"1,812,212","1,139,673,838",632.00,632.00,625.00,630.00,-4.00,"3,727",
113/05/22,"1,687,739","1,073,842,693",635.00,641.00,632.00,636.00,+6.00,"2,837",
113/05/23,"1,710,697","1,093,008,768",633.00,644.00,633.00,638.00,+2.00,"2,321",
113/05/24,"2,622,497","1,700,228,687",635.00,655.00,633.00,651.00,+13.00,"4,352",
113/05/27,"4,136,440","2,756,922,194",659.00,677.00,651.00,667.00,+16.00,"9,102",
113/05/28,"2,217,617","1,485,448,032",669.00,675.00,665.00,669.00,+2.00,"3,596",
113/05/29,"1,801,857","1,206,102,776",672.00,674.00,665.00,668.00,-1.00,"2,840",
113/05/30,"2,161,975","1,419,604,607",659.00,662.00,653.00,657.00,-11.00,"6,607",
113/05/31,"6,284,323","4,221,378,077",660.00,689.00,660.00,662.00,+5.00,"9,132",
113/06/03,"2,344,048","1,583,287,154",674.00,682.00,666.00,677.00,+15.00,"3,875",
113/06/04,"2,019,262","1,359,502,806",677.00,678.00,668.00,671.00,-6.00,"3,118",
113/06/05,"2,652,770","1,790,444,200",677.00,682.00,668.00,671.00, 0.00,"3,270",
113/06/06,"2,026,868","1,365,265,563",677.00,680.00,670.00,674.00,+3.00,"2,773",
113/06/07,"3,666,826","2,512,026,839",684.00,693.00,678.00,678.00,+4.00,"4,808",
113/06/11,"1,973,925","1,322,442,961",676.00,676.00,666.00,666.00,-12.00,"5,006",
113/06/12,"1,842,550","1,226,918,727",668.00,672.00,659.00,668.00,+2.00,"4,740",
113/06/13,"1,928,805","1,304,703,549",670.00,681.00,670.00,678.00,+10.00,"3,416",
113/06/14,"4,241,339","2,938,370,869",682.00,700.00,681.00,696.00,+18.00,"6,118",
113/06/17,"2,335,505","1,637,233,169",696.00,707.00,692.00,705.00,+9.00,"4,646",
113/06/18,"2,804,146","1,995,563,988",705.00,717.00,704.00,712.00,+7.00,"5,774",
113/06/19,"3,182,033","2,276,663,806",713.00,720.00,708.00,717.00,+5.00,"5,415",
113/06/20,"1,594,192","1,139,418,666",715.00,719.00,712.00,715.00,-2.00,"3,803",
113/06/21,"8,322,806","6,213,097,467",715.00,760.00,713.00,759.00,+44.00,"12,793",
113/06/24,"5,358,039","4,102,271,472",761.00,772.00,759.00,759.00, 0.00,"15,418",
113/06/25,"4,716,558","3,576,250,184",767.00,772.00,751.00,756.00,-3.00,"7,405",
113/06/26,"4,597,118","3,489,509,810",758.00,768.00,754.00,763.00,+7.00,"6,529",
113/06/27,"4,451,795","3,289,725,613",743.00,747.00,731.00,742.00,X0.00,"6,927",
113/06/28,"2,120,818","1,560,357,890",740.00,744.00,730.00,730.00,-12.00,"4,809",
113/08/01,"3,545,586","2,794,781,632",794.00,798.00,780.00,786.00,-6.00,"5,105",
113/08/02,"3,974,811","3,016,981,925",763.00,780.00,741.00,743.00,-43.00,"11,142",
113/08/05,"4,245,387","2,887,479,782",709.00,712.00,669.00,669.00,-74.00,"9,176",
113/08/06,"5,034,357","3,369,451,552",692.00,698.00,632.00,677.00,+8.00,"6,781",
113/08/07,"3,038,339","2,112,034,215",674.00,705.00,674.00,702.00,+25.00,"4,402",
113/08/08,"2,505,859","1,757,974,775",691.00,715.00,684.00,701.00,-1.00,"4,029",
113/08/09,"3,297,585","2,437,635,248",735.00,749.00,726.00,727.00,+26.00,"4,947",
113/08/12,"1,458,058","1,073,225,364",733.00,745.00,731.00,733.00,+6.00,"2,721",
113/08/13,"1,844,614","1,358,987,520",745.00,745.00,731.00,738.00,+5.00,"2,754",
113/08/14,"2,582,719","1,934,201,602",745.00,760.00,743.00,745.00,+7.00,"4,915",
113/08/15,"4,774,441","3,000,914,607",637.00,638.00,622.00,622.00,X0.00,"11,932",
113/08/16,"3,043,239","1,927,344,225",631.00,641.00,628.00,631.00,+9.00,"5,561",
113/08/19,"1,742,777","1,104,784,515",632.00,638.00,628.00,633.00,+2.00,"3,357",
113/08/20,"2,069,670","1,326,604,080",634.00,648.00,631.00,646.00,+13.00,"3,476",
113/08/21,"2,812,241","1,798,161,056",642.00,648.00,633.00,635.00,-11.00,"5,448",
113/08/22,"2,080,505","1,331,334,259",638.00,644.00,633.00,641.00,+6.00,"2,935",
113/08/23,"2,178,452","1,397,883,896",637.00,649.00,633.00,648.00,+7.00,"3,356",
113/08/26,"2,371,401","1,560,262,343",657.00,670.00,651.00,655.00,+7.00,"4,114",
113/08/27,"1,773,995","1,155,319,687",651.00,655.00,647.00,653.00,-2.00,"4,843",
113/08/28,"2,045,899","1,329,306,750",654.00,655.00,644.00,654.00,+1.00,"3,282",
113/08/29,"1,694,169","1,105,910,037",647.00,660.00,644.00,657.00,+3.00,"2,733",
113/08/30,"2,209,076","1,454,904,775",660.00,664.00,656.00,657.00, 0.00,"2,663",
113/09/02,"1,056,909","694,728,979",660.00,662.00,654.00,655.00,-2.00,"1,865",
113/09/03,"1,691,300","1,094,000,455",655.00,656.00,641.00,642.00,-13.00,"3,421",
113/09/04,"3,950,685","2,407,767,088",610.00,619.00,594.00,608.00,-34.00,"8,124",
113/09/05,"1,729,703","1,054,548,922",618.00,619.00,601.00,606.00,-2.00,"4,252",
113/09/06,"1,741,942","1,055,944,950",608.00,613.00,602.00,607.00,+1.00,"2,890",
113/09/09,"3,192,492","1,902,031,861",618.00,618.00,588.00,593.00,-14.00,"5,585",
113/09/10,"2,396,202","1,400,168,930",598.00,599.00,572.00,577.00,-16.00,"5,432",
113/09/11,"2,450,563","1,403,340,210",576.00,579.00,569.00,573.00,-4.00,"3,445",
113/09/12,"3,418,261","2,064,240,688",600.00,610.00,597.00,603.00,+30.00,"4,405",
113/09/13,"1,872,872","1,135,933,350",615.00,616.00,602.00,606.00,+3.00,"6,442",
113/09/16,"1,512,736","925,660,535",605.00,616.00,603.00,615.00,+9.00,"2,533",
113/09/18,"1,907,582","1,156,294,434",612.00,613.00,598.00,604.00,-11.00,"4,989",
113/09/19,"2,512,488","1,516,235,705",606.00,612.00,593.00,609.00,+5.00,"4,821",
113/09/20,"2,566,554","1,557,297,650",613.00,617.00,602.00,604.00,-5.00,"3,975",
113/09/23,"1,558,892","952,868,828",606.00,614.00,606.00,613.00,+9.00,"2,620",
113/09/24,"1,998,104","1,229,862,002",613.00,623.00,609.00,623.00,+10.00,"3,243",
113/09/25,"4,913,107","3,146,008,594",635.00,646.00,632.00,645.00,+22.00,"6,938",
113/09/26,"4,258,029","2,786,873,446",660.00,662.00,648.00,652.00,+7.00,"6,677",
113/09/27,"4,968,071","3,180,439,456",655.00,655.00,632.00,635.00,-17.00,"19,792",
113/09/30,"2,342,237","1,465,427,217",629.00,633.00,622.00,623.00,-12.00,"4,821",
113/10/01,"1,658,092","1,028,729,225",623.00,629.00,616.00,620.00,-3.00,"3,235",
113/10/04,"2,721,948","1,663,633,438",619.00,627.00,605.00,607.00,-13.00,"5,542",
113/10/07,"1,741,959","1,078,394,398",612.00,624.00,612.00,624.00,+17.00,"2,962",
113/10/08,"2,186,338","1,340,305,293",620.00,620.00,607.00,613.00,-11.00,"6,198",
113/10/09,"1,709,933","1,052,639,091",618.00,623.00,611.00,611.00,-2.00,"2,711",
113/10/11,"3,507,493","2,125,312,469",609.00,614.00,601.00,604.00,-7.00,"6,375",
113/10/14,"1,925,596","1,181,610,537",606.00,620.00,605.00,618.00,+14.00,"2,914",
113/10/15,"2,194,228","1,370,519,425",624.00,628.00,618.00,625.00,+7.00,"3,947",
113/10/16,"2,507,851","1,549,739,408",617.00,625.00,607.00,621.00,-4.00,"2,969",
113/10/17,"2,109,533","1,304,456,525",618.00,623.00,613.00,619.00,-2.00,"2,778",
113/10/18,"2,299,320","1,434,506,635",624.00,627.00,619.00,624.00,+5.00,"3,052",
113/10/21,"1,628,457","1,020,450,559",630.00,632.00,623.00,628.00,+4.00,"2,415",
113/10/22,"3,281,648","2,040,544,064",626.00,626.00,618.00,620.00,-8.00,"3,627",
113/10/23,"2,723,377","1,667,276,346",615.00,617.00,609.00,614.00,-6.00,"5,156",
113/10/24,"1,716,538","1,049,228,442",610.00,616.00,608.00,610.00,-4.00,"2,705",
113/10/25,"829,947","508,440,896",609.00,615.00,609.00,615.00,+5.00,"1,617",
113/10/28,"1,708,286","1,040,489,286",615.00,617.00,606.00,613.00,-2.00,"3,027",
113/10/29,"4,251,756","2,519,028,023",608.00,612.00,585.00,591.00,-22.00,"11,425",
113/10/30,"9,889,103","5,578,712,672",577.00,580.00,557.00,558.00,-33.00,"20,129",
113/11/01,"4,352,043","2,346,102,392",531.00,548.00,527.00,545.00,-13.00,"7,964",
113/11/04,"1,744,622","950,729,186",546.00,550.00,541.00,543.00,-2.00,"3,577",
113/11/05,"2,274,197","1,228,172,820",539.00,545.00,537.00,538.00,-5.00,"4,952",
113/11/06,"3,588,836","1,919,093,668",538.00,543.00,531.00,534.00,-4.00,"6,091",
113/11/07,"3,054,423","1,676,033,295",536.00,555.00,535.00,551.00,+17.00,"4,625",
113/11/08,"3,527,838","1,959,768,642",561.00,563.00,548.00,548.00,-3.00,"5,287",
113/11/11,"1,478,581","815,820,316",545.00,558.00,541.00,557.00,+9.00,"2,532",
113/11/12,"2,643,975","1,452,180,618",547.00,558.00,545.00,545.00,-12.00,"4,216",
113/11/13,"1,880,195","1,037,077,746",548.00,556.00,547.00,551.00,+6.00,"2,421",
113/11/14,"3,067,921","1,657,767,921",552.00,555.00,534.00,534.00,-17.00,"5,276",
113/11/15,"2,406,923","1,287,425,923",534.00,542.00,532.00,533.00,-1.00,"4,007",
113/11/18,"1,888,874","1,002,419,202",532.00,535.00,527.00,530.00,-3.00,"3,398",
113/11/19,"1,757,268","938,278,200",532.00,538.00,528.00,535.00,+5.00,"2,366",
113/11/20,"2,761,399","1,462,741,239",535.00,538.00,526.00,526.00,-9.00,"5,556",
113/11/21,"1,754,482","931,999,142",526.00,535.00,521.00,534.00,+8.00,"2,574",
113/11/22,"1,643,541","885,075,381",536.00,541.00,535.00,537.00,+3.00,"2,166",
113/11/25,"1,979,648","1,070,112,043",542.00,545.00,539.00,539.00,+2.00,"2,027",
113/11/26,"1,560,546","842,421,386",539.00,547.00,535.00,535.00,-4.00,"2,424",
113/11/27,"2,795,669","1,473,188,294",534.00,537.00,521.00,521.00,-14.00,"5,554",
113/11/28,"5,278,575","2,688,559,348",521.00,521.00,502.00,508.00,-13.00,"8,794",
113/11/29,"2,359,873","1,213,978,395",504.00,519.00,504.00,514.00,+6.00,"3,014",
113/12/02,"2,356,719","1,234,375,047",523.00,529.00,520.00,520.00,+6.00,"3,628",
113/12/03,"4,483,457","2,376,995,647",532.00,539.00,525.00,525.00,+5.00,"5,543",
113/12/04,"5,138,985","2,787,437,150",530.00,553.00,527.00,545.00,+20.00,"7,289",
113/12/05,"4,936,540","2,692,690,005",555.00,555.00,538.00,542.00,-3.00,"6,685",
113/12/06,"1,748,474","943,447,875",541.00,546.00,535.00,536.00,-6.00,"4,035",
113/12/09,"2,087,441","1,121,970,935",537.00,541.00,534.00,535.00,-1.00,"3,197",
113/12/10,"2,117,309","1,143,782,898",540.00,546.00,536.00,538.00,+3.00,"2,969",
113/12/11,"2,380,822","1,262,773,058",531.00,535.00,526.00,528.00,-10.00,"4,558",
113/12/12,"1,632,776","863,777,653",535.00,535.00,525.00,526.00,-2.00,"3,091",
113/12/13,"2,575,791","1,333,044,888",523.00,523.00,513.00,515.00,-11.00,"6,343",
113/12/16,"1,707,341","886,986,465",519.00,523.00,515.00,520.00,+5.00,"2,731",
113/12/17,"1,919,801","1,014,188,029",520.00,533.00,519.00,527.00,+7.00,"2,696",
113/12/18,"1,632,905","869,369,710",527.00,535.00,526.00,535.00,+8.00,"2,565",
113/12/19,"1,846,509","972,659,308",525.00,530.00,524.00,526.00,-9.00,"2,639",
113/12/20,"1,428,582","753,119,566",526.00,532.00,525.00,525.00,-1.00,"1,899",
113/12/23,"1,322,926","706,709,402",533.00,537.00,531.00,534.00,+9.00,"1,947",
113/12/24,"1,068,019","568,633,978",537.00,538.00,529.00,529.00,-5.00,"2,234",
113/12/25,"775,446","413,386,440",532.00,535.00,530.00,533.00,+4.00,"1,426",
113/12/26,"3,163,882","1,715,120,591",536.00,547.00,536.00,543.00,+10.00,"4,801",
113/12/27,"1,095,130","591,671,801",541.00,543.00,538.00,539.00,-4.00,"2,046",
113/12/30,"1,083,093","583,117,745",539.00,542.00,536.00,536.00,-3.00,"1,960",
113/12/31,"1,435,476","771,439,242",536.00,542.00,532.00,541.00,+5.00,"2,141",
114/01/02,"1,746,133","943,183,892",538.00,545.00,536.00,538.00,-3.00,"2,642",
114/01/03,"4,991,866","2,734,830,206",543.00,553.00,541.00,547.00,+9.00,"5,892",
114/01/06,"5,468,546","3,062,107,035",552.00,569.00,547.00,569.00,+22.00,"8,251",
114/01/07,"4,269,240","2,422,214,366",573.00,574.00,563.00,563.00,-6.00,"5,548",
114/01/08,"4,475,900","2,536,522,791",562.00,576.00,561.00,564.00,+1.00,"5,943",
114/01/09,"3,357,754","1,849,408,871",561.00,561.00,542.00,542.00,-22.00,"6,747",
114/01/10,"1,843,663","993,733,546",542.00,547.00,534.00,536.00,-6.00,"3,494",
114/01/13,"2,902,536","1,507,850,203",532.00,532.00,514.00,516.00,-20.00,"6,159",
114/01/14,"1,064,861","555,170,171",514.00,526.00,514.00,524.00,+8.00,"2,062",
114/01/15,"1,710,396","899,100,717",527.00,531.00,520.00,523.00,-1.00,"2,232",
114/01/16,"2,207,035","1,164,680,492",530.00,533.00,524.00,525.00,+2.00,"2,807",
114/01/17,"1,293,223","675,354,967",530.00,530.00,519.00,521.00,-4.00,"2,550",
114/01/20,"654,115","342,985,067",522.00,527.00,519.00,527.00,+6.00,"1,510",
114/01/21,"1,087,069","576,458,789",526.00,533.00,525.00,529.00,+2.00,"1,784",
114/01/22,"1,417,301","756,277,895",531.00,537.00,528.00,537.00,+8.00,"2,330",
114/02/03,"2,978,083","1,544,736,010",529.00,529.00,513.00,519.00,-18.00,"5,406",
114/02/04,"3,316,001","1,769,930,292",526.00,548.00,526.00,534.00,+15.00,"4,124",
114/02/05,"9,157,452","5,155,738,217",541.00,576.00,541.00,569.00,+35.00,"12,411",
114/02/06,"8,821,955","5,107,451,200",578.00,591.00,569.00,571.00,+2.00,"17,975",
114/02/07,"3,103,063","1,766,604,379",572.00,574.00,566.00,571.00, 0.00,"9,758",
114/02/10,"3,288,121","1,893,342,562",569.00,582.00,568.00,575.00,+4.00,"5,549",
114/02/11,"1,994,458","1,149,743,845",578.00,580.00,573.00,575.00, 0.00,"3,494",
114/02/12,"2,460,823","1,419,864,190",580.00,581.00,572.00,578.00,+3.00,"3,428",
114/02/13,"6,280,917","3,697,698,351",582.00,595.00,580.00,593.00,+15.00,"9,122",
114/02/14,"5,170,905","3,070,326,217",595.00,604.00,587.00,588.00,-5.00,"8,581",
114/02/17,"2,562,113","1,501,394,258",588.00,590.00,583.00,586.00,-2.00,"4,444",
114/02/18,"1,942,756","1,144,857,881",585.00,593.00,583.00,593.00,+7.00,"2,995",
114/02/19,"1,805,939","1,068,980,684",593.00,597.00,588.00,590.00,-3.00,"2,959",
114/02/20,"1,625,457","963,401,674",589.00,596.00,588.00,595.00,+5.00,"3,096",
114/02/21,"1,783,643","1,065,654,706",598.00,602.00,594.00,598.00,+3.00,"3,222",
114/02/24,"2,220,805","1,312,880,432",592.00,595.00,588.00,594.00,-4.00,"3,818",
114/02/25,"4,182,949","2,433,593,471",585.00,587.00,576.00,581.00,-13.00,"5,533",
114/02/26,"2,880,305","1,671,370,263",577.00,583.00,575.00,583.00,+2.00,"3,707",
114/02/27,"4,651,601","2,657,233,329",584.00,585.00,566.00,566.00,-17.00,"6,974",
114/03/03,"5,974,164","3,245,094,718",548.00,550.00,537.00,540.00,-26.00,"9,221",
114/03/04,"3,250,951","1,772,988,199",532.00,553.00,531.00,552.00,+12.00,"4,145",
114/03/05,"2,655,616","1,455,253,768",547.00,551.00,545.00,548.00,-4.00,"4,148",
114/03/06,"1,868,618","1,021,787,885",553.00,554.00,543.00,543.00,-5.00,"3,744",
114/03/07,"2,506,935","1,347,311,383",537.00,542.00,535.00,535.00,-8.00,"4,782",
114/03/10,"2,837,797","1,497,338,212",536.00,537.00,525.00,525.00,-10.00,"6,298",
114/03/11,"3,235,867","1,669,730,804",514.00,522.00,505.00,522.00,-3.00,"7,422",
114/03/12,"2,222,509","1,186,920,433",522.00,538.00,521.00,537.00,+15.00,"3,467",
114/03/13,"2,371,287","1,256,757,940",541.00,544.00,521.00,521.00,-16.00,"4,753",
114/03/14,"1,370,728","716,955,349",525.00,527.00,518.00,523.00,+2.00,"3,386",
114/03/17,"1,023,930","540,146,942",529.00,531.00,525.00,526.00,+3.00,"1,886",
114/03/18,"1,754,545","940,696,712",532.00,540.00,530.00,540.00,+14.00,"2,456",
114/03/19,"1,808,741","960,755,829",540.00,541.00,527.00,529.00,-11.00,"3,418",
114/03/20,"1,126,723","603,414,820",537.00,539.00,532.00,538.00,+9.00,"1,745",
114/03/21,"1,923,537","1,026,103,938",536.00,538.00,532.00,533.00,-5.00,"1,839",
114/03/24,"1,693,061","892,788,400",535.00,538.00,523.00,523.00,-10.00,"3,382",
114/03/25,"1,583,060","827,848,623",529.00,530.00,520.00,522.00,-1.00,"2,839",
114/03/26,"903,973","477,655,085",526.00,530.00,525.00,530.00,+8.00,"2,247",
114/03/27,"997,008","523,126,915",525.00,529.00,522.00,529.00,-1.00,"2,411",
114/03/28,"2,422,459","1,245,618,273",524.00,524.00,508.00,510.00,-19.00,"6,330",
114/03/31,"3,869,149","1,874,220,466",491.00,495.50,476.00,481.00,-29.00,"8,683",
114/04/01,"2,500,953","1,218,558,292",487.00,492.00,482.00,488.50,+7.50,"3,242",
114/04/02,"4,350,509","2,234,787,383",488.50,523.00,486.50,523.00,+34.50,"5,952",
114/04/07,"478,867","225,546,357",471.00,471.00,471.00,471.00,-52.00,"2,355",
114/04/08,"8,081,870","3,464,921,245",428.50,449.00,424.00,427.50,-43.50,"11,661",
114/04/09,"9,301,061","3,728,381,745",405.50,419.50,386.00,386.50,-41.00,"13,111",
114/04/10,"1,077,542","457,955,350",425.00,425.00,425.00,425.00,+38.50,903,
114/04/11,"6,331,525","2,715,979,326",409.50,439.00,405.00,438.00,+13.00,"7,233",
114/04/14,"5,528,552","2,507,558,624",445.00,463.00,445.00,452.00,+14.00,"6,556",
114/04/15,"2,190,581","1,010,262,989",454.00,466.00,452.00,463.00,+11.00,"3,259",
114/04/16,"2,543,654","1,155,338,527",456.00,463.00,449.00,450.00,-13.00,"5,341",
114/04/17,"1,958,628","884,079,206",447.50,457.00,442.50,457.00,+7.00,"2,516",
114/04/18,"5,959,454","2,737,035,531",477.00,479.00,451.00,455.00,-2.00,"7,764",
114/04/21,"2,784,155","1,251,056,854",455.00,462.50,440.00,442.00,-13.00,"4,311",
114/04/22,"1,874,547","819,630,732",437.00,443.50,432.00,436.00,-6.00,"2,856",
114/04/23,"2,385,229","1,076,376,327",449.00,456.50,446.50,454.50,+18.50,"3,039",
114/04/24,"1,574,286","706,160,834",454.50,454.50,445.50,445.50,-9.00,"2,665",
114/04/25,"2,002,676","914,483,288",455.50,460.00,453.50,456.00,+10.50,"2,965",
114/04/28,"1,843,819","847,270,359",460.50,463.00,456.50,458.00,+2.00,"2,389",
114/04/29,"1,363,897","629,597,505",458.00,464.00,458.00,461.50,+3.50,"1,993",
114/04/30,"2,075,357","959,173,885",460.00,469.00,456.00,459.00,-2.50,"3,257",
114/05/02,"1,838,277","852,643,734",464.00,467.00,459.00,464.00,+5.00,"2,778",
114/05/05,"3,167,489","1,427,113,257",467.50,467.50,440.00,449.00,-15.00,"4,503",
114/05/06,"1,434,578","647,517,186",449.00,455.50,446.50,453.50,+4.50,"2,135",
114/05/07,"1,301,685","590,051,772",458.00,459.00,449.00,450.00,-3.50,"1,911",
114/05/08,"2,540,821","1,177,632,913",454.50,467.50,453.00,464.00,+14.00,"3,323",
114/05/09,"1,945,362","903,736,477",466.50,469.00,461.00,464.50,+0.50,"2,394",
114/05/12,"2,538,692","1,216,972,120",469.50,485.00,468.50,485.00,+20.50,"4,180",
114/05/13,"3,367,189","1,634,897,941",495.00,496.00,480.00,480.50,-4.50,"4,802",
114/05/14,"2,323,061","1,132,635,216",488.00,490.50,482.50,490.00,+9.50,"3,328",
114/05/15,"1,750,550","857,076,736",493.00,493.00,486.50,489.00,-1.00,"2,399",
114/05/16,"2,176,837","1,063,775,579",490.00,498.50,486.50,498.00,+9.00,"3,076",
114/05/19,"2,576,828","1,251,845,782",496.00,496.00,480.00,480.00,-18.00,"4,550",
114/05/20,"2,179,925","1,044,912,078",482.00,484.00,476.00,476.00,-4.00,"3,020",
114/05/21,"2,069,389","1,004,690,808",477.00,489.50,477.00,489.00,+13.00,"2,390",
114/05/22,"1,136,787","551,889,405",483.00,489.00,482.50,488.00,-1.00,"1,697",
114/05/23,"1,236,892","599,364,917",491.00,491.00,481.00,481.00,-7.00,"2,224",
114/05/26,"913,826","440,440,652",482.50,485.00,478.50,480.50,-0.50,"1,730",
114/05/27,"1,351,175","648,597,536",484.00,486.00,475.50,479.00,-1.50,"2,155",
114/05/28,"2,572,683","1,250,381,166",487.00,492.00,480.50,485.00,+6.00,"3,177",
114/05/29,"3,181,276","1,560,173,626",489.00,493.50,487.50,490.00,+5.00,"3,607",
114/06/02,"2,239,877","1,076,091,117",490.00,490.00,476.00,479.00,-11.00,"3,488",
114/06/03,"1,816,545","881,251,342",483.00,488.00,481.50,487.00,+8.00,"2,382",
114/06/04,"3,625,879","1,814,930,414",494.00,507.00,492.00,505.00,+18.00,"5,562",
114/06/05,"2,866,134","1,441,254,051",506.00,510.00,498.00,500.00,-5.00,"4,300",
114/06/06,"1,877,073","929,188,205",503.00,503.00,492.00,493.50,-6.50,"3,468",
114/06/09,"2,980,364","1,504,166,206",499.50,509.00,499.50,503.00,+9.50,"4,029",
114/06/10,"4,100,959","2,027,768,321",495.00,497.00,492.00,497.00,-6.00,"5,893",
114/06/11,"3,332,711","1,645,912,037",499.00,499.00,490.00,494.50,-2.50,"5,430",
114/06/12,"3,905,991","1,914,619,215",495.00,498.00,487.00,487.00,-7.50,"6,665",
114/06/13,"3,441,325","1,613,309,407",467.50,473.50,463.00,471.50,X0.00,"5,969",
114/06/16,"2,120,215","1,012,295,884",471.00,481.00,469.00,479.50,+8.00,"3,202",
114/06/17,"2,811,124","1,344,761,178",480.00,482.00,476.00,476.00,-3.50,"3,715",
114/06/18,"1,764,775","837,461,486",473.50,478.00,472.50,472.50,-3.50,"3,219",
114/06/19,"2,838,643","1,318,420,420",472.50,475.00,460.50,461.00,-11.50,"5,931",
114/06/20,"9,044,310","4,122,814,444",461.00,465.00,451.00,455.50,-5.50,"5,382",
114/06/23,"1,735,274","783,042,132",450.00,454.50,447.00,454.50,-1.00,"3,031",
114/06/24,"3,247,021","1,536,283,094",463.50,478.00,462.50,473.50,+19.00,"4,777",
114/06/25,"2,418,842","1,153,168,455",479.00,481.00,473.50,477.00,+3.50,"2,848",
114/06/26,"2,282,651","1,093,688,351",479.50,481.50,476.00,479.00,+2.00,"2,603",
114/06/27,"5,003,916","2,455,589,541",482.00,496.00,481.50,490.50,+11.50,"6,692",
114/06/30,"1,626,541","792,270,263",490.50,491.50,485.00,485.00,-5.50,"2,763",
114/07/01,"1,512,874","742,191,452",489.00,494.50,488.00,489.50,+4.50,"2,447",
114/07/02,"2,433,913","1,204,727,329",489.00,497.50,488.00,496.50,+7.00,"3,321",
114/07/03,"2,385,100","1,191,200,320",500.00,502.00,496.00,499.50,+3.00,"3,484",
114/07/04,"2,861,027","1,410,975,401",502.00,506.00,488.00,488.00,-11.50,"5,669",
114/07/07,"1,451,247","702,777,541",489.50,491.00,481.00,484.50,-3.50,"2,453",
114/07/08,"1,100,231","530,161,395",485.00,486.00,479.00,481.50,-3.00,"2,007",
114/07/09,"2,136,844","1,049,287,081",486.00,495.50,486.00,490.50,+9.00,"3,026",
114/07/10,"1,703,510","835,448,855",492.00,493.00,487.50,492.00,+1.50,"2,357",
114/07/11,"1,798,473","878,434,244",492.00,494.50,486.00,487.00,-5.00,"4,178",
114/07/14,"1,191,727","580,164,195",490.00,490.50,483.00,488.50,+1.50,"2,151",
114/07/15,"2,785,179","1,385,733,570",491.50,503.00,488.00,500.00,+11.50,"4,907",
114/07/16,"3,235,079","1,632,857,382",501.00,512.00,500.00,502.00,+2.00,"4,940",
114/07/17,"2,550,137","1,291,586,113",505.00,512.00,497.50,510.00,+8.00,"4,287",
114/07/18,"2,010,868","1,030,387,032",515.00,517.00,509.00,512.00,+2.00,"3,380",
114/07/21,"1,514,555","778,813,582",511.00,517.00,511.00,513.00,+1.00,"2,599",
114/07/22,"2,722,161","1,388,442,853",514.00,518.00,504.00,505.00,-8.00,"4,587",
114/07/23,"5,168,524","2,717,920,050",510.00,535.00,510.00,531.00,+26.00,"8,801",
114/07/24,"2,252,965","1,198,576,807",535.00,535.00,526.00,533.00,+2.00,"3,825",
114/07/25,"1,714,829","913,193,001",533.00,537.00,529.00,530.00,-3.00,"3,168",
114/07/28,"1,468,355","781,289,486",531.00,536.00,526.00,532.00,+2.00,"3,506",
114/07/29,"2,730,991","1,461,674,063",530.00,543.00,529.00,535.00,+3.00,"4,331",
114/07/30,"4,994,575","2,618,161,911",538.00,539.00,518.00,523.00,-12.00,"10,349",
114/07/31,"2,881,072","1,517,671,616",523.00,531.00,522.00,530.00,+7.00,"3,880",
114/08/01,"3,692,310","1,980,579,588",523.00,545.00,521.00,539.00,+9.00,"5,460",
114/08/04,"1,844,596","980,764,106",532.00,537.00,527.00,535.00,-4.00,"3,756",
114/08/05,"6,201,081","3,415,813,497",543.00,562.00,543.00,550.00,+15.00,"6,892",
114/08/06,"4,048,466","2,194,764,845",550.00,551.00,538.00,541.00,-9.00,"7,862",
114/08/07,"2,203,634","1,206,510,734",547.00,551.00,544.00,545.00,+4.00,"3,550",
114/08/08,"1,571,902","858,707,948",545.00,550.00,544.00,545.00, 0.00,"2,733",
114/08/11,"1,975,380","1,068,170,347",542.00,544.00,532.00,542.00,-3.00,"3,403",
114/08/12,"1,426,843","772,481,381",542.00,544.00,538.00,542.00, 0.00,"2,823",
114/08/13,"2,996,695","1,637,693,545",545.00,550.00,542.00,546.00,+4.00,"4,559",
114/08/25,"26,586,959","3,792,278,409",142.00,145.50,140.00,143.00,X0.00,"19,819",**
114/08/26,"25,422,011","3,536,782,673",142.50,142.50,137.00,138.50,-4.50,"20,705",
114/08/27,"14,075,972","1,929,524,792",139.00,139.50,136.00,136.50,-2.00,"12,094",
114/08/28,"11,597,589","1,596,646,757",138.50,139.50,136.50,137.00,+0.50,"9,270",
114/08/29,"11,297,247","1,572,302,203",138.50,141.00,137.00,139.50,+2.50,"9,034",
114/09/01,"11,001,341","1,492,714,736",139.50,139.50,132.50,135.00,-4.50,"10,713",
114/09/02,"9,207,176","1,244,996,842",135.50,137.50,134.00,134.50,-0.50,"5,871",
114/09/03,"9,440,879","1,275,304,783",135.50,136.00,134.50,135.00,+0.50,"5,546",
114/09/04,"7,113,616","967,952,567",136.00,137.50,135.00,135.50,+0.50,"5,616",
114/09/05,"8,392,457","1,136,547,786",137.00,137.00,134.50,135.00,-0.50,"5,105",
114/09/08,"10,160,518","1,398,258,775",135.50,139.50,135.50,137.50,+2.50,"6,960",
114/09/09,"9,238,465","1,286,523,285",139.50,140.50,138.00,138.50,+1.00,"7,614",
114/09/10,"16,143,693","2,279,596,805",139.00,143.50,138.00,142.50,+4.00,"12,522",
114/09/11,"13,859,317","1,940,114,669",143.50,143.50,137.50,138.00,-4.50,"12,036",
114/09/12,"61,357,892","9,193,068,538",142.50,151.50,142.00,151.50,+13.50,"41,770",
114/09/15,"50,183,608","7,568,003,519",153.00,154.00,147.50,151.00,-0.50,"39,922",
114/09/16,"23,000,759","3,424,923,560",151.00,151.50,146.50,149.50,-1.50,"17,741",
114/09/17,"66,673,036","10,435,876,682",150.00,161.00,150.00,156.00,+6.50,"44,552",
114/09/18,"36,822,465","5,777,838,403",158.50,159.00,154.00,158.00,+2.00,"32,277",
114/09/19,"111,219,401","19,018,356,627",159.00,173.50,158.50,173.50,+15.50,"63,306",
114/09/22,"129,199,080","23,244,255,224",176.50,185.00,175.50,178.50,+5.00,"89,374",
114/09/23,"49,084,617","8,700,858,965",180.50,180.50,175.50,176.00,-2.50,"40,803",
114/09/24,"61,397,555","10,907,133,632",177.50,182.00,172.50,180.00,+4.00,"48,150",
114/09/25,"67,772,765","11,710,003,455",178.00,178.50,169.00,169.50,-10.50,"62,872",
114/09/26,"66,026,298","11,064,888,124",168.50,173.00,164.00,166.00,-3.50,"50,580",
114/09/30,"26,858,428","4,544,345,369",168.00,172.00,166.50,170.00,+4.00,"22,337",
114/10/01,"35,481,550","6,113,282,870",172.50,176.50,169.00,170.00, 0.00,"29,616",
114/10/02,"26,146,020","4,492,976,497",173.00,175.00,170.00,170.50,+0.50,"18,965",
114/10/03,"34,666,286","6,021,841,021",172.50,176.50,171.50,175.50,+5.00,"26,403",
114/10/07,"88,621,191","16,242,869,248",179.00,190.00,178.00,184.50,+9.00,"65,715",
114/10/08,"44,876,408","8,213,489,728",184.50,186.00,180.00,185.50,+1.00,"50,709",
114/10/09,"50,811,084","9,456,056,220",188.50,191.50,183.00,183.50,-2.00,"42,118",
114/10/13,"38,500,383","6,800,115,725",174.50,178.50,174.00,178.00,-5.50,"34,901",
114/10/14,"46,992,361","8,225,094,177",180.50,181.00,171.50,172.00,-6.00,"42,875",
114/10/15,"18,226,106","3,172,044,958",172.50,176.00,171.00,175.00,+3.00,"14,909",
114/10/16,"24,599,827","4,405,731,604",176.50,182.00,175.50,179.50,+4.50,"20,512",
114/10/17,"59,203,086","10,919,769,496",178.50,186.50,178.50,184.50,+5.00,"46,210",
114/10/20,"90,463,570","17,523,372,156",190.50,198.00,188.00,196.00,+11.50,"84,702",
114/10/21,"127,719,747","26,093,451,235",198.50,208.50,196.50,205.00,+9.00,"129,743",
114/10/22,"72,681,103","14,998,615,512",206.50,208.50,203.00,208.00,+3.00,"97,180",
114/10/23,"136,153,709","30,493,684,940",207.50,228.50,207.00,226.00,+18.00,"100,168",
114/10/27,"116,952,778","28,484,589,171",243.50,248.50,237.50,248.50,+22.50,"135,410",
114/10/28,"81,186,948","19,948,747,023",247.00,248.00,242.50,246.00,-2.50,"73,253",
114/10/29,"85,182,212","21,240,241,034",254.00,262.00,243.00,247.50,+1.50,"91,254",
114/10/30,"84,014,804","20,992,242,640",248.50,259.00,243.00,249.00,+1.50,"91,090",
114/10/31,"54,767,451","13,687,439,008",247.00,254.50,245.50,249.00, 0.00,"70,152",
114/11/03,"72,740,906","18,614,322,600",255.00,262.00,251.00,254.00,+5.00,"85,242",
114/11/04,"77,951,134","19,052,678,483",254.50,255.00,238.00,238.00,-16.00,"92,640",
114/11/05,"70,796,868","16,240,358,226",225.00,235.00,224.00,233.50,-4.50,"70,650",
114/11/06,"38,857,510","9,238,159,519",238.00,241.00,234.00,240.00,+6.50,"38,555",
114/11/07,"29,782,844","6,985,780,682",237.00,238.50,231.00,234.50,-5.50,"30,885",
114/11/10,"36,070,903","8,335,977,461",234.50,237.50,228.00,230.00,-4.50,"36,017",
114/11/11,"29,138,214","6,804,626,854",235.00,237.50,230.50,230.50,+0.50,"33,840",
114/11/12,"28,090,248","6,523,357,216",234.00,236.00,228.00,230.50, 0.00,"28,337",
114/11/13,"88,111,153","21,129,573,768",232.00,244.50,229.00,243.50,+13.00,"74,064",
114/11/14,"51,925,649","12,299,666,107",238.00,241.50,233.50,233.50,-10.00,"52,762",
114/11/17,"39,149,017","9,003,514,149",236.00,236.00,226.00,226.50,-7.00,"43,161",
114/11/18,"61,201,688","14,237,123,998",227.00,240.00,227.00,229.00,+2.50,"60,838",
114/11/19,"50,036,577","11,495,984,982",233.00,237.00,223.00,225.00,-4.00,"71,564",
114/11/20,"30,617,819","7,104,891,659",233.00,236.50,229.00,230.50,+5.50,"35,752",
114/11/21,"37,314,999","8,553,604,143",226.00,232.50,225.50,229.00,-1.50,"40,375",
114/11/24,"33,967,012","7,886,264,155",232.00,235.00,227.50,232.50,+3.50,"24,652",
114/11/25,"30,781,524","7,126,450,442",236.50,238.00,227.50,228.50,-4.00,"33,003",
114/11/26,"18,764,898","4,324,032,814",230.50,232.50,227.50,232.00,+3.50,"17,204",
114/11/27,"30,143,908","7,094,544,896",233.00,238.00,232.00,236.00,+4.00,"26,347",
114/11/28,"44,258,058","10,513,854,363",242.00,244.50,234.00,235.00,-1.00,"35,973",
114/12/01,"21,310,865","4,913,428,897",235.00,235.00,229.00,229.00,-6.00,"21,953",
114/12/02,"16,762,962","3,846,300,359",230.00,232.50,227.00,227.50,-1.50,"17,875",
114/12/03,"21,795,359","5,082,061,494",230.00,236.00,229.50,232.50,+5.00,"19,061",
114/12/04,"16,506,555","3,888,329,977",234.50,237.50,233.50,236.00,+3.50,"16,072",
114/12/05,"14,793,856","3,502,978,259",236.50,238.00,235.00,237.00,+1.00,"14,682",
114/12/08,"16,538,790","3,921,233,396",238.50,240.00,234.50,237.00, 0.00,"21,530",
114/12/09,"24,833,259","5,942,992,654",239.50,241.00,237.50,239.50,+2.50,"25,610",
114/12/10,"65,282,526","16,026,348,125",241.00,248.50,238.50,245.50,+6.00,"56,181",
114/12/11,"47,383,415","11,410,278,703",248.00,248.00,236.00,236.00,-9.50,"59,944",
114/12/12,"17,471,097","4,116,168,528",237.50,238.50,233.50,237.50,+1.50,"19,874",
114/12/15,"17,657,814","4,100,406,171",233.00,235.00,231.00,231.00,-6.50,"24,602",
114/12/16,"27,711,663","6,223,145,239",230.00,230.50,220.00,223.00,-8.00,"37,139",
114/12/17,"14,299,261","3,187,646,415",224.50,225.50,220.50,221.00,-2.00,"16,743",
114/12/18,"15,697,164","3,446,667,194",220.00,223.00,218.00,218.00,-3.00,"16,353",
114/12/19,"15,740,304","3,499,169,575",222.00,224.50,220.00,222.00,+4.00,"10,838",
114/12/22,"10,106,573","2,282,975,965",224.50,227.50,223.50,226.00,+4.00,"9,832",
114/12/23,"10,615,102","2,378,566,187",227.50,227.50,222.50,222.50,-3.50,"12,968",
114/12/24,"10,850,599","2,428,385,197",224.00,227.00,222.00,222.50, 0.00,"11,870",
114/12/26,"7,964,147","1,779,280,736",224.00,225.00,222.00,224.00,+1.50,"8,863",
114/12/29,"10,560,205","2,359,724,726",225.00,226.00,222.50,222.50,-1.50,"11,935",
114/12/30,"19,685,740","4,407,275,990",222.50,226.50,220.50,225.50,+3.00,"19,354",
114/12/31,"34,451,930","7,876,735,057",225.50,232.50,222.50,231.00,+5.50,"29,138",
115/01/02,"53,713,523","12,828,394,368",232.50,243.00,230.00,241.00,+10.00,"47,894",
115/01/05,"65,325,049","15,981,385,503",245.00,249.00,239.00,244.00,+3.00,"75,728",
115/01/06,"62,212,026","15,646,782,550",248.00,254.00,247.00,253.50,+9.50,"66,974",
115/01/07,"47,713,033","12,221,493,091",257.00,260.00,252.50,253.00,-0.50,"55,922",
115/01/08,"57,300,090","13,959,031,035",256.00,256.50,236.00,237.50,-15.50,"110,910",
115/01/09,"38,572,406","9,278,825,317",238.50,244.50,234.50,241.50,+4.00,"26,068",
115/01/12,"31,140,755","7,733,285,156",244.50,253.00,242.50,247.50,+6.00,"38,443",
115/01/13,"90,857,613","23,149,792,553",252.00,260.50,248.00,260.50,+13.00,"73,751",
115/01/14,"132,227,219","36,584,830,068",268.00,285.00,265.50,278.50,+18.00,"165,981",
115/01/15,"75,275,965","20,896,208,084",280.00,285.00,272.50,273.50,-5.00,"113,000",
115/01/16,"82,271,534","22,891,589,996",279.00,284.00,268.00,283.00,+9.50,"81,506",
115/01/19,"104,664,743","30,406,176,353",285.00,300.00,278.00,295.50,+12.50,"101,673",
115/01/20,"55,119,559","15,889,372,422",289.00,292.00,285.00,289.50,-6.00,"69,860",
115/01/21,"57,194,515","16,039,704,417",282.00,287.50,277.00,277.50,-12.00,"61,059",
115/01/22,"75,944,863","22,542,225,851",287.50,300.00,286.50,296.00,+18.50,"72,680",
115/01/23,"42,463,846","12,573,229,952",302.00,304.50,290.50,291.50,-4.50,"70,021",
115/01/26,"24,894,313","7,168,693,779",293.50,294.00,285.00,287.00,-4.50,"30,344",
115/01/27,"28,786,711","8,412,782,144",288.50,295.00,288.00,295.00,+8.00,"27,574",
115/01/28,"46,590,172","13,386,817,119",297.00,297.00,282.00,285.50,-9.50,"66,820",
115/01/29,"39,011,564","10,875,713,457",286.00,286.00,275.00,277.00,-8.50,"47,797",
115/01/30,"23,880,806","6,639,219,739",278.00,282.00,274.00,277.50,+0.50,"29,544",
115/02/02,"42,685,283","11,132,467,660",267.00,270.00,255.50,258.00,-19.50,"55,453",
115/02/03,"22,094,489","5,847,071,537",270.00,270.00,259.50,266.50,+8.50,"37,029",
115/02/04,"14,152,072","3,764,016,002",262.50,268.00,261.00,267.00,+0.50,"19,635",
115/02/05,"19,275,837","5,013,042,962",264.50,266.00,257.00,258.00,-9.00,"26,272",
115/02/06,"30,007,049","7,458,651,596",250.50,254.00,243.50,248.50,-9.50,"30,681",
115/02/09,"16,341,913","4,124,635,885",257.00,257.00,250.00,250.00,+1.50,"18,525",
115/02/10,"17,853,719","4,532,245,873",255.50,258.00,250.50,254.00,+4.00,"19,357",
115/02/11,"17,027,916","4,333,237,923",256.00,256.00,252.50,256.00,+2.00,"16,655",
115/02/23,"36,452,101","10,252,428,432",281.50,281.50,277.50,281.50,+25.50,"26,893",
115/02/24,"82,390,067","24,600,361,856",287.00,304.00,285.50,301.00,+19.50,"70,958",
115/02/25,"37,097,879","11,026,639,806",306.00,306.50,292.00,300.00,-1.00,"51,740",
115/02/26,"46,680,499","13,790,057,369",298.50,300.00,289.00,298.00,-2.00,"40,945",
115/03/02,"30,119,542","8,777,954,625",282.00,297.50,282.00,292.00,-6.00,"28,568",
115/03/03,"42,404,161","12,199,450,900",298.50,299.00,280.00,280.50,-11.50,"44,098",
115/03/04,"42,760,848","11,243,925,471",270.00,275.00,256.00,259.00,-21.50,"50,921",
115/03/05,"25,410,832","6,839,891,464",271.00,274.50,264.00,267.50,+8.50,"23,445",
115/03/06,"15,480,634","4,097,392,745",266.00,269.50,262.00,265.00,-2.50,"17,440",
115/03/09,"30,090,677","7,324,544,645",242.50,248.50,240.00,248.50,-16.50,"32,323",
115/03/10,"21,595,555","5,578,365,533",260.00,264.00,253.00,258.50,+10.00,"21,157",
115/03/11,"18,952,090","5,024,701,820",264.00,267.50,263.00,264.50,+6.00,"20,166",
115/03/12,"26,640,744","6,769,026,052",260.00,260.50,250.00,251.50,-13.00,"34,447",
115/03/13,"14,665,886","3,740,717,413",246.00,259.50,246.00,258.00,+6.50,"15,958",
115/03/16,"14,647,104","3,792,645,850",260.00,261.50,255.00,260.00,+2.00,"14,767",
115/03/17,"54,160,595","15,038,222,574",264.00,286.00,263.00,286.00,+26.00,"48,204",
115/03/18,"59,864,948","16,996,392,635",292.00,296.00,276.50,280.50,-5.50,"61,687",
115/03/19,"32,070,888","8,870,040,286",273.50,283.50,272.00,275.00,-5.50,"30,573",
115/03/20,"31,157,729","8,528,109,160",280.00,287.00,266.50,271.00,-4.00,"27,530",
115/03/23,"28,523,889","7,243,032,574",255.00,258.00,250.50,253.00,-18.00,"35,468",
115/03/24,"18,546,090","4,678,445,726",258.00,258.00,246.00,250.50,-2.50,"20,910",
115/03/25,"13,974,693","3,633,031,358",257.50,263.00,257.00,260.00,+9.50,"14,736",
115/03/26,"13,615,883","3,590,395,370",259.00,268.00,259.00,262.00,+2.00,"15,282",
115/03/27,"11,792,119","3,029,719,148",258.00,261.00,253.50,260.00,-2.00,"20,523",
115/03/30,"12,430,623","3,156,239,328",253.50,258.00,250.00,258.00,-2.00,"13,972",
115/03/31,"21,189,271","5,257,370,091",256.50,258.50,243.00,243.50,-14.50,"25,468",
115/04/01,"12,122,969","3,066,795,195",252.50,256.00,251.00,251.50,+8.00,"13,077",
115/04/02,"13,724,318","3,409,279,741",256.00,257.00,245.00,246.00,-5.50,"17,371",
115/04/07,"12,824,931","3,257,514,428",250.00,257.00,249.50,256.00,+10.00,"12,123",
115/04/08,"23,604,593","6,377,565,791",267.50,273.50,264.00,271.50,+15.50,"23,815",
115/04/09,"35,053,346","9,791,706,797",276.00,282.00,273.00,281.50,+10.00,"32,073",
115/04/10,"32,500,766","9,363,756,511",290.00,292.00,283.00,285.00,+3.50,"28,910",
115/04/13,"98,816,325","29,906,530,429",300.50,311.00,292.00,303.50,+18.50,"127,031",
115/04/14,"71,255,856","22,010,309,467",311.50,314.00,299.00,312.00,+8.50,"86,861",
115/04/15,"76,263,816","24,749,809,475",321.50,332.00,316.50,322.00,+10.00,"105,646",
115/04/16,"68,355,051","22,032,207,999",320.00,331.50,304.50,325.00,+3.00,"70,787",
115/04/17,"50,323,777","16,356,461,720",330.00,336.50,316.00,316.50,-8.50,"56,663",
115/04/20,"31,507,671","10,181,844,719",320.00,329.50,315.50,319.50,+3.00,"33,913",
115/04/21,"33,539,837","10,858,784,850",326.00,329.00,317.00,323.00,+3.50,"39,459",
115/04/22,"30,222,804","9,705,646,979",329.00,329.00,315.50,315.50,-7.50,"35,641",
115/04/23,"58,857,941","17,775,427,878",316.00,320.00,289.50,295.00,-20.50,"70,355",
115/04/24,"32,633,203","9,677,448,351",295.50,301.00,290.00,297.00,+2.00,"36,936",
115/04/27,"33,181,607","10,069,892,320",300.00,310.00,292.50,305.00,+8.00,"30,884",
115/04/28,"51,369,522","16,581,685,178",310.00,329.00,307.00,326.50,+21.50,"51,639",
115/04/29,"28,052,238","9,059,871,899",325.00,328.50,317.50,322.00,-4.50,"38,179",
115/04/30,"35,517,666","11,510,305,699",323.00,333.00,317.00,317.00,-5.00,"39,791",
115/05/04,"54,798,027","18,364,953,612",327.00,345.00,314.00,342.50,+25.50,"54,714",
115/05/05,"39,818,124","13,963,721,415",344.50,357.50,341.00,348.50,+6.00,"39,295",
115/05/06,"44,347,027","15,279,090,353",360.00,361.50,331.00,338.00,-10.50,"46,685",
115/05/07,"52,950,937","19,168,218,431",345.50,371.50,337.50,371.50,+33.50,"46,116",
115/05/08,"96,857,168","37,575,899,358",390.00,400.00,369.50,389.00,+17.50,"87,189",
115/05/11,"51,692,723","20,162,325,289",394.50,398.50,370.00,391.50,+2.50,"50,379",
115/05/12,"63,365,273","26,203,753,527",399.00,430.00,390.50,419.50,+28.00,"66,222",
115/05/13,"53,261,565","22,206,627,245",410.00,427.50,404.00,420.00,+0.50,"52,777",
115/05/14,"17,046,742","7,875,594,804",462.00,462.00,462.00,462.00,+42.00,"16,178",
115/05/15,"116,741,355","54,791,674,424",462.00,492.50,447.50,455.50,-6.50,"106,630",
115/05/18,"92,207,451","44,987,910,799",475.00,501.00,467.50,501.00,+45.50,"79,999",
115/05/19,"89,070,238","44,531,961,478",501.00,516.00,485.50,497.00,-4.00,"94,063",
115/05/20,"84,883,235","44,669,865,747",514.00,545.00,503.00,520.00,+23.00,"85,289",
115/05/21,"24,699,193","14,042,798,396",561.00,572.00,560.00,572.00,+52.00,"20,470",
115/05/22,"73,991,747","45,499,501,469",605.00,629.00,600.00,629.00,+57.00,"76,499",
