日期,成交股數,成交金額,開盤價,最高價,最低價,收盤價,漲跌價差,成交筆數,註記
109/01/02,"33,814,248","1,464,297,553",43.00,44.40,42.50,42.75,+1.10,"16,012",
109/01/03,"12,268,841","513,932,075",42.80,42.90,41.10,41.25,-1.50,"6,303",
109/01/06,"7,974,964","320,007,890",40.80,40.80,39.80,39.90,-1.35,"4,350",
109/01/07,"5,807,584","230,647,660",40.20,40.40,39.25,39.65,-0.25,"3,130",
109/01/08,"7,013,817","278,546,270",39.85,40.20,39.20,39.20,-0.45,"3,934",
109/01/09,"3,041,512","120,600,272",39.75,39.95,39.40,39.40,+0.20,"1,708",
109/01/10,"3,746,503","147,119,890",39.60,39.75,39.10,39.15,-0.25,"2,060",
109/01/13,"2,961,767","117,440,535",39.50,39.85,39.30,39.70,+0.55,"1,772",
109/01/14,"2,808,833","112,559,083",39.95,40.20,39.90,40.10,+0.40,"1,655",
109/01/15,"2,252,122","89,956,777",40.10,40.10,39.75,40.00,-0.10,"1,315",
109/01/16,"2,523,229","101,040,959",40.10,40.20,39.95,40.00, 0.00,"1,168",
109/01/17,"2,706,515","107,932,700",40.20,40.25,39.75,39.75,-0.25,"1,306",
109/01/20,"1,942,364","77,520,010",39.80,40.00,39.80,40.00,+0.25,952,
109/01/30,"7,043,824","254,391,264",36.00,36.80,36.00,36.00,-4.00,"3,384",
109/01/31,"8,460,873","290,723,904",34.70,35.90,33.10,34.15,-1.85,"4,564",
109/02/03,"9,660,454","304,637,810",31.85,32.60,30.75,32.45,-1.70,"4,154",
109/02/04,"6,840,450","229,741,124",33.70,34.10,33.00,34.00,+1.55,"3,953",
109/02/05,"6,365,775","212,979,550",34.00,34.00,32.95,33.75,-0.25,"3,347",
109/02/06,"7,430,400","251,707,817",33.75,34.45,33.50,34.00,+0.25,"3,917",
109/02/07,"5,749,500","191,596,173",33.70,33.70,33.00,33.05,-0.95,"2,889",
109/02/10,"3,803,174","124,539,677",31.80,33.45,31.80,33.20,+0.15,"2,247",
109/02/11,"3,352,680","112,230,643",33.55,33.65,33.25,33.55,+0.35,"1,744",
109/02/12,"6,618,613","222,774,052",33.55,34.20,33.10,33.80,+0.25,"3,641",
109/02/13,"18,051,444","641,330,157",34.55,36.25,34.55,35.00,+1.20,"9,716",
109/02/14,"5,214,943","182,395,805",35.00,35.30,34.70,34.95,-0.05,"3,034",
109/02/17,"4,165,974","144,477,687",34.50,35.20,34.30,34.55,-0.40,"2,295",
109/02/18,"3,738,643","129,976,244",34.60,35.05,34.45,34.80,+0.25,"2,164",
109/02/19,"3,527,146","122,944,276",35.10,35.20,34.60,34.75,-0.05,"2,045",
109/02/20,"4,546,601","157,732,907",35.10,35.10,34.45,34.45,-0.30,"2,784",
109/02/21,"7,392,368","250,078,812",34.10,34.50,33.55,33.80,-0.65,"4,349",
109/02/24,"6,122,864","201,479,859",32.80,33.25,32.60,33.00,-0.80,"3,415",
109/02/25,"6,100,701","201,502,506",32.50,33.60,32.15,33.60,+0.60,"3,057",
109/02/26,"21,787,558","758,210,380",33.20,35.80,33.10,34.80,+1.20,"11,831",
109/02/27,"12,305,906","417,413,887",35.10,35.35,32.85,33.00,-1.80,"6,937",
109/03/02,"5,669,407","184,877,331",32.50,33.30,31.70,32.55,-0.45,"3,156",
109/03/03,"4,867,402","161,827,682",33.60,33.60,32.95,33.00,+0.45,"2,384",
109/03/04,"4,031,111","132,313,734",32.85,33.00,32.55,32.95,-0.05,"1,960",
109/03/05,"9,777,641","332,336,539",33.45,34.30,33.45,34.10,+1.15,"5,146",
109/03/06,"8,244,445","281,928,975",33.70,34.60,33.60,34.45,+0.35,"3,812",
109/03/09,"11,684,603","393,285,531",34.20,34.75,32.40,32.45,-2.00,"5,802",
109/03/10,"17,058,868","581,386,948",32.35,35.15,32.10,35.15,+2.70,"8,890",
109/03/11,"32,146,906","1,144,800,810",36.00,36.60,34.15,34.50,-0.65,"15,591",
109/03/12,"15,916,695","524,718,575",33.95,34.05,32.05,32.20,-2.30,"8,139",
109/03/13,"17,029,267","500,549,021",29.30,30.50,29.00,30.20,-2.00,"7,292",
109/03/16,"10,961,444","329,864,423",30.40,31.25,28.60,28.75,-1.45,"5,655",
109/03/17,"14,361,857","394,957,532",26.80,28.85,26.80,27.00,-1.75,"6,472",
109/03/18,"12,997,586","364,781,555",28.00,29.20,27.50,27.50,+0.50,"6,658",
109/03/19,"20,148,002","536,557,094",27.05,28.60,24.90,25.85,-1.65,"10,286",
109/03/20,"8,948,323","250,434,973",27.50,28.40,27.30,28.40,+2.55,"4,614",
109/03/23,"9,083,556","257,306,900",27.40,28.95,27.10,28.55,+0.15,"5,607",
109/03/24,"13,255,436","391,247,530",29.05,30.15,29.00,29.10,+0.55,"6,838",
109/03/25,"11,605,544","346,652,421",29.90,30.40,29.15,29.55,+0.45,"5,931",
109/03/26,"7,672,314","226,498,246",29.60,30.10,28.85,30.10,+0.55,"4,112",
109/03/27,"8,957,655","267,594,424",30.75,30.80,29.00,29.00,-1.10,"5,004",
109/03/30,"5,624,778","164,945,395",28.30,29.95,28.20,29.95,+0.95,"3,204",
109/03/31,"5,476,136","164,677,818",30.35,30.60,29.70,30.15,+0.20,"2,993",
109/04/01,"4,216,100","127,133,388",30.25,30.45,29.85,30.25,+0.10,"2,301",
109/04/06,"8,588,902","264,812,105",30.55,31.30,30.40,31.30,+1.05,"4,601",
109/04/07,"13,415,951","440,428,484",32.85,33.20,32.30,32.80,+1.50,"6,995",
109/04/08,"8,154,015","263,504,133",32.40,32.65,32.00,32.50,-0.30,"4,625",
109/04/09,"5,906,641","189,538,147",32.80,32.80,31.70,31.75,-0.75,"3,503",
109/04/10,"4,370,456","140,264,827",31.80,32.40,31.70,32.15,+0.40,"2,549",
109/04/13,"3,899,498","125,963,605",32.15,32.70,31.80,32.10,-0.05,"2,157",
109/04/14,"4,309,361","140,221,400",32.55,32.75,32.15,32.60,+0.50,"2,381",
109/04/15,"12,879,163","431,796,286",33.00,34.30,32.70,33.75,+1.15,"6,218",
109/04/16,"30,006,749","1,061,226,983",33.90,36.50,33.90,35.10,+1.35,"14,146",
109/04/17,"15,525,187","557,538,383",36.65,36.70,35.20,35.25,+0.15,"7,771",
109/04/20,"19,199,011","704,587,006",35.90,37.50,35.30,37.50,+2.25,"10,642",
109/04/21,"17,966,168","657,535,759",37.40,37.80,35.40,35.70,-1.80,"10,085",
109/04/22,"13,694,855","494,817,359",35.00,37.15,34.20,36.95,+1.25,"7,752",
109/04/23,"13,508,883","498,955,202",37.60,37.80,36.30,36.60,-0.35,"7,250",
109/04/24,"14,272,781","532,066,713",36.85,37.75,36.40,37.30,+0.70,"8,168",
109/04/27,"18,345,499","706,214,019",38.35,39.10,38.05,38.65,+1.35,"9,851",
109/04/28,"32,110,445","1,284,794,027",39.45,40.80,39.00,39.75,+1.10,"17,204",
109/04/29,"15,680,423","632,692,705",40.50,40.85,39.90,40.30,+0.55,"8,283",
109/04/30,"16,963,524","690,533,960",40.95,41.40,40.05,40.80,+0.50,"9,028",
109/05/04,"20,887,395","865,951,877",40.05,42.20,39.75,41.80,+1.00,"11,162",
109/05/05,"19,930,562","844,931,504",42.40,43.20,41.50,42.00,+0.20,"9,989",
109/05/06,"11,075,393","461,233,103",42.20,42.25,41.10,41.50,-0.50,"6,265",
109/05/07,"8,816,723","367,988,762",41.95,42.30,41.35,41.95,+0.45,"4,310",
109/05/08,"23,254,423","962,757,901",42.80,42.90,40.65,40.70,-1.25,"11,780",
109/05/11,"10,997,331","449,288,165",41.10,41.30,40.15,40.85,+0.15,"5,763",
109/05/12,"7,358,885","299,233,508",40.60,41.30,40.05,40.55,-0.30,"3,754",
109/05/13,"5,402,770","219,002,217",40.50,40.95,40.10,40.55, 0.00,"2,929",
109/05/14,"7,602,689","304,241,665",40.65,40.95,39.15,39.15,-1.40,"4,148",
109/05/15,"10,973,663","427,025,886",39.85,40.20,38.05,38.40,-0.75,"5,948",
109/05/18,"12,979,504","482,000,243",37.40,38.30,36.60,36.95,-1.45,"7,258",
109/05/19,"5,658,412","211,191,084",37.65,37.90,37.05,37.20,+0.25,"3,284",
109/05/20,"5,400,765","202,195,814",37.40,37.90,36.90,37.80,+0.60,"3,083",
109/05/21,"11,787,362","460,228,633",38.20,39.50,38.05,39.50,+1.70,"5,746",
109/05/22,"13,415,642","510,849,348",39.10,39.15,37.00,37.35,-2.15,"7,141",
109/05/25,"10,083,233","372,350,780",37.20,37.60,36.50,37.55,+0.20,"6,198",
109/05/26,"7,440,004","282,405,590",37.90,38.45,37.35,37.90,+0.35,"4,296",
109/05/27,"5,346,630","202,940,431",38.15,38.35,37.55,37.60,-0.30,"2,795",
109/05/28,"22,839,407","890,440,015",38.20,39.60,38.20,38.60,+1.00,"11,731",
109/05/29,"9,431,397","367,758,225",38.60,39.95,38.20,39.95,+1.35,"4,646",
109/06/01,"16,485,098","661,412,165",39.75,40.65,39.25,40.55,+0.60,"8,364",
109/06/02,"24,609,443","1,020,265,935",41.10,42.05,40.70,41.70,+1.15,"13,097",
109/06/03,"14,675,453","615,641,097",42.10,42.30,41.40,42.10,+0.40,"7,101",
109/06/04,"13,500,517","556,706,592",42.20,42.45,40.70,40.85,-1.25,"6,577",
109/06/05,"6,839,269","279,486,545",40.90,41.30,40.35,40.90,+0.05,"3,484",
109/06/08,"6,666,912","274,698,219",41.60,41.70,40.85,40.85,-0.05,"3,048",
109/06/09,"26,562,866","1,111,374,006",41.80,42.80,41.00,41.00,+0.15,"13,228",
109/06/10,"10,514,166","434,094,524",40.90,41.85,40.60,41.70,+0.70,"5,263",
109/06/11,"13,738,001","557,131,784",41.60,41.95,39.50,39.75,-1.95,"7,164",
109/06/12,"6,894,115","267,513,078",38.30,39.30,38.15,39.30,-0.45,"3,866",
109/06/15,"5,146,150","203,941,806",39.30,40.30,38.75,39.40,+0.10,"3,465",
109/06/16,"5,438,457","219,923,430",40.10,40.80,39.80,40.70,+1.30,"2,991",
109/06/17,"5,590,227","229,304,998",40.90,41.50,40.55,40.95,+0.25,"2,928",
109/06/18,"5,414,683","223,600,684",41.15,41.55,40.80,41.40,+0.45,"2,847",
109/06/19,"9,576,734","399,820,973",41.75,42.15,41.35,41.35,-0.05,"4,540",
109/06/22,"11,168,856","466,282,503",41.80,42.45,41.10,41.25,-0.10,"5,710",
109/06/23,"10,472,909","435,332,642",41.40,42.10,40.85,41.25, 0.00,"4,796",
109/06/24,"10,202,404","418,669,888",41.35,41.65,40.70,40.95,-0.30,"4,827",
109/06/29,"6,328,663","258,319,762",40.30,41.50,40.10,40.75,-0.20,"3,405",
109/06/30,"8,786,416","363,833,410",41.10,41.75,40.80,41.75,+1.00,"4,118",
109/07/01,"18,046,390","768,797,692",42.15,43.00,42.05,42.45,+0.70,"9,825",
109/07/02,"20,942,735","886,392,450",43.05,43.65,41.60,41.85,-0.60,"11,891",
109/07/03,"13,717,356","562,680,996",41.50,41.55,40.50,40.85,-1.00,"7,206",
109/07/06,"9,572,143","395,910,449",41.10,41.70,40.95,41.35,+0.50,"4,146",
109/07/07,"9,890,576","404,314,179",41.60,41.80,40.40,40.60,-0.75,"5,345",
109/07/08,"28,988,387","1,218,517,354",40.35,43.10,40.20,42.60,+2.00,"13,809",
109/07/09,"22,922,114","982,330,088",43.00,43.40,42.15,43.15,+0.55,"10,888",
109/07/10,"54,503,772","2,394,408,924",44.00,45.35,42.00,42.00,-1.15,"26,290",
109/07/13,"32,589,399","1,444,361,214",42.70,45.40,42.25,45.40,+3.40,"16,487",
109/07/14,"25,840,600","1,162,777,415",45.70,45.95,44.15,45.00,-0.40,"13,144",
109/07/15,"63,242,154","2,958,700,589",45.80,48.75,44.60,45.20,+0.20,"31,995",
109/07/16,"37,429,915","1,741,735,846",46.30,47.45,45.25,47.45,+2.25,"18,032",
109/07/17,"28,969,291","1,358,067,052",48.00,48.30,45.90,46.45,-1.00,"15,207",
109/07/20,"16,351,032","758,490,443",46.80,47.25,45.05,46.90,+0.45,"7,892",
109/07/21,"36,733,773","1,783,201,662",47.60,49.40,47.50,48.30,+1.40,"19,205",
109/07/22,"48,741,700","2,478,993,935",49.00,52.40,48.50,52.30,+4.00,"23,019",
109/07/23,"35,922,090","1,853,347,356",53.00,53.50,50.50,50.90,-1.40,"18,419",
109/07/24,"24,528,284","1,207,032,769",50.40,50.60,48.05,48.55,-2.35,"12,556",
109/07/27,"14,914,678","718,243,644",49.20,49.50,47.00,47.95,-0.60,"7,352",
109/07/28,"19,941,245","935,348,270",48.40,48.45,45.65,46.00,-1.95,"9,726",
109/07/29,"13,817,366","645,659,154",46.30,47.75,46.05,46.20,+0.20,"6,779",
109/07/30,"8,408,909","390,395,381",46.50,47.15,46.10,46.25,+0.05,"4,244",
109/07/31,"12,175,669","566,851,874",46.50,47.45,45.85,47.20,+0.95,"6,509",
109/08/03,"10,128,738","469,180,869",46.80,47.25,45.80,45.85,-1.35,"5,802",
109/08/04,"9,846,295","446,644,668",46.05,46.35,45.00,45.30,-0.55,"5,066",
109/08/05,"14,075,127","657,724,758",45.65,47.45,45.60,47.30,+2.00,"7,996",
109/08/06,"11,068,048","515,876,278",47.30,47.40,46.10,46.55,-0.75,"6,215",
109/08/07,"9,259,815","434,675,277",46.30,47.35,46.20,47.05,+0.50,"4,963",
109/08/10,"46,918,478","2,324,416,400",51.60,51.60,47.00,47.20,+0.15,"21,834",
109/08/11,"20,656,719","955,910,052",47.40,47.65,45.30,46.05,-1.15,"11,161",
109/08/12,"50,478,437","2,482,467,082",46.70,50.60,46.55,50.60,+4.55,"24,305",
109/08/13,"76,290,819","4,176,077,296",52.00,55.60,51.60,55.60,+5.00,"27,195",
109/08/14,"66,705,982","3,727,854,952",56.00,57.50,54.10,56.60,+1.00,"32,900",
109/08/17,"45,000,980","2,582,842,459",56.60,59.70,56.30,56.50,-0.10,"23,921",
109/08/18,"22,359,879","1,272,099,066",57.10,58.10,55.70,57.20,+0.70,"11,604",
109/08/19,"50,488,027","3,063,664,071",58.50,62.90,57.20,62.90,+5.70,"23,988",
109/08/20,"97,706,128","5,980,619,014",63.70,65.70,56.70,58.50,-4.40,"49,922",
109/08/21,"61,048,862","3,800,241,480",60.60,64.30,59.80,63.80,+5.30,"32,145",
109/08/24,"64,457,939","4,222,939,431",64.00,67.60,63.10,64.70,+0.90,"34,524",
109/08/25,"54,875,700","3,683,054,932",66.30,68.50,65.80,68.50,+3.80,"28,908",
109/08/26,"28,456,562","1,935,275,716",68.00,69.30,67.00,67.70,-0.80,"15,762",
109/08/27,"38,569,044","2,632,550,656",68.60,70.00,66.40,67.40,-0.30,"21,059",
109/08/28,"32,690,109","2,121,825,737",67.50,67.60,63.40,64.60,-2.80,"18,123",
109/08/31,"61,919,899","4,253,498,478",67.50,70.30,66.60,70.20,+5.60,"31,229",
109/09/01,"31,559,650","2,138,971,066",69.90,70.10,66.80,67.20,-3.00,"16,962",
109/09/02,"20,456,329","1,377,695,498",67.50,68.60,66.20,67.80,+0.60,"11,205",
109/09/03,"32,928,041","2,258,554,842",68.80,70.60,66.80,67.10,-0.70,"18,190",
109/09/04,"32,799,871","2,226,062,904",65.60,69.60,65.00,68.10,+1.00,"16,905",
109/09/07,"17,185,526","1,155,827,606",68.20,69.20,65.60,66.20,-1.90,"8,973",
109/09/08,"20,753,411","1,340,390,215",66.30,67.10,63.50,65.00,-1.20,"11,820",
109/09/09,"11,151,510","717,143,028",64.20,65.30,63.20,64.20,-0.80,"6,250",
109/09/10,"14,229,321","924,109,744",64.80,66.20,64.00,64.10,-0.10,"7,973",
109/09/11,"10,442,995","657,952,283",64.10,64.20,62.10,62.50,-1.60,"5,950",
109/09/14,"10,514,505","675,624,416",63.00,65.30,62.70,64.60,+2.10,"5,962",
109/09/15,"14,217,975","931,905,166",64.60,66.60,64.20,65.30,+0.70,"7,825",
109/09/16,"13,287,565","882,852,005",66.30,67.20,65.60,66.40,+1.10,"7,184",
109/09/17,"27,808,599","1,894,571,785",67.50,69.30,67.00,67.60,+1.20,"15,016",
109/09/18,"15,426,676","1,057,015,085",68.10,69.60,67.30,67.30,-0.30,"8,119",
109/09/21,"17,982,606","1,242,575,413",68.80,69.90,68.10,68.40,+1.10,"9,898",
109/09/22,"24,647,272","1,709,217,969",69.20,70.40,68.10,68.70,+0.30,"14,382",
109/09/23,"50,970,214","3,632,695,894",69.00,74.00,68.10,71.00,X0.00,"28,316",
109/09/24,"41,970,199","2,871,277,783",70.20,71.90,65.00,65.30,-5.70,"23,848",
109/09/25,"35,583,457","2,360,821,288",66.40,68.10,63.50,65.20,-0.10,"20,054",
109/09/28,"24,767,802","1,614,328,886",67.00,67.10,63.70,65.00,-0.20,"13,519",
109/09/29,"21,351,788","1,412,070,581",65.30,67.20,65.00,66.40,+1.40,"11,387",
109/09/30,"20,699,810","1,357,841,870",66.50,67.20,64.00,67.10,+0.70,"11,225",
109/10/05,"12,619,680","849,041,902",67.10,68.00,66.00,68.00,+0.90,"7,076",
109/10/06,"19,501,541","1,337,800,008",68.80,70.00,67.60,68.40,+0.40,"11,062",
109/10/07,"10,175,438","700,068,222",67.60,69.40,67.60,69.20,+0.80,"5,970",
109/10/08,"13,203,420","906,224,760",69.90,69.90,68.00,68.00,-1.20,"6,929",
109/10/12,"17,181,193","1,192,434,341",68.20,70.00,68.00,69.80,+1.80,"9,053",
109/10/13,"7,754,054","537,776,964",69.80,70.00,68.60,69.90,+0.10,"4,580",
109/10/14,"35,469,951","2,579,801,927",69.60,74.50,69.30,74.50,+4.60,"19,894",
109/10/15,"34,190,940","2,455,216,149",74.00,74.80,70.00,70.00,-4.50,"18,786",
109/10/16,"16,135,414","1,112,186,252",70.10,70.80,67.80,68.10,-1.90,"9,487",
109/10/19,"10,587,101","738,157,200",68.90,70.50,68.30,70.40,+2.30,"6,222",
109/10/20,"8,091,215","563,126,690",70.40,71.00,69.00,69.20,-1.20,"4,684",
109/10/21,"5,321,758","366,781,393",69.80,69.90,68.20,68.60,-0.60,"3,077",
109/10/22,"7,673,663","519,299,884",68.70,68.80,67.00,68.00,-0.60,"4,701",
109/10/23,"9,897,428","688,473,212",68.60,70.10,68.20,69.60,+1.60,"5,867",
109/10/26,"20,331,274","1,449,436,871",70.60,72.40,70.30,70.70,+1.10,"12,021",
109/10/27,"9,697,843","681,694,310",70.00,71.30,69.40,70.10,-0.60,"5,710",
109/10/28,"9,841,866","675,151,652",69.60,70.50,67.90,68.10,-2.00,"5,819",
109/10/29,"10,082,921","673,574,824",66.80,68.50,65.30,68.00,-0.10,"5,904",
109/10/30,"7,258,718","488,686,219",67.50,68.80,66.20,67.30,-0.70,"4,268",
109/11/02,"5,855,476","388,086,408",67.70,67.70,65.80,66.10,-1.20,"3,430",
109/11/03,"4,883,432","327,522,160",66.70,67.60,66.20,67.30,+1.20,"2,908",
109/11/04,"7,079,035","478,061,537",67.30,68.40,66.20,68.40,+1.10,"4,116",
109/11/05,"9,100,528","628,903,296",68.40,69.70,68.00,69.00,+0.60,"4,821",
109/11/06,"16,775,365","1,170,000,401",69.80,71.50,67.70,68.00,-1.00,"9,380",
109/11/09,"32,611,115","2,338,771,486",68.90,74.20,68.80,71.70,+3.70,"18,113",
109/11/10,"26,780,277","1,939,087,095",71.50,74.30,70.80,71.80,+0.10,"14,959",
109/11/11,"27,368,326","1,938,007,967",72.10,73.50,69.40,70.00,-1.80,"14,518",
109/11/12,"69,346,009","5,203,678,043",71.20,77.00,70.70,77.00,+7.00,"32,009",
109/11/13,"64,769,056","4,947,676,380",77.80,78.40,74.80,74.90,-2.10,"33,820",
109/11/16,"39,512,932","3,029,615,153",75.80,77.80,75.00,77.30,+2.40,"21,482",
109/11/17,"27,238,183","2,036,872,006",76.60,77.00,73.40,73.90,-3.40,"16,037",
109/11/18,"20,861,553","1,571,695,485",73.50,76.40,73.50,75.60,+1.70,"12,620",
109/11/19,"22,809,060","1,752,240,397",75.60,77.70,75.50,77.00,+1.40,"13,314",
109/11/20,"36,219,345","2,815,966,839",77.00,79.90,76.30,76.50,-0.50,"20,682",
109/11/23,"12,519,302","960,648,615",76.10,77.50,75.70,77.20,+0.70,"7,135",
109/11/24,"10,783,983","826,769,775",77.00,77.80,75.60,76.50,-0.70,"6,482",
109/11/25,"11,683,842","882,927,477",77.00,77.30,74.10,74.90,-1.60,"6,811",
109/11/26,"9,056,520","677,179,095",75.30,75.60,74.00,74.80,-0.10,"5,481",
109/11/27,"8,443,393","628,458,654",74.50,75.60,73.60,75.00,+0.20,"5,180",
109/11/30,"6,822,578","507,404,138",75.50,75.50,73.90,73.90,-1.10,"4,045",
109/12/01,"11,888,512","861,677,758",74.10,74.50,71.80,72.50,-1.40,"7,285",
109/12/02,"11,558,155","840,075,164",72.90,74.20,72.00,72.20,-0.30,"7,519",
109/12/03,"8,373,042","598,887,479",72.00,72.40,70.80,71.90,-0.30,"5,167",
109/12/04,"8,524,388","608,355,892",71.80,72.70,70.80,71.00,-0.90,"5,150",
109/12/07,"9,441,944","669,205,797",71.40,72.20,70.20,70.70,-0.30,"6,405",
109/12/08,"9,842,077","705,694,832",70.90,72.70,70.30,72.70,+2.00,"6,166",
109/12/09,"10,978,524","786,096,718",72.70,73.00,71.00,71.40,-1.30,"6,665",
109/12/10,"13,953,789","966,995,058",70.80,71.00,68.00,69.00,-2.40,"8,920",
109/12/11,"6,851,332","474,260,208",69.50,70.30,68.30,69.00, 0.00,"4,396",
109/12/14,"4,308,001","298,733,738",69.00,70.10,68.30,69.40,+0.40,"2,458",
109/12/15,"6,896,664","468,271,325",69.40,69.40,67.00,67.10,-2.30,"4,087",
109/12/16,"8,093,948","544,651,818",67.50,68.30,66.80,67.10, 0.00,"4,555",
109/12/17,"6,729,320","455,926,447",67.30,68.50,67.00,68.10,+1.00,"4,448",
109/12/18,"4,785,449","323,683,475",67.50,68.30,67.10,67.40,-0.70,"3,138",
109/12/21,"3,605,403","240,251,789",67.10,67.60,66.10,66.70,-0.70,"2,087",
109/12/22,"4,831,437","325,252,153",66.80,68.30,66.00,66.10,-0.60,"3,241",
109/12/23,"2,801,745","188,251,500",66.80,67.70,66.30,67.60,+1.50,"1,818",
109/12/24,"4,592,848","314,287,774",68.20,68.90,67.90,68.60,+1.00,"2,701",
109/12/25,"2,887,590","196,000,377",68.40,68.60,67.40,67.60,-1.00,"1,817",
109/12/28,"4,683,399","314,137,609",68.00,68.20,66.70,66.80,-0.80,"3,073",
109/12/29,"3,711,064","248,906,528",66.90,67.60,66.70,67.00,+0.20,"2,024",
109/12/30,"4,503,616","299,898,771",67.10,67.60,66.10,66.50,-0.50,"2,915",
109/12/31,"4,486,371","296,638,303",66.50,67.00,65.60,66.10,-0.40,"3,035",
110/01/04,"17,235,229","1,122,718,935",66.30,67.50,62.80,67.50,+1.40,"10,000",
110/01/05,"9,854,918","646,948,412",65.60,66.70,65.00,65.70,-1.80,"5,256",
110/01/06,"9,586,822","625,509,717",66.00,67.00,64.00,64.30,-1.40,"5,230",
110/01/07,"5,013,755","327,491,083",64.70,65.90,64.70,65.40,+1.10,"2,846",
110/01/08,"18,679,426","1,261,965,810",65.60,68.80,65.60,67.90,+2.50,"11,126",
110/01/11,"5,618,015","375,169,596",67.60,67.60,66.20,67.00,-0.90,"3,513",
110/01/12,"20,237,214","1,387,744,458",66.80,69.80,66.60,68.10,+1.10,"12,179",
110/01/13,"26,344,395","1,856,755,803",68.00,72.00,67.70,71.00,+2.90,"15,375",
110/01/14,"47,984,160","3,578,709,170",73.10,76.00,72.00,75.50,+4.50,"26,262",
110/01/15,"21,778,508","1,622,237,480",76.40,76.50,72.70,74.70,-0.80,"12,485",
110/01/18,"18,666,387","1,387,706,639",75.40,76.00,73.10,73.50,-1.20,"10,733",
110/01/19,"10,513,300","777,498,532",74.40,75.10,72.40,72.90,-0.60,"6,139",
110/01/20,"13,761,278","963,378,111",72.50,73.20,67.90,68.20,-4.70,"7,777",
110/01/21,"9,705,657","678,733,295",69.90,71.90,68.50,69.30,+1.10,"5,760",
110/01/22,"5,986,874","415,857,723",68.70,70.40,68.20,70.20,+0.90,"3,779",
110/01/25,"3,874,792","270,126,790",69.50,70.50,68.70,69.60,-0.60,"2,373",
110/01/26,"4,284,747","296,739,441",70.40,70.70,68.20,68.30,-1.30,"2,660",
110/01/27,"3,500,842","239,989,410",68.90,69.20,67.60,68.80,+0.50,"2,192",
110/01/28,"8,921,155","594,640,120",67.40,67.80,66.00,66.10,-2.70,"5,015",
110/01/29,"4,973,883","332,319,698",67.10,67.80,65.70,65.90,-0.20,"3,248",
110/02/01,"4,571,163","296,437,115",65.70,66.20,63.80,65.20,-0.70,"2,628",
110/02/02,"4,026,273","264,296,040",65.50,66.60,64.80,65.90,+0.70,"2,251",
110/02/03,"2,751,624","180,776,065",65.90,66.40,65.10,65.40,-0.50,"1,660",
110/02/04,"3,356,050","216,736,656",65.00,65.80,64.20,64.30,-1.10,"2,199",
110/02/05,"2,745,248","177,107,928",65.00,65.10,64.00,64.40,+0.10,"1,630",
110/02/17,"4,096,788","272,392,870",65.70,67.30,65.30,66.90,+2.50,"2,795",
110/02/18,"3,460,470","232,796,122",67.00,67.80,66.20,67.60,+0.70,"2,209",
110/02/19,"4,271,980","292,335,394",67.70,69.00,67.40,68.30,+0.70,"2,704",
110/02/22,"3,553,066","242,754,631",68.80,69.00,67.70,68.70,+0.40,"2,423",
110/02/23,"3,174,389","215,916,980",68.10,68.60,67.60,68.20,-0.50,"1,938",
110/02/24,"3,809,400","256,823,725",68.00,68.50,66.80,66.80,-1.40,"2,315",
110/02/25,"2,974,833","199,828,701",67.60,68.20,66.60,66.90,+0.10,"1,949",
110/02/26,"10,267,460","691,343,940",66.00,68.90,65.80,66.40,-0.50,"5,953",
110/03/02,"3,901,523","257,877,598",67.30,67.40,65.50,65.60,-0.80,"2,565",
110/03/03,"2,789,585","181,744,742",65.80,66.00,64.60,65.50,-0.10,"1,865",
110/03/04,"3,744,393","241,689,925",65.00,65.50,64.20,64.50,-1.00,"2,583",
110/03/05,"2,939,155","187,395,883",63.50,64.20,63.50,63.70,-0.80,"2,135",
110/03/08,"2,940,555","186,884,612",64.40,64.50,62.80,63.20,-0.50,"1,920",
110/03/09,"5,744,835","354,226,305",62.80,63.50,61.00,61.40,-1.80,"3,827",
110/03/10,"4,166,643","256,348,140",62.20,62.40,61.10,61.30,-0.10,"2,806",
110/03/11,"5,383,020","336,042,026",62.00,63.00,61.90,63.00,+1.70,"3,171",
110/03/12,"4,446,923","284,419,867",64.50,64.60,63.20,64.20,+1.20,"2,795",
110/03/15,"3,080,230","195,774,698",64.20,64.30,63.10,63.60,-0.60,"2,080",
110/03/16,"2,635,184","168,188,371",63.70,64.20,63.30,63.80,+0.20,"1,760",
110/03/17,"3,063,840","197,203,350",64.10,64.80,63.80,64.40,+0.60,"1,980",
110/03/18,"3,424,123","221,825,735",64.70,65.20,64.30,65.20,+0.80,"2,217",
110/03/19,"2,109,432","136,314,613",64.60,65.00,64.30,64.80,-0.40,"1,355",
110/03/22,"3,221,681","210,531,914",65.00,65.90,64.40,65.50,+0.70,"2,127",
110/03/23,"12,210,771","820,030,681",66.50,67.90,66.10,67.80,+2.30,"7,112",
110/03/24,"8,610,269","575,800,574",67.90,68.00,66.20,66.20,-1.60,"4,991",
110/03/25,"6,109,181","409,873,963",66.80,67.60,66.40,67.20,+1.00,"3,562",
110/03/26,"16,591,142","1,068,565,807",67.80,68.20,66.80,67.20, 0.00,"4,342",
110/03/29,"14,874,991","973,351,426",67.20,67.50,66.30,66.50,-0.70,"3,769",
110/03/30,"4,665,372","311,609,362",67.00,67.20,66.40,66.70,+0.20,"2,571",
110/03/31,"10,320,405","697,008,635",67.00,68.40,66.30,68.20,+1.50,"6,371",
110/04/01,"13,772,273","936,128,785",69.00,69.30,67.00,67.40,-0.80,"6,833",
110/04/06,"5,074,915","343,263,852",68.40,68.40,67.20,67.70,+0.30,"2,965",
110/04/07,"10,461,536","716,836,702",67.90,69.40,67.50,68.90,+1.20,"5,872",
110/04/08,"27,568,139","1,975,130,031",69.40,73.00,69.40,72.40,+3.50,"15,283",
110/04/09,"21,786,048","1,541,153,077",72.70,73.60,69.20,69.50,-2.90,"12,371",
110/04/12,"6,876,491","474,026,369",70.50,70.60,68.30,68.70,-0.80,"4,348",
110/04/13,"7,288,266","508,682,130",69.30,70.80,68.90,69.10,+0.40,"4,288",
110/04/14,"8,712,516","588,485,747",70.00,70.10,65.20,67.80,-1.30,"4,962",
110/04/15,"2,399,900","163,874,344",68.30,68.80,67.40,68.30,+0.50,"1,599",
110/04/16,"3,599,419","245,501,001",68.70,68.90,67.80,68.40,+0.10,"1,968",
110/04/19,"3,935,761","270,460,845",68.80,69.30,67.90,69.20,+0.80,"2,611",
110/04/20,"5,578,796","388,276,712",69.00,70.50,68.50,69.90,+0.70,"3,397",
110/04/21,"3,786,774","261,829,413",69.60,69.80,68.70,69.10,-0.80,"2,581",
110/04/22,"5,920,196","401,202,078",69.40,69.50,66.60,66.60,-2.50,"3,694",
110/04/23,"4,693,244","312,510,418",66.80,67.50,65.80,66.60, 0.00,"2,988",
110/04/26,"13,690,250","948,233,605",67.20,70.10,67.10,69.60,+3.00,"6,938",
110/04/27,"19,604,885","1,393,277,600",69.80,72.30,69.80,70.50,+0.90,"10,050",
110/04/28,"9,440,688","669,343,197",70.60,71.80,69.40,71.70,+1.20,"5,085",
110/04/29,"10,432,796","741,709,828",71.70,72.50,70.20,71.20,-0.50,"5,204",
110/05/03,"12,476,734","876,556,011",70.80,72.20,68.00,68.10,-3.10,"6,562",
110/05/04,"9,447,677","626,822,401",69.00,69.80,64.00,67.60,-0.50,"5,132",
110/05/05,"15,747,007","1,102,357,362",67.60,71.20,66.00,69.20,+1.60,"8,680",
110/05/06,"13,473,115","942,721,328",69.50,71.50,68.00,69.30,+0.10,"6,878",
110/05/07,"16,580,415","1,165,483,820",69.90,71.80,69.10,69.90,+0.60,"7,767",
110/05/10,"9,951,240","682,161,811",70.50,70.90,67.60,69.20,-0.70,"4,886",
110/05/11,"15,577,172","1,008,622,119",67.20,68.00,62.40,63.80,-5.40,"7,907",
110/05/12,"15,444,982","917,160,412",63.80,64.30,57.50,57.60,-6.20,"7,440",
110/05/13,"10,598,169","601,413,400",54.90,60.40,52.50,58.30,+0.70,"5,641",
110/05/14,"9,383,852","567,801,199",60.90,62.30,58.60,60.30,+2.00,"5,095",
110/05/17,"8,763,871","506,473,932",55.30,60.60,55.30,57.00,-3.30,"4,743",
110/05/18,"7,101,988","431,198,942",58.10,62.30,58.10,61.70,+4.70,"3,668",
110/05/19,"6,553,944","403,351,320",60.90,63.00,60.10,62.20,+0.50,"3,804",
110/05/20,"3,712,212","228,596,371",61.40,62.60,60.70,60.90,-1.30,"2,231",
110/05/21,"9,097,061","581,708,277",62.00,65.40,62.00,64.90,+4.00,"5,289",
110/05/24,"6,907,061","455,066,226",64.90,67.10,64.00,66.70,+1.80,"4,449",
110/05/25,"11,831,126","805,003,626",67.10,69.20,66.50,68.00,+1.30,"6,615",
110/05/26,"5,102,105","349,016,972",68.80,69.60,67.30,68.60,+0.60,"3,271",
110/05/27,"15,852,147","1,116,852,205",68.10,72.00,67.80,70.30,+1.70,"8,266",
110/05/28,"11,603,873","829,655,341",71.00,72.30,70.40,71.60,+1.30,"6,528",
110/05/31,"16,673,145","1,220,311,459",72.50,74.70,72.00,73.40,+1.80,"8,615",
110/06/01,"9,808,236","713,883,755",74.50,74.50,71.50,72.40,-1.00,"5,583",
110/06/02,"10,094,092","724,180,688",72.10,72.90,70.60,71.60,-0.80,"5,048",
110/06/03,"6,081,035","438,758,014",72.30,72.80,71.40,72.70,+1.10,"3,146",
110/06/04,"7,337,486","523,563,763",72.70,73.20,70.20,70.30,-2.40,"4,014",
110/06/07,"19,355,672","1,408,776,220",71.30,74.80,70.30,72.00,+1.70,"10,154",
110/06/08,"68,553,576","5,238,424,329",73.00,79.20,72.50,75.20,+3.20,"31,662",
110/06/09,"43,693,878","3,175,355,662",74.00,75.20,70.20,71.10,-4.10,"23,387",
110/06/10,"19,476,847","1,382,595,659",70.80,72.30,69.20,71.60,+0.50,"11,497",
110/06/11,"6,782,493","481,893,659",71.50,72.30,70.30,70.30,-1.30,"4,132",
110/06/15,"6,805,641","479,140,838",70.00,71.50,69.40,70.90,+0.60,"3,853",
110/06/16,"5,590,693","395,335,514",70.80,71.60,69.70,69.90,-1.00,"3,255",
110/06/17,"6,255,961","437,826,086",69.60,71.00,68.80,70.70,+0.80,"3,419",
110/06/18,"49,121,248","3,687,762,795",71.40,77.50,70.80,77.20,+6.50,"24,681",
110/06/21,"73,104,765","5,797,458,113",76.70,82.80,74.80,82.00,+4.80,"40,598",
110/06/22,"65,085,697","5,446,308,748",83.30,86.50,80.20,82.00, 0.00,"35,813",
110/06/23,"30,332,301","2,494,539,161",83.40,84.70,79.90,82.00, 0.00,"15,959",
110/06/24,"29,108,031","2,432,875,496",83.40,85.40,82.00,82.30,+0.30,"16,123",
110/06/25,"22,524,182","1,821,903,193",82.80,83.40,79.00,80.70,-1.60,"13,203",
110/06/28,"24,342,393","1,979,355,978",81.00,82.70,79.10,81.10,+0.40,"12,749",
110/06/29,"20,774,383","1,686,551,054",83.00,83.30,79.50,81.00,-0.10,"10,201",
110/06/30,"15,620,599","1,260,486,198",81.90,82.60,79.20,80.70,-0.30,"7,974",
110/07/01,"12,248,820","984,105,124",80.70,81.60,79.50,79.50,-1.20,"6,737",
110/07/02,"18,179,979","1,424,346,524",79.50,79.70,76.90,78.70,-0.80,"9,961",
110/07/05,"19,795,826","1,585,055,347",80.00,81.80,78.80,79.00,+0.30,"10,229",
110/07/06,"13,733,431","1,071,772,298",79.10,79.20,77.30,77.60,-1.40,"7,689",
110/07/07,"34,898,724","2,831,531,874",78.00,83.00,77.90,82.10,+4.50,"20,845",
110/07/08,"32,179,597","2,671,277,607",82.80,84.60,81.20,82.70,+0.60,"19,102",
110/07/09,"14,091,771","1,138,842,431",81.40,82.50,79.60,80.40,-2.30,"9,221",
110/07/12,"17,570,809","1,386,468,248",79.90,80.70,78.00,79.00,-1.40,"10,746",
110/07/13,"19,561,893","1,582,662,255",79.30,82.70,79.00,79.80,+0.80,"11,717",
110/07/14,"9,014,103","723,255,846",79.60,81.40,79.00,80.50,+0.70,"5,951",
110/07/15,"8,703,924","690,828,118",80.60,80.90,78.60,79.10,-1.40,"5,426",
110/07/16,"13,118,055","1,041,729,446",78.70,80.40,78.50,79.30,+0.20,"5,380",
110/07/19,"8,811,867","688,317,903",79.20,79.90,77.50,77.70,-1.60,"6,126",
110/07/20,"14,968,656","1,122,999,613",76.50,76.50,73.40,75.30,-2.40,"9,320",
110/07/21,"8,678,152","657,636,830",76.10,77.30,74.60,74.60,-0.70,"5,389",
110/07/22,"5,942,695","448,737,036",75.50,76.60,74.90,75.00,+0.40,"3,711",
110/07/23,"5,815,472","437,874,631",75.50,76.70,74.20,74.80,-0.20,"3,467",
110/07/26,"4,484,484","339,870,230",75.20,76.40,74.70,75.60,+0.80,"2,706",
110/07/27,"5,508,543","414,839,922",76.10,76.60,74.20,75.10,-0.50,"3,202",
110/07/28,"7,242,053","532,601,538",74.60,75.60,71.50,74.80,-0.30,"4,351",
110/07/29,"3,660,927","272,726,764",75.00,75.40,73.90,74.90,+0.10,"2,341",
110/07/30,"4,174,525","310,176,436",74.90,75.20,73.70,75.20,+0.30,"2,597",
110/08/02,"4,134,027","307,595,229",75.30,75.40,73.80,75.00,-0.20,"2,242",
110/08/03,"10,228,340","787,152,022",75.10,78.00,74.00,77.70,+2.70,"6,236",
110/08/04,"8,548,748","669,756,350",78.00,79.20,77.60,77.80,+0.10,"5,442",
110/08/05,"5,807,981","445,055,205",77.80,78.20,75.80,76.80,-1.00,"4,284",
110/08/06,"10,212,831","799,502,025",76.90,79.50,76.30,79.40,+2.60,"5,471",
110/08/09,"23,525,912","1,839,423,130",78.40,80.80,75.60,76.80,-2.60,"13,965",
110/08/10,"20,382,571","1,499,450,464",76.80,77.30,71.90,73.00,-3.80,"12,492",
110/08/11,"8,345,969","607,156,051",73.40,74.30,71.70,72.30,-0.70,"5,040",
110/08/12,"5,906,246","429,165,985",72.70,73.90,72.00,72.50,+0.20,"3,838",
110/08/13,"5,359,629","383,381,883",72.40,73.20,70.60,71.00,-1.50,"3,421",
110/08/16,"11,914,946","816,290,369",70.50,71.30,67.20,69.50,-1.50,"5,926",
110/08/17,"5,243,289","358,857,446",70.30,70.30,67.40,67.80,-1.70,"3,190",
110/08/18,"6,405,687","442,976,404",67.40,70.90,66.80,70.70,+2.90,"3,896",
110/08/19,"5,181,609","366,322,005",70.20,71.90,69.50,69.80,-0.90,"3,544",
110/08/20,"4,134,383","292,981,845",70.80,71.90,69.50,70.90,+1.10,"2,504",
110/08/23,"4,477,072","322,768,063",72.10,72.50,71.20,72.40,+1.50,"2,490",
110/08/24,"5,242,099","366,372,262",70.60,71.00,68.90,69.80,X0.00,"3,073",
110/08/25,"4,025,960","283,297,943",70.20,70.80,69.80,70.50,+0.70,"2,680",
110/08/26,"3,499,042","244,608,358",70.60,70.80,69.50,69.80,-0.70,"2,188",
110/08/27,"2,961,744","204,760,731",69.70,69.80,68.60,69.00,-0.80,"1,865",
110/08/30,"2,071,993","142,982,966",69.40,69.70,68.30,69.70,+0.70,"1,419",
110/08/31,"1,675,969","116,369,281",69.80,69.90,69.00,69.50,-0.20,"1,175",
110/09/01,"16,115,825","1,171,932,092",69.90,74.00,69.80,73.10,+3.60,"9,563",
110/09/02,"13,557,448","1,011,236,762",73.50,75.40,73.30,74.90,+1.80,"8,082",
110/09/03,"17,076,713","1,298,277,041",76.00,77.20,75.20,75.30,+0.40,"10,366",
110/09/06,"13,241,627","1,012,236,737",75.70,77.30,74.70,76.40,+1.10,"7,431",
110/09/07,"20,953,448","1,606,820,613",77.50,78.90,75.10,76.60,+0.20,"12,423",
110/09/08,"9,550,635","710,517,117",75.10,76.10,73.10,73.50,-3.10,"5,902",
110/09/09,"5,198,558","388,756,239",73.30,75.70,73.10,75.10,+1.60,"3,178",
110/09/10,"9,153,012","692,069,853",76.30,77.00,74.50,75.30,+0.20,"5,313",
110/09/13,"3,746,230","281,041,817",75.70,76.30,74.20,74.30,-1.00,"2,467",
110/09/14,"2,939,591","220,254,641",75.10,75.50,74.20,74.70,+0.40,"1,968",
110/09/15,"3,425,324","253,796,637",74.70,75.00,73.00,73.90,-0.80,"2,350",
110/09/16,"8,212,428","622,197,394",74.80,76.70,74.40,76.30,+2.40,"4,773",
110/09/17,"23,048,714","1,796,824,237",76.30,79.00,76.20,78.80,+2.50,"14,498",
110/09/22,"28,306,791","2,245,705,304",77.00,80.40,76.80,79.80,+1.00,"17,627",
110/09/23,"38,620,663","3,151,480,790",79.50,83.30,79.40,83.30,+3.50,"21,549",
110/09/24,"41,738,123","3,488,516,871",84.40,85.40,81.60,83.70,+0.40,"25,013",
110/09/27,"20,629,729","1,739,157,070",83.80,85.50,83.10,84.30,+0.60,"12,183",
110/09/28,"32,930,760","2,678,554,198",84.00,85.30,79.00,79.80,-4.50,"19,832",
110/09/29,"14,953,985","1,186,681,504",78.10,80.70,78.10,79.00,-0.80,"8,931",
110/09/30,"12,124,010","955,207,364",79.00,79.60,77.40,79.20,+0.20,"7,465",
110/10/01,"19,332,054","1,454,277,623",78.20,78.20,72.50,73.60,-5.60,"11,523",
110/10/04,"11,616,773","866,250,682",74.90,75.70,73.20,73.60, 0.00,"6,766",
110/10/05,"11,975,012","887,595,627",71.70,75.60,71.50,75.60,+2.00,"6,430",
110/10/06,"8,308,300","620,440,570",76.00,76.30,73.20,73.80,-1.80,"5,199",
110/10/07,"8,018,423","610,770,881",74.90,77.00,74.70,76.50,+2.70,"4,942",
110/10/08,"4,799,941","364,847,034",76.50,77.00,75.00,75.90,-0.60,"3,100",
110/10/12,"5,639,149","417,448,474",75.60,75.70,73.00,73.00,-2.90,"3,655",
110/10/13,"9,201,200","670,610,481",74.40,75.00,71.20,71.80,-1.20,"5,999",
110/10/14,"4,764,914","342,401,263",72.90,72.90,71.40,71.40,-0.40,"3,120",
110/10/15,"3,343,363","243,977,550",73.00,73.50,72.50,72.90,+1.50,"2,400",
110/10/18,"2,973,647","217,174,106",73.60,73.90,72.30,73.10,+0.20,"1,843",
110/10/19,"5,919,884","444,109,583",74.20,75.60,73.70,75.60,+2.50,"4,020",
110/10/20,"4,388,962","331,225,697",75.60,76.20,74.90,75.50,-0.10,"2,822",
110/10/21,"16,125,652","1,252,775,856",75.80,79.30,75.80,77.30,+1.80,"9,910",
110/10/22,"72,963,671","6,079,966,861",79.00,85.00,78.70,85.00,+7.70,"33,467",
110/10/25,"52,401,389","4,439,138,956",85.30,86.50,82.70,84.30,-0.70,"30,682",
110/10/26,"25,563,308","2,085,937,224",83.20,83.60,80.50,82.10,-2.20,"14,786",
110/10/27,"20,351,694","1,652,207,929",82.10,82.90,79.50,82.10, 0.00,"11,572",
110/10/28,"20,640,837","1,699,713,086",82.40,83.90,80.90,81.00,-1.10,"11,931",
110/10/29,"13,254,369","1,088,947,813",81.20,83.20,80.40,82.90,+1.90,"7,570",
110/11/01,"12,710,858","1,050,340,208",82.90,83.80,81.80,82.20,-0.70,"8,622",
110/11/02,"18,661,998","1,526,018,586",82.70,84.60,79.60,80.20,-2.00,"12,143",
110/11/03,"6,371,019","514,512,428",80.10,81.60,79.50,81.30,+1.10,"4,540",
110/11/04,"5,151,833","414,981,010",81.30,81.90,80.10,80.10,-1.20,"3,702",
110/11/05,"6,901,116","551,609,621",80.70,80.90,78.60,80.90,+0.80,"4,249",
110/11/08,"3,876,700","311,137,361",81.10,81.30,79.50,80.40,-0.50,"2,561",
110/11/09,"47,488,063","4,082,442,673",81.90,88.00,81.50,87.50,+7.10,"25,642",
110/11/10,"27,552,498","2,414,441,258",87.20,88.70,85.50,88.40,+0.90,"15,206",
110/11/11,"25,611,106","2,289,665,026",87.80,91.60,86.80,89.40,+1.00,"16,532",
110/11/12,"35,196,116","2,937,524,553",87.30,88.30,81.00,81.50,-7.90,"21,582",
110/11/15,"14,686,451","1,195,903,321",81.50,82.90,80.60,81.20,-0.30,"9,035",
110/11/16,"6,798,092","554,572,986",81.10,82.30,80.80,82.00,+0.80,"4,302",
110/11/17,"6,051,490","497,307,199",81.80,82.80,81.10,82.50,+0.50,"3,866",
110/11/18,"13,271,145","1,116,372,876",82.90,85.10,82.70,83.50,+1.00,"8,698",
110/11/19,"30,712,372","2,685,056,597",84.30,89.50,84.20,87.60,+4.10,"19,044",
110/11/22,"33,158,651","2,950,818,545",89.10,92.30,86.30,88.40,+0.80,"23,949",
110/11/23,"25,403,613","2,273,723,595",87.80,91.80,86.80,89.50,+1.10,"16,131",
110/11/24,"16,523,615","1,461,832,993",90.00,90.90,86.80,87.30,-2.20,"12,289",
110/11/25,"10,050,859","864,749,608",87.50,87.60,85.10,85.80,-1.50,"7,368",
110/11/26,"7,807,749","664,125,431",84.90,86.60,84.00,85.40,-0.40,"4,843",
110/11/29,"10,454,172","888,909,725",83.60,87.10,82.40,86.50,+1.10,"6,584",
110/11/30,"10,485,616","924,984,072",87.20,89.20,87.10,88.40,+1.90,"6,728",
110/12/01,"9,711,063","861,268,767",87.70,89.80,87.20,88.50,+0.10,"6,081",
110/12/02,"7,015,334","610,257,222",87.90,88.40,86.00,86.00,-2.50,"4,911",
110/12/03,"7,121,566","627,127,374",86.90,88.70,86.80,87.70,+1.70,"4,356",
110/12/06,"7,157,128","634,796,535",88.10,89.50,87.30,89.20,+1.50,"5,312",
110/12/07,"6,030,426","532,152,990",89.10,89.60,87.50,87.60,-1.60,"4,796",
110/12/08,"6,807,725","605,491,563",88.40,89.60,87.90,89.30,+1.70,"4,170",
110/12/09,"46,937,949","4,328,626,352",90.80,96.40,88.40,88.70,-0.60,"30,467",
110/12/10,"9,937,813","876,494,935",88.90,90.20,87.10,87.80,-0.90,"8,994",
110/12/13,"5,315,593","469,368,041",87.50,89.40,87.20,89.10,+1.30,"3,724",
110/12/14,"4,686,571","409,362,366",88.60,88.90,86.60,87.00,-2.10,"3,554",
110/12/15,"4,146,305","359,511,732",86.60,87.40,85.80,86.70,-0.30,"2,735",
110/12/16,"6,249,464","553,672,853",88.00,89.50,87.50,89.20,+2.50,"4,366",
110/12/17,"3,961,987","346,963,834",88.50,88.80,86.80,86.90,-2.30,"3,623",
110/12/20,"5,012,428","429,071,027",86.00,86.90,85.00,85.10,-1.80,"3,606",
110/12/21,"3,309,109","283,740,208",85.10,86.70,84.20,86.00,+0.90,"2,292",
110/12/22,"2,167,835","188,032,513",86.20,87.20,86.20,87.10,+1.10,"1,673",
110/12/23,"3,510,557","306,922,480",87.60,88.30,86.80,87.00,-0.10,"2,806",
110/12/24,"3,644,171","320,807,050",87.70,88.60,87.40,87.70,+0.70,"2,593",
110/12/27,"1,499,313","131,550,499",88.00,88.40,87.20,87.50,-0.20,"1,669",
110/12/28,"2,205,655","194,393,886",88.00,88.50,87.70,87.70,+0.20,"2,150",
110/12/29,"3,995,724","353,314,756",87.90,89.20,87.50,88.70,+1.00,"2,759",
110/12/30,"2,137,479","188,913,014",89.10,89.10,87.80,88.20,-0.50,"2,090",
111/01/03,"7,571,385","678,897,316",88.80,90.60,88.60,89.00,+0.80,"5,607",
111/01/04,"6,583,598","589,715,061",89.70,90.70,88.40,88.80,-0.20,"6,486",
111/01/05,"6,599,612","592,334,420",89.00,90.40,88.40,90.20,+1.40,"3,745",
111/01/06,"6,628,406","585,714,330",89.00,89.50,87.10,89.50,-0.70,"5,582",
111/01/07,"6,097,588","531,244,601",89.50,89.50,86.10,86.30,-3.20,"5,523",
111/01/10,"2,658,490","231,804,143",86.10,87.90,85.70,87.40,+1.10,"1,758",
111/01/11,"3,358,483","294,695,544",87.40,88.50,86.70,86.90,-0.50,"2,808",
111/01/12,"2,337,026","202,525,671",87.60,87.80,85.80,87.00,+0.10,"2,188",
111/01/13,"1,861,912","160,826,023",87.50,87.60,85.80,86.10,-0.90,"1,762",
111/01/14,"7,893,993","656,829,347",86.10,86.10,81.30,83.90,-2.20,"8,303",
111/01/17,"9,875,350","867,592,506",84.20,89.20,84.20,89.20,+5.30,"6,291",
111/01/18,"21,387,298","1,948,923,329",88.20,93.20,88.20,91.20,+2.00,"14,194",
111/01/19,"29,566,208","2,781,460,057",91.10,95.80,90.50,95.70,+4.50,"18,197",
111/01/20,"39,745,347","3,838,170,979",96.00,99.60,93.40,98.00,+2.30,"27,357",
111/01/21,"51,902,321","5,160,819,939",96.10,102.00,96.00,99.20,+1.20,"31,065",
111/01/24,"33,123,121","3,205,354,137",98.50,101.00,94.00,95.00,-4.20,"21,315",
111/01/25,"20,588,305","1,936,857,717",95.00,96.50,92.00,92.30,-2.70,"11,612",
111/01/26,"12,386,077","1,140,093,405",91.60,92.90,90.60,92.80,+0.50,"9,702",
111/02/07,"20,857,286","1,957,985,305",93.00,96.20,90.90,95.40,+2.60,"14,146",
111/02/08,"23,268,457","2,300,623,110",94.20,102.00,94.20,101.50,+6.10,"16,583",
111/02/09,"22,519,985","2,338,328,696",102.50,106.00,101.50,106.00,+4.50,"14,153",
111/02/10,"11,832,899","1,233,787,295",105.00,106.50,101.50,104.00,-2.00,"9,062",
111/02/11,"23,804,442","2,543,673,515",104.00,109.50,103.50,106.00,+2.00,"15,280",
111/02/14,"12,821,193","1,357,218,422",104.00,107.50,103.50,105.50,-0.50,"7,695",
111/02/15,"11,619,359","1,215,118,905",105.50,107.50,102.00,103.00,-2.50,"7,514",
111/02/16,"8,367,226","869,173,010",105.50,106.00,102.00,103.00, 0.00,"5,768",
111/02/17,"30,328,560","3,368,347,847",105.00,113.00,104.50,112.50,+9.50,"13,276",
111/02/18,"25,378,768","2,836,385,912",110.50,116.00,109.00,114.00,+1.50,"13,265",
111/02/21,"17,259,465","1,912,623,449",114.00,114.50,108.00,110.00,-4.00,"9,361",
111/02/22,"25,835,593","2,855,969,505",108.50,114.00,106.50,110.00, 0.00,"13,722",
111/02/23,"38,803,513","4,452,513,365",113.00,118.50,112.00,114.50,+4.50,"22,748",
111/02/24,"21,922,812","2,483,381,783",111.00,115.50,110.00,113.00,-1.50,"13,084",
111/02/25,"19,318,603","2,170,767,465",116.00,116.50,110.00,110.00,-3.00,"10,427",
111/03/01,"10,467,699","1,164,107,642",111.00,113.50,109.00,111.00,+1.00,"6,929",
111/03/02,"16,120,011","1,763,428,943",111.50,114.00,106.50,108.50,-2.50,"10,753",
111/03/03,"14,424,634","1,603,890,278",109.00,115.50,107.50,112.00,+3.50,"8,936",
111/03/04,"19,572,352","2,236,554,558",111.00,116.50,110.50,113.00,+1.00,"12,734",
111/03/07,"14,584,225","1,567,680,956",112.00,112.50,104.50,105.50,-7.50,"9,646",
111/03/08,"23,802,940","2,569,672,149",102.50,112.50,102.50,105.50, 0.00,"16,662",
111/03/09,"30,543,093","3,433,968,762",108.50,116.00,107.00,116.00,+10.50,"15,753",
111/03/10,"48,218,921","5,809,371,493",121.50,125.00,117.00,119.50,+3.50,"34,080",
111/03/11,"31,126,162","3,793,347,676",120.00,124.50,118.50,122.50,+3.00,"22,020",
111/03/14,"20,626,978","2,478,730,645",123.50,124.50,116.00,117.00,-5.50,"15,911",
111/03/15,"26,475,598","2,925,958,278",115.50,116.00,105.50,106.00,-11.00,"15,341",
111/03/16,"23,658,706","2,516,222,352",109.50,109.50,103.50,106.00, 0.00,"13,947",
111/03/17,"18,959,289","2,019,439,891",108.00,108.50,105.00,106.50,+0.50,"9,856",
111/03/18,"31,535,800","3,408,661,361",106.50,112.00,103.00,110.00,+3.50,"17,127",
111/03/21,"40,707,635","4,525,905,503",112.00,115.00,106.50,112.50,+2.50,"22,854",
111/03/22,"45,070,987","5,248,200,912",114.00,118.00,113.50,118.00,+5.50,"26,578",
111/03/23,"37,435,427","4,380,331,773",119.50,121.50,114.00,115.00,-3.00,"27,790",
111/03/24,"12,732,171","1,434,003,576",114.50,115.50,111.00,111.50,-3.50,"8,715",
111/03/25,"29,991,067","3,421,257,087",112.00,117.00,108.50,117.00,+5.50,"18,303",
111/03/28,"24,667,408","2,895,413,388",115.00,119.00,114.00,119.00,+2.00,"13,818",
111/03/29,"20,075,014","2,376,783,718",121.00,121.50,116.00,116.50,-2.50,"11,271",
111/03/30,"63,066,384","7,673,943,614",119.00,127.50,117.00,117.00,+0.50,"37,089",
111/03/31,"20,102,325","2,381,549,150",118.00,121.00,116.00,116.50,-0.50,"14,449",
111/04/01,"11,757,642","1,343,606,710",115.00,116.00,113.00,114.50,-2.00,"9,930",
111/04/06,"7,411,895","839,437,614",112.00,115.50,111.50,113.00,-1.50,"6,443",
111/04/07,"11,497,647","1,304,255,424",112.00,116.00,111.00,111.00,-2.00,"9,427",
111/04/08,"10,395,399","1,166,348,807",112.50,115.00,110.00,112.00,+1.00,"7,629",
111/04/11,"17,062,270","1,822,203,147",110.50,112.00,104.00,106.50,-5.50,"10,393",
111/04/12,"8,429,407","904,491,191",107.00,111.00,105.00,105.50,-1.00,"6,247",
111/04/13,"4,692,891","496,307,851",108.00,108.00,104.50,105.50, 0.00,"4,866",
111/04/14,"5,738,347","617,992,308",107.00,109.00,105.00,108.00,+2.50,"4,450",
111/04/15,"8,546,900","907,978,932",107.50,109.50,104.00,104.50,-3.50,"5,838",
111/04/18,"4,285,131","448,971,479",105.00,107.00,103.50,103.50,-1.00,"2,870",
111/04/19,"18,827,916","2,035,717,452",105.00,112.50,105.00,106.00,+2.50,"11,586",
111/04/20,"9,676,336","1,045,926,217",108.00,110.00,106.50,107.50,+1.50,"6,131",
111/04/21,"16,124,959","1,804,553,792",109.50,114.00,108.50,113.50,+6.00,"9,677",
111/04/22,"9,723,476","1,063,286,375",111.50,112.00,107.00,107.00,-6.50,"7,670",
111/04/25,"11,193,355","1,171,931,523",104.00,107.00,103.00,105.00,-2.00,"6,798",
111/04/26,"6,940,473","732,380,656",107.50,109.00,103.00,103.00,-2.00,"4,760",
111/04/27,"8,112,523","823,289,825",98.50,104.50,98.40,104.00,+1.00,"5,728",
111/04/28,"5,800,134","598,195,852",104.00,105.00,101.00,103.50,-0.50,"3,798",
111/04/29,"5,204,560","551,110,927",105.50,107.50,104.50,104.50,+1.00,"3,048",
111/05/03,"5,949,426","633,488,581",105.00,109.00,104.50,106.00,+1.50,"3,935",
111/05/04,"4,686,808","493,907,903",107.00,107.00,104.00,105.00,-1.00,"3,781",
111/05/05,"7,916,531","858,185,680",108.00,110.00,107.00,108.00,+3.00,"4,897",
111/05/06,"3,821,631","402,004,009",105.00,106.50,104.00,105.50,-2.50,"2,185",
111/05/09,"6,578,062","670,531,916",104.50,105.00,100.50,101.00,-4.50,"3,877",
111/05/10,"8,871,049","922,066,537",100.00,107.00,100.00,105.50,+4.50,"4,999",
111/05/11,"7,229,012","754,641,461",106.00,107.00,102.50,103.50,-2.00,"4,285",
111/05/12,"4,237,453","435,412,399",102.50,104.50,101.50,102.00,-1.50,"2,693",
111/05/13,"4,094,797","427,722,424",103.50,105.50,103.50,105.00,+3.00,"2,513",
111/05/16,"3,412,650","360,553,699",106.50,107.50,103.50,104.50,-0.50,"2,318",
111/05/17,"3,016,821","317,538,563",105.00,106.50,104.50,105.00,+0.50,"2,077",
111/05/18,"9,929,234","1,080,105,655",106.00,110.00,106.00,109.00,+4.00,"6,930",
111/05/19,"6,709,227","729,130,262",105.50,111.00,105.50,111.00,+2.00,"4,354",
111/05/20,"10,039,473","1,113,966,544",111.50,113.50,108.50,109.50,-1.50,"6,685",
111/05/23,"7,905,160","881,101,570",110.00,113.00,108.50,112.00,+2.50,"5,065",
111/05/24,"27,016,157","3,051,933,929",113.50,116.00,108.50,109.00,-3.00,"18,400",
111/05/25,"35,144,572","4,093,595,440",111.00,119.00,110.50,118.00,+9.00,"20,610",
111/05/26,"32,567,593","3,839,329,450",118.50,121.50,115.00,117.00,-1.00,"21,385",
111/05/27,"18,249,069","2,109,890,177",119.00,119.50,113.00,113.50,-3.50,"12,007",
111/05/30,"8,576,658","980,313,432",115.00,115.50,113.00,114.50,+1.00,"5,585",
111/05/31,"7,522,705","848,655,872",114.50,115.00,111.00,113.00,-1.50,"4,970",
111/06/01,"6,714,986","758,513,281",113.00,114.50,111.50,112.50,-0.50,"4,355",
111/06/02,"4,322,309","488,650,547",112.00,114.00,112.00,112.00,-0.50,"3,104",
111/06/06,"6,517,118","722,570,883",112.00,112.50,110.00,111.00,-1.00,"5,032",
111/06/07,"15,896,774","1,699,829,134",109.50,109.50,105.50,108.00,-3.00,"10,463",
111/06/08,"5,446,230","585,253,620",108.00,108.50,106.50,107.50,-0.50,"3,565",
111/06/09,"6,980,499","735,300,772",107.50,107.50,104.00,105.00,-2.50,"5,468",
111/06/10,"5,496,965","574,097,384",104.50,105.00,103.50,105.00, 0.00,"3,567",
111/06/13,"5,662,124","585,920,959",103.00,106.00,101.50,106.00,+1.00,"3,507",
111/06/14,"8,803,171","935,457,027",105.00,108.50,103.50,108.00,+2.00,"5,833",
111/06/15,"5,422,560","580,924,480",108.00,109.00,105.50,106.00,-2.00,"3,749",
111/06/16,"8,661,222","927,796,046",108.00,109.50,103.50,103.50,-2.50,"5,789",
111/06/17,"7,111,058","736,918,215",103.50,106.00,102.00,103.00,-0.50,"4,762",
111/06/20,"10,239,448","1,024,844,569",103.00,103.00,98.00,98.00,-5.00,"6,506",
111/06/21,"14,569,903","1,411,116,011",99.90,100.50,93.60,98.10,+0.10,"9,968",
111/06/22,"8,833,430","836,649,184",98.60,99.30,92.40,92.60,-5.50,"6,818",
111/06/23,"7,050,910","661,824,444",92.70,95.30,92.20,93.90,+1.30,"6,340",
111/06/24,"3,680,172","349,201,722",94.30,95.60,93.70,95.40,+1.50,"3,207",
111/06/27,"7,303,515","725,339,153",96.90,101.50,96.00,99.90,+4.50,"5,820",
111/06/28,"5,011,119","497,822,084",100.00,101.50,97.90,98.60,-1.30,"4,336",
111/06/29,"3,338,986","323,841,299",97.30,98.30,96.10,97.10,-1.50,"2,797",
111/06/30,"5,542,671","519,183,746",96.20,96.50,92.50,93.10,-4.00,"3,576",
111/07/01,"12,837,489","1,149,053,601",92.70,94.10,86.60,86.90,-6.20,"8,379",
111/07/04,"9,919,606","853,681,778",87.20,88.50,84.50,85.30,-1.60,"6,344",
111/07/05,"4,936,409","424,528,269",87.00,87.80,84.00,87.20,+1.90,"3,717",
111/07/06,"11,768,677","988,624,322",87.20,87.30,82.60,82.60,-4.60,"6,656",
111/07/07,"14,891,686","1,256,830,481",83.00,88.00,79.90,87.40,+4.80,"9,735",
111/07/08,"10,789,155","1,020,110,323",92.00,96.10,91.50,96.10,+8.70,"5,633",
111/07/11,"16,985,582","1,663,805,914",97.20,99.70,95.00,98.40,+2.30,"11,919",
111/07/12,"9,971,479","958,737,539",96.20,97.70,93.90,96.00,-2.40,"7,045",
111/07/13,"13,018,298","1,281,883,699",99.10,101.00,96.50,96.80,+0.80,"9,092",
111/07/14,"9,273,089","924,426,801",97.00,101.00,96.40,101.00,+4.20,"5,906",
111/07/15,"7,140,305","720,580,702",101.00,102.50,99.00,101.00, 0.00,"4,988",
111/07/18,"9,725,782","1,004,195,961",102.50,105.00,101.00,104.00,+3.00,"6,977",
111/07/19,"7,867,197","822,056,098",102.00,106.50,101.50,105.00,+1.00,"4,688",
111/07/20,"6,801,739","719,361,556",108.00,108.50,104.00,105.00, 0.00,"5,038",
111/07/21,"8,363,268","870,384,411",104.00,106.00,102.50,105.50,+0.50,"5,276",
111/07/22,"4,440,212","464,263,653",104.00,107.00,103.50,104.50,-1.00,"2,666",
111/07/25,"23,341,632","2,575,652,999",104.00,114.00,103.50,112.50,+8.00,"12,407",
111/07/26,"16,904,487","1,915,688,026",111.50,114.50,110.50,114.00,+1.50,"9,797",
111/07/27,"10,874,351","1,247,498,005",113.50,116.00,113.00,116.00,+2.00,"7,390",
111/07/28,"16,608,908","1,930,932,191",117.50,119.00,113.00,117.00,+1.00,"11,631",
111/07/29,"8,066,345","951,253,589",117.00,119.50,116.50,118.00,+1.00,"5,031",
111/08/01,"8,396,892","977,866,923",118.00,119.50,114.50,115.50,-2.50,"6,368",
111/08/02,"5,345,992","610,030,896",112.50,115.50,112.50,115.00,-0.50,"3,518",
111/08/03,"4,106,732","469,899,668",114.00,115.50,113.00,115.00, 0.00,"3,202",
111/08/04,"10,375,431","1,164,678,735",114.00,114.50,110.50,113.00,-2.00,"7,279",
111/08/05,"13,324,283","1,489,388,733",113.50,114.50,109.50,112.50,-0.50,"8,750",
111/08/08,"13,767,075","1,603,712,380",112.00,119.50,112.00,118.00,+5.50,"8,150",
111/08/09,"13,638,203","1,624,942,758",117.00,121.00,116.00,119.00,+1.00,"7,797",
111/08/10,"24,279,667","2,778,665,501",116.00,119.00,112.00,112.50,-6.50,"15,385",
111/08/11,"10,755,900","1,223,229,807",114.00,115.50,112.50,114.50,+2.00,"4,624",
111/08/12,"5,998,934","695,040,976",114.00,117.50,113.00,117.50,+3.00,"3,516",
111/08/15,"9,347,791","1,099,905,776",118.50,120.50,116.50,119.50,+2.00,"4,861",
111/08/16,"7,169,919","860,041,749",119.50,122.00,118.00,119.00,-0.50,"4,860",
111/08/17,"2,963,041","352,550,798",119.50,120.00,118.00,119.00, 0.00,"2,100",
111/08/18,"4,877,772","581,763,114",119.00,120.50,118.50,119.50,+0.50,"3,322",
111/08/19,"13,354,505","1,577,889,630",120.00,122.50,115.00,117.00,-2.50,"8,287",
111/08/22,"3,791,910","443,313,468",116.00,118.50,114.00,117.00, 0.00,"2,230",
111/08/23,"2,109,124","247,380,809",117.00,118.00,116.00,117.50,+0.50,"1,274",
111/08/24,"2,820,612","331,021,915",118.50,118.50,117.00,117.00,-0.50,"1,733",
111/08/25,"6,753,477","767,696,878",115.50,117.00,112.00,112.00,X0.00,"4,544",
111/08/26,"4,110,630","460,903,066",113.50,114.00,110.00,113.00,+1.00,"2,975",
111/08/29,"4,611,097","498,157,217",109.50,109.50,107.00,108.00,-5.00,"3,106",
111/08/30,"5,459,782","589,515,494",109.00,110.50,107.00,107.50,-0.50,"3,344",
111/08/31,"3,233,764","349,517,857",108.00,109.00,107.00,108.50,+1.00,"2,144",
111/09/01,"3,907,794","413,890,751",107.50,108.00,104.50,105.50,-3.00,"2,776",
111/09/02,"1,965,727","208,062,187",105.50,107.00,105.00,105.50, 0.00,"1,424",
111/09/05,"2,819,850","293,729,905",107.00,107.00,102.50,103.50,-2.00,"1,713",
111/09/06,"3,130,880","321,112,701",104.50,104.50,101.00,102.00,-1.50,"1,935",
111/09/07,"5,515,458","578,450,673",100.50,107.50,100.00,105.50,+3.50,"3,660",
111/09/08,"8,204,780","878,773,902",106.50,109.00,104.50,107.50,+2.00,"5,495",
111/09/12,"7,065,444","790,927,601",110.00,114.00,109.00,112.00,+4.50,"4,863",
111/09/13,"7,229,468","824,182,657",115.00,116.00,112.00,113.00,+1.00,"5,092",
111/09/14,"5,787,147","647,901,987",109.00,114.00,108.00,113.50,+0.50,"4,142",
111/09/15,"3,812,358","433,943,678",114.00,115.50,113.00,113.50, 0.00,"2,708",
111/09/16,"4,161,106","473,607,977",114.00,115.00,113.00,113.50, 0.00,"2,497",
111/09/19,"2,752,958","312,150,241",114.00,114.50,112.50,113.50, 0.00,"1,589",
111/09/20,"8,337,752","969,217,947",115.00,117.50,114.00,117.00,+3.50,"5,199",
111/09/21,"5,893,995","689,403,244",116.50,118.50,115.50,116.00,-1.00,"3,875",
111/09/22,"3,227,478","371,595,812",114.50,117.00,114.00,115.00,-1.00,"2,508",
111/09/23,"4,585,725","533,474,185",115.50,117.50,115.00,115.50,+0.50,"2,855",
111/09/26,"4,799,844","540,137,300",114.50,115.00,110.50,111.00,-4.50,"3,681",
111/09/27,"5,506,473","628,953,843",113.00,116.00,111.00,116.00,+5.00,"3,601",
111/09/28,"6,716,122","750,651,579",115.50,116.00,109.00,109.00,-7.00,"4,300",
111/09/29,"5,519,520","609,233,069",112.00,113.50,108.00,108.00,-1.00,"3,427",
111/09/30,"5,350,757","581,535,165",106.00,111.50,105.00,111.50,+3.50,"3,182",
111/10/03,"4,964,777","538,480,925",109.00,111.00,106.50,108.00,-3.50,"3,288",
111/10/04,"5,586,346","627,179,918",110.50,114.50,110.50,114.00,+6.00,"3,573",
111/10/05,"18,525,095","2,219,094,646",116.00,122.00,114.50,119.50,+5.50,"10,913",
111/10/06,"16,598,845","1,915,940,244",121.00,121.50,112.00,116.00,-3.50,"10,353",
111/10/07,"10,557,764","1,185,059,923",115.50,116.00,110.00,110.50,-5.50,"6,609",
111/10/11,"8,103,671","853,905,960",107.50,108.00,103.50,104.00,-6.50,"5,037",
111/10/12,"10,406,970","1,095,513,451",103.00,108.50,101.00,107.00,+3.00,"6,093",
111/10/13,"8,023,761","844,488,167",105.50,109.50,102.00,103.50,-3.50,"4,760",
111/10/14,"6,133,365","654,650,266",107.00,108.50,104.50,105.00,+1.50,"4,018",
111/10/17,"8,873,742","891,181,342",102.50,103.00,98.90,101.50,-3.50,"5,413",
111/10/18,"7,550,215","768,726,780",103.00,105.50,99.70,101.50, 0.00,"4,902",
111/10/19,"5,797,284","591,811,535",102.00,104.50,100.00,100.50,-1.00,"3,667",
111/10/20,"7,296,168","719,936,274",99.50,100.50,96.80,98.80,-1.70,"4,817",
111/10/21,"6,893,978","665,503,939",98.00,98.50,95.00,95.40,-3.40,"5,147",
111/10/24,"4,715,783","460,566,244",98.20,98.80,95.80,96.30,+0.90,"3,494",
111/10/25,"7,292,964","688,614,864",96.70,96.70,92.20,94.50,-1.80,"5,775",
111/10/26,"4,779,580","447,836,636",95.10,95.10,92.50,93.60,-0.90,"3,912",
111/10/27,"9,227,709","908,771,836",93.60,101.00,93.30,99.90,+6.30,"6,416",
111/10/28,"8,476,161","861,982,145",99.20,103.00,98.50,101.00,+1.10,"5,856",
111/10/31,"4,782,701","491,937,458",104.00,104.50,101.50,102.00,+1.00,"3,905",
111/11/01,"3,121,427","319,249,664",102.00,103.50,101.00,102.50,+0.50,"3,130",
111/11/02,"4,282,914","444,168,941",102.50,105.00,102.00,104.00,+1.50,"2,461",
111/11/03,"3,318,820","348,880,662",102.00,106.50,101.50,106.50,+2.50,"2,347",
111/11/04,"4,482,507","472,589,120",105.50,107.00,104.50,106.00,-0.50,"2,321",
111/11/07,"5,605,814","602,385,987",107.00,109.00,105.00,107.50,+1.50,"3,356",
111/11/08,"3,837,473","414,361,743",109.00,110.00,106.00,106.00,-1.50,"2,509",
111/11/09,"4,679,854","508,004,654",108.00,110.50,107.00,108.00,+2.00,"2,731",
111/11/10,"2,553,092","271,407,270",107.00,108.50,105.00,106.00,-2.00,"1,701",
111/11/11,"8,977,188","987,287,273",110.00,112.00,107.50,110.00,+4.00,"5,652",
111/11/14,"13,786,193","1,450,767,448",110.00,110.00,103.50,104.50,-5.50,"9,005",
111/11/15,"9,080,105","924,772,867",104.50,104.50,100.00,102.00,-2.50,"6,025",
111/11/16,"6,039,391","618,658,930",102.50,103.50,101.50,102.00, 0.00,"4,109",
111/11/17,"2,560,754","263,158,615",101.50,103.50,101.50,103.00,+1.00,"1,892",
111/11/18,"3,442,383","355,828,833",103.50,105.50,102.00,102.00,-1.00,"2,516",
111/11/21,"3,000,431","311,150,357",103.00,104.50,102.00,104.00,+2.00,"2,005",
111/11/22,"10,188,050","1,090,631,717",104.50,109.50,104.00,106.00,+2.00,"6,709",
111/11/23,"9,721,989","1,064,572,296",107.50,111.00,107.50,110.00,+4.00,"6,424",
111/11/24,"8,048,462","890,868,700",111.50,113.00,108.50,111.00,+1.00,"5,536",
111/11/25,"3,113,803","343,633,907",110.50,112.00,109.00,109.00,-2.00,"2,406",
111/11/28,"4,635,069","514,577,403",108.00,112.50,108.00,111.50,+2.50,"3,176",
111/11/29,"2,492,914","278,594,619",111.00,112.50,110.50,112.00,+0.50,"1,889",
111/11/30,"4,644,161","524,550,446",112.50,114.00,111.50,113.00,+1.00,"3,098",
111/12/01,"5,363,265","614,592,385",114.00,116.00,113.50,114.50,+1.50,"3,408",
111/12/02,"5,184,896","600,945,260",114.50,117.50,114.00,115.50,+1.00,"3,166",
111/12/05,"33,364,099","4,165,728,073",117.00,127.00,116.50,127.00,+11.50,"12,906",
111/12/06,"21,286,658","2,678,753,634",127.50,128.50,122.50,124.00,-3.00,"10,878",
111/12/07,"20,674,124","2,399,559,784",124.00,124.50,112.00,112.50,-11.50,"11,899",
111/12/08,"6,396,874","719,016,429",111.50,113.50,110.50,113.50,+1.00,"4,051",
111/12/09,"5,599,437","641,237,278",115.00,115.50,112.50,115.50,+2.00,"4,094",
111/12/12,"6,186,903","707,563,012",116.00,117.00,113.00,114.50,-1.00,"4,169",
111/12/13,"3,565,967","408,901,314",115.00,116.00,113.50,114.00,-0.50,"2,569",
111/12/14,"4,054,899","468,687,429",114.00,116.50,114.00,116.00,+2.00,"2,526",
111/12/15,"3,932,421","460,236,212",116.00,118.00,116.00,116.50,+0.50,"2,751",
111/12/16,"8,021,216","926,477,168",115.50,117.00,114.00,115.00,-1.50,"3,791",
111/12/19,"8,734,959","976,487,090",114.50,114.50,110.00,112.00,-3.00,"4,446",
111/12/20,"7,343,132","820,957,292",112.00,114.00,110.00,111.50,-0.50,"3,513",
111/12/21,"7,099,670","777,435,724",111.50,112.00,108.50,109.00,-2.50,"3,279",
111/12/22,"5,948,275","665,865,509",111.00,113.00,109.50,113.00,+4.00,"2,666",
111/12/23,"2,014,731","223,326,292",110.50,112.00,110.00,111.00,-2.00,"1,468",
111/12/26,"1,462,087","161,623,054",111.50,111.50,109.50,111.50,+0.50,"1,115",
111/12/27,"1,329,881","149,064,263",112.50,113.00,111.50,112.00,+0.50,996,
111/12/28,"1,735,209","189,567,757",111.00,111.00,108.50,108.50,-3.50,"1,340",
111/12/29,"1,625,782","177,474,017",107.50,111.00,107.00,110.00,+1.50,"1,275",
111/12/30,"1,838,419","205,449,164",111.50,112.50,110.50,112.00,+2.00,"1,386",
112/01/03,"1,087,634","122,244,503",111.00,113.50,110.50,112.50,+0.50,958,
112/01/04,"953,867","107,264,796",112.50,113.50,111.50,112.00,-0.50,809,
112/01/05,"3,011,990","330,920,026",113.00,113.50,108.00,108.50,-3.50,"2,338",
112/01/06,"4,081,880","436,636,274",108.00,108.50,106.00,107.50,-1.00,"2,870",
112/01/09,"3,612,588","396,023,704",108.50,111.00,108.00,110.50,+3.00,"2,208",
112/01/10,"2,117,150","231,611,877",110.00,111.00,108.00,109.50,-1.00,"2,023",
112/01/11,"1,240,161","136,565,643",109.50,111.00,109.00,110.50,+1.00,903,
112/01/12,"1,330,419","146,004,227",110.50,111.00,109.00,109.50,-1.00,870,
112/01/13,"1,751,373","188,969,829",110.50,110.50,107.00,107.00,-2.50,"1,331",
112/01/16,"2,343,835","250,675,644",108.00,108.50,106.00,107.50,+0.50,"1,919",
112/01/17,"1,403,358","151,148,530",107.50,108.50,107.00,108.50,+1.00,925,
112/01/30,"2,817,113","308,051,817",110.00,110.50,108.50,109.50,+1.00,"2,040",
112/01/31,"6,156,942","658,187,250",109.00,110.00,105.50,106.00,-3.50,"4,753",
112/02/01,"10,937,107","1,155,015,150",106.50,108.00,103.00,107.50,+1.50,"8,510",
112/02/02,"9,847,993","1,078,529,435",108.00,112.00,107.50,112.00,+4.50,"6,839",
112/02/03,"5,681,949","638,725,184",111.50,114.00,111.00,112.00, 0.00,"4,108",
112/02/06,"7,947,915","871,687,803",109.00,112.00,107.00,111.50,-0.50,"5,790",
112/02/07,"3,356,369","370,017,561",109.50,111.50,109.00,110.50,-1.00,"2,511",
112/02/08,"7,926,333","906,007,986",112.00,116.00,111.00,115.00,+4.50,"5,888",
112/02/09,"7,747,731","901,142,805",115.00,117.50,115.00,116.00,+1.00,"5,794",
112/02/10,"8,025,132","932,767,836",116.50,118.50,114.00,115.50,-0.50,"4,587",
112/02/13,"5,476,384","637,367,989",115.50,117.50,114.00,117.50,+2.00,"3,120",
112/02/14,"4,299,410","501,274,757",118.50,118.50,115.00,115.50,-2.00,"3,111",
112/02/15,"4,751,711","548,400,859",116.00,117.00,114.00,115.00,-0.50,"3,674",
112/02/16,"4,937,528","577,875,781",115.50,118.50,115.00,117.50,+2.50,"2,989",
112/02/17,"4,748,527","549,682,612",116.00,117.50,114.50,114.50,X0.00,"4,334",
112/02/20,"3,760,339","429,757,719",114.50,115.50,112.50,114.50, 0.00,"2,577",
112/02/21,"4,000,005","458,148,811",114.50,116.50,113.50,115.00,+0.50,"2,343",
112/02/22,"4,160,804","471,093,720",114.00,115.00,111.50,115.00, 0.00,"2,789",
112/02/23,"3,154,234","366,866,011",115.50,117.00,115.50,116.50,+1.50,"2,325",
112/02/24,"25,175,276","3,067,788,791",118.00,127.00,117.50,120.50,+4.00,"14,457",
112/03/01,"8,989,612","1,057,394,037",119.50,120.00,115.50,119.00,-1.50,"5,688",
112/03/02,"2,457,872","291,133,825",118.00,119.50,117.00,119.00, 0.00,"1,788",
112/03/03,"2,503,302","299,161,696",120.50,121.50,118.50,118.50,-0.50,"1,845",
112/03/06,"2,803,825","334,656,729",120.00,120.50,118.50,119.50,+1.00,"2,165",
112/03/07,"3,049,994","361,193,917",121.00,121.00,117.50,118.00,-1.50,"1,996",
112/03/08,"3,506,014","413,283,137",117.50,119.00,116.50,119.00,+1.00,"1,764",
112/03/09,"3,283,200","388,098,435",120.00,120.00,117.00,117.50,-1.50,"1,961",
112/03/10,"5,365,928","613,935,512",116.50,116.50,113.00,113.50,-4.00,"3,330",
112/03/13,"3,646,289","408,506,693",112.50,113.00,110.50,112.50,-1.00,"2,324",
112/03/14,"4,820,186","533,878,243",112.00,113.00,109.50,109.50,-3.00,"3,347",
112/03/15,"7,778,603","891,826,703",111.50,117.00,110.50,114.50,+5.00,"5,367",
112/03/16,"8,107,323","941,797,076",114.00,118.00,113.50,115.00,+0.50,"4,820",
112/03/17,"4,865,502","565,309,646",116.50,117.50,115.00,115.50,+0.50,"3,022",
112/03/20,"15,171,565","1,825,721,512",117.00,123.00,117.00,119.00,+3.50,"8,629",
112/03/21,"16,901,344","2,105,559,818",121.00,128.00,119.50,126.50,+7.50,"10,321",
112/03/22,"40,108,466","5,324,140,471",128.50,139.00,127.50,136.50,+10.00,"23,203",
112/03/23,"29,152,237","4,051,886,742",138.00,142.00,136.50,138.50,+2.00,"18,349",
112/03/24,"11,384,203","1,588,411,060",139.50,142.50,136.50,142.50,+4.00,"7,423",
112/03/27,"29,905,095","4,397,468,815",144.00,152.00,140.50,148.50,+6.00,"18,785",
112/03/28,"23,768,904","3,371,575,864",146.00,147.00,138.00,142.00,-6.50,"13,994",
112/03/29,"24,889,316","3,572,367,754",142.00,147.50,139.50,142.50,+0.50,"17,770",
112/03/30,"10,964,735","1,565,824,933",142.00,145.50,141.50,142.00,-0.50,"7,679",
112/03/31,"6,743,251","950,027,240",142.00,142.50,139.50,141.00,-1.00,"4,047",
112/04/06,"8,396,718","1,188,931,822",140.00,144.50,138.50,142.00,+1.00,"5,349",
112/04/07,"6,410,030","922,674,977",143.50,146.50,141.50,144.50,+2.50,"4,347",
112/04/10,"9,371,321","1,382,348,286",144.50,151.00,143.50,148.50,+4.00,"5,898",
112/04/11,"9,453,871","1,412,247,556",147.50,152.50,145.00,149.50,+1.00,"5,928",
112/04/12,"15,109,654","2,333,008,411",151.00,157.50,150.50,154.50,+5.00,"8,279",
112/04/13,"7,020,410","1,049,289,112",151.50,152.50,147.00,149.50,-5.00,"4,710",
112/04/14,"11,020,914","1,691,041,586",150.00,156.00,150.00,153.00,+3.50,"5,752",
112/04/17,"9,338,283","1,460,215,252",153.00,159.50,152.50,156.00,+3.00,"6,155",
112/04/18,"13,146,464","2,019,307,903",157.50,161.00,149.00,152.50,-3.50,"10,028",
112/04/19,"4,917,474","745,968,556",152.50,153.00,150.50,151.00,-1.50,"3,289",
112/04/20,"10,980,067","1,617,059,476",147.00,150.00,144.50,147.50,-3.50,"7,029",
112/04/21,"11,976,602","1,719,533,903",146.00,149.50,141.00,143.00,-4.50,"11,971",
112/04/24,"7,417,514","1,071,656,957",144.50,147.00,142.50,144.00,+1.00,"7,366",
112/04/25,"6,824,944","960,698,460",144.50,145.50,138.00,141.50,-2.50,"4,736",
112/04/26,"9,498,906","1,360,303,936",141.50,147.00,138.50,146.00,+4.50,"6,253",
112/04/27,"21,804,962","3,301,753,600",145.50,156.00,144.00,153.50,+7.50,"14,425",
112/04/28,"16,913,000","2,613,101,130",154.00,157.50,151.00,157.50,+4.00,"11,330",
112/05/02,"21,462,739","3,490,024,966",157.50,166.50,157.50,166.00,+8.50,"13,606",
112/05/03,"12,632,809","2,082,432,610",165.00,167.50,162.50,163.00,-3.00,"11,058",
112/05/04,"39,964,598","6,922,585,637",168.00,178.00,166.50,175.50,+12.50,"24,995",
112/05/05,"37,236,716","6,664,982,401",175.50,183.00,174.50,181.00,+5.50,"29,543",
112/05/08,"20,066,397","3,659,243,707",183.00,185.50,179.00,181.50,+0.50,"20,654",
112/05/09,"15,197,231","2,761,896,784",183.00,185.00,177.50,183.00,+1.50,"12,634",
112/05/10,"13,970,424","2,496,446,170",180.50,181.50,175.50,178.50,-4.50,"11,617",
112/05/11,"16,989,712","3,006,764,124",183.00,183.00,173.00,174.50,-4.00,"15,512",
112/05/12,"15,917,113","2,774,294,521",173.00,178.00,170.00,177.50,+3.00,"9,722",
112/05/15,"12,943,719","2,214,041,856",175.00,175.00,168.50,171.00,-6.50,"8,153",
112/05/16,"17,056,196","2,996,621,161",174.00,179.00,171.50,175.50,+4.50,"11,300",
112/05/17,"13,267,775","2,364,036,504",175.00,181.00,174.00,178.00,+2.50,"9,634",
112/05/18,"20,178,896","3,708,473,020",181.00,188.50,179.00,186.00,+8.00,"13,863",
112/05/19,"15,896,122","2,917,971,140",185.50,187.50,180.00,184.00,-2.00,"10,505",
112/05/22,"10,978,049","1,998,946,233",183.00,185.50,179.50,182.50,-1.50,"7,161",
112/05/23,"7,918,674","1,446,838,686",182.50,184.50,181.00,182.50, 0.00,"5,227",
112/05/24,"7,768,291","1,430,355,237",182.50,187.00,181.00,187.00,+4.50,"4,557",
112/05/25,"28,686,724","5,672,013,624",199.00,204.50,191.50,197.50,+10.50,"19,256",
112/05/26,"26,890,252","5,493,804,233",200.00,212.50,198.00,208.00,+10.50,"22,775",
112/05/29,"20,533,692","4,286,215,900",212.00,215.50,204.00,206.00,-2.00,"14,823",
112/05/30,"8,396,200","1,697,617,889",206.00,206.00,200.50,201.50,-4.50,"6,462",
112/05/31,"11,161,309","2,219,570,545",201.00,203.50,196.00,197.50,-4.00,"10,033",
112/06/01,"14,407,034","2,930,438,061",196.50,207.00,195.50,207.00,+9.50,"10,033",
112/06/02,"21,746,250","4,456,004,849",208.50,209.50,201.50,202.00,-5.00,"14,897",
112/06/05,"18,144,490","3,597,596,767",199.50,203.00,192.50,200.00,-2.00,"12,853",
112/06/06,"15,386,067","3,128,797,276",198.00,206.00,198.00,203.50,+3.50,"10,755",
112/06/07,"12,979,405","2,687,778,864",205.00,210.00,203.50,208.00,+4.50,"12,855",
112/06/08,"11,408,014","2,308,669,964",206.00,207.00,199.50,200.50,-7.50,"10,630",
112/06/09,"16,891,950","3,523,133,688",203.00,213.00,202.50,209.50,+9.00,"11,451",
112/06/12,"9,409,636","1,941,360,916",208.50,209.50,203.50,205.50,-4.00,"14,240",
112/06/13,"24,908,810","5,412,709,042",213.00,223.00,210.00,219.50,+14.00,"17,683",
112/06/14,"13,863,692","3,066,682,320",217.00,225.00,215.50,224.00,+4.50,"10,677",
112/06/15,"25,278,738","5,902,686,830",225.00,240.00,222.00,237.00,+13.00,"17,449",
112/06/16,"28,038,073","6,842,504,038",238.00,252.00,235.00,247.00,+10.00,"20,666",
112/06/19,"23,903,690","6,038,936,377",247.00,259.00,243.50,254.50,+7.50,"17,923",
112/06/20,"16,216,146","4,097,347,970",253.50,256.50,249.00,252.00,-2.50,"11,795",
112/06/21,"13,504,034","3,389,293,561",253.50,254.50,248.00,249.50,-2.50,"8,205",
112/06/26,"14,175,631","3,502,434,829",246.00,251.00,240.00,250.00,+0.50,"8,193",
112/06/27,"11,921,177","2,862,948,871",246.00,247.00,234.50,235.00,-15.00,"12,886",
112/06/28,"9,169,287","2,222,261,896",240.00,245.50,239.00,241.50,+6.50,"8,285",
112/06/29,"7,226,523","1,776,518,218",243.50,249.00,241.50,246.50,+5.00,"7,206",
112/06/30,"28,345,223","7,439,874,672",246.50,271.00,244.00,271.00,+24.50,"17,637",
112/07/03,"29,009,596","8,387,984,158",281.00,296.00,280.00,293.00,+22.00,"23,072",
112/07/04,"19,125,980","5,581,369,680",294.00,297.50,284.00,292.00,-1.00,"17,490",
112/07/05,"15,675,411","4,438,775,094",292.00,293.50,278.00,280.50,-11.50,"15,493",
112/07/06,"13,890,078","3,823,668,998",273.50,281.50,271.00,273.50,-7.00,"11,043",
112/07/07,"18,805,348","5,155,021,615",274.50,281.50,267.50,270.00,-3.50,"15,031",
112/07/10,"11,497,776","3,161,230,814",270.00,281.50,269.00,273.00,+3.00,"9,110",
112/07/11,"14,553,750","4,112,921,900",278.00,286.50,277.50,283.50,+10.50,"11,531",
112/07/12,"21,156,598","6,138,504,917",286.00,299.00,284.00,287.50,+4.00,"17,863",
112/07/13,"30,721,376","9,222,764,272",298.00,314.50,284.50,288.00,+0.50,"26,450",
112/07/14,"18,305,798","5,357,034,313",300.50,303.00,284.00,293.50,+5.50,"19,363",
112/07/17,"13,998,203","3,990,305,022",288.50,290.00,281.00,285.00,-8.50,"11,843",
112/07/18,"17,645,893","5,121,097,137",289.50,296.50,278.00,293.00,+8.00,"19,713",
112/07/19,"10,465,271","3,057,230,128",297.00,298.00,288.00,291.50,-1.50,"12,379",
112/07/20,"20,988,539","6,434,853,955",290.50,313.00,290.00,308.50,+17.00,"22,292",
112/07/21,"28,450,394","9,251,479,346",304.00,339.00,297.00,339.00,+30.50,"25,879",
112/07/24,"24,356,983","8,452,291,842",344.00,358.50,336.00,344.00,+5.00,"19,152",
112/07/25,"24,074,666","8,528,053,034",347.00,367.50,340.00,340.50,-3.50,"19,844",
112/07/26,"13,697,256","4,726,572,641",340.50,352.00,337.50,343.50,+3.00,"11,072",
112/07/27,"21,067,463","7,423,486,371",351.00,361.50,340.00,340.00,-3.50,"16,462",
112/07/28,"17,619,014","6,052,322,939",340.00,356.00,329.50,352.00,+12.00,"15,755",
112/07/31,"27,210,101","9,338,684,939",357.00,364.00,318.00,322.00,-30.00,"20,998",
112/08/01,"16,310,749","5,277,408,748",326.50,331.50,312.00,328.00,+6.00,"19,622",
112/08/02,"26,891,545","8,668,292,422",330.00,339.00,305.50,315.50,-12.50,"20,620",
112/08/04,"22,440,915","7,395,214,884",318.50,344.50,312.00,338.00,+22.50,"24,837",
112/08/07,"27,619,209","9,684,746,899",342.50,360.00,342.50,349.50,+11.50,"22,143",
112/08/08,"22,600,965","8,038,426,627",351.50,363.50,348.50,358.00,+8.50,"17,837",
112/08/09,"31,882,406","11,492,119,162",355.00,373.50,348.00,349.00,-9.00,"25,147",
112/08/10,"20,664,489","6,673,275,587",343.50,346.50,314.50,314.50,-34.50,"18,235",
112/08/11,"19,531,681","6,206,300,648",317.00,323.50,310.00,321.00,+6.50,"14,825",
112/08/14,"14,243,248","4,550,160,820",315.50,327.00,308.00,319.00,-2.00,"10,630",
112/08/15,"14,087,541","4,798,872,262",338.00,345.00,336.00,343.50,+24.50,"11,524",
112/08/16,"12,746,807","4,396,531,115",338.00,350.00,336.50,350.00,+6.50,"10,352",
112/08/17,"15,346,882","5,454,249,166",345.50,363.00,345.50,363.00,+13.00,"12,790",
112/08/18,"15,724,328","5,614,842,086",364.50,369.50,341.00,352.00,-11.00,"13,245",
112/08/21,"10,574,444","3,740,627,050",360.00,362.50,345.50,353.50,+1.50,"8,415",
112/08/22,"10,648,387","3,826,317,828",362.00,367.50,348.00,350.50,-3.00,"8,488",
112/08/23,"8,305,552","2,991,056,993",356.00,366.00,352.50,356.00,+5.50,"7,250",
112/08/24,"23,146,660","8,870,257,101",371.00,391.50,367.50,387.00,+31.00,"17,134",
112/08/25,"15,270,374","5,481,428,234",362.50,367.00,350.00,354.00,X0.00,"14,589",
112/08/28,"8,276,087","2,857,127,329",357.00,359.00,336.50,338.50,-15.50,"8,309",
112/08/29,"9,483,160","3,224,802,394",343.50,351.00,332.00,335.00,-3.50,"8,745",
112/08/30,"9,772,935","3,339,016,119",346.50,350.50,335.00,335.50,+0.50,"8,570",
112/08/31,"13,174,132","4,338,844,694",322.00,338.00,318.00,334.50,-1.00,"11,081",
112/09/01,"7,736,491","2,560,224,797",337.50,339.50,325.50,329.00,-5.50,"7,318",
112/09/04,"5,624,945","1,847,014,380",332.00,332.00,325.00,328.50,-0.50,"5,018",
112/09/05,"5,887,291","1,932,740,827",329.00,332.50,324.00,330.50,+2.00,"6,898",
112/09/06,"10,797,135","3,692,341,760",332.00,347.50,331.00,343.50,+13.00,"9,398",
112/09/07,"7,964,968","2,704,388,846",345.00,345.00,332.50,342.00,-1.50,"6,878",
112/09/08,"9,885,231","3,376,166,233",344.00,349.50,335.00,337.00,-5.00,"8,281",
112/09/11,"12,553,530","3,985,317,066",338.00,340.50,304.00,311.50,-25.50,"11,969",
112/09/12,"7,960,995","2,447,203,714",308.50,313.50,303.00,306.00,-5.50,"7,456",
112/09/13,"10,687,503","3,213,020,286",305.00,308.00,292.00,304.00,-2.00,"10,141",
112/09/14,"11,189,543","3,537,837,588",310.00,322.00,307.00,318.00,+14.00,"12,268",
112/09/15,"6,072,215","1,930,641,133",317.00,321.00,314.00,320.00,+2.00,"6,444",
112/09/18,"12,963,713","3,894,197,799",317.50,317.50,293.00,293.50,-26.50,"13,749",
112/09/19,"19,668,069","5,560,265,287",295.00,295.50,276.00,278.00,-15.50,"15,659",
112/09/20,"17,087,276","4,846,193,994",277.00,295.00,274.50,281.00,+3.00,"14,059",
112/09/21,"12,148,321","3,358,951,601",276.50,281.00,270.00,280.00,-1.00,"11,986",
112/09/22,"19,258,881","5,594,804,429",275.50,301.00,272.00,297.50,+17.50,"15,990",
112/09/25,"11,634,961","3,478,112,867",297.00,303.00,293.50,297.00,-0.50,"11,379",
112/09/26,"23,257,873","7,304,027,912",304.00,321.00,301.00,313.50,+16.50,"20,808",
112/09/27,"13,278,137","4,188,343,164",313.50,321.00,308.50,321.00,+7.50,"17,351",
112/09/28,"22,897,317","7,646,007,707",323.00,344.00,323.00,341.00,+20.00,"20,609",
112/10/02,"18,328,356","6,334,550,750",347.50,351.00,339.00,342.50,+1.50,"14,769",
112/10/03,"11,250,444","3,867,827,026",345.50,351.00,338.50,340.00,-2.50,"9,551",
112/10/04,"12,171,879","4,106,554,276",333.00,345.00,328.00,345.00,+5.00,"10,774",
112/10/05,"11,350,662","3,942,422,482",348.00,352.00,343.50,344.00,-1.00,"10,072",
112/10/06,"7,132,849","2,484,013,784",350.00,351.50,345.00,348.50,+4.50,"6,191",
112/10/11,"14,017,446","4,836,806,091",364.00,364.00,335.00,336.50,-12.00,"11,664",
112/10/12,"10,608,129","3,653,141,648",344.00,351.00,339.00,342.00,+5.50,"8,970",
112/10/13,"8,425,882","2,847,993,250",339.50,346.00,332.00,337.00,-5.00,"7,443",
112/10/16,"8,893,179","2,921,672,451",333.00,338.50,323.00,325.50,-11.50,"7,928",
112/10/17,"8,218,276","2,670,630,095",331.00,333.00,319.00,319.50,-6.00,"7,332",
112/10/18,"15,543,116","4,694,636,970",317.50,318.00,292.00,294.00,-25.50,"13,105",
112/10/19,"10,557,282","3,120,867,796",290.00,301.50,287.00,299.00,+5.00,"9,470",
112/10/20,"12,957,963","3,911,505,068",295.00,312.00,290.50,308.50,+9.50,"11,235",
112/10/23,"9,822,073","2,978,468,984",307.00,309.50,297.00,297.00,-11.50,"9,584",
112/10/24,"15,414,361","4,791,122,874",303.00,319.50,298.50,318.00,+21.00,"12,948",
112/10/25,"11,441,906","3,619,264,507",318.00,321.00,312.00,313.00,-5.00,"16,073",
112/10/26,"9,341,284","2,857,041,770",305.00,312.00,301.50,301.50,-11.50,"9,402",
112/10/27,"12,433,902","3,733,372,347",303.00,308.00,295.00,296.50,-5.00,"10,505",
112/10/30,"6,740,738","2,033,837,151",300.50,306.00,297.50,298.50,+2.00,"5,568",
112/10/31,"13,230,899","3,884,044,374",302.00,307.00,282.00,283.50,-15.00,"13,709",
112/11/01,"8,075,820","2,300,131,372",286.50,288.50,280.00,285.50,+2.00,"6,763",
112/11/02,"9,089,446","2,705,207,132",299.00,301.00,293.00,299.50,+14.00,"7,837",
112/11/03,"8,030,747","2,404,636,845",303.00,303.50,296.00,297.00,-2.50,"7,856",
112/11/06,"12,470,120","3,855,250,551",304.00,315.00,301.00,315.00,+18.00,"10,229",
112/11/07,"6,546,904","2,034,455,092",312.00,314.50,308.00,311.00,-4.00,"8,332",
112/11/08,"12,788,406","4,048,706,762",315.00,321.00,312.50,313.00,+2.00,"11,156",
112/11/09,"8,806,659","2,795,753,757",315.00,321.00,313.00,316.50,+3.50,"8,588",
112/11/10,"8,146,899","2,578,019,935",315.50,322.00,312.00,314.50,-2.00,"8,078",
112/11/13,"9,264,195","2,924,465,882",321.00,321.00,309.50,318.50,+4.00,"9,099",
112/11/14,"13,542,307","4,417,198,311",322.00,331.00,321.50,325.00,+6.50,"13,117",
112/11/15,"17,672,768","5,767,174,388",335.50,339.00,312.00,313.50,-11.50,"20,633",
112/11/16,"10,846,286","3,416,257,328",316.50,319.50,309.00,316.00,+2.50,"8,870",
112/11/17,"7,143,779","2,273,004,609",317.50,323.00,315.00,318.00,+2.00,"6,132",
112/11/20,"12,393,644","4,034,852,296",322.00,332.50,317.00,329.50,+11.50,"10,565",
112/11/21,"10,628,302","3,530,056,473",337.00,337.00,327.00,327.00,-2.50,"10,456",
112/11/22,"5,944,874","1,939,673,389",325.50,329.00,322.50,327.00, 0.00,"5,235",
112/11/23,"12,720,027","4,168,424,791",329.00,337.50,320.00,320.00,-7.00,"10,797",
112/11/24,"4,103,892","1,322,369,491",322.50,324.50,319.50,322.50,+2.50,"3,483",
112/11/27,"14,129,564","4,324,834,063",322.50,322.50,298.00,298.00,-24.50,"15,334",
112/11/28,"7,431,725","2,229,164,243",300.00,302.50,296.00,300.50,+2.50,"7,006",
112/11/29,"6,548,717","1,984,649,070",301.00,308.00,300.00,301.00,+0.50,"6,523",
112/11/30,"8,239,802","2,496,375,531",302.50,310.00,298.50,308.00,+7.00,"9,645",
112/12/01,"5,542,256","1,680,845,066",305.50,306.00,301.50,302.50,-5.50,"5,813",
112/12/04,"11,513,565","3,372,159,926",305.50,305.50,287.00,290.50,-12.00,"13,532",
112/12/05,"10,565,454","2,997,404,021",288.50,289.00,280.00,286.00,-4.50,"10,716",
112/12/06,"10,033,643","2,981,993,191",294.50,301.00,293.00,296.50,+10.50,"9,003",
112/12/07,"8,629,639","2,590,154,154",298.00,306.00,291.50,301.50,+5.00,"10,948",
112/12/08,"7,175,623","2,194,416,846",308.00,309.00,303.00,304.50,+3.00,"9,649",
112/12/11,"8,387,503","2,584,594,000",309.00,313.00,302.50,308.00,+3.50,"9,342",
112/12/12,"5,785,211","1,785,667,921",312.00,313.00,305.00,306.50,-1.50,"10,769",
112/12/13,"6,369,761","1,934,879,506",308.00,309.50,300.50,300.50,-6.00,"11,662",
112/12/14,"8,026,499","2,472,142,986",306.00,311.50,304.50,306.00,+5.50,"7,231",
112/12/15,"8,662,103","2,622,992,931",309.50,311.00,298.00,298.00,-8.00,"12,962",
112/12/18,"5,034,054","1,506,283,206",298.00,304.00,294.00,299.50,+1.50,"4,939",
112/12/19,"4,938,732","1,479,221,355",298.00,302.50,296.00,302.50,+3.00,"4,870",
112/12/20,"6,943,668","2,099,480,376",303.00,307.00,298.00,299.50,-3.00,"5,874",
112/12/21,"6,307,802","1,875,903,517",297.00,301.50,293.00,301.50,+2.00,"12,672",
112/12/22,"9,108,576","2,789,999,370",303.50,309.00,301.50,307.00,+5.50,"7,507",
112/12/25,"5,387,672","1,669,502,480",309.50,312.00,307.00,309.50,+2.50,"5,205",
112/12/26,"5,933,091","1,827,356,466",312.00,312.00,304.50,311.00,+1.50,"9,159",
112/12/27,"14,531,200","4,655,170,773",311.00,329.00,307.00,324.50,+13.50,"15,802",
112/12/28,"11,255,519","3,638,141,001",327.50,331.50,318.00,318.00,-6.50,"20,592",
112/12/29,"21,641,266","7,182,317,755",321.00,338.00,321.00,336.50,+18.50,"19,245",
113/01/02,"10,353,809","3,435,551,513",337.00,338.50,327.00,329.50,-7.00,"20,360",
113/01/03,"7,939,502","2,614,370,346",325.00,334.50,324.50,329.00,-0.50,"9,723",
113/01/04,"10,213,381","3,291,859,754",331.50,334.00,316.00,319.00,-10.00,"11,391",
113/01/05,"5,255,538","1,689,372,711",320.00,324.00,318.50,323.50,+4.50,"4,985",
113/01/08,"18,053,420","5,587,111,048",325.00,326.00,300.50,301.50,-22.00,"20,498",
113/01/09,"13,398,129","4,185,422,373",310.50,317.00,307.50,315.00,+13.50,"11,739",
113/01/10,"16,477,955","5,341,496,589",315.00,329.50,315.00,329.00,+14.00,"14,256",
113/01/11,"19,397,967","6,574,919,653",328.50,348.00,324.00,346.50,+17.50,"16,145",
113/01/12,"25,955,483","9,113,119,535",346.00,358.00,338.50,350.00,+3.50,"20,398",
113/01/15,"16,628,877","5,642,229,286",350.00,351.00,334.00,334.00,-16.00,"16,380",
113/01/16,"11,057,161","3,762,619,213",334.00,343.50,331.00,343.00,+9.00,"10,086",
113/01/17,"17,875,518","6,237,998,656",345.00,357.00,343.00,343.50,+0.50,"14,744",
113/01/18,"15,230,579","5,206,735,098",344.00,354.00,334.00,334.50,-9.00,"13,588",
113/01/19,"11,657,582","4,006,338,629",342.00,347.50,338.50,346.00,+11.50,"8,808",
113/01/22,"26,832,620","9,943,969,303",355.00,380.50,354.50,380.50,+34.50,"21,200",
113/01/23,"18,910,061","7,250,797,342",387.50,389.50,376.00,386.50,+6.00,"15,814",
113/01/24,"11,338,787","4,372,704,016",387.00,390.50,379.00,387.50,+1.00,"10,376",
113/01/25,"15,589,957","6,087,774,718",391.00,398.00,383.00,389.50,+2.00,"13,651",
113/01/26,"7,309,066","2,802,119,979",387.50,387.50,378.00,386.00,-3.50,"7,374",
113/01/29,"7,186,464","2,790,394,983",383.50,393.00,382.00,390.50,+4.50,"6,613",
113/01/30,"27,982,617","11,768,380,699",400.00,429.50,398.00,429.50,+39.00,"17,627",
113/01/31,"16,341,597","6,894,067,327",424.00,428.00,414.00,425.50,-4.00,"15,299",
113/02/01,"32,579,595","14,605,014,447",426.50,467.00,425.50,457.50,+32.00,"26,468",
113/02/02,"20,746,934","9,893,414,568",467.00,484.00,466.50,478.00,+20.50,"18,473",
113/02/05,"17,070,681","8,287,176,478",478.00,498.50,478.00,485.50,+7.50,"15,318",
113/02/15,"13,292,708","7,013,520,981",518.00,534.00,514.00,534.00,+48.50,"9,689",
113/02/16,"14,032,736","7,273,015,597",544.00,545.00,499.00,510.00,-24.00,"15,067",
113/02/19,"13,568,028","6,736,353,412",509.00,520.00,485.00,486.00,-24.00,"16,990",
113/02/20,"12,216,718","5,854,142,063",485.00,491.50,468.00,483.00,-3.00,"13,532",
113/02/21,"9,880,469","4,828,611,764",479.50,498.00,476.00,495.00,+12.00,"10,433",
113/02/22,"13,992,424","7,331,191,778",533.00,535.00,507.00,520.00,+25.00,"14,103",
113/02/23,"14,461,689","7,333,275,603",520.00,523.00,497.00,498.50,-21.50,"19,741",
113/02/26,"8,161,877","4,048,613,416",498.50,504.00,487.00,500.00,+1.50,"8,585",
113/02/27,"14,174,882","7,189,882,970",505.00,519.00,487.00,508.00,+8.00,"14,010",
113/02/29,"18,212,133","9,589,011,214",504.00,541.00,500.00,532.00,+24.00,"17,391",
113/03/01,"18,450,179","9,999,535,676",539.00,558.00,524.00,539.00,+7.00,"17,812",
113/03/04,"12,721,387","7,084,686,386",552.00,564.00,550.00,554.00,+15.00,"12,689",
113/03/05,"15,769,902","8,959,590,115",558.00,585.00,543.00,585.00,+31.00,"15,832",
113/03/06,"22,361,996","13,726,954,207",583.00,634.00,581.00,630.00,+45.00,"25,477",
113/03/07,"25,316,264","15,555,234,842",637.00,659.00,587.00,599.00,-31.00,"25,947",
113/03/08,"20,866,723","12,353,020,701",604.00,621.00,572.00,574.00,-25.00,"21,986",
113/03/11,"24,091,625","14,410,866,292",567.00,616.00,566.00,585.00,+11.00,"23,267",
113/03/12,"28,886,449","18,007,132,744",597.00,643.00,592.00,643.00,+58.00,"26,649",
113/03/13,"35,852,997","22,948,068,201",651.00,677.00,607.00,617.00,-26.00,"37,121",
113/03/14,"23,185,072","13,028,570,644",582.00,586.00,556.00,556.00,-61.00,"25,823",
113/03/15,"29,656,599","17,302,585,914",540.00,605.00,540.00,599.00,+43.00,"26,173",
113/03/18,"18,757,453","11,588,636,566",610.00,631.00,604.00,623.00,+24.00,"18,700",
113/03/19,"21,021,086","12,477,753,577",609.00,626.00,563.00,569.00,-54.00,"27,595",
113/03/20,"20,796,056","11,917,911,429",570.00,588.00,561.00,567.00,-2.00,"20,531",
113/03/21,"14,094,594","8,245,547,234",584.00,596.00,574.00,585.00,+18.00,"13,882",
113/03/22,"11,141,843","6,559,696,736",594.00,597.00,578.00,589.00,+4.00,"11,788",
113/03/25,"8,648,854","5,075,525,101",589.00,596.00,580.00,583.00,-6.00,"9,571",
113/03/26,"17,025,904","9,399,522,045",584.00,586.00,533.00,541.00,-42.00,"21,485",
113/03/27,"11,385,926","6,117,809,159",541.00,548.00,531.00,534.00,-7.00,"12,035",
113/03/28,"14,901,166","7,899,692,634",536.00,545.00,511.00,542.00,+8.00,"15,704",
113/03/29,"12,076,304","6,630,807,088",545.00,564.00,536.00,546.00,+4.00,"12,618",
113/04/01,"11,645,972","6,494,412,297",554.00,570.00,549.00,554.00,+8.00,"11,814",
113/04/02,"15,735,165","8,512,262,928",561.00,563.00,533.00,533.00,-21.00,"18,260",
113/04/03,"16,799,108","9,228,687,012",524.00,565.00,523.00,546.00,+13.00,"15,882",
113/04/08,"17,914,543","10,331,961,528",548.00,598.00,547.00,570.00,+24.00,"20,195",
113/04/09,"13,915,036","8,036,222,077",581.00,593.00,561.00,577.00,+7.00,"14,461",
113/04/10,"9,322,346","5,305,946,994",578.00,586.00,555.00,555.00,-22.00,"12,052",
113/04/11,"13,052,866","7,562,386,707",558.00,594.00,554.00,584.00,+29.00,"13,904",
113/04/12,"20,356,152","12,567,659,678",592.00,636.00,592.00,628.00,+44.00,"24,182",
113/04/15,"14,047,327","8,802,236,046",622.00,639.00,611.00,616.00,-12.00,"16,448",
113/04/16,"13,231,693","7,985,330,797",606.00,620.00,586.00,606.00,-10.00,"23,437",
113/04/17,"16,958,619","10,677,409,764",620.00,643.00,612.00,638.00,+32.00,"20,439",
113/04/18,"25,471,272","17,001,605,767",638.00,692.00,630.00,680.00,+42.00,"25,728",
113/04/19,"26,907,697","17,267,135,309",666.00,679.00,612.00,630.00,-50.00,"38,472",
113/04/22,"19,224,070","11,282,557,204",600.00,611.00,567.00,567.00,-63.00,"23,127",
113/04/23,"14,935,899","8,691,858,800",595.00,595.00,567.00,577.00,+10.00,"13,430",
113/04/24,"11,802,037","7,401,221,647",610.00,634.00,608.00,634.00,+57.00,"11,126",
113/04/25,"22,852,916","14,558,969,156",629.00,656.00,616.00,620.00,-14.00,"22,389",
113/04/26,"28,268,052","18,464,469,752",654.00,679.00,629.00,642.00,+22.00,"26,308",
113/04/29,"15,425,178","9,817,233,668",663.00,666.00,622.00,626.00,-16.00,"18,880",
113/04/30,"18,774,527","12,249,453,059",645.00,662.00,641.00,654.00,+28.00,"17,934",
113/05/02,"15,268,676","9,913,196,296",636.00,664.00,624.00,656.00,+2.00,"14,628",
113/05/03,"17,067,743","11,270,544,038",670.00,672.00,645.00,662.00,+6.00,"17,843",
113/05/06,"19,318,055","13,095,791,013",675.00,698.00,660.00,662.00, 0.00,"19,832",
113/05/07,"13,004,842","8,702,770,391",674.00,682.00,655.00,674.00,+12.00,"14,621",
113/05/08,"9,478,766","6,339,511,521",674.00,678.00,661.00,663.00,-11.00,"9,916",
113/05/09,"15,966,037","10,482,307,502",669.00,676.00,638.00,654.00,-9.00,"16,065",
113/05/10,"8,508,864","5,472,084,883",657.00,658.00,637.00,638.00,-16.00,"9,564",
113/05/13,"18,889,068","12,167,544,408",650.00,666.00,626.00,626.00,-12.00,"18,021",
113/05/14,"10,989,791","6,950,292,202",628.00,646.00,621.00,645.00,+19.00,"11,375",
113/05/15,"17,214,134","11,336,977,297",659.00,672.00,643.00,644.00,-1.00,"16,477",
113/05/16,"20,039,495","13,287,287,838",656.00,677.00,650.00,651.00,+7.00,"21,834",
113/05/17,"10,659,333","7,014,420,432",656.00,667.00,651.00,660.00,+9.00,"14,458",
113/05/20,"11,681,234","7,574,142,903",662.00,667.00,637.00,638.00,-22.00,"13,237",
113/05/21,"8,075,434","5,211,431,432",641.00,650.00,635.00,650.00,+12.00,"8,051",
113/05/22,"8,522,457","5,584,807,786",650.00,662.00,648.00,660.00,+10.00,"7,868",
113/05/23,"26,509,941","18,484,904,338",671.00,725.00,665.00,708.00,+48.00,"27,031",
113/05/24,"12,370,519","8,689,319,658",703.00,713.00,690.00,706.00,-2.00,"13,380",
113/05/27,"14,474,065","10,678,527,201",730.00,752.00,727.00,738.00,+32.00,"16,957",
113/05/28,"15,452,120","11,915,399,077",743.00,785.00,743.00,783.00,+45.00,"17,094",
113/05/29,"16,367,737","13,183,653,212",789.00,817.00,785.00,811.00,+28.00,"17,921",
113/05/30,"13,394,233","10,645,645,652",797.00,811.00,781.00,781.00,-30.00,"18,694",
113/05/31,"43,486,215","33,514,461,452",790.00,796.00,755.00,769.00,-12.00,"20,013",
113/06/03,"18,522,990","13,986,800,135",775.00,794.00,721.00,736.00,-33.00,"23,859",
113/06/04,"12,697,385","9,224,371,760",737.00,748.00,710.00,721.00,-15.00,"16,837",
113/06/05,"14,707,031","10,243,145,661",725.00,726.00,677.00,685.00,-36.00,"22,383",
113/06/06,"24,963,824","16,682,187,943",699.00,702.00,646.00,660.00,-25.00,"29,001",
113/06/07,"24,895,924","15,894,699,083",656.00,665.00,617.00,620.00,-40.00,"32,155",
113/06/11,"18,716,056","12,354,933,759",646.00,675.00,643.00,665.00,+45.00,"21,383",
113/06/12,"19,448,972","12,899,629,724",662.00,688.00,638.00,688.00,+23.00,"21,247",
113/06/13,"18,042,667","12,800,728,099",716.00,721.00,698.00,712.00,+24.00,"19,829",
113/06/14,"17,405,424","12,642,592,986",717.00,744.00,707.00,739.00,+27.00,"19,894",
113/06/17,"13,707,644","10,071,688,497",750.00,756.00,719.00,723.00,-16.00,"18,794",
113/06/18,"10,752,849","7,704,775,312",734.00,737.00,703.00,713.00,-10.00,"14,453",
113/06/19,"14,456,481","10,275,592,553",719.00,720.00,701.00,704.00,-9.00,"16,889",
113/06/20,"14,033,095","10,287,198,954",707.00,745.00,707.00,740.00,+36.00,"16,834",
113/06/21,"15,767,211","11,497,721,871",726.00,742.00,714.00,731.00,-9.00,"14,418",
113/06/24,"8,890,841","6,401,860,751",725.00,731.00,711.00,714.00,-17.00,"11,587",
113/06/25,"10,997,269","7,651,305,947",707.00,710.00,686.00,701.00,-13.00,"15,097",
113/06/26,"13,574,740","9,952,799,251",710.00,749.00,710.00,740.00,+39.00,"15,963",
113/06/27,"14,035,976","10,431,465,799",730.00,755.00,730.00,736.00,-4.00,"15,655",
113/06/28,"16,873,124","12,849,541,075",756.00,773.00,745.00,765.00,+29.00,"18,622",
113/07/01,"15,583,669","11,937,347,985",765.00,786.00,741.00,743.00,-22.00,"25,608",
113/07/02,"11,471,651","8,549,117,187",743.00,756.00,730.00,752.00,+9.00,"12,071",
113/07/03,"13,049,882","9,867,177,364",757.00,770.00,743.00,745.00,-7.00,"14,855",
113/07/04,"8,633,055","6,523,013,594",758.00,768.00,748.00,752.00,+7.00,"9,071",
113/07/05,"7,951,054","6,030,438,595",759.00,767.00,748.00,764.00,+12.00,"10,116",
113/07/08,"10,919,573","8,181,488,137",773.00,776.00,735.00,745.00,-19.00,"16,928",
113/07/09,"10,962,546","7,989,458,389",750.00,754.00,710.00,727.00,-18.00,"15,231",
113/07/10,"6,270,580","4,571,260,614",734.00,736.00,723.00,726.00,-1.00,"7,204",
113/07/11,"8,484,104","6,089,392,196",733.00,737.00,708.00,714.00,-12.00,"14,858",
113/07/12,"7,224,346","5,119,121,588",707.00,721.00,701.00,709.00,-5.00,"11,007",
113/07/15,"6,438,853","4,509,684,481",712.00,713.00,694.00,702.00,-7.00,"10,301",
113/07/16,"5,781,944","4,027,111,113",704.00,709.00,690.00,691.00,-11.00,"9,476",
113/07/17,"6,402,006","4,472,486,188",694.00,710.00,690.00,690.00,-1.00,"8,814",
113/07/18,"9,811,674","6,523,730,083",670.00,680.00,653.00,675.00,-15.00,"15,299",
113/07/19,"8,237,795","5,646,863,810",676.00,698.00,670.00,687.00,+12.00,"9,851",
113/07/22,"14,539,598","9,510,132,069",696.00,697.00,628.00,634.00,-53.00,"20,200",
113/07/23,"8,659,947","5,728,860,754",647.00,676.00,643.00,669.00,+35.00,"9,714",
113/07/26,"11,013,333","6,846,729,688",623.00,636.00,612.00,613.00,-56.00,"18,954",
113/07/29,"12,621,304","7,623,723,892",628.00,628.00,588.00,590.00,-23.00,"16,042",
113/07/30,"13,952,089","8,654,784,767",600.00,643.00,593.00,639.00,+49.00,"16,349",
113/07/31,"9,467,722","6,092,591,189",631.00,656.00,628.00,636.00,-3.00,"11,679",
113/08/01,"7,932,609","5,212,292,300",668.00,668.00,648.00,655.00,+19.00,"8,716",
113/08/02,"12,864,948","7,871,029,042",608.00,640.00,592.00,594.00,-61.00,"19,019",
113/08/05,"9,196,285","4,943,726,605",536.00,549.00,535.00,535.00,-59.00,"12,372",
113/08/06,"15,925,656","8,380,570,137",561.00,561.00,484.00,526.00,-9.00,"15,527",
113/08/07,"11,662,628","6,463,541,738",533.00,576.00,528.00,559.00,+33.00,"14,246",
113/08/08,"13,326,706","7,127,858,233",541.00,549.00,521.00,530.00,-29.00,"14,809",
113/08/09,"10,122,414","5,789,067,765",560.00,582.00,554.00,568.00,+38.00,"10,340",
113/08/12,"16,980,984","9,995,177,152",580.00,605.00,573.00,585.00,+17.00,"16,696",
113/08/13,"9,714,063","5,735,393,060",602.00,605.00,576.00,587.00,+2.00,"10,404",
113/08/14,"8,339,410","5,025,372,412",606.00,617.00,593.00,597.00,+10.00,"10,266",
113/08/15,"7,435,359","4,477,834,571",599.00,613.00,593.00,594.00,X0.00,"8,558",
113/08/16,"10,542,659","6,577,674,997",614.00,634.00,606.00,626.00,+32.00,"12,746",
113/08/19,"7,446,692","4,601,406,388",629.00,629.00,609.00,617.00,-9.00,"10,250",
113/08/20,"6,817,021","4,230,475,261",625.00,635.00,611.00,616.00,-1.00,"8,119",
113/08/21,"4,713,149","2,872,794,859",605.00,620.00,604.00,606.00,-10.00,"6,344",
113/08/22,"3,954,867","2,395,469,215",611.00,614.00,599.00,606.00, 0.00,"5,502",
113/08/23,"5,171,682","3,121,548,149",599.00,612.00,594.00,612.00,+6.00,"6,333",
113/08/26,"9,086,053","5,646,959,751",620.00,632.00,610.00,610.00,-2.00,"9,857",
113/08/27,"6,281,747","3,808,875,633",610.00,614.00,598.00,613.00,+3.00,"8,580",
113/08/28,"6,124,327","3,753,278,356",617.00,620.00,603.00,613.00, 0.00,"6,362",
113/08/29,"6,377,175","3,814,151,335",600.00,604.00,592.00,598.00,-15.00,"8,649",
113/08/30,"6,622,199","3,995,243,283",602.00,606.00,597.00,606.00,+8.00,"5,125",
113/09/02,"10,026,720","5,889,265,555",602.00,611.00,568.00,574.00,-32.00,"15,311",
113/09/03,"9,081,000","5,268,011,596",575.00,597.00,570.00,570.00,-4.00,"10,501",
113/09/04,"12,058,015","6,305,856,353",516.00,542.00,513.00,515.00,-55.00,"21,934",
113/09/05,"13,236,060","6,896,421,410",518.00,538.00,507.00,525.00,+10.00,"15,013",
113/09/06,"10,304,152","5,331,763,775",527.00,534.00,510.00,511.00,-14.00,"13,051",
113/09/09,"13,760,038","7,243,733,490",496.00,549.00,495.50,545.00,+34.00,"14,351",
113/09/10,"17,357,772","9,175,892,128",548.00,555.00,505.00,512.00,-33.00,"21,783",
113/09/11,"8,034,908","4,192,220,545",521.00,530.00,512.00,521.00,+9.00,"7,887",
113/09/12,"12,572,548","6,961,200,558",557.00,563.00,541.00,555.00,+34.00,"14,222",
113/09/13,"6,904,913","3,815,635,909",560.00,562.00,546.00,554.00,-1.00,"8,996",
113/09/16,"4,386,299","2,397,673,921",555.00,558.00,542.00,544.00,-10.00,"5,685",
113/09/18,"6,491,391","3,523,010,122",553.00,554.00,529.00,537.00,-7.00,"7,286",
113/09/19,"8,786,554","4,887,663,243",546.00,563.00,545.00,561.00,+24.00,"9,939",
113/09/20,"10,272,136","5,792,465,186",576.00,579.00,556.00,558.00,-3.00,"10,311",
113/09/23,"8,864,935","5,075,883,463",568.00,584.00,564.00,569.00,+11.00,"9,563",
113/09/24,"5,971,306","3,380,079,320",565.00,571.00,559.00,571.00,+2.00,"9,347",
113/09/25,"9,940,104","5,795,525,705",578.00,597.00,572.00,581.00,+10.00,"10,977",
113/09/26,"23,594,666","14,455,699,713",589.00,633.00,585.00,617.00,+36.00,"25,742",
113/09/27,"15,090,320","9,362,269,556",623.00,630.00,611.00,624.00,+7.00,"15,449",
113/09/30,"11,149,278","6,722,629,146",619.00,623.00,590.00,590.00,-34.00,"16,044",
113/10/01,"8,197,085","4,863,960,856",598.00,606.00,582.00,585.00,-5.00,"10,081",
113/10/04,"10,105,054","6,105,758,953",594.00,612.00,592.00,604.00,+19.00,"10,584",
113/10/07,"7,101,570","4,348,532,155",617.00,618.00,608.00,611.00,+7.00,"7,788",
113/10/08,"6,572,281","4,031,453,478",611.00,622.00,608.00,611.00, 0.00,"7,352",
113/10/09,"5,902,050","3,619,905,059",620.00,622.00,605.00,605.00,-6.00,"7,948",
113/10/11,"13,756,372","8,657,520,314",615.00,638.00,614.00,629.00,+24.00,"17,819",
113/10/14,"13,255,904","8,559,406,515",632.00,658.00,630.00,647.00,+18.00,"21,023",
113/10/15,"15,412,738","10,305,742,586",658.00,680.00,654.00,679.00,+32.00,"18,172",
113/10/16,"10,274,768","6,891,743,871",666.00,681.00,658.00,676.00,-3.00,"14,613",
113/10/17,"8,558,641","5,785,778,903",678.00,683.00,666.00,679.00,+3.00,"9,945",
113/10/18,"12,884,187","8,851,424,285",691.00,699.00,676.00,681.00,+2.00,"14,918",
113/10/21,"8,323,429","5,702,282,598",681.00,695.00,677.00,677.00,-4.00,"9,542",
113/10/22,"4,804,114","3,266,741,205",677.00,687.00,674.00,683.00,+6.00,"6,100",
113/10/23,"5,432,962","3,728,433,919",681.00,693.00,676.00,686.00,+3.00,"6,796",
113/10/24,"11,019,725","7,312,469,474",688.00,689.00,651.00,656.00,-30.00,"23,249",
113/10/25,"5,140,180","3,383,821,790",657.00,664.00,653.00,664.00,+8.00,"5,969",
113/10/28,"7,029,020","4,563,062,831",663.00,666.00,640.00,648.00,-16.00,"8,890",
113/10/29,"7,342,277","4,621,842,799",641.00,642.00,620.00,626.00,-22.00,"10,717",
113/10/30,"8,528,797","5,476,894,418",633.00,653.00,631.00,638.00,+12.00,"9,079",
113/11/01,"6,752,112","4,246,064,430",610.00,641.00,608.00,637.00,-1.00,"8,664",
113/11/04,"5,074,682","3,254,853,750",637.00,654.00,625.00,654.00,+17.00,"5,950",
113/11/05,"4,719,313","3,083,550,864",649.00,659.00,646.00,656.00,+2.00,"5,812",
113/11/06,"8,446,571","5,676,851,557",666.00,680.00,659.00,674.00,+18.00,"9,803",
113/11/07,"6,013,520","4,066,949,935",674.00,683.00,671.00,675.00,+1.00,"6,351",
113/11/08,"8,898,073","6,122,298,631",686.00,694.00,682.00,687.00,+12.00,"10,523",
113/11/11,"3,177,423","2,175,403,561",687.00,691.00,679.00,687.00, 0.00,"4,290",
113/11/12,"4,994,339","3,345,091,557",680.00,684.00,661.00,661.00,-26.00,"10,124",
113/11/13,"5,166,270","3,435,694,194",661.00,674.00,656.00,661.00, 0.00,"6,984",
113/11/14,"10,804,194","7,359,676,864",680.00,694.00,670.00,685.00,+24.00,"12,409",
113/11/15,"15,673,137","10,403,714,355",693.00,698.00,644.00,648.00,-37.00,"20,378",
113/11/18,"6,234,714","4,021,635,385",650.00,659.00,636.00,638.00,-10.00,"7,812",
113/11/19,"7,558,736","4,911,953,727",645.00,662.00,638.00,648.00,+10.00,"7,863",
113/11/20,"8,351,821","5,571,865,553",659.00,675.00,659.00,666.00,+18.00,"9,130",
113/11/21,"7,323,694","4,815,182,219",659.00,673.00,648.00,650.00,-16.00,"13,165",
113/11/22,"4,742,900","3,114,484,883",661.00,664.00,651.00,652.00,+2.00,"5,525",
113/11/25,"5,538,693","3,685,050,279",657.00,670.00,656.00,669.00,+17.00,"5,586",
113/11/26,"5,923,796","3,857,105,241",660.00,664.00,646.00,649.00,-20.00,"8,415",
113/11/27,"5,368,528","3,445,403,611",650.00,658.00,630.00,630.00,-19.00,"8,391",
113/11/28,"5,175,118","3,267,856,998",631.00,640.00,621.00,640.00,+10.00,"6,730",
113/11/29,"3,597,478","2,302,101,703",632.00,646.00,630.00,643.00,+3.00,"4,718",
113/12/02,"12,958,124","8,728,133,520",648.00,684.00,647.00,678.00,+35.00,"15,379",
113/12/03,"15,290,442","10,719,850,937",692.00,718.00,684.00,697.00,+19.00,"18,903",
113/12/04,"8,590,761","6,070,544,986",705.00,714.00,696.00,714.00,+17.00,"11,809",
113/12/05,"6,117,937","4,391,984,849",722.00,726.00,711.00,715.00,+1.00,"7,754",
113/12/06,"5,307,157","3,789,704,256",715.00,721.00,708.00,711.00,-4.00,"7,005",
113/12/09,"7,494,660","5,262,190,471",710.00,712.00,693.00,708.00,-3.00,"10,051",
113/12/10,"7,558,764","5,201,131,171",702.00,703.00,682.00,682.00,-26.00,"13,477",
113/12/11,"7,540,380","5,239,143,098",676.00,703.00,676.00,700.00,+18.00,"8,476",
113/12/12,"6,723,450","4,715,636,721",709.00,716.00,691.00,693.00,-7.00,"8,319",
113/12/13,"3,091,220","2,131,469,126",693.00,699.00,683.00,686.00,-7.00,"4,781",
113/12/16,"12,387,010","8,090,375,934",690.00,695.00,637.00,637.00,-49.00,"27,015",
113/12/17,"5,933,039","3,845,055,653",639.00,655.00,639.00,651.00,+14.00,"7,291",
113/12/18,"11,170,566","6,998,269,501",645.00,647.00,616.00,630.00,-21.00,"18,072",
113/12/19,"5,896,201","3,703,958,446",613.00,636.00,613.00,633.00,+3.00,"6,769",
113/12/20,"9,296,739","5,861,388,619",629.00,640.00,621.00,634.00,+1.00,"8,893",
113/12/23,"5,264,830","3,377,713,838",644.00,650.00,635.00,636.00,+2.00,"6,876",
113/12/24,"3,976,698","2,534,111,774",644.00,645.00,633.00,634.00,-2.00,"5,499",
113/12/25,"2,390,222","1,526,127,794",638.00,643.00,635.00,636.00,+2.00,"3,215",
113/12/26,"4,014,343","2,582,464,862",639.00,651.00,632.00,642.00,+6.00,"5,386",
113/12/27,"3,157,986","2,012,543,433",645.00,645.00,633.00,636.00,-6.00,"4,375",
113/12/30,"3,368,938","2,132,190,378",634.00,643.00,627.00,627.00,-9.00,"5,231",
113/12/31,"2,860,038","1,786,633,032",628.00,632.00,622.00,623.00,-4.00,"4,342",
114/01/02,"4,734,406","2,957,686,538",623.00,639.00,614.00,615.00,-8.00,"7,971",
114/01/03,"3,713,963","2,302,673,750",620.00,626.00,611.00,624.00,+9.00,"4,941",
114/01/06,"4,444,331","2,800,812,549",632.00,636.00,627.00,627.00,+3.00,"5,453",
114/01/07,"4,232,160","2,697,080,997",636.00,642.00,634.00,637.00,+10.00,"5,613",
114/01/08,"6,713,301","4,156,009,386",632.00,633.00,611.00,615.00,-22.00,"12,858",
114/01/09,"13,456,408","7,932,120,922",616.00,618.00,572.00,574.00,-41.00,"29,585",
114/01/10,"11,796,683","6,553,218,720",575.00,576.00,545.00,549.00,-25.00,"19,475",
114/01/13,"10,814,033","5,681,171,640",547.00,551.00,515.00,516.00,-33.00,"17,626",
114/01/14,"8,788,193","4,556,983,379",520.00,525.00,513.00,520.00,+4.00,"10,328",
114/01/15,"7,652,794","3,889,889,542",516.00,522.00,500.00,502.00,-18.00,"13,248",
114/01/16,"7,120,252","3,721,762,619",518.00,533.00,514.00,527.00,+25.00,"8,818",
114/01/17,"10,135,724","5,295,045,020",526.00,539.00,508.00,530.00,+3.00,"11,185",
114/01/20,"9,214,658","5,118,792,869",538.00,566.00,535.00,565.00,+35.00,"11,422",
114/01/21,"6,737,935","3,737,709,389",565.00,565.00,550.00,552.00,-13.00,"9,394",
114/01/22,"9,315,682","5,338,973,187",563.00,581.00,562.00,579.00,+27.00,"11,814",
114/02/03,"3,560,200","1,858,591,994",522.00,522.00,522.00,522.00,-57.00,"11,820",
114/02/04,"22,732,433","11,428,372,521",519.00,524.00,486.00,508.00,-14.00,"29,468",
114/02/05,"12,455,579","6,594,755,342",524.00,543.00,519.00,526.00,+18.00,"14,424",
114/02/06,"8,799,982","4,740,273,835",531.00,547.00,531.00,535.00,+9.00,"9,503",
114/02/07,"6,696,356","3,629,072,262",543.00,549.00,531.00,549.00,+14.00,"8,423",
114/02/10,"9,422,423","5,020,310,382",530.00,541.00,524.00,538.00,-11.00,"10,726",
114/02/11,"7,556,974","4,126,901,341",543.00,552.00,541.00,545.00,+7.00,"7,711",
114/02/12,"9,906,875","5,503,758,317",545.00,565.00,543.00,553.00,+8.00,"10,753",
114/02/13,"6,952,028","3,872,883,638",557.00,563.00,549.00,556.00,+3.00,"8,168",
114/02/14,"5,727,340","3,188,099,954",556.00,565.00,546.00,560.00,+4.00,"6,761",
114/02/17,"6,055,245","3,428,413,645",565.00,574.00,558.00,562.00,+2.00,"7,143",
114/02/18,"5,778,691","3,299,679,005",563.00,579.00,559.00,579.00,+17.00,"7,296",
114/02/19,"6,621,890","3,788,428,113",581.00,583.00,564.00,564.00,-15.00,"10,504",
114/02/20,"3,523,021","1,980,487,929",564.00,569.00,555.00,563.00,-1.00,"4,935",
114/02/21,"3,182,727","1,800,075,125",564.00,569.00,558.00,568.00,+5.00,"3,963",
114/02/24,"8,755,605","4,770,174,922",554.00,556.00,541.00,542.00,-26.00,"14,672",
114/02/25,"6,405,932","3,387,114,755",528.00,539.00,523.00,528.00,-14.00,"10,744",
114/02/26,"8,688,661","4,706,990,884",525.00,554.00,524.00,549.00,+21.00,"9,377",
114/02/27,"10,141,764","5,551,885,904",553.00,567.00,536.00,537.00,-12.00,"13,527",
114/03/03,"5,256,958","2,757,095,492",528.00,533.00,519.00,519.00,-18.00,"8,727",
114/03/04,"7,628,957","3,989,250,173",506.00,537.00,500.00,534.00,+15.00,"8,986",
114/03/05,"14,570,981","8,202,609,379",549.00,576.00,548.00,566.00,+32.00,"17,233",
114/03/06,"11,321,459","6,498,990,984",570.00,582.00,562.00,576.00,+10.00,"12,208",
114/03/07,"9,004,617","5,077,385,947",566.00,573.00,558.00,559.00,-17.00,"10,754",
114/03/10,"6,749,861","3,830,927,861",570.00,576.00,561.00,564.00,+5.00,"7,659",
114/03/11,"9,632,730","5,371,742,875",548.00,570.00,540.00,560.00,-4.00,"14,650",
114/03/12,"8,575,540","4,854,308,469",567.00,578.00,555.00,556.00,-4.00,"13,956",
114/03/13,"15,444,533","8,853,727,105",574.00,582.00,564.00,566.00,+10.00,"16,194",
114/03/14,"9,754,386","5,583,104,890",573.00,579.00,563.00,576.00,+10.00,"10,767",
114/03/17,"8,647,320","4,936,050,368",580.00,587.00,560.00,561.00,-15.00,"12,039",
114/03/18,"4,322,809","2,446,311,298",569.00,573.00,561.00,564.00,+3.00,"4,723",
114/03/19,"9,325,465","5,041,924,679",562.00,562.00,531.00,533.00,-31.00,"15,840",
114/03/20,"7,343,784","4,014,399,409",540.00,558.00,537.00,551.00,+18.00,"8,352",
114/03/21,"5,552,344","2,990,980,357",550.00,551.00,535.00,535.00,-16.00,"7,703",
114/03/24,"8,027,474","4,207,796,709",539.00,540.00,516.00,520.00,-15.00,"13,036",
114/03/25,"5,007,430","2,647,790,796",532.00,536.00,523.00,526.00,+6.00,"5,580",
114/03/26,"3,776,115","1,997,915,888",527.00,534.00,522.00,532.00,+6.00,"4,729",
114/03/27,"6,570,351","3,424,711,063",520.00,530.00,511.00,530.00,-2.00,"7,619",
114/03/28,"6,485,205","3,314,881,336",517.00,523.00,504.00,504.00,-26.00,"11,426",
114/03/31,"10,492,553","4,899,739,845",485.00,492.00,454.00,454.00,-50.00,"20,924",
114/04/01,"6,913,817","3,156,444,902",454.00,462.00,451.00,458.50,+4.50,"8,741",
114/04/02,"5,337,726","2,496,523,960",463.50,478.00,462.00,466.00,+7.50,"7,262",
114/04/07,"295,599","124,003,439",419.50,419.50,419.50,419.50,-46.50,"1,843",
114/04/08,"2,931,624","1,108,169,610",378.00,378.00,378.00,378.00,-41.50,"6,841",
114/04/09,"10,095,428","3,496,524,919",346.00,357.50,340.50,340.50,-37.50,"10,960",
114/04/10,"2,646,685","991,183,403",374.50,374.50,374.50,374.50,+34.00,"1,450",
114/04/11,"16,450,778","6,393,857,030",365.50,411.50,347.00,411.50,+37.00,"17,653",
114/04/14,"11,963,470","5,124,998,602",432.00,445.00,413.00,422.00,+10.50,"13,610",
114/04/15,"7,848,977","3,385,809,199",424.50,437.50,421.00,435.00,+13.00,"9,006",
114/04/16,"8,033,731","3,400,215,820",425.00,437.00,411.50,415.50,-19.50,"11,560",
114/04/17,"9,351,255","3,846,588,341",409.50,421.00,401.00,418.50,+3.00,"9,682",
114/04/18,"6,511,983","2,709,173,920",415.00,421.00,410.00,417.00,-1.50,"6,963",
114/04/21,"5,323,387","2,161,500,329",411.00,416.00,400.00,403.00,-14.00,"6,323",
114/04/22,"8,101,364","3,258,984,828",393.00,413.50,392.50,398.50,-4.50,"8,548",
114/04/23,"7,870,926","3,323,919,073",417.50,429.50,414.00,428.00,+29.50,"8,701",
114/04/24,"10,753,572","4,680,639,613",434.00,445.00,424.00,441.00,+13.00,"10,784",
114/04/25,"14,118,355","6,695,939,233",465.00,485.00,461.00,471.00,+30.00,"15,139",
114/04/28,"9,981,629","4,772,882,248",473.50,485.00,471.50,480.50,+9.50,"10,084",
114/04/29,"5,041,390","2,395,841,806",478.00,479.00,471.50,477.00,-3.50,"6,310",
114/04/30,"5,199,919","2,433,773,102",473.00,474.00,463.00,464.00,-13.00,"7,955",
114/05/02,"11,737,408","5,814,304,280",482.00,509.00,481.00,507.00,+43.00,"14,274",
114/05/05,"9,025,076","4,551,565,240",512.00,515.00,496.50,502.00,-5.00,"12,409",
114/05/06,"6,653,041","3,398,945,408",498.00,516.00,495.00,513.00,+11.00,"7,623",
114/05/07,"6,511,650","3,374,128,462",520.00,527.00,511.00,517.00,+4.00,"9,232",
114/05/08,"7,660,005","4,018,477,955",525.00,530.00,515.00,526.00,+9.00,"8,888",
114/05/09,"6,473,258","3,421,182,476",530.00,535.00,523.00,529.00,+3.00,"6,861",
114/05/12,"4,399,937","2,368,910,283",535.00,541.00,533.00,541.00,+12.00,"5,919",
114/05/13,"9,410,603","5,264,525,896",559.00,565.00,551.00,563.00,+22.00,"13,093",
114/05/14,"16,172,144","9,856,335,785",616.00,617.00,602.00,609.00,+46.00,"20,163",
114/05/15,"7,344,676","4,434,140,075",612.00,612.00,598.00,605.00,-4.00,"9,948",
114/05/16,"4,857,521","2,938,707,440",608.00,610.00,601.00,601.00,-4.00,"6,430",
114/05/19,"7,709,620","4,652,599,593",602.00,612.00,595.00,595.00,-6.00,"12,230",
114/05/20,"5,411,507","3,252,775,359",607.00,608.00,597.00,598.00,+3.00,"6,215",
114/05/21,"8,692,245","5,330,706,120",602.00,622.00,601.00,619.00,+21.00,"11,243",
114/05/22,"4,685,517","2,876,478,564",611.00,619.00,609.00,615.00,-4.00,"6,386",
114/05/23,"5,401,599","3,289,031,815",622.00,622.00,601.00,603.00,-12.00,"19,165",
114/05/26,"4,810,116","2,902,692,810",604.00,610.00,596.00,603.00, 0.00,"5,641",
114/05/27,"3,520,495","2,134,010,640",603.00,610.00,601.00,608.00,+5.00,"4,546",
114/05/28,"6,350,672","3,921,482,247",625.00,625.00,609.00,614.00,+6.00,"9,061",
114/05/29,"6,905,967","4,293,666,574",624.00,626.00,619.00,620.00,+6.00,"8,575",
114/06/02,"7,056,783","4,375,053,016",615.00,629.00,608.00,629.00,+9.00,"9,163",
114/06/03,"17,581,899","11,555,221,300",642.00,668.00,640.00,659.00,+30.00,"21,337",
114/06/04,"16,978,253","11,609,313,740",681.00,691.00,674.00,681.00,+22.00,"20,260",
114/06/05,"6,306,761","4,255,157,384",676.00,681.00,668.00,676.00,-5.00,"8,526",
114/06/06,"9,740,274","6,601,281,481",677.00,685.00,666.00,681.00,+5.00,"11,125",
114/06/09,"7,697,805","5,234,434,134",689.00,693.00,679.00,682.00,+1.00,"7,840",
114/06/10,"9,496,386","6,602,364,443",687.00,703.00,686.00,701.00,+19.00,"13,441",
114/06/11,"11,657,004","8,342,079,689",704.00,724.00,702.00,724.00,+23.00,"15,964",
114/06/12,"19,353,013","14,588,574,938",723.00,775.00,718.00,759.00,+35.00,"26,624",
114/06/13,"10,336,809","7,826,832,746",750.00,768.00,745.00,763.00,+4.00,"13,561",
114/06/16,"8,336,561","6,277,212,744",749.00,765.00,746.00,750.00,-13.00,"11,730",
114/06/17,"10,232,736","7,768,402,085",760.00,771.00,750.00,757.00,+7.00,"11,389",
114/06/18,"12,308,298","9,111,817,847",760.00,766.00,722.00,730.00,-27.00,"29,877",
114/06/19,"7,915,074","5,857,442,583",735.00,745.00,733.00,741.00,+11.00,"9,890",
114/06/20,"9,294,094","6,747,945,198",740.00,740.00,713.00,734.00,-7.00,"14,121",
114/06/23,"5,449,121","3,966,880,162",722.00,735.00,722.00,729.00,-5.00,"7,104",
114/06/24,"5,895,129","4,365,334,510",742.00,750.00,733.00,737.00,+8.00,"7,413",
114/06/25,"7,176,761","5,364,060,517",747.00,758.00,739.00,745.00,+8.00,"9,156",
114/06/26,"5,830,136","4,289,717,701",752.00,752.00,725.00,738.00,-7.00,"8,345",
114/06/27,"4,019,238","2,961,572,815",742.00,743.00,731.00,737.00,-1.00,"5,320",
114/06/30,"4,109,704","3,039,581,757",737.00,745.00,732.00,743.00,+6.00,"5,301",
114/07/01,"9,577,499","7,248,800,705",749.00,764.00,744.00,755.00,+12.00,"12,478",
114/07/02,"9,705,868","7,419,792,898",753.00,778.00,753.00,759.00,+4.00,"11,050",
114/07/03,"12,939,676","10,093,786,630",770.00,788.00,768.00,783.00,+24.00,"18,097",
114/07/04,"9,125,946","7,189,193,618",798.00,800.00,775.00,777.00,-6.00,"15,753",
114/07/07,"5,566,516","4,244,713,879",775.00,776.00,755.00,762.00,-15.00,"8,725",
114/07/08,"8,284,377","6,455,668,147",770.00,795.00,761.00,795.00,+33.00,"12,431",
114/07/09,"8,679,935","6,982,360,656",792.00,812.00,787.00,811.00,+16.00,"12,300",
114/07/10,"10,875,991","9,098,980,604",822.00,848.00,820.00,845.00,+34.00,"16,218",
114/07/11,"8,846,226","7,316,325,845",840.00,844.00,815.00,827.00,-18.00,"14,263",
114/07/14,"4,867,054","4,039,863,526",827.00,838.00,824.00,829.00,+2.00,"7,305",
114/07/15,"8,021,565","6,771,974,919",838.00,854.00,828.00,853.00,+24.00,"11,376",
114/07/16,"8,910,759","7,666,213,509",869.00,878.00,842.00,848.00,-5.00,"13,211",
114/07/17,"6,211,225","5,263,862,563",849.00,858.00,837.00,844.00,-4.00,"9,316",
114/07/18,"9,993,550","8,744,825,463",855.00,895.00,853.00,891.00,+47.00,"16,243",
114/07/21,"7,289,416","6,390,505,206",892.00,895.00,867.00,872.00,-19.00,"13,533",
114/07/22,"7,117,271","6,136,383,209",875.00,881.00,844.00,852.00,-20.00,"13,058",
114/07/23,"6,607,764","5,611,614,904",858.00,865.00,839.00,844.00,-8.00,"12,431",
114/07/24,"5,267,779","4,488,506,734",848.00,862.00,840.00,856.00,+12.00,"7,284",
114/07/25,"3,925,244","3,338,766,933",856.00,862.00,844.00,849.00,-7.00,"5,893",
114/07/28,"4,916,101","4,255,579,920",859.00,873.00,856.00,873.00,+24.00,"7,569",
114/07/29,"5,763,303","5,045,451,752",874.00,884.00,866.00,878.00,+5.00,"8,391",
114/07/30,"5,759,259","5,017,644,375",884.00,890.00,855.00,872.00,-6.00,"9,535",
114/07/31,"11,243,271","10,250,854,382",880.00,929.00,879.00,923.00,+51.00,"18,731",
114/08/01,"8,193,467","7,479,096,097",901.00,925.00,894.00,919.00,-4.00,"18,440",
114/08/04,"6,666,034","6,143,403,164",905.00,935.00,901.00,934.00,+15.00,"10,112",
114/08/05,"10,000,699","9,830,600,319",975.00,995.00,972.00,977.00,+43.00,"15,294",
114/08/06,"8,641,733","8,622,217,446",989.00,"1,005.00",986.00,"1,005.00",+28.00,"13,202",
114/08/07,"4,656,486","4,768,329,760","1,030.00","1,040.00","1,005.00","1,025.00",+20.00,"8,218",
114/08/08,"9,125,367","9,663,531,115","1,045.00","1,090.00","1,010.00","1,090.00",+65.00,"14,385",
114/08/11,"6,274,954","6,668,684,325","1,070.00","1,080.00","1,030.00","1,080.00",-10.00,"11,641",
114/08/12,"4,643,037","5,006,078,215","1,085.00","1,095.00","1,055.00","1,090.00",+10.00,"8,528",
114/08/13,"6,372,772","7,144,788,850","1,120.00","1,140.00","1,090.00","1,120.00",+30.00,"12,021",
114/08/14,"8,394,548","9,156,339,465","1,120.00","1,130.00","1,070.00","1,075.00",-45.00,"17,818",
114/08/15,"3,672,606","3,958,131,785","1,070.00","1,095.00","1,065.00","1,070.00",-5.00,"7,807",
114/08/18,"7,812,358","8,877,793,565","1,085.00","1,170.00","1,085.00","1,145.00",+75.00,"13,768",
114/08/19,"7,130,669","7,891,817,045","1,145.00","1,150.00","1,070.00","1,070.00",X0.00,"15,362",
114/08/20,"7,568,337","7,779,978,555","1,020.00","1,070.00","1,005.00","1,005.00",-65.00,"17,566",
114/08/21,"6,301,931","6,570,424,515","1,030.00","1,060.00","1,020.00","1,050.00",+45.00,"9,225",
114/08/22,"3,447,617","3,584,646,425","1,065.00","1,070.00","1,020.00","1,030.00",-20.00,"6,987",
114/08/25,"4,711,369","5,042,132,390","1,080.00","1,090.00","1,055.00","1,060.00",+30.00,"7,339",
114/08/26,"5,822,783","5,976,632,985","1,055.00","1,065.00","1,015.00","1,025.00",-35.00,"10,907",
114/08/27,"4,634,041","4,826,760,665","1,035.00","1,055.00","1,020.00","1,050.00",+25.00,"6,998",
114/08/28,"8,049,065","8,176,973,260","1,050.00","1,055.00",999.00,"1,015.00",-35.00,"16,205",
114/08/29,"5,930,548","6,039,671,690","1,025.00","1,030.00","1,010.00","1,010.00",-5.00,"9,239",
114/09/01,"12,965,993","12,495,924,300",986.00,"1,005.00",938.00,941.00,-69.00,"32,040",
114/09/02,"7,478,377","7,163,956,714",964.00,976.00,942.00,949.00,+8.00,"12,703",
114/09/03,"5,278,547","4,981,515,606",950.00,954.00,936.00,936.00,-13.00,"12,756",
114/09/04,"6,747,256","6,305,801,691",942.00,952.00,916.00,935.00,-1.00,"13,114",
114/09/05,"9,202,548","8,635,050,234",950.00,952.00,924.00,944.00,+9.00,"16,347",
114/09/08,"9,220,136","8,911,505,462",959.00,981.00,950.00,964.00,+20.00,"15,093",
114/09/09,"7,644,952","7,388,684,205",972.00,974.00,957.00,961.00,-3.00,"12,139",
114/09/10,"10,817,353","10,615,021,235",972.00,995.00,968.00,979.00,+18.00,"17,795",
114/09/11,"16,075,555","16,543,998,582","1,000.00","1,065.00",992.00,"1,025.00",+46.00,"27,565",
114/09/12,"12,446,355","13,132,319,905","1,060.00","1,075.00","1,035.00","1,050.00",+25.00,"18,836",
114/09/15,"9,915,034","10,568,345,270","1,070.00","1,095.00","1,040.00","1,045.00",-5.00,"16,135",
114/09/16,"7,216,355","7,560,342,785","1,060.00","1,070.00","1,030.00","1,040.00",-5.00,"11,325",
114/09/17,"6,541,468","6,610,679,075","1,030.00","1,040.00",999.00,"1,005.00",-35.00,"13,280",
114/09/18,"8,027,015","8,317,369,060","1,015.00","1,065.00","1,000.00","1,055.00",+50.00,"12,201",
114/09/19,"6,438,632","6,731,157,355","1,070.00","1,075.00","1,030.00","1,040.00",-15.00,"8,644",
114/09/22,"5,224,907","5,377,914,085","1,045.00","1,055.00","1,010.00","1,015.00",-25.00,"9,722",
114/09/23,"6,659,412","6,956,825,835","1,060.00","1,080.00","1,010.00","1,015.00", 0.00,"10,004",
114/09/24,"10,754,935","10,559,145,423",997.00,"1,000.00",950.00,994.00,-21.00,"23,975",
114/09/25,"7,976,087","7,758,589,109",974.00,997.00,959.00,960.00,-34.00,"21,020",
114/09/26,"5,688,933","5,380,537,723",957.00,964.00,937.00,941.00,-19.00,"13,820",
114/09/30,"6,136,788","5,966,075,691",956.00,988.00,956.00,981.00,+40.00,"10,370",
114/10/01,"9,476,385","9,563,721,819",988.00,"1,030.00",986.00,"1,025.00",+44.00,"15,150",
114/10/02,"15,041,799","16,504,548,120","1,075.00","1,120.00","1,065.00","1,100.00",+75.00,"26,063",
114/10/03,"11,934,596","13,544,192,730","1,115.00","1,165.00","1,090.00","1,165.00",+65.00,"22,929",
114/10/07,"9,519,860","11,064,369,615","1,195.00","1,200.00","1,135.00","1,150.00",-15.00,"16,524",
114/10/08,"7,252,745","8,247,372,540","1,150.00","1,160.00","1,110.00","1,145.00",-5.00,"13,761",
114/10/09,"6,332,081","7,334,853,170","1,165.00","1,175.00","1,130.00","1,170.00",+25.00,"13,051",
114/10/13,"6,936,997","7,866,123,750","1,085.00","1,160.00","1,085.00","1,160.00",-10.00,"12,470",
114/10/14,"13,218,749","15,731,062,705","1,180.00","1,230.00","1,155.00","1,155.00",-5.00,"22,312",
114/10/15,"9,886,168","11,911,462,725","1,180.00","1,230.00","1,165.00","1,220.00",+65.00,"15,686",
114/10/16,"5,608,061","6,741,809,730","1,230.00","1,230.00","1,180.00","1,195.00",-25.00,"12,892",
114/10/17,"7,185,867","8,393,214,220","1,190.00","1,220.00","1,145.00","1,150.00",-45.00,"17,587",
114/10/20,"6,220,482","7,161,797,955","1,170.00","1,175.00","1,135.00","1,140.00",-10.00,"9,759",
114/10/21,"5,845,773","6,827,866,455","1,150.00","1,200.00","1,150.00","1,155.00",+15.00,"9,364",
114/10/22,"4,495,878","5,209,093,885","1,130.00","1,180.00","1,120.00","1,175.00",+20.00,"7,417",
114/10/23,"3,790,271","4,417,609,875","1,160.00","1,175.00","1,150.00","1,170.00",-5.00,"6,233",
114/10/27,"5,918,927","7,066,053,735","1,205.00","1,220.00","1,180.00","1,190.00",+20.00,"8,463",
114/10/28,"13,577,543","17,473,193,745","1,245.00","1,305.00","1,240.00","1,300.00",+110.00,"25,273",
114/10/29,"7,916,687","10,420,710,390","1,320.00","1,335.00","1,290.00","1,330.00",+30.00,"13,609",
114/10/30,"11,618,364","16,233,953,960","1,370.00","1,425.00","1,360.00","1,410.00",+80.00,"18,756",
114/10/31,"6,889,584","9,797,582,055","1,440.00","1,440.00","1,395.00","1,425.00",+15.00,"12,448",
114/11/03,"6,609,856","9,742,543,915","1,450.00","1,495.00","1,445.00","1,495.00",+70.00,"11,693",
114/11/04,"5,815,364","8,510,197,505","1,510.00","1,510.00","1,430.00","1,435.00",-60.00,"16,512",
114/11/05,"11,014,399","15,913,893,775","1,395.00","1,475.00","1,390.00","1,445.00",+10.00,"17,201",
114/11/06,"6,544,619","9,775,429,695","1,485.00","1,510.00","1,470.00","1,495.00",+50.00,"11,894",
114/11/07,"6,163,276","9,151,295,990","1,480.00","1,510.00","1,465.00","1,465.00",-30.00,"11,171",
114/11/10,"8,217,203","12,520,194,725","1,505.00","1,570.00","1,460.00","1,550.00",+85.00,"15,126",
114/11/11,"7,563,454","11,707,943,295","1,560.00","1,570.00","1,520.00","1,540.00",-10.00,"15,198",
114/11/12,"7,957,940","12,200,641,990","1,555.00","1,585.00","1,500.00","1,505.00",-35.00,"16,985",
114/11/13,"6,776,412","10,088,952,570","1,505.00","1,515.00","1,470.00","1,495.00",-10.00,"16,429",
114/11/14,"9,611,190","13,660,645,660","1,435.00","1,455.00","1,400.00","1,420.00",-75.00,"26,590",
114/11/17,"5,124,431","7,324,452,315","1,435.00","1,460.00","1,410.00","1,420.00", 0.00,"10,260",
114/11/18,"5,798,659","8,045,522,250","1,400.00","1,410.00","1,370.00","1,370.00",-50.00,"15,932",
114/11/19,"5,470,504","7,419,596,945","1,355.00","1,385.00","1,335.00","1,340.00",-30.00,"13,457",
114/11/20,"9,005,212","12,297,418,710","1,420.00","1,420.00","1,330.00","1,335.00",-5.00,"19,534",
114/11/21,"13,052,742","16,068,223,615","1,250.00","1,280.00","1,205.00","1,240.00",-95.00,"34,145",
114/11/24,"8,138,459","10,016,493,895","1,260.00","1,260.00","1,210.00","1,245.00",+5.00,"15,487",
114/11/25,"10,653,298","13,747,004,185","1,300.00","1,340.00","1,240.00","1,315.00",+70.00,"18,525",
114/11/26,"8,361,725","11,452,737,005","1,350.00","1,390.00","1,340.00","1,385.00",+70.00,"16,957",
114/11/27,"6,696,881","9,337,940,160","1,400.00","1,420.00","1,370.00","1,395.00",+10.00,"13,926",
114/11/28,"4,674,610","6,498,432,335","1,405.00","1,410.00","1,375.00","1,375.00",-20.00,"12,414",
114/12/01,"4,953,191","6,674,854,415","1,380.00","1,385.00","1,330.00","1,340.00",-35.00,"14,481",
114/12/02,"7,665,974","10,381,696,540","1,360.00","1,410.00","1,310.00","1,315.00",-25.00,"19,341",
114/12/03,"5,764,345","7,788,445,300","1,340.00","1,365.00","1,320.00","1,355.00",+40.00,"8,704",
114/12/04,"5,497,875","7,425,224,125","1,370.00","1,385.00","1,325.00","1,325.00",-30.00,"11,777",
114/12/05,"8,314,708","11,465,832,580","1,345.00","1,405.00","1,340.00","1,385.00",+60.00,"14,479",
114/12/08,"3,875,456","5,381,102,435","1,400.00","1,400.00","1,370.00","1,385.00", 0.00,"7,474",
114/12/09,"6,722,511","9,465,023,720","1,400.00","1,430.00","1,380.00","1,410.00",+25.00,"12,052",
114/12/10,"4,737,458","6,710,823,195","1,415.00","1,430.00","1,390.00","1,425.00",+15.00,"9,404",
114/12/11,"6,854,831","9,802,328,950","1,445.00","1,450.00","1,405.00","1,430.00",+5.00,"13,192",
114/12/12,"5,865,475","8,510,179,035","1,460.00","1,485.00","1,425.00","1,425.00",-5.00,"10,942",
114/12/15,"5,675,750","7,815,851,285","1,375.00","1,390.00","1,365.00","1,380.00",-45.00,"16,973",
114/12/16,"4,565,277","6,204,501,320","1,365.00","1,390.00","1,340.00","1,345.00",-35.00,"13,214",
114/12/17,"2,963,422","4,005,968,095","1,350.00","1,380.00","1,340.00","1,340.00",-5.00,"7,533",
114/12/18,"1,937,359","2,605,663,235","1,330.00","1,365.00","1,325.00","1,360.00",+20.00,"5,101",
114/12/19,"6,314,924","8,971,550,145","1,385.00","1,450.00","1,380.00","1,450.00",+90.00,"15,026",
114/12/22,"5,388,668","8,009,926,700","1,495.00","1,505.00","1,465.00","1,475.00",+25.00,"13,344",
114/12/23,"4,084,157","6,120,438,780","1,485.00","1,510.00","1,475.00","1,510.00",+35.00,"10,671",
114/12/24,"2,659,963","3,990,098,495","1,520.00","1,525.00","1,485.00","1,500.00",-10.00,"8,395",
114/12/26,"2,493,370","3,757,314,985","1,505.00","1,520.00","1,495.00","1,520.00",+20.00,"7,100",
114/12/29,"3,494,079","5,354,561,885","1,520.00","1,550.00","1,505.00","1,545.00",+25.00,"9,515",
114/12/30,"1,929,146","2,961,234,895","1,530.00","1,550.00","1,525.00","1,530.00",-15.00,"5,488",
114/12/31,"3,301,831","5,046,034,645","1,530.00","1,560.00","1,510.00","1,510.00",-20.00,"8,572",
115/01/02,"5,780,257","8,489,042,455","1,535.00","1,540.00","1,440.00","1,455.00",-55.00,"20,772",
115/01/05,"4,412,179","6,391,480,390","1,450.00","1,465.00","1,430.00","1,450.00",-5.00,"14,307",
115/01/06,"6,635,971","9,483,708,785","1,480.00","1,490.00","1,410.00","1,425.00",-25.00,"19,287",
115/01/07,"8,590,829","11,985,918,760","1,440.00","1,460.00","1,375.00","1,375.00",-50.00,"34,339",
115/01/08,"7,760,960","10,689,978,190","1,350.00","1,410.00","1,345.00","1,355.00",-20.00,"22,197",
115/01/09,"6,867,721","9,535,800,465","1,370.00","1,415.00","1,360.00","1,375.00",+20.00,"16,110",
115/01/12,"5,695,057","7,775,639,930","1,395.00","1,400.00","1,340.00","1,355.00",-20.00,"21,503",
115/01/13,"4,710,863","6,394,771,428","1,375.00","1,390.00","1,335.00","1,345.00",-10.00,"17,104",
115/01/14,"6,359,542","8,942,176,975","1,365.00","1,425.00","1,360.00","1,420.00",+75.00,"16,191",
115/01/15,"5,284,664","7,300,102,445","1,420.00","1,425.00","1,360.00","1,380.00",-40.00,"16,231",
115/01/16,"4,857,493","6,626,400,820","1,395.00","1,395.00","1,350.00","1,360.00",-20.00,"15,959",
115/01/19,"9,552,812","12,409,257,815","1,355.00","1,360.00","1,275.00","1,280.00",-80.00,"47,325",
115/01/20,"4,832,354","6,217,964,285","1,275.00","1,305.00","1,265.00","1,295.00",+15.00,"13,136",
115/01/21,"3,616,028","4,671,666,900","1,285.00","1,310.00","1,280.00","1,280.00",-15.00,"11,609",
115/01/22,"7,901,222","10,567,497,865","1,320.00","1,370.00","1,265.00","1,355.00",+75.00,"19,468",
115/01/23,"4,242,687","5,805,203,913","1,385.00","1,385.00","1,355.00","1,375.00",+20.00,"10,006",
115/01/26,"4,133,584","5,719,309,050","1,390.00","1,405.00","1,365.00","1,370.00",-5.00,"9,725",
115/01/27,"6,606,873","9,370,966,435","1,380.00","1,440.00","1,375.00","1,420.00",+50.00,"17,358",
115/01/28,"5,845,271","8,485,076,555","1,445.00","1,470.00","1,430.00","1,465.00",+45.00,"14,912",
115/01/29,"9,257,577","13,759,185,210","1,480.00","1,510.00","1,450.00","1,495.00",+30.00,"23,344",
115/01/30,"6,913,370","9,946,713,945","1,490.00","1,495.00","1,400.00","1,460.00",-35.00,"18,337",
115/02/02,"7,071,740","10,437,827,835","1,440.00","1,505.00","1,415.00","1,490.00",+30.00,"17,818",
115/02/03,"14,952,322","23,901,100,955","1,550.00","1,635.00","1,545.00","1,635.00",+145.00,"37,042",
115/02/04,"10,085,080","16,811,953,680","1,645.00","1,710.00","1,625.00","1,675.00",+40.00,"21,700",
115/02/05,"6,535,909","10,892,515,541","1,665.00","1,720.00","1,630.00","1,630.00",-45.00,"16,842",
115/02/06,"6,375,872","10,111,056,350","1,605.00","1,625.00","1,535.00","1,595.00",-35.00,"18,525",
115/02/09,"5,674,608","9,202,968,900","1,680.00","1,680.00","1,585.00","1,600.00",+5.00,"17,444",
115/02/10,"3,737,625","6,021,530,620","1,625.00","1,645.00","1,590.00","1,620.00",+20.00,"8,902",
115/02/11,"3,294,642","5,266,533,000","1,610.00","1,620.00","1,560.00","1,605.00",-15.00,"10,183",
115/02/23,"6,287,420","9,769,752,650","1,650.00","1,650.00","1,515.00","1,520.00",-85.00,"29,065",
115/02/24,"4,176,128","6,414,465,095","1,535.00","1,560.00","1,510.00","1,550.00",+30.00,"12,284",
115/02/25,"8,984,346","14,809,374,795","1,565.00","1,695.00","1,560.00","1,675.00",+125.00,"24,958",
115/02/26,"10,544,482","18,338,271,690","1,680.00","1,785.00","1,665.00","1,765.00",+90.00,"23,134",
115/03/02,"5,311,930","9,409,524,235","1,720.00","1,800.00","1,715.00","1,765.00", 0.00,"12,972",
115/03/03,"8,804,200","16,185,755,980","1,830.00","1,910.00","1,780.00","1,795.00",+30.00,"23,617",
115/03/04,"6,886,787","12,036,586,325","1,775.00","1,795.00","1,670.00","1,750.00",-45.00,"18,351",
115/03/05,"5,484,692","10,145,440,390","1,860.00","1,900.00","1,795.00","1,820.00",+70.00,"13,163",
115/03/06,"4,254,526","7,835,190,860","1,810.00","1,885.00","1,785.00","1,845.00",+25.00,"9,816",
115/03/09,"4,090,895","6,840,998,490","1,665.00","1,700.00","1,665.00","1,665.00",-180.00,"22,758",
115/03/10,"6,547,366","11,174,860,850","1,735.00","1,745.00","1,665.00","1,695.00",+30.00,"13,975",
115/03/11,"5,418,586","9,859,306,450","1,740.00","1,860.00","1,740.00","1,860.00",+165.00,"15,699",
115/03/12,"6,700,536","12,775,300,075","1,900.00","1,955.00","1,870.00","1,875.00",+15.00,"15,003",
115/03/13,"5,993,158","11,284,071,615","1,855.00","1,930.00","1,815.00","1,865.00",-10.00,"13,010",
115/03/16,"4,314,909","8,094,126,872","1,890.00","1,920.00","1,830.00","1,830.00",-35.00,"12,601",
115/03/17,"5,606,630","10,715,856,695","1,870.00","1,970.00","1,860.00","1,905.00",+75.00,"12,937",
115/03/18,"5,543,887","10,498,849,744","1,935.00","1,955.00","1,850.00","1,850.00",-55.00,"19,177",
115/03/19,"10,256,997","20,359,184,885","1,835.00","2,035.00","1,835.00","2,015.00",+165.00,"28,171",
115/03/20,"6,991,270","14,028,231,360","2,010.00","2,060.00","1,945.00","2,050.00",+35.00,"15,320",
115/03/23,"5,032,899","10,003,165,310","1,985.00","2,045.00","1,955.00","1,995.00",-55.00,"17,344",
115/03/24,"6,721,340","13,285,093,275","2,020.00","2,030.00","1,915.00","1,945.00",-50.00,"16,040",
115/03/25,"5,596,612","11,561,071,315","2,020.00","2,100.00","2,015.00","2,100.00",+155.00,"15,086",
115/03/26,"8,504,254","19,327,999,055","2,200.00","2,310.00","2,175.00","2,275.00",+175.00,"20,963",
115/03/27,"5,491,400","12,019,459,870","2,200.00","2,225.00","2,120.00","2,195.00",-80.00,"16,496",
115/03/30,"3,278,469","6,964,115,850","2,115.00","2,155.00","2,075.00","2,135.00",-60.00,"12,843",
115/03/31,"5,757,841","11,549,811,957","2,100.00","2,115.00","1,945.00","1,990.00",-145.00,"22,746",
115/04/01,"4,034,786","8,527,625,450","2,120.00","2,135.00","2,065.00","2,110.00",+120.00,"10,941",
115/04/02,"3,100,871","6,506,852,315","2,140.00","2,150.00","2,065.00","2,070.00",-40.00,"9,013",
115/04/07,"4,775,019","9,925,106,585","2,150.00","2,175.00","2,015.00","2,030.00",-40.00,"13,530",
115/04/08,"3,868,944","8,534,929,125","2,200.00","2,230.00","2,150.00","2,230.00",+200.00,"13,335",
115/04/09,"4,576,820","10,249,205,525","2,260.00","2,290.00","2,200.00","2,235.00",+5.00,"11,961",
115/04/10,"3,201,925","7,290,607,325","2,305.00","2,320.00","2,230.00","2,265.00",+30.00,"8,945",
115/04/13,"3,120,709","6,888,166,755","2,280.00","2,280.00","2,185.00","2,200.00",-65.00,"13,471",
115/04/14,"3,772,108","8,712,261,840","2,260.00","2,345.00","2,260.00","2,310.00",+110.00,"11,974",
115/04/15,"3,238,805","7,606,030,025","2,375.00","2,375.00","2,310.00","2,325.00",+15.00,"8,717",
115/04/16,"4,611,118","11,271,681,445","2,380.00","2,515.00","2,365.00","2,440.00",+115.00,"12,313",
115/04/17,"3,933,545","9,529,538,139","2,435.00","2,485.00","2,375.00","2,400.00",-40.00,"13,462",
115/04/20,"3,547,518","8,767,850,520","2,410.00","2,515.00","2,395.00","2,490.00",+90.00,"10,224",
115/04/21,"4,107,167","10,423,384,865","2,560.00","2,585.00","2,450.00","2,565.00",+75.00,"11,967",
115/04/22,"5,151,543","13,906,393,922","2,585.00","2,800.00","2,580.00","2,695.00",+130.00,"16,685",
115/04/23,"6,812,966","18,599,861,205","2,770.00","2,875.00","2,585.00","2,680.00",-15.00,"24,452",
115/04/24,"5,243,084","15,215,988,480","2,770.00","2,945.00","2,760.00","2,945.00",+265.00,"19,510",
115/04/27,"6,583,986","19,058,501,835","2,990.00","3,010.00","2,820.00","2,835.00",-110.00,"32,048",
115/04/28,"5,933,190","16,770,578,225","2,885.00","2,990.00","2,755.00","2,780.00",-55.00,"26,759",
115/04/29,"4,122,743","11,663,341,455","2,735.00","2,895.00","2,735.00","2,835.00",+55.00,"12,734",
115/04/30,"3,420,271","9,711,527,456","2,840.00","2,870.00","2,805.00","2,835.00", 0.00,"11,466",
115/05/04,"3,728,835","10,768,455,685","2,920.00","2,975.00","2,815.00","2,885.00",+50.00,"12,490",
115/05/05,"8,453,094","23,099,338,620","2,815.00","2,845.00","2,655.00","2,705.00",-180.00,"56,886",
115/05/06,"11,438,234","28,549,491,260","2,680.00","2,685.00","2,435.00","2,435.00",-270.00,"107,040",
115/05/07,"11,314,013","27,505,267,905","2,445.00","2,500.00","2,380.00","2,415.00",-20.00,"53,351",
115/05/08,"5,937,295","14,501,631,015","2,405.00","2,500.00","2,350.00","2,445.00",+30.00,"28,876",
115/05/11,"6,204,661","15,814,319,510","2,485.00","2,590.00","2,455.00","2,555.00",+110.00,"28,694",
115/05/12,"5,010,847","12,858,115,180","2,625.00","2,625.00","2,520.00","2,520.00",-35.00,"22,584",
115/05/13,"6,267,261","16,068,612,240","2,545.00","2,625.00","2,500.00","2,585.00",+65.00,"23,095",
115/05/14,"7,168,071","19,001,413,425","2,700.00","2,775.00","2,555.00","2,555.00",-30.00,"29,772",
115/05/15,"6,646,560","17,045,921,560","2,690.00","2,735.00","2,445.00","2,455.00",-100.00,"37,205",
115/05/18,"4,751,185","11,282,056,565","2,350.00","2,435.00","2,300.00","2,410.00",-45.00,"26,243",
115/05/19,"3,542,685","8,556,803,655","2,455.00","2,470.00","2,370.00","2,390.00",-20.00,"14,843",
115/05/20,"3,568,975","8,444,857,406","2,425.00","2,435.00","2,325.00","2,340.00",-50.00,"20,659",
115/05/21,"3,762,794","9,313,044,865","2,445.00","2,515.00","2,415.00","2,495.00",+155.00,"15,490",
115/05/22,"5,501,063","13,965,964,590","2,550.00","2,610.00","2,470.00","2,545.00",+50.00,"21,650",
